scenario_id,n_clusters,n_nodes,node_id,x,y
0,12,60,0,4.73695,475.157
0,12,60,1,455.147,30.1008
0,12,60,2,55.1411,116.198
0,12,60,3,389.015,219.663
0,12,60,4,420.309,372.48
0,12,60,5,133.835,288.89
0,12,60,6,463.922,101.753
0,12,60,7,492.741,277.629
0,12,60,8,19.6976,154.752
0,12,60,9,228.655,441.57
0,12,60,10,217.517,410.074
0,12,60,11,43.0109,147.109
0,12,60,12,35.4441,53.8859
0,12,60,13,235.37,417.991
0,12,60,14,75.9198,38.8027
0,12,60,15,26.1515,159.972
0,12,60,16,403.073,206.842
0,12,60,17,300.809,190.316
0,12,60,18,292.467,83.1372
0,12,60,19,445.572,391.473
0,12,60,20,471.707,239.494
0,12,60,21,208.66,85.6901
0,12,60,22,317.668,352.468
0,12,60,23,425.989,402.65
0,12,60,24,253.452,17.2012
0,12,60,25,247.437,429.722
0,12,60,26,410.545,487.694
0,12,60,27,275.783,4.79955
0,12,60,28,382.744,177.655
0,12,60,29,105.562,9.43165
0,12,60,30,122.636,127.412
0,12,60,31,93.1933,338.221
0,12,60,32,58.5009,465.241
0,12,60,33,125.039,330.648
0,12,60,34,435.583,231.127
0,12,60,35,366.352,377.073
0,12,60,36,263.135,321.6
0,12,60,37,371.435,68.5257
0,12,60,38,191.273,270.393
0,12,60,39,357.053,314.162
0,12,60,40,152.479,248.448
0,12,60,41,178.304,49.0092
0,12,60,42,204.844,474.014
0,12,60,43,289.104,306.044
0,12,60,44,112.511,349.634
0,12,60,45,313.7,61.8655
0,12,60,46,196.72,358.493
0,12,60,47,335.846,447.168
0,12,60,48,394.084,396.817
0,12,60,49,486.906,167.796
0,12,60,50,344.152,138.083
0,12,60,51,13.2573,213.119
0,12,60,52,163.777,97.1009
0,12,60,53,70.2618,124.138
0,12,60,54,169.73,495.299
0,12,60,55,332.433,256.718
0,12,60,56,147.532,450.835
0,12,60,57,482.662,297.619
0,12,60,58,274.99,259.579
0,12,60,59,90.5677,193.021
1,12,60,0,253.513,136.685
1,12,60,1,209.757,142.54
1,12,60,2,381.199,449.542
1,12,60,3,226.966,368.339
1,12,60,4,148.407,263.138
1,12,60,5,96.4945,234.584
1,12,60,6,49.8214,220.702
1,12,60,7,248.439,310.095
1,12,60,8,84.5806,426.699
1,12,60,9,478.847,416.054
1,12,60,10,290.818,341.969
1,12,60,11,259.686,131.819
1,12,60,12,64.3828,231.242
1,12,60,13,17.22,84.0152
1,12,60,14,236.211,155.47
1,12,60,15,453.983,100.938
1,12,60,16,417.09,121.302
1,12,60,17,472.553,92.4977
1,12,60,18,110.356,383.719
1,12,60,19,15.4104,482.895
1,12,60,20,494.304,285.032
1,12,60,21,7.80828,275.049
1,12,60,22,372.36,493.632
1,12,60,23,385.431,421.452
1,12,60,24,219.957,437.031
1,12,60,25,196.552,184.569
1,12,60,26,279.406,17.0413
1,12,60,27,124.452,258.187
1,12,60,28,164.811,407.128
1,12,60,29,333.603,398.393
1,12,60,30,30.8281,295.48
1,12,60,31,140.306,30.265
1,12,60,32,490.386,167.064
1,12,60,33,342.369,59.5266
1,12,60,34,432.056,8.15668
1,12,60,35,100.868,337.104
1,12,60,36,202,488.932
1,12,60,37,300.763,329.217
1,12,60,38,56.6248,176.792
1,12,60,39,129.008,354.349
1,12,60,40,274.149,112.252
1,12,60,41,311.274,365.391
1,12,60,42,154.074,244.448
1,12,60,43,67.7386,322.094
1,12,60,44,320.66,201.286
1,12,60,45,174.143,383.25
1,12,60,46,81.5029,71.2892
1,12,60,47,328.426,38.1112
1,12,60,48,414.561,10.371
1,12,60,49,435.772,470.347
1,12,60,50,397.688,458.956
1,12,60,51,464.268,305.953
1,12,60,52,185.306,161.241
1,12,60,53,402.018,192.081
1,12,60,54,38.8079,209.218
1,12,60,55,182.093,45.0776
1,12,60,56,351.832,452.113
1,12,60,57,364.799,267.553
1,12,60,58,442.559,76.517
1,12,60,59,295.843,52.024
2,12,60,0,378.155,133.614
2,12,60,1,211.226,248.241
2,12,60,2,132.6,66.9849
2,12,60,3,139.946,444.444
2,12,60,4,119.69,157.644
2,12,60,5,283.377,62.2553
2,12,60,6,249.767,374.041
2,12,60,7,199.697,207.94
2,12,60,8,344.91,406.658
2,12,60,9,51.812,453.849
2,12,60,10,91.7351,171.933
2,12,60,11,334.534,322.7
2,12,60,12,260.529,316.259
2,12,60,13,30.5911,25.8936
2,12,60,14,18.3228,380.324
2,12,60,15,357.337,337.774
2,12,60,16,277.567,278.804
2,12,60,17,365.998,175.393
2,12,60,18,222.926,463.097
2,12,60,19,451.854,17.8578
2,12,60,20,111.705,271.695
2,12,60,21,151.958,148.245
2,12,60,22,415.112,392.884
2,12,60,23,310.021,53.3825
2,12,60,24,34.6259,9.21361
2,12,60,25,49.0062,484.558
2,12,60,26,398.375,1.61583
2,12,60,27,184.403,189.159
2,12,60,28,182.547,426.349
2,12,60,29,442.337,121.94
2,12,60,30,269.727,476.606
2,12,60,31,478.032,390.446
2,12,60,32,390.974,284.554
2,12,60,33,400.345,96.7988
2,12,60,34,236.2,344.477
2,12,60,35,298.645,218.203
2,12,60,36,81.3483,103.428
2,12,60,37,171.319,194.543
2,12,60,38,417.139,111.997
2,12,60,39,318.872,307.315
2,12,60,40,6.73436,328.746
2,12,60,41,485.339,494.276
2,12,60,42,11.0313,409.648
2,12,60,43,471.17,298.028
2,12,60,44,164.537,418.261
2,12,60,45,369.492,44.6497
2,12,60,46,254.645,210.529
2,12,60,47,459.194,234.679
2,12,60,48,232.797,441.499
2,12,60,49,202.282,34.5928
2,12,60,50,100.933,265.164
2,12,60,51,304.078,227.059
2,12,60,52,73.1191,84.0507
2,12,60,53,492.525,80.4833
2,12,60,54,59.9774,468.293
2,12,60,55,148.76,350.135
2,12,60,56,88.92,126.791
2,12,60,57,327.562,161.372
2,12,60,58,427.352,360.992
2,12,60,59,433.716,253.153
3,12,60,0,339.076,4.00847
3,12,60,1,80.304,463.84
3,12,60,2,0.496548,263.967
3,12,60,3,102.758,322.721
3,12,60,4,237.444,205.974
3,12,60,5,355.424,60.1811
3,12,60,6,241.977,397.452
3,12,60,7,73.4941,333.934
3,12,60,8,409.309,375.883
3,12,60,9,65.7045,129.673
3,12,60,10,300.016,442.743
3,12,60,11,200.085,301.924
3,12,60,12,143.197,24.9743
3,12,60,13,366.441,234.752
3,12,60,14,454.229,39.6835
3,12,60,15,323.719,440.069
3,12,60,16,370.624,217.602
3,12,60,17,36.7022,179.056
3,12,60,18,156.049,32.6889
3,12,60,19,419.922,167.74
3,12,60,20,275.039,121.164
3,12,60,21,429.908,285.85
3,12,60,22,231.265,100.122
3,12,60,23,437.346,210.438
3,12,60,24,133.563,365.163
3,12,60,25,327.306,400.003
3,12,60,26,29.6881,281.047
3,12,60,27,119.282,499.835
3,12,60,28,252.845,453.74
3,12,60,29,311.868,42.4561
3,12,60,30,110.405,431.591
3,12,60,31,384.556,389.408
3,12,60,32,346.155,79.8231
3,12,60,33,216.941,163.149
3,12,60,34,86.5043,491.132
3,12,60,35,485.102,92.7879
3,12,60,36,468.675,344.298
3,12,60,37,293.587,193.574
3,12,60,38,15.2998,158.061
3,12,60,39,444.736,89.9344
3,12,60,40,41.9202,481.946
3,12,60,41,54.6581,247.232
3,12,60,42,401.3,133.845
3,12,60,43,180.643,67.901
3,12,60,44,23.9504,190.829
3,12,60,45,126.954,352.485
3,12,60,46,397.603,412.995
3,12,60,47,476.912,144.923
3,12,60,48,159.885,299.94
3,12,60,49,287.663,473.563
3,12,60,50,211.783,13.5067
3,12,60,51,169.191,54.3085
3,12,60,52,199.266,111.784
3,12,60,53,258.798,273.792
3,12,60,54,269.807,423.738
3,12,60,55,92.2828,250.254
3,12,60,56,464.036,330.847
3,12,60,57,378.719,315.035
3,12,60,58,499.08,230.615
3,12,60,59,185.72,368.365
4,12,60,0,116.33,23.439
4,12,60,1,345.29,158.514
4,12,60,2,28.593,395.289
4,12,60,3,496.618,126.306
4,12,60,4,239.963,302.77
4,12,60,5,170.793,472.729
4,12,60,6,405.152,206.781
4,12,60,7,39.6254,99.2501
4,12,60,8,57.8569,345.249
4,12,60,9,7.02442,168.854
4,12,60,10,380.909,9.34826
4,12,60,11,326.977,488.25
4,12,60,12,317.384,439.625
4,12,60,13,413.864,227.129
4,12,60,14,374.85,357.025
4,12,60,15,457.392,90.7093
4,12,60,16,250.939,423.676
4,12,60,17,354.768,335.912
4,12,60,18,283.076,52.7672
4,12,60,19,339.485,194.265
4,12,60,20,211.788,3.57123
4,12,60,21,245.658,42.2634
4,12,60,22,204.021,39.9614
4,12,60,23,448.329,121.527
4,12,60,24,160.052,442.954
4,12,60,25,139.916,77.6105
4,12,60,26,88.9661,382.904
4,12,60,27,192.732,460.861
4,12,60,28,364.23,223.887
4,12,60,29,130.029,236.116
4,12,60,30,44.9717,499.207
4,12,60,31,15.8896,277.95
4,12,60,32,420.477,243.667
4,12,60,33,430.812,152.068
4,12,60,34,223.764,326.467
4,12,60,35,389.89,385.367
4,12,60,36,175.208,105.146
4,12,60,37,394.285,367.953
4,12,60,38,266.167,139.074
4,12,60,39,81.7577,144.211
4,12,60,40,23.2873,319.757
4,12,60,41,148.587,215.649
4,12,60,42,190.407,177.171
4,12,60,43,310.396,296.846
4,12,60,44,93.0451,480.745
4,12,60,45,68.923,407.186
4,12,60,46,490.848,456.485
4,12,60,47,306.306,108.553
4,12,60,48,287.913,274.8
4,12,60,49,156.909,256.461
4,12,60,50,436.365,360.142
4,12,60,51,272.831,410.589
4,12,60,52,227.578,66.2403
4,12,60,53,462.642,313.996
4,12,60,54,117.328,431.959
4,12,60,55,471.347,69.5566
4,12,60,56,480.505,30.5713
4,12,60,57,59.8576,288.31
4,12,60,58,106.044,184.683
4,12,60,59,296.883,261.746
5,12,60,0,318.541,38.0939
5,12,60,1,149.864,330.099
5,12,60,2,340.21,41.7234
5,12,60,3,441.225,430.539
5,12,60,4,256.422,397.792
5,12,60,5,362.446,491.633
5,12,60,6,293.427,119.605
5,12,60,7,33.9127,361.137
5,12,60,8,412.778,186.549
5,12,60,9,489.227,303.856
5,12,60,10,200.068,106.608
5,12,60,11,399.083,239.324
5,12,60,12,347.784,116.181
5,12,60,13,386.195,173.687
5,12,60,14,183.345,352.646
5,12,60,15,228.352,478.183
5,12,60,16,78.1811,256.656
5,12,60,17,327.563,153.496
5,12,60,18,418.089,338.225
5,12,60,19,183.132,146.498
5,12,60,20,222.633,291.589
5,12,60,21,350.462,473.169
5,12,60,22,130.494,269.477
5,12,60,23,47.6109,70.3453
5,12,60,24,150.742,346.164
5,12,60,25,287.572,370.59
5,12,60,26,196.411,451.336
5,12,60,27,63.521,244.01
5,12,60,28,55.3209,377.158
5,12,60,29,280.135,201.406
5,12,60,30,138.168,20.5693
5,12,60,31,463.901,81.1572
5,12,60,32,25.786,12.1133
5,12,60,33,368.872,177.407
5,12,60,34,474.115,94.5578
5,12,60,35,12.4139,296.635
5,12,60,36,266.526,321.979
5,12,60,37,449.834,133.186
5,12,60,38,244.215,52.9798
5,12,60,39,426.435,91.0971
5,12,60,40,311.576,442.516
5,12,60,41,302.458,496.411
5,12,60,42,238.079,215.062
5,12,60,43,174.999,460.292
5,12,60,44,164.685,223.005
5,12,60,45,499.012,278.678
5,12,60,46,453.203,405.468
5,12,60,47,20.2017,316.484
5,12,60,48,90.674,435.881
5,12,60,49,0.900651,196.723
5,12,60,50,271.721,422.411
5,12,60,51,375.509,0.641192
5,12,60,52,403.412,388.36
5,12,60,53,72.4636,61.6788
5,12,60,54,105.927,408.617
5,12,60,55,97.8988,27.8534
5,12,60,56,120.842,166.287
5,12,60,57,483.091,266.649
5,12,60,58,214.393,226.492
5,12,60,59,111.175,136.317
6,12,60,0,383.53,192.352
6,12,60,1,499.604,1.92165
6,12,60,2,109.103,204.194
6,12,60,3,176.917,181.935
6,12,60,4,195.951,250.045
6,12,60,5,79.9149,468.9
6,12,60,6,281.306,488.215
6,12,60,7,488.553,496.774
6,12,60,8,162.725,86.3711
6,12,60,9,30.4477,335.982
6,12,60,10,310.637,68.3312
6,12,60,11,344.481,141.094
6,12,60,12,23.7984,262.942
6,12,60,13,105.285,156.101
6,12,60,14,322.54,398.845
6,12,60,15,47.4866,458.173
6,12,60,16,63.1869,326.665
6,12,60,17,201.582,277.212
6,12,60,18,366.501,102.692
6,12,60,19,257.323,410.629
6,12,60,20,263.906,19.9358
6,12,60,21,394.865,99.6418
6,12,60,22,440.427,132.339
6,12,60,23,441.94,425.093
6,12,60,24,424.096,220.907
6,12,60,25,57.675,405.083
6,12,60,26,125.664,164.158
6,12,60,27,474.3,380.314
6,12,60,28,139.167,387.941
6,12,60,29,68.2847,274.333
6,12,60,30,119.532,307.442
6,12,60,31,10.194,145.695
6,12,60,32,85.6932,109.973
6,12,60,33,245.444,208.75
6,12,60,34,4.5628,184.144
6,12,60,35,452.894,14.0533
6,12,60,36,478.297,459.761
6,12,60,37,412.787,244.929
6,12,60,38,333.667,229.821
6,12,60,39,151.622,353.356
6,12,60,40,169.377,349.145
6,12,60,41,187.395,32.3379
6,12,60,42,35.7136,291.368
6,12,60,43,220.711,238.342
6,12,60,44,400.131,314.535
6,12,60,45,294.855,321.802
6,12,60,46,283.848,59.9219
6,12,60,47,371.481,367.389
6,12,60,48,355.583,366.377
6,12,60,49,433.041,293.114
6,12,60,50,303.345,38.946
6,12,60,51,230.126,42.5917
6,12,60,52,332.406,422.853
6,12,60,53,97.1671,123.179
6,12,60,54,377.547,447.702
6,12,60,55,459.81,168.959
6,12,60,56,212.52,82.2761
6,12,60,57,239.19,50.7899
6,12,60,58,146.247,437.911
6,12,60,59,270.784,483.215
7,12,60,0,385.993,439.96
7,12,60,1,401.987,277.393
7,12,60,2,70.5321,187.682
7,12,60,3,301.256,336.548
7,12,60,4,261.129,359.022
7,12,60,5,196.853,269.026
7,12,60,6,30.9953,285.973
7,12,60,7,314.356,408.771
7,12,60,8,124.325,345.537
7,12,60,9,396.01,242.122
7,12,60,10,88.3397,155.749
7,12,60,11,487.802,386.569
7,12,60,12,281.915,29.688
7,12,60,13,135.283,192.832
7,12,60,14,218.698,55.4145
7,12,60,15,56.4018,352.958
7,12,60,16,379.495,144.611
7,12,60,17,369.209,200.152
7,12,60,18,101.841,220.735
7,12,60,19,482.959,116.275
7,12,60,20,174.911,324.949
7,12,60,21,200.437,225.758
7,12,60,22,212.834,462.408
7,12,60,23,96.9401,165.472
7,12,60,24,460.68,374.315
7,12,60,25,252.271,100.966
7,12,60,26,18.6107,400.687
7,12,60,27,360.001,382.909
7,12,60,28,457.156,468.217
7,12,60,29,114.917,313.72
7,12,60,30,66.4705,68.5679
7,12,60,31,33.4489,178.781
7,12,60,32,437.584,167.393
7,12,60,33,14.2539,393.041
7,12,60,34,7.23387,446.209
7,12,60,35,473.193,97.8024
7,12,60,36,328.822,482.912
7,12,60,37,351.85,22.2492
7,12,60,38,349.113,79.6871
7,12,60,39,339.58,494.038
7,12,60,40,182.209,457.855
7,12,60,41,83.1955,208.371
7,12,60,42,229.559,91.1
7,12,60,43,442.577,133.294
7,12,60,44,242.419,329.594
7,12,60,45,157.822,426.274
7,12,60,46,269.498,235.427
7,12,60,47,412.171,484.073
7,12,60,48,160.01,293.145
7,12,60,49,417.548,60.3394
7,12,60,50,132.842,34.9158
7,12,60,51,45.4725,0.528473
7,12,60,52,294.515,262.167
7,12,60,53,290.06,138.616
7,12,60,54,234.449,256.234
7,12,60,55,317.837,16.0226
7,12,60,56,496.605,124.041
7,12,60,57,425.15,419.119
7,12,60,58,149.17,301.486
7,12,60,59,188.82,49.3545
8,12,60,0,215.315,386.335
8,12,60,1,330.04,151.156
8,12,60,2,304.378,396.181
8,12,60,3,37.9231,159.608
8,12,60,4,25.1315,190.651
8,12,60,5,152.015,458.526
8,12,60,6,489.914,170.519
8,12,60,7,320.944,419.087
8,12,60,8,221.441,331.932
8,12,60,9,69.4138,145.511
8,12,60,10,79.4548,250.386
8,12,60,11,246.034,121.78
8,12,60,12,23.8613,22.1368
8,12,60,13,406.186,323.86
8,12,60,14,83.385,280.941
8,12,60,15,240.064,238.716
8,12,60,16,382.836,106.981
8,12,60,17,232.919,29.3092
8,12,60,18,459.297,134.734
8,12,60,19,53.4203,475.342
8,12,60,20,354.354,471.348
8,12,60,21,65.1659,455.739
8,12,60,22,289.278,93.6388
8,12,60,23,145.201,63.9897
8,12,60,24,469.595,339.879
8,12,60,25,207.604,437.036
8,12,60,26,1.98457,43.5201
8,12,60,27,265.864,204.983
8,12,60,28,46.6036,293.628
8,12,60,29,278.096,342.367
8,12,60,30,122.277,414.962
8,12,60,31,434.744,485.588
8,12,60,32,102.466,291.109
8,12,60,33,360.046,302.392
8,12,60,34,309.173,4.80786
8,12,60,35,258.013,84.6976
8,12,60,36,8.79587,110.106
8,12,60,37,480.724,372.078
8,12,60,38,96.5129,132.647
8,12,60,39,499.711,447.054
8,12,60,40,424.515,491.816
8,12,60,41,168.496,220.684
8,12,60,42,388.632,81.9243
8,12,60,43,199.781,246.805
8,12,60,44,138.82,15.0819
8,12,60,45,125.851,37.9849
8,12,60,46,444.657,427.953
8,12,60,47,397.395,52.5956
8,12,60,48,294.609,353.107
8,12,60,49,342.244,213.881
8,12,60,50,110.04,196.059
8,12,60,51,454.88,68.3392
8,12,60,52,165.467,273.782
8,12,60,53,374.672,361.402
8,12,60,54,414.301,310.171
8,12,60,55,177.211,259.636
8,12,60,56,429.458,226.571
8,12,60,57,187.949,401.836
8,12,60,58,274.766,179.263
8,12,60,59,337.271,380.978
9,12,60,0,383.576,19.8244
9,12,60,1,214.232,449.187
9,12,60,2,8.78852,318.037
9,12,60,3,444.001,418.161
9,12,60,4,18.9257,239.001
9,12,60,5,286.182,478.49
9,12,60,6,28.0564,185.922
9,12,60,7,180.713,3.6987
9,12,60,8,298.815,376.743
9,12,60,9,373.624,301.6
9,12,60,10,105.339,101.509
9,12,60,11,2.39473,253.963
9,12,60,12,109.391,243.513
9,12,60,13,218.26,316.641
9,12,60,14,452.507,284.307
9,12,60,15,475.362,157.504
9,12,60,16,118.35,495.379
9,12,60,17,421.183,42.2744
9,12,60,18,340.128,458.032
9,12,60,19,131.137,119.637
9,12,60,20,243.417,334.34
9,12,60,21,192.928,485.485
9,12,60,22,464.315,161.39
9,12,60,23,494.916,88.8019
9,12,60,24,133.886,177.987
9,12,60,25,227.482,269.43
9,12,60,26,363.661,371.642
9,12,60,27,428.906,297.416
9,12,60,28,327.695,229.764
9,12,60,29,391.952,282.904
9,12,60,30,148.744,142.747
9,12,60,31,282.479,198.795
9,12,60,32,44.4555,140.92
9,12,60,33,469.571,348.822
9,12,60,34,207.444,466.615
9,12,60,35,81.6225,51.2283
9,12,60,36,85.9762,207.896
9,12,60,37,379.847,439.848
9,12,60,38,35.5922,98.7143
9,12,60,39,183.729,126.974
9,12,60,40,254.155,328.796
9,12,60,41,322.198,30.9409
9,12,60,42,173.603,415.946
9,12,60,43,61.0622,224.93
9,12,60,44,352.852,35.7233
9,12,60,45,263.077,396.464
9,12,60,46,403.086,81.2291
9,12,60,47,236.855,60.1342
9,12,60,48,343.587,212.344
9,12,60,49,95.3366,360.499
9,12,60,50,58.0445,470.934
9,12,60,51,153.448,386.247
9,12,60,52,416.155,170.916
9,12,60,53,164.073,425.067
9,12,60,54,483.933,74.2989
9,12,60,55,300.783,408.017
9,12,60,56,272.024,354.834
9,12,60,57,312.095,111.304
9,12,60,58,70.6254,263.11
9,12,60,59,438.932,9.14068
10,12,60,0,386.482,273.41
10,12,60,1,253.965,290.78
10,12,60,2,297.551,349.635
10,12,60,3,419.834,85.5764
10,12,60,4,66.3153,152.279
10,12,60,5,363.667,326.309
10,12,60,6,403.574,191.329
10,12,60,7,393.316,24.6534
10,12,60,8,180.384,175.32
10,12,60,9,144.515,387.43
10,12,60,10,116.348,300.488
10,12,60,11,157.03,67.4553
10,12,60,12,126.263,42.0242
10,12,60,13,277.358,468.445
10,12,60,14,356.493,495.894
10,12,60,15,137.805,309.425
10,12,60,16,308.139,64.8701
10,12,60,17,479.725,242.164
10,12,60,18,374.668,440.605
10,12,60,19,230.339,32.6296
10,12,60,20,40.8601,201.57
10,12,60,21,219.017,12.432
10,12,60,22,94.6608,461.202
10,12,60,23,328.243,103.471
10,12,60,24,438.833,394.445
10,12,60,25,9.32911,337.08
10,12,60,26,485.159,50.1399
10,12,60,27,108.013,34.2609
10,12,60,28,3.47148,371.137
10,12,60,29,23.1572,360.732
10,12,60,30,458.668,91.7123
10,12,60,31,49.4213,481.711
10,12,60,32,166.613,450.15
10,12,60,33,443.719,381.087
10,12,60,34,213.184,446.977
10,12,60,35,123.158,166.066
10,12,60,36,203.629,421.471
10,12,60,37,341.381,294.061
10,12,60,38,189.436,224.381
10,12,60,39,29.9034,128.966
10,12,60,40,192.071,400.105
10,12,60,41,289.667,485.123
10,12,60,42,450.176,124.677
10,12,60,43,71.7139,415.991
10,12,60,44,78.2424,146.362
10,12,60,45,274.382,260.344
10,12,60,46,234.91,79.1617
10,12,60,47,247.746,5.6976
10,12,60,48,381.031,229.715
10,12,60,49,348.937,236.582
10,12,60,50,308.486,355.751
10,12,60,51,411.961,281.713
10,12,60,52,473.827,137.666
10,12,60,53,494.12,250.539
10,12,60,54,52.9007,430.064
10,12,60,55,261.804,192.847
10,12,60,56,84.6972,208.746
10,12,60,57,317,110.677
10,12,60,58,172.913,173.53
10,12,60,59,428.523,324.703
11,12,60,0,54.805,403.241
11,12,60,1,59.6948,43.8661
11,12,60,2,364.749,457.845
11,12,60,3,37.4631,156.615
11,12,60,4,249.444,182.362
11,12,60,5,106.324,213.694
11,12,60,6,299.176,26.5868
11,12,60,7,344.628,382.571
11,12,60,8,158.568,220.38
11,12,60,9,145.435,206.499
11,12,60,10,258.167,386.912
11,12,60,11,456.339,50.8565
11,12,60,12,183.443,0.47739
11,12,60,13,351.922,302.756
11,12,60,14,230.386,264.695
11,12,60,15,288.175,443.068
11,12,60,16,273.844,230.54
11,12,60,17,19.2966,145.823
11,12,60,18,377.234,238.219
11,12,60,19,464.937,491.843
11,12,60,20,316.612,34.5333
11,12,60,21,420.376,411.975
11,12,60,22,114.827,298.586
11,12,60,23,386.159,120.066
11,12,60,24,221.533,473.372
11,12,60,25,427.351,345.551
11,12,60,26,483.12,339.16
11,12,60,27,93.5514,12.6475
11,12,60,28,370.964,328.474
11,12,60,29,48.4457,106.399
11,12,60,30,441.079,483.108
11,12,60,31,276.856,252.342
11,12,60,32,137.065,461.431
11,12,60,33,84.52,420.178
11,12,60,34,497.497,125.685
11,12,60,35,399.405,170.931
11,12,60,36,74.1771,163.521
11,12,60,37,167.124,398.981
11,12,60,38,324.078,81.5819
11,12,60,39,327.151,278.97
11,12,60,40,409.622,430.426
11,12,60,41,9.16375,195.591
11,12,60,42,212.455,249.336
11,12,60,43,29.7502,484.017
11,12,60,44,448.557,137.895
11,12,60,45,301.159,369.586
11,12,60,46,467.543,115.253
11,12,60,47,123.779,354.974
11,12,60,48,131.831,184.938
11,12,60,49,82.8956,74.5311
11,12,60,50,154.375,362.774
11,12,60,51,401.734,433.43
11,12,60,52,204.779,87.6847
11,12,60,53,194.579,24.8281
11,12,60,54,261.597,99.461
11,12,60,55,490.363,285.206
11,12,60,56,182.605,321.674
11,12,60,57,240.738,309.911
11,12,60,58,339.207,267.225
11,12,60,59,7.0233,61.0621
12,12,60,0,234.216,429.687
12,12,60,1,205.728,125.206
12,12,60,2,305.298,115.244
12,12,60,3,147.557,345.789
12,12,60,4,215.283,42.2686
12,12,60,5,73.1771,478.778
12,12,60,6,81.3619,11.1201
12,12,60,7,324.064,83.798
12,12,60,8,440.955,202.482
12,12,60,9,172.19,401.047
12,12,60,10,476.546,358.236
12,12,60,11,99.7735,307.934
12,12,60,12,443.72,413.742
12,12,60,13,459.144,121.031
12,12,60,14,106.594,219.594
12,12,60,15,467.411,441.345
12,12,60,16,344.7,196.812
12,12,60,17,388.067,172.824
12,12,60,18,363.585,455.293
12,12,60,19,65.1853,216.087
12,12,60,20,484.376,266.302
12,12,60,21,0.64212,312.174
12,12,60,22,162.586,445.686
12,12,60,23,252.004,378.982
12,12,60,24,27.9169,20.0005
12,12,60,25,267.283,272.801
12,12,60,26,457.164,104.29
12,12,60,27,14.4322,483.722
12,12,60,28,139.357,155.006
12,12,60,29,260.328,165.465
12,12,60,30,380,420.523
12,12,60,31,22.0677,8.10394
12,12,60,32,195.421,30.4453
12,12,60,33,278.257,364.641
12,12,60,34,427.238,50.2599
12,12,60,35,218.078,496.985
12,12,60,36,297.841,235.319
12,12,60,37,152.366,136.906
12,12,60,38,132.034,187.138
12,12,60,39,108.579,147.057
12,12,60,40,228.089,331.235
12,12,60,41,350.215,299.45
12,12,60,42,119.916,391.434
12,12,60,43,402.33,227.954
12,12,60,44,248.035,281.803
12,12,60,45,335.321,370.242
12,12,60,46,409.027,245.115
12,12,60,47,368.797,80.7498
12,12,60,48,87.2907,34.2915
12,12,60,49,189.102,323.002
12,12,60,50,51.7025,179.608
12,12,60,51,398.446,459.21
12,12,60,52,313.603,64.9344
12,12,60,53,288.634,252.302
12,12,60,54,325.896,92.1033
12,12,60,55,34.3626,469.2
12,12,60,56,497.319,397.55
12,12,60,57,418.275,334.81
12,12,60,58,43.4171,288.764
12,12,60,59,181.392,66.8982
13,12,60,0,416.429,275.418
13,12,60,1,358.891,433.52
13,12,60,2,238.53,459.977
13,12,60,3,449.131,349.469
13,12,60,4,282.867,397.996
13,12,60,5,122.784,413.437
13,12,60,6,146.012,493.431
13,12,60,7,227.389,88.7206
13,12,60,8,302.058,256.135
13,12,60,9,479.937,51.7139
13,12,60,10,80.7508,102.804
13,12,60,11,430.608,91.8319
13,12,60,12,93.1461,417.288
13,12,60,13,309.329,153.346
13,12,60,14,384.815,486.776
13,12,60,15,60.2424,337.447
13,12,60,16,197.858,360.312
13,12,60,17,248.741,12.8371
13,12,60,18,209.463,448.574
13,12,60,19,403.058,235.857
13,12,60,20,9.57569,5.78917
13,12,60,21,463.418,199.595
13,12,60,22,474.366,249.103
13,12,60,23,380.883,330.144
13,12,60,24,488.326,213.219
13,12,60,25,202.673,471.987
13,12,60,26,68.2231,32.486
13,12,60,27,158.765,367.073
13,12,60,28,157.25,287.855
13,12,60,29,370.593,475.513
13,12,60,30,126.452,268.113
13,12,60,31,179.945,65.0349
13,12,60,32,184.294,390.323
13,12,60,33,435.118,229.08
13,12,60,34,256.952,296.73
13,12,60,35,344.236,47.2577
13,12,60,36,352.52,400.846
13,12,60,37,32.105,220.738
13,12,60,38,136.621,206.932
13,12,60,39,325.769,266.302
13,12,60,40,4.39119,318.226
13,12,60,41,499.196,131.166
13,12,60,42,264.746,182.962
13,12,60,43,174.066,379.101
13,12,60,44,217.551,142.047
13,12,60,45,58.2298,356.297
13,12,60,46,395.175,163.808
13,12,60,47,418.945,136.85
13,12,60,48,110.888,457.215
13,12,60,49,87.6477,121.904
13,12,60,50,270.038,38.9501
13,12,60,51,333.768,303.677
13,12,60,52,452.251,171.471
13,12,60,53,324.837,68.4614
13,12,60,54,108.265,19.1123
13,12,60,55,16.7453,79.52
13,12,60,56,37.777,427.158
13,12,60,57,43.9779,186.832
13,12,60,58,295.737,308.412
13,12,60,59,291.581,112.13
14,12,60,0,365.585,148.408
14,12,60,1,161.65,320.171
14,12,60,2,317.753,313.327
14,12,60,3,26.3193,241.836
14,12,60,4,51.2003,478.58
14,12,60,5,448.376,412.044
14,12,60,6,304.215,181.554
14,12,60,7,481.996,421.822
14,12,60,8,115.976,26.2916
14,12,60,9,185.71,403.66
14,12,60,10,129.371,428.391
14,12,60,11,254.193,352.949
14,12,60,12,11.5976,74.6939
14,12,60,13,415.193,1.72297
14,12,60,14,139.018,210.929
14,12,60,15,489.736,21.1833
14,12,60,16,86.9921,489.796
14,12,60,17,341.261,98.2449
14,12,60,18,276.967,165.616
14,12,60,19,3.82854,280.771
14,12,60,20,104.416,494.129
14,12,60,21,451.822,270.833
14,12,60,22,81.7896,64.9285
14,12,60,23,215.878,85.2803
14,12,60,24,145.726,435.768
14,12,60,25,467.553,170.064
14,12,60,26,196.839,48.0981
14,12,60,27,118.685,12.3874
14,12,60,28,45.5168,452.019
14,12,60,29,379.281,333.506
14,12,60,30,262.021,117.105
14,12,60,31,309.772,472.439
14,12,60,32,233.491,388.856
14,12,60,33,428.728,157.292
14,12,60,34,424.655,56.1201
14,12,60,35,38.6053,330.472
14,12,60,36,230.063,200.98
14,12,60,37,373.66,38.0255
14,12,60,38,243.996,287.173
14,12,60,39,458.847,111.995
14,12,60,40,492.153,443.298
14,12,60,41,288.717,105.658
14,12,60,42,223.084,228.06
14,12,60,43,434.628,219.992
14,12,60,44,99.339,140.737
14,12,60,45,405.408,395.967
14,12,60,46,206.243,266.554
14,12,60,47,173.736,197.262
14,12,60,48,396.233,465.183
14,12,60,49,355.457,188.462
14,12,60,50,62.968,253.572
14,12,60,51,180.439,363.067
14,12,60,52,267.374,78.9901
14,12,60,53,387.656,377.917
14,12,60,54,299.959,293.311
14,12,60,55,152.767,303.784
14,12,60,56,71.3757,344.231
14,12,60,57,341.71,129.157
14,12,60,58,22.7113,237.629
14,12,60,59,327.958,374.94
15,12,60,0,242.916,240.919
15,12,60,1,104.993,263.64
15,12,60,2,358.796,140.599
15,12,60,3,18.5448,117.364
15,12,60,4,167.237,219.104
15,12,60,5,372.929,149.767
15,12,60,6,30.8825,214.352
15,12,60,7,225.894,167.64
15,12,60,8,126.29,372.994
15,12,60,9,331.272,186.917
15,12,60,10,481.777,38.7908
15,12,60,11,11.2403,472.618
15,12,60,12,156.928,298.926
15,12,60,13,454.251,361.076
15,12,60,14,236.763,350.303
15,12,60,15,391.005,90.4434
15,12,60,16,472.203,226.679
15,12,60,17,418.433,10.0533
15,12,60,18,309.888,180.181
15,12,60,19,398.131,69.6077
15,12,60,20,323.61,447.37
15,12,60,21,437.273,307.306
15,12,60,22,184.996,438.131
15,12,60,23,144.938,338.287
15,12,60,24,294.274,399.747
15,12,60,25,60.3545,98.1548
15,12,60,26,286.18,410.163
15,12,60,27,40.2015,258.253
15,12,60,28,306.332,127.429
15,12,60,29,76.2995,322.434
15,12,60,30,266.5,6.50912
15,12,60,31,407.418,311.491
15,12,60,32,68.3471,82.4538
15,12,60,33,449.091,276.69
15,12,60,34,121.067,347.461
15,12,60,35,429.197,327.727
15,12,60,36,45.8771,493.822
15,12,60,37,207.372,197.143
15,12,60,38,215.803,165.695
15,12,60,39,1.3602,103.009
15,12,60,40,382.287,269.625
15,12,60,41,93.0459,32.1918
15,12,60,42,340.488,475.281
15,12,60,43,499.865,418.558
15,12,60,44,85.8274,464.885
15,12,60,45,352.32,153.778
15,12,60,46,257.234,51.8001
15,12,60,47,415.748,114.222
15,12,60,48,198.06,59.3617
15,12,60,49,276.013,407.285
15,12,60,50,272.003,22.5836
15,12,60,51,51.0052,205.01
15,12,60,52,219.057,244.116
15,12,60,53,345.422,286.627
15,12,60,54,159.391,375.842
15,12,60,55,464.632,490.199
15,12,60,56,110.988,384.691
15,12,60,57,182.088,452.562
15,12,60,58,141.265,48.6385
15,12,60,59,486.044,431.689
16,12,60,0,383.632,61.5558
16,12,60,1,322.817,22.5684
16,12,60,2,62.7891,129.325
16,12,60,3,151.218,328.713
16,12,60,4,463.649,433.831
16,12,60,5,479.5,140.155
16,12,60,6,75.0042,472.538
16,12,60,7,397.681,115.437
16,12,60,8,162.615,49.0598
16,12,60,9,413.588,170.773
16,12,60,10,457.092,323.758
16,12,60,11,100.786,121.102
16,12,60,12,143.421,460.353
16,12,60,13,296.754,356.856
16,12,60,14,170.104,236.947
16,12,60,15,34.9308,75.3099
16,12,60,16,221.64,313.499
16,12,60,17,253.142,209.732
16,12,60,18,271.835,449.493
16,12,60,19,241.55,376.584
16,12,60,20,349.638,483.387
16,12,60,21,178.043,15.1894
16,12,60,22,192.185,482.921
16,12,60,23,122.747,273.358
16,12,60,24,287.917,345.498
16,12,60,25,214.127,162.27
16,12,60,26,427.082,455.893
16,12,60,27,86.3169,196.756
16,12,60,28,50.4066,184.378
16,12,60,29,15.8221,226.476
16,12,60,30,467.149,423.313
16,12,60,31,28.8629,247.008
16,12,60,32,128.457,305.228
16,12,60,33,97.7358,52.7296
16,12,60,34,338.153,154.547
16,12,60,35,439.838,67.6966
16,12,60,36,200.631,287.557
16,12,60,37,331.182,29.7353
16,12,60,38,354.701,359.263
16,12,60,39,491.905,263.675
16,12,60,40,446.435,257.573
16,12,60,41,417.611,390.248
16,12,60,42,227.267,334.705
16,12,60,43,42.0187,175.021
16,12,60,44,312.296,405.839
16,12,60,45,373.578,492.363
16,12,60,46,139.963,275.891
16,12,60,47,364.432,34.1573
16,12,60,48,264.577,95.8985
16,12,60,49,115.357,203.339
16,12,60,50,306.371,426.17
16,12,60,51,247.544,399.059
16,12,60,52,276.053,88.8026
16,12,60,53,66.9701,409.012
16,12,60,54,7.04,144.27
16,12,60,55,191.536,222.822
16,12,60,56,407.357,0.548677
16,12,60,57,378.224,107.81
16,12,60,58,485.302,295.328
16,12,60,59,20.0539,368.234
17,12,60,0,335.176,246.696
17,12,60,1,185.843,311.139
17,12,60,2,76.3993,380.114
17,12,60,3,496.057,403.705
17,12,60,4,237.671,387.029
17,12,60,5,103.237,168.596
17,12,60,6,110.565,197.704
17,12,60,7,269.981,40.2302
17,12,60,8,372.613,138.812
17,12,60,9,477.214,412.535
17,12,60,10,209.534,120.873
17,12,60,11,488.982,116.212
17,12,60,12,205.727,189.367
17,12,60,13,61.0798,461.001
17,12,60,14,447.527,281.879
17,12,60,15,143.097,259.923
17,12,60,16,261.602,417.886
17,12,60,17,289.749,444.267
17,12,60,18,31.5987,74.1386
17,12,60,19,158.785,359.39
17,12,60,20,129.94,130.649
17,12,60,21,23.5208,4.318
17,12,60,22,90.8258,477.158
17,12,60,23,405.509,202.753
17,12,60,24,352.846,100.336
17,12,60,25,170.919,255.336
17,12,60,26,10.0739,23.5079
17,12,60,27,376.951,229.854
17,12,60,28,361.908,179.494
17,12,60,29,121.747,441.653
17,12,60,30,3.97885,268.822
17,12,60,31,217.253,488.977
17,12,60,32,277.279,467.012
17,12,60,33,46.312,82.622
17,12,60,34,418.157,153.644
17,12,60,35,326.787,329.496
17,12,60,36,67.5132,145.144
17,12,60,37,349.952,57.0716
17,12,60,38,438.116,62.1532
17,12,60,39,140.786,89.9481
17,12,60,40,469.999,344.294
17,12,60,41,324.637,290.839
17,12,60,42,230.749,298.074
17,12,60,43,451.585,305.66
17,12,60,44,55.8925,319.144
17,12,60,45,40.6915,238.648
17,12,60,46,153.474,396.345
17,12,60,47,312.333,218.623
17,12,60,48,431.285,25.9529
17,12,60,49,389.795,492.658
17,12,60,50,176.406,12.9046
17,12,60,51,295.341,451.347
17,12,60,52,301.127,162.403
17,12,60,53,399.453,95.1803
17,12,60,54,463.007,216.35
17,12,60,55,256.961,373.832
17,12,60,56,97.0735,430.714
17,12,60,57,410.686,335.279
17,12,60,58,195.736,353.249
17,12,60,59,245.721,48.8129
18,12,60,0,246.597,18.2295
18,12,60,1,157.494,462.791
18,12,60,2,95.0594,156.293
18,12,60,3,377.254,212.144
18,12,60,4,391.107,87.1228
18,12,60,5,323.121,92.0622
18,12,60,6,42.9784,450.817
18,12,60,7,36.2054,320.682
18,12,60,8,209.349,299.532
18,12,60,9,336.226,481.075
18,12,60,10,328.93,117.265
18,12,60,11,78.7711,197.783
18,12,60,12,429.091,242.169
18,12,60,13,114.492,425.189
18,12,60,14,455.474,444.431
18,12,60,15,14.6707,276.779
18,12,60,16,403.021,416.768
18,12,60,17,122.142,5.6788
18,12,60,18,63.0181,189.294
18,12,60,19,126.533,127.842
18,12,60,20,292.504,162.663
18,12,60,21,374.252,372.63
18,12,60,22,415.401,395.192
18,12,60,23,494.92,217.752
18,12,60,24,186.192,11.3338
18,12,60,25,269.762,357.118
18,12,60,26,105.52,400.367
18,12,60,27,227.123,270.542
18,12,60,28,181.77,413.393
18,12,60,29,443.341,141.504
18,12,60,30,435.796,290.836
18,12,60,31,205.683,339.715
18,12,60,32,277.116,255.135
18,12,60,33,233.677,240.566
18,12,60,34,353.33,313.393
18,12,60,35,51.3574,361.925
18,12,60,36,310.678,79.6634
18,12,60,37,301.091,488.462
18,12,60,38,192.795,441.308
18,12,60,39,486.435,307.635
18,12,60,40,28.3036,327.548
18,12,60,41,289.408,66.4558
18,12,60,42,86.557,48.881
18,12,60,43,167.895,375.747
18,12,60,44,68.1035,146.707
18,12,60,45,24.3332,491.84
18,12,60,46,466.809,113.128
18,12,60,47,479.017,174.079
18,12,60,48,419.502,179.041
18,12,60,49,1.99286,342.862
18,12,60,50,346.879,472.527
18,12,60,51,266.579,50.834
18,12,60,52,364.5,386.848
18,12,60,53,141.763,106.377
18,12,60,54,253.97,69.1603
18,12,60,55,141.615,38.8819
18,12,60,56,158.401,208.198
18,12,60,57,466.609,262.582
18,12,60,58,222.746,233.1
18,12,60,59,399.028,30.6913
19,12,60,0,153.155,157.071
19,12,60,1,263.257,56.7205
19,12,60,2,365.403,3.34424
19,12,60,3,161.923,449.922
19,12,60,4,59.0661,123.195
19,12,60,5,205.471,408.813
19,12,60,6,379.421,241.543
19,12,60,7,188.496,161.693
19,12,60,8,452.793,425.787
19,12,60,9,209.034,263.823
19,12,60,10,141.285,19.8896
19,12,60,11,267.399,345.261
19,12,60,12,194.385,208.857
19,12,60,13,256.697,359.924
19,12,60,14,180.448,473.985
19,12,60,15,437.409,185.513
19,12,60,16,86.6712,201.098
19,12,60,17,275.624,329.722
19,12,60,18,343.05,71.1889
19,12,60,19,104.291,277.525
19,12,60,20,330.04,484.611
19,12,60,21,494.451,107.367
19,12,60,22,50.0481,44.7458
19,12,60,23,46.1764,256.136
19,12,60,24,336.345,64.0667
19,12,60,25,374.596,172.291
19,12,60,26,217.195,305.724
19,12,60,27,75.7413,230.815
19,12,60,28,313.697,109.444
19,12,60,29,402.681,393.164
19,12,60,30,13.0494,371.232
19,12,60,31,416.454,402.433
19,12,60,32,40.6223,271.406
19,12,60,33,441.94,247.245
19,12,60,34,69.534,316.651
19,12,60,35,464.392,463.09
19,12,60,36,305.583,134.228
19,12,60,37,426.96,98.1568
19,12,60,38,2.68397,81.8396
19,12,60,39,417.615,291.585
19,12,60,40,393.999,337.126
19,12,60,41,476.844,36.2062
19,12,60,42,116.876,377.847
19,12,60,43,485.5,437.14
19,12,60,44,468.271,481.248
19,12,60,45,172.453,90.0797
19,12,60,46,108.952,321.392
19,12,60,47,387.593,350.995
19,12,60,48,285.42,149.376
19,12,60,49,357.095,221.247
19,12,60,50,320.42,127.763
19,12,60,51,149.531,180.568
19,12,60,52,296.903,14.1937
19,12,60,53,239.568,299.757
19,12,60,54,131.548,420.703
19,12,60,55,245.164,450.006
19,12,60,56,26.2665,499.934
19,12,60,57,95.1186,30.7575
19,12,60,58,233.309,391.591
19,12,60,59,20.4749,199.071
20,12,60,0,498.253,209.396
20,12,60,1,406.59,348.723
20,12,60,2,185.742,229.164
20,12,60,3,234.666,452.785
20,12,60,4,346.968,169.715
20,12,60,5,5.22709,82.6975
20,12,60,6,11.2279,105.198
20,12,60,7,223.966,424.808
20,12,60,8,90.3111,412.989
20,12,60,9,30.7065,70.8492
20,12,60,10,137.095,299.099
20,12,60,11,44.2199,331.255
20,12,60,12,57.7303,445.951
20,12,60,13,302.532,25.197
20,12,60,14,179.639,119.049
20,12,60,15,357.622,42.3289
20,12,60,16,476.098,84.5265
20,12,60,17,148.679,158.933
20,12,60,18,16.9818,112.451
20,12,60,19,155.264,134.736
20,12,60,20,108.341,408.001
20,12,60,21,231.573,127.551
20,12,60,22,455.001,183.283
20,12,60,23,443.691,51.6399
20,12,60,24,107.21,14.2473
20,12,60,25,258.917,312.027
20,12,60,26,309.333,258.497
20,12,60,27,378.974,97.8669
20,12,60,28,427.511,355.763
20,12,60,29,216.118,23.5987
20,12,60,30,129.777,286.337
20,12,60,31,202.561,360.038
20,12,60,32,81.7574,466.506
20,12,60,33,249.909,425.159
20,12,60,34,433.874,489.444
20,12,60,35,159.878,437.922
20,12,60,36,371.054,472.007
20,12,60,37,197.981,142.724
20,12,60,38,254.034,322.906
20,12,60,39,288.085,393.592
20,12,60,40,122.168,59.0874
20,12,60,41,387.669,368.938
20,12,60,42,169.798,6.1132
20,12,60,43,420.465,306.043
20,12,60,44,471.53,152.998
20,12,60,45,458.804,253.664
20,12,60,46,317.559,281.625
20,12,60,47,34.5384,242.854
20,12,60,48,297.075,336.229
20,12,60,49,275.99,202.196
20,12,60,50,59.4799,216.96
20,12,60,51,73.2666,380.386
20,12,60,52,398.941,184.198
20,12,60,53,359.585,498.396
20,12,60,54,97.8174,40.4914
20,12,60,55,325.685,478.728
20,12,60,56,273.227,388.826
20,12,60,57,411.534,241.066
20,12,60,58,341.138,199.384
20,12,60,59,491.062,272.57
21,12,60,0,117.559,372.194
21,12,60,1,348.31,33.8318
21,12,60,2,256.519,339.056
21,12,60,3,361.983,422.342
21,12,60,4,139.905,308.145
21,12,60,5,182.719,44.6637
21,12,60,6,159.594,51.2696
21,12,60,7,4.08996,82.0813
21,12,60,8,244.648,210.483
21,12,60,9,313.702,125.82
21,12,60,10,191.86,494.243
21,12,60,11,367.206,97.6892
21,12,60,12,439.151,349.806
21,12,60,13,425.238,478.683
21,12,60,14,380.285,100.778
21,12,60,15,292.577,116.392
21,12,60,16,13.3529,227.414
21,12,60,17,227.524,145.184
21,12,60,18,402.926,122.809
21,12,60,19,452.911,31.6734
21,12,60,20,234.703,150.46
21,12,60,21,318.323,389.002
21,12,60,22,417.982,24.5678
21,12,60,23,480.31,255.879
21,12,60,24,29.405,437.947
21,12,60,25,287.057,462.993
21,12,60,26,154.074,272.125
21,12,60,27,413.994,262.01
21,12,60,28,34.3576,310.856
21,12,60,29,48.3442,281.257
21,12,60,30,264.601,184.881
21,12,60,31,188.519,70.0098
21,12,60,32,446.6,352.039
21,12,60,33,80.0075,218.146
21,12,60,34,331.651,486.749
21,12,60,35,272.414,321.754
21,12,60,36,335.04,197.97
21,12,60,37,68.9614,404.836
21,12,60,38,498.743,399.996
21,12,60,39,101.603,159.011
21,12,60,40,65.5489,364.858
21,12,60,41,202.501,248.635
21,12,60,42,143.185,12.9866
21,12,60,43,303.927,473.161
21,12,60,44,131.803,298.155
21,12,60,45,114.853,5.65293
21,12,60,46,222.71,333.271
21,12,60,47,385.106,59.8324
21,12,60,48,467.378,409.015
21,12,60,49,92.0844,170.21
21,12,60,50,21.4653,290.181
21,12,60,51,350.721,379.762
21,12,60,52,489.227,206.79
21,12,60,53,172.663,431.4
21,12,60,54,278.835,84.1142
21,12,60,55,214.504,443.649
21,12,60,56,464.948,180.714
21,12,60,57,57.7759,141.393
21,12,60,58,85.3366,234.723
21,12,60,59,394.051,452.36
22,12,60,0,374.535,38.7522
22,12,60,1,190.993,499.777
22,12,60,2,128.943,5.57925
22,12,60,3,73.9203,253.01
22,12,60,4,49.9142,350.692
22,12,60,5,399.532,276.457
22,12,60,6,116.361,152.174
22,12,60,7,107.16,17.8696
22,12,60,8,169.413,265.861
22,12,60,9,226.003,80.6155
22,12,60,10,452.285,397.834
22,12,60,11,3.89066,424.145
22,12,60,12,335.277,202.025
22,12,60,13,495.949,338.057
22,12,60,14,363.504,438.117
22,12,60,15,357.728,164.693
22,12,60,16,13.7513,55.9578
22,12,60,17,147.647,364.021
22,12,60,18,216.776,294.705
22,12,60,19,163.692,312.459
22,12,60,20,260.934,213.9
22,12,60,21,139.428,402.614
22,12,60,22,204.539,272.45
22,12,60,23,50.2636,172.845
22,12,60,24,308.06,87.4666
22,12,60,25,278.54,475.38
22,12,60,26,412.348,114.83
22,12,60,27,121.909,136.899
22,12,60,28,270.448,180.079
22,12,60,29,38.0964,93.9708
22,12,60,30,240.511,377.085
22,12,60,31,425.661,384.417
22,12,60,32,182.243,325.51
22,12,60,33,309.15,431.2
22,12,60,34,92.6697,490.24
22,12,60,35,420.148,70.1322
22,12,60,36,447.749,240.974
22,12,60,37,63.0134,249.347
22,12,60,38,325.168,450.754
22,12,60,39,343.617,410.794
22,12,60,40,156.117,322.759
22,12,60,41,405.418,32.0692
22,12,60,42,437.903,129.705
22,12,60,43,476.899,300.28
22,12,60,44,487.834,11.6118
22,12,60,45,32.1375,195.217
22,12,60,46,472.753,149.478
22,12,60,47,292.509,108.277
22,12,60,48,210.446,41.8031
22,12,60,49,84.1864,59.5424
22,12,60,50,17.4933,369.817
22,12,60,51,257.335,461.963
22,12,60,52,75.6272,444.252
22,12,60,53,247.788,288.224
22,12,60,54,291.625,229.374
22,12,60,55,381.084,117.447
22,12,60,56,322.681,472.7
22,12,60,57,193.575,185.767
22,12,60,58,463.644,221.057
22,12,60,59,383.437,347.201
23,12,60,0,218.122,198.289
23,12,60,1,301.019,498.535
23,12,60,2,141.407,278.738
23,12,60,3,290.864,30.6013
23,12,60,4,400.897,471.69
23,12,60,5,491.141,69.2033
23,12,60,6,418.69,16.6541
23,12,60,7,348.762,451.976
23,12,60,8,45.991,34.3649
23,12,60,9,393.274,308.483
23,12,60,10,40.8906,122.433
23,12,60,11,296.015,355.57
23,12,60,12,23.9775,90.5032
23,12,60,13,65.5264,144.414
23,12,60,14,150.911,289.103
23,12,60,15,27.8016,317.385
23,12,60,16,226.736,178.089
23,12,60,17,381.178,246.738
23,12,60,18,67.8039,479.037
23,12,60,19,321.468,269.449
23,12,60,20,189.648,97.3937
23,12,60,21,274.253,64.9997
23,12,60,22,493.932,163.189
23,12,60,23,181.652,125.718
23,12,60,24,384.914,137.533
23,12,60,25,105.663,44.3585
23,12,60,26,441.516,21.5936
23,12,60,27,86.249,431.543
23,12,60,28,409.582,304.849
23,12,60,29,9.82884,187.901
23,12,60,30,250.361,296.173
23,12,60,31,352.684,224.688
23,12,60,32,240.451,258.884
23,12,60,33,119.946,332.513
23,12,60,34,1.17243,394.596
23,12,60,35,279.444,210.971
23,12,60,36,447.157,412.136
23,12,60,37,315.001,237.919
23,12,60,38,209.519,207.23
23,12,60,39,459.857,439.106
23,12,60,40,109.232,108.791
23,12,60,41,428.229,448.91
23,12,60,42,243.648,387.795
23,12,60,43,173.13,78.6258
23,12,60,44,51.0648,364.267
23,12,60,45,450.618,169.293
23,12,60,46,333.18,103.672
23,12,60,47,335.317,417.113
23,12,60,48,206.103,337.442
23,12,60,49,132.279,52.5227
23,12,60,50,81.7716,344.587
23,12,60,51,371.024,229.065
23,12,60,52,360.312,374.771
23,12,60,53,262.907,459.656
23,12,60,54,159.012,383.188
23,12,60,55,477.707,0.597856
23,12,60,56,148.806,252.84
23,12,60,57,197.755,151.165
23,12,60,58,94.2849,408.216
23,12,60,59,473.049,484.066
24,12,60,0,368.068,473.688
24,12,60,1,434.093,271.192
24,12,60,2,329.242,130.514
24,12,60,3,249.917,347.558
24,12,60,4,159.008,139.207
24,12,60,5,378.074,111.194
24,12,60,6,477.562,432.999
24,12,60,7,257.79,57.9748
24,12,60,8,490.94,14.5424
24,12,60,9,383.481,332.36
24,12,60,10,338.864,194.282
24,12,60,11,99.7558,47.0644
24,12,60,12,42.702,78.6597
24,12,60,13,62.1358,224.042
24,12,60,14,358.43,384.594
24,12,60,15,79.0901,438.688
24,12,60,16,137.138,443.174
24,12,60,17,150.35,355.706
24,12,60,18,20.3569,172.668
24,12,60,19,206.292,206.686
24,12,60,20,455.619,102.494
24,12,60,21,296.401,95.6124
24,12,60,22,5.05533,421.23
24,12,60,23,474.635,154.036
24,12,60,24,219.717,147.429
24,12,60,25,232.614,90.8201
24,12,60,26,86.8363,39.166
24,12,60,27,189.897,309.662
24,12,60,28,306.274,396.276
24,12,60,29,14.8209,242.133
24,12,60,30,426.77,458.607
24,12,60,31,407.157,62.8209
24,12,60,32,465.393,241.148
24,12,60,33,236.198,32.18
24,12,60,34,124.03,120.747
24,12,60,35,131.575,381.259
24,12,60,36,448.258,21.0532
24,12,60,37,413.79,450.424
24,12,60,38,196.373,296.506
24,12,60,39,271.435,337.81
24,12,60,40,216.421,216.363
24,12,60,41,39.6732,71.528
24,12,60,42,142.922,496.007
24,12,60,43,320.73,229.247
24,12,60,44,498.18,363.33
24,12,60,45,316.604,178.538
24,12,60,46,172.776,280.136
24,12,60,47,28.8948,164.078
24,12,60,48,350.56,489.843
24,12,60,49,290.514,253.817
24,12,60,50,106.067,371.716
24,12,60,51,421.273,322.234
24,12,60,52,393.304,412.006
24,12,60,53,344.086,479.005
24,12,60,54,71.6167,6.95358
24,12,60,55,276.525,406.143
24,12,60,56,52.0018,303.742
24,12,60,57,110.012,260.825
24,12,60,58,183.254,184.345
24,12,60,59,265.006,286.306
25,12,60,0,135.211,289.992
25,12,60,1,4.12118,44.5898
25,12,60,2,56.4655,17.4999
25,12,60,3,284.88,99.2281
25,12,60,4,303.721,76.2618
25,12,60,5,72.2871,369.759
25,12,60,6,274.13,473.53
25,12,60,7,412.493,293.747
25,12,60,8,146.669,458.357
25,12,60,9,492.547,332.457
25,12,60,10,310.81,223.828
25,12,60,11,17.147,350.252
25,12,60,12,360.716,412.607
25,12,60,13,168.626,27.1208
25,12,60,14,210.16,68.5668
25,12,60,15,428.773,243.903
25,12,60,16,340.424,338.787
25,12,60,17,235.827,444.066
25,12,60,18,230.421,138.466
25,12,60,19,200.273,123.806
25,12,60,20,87.0983,492.345
25,12,60,21,257.985,269.845
25,12,60,22,98.331,86.7075
25,12,60,23,469.894,239.975
25,12,60,24,166.322,37.308
25,12,60,25,247.715,202.825
25,12,60,26,49.8744,10.5851
25,12,60,27,384.241,106.18
25,12,60,28,320.818,163.246
25,12,60,29,109.185,452.476
25,12,60,30,175.599,7.72477
25,12,60,31,396.424,398.683
25,12,60,32,476.664,488.957
25,12,60,33,125.717,169.032
25,12,60,34,198.373,426.979
25,12,60,35,224.185,475.64
25,12,60,36,105.294,434.086
25,12,60,37,151.71,231.294
25,12,60,38,260.587,312.225
25,12,60,39,35.1305,194.941
25,12,60,40,424.19,304.109
25,12,60,41,485.799,151.061
25,12,60,42,296.634,419.723
25,12,60,43,453.6,318.757
25,12,60,44,326.326,212.982
25,12,60,45,459.694,145.139
25,12,60,46,448,263.994
25,12,60,47,356.522,360.409
25,12,60,48,406.976,109.659
25,12,60,49,346.287,125.701
25,12,60,50,26.9048,344.175
25,12,60,51,437.738,376.645
25,12,60,52,283.044,255.454
25,12,60,53,15.8966,50.7855
25,12,60,54,372.421,188.12
25,12,60,55,76.8981,404.788
25,12,60,56,123.814,59.3123
25,12,60,57,380.056,389.505
25,12,60,58,62.4811,175.001
25,12,60,59,183.608,275.273
26,12,60,0,182.008,430.239
26,12,60,1,328.132,94.2097
26,12,60,2,219.74,48.2764
26,12,60,3,243.502,303.065
26,12,60,4,41.8714,148.109
26,12,60,5,151.597,469.955
26,12,60,6,57.8535,411.041
26,12,60,7,335.217,259.655
26,12,60,8,369.004,394.2
26,12,60,9,99.8226,105.053
26,12,60,10,291.998,121.897
26,12,60,11,250.439,17.7302
26,12,60,12,30.4438,419.667
26,12,60,13,273.627,7.08017
26,12,60,14,16.7133,160.025
26,12,60,15,216.648,357.153
26,12,60,16,357.561,334.006
26,12,60,17,199.86,498.438
26,12,60,18,363.273,402.933
26,12,60,19,384.627,73.1639
26,12,60,20,499.789,207.432
26,12,60,21,88.4666,244.758
26,12,60,22,82.5325,56.8068
26,12,60,23,288.181,229.763
26,12,60,24,38.9087,477.204
26,12,60,25,282.419,386.353
26,12,60,26,318.222,278.341
26,12,60,27,477.635,157.407
26,12,60,28,236.421,113.265
26,12,60,29,483.859,323.765
26,12,60,30,342.261,184.694
26,12,60,31,166.096,378.711
26,12,60,32,301.156,332.725
26,12,60,33,411.032,81.8792
26,12,60,34,435.559,134.82
26,12,60,35,459.393,488.806
26,12,60,36,316.136,449.878
26,12,60,37,449.689,167.592
26,12,60,38,141.445,343.246
26,12,60,39,455.326,237.183
26,12,60,40,70.9011,196.149
26,12,60,41,203.787,292.129
26,12,60,42,402.762,288.142
26,12,60,43,64.7657,311.782
26,12,60,44,122.522,223.715
26,12,60,45,15.5253,359.13
26,12,60,46,418.893,176.678
26,12,60,47,143.199,87.4871
26,12,60,48,111.598,209.425
26,12,60,49,231.102,125.722
26,12,60,50,103.95,64.69
26,12,60,51,169.227,436.543
26,12,60,52,398.086,451.477
26,12,60,53,1.72346,271.533
26,12,60,54,427.981,255.748
26,12,60,55,133.234,464.726
26,12,60,56,189.591,9.7261
26,12,60,57,471.348,29.1859
26,12,60,58,381.701,37.2349
26,12,60,59,261.848,368.808
27,12,60,0,378.914,332.351
27,12,60,1,291.465,323.068
27,12,60,2,274.574,389.04
27,12,60,3,48.1091,214.257
27,12,60,4,118.67,31.3606
27,12,60,5,283.264,493.122
27,12,60,6,455.576,45.3418
27,12,60,7,82.0204,482.482
27,12,60,8,206.246,117.816
27,12,60,9,394.016,355.572
27,12,60,10,179.564,412.808
27,12,60,11,139.869,252.823
27,12,60,12,105.263,142.912
27,12,60,13,427.8,82.9319
27,12,60,14,331.274,426.852
27,12,60,15,264.793,62.0743
27,12,60,16,131.348,220.475
27,12,60,17,405.238,185.341
27,12,60,18,497.597,177.075
27,12,60,19,195.566,165.511
27,12,60,20,316.979,297.709
27,12,60,21,22.7063,170.319
27,12,60,22,222.685,134.333
27,12,60,23,241.832,349.892
27,12,60,24,253.74,273.595
27,12,60,25,390.216,193.326
27,12,60,26,475.688,204.451
27,12,60,27,311.347,337.709
27,12,60,28,472.828,126.049
27,12,60,29,94.4885,243.397
27,12,60,30,6.11948,470.335
27,12,60,31,410.964,441.332
27,12,60,32,298.78,393.094
27,12,60,33,354.219,362.741
27,12,60,34,226.474,23.0728
27,12,60,35,15.2927,304.238
27,12,60,36,340.005,115.161
27,12,60,37,362.438,1.77447
27,12,60,38,184.035,102.45
27,12,60,39,146.013,229.196
27,12,60,40,237.285,93.991
27,12,60,41,447.521,462.989
27,12,60,42,153.343,313.194
27,12,60,43,209.999,83.4509
27,12,60,44,167.924,289.035
27,12,60,45,54.323,151.733
27,12,60,46,344.375,380.349
27,12,60,47,418.813,370.003
27,12,60,48,60.1064,283.102
27,12,60,49,114.686,418.498
27,12,60,50,484.705,449.778
27,12,60,51,307.354,403.989
27,12,60,52,88.2876,35.2725
27,12,60,53,25.4778,265.525
27,12,60,54,372.062,491.349
27,12,60,55,69.4595,450.498
27,12,60,56,464.61,10.7647
27,12,60,57,160.277,71.918
27,12,60,58,36.5555,234.279
27,12,60,59,436.905,56.8661
28,12,60,0,36.1605,240.935
28,12,60,1,496.681,204.066
28,12,60,2,342.748,69.3482
28,12,60,3,208.457,475.827
28,12,60,4,8.89415,452.046
28,12,60,5,233.055,247.806
28,12,60,6,434.099,280.544
28,12,60,7,157.113,385.452
28,12,60,8,70.4124,179.486
28,12,60,9,50.2622,304.076
28,12,60,10,206.706,268.972
28,12,60,11,457.591,227.061
28,12,60,12,364.037,27.1085
28,12,60,13,350.882,165.093
28,12,60,14,99.6259,407.237
28,12,60,15,291.917,364.887
28,12,60,16,458.4,156.271
28,12,60,17,256.573,148.72
28,12,60,18,316.506,46.0753
28,12,60,19,135.469,472.706
28,12,60,20,240.422,95.1024
28,12,60,21,111.127,194.203
28,12,60,22,483.635,319.644
28,12,60,23,122.738,87.6818
28,12,60,24,419.668,436.654
28,12,60,25,168.129,447.008
28,12,60,26,282.588,413.59
28,12,60,27,268.391,326.092
28,12,60,28,475.08,138.575
28,12,60,29,149.222,335.538
28,12,60,30,91.2919,11.2449
28,12,60,31,386.273,428.191
28,12,60,32,442.144,130.615
28,12,60,33,302.405,459.49
28,12,60,34,161.532,417.994
28,12,60,35,287.439,57.6087
28,12,60,36,400.274,190.944
28,12,60,37,177.879,286.1
28,12,60,38,376.087,170.443
28,12,60,39,198.383,264.183
28,12,60,40,23.8309,292.579
28,12,60,41,28.2863,485.497
28,12,60,42,78.1612,399.055
28,12,60,43,62.9474,100.929
28,12,60,44,339.86,18.9996
28,12,60,45,370.8,381.541
28,12,60,46,394.644,343.485
28,12,60,47,128.85,120.627
28,12,60,48,105.712,368.01
28,12,60,49,184.468,108.551
28,12,60,50,473.569,38.6904
28,12,60,51,42.3761,499.378
28,12,60,52,242.338,310.604
28,12,60,53,219.281,220.649
28,12,60,54,322.761,252.194
28,12,60,55,409.563,80.3295
28,12,60,56,266.347,210.685
28,12,60,57,6.21394,354.823
28,12,60,58,327.546,64.6744
28,12,60,59,428.595,5.25587
29,12,60,0,156.872,323.589
29,12,60,1,314.015,4.76898
29,12,60,2,343.69,206.686
29,12,60,3,142.951,134.372
29,12,60,4,351.442,270.723
29,12,60,5,489.962,32.6062
29,12,60,6,242.983,14.3207
29,12,60,7,493.558,256.419
29,12,60,8,202.693,414.387
29,12,60,9,287.854,496.713
29,12,60,10,101.708,64.9071
29,12,60,11,439.796,457.628
29,12,60,12,46.0922,281.347
29,12,60,13,89.8621,469.59
29,12,60,14,4.51494,348.544
29,12,60,15,34.5353,56.7759
29,12,60,16,389.028,239.969
29,12,60,17,323.579,33.7018
29,12,60,18,160.711,143.335
29,12,60,19,381.179,81.4855
29,12,60,20,139.074,287.199
29,12,60,21,293.15,151.82
29,12,60,22,472.33,460.629
29,12,60,23,446.086,405.984
29,12,60,24,212.341,169.282
29,12,60,25,94.6714,83.8972
29,12,60,26,128.479,385.321
29,12,60,27,75.9271,111.369
29,12,60,28,190.634,356.085
29,12,60,29,268.075,231.879
29,12,60,30,56.6914,244.464
29,12,60,31,229.409,260.099
29,12,60,32,168.159,328.671
29,12,60,33,408.58,444.791
29,12,60,34,257.637,73.9494
29,12,60,35,275.717,195.168
29,12,60,36,33.096,359.312
29,12,60,37,14.9415,429.414
29,12,60,38,66.9863,212.681
29,12,60,39,109.159,433.792
29,12,60,40,369.029,186.003
29,12,60,41,219.658,418.164
29,12,60,42,17.6988,224.504
29,12,60,43,328.724,99.8372
29,12,60,44,306.67,478.311
29,12,60,45,338.969,337.978
29,12,60,46,428.842,310.437
29,12,60,47,423.034,295.638
29,12,60,48,478.069,101.704
29,12,60,49,59.6266,395.441
29,12,60,50,240.758,162.69
29,12,60,51,394.089,47.6935
29,12,60,52,198.207,124.52
29,12,60,53,464.406,19.203
29,12,60,54,266.171,369.937
29,12,60,55,404.903,177.418
29,12,60,56,361.415,491.643
29,12,60,57,456.084,300.576
29,12,60,58,176.859,129.9
29,12,60,59,123.535,376.599
30,12,60,0,209.291,274.15
30,12,60,1,480.035,316.814
30,12,60,2,28.5069,182.927
30,12,60,3,322.826,43.8345
30,12,60,4,88.7867,143.495
30,12,60,5,224.449,172.146
30,12,60,6,118.78,301.084
30,12,60,7,230.501,373.596
30,12,60,8,487.237,214.804
30,12,60,9,3.01627,483.977
30,12,60,10,64.3924,73.5101
30,12,60,11,418.557,287.105
30,12,60,12,190.276,137.068
30,12,60,13,336.89,58.219
30,12,60,14,394.364,297.709
30,12,60,15,347.495,467.248
30,12,60,16,235.245,257.638
30,12,60,17,102.761,232.34
30,12,60,18,159.953,435.808
30,12,60,19,292.305,10.9028
30,12,60,20,206.842,38.1283
30,12,60,21,387.305,25.5536
30,12,60,22,408.503,155.087
30,12,60,23,286.708,411.611
30,12,60,24,76.1918,456.244
30,12,60,25,139.17,194.938
30,12,60,26,496.674,6.82803
30,12,60,27,264.406,233.599
30,12,60,28,126.206,263.746
30,12,60,29,245.856,84.3674
30,12,60,30,146.902,23.4741
30,12,60,31,98.9008,426.952
30,12,60,32,408.065,461.68
30,12,60,33,329.797,479.954
30,12,60,34,354.445,62.3651
30,12,60,35,368.71,343.608
30,12,60,36,111.693,120.157
30,12,60,37,379.477,420.713
30,12,60,38,280.382,496.491
30,12,60,39,168.093,201.271
30,12,60,40,45.7585,379.743
30,12,60,41,463.379,108.947
30,12,60,42,34.8813,325.438
30,12,60,43,15.2996,275.409
30,12,60,44,457.958,447.517
30,12,60,45,181.406,107.795
30,12,60,46,308.463,162.437
30,12,60,47,195.654,97.8776
30,12,60,48,24.5053,352.824
30,12,60,49,55.091,82.7027
30,12,60,50,250.296,334.418
30,12,60,51,301.043,246.337
30,12,60,52,272.942,127.913
30,12,60,53,445.649,311.529
30,12,60,54,441.282,363.577
30,12,60,55,427.391,222.671
30,12,60,56,473.554,191.005
30,12,60,57,358.373,385.736
30,12,60,58,153.561,405.559
30,12,60,59,73.1554,399.941
31,12,60,0,399.285,216.864
31,12,60,1,267.879,464.829
31,12,60,2,455.193,399.656
31,12,60,3,445.412,146.953
31,12,60,4,419.844,356.136
31,12,60,5,496.596,81.9977
31,12,60,6,326.269,197.281
31,12,60,7,255.597,458.247
31,12,60,8,435.194,118.55
31,12,60,9,14.7492,388.191
31,12,60,10,185.315,304.1
31,12,60,11,490.11,110.038
31,12,60,12,56.0619,1.63829
31,12,60,13,471.698,423.715
31,12,60,14,17.969,254.656
31,12,60,15,478.833,13.8193
31,12,60,16,108.782,41.1357
31,12,60,17,364.411,432.001
31,12,60,18,144.892,139.896
31,12,60,19,76.6589,240.503
31,12,60,20,388.817,42.7792
31,12,60,21,298.331,98.7234
31,12,60,22,321.941,264.886
31,12,60,23,154.813,434.34
31,12,60,24,214.184,470.972
31,12,60,25,217.736,177.924
31,12,60,26,265.398,55.7753
31,12,60,27,87.9337,130.958
31,12,60,28,286.743,315.755
31,12,60,29,105.818,329.972
31,12,60,30,357.094,105.777
31,12,60,31,61.5928,245.83
31,12,60,32,32.8386,156.406
31,12,60,33,194.896,281.932
31,12,60,34,40.9917,322.864
31,12,60,35,4.94622,187.286
31,12,60,36,166.244,215.898
31,12,60,37,343.908,30.7469
31,12,60,38,301.496,479.085
31,12,60,39,275.586,383.258
31,12,60,40,373.384,60.9159
31,12,60,41,466.273,447.288
31,12,60,42,125.874,497.84
31,12,60,43,207.674,66.9026
31,12,60,44,407.108,165.22
31,12,60,45,123.518,22.5371
31,12,60,46,377.167,290.761
31,12,60,47,138.178,338.451
31,12,60,48,315.435,232.766
31,12,60,49,408.841,410
31,12,60,50,236.971,84.3766
31,12,60,51,180.55,295.747
31,12,60,52,168.137,207.124
31,12,60,53,72.8146,359.015
31,12,60,54,47.5497,404.262
31,12,60,55,427.084,348.03
31,12,60,56,246.749,490.395
31,12,60,57,340.699,270.193
31,12,60,58,230.283,172.034
31,12,60,59,94.7513,369.683
32,12,60,0,244.035,86.2492
32,12,60,1,163.703,316.039
32,12,60,2,437.942,134.72
32,12,60,3,79.98,197.475
32,12,60,4,471.524,121.24
32,12,60,5,185.097,183.086
32,12,60,6,321.562,49.2277
32,12,60,7,126.006,253.234
32,12,60,8,491.681,260.163
32,12,60,9,276.778,288.396
32,12,60,10,267.57,217.732
32,12,60,11,26.7469,384.931
32,12,60,12,357.863,426.674
32,12,60,13,482.152,453.049
32,12,60,14,413.949,302.469
32,12,60,15,147.813,381.386
32,12,60,16,289.467,492.095
32,12,60,17,19.9976,107.853
32,12,60,18,3.29619,464.423
32,12,60,19,377.907,368.079
32,12,60,20,89.3055,489.305
32,12,60,21,227.811,76.916
32,12,60,22,303.47,114.37
32,12,60,23,176.109,422.284
32,12,60,24,397.78,12.9505
32,12,60,25,198.901,413.385
32,12,60,26,313.457,318.186
32,12,60,27,373.623,125.712
32,12,60,28,450.701,30.6915
32,12,60,29,417.75,326.495
32,12,60,30,173.247,357.049
32,12,60,31,385.054,445.89
32,12,60,32,153.232,275.409
32,12,60,33,49.0967,171.674
32,12,60,34,215.923,1.57296
32,12,60,35,299.84,211.002
32,12,60,36,63.5114,474.25
32,12,60,37,349.929,396.37
32,12,60,38,67.4506,295.052
32,12,60,39,95.0876,57.6242
32,12,60,40,110.455,347.392
32,12,60,41,359.114,39.0978
32,12,60,42,340.514,479.415
32,12,60,43,205.848,337.707
32,12,60,44,139.772,21.5005
32,12,60,45,430.778,229.117
32,12,60,46,330.873,361.983
32,12,60,47,490.68,157.981
32,12,60,48,124.068,163.088
32,12,60,49,266.193,433.869
32,12,60,50,257.346,189.213
32,12,60,51,223.364,144.966
32,12,60,52,53.9988,271.917
32,12,60,53,461.551,249.075
32,12,60,54,107.473,236.078
32,12,60,55,10.7506,92.7178
32,12,60,56,239.607,404.729
32,12,60,57,39.3263,65.3168
32,12,60,58,402.58,205.717
32,12,60,59,449.771,72.1137
33,12,60,0,208.859,308.536
33,12,60,1,79.8133,433.829
33,12,60,2,112.099,432.915
33,12,60,3,264.08,365.121
33,12,60,4,486.262,279.687
33,12,60,5,52.0179,222.211
33,12,60,6,148.19,374.668
33,12,60,7,460.624,26.318
33,12,60,8,337.06,266.864
33,12,60,9,392.415,88.9526
33,12,60,10,10.4484,186.66
33,12,60,11,140.065,179.884
33,12,60,12,275.751,147.456
33,12,60,13,358.503,471.299
33,12,60,14,288.169,405.601
33,12,60,15,246.788,254.97
33,12,60,16,452.192,326.05
33,12,60,17,390.456,212.465
33,12,60,18,65.9937,94.3951
33,12,60,19,254.531,192.674
33,12,60,20,46.2261,248.268
33,12,60,21,26.9748,40.7295
33,12,60,22,273.025,70.8769
33,12,60,23,185.594,454.858
33,12,60,24,163.53,297.023
33,12,60,25,497.745,321.595
33,12,60,26,195.749,343.31
33,12,60,27,349.799,124.533
33,12,60,28,474.094,301.514
33,12,60,29,302.39,160.85
33,12,60,30,119.53,9.25588
33,12,60,31,332.879,337.882
33,12,60,32,447.444,132.654
33,12,60,33,413.301,264.725
33,12,60,34,130.039,49.7107
33,12,60,35,19.1525,478.353
33,12,60,36,34.3786,77.0092
33,12,60,37,438.128,386.912
33,12,60,38,355.875,109.612
33,12,60,39,222.837,497.371
33,12,60,40,424.092,488.251
33,12,60,41,178.472,102.041
33,12,60,42,292.476,206.574
33,12,60,43,69.8694,137.218
33,12,60,44,313.924,173.814
33,12,60,45,153.906,284.604
33,12,60,46,106.449,233.092
33,12,60,47,376.491,459.503
33,12,60,48,401.014,65.2586
33,12,60,49,96.0261,6.31941
33,12,60,50,366.996,20.7212
33,12,60,51,234.1,356.719
33,12,60,52,323.368,155.726
33,12,60,53,86.5525,445.082
33,12,60,54,475.675,394.168
33,12,60,55,173.156,376.861
33,12,60,56,226.426,419.646
33,12,60,57,202.146,237.179
33,12,60,58,427.921,58.2194
33,12,60,59,1.1347,413.774
34,12,60,0,215.511,394.184
34,12,60,1,321.632,223.232
34,12,60,2,327.788,346.607
34,12,60,3,444.354,369.47
34,12,60,4,32.8008,84.499
34,12,60,5,435.832,152.902
34,12,60,6,340.145,230.422
34,12,60,7,70.3219,111.116
34,12,60,8,91.6472,58.1164
34,12,60,9,413.802,265.43
34,12,60,10,203.509,456.226
34,12,60,11,135.516,159.428
34,12,60,12,451.53,4.87796
34,12,60,13,2.92016,105.79
34,12,60,14,9.66595,44.9625
34,12,60,15,55.305,463.92
34,12,60,16,460.314,209.71
34,12,60,17,62.2383,431.167
34,12,60,18,257.488,142.757
34,12,60,19,299.002,171.322
34,12,60,20,246.562,389.85
34,12,60,21,372.169,435.505
34,12,60,22,178.422,208.308
34,12,60,23,389.455,447.974
34,12,60,24,169.336,357.638
34,12,60,25,184.617,324.767
34,12,60,26,426.82,63.9888
34,12,60,27,130.228,185.251
34,12,60,28,303.025,180.787
34,12,60,29,36.0851,10.8642
34,12,60,30,308.406,198.334
34,12,60,31,473.093,361.421
34,12,60,32,419.478,483.698
34,12,60,33,479.855,413.388
34,12,60,34,494.269,236.252
34,12,60,35,103.134,274.445
34,12,60,36,488.369,469.886
34,12,60,37,220.142,377.551
34,12,60,38,396.964,19.2262
34,12,60,39,145.98,481.174
34,12,60,40,153.906,251.964
34,12,60,41,354.612,79.6047
34,12,60,42,406.279,119.529
34,12,60,43,166.404,400.274
34,12,60,44,347.605,330.165
34,12,60,45,194.78,290.021
34,12,60,46,238.101,315.28
34,12,60,47,272.859,131.106
34,12,60,48,19.4397,67.4317
34,12,60,49,229.687,25.0859
34,12,60,50,377.142,249.697
34,12,60,51,47.2511,99.7103
34,12,60,52,76.9902,300.036
34,12,60,53,118.953,424.521
34,12,60,54,113.419,140.952
34,12,60,55,99.1514,35.6943
34,12,60,56,277.78,297.532
34,12,60,57,284.764,275.005
34,12,60,58,363.32,337.8
34,12,60,59,258.671,499.301
35,12,60,0,170.632,128.542
35,12,60,1,43.8767,234.572
35,12,60,2,325.331,152.708
35,12,60,3,66.4283,392.848
35,12,60,4,443.505,83.4053
35,12,60,5,218.761,401.638
35,12,60,6,288.78,291.588
35,12,60,7,367.379,81.9432
35,12,60,8,78.4654,491.395
35,12,60,9,39.0203,455.433
35,12,60,10,342.857,8.14929
35,12,60,11,299.54,32.361
35,12,60,12,246.236,163.212
35,12,60,13,281.742,219.779
35,12,60,14,377.776,135.028
35,12,60,15,454.427,168.978
35,12,60,16,139.411,426.923
35,12,60,17,73.8649,194.803
35,12,60,18,429.646,496.019
35,12,60,19,487.059,211.879
35,12,60,20,205.967,122.564
35,12,60,21,199.113,367.152
35,12,60,22,107.69,16.8032
35,12,60,23,419.308,411.173
35,12,60,24,25.357,69.418
35,12,60,25,132.492,144.546
35,12,60,26,270.679,331.285
35,12,60,27,142.71,274.892
35,12,60,28,232.333,247.975
35,12,60,29,350.423,350.208
35,12,60,30,163.376,33.5582
35,12,60,31,471.034,11.453
35,12,60,32,322.407,180.252
35,12,60,33,21.6466,319.498
35,12,60,34,209.462,276.045
35,12,60,35,263.757,363.605
35,12,60,36,464.51,225.185
35,12,60,37,478.847,345.683
35,12,60,38,301.771,60.9501
35,12,60,39,50.0127,42.0635
35,12,60,40,364.592,387.707
35,12,60,41,404.945,185.84
35,12,60,42,6.27927,422.534
35,12,60,43,397.396,98.7116
35,12,60,44,109.273,469.136
35,12,60,45,308.925,441.924
35,12,60,46,438.766,110.98
35,12,60,47,12.9607,205.14
35,12,60,48,154.874,100.695
35,12,60,49,412.392,466.286
35,12,60,50,385.583,380.292
35,12,60,51,178.163,439.376
35,12,60,52,238.901,295.848
35,12,60,53,191.413,334.481
35,12,60,54,83.8258,265.704
35,12,60,55,253.877,304.356
35,12,60,56,497.87,57.2658
35,12,60,57,123.812,253.165
35,12,60,58,340.012,314.922
35,12,60,59,95.1901,479.503
36,12,60,0,445.332,382.379
36,12,60,1,385.917,110.211
36,12,60,2,327.405,338.188
36,12,60,3,471.804,311.477
36,12,60,4,369.787,156.314
36,12,60,5,246.079,412.416
36,12,60,6,272.956,391.604
36,12,60,7,32.6118,23.285
36,12,60,8,295.845,290.141
36,12,60,9,277.944,144.308
36,12,60,10,136.572,279.127
36,12,60,11,68.3163,182.798
36,12,60,12,338.698,70.014
36,12,60,13,52.3986,323.846
36,12,60,14,101.343,185.499
36,12,60,15,365.32,51.0246
36,12,60,16,399.052,327.802
36,12,60,17,38.3748,219.401
36,12,60,18,224.974,393.647
36,12,60,19,80.4762,366.403
36,12,60,20,111.387,373.881
36,12,60,21,260.698,89.3676
36,12,60,22,313.598,466.386
36,12,60,23,356.994,299.731
36,12,60,24,213.359,252.814
36,12,60,25,12.0261,76.3108
36,12,60,26,436.804,2.46264
36,12,60,27,155.181,200.148
36,12,60,28,194.598,490.253
36,12,60,29,483.568,210.885
36,12,60,30,290.668,422.083
36,12,60,31,124.315,454.649
36,12,60,32,165.415,34.7643
36,12,60,33,433.248,49.9515
36,12,60,34,414.804,435.077
36,12,60,35,129.145,238.306
36,12,60,36,94.2807,261.819
36,12,60,37,492.361,160.868
36,12,60,38,227.429,433.194
36,12,60,39,184.37,123.426
36,12,60,40,307.855,405.144
36,12,60,41,461.812,61.3365
36,12,60,42,322.683,243.507
36,12,60,43,5.91492,32.2632
36,12,60,44,237.804,172.792
36,12,60,45,170.908,130.483
36,12,60,46,342.037,225.298
36,12,60,47,483.173,348.91
36,12,60,48,62.6038,12.9443
36,12,60,49,142.868,92.7918
36,12,60,50,422.284,307.038
36,12,60,51,382.474,104.659
36,12,60,52,48.5149,139.83
36,12,60,53,450.621,468.97
36,12,60,54,404.869,497.113
36,12,60,55,204.326,476.598
36,12,60,56,178.542,448.711
36,12,60,57,22.9277,192.671
36,12,60,58,90.7703,351.914
36,12,60,59,257.084,270.961
37,12,60,0,380.064,238.378
37,12,60,1,267.037,200.22
37,12,60,2,131.293,266.109
37,12,60,3,58.8672,55.1357
37,12,60,4,160.702,485.677
37,12,60,5,326.728,455.614
37,12,60,6,385.087,198.116
37,12,60,7,117.185,176.216
37,12,60,8,478.308,149.297
37,12,60,9,355.447,304.598
37,12,60,10,106.246,122.651
37,12,60,11,68.8499,107.731
37,12,60,12,178.44,400.248
37,12,60,13,486.906,72.8387
37,12,60,14,193.464,495.747
37,12,60,15,283.43,41.6194
37,12,60,16,438.757,365.079
37,12,60,17,368.773,348.225
37,12,60,18,24.277,212.718
37,12,60,19,149.91,277.799
37,12,60,20,461.112,428.59
37,12,60,21,80.5761,309.636
37,12,60,22,88.4312,150.456
37,12,60,23,209.8,247.038
37,12,60,24,230.954,31.2561
37,12,60,25,235.472,467.475
37,12,60,26,470.33,433.415
37,12,60,27,29.6009,18.8785
37,12,60,28,456.159,461.281
37,12,60,29,446.871,45.7544
37,12,60,30,281.177,424.734
37,12,60,31,493.295,166.756
37,12,60,32,426.562,75.5144
37,12,60,33,50.0793,183.549
37,12,60,34,243.824,135.467
37,12,60,35,190.487,63.8848
37,12,60,36,37.9409,254.446
37,12,60,37,151.986,4.5888
37,12,60,38,319.764,373.502
37,12,60,39,393.246,12.6257
37,12,60,40,303.991,384.272
37,12,60,41,169.343,268.899
37,12,60,42,315.243,112.394
37,12,60,43,141.603,89.0109
37,12,60,44,412.561,477.25
37,12,60,45,418.22,445.754
37,12,60,46,338.557,392.615
37,12,60,47,296.954,294.246
37,12,60,48,404.933,159.2
37,12,60,49,220.853,381.648
37,12,60,50,258.75,413.049
37,12,60,51,14.6968,225.656
37,12,60,52,344.891,129.325
37,12,60,53,95.6024,95.0616
37,12,60,54,254.879,220.001
37,12,60,55,203.017,331.119
37,12,60,56,111.318,320.487
37,12,60,57,47.1321,341.413
37,12,60,58,361.26,355.966
37,12,60,59,7.65406,289.134
38,12,60,0,79.7573,198.818
38,12,60,1,469.136,47.8612
38,12,60,2,402.414,316.862
38,12,60,3,355.35,455.974
38,12,60,4,261.76,311.178
38,12,60,5,420.727,123.419
38,12,60,6,441.48,175.948
38,12,60,7,9.88965,57.3109
38,12,60,8,320.242,191.498
38,12,60,9,364.412,146.931
38,12,60,10,455.115,238.66
38,12,60,11,496.627,438.042
38,12,60,12,286.656,408.711
38,12,60,13,373.551,246.091
38,12,60,14,296.644,264.677
38,12,60,15,220.197,331.178
38,12,60,16,95.1565,351.396
38,12,60,17,166.78,111.785
38,12,60,18,382.508,94.3708
38,12,60,19,300.958,387.921
38,12,60,20,225.206,223.396
38,12,60,21,111.234,208.657
38,12,60,22,144.616,307.285
38,12,60,23,245.144,83.851
38,12,60,24,412.513,461.453
38,12,60,25,339.216,375.295
38,12,60,26,120.307,497.904
38,12,60,27,487.531,293.01
38,12,60,28,19.1979,334.76
38,12,60,29,8.33033,231.562
38,12,60,30,235.201,161.732
38,12,60,31,31.7543,425.421
38,12,60,32,73.7165,81.3232
38,12,60,33,462.136,342.44
38,12,60,34,209.306,172.169
38,12,60,35,389.515,475.459
38,12,60,36,50.319,407.814
38,12,60,37,310.868,363.107
38,12,60,38,176.176,285.839
38,12,60,39,152.116,419.588
38,12,60,40,281.372,444.185
38,12,60,41,391.702,102.505
38,12,60,42,131.175,200.777
38,12,60,43,477.854,253.286
38,12,60,44,45.7207,24.1528
38,12,60,45,269.431,470.465
38,12,60,46,343.651,69.8036
38,12,60,47,445.65,368.233
38,12,60,48,185.31,391.779
38,12,60,49,87.4341,139.992
38,12,60,50,428.338,1.39792
38,12,60,51,331.4,39.5899
38,12,60,52,134.703,15.0772
38,12,60,53,193.374,154.003
38,12,60,54,250.888,486.324
38,12,60,55,205.628,66.5499
38,12,60,56,165.114,132.914
38,12,60,57,66.5648,272.905
38,12,60,58,35.7936,27.321
38,12,60,59,107.732,275.872
39,12,60,0,227.58,376.072
39,12,60,1,201.063,151.665
39,12,60,2,163.314,130.273
39,12,60,3,345.21,311.456
39,12,60,4,324.476,278.31
39,12,60,5,268.813,175.193
39,12,60,6,428.457,236.099
39,12,60,7,245.528,363.886
39,12,60,8,239.691,274.626
39,12,60,9,78.1924,207.998
39,12,60,10,193.976,405.334
39,12,60,11,414.803,441.555
39,12,60,12,397.087,99.2673
39,12,60,13,60.339,84.8627
39,12,60,14,116.418,305.28
39,12,60,15,21.8292,357.17
39,12,60,16,277.609,371.307
39,12,60,17,388.878,112.662
39,12,60,18,44.4584,450.383
39,12,60,19,169.543,24.9266
39,12,60,20,492.289,426.94
39,12,60,21,438.484,12.7121
39,12,60,22,326.959,391.647
39,12,60,23,491.298,479.613
39,12,60,24,294.45,140.668
39,12,60,25,103.883,77.2123
39,12,60,26,39.2063,295.097
39,12,60,27,259.381,73.7606
39,12,60,28,304.362,340.689
39,12,60,29,369.077,422.21
39,12,60,30,447.94,499.925
39,12,60,31,473.175,224.233
39,12,60,32,363.134,42.7938
39,12,60,33,254.516,287.332
39,12,60,34,483.329,395.243
39,12,60,35,284.211,415.539
39,12,60,36,55.4404,466.66
39,12,60,37,218.781,257.757
39,12,60,38,30.0838,123.848
39,12,60,39,73.6064,485.645
39,12,60,40,189.6,473.62
39,12,60,41,211.19,27.5882
39,12,60,42,453.667,107.286
39,12,60,43,154.264,142.114
39,12,60,44,148.861,346.025
39,12,60,45,139.246,64.9039
39,12,60,46,465.702,229.865
39,12,60,47,181.04,173
39,12,60,48,14.3289,4.54376
39,12,60,49,311.015,162.79
39,12,60,50,94.5513,186.447
39,12,60,51,124.729,54.8493
39,12,60,52,90.3423,213.978
39,12,60,53,337.29,442.539
39,12,60,54,401.572,259.549
39,12,60,55,350.797,318.813
39,12,60,56,125.949,326.455
39,12,60,57,420.228,242.121
39,12,60,58,381.228,198.164
39,12,60,59,7.06883,40.2007
40,12,60,0,183.767,291.501
40,12,60,1,378.722,474.202
40,12,60,2,292.223,65.1408
40,12,60,3,193.415,26.7937
40,12,60,4,95.199,298.411
40,12,60,5,462.59,160.533
40,12,60,6,222.871,324.092
40,12,60,7,403.085,301.916
40,12,60,8,232.18,57.4326
40,12,60,9,149.371,367.447
40,12,60,10,323.664,190.002
40,12,60,11,70.2867,127.001
40,12,60,12,351.777,35.5871
40,12,60,13,152.56,212.209
40,12,60,14,207.294,271.421
40,12,60,15,477.906,135.411
40,12,60,16,56.087,419.678
40,12,60,17,424.404,437.375
40,12,60,18,23.0563,147.285
40,12,60,19,176.116,258.413
40,12,60,20,456.997,69.104
40,12,60,21,32.1222,171.345
40,12,60,22,33.9649,42.3872
40,12,60,23,282.982,105.322
40,12,60,24,492.941,365.549
40,12,60,25,473.341,109.273
40,12,60,26,235.168,232.437
40,12,60,27,309.489,247.053
40,12,60,28,302.5,1.92198
40,12,60,29,164.871,344.822
40,12,60,30,392.743,327.401
40,12,60,31,80.1467,123.647
40,12,60,32,348.482,411.55
40,12,60,33,15.475,78.3919
40,12,60,34,139.618,429.292
40,12,60,35,106.944,376.043
40,12,60,36,266.078,461.648
40,12,60,37,387.036,338.835
40,12,60,38,364.24,175.704
40,12,60,39,444.834,207.504
40,12,60,40,172.571,311.675
40,12,60,41,253.29,87.7163
40,12,60,42,331.558,13.3302
40,12,60,43,429.347,388.062
40,12,60,44,291.572,236.132
40,12,60,45,65.8435,451.048
40,12,60,46,337.146,251.087
40,12,60,47,111.326,491.471
40,12,60,48,436.69,156.058
40,12,60,49,45.5725,356.923
40,12,60,50,216.498,283.21
40,12,60,51,247.163,398.897
40,12,60,52,118.706,495.842
40,12,60,53,368.443,446.704
40,12,60,54,128.565,405.73
40,12,60,55,490.256,223.087
40,12,60,56,409.14,97.5853
40,12,60,57,5.6882,478.312
40,12,60,58,88.406,198.197
40,12,60,59,270.563,16.9223
41,12,60,0,484.125,289.812
41,12,60,1,246.3,75.8675
41,12,60,2,16.4097,410.425
41,12,60,3,339.444,295.106
41,12,60,4,101.242,305.845
41,12,60,5,60.9405,480.771
41,12,60,6,146.604,4.2103
41,12,60,7,20.5041,406.256
41,12,60,8,172.351,65.5729
41,12,60,9,364.545,87.8675
41,12,60,10,26.0171,92.107
41,12,60,11,115.255,150.262
41,12,60,12,210.737,456.565
41,12,60,13,469.836,275.026
41,12,60,14,85.7043,361.225
41,12,60,15,371.35,390.651
41,12,60,16,436.269,351.379
41,12,60,17,283.466,470.444
41,12,60,18,205.942,460.135
41,12,60,19,228.734,123.662
41,12,60,20,195.997,131.22
41,12,60,21,218.62,431.58
41,12,60,22,301.664,54.8893
41,12,60,23,272.778,226.433
41,12,60,24,36.3521,46.4098
41,12,60,25,421.082,109.474
41,12,60,26,152.849,420.203
41,12,60,27,4.0182,244.206
41,12,60,28,358.212,100.745
41,12,60,29,313.828,139.478
41,12,60,30,238.281,266.529
41,12,60,31,478.399,496.602
41,12,60,32,119.041,370.609
41,12,60,33,346.037,255.44
41,12,60,34,398.638,241.11
41,12,60,35,291.715,142.707
41,12,60,36,79.0927,28.7794
41,12,60,37,50.0729,309.298
41,12,60,38,403.881,171.3
41,12,60,39,381.777,194.787
41,12,60,40,391.643,439.11
41,12,60,41,48.1428,74.6313
41,12,60,42,73.8408,445.99
41,12,60,43,496.175,320.948
41,12,60,44,425.955,202.743
41,12,60,45,327.136,378.248
41,12,60,46,186.893,340.336
41,12,60,47,450.362,330.313
41,12,60,48,260.051,179.798
41,12,60,49,253.33,40.6174
41,12,60,50,411.75,163.066
41,12,60,51,321.765,345.121
41,12,60,52,98.8257,397.964
41,12,60,53,182.467,9.45024
41,12,60,54,276.67,22.6325
41,12,60,55,462.32,217.742
41,12,60,56,136.602,212.997
41,12,60,57,158.549,270.2
41,12,60,58,447.891,185.061
41,12,60,59,126.243,489.68
42,12,60,0,148.766,202.396
42,12,60,1,322.801,337.317
42,12,60,2,267.168,40.5078
42,12,60,3,360.307,448.446
42,12,60,4,213.701,248.578
42,12,60,5,404.842,497.805
42,12,60,6,219.668,109.457
42,12,60,7,160.022,65.2808
42,12,60,8,9.44105,217.191
42,12,60,9,37.1759,230.982
42,12,60,10,204.826,30.3559
42,12,60,11,197.055,269.931
42,12,60,12,347.498,130.474
42,12,60,13,412.457,453.645
42,12,60,14,265.724,265.892
42,12,60,15,237.162,366.087
42,12,60,16,286.266,288.053
42,12,60,17,57.0895,89.3502
42,12,60,18,334.37,210.241
42,12,60,19,376.304,170.519
42,12,60,20,276.658,234.812
42,12,60,21,94.0287,460.219
42,12,60,22,493.428,3.08165
42,12,60,23,232.518,186.916
42,12,60,24,136.272,51.6905
42,12,60,25,462.454,405.805
42,12,60,26,392.684,491.473
42,12,60,27,311.909,314.148
42,12,60,28,373.134,303.413
42,12,60,29,490.051,182.054
42,12,60,30,447.698,354.754
42,12,60,31,120.985,380.797
42,12,60,32,257.356,192.394
42,12,60,33,23.4984,80.714
42,12,60,34,418.833,371.491
42,12,60,35,185.417,427.318
42,12,60,36,174.517,409.624
42,12,60,37,0.454498,117.822
42,12,60,38,467.033,143.721
42,12,60,39,100.063,13.2612
42,12,60,40,109.646,481.68
42,12,60,41,332.92,392.655
42,12,60,42,242.068,67.0217
42,12,60,43,350.813,17.0627
42,12,60,44,86.0694,292.297
42,12,60,45,150.81,332.4
42,12,60,46,46.6968,434.28
42,12,60,47,303.504,93.2198
42,12,60,48,179.348,102.124
42,12,60,49,29.2475,324.959
42,12,60,50,68.7034,158.846
42,12,60,51,296.968,256.663
42,12,60,52,430.105,417.051
42,12,60,53,384.432,151.101
42,12,60,54,439.627,386.53
42,12,60,55,452.064,276.888
42,12,60,56,77.211,49.0089
42,12,60,57,477.661,468.209
42,12,60,58,61.6594,138.118
42,12,60,59,128.71,342.214
43,12,60,0,453.01,32.1351
43,12,60,1,316.271,240.392
43,12,60,2,35.2735,331.027
43,12,60,3,361.662,16.5432
43,12,60,4,247.309,250.162
43,12,60,5,291.458,96.049
43,12,60,6,112.302,156.801
43,12,60,7,141.425,452.337
43,12,60,8,423.991,148.222
43,12,60,9,170.123,409.647
43,12,60,10,164.337,474.641
43,12,60,11,190.74,392.843
43,12,60,12,44.2389,313.463
43,12,60,13,260.646,193.88
43,12,60,14,403.939,433.657
43,12,60,15,444.531,421.998
43,12,60,16,70.4289,17.92
43,12,60,17,254.661,306.218
43,12,60,18,377.438,497.18
43,12,60,19,326.503,273.069
43,12,60,20,489.961,211.922
43,12,60,21,63.0188,82.4166
43,12,60,22,13.6458,317.654
43,12,60,23,306.541,221.279
43,12,60,24,104.188,247.809
43,12,60,25,201.604,88.0115
43,12,60,26,384.377,370.855
43,12,60,27,118.444,183.751
43,12,60,28,280.78,229.572
43,12,60,29,414.274,175.969
43,12,60,30,150.465,278.088
43,12,60,31,26.8048,124.091
43,12,60,32,76.8548,483.342
43,12,60,33,461.358,66.4816
43,12,60,34,2.35206,263.74
43,12,60,35,494.683,346.631
43,12,60,36,334.045,292.68
43,12,60,37,428.96,54.5829
43,12,60,38,438.763,353.025
43,12,60,39,466.87,445.243
43,12,60,40,177.234,459.222
43,12,60,41,125.496,132.994
43,12,60,42,58.0425,46.0521
43,12,60,43,344.278,429.198
43,12,60,44,216.123,6.56126
43,12,60,45,145.063,335.519
43,12,60,46,370.492,101.318
43,12,60,47,91.3846,402.442
43,12,60,48,394.188,161.443
43,12,60,49,480.968,38.8674
43,12,60,50,92.4087,358.553
43,12,60,51,236.909,71.7289
43,12,60,52,292.292,139.998
43,12,60,53,21.7722,290.469
43,12,60,54,225.897,201.785
43,12,60,55,222.984,390.581
43,12,60,56,198.939,476.418
43,12,60,57,318.565,113.631
43,12,60,58,353.609,171.968
43,12,60,59,272.636,379.037
44,12,60,0,140.244,497.987
44,12,60,1,180.905,416.295
44,12,60,2,30.1221,420.687
44,12,60,3,435.485,405.62
44,12,60,4,409.902,371.558
44,12,60,5,343.829,32.9327
44,12,60,6,90.8993,188.2
44,12,60,7,313.844,224.841
44,12,60,8,39.4094,282.323
44,12,60,9,365.106,341.788
44,12,60,10,324.539,286.646
44,12,60,11,152.238,239.882
44,12,60,12,98.9632,176.175
44,12,60,13,235.381,0.297415
44,12,60,14,350.842,209.439
44,12,60,15,197.478,428.534
44,12,60,16,74.4903,86.3253
44,12,60,17,187.486,201.967
44,12,60,18,287.244,446.583
44,12,60,19,60.5336,365.928
44,12,60,20,173.447,108.138
44,12,60,21,259.139,172.766
44,12,60,22,495.246,46.5462
44,12,60,23,162.157,191.775
44,12,60,24,422.713,300.806
44,12,60,25,145.172,18.7113
44,12,60,26,373.661,40.1571
44,12,60,27,448.298,134.666
44,12,60,28,390.08,483.95
44,12,60,29,121.192,79.5216
44,12,60,30,307.764,473.031
44,12,60,31,10.1496,462.486
44,12,60,32,103.675,73.8098
44,12,60,33,133.24,353.967
44,12,60,34,230.962,309.688
44,12,60,35,338.988,380.031
44,12,60,36,222.956,325.97
44,12,60,37,483.759,8.59287
44,12,60,38,208.437,387.342
44,12,60,39,483.075,298.861
44,12,60,40,245.075,480.909
44,12,60,41,379.465,263.491
44,12,60,42,56.8811,323.797
44,12,60,43,3.85772,50.1961
44,12,60,44,271.031,143.297
44,12,60,45,394.392,338.071
44,12,60,46,431.408,97.4132
44,12,60,47,18.9982,233.136
44,12,60,48,115.3,433.97
44,12,60,49,47.1811,60.8253
44,12,60,50,251.288,269.621
44,12,60,51,293.275,457.888
44,12,60,52,327.562,393.851
44,12,60,53,201.179,124.31
44,12,60,54,455.891,256.959
44,12,60,55,405.434,155.558
44,12,60,56,80.3846,112.03
44,12,60,57,474.822,243.126
44,12,60,58,276.086,164.54
44,12,60,59,465.474,128.462
45,12,60,0,287.847,340.709
45,12,60,1,103.394,236.372
45,12,60,2,193.323,253.454
45,12,60,3,271.396,489.103
45,12,60,4,115.43,30.361
45,12,60,5,304.787,61.117
45,12,60,6,445.33,5.46808
45,12,60,7,167.574,151.4
45,12,60,8,153.011,186.919
45,12,60,9,235.515,265.421
45,12,60,10,94.5703,175.053
45,12,60,11,207.719,309.374
45,12,60,12,116.756,112.465
45,12,60,13,55.6232,406.134
45,12,60,14,83.7654,100.573
45,12,60,15,329.15,43.9069
45,12,60,16,390.051,69.5452
45,12,60,17,440.206,432.832
45,12,60,18,165.636,451.918
45,12,60,19,257.8,351.369
45,12,60,20,242.189,477.995
45,12,60,21,479.889,320.518
45,12,60,22,182.134,439.156
45,12,60,23,5.6246,204.475
45,12,60,24,38.5692,421.946
45,12,60,25,366.665,282.994
45,12,60,26,144.044,233.031
45,12,60,27,459.559,249.756
45,12,60,28,417.218,497.543
45,12,60,29,382.788,172.615
45,12,60,30,65.1081,272.137
45,12,60,31,415.283,469.892
45,12,60,32,133.338,75.7358
45,12,60,33,295.525,295.668
45,12,60,34,336.489,57.6386
45,12,60,35,316.663,415.071
45,12,60,36,42.8878,392.372
45,12,60,37,493.219,385.38
45,12,60,38,8.52695,87.2764
45,12,60,39,129.415,290.945
45,12,60,40,474.217,222.406
45,12,60,41,353.433,212.397
45,12,60,42,224.488,9.81409
45,12,60,43,230.138,332.5
45,12,60,44,277.82,345.734
45,12,60,45,374.777,139.877
45,12,60,46,187.046,365.596
45,12,60,47,320.833,39.0901
45,12,60,48,18.0993,128.608
45,12,60,49,73.4842,19.5055
45,12,60,50,346.12,160.545
45,12,60,51,431.678,368.333
45,12,60,52,399.692,380.94
45,12,60,53,263.331,442.956
45,12,60,54,491.44,304.38
45,12,60,55,213.235,462.705
45,12,60,56,405.437,96.3998
45,12,60,57,453.989,194.659
45,12,60,58,79.7165,147.109
45,12,60,59,31.8437,122.332
46,12,60,0,419.37,134.913
46,12,60,1,402.137,15.3581
46,12,60,2,173.376,427.679
46,12,60,3,318.013,352.171
46,12,60,4,315.381,69.6694
46,12,60,5,440.588,318.237
46,12,60,6,376.371,64.9731
46,12,60,7,288.862,184.562
46,12,60,8,220.048,492.873
46,12,60,9,20.8911,411.826
46,12,60,10,356.479,91.574
46,12,60,11,305.168,418.56
46,12,60,12,414.647,171.8
46,12,60,13,427.76,468.84
46,12,60,14,176.537,328.324
46,12,60,15,296.85,251.555
46,12,60,16,100.71,145.525
46,12,60,17,491.809,463.639
46,12,60,18,185.632,364.313
46,12,60,19,228.786,368.619
46,12,60,20,385.008,340.612
46,12,60,21,490.375,346.567
46,12,60,22,155.294,402.64
46,12,60,23,34.4775,289.975
46,12,60,24,28.6018,108.032
46,12,60,25,346.794,160.465
46,12,60,26,341.002,110.12
46,12,60,27,396.258,261.486
46,12,60,28,209.435,219.86
46,12,60,29,276.89,123.407
46,12,60,30,331.223,81.4162
46,12,60,31,372.104,268.117
46,12,60,32,58.5363,241.314
46,12,60,33,448.283,20.4215
46,12,60,34,49.5641,210.508
46,12,60,35,260.955,488.838
46,12,60,36,244.197,150.146
46,12,60,37,268.376,249.344
46,12,60,38,137.825,28.366
46,12,60,39,117.575,194.395
46,12,60,40,208.237,206
46,12,60,41,99.0421,386.695
46,12,60,42,81.2989,277.663
46,12,60,43,233.493,180.154
46,12,60,44,55.2999,375.743
46,12,60,45,69.2159,457.17
46,12,60,46,364.969,396.973
46,12,60,47,452.351,299.282
46,12,60,48,195.187,229.451
46,12,60,49,166.164,310.445
46,12,60,50,83.7591,36.6091
46,12,60,51,146.532,51.8516
46,12,60,52,110.539,439.753
46,12,60,53,483.296,132.848
46,12,60,54,130.901,0.845561
46,12,60,55,2.48931,446.205
46,12,60,56,253.786,43.6459
46,12,60,57,15.0668,303.281
46,12,60,58,462.336,477.717
46,12,60,59,467.369,92.0138
47,12,60,0,487.517,237.936
47,12,60,1,434.615,281.744
47,12,60,2,83.2836,216.86
47,12,60,3,257.856,347.811
47,12,60,4,461.597,284.68
47,12,60,5,417.925,491.534
47,12,60,6,350.224,400.06
47,12,60,7,314.23,11.9316
47,12,60,8,217.567,210.072
47,12,60,9,385.464,116.044
47,12,60,10,146.954,2.28097
47,12,60,11,243.621,204.767
47,12,60,12,10.7842,233.159
47,12,60,13,48.8175,267.133
47,12,60,14,290.27,179.947
47,12,60,15,372.256,76.8881
47,12,60,16,480.17,31.4307
47,12,60,17,160.069,421.112
47,12,60,18,401.852,120.951
47,12,60,19,432.445,388.971
47,12,60,20,37.6125,44.1367
47,12,60,21,106.499,330.56
47,12,60,22,467.087,426.401
47,12,60,23,260.786,416.501
47,12,60,24,173.415,184.992
47,12,60,25,208.723,157.52
47,12,60,26,131.343,142.299
47,12,60,27,141.238,464.374
47,12,60,28,28.2768,87.1655
47,12,60,29,393.34,338.863
47,12,60,30,495.29,362.59
47,12,60,31,376.694,194.274
47,12,60,32,64.8481,252.287
47,12,60,33,85.1478,304.657
47,12,60,34,69.615,17.2161
47,12,60,35,296.039,350.216
47,12,60,36,444.501,292.366
47,12,60,37,366.527,320.263
47,12,60,38,240.854,128.884
47,12,60,39,18.0358,92.2986
47,12,60,40,50.6504,105.779
47,12,60,41,230.791,392.801
47,12,60,42,153.19,162.728
47,12,60,43,339.233,433.343
47,12,60,44,300.518,381.568
47,12,60,45,203.068,496.119
47,12,60,46,277.713,62.1854
47,12,60,47,271.15,242.486
47,12,60,48,412.06,444.296
47,12,60,49,96.6659,369.5
47,12,60,50,0.506116,473.224
47,12,60,51,192.149,72.4397
47,12,60,52,181.402,312.542
47,12,60,53,331.882,263.279
47,12,60,54,346.841,453.364
47,12,60,55,183.923,50.6843
47,12,60,56,457.538,36.8139
47,12,60,57,116.519,477.27
47,12,60,58,117.144,134.677
47,12,60,59,320.712,174.722
48,12,60,0,471.321,482.241
48,12,60,1,449.149,408.902
48,12,60,2,262.796,349.589
48,12,60,3,235.156,139.761
48,12,60,4,136.833,243.495
48,12,60,5,458.479,450.334
48,12,60,6,358.023,394.565
48,12,60,7,490.34,192.394
48,12,60,8,380.641,461.051
48,12,60,9,26.6046,268.441
48,12,60,10,432.124,168.705
48,12,60,11,457.47,250.14
48,12,60,12,319.837,260.897
48,12,60,13,18.2302,161.987
48,12,60,14,198.068,407.456
48,12,60,15,440.846,487.767
48,12,60,16,333.684,36.3474
48,12,60,17,422.495,226.621
48,12,60,18,67.4216,107.608
48,12,60,19,346.822,285.949
48,12,60,20,274.644,121.885
48,12,60,21,220.361,142.929
48,12,60,22,49.3147,97.9116
48,12,60,23,242.465,299.102
48,12,60,24,79.8822,316.489
48,12,60,25,412.706,60.299
48,12,60,26,54.1736,364.446
48,12,60,27,383.469,128.534
48,12,60,28,161.128,219.338
48,12,60,29,144.412,441.968
48,12,60,30,306.888,69.7595
48,12,60,31,154.72,323.007
48,12,60,32,131.395,468.621
48,12,60,33,108.301,151.366
48,12,60,34,109.704,83.7839
48,12,60,35,210.712,353.049
48,12,60,36,92.5333,203.858
48,12,60,37,297.147,3.08607
48,12,60,38,233.248,179.167
48,12,60,39,208.235,378.609
48,12,60,40,122.898,417.784
48,12,60,41,289.998,240.281
48,12,60,42,482.723,328.876
48,12,60,43,399.314,341.217
48,12,60,44,62.6757,211.609
48,12,60,45,35.0863,301.635
48,12,60,46,186.452,26.6326
48,12,60,47,13.6036,499.593
48,12,60,48,369.262,56.5637
48,12,60,49,327.11,389.871
48,12,60,50,88.1949,11.7701
48,12,60,51,280.14,439.193
48,12,60,52,312.463,113.492
48,12,60,53,405.254,278.744
48,12,60,54,6.06528,42.4347
48,12,60,55,168.619,188.378
48,12,60,56,180.429,370.782
48,12,60,57,253.295,22.1279
48,12,60,58,492.019,433.174
48,12,60,59,364.715,80.8689
49,12,60,0,28.9315,484.764
49,12,60,1,4.12628,241.249
49,12,60,2,36.4828,75.3075
49,12,60,3,488.788,267.106
49,12,60,4,184.717,387.637
49,12,60,5,478.568,217.902
49,12,60,6,87.1179,334.823
49,12,60,7,142.647,285.635
49,12,60,8,47.7428,260.882
49,12,60,9,70.3239,293.355
49,12,60,10,343.485,227.671
49,12,60,11,325.986,254.09
49,12,60,12,253.094,13.7388
49,12,60,13,335.125,30.5671
49,12,60,14,199.044,163.946
49,12,60,15,219.922,195.064
49,12,60,16,448.533,300.864
49,12,60,17,64.8325,352.574
49,12,60,18,270.469,367.81
49,12,60,19,408.235,180.192
49,12,60,20,362.151,428.783
49,12,60,21,239.316,89.3516
49,12,60,22,249.527,5.94639
49,12,60,23,307.855,448.308
49,12,60,24,140.12,45.3097
49,12,60,25,498.628,399.72
49,12,60,26,169.652,456.915
49,12,60,27,81.8612,416.109
49,12,60,28,427.684,128.054
49,12,60,29,421.183,56.5249
49,12,60,30,293.866,168.357
49,12,60,31,354.857,209.542
49,12,60,32,260.446,281.295
49,12,60,33,439.822,379.892
49,12,60,34,281.337,325.126
49,12,60,35,366.695,71.1113
49,12,60,36,14.6584,320.985
49,12,60,37,117.252,246.83
49,12,60,38,24.5532,33.5992
49,12,60,39,377.449,111.988
49,12,60,40,465.906,362.094
49,12,60,41,114.94,98.7109
49,12,60,42,408.38,58.6726
49,12,60,43,457.617,204.772
49,12,60,44,58.2431,103.922
49,12,60,45,100.341,495.406
49,12,60,46,230.469,348.037
49,12,60,47,214.464,117.189
49,12,60,48,160.567,21.0256
49,12,60,49,157.754,153.225
49,12,60,50,394.817,417.914
49,12,60,51,471.553,468.278
49,12,60,52,312.417,314.568
49,12,60,53,320.313,186.756
49,12,60,54,283.367,137.872
49,12,60,55,384.649,439.537
49,12,60,56,208.204,144.956
49,12,60,57,91.7329,459.717
49,12,60,58,179.671,407.768
49,12,60,59,131.696,478.612
50,12,60,0,260.867,259.633
50,12,60,1,451.186,381.705
50,12,60,2,177.977,396.385
50,12,60,3,222.516,36.5572
50,12,60,4,172.104,26.0115
50,12,60,5,339.699,162.162
50,12,60,6,53.5661,116.053
50,12,60,7,152.126,142.312
50,12,60,8,493.061,285.919
50,12,60,9,276.498,87.1724
50,12,60,10,310.184,363.001
50,12,60,11,370.179,237.213
50,12,60,12,38.0656,300.171
50,12,60,13,225.876,384.143
50,12,60,14,426.72,105.64
50,12,60,15,409.384,203.575
50,12,60,16,487.977,198.495
50,12,60,17,59.8609,339.352
50,12,60,18,437.698,157.612
50,12,60,19,12.5384,410.21
50,12,60,20,49.3025,470.128
50,12,60,21,6.42429,439.351
50,12,60,22,399.125,277.53
50,12,60,23,67.859,326.22
50,12,60,24,479.832,293.131
50,12,60,25,297.949,96.7261
50,12,60,26,365.791,123.358
50,12,60,27,199.747,55.853
50,12,60,28,89.5485,465.358
50,12,60,29,133.152,353.108
50,12,60,30,376.147,369.413
50,12,60,31,143.507,228.487
50,12,60,32,22.0625,453.021
50,12,60,33,474.646,445.103
50,12,60,34,350.844,77.4414
50,12,60,35,329.459,188.886
50,12,60,36,215.812,429.248
50,12,60,37,77.5298,349.983
50,12,60,38,95.4161,169.04
50,12,60,39,248.09,423.488
50,12,60,40,405.457,481.533
50,12,60,41,191.509,68.3028
50,12,60,42,28.9107,182.005
50,12,60,43,114.589,324.556
50,12,60,44,135.381,244.68
50,12,60,45,290.593,138.279
50,12,60,46,387.294,219.346
50,12,60,47,258.095,45.3644
50,12,60,48,119.961,13.5769
50,12,60,49,465.378,7.28625
50,12,60,50,202.378,309.373
50,12,60,51,317.449,257.023
50,12,60,52,346.116,131.201
50,12,60,53,418.923,485.426
50,12,60,54,272.291,18.253
50,12,60,55,305.207,400.561
50,12,60,56,237.8,271.057
50,12,60,57,442.416,211.841
50,12,60,58,105.731,63.9871
50,12,60,59,164.36,494.01
51,12,60,0,425.164,20.9586
51,12,60,1,26.141,10.0843
51,12,60,2,423.058,25.3828
51,12,60,3,161.473,98.2898
51,12,60,4,292.4,117.036
51,12,60,5,101.114,332.809
51,12,60,6,77.6503,146.546
51,12,60,7,175.17,298.768
51,12,60,8,390.855,288.069
51,12,60,9,406.645,470.024
51,12,60,10,12.8584,416.809
51,12,60,11,208.86,352.346
51,12,60,12,129.683,264.373
51,12,60,13,95.8039,450.587
51,12,60,14,170.212,270.691
51,12,60,15,271.979,478.314
51,12,60,16,238.367,363.815
51,12,60,17,188.37,228.053
51,12,60,18,411.082,243.57
51,12,60,19,305.103,486.673
51,12,60,20,344.408,48.198
51,12,60,21,257.458,392.91
51,12,60,22,242.041,368.345
51,12,60,23,154.319,322.295
51,12,60,24,19.4878,213.058
51,12,60,25,47.149,409.119
51,12,60,26,490.328,182.83
51,12,60,27,149.507,83.7706
51,12,60,28,372.844,69.5216
51,12,60,29,469.416,126.081
51,12,60,30,199.226,198.343
51,12,60,31,477.62,462.989
51,12,60,32,440.353,250.149
51,12,60,33,201.465,310.285
51,12,60,34,265.754,173.819
51,12,60,35,336.763,307.541
51,12,60,36,135.959,164.349
51,12,60,37,378.303,429.117
51,12,60,38,397.582,217.608
51,12,60,39,65.1782,108.79
51,12,60,40,289.651,203.6
51,12,60,41,86.1359,382.231
51,12,60,42,353.22,345.665
51,12,60,43,312.717,340.764
51,12,60,44,111.545,33.8065
51,12,60,45,117.451,65.4521
51,12,60,46,321.512,405.929
51,12,60,47,496.474,102.993
51,12,60,48,224.272,184.871
51,12,60,49,447.256,75.423
51,12,60,50,50.0165,385.902
51,12,60,51,462.203,133.52
51,12,60,52,233.318,442.337
51,12,60,53,453.425,5.86148
51,12,60,54,364.477,233.795
51,12,60,55,277.811,154.676
51,12,60,56,36.4135,441.206
51,12,60,57,327.151,499.669
51,12,60,58,2.72114,280.129
51,12,60,59,74.3457,53.232
52,12,60,0,215.417,63.369
52,12,60,1,429.325,456.912
52,12,60,2,54.0361,284.488
52,12,60,3,351.186,328.151
52,12,60,4,234.148,346.735
52,12,60,5,102.444,54.0672
52,12,60,6,459.568,206.287
52,12,60,7,219.786,319.222
52,12,60,8,28.6727,32.8011
52,12,60,9,310.14,1.64947
52,12,60,10,328.549,302.651
52,12,60,11,335.872,126.366
52,12,60,12,284.586,279.405
52,12,60,13,152.369,84.002
52,12,60,14,62.6242,159.158
52,12,60,15,468.19,490.562
52,12,60,16,34.7518,419.745
52,12,60,17,415.747,113.517
52,12,60,18,112.684,121.795
52,12,60,19,295.576,406.882
52,12,60,20,90.3637,462.882
52,12,60,21,392.078,385.157
52,12,60,22,243.173,220.411
52,12,60,23,436.543,188.931
52,12,60,24,170.077,135.861
52,12,60,25,229.122,444.812
52,12,60,26,478.519,312.87
52,12,60,27,301.304,34.344
52,12,60,28,344.326,382.381
52,12,60,29,14.9569,44.897
52,12,60,30,449.293,212.809
52,12,60,31,451.903,467.731
52,12,60,32,494.8,372.152
52,12,60,33,489.008,248.263
52,12,60,34,123.513,68.7831
52,12,60,35,198.527,228.681
52,12,60,36,17.4515,271.384
52,12,60,37,133.832,250.071
52,12,60,38,268.467,395.617
52,12,60,39,277.263,436.934
52,12,60,40,159.317,14.1538
52,12,60,41,81.04,174.536
52,12,60,42,406.242,299.94
52,12,60,43,71.4051,496.86
52,12,60,44,374.99,199.297
52,12,60,45,48.7661,430.373
52,12,60,46,257.693,23.5096
52,12,60,47,129.93,181.03
52,12,60,48,177.741,359.646
52,12,60,49,382.231,91.9508
52,12,60,50,366.076,234.226
52,12,60,51,187.01,480.502
52,12,60,52,390.259,101.948
52,12,60,53,260.286,336.661
52,12,60,54,201.102,264.394
52,12,60,55,420.785,416.485
52,12,60,56,147.389,81.3822
52,12,60,57,0.0622105,150.453
52,12,60,58,317.918,352.032
52,12,60,59,98.1397,144.563
53,12,60,0,491.956,379.635
53,12,60,1,196.45,392.239
53,12,60,2,168.084,310.471
53,12,60,3,373.593,195.544
53,12,60,4,378.816,5.90209
53,12,60,5,461.373,235.042
53,12,60,6,2.61869,485.737
53,12,60,7,237.149,297.715
53,12,60,8,487.045,170.418
53,12,60,9,390.754,140.2
53,12,60,10,42.2835,472.111
53,12,60,11,263.424,432.777
53,12,60,12,414.981,391.238
53,12,60,13,310.761,177.14
53,12,60,14,434.752,77.7063
53,12,60,15,23.0957,413.026
53,12,60,16,298.403,304.298
53,12,60,17,286.655,208.51
53,12,60,18,181.313,354.958
53,12,60,19,109.002,478.291
53,12,60,20,442.019,118.65
53,12,60,21,209.617,99.9064
53,12,60,22,394.616,267.094
53,12,60,23,105.957,362.559
53,12,60,24,307.85,60.4686
53,12,60,25,353.065,442.687
53,12,60,26,407.853,285.31
53,12,60,27,482.441,186.579
53,12,60,28,14.5079,320.775
53,12,60,29,121.852,243.527
53,12,60,30,348.111,343.404
53,12,60,31,361.669,224.768
53,12,60,32,29.4332,145.843
53,12,60,33,276.195,158.504
53,12,60,34,217.694,454.583
53,12,60,35,137.522,71.2361
53,12,60,36,54.1273,152.259
53,12,60,37,452.526,262.248
53,12,60,38,82.6967,340.566
53,12,60,39,157.114,328.693
53,12,60,40,90.7379,129.852
53,12,60,41,143.683,400.66
53,12,60,42,96.8432,43.8196
53,12,60,43,231.807,206.147
53,12,60,44,323.305,103.417
53,12,60,45,466.927,54.8799
53,12,60,46,58.9528,493.722
53,12,60,47,128.452,87.9298
53,12,60,48,421.49,33.1271
53,12,60,49,248.058,39.2942
53,12,60,50,203.403,417.354
53,12,60,51,188.152,459.965
53,12,60,52,160.031,372.707
53,12,60,53,73.447,22.7061
53,12,60,54,333.491,225.16
53,12,60,55,41.4195,281.232
53,12,60,56,428.226,257.035
53,12,60,57,271.226,11.7175
53,12,60,58,331.449,441.619
53,12,60,59,258.297,116.514
54,12,60,0,69.2543,394.757
54,12,60,1,88.1344,19.1746
54,12,60,2,470.29,112.59
54,12,60,3,145.831,363.773
54,12,60,4,368.741,135.158
54,12,60,5,27.6868,416.368
54,12,60,6,53.2625,78.4456
54,12,60,7,24.71,310.004
54,12,60,8,4.20886,256.859
54,12,60,9,494.335,497.91
54,12,60,10,460.154,384.339
54,12,60,11,442.341,194.397
54,12,60,12,82.9061,148.326
54,12,60,13,60.1339,355.863
54,12,60,14,171.801,408.256
54,12,60,15,258.65,226.296
54,12,60,16,278.221,152.503
54,12,60,17,139.936,335.582
54,12,60,18,201.799,238.203
54,12,60,19,266.68,34.6298
54,12,60,20,418.468,52.7191
54,12,60,21,214.734,73.3784
54,12,60,22,158.65,104.728
54,12,60,23,346.675,323.638
54,12,60,24,223.838,366.849
54,12,60,25,178.714,476.903
54,12,60,26,117.037,286.627
54,12,60,27,458.282,65.5509
54,12,60,28,436.462,345.836
54,12,60,29,405.841,178.969
54,12,60,30,364.455,442.584
54,12,60,31,107.18,379.87
54,12,60,32,329.456,5.48372
54,12,60,33,301.437,8.75502
54,12,60,34,130.988,30.6655
54,12,60,35,338.162,205.702
54,12,60,36,389.371,488.274
54,12,60,37,11.1552,126.209
54,12,60,38,247.281,166.704
54,12,60,39,487.765,221.933
54,12,60,40,319.377,435.755
54,12,60,41,199.235,185.287
54,12,60,42,426.691,245.395
54,12,60,43,190.134,468.543
54,12,60,44,48.4255,329.427
54,12,60,45,229.444,160.371
54,12,60,46,377.872,451.495
54,12,60,47,312.399,425.634
54,12,60,48,92.8209,49.1068
54,12,60,49,475.336,458.74
54,12,60,50,238.654,291.729
54,12,60,51,293.357,96.9017
54,12,60,52,39.1724,211.926
54,12,60,53,399.926,270.403
54,12,60,54,355.1,117.299
54,12,60,55,252.847,276.92
54,12,60,56,113.114,89.5746
54,12,60,57,288.16,261.376
54,12,60,58,409.987,417.405
54,12,60,59,150.56,307.809
55,12,60,0,211.203,169.073
55,12,60,1,241.732,61.555
55,12,60,2,231.229,52.6536
55,12,60,3,498.986,323.565
55,12,60,4,489.447,469.438
55,12,60,5,269.348,420.037
55,12,60,6,134.421,315.281
55,12,60,7,429.879,113.86
55,12,60,8,357.404,341.317
55,12,60,9,99.3854,489.612
55,12,60,10,167.228,8.30998
55,12,60,11,310.476,464.46
55,12,60,12,28.2065,187.84
55,12,60,13,406.487,129.994
55,12,60,14,288.668,149.023
55,12,60,15,116.187,376.992
55,12,60,16,199.196,389.211
55,12,60,17,153.045,107.851
55,12,60,18,330.697,478.447
55,12,60,19,19.9047,224.387
55,12,60,20,454.627,350.838
55,12,60,21,366.589,449.287
55,12,60,22,442.303,78.6508
55,12,60,23,101.572,37.2062
55,12,60,24,79.686,72.6076
55,12,60,25,410.559,236.762
55,12,60,26,419.243,136.095
55,12,60,27,464.597,306.577
55,12,60,28,241.014,12.811
55,12,60,29,120.579,411.015
55,12,60,30,147.899,406.92
55,12,60,31,471.599,32.4629
55,12,60,32,179.593,362.076
55,12,60,33,45.8828,23.9938
55,12,60,34,299.64,345.165
55,12,60,35,66.446,96.9869
55,12,60,36,380.694,288.556
55,12,60,37,12.3715,119.382
55,12,60,38,300.755,496.543
55,12,60,39,318.179,256.056
55,12,60,40,334.531,181.178
55,12,60,41,275.115,46.6398
55,12,60,42,74.523,271.258
55,12,60,43,202.11,199.654
55,12,60,44,393.082,453.24
55,12,60,45,477.313,265.487
55,12,60,46,219.719,202.512
55,12,60,47,185.047,330.374
55,12,60,48,51.3994,155.726
55,12,60,49,371.244,162.697
55,12,60,50,347.017,391.959
55,12,60,51,437.611,249.58
55,12,60,52,385.238,432.73
55,12,60,53,125.718,277.708
55,12,60,54,33.8839,212.472
55,12,60,55,257.464,296.928
55,12,60,56,3.01866,231.629
55,12,60,57,262.798,85.257
55,12,60,58,159.245,372.544
55,12,60,59,89.7597,440.55
56,12,60,0,180.58,475.892
56,12,60,1,460.499,27.8107
56,12,60,2,410.004,345.666
56,12,60,3,371.689,326.783
56,12,60,4,155.395,429.672
56,12,60,5,318.677,366.876
56,12,60,6,112.113,183.416
56,12,60,7,245.015,485.045
56,12,60,8,366.05,223.225
56,12,60,9,493.061,319.693
56,12,60,10,187.202,458.51
56,12,60,11,346.598,234.15
56,12,60,12,228.96,435.022
56,12,60,13,136.847,295.113
56,12,60,14,358.262,366.616
56,12,60,15,457.369,263.937
56,12,60,16,327.874,110.506
56,12,60,17,268.724,106.151
56,12,60,18,162.322,177.106
56,12,60,19,433.139,90.5037
56,12,60,20,468.466,271.868
56,12,60,21,448.349,303.023
56,12,60,22,3.96356,55.99
56,12,60,23,399.647,380.172
56,12,60,24,26.6478,43.6588
56,12,60,25,63.9862,315.284
56,12,60,26,97.1229,211.668
56,12,60,27,212.802,97.8916
56,12,60,28,101.471,450.345
56,12,60,29,12.8616,167.585
56,12,60,30,121.62,414.649
56,12,60,31,203.972,129.88
56,12,60,32,405.67,248.609
56,12,60,33,387.296,33.8728
56,12,60,34,217.5,469.928
56,12,60,35,72.4261,82.4129
56,12,60,36,479.346,493.406
56,12,60,37,298.637,205.902
56,12,60,38,310.228,68.6292
56,12,60,39,79.9013,340.415
56,12,60,40,41.5782,418.557
56,12,60,41,339.561,146.116
56,12,60,42,171.159,443.838
56,12,60,43,90.7463,387.912
56,12,60,44,282.082,133.745
56,12,60,45,142.108,165.668
56,12,60,46,197.584,122.672
56,12,60,47,420.944,354.99
56,12,60,48,285.733,2.50394
56,12,60,49,487.969,22.1905
56,12,60,50,436.989,395.329
56,12,60,51,263.127,226.662
56,12,60,52,305.913,250.264
56,12,60,53,56.5518,14.6367
56,12,60,54,18.3299,156.223
56,12,60,55,382.054,288.615
56,12,60,56,129.88,59.688
56,12,60,57,238.515,196.951
56,12,60,58,258.178,405.196
56,12,60,59,42.4164,282.214
57,12,60,0,21.209,436.623
57,12,60,1,301.338,393.752
57,12,60,2,66.8365,302.47
57,12,60,3,186.951,448.487
57,12,60,4,478.623,408.834
57,12,60,5,87.1105,171.576
57,12,60,6,268.881,19.1282
57,12,60,7,368.37,379.069
57,12,60,8,309.66,372.441
57,12,60,9,36.1122,267.961
57,12,60,10,405.517,297.586
57,12,60,11,196.902,165.21
57,12,60,12,419.874,81.8875
57,12,60,13,277.985,427.987
57,12,60,14,453.105,344.543
57,12,60,15,353.924,218.415
57,12,60,16,360.288,212.414
57,12,60,17,6.05544,364.838
57,12,60,18,395.231,33.6717
57,12,60,19,491.805,421.565
57,12,60,20,26.4539,122.131
57,12,60,21,466.185,71.2854
57,12,60,22,13.7446,54.7536
57,12,60,23,380.759,389.053
57,12,60,24,295.8,189.786
57,12,60,25,435.282,157.155
57,12,60,26,82.0549,145.807
57,12,60,27,48.1307,479.787
57,12,60,28,140.04,355.791
57,12,60,29,126.968,490.857
57,12,60,30,289.415,459.156
57,12,60,31,240.54,457.663
57,12,60,32,228.514,250.703
57,12,60,33,483.858,177.001
57,12,60,34,389.427,28.0612
57,12,60,35,162.9,113.268
57,12,60,36,426.776,5.39629
57,12,60,37,413.568,61.9685
57,12,60,38,151.526,228.258
57,12,60,39,166.961,290.543
57,12,60,40,470.934,494.349
57,12,60,41,243.644,471.347
57,12,60,42,113.161,125.167
57,12,60,43,145.685,323.955
57,12,60,44,223.821,41.8514
57,12,60,45,100.581,137.242
57,12,60,46,448.27,266.131
57,12,60,47,317.36,90.0009
57,12,60,48,264.554,11.5612
57,12,60,49,98.1404,197.102
57,12,60,50,176.752,332
57,12,60,51,207.197,233.545
57,12,60,52,124.901,335.679
57,12,60,53,61.0308,205.32
57,12,60,54,210.502,403.955
57,12,60,55,54.1239,106.424
57,12,60,56,338.067,247.689
57,12,60,57,329.077,316.045
57,12,60,58,345.63,277.793
57,12,60,59,254.856,98.603
58,12,60,0,61.9061,74.8643
58,12,60,1,180.952,340.982
58,12,60,2,225.603,55.1146
58,12,60,3,356.311,287.476
58,12,60,4,217.924,201.946
58,12,60,5,32.1341,265.482
58,12,60,6,288.203,25.6475
58,12,60,7,103.529,431.118
58,12,60,8,345.689,49.8107
58,12,60,9,214.749,444.128
58,12,60,10,334.198,376.699
58,12,60,11,83.3928,491.712
58,12,60,12,143.525,398.629
58,12,60,13,316.075,197.503
58,12,60,14,11.3396,61.2158
58,12,60,15,155.708,412.015
58,12,60,16,165.775,354.462
58,12,60,17,259.509,242.091
58,12,60,18,363.389,471.451
58,12,60,19,279.926,308.312
58,12,60,20,380.409,105.184
58,12,60,21,297.175,176.552
58,12,60,22,192.013,273.107
58,12,60,23,461.414,489.763
58,12,60,24,450.683,139.962
58,12,60,25,39.8315,435.508
58,12,60,26,437.806,367.625
58,12,60,27,370.904,348.721
58,12,60,28,390.568,322.467
58,12,60,29,122.693,477.959
58,12,60,30,303.46,228.148
58,12,60,31,139.545,153.379
58,12,60,32,318.993,223.991
58,12,60,33,325.775,388.535
58,12,60,34,92.9984,460.448
58,12,60,35,487.862,401.846
58,12,60,36,75.7269,165.596
58,12,60,37,43.0049,310.264
58,12,60,38,202.559,111.281
58,12,60,39,425.112,298.532
58,12,60,40,51.7894,325.865
58,12,60,41,240.388,363.143
58,12,60,42,424.337,35.9323
58,12,60,43,172.512,255.443
58,12,60,44,497.442,120.909
58,12,60,45,132.157,126.268
58,12,60,46,112.216,14.6939
58,12,60,47,266.995,186.89
58,12,60,48,483.213,171.448
58,12,60,49,255.32,86.2236
58,12,60,50,443.686,283.315
58,12,60,51,406.177,210.759
58,12,60,52,1.20833,81.7877
58,12,60,53,184.004,237.224
58,12,60,54,415.138,423.862
58,12,60,55,395.132,19.0339
58,12,60,56,472.226,99.8742
58,12,60,57,22.4795,450.34
58,12,60,58,72.4911,6.90247
58,12,60,59,247.079,146.591
59,12,60,0,8.49724,3.38808
59,12,60,1,365.643,237.97
59,12,60,2,245.714,37.8709
59,12,60,3,222.565,358.044
59,12,60,4,431.89,382.975
59,12,60,5,316.916,110.316
59,12,60,6,440.299,320.569
59,12,60,7,304.51,361.093
59,12,60,8,396.27,120.388
59,12,60,9,416.299,479.831
59,12,60,10,215.691,447.332
59,12,60,11,285.561,189.165
59,12,60,12,282.24,465.701
59,12,60,13,100.693,436.726
59,12,60,14,133.913,57.7458
59,12,60,15,272.154,161.717
59,12,60,16,143.668,67.7536
59,12,60,17,465.633,194.998
59,12,60,18,264.109,30.155
59,12,60,19,494.111,392.66
59,12,60,20,88.5268,226.788
59,12,60,21,353.325,313.73
59,12,60,22,383.748,499.872
59,12,60,23,256.89,136.861
59,12,60,24,442.866,403.032
59,12,60,25,189.543,78.7193
59,12,60,26,205.913,251.814
59,12,60,27,99.8625,333.715
59,12,60,28,404.124,453.969
59,12,60,29,226.962,60.5245
59,12,60,30,40.3431,427.165
59,12,60,31,313.281,409.852
59,12,60,32,482.328,151.838
59,12,60,33,457.489,348.791
59,12,60,34,174.913,265.58
59,12,60,35,297.511,125.419
59,12,60,36,417.779,298.907
59,12,60,37,79.7193,487.162
59,12,60,38,156.927,42.5321
59,12,60,39,487.85,15.6111
59,12,60,40,115.808,307.773
59,12,60,41,119.32,180.444
59,12,60,42,69.8941,332.911
59,12,60,43,374.895,268.628
59,12,60,44,61.7256,290.879
59,12,60,45,1.88775,389.387
59,12,60,46,468.262,224.768
59,12,60,47,176.034,90.0902
59,12,60,48,378.056,248.29
59,12,60,49,196.483,17.0314
59,12,60,50,238.042,103.779
59,12,60,51,160.376,170.049
59,12,60,52,22.5438,215.191
59,12,60,53,343.154,469.147
59,12,60,54,52.9646,372.551
59,12,60,55,330.252,275.701
59,12,60,56,27.6216,203.759
59,12,60,57,131.095,91.7332
59,12,60,58,335.529,423.147
59,12,60,59,43.25,146.756
60,12,60,0,402.683,136.037
60,12,60,1,305.712,338.775
60,12,60,2,212.939,293.599
60,12,60,3,418.848,391.148
60,12,60,4,335.268,84.5899
60,12,60,5,326.692,313.78
60,12,60,6,49.6984,306.872
60,12,60,7,273.768,494.128
60,12,60,8,14.4339,280.404
60,12,60,9,253.554,196.594
60,12,60,10,31.3219,94.6199
60,12,60,11,171.098,400.015
60,12,60,12,121.407,329.188
60,12,60,13,494.013,462.764
60,12,60,14,293.966,442.534
60,12,60,15,230.797,399.203
60,12,60,16,384.089,40.8395
60,12,60,17,149.772,223.462
60,12,60,18,382.331,366.384
60,12,60,19,464.874,132.658
60,12,60,20,453.508,409.951
60,12,60,21,126.327,142.374
60,12,60,22,393.341,320.477
60,12,60,23,363.81,46.7815
60,12,60,24,481.207,479.882
60,12,60,25,473.96,71.0665
60,12,60,26,80.481,183.828
60,12,60,27,99.28,164.994
60,12,60,28,373.482,454.703
60,12,60,29,491.613,251.508
60,12,60,30,348.34,7.8791
60,12,60,31,3.38418,54.7143
60,12,60,32,444.358,105.183
60,12,60,33,175.594,378.899
60,12,60,34,109.859,203.969
60,12,60,35,19.095,25.7905
60,12,60,36,202.841,272.719
60,12,60,37,198.941,209.86
60,12,60,38,425.211,176.9
60,12,60,39,106.796,344.799
60,12,60,40,71.0217,123.459
60,12,60,41,352.329,172.897
60,12,60,42,151.718,425.268
60,12,60,43,283.723,419.274
60,12,60,44,243.705,372.244
60,12,60,45,61.5276,287.86
60,12,60,46,240.372,468.108
60,12,60,47,187.728,80.2078
60,12,60,48,86.1132,265.687
60,12,60,49,222.264,9.28122
60,12,60,50,433.945,60.1302
60,12,60,51,166.528,350.436
60,12,60,52,415.407,239.437
60,12,60,53,319.244,248.197
60,12,60,54,262.636,440.9
60,12,60,55,51.4515,228.775
60,12,60,56,34.7806,111.676
60,12,60,57,310.866,22.0885
60,12,60,58,282.454,484.572
60,12,60,59,135.998,150.248
61,12,60,0,401.654,374.971
61,12,60,1,91.1263,307.17
61,12,60,2,62.228,143.376
61,12,60,3,495.189,473.904
61,12,60,4,417.964,361.255
61,12,60,5,305.609,20.7323
61,12,60,6,481.63,382.132
61,12,60,7,310.664,476.16
61,12,60,8,272.18,7.24542
61,12,60,9,96.2164,296.233
61,12,60,10,331.135,416.474
61,12,60,11,124.095,53.2913
61,12,60,12,382.282,97.2954
61,12,60,13,371.246,432.376
61,12,60,14,433.094,110.071
61,12,60,15,179.741,275.905
61,12,60,16,36.9749,35.8648
61,12,60,17,134.887,228.822
61,12,60,18,111.827,291.016
61,12,60,19,7.94717,438.628
61,12,60,20,392.458,216.038
61,12,60,21,165.591,81.9928
61,12,60,22,47.6417,68.5569
61,12,60,23,52.3989,126.836
61,12,60,24,195.915,32.4548
61,12,60,25,104.909,272.757
61,12,60,26,333.894,320.987
61,12,60,27,77.5966,329.672
61,12,60,28,341.998,168.038
61,12,60,29,31.086,396.392
61,12,60,30,454.889,104.103
61,12,60,31,286.591,353.746
61,12,60,32,131.825,121.238
61,12,60,33,278.115,423.413
61,12,60,34,190.517,86.6603
61,12,60,35,69.2868,345.449
61,12,60,36,489.867,224.616
61,12,60,37,265.765,237.716
61,12,60,38,255.607,308.413
61,12,60,39,446.949,187.928
61,12,60,40,13.4551,449.077
61,12,60,41,353.389,484.24
61,12,60,42,247.265,8.35342
61,12,60,43,364.622,194.46
61,12,60,44,414.021,391.576
61,12,60,45,388.025,135.443
61,12,60,46,474.655,180.116
61,12,60,47,231.215,48.4453
61,12,60,48,318.358,253.995
61,12,60,49,458.972,158.093
61,12,60,50,237.908,334.093
61,12,60,51,204.69,260.881
61,12,60,52,145.659,498.671
61,12,60,53,219.828,202.196
61,12,60,54,153.899,462.439
61,12,60,55,208.621,406.065
61,12,60,56,167.294,246.323
61,12,60,57,441.011,455.742
61,12,60,58,293.991,161.21
61,12,60,59,20.8172,63.5245
62,12,60,0,328.484,150.801
62,12,60,1,164.827,293.267
62,12,60,2,157.355,458.178
62,12,60,3,229.604,357.642
62,12,60,4,265.532,468.736
62,12,60,5,203.222,42.5531
62,12,60,6,433.515,62.5151
62,12,60,7,430.476,364.602
62,12,60,8,470.109,447.523
62,12,60,9,364.016,461.681
62,12,60,10,280.883,73.158
62,12,60,11,35.69,407.839
62,12,60,12,43.8376,437.486
62,12,60,13,234.044,163.602
62,12,60,14,252.978,371.88
62,12,60,15,27.7865,349.995
62,12,60,16,179.371,490.6
62,12,60,17,1.67103,91.4023
62,12,60,18,491.98,254.837
62,12,60,19,216.226,35.5048
62,12,60,20,75.0401,0.266796
62,12,60,21,189.245,481.401
62,12,60,22,395.818,109.164
62,12,60,23,466.26,327.405
62,12,60,24,391.081,413.303
62,12,60,25,377.182,218.181
62,12,60,26,93.8645,173.541
62,12,60,27,121.673,148.626
62,12,60,28,85.6815,270.395
62,12,60,29,334.069,496.754
62,12,60,30,320.836,426.892
62,12,60,31,299.93,418.735
62,12,60,32,403.837,80.2016
62,12,60,33,115.346,263.667
62,12,60,34,445.686,210.774
62,12,60,35,130.942,285.225
62,12,60,36,344.878,96.7906
62,12,60,37,366.816,227.897
62,12,60,38,243.789,106.741
62,12,60,39,475.806,376.933
62,12,60,40,22.598,178.559
62,12,60,41,217.236,53.8987
62,12,60,42,174.098,339.435
62,12,60,43,418.072,117.593
62,12,60,44,197.877,315.903
62,12,60,45,146.023,139.549
62,12,60,46,133.55,125.191
62,12,60,47,306.025,244.049
62,12,60,48,313.131,282.933
62,12,60,49,67.6377,306.672
62,12,60,50,105.886,19.8954
62,12,60,51,414.883,191.651
62,12,60,52,490.179,27.4112
62,12,60,53,274.115,9.05966
62,12,60,54,458.052,317.842
62,12,60,55,65.7659,392.063
62,12,60,56,354.893,234.306
62,12,60,57,54.3008,192.832
62,12,60,58,287.173,202.039
62,12,60,59,15.3566,389.296
63,12,60,0,248.582,147.082
63,12,60,1,114.156,176.754
63,12,60,2,48.7498,466.842
63,12,60,3,398.639,347.773
63,12,60,4,367.634,381.982
63,12,60,5,254.038,324.812
63,12,60,6,336.909,171.585
63,12,60,7,407.523,205.921
63,12,60,8,101.744,354.491
63,12,60,9,412.496,255.175
63,12,60,10,96.6636,438.391
63,12,60,11,280.788,271.637
63,12,60,12,151.416,499.708
63,12,60,13,91.377,59.1638
63,12,60,14,25.2078,156.265
63,12,60,15,58.552,302.041
63,12,60,16,79.0208,218.732
63,12,60,17,309.734,52.8151
63,12,60,18,182.322,417.561
63,12,60,19,483.296,388.094
63,12,60,20,450.439,491.666
63,12,60,21,67.1629,248.186
63,12,60,22,287.158,239.582
63,12,60,23,467.511,285.666
63,12,60,24,460.992,314.619
63,12,60,25,353.901,465.66
63,12,60,26,14.9066,31.4917
63,12,60,27,383.002,394.83
63,12,60,28,293.227,260.791
63,12,60,29,442.014,40.7662
63,12,60,30,260.24,43.5225
63,12,60,31,240.541,98.583
63,12,60,32,169.08,134.538
63,12,60,33,348.497,232.668
63,12,60,34,322.437,118.731
63,12,60,35,232.153,457.32
63,12,60,36,484.657,369.114
63,12,60,37,131.549,328.456
63,12,60,38,193.101,430.809
63,12,60,39,425.442,161.818
63,12,60,40,212.474,78.9671
63,12,60,41,22.5672,185.24
63,12,60,42,118.15,210.573
63,12,60,43,332.99,282.618
63,12,60,44,159.982,102.178
63,12,60,45,7.96034,415.282
63,12,60,46,39.15,22.9146
63,12,60,47,140.143,194.218
63,12,60,48,417.506,7.03439
63,12,60,49,224.826,402.056
63,12,60,50,391.1,358.484
63,12,60,51,434.286,88.8626
63,12,60,52,149.346,130.051
63,12,60,53,273.594,67.3273
63,12,60,54,201.788,338.349
63,12,60,55,53.8701,115.594
63,12,60,56,492.87,10.0612
63,12,60,57,365.111,443.598
63,12,60,58,302.53,481.247
63,12,60,59,183.984,293.821
64,12,60,0,271.361,293.26
64,12,60,1,374.811,19.5314
64,12,60,2,224.827,473.539
64,12,60,3,249.48,262.603
64,12,60,4,7.59412,203.263
64,12,60,5,275.286,158.978
64,12,60,6,68.6251,105.004
64,12,60,7,295.074,458.756
64,12,60,8,251.738,437.21
64,12,60,9,122.088,118.352
64,12,60,10,160.634,53.2213
64,12,60,11,33.2854,281.404
64,12,60,12,427.562,300.438
64,12,60,13,360.574,149.351
64,12,60,14,231.498,185.585
64,12,60,15,93.1281,217.585
64,12,60,16,24.2828,330.301
64,12,60,17,151.92,43.4308
64,12,60,18,189.874,447.177
64,12,60,19,401.977,77.253
64,12,60,20,49.075,365.113
64,12,60,21,481.47,247.133
64,12,60,22,302.87,29.8384
64,12,60,23,380.437,194.167
64,12,60,24,395.725,289.853
64,12,60,25,423.324,486.824
64,12,60,26,57.2338,320.017
64,12,60,27,168.921,97.1698
64,12,60,28,106.8,384.413
64,12,60,29,175.352,457.638
64,12,60,30,201.385,132.504
64,12,60,31,411.709,426.561
64,12,60,32,349.343,381.272
64,12,60,33,353.411,409.573
64,12,60,34,495.975,309.261
64,12,60,35,11.3979,347.113
64,12,60,36,83.2009,215.236
64,12,60,37,235.288,67.3281
64,12,60,38,145.543,58.8492
64,12,60,39,388.527,353.612
64,12,60,40,215.025,337.359
64,12,60,41,318.688,138.604
64,12,60,42,453.746,87.8558
64,12,60,43,333.694,108.99
64,12,60,44,315.365,37.1917
64,12,60,45,113.315,231.249
64,12,60,46,331.111,418.181
64,12,60,47,138.703,155.031
64,12,60,48,59.311,396.253
64,12,60,49,469.831,258.055
64,12,60,50,464.098,12.8053
64,12,60,51,285.321,480.12
64,12,60,52,86.163,178.936
64,12,60,53,438.16,168.474
64,12,60,54,199.124,273.104
64,12,60,55,37.3193,373.716
64,12,60,56,260.609,240.542
64,12,60,57,445.879,492.677
64,12,60,58,490.158,5.52972
64,12,60,59,126.178,405.256
65,12,60,0,429.019,203.844
65,12,60,1,406.487,11.7926
65,12,60,2,107.426,239.011
65,12,60,3,353.063,30.4632
65,12,60,4,48.1535,80.8972
65,12,60,5,198.523,344.553
65,12,60,6,33.3117,432.597
65,12,60,7,65.5329,127.116
65,12,60,8,180.248,182.306
65,12,60,9,467.789,68.0814
65,12,60,10,419.417,487.44
65,12,60,11,414.612,399.566
65,12,60,12,494.754,105.164
65,12,60,13,303.825,117.524
65,12,60,14,299.107,47.4692
65,12,60,15,308.842,294.978
65,12,60,16,287.513,244.426
65,12,60,17,2.16574,417.785
65,12,60,18,238.321,54.7359
65,12,60,19,92.2604,472.876
65,12,60,20,274.599,368.859
65,12,60,21,336.289,263.12
65,12,60,22,363.856,142.388
65,12,60,23,262.919,158.359
65,12,60,24,190.247,483.315
65,12,60,25,454.621,352.144
65,12,60,26,383.989,133.849
65,12,60,27,134.188,436.014
65,12,60,28,40.0713,215.315
65,12,60,29,23.8141,109.71
65,12,60,30,448.717,416.269
65,12,60,31,394.596,387.329
65,12,60,32,149.131,300.56
65,12,60,33,485.231,5.08672
65,12,60,34,51.4535,284.624
65,12,60,35,119.259,380.792
65,12,60,36,201.06,457.558
65,12,60,37,244.66,281.774
65,12,60,38,252.513,171.178
65,12,60,39,79.5091,186.322
65,12,60,40,477.99,98.9539
65,12,60,41,127.181,400.313
65,12,60,42,373.269,89.7326
65,12,60,43,277.951,363.807
65,12,60,44,322.649,36.0347
65,12,60,45,160.276,18.4801
65,12,60,46,232.418,64.4681
65,12,60,47,16.5945,224.517
65,12,60,48,209.407,329.668
65,12,60,49,440.526,322.402
65,12,60,50,328.375,156.785
65,12,60,51,167.578,256.821
65,12,60,52,150.851,272.808
65,12,60,53,66.8881,195.196
65,12,60,54,88.8051,497.189
65,12,60,55,463.376,463.637
65,12,60,56,376.641,338.867
65,12,60,57,217.987,230.109
65,12,60,58,348.776,449.656
65,12,60,59,109.299,310.915
66,12,60,0,209.797,135.896
66,12,60,1,267.939,95.4698
66,12,60,2,411.904,362.109
66,12,60,3,295.068,207.9
66,12,60,4,374.48,445.836
66,12,60,5,354.723,263.496
66,12,60,6,16.4908,343.926
66,12,60,7,178.721,115.918
66,12,60,8,62.4141,301.383
66,12,60,9,471.524,454.916
66,12,60,10,155.09,489.826
66,12,60,11,57.0676,367.299
66,12,60,12,243.419,255.833
66,12,60,13,386.163,52.0275
66,12,60,14,332.416,354.889
66,12,60,15,343.363,417.932
66,12,60,16,320.57,198.544
66,12,60,17,129.458,64.3877
66,12,60,18,20.062,149.494
66,12,60,19,40.7098,467.411
66,12,60,20,239.434,288.134
66,12,60,21,74.9532,299.095
66,12,60,22,484.592,434.791
66,12,60,23,289.833,413.742
66,12,60,24,466.131,171.578
66,12,60,25,93.092,268.547
66,12,60,26,171.614,339.38
66,12,60,27,257.389,33.4057
66,12,60,28,225.883,90.9274
66,12,60,29,115.37,431.398
66,12,60,30,222.21,330.871
66,12,60,31,421.938,375.635
66,12,60,32,340.458,24.9622
66,12,60,33,166.573,390.149
66,12,60,34,309.457,223.323
66,12,60,35,124.246,396.686
66,12,60,36,83.3714,151.949
66,12,60,37,140.078,215.014
66,12,60,38,398.789,104.567
66,12,60,39,185.591,175.112
66,12,60,40,196.336,120.681
66,12,60,41,5.15413,126.048
66,12,60,42,279.194,279.241
66,12,60,43,406.517,312.048
66,12,60,44,142.164,241.821
66,12,60,45,453.29,66.8398
66,12,60,46,495.285,235.74
66,12,60,47,444.217,228.926
66,12,60,48,75.1012,401.692
66,12,60,49,41.8662,463.738
66,12,60,50,25.9888,320.436
66,12,60,51,360.126,33.1453
66,12,60,52,482.987,16.2676
66,12,60,53,101.235,479.439
66,12,60,54,306.28,75.7433
66,12,60,55,200.708,164.057
66,12,60,56,431.106,497.837
66,12,60,57,380.096,186.49
66,12,60,58,265.294,49.701
66,12,60,59,437.424,7.55098
67,12,60,0,418.818,48.5578
67,12,60,1,434.867,328.197
67,12,60,2,136.783,428.861
67,12,60,3,432.91,208.892
67,12,60,4,345.267,287.881
67,12,60,5,118.462,267.095
67,12,60,6,476.691,53.0128
67,12,60,7,351.442,207.166
67,12,60,8,451.889,15.5208
67,12,60,9,362.149,107.96
67,12,60,10,404.992,295.16
67,12,60,11,279.941,166.5
67,12,60,12,70.4738,472.784
67,12,60,13,196.713,304.659
67,12,60,14,96.019,400.361
67,12,60,15,289.843,313.383
67,12,60,16,295.845,417.32
67,12,60,17,165.248,250.343
67,12,60,18,412.834,438.637
67,12,60,19,53.7033,412.911
67,12,60,20,325.739,275.039
67,12,60,21,304.708,62.3808
67,12,60,22,264.584,182.35
67,12,60,23,473.62,379.371
67,12,60,24,380.5,89.0055
67,12,60,25,179.582,386.481
67,12,60,26,131.904,396.79
67,12,60,27,245.48,449.519
67,12,60,28,256.536,239.36
67,12,60,29,41.3938,455.96
67,12,60,30,153.948,128.081
67,12,60,31,46.7262,169.718
67,12,60,32,269.196,97.5745
67,12,60,33,499.517,149.387
67,12,60,34,185.721,219.289
67,12,60,35,12.8074,197.769
67,12,60,36,321.414,478.775
67,12,60,37,25.6671,187.707
67,12,60,38,147.239,26.9289
67,12,60,39,105.705,6.45271
67,12,60,40,220.457,465.525
67,12,60,41,236.024,372.782
67,12,60,42,391.206,493.671
67,12,60,43,83.2305,484.723
67,12,60,44,7.79867,337.954
67,12,60,45,17.0388,120.634
67,12,60,46,461.55,80.0005
67,12,60,47,485.447,22.7003
67,12,60,48,337.391,110.805
67,12,60,49,171.712,351.076
67,12,60,50,206.319,228.121
67,12,60,51,398.288,346.008
67,12,60,52,373.782,317.178
67,12,60,53,230.08,360.86
67,12,60,54,443.373,69.993
67,12,60,55,87.2799,153.474
67,12,60,56,209.877,245.869
67,12,60,57,310.164,41.4607
67,12,60,58,63.8828,264.187
67,12,60,59,115.789,134.978
68,12,60,0,161.838,415.113
68,12,60,1,348.336,442.571
68,12,60,2,71.2304,362.79
68,12,60,3,50.3404,348.101
68,12,60,4,476.815,267.522
68,12,60,5,487.449,249.493
68,12,60,6,85.0254,282.747
68,12,60,7,339.169,371.355
68,12,60,8,9.76944,110.155
68,12,60,9,410.705,161.575
68,12,60,10,460.603,42.7023
68,12,60,11,356.14,226.496
68,12,60,12,307.97,403.324
68,12,60,13,110.398,456.401
68,12,60,14,230.759,123.404
68,12,60,15,376.464,428.649
68,12,60,16,158.243,473.535
68,12,60,17,45.1684,499.743
68,12,60,18,121.803,314.479
68,12,60,19,203.639,296.44
68,12,60,20,374.143,220.828
68,12,60,21,194.634,213.482
68,12,60,22,312.796,141.58
68,12,60,23,270.676,259.619
68,12,60,24,328.989,354.578
68,12,60,25,64.0007,92.783
68,12,60,26,216.931,150.671
68,12,60,27,32.3113,465.227
68,12,60,28,186.981,338.168
68,12,60,29,431.23,53.4185
68,12,60,30,132.43,84.3088
68,12,60,31,260.768,327.233
68,12,60,32,83.0494,105.703
68,12,60,33,183.126,307.202
68,12,60,34,147.317,385.639
68,12,60,35,92.7193,36.6037
68,12,60,36,360.713,192.127
68,12,60,37,106.444,25.8263
68,12,60,38,469.354,177.386
68,12,60,39,321.184,126.772
68,12,60,40,422.688,143.249
68,12,60,41,40.3629,4.78347
68,12,60,42,497.62,67.5707
68,12,60,43,2.3869,418.182
68,12,60,44,173.264,287.768
68,12,60,45,449.522,174.491
68,12,60,46,438.148,236.149
68,12,60,47,288.381,186.108
68,12,60,48,293.1,255.967
68,12,60,49,244.309,437.829
68,12,60,50,214.822,477.357
68,12,60,51,24.845,382.201
68,12,60,52,454.058,81.7519
68,12,60,53,407.08,483.401
68,12,60,54,140.802,207.227
68,12,60,55,392.17,64.0557
68,12,60,56,240.998,22.9598
68,12,60,57,281.826,13.2239
68,12,60,58,385.437,321.473
68,12,60,59,256.225,399.211
69,12,60,0,252.679,125.948
69,12,60,1,279.187,150.941
69,12,60,2,163.677,356.83
69,12,60,3,482.544,198.653
69,12,60,4,418.252,72.7491
69,12,60,5,437.758,226.7
69,12,60,6,491.83,342.196
69,12,60,7,120.323,448.42
69,12,60,8,468.87,463.755
69,12,60,9,87.6051,301.874
69,12,60,10,466.55,432.17
69,12,60,11,147.765,174.838
69,12,60,12,340.378,213.458
69,12,60,13,127.247,497.199
69,12,60,14,115.754,386.323
69,12,60,15,244.521,9.1853
69,12,60,16,457.284,296.834
69,12,60,17,174.355,440.922
69,12,60,18,232.214,53.5596
69,12,60,19,105.084,183.517
69,12,60,20,411.731,281.769
69,12,60,21,327.943,332.234
69,12,60,22,266.524,363.229
69,12,60,23,188.773,479.819
69,12,60,24,309.316,164.644
69,12,60,25,369.009,82.6794
69,12,60,26,202.299,254.156
69,12,60,27,13.5446,242.923
69,12,60,28,293.192,392.625
69,12,60,29,491.163,83.3637
69,12,60,30,213.278,93.1062
69,12,60,31,321.71,371.825
69,12,60,32,58.3321,454.29
69,12,60,33,150.493,289.872
69,12,60,34,60.9536,62.9906
69,12,60,35,393.975,22.5646
69,12,60,36,21.6484,259.33
69,12,60,37,5.26457,149.596
69,12,60,38,428.21,324.536
69,12,60,39,360.887,109.611
69,12,60,40,236.282,6.34112
69,12,60,41,344.258,310.837
69,12,60,42,47.9644,417.18
69,12,60,43,352.14,336.243
69,12,60,44,271.098,105.818
69,12,60,45,377.829,217.581
69,12,60,46,137.448,235.009
69,12,60,47,25.1061,203.222
69,12,60,48,285.881,474.364
69,12,60,49,81.0754,43.167
69,12,60,50,442.635,404.561
69,12,60,51,193.922,175.226
69,12,60,52,98.5159,380.838
69,12,60,53,223.29,122.32
69,12,60,54,175.442,268.867
69,12,60,55,403.157,133.776
69,12,60,56,387.604,413.344
69,12,60,57,36.1676,36.7103
69,12,60,58,72.6128,486.522
69,12,60,59,303.183,31.0125
70,12,60,0,46.2293,77.133
70,12,60,1,52.6254,442.664
70,12,60,2,408.74,336.042
70,12,60,3,438.413,262.648
70,12,60,4,86.6089,21.7999
70,12,60,5,421.599,40.4036
70,12,60,6,381.444,87.772
70,12,60,7,272.119,485.843
70,12,60,8,364.873,0.205844
70,12,60,9,266.114,245.009
70,12,60,10,102.606,225.211
70,12,60,11,5.52773,458.742
70,12,60,12,139.439,58.7857
70,12,60,13,78.0203,494.527
70,12,60,14,254.004,325.244
70,12,60,15,235.46,150.34
70,12,60,16,62.5853,216.321
70,12,60,17,131.106,167.15
70,12,60,18,367.561,26.7109
70,12,60,19,442.628,195.154
70,12,60,20,303.337,317.879
70,12,60,21,166.812,425.338
70,12,60,22,280.935,374.375
70,12,60,23,155.811,96.802
70,12,60,24,249.505,41.6922
70,12,60,25,144.607,10.7045
70,12,60,26,108.469,276.184
70,12,60,27,223.412,479.564
70,12,60,28,40.8113,124.119
70,12,60,29,404.453,395.681
70,12,60,30,329.435,126.552
70,12,60,31,191.531,207.833
70,12,60,32,399.91,290.093
70,12,60,33,286.763,348.178
70,12,60,34,31.4352,162.37
70,12,60,35,427.71,109.485
70,12,60,36,487.586,315.926
70,12,60,37,344.389,418.17
70,12,60,38,16.5707,400.686
70,12,60,39,191.797,380.517
70,12,60,40,209.508,450.094
70,12,60,41,455.6,271.316
70,12,60,42,91.8477,143.845
70,12,60,43,225.462,51.398
70,12,60,44,339.036,355.847
70,12,60,45,386.669,255.476
70,12,60,46,205.736,439.296
70,12,60,47,495.447,237.156
70,12,60,48,312.108,220.106
70,12,60,49,158.47,307.659
70,12,60,50,179.949,413.145
70,12,60,51,474.348,175.379
70,12,60,52,23.6774,105.348
70,12,60,53,476.891,185.856
70,12,60,54,119.913,467.614
70,12,60,55,324.794,363.646
70,12,60,56,352.646,135.839
70,12,60,57,70.6218,296.223
70,12,60,58,465.608,68.3652
70,12,60,59,293.537,383.411
71,12,60,0,403.36,269.271
71,12,60,1,62.1316,157.583
71,12,60,2,452.287,375.428
71,12,60,3,212.506,393.674
71,12,60,4,469.799,243.109
71,12,60,5,249.022,315.769
71,12,60,6,315.622,103.271
71,12,60,7,74.0167,16.8322
71,12,60,8,461.195,62.3508
71,12,60,9,94.5729,438.002
71,12,60,10,231.742,287.742
71,12,60,11,41.5396,137.482
71,12,60,12,352.412,122.769
71,12,60,13,364.81,293.491
71,12,60,14,273.295,34.956
71,12,60,15,103.422,347.252
71,12,60,16,185.32,50.8435
71,12,60,17,376.915,330.981
71,12,60,18,326.442,163.725
71,12,60,19,217.949,385.147
71,12,60,20,169.822,125.218
71,12,60,21,433.822,224.156
71,12,60,22,126.748,177.734
71,12,60,23,484.8,28.6113
71,12,60,24,449.414,48.2461
71,12,60,25,342.218,236.126
71,12,60,26,482.152,407.959
71,12,60,27,203.217,6.35429
71,12,60,28,279.241,365.249
71,12,60,29,423.128,317.168
71,12,60,30,117.24,473.71
71,12,60,31,335.367,484.294
71,12,60,32,19.7144,194.252
71,12,60,33,397.965,454.384
71,12,60,34,4.46247,85.2083
71,12,60,35,156.493,13.1532
71,12,60,36,162.429,463.31
71,12,60,37,192.99,420.141
71,12,60,38,27.5509,143.056
71,12,60,39,255.279,230.503
71,12,60,40,409.692,265.218
71,12,60,41,15.5339,335.729
71,12,60,42,386.987,205.167
71,12,60,43,319.441,251.886
71,12,60,44,258.354,278.519
71,12,60,45,297.744,368.426
71,12,60,46,137.543,169.131
71,12,60,47,306.048,427.044
71,12,60,48,177.704,116.214
71,12,60,49,88.0417,69.7105
71,12,60,50,374.339,477.752
71,12,60,51,493.453,352.686
71,12,60,52,114.407,92.0366
71,12,60,53,47.0108,211.288
71,12,60,54,80.9165,498.945
71,12,60,55,240.052,183.772
71,12,60,56,286.04,445.18
71,12,60,57,428.341,305.683
71,12,60,58,142.677,412.729
71,12,60,59,52.3331,80.382
72,12,60,0,480.452,447.386
72,12,60,1,200.457,32.6672
72,12,60,2,409.675,47.7702
72,12,60,3,294.841,138.82
72,12,60,4,128.299,77.5647
72,12,60,5,495.738,289.493
72,12,60,6,284.248,335.916
72,12,60,7,198.009,91.9688
72,12,60,8,72.8221,331.015
72,12,60,9,319.471,426.211
72,12,60,10,10.3702,170.047
72,12,60,11,146.465,469.303
72,12,60,12,34.8079,166.307
72,12,60,13,162.953,215.941
72,12,60,14,472.438,371.882
72,12,60,15,116.992,123.404
72,12,60,16,384.644,461.252
72,12,60,17,489.924,382.515
72,12,60,18,266.366,441.085
72,12,60,19,403.808,234.535
72,12,60,20,96.2753,181.745
72,12,60,21,383.17,183.921
72,12,60,22,306.43,22.9054
72,12,60,23,234.778,127.373
72,12,60,24,189.676,400.725
72,12,60,25,76.8545,251.72
72,12,60,26,86.1067,36.8837
72,12,60,27,246.854,0.760306
72,12,60,28,447.749,273.396
72,12,60,29,439.148,385.238
72,12,60,30,54.1663,201.347
72,12,60,31,343.144,450.509
72,12,60,32,105.064,265.808
72,12,60,33,271.502,63.9241
72,12,60,34,329.519,87.1539
72,12,60,35,311.19,394.63
72,12,60,36,228.806,194.367
72,12,60,37,277.885,486.14
72,12,60,38,214.046,278.979
72,12,60,39,109.253,247.098
72,12,60,40,156.109,313.69
72,12,60,41,176.62,499.445
72,12,60,42,340.947,219.893
72,12,60,43,417.275,155.058
72,12,60,44,48.7461,349.708
72,12,60,45,8.3223,72.9299
72,12,60,46,362.926,419.293
72,12,60,47,394.668,307.299
72,12,60,48,452.296,294.184
72,12,60,49,350.677,356.174
72,12,60,50,369.271,413.69
72,12,60,51,27.9922,361.84
72,12,60,52,24.109,142.61
72,12,60,53,65.8137,16.0512
72,12,60,54,465.384,233.115
72,12,60,55,251.38,112.137
72,12,60,56,220.776,317.549
72,12,60,57,171.116,107.304
72,12,60,58,139.335,55.6299
72,12,60,59,425.846,480.795
73,12,60,0,318.704,493.989
73,12,60,1,41.2482,16.2307
73,12,60,2,54.5794,453.403
73,12,60,3,477.356,443.864
73,12,60,4,6.04052,431.318
73,12,60,5,297.65,104.599
73,12,60,6,346.737,420.385
73,12,60,7,132.24,97.8609
73,12,60,8,21.5912,220.024
73,12,60,9,90.6349,439.997
73,12,60,10,223.422,77.6781
73,12,60,11,487.602,300.789
73,12,60,12,376.26,389.805
73,12,60,13,170.65,350.572
73,12,60,14,264.311,284.406
73,12,60,15,203.957,252.236
73,12,60,16,447.596,115.562
73,12,60,17,30.5597,197.185
73,12,60,18,367.237,364.765
73,12,60,19,431.976,262.058
73,12,60,20,165.329,266.698
73,12,60,21,401.475,406.491
73,12,60,22,78.4879,83.6899
73,12,60,23,456.773,133.791
73,12,60,24,285.609,320.489
73,12,60,25,496.443,237.169
73,12,60,26,70.2348,339.019
73,12,60,27,152.908,475.716
73,12,60,28,11.9194,174.968
73,12,60,29,242.16,376.509
73,12,60,30,356.276,393.763
73,12,60,31,336.668,187.622
73,12,60,32,92.3898,120.493
73,12,60,33,143.539,57.2731
73,12,60,34,329.316,202.067
73,12,60,35,225.157,33.4814
73,12,60,36,467.754,343.739
73,12,60,37,213.294,279.31
73,12,60,38,308.999,164.752
73,12,60,39,123.567,49.5746
73,12,60,40,253.25,326.722
73,12,60,41,395.657,296.13
73,12,60,42,198.901,58.5887
73,12,60,43,190.519,309.951
73,12,60,44,386.897,226.579
73,12,60,45,358.738,133.278
73,12,60,46,62.7098,490.824
73,12,60,47,434.089,214.464
73,12,60,48,234.591,370.109
73,12,60,49,307.743,17.5951
73,12,60,50,49.8263,142.496
73,12,60,51,275.821,7.62225
73,12,60,52,411.809,154.385
73,12,60,53,463.418,462.753
73,12,60,54,180.339,25.8545
73,12,60,55,104.996,411.753
73,12,60,56,137.446,182.293
73,12,60,57,272.43,243.938
73,12,60,58,113.025,469.201
73,12,60,59,417.141,69.8701
74,12,60,0,462.882,223.739
74,12,60,1,228.018,246.095
74,12,60,2,289.058,281.262
74,12,60,3,80.7946,479.872
74,12,60,4,452.004,142.277
74,12,60,5,388.886,271.263
74,12,60,6,381.342,34.527
74,12,60,7,301.386,104.511
74,12,60,8,192.868,441.697
74,12,60,9,203.364,434.501
74,12,60,10,96.2527,26.8388
74,12,60,11,494.301,130.467
74,12,60,12,367.596,313.33
74,12,60,13,327.723,79.0567
74,12,60,14,239.215,229.647
74,12,60,15,393.638,198.486
74,12,60,16,145.502,381.876
74,12,60,17,161.509,394.01
74,12,60,18,1.73088,9.74871
74,12,60,19,324.567,317.19
74,12,60,20,215.642,158.056
74,12,60,21,404.906,352.51
74,12,60,22,433.352,176.559
74,12,60,23,48.1095,414.704
74,12,60,24,70.2518,330.784
74,12,60,25,294.865,23.9264
74,12,60,26,418.301,122.342
74,12,60,27,280.243,98.0515
74,12,60,28,219.27,109.151
74,12,60,29,250.758,53.8856
74,12,60,30,249.247,46.0264
74,12,60,31,337.259,165.91
74,12,60,32,360.001,170.946
74,12,60,33,311.166,454.808
74,12,60,34,129.251,422.449
74,12,60,35,35.1354,70.9623
74,12,60,36,13.1558,240.634
74,12,60,37,154.381,389.856
74,12,60,38,169.929,358.742
74,12,60,39,471.384,88.8717
74,12,60,40,274.559,205.736
74,12,60,41,491.51,348.056
74,12,60,42,265.515,190.34
74,12,60,43,123.795,138.92
74,12,60,44,31.0518,474.941
74,12,60,45,408.838,251.703
74,12,60,46,343.976,306.481
74,12,60,47,446.273,259.178
74,12,60,48,87.7318,489.404
74,12,60,49,186.589,401.698
74,12,60,50,177.052,493.215
74,12,60,51,102.19,370.633
74,12,60,52,52.0922,215.874
74,12,60,53,432.841,465.012
74,12,60,54,354.916,293.488
74,12,60,55,111.916,290.645
74,12,60,56,21.5377,340.684
74,12,60,57,476.884,7.23888
74,12,60,58,140.957,64.4113
74,12,60,59,65.9814,430.468
75,12,60,0,453.35,134.124
75,12,60,1,172.833,352.499
75,12,60,2,110.434,266.099
75,12,60,3,100.288,66.8293
75,12,60,4,278.496,227.023
75,12,60,5,153.594,409.165
75,12,60,6,321.294,478.94
75,12,60,7,80.8535,233.638
75,12,60,8,166.564,105.703
75,12,60,9,445.004,446.742
75,12,60,10,497.054,429.781
75,12,60,11,306.001,179.72
75,12,60,12,390.736,129.709
75,12,60,13,309.897,359.675
75,12,60,14,66.2949,207.605
75,12,60,15,464.371,77.1512
75,12,60,16,18.6145,496.574
75,12,60,17,219.185,339.282
75,12,60,18,431.925,154.364
75,12,60,19,37.9445,36.517
75,12,60,20,265.034,194.965
75,12,60,21,342.777,326.376
75,12,60,22,190.536,342.26
75,12,60,23,440.472,387.175
75,12,60,24,8.90544,184.35
75,12,60,25,383.296,2.72237
75,12,60,26,2.99125,490.095
75,12,60,27,326.1,419.609
75,12,60,28,299.712,224.707
75,12,60,29,180.372,58.2962
75,12,60,30,212.636,272.381
75,12,60,31,99.3309,160.808
75,12,60,32,415.983,285.481
75,12,60,33,237.559,310.938
75,12,60,34,290.19,47.5195
75,12,60,35,486.789,319.801
75,12,60,36,126.699,66.4098
75,12,60,37,274.861,25.6626
75,12,60,38,340.892,120.399
75,12,60,39,42.1351,472.603
75,12,60,40,358.54,300.949
75,12,60,41,403.592,374.336
75,12,60,42,477.582,459.038
75,12,60,43,353.385,299.994
75,12,60,44,30.0319,395.84
75,12,60,45,198.967,252.694
75,12,60,46,255.165,452.042
75,12,60,47,135.331,375.206
75,12,60,48,225.645,403.526
75,12,60,49,374.647,116.246
75,12,60,50,397.066,87.3376
75,12,60,51,120.339,8.59233
75,12,60,52,467.021,210.069
75,12,60,53,142.662,22.9682
75,12,60,54,205.597,144.916
75,12,60,55,87.1018,439.529
75,12,60,56,249.479,248.299
75,12,60,57,74.4478,282.007
75,12,60,58,55.2608,168.7
75,12,60,59,423.57,98.4619
76,12,60,0,276.414,394.15
76,12,60,1,39.6202,36.4217
76,12,60,2,400.408,191.59
76,12,60,3,75.5419,272.746
76,12,60,4,421.343,432.306
76,12,60,5,441.702,51.3127
76,12,60,6,263.689,60.3103
76,12,60,7,9.55725,247.915
76,12,60,8,267.912,262.11
76,12,60,9,377.207,406.071
76,12,60,10,480.184,382.538
76,12,60,11,246.759,117.175
76,12,60,12,96.3178,218.691
76,12,60,13,459.227,24.8403
76,12,60,14,254.733,47.4908
76,12,60,15,236.895,344.581
76,12,60,16,209.82,227.893
76,12,60,17,106.153,193.142
76,12,60,18,18.1089,135.294
76,12,60,19,306.291,281.375
76,12,60,20,177.812,451.671
76,12,60,21,162.825,79.4276
76,12,60,22,1.72368,474.085
76,12,60,23,470.091,319.669
76,12,60,24,414.768,31.2758
76,12,60,25,167.944,337.473
76,12,60,26,28.8665,483.184
76,12,60,27,184.584,169.189
76,12,60,28,324.549,161.194
76,12,60,29,52.5623,233.73
76,12,60,30,226.29,483.855
76,12,60,31,362.693,175.863
76,12,60,32,109.55,290.746
76,12,60,33,428.619,439.689
76,12,60,34,157.366,307.843
76,12,60,35,138.207,310.966
76,12,60,36,45.4647,126.337
76,12,60,37,196.73,422.239
76,12,60,38,386.817,98.2821
76,12,60,39,369.697,104.637
76,12,60,40,315.834,295.552
76,12,60,41,147.191,110.723
76,12,60,42,117.69,408.732
76,12,60,43,58.4334,391.22
76,12,60,44,127.522,209.036
76,12,60,45,89.6726,364.983
76,12,60,46,338.027,354.603
76,12,60,47,397.697,373.261
76,12,60,48,224.564,253.26
76,12,60,49,74.3015,466.6
76,12,60,50,495.017,153.072
76,12,60,51,436.881,2.66145
76,12,60,52,357.509,142.16
76,12,60,53,451.59,11.053
76,12,60,54,485.904,84.4104
76,12,60,55,284.238,72.2677
76,12,60,56,297.883,497.772
76,12,60,57,341.738,325.754
76,12,60,58,202.886,205.366
76,12,60,59,332.643,449.912
77,12,60,0,65.3396,1.66638
77,12,60,1,119.53,159.369
77,12,60,2,496.562,172.873
77,12,60,3,182.24,232.262
77,12,60,4,428.457,294.258
77,12,60,5,103.601,463.021
77,12,60,6,224.393,23.5034
77,12,60,7,190.213,284.243
77,12,60,8,199.305,497.561
77,12,60,9,137.777,208.058
77,12,60,10,295.237,300.489
77,12,60,11,387.626,35.3146
77,12,60,12,484.485,145.711
77,12,60,13,23.1508,79.3924
77,12,60,14,411.497,134.085
77,12,60,15,3.33994,177.388
77,12,60,16,84.8878,474.216
77,12,60,17,41.8951,366.255
77,12,60,18,269.65,313.648
77,12,60,19,246.824,392.769
77,12,60,20,157.406,263.945
77,12,60,21,325.535,442.576
77,12,60,22,146.841,97.9006
77,12,60,23,262.061,335.184
77,12,60,24,115.885,374.381
77,12,60,25,305.012,236.198
77,12,60,26,340.195,116.864
77,12,60,27,286.476,249.381
77,12,60,28,9.27548,343.446
77,12,60,29,163.988,199.265
77,12,60,30,437.758,411.04
77,12,60,31,481.979,90.2933
77,12,60,32,251.523,484.466
77,12,60,33,57.7771,115.99
77,12,60,34,457.745,250.738
77,12,60,35,471.448,421.335
77,12,60,36,212.054,52.8148
77,12,60,37,372.497,353.352
77,12,60,38,99.2539,385.845
77,12,60,39,36.2783,27.3029
77,12,60,40,344.499,150.766
77,12,60,41,234.512,427.895
77,12,60,42,230.123,41.7747
77,12,60,43,421.757,329.813
77,12,60,44,167.629,455.536
77,12,60,45,26.3766,211.728
77,12,60,46,448.791,323.264
77,12,60,47,83.2907,63.6493
77,12,60,48,350.927,187.469
77,12,60,49,405.606,483.067
77,12,60,50,379.122,100.815
77,12,60,51,67.1633,68.9999
77,12,60,52,458.814,15.213
77,12,60,53,201.408,267.971
77,12,60,54,127.504,126.519
77,12,60,55,308.672,406.407
77,12,60,56,281.759,377.672
77,12,60,57,359.208,434.057
77,12,60,58,397.188,219.178
77,12,60,59,324.166,282.281
78,12,60,0,445.837,102.645
78,12,60,1,455.874,359.143
78,12,60,2,189.374,98.246
78,12,60,3,350.661,69.6773
78,12,60,4,253.629,151.771
78,12,60,5,17.5472,334.434
78,12,60,6,299.722,491.522
78,12,60,7,168.302,133.533
78,12,60,8,212.051,410.433
78,12,60,9,239.484,39.9928
78,12,60,10,41.6838,208.121
78,12,60,11,482.154,45.5504
78,12,60,12,278.93,343.885
78,12,60,13,154.956,370.539
78,12,60,14,338.54,108.76
78,12,60,15,426.16,288.278
78,12,60,16,359.782,243.67
78,12,60,17,270.87,19.4723
78,12,60,18,217.519,472.075
78,12,60,19,317.005,31.8432
78,12,60,20,263.055,163.916
78,12,60,21,497.13,167.083
78,12,60,22,466.037,80.7681
78,12,60,23,37.7886,332.586
78,12,60,24,77.1016,480.685
78,12,60,25,54.7475,272.924
78,12,60,26,25.1229,86.1164
78,12,60,27,98.8073,125.343
78,12,60,28,367.07,256.73
78,12,60,29,289.03,238.428
78,12,60,30,112.57,265.648
78,12,60,31,65.4961,282.904
78,12,60,32,133.368,493.827
78,12,60,33,312.217,313.766
78,12,60,34,147.469,407.733
78,12,60,35,13.827,399.004
78,12,60,36,205.34,294.856
78,12,60,37,175.993,324.133
78,12,60,38,69.5709,211.156
78,12,60,39,129.899,459.448
78,12,60,40,409.638,193.642
78,12,60,41,244.257,456.594
78,12,60,42,342.376,441.965
78,12,60,43,393.245,181.153
78,12,60,44,406.07,431.768
78,12,60,45,440.863,5.75724
78,12,60,46,470.718,433.365
78,12,60,47,232.883,351.773
78,12,60,48,195.76,143.044
78,12,60,49,100.197,380.446
78,12,60,50,6.89968,420.795
78,12,60,51,332.065,218.362
78,12,60,52,86.8661,10.0603
78,12,60,53,118.013,383.463
78,12,60,54,390.425,123.539
78,12,60,55,166.18,58.6637
78,12,60,56,423.063,185.474
78,12,60,57,303.426,302.431
78,12,60,58,380.805,225.225
78,12,60,59,489.84,50.5096
79,12,60,0,53.1653,194.462
79,12,60,1,69.7657,63.1775
79,12,60,2,128.707,129.133
79,12,60,3,301.759,92.2586
79,12,60,4,396.869,137.4
79,12,60,5,200.592,346.15
79,12,60,6,288.472,91.2124
79,12,60,7,191.875,155.617
79,12,60,8,435.141,474.382
79,12,60,9,163.669,200.053
79,12,60,10,149.831,296.847
79,12,60,11,13.2419,429.324
79,12,60,12,453.204,120.137
79,12,60,13,445.616,232.712
79,12,60,14,96.2288,392.657
79,12,60,15,214.403,111.995
79,12,60,16,224.266,147.25
79,12,60,17,294.714,278.334
79,12,60,18,245.97,492.965
79,12,60,19,240.402,364.255
79,12,60,20,27.1158,234.668
79,12,60,21,431.282,385.172
79,12,60,22,43.3097,55.6683
79,12,60,23,86.5054,104.825
79,12,60,24,371.433,482.518
79,12,60,25,315.923,437.898
79,12,60,26,419.066,375.571
79,12,60,27,469.432,6.16456
79,12,60,28,326.394,79.3228
79,12,60,29,8.03984,329.642
79,12,60,30,459.808,309.457
79,12,60,31,412.23,164.859
79,12,60,32,407.528,335.046
79,12,60,33,349.457,182.029
79,12,60,34,80.1386,253.646
79,12,60,35,184.312,41.426
79,12,60,36,179.577,13.9156
79,12,60,37,157.047,72.2088
79,12,60,38,167.1,406.292
79,12,60,39,476.276,269.285
79,12,60,40,65.9946,26.3375
79,12,60,41,323.463,413.497
79,12,60,42,354.416,444.294
79,12,60,43,118.195,370.246
79,12,60,44,138.703,184.979
79,12,60,45,488.159,18.5408
79,12,60,46,338.285,321.198
79,12,60,47,389.306,284.682
79,12,60,48,229.404,46.8057
79,12,60,49,258.599,464.465
79,12,60,50,267.949,214.689
79,12,60,51,251.648,419.129
79,12,60,52,106.736,356.693
79,12,60,53,38.894,171.646
79,12,60,54,376.954,224.228
79,12,60,55,280.49,486.105
79,12,60,56,362.715,456.189
79,12,60,57,115.816,265.177
79,12,60,58,499.154,244.666
79,12,60,59,20.6786,307.15
80,12,60,0,334.335,165.84
80,12,60,1,156.261,239.062
80,12,60,2,365.036,52.5439
80,12,60,3,303.687,17.7177
80,12,60,4,434.152,329.929
80,12,60,5,227.034,313.199
80,12,60,6,132.866,4.478
80,12,60,7,289.37,372.111
80,12,60,8,22.5339,93.6622
80,12,60,9,424.969,354.899
80,12,60,10,214.718,427.115
80,12,60,11,389.743,192.434
80,12,60,12,446.466,90.2636
80,12,60,13,30.7304,383.663
80,12,60,14,203.567,341.001
80,12,60,15,271.179,377.561
80,12,60,16,187.313,279.095
80,12,60,17,183.261,441.337
80,12,60,18,331.304,15.8638
80,12,60,19,295.783,251.403
80,12,60,20,410.344,300.49
80,12,60,21,87.9718,132.072
80,12,60,22,162.28,414.975
80,12,60,23,95.1483,224.212
80,12,60,24,345.113,494.15
80,12,60,25,312.068,187.964
80,12,60,26,256.083,115.628
80,12,60,27,276.92,209.184
80,12,60,28,198.918,291.261
80,12,60,29,234.976,228.816
80,12,60,30,456.373,176.233
80,12,60,31,106.447,64.6371
80,12,60,32,266.199,265.815
80,12,60,33,404.583,476.627
80,12,60,34,11.7108,35.5644
80,12,60,35,110.375,77.104
80,12,60,36,494.396,362.631
80,12,60,37,324.234,168.041
80,12,60,38,486.753,70.8975
80,12,60,39,60.7454,28.5182
80,12,60,40,481.593,489.649
80,12,60,41,392.337,206.799
80,12,60,42,34.1777,418.049
80,12,60,43,148.015,269.124
80,12,60,44,42.8116,342.823
80,12,60,45,1.39797,137.652
80,12,60,46,174.575,451.774
80,12,60,47,241.89,49.1232
80,12,60,48,74.3816,147.039
80,12,60,49,471.391,400.058
80,12,60,50,432.637,462.361
80,12,60,51,53.3201,474.997
80,12,60,52,352.916,323.11
80,12,60,53,118.609,295.065
80,12,60,54,76.5803,108.18
80,12,60,55,224.86,391.714
80,12,60,56,137.889,249.865
80,12,60,57,368.175,123.537
80,12,60,58,379.246,449.786
80,12,60,59,466.566,152.437
81,12,60,0,491.415,318.826
81,12,60,1,333.782,440.401
81,12,60,2,64.6591,279.778
81,12,60,3,385.25,356.057
81,12,60,4,40.2241,39.4701
81,12,60,5,416.029,443.474
81,12,60,6,164.654,192.511
81,12,60,7,495.879,366.61
81,12,60,8,105.017,406.05
81,12,60,9,369.605,478.242
81,12,60,10,359.561,305.152
81,12,60,11,327.102,326.649
81,12,60,12,251.689,97.4712
81,12,60,13,264.203,184.413
81,12,60,14,402.163,114.564
81,12,60,15,463.66,412.642
81,12,60,16,347.588,456.911
81,12,60,17,394.459,430.02
81,12,60,18,451.011,252.454
81,12,60,19,9.10406,89.0322
81,12,60,20,351.295,12.7132
81,12,60,21,207.844,29.0084
81,12,60,22,146.493,165.116
81,12,60,23,171.26,249.299
81,12,60,24,109.257,226.082
81,12,60,25,22.3811,8.31937
81,12,60,26,99.1341,418.466
81,12,60,27,420.923,127.987
81,12,60,28,184.826,366.86
81,12,60,29,271.183,59.8923
81,12,60,30,235.268,348.22
81,12,60,31,427.875,487.949
81,12,60,32,180.072,56.0574
81,12,60,33,134.646,388.079
81,12,60,34,72.2263,69.0596
81,12,60,35,31.131,76.5059
81,12,60,36,323.571,284.424
81,12,60,37,474.795,240.424
81,12,60,38,223.872,494.54
81,12,60,39,90.781,264.05
81,12,60,40,5.7951,104.586
81,12,60,41,129.602,272.756
81,12,60,42,75.3603,181.136
81,12,60,43,157.736,220.683
81,12,60,44,297.832,334.622
81,12,60,45,376.065,399.142
81,12,60,46,280.657,293.979
81,12,60,47,212.093,210.859
81,12,60,48,312.569,116.836
81,12,60,49,249.449,133.383
81,12,60,50,193.18,316.255
81,12,60,51,308.151,204.921
81,12,60,52,53.8343,474.418
81,12,60,53,43.9844,380.667
81,12,60,54,477.878,48.4526
81,12,60,55,438.812,148.015
81,12,60,56,119.602,174.004
81,12,60,57,289.194,152.902
81,12,60,58,445.252,466.529
81,12,60,59,226.333,22.6768
82,12,60,0,464.111,371.554
82,12,60,1,456.695,51.2422
82,12,60,2,220.19,67.2357
82,12,60,3,385.165,200.573
82,12,60,4,286.313,301.76
82,12,60,5,174.278,127.622
82,12,60,6,115.015,20.433
82,12,60,7,399.338,233.059
82,12,60,8,31.0043,216.307
82,12,60,9,43.7507,81.5045
82,12,60,10,480.217,27.604
82,12,60,11,187.234,238.276
82,12,60,12,404.379,101.313
82,12,60,13,151.007,435.953
82,12,60,14,100.514,149.404
82,12,60,15,445.514,352.013
82,12,60,16,98.2711,394.701
82,12,60,17,425.431,458.096
82,12,60,18,208.761,86.3864
82,12,60,19,80.5141,385.405
82,12,60,20,414.831,256.187
82,12,60,21,17.4112,222.828
82,12,60,22,135.543,6.30276
82,12,60,23,165.857,14.4625
82,12,60,24,293.653,347.402
82,12,60,25,468.861,156.474
82,12,60,26,281.318,124.815
82,12,60,27,182.817,175.99
82,12,60,28,229.718,288.924
82,12,60,29,90.8418,162.637
82,12,60,30,369.738,406.49
82,12,60,31,71.523,471.661
82,12,60,32,364.371,445.527
82,12,60,33,336.547,135.181
82,12,60,34,3.26307,324.995
82,12,60,35,437.057,92.907
82,12,60,36,259.891,478.822
82,12,60,37,313.651,174.865
82,12,60,38,353.196,185.693
82,12,60,39,234.863,62.4856
82,12,60,40,246.207,490.088
82,12,60,41,330.338,110.913
82,12,60,42,375.976,427.546
82,12,60,43,485.44,492.32
82,12,60,44,491.884,38.7607
82,12,60,45,342.272,409.399
82,12,60,46,195.607,281.36
82,12,60,47,252.963,193.527
82,12,60,48,12.7827,296.67
82,12,60,49,205.503,330.892
82,12,60,50,38.8675,418.803
82,12,60,51,268.738,315.218
82,12,60,52,305.724,461.109
82,12,60,53,147.893,363.118
82,12,60,54,55.9202,259.647
82,12,60,55,417.809,377.704
82,12,60,56,59.4147,246.178
82,12,60,57,128.226,42.5442
82,12,60,58,117.532,267.379
82,12,60,59,317.206,338.415
83,12,60,0,282.783,349.076
83,12,60,1,215.942,90.243
83,12,60,2,264.424,40.1839
83,12,60,3,495.844,289.913
83,12,60,4,151.534,414.259
83,12,60,5,122.689,476.95
83,12,60,6,353.744,277.577
83,12,60,7,465.716,185.359
83,12,60,8,64.1372,431.972
83,12,60,9,392.243,308.153
83,12,60,10,13.7786,76.2315
83,12,60,11,410.972,13.7189
83,12,60,12,486.962,233.779
83,12,60,13,97.0235,3.13391
83,12,60,14,379.164,378.59
83,12,60,15,250.342,197.131
83,12,60,16,83.2633,401.027
83,12,60,17,168.648,322.344
83,12,60,18,322.262,435.444
83,12,60,19,313.11,140.533
83,12,60,20,287.761,448.307
83,12,60,21,32.4168,330.92
83,12,60,22,269.566,175.972
83,12,60,23,325.114,23.3855
83,12,60,24,228.294,151.418
83,12,60,25,348.116,72.1923
83,12,60,26,125.566,472.178
83,12,60,27,219.503,164.483
83,12,60,28,113.533,486.758
83,12,60,29,451.788,354.913
83,12,60,30,299.512,213.665
83,12,60,31,243.479,225.07
83,12,60,32,83.8507,338.72
83,12,60,33,20.4953,117.104
83,12,60,34,40.5225,115.887
83,12,60,35,422.972,270.931
83,12,60,36,472.846,107.532
83,12,60,37,194.266,61.5054
83,12,60,38,66.6709,148.544
83,12,60,39,431.262,367.872
83,12,60,40,107.203,27.4766
83,12,60,41,406.697,218.018
83,12,60,42,445.74,399.705
83,12,60,43,0.0428558,132.422
83,12,60,44,367.436,455.51
83,12,60,45,141.23,459.774
83,12,60,46,438.401,246.17
83,12,60,47,189.437,51.4901
83,12,60,48,305.995,170.015
83,12,60,49,481.099,261.569
83,12,60,50,390.442,49.3524
83,12,60,51,166.388,205.775
83,12,60,52,149.033,365.353
83,12,60,53,49.2014,297.24
83,12,60,54,362.234,316.021
83,12,60,55,54.184,257.853
83,12,60,56,200.386,386.822
83,12,60,57,178.107,99.4025
83,12,60,58,240.945,423.962
83,12,60,59,337.301,496.729
84,12,60,0,471.525,264.571
84,12,60,1,163.785,460.286
84,12,60,2,416.337,70.6783
84,12,60,3,221.691,130.255
84,12,60,4,365.92,42.9813
84,12,60,5,233.644,23.2617
84,12,60,6,90.0645,56.9279
84,12,60,7,392.597,36.8117
84,12,60,8,78.8938,110.821
84,12,60,9,475.029,144.172
84,12,60,10,65.7582,411.137
84,12,60,11,135.277,421.478
84,12,60,12,382.52,59.0933
84,12,60,13,433.65,435.878
84,12,60,14,243.557,384.919
84,12,60,15,289.247,163.604
84,12,60,16,455.724,104.434
84,12,60,17,2.34951,447.114
84,12,60,18,390.163,312.818
84,12,60,19,128.561,99.0354
84,12,60,20,29.1313,196.712
84,12,60,21,108.027,291.267
84,12,60,22,491.543,6.84599
84,12,60,23,301.124,374.535
84,12,60,24,401.673,381.433
84,12,60,25,174.861,247.293
84,12,60,26,99.6187,167.55
84,12,60,27,313.995,224.116
84,12,60,28,354.867,9.99139
84,12,60,29,255.087,177.881
84,12,60,30,211.443,75.9236
84,12,60,31,496.565,307.424
84,12,60,32,197.762,489.857
84,12,60,33,176.393,268.134
84,12,60,34,280.172,31.772
84,12,60,35,264.067,468.248
84,12,60,36,53.0224,334.158
84,12,60,37,38.6109,282.931
84,12,60,38,332.725,365.665
84,12,60,39,144.046,210.874
84,12,60,40,190.394,140.688
84,12,60,41,272.374,326.911
84,12,60,42,463.265,498.095
84,12,60,43,293.282,408.013
84,12,60,44,123.375,87.8619
84,12,60,45,20.9797,230.976
84,12,60,46,448.541,150.302
84,12,60,47,71.9184,343.859
84,12,60,48,45.0703,123.401
84,12,60,49,418.68,319.551
84,12,60,50,10.9845,298.529
84,12,60,51,228.173,481.932
84,12,60,52,110.143,200.486
84,12,60,53,373.073,396.912
84,12,60,54,347.514,235.645
84,12,60,55,338.719,254.705
84,12,60,56,204.546,355.891
84,12,60,57,153.909,432.16
84,12,60,58,425.719,183.507
84,12,60,59,322.124,452.293
85,12,60,0,260.528,131.592
85,12,60,1,483.668,421.913
85,12,60,2,25.0682,160.418
85,12,60,3,102.189,112.897
85,12,60,4,108.387,229.297
85,12,60,5,218.986,264.293
85,12,60,6,125.16,168.447
85,12,60,7,93.2106,27.857
85,12,60,8,351.069,441.402
85,12,60,9,176.544,347.204
85,12,60,10,151.026,222.681
85,12,60,11,86.0297,291.21
85,12,60,12,336.633,453.391
85,12,60,13,163.556,311.89
85,12,60,14,413.277,10.5166
85,12,60,15,23.8824,307.814
85,12,60,16,401.59,246.808
85,12,60,17,216.154,397.058
85,12,60,18,147.594,59.8629
85,12,60,19,347.945,253.921
85,12,60,20,44.4793,204.38
85,12,60,21,452.55,280.285
85,12,60,22,309.475,82.2808
85,12,60,23,432.769,208.877
85,12,60,24,442.302,268.174
85,12,60,25,77.4607,338.206
85,12,60,26,230.043,183.188
85,12,60,27,368.235,476.127
85,12,60,28,308.106,376.875
85,12,60,29,4.65096,386.548
85,12,60,30,172.811,405.6
85,12,60,31,417.045,54.8666
85,12,60,32,379.47,318.649
85,12,60,33,254.571,492.16
85,12,60,34,288.745,97.3224
85,12,60,35,497.126,191.531
85,12,60,36,388.092,298.893
85,12,60,37,194.111,23.6383
85,12,60,38,57.9265,69.0629
85,12,60,39,295.262,325.096
85,12,60,40,474.237,106.04
85,12,60,41,463.755,43.9141
85,12,60,42,282.906,236.633
85,12,60,43,476.999,116.761
85,12,60,44,394.929,3.10548
85,12,60,45,190.123,444.956
85,12,60,46,362.633,196.709
85,12,60,47,16.391,85.5715
85,12,60,48,238.544,356.148
85,12,60,49,270.619,490.949
85,12,60,50,62.8493,157.034
85,12,60,51,119.779,473.09
85,12,60,52,34.1492,412.298
85,12,60,53,206.02,369.051
85,12,60,54,140.56,432.606
85,12,60,55,70.6614,37.238
85,12,60,56,326.952,135.293
85,12,60,57,318.413,358.948
85,12,60,58,246.888,143.018
85,12,60,59,435.469,461.981
86,12,60,0,296.036,185.915
86,12,60,1,247.979,416.113
86,12,60,2,145.078,441.187
86,12,60,3,382.278,80.7776
86,12,60,4,445.107,287.706
86,12,60,5,173.684,256.768
86,12,60,6,89.9323,453.251
86,12,60,7,280.429,490.528
86,12,60,8,269.904,277.881
86,12,60,9,229.744,179.259
86,12,60,10,410.178,319.484
86,12,60,11,385.72,369.714
86,12,60,12,308.462,476.73
86,12,60,13,346.968,147.531
86,12,60,14,26.0858,60.2943
86,12,60,15,254.296,24.913
86,12,60,16,115.007,160.474
86,12,60,17,423.457,111.17
86,12,60,18,238.202,229.855
86,12,60,19,431.853,204.946
86,12,60,20,181.477,463.683
86,12,60,21,395.413,445.557
86,12,60,22,55.6828,192.316
86,12,60,23,322.504,34.1847
86,12,60,24,160.641,431.596
86,12,60,25,211.472,28.1049
86,12,60,26,357.679,335.59
86,12,60,27,8.58804,213.122
86,12,60,28,121.542,266.202
86,12,60,29,439.169,420.674
86,12,60,30,77.3894,365.751
86,12,60,31,190.505,173.749
86,12,60,32,499.865,135.574
86,12,60,33,197.31,268.816
86,12,60,34,305.976,397.647
86,12,60,35,41.843,14.3236
86,12,60,36,37.9459,46.5248
86,12,60,37,154.619,132.243
86,12,60,38,217.907,246.668
86,12,60,39,137.707,342.733
86,12,60,40,471.805,3.75059
86,12,60,41,335.045,224.932
86,12,60,42,69.0641,296.393
86,12,60,43,5.32651,151.394
86,12,60,44,132.331,68.957
86,12,60,45,408.027,468.913
86,12,60,46,455.897,495.655
86,12,60,47,16.9556,83.4967
86,12,60,48,367.937,98.3284
86,12,60,49,265.522,378.135
86,12,60,50,462.347,390.829
86,12,60,51,363.242,309.248
86,12,60,52,60.2057,355.527
86,12,60,53,97.9086,101.964
86,12,60,54,286.539,237.951
86,12,60,55,485.877,51.8867
86,12,60,56,325.484,404.905
86,12,60,57,479.914,333.24
86,12,60,58,107.325,122.43
86,12,60,59,205.858,300.674
87,12,60,0,166.532,213.637
87,12,60,1,202.374,366.135
87,12,60,2,3.25431,426.071
87,12,60,3,199.189,192.315
87,12,60,4,126.856,472.698
87,12,60,5,318.407,306.002
87,12,60,6,263.763,445.543
87,12,60,7,453.238,496.268
87,12,60,8,312.56,353.311
87,12,60,9,224.729,418.726
87,12,60,10,213.297,484.401
87,12,60,11,428.282,396.855
87,12,60,12,253.546,464.799
87,12,60,13,357.136,226.019
87,12,60,14,78.7237,41.1357
87,12,60,15,468.433,217.422
87,12,60,16,121.922,13.8999
87,12,60,17,290.89,322.053
87,12,60,18,93.3137,441.632
87,12,60,19,111.908,453.307
87,12,60,20,376.271,134.359
87,12,60,21,359.181,57.5442
87,12,60,22,234.665,202.692
87,12,60,23,325.386,313.24
87,12,60,24,417.997,148.567
87,12,60,25,184.457,157.79
87,12,60,26,53.6428,20.1415
87,12,60,27,297.225,113.796
87,12,60,28,66.5642,71.4855
87,12,60,29,386.391,400.739
87,12,60,30,307.673,285.322
87,12,60,31,272.866,416.423
87,12,60,32,48.3632,128.196
87,12,60,33,445.784,344.23
87,12,60,34,84.4704,190.099
87,12,60,35,466.285,29.5402
87,12,60,36,485.623,383.127
87,12,60,37,22.8302,8.11646
87,12,60,38,338.837,66.3661
87,12,60,39,408.984,83.8854
87,12,60,40,399.853,239.56
87,12,60,41,440.359,271.182
87,12,60,42,146.369,42.1008
87,12,60,43,495.558,101.182
87,12,60,44,104.265,260.044
87,12,60,45,478.919,256.634
87,12,60,46,181.662,370.464
87,12,60,47,171.083,173.063
87,12,60,48,14.9241,81.0421
87,12,60,49,32.6548,328.358
87,12,60,50,401.926,336.571
87,12,60,51,344.781,386.863
87,12,60,52,225.339,95.7516
87,12,60,53,245.03,477.067
87,12,60,54,374.416,293.681
87,12,60,55,33.3989,278.839
87,12,60,56,281.406,244.409
87,12,60,57,156.683,158.398
87,12,60,58,138.488,182.468
87,12,60,59,71.1961,118.71
88,12,60,0,480.564,176.693
88,12,60,1,253.878,493.984
88,12,60,2,387.655,463.831
88,12,60,3,444.585,87.7275
88,12,60,4,85.9897,433.088
88,12,60,5,394.826,389.876
88,12,60,6,185.741,490.243
88,12,60,7,218.001,82.1069
88,12,60,8,44.3136,24.1425
88,12,60,9,1.96096,406.365
88,12,60,10,379.137,276.439
88,12,60,11,230.493,219.715
88,12,60,12,168.033,411.426
88,12,60,13,68.539,340.598
88,12,60,14,270.574,266.122
88,12,60,15,459.597,362.335
88,12,60,16,160.903,449.349
88,12,60,17,467.358,154.954
88,12,60,18,277.595,355.163
88,12,60,19,368.782,230.967
88,12,60,20,34.7591,367.487
88,12,60,21,236.444,29.2676
88,12,60,22,99.8618,420.554
88,12,60,23,196.666,317.324
88,12,60,24,118.401,302.892
88,12,60,25,157.847,436.277
88,12,60,26,304.051,95.5634
88,12,60,27,355.486,201.803
88,12,60,28,29.7872,120.978
88,12,60,29,321.307,235.501
88,12,60,30,299.876,293.452
88,12,60,31,62.495,197.388
88,12,60,32,330.509,209.921
88,12,60,33,246.215,383.016
88,12,60,34,495.517,142.702
88,12,60,35,426.898,49.057
88,12,60,36,333.341,309.136
88,12,60,37,202.177,37.7696
88,12,60,38,401.917,190.506
88,12,60,39,126.64,254.049
88,12,60,40,11.6752,286.968
88,12,60,41,75.8135,101.888
88,12,60,42,140.548,330.688
88,12,60,43,454.006,68.081
88,12,60,44,107.698,108.495
88,12,60,45,263.907,6.39677
88,12,60,46,146.116,66.2806
88,12,60,47,314.222,455.826
88,12,60,48,438.55,54.4256
88,12,60,49,23.751,469.98
88,12,60,50,347.734,245.631
88,12,60,51,408.526,343.016
88,12,60,52,290.516,136.72
88,12,60,53,56.1941,14.18
88,12,60,54,216.477,131.188
88,12,60,55,420.02,161.846
88,12,60,56,182.294,271.798
88,12,60,57,110.817,394.83
88,12,60,58,362.327,167.06
88,12,60,59,485.229,482.225
89,12,60,0,37.3652,274.654
89,12,60,1,80.6937,193.431
89,12,60,2,348.04,73.9717
89,12,60,3,32.4999,304.57
89,12,60,4,263.488,319.918
89,12,60,5,202.207,219.247
89,12,60,6,7.39561,426.614
89,12,60,7,243.269,94.804
89,12,60,8,324.392,410.252
89,12,60,9,478.958,240.055
89,12,60,10,462.63,459.148
89,12,60,11,441.143,77.5256
89,12,60,12,93.7076,10.4097
89,12,60,13,109.709,345.074
89,12,60,14,126.738,127.638
89,12,60,15,194.511,478.714
89,12,60,16,87.6325,190.32
89,12,60,17,497.466,143.167
89,12,60,18,208.384,180.864
89,12,60,19,387.675,377.794
89,12,60,20,136.438,295.852
89,12,60,21,432.894,383.693
89,12,60,22,143.914,264.415
89,12,60,23,468.573,308.897
89,12,60,24,175.953,444.612
89,12,60,25,168.486,369.388
89,12,60,26,281.955,394.987
89,12,60,27,188.388,168.364
89,12,60,28,254.261,157.328
89,12,60,29,368.964,325.103
89,12,60,30,22.618,290.031
89,12,60,31,418.855,227.363
89,12,60,32,488.297,407.487
89,12,60,33,270.718,254.393
89,12,60,34,59.7106,496.464
89,12,60,35,71.6716,141.465
89,12,60,36,48.6737,100.593
89,12,60,37,219.938,91.1746
89,12,60,38,377.452,455.169
89,12,60,39,234.444,44.9405
89,12,60,40,14.3793,30.4639
89,12,60,41,408.269,281.519
89,12,60,42,297.912,57.6017
89,12,60,43,233.177,474.718
89,12,60,44,357.552,40.0485
89,12,60,45,118.755,123.476
89,12,60,46,333.76,419.185
89,12,60,47,455.502,115.433
89,12,60,48,154.52,166.239
89,12,60,49,449.24,207.492
89,12,60,50,51.5363,365.2
89,12,60,51,301.467,20.5906
89,12,60,52,106.689,353.596
89,12,60,53,394.038,60.038
89,12,60,54,327.709,488.688
89,12,60,55,409.116,341.639
89,12,60,56,308.746,246.331
89,12,60,57,160.41,437.122
89,12,60,58,283.368,6.76414
89,12,60,59,359.541,210.27
90,12,60,0,245.476,319.501
90,12,60,1,493.326,60.5785
90,12,60,2,439.142,137.881
90,12,60,3,49.4475,390.722
90,12,60,4,217.825,364.412
90,12,60,5,276.729,259.062
90,12,60,6,16.7794,79.6555
90,12,60,7,333.09,201.78
90,12,60,8,201.946,487.566
90,12,60,9,373.633,167.07
90,12,60,10,481.84,334.292
90,12,60,11,26.6012,152.844
90,12,60,12,74.9023,142.467
90,12,60,13,274.501,296.053
90,12,60,14,308.704,395.506
90,12,60,15,360.496,457.584
90,12,60,16,379.922,208.953
90,12,60,17,419.896,382.763
90,12,60,18,103.774,344.532
90,12,60,19,98.8118,243.097
90,12,60,20,130.382,440.087
90,12,60,21,137.082,57.7805
90,12,60,22,474.366,73.8095
90,12,60,23,426.721,314.706
90,12,60,24,458.401,238.173
90,12,60,25,284.887,175.951
90,12,60,26,383.343,289.418
90,12,60,27,262.911,350.594
90,12,60,28,394.155,403.012
90,12,60,29,352.597,254.155
90,12,60,30,299.372,191.045
90,12,60,31,340.529,410.852
90,12,60,32,152.195,305.418
90,12,60,33,348.726,474.562
90,12,60,34,171.484,126.97
90,12,60,35,143.402,116.132
90,12,60,36,447.223,101.656
90,12,60,37,215.384,199.79
90,12,60,38,485.976,37.046
90,12,60,39,230.053,87.5364
90,12,60,40,160.029,444.133
90,12,60,41,197.945,421.686
90,12,60,42,66.507,432.628
90,12,60,43,50.177,227.669
90,12,60,44,238.296,20.5131
90,12,60,45,305.637,28.4952
90,12,60,46,36.9686,216.904
90,12,60,47,15.8201,95.9727
90,12,60,48,2.25437,479.334
90,12,60,49,252.992,374.252
90,12,60,50,186.214,330.667
90,12,60,51,111.838,269.829
90,12,60,52,76.395,14.6388
90,12,60,53,176.688,279.377
90,12,60,54,451.262,463.503
90,12,60,55,415.836,493.025
90,12,60,56,321.123,160.358
90,12,60,57,124.747,48.7094
90,12,60,58,401.801,117.521
90,12,60,59,90.0002,5.51952
91,12,60,0,361.532,341.855
91,12,60,1,491.265,479.042
91,12,60,2,294.185,397.763
91,12,60,3,424.722,49.2049
91,12,60,4,221.867,199.964
91,12,60,5,88.8607,235.113
91,12,60,6,328.985,400.559
91,12,60,7,30.789,34.6761
91,12,60,8,401.346,323.24
91,12,60,9,289.518,365.734
91,12,60,10,242.019,450.797
91,12,60,11,133.941,430.5
91,12,60,12,146.109,443.387
91,12,60,13,473.977,335.04
91,12,60,14,348.77,275.954
91,12,60,15,340.238,231.311
91,12,60,16,154.374,111.258
91,12,60,17,119.798,79.8703
91,12,60,18,204.059,136.644
91,12,60,19,187.143,131.129
91,12,60,20,192.449,90.0847
91,12,60,21,437.404,31.721
91,12,60,22,306.843,213.328
91,12,60,23,411.302,101.914
91,12,60,24,459.535,474.436
91,12,60,25,385.016,185.658
91,12,60,26,104.31,161.966
91,12,60,27,96.099,176.052
91,12,60,28,264.842,251.595
91,12,60,29,323.821,411.309
91,12,60,30,379.8,2.32518
91,12,60,31,316.074,491.712
91,12,60,32,214.35,171.839
91,12,60,33,175.307,55.9977
91,12,60,34,372.502,483.54
91,12,60,35,69.2006,285.44
91,12,60,36,279.946,144.538
91,12,60,37,253.77,62.6716
91,12,60,38,65.6429,207.098
91,12,60,39,478.482,439.738
91,12,60,40,77.1237,419.981
91,12,60,41,168.875,385.454
91,12,60,42,50.0463,372.208
91,12,60,43,227.283,268.873
91,12,60,44,161.471,357.74
91,12,60,45,355.134,313.442
91,12,60,46,48.9563,92.9213
91,12,60,47,427.565,247.47
91,12,60,48,110.281,380.195
91,12,60,49,394.1,298.196
91,12,60,50,24.1487,117.496
91,12,60,51,13.8934,262.58
91,12,60,52,268.358,12.0927
91,12,60,53,127.323,18.4912
91,12,60,54,445.326,326.365
91,12,60,55,39.9592,70.9915
91,12,60,56,497.99,303.341
91,12,60,57,240.052,217.341
91,12,60,58,455.969,466.139
91,12,60,59,7.79243,153.689
92,12,60,0,453.049,194.637
92,12,60,1,379.013,499.007
92,12,60,2,259.582,485.094
92,12,60,3,59.5374,326.958
92,12,60,4,281.136,368.527
92,12,60,5,244.521,12.0995
92,12,60,6,12.5411,202.189
92,12,60,7,139.792,230.439
92,12,60,8,72.8081,115.478
92,12,60,9,328.439,76.3676
92,12,60,10,315.101,40.7002
92,12,60,11,285.821,156.551
92,12,60,12,20.283,3.67569
92,12,60,13,414.866,316.467
92,12,60,14,214.163,169.777
92,12,60,15,294.747,269.389
92,12,60,16,178.085,216.568
92,12,60,17,27.7172,443.35
92,12,60,18,305.481,237.979
92,12,60,19,118.103,27.6365
92,12,60,20,444.081,347.714
92,12,60,21,91.5518,291.378
92,12,60,22,336.813,301.381
92,12,60,23,389.672,21.796
92,12,60,24,222.12,402.358
92,12,60,25,199.619,416.575
92,12,60,26,226.111,378.613
92,12,60,27,157.036,223.503
92,12,60,28,131.915,142.142
92,12,60,29,184.349,83.7397
92,12,60,30,57.9458,141.281
92,12,60,31,472.28,317.664
92,12,60,32,7.92771,44.0802
92,12,60,33,358.754,472.425
92,12,60,34,353.967,338.367
92,12,60,35,400.502,476.474
92,12,60,36,142.311,176.619
92,12,60,37,462.038,65.016
92,12,60,38,38.3011,126.341
92,12,60,39,205.581,421.523
92,12,60,40,163.205,100.908
92,12,60,41,493.464,462.459
92,12,60,42,239.082,69.3223
92,12,60,43,82.4675,440.853
92,12,60,44,105.257,247.105
92,12,60,45,427.327,163.106
92,12,60,46,323.244,275.972
92,12,60,47,345.054,456.332
92,12,60,48,484.63,383.447
92,12,60,49,46.1522,364.111
92,12,60,50,111.602,294.729
92,12,60,51,394.894,191.595
92,12,60,52,97.4266,119.94
92,12,60,53,440.628,395.742
92,12,60,54,252.327,251.456
92,12,60,55,420.156,428.216
92,12,60,56,370.478,92.3599
92,12,60,57,269.035,355.844
92,12,60,58,167.555,259.809
92,12,60,59,478.254,52.0037
93,12,60,0,234.587,0.229988
93,12,60,1,50.4334,143.627
93,12,60,2,443.071,488.636
93,12,60,3,91.743,309.041
93,12,60,4,365.541,180.505
93,12,60,5,282.928,205.745
93,12,60,6,142.947,13.1785
93,12,60,7,319.92,293.648
93,12,60,8,326.747,136.92
93,12,60,9,107.299,154.849
93,12,60,10,485.724,359.808
93,12,60,11,182.014,93.6709
93,12,60,12,257.695,159.172
93,12,60,13,470.981,400.611
93,12,60,14,427.871,399.643
93,12,60,15,422.353,467.487
93,12,60,16,155.958,51.6134
93,12,60,17,498.68,322.035
93,12,60,18,12.7138,458.422
93,12,60,19,398.238,239.711
93,12,60,20,28.49,225.739
93,12,60,21,466.362,390.507
93,12,60,22,90.4493,410.488
93,12,60,23,303,378.36
93,12,60,24,259.295,128.509
93,12,60,25,2.88953,208.553
93,12,60,26,297.632,482.343
93,12,60,27,286.841,354.164
93,12,60,28,189.436,187.862
93,12,60,29,271.514,491.846
93,12,60,30,227.147,419.822
93,12,60,31,166.22,337.747
93,12,60,32,314.267,109.649
93,12,60,33,453.309,21.387
93,12,60,34,334.657,291.489
93,12,60,35,206.107,270.687
93,12,60,36,46.9034,243.666
93,12,60,37,64.539,305.983
93,12,60,38,349.63,450.452
93,12,60,39,74.3846,448.915
93,12,60,40,123.391,74.9548
93,12,60,41,435.581,28.2951
93,12,60,42,34.8839,59.2816
93,12,60,43,404.226,102.727
93,12,60,44,410.078,348.997
93,12,60,45,217.807,173.706
93,12,60,46,481.462,328.019
93,12,60,47,381.357,263.093
93,12,60,48,108.343,46.4343
93,12,60,49,369.989,372.807
93,12,60,50,135.901,75.4247
93,12,60,51,20.3264,437.632
93,12,60,52,216.631,34.5616
93,12,60,53,385.466,279.245
93,12,60,54,82.2551,431.173
93,12,60,55,245.629,198.134
93,12,60,56,353.207,91.5718
93,12,60,57,197.014,116.941
93,12,60,58,128.842,250.796
93,12,60,59,173.054,217.173
94,12,60,0,79.2618,174.158
94,12,60,1,100.786,43.3029
94,12,60,2,346.814,102.799
94,12,60,3,178.189,379.975
94,12,60,4,116.38,207.395
94,12,60,5,19.4563,53.3428
94,12,60,6,97.443,434.497
94,12,60,7,395.907,443.226
94,12,60,8,473.503,374.797
94,12,60,9,245.519,293.861
94,12,60,10,191.485,281.669
94,12,60,11,463.821,83.1253
94,12,60,12,47.826,306.435
94,12,60,13,50.6297,335.061
94,12,60,14,334.89,427.099
94,12,60,15,66.619,130.159
94,12,60,16,484.689,341.676
94,12,60,17,315.677,475.333
94,12,60,18,72.7014,388.857
94,12,60,19,226.711,180.836
94,12,60,20,134.344,319.09
94,12,60,21,161.954,218.063
94,12,60,22,302.551,24.9399
94,12,60,23,266.659,3.03795
94,12,60,24,448.94,468.553
94,12,60,25,332.018,38.8422
94,12,60,26,155.679,459.439
94,12,60,27,271.449,198.89
94,12,60,28,411.923,10.5397
94,12,60,29,129.398,268.253
94,12,60,30,437.238,92.3621
94,12,60,31,7.29298,153.358
94,12,60,32,400.318,358.677
94,12,60,33,86.6582,494.515
94,12,60,34,381.687,159.552
94,12,60,35,417.015,256.58
94,12,60,36,168.124,109.957
94,12,60,37,319.596,333.153
94,12,60,38,358.453,397.886
94,12,60,39,497.728,265.607
94,12,60,40,217.893,190.15
94,12,60,41,28.1236,246.044
94,12,60,42,41.3436,483.373
94,12,60,43,284.792,408.395
94,12,60,44,257.038,315.97
94,12,60,45,357.326,422.292
94,12,60,46,201.525,214.429
94,12,60,47,124.231,453.501
94,12,60,48,234.944,88.3012
94,12,60,49,14.251,25.4361
94,12,60,50,297.666,65.7565
94,12,60,51,478.362,403.168
94,12,60,52,279.423,350.054
94,12,60,53,452.121,133.386
94,12,60,54,149.932,122.9
94,12,60,55,384.669,142.866
94,12,60,56,214.562,69.0301
94,12,60,57,427.953,239.664
94,12,60,58,369.61,225.63
94,12,60,59,194.633,287.408
95,12,60,0,407.524,453.52
95,12,60,1,497.13,257.955
95,12,60,2,434.241,434.127
95,12,60,3,61.3875,243.368
95,12,60,4,261.256,40.3978
95,12,60,5,465.11,431.783
95,12,60,6,195.841,174.397
95,12,60,7,302.303,287.669
95,12,60,8,246.117,153.248
95,12,60,9,68.0572,25.2607
95,12,60,10,179.165,422.686
95,12,60,11,290.594,86.6995
95,12,60,12,111.597,367.899
95,12,60,13,7.73306,399.468
95,12,60,14,374.468,312.606
95,12,60,15,166.963,409.666
95,12,60,16,77.6526,376.321
95,12,60,17,389.007,107.229
95,12,60,18,339.796,360.284
95,12,60,19,447.576,235.031
95,12,60,20,431.604,273.735
95,12,60,21,359.694,132.941
95,12,60,22,356.84,258.968
95,12,60,23,412.812,191.823
95,12,60,24,156.168,321.173
95,12,60,25,87.5048,498.654
95,12,60,26,393.075,82.5712
95,12,60,27,450.966,63.3888
95,12,60,28,17.1595,185.727
95,12,60,29,13.8059,468.708
95,12,60,30,104.515,333.617
95,12,60,31,29.4671,74.332
95,12,60,32,137.272,200.216
95,12,60,33,219.471,51.1003
95,12,60,34,186.822,47.3882
95,12,60,35,486.945,386.219
95,12,60,36,269.908,222.11
95,12,60,37,208.898,110.8
95,12,60,38,312.354,17.3009
95,12,60,39,324.215,7.92146
95,12,60,40,161.513,97.9779
95,12,60,41,344.353,294.29
95,12,60,42,230.273,403.06
95,12,60,43,278.757,209.686
95,12,60,44,93.079,481.75
95,12,60,45,420.133,135.356
95,12,60,46,470.162,447.627
95,12,60,47,330.435,149.042
95,12,60,48,130.478,487.986
95,12,60,49,237.414,347.271
95,12,60,50,296.566,117.023
95,12,60,51,123.846,306.845
95,12,60,52,144.685,229.364
95,12,60,53,255.609,15.2425
95,12,60,54,55.1094,159.582
95,12,60,55,200.543,326.148
95,12,60,56,46.4404,460.873
95,12,60,57,35.0253,183.205
95,12,60,58,480.834,353.747
95,12,60,59,379.607,278.006
96,12,60,0,296.224,252.367
96,12,60,1,392.915,12.5459
96,12,60,2,472.616,36.8165
96,12,60,3,346.196,263.564
96,12,60,4,450.411,70.959
96,12,60,5,58.9359,161.95
96,12,60,6,358.972,66.5041
96,12,60,7,419.224,55.3146
96,12,60,8,125.137,150.921
96,12,60,9,236.981,413.118
96,12,60,10,30.4966,86.5981
96,12,60,11,220.984,193.34
96,12,60,12,67.5937,492.872
96,12,60,13,91.7219,116.95
96,12,60,14,329.815,450.732
96,12,60,15,1.30964,349.445
96,12,60,16,242.199,443.746
96,12,60,17,229.564,399.024
96,12,60,18,40.5934,140.387
96,12,60,19,203.846,389.532
96,12,60,20,55.923,208.823
96,12,60,21,443.842,216.878
96,12,60,22,157.605,403.661
96,12,60,23,368.729,226.062
96,12,60,24,405.739,300.243
96,12,60,25,115.094,149.416
96,12,60,26,215.094,97.4645
96,12,60,27,483.059,104.589
96,12,60,28,339.531,368.012
96,12,60,29,387.524,276.603
96,12,60,30,18.6287,298.877
96,12,60,31,324.401,115.051
96,12,60,32,120.957,167.968
96,12,60,33,490.026,476.476
96,12,60,34,498.407,316.481
96,12,60,35,76.0468,436.638
96,12,60,36,265.377,205.109
96,12,60,37,410.669,189.55
96,12,60,38,376.331,375.47
96,12,60,39,269.77,322.293
96,12,60,40,281.306,487.971
96,12,60,41,88.1671,7.0805
96,12,60,42,166.591,459.736
96,12,60,43,428.435,354.314
96,12,60,44,290.302,28.0113
96,12,60,45,9.31187,419.654
96,12,60,46,191.187,239.049
96,12,60,47,195.806,44.2831
96,12,60,48,182.71,77.2621
96,12,60,49,102.547,432.098
96,12,60,50,306.26,337.743
96,12,60,51,136.141,18.0494
96,12,60,52,46.8477,248.302
96,12,60,53,352.082,179.534
96,12,60,54,142.109,288.915
96,12,60,55,440.971,267.84
96,12,60,56,460.22,365.37
96,12,60,57,257.454,473.419
96,12,60,58,170.204,127.977
96,12,60,59,309.814,330.03
97,12,60,0,58.1741,8.1463
97,12,60,1,129.557,117.78
97,12,60,2,295.576,210.534
97,12,60,3,141.073,258.296
97,12,60,4,400.67,92.8981
97,12,60,5,421.819,496.876
97,12,60,6,146.972,230.711
97,12,60,7,84.3723,37.7119
97,12,60,8,378.236,433.002
97,12,60,9,374.726,149.929
97,12,60,10,224.684,344.032
97,12,60,11,104.776,456.86
97,12,60,12,177.653,303.831
97,12,60,13,122.564,110.131
97,12,60,14,164.048,411.038
97,12,60,15,436.995,328.949
97,12,60,16,226.186,370.664
97,12,60,17,266.313,85.9243
97,12,60,18,348.031,354.739
97,12,60,19,314.203,459.456
97,12,60,20,457.171,193.165
97,12,60,21,193.103,308.345
97,12,60,22,247.679,28.5016
97,12,60,23,477.697,339.746
97,12,60,24,360.118,320.695
97,12,60,25,270.819,489.83
97,12,60,26,431.644,183.39
97,12,60,27,355.159,279.116
97,12,60,28,206.062,171.443
97,12,60,29,156.034,435.938
97,12,60,30,73.1921,296.005
97,12,60,31,277.039,139.822
97,12,60,32,492.058,200.061
97,12,60,33,79.0754,222.991
97,12,60,34,302.194,271.015
97,12,60,35,112.711,58.9263
97,12,60,36,328.938,107.574
97,12,60,37,94.3046,233.807
97,12,60,38,257.032,442.816
97,12,60,39,396.818,391.693
97,12,60,40,290.913,76.1155
97,12,60,41,237.97,291.25
97,12,60,42,337.979,155.342
97,12,60,43,0.574819,10.7451
97,12,60,44,470.474,259.29
97,12,60,45,458.462,47.3959
97,12,60,46,490.969,178.827
97,12,60,47,385.147,56.4511
97,12,60,48,213.792,405.966
97,12,60,49,447.544,482.463
97,12,60,50,17.6404,375.034
97,12,60,51,410.331,244.664
97,12,60,52,64.4388,359.658
97,12,60,53,40.2089,159.253
97,12,60,54,191.218,131.928
97,12,60,55,45.2296,23.9229
97,12,60,56,11.4941,466.98
97,12,60,57,323.096,72.2168
97,12,60,58,169.228,419.296
97,12,60,59,26.649,391.232
98,12,60,0,185.636,437.053
98,12,60,1,240.388,248.37
98,12,60,2,393.039,302.174
98,12,60,3,84.6146,48.8954
98,12,60,4,285.593,363.683
98,12,60,5,280.261,66.4342
98,12,60,6,110.562,293.23
98,12,60,7,101.618,318.453
98,12,60,8,177.041,353.634
98,12,60,9,12.5845,465.458
98,12,60,10,296.901,79.1832
98,12,60,11,488.751,145.559
98,12,60,12,30.543,273.779
98,12,60,13,193.759,98.2739
98,12,60,14,229.107,278.314
98,12,60,15,465.669,128.827
98,12,60,16,138.499,348.751
98,12,60,17,265.707,371.323
98,12,60,18,402.601,455.687
98,12,60,19,438.303,493.134
98,12,60,20,153.18,198.347
98,12,60,21,377.296,431.415
98,12,60,22,482.722,397.659
98,12,60,23,6.57628,105.223
98,12,60,24,33.9188,486.097
98,12,60,25,355.588,334.275
98,12,60,26,170.95,158.307
98,12,60,27,349.635,286.487
98,12,60,28,332.401,477.962
98,12,60,29,67.7367,209.623
98,12,60,30,267.536,254.226
98,12,60,31,124.489,443.369
98,12,60,32,444.891,55.9496
98,12,60,33,57.0367,9.56919
98,12,60,34,365.457,30.7791
98,12,60,35,66.5452,388.752
98,12,60,36,425.026,228.814
98,12,60,37,416.038,176.643
98,12,60,38,213.597,469.976
98,12,60,39,142.452,260.609
98,12,60,40,372.905,420.786
98,12,60,41,224.146,173.396
98,12,60,42,163.706,164.499
98,12,60,43,336.482,140.675
98,12,60,44,97.0501,325.775
98,12,60,45,388.444,204.077
98,12,60,46,256.752,412.23
98,12,60,47,308.083,315.005
98,12,60,48,19.5824,223.853
98,12,60,49,249.331,404.998
98,12,60,50,79.5787,4.70138
98,12,60,51,132.181,69.7117
98,12,60,52,313.076,239.671
98,12,60,53,45.7498,22.0216
98,12,60,54,418.477,91.0385
98,12,60,55,495.604,121.474
98,12,60,56,469.245,115.042
98,12,60,57,200.782,41.0635
98,12,60,58,452.816,380.827
98,12,60,59,321.868,185.066
99,12,60,0,332.541,380.7
99,12,60,1,387.885,362.887
99,12,60,2,400.803,50.9199
99,12,60,3,26.4528,80.7309
99,12,60,4,461.656,7.37372
99,12,60,5,167.433,141.383
99,12,60,6,293.602,237.801
99,12,60,7,62.892,347.943
99,12,60,8,477.737,261.871
99,12,60,9,206.342,279.815
99,12,60,10,287.947,9.23431
99,12,60,11,468.456,319.846
99,12,60,12,302.59,33.4002
99,12,60,13,0.0897273,326.755
99,12,60,14,456.833,367.466
99,12,60,15,15.6706,434.329
99,12,60,16,221.17,294.12
99,12,60,17,136.863,188.943
99,12,60,18,372.367,209.335
99,12,60,19,52.5031,207.128
99,12,60,20,48.3962,463.907
99,12,60,21,491.055,304.606
99,12,60,22,375.953,286.453
99,12,60,23,97.6551,43.3591
99,12,60,24,239.328,89.3228
99,12,60,25,415.971,337.847
99,12,60,26,274.617,227.343
99,12,60,27,19.8636,420.569
99,12,60,28,79.5437,74.5422
99,12,60,29,181.854,431.335
99,12,60,30,164.011,272.933
99,12,60,31,352.965,407.712
99,12,60,32,313.616,309.007
99,12,60,33,214.708,60.8621
99,12,60,34,231.284,128.579
99,12,60,35,123.615,449.544
99,12,60,36,73.0018,24.6849
99,12,60,37,320.548,166.625
99,12,60,38,33.4918,471.455
99,12,60,39,361.218,111.643
99,12,60,40,335.438,481.099
99,12,60,41,441.187,172.814
99,12,60,42,429.5,217.22
99,12,60,43,142.188,179.03
99,12,60,44,133.324,356.872
99,12,60,45,399.646,122.641
99,12,60,46,259.416,399.281
99,12,60,47,103.418,489.756
99,12,60,48,151.821,144.983
99,12,60,49,249.827,193.424
99,12,60,50,85.8998,253.507
99,12,60,51,109.804,96.2878
99,12,60,52,345.437,106.314
99,12,60,53,250.978,155.744
99,12,60,54,281.267,450.169
99,12,60,55,499.806,414.469
99,12,60,56,198.881,242.745
99,12,60,57,188.653,391.562
99,12,60,58,423.558,495.764
99,12,60,59,442.585,30.8752
100,12,60,0,313.932,161.481
100,12,60,1,126.567,239.314
100,12,60,2,257.218,421.539
100,12,60,3,380.272,296.807
100,12,60,4,499.145,205.533
100,12,60,5,488.627,49.3624
100,12,60,6,267.534,436.975
100,12,60,7,438.249,272.19
100,12,60,8,277.284,361.392
100,12,60,9,118.211,453.551
100,12,60,10,45.9729,348.755
100,12,60,11,158.43,328.089
100,12,60,12,32.9229,66.5398
100,12,60,13,397.861,143.925
100,12,60,14,187.589,184.968
100,12,60,15,141.358,133.465
100,12,60,16,430.836,89.6167
100,12,60,17,415.141,174.591
100,12,60,18,175.662,351.436
100,12,60,19,51.0457,157.122
100,12,60,20,417.761,7.07709
100,12,60,21,93.0867,287.18
100,12,60,22,470.644,461.628
100,12,60,23,442.329,303.047
100,12,60,24,61.5929,244.416
100,12,60,25,205.269,198.313
100,12,60,26,302.84,219.392
100,12,60,27,22.0287,55.5454
100,12,60,28,242.104,377.182
100,12,60,29,352.096,467.982
100,12,60,30,116.246,78.8797
100,12,60,31,151.887,279.071
100,12,60,32,235.574,14.814
100,12,60,33,266.352,28.1887
100,12,60,34,106.515,315.023
100,12,60,35,145.843,429.597
100,12,60,36,229.35,104.043
100,12,60,37,340.474,179.188
100,12,60,38,286.758,250.564
100,12,60,39,222.44,404.647
100,12,60,40,215.412,229.586
100,12,60,41,358.957,121.828
100,12,60,42,11.8472,445.181
100,12,60,43,327.613,266.397
100,12,60,44,475.684,323.86
100,12,60,45,406.611,67.1545
100,12,60,46,172.866,35.9825
100,12,60,47,349.651,394.778
100,12,60,48,297.054,495.703
100,12,60,49,69.8864,96.5042
100,12,60,50,7.02294,131.469
100,12,60,51,193.392,478.692
100,12,60,52,455.066,337.472
100,12,60,53,321.148,415.38
100,12,60,54,40.5684,17.1268
100,12,60,55,388.278,209.982
100,12,60,56,86.9017,385.081
100,12,60,57,372.17,371.499
100,12,60,58,462.761,113.735
100,12,60,59,81.576,488.085
101,12,60,0,27.1885,483.028
101,12,60,1,411.822,187.625
101,12,60,2,274.734,260.876
101,12,60,3,292.872,257.974
101,12,60,4,370.014,211.014
101,12,60,5,422.904,82.6268
101,12,60,6,163.105,286.456
101,12,60,7,136.434,462.633
101,12,60,8,388.984,132.137
101,12,60,9,110.167,183.114
101,12,60,10,143.706,425.812
101,12,60,11,48.2106,364.799
101,12,60,12,122.997,243.335
101,12,60,13,3.77005,328.112
101,12,60,14,375.929,123.325
101,12,60,15,75.8626,403.813
101,12,60,16,213.455,303.776
101,12,60,17,448.268,397.072
101,12,60,18,35.8854,13.1477
101,12,60,19,393.025,455.958
101,12,60,20,308.922,38.4929
101,12,60,21,200.948,472.137
101,12,60,22,261.69,165.86
101,12,60,23,85.4799,413.61
101,12,60,24,257.319,237.261
101,12,60,25,345.219,423.876
101,12,60,26,50.3873,203.738
101,12,60,27,14.6462,115.168
101,12,60,28,450.982,294.661
101,12,60,29,231.737,387.877
101,12,60,30,426.751,439.534
101,12,60,31,286.305,60.4411
101,12,60,32,152.939,27.23
101,12,60,33,282.262,19.5916
101,12,60,34,462.222,368.481
101,12,60,35,199.643,195.708
101,12,60,36,438.402,155.594
101,12,60,37,468.437,219.29
101,12,60,38,125.286,266.927
101,12,60,39,248.862,356.567
101,12,60,40,320.728,85.1234
101,12,60,41,305.059,337.284
101,12,60,42,20.0305,276.425
101,12,60,43,178.832,52.8228
101,12,60,44,169.972,442.961
101,12,60,45,221.79,343.96
101,12,60,46,356.509,45.5722
101,12,60,47,497.56,93.545
101,12,60,48,97.8283,494.871
101,12,60,49,63.3373,484.766
101,12,60,50,363.992,74.8007
101,12,60,51,191.388,311.593
101,12,60,52,69.1852,101.854
101,12,60,53,477.377,1.60045
101,12,60,54,403.911,382.871
101,12,60,55,340.086,144.014
101,12,60,56,484.862,324.028
101,12,60,57,102.192,137.236
101,12,60,58,330.541,172.86
101,12,60,59,240.188,226.093
102,12,60,0,143.077,402.744
102,12,60,1,92.2144,21.3272
102,12,60,2,86.5861,222.619
102,12,60,3,349.843,133.849
102,12,60,4,246.961,4.21939
102,12,60,5,283.519,355.18
102,12,60,6,388.285,379.875
102,12,60,7,160.067,304.588
102,12,60,8,72.3247,104.199
102,12,60,9,471.33,373.703
102,12,60,10,169.042,118.243
102,12,60,11,195.642,235.812
102,12,60,12,153.334,292.535
102,12,60,13,119.012,72.9833
102,12,60,14,304.826,362.457
102,12,60,15,350.691,83.8032
102,12,60,16,186.438,480.205
102,12,60,17,311.425,76.2509
102,12,60,18,447.652,335.202
102,12,60,19,490.514,431.03
102,12,60,20,58.8432,312.865
102,12,60,21,263.007,111.816
102,12,60,22,253.01,255.594
102,12,60,23,338.213,168.131
102,12,60,24,54.4599,461.669
102,12,60,25,27.5127,94.4197
102,12,60,26,292.744,399.031
102,12,60,27,104.144,12.1354
102,12,60,28,396.108,277.161
102,12,60,29,332.659,497.18
102,12,60,30,438.173,473.388
102,12,60,31,77.7525,272.746
102,12,60,32,273.814,51.9353
102,12,60,33,214.837,410.535
102,12,60,34,182.188,384.83
102,12,60,35,431.383,242.497
102,12,60,36,223.026,59.4316
102,12,60,37,361.039,317.368
102,12,60,38,200.433,144.316
102,12,60,39,466.317,263.176
102,12,60,40,18.647,434.696
102,12,60,41,373.705,46.0908
102,12,60,42,234.732,226.871
102,12,60,43,9.31678,216.081
102,12,60,44,423.325,446.961
102,12,60,45,141.361,156.933
102,12,60,46,2.79724,343.118
102,12,60,47,414.747,29.5651
102,12,60,48,225.16,483.834
102,12,60,49,44.6881,286.21
102,12,60,50,481.678,199.944
102,12,60,51,319.444,164.891
102,12,60,52,131.177,183.533
102,12,60,53,450.707,208.089
102,12,60,54,493.02,327.842
102,12,60,55,401.958,420.771
102,12,60,56,36.1589,175.279
102,12,60,57,382.146,130.782
102,12,60,58,280.065,453.538
102,12,60,59,111.957,40.9015
103,12,60,0,152.968,262.545
103,12,60,1,12.8507,134.207
103,12,60,2,352.177,112.779
103,12,60,3,97.9646,240.767
103,12,60,4,197.377,164.201
103,12,60,5,444.929,388.495
103,12,60,6,313.692,96.5485
103,12,60,7,116.034,423.743
103,12,60,8,493.797,52.2742
103,12,60,9,421.429,242.03
103,12,60,10,235.416,405.594
103,12,60,11,88.6548,178.795
103,12,60,12,471.595,189.754
103,12,60,13,244.971,16.3488
103,12,60,14,61.8926,281.267
103,12,60,15,329.295,250.699
103,12,60,16,137.022,151.046
103,12,60,17,162.79,447.177
103,12,60,18,206.362,146.745
103,12,60,19,455.809,309.362
103,12,60,20,104.009,350.766
103,12,60,21,361.557,174.515
103,12,60,22,40.1534,436.985
103,12,60,23,212.855,220.991
103,12,60,24,386.153,376.347
103,12,60,25,166.727,369.198
103,12,60,26,318.012,321.311
103,12,60,27,430.641,486.454
103,12,60,28,75.2426,31.4982
103,12,60,29,44.4286,267.108
103,12,60,30,465.999,120.281
103,12,60,31,343.93,463.407
103,12,60,32,271.829,18.1633
103,12,60,33,337.845,85.1175
103,12,60,34,252.588,4.66397
103,12,60,35,20.8085,82.2905
103,12,60,36,67.8118,198.116
103,12,60,37,0.7835,481.764
103,12,60,38,289.09,72.1034
103,12,60,39,224.297,108.177
103,12,60,40,367.094,304.007
103,12,60,41,382.006,457.973
103,12,60,42,265.461,208.36
103,12,60,43,282.651,288.665
103,12,60,44,410.664,493.496
103,12,60,45,123.101,226.721
103,12,60,46,31.4595,126.109
103,12,60,47,57.6937,432.042
103,12,60,48,303.564,334.909
103,12,60,49,229.64,43.7878
103,12,60,50,179.72,347.503
103,12,60,51,394.583,39.677
103,12,60,52,130.41,62.0103
103,12,60,53,481.185,294.871
103,12,60,54,435.45,330.173
103,12,60,55,488.672,408.367
103,12,60,56,142.855,399.097
103,12,60,57,188.019,363.959
103,12,60,58,405.978,204.835
103,12,60,59,298.12,472.422
104,12,60,0,67.0338,157.369
104,12,60,1,114.636,38.8646
104,12,60,2,283.889,271.1
104,12,60,3,227.072,308.043
104,12,60,4,401.182,276.868
104,12,60,5,464.264,284.873
104,12,60,6,98.0387,160.013
104,12,60,7,443.237,229.439
104,12,60,8,389.685,235.604
104,12,60,9,259.25,488.142
104,12,60,10,140.46,171.711
104,12,60,11,426.979,402.775
104,12,60,12,474.56,390.558
104,12,60,13,117.579,149.845
104,12,60,14,305.306,55.2803
104,12,60,15,483.487,308.604
104,12,60,16,294.436,380.416
104,12,60,17,347.885,365.128
104,12,60,18,80.9954,189.707
104,12,60,19,25.94,15.3415
104,12,60,20,351.729,477.419
104,12,60,21,200.17,25.2614
104,12,60,22,380.109,136.873
104,12,60,23,216.702,90.3571
104,12,60,24,19.3073,130.076
104,12,60,25,152.661,244.019
104,12,60,26,320.728,70.3588
104,12,60,27,408.726,438.129
104,12,60,28,335.68,295.062
104,12,60,29,34.0334,116.059
104,12,60,30,168.561,455.484
104,12,60,31,279.194,345.451
104,12,60,32,479.234,392.996
104,12,60,33,178.672,100.368
104,12,60,34,63.3802,59.1644
104,12,60,35,50.0345,412.237
104,12,60,36,147.043,251.2
104,12,60,37,456.413,79.5781
104,12,60,38,393.254,429.657
104,12,60,39,327.169,98.0527
104,12,60,40,195.115,325.619
104,12,60,41,422.132,462.271
104,12,60,42,10.0456,337.33
104,12,60,43,185.812,118.534
104,12,60,44,494.152,18.2122
104,12,60,45,106.365,468.376
104,12,60,46,252.222,446.452
104,12,60,47,371.262,370.379
104,12,60,48,7.83701,320.81
104,12,60,49,439.72,195.722
104,12,60,50,211.963,175.836
104,12,60,51,88.0618,352.97
104,12,60,52,126.428,203.532
104,12,60,53,316.492,6.88894
104,12,60,54,358.371,259.229
104,12,60,55,270.84,494.976
104,12,60,56,237.101,48.1879
104,12,60,57,246.771,418.215
104,12,60,58,42.7986,214.93
104,12,60,59,163.778,218.219
105,12,60,0,213.069,144.935
105,12,60,1,289.524,135.93
105,12,60,2,140.302,303.223
105,12,60,3,256.986,272.863
105,12,60,4,122.311,239.06
105,12,60,5,493.216,246.529
105,12,60,6,162.188,398.746
105,12,60,7,327.717,279.1
105,12,60,8,396.155,195.013
105,12,60,9,311.139,357.163
105,12,60,10,362.25,331.692
105,12,60,11,32.9297,168.965
105,12,60,12,261.419,122.658
105,12,60,13,130.286,206.491
105,12,60,14,219.155,296.692
105,12,60,15,153.296,97.7963
105,12,60,16,53.6275,432.77
105,12,60,17,340.011,347.209
105,12,60,18,452.796,25.4297
105,12,60,19,239.662,318.28
105,12,60,20,351.146,54.002
105,12,60,21,85.9102,499.091
105,12,60,22,36.922,338.176
105,12,60,23,299.146,366.468
105,12,60,24,474.074,449.995
105,12,60,25,96.2194,311.734
105,12,60,26,5.4981,476.65
105,12,60,27,197.667,402.503
105,12,60,28,407.325,80.925
105,12,60,29,246.356,48.6638
105,12,60,30,59.8974,101.001
105,12,60,31,79.1758,410.945
105,12,60,32,74.001,131.949
105,12,60,33,433.121,261.047
105,12,60,34,269.778,440.304
105,12,60,35,440.962,150.511
105,12,60,36,19.4227,180.698
105,12,60,37,230.577,33.3567
105,12,60,38,490.27,419.53
105,12,60,39,114.786,455.031
105,12,60,40,173.216,388.357
105,12,60,41,382.72,186.056
105,12,60,42,44.0807,71.8213
105,12,60,43,182.602,162.575
105,12,60,44,343.909,369.399
105,12,60,45,278.495,9.63079
105,12,60,46,480.321,221.816
105,12,60,47,419.733,286.428
105,12,60,48,202.163,63.7204
105,12,60,49,416.428,465.047
105,12,60,50,443.549,112
105,12,60,51,304.847,379.351
105,12,60,52,322.553,485.265
105,12,60,53,143.229,471.728
105,12,60,54,186.346,257.119
105,12,60,55,465.013,228.305
105,12,60,56,103.31,18.8504
105,12,60,57,374.615,213.831
105,12,60,58,386.286,6.25896
105,12,60,59,15.2386,86.4673
106,12,60,0,290.482,33.9611
106,12,60,1,488.053,463.35
106,12,60,2,137.701,168.82
106,12,60,3,118.286,489.34
106,12,60,4,339.336,299.304
106,12,60,5,5.42024,309.679
106,12,60,6,51.0526,92.6986
106,12,60,7,329.813,221.599
106,12,60,8,202.816,496.522
106,12,60,9,34.8819,261.932
106,12,60,10,80.6401,4.56664
106,12,60,11,493.733,211.064
106,12,60,12,230.449,243.957
106,12,60,13,239.961,91.5524
106,12,60,14,95.5605,141.724
106,12,60,15,389.643,326.653
106,12,60,16,414.874,324.325
106,12,60,17,298.979,281.111
106,12,60,18,193.936,180.377
106,12,60,19,447.395,121.379
106,12,60,20,89.9463,226.355
106,12,60,21,270.094,364.129
106,12,60,22,275.344,138.685
106,12,60,23,70.7758,274.988
106,12,60,24,417.657,448.76
106,12,60,25,450.566,198.826
106,12,60,26,25.0679,153.556
106,12,60,27,351.375,166.445
106,12,60,28,104.689,397.529
106,12,60,29,213.582,255.73
106,12,60,30,374.524,22.7016
106,12,60,31,324.275,341.932
106,12,60,32,343.192,406.804
106,12,60,33,179.576,55.7563
106,12,60,34,48.3604,417.282
106,12,60,35,248.38,409.144
106,12,60,36,473.909,387.293
106,12,60,37,21.986,48.781
106,12,60,38,310.265,435.031
106,12,60,39,59.2267,428.314
106,12,60,40,430.822,288.652
106,12,60,41,217.989,107.882
106,12,60,42,164.966,468.686
106,12,60,43,401.454,240.583
106,12,60,44,363.437,10.778
106,12,60,45,190.196,114.282
106,12,60,46,113.252,334.174
106,12,60,47,258.446,367.316
106,12,60,48,133.065,65.3372
106,12,60,49,464.699,204.018
106,12,60,50,8.70549,71.2882
106,12,60,51,305.537,303.704
106,12,60,52,167.199,375.285
106,12,60,53,397.411,450.616
106,12,60,54,144.463,189.388
106,12,60,55,257.785,130.453
106,12,60,56,379.303,81.1449
106,12,60,57,154.05,358.27
106,12,60,58,440.223,31.6616
106,12,60,59,481.364,482.45
107,12,60,0,114.438,18.7534
107,12,60,1,172.806,227.203
107,12,60,2,448.298,13.5669
107,12,60,3,479.381,485.411
107,12,60,4,73.2796,120.613
107,12,60,5,343.044,71.0018
107,12,60,6,339.768,138.024
107,12,60,7,409.593,179.597
107,12,60,8,323.052,38.8256
107,12,60,9,245.48,163.088
107,12,60,10,398.7,450.73
107,12,60,11,234.332,57.8064
107,12,60,12,310.158,83.7697
107,12,60,13,282.166,252.2
107,12,60,14,290.362,480.217
107,12,60,15,498.583,94.6517
107,12,60,16,4.38808,263.317
107,12,60,17,303.809,412.638
107,12,60,18,58.1081,492.463
107,12,60,19,376.86,49.6935
107,12,60,20,77.7446,396.862
107,12,60,21,222.29,59.4616
107,12,60,22,85.9872,298.732
107,12,60,23,211.976,103.303
107,12,60,24,186.637,282.658
107,12,60,25,13.2953,355.11
107,12,60,26,106.639,209.049
107,12,60,27,129.037,271.082
107,12,60,28,333.269,82.7987
107,12,60,29,426.047,110.714
107,12,60,30,196.272,143.438
107,12,60,31,119.241,330.15
107,12,60,32,486.784,346.845
107,12,60,33,420.96,238.131
107,12,60,34,25.9815,431.552
107,12,60,35,17.5699,26.907
107,12,60,36,468.257,5.13569
107,12,60,37,272.137,128.107
107,12,60,38,60.7703,364.986
107,12,60,39,297.108,368.454
107,12,60,40,462.289,377.026
107,12,60,41,452.344,466.476
107,12,60,42,92.2552,434.571
107,12,60,43,439.24,303.931
107,12,60,44,158.418,443.201
107,12,60,45,231.143,318.301
107,12,60,46,408.179,387.279
107,12,60,47,48.393,422.743
107,12,60,48,149.29,312.712
107,12,60,49,150.879,405.634
107,12,60,50,389.693,243.633
107,12,60,51,353.295,285.819
107,12,60,52,137.546,150.905
107,12,60,53,254.012,167.712
107,12,60,54,34.3227,183.737
107,12,60,55,359.911,207.256
107,12,60,56,180.827,219.265
107,12,60,57,261.655,467.976
107,12,60,58,370.696,191.76
107,12,60,59,200.125,339.394
108,12,60,0,37.0666,268.043
108,12,60,1,56.8673,309.354
108,12,60,2,375.586,454.332
108,12,60,3,449.367,100.471
108,12,60,4,1.70461,164.436
108,12,60,5,345.94,470.979
108,12,60,6,64.3688,10.502
108,12,60,7,15.2849,388.059
108,12,60,8,117.983,46.1591
108,12,60,9,264.914,167.123
108,12,60,10,153.453,428.681
108,12,60,11,29.9738,395.57
108,12,60,12,99.9094,70.3328
108,12,60,13,208.1,322.342
108,12,60,14,441.621,129.153
108,12,60,15,370.138,440.122
108,12,60,16,189.499,197.971
108,12,60,17,149.925,96.1294
108,12,60,18,421.115,383.163
108,12,60,19,79.2961,361.897
108,12,60,20,180.151,206.156
108,12,60,21,320.729,144.23
108,12,60,22,453.892,496.446
108,12,60,23,229.349,291.768
108,12,60,24,221.021,238.277
108,12,60,25,406.798,182.556
108,12,60,26,214.948,282.345
108,12,60,27,248.924,347.896
108,12,60,28,104.222,87.9197
108,12,60,29,397.071,486.599
108,12,60,30,89.9157,231.781
108,12,60,31,160.348,462.9
108,12,60,32,487.158,28.5531
108,12,60,33,299.514,403.266
108,12,60,34,43.0321,212.73
108,12,60,35,390.37,221.295
108,12,60,36,328.162,332.441
108,12,60,37,238.623,261.47
108,12,60,38,251.979,56.6431
108,12,60,39,414.766,36.0124
108,12,60,40,333.804,23.5732
108,12,60,41,167.999,351.656
108,12,60,42,351.86,245.073
108,12,60,43,429.428,483.166
108,12,60,44,69.8684,448.053
108,12,60,45,313.644,184.09
108,12,60,46,495.89,109.165
108,12,60,47,288.215,302.053
108,12,60,48,192.353,412.926
108,12,60,49,273.983,80.6734
108,12,60,50,464.129,290.169
108,12,60,51,135.247,0.638051
108,12,60,52,306.316,369.79
108,12,60,53,467.189,418.906
108,12,60,54,132.753,123.709
108,12,60,55,21.5829,339.371
108,12,60,56,481.175,253.269
108,12,60,57,364.933,140.193
108,12,60,58,109.507,156.516
108,12,60,59,283.181,62.3946
109,12,60,0,342.301,16.8256
109,12,60,1,462.498,170.645
109,12,60,2,51.5027,255.825
109,12,60,3,145.955,312.232
109,12,60,4,286.413,331.887
109,12,60,5,365.254,353.05
109,12,60,6,260.819,295.857
109,12,60,7,479.274,205.445
109,12,60,8,26.6516,419.299
109,12,60,9,4.96149,494.747
109,12,60,10,448.125,368.564
109,12,60,11,367.768,375.666
109,12,60,12,305.459,394.544
109,12,60,13,206.932,480.746
109,12,60,14,133.139,112.966
109,12,60,15,115.327,334.678
109,12,60,16,12.1915,95.7059
109,12,60,17,61.8275,84.7818
109,12,60,18,309.424,346.973
109,12,60,19,37.2427,306.512
109,12,60,20,174.971,400.071
109,12,60,21,491.192,276.112
109,12,60,22,164.264,126.601
109,12,60,23,396.26,274.139
109,12,60,24,120.762,384.456
109,12,60,25,184.261,151.152
109,12,60,26,182.721,195.14
109,12,60,27,191.695,104.92
109,12,60,28,281.189,434.911
109,12,60,29,402.424,318.038
109,12,60,30,386.711,444.932
109,12,60,31,467.412,53.2064
109,12,60,32,378.139,461.328
109,12,60,33,424.739,231.342
109,12,60,34,253.858,61.4536
109,12,60,35,322.784,16.5225
109,12,60,36,334.257,42.865
109,12,60,37,234.796,180.389
109,12,60,38,272.638,457.227
109,12,60,39,69.3613,470.839
109,12,60,40,222.837,284.981
109,12,60,41,325.736,428.431
109,12,60,42,100.955,29.5643
109,12,60,43,499.546,69.0996
109,12,60,44,452.98,245.905
109,12,60,45,44.7767,41.4306
109,12,60,46,99.1941,75.5148
109,12,60,47,246.469,238.742
109,12,60,48,77.9714,215.84
109,12,60,49,17.3599,145.993
109,12,60,50,294.515,183.907
109,12,60,51,350.781,223.713
109,12,60,52,413.593,164.126
109,12,60,53,154.478,6.47092
109,12,60,54,426.741,410.01
109,12,60,55,225.763,134.145
109,12,60,56,137.772,360.265
109,12,60,57,87.2126,117.455
109,12,60,58,438.205,484.509
109,12,60,59,214.965,265.169
110,12,60,0,424.233,155.248
110,12,60,1,402.499,111.226
110,12,60,2,476.115,126.041
110,12,60,3,444.781,10.906
110,12,60,4,429.777,494.274
110,12,60,5,281.696,195.957
110,12,60,6,352.874,82.4663
110,12,60,7,241.841,124.261
110,12,60,8,259.892,420.914
110,12,60,9,166.245,333.797
110,12,60,10,176.965,347.137
110,12,60,11,10.6381,187.29
110,12,60,12,51.8225,0.359333
110,12,60,13,329.431,67.5988
110,12,60,14,339.175,244.315
110,12,60,15,311.775,354.833
110,12,60,16,106.415,413.567
110,12,60,17,487.622,380.17
110,12,60,18,272.737,40.3287
110,12,60,19,77.314,179.352
110,12,60,20,192.515,328.984
110,12,60,21,367.87,481.098
110,12,60,22,138.2,139.066
110,12,60,23,115.909,279.944
110,12,60,24,96.3382,221.969
110,12,60,25,49.3885,462.025
110,12,60,26,168.997,322.703
110,12,60,27,436.38,86.6107
110,12,60,28,17.8359,172.106
110,12,60,29,231.747,439.297
110,12,60,30,414.301,431.814
110,12,60,31,189.168,490.086
110,12,60,32,347.847,206.651
110,12,60,33,132.181,229.45
110,12,60,34,211.376,163.641
110,12,60,35,324.979,386.962
110,12,60,36,217.839,290.69
110,12,60,37,455.962,103.974
110,12,60,38,156.629,146.951
110,12,60,39,294.101,361.6
110,12,60,40,377.882,251.746
110,12,60,41,36.9009,271.369
110,12,60,42,61.3187,17.9296
110,12,60,43,360.467,447.994
110,12,60,44,30.785,401.179
110,12,60,45,70.7506,397.921
110,12,60,46,85.3618,369.005
110,12,60,47,207.459,28.053
110,12,60,48,286.611,96.0978
110,12,60,49,472.221,313.878
110,12,60,50,396.407,304.369
110,12,60,51,143.474,60.005
110,12,60,52,389.69,259.878
110,12,60,53,496.609,41.9568
110,12,60,54,254.036,454.543
110,12,60,55,237.423,50.0238
110,12,60,56,466.432,215.355
110,12,60,57,5.78293,238.343
110,12,60,58,307.442,467.845
110,12,60,59,122.333,295.755
111,12,60,0,116.674,480.765
111,12,60,1,331.151,175.95
111,12,60,2,313.431,130.409
111,12,60,3,63.9273,235.858
111,12,60,4,157.017,119.347
111,12,60,5,383.495,308.265
111,12,60,6,278.439,309.581
111,12,60,7,135.469,54.0104
111,12,60,8,287.619,27.8676
111,12,60,9,71.7827,394.234
111,12,60,10,274.062,93.2549
111,12,60,11,165.654,360.233
111,12,60,12,440.956,168.84
111,12,60,13,19.2904,197.894
111,12,60,14,43.2415,232.626
111,12,60,15,112.552,367.196
111,12,60,16,334.056,18.6348
111,12,60,17,143.443,357.804
111,12,60,18,443.481,450.94
111,12,60,19,235.598,407.534
111,12,60,20,78.1011,384.675
111,12,60,21,481.118,495.596
111,12,60,22,107.229,469.076
111,12,60,23,217.333,320.113
111,12,60,24,344.096,34.5905
111,12,60,25,405.089,434.063
111,12,60,26,486.53,42.1026
111,12,60,27,374.029,145.899
111,12,60,28,99.7896,327.26
111,12,60,29,294.174,335.457
111,12,60,30,375.007,448.721
111,12,60,31,25.3455,87.1293
111,12,60,32,352.63,295.104
111,12,60,33,249.193,1.26148
111,12,60,34,259.983,489.563
111,12,60,35,176.128,462.694
111,12,60,36,188.655,63.353
111,12,60,37,208.222,264.722
111,12,60,38,36.7242,222.451
111,12,60,39,14.0713,134.197
111,12,60,40,232.208,203.6
111,12,60,41,324.062,163.26
111,12,60,42,360.288,242.439
111,12,60,43,57.535,344.14
111,12,60,44,210.903,289.528
111,12,60,45,408.477,380.583
111,12,60,46,251.206,409.88
111,12,60,47,399.127,14.0406
111,12,60,48,474.907,74.539
111,12,60,49,85.2695,103.708
111,12,60,50,462.784,152.021
111,12,60,51,456.899,256.231
111,12,60,52,492.379,423.931
111,12,60,53,426.017,83.1107
111,12,60,54,128.63,112.992
111,12,60,55,3.43946,214.274
111,12,60,56,423.994,274.102
111,12,60,57,307.662,283.293
111,12,60,58,199.128,429.411
111,12,60,59,170.72,186.043
112,12,60,0,35.6899,444.058
112,12,60,1,205.405,419.643
112,12,60,2,245.064,159.985
112,12,60,3,277.504,376.421
112,12,60,4,20.543,316.685
112,12,60,5,352.088,224.635
112,12,60,6,489.863,12.2064
112,12,60,7,193.482,121.619
112,12,60,8,153.357,294.946
112,12,60,9,95.252,168.101
112,12,60,10,78.9924,183.523
112,12,60,11,136.784,84.9542
112,12,60,12,26.89,371.165
112,12,60,13,442.996,467.746
112,12,60,14,129.985,291.296
112,12,60,15,319.566,244.561
112,12,60,16,158.541,147.993
112,12,60,17,256.034,177.454
112,12,60,18,348.343,199.774
112,12,60,19,369.293,454.808
112,12,60,20,111.185,479.91
112,12,60,21,272.663,331.022
112,12,60,22,419.295,365.544
112,12,60,23,6.39439,61.0038
112,12,60,24,232.734,493.509
112,12,60,25,104.748,386.048
112,12,60,26,185.123,38.7057
112,12,60,27,16.2694,282.383
112,12,60,28,472.346,96.2636
112,12,60,29,176.165,18.8835
112,12,60,30,57.1899,211.586
112,12,60,31,478.948,314
112,12,60,32,332.792,204.283
112,12,60,33,434.075,100.582
112,12,60,34,394.18,1.3439
112,12,60,35,305.227,406.451
112,12,60,36,171.208,353.965
112,12,60,37,239.167,228.356
112,12,60,38,378.576,125.095
112,12,60,39,143.207,438.238
112,12,60,40,59.8832,82.5249
112,12,60,41,408.309,54.1067
112,12,60,42,217.873,303.113
112,12,60,43,412.402,29.3328
112,12,60,44,210.873,139.096
112,12,60,45,69.2268,70.7164
112,12,60,46,450.233,267.756
112,12,60,47,83.443,234.379
112,12,60,48,288.78,342.463
112,12,60,49,336.033,151.253
112,12,60,50,427.076,262.91
112,12,60,51,262.659,484.798
112,12,60,52,361.371,250.222
112,12,60,53,498.685,334.45
112,12,60,54,123.554,429.54
112,12,60,55,43.5251,458.363
112,12,60,56,460.143,413.255
112,12,60,57,311.238,396.594
112,12,60,58,384.71,47.1011
112,12,60,59,297.998,116.475
113,12,60,0,250.942,321.395
113,12,60,1,142.542,3.7852
113,12,60,2,26.9204,326.37
113,12,60,3,92.7316,312.522
113,12,60,4,10.2463,20.6771
113,12,60,5,401.369,404.733
113,12,60,6,139.298,220.07
113,12,60,7,159.277,191.26
113,12,60,8,379.051,97.7323
113,12,60,9,389.083,386.404
113,12,60,10,430.124,101.863
113,12,60,11,154.466,350.578
113,12,60,12,17.6473,290.46
113,12,60,13,358.942,151.315
113,12,60,14,408.625,429.816
113,12,60,15,102.476,169.254
113,12,60,16,471.145,69.184
113,12,60,17,444.742,480.094
113,12,60,18,113.322,392.836
113,12,60,19,60.2491,247.434
113,12,60,20,391.906,302.487
113,12,60,21,499.235,161.479
113,12,60,22,246.095,492.921
113,12,60,23,171.254,38.1369
113,12,60,24,89.3253,48.942
113,12,60,25,51.7408,381.872
113,12,60,26,370.889,145.63
113,12,60,27,41.2519,441.956
113,12,60,28,483.134,337.542
113,12,60,29,213.565,422.051
113,12,60,30,130.894,133.365
113,12,60,31,313.06,51.0707
113,12,60,32,123.318,465.328
113,12,60,33,319.03,265.905
113,12,60,34,342.601,372.692
113,12,60,35,2.07952,112.476
113,12,60,36,296.855,347.028
113,12,60,37,464.494,488.413
113,12,60,38,332.88,229.777
113,12,60,39,419.888,435.919
113,12,60,40,195.311,283.049
113,12,60,41,231.978,271.131
113,12,60,42,264.79,366.383
113,12,60,43,338.269,85.268
113,12,60,44,176.78,13.6201
113,12,60,45,452.189,239.996
113,12,60,46,83.2383,251.322
113,12,60,47,302.536,27.3236
113,12,60,48,191.375,61.9145
113,12,60,49,489.046,122.715
113,12,60,50,44.7448,469.377
113,12,60,51,280.996,77.7202
113,12,60,52,218.717,181.577
113,12,60,53,285.03,204.967
113,12,60,54,273.659,194.541
113,12,60,55,351.425,298.226
113,12,60,56,433.807,457.966
113,12,60,57,201.909,415.162
113,12,60,58,237.615,216.602
113,12,60,59,68.9521,130.651
114,12,60,0,151.301,53.6258
114,12,60,1,478.698,40.77
114,12,60,2,47.5823,0.00361972
114,12,60,3,195.619,460.159
114,12,60,4,417.357,288.315
114,12,60,5,468.19,449.895
114,12,60,6,38.6598,404.923
114,12,60,7,307.4,95.3288
114,12,60,8,388.069,329.964
114,12,60,9,368.734,103.645
114,12,60,10,247.134,466.753
114,12,60,11,82.7047,233.064
114,12,60,12,337.648,322.196
114,12,60,13,256.689,314.634
114,12,60,14,96.3536,210.221
114,12,60,15,492.878,258.324
114,12,60,16,101.068,247.448
114,12,60,17,1.77855,491.383
114,12,60,18,12.9347,372.423
114,12,60,19,223.482,187.312
114,12,60,20,329.15,151.287
114,12,60,21,201.968,258.354
114,12,60,22,29.1301,375.413
114,12,60,23,278.771,424.406
114,12,60,24,433.82,476.445
114,12,60,25,54.4875,293.95
114,12,60,26,147.691,453.201
114,12,60,27,352.053,86.3432
114,12,60,28,486.702,203.257
114,12,60,29,404.302,436.503
114,12,60,30,451.895,218.686
114,12,60,31,228.843,195.122
114,12,60,32,392.735,18.4959
114,12,60,33,271.825,307.086
114,12,60,34,164.848,346.086
114,12,60,35,461.911,121.439
114,12,60,36,114.767,142.638
114,12,60,37,447.403,239.083
114,12,60,38,265.089,353.765
114,12,60,39,83.8755,340.956
114,12,60,40,312.418,9.64924
114,12,60,41,141.219,63.4259
114,12,60,42,175.309,279.111
114,12,60,43,58.5548,43.9597
114,12,60,44,209.856,425.048
114,12,60,45,237.345,498.269
114,12,60,46,73.7932,164.825
114,12,60,47,130.559,365.961
114,12,60,48,347.543,31.7168
114,12,60,49,324.669,82.2759
114,12,60,50,174.748,395.212
114,12,60,51,292.812,273.398
114,12,60,52,362.973,72.5327
114,12,60,53,380.884,181.492
114,12,60,54,414.015,390.373
114,12,60,55,21.1992,172.961
114,12,60,56,429,125.466
114,12,60,57,191.201,115.417
114,12,60,58,283.338,139.206
114,12,60,59,117.824,414.244
115,12,60,0,353.578,480.929
115,12,60,1,274.355,86.39
115,12,60,2,67.955,259.846
115,12,60,3,443.872,249.317
115,12,60,4,292.534,366.825
115,12,60,5,427.931,95.117
115,12,60,6,23.8376,181.849
115,12,60,7,459.448,42.0712
115,12,60,8,202.332,134.315
115,12,60,9,10.1384,453.921
115,12,60,10,457.938,68.3703
115,12,60,11,323.174,158.219
115,12,60,12,145.32,237.136
115,12,60,13,91.6065,281.811
115,12,60,14,437.124,474.093
115,12,60,15,117.41,79.1473
115,12,60,16,389.807,293.174
115,12,60,17,167.155,390.729
115,12,60,18,282.99,416.869
115,12,60,19,45.3005,416.569
115,12,60,20,134.77,165.127
115,12,60,21,252.321,149.673
115,12,60,22,164.576,31.1226
115,12,60,23,362.075,250.998
115,12,60,24,400.829,166.829
115,12,60,25,374.846,359.933
115,12,60,26,113.8,226.686
115,12,60,27,378.007,402.504
115,12,60,28,65.1372,130.822
115,12,60,29,301.929,37.1144
115,12,60,30,424.205,186.85
115,12,60,31,471.644,13.1898
115,12,60,32,246.412,334.073
115,12,60,33,259.916,301.396
115,12,60,34,38.4034,269.885
115,12,60,35,2.81007,223.501
115,12,60,36,233.766,193.112
115,12,60,37,51.8009,213.042
115,12,60,38,311.985,447.226
115,12,60,39,75.892,492.426
115,12,60,40,494.651,342.374
115,12,60,41,333.016,102.545
115,12,60,42,186.093,331.363
115,12,60,43,194.582,433.051
115,12,60,44,132.201,4.72101
115,12,60,45,231.175,116.769
115,12,60,46,340.973,486.327
115,12,60,47,95.3143,376.211
115,12,60,48,485.635,50.2551
115,12,60,49,31.1117,283.352
115,12,60,50,208.657,312.616
115,12,60,51,180.67,205.387
115,12,60,52,416.077,398.301
115,12,60,53,223.257,322.465
115,12,60,54,477.024,440.946
115,12,60,55,104.773,19.4085
115,12,60,56,394.06,111.711
115,12,60,57,157.648,466.112
115,12,60,58,344.428,350.966
115,12,60,59,288.739,63.5069
116,12,60,0,190.724,296.038
116,12,60,1,494.456,200.342
116,12,60,2,92.5684,444.209
116,12,60,3,428.889,21.0033
116,12,60,4,153.636,341.867
116,12,60,5,486.959,309.06
116,12,60,6,205.606,276.474
116,12,60,7,145.55,300.72
116,12,60,8,288.082,110.776
116,12,60,9,123.741,385.886
116,12,60,10,250.33,174.691
116,12,60,11,113.91,481.902
116,12,60,12,220.736,103.62
116,12,60,13,390.667,54.4885
116,12,60,14,472.745,47.0325
116,12,60,15,368.902,165.264
116,12,60,16,423.254,153.562
116,12,60,17,13.3083,195.483
116,12,60,18,43.6442,120.174
116,12,60,19,102.448,396.738
116,12,60,20,162.603,95.3541
116,12,60,21,401.972,462.854
116,12,60,22,233.618,492.073
116,12,60,23,61.5798,416.773
116,12,60,24,444.088,224.788
116,12,60,25,453.009,81.2126
116,12,60,26,80.4088,255.448
116,12,60,27,483.217,246.714
116,12,60,28,194.428,409.502
116,12,60,29,358.773,7.30695
116,12,60,30,335.478,332.309
116,12,60,31,333.198,376.163
116,12,60,32,296.079,274.177
116,12,60,33,215.886,341.165
116,12,60,34,461.314,143.028
116,12,60,35,347.068,406.852
116,12,60,36,308.36,259.258
116,12,60,37,132.889,36.5161
116,12,60,38,277.968,131.601
116,12,60,39,87.4626,468.727
116,12,60,40,137.058,435.407
116,12,60,41,266.312,372.863
116,12,60,42,169.531,230.744
116,12,60,43,5.90492,179.652
116,12,60,44,269.605,90.3355
116,12,60,45,56.656,425.066
116,12,60,46,415.721,323.959
116,12,60,47,391.897,366.616
116,12,60,48,232.756,140.48
116,12,60,49,437.982,283.823
116,12,60,50,69.8256,187.678
116,12,60,51,36.7105,66.6573
116,12,60,52,175.469,356.158
116,12,60,53,248.362,73.9759
116,12,60,54,23.3138,213.707
116,12,60,55,26.0144,236.317
116,12,60,56,353.183,488.663
116,12,60,57,300.871,25.4186
116,12,60,58,316.705,457.021
116,12,60,59,375.928,16.5941
117,12,60,0,181.443,323.794
117,12,60,1,71.271,247.161
117,12,60,2,421.527,61.768
117,12,60,3,114.064,362.432
117,12,60,4,405.36,203.086
117,12,60,5,494.546,333.625
117,12,60,6,438.922,352.469
117,12,60,7,484.831,437.808
117,12,60,8,254.158,499.112
117,12,60,9,158.324,148.466
117,12,60,10,394.834,220.823
117,12,60,11,282.435,154.844
117,12,60,12,225.367,228.347
117,12,60,13,409.758,116.445
117,12,60,14,474.184,32.0826
117,12,60,15,331.145,120.387
117,12,60,16,481.194,183.292
117,12,60,17,82.6666,85.5174
117,12,60,18,5.57932,188.575
117,12,60,19,443.282,470.262
117,12,60,20,426.169,35.0842
117,12,60,21,319.231,423.644
117,12,60,22,128.497,95.5463
117,12,60,23,355.229,374.616
117,12,60,24,43.647,408.299
117,12,60,25,193.689,270.574
117,12,60,26,342.4,425.4
117,12,60,27,293.923,308.951
117,12,60,28,200.132,299.792
117,12,60,29,210.644,448.997
117,12,60,30,267.076,126.41
117,12,60,31,362.952,264.302
117,12,60,32,117.148,332.91
117,12,60,33,184.933,72.9393
117,12,60,34,88.1052,392.771
117,12,60,35,465.786,235.231
117,12,60,36,316.009,486.139
117,12,60,37,148.798,21.0516
117,12,60,38,308.261,289.485
117,12,60,39,450.232,55.4128
117,12,60,40,56.8764,382.345
117,12,60,41,265.24,475.932
117,12,60,42,15.7322,164.575
117,12,60,43,338.585,135.938
117,12,60,44,92.6758,346.013
117,12,60,45,248.946,198.214
117,12,60,46,283.69,457.174
117,12,60,47,100.855,48.74
117,12,60,48,163.462,15.9283
117,12,60,49,20.4994,411.148
117,12,60,50,218.946,171.304
117,12,60,51,239.005,215.066
117,12,60,52,383.996,82.7317
117,12,60,53,381.849,465.217
117,12,60,54,62.2448,107.393
117,12,60,55,41.585,282.843
117,12,60,56,31.3218,250.754
117,12,60,57,173.442,387.56
117,12,60,58,133.642,6.19115
117,12,60,59,371.076,302.688
118,12,60,0,205.918,305.156
118,12,60,1,179.325,69.0821
118,12,60,2,457.287,405.415
118,12,60,3,55.869,262.653
118,12,60,4,445.803,326.476
118,12,60,5,439.926,266.833
118,12,60,6,234.966,349.037
118,12,60,7,463.066,138.149
118,12,60,8,186.777,121.39
118,12,60,9,357.627,206.654
118,12,60,10,315.614,294.088
118,12,60,11,8.41305,192.03
118,12,60,12,390.987,221.534
118,12,60,13,196.906,111.882
118,12,60,14,374.879,225.098
118,12,60,15,285.596,152.951
118,12,60,16,223.11,390.129
118,12,60,17,35.4281,22.5517
118,12,60,18,22.1152,61.7734
118,12,60,19,378.373,29.8773
118,12,60,20,232.368,52.6967
118,12,60,21,278.877,464.699
118,12,60,22,268.987,89.4251
118,12,60,23,213.542,78.6503
118,12,60,24,259.493,276.203
118,12,60,25,299.028,442.012
118,12,60,26,307.631,352.217
118,12,60,27,78.7541,168.46
118,12,60,28,173.893,145.27
118,12,60,29,359.079,411.087
118,12,60,30,412.659,237.085
118,12,60,31,47.5468,498.229
118,12,60,32,128.078,320.233
118,12,60,33,327.207,475.777
118,12,60,34,475.293,241.84
118,12,60,35,156.562,397.742
118,12,60,36,484.477,13.6508
118,12,60,37,26.0585,107.102
118,12,60,38,66.201,367.84
118,12,60,39,245.534,308.672
118,12,60,40,317.487,5.12306
118,12,60,41,1.63204,376.193
118,12,60,42,101.821,125.506
118,12,60,43,470.048,290.545
118,12,60,44,68.0321,432.203
118,12,60,45,426.026,180.211
118,12,60,46,493.455,164.159
118,12,60,47,123.813,96.4452
118,12,60,48,405.968,214.128
118,12,60,49,423.069,45.7174
118,12,60,50,87.132,333.85
118,12,60,51,398.707,362.65
118,12,60,52,252.341,469.63
118,12,60,53,140.82,187.316
118,12,60,54,333.915,491.122
118,12,60,55,142.001,257.842
118,12,60,56,93.0636,422.064
118,12,60,57,162.751,440.978
118,12,60,58,110.103,36.1209
118,12,60,59,343.137,451.343
119,12,60,0,348.764,178.38
119,12,60,1,137.395,162.079
119,12,60,2,332.465,289.718
119,12,60,3,435.289,39.4673
119,12,60,4,177.624,13.8474
119,12,60,5,295.009,395.027
119,12,60,6,322.659,210.765
119,12,60,7,87.7648,478.024
119,12,60,8,280.042,3.35654
119,12,60,9,411.816,306.861
119,12,60,10,300.652,444.39
119,12,60,11,257.795,382.025
119,12,60,12,376.86,492.102
119,12,60,13,358.105,239.142
119,12,60,14,431.248,454.319
119,12,60,15,405.664,388.54
119,12,60,16,70.7689,94.9466
119,12,60,17,229.978,81.3435
119,12,60,18,43.8771,487.598
119,12,60,19,222.905,59.3887
119,12,60,20,422.037,86.1995
119,12,60,21,20.5398,363.707
119,12,60,22,289.47,54.6339
119,12,60,23,373.314,137.787
119,12,60,24,172.592,203.213
119,12,60,25,211.67,267.034
119,12,60,26,310.567,155.065
119,12,60,27,193.959,278.946
119,12,60,28,365.067,68.678
119,12,60,29,15.7499,148.038
119,12,60,30,340.494,21.2815
119,12,60,31,36.818,474.554
119,12,60,32,82.4883,464.878
119,12,60,33,117.193,329.422
119,12,60,34,58.8747,27.56
119,12,60,35,475.716,111.168
119,12,60,36,26.3959,217.149
119,12,60,37,95.1916,402.858
119,12,60,38,459.025,316.27
119,12,60,39,234.73,42.6504
119,12,60,40,190.17,104.084
119,12,60,41,446.77,336.09
119,12,60,42,271.846,296.489
119,12,60,43,450.016,190.923
119,12,60,44,144.653,422.704
119,12,60,45,4.0213,368.137
119,12,60,46,398.608,242.034
119,12,60,47,116.498,409.864
119,12,60,48,249.237,343.147
119,12,60,49,259.714,437.976
119,12,60,50,130.407,231.827
119,12,60,51,164.703,121.268
119,12,60,52,205.53,321.26
119,12,60,53,54.965,172.283
119,12,60,54,474.751,427.246
119,12,60,55,102.05,266.604
119,12,60,56,485.278,356.422
119,12,60,57,153.339,250.778
119,12,60,58,495.775,195.523
119,12,60,59,388.177,127.412
120,12,60,0,339.9,197.456
120,12,60,1,361.826,2.95344
120,12,60,2,497.532,293.022
120,12,60,3,271.789,431.456
120,12,60,4,51.6519,496.969
120,12,60,5,15.2211,178.731
120,12,60,6,310.608,389.264
120,12,60,7,400.229,54.7493
120,12,60,8,3.36367,260.916
120,12,60,9,277.865,116.194
120,12,60,10,294.83,458.481
120,12,60,11,193.099,80.6177
120,12,60,12,321.584,324.123
120,12,60,13,207.565,216.392
120,12,60,14,347.043,469.851
120,12,60,15,84.6625,303.247
120,12,60,16,397.557,168.035
120,12,60,17,478.014,121.355
120,12,60,18,113.019,238.106
120,12,60,19,29.1657,231.982
120,12,60,20,36.1239,271.454
120,12,60,21,371.415,478.625
120,12,60,22,384.939,90.6404
120,12,60,23,490.441,447.013
120,12,60,24,119.254,65.7676
120,12,60,25,416.741,330.216
120,12,60,26,428.406,255.598
120,12,60,27,257.212,392.484
120,12,60,28,98.0245,27.9281
120,12,60,29,329.403,380.099
120,12,60,30,178.393,69.2427
120,12,60,31,158.294,345.335
120,12,60,32,234.917,314.081
120,12,60,33,264.159,47.0582
120,12,60,34,129.51,129.683
120,12,60,35,467.966,99.4152
120,12,60,36,172.644,412.671
120,12,60,37,148.199,207.673
120,12,60,38,415.59,223.192
120,12,60,39,66.4227,101.479
120,12,60,40,449.052,140.63
120,12,60,41,222.746,11.5593
120,12,60,42,465.476,367.477
120,12,60,43,227.134,19.191
120,12,60,44,161.244,338.385
120,12,60,45,42.7503,439.595
120,12,60,46,19.2556,361.492
120,12,60,47,102.986,405.42
120,12,60,48,247.521,282.041
120,12,60,49,284.587,189.691
120,12,60,50,435.428,285.781
120,12,60,51,73.2371,164.294
120,12,60,52,139.948,490.362
120,12,60,53,454.183,356.554
120,12,60,54,351.382,148.455
120,12,60,55,80.6555,245.952
120,12,60,56,187.958,150.844
120,12,60,57,215.616,418.491
120,12,60,58,306.942,451.733
120,12,60,59,380.527,39.4956
121,12,60,0,17.8932,464.64
121,12,60,1,150.685,92.026
121,12,60,2,300.601,364.323
121,12,60,3,338.686,36.9871
121,12,60,4,324.865,170.147
121,12,60,5,215.858,278.558
121,12,60,6,253.374,109.538
121,12,60,7,288.326,469.25
121,12,60,8,348.803,371.855
121,12,60,9,326.138,499.561
121,12,60,10,117.912,141.839
121,12,60,11,443.02,123.02
121,12,60,12,236.553,450.635
121,12,60,13,125.221,329.988
121,12,60,14,226.021,72.9186
121,12,60,15,461.498,335.583
121,12,60,16,426.391,62.2896
121,12,60,17,219.108,137.459
121,12,60,18,47.2128,434.778
121,12,60,19,279.789,226.976
121,12,60,20,14.5394,385.265
121,12,60,21,497.518,90.5229
121,12,60,22,6.6955,127.995
121,12,60,23,184.819,351.295
121,12,60,24,477.733,376.747
121,12,60,25,147.816,180.021
121,12,60,26,160.904,257.034
121,12,60,27,75.9165,395.627
121,12,60,28,198.612,475.856
121,12,60,29,71.2466,159.183
121,12,60,30,30.529,307.754
121,12,60,31,103.714,272.271
121,12,60,32,37.1012,292.433
121,12,60,33,54.1682,104.343
121,12,60,34,59.5883,43.1665
121,12,60,35,385.599,197.623
121,12,60,36,374.965,83.0602
121,12,60,37,407.835,285.817
121,12,60,38,436.114,4.89827
121,12,60,39,316.061,443.62
121,12,60,40,183.319,313.743
121,12,60,41,294.323,343.901
121,12,60,42,423.756,187.839
121,12,60,43,97.1889,427.142
121,12,60,44,109.584,258.824
121,12,60,45,378.266,487.411
121,12,60,46,91.1394,19.7716
121,12,60,47,268.998,51.5473
121,12,60,48,170.05,223.494
121,12,60,49,474.696,421.391
121,12,60,50,397.004,216.075
121,12,60,51,455.335,10.3237
121,12,60,52,134.054,201.873
121,12,60,53,263.268,407.434
121,12,60,54,200.714,31.2511
121,12,60,55,490.812,155.8
121,12,60,56,364.612,248.212
121,12,60,57,350.709,317.158
121,12,60,58,246.448,237.69
121,12,60,59,409.24,412.395
122,12,60,0,442.226,322.662
122,12,60,1,338.13,127.863
122,12,60,2,214.223,263.111
122,12,60,3,461.394,80.8763
122,12,60,4,402.305,423.878
122,12,60,5,66.6206,303.418
122,12,60,6,169.275,461.199
122,12,60,7,235.781,100.998
122,12,60,8,496.27,84.6723
122,12,60,9,229.735,62.5585
122,12,60,10,483.882,30.1365
122,12,60,11,136.826,45.0207
122,12,60,12,317.931,229.435
122,12,60,13,33.8578,55.0095
122,12,60,14,107.724,370.9
122,12,60,15,48.0162,441.513
122,12,60,16,183.132,69.2268
122,12,60,17,78.6286,134.98
122,12,60,18,368.846,426.611
122,12,60,19,349.089,398.853
122,12,60,20,295.696,19.0411
122,12,60,21,409.715,35.1096
122,12,60,22,279.195,250.037
122,12,60,23,89.0907,292.801
122,12,60,24,198.71,243.14
122,12,60,25,116.65,326.442
122,12,60,26,425.941,342.185
122,12,60,27,257.849,158.194
122,12,60,28,458.275,443.503
122,12,60,29,274.394,168.334
122,12,60,30,331.298,218.507
122,12,60,31,56.3956,266.768
122,12,60,32,381.614,110.169
122,12,60,33,477.061,313.331
122,12,60,34,19.3991,205.942
122,12,60,35,262.506,122.437
122,12,60,36,14.3364,455.503
122,12,60,37,122.355,476.852
122,12,60,38,147.48,7.29743
122,12,60,39,468.859,12.2779
122,12,60,40,436.753,283.602
122,12,60,41,26.086,499.182
122,12,60,42,389.877,358.273
122,12,60,43,392.883,337.443
122,12,60,44,288.039,214.303
122,12,60,45,359.598,99.5893
122,12,60,46,127.056,182.233
122,12,60,47,95.321,386.97
122,12,60,48,8.11174,400.013
122,12,60,49,150.775,277.141
122,12,60,50,219.047,160.931
122,12,60,51,190.47,241.604
122,12,60,52,73.3858,194.885
122,12,60,53,312.989,145.994
122,12,60,54,418.379,471.962
122,12,60,55,355.634,364.02
122,12,60,56,204.898,381.719
122,12,60,57,163.193,413.406
122,12,60,58,301.013,484.061
122,12,60,59,246.798,188.18
123,12,60,0,83.1794,184.547
123,12,60,1,427.137,459.961
123,12,60,2,328.252,375.919
123,12,60,3,217.288,389.157
123,12,60,4,364.758,495.541
123,12,60,5,184.024,6.9284
123,12,60,6,142.023,450.958
123,12,60,7,239.907,170.919
123,12,60,8,132.496,256.508
123,12,60,9,196.674,136.71
123,12,60,10,157.723,283.935
123,12,60,11,55.08,176.377
123,12,60,12,30.2732,106.548
123,12,60,13,477.215,361.4
123,12,60,14,381.23,11.0776
123,12,60,15,140.826,65.9865
123,12,60,16,73.7226,143.121
123,12,60,17,319.477,25.4814
123,12,60,18,387.912,117.329
123,12,60,19,203.064,336.834
123,12,60,20,371.428,208.241
123,12,60,21,280.965,301.362
123,12,60,22,170.28,310.036
123,12,60,23,438.426,482.659
123,12,60,24,288.626,469.396
123,12,60,25,36.8521,129.572
123,12,60,26,249.895,327.355
123,12,60,27,97.0258,36.5234
123,12,60,28,463.465,20.8597
123,12,60,29,406.425,438.611
123,12,60,30,456.904,47.3254
123,12,60,31,108.416,227.845
123,12,60,32,2.23464,425.176
123,12,60,33,159.49,57.3195
123,12,60,34,255.25,75.4648
123,12,60,35,352.152,242.967
123,12,60,36,495.573,161.223
123,12,60,37,64.2558,275.977
123,12,60,38,180.014,405.091
123,12,60,39,393.85,110.858
123,12,60,40,12.3291,421.819
123,12,60,41,410.709,198.507
123,12,60,42,85.0351,271.582
123,12,60,43,445.525,484.396
123,12,60,44,485.908,356.086
123,12,60,45,44.851,449.803
123,12,60,46,225.35,259.463
123,12,60,47,333.628,321.752
123,12,60,48,310.088,69.0561
123,12,60,49,261.156,241.445
123,12,60,50,470.377,345.83
123,12,60,51,24.1515,396.352
123,12,60,52,122.648,371.63
123,12,60,53,212.718,152.277
123,12,60,54,270.894,99.8037
123,12,60,55,106.289,217.922
123,12,60,56,304.455,215.493
123,12,60,57,343.324,293.424
123,12,60,58,293.278,87.7323
123,12,60,59,418.052,414.658
124,12,60,0,344.784,166.487
124,12,60,1,19.4334,203.508
124,12,60,2,174.793,279.237
124,12,60,3,308.174,285.091
124,12,60,4,411.765,1.40325
124,12,60,5,404.593,368.737
124,12,60,6,382.358,478.956
124,12,60,7,463.96,193.074
124,12,60,8,149.556,70.1878
124,12,60,9,241.905,319.717
124,12,60,10,33.1447,213.855
124,12,60,11,288.32,396.475
124,12,60,12,134.388,250.498
124,12,60,13,190.247,14.9749
124,12,60,14,131.454,446.348
124,12,60,15,258.787,264.362
124,12,60,16,371.736,465.803
124,12,60,17,335.641,342.2
124,12,60,18,166.261,21.546
124,12,60,19,438.858,239.285
124,12,60,20,209.685,433.502
124,12,60,21,314.837,90.5276
124,12,60,22,388.057,249.113
124,12,60,23,46.2477,450.259
124,12,60,24,56.0199,127.266
124,12,60,25,425.623,179.892
124,12,60,26,118.428,487.698
124,12,60,27,74.556,312.762
124,12,60,28,36.4234,469.675
124,12,60,29,492.308,354.841
124,12,60,30,361.403,293.097
124,12,60,31,66.0705,121.397
124,12,60,32,481.596,431.729
124,12,60,33,234.474,223.683
124,12,60,34,154.173,139.174
124,12,60,35,269.124,30.9118
124,12,60,36,207.78,419.466
124,12,60,37,194.959,378.407
124,12,60,38,474.877,108.798
124,12,60,39,277.775,96.5526
124,12,60,40,108.691,104.859
124,12,60,41,357.451,170.086
124,12,60,42,101.86,147.359
124,12,60,43,9.8567,151.542
124,12,60,44,321.466,301.623
124,12,60,45,175.128,78.2721
124,12,60,46,418.852,384.252
124,12,60,47,447.578,64.8864
124,12,60,48,86.8348,40.2299
124,12,60,49,220.02,493.819
124,12,60,50,256.565,413.545
124,12,60,51,396.682,331.908
124,12,60,52,94.0323,49.6419
124,12,60,53,296.839,186.617
124,12,60,54,327.86,360.574
124,12,60,55,230.673,271.084
124,12,60,56,79.1455,53.7431
124,12,60,57,455.542,231.806
124,12,60,58,490.978,333.823
124,12,60,59,7.9317,403.933
125,12,60,0,79.0273,375.02
125,12,60,1,100.148,44.0342
125,12,60,2,177.368,173.251
125,12,60,3,194.723,305.748
125,12,60,4,366.359,313.857
125,12,60,5,254.572,247.75
125,12,60,6,432.756,402.673
125,12,60,7,369.114,357.981
125,12,60,8,475.224,121.76
125,12,60,9,226.749,9.54052
125,12,60,10,307.952,282.727
125,12,60,11,70.9253,155.135
125,12,60,12,437.941,486.762
125,12,60,13,411.5,54.7025
125,12,60,14,488.442,371.508
125,12,60,15,171.796,68.5819
125,12,60,16,183.43,195.983
125,12,60,17,17.3194,409.872
125,12,60,18,153.275,426.275
125,12,60,19,116.349,238.413
125,12,60,20,49.717,341.179
125,12,60,21,332.891,77.5557
125,12,60,22,2.68516,95.0183
125,12,60,23,26.1966,178.257
125,12,60,24,283.087,190.986
125,12,60,25,402.654,2.47508
125,12,60,26,35.5028,134.079
125,12,60,27,375.557,363.485
125,12,60,28,391.643,472.726
125,12,60,29,454.836,164.451
125,12,60,30,118.301,64.207
125,12,60,31,247.329,325.113
125,12,60,32,261.151,384.026
125,12,60,33,211.837,322.363
125,12,60,34,240.359,128.153
125,12,60,35,467.861,433.66
125,12,60,36,91.2183,482.225
125,12,60,37,318.537,115.968
125,12,60,38,273.179,216.945
125,12,60,39,55.5941,209.304
125,12,60,40,159.216,17.0908
125,12,60,41,350.899,292.356
125,12,60,42,96.1101,421.776
125,12,60,43,398.771,492.734
125,12,60,44,334.214,288.087
125,12,60,45,446.368,451.848
125,12,60,46,292.501,256.297
125,12,60,47,223.214,347.204
125,12,60,48,283.496,399.949
125,12,60,49,462.614,228.249
125,12,60,50,348.009,107.092
125,12,60,51,494.138,258.931
125,12,60,52,420.452,149.324
125,12,60,53,11.1324,442.375
125,12,60,54,206.731,37.6574
125,12,60,55,136.613,25.2132
125,12,60,56,143.29,466.51
125,12,60,57,130.685,270.013
125,12,60,58,58.7498,204.957
125,12,60,59,314.918,83.4479
126,12,60,0,192.525,458.987
126,12,60,1,339.315,2.92018
126,12,60,2,8.49172,171.988
126,12,60,3,235.184,354.899
126,12,60,4,97.7129,83.8819
126,12,60,5,296.71,403.591
126,12,60,6,458.636,194.407
126,12,60,7,139.959,94.3643
126,12,60,8,444.839,478.167
126,12,60,9,232.539,489.347
126,12,60,10,409.158,338.267
126,12,60,11,455.081,424.947
126,12,60,12,420.778,162.49
126,12,60,13,373.048,71.3272
126,12,60,14,224.344,82.3642
126,12,60,15,407.767,311.295
126,12,60,16,385.427,178.213
126,12,60,17,120.664,324.175
126,12,60,18,149.468,222.367
126,12,60,19,439.288,146.703
126,12,60,20,498.096,105.818
126,12,60,21,213.881,451.068
126,12,60,22,26.8455,42.7385
126,12,60,23,472.717,360.725
126,12,60,24,87.0153,137.574
126,12,60,25,63.7387,62.1527
126,12,60,26,36.3096,302.273
126,12,60,27,154.137,264.007
126,12,60,28,69.122,366.869
126,12,60,29,397.899,229.83
126,12,60,30,255.272,285.859
126,12,60,31,483.097,126.489
126,12,60,32,361.197,35.2533
126,12,60,33,343.672,267.245
126,12,60,34,78.3754,497.559
126,12,60,35,163.438,409.146
126,12,60,36,491.315,449.313
126,12,60,37,207.702,237.076
126,12,60,38,325.535,26.4164
126,12,60,39,242.488,190.418
126,12,60,40,127.441,471.103
126,12,60,41,318.03,343.264
126,12,60,42,286.864,394.921
126,12,60,43,382.943,283.33
126,12,60,44,277.01,50.8165
126,12,60,45,300.287,294.121
126,12,60,46,4.33093,13.5874
126,12,60,47,55.1698,124.076
126,12,60,48,430.03,429.515
126,12,60,49,174.958,252.222
126,12,60,50,46.0328,200.287
126,12,60,51,181.712,332.864
126,12,60,52,260.093,380.506
126,12,60,53,351.978,151.888
126,12,60,54,186.19,214.782
126,12,60,55,109.265,244.047
126,12,60,56,314.375,433.627
126,12,60,57,103.609,388.569
126,12,60,58,23.605,16.724
126,12,60,59,270.152,114.573
127,12,60,0,87.2127,199.984
127,12,60,1,289.299,292.45
127,12,60,2,475.83,6.58105
127,12,60,3,20.6491,229.831
127,12,60,4,383.027,386.375
127,12,60,5,60.881,123.424
127,12,60,6,68.3268,363.389
127,12,60,7,237.718,127.405
127,12,60,8,398.027,214.545
127,12,60,9,156.309,395.484
127,12,60,10,4.85588,408.875
127,12,60,11,409.957,34.6613
127,12,60,12,108.851,467
127,12,60,13,35.065,99.1427
127,12,60,14,468.09,26.3721
127,12,60,15,188.735,304.384
127,12,60,16,296.892,456.568
127,12,60,17,328.551,191.179
127,12,60,18,465.26,169.18
127,12,60,19,276.358,147.076
127,12,60,20,351.187,354.886
127,12,60,21,201.121,153.496
127,12,60,22,339.472,285.051
127,12,60,23,194.692,56.3645
127,12,60,24,314.861,348.545
127,12,60,25,456.72,445.793
127,12,60,26,269.557,134.548
127,12,60,27,262.944,492.962
127,12,60,28,400.189,243.468
127,12,60,29,427.602,237.692
127,12,60,30,25.8077,206.194
127,12,60,31,244.468,175.097
127,12,60,32,12.3831,281.042
127,12,60,33,176.324,66.6373
127,12,60,34,102.558,77.779
127,12,60,35,496.793,17.3465
127,12,60,36,172.456,475.18
127,12,60,37,145.869,255.9
127,12,60,38,320.604,333.165
127,12,60,39,251.247,322.446
127,12,60,40,306.321,219.428
127,12,60,41,133.201,308.385
127,12,60,42,437.911,106.959
127,12,60,43,446.696,165.549
127,12,60,44,47.8157,270.028
127,12,60,45,138.417,366.851
127,12,60,46,54.6144,400.789
127,12,60,47,362.321,424.598
127,12,60,48,367.081,426.893
127,12,60,49,421.183,87.961
127,12,60,50,98.5479,438.527
127,12,60,51,386.942,9.61746
127,12,60,52,217.059,465.447
127,12,60,53,483.335,485.923
127,12,60,54,159.607,334.253
127,12,60,55,347.429,258.812
127,12,60,56,75.7332,379.172
127,12,60,57,225.171,45.3489
127,12,60,58,213.481,72.8673
127,12,60,59,120.625,111.419
128,12,60,0,207.906,143.185
128,12,60,1,465.592,348.664
128,12,60,2,54.9056,177.511
128,12,60,3,281.354,130.749
128,12,60,4,19.9781,462.782
128,12,60,5,181.799,201.776
128,12,60,6,59.0369,298.153
128,12,60,7,390.95,56.5268
128,12,60,8,246.416,209.024
128,12,60,9,219.359,153.026
128,12,60,10,69.2416,171.19
128,12,60,11,418.657,382.651
128,12,60,12,297.337,124.987
128,12,60,13,416.641,188.652
128,12,60,14,123.67,327.444
128,12,60,15,366.807,399.866
128,12,60,16,237.854,364.482
128,12,60,17,258.876,289.739
128,12,60,18,40.8075,166.28
128,12,60,19,254.267,304.068
128,12,60,20,214.334,216.883
128,12,60,21,478.257,369.618
128,12,60,22,356.513,268.129
128,12,60,23,109.983,457.68
128,12,60,24,86.599,427.032
128,12,60,25,358.945,61.5691
128,12,60,26,100.241,137.102
128,12,60,27,452.495,9.30239
128,12,60,28,194.346,434.333
128,12,60,29,145.361,28.3483
128,12,60,30,467.572,78.7241
128,12,60,31,488.694,324.718
128,12,60,32,1.4442,83.9809
128,12,60,33,128.939,254.686
128,12,60,34,445.902,390.758
128,12,60,35,26.5557,197.452
128,12,60,36,400.757,70.1557
128,12,60,37,231.528,408.017
128,12,60,38,381.949,420.549
128,12,60,39,99.2878,496.032
128,12,60,40,15.9043,22.4675
128,12,60,41,348.643,259.944
128,12,60,42,491.856,108.496
128,12,60,43,321.209,1.42025
128,12,60,44,269.649,249.198
128,12,60,45,301.541,484.039
128,12,60,46,44.2841,312.144
128,12,60,47,332.591,40.5468
128,12,60,48,287.431,280.93
128,12,60,49,426.7,234.712
128,12,60,50,186.373,474.248
128,12,60,51,136.03,48.6623
128,12,60,52,313.57,102.279
128,12,60,53,150.803,232.382
128,12,60,54,435.718,415.818
128,12,60,55,397.637,446.486
128,12,60,56,341.138,477.048
128,12,60,57,161.632,93.7261
128,12,60,58,167.503,356.422
128,12,60,59,80.3773,340.909
129,12,60,0,267.181,120.888
129,12,60,1,223.082,43.3998
129,12,60,2,259.03,204.73
129,12,60,3,66.4473,356.503
129,12,60,4,322.949,198.357
129,12,60,5,76.4826,88.8396
129,12,60,6,365.5,315.687
129,12,60,7,241.095,373.99
129,12,60,8,304.129,113.472
129,12,60,9,18.6905,26.1722
129,12,60,10,415.87,153.628
129,12,60,11,416.67,58.5126
129,12,60,12,487.488,54.3099
129,12,60,13,245.833,186.569
129,12,60,14,166.56,8.34368
129,12,60,15,156.92,168.252
129,12,60,16,440.304,126.371
129,12,60,17,399.262,407.253
129,12,60,18,378.097,163.105
129,12,60,19,401.545,463.705
129,12,60,20,279.963,427.515
129,12,60,21,476.858,227.076
129,12,60,22,388.169,305.485
129,12,60,23,129.954,273.953
129,12,60,24,216.116,444.956
129,12,60,25,189.257,182.417
129,12,60,26,43.0497,143.132
129,12,60,27,117.055,256.189
129,12,60,28,338.68,332.317
129,12,60,29,432.86,341.983
129,12,60,30,369.625,375.691
129,12,60,31,56.2261,337.495
129,12,60,32,472.415,422.216
129,12,60,33,3.82904,240.423
129,12,60,34,357.051,395.291
129,12,60,35,498.124,477.549
129,12,60,36,86.4864,433.734
129,12,60,37,255.559,248.215
129,12,60,38,36.4169,298.836
129,12,60,39,465.157,412.302
129,12,60,40,328.341,108.208
129,12,60,41,180.588,276.873
129,12,60,42,347.115,492.27
129,12,60,43,11.3659,450.784
129,12,60,44,456.301,222.765
129,12,60,45,113.463,321.713
129,12,60,46,312.619,391.304
129,12,60,47,136.233,471.844
129,12,60,48,148.345,491.248
129,12,60,49,198.146,67.8969
129,12,60,50,72.0529,137.944
129,12,60,51,442.868,359.681
129,12,60,52,95.688,97.6576
129,12,60,53,202.977,21.7376
129,12,60,54,296.006,81.3191
129,12,60,55,26.8994,265.68
129,12,60,56,167.601,285.826
129,12,60,57,287.497,35.0591
129,12,60,58,105.295,4.76178
129,12,60,59,229.14,208.417
130,12,60,0,45.8672,4.26874
130,12,60,1,298.376,322.725
130,12,60,2,285.118,164.012
130,12,60,3,39.9614,330.003
130,12,60,4,68.7687,18.2163
130,12,60,5,272.674,12.9685
130,12,60,6,118.049,136.766
130,12,60,7,13.4454,422.597
130,12,60,8,142.237,179.72
130,12,60,9,432.042,354.133
130,12,60,10,157.701,101.479
130,12,60,11,213.836,253.431
130,12,60,12,227.12,228.849
130,12,60,13,219.501,153.399
130,12,60,14,161.674,206.132
130,12,60,15,404.422,128.447
130,12,60,16,105.673,307.567
130,12,60,17,391.675,31.2796
130,12,60,18,170.647,261.203
130,12,60,19,369.457,113.277
130,12,60,20,437.948,476.368
130,12,60,21,190.937,384.299
130,12,60,22,197.926,447.03
130,12,60,23,467.874,467.651
130,12,60,24,50.0533,489.882
130,12,60,25,313.003,279.178
130,12,60,26,498.54,493.909
130,12,60,27,382.655,247.634
130,12,60,28,201.422,432.689
130,12,60,29,178.886,92.4515
130,12,60,30,116.351,382.163
130,12,60,31,97.2133,48.8652
130,12,60,32,60.8852,83.6733
130,12,60,33,358.095,365.338
130,12,60,34,408.411,171.64
130,12,60,35,5.56368,64.7894
130,12,60,36,488.451,339.499
130,12,60,37,86.2573,33.5936
130,12,60,38,263.965,407.92
130,12,60,39,337.134,413.704
130,12,60,40,362.125,190.876
130,12,60,41,348.938,291.355
130,12,60,42,464.804,217.849
130,12,60,43,455.112,120.86
130,12,60,44,255.198,148.067
130,12,60,45,139.65,80.9705
130,12,60,46,132.766,199.005
130,12,60,47,280.717,267.734
130,12,60,48,384.252,395.516
130,12,60,49,78.2829,293.687
130,12,60,50,301.851,315.89
130,12,60,51,323.213,440.367
130,12,60,52,448.726,349.159
130,12,60,53,237.681,55.2272
130,12,60,54,424.66,370.202
130,12,60,55,249.179,458.599
130,12,60,56,331.703,209.533
130,12,60,57,21.4344,450.833
130,12,60,58,476.104,236.022
130,12,60,59,28.8741,68.6981
131,12,60,0,216.613,250.06
131,12,60,1,281.638,363.711
131,12,60,2,403.72,169.802
131,12,60,3,68.8463,449.756
131,12,60,4,323.093,335.188
131,12,60,5,150.778,291.491
131,12,60,6,55.9107,34.0967
131,12,60,7,355.563,175.645
131,12,60,8,227.105,248.137
131,12,60,9,224.819,390.992
131,12,60,10,126.629,409.909
131,12,60,11,491.942,133.251
131,12,60,12,135.767,1.80838
131,12,60,13,86.5228,330.81
131,12,60,14,35.9254,483.04
131,12,60,15,203.991,154.483
131,12,60,16,439.876,58.3991
131,12,60,17,287.703,56.6996
131,12,60,18,263.599,367.21
131,12,60,19,80.1114,496.125
131,12,60,20,2.90931,239.203
131,12,60,21,27.9709,470.339
131,12,60,22,370.411,203.673
131,12,60,23,107.543,401.014
131,12,60,24,251.489,432.113
131,12,60,25,188.105,8.65183
131,12,60,26,272.385,264.635
131,12,60,27,431.773,44.3598
131,12,60,28,142.958,462.016
131,12,60,29,169.702,304.652
131,12,60,30,366.35,321.83
131,12,60,31,95.2903,268.145
131,12,60,32,330.392,377.841
131,12,60,33,300.667,216.007
131,12,60,34,470.78,193.149
131,12,60,35,408.404,297.675
131,12,60,36,389.104,90.8269
131,12,60,37,462.702,18.8493
131,12,60,38,11.8691,484.814
131,12,60,39,340.208,148.659
131,12,60,40,111.97,313.288
131,12,60,41,60.1894,217.614
131,12,60,42,296.736,346.376
131,12,60,43,344.237,31.2366
131,12,60,44,486.79,418.902
131,12,60,45,238.03,92.1436
131,12,60,46,309.114,233.15
131,12,60,47,394.578,66.6857
131,12,60,48,243.212,82.7842
131,12,60,49,442.625,282.205
131,12,60,50,122.725,120.022
131,12,60,51,455.601,454.023
131,12,60,52,424.649,391.692
131,12,60,53,379.455,138.13
131,12,60,54,478.479,101.076
131,12,60,55,23.7124,351.226
131,12,60,56,176.327,166.383
131,12,60,57,198.589,189.917
131,12,60,58,44.2225,108.811
131,12,60,59,160.964,437.532
132,12,60,0,473.023,358.092
132,12,60,1,396.918,387.375
132,12,60,2,11.1799,330.752
132,12,60,3,136.134,427.338
132,12,60,4,421.905,65.5966
132,12,60,5,255.838,115.438
132,12,60,6,107.083,88.3547
132,12,60,7,427.36,184.733
132,12,60,8,153.92,127.953
132,12,60,9,108.678,41.5821
132,12,60,10,490.537,297.579
132,12,60,11,196.871,418.946
132,12,60,12,346.909,42.4285
132,12,60,13,245.33,375.072
132,12,60,14,227.509,412.118
132,12,60,15,439.974,241.097
132,12,60,16,159.779,303.623
132,12,60,17,375.679,150.482
132,12,60,18,21.4832,103.285
132,12,60,19,124.371,179.007
132,12,60,20,236.113,359.277
132,12,60,21,211.027,271.56
132,12,60,22,201.032,368.656
132,12,60,23,463.013,394.773
132,12,60,24,493.966,449.273
132,12,60,25,143.886,144.724
132,12,60,26,63.2208,232.336
132,12,60,27,341.185,122.691
132,12,60,28,359.383,323.323
132,12,60,29,412.135,275.527
132,12,60,30,456.066,481.008
132,12,60,31,176.678,32.8064
132,12,60,32,281.511,340.284
132,12,60,33,174.855,21.6891
132,12,60,34,1.92935,258.371
132,12,60,35,87.5181,347.934
132,12,60,36,222.298,71.518
132,12,60,37,371.799,193.034
132,12,60,38,357.511,402.551
132,12,60,39,35.6832,468.656
132,12,60,40,290.993,93.4772
132,12,60,41,268.903,440.459
132,12,60,42,74.6993,246.05
132,12,60,43,296.796,455.206
132,12,60,44,56.4389,137.005
132,12,60,45,265.726,14.8837
132,12,60,46,48.5679,488.379
132,12,60,47,126.543,253.656
132,12,60,48,92.933,283.542
132,12,60,49,405.601,494.775
132,12,60,50,443.58,316.308
132,12,60,51,316.817,209.608
132,12,60,52,387.474,173.522
132,12,60,53,29.2355,53.2045
132,12,60,54,187.325,205.645
132,12,60,55,79.6626,459.294
132,12,60,56,478.957,77.3857
132,12,60,57,301.98,222.721
132,12,60,58,331.73,6.72225
132,12,60,59,308.921,164.772
133,12,60,0,226.561,0.83376
133,12,60,1,403.69,173.137
133,12,60,2,219.099,302.368
133,12,60,3,165.448,460.06
133,12,60,4,81.4961,433.322
133,12,60,5,489.218,247.219
133,12,60,6,186.529,221.259
133,12,60,7,53.4623,215.381
133,12,60,8,64.9215,32.8648
133,12,60,9,411.577,195.437
133,12,60,10,331.119,269.103
133,12,60,11,207.541,419.696
133,12,60,12,387.968,415.464
133,12,60,13,431.569,79.3006
133,12,60,14,310.051,119.133
133,12,60,15,269.963,55.5523
133,12,60,16,39.5881,183.541
133,12,60,17,461.021,328.378
133,12,60,18,289.2,353.537
133,12,60,19,238.395,46.7682
133,12,60,20,148.412,147.484
133,12,60,21,23.367,319.612
133,12,60,22,102.373,467.504
133,12,60,23,473.231,277.027
133,12,60,24,33.0062,240.203
133,12,60,25,43.2194,364.185
133,12,60,26,120.946,309.292
133,12,60,27,455.146,382.76
133,12,60,28,179.49,128.452
133,12,60,29,154.547,288.864
133,12,60,30,245.836,156.941
133,12,60,31,85.5176,202.491
133,12,60,32,213.414,482.11
133,12,60,33,115.424,391.113
133,12,60,34,302.538,486.453
133,12,60,35,129.37,262.865
133,12,60,36,169.332,226.153
133,12,60,37,73.1792,499.779
133,12,60,38,255.8,371.01
133,12,60,39,2.93952,392.175
133,12,60,40,421.079,134.076
133,12,60,41,445.423,179.398
133,12,60,42,193.905,101.133
133,12,60,43,380.612,19.6877
133,12,60,44,340.792,85.7124
133,12,60,45,294.161,439.503
133,12,60,46,262.064,68.7906
133,12,60,47,133.895,449.929
133,12,60,48,358.855,13.4445
133,12,60,49,277.324,258.235
133,12,60,50,318.162,114.73
133,12,60,51,370.002,60.9992
133,12,60,52,10.3955,293.887
133,12,60,53,392.904,40.9606
133,12,60,54,436.882,162.935
133,12,60,55,494.548,456.109
133,12,60,56,344.787,339.528
133,12,60,57,479.546,95.0593
133,12,60,58,351.977,349.899
133,12,60,59,97.0514,402.98
134,12,60,0,431.082,377.632
134,12,60,1,419.994,346.541
134,12,60,2,224.012,367.331
134,12,60,3,54.1255,162.525
134,12,60,4,230.393,309.182
134,12,60,5,3.37893,174.38
134,12,60,6,155.816,331.517
134,12,60,7,291.96,62.7635
134,12,60,8,110.749,213.924
134,12,60,9,434.924,445.552
134,12,60,10,102.727,81.3693
134,12,60,11,280.666,199.251
134,12,60,12,361.302,151.936
134,12,60,13,492.761,387.206
134,12,60,14,70.0793,296.518
134,12,60,15,22.5502,257.657
134,12,60,16,123.403,404.852
134,12,60,17,380.231,465.932
134,12,60,18,390.508,191.128
134,12,60,19,336.456,437.979
134,12,60,20,456.977,101.414
134,12,60,21,353.744,260.978
134,12,60,22,349.822,499.101
134,12,60,23,183.809,113.044
134,12,60,24,99.8717,95.705
134,12,60,25,324.114,56.2712
134,12,60,26,266.798,227.4
134,12,60,27,286.876,410.537
134,12,60,28,460.598,480.662
134,12,60,29,61.3498,458.227
134,12,60,30,327.737,488.459
134,12,60,31,25.5451,175.099
134,12,60,32,88.5871,423.202
134,12,60,33,40.5729,320.493
134,12,60,34,487.631,72.3745
134,12,60,35,402.523,46.1375
134,12,60,36,476.101,366.32
134,12,60,37,162.419,284.067
134,12,60,38,369.204,219.463
134,12,60,39,241.308,88.5999
134,12,60,40,253.681,247.952
134,12,60,41,247.03,2.81973
134,12,60,42,214.664,149.548
134,12,60,43,168.214,474.818
134,12,60,44,264.115,340.726
134,12,60,45,467.947,127.441
134,12,60,46,175.628,234.508
134,12,60,47,16.3161,426.593
134,12,60,48,442.558,21.5387
134,12,60,49,309.33,137.623
134,12,60,50,199.783,200.575
134,12,60,51,301.354,278.731
134,12,60,52,136.822,15.881
134,12,60,53,133.074,395.005
134,12,60,54,44.2024,267.537
134,12,60,55,147.827,36.7274
134,12,60,56,80.9809,301.152
134,12,60,57,412.998,353.799
134,12,60,58,397.536,122.817
134,12,60,59,207.813,31.6787
135,12,60,0,329.573,83.3368
135,12,60,1,297.86,433.671
135,12,60,2,143.74,338.443
135,12,60,3,397.396,62.2257
135,12,60,4,315.498,347.352
135,12,60,5,491.577,195.929
135,12,60,6,68.0361,47.1387
135,12,60,7,113.759,137.157
135,12,60,8,496.589,322.923
135,12,60,9,359.13,382.824
135,12,60,10,124.135,269.85
135,12,60,11,377.515,69.1892
135,12,60,12,167.696,122.781
135,12,60,13,303.051,145.36
135,12,60,14,334.374,171.777
135,12,60,15,192.949,77.1022
135,12,60,16,279.864,218.911
135,12,60,17,442.727,211.862
135,12,60,18,258.058,233.686
135,12,60,19,11.6996,54.5746
135,12,60,20,224.486,466.643
135,12,60,21,346.389,413.338
135,12,60,22,99.2091,401.548
135,12,60,23,161.86,425.889
135,12,60,24,58.6608,367.863
135,12,60,25,368.289,103.169
135,12,60,26,231.787,385.331
135,12,60,27,471.47,326.53
135,12,60,28,28.7067,183.211
135,12,60,29,238.718,163.209
135,12,60,30,412.576,243.012
135,12,60,31,52.0585,315
135,12,60,32,46.833,471.269
135,12,60,33,268.823,22.0337
135,12,60,34,407.776,278.323
135,12,60,35,245.769,129.288
135,12,60,36,41.2587,352.438
135,12,60,37,176.459,251.825
135,12,60,38,287.598,6.6422
135,12,60,39,24.8547,289.777
135,12,60,40,189.329,493.554
135,12,60,41,1.86494,158.191
135,12,60,42,133.673,207.061
135,12,60,43,438.964,41.408
135,12,60,44,420.907,13.4162
135,12,60,45,77.6737,418.829
135,12,60,46,387.955,94.7959
135,12,60,47,477.512,484.922
135,12,60,48,461.586,112.715
135,12,60,49,263.988,361.729
135,12,60,50,100.232,397.224
135,12,60,51,454.922,228.208
135,12,60,52,425.202,455.437
135,12,60,53,351.49,29.8015
135,12,60,54,125.129,447.436
135,12,60,55,202.25,477.708
135,12,60,56,86.8288,186.374
135,12,60,57,210.387,303.33
135,12,60,58,152.215,295.586
135,12,60,59,319.051,259.091
136,12,60,0,488.299,154.131
136,12,60,1,31.4704,469.805
136,12,60,2,362.655,205.763
136,12,60,3,105.814,300.031
136,12,60,4,149.601,403.58
136,12,60,5,402.841,494.732
136,12,60,6,369.444,115.4
136,12,60,7,118.417,273.286
136,12,60,8,266.366,355.848
136,12,60,9,316.57,35.6444
136,12,60,10,417.871,106.721
136,12,60,11,494.914,448.052
136,12,60,12,397.881,348.838
136,12,60,13,160.461,319.584
136,12,60,14,95.6327,214.144
136,12,60,15,47.35,189.11
136,12,60,16,271.087,178.922
136,12,60,17,255.915,192.125
136,12,60,18,150.758,230.503
136,12,60,19,210.065,412.769
136,12,60,20,116.129,482.751
136,12,60,21,70.4012,423.875
136,12,60,22,54.1004,140.366
136,12,60,23,175.097,360.729
136,12,60,24,14.7899,451.517
136,12,60,25,22.09,162.609
136,12,60,26,457.833,292.472
136,12,60,27,441.984,91.6408
136,12,60,28,474.409,5.35536
136,12,60,29,76.5468,310.22
136,12,60,30,34.5038,458.547
136,12,60,31,355.429,275.24
136,12,60,32,303.517,21.1254
136,12,60,33,204.565,248.491
136,12,60,34,287.977,266.19
136,12,60,35,382.447,62.3382
136,12,60,36,248.514,254.82
136,12,60,37,184.851,97.6194
136,12,60,38,318.85,373.778
136,12,60,39,126.62,32.0142
136,12,60,40,427.336,436.787
136,12,60,41,384.385,68.2931
136,12,60,42,6.93392,81.7097
136,12,60,43,439.901,338.318
136,12,60,44,408.555,375.806
136,12,60,45,140.276,430.827
136,12,60,46,460.945,123.363
136,12,60,47,220.617,127.251
136,12,60,48,192.392,142.039
136,12,60,49,277.071,54.6647
136,12,60,50,169.578,488.385
136,12,60,51,325.94,238.674
136,12,60,52,295.123,43.03
136,12,60,53,231.6,16.1568
136,12,60,54,478.178,222.184
136,12,60,55,60.3793,398.2
136,12,60,56,347.459,172.169
136,12,60,57,340.059,287.669
136,12,60,58,89.1019,391.561
136,12,60,59,238.564,326.946
137,12,60,0,168.921,499.313
137,12,60,1,62.5875,5.61343
137,12,60,2,423.827,197.146
137,12,60,3,349.776,383.366
137,12,60,4,215.873,485.1
137,12,60,5,427.139,221.704
137,12,60,6,151.886,455.327
137,12,60,7,139.402,112.066
137,12,60,8,101.686,462.001
137,12,60,9,471.773,37.0492
137,12,60,10,295.106,162.23
137,12,60,11,391.138,310.673
137,12,60,12,234.479,119.266
137,12,60,13,201.612,94.0543
137,12,60,14,452.493,142.127
137,12,60,15,447.669,181.875
137,12,60,16,99.7709,73.7061
137,12,60,17,481.458,273.283
137,12,60,18,401.283,280.343
137,12,60,19,359.412,422.579
137,12,60,20,314.305,333.604
137,12,60,21,483.484,172.164
137,12,60,22,111.431,60.2979
137,12,60,23,369.829,346.448
137,12,60,24,119.695,291.831
137,12,60,25,83.0824,289.503
137,12,60,26,176.194,206.61
137,12,60,27,396.049,126.375
137,12,60,28,130.012,225.85
137,12,60,29,186.091,364.599
137,12,60,30,326.872,31.9921
137,12,60,31,84.0707,431.467
137,12,60,32,305.148,393.941
137,12,60,33,244.012,17.4942
137,12,60,34,272.342,323.736
137,12,60,35,335.346,103.564
137,12,60,36,459.815,137.262
137,12,60,37,40.8559,87.8634
137,12,60,38,7.66594,415.509
137,12,60,39,225.299,449.423
137,12,60,40,434.451,305.688
137,12,60,41,145.275,471.973
137,12,60,42,498.972,354.312
137,12,60,43,218.463,47.3863
137,12,60,44,18.0936,233.917
137,12,60,45,47.1842,244.159
137,12,60,46,290.832,381.489
137,12,60,47,253.746,50.0142
137,12,60,48,160.889,264.156
137,12,60,49,260.279,329.899
137,12,60,50,66.8331,405.616
137,12,60,51,353.701,211.309
137,12,60,52,380.033,256.892
137,12,60,53,31.6239,479.896
137,12,60,54,51.0416,9.32159
137,12,60,55,415.794,186.564
137,12,60,56,318.14,369.258
137,12,60,57,280.985,78.8632
137,12,60,58,11.5222,438.998
137,12,60,59,197.053,150.026
138,12,60,0,433.981,413.322
138,12,60,1,180.028,273.89
138,12,60,2,484.488,307.704
138,12,60,3,350.061,476.808
138,12,60,4,398.045,131.488
138,12,60,5,430.867,147.253
138,12,60,6,18.2768,13.8394
138,12,60,7,14.6288,116.461
138,12,60,8,102.215,193.71
138,12,60,9,283.997,434.329
138,12,60,10,459.03,79.1366
138,12,60,11,446.742,370.371
138,12,60,12,497.092,152.637
138,12,60,13,216.385,3.14216
138,12,60,14,261.399,87.3447
138,12,60,15,195.25,186.306
138,12,60,16,33.0715,208.26
138,12,60,17,368.636,208.787
138,12,60,18,149.292,323.814
138,12,60,19,134.269,484.107
138,12,60,20,365.044,62.8407
138,12,60,21,311.922,315.647
138,12,60,22,346.723,333.506
138,12,60,23,187.838,136.523
138,12,60,24,417.276,399.059
138,12,60,25,61.4343,352.519
138,12,60,26,303.253,492.181
138,12,60,27,267.652,361.998
138,12,60,28,402.791,30.6252
138,12,60,29,469.303,280.891
138,12,60,30,219.927,105.999
138,12,60,31,456.703,444.706
138,12,60,32,150.113,119.095
138,12,60,33,282.174,325.685
138,12,60,34,85.9894,422.13
138,12,60,35,0.337729,240.086
138,12,60,36,258.313,402.186
138,12,60,37,173.233,257.235
138,12,60,38,50.1432,348.792
138,12,60,39,126.81,57.3409
138,12,60,40,111.631,44.8166
138,12,60,41,479.744,159.311
138,12,60,42,337.45,224.722
138,12,60,43,323.017,230.415
138,12,60,44,388.709,247.346
138,12,60,45,297.16,290.792
138,12,60,46,34.7266,468.849
138,12,60,47,165.116,425.3
138,12,60,48,331.212,171.79
138,12,60,49,49.151,466.25
138,12,60,50,227.132,379.301
138,12,60,51,242.32,180.029
138,12,60,52,408.336,451.128
138,12,60,53,97.0575,96.838
138,12,60,54,236.365,74.4371
138,12,60,55,207.255,22.3218
138,12,60,56,74.4579,390.406
138,12,60,57,79.6977,33.5956
138,12,60,58,381.161,297.622
138,12,60,59,124.055,263.257
139,12,60,0,454.884,69.0695
139,12,60,1,203.744,113.464
139,12,60,2,70.3458,199.965
139,12,60,3,58.5713,105.705
139,12,60,4,469.73,251.62
139,12,60,5,294.155,424.407
139,12,60,6,419.788,326.293
139,12,60,7,342.076,52.2651
139,12,60,8,432.216,470.681
139,12,60,9,135.197,262.991
139,12,60,10,167.438,408.966
139,12,60,11,38.5533,210.6
139,12,60,12,177.064,323.986
139,12,60,13,236.801,181.401
139,12,60,14,382.017,268.644
139,12,60,15,18.1165,97.8882
139,12,60,16,128.966,0.861945
139,12,60,17,324.241,447.388
139,12,60,18,494.933,41.8054
139,12,60,19,304.026,124.768
139,12,60,20,76.8542,150.028
139,12,60,21,358.889,307.614
139,12,60,22,195.694,168.869
139,12,60,23,336.047,32.9719
139,12,60,24,258.909,375.449
139,12,60,25,390.275,362.415
139,12,60,26,290.059,87.2462
139,12,60,27,275.568,493.882
139,12,60,28,475.785,436.304
139,12,60,29,52.5576,60.731
139,12,60,30,466.562,292.417
139,12,60,31,394.67,162.329
139,12,60,32,244.163,135.829
139,12,60,33,41.8203,249.97
139,12,60,34,147.845,482.154
139,12,60,35,111.834,226.585
139,12,60,36,84.1563,144.459
139,12,60,37,443.57,389.802
139,12,60,38,4.76439,223.683
139,12,60,39,219.525,241.004
139,12,60,40,93.9303,427.829
139,12,60,41,187.659,408.281
139,12,60,42,103.082,458.359
139,12,60,43,402.407,77.6018
139,12,60,44,414.543,353.008
139,12,60,45,159.74,128.811
139,12,60,46,28.2844,203.876
139,12,60,47,231.986,338.75
139,12,60,48,371.378,34.9422
139,12,60,49,15.5351,374.272
139,12,60,50,441.381,189.574
139,12,60,51,310.36,487.2
139,12,60,52,117.851,9.00792
139,12,60,53,270.406,344.237
139,12,60,54,153.785,276.871
139,12,60,55,329.807,451.551
139,12,60,56,258.161,310.839
139,12,60,57,487.715,19.7595
139,12,60,58,215.293,393.799
139,12,60,59,350.232,283.393
140,12,60,0,480.329,107.066
140,12,60,1,308.087,137.206
140,12,60,2,154.965,357.051
140,12,60,3,430.874,396.743
140,12,60,4,91.3044,325.493
140,12,60,5,449.6,468.132
140,12,60,6,122.293,362.794
140,12,60,7,469.87,244.934
140,12,60,8,43.0269,199.539
140,12,60,9,130.5,335.908
140,12,60,10,239.258,219.569
140,12,60,11,148.132,489.133
140,12,60,12,222.727,414.587
140,12,60,13,374.801,166.581
140,12,60,14,6.57264,148.3
140,12,60,15,227.262,305.938
140,12,60,16,255.468,407.63
140,12,60,17,494.911,13.3308
140,12,60,18,410.009,481.214
140,12,60,19,163.712,273.051
140,12,60,20,347.619,129.259
140,12,60,21,60.4409,20.1399
140,12,60,22,456.715,214.139
140,12,60,23,40.3051,63.2646
140,12,60,24,211.816,98.8965
140,12,60,25,422.252,310.378
140,12,60,26,331.186,119.706
140,12,60,27,439.717,79.5134
140,12,60,28,134.998,175.744
140,12,60,29,194.079,228.392
140,12,60,30,395.828,382.103
140,12,60,31,53.0284,367.825
140,12,60,32,278.815,5.15003
140,12,60,33,266.719,251.436
140,12,60,34,336.365,85.9589
140,12,60,35,385.954,422.879
140,12,60,36,308.745,385.928
140,12,60,37,263.927,236.526
140,12,60,38,72.1411,464.647
140,12,60,39,185.325,286.143
140,12,60,40,243.285,264.593
140,12,60,41,375.125,39.4831
140,12,60,42,96.1649,296.767
140,12,60,43,359.6,451.268
140,12,60,44,183.303,497.181
140,12,60,45,16.1823,42.0522
140,12,60,46,168.853,346.096
140,12,60,47,488.926,447.771
140,12,60,48,33.0394,280.011
140,12,60,49,205.794,321.995
140,12,60,50,289.698,73.1965
140,12,60,51,464.288,435.605
140,12,60,52,112.433,430.192
140,12,60,53,106.38,55.8109
140,12,60,54,295.859,156.679
140,12,60,55,17.796,27.4871
140,12,60,56,354.617,173.829
140,12,60,57,80.3194,185.531
140,12,60,58,401.804,109.714
140,12,60,59,323.263,203.118
141,12,60,0,343.624,17.1566
141,12,60,1,262.611,167.802
141,12,60,2,437.005,220.915
141,12,60,3,219.482,466.545
141,12,60,4,0.596388,414.583
141,12,60,5,45.1017,446.294
141,12,60,6,270.552,166.51
141,12,60,7,51.8688,260.572
141,12,60,8,78.5791,252.302
141,12,60,9,305.586,4.92123
141,12,60,10,498.733,480.251
141,12,60,11,313.979,9.00614
141,12,60,12,491.587,296.779
141,12,60,13,84.4665,326.602
141,12,60,14,196.116,156.231
141,12,60,15,380.55,319.127
141,12,60,16,425.541,249.129
141,12,60,17,107.249,470.78
141,12,60,18,113.279,88.8644
141,12,60,19,330.188,361.951
141,12,60,20,63.2668,427.514
141,12,60,21,96.2031,345.114
141,12,60,22,233.842,128.783
141,12,60,23,242.705,207.32
141,12,60,24,154.904,390.529
141,12,60,25,357.911,419.925
141,12,60,26,450.728,124.288
141,12,60,27,416.568,59.0599
141,12,60,28,339.372,94.8811
141,12,60,29,420.662,57.7982
141,12,60,30,190.933,241.59
141,12,60,31,141.602,407.354
141,12,60,32,257.324,49.3106
141,12,60,33,402.291,148.806
141,12,60,34,169.105,302.904
141,12,60,35,21.3445,274.137
141,12,60,36,165.23,214.282
141,12,60,37,289.147,70.7418
141,12,60,38,444.882,353.375
141,12,60,39,479.32,232.754
141,12,60,40,12.9968,309.669
141,12,60,41,322.464,182.627
141,12,60,42,231.751,103.728
141,12,60,43,125.916,453.999
141,12,60,44,365.124,197.693
141,12,60,45,36.3732,396.802
141,12,60,46,123.354,114.819
141,12,60,47,74.3051,368.807
141,12,60,48,468.994,136.914
141,12,60,49,296.285,340.209
141,12,60,50,389.788,27.2067
141,12,60,51,281.526,36.9908
141,12,60,52,466.638,488.55
141,12,60,53,392.128,375.6
141,12,60,54,374.353,283.932
141,12,60,55,201.278,435.349
141,12,60,56,30.3905,494.148
141,12,60,57,147.039,80.6157
141,12,60,58,178.556,277.255
141,12,60,59,212.158,187.847
142,12,60,0,14.5457,104.558
142,12,60,1,84.8153,485.379
142,12,60,2,6.02547,213.261
142,12,60,3,356.17,343.1
142,12,60,4,19.971,255.177
142,12,60,5,438.879,114.527
142,12,60,6,112.684,0.715925
142,12,60,7,489.725,292.153
142,12,60,8,281.03,40.4865
142,12,60,9,39.8123,94.4211
142,12,60,10,427.278,300.767
142,12,60,11,312.576,181.973
142,12,60,12,273.996,234.728
142,12,60,13,403.623,243.523
142,12,60,14,165.565,167.591
142,12,60,15,254.276,287.333
142,12,60,16,442.062,17.892
142,12,60,17,107.257,43.9679
142,12,60,18,65.6572,426.33
142,12,60,19,131.154,194.272
142,12,60,20,410.971,152.222
142,12,60,21,44.8019,373.426
142,12,60,22,140.081,225.897
142,12,60,23,150.466,420.199
142,12,60,24,232.788,324.365
142,12,60,25,246.052,399.105
142,12,60,26,453.561,341.204
142,12,60,27,417.813,400.575
142,12,60,28,214.743,439.519
142,12,60,29,204.001,133.73
142,12,60,30,299.456,13.8084
142,12,60,31,349.389,449.439
142,12,60,32,27.6275,204.211
142,12,60,33,499.003,191.182
142,12,60,34,260.304,220.83
142,12,60,35,238.381,119.385
142,12,60,36,477.795,72.3456
142,12,60,37,51.4788,280.93
142,12,60,38,76.4643,55.5185
142,12,60,39,171.884,409.443
142,12,60,40,341.087,271.719
142,12,60,41,291.15,477.603
142,12,60,42,96.8704,461.271
142,12,60,43,123.633,25.7401
142,12,60,44,362.427,493.276
142,12,60,45,458.703,384.243
142,12,60,46,397.215,358.992
142,12,60,47,369.916,79.2016
142,12,60,48,467.57,146.707
142,12,60,49,376.183,162.842
142,12,60,50,194.093,261.996
142,12,60,51,70.4386,85.7196
142,12,60,52,329.97,376.013
142,12,60,53,223.99,130.512
142,12,60,54,182.259,327.385
142,12,60,55,389.594,457.604
142,12,60,56,145.424,358.271
142,12,60,57,304.968,311.245
142,12,60,58,322.47,472.029
142,12,60,59,183.988,59.9063
143,12,60,0,349.085,132.001
143,12,60,1,17.0925,352.761
143,12,60,2,39.7058,217.493
143,12,60,3,270.494,255.968
143,12,60,4,416.244,444.983
143,12,60,5,221.729,32.9263
143,12,60,6,52.7663,62.79
143,12,60,7,229.45,150.269
143,12,60,8,178.738,273.452
143,12,60,9,141.82,14.5264
143,12,60,10,321.955,359.002
143,12,60,11,107.373,367.161
143,12,60,12,89.1707,402.174
143,12,60,13,477.179,300.761
143,12,60,14,380.687,34.7487
143,12,60,15,98.8571,119.467
143,12,60,16,433.023,413.749
143,12,60,17,109.896,101.007
143,12,60,18,293.928,19.4618
143,12,60,19,362.668,143.635
143,12,60,20,152.352,262.275
143,12,60,21,418.64,379.155
143,12,60,22,63.1313,477.84
143,12,60,23,454.162,347.775
143,12,60,24,265.097,292.237
143,12,60,25,334.888,182.309
143,12,60,26,197.079,231.497
143,12,60,27,210.456,4.45302
143,12,60,28,406.997,192.827
143,12,60,29,49.8242,169.776
143,12,60,30,305.363,440.03
143,12,60,31,291.613,245.846
143,12,60,32,172.699,200.161
143,12,60,33,77.5395,474.376
143,12,60,34,191.049,464.978
143,12,60,35,472.731,499.552
143,12,60,36,252.595,234.986
143,12,60,37,396.456,417.895
143,12,60,38,465.581,133.694
143,12,60,39,367.421,491.581
143,12,60,40,139.253,278.752
143,12,60,41,442.924,214.224
143,12,60,42,327.6,114.818
143,12,60,43,437.05,86.9707
143,12,60,44,245.22,289.348
143,12,60,45,15.4732,385.441
143,12,60,46,67.184,425.398
143,12,60,47,308.93,308.486
143,12,60,48,0.968476,322.265
143,12,60,49,240.957,191.622
143,12,60,50,491.423,54.6687
143,12,60,51,27.6155,47.3984
143,12,60,52,208.302,331.798
143,12,60,53,498.229,98.4788
143,12,60,54,351.765,334.143
143,12,60,55,391.548,455.874
143,12,60,56,133.03,77.8466
143,12,60,57,117.578,392.973
143,12,60,58,162.097,73.3131
143,12,60,59,278.734,165.196
144,12,60,0,257.462,110.523
144,12,60,1,102.585,442.231
144,12,60,2,129.543,91.415
144,12,60,3,394.36,19.6279
144,12,60,4,206.673,36.3002
144,12,60,5,458.684,389.28
144,12,60,6,23.745,71.1534
144,12,60,7,93.0148,123.259
144,12,60,8,292.897,414.235
144,12,60,9,265.142,295.278
144,12,60,10,347.187,150.448
144,12,60,11,91.28,47.102
144,12,60,12,320.404,195.13
144,12,60,13,72.7467,438.533
144,12,60,14,51.0453,61.66
144,12,60,15,160.405,380.819
144,12,60,16,381.953,403.869
144,12,60,17,47.7933,395.999
144,12,60,18,60.7378,135.339
144,12,60,19,341.378,466.297
144,12,60,20,215.909,97.5193
144,12,60,21,368.995,263.989
144,12,60,22,157.395,269.647
144,12,60,23,282.576,469.496
144,12,60,24,303.919,332.694
144,12,60,25,327.219,349.621
144,12,60,26,134.235,222.693
144,12,60,27,37.3348,301.194
144,12,60,28,26.9961,187.586
144,12,60,29,167.696,128.555
144,12,60,30,423.979,324.005
144,12,60,31,314.672,288.197
144,12,60,32,432.914,167.305
144,12,60,33,189.081,14.2239
144,12,60,34,198.991,479.892
144,12,60,35,356.838,25.9873
144,12,60,36,498.843,337.33
144,12,60,37,485.011,233.183
144,12,60,38,231.129,163.238
144,12,60,39,436.85,106.602
144,12,60,40,469.966,55.65
144,12,60,41,177.625,450.667
144,12,60,42,239.55,282.406
144,12,60,43,402.163,423.543
144,12,60,44,148.683,499.115
144,12,60,45,416.296,182.542
144,12,60,46,443.11,308.926
144,12,60,47,115.795,426.753
144,12,60,48,120.189,366.177
144,12,60,49,391.364,367.841
144,12,60,50,476.734,213.609
144,12,60,51,273.846,239.523
144,12,60,52,284.928,77.1978
144,12,60,53,82.5306,0.060382
144,12,60,54,248.725,204.456
144,12,60,55,222.948,356.245
144,12,60,56,359.773,243.026
144,12,60,57,456.997,491.501
144,12,60,58,1.07171,147.186
144,12,60,59,9.59431,255.444
145,12,60,0,257.806,309.824
145,12,60,1,496.63,115.541
145,12,60,2,20.3118,429.067
145,12,60,3,35.1223,352.096
145,12,60,4,350.089,231.123
145,12,60,5,368.497,328.071
145,12,60,6,310.765,220.541
145,12,60,7,448.186,291.19
145,12,60,8,102.732,475.963
145,12,60,9,279.122,125.356
145,12,60,10,157.991,62.5969
145,12,60,11,116.327,280.628
145,12,60,12,134.445,95.4872
145,12,60,13,471.6,262.125
145,12,60,14,261.779,438.761
145,12,60,15,190.092,376.139
145,12,60,16,387.288,413.229
145,12,60,17,221.22,447.779
145,12,60,18,409.086,300.201
145,12,60,19,441.186,403.996
145,12,60,20,126.086,399.3
145,12,60,21,296.231,254.411
145,12,60,22,393.223,89.8063
145,12,60,23,461.663,360.795
145,12,60,24,87.3066,150.874
145,12,60,25,248.987,168.039
145,12,60,26,427.556,195.886
145,12,60,27,75.4564,144.191
145,12,60,28,167.339,165.162
145,12,60,29,46.7119,270.901
145,12,60,30,482.24,79.7767
145,12,60,31,147.362,235.843
145,12,60,32,71.1818,17.6976
145,12,60,33,451.061,340.744
145,12,60,34,57.6692,489.391
145,12,60,35,122.21,123.118
145,12,60,36,32.7398,454.16
145,12,60,37,204.742,188.462
145,12,60,38,0.889716,41.534
145,12,60,39,485.552,472.33
145,12,60,40,98.082,210.905
145,12,60,41,234.703,205.678
145,12,60,42,418.937,385.582
145,12,60,43,14.9599,320.408
145,12,60,44,320.311,102.204
145,12,60,45,158.601,52.4831
145,12,60,46,326.393,243.728
145,12,60,47,270.97,347.481
145,12,60,48,376.566,137.753
145,12,60,49,290.149,461.81
145,12,60,50,182.293,420.968
145,12,60,51,340.845,291.702
145,12,60,52,407.938,73.4459
145,12,60,53,64.2602,33.2518
145,12,60,54,210.991,47.2013
145,12,60,55,231.103,497.828
145,12,60,56,306.892,180.79
145,12,60,57,360.345,5.43724
145,12,60,58,348.374,371.631
145,12,60,59,195.622,9.44029
146,12,60,0,157.565,487.683
146,12,60,1,477.97,8.86994
146,12,60,2,346.308,93.4796
146,12,60,3,159.844,63.7418
146,12,60,4,238.68,165.44
146,12,60,5,407.77,114.807
146,12,60,6,418.755,41.2632
146,12,60,7,146.828,324.058
146,12,60,8,414.68,375.449
146,12,60,9,62.3318,384.755
146,12,60,10,79.1656,215.456
146,12,60,11,326.395,220.09
146,12,60,12,134.475,314.584
146,12,60,13,53.4776,328.612
146,12,60,14,118.599,461.019
146,12,60,15,464.165,46.1429
146,12,60,16,224.871,8.14015
146,12,60,17,49.3847,368.788
146,12,60,18,6.85138,305.11
146,12,60,19,436.102,398.131
146,12,60,20,114.106,498.416
146,12,60,21,429.938,233.594
146,12,60,22,232.33,119.867
146,12,60,23,319.479,101.728
146,12,60,24,38.7642,409.726
146,12,60,25,208.482,254.741
146,12,60,26,168.644,467.692
146,12,60,27,284.43,333.403
146,12,60,28,25.7397,344.618
146,12,60,29,484.952,270.005
146,12,60,30,205.91,88.5356
146,12,60,31,351.477,78.2552
146,12,60,32,184.37,258.364
146,12,60,33,452.617,292.879
146,12,60,34,106.047,132.595
146,12,60,35,194.946,188.087
146,12,60,36,334.554,141.842
146,12,60,37,258.882,203.747
146,12,60,38,91.5198,139.647
146,12,60,39,17.7025,18.9374
146,12,60,40,498.872,354.391
146,12,60,41,371.945,425.66
146,12,60,42,128.322,153.964
146,12,60,43,366.394,446.36
146,12,60,44,472.811,358.627
146,12,60,45,377.16,481.366
146,12,60,46,68.3887,69.1159
146,12,60,47,316.572,231.642
146,12,60,48,11.4269,422.815
146,12,60,49,96.0161,281.204
146,12,60,50,277.291,53.3656
146,12,60,51,391.89,249.798
146,12,60,52,182.309,169.483
146,12,60,53,305.774,32.8224
146,12,60,54,447.901,197.183
146,12,60,55,255.184,182.455
146,12,60,56,297.224,287.913
146,12,60,57,386.132,402.664
146,12,60,58,271.093,454.126
146,12,60,59,245.872,441.111
147,12,60,0,204.009,57.4629
147,12,60,1,268.267,14.4828
147,12,60,2,481.597,236.163
147,12,60,3,160.36,309.122
147,12,60,4,126.58,67.2583
147,12,60,5,147.686,48.0001
147,12,60,6,401.38,220.141
147,12,60,7,248.024,60.1375
147,12,60,8,239.242,97.7455
147,12,60,9,183.645,346.159
147,12,60,10,155.683,321.404
147,12,60,11,325.104,147.233
147,12,60,12,75.8423,331.212
147,12,60,13,232.308,163.378
147,12,60,14,463.363,387.818
147,12,60,15,471.826,268.242
147,12,60,16,288.52,38.3298
147,12,60,17,355.568,474.525
147,12,60,18,93.8454,498.239
147,12,60,19,122.191,229.27
147,12,60,20,419.56,188.392
147,12,60,21,313.667,290.589
147,12,60,22,455.607,127.09
147,12,60,23,133.806,264.495
147,12,60,24,20.1769,201.272
147,12,60,25,306.377,426.734
147,12,60,26,36.7796,242.631
147,12,60,27,71.2744,458.93
147,12,60,28,176.458,291.708
147,12,60,29,0.626515,363.14
147,12,60,30,256.12,278.446
147,12,60,31,395.594,196.352
147,12,60,32,103.548,110.213
147,12,60,33,220.544,17.3912
147,12,60,34,359.264,357.674
147,12,60,35,198.539,133.86
147,12,60,36,337.145,215.408
147,12,60,37,440.682,335.442
147,12,60,38,28.1182,120.955
147,12,60,39,378.822,152.603
147,12,60,40,278.108,168.226
147,12,60,41,52.1496,305.242
147,12,60,42,89.6618,448.628
147,12,60,43,293.326,452.045
147,12,60,44,209.375,413.616
147,12,60,45,368.809,394.138
147,12,60,46,384.138,422.441
147,12,60,47,16.1826,477.466
147,12,60,48,323.867,178.33
147,12,60,49,169.047,437.209
147,12,60,50,265.782,100.689
147,12,60,51,115.434,406.752
147,12,60,52,484.547,78.9497
147,12,60,53,430.298,382.971
147,12,60,54,495.307,4.72247
147,12,60,55,343.808,255.331
147,12,60,56,43.6689,29.107
147,12,60,57,409.06,487.934
147,12,60,58,445.141,87.422
147,12,60,59,66.2491,371.233
148,12,60,0,409.732,102.987
148,12,60,1,355.995,473.609
148,12,60,2,261.505,305.3
148,12,60,3,315.509,93.087
148,12,60,4,39.4942,245.69
148,12,60,5,379.506,364.899
148,12,60,6,455.74,177.799
148,12,60,7,126.819,455.014
148,12,60,8,68.5976,205.459
148,12,60,9,89.7508,315.675
148,12,60,10,216.476,325.541
148,12,60,11,18.8302,53.5854
148,12,60,12,316.859,389.796
148,12,60,13,78.1715,235.171
148,12,60,14,112.851,293.557
148,12,60,15,194.121,287.901
148,12,60,16,338.906,217.562
148,12,60,17,441.29,434.174
148,12,60,18,148.986,261.818
148,12,60,19,226.574,31.2382
148,12,60,20,468.696,443.526
148,12,60,21,385.913,66.0697
148,12,60,22,426.442,278.587
148,12,60,23,299.605,369.383
148,12,60,24,479.326,46.364
148,12,60,25,189.426,357.111
148,12,60,26,53.9047,197.472
148,12,60,27,202.671,70.0364
148,12,60,28,160.913,393.078
148,12,60,29,174.754,162.353
148,12,60,30,224.524,10.7319
148,12,60,31,152.106,122.877
148,12,60,32,252.017,75.7267
148,12,60,33,422.002,40.7881
148,12,60,34,6.56458,425.937
148,12,60,35,244.749,404.792
148,12,60,36,276.583,414.1
148,12,60,37,106.559,231.156
148,12,60,38,99.1483,211.681
148,12,60,39,61.3729,190.866
148,12,60,40,233.768,478.147
148,12,60,41,400.234,146.699
148,12,60,42,179.098,135.404
148,12,60,43,136.855,466.464
148,12,60,44,448.234,324.833
148,12,60,45,14.056,131.853
148,12,60,46,330.917,87.2178
148,12,60,47,395.353,254.161
148,12,60,48,305.207,341.969
148,12,60,49,369.414,494.381
148,12,60,50,49.735,485.621
148,12,60,51,499.729,337.905
148,12,60,52,487.394,375.191
148,12,60,53,286.438,150.417
148,12,60,54,116.709,273.374
148,12,60,55,348.492,114.001
148,12,60,56,267.078,17.6437
148,12,60,57,361.344,417.48
148,12,60,58,463.633,7.03676
148,12,60,59,27.8289,167.25
149,12,60,0,246.233,342.776
149,12,60,1,461.262,238.92
149,12,60,2,184.998,406.243
149,12,60,3,3.80738,156.667
149,12,60,4,204.136,441.054
149,12,60,5,92.0219,35.669
149,12,60,6,321.01,93.5859
149,12,60,7,250.846,432.245
149,12,60,8,358.065,200.296
149,12,60,9,209.707,136.523
149,12,60,10,496.875,197.741
149,12,60,11,124.065,244.965
149,12,60,12,137.421,470.23
149,12,60,13,376.78,455.722
149,12,60,14,77.5139,459.991
149,12,60,15,28.1791,145.787
149,12,60,16,408.671,297.54
149,12,60,17,451.495,67.3723
149,12,60,18,394.726,313.762
149,12,60,19,447.477,261.89
149,12,60,20,374.291,305.729
149,12,60,21,490.052,24.6001
149,12,60,22,385.564,250.604
149,12,60,23,481.676,338.502
149,12,60,24,197.599,12.4809
149,12,60,25,11.1761,442.172
149,12,60,26,176.285,225.03
149,12,60,27,66.1238,159.162
149,12,60,28,24.7468,280.019
149,12,60,29,310.536,382.876
149,12,60,30,152.37,87.94
149,12,60,31,163.266,283.481
149,12,60,32,232.672,8.10877
149,12,60,33,441.382,211.942
149,12,60,34,73.8284,28.5227
149,12,60,35,272.374,370.269
149,12,60,36,58.0283,397.445
149,12,60,37,407.758,388.201
149,12,60,38,86.484,47.3772
149,12,60,39,360.272,120.714
149,12,60,40,109.954,170.988
149,12,60,41,422.156,181.158
149,12,60,42,131.174,187.943
149,12,60,43,305.95,81.9332
149,12,60,44,235.384,356.757
149,12,60,45,286.41,130.027
149,12,60,46,170.58,216.934
149,12,60,47,291.968,331.722
149,12,60,48,348.677,317.039
149,12,60,49,428.616,60.5078
149,12,60,50,277.99,274.952
149,12,60,51,47.7587,419.61
149,12,60,52,106.108,494.899
149,12,60,53,145.623,56.3883
149,12,60,54,334.584,105.588
149,12,60,55,264.635,410.721
149,12,60,56,332.237,479.723
149,12,60,57,472.18,366.239
149,12,60,58,39.6576,489.548
149,12,60,59,221.119,115.071
