PSO EXECUTION
============================
Seed: 10062002
Particles: 20
Relays: 3
Iterations: 20
Backend: Simulation
Network Configuration: 1
Area: 500 x 500
Sink: 0, 0
Simulated Relay range: 155
w: 0.8
c1: 1.7
c2: 1.3

Relay Nodes Positions: 
PARTICLE 1: 
49.93, 43.4972
95.5093, 107.663
41.5378, 97.3489
PARTICLE 2: 
132.473, 36.2076
119.797, 83.3815
115.187, 100.262
PARTICLE 3: 
53.3853, 168.184
56.4776, 46.0881
133.057, 198.044
PARTICLE 4: 
140.949, 7.96899
51.399, 39.6223
90.1916, 31.82
PARTICLE 5: 
124.01, 41.5123
239.689, 99.2014
308.455, 161.623
PARTICLE 6: 
33.4527, 135.099
165.901, 265.555
31.705, 242.515
PARTICLE 7: 
29.2713, 158.171
69.8265, 191.817
130.14, 47.293
PARTICLE 8: 
5.69343, 8.65528
113.846, 109.609
64.5532, 150.475
PARTICLE 9: 
141.639, 115.582
41.4803, 119.615
43.2341, 198.672
PARTICLE 10: 
57.2788, 120.106
183.563, 142.628
2.02582, 46.0551
PARTICLE 11: 
4.7603, 221.901
45.6704, 83.7456
63.5354, 60.8738
PARTICLE 12: 
65.8381, 19.6284
114.033, 124.675
130.389, 120.392
PARTICLE 13: 
82.4287, 75.9346
20.5687, 7.30101
31.4781, 124.119
PARTICLE 14: 
132.358, 22.3351
7.41315, 65.4288
92.4691, 52.0693
PARTICLE 15: 
73.8414, 81.9525
149.09, 102.524
199.297, 22.0603
PARTICLE 16: 
209.117, 38.1063
218.781, 9.99356
83.7734, 33.8715
PARTICLE 17: 
54.5692, 91.301
85.8131, 17.1217
84.2164, 162.7
PARTICLE 18: 
107.12, 131.151
31.6094, 74.1328
71.5031, 49.3155
PARTICLE 19: 
116.049, 231.928
41.4676, 129.025
185.608, 340.312
PARTICLE 20: 
133.411, 48.9793
233.726, 112.059
154.055, 217.603
Nodes Positions: 
305.378, 64.7531
410.147, 385.69
259.419, 48.3467
168.545, 93.7158
387.713, 251.692
466.127, 466.665
44.4024, 495.328
377.514, 100.017
314.735, 443.957
374.356, 51.6537
204.621, 132.628
433.597, 361.534
336.765, 195.475
150.261, 115.102
183.186, 231.849
329.345, 190.745
494.554, 122.367
165.525, 322.066
278.681, 367.571
185.442, 294.612
287, 177.006
1.86936, 163.075
417.675, 41.0331
210.217, 6.93513
447.715, 484.036
130.141, 86.4906
67.4399, 306.536
317.671, 233.515
34.7718, 274.961
483.362, 249.404
292.25, 151.137
54.2765, 9.30332
13.801, 216.683
243.919, 264.48
229.356, 332.797
271.787, 31.295
365.788, 67.0967
22.4757, 148.238
137.869, 216.385
401.426, 467.42
28.1303, 139.783
398.104, 451.518
89.2183, 351.359
101.196, 430.152
353.134, 475.606
342.254, 398.149
217.905, 283.939
467.256, 419.703
426.705, 167.905
82.1397, 435.409
233.619, 375.969
61.0404, 347.438
119.13, 341.412
146.068, 278.838
450.294, 204.711
195.579, 23.7374
114.612, 75.9382
478.637, 409.781
252.832, 308.581
94.0071, 400.188
All particles start with velocity zero
-- ITERATION 0 --
-------------
Particle: 1:
Relays Coordinates:
49.93, 43.4972
95.5093, 107.663
41.5378, 97.3489
Evaluation Time: 1.27954 seconds
Resulting Fitness: 0.233333
New local best!
New global best!
-------------
Particle: 2:
Relays Coordinates:
132.473, 36.2076
119.797, 83.3815
115.187, 100.262
Evaluation Time: 1.2731 seconds
Resulting Fitness: 0.266667
New local best!
New global best!
-------------
Particle: 3:
Relays Coordinates:
53.3853, 168.184
56.4776, 46.0881
133.057, 198.044
Evaluation Time: 1.59075 seconds
Resulting Fitness: 0.4
New local best!
New global best!
-------------
Particle: 4:
Relays Coordinates:
140.949, 7.96899
51.399, 39.6223
90.1916, 31.82
Evaluation Time: 1.23413 seconds
Resulting Fitness: 0.216667
New local best!
-------------
Particle: 5:
Relays Coordinates:
124.01, 41.5123
239.689, 99.2014
308.455, 161.623
Evaluation Time: 2.11295 seconds
Resulting Fitness: 0.491667
New local best!
New global best!
-------------
Particle: 6:
Relays Coordinates:
33.4527, 135.099
165.901, 265.555
31.705, 242.515
Evaluation Time: 1.75438 seconds
Resulting Fitness: 0.483333
New local best!
-------------
Particle: 7:
Relays Coordinates:
29.2713, 158.171
69.8265, 191.817
130.14, 47.293
Evaluation Time: 1.58922 seconds
Resulting Fitness: 0.361111
New local best!
-------------
Particle: 8:
Relays Coordinates:
5.69343, 8.65528
113.846, 109.609
64.5532, 150.475
Evaluation Time: 1.43436 seconds
Resulting Fitness: 0.294444
New local best!
-------------
Particle: 9:
Relays Coordinates:
141.639, 115.582
41.4803, 119.615
43.2341, 198.672
Evaluation Time: 1.79862 seconds
Resulting Fitness: 0.375
New local best!
-------------
Particle: 10:
Relays Coordinates:
57.2788, 120.106
183.563, 142.628
2.02582, 46.0551
Evaluation Time: 1.93835 seconds
Resulting Fitness: 0.413889
New local best!
-------------
Particle: 11:
Relays Coordinates:
4.7603, 221.901
45.6704, 83.7456
63.5354, 60.8738
Evaluation Time: 1.35917 seconds
Resulting Fitness: 0.302778
New local best!
-------------
Particle: 12:
Relays Coordinates:
65.8381, 19.6284
114.033, 124.675
130.389, 120.392
Evaluation Time: 1.56452 seconds
Resulting Fitness: 0.280556
New local best!
-------------
Particle: 13:
Relays Coordinates:
82.4287, 75.9346
20.5687, 7.30101
31.4781, 124.119
Evaluation Time: 1.21935 seconds
Resulting Fitness: 0.233333
New local best!
-------------
Particle: 14:
Relays Coordinates:
132.358, 22.3351
7.41315, 65.4288
92.4691, 52.0693
Evaluation Time: 1.3674 seconds
Resulting Fitness: 0.236111
New local best!
-------------
Particle: 15:
Relays Coordinates:
73.8414, 81.9525
149.09, 102.524
199.297, 22.0603
Evaluation Time: 1.51492 seconds
Resulting Fitness: 0.308333
New local best!
-------------
Particle: 16:
Relays Coordinates:
209.117, 38.1063
218.781, 9.99356
83.7734, 33.8715
Evaluation Time: 1.34593 seconds
Resulting Fitness: 0.275
New local best!
-------------
Particle: 17:
Relays Coordinates:
54.5692, 91.301
85.8131, 17.1217
84.2164, 162.7
Evaluation Time: 1.46987 seconds
Resulting Fitness: 0.291667
New local best!
-------------
Particle: 18:
Relays Coordinates:
107.12, 131.151
31.6094, 74.1328
71.5031, 49.3155
Evaluation Time: 1.29501 seconds
Resulting Fitness: 0.261111
New local best!
-------------
Particle: 19:
Relays Coordinates:
116.049, 231.928
41.4676, 129.025
185.608, 340.312
Evaluation Time: 1.6928 seconds
Resulting Fitness: 0.488889
New local best!
-------------
Particle: 20:
Relays Coordinates:
133.411, 48.9793
233.726, 112.059
154.055, 217.603
Evaluation Time: 1.90391 seconds
Resulting Fitness: 0.575
New local best!
New global best!
Current global best fitness: 0.575
Current global best relays: 133.411, 48.9793
233.726, 112.059
154.055, 217.603
Particle 1 new velocities: 29.411, 5.13054
150.298, 2.43753
53.8767, 53.9114
Particle 2 new velocities: 0.255373, 6.13938
26.3213, 4.15983
40.2051, 137.252
Particle 3 new velocities: 11.8617, -152.971
190.455, 19.7694
18.9091, 23.1274
Particle 4 new velocities: -3.97702, 2.91961
148.267, 87.5366
17.8789, 2.84001
Particle 5 new velocities: 5.69588, 5.07628
-1.47907, 12.9633
-55.1633, 54.9824
Particle 6 new velocities: 37.39, -88.8645
60.2528, -174.6
44.3948, -6.23783
Particle 7 new velocities: 34.2554, -47.7349
36.8997, -92.9579
6.49042, 133.295
Particle 8 new velocities: 42.9173, 16.2644
78.165, 1.79842
88.8352, 75.8157
Particle 9 new velocities: -8.18183, -47.0219
223.401, -8.45541
141.027, 3.58435
Particle 10 new velocities: 55.0642, -15.8037
42.4557, -15.6194
133.228, 104.358
Particle 11 new velocities: 102.96, -113.451
235.333, 2.57556
12.2251, 73.7454
Particle 12 new velocities: 12.8679, 30.5733
17.8901, -2.45515
25.8306, 56.6062
Particle 13 new velocities: 56.2424, -5.97142
4.27417, 97.8981
104.233, 84.1389
Particle 14 new velocities: 1.22475, 8.2276
235.396, 17.4027
73.5476, 85.3639
Particle 15 new velocities: 52.0886, -0.0679596
39.8014, 2.90533
-32.7189, 55.487
Particle 16 new velocities: -93.0656, 6.78396
15.277, 47.4794
3.34801, 98.0697
Particle 17 new velocities: 57.0028, -3.62481
94.2104, 60.6563
55.497, 43.6781
Particle 18 new velocities: 29.6727, -89.6073
148.215, 40.8829
97.1763, 73.2841
Particle 19 new velocities: 4.48866, -132.286
213.893, -4.20635
-30.5041, -12.4663
Particle 20 new velocities: 0, 0
0, 0
0, 0
-- ITERATION 1 --
-------------
Particle: 1:
Relays Coordinates:
71.4069, 43.7649
221.227, 99.0901
85.873, 136.134
Evaluation Time: 1.65266 seconds
Resulting Fitness: 0.422222
New local best!
-------------
Particle: 2:
Relays Coordinates:
132.728, 42.3469
146.119, 87.5413
155.392, 237.514
Evaluation Time: 1.8242 seconds
Resulting Fitness: 0.494444
New local best!
-------------
Particle: 3:
Relays Coordinates:
52.8501, 12.3223
200.015, 53.3446
123.092, 179.148
Evaluation Time: 1.74956 seconds
Resulting Fitness: 0.419444
New local best!
-------------
Particle: 4:
Relays Coordinates:
136.972, 10.8886
199.666, 127.159
108.07, 34.6601
Evaluation Time: 1.53258 seconds
Resulting Fitness: 0.377778
New local best!
-------------
Particle: 5:
Relays Coordinates:
129.706, 46.5886
238.21, 112.165
253.292, 216.606
Evaluation Time: 1.85328 seconds
Resulting Fitness: 0.522222
New local best!
-------------
Particle: 6:
Relays Coordinates:
57.3826, 37.4495
183.185, 73.6737
61.6408, 191.384
Evaluation Time: 1.55909 seconds
Resulting Fitness: 0.394444
-------------
Particle: 7:
Relays Coordinates:
63.5267, 110.436
106.726, 98.8587
136.63, 180.588
Evaluation Time: 1.65637 seconds
Resulting Fitness: 0.388889
New local best!
-------------
Particle: 8:
Relays Coordinates:
43.7496, 22.4277
172.81, 100.267
138.05, 203.662
Evaluation Time: 1.70932 seconds
Resulting Fitness: 0.480556
New local best!
-------------
Particle: 9:
Relays Coordinates:
133.458, 68.5597
264.881, 111.16
184.261, 202.256
Evaluation Time: 1.79513 seconds
Resulting Fitness: 0.511111
New local best!
-------------
Particle: 10:
Relays Coordinates:
112.343, 104.302
226.018, 127.009
135.254, 150.413
Evaluation Time: 1.71561 seconds
Resulting Fitness: 0.452778
New local best!
-------------
Particle: 11:
Relays Coordinates:
87.2533, 87.8447
227.613, 69.9202
61.3661, 109.042
Evaluation Time: 1.49481 seconds
Resulting Fitness: 0.361111
New local best!
-------------
Particle: 12:
Relays Coordinates:
78.7059, 50.2016
131.923, 122.22
156.219, 176.998
Evaluation Time: 1.64137 seconds
Resulting Fitness: 0.4
New local best!
-------------
Particle: 13:
Relays Coordinates:
138.671, 69.9632
24.8429, 105.199
135.712, 208.257
Evaluation Time: 1.74333 seconds
Resulting Fitness: 0.466667
New local best!
-------------
Particle: 14:
Relays Coordinates:
133.582, 30.5627
242.809, 82.8315
166.017, 137.433
Evaluation Time: 1.55707 seconds
Resulting Fitness: 0.425
New local best!
-------------
Particle: 15:
Relays Coordinates:
125.93, 81.8845
188.891, 105.429
166.578, 77.5473
Evaluation Time: 1.42206 seconds
Resulting Fitness: 0.311111
New local best!
-------------
Particle: 16:
Relays Coordinates:
116.052, 44.8903
234.058, 57.4729
87.1214, 131.941
Evaluation Time: 1.55222 seconds
Resulting Fitness: 0.391667
New local best!
-------------
Particle: 17:
Relays Coordinates:
111.572, 87.6762
180.024, 77.778
139.713, 206.378
Evaluation Time: 1.60043 seconds
Resulting Fitness: 0.5
New local best!
-------------
Particle: 18:
Relays Coordinates:
136.792, 41.5436
179.825, 115.016
168.679, 122.6
Evaluation Time: 1.43818 seconds
Resulting Fitness: 0.322222
New local best!
-------------
Particle: 19:
Relays Coordinates:
79.0851, 65.3751
167.542, 81.8935
101.764, 215.1
Evaluation Time: 1.70476 seconds
Resulting Fitness: 0.455556
-------------
Particle: 20:
Relays Coordinates:
133.411, 48.9793
233.726, 112.059
154.055, 217.603
Evaluation Time: 1.86658 seconds
Resulting Fitness: 0.575
Current global best fitness: 0.575
Current global best relays: 133.411, 48.9793
233.726, 112.059
154.055, 217.603
Particle 1 new velocities: 100.255, 4.324
133.133, 4.9779
55.9458, 73.6265
Particle 2 new velocities: 0.519396, 8.46418
73.2203, 15.2996
31.0546, 106.14
Particle 3 new velocities: 16.8589, -107.293
195.424, 24.8948
31.4172, 28.351
Particle 4 new velocities: -4.47253, 8.18208
121.947, 68.3375
19.2206, 158.88
Particle 5 new velocities: 7.58768, 4.28416
-4.90396, 10.3104
-45.7025, 44.5703
Particle 6 new velocities: 68.3045, -69.0649
58.0949, -40.9061
87.3703, 34.8457
Particle 7 new velocities: 66.1075, -46.8674
51.5597, -73.0146
23.6436, 145.798
Particle 8 new velocities: 140.738, 15.3124
112.956, 2.80304
86.0735, 63.5941
Particle 9 new velocities: -6.5762, -53.734
173.056, -5.94148
106.199, 17.8534
Particle 10 new velocities: 64.2031, -36.1149
39.0722, -13.5697
108.988, 101.822
Particle 11 new velocities: 132.438, -100.511
189.004, 30.0589
81.7893, 196.132
Particle 12 new velocities: 66.1008, 23.5351
15.2755, -13.7601
19.6007, 57.4473
Particle 13 new velocities: 44.3521, -13.037
165.03, 85.5999
106.672, 76.6196
Particle 14 new velocities: 0.850142, 18.6646
182.946, 19.5859
45.4626, 71.3412
Particle 15 new velocities: 42.6653, -32.5815
56.18, 4.7632
-29.8897, 166.369
Particle 16 new velocities: -66.4545, 9.32216
12.08, 74.5648
19.8645, 167.547
Particle 17 new velocities: 59.1927, -10.2992
75.8133, 78.3732
59.5482, 48.7782
Particle 18 new velocities: 21.6328, -69.665
182.992, 29.9804
62.0419, 102.632
Particle 19 new velocities: 82.2374, 18.7785
191.618, 35.4263
9.03051, 151.328
Particle 20 new velocities: 0, 0
0, 0
0, 0
-- ITERATION 2 --
-------------
Particle: 1:
Relays Coordinates:
139.046, 38.952
287.031, 84.295
114.873, 169.906
Evaluation Time: 1.7377 seconds
Resulting Fitness: 0.511111
New local best!
-------------
Particle: 2:
Relays Coordinates:
78.6815, 30.0035
129.517, 60.7265
110.095, 202.924
Evaluation Time: 1.79539 seconds
Resulting Fitness: 0.425
-------------
Particle: 3:
Relays Coordinates:
37.0462, 0
210.153, 41.5796
82.1128, 110.274
Evaluation Time: 1.7196 seconds
Resulting Fitness: 0.325
-------------
Particle: 4:
Relays Coordinates:
96.5919, 13.9025
234.456, 142.517
92.7952, 141.091
Evaluation Time: 1.98633 seconds
Resulting Fitness: 0.463889
New local best!
-------------
Particle: 5:
Relays Coordinates:
137.294, 50.8727
233.306, 122.475
207.59, 261.176
Evaluation Time: 1.96059 seconds
Resulting Fitness: 0.569444
New local best!
-------------
Particle: 6:
Relays Coordinates:
82.4633, 0
158.304, 21.4988
97.7662, 148.429
Evaluation Time: 1.5616 seconds
Resulting Fitness: 0.325
-------------
Particle: 7:
Relays Coordinates:
68.8929, 33.7831
84.1196, 13.7346
85.1761, 173.455
Evaluation Time: 1.51985 seconds
Resulting Fitness: 0.294444
-------------
Particle: 8:
Relays Coordinates:
149.435, 30.5695
231.47, 83.4866
181.54, 216.477
Evaluation Time: 1.92972 seconds
Resulting Fitness: 0.497222
New local best!
-------------
Particle: 9:
Relays Coordinates:
74.9221, 8.75442
258.597, 62.1305
171.514, 129.973
Evaluation Time: 1.70859 seconds
Resulting Fitness: 0.411111
-------------
Particle: 10:
Relays Coordinates:
143.002, 55.2318
214.723, 91.8856
197.836, 204.31
Evaluation Time: 2.07936 seconds
Resulting Fitness: 0.472222
New local best!
-------------
Particle: 11:
Relays Coordinates:
105.078, 0
199.267, 47.8197
68.4708, 145.964
Evaluation Time: 1.69092 seconds
Resulting Fitness: 0.355556
-------------
Particle: 12:
Relays Coordinates:
130.326, 66.363
132.479, 97.6138
158.238, 211.001
Evaluation Time: 1.98597 seconds
Resulting Fitness: 0.483333
New local best!
-------------
Particle: 13:
Relays Coordinates:
133.424, 41.4992
138.417, 139.092
176.698, 207.675
Evaluation Time: 1.93728 seconds
Resulting Fitness: 0.508333
New local best!
-------------
Particle: 14:
Relays Coordinates:
79.381, 29.0682
251.404, 60.4765
124.876, 123.279
Evaluation Time: 1.73006 seconds
Resulting Fitness: 0.386111
-------------
Particle: 15:
Relays Coordinates:
136.562, 39.9354
198.508, 89.256
110.718, 197.573
Evaluation Time: 1.94301 seconds
Resulting Fitness: 0.475
New local best!
-------------
Particle: 16:
Relays Coordinates:
32.5406, 35.5688
161.491, 86.6299
70.1934, 196.494
Evaluation Time: 1.8376 seconds
Resulting Fitness: 0.405556
New local best!
-------------
Particle: 17:
Relays Coordinates:
138.319, 62.6754
207.228, 126.482
161.402, 206.676
Evaluation Time: 2.12623 seconds
Resulting Fitness: 0.511111
New local best!
-------------
Particle: 18:
Relays Coordinates:
93.5484, 0
214.239, 85.6188
136.239, 132.997
Evaluation Time: 2.12472 seconds
Resulting Fitness: 0.377778
New local best!
-------------
Particle: 19:
Relays Coordinates:
85.7334, 44.7226
190.873, 62.3485
58.8806, 194.735
Evaluation Time: 1.93032 seconds
Resulting Fitness: 0.397222
-------------
Particle: 20:
Relays Coordinates:
133.411, 48.9793
233.726, 112.059
154.055, 217.603
Evaluation Time: 2.13801 seconds
Resulting Fitness: 0.575
Current global best fitness: 0.575
Current global best relays: 133.411, 48.9793
233.726, 112.059
154.055, 217.603
Particle 1 new velocities: 73.6529, 7.63435
57.0086, 4.93631
67.8078, 71.177
Particle 2 new velocities: 118.509, 26.1466
187.175, 49.2591
45.7602, 125.469
Particle 3 new velocities: 85.5938, 42.084
163.989, 101.465
86.4087, 169.5
Particle 4 new velocities: 1.36349, 35.9913
97.0106, 17.4157
61.4671, 134.044
Particle 5 new velocities: 1.30381, 1.20746
-3.43619, -3.66732
-78.13, 12.8763
Particle 6 new velocities: 22.3992, 75.9017
108.034, 410.763
73.6354, 192.64
Particle 7 new velocities: 108.051, 28.8835
88.6823, 48.4108
92.097, 151.044
Particle 8 new velocities: 98.2816, 32.392
90.7749, 22.7447
67.4974, 51.9287
Particle 9 new velocities: 119.382, 17.806
126.301, 17.1055
85.4945, 155.141
Particle 10 new velocities: 40.1053, -36.0061
40.9693, 14.4197
57.2837, 97.6298
Particle 11 new velocities: 88.8943, 121.421
206.275, 126.701
131.202, 221.41
Particle 12 new velocities: 54.4113, 13.1804
95.9087, -0.506964
10.4003, 49.0709
Particle 13 new velocities: 35.468, -9.82254
237.436, 54.0222
62.6339, 70.5604
Particle 14 new velocities: 124.112, 38.5641
130.7, 100.796
93.5666, 150.517
Particle 15 new velocities: 33.5846, -22.2258
65.9831, 14.3253
-21.0905, 142.569
Particle 16 new velocities: 52.4771, 18.6741
29.7463, 89.7622
76.808, 144.204
Particle 17 new velocities: 41.1008, -16.1795
85.9891, 57.4187
42.7173, 50.0464
Particle 18 new velocities: 60.1909, 33.6038
156.739, 42.6935
56.8158, 144.964
Particle 19 new velocities: 149.274, 282.361
-29.6118, 55.1921
182.353, 147.358
Particle 20 new velocities: 0, 0
0, 0
0, 0
-- ITERATION 3 --
-------------
Particle: 1:
Relays Coordinates:
139.552, 30.5653
225.725, 58.5447
119.857, 158.175
Evaluation Time: 1.83878 seconds
Resulting Fitness: 0.425
-------------
Particle: 2:
Relays Coordinates:
104.795, 29.8404
168.304, 58.4509
82.8279, 174.522
Evaluation Time: 1.92119 seconds
Resulting Fitness: 0.341667
-------------
Particle: 3:
Relays Coordinates:
72.4177, 24.8502
220.927, 84.4662
99.5102, 165.204
Evaluation Time: 1.64889 seconds
Resulting Fitness: 0.427778
New local best!
-------------
Particle: 4:
Relays Coordinates:
64.2685, 32.7353
217.475, 104.932
101.211, 180.516
Evaluation Time: 1.82532 seconds
Resulting Fitness: 0.447222
-------------
Particle: 5:
Relays Coordinates:
112.264, 42.1849
186.194, 96.2343
104.862, 221.982
Evaluation Time: 1.82242 seconds
Resulting Fitness: 0.480556
-------------
Particle: 6:
Relays Coordinates:
55.7282, 40.3373
141.543, 229.722
91.0898, 181.258
Evaluation Time: 1.77376 seconds
Resulting Fitness: 0.438889
-------------
Particle: 7:
Relays Coordinates:
104.484, 37.004
102.038, 36.6963
104.678, 191.614
Evaluation Time: 1.72165 seconds
Resulting Fitness: 0.394444
New local best!
-------------
Particle: 8:
Relays Coordinates:
146.274, 37.1781
190.282, 62.7285
147.054, 158.491
Evaluation Time: 1.96778 seconds
Resulting Fitness: 0.397222
-------------
Particle: 9:
Relays Coordinates:
114.734, 15.6837
227.279, 46.7881
151.761, 168.357
Evaluation Time: 1.84816 seconds
Resulting Fitness: 0.45
-------------
Particle: 10:
Relays Coordinates:
133.485, 14.0155
186.4, 77.4966
185.982, 220.114
Evaluation Time: 1.85848 seconds
Resulting Fitness: 0.491667
New local best!
-------------
Particle: 11:
Relays Coordinates:
114.539, 71.6977
239.468, 103.053
117.905, 216.931
Evaluation Time: 1.89917 seconds
Resulting Fitness: 0.577778
New local best!
New global best!
-------------
Particle: 12:
Relays Coordinates:
134.673, 57.9872
166.494, 70.7909
122.937, 189.592
Evaluation Time: 1.91137 seconds
Resulting Fitness: 0.444444
-------------
Particle: 13:
Relays Coordinates:
99.729, 18.7048
221.938, 114.032
141.323, 164.295
Evaluation Time: 2.00631 seconds
Resulting Fitness: 0.469444
-------------
Particle: 14:
Relays Coordinates:
133.512, 44.3736
250.698, 105.811
143.32, 179.638
Evaluation Time: 2.04084 seconds
Resulting Fitness: 0.519444
New local best!
-------------
Particle: 15:
Relays Coordinates:
81.3807, 8.47046
126.505, 49.5426
42.8684, 162.689
Evaluation Time: 1.51969 seconds
Resulting Fitness: 0.316667
-------------
Particle: 16:
Relays Coordinates:
76.516, 48.8187
172.114, 158.753
132.301, 306.628
Evaluation Time: 1.9525 seconds
Resulting Fitness: 0.577778
New local best!
-------------
Particle: 17:
Relays Coordinates:
145.33, 37.6617
237.506, 148.96
165.337, 207.945
Evaluation Time: 1.8972 seconds
Resulting Fitness: 0.522222
New local best!
-------------
Particle: 18:
Relays Coordinates:
90.7815, 19.8427
219.059, 75.7671
113.997, 164.133
Evaluation Time: 1.86518 seconds
Resulting Fitness: 0.461111
New local best!
-------------
Particle: 19:
Relays Coordinates:
154.188, 214.599
105.803, 77.1184
158.273, 224.447
Evaluation Time: 1.72623 seconds
Resulting Fitness: 0.475
-------------
Particle: 20:
Relays Coordinates:
133.411, 48.9793
233.726, 112.059
154.055, 217.603
Evaluation Time: 2.04864 seconds
Resulting Fitness: 0.575
Current global best fitness: 0.577778
Current global best relays: 114.539, 71.6977
239.468, 103.053
117.905, 216.931
Particle 1 new velocities: 43.9672, 38.5239
90.2152, 29.5963
52.4603, 145.447
Particle 2 new velocities: 118.881, 32.1843
204.989, 72.996
142.496, 134.109
Particle 3 new velocities: 74.8324, 42.7939
151.965, 98.7913
79.935, 165.073
Particle 4 new velocities: 87.8648, 16.6415
104.106, 47.4392
43.0439, 113.088
Particle 5 new velocities: 43.7913, 16.5426
58.3149, 40.9666
-29.2057, 19.7181
Particle 6 new velocities: 51.3134, 214.412
114.39, 276.213
67.8925, 177.05
Particle 7 new velocities: 97.9213, 30.9987
155.184, 91.9712
86.6002, 151.491
Particle 8 new velocities: 44.9826, 45.9906
160.41, 56.24
52.6786, 121.885
Particle 9 new velocities: 105.791, 105.344
166.425, 82.9907
54.3174, 166.917
Particle 10 new velocities: 20.4376, -13.1973
67.1272, 30.4676
20.9899, 75.28
Particle 11 new velocities: 71.1155, 97.1365
165.02, 101.361
104.962, 177.128
Particle 12 new velocities: 15.4612, 23.041
134.745, 53.7379
11.7008, 79.7131
Particle 13 new velocities: 64.8457, 39.9483
151.318, 70.2559
60.3809, 159.641
Particle 14 new velocities: 88.3629, 65.9692
102.999, 78.9556
58.1176, 129.791
Particle 15 new velocities: 126.439, 62.5192
222.779, 33.6813
73.0927, 165.935
Particle 16 new velocities: 69.8832, 40.294
92.8736, 17.6288
46.613, 68.8251
Particle 17 new velocities: -6.27339, 6.25997
71.2229, -5.51455
-21.2506, 46.143
Particle 18 new velocities: 64.9451, 93.1405
131.635, 36.6294
47.5973, 119.733
Particle 19 new velocities: 40.9138, 188.059
5.3435, 98.4813
124.895, 280.786
Particle 20 new velocities: -12.6448, 13.4893
6.62944, -0.822923
-37.8294, -0.342459
-- ITERATION 4 --
-------------
Particle: 1:
Relays Coordinates:
120.407, 45.3295
207.288, 57.8293
113.057, 199.206
Evaluation Time: 1.67759 seconds
Resulting Fitness: 0.463889
-------------
Particle: 2:
Relays Coordinates:
146.754, 40.6944
244.917, 86.2423
147.835, 202.493
Evaluation Time: 1.87657 seconds
Resulting Fitness: 0.536111
New local best!
-------------
Particle: 3:
Relays Coordinates:
86.9497, 39.9431
220.189, 108.212
105.961, 195.025
Evaluation Time: 1.75657 seconds
Resulting Fitness: 0.525
New local best!
-------------
Particle: 4:
Relays Coordinates:
99.8147, 32.3961
210.989, 99.9706
94.6459, 192.633
Evaluation Time: 1.7277 seconds
Resulting Fitness: 0.486111
New local best!
-------------
Particle: 5:
Relays Coordinates:
113.764, 42.8124
178.247, 100.019
55.1537, 176.2
Evaluation Time: 1.70063 seconds
Resulting Fitness: 0.355556
-------------
Particle: 6:
Relays Coordinates:
56.8863, 135.384
136.013, 265.721
84.4897, 190.42
Evaluation Time: 1.78937 seconds
Resulting Fitness: 0.436111
-------------
Particle: 7:
Relays Coordinates:
132.798, 44.6165
168.763, 84.4187
125.498, 225.111
Evaluation Time: 1.86153 seconds
Resulting Fitness: 0.5
New local best!
-------------
Particle: 8:
Relays Coordinates:
139.426, 60.63
255.655, 86.728
145.605, 204.394
Evaluation Time: 1.94506 seconds
Resulting Fitness: 0.577778
New local best!
-------------
Particle: 9:
Relays Coordinates:
130.218, 71.4656
232.478, 76.633
121.687, 197.976
Evaluation Time: 2.48372 seconds
Resulting Fitness: 0.536111
New local best!
-------------
Particle: 10:
Relays Coordinates:
112.21, 0.596443
184.821, 78.7059
150.883, 215.343
Evaluation Time: 2.06414 seconds
Resulting Fitness: 0.5
New local best!
-------------
Particle: 11:
Relays Coordinates:
109.627, 99.6949
238.846, 120.704
131.601, 232.688
Evaluation Time: 2.07345 seconds
Resulting Fitness: 0.591667
New local best!
New global best!
-------------
Particle: 12:
Relays Coordinates:
121.609, 65.6328
244.004, 100.868
109.057, 218.137
Evaluation Time: 1.87088 seconds
Resulting Fitness: 0.55
New local best!
-------------
Particle: 13:
Relays Coordinates:
97.1797, 34.634
220.404, 108.82
119.104, 191.281
Evaluation Time: 1.91341 seconds
Resulting Fitness: 0.525
New local best!
-------------
Particle: 14:
Relays Coordinates:
131.015, 65.1563
208.855, 109.103
118.947, 182.714
Evaluation Time: 1.76516 seconds
Resulting Fitness: 0.483333
-------------
Particle: 15:
Relays Coordinates:
110.444, 37.7268
185.624, 44.2286
61.6265, 174.644
Evaluation Time: 1.75546 seconds
Resulting Fitness: 0.344444
-------------
Particle: 16:
Relays Coordinates:
96.0525, 58.4668
173.858, 115.724
117.386, 246.335
Evaluation Time: 1.99006 seconds
Resulting Fitness: 0.511111
-------------
Particle: 17:
Relays Coordinates:
101.372, 32.0189
225.063, 104.572
105.039, 185.23
Evaluation Time: 1.76074 seconds
Resulting Fitness: 0.519444
-------------
Particle: 18:
Relays Coordinates:
113.525, 82.3648
255.656, 81.937
117.802, 206.938
Evaluation Time: 1.97878 seconds
Resulting Fitness: 0.533333
New local best!
-------------
Particle: 19:
Relays Coordinates:
115.206, 237.765
65.631, 103.69
167.208, 295.245
Evaluation Time: 1.7435 seconds
Resulting Fitness: 0.494444
New local best!
-------------
Particle: 20:
Relays Coordinates:
120.766, 62.4685
240.355, 111.236
116.225, 217.26
Evaluation Time: 1.86505 seconds
Resulting Fitness: 0.577778
New local best!
Current global best fitness: 0.591667
Current global best relays: 109.627, 99.6949
238.846, 120.704
131.601, 232.688
Particle 1 new velocities: 51.8532, 51.0487
161.705, 61.6463
65.6511, 100.549
Particle 2 new velocities: 88.4449, 36.7679
159.371, 86.3479
99.5102, 109.683
Particle 3 new velocities: 88.551, 45.9534
143.162, 80.0119
88.4505, 159.665
Particle 4 new velocities: 81.4146, 86.7148
84.1105, 43.858
47.6764, 136.683
Particle 5 new velocities: 70.1304, 59.5482
84.8433, 52.5166
81.1452, 106.055
Particle 6 new velocities: 73.7553, 130.476
247.846, -112.196
36.1418, 233.034
Particle 7 new velocities: 57.0358, 36.8663
201.98, 81.5696
70.4355, 129.446
Particle 8 new velocities: 5.23818, 39.8
109.123, 71.6872
36.6193, 117.544
Particle 9 new velocities: 76.3814, 85.2055
140.798, 109.224
50.1454, 169.054
Particle 10 new velocities: 15.2491, 16.9127
72.1078, 48.2811
-4.60326, 66.1026
Particle 11 new velocities: 56.8924, 77.7092
132.016, 81.0887
83.9695, 141.702
Particle 12 new velocities: 7.8124, 37.5802
102.541, 56.1801
13.1827, 69.2258
Particle 13 new velocities: 68.0568, 34.4997
122.299, 69.6955
58.1272, 152.237
Particle 14 new velocities: 71.6815, 76.405
130.3, 65.7881
68.6, 158.799
Particle 15 new velocities: 121.781, 59.774
202.752, 163.867
159.453, 207.059
Particle 16 new velocities: 68.1701, 58.851
91.5346, 70.6878
44.8757, 136.46
Particle 17 new velocities: 26.4319, 90.8084
76.7935, 30.4801
9.46454, 60.6143
Particle 18 new velocities: 51.2749, 89.302
101.496, 41.2212
43.8126, 111.934
Particle 19 new velocities: 25.9617, 150.021
135.66, 92.3965
68.8762, -64.8758
Particle 20 new velocities: -20.3875, 17.0348
5.00817, 0.5822
-10.93, 17.7819
-- ITERATION 5 --
-------------
Particle: 1:
Relays Coordinates:
125.578, 70.2597
268.996, 87.0977
130.279, 218.522
Evaluation Time: 2.00277 seconds
Resulting Fitness: 0.591667
New local best!
-------------
Particle: 2:
Relays Coordinates:
138.882, 45.7408
238.728, 101.913
146.055, 184.337
Evaluation Time: 1.84012 seconds
Resulting Fitness: 0.538889
New local best!
-------------
Particle: 3:
Relays Coordinates:
103.631, 50.721
214.555, 111.144
114.798, 209.441
Evaluation Time: 1.75291 seconds
Resulting Fitness: 0.541667
New local best!
-------------
Particle: 4:
Relays Coordinates:
118.905, 78.1487
193.615, 94.3659
93.3777, 216.064
Evaluation Time: 1.61588 seconds
Resulting Fitness: 0.480556
-------------
Particle: 5:
Relays Coordinates:
134.059, 74.6209
191.793, 111.199
99.3619, 205.763
Evaluation Time: 1.71581 seconds
Resulting Fitness: 0.469444
-------------
Particle: 6:
Relays Coordinates:
62.4855, 127.16
183.599, 73.4303
57.6977, 202.537
Evaluation Time: 1.45986 seconds
Resulting Fitness: 0.433333
-------------
Particle: 7:
Relays Coordinates:
112.095, 48.1148
218.92, 98.0145
115.697, 209.362
Evaluation Time: 1.68951 seconds
Resulting Fitness: 0.530556
New local best!
-------------
Particle: 8:
Relays Coordinates:
94.9142, 65.8922
239.331, 103.936
119.557, 211.223
Evaluation Time: 1.79012 seconds
Resulting Fitness: 0.575
-------------
Particle: 9:
Relays Coordinates:
121.995, 92.5127
220.416, 109.747
101.465, 216.727
Evaluation Time: 1.6725 seconds
Resulting Fitness: 0.525
-------------
Particle: 10:
Relays Coordinates:
103.242, 14.1824
208.112, 102.859
118.486, 227.971
Evaluation Time: 1.78544 seconds
Resulting Fitness: 0.527778
New local best!
-------------
Particle: 11:
Relays Coordinates:
98.3279, 104.755
218.99, 119.157
127.292, 221.074
Evaluation Time: 1.6877 seconds
Resulting Fitness: 0.566667
-------------
Particle: 12:
Relays Coordinates:
84.9134, 67.718
227.368, 103.039
80.2015, 188.539
Evaluation Time: 1.57862 seconds
Resulting Fitness: 0.516667
-------------
Particle: 13:
Relays Coordinates:
108.412, 45.3587
224.847, 117.124
116.281, 225.382
Evaluation Time: 1.7401 seconds
Resulting Fitness: 0.555556
New local best!
-------------
Particle: 14:
Relays Coordinates:
119.69, 83.5905
200.267, 103.271
110.745, 201.66
Evaluation Time: 1.58398 seconds
Resulting Fitness: 0.494444
-------------
Particle: 15:
Relays Coordinates:
137.127, 57.5732
229.332, 122.878
130.545, 225.392
Evaluation Time: 1.76837 seconds
Resulting Fitness: 0.586111
New local best!
-------------
Particle: 16:
Relays Coordinates:
107.746, 76.9722
174.124, 122.305
106.46, 251.152
Evaluation Time: 1.94127 seconds
Resulting Fitness: 0.522222
-------------
Particle: 17:
Relays Coordinates:
103.522, 99.4901
244.504, 109.392
92.7476, 199.134
Evaluation Time: 1.68875 seconds
Resulting Fitness: 0.55
New local best!
-------------
Particle: 18:
Relays Coordinates:
97.3125, 101.368
210.895, 72.7237
95.4319, 188.291
Evaluation Time: 1.58627 seconds
Resulting Fitness: 0.461111
-------------
Particle: 19:
Relays Coordinates:
75.0222, 206.086
106.975, 104.208
125.465, 122.428
Evaluation Time: 1.4821 seconds
Resulting Fitness: 0.391667
-------------
Particle: 20:
Relays Coordinates:
90.3404, 71.553
220.827, 100.637
94.7658, 211.538
Evaluation Time: 1.79657 seconds
Resulting Fitness: 0.533333
Current global best fitness: 0.591667
Current global best relays: 109.627, 99.6949
238.846, 120.704
131.601, 232.688
Particle 1 new velocities: 32.544, 66.3953
106.861, 62.505
52.5861, 89.9414
Particle 2 new velocities: 63.6038, 42.6915
127.516, 91.3991
70.1293, 131.696
Particle 3 new velocities: 76.5711, 97.0344
118.517, 69.3765
86.2434, 141.026
Particle 4 new velocities: 39.5015, 50.3414
124.497, 64.1437
73.3179, 108.006
Particle 5 new velocities: 60.697, 61.0667
95.8846, 62.3075
147.994, 99.3593
Particle 6 new velocities: 50.7723, 93.7525
205.447, 144.739
37.7533, 247.627
Particle 7 new velocities: 42.9596, 72.6988
179.061, 88.3473
56.956, 118.12
Particle 8 new velocities: 23.5864, 31.4214
87.9938, 59.7563
69.3666, 113.829
Particle 9 new velocities: 63.8145, 55.6921
128.833, 81.2302
76.9873, 151.653
Particle 10 new velocities: 13.501, 103.447
95.2436, 49.1929
4.19615, 55.55
Particle 11 new velocities: 63.0442, 55.1037
120.875, 66.009
70.049, 132.676
Particle 12 new velocities: 30.3594, 32.2901
108.304, 62.5569
47.9351, 127.684
Particle 13 new velocities: 55.9046, 68.1832
100.287, 59.3066
58.0353, 129.992
Particle 14 new velocities: 60.3809, 46.3604
153.33, 71.3539
107.829, 153.668
Particle 15 new velocities: 83.1832, 98.824
165.779, 129.297
128.386, 170.259
Particle 16 new velocities: 17.925, 43.8774
80.4816, 63.0602
69.794, 116.086
Particle 17 new velocities: 26.6163, 72.6893
57.6586, 35.3011
41.238, 83.2239
Particle 18 new velocities: 58.0573, 51.2749
112.223, 71.8787
100.555, 139.419
Particle 19 new velocities: 59.0412, 131.36
136.704, 76.3975
94.1492, 324.164
Particle 20 new velocities: -4.40184, 25.1792
14.5373, 12.1836
8.91214, 30.9837
-- ITERATION 6 --
-------------
Particle: 1:
Relays Coordinates:
103.744, 89.6593
246.6, 98.1543
119.977, 202.383
Evaluation Time: 1.86036 seconds
Resulting Fitness: 0.555556
-------------
Particle: 2:
Relays Coordinates:
132.851, 58.0204
240.293, 126.832
141.838, 207.349
Evaluation Time: 1.83828 seconds
Resulting Fitness: 0.583333
New local best!
-------------
Particle: 3:
Relays Coordinates:
118.231, 96.9423
218.529, 118.44
131.903, 229.941
Evaluation Time: 1.94878 seconds
Resulting Fitness: 0.563889
New local best!
-------------
Particle: 4:
Relays Coordinates:
115.478, 93.6693
231.904, 115.553
121.521, 236.247
Evaluation Time: 1.81828 seconds
Resulting Fitness: 0.594444
New local best!
New global best!
-------------
Particle: 5:
Relays Coordinates:
115.002, 80.1222
169.871, 102.454
146.061, 180.172
Evaluation Time: 1.56144 seconds
Resulting Fitness: 0.430556
-------------
Particle: 6:
Relays Coordinates:
60.1898, 117.402
206.755, 115.944
50.7266, 239.236
Evaluation Time: 1.76398 seconds
Resulting Fitness: 0.511111
New local best!
-------------
Particle: 7:
Relays Coordinates:
91.5582, 71.3392
235.004, 110.045
101.95, 193.375
Evaluation Time: 1.87074 seconds
Resulting Fitness: 0.555556
New local best!
-------------
Particle: 8:
Relays Coordinates:
77.7482, 63.8475
214.758, 107.399
123.953, 213.267
Evaluation Time: 1.92309 seconds
Resulting Fitness: 0.536111
-------------
Particle: 9:
Relays Coordinates:
109.719, 87.5135
206.228, 112.77
105.375, 217.525
Evaluation Time: 1.78719 seconds
Resulting Fitness: 0.527778
-------------
Particle: 10:
Relays Coordinates:
94.5616, 95.2797
245.718, 123.162
99.3727, 229.652
Evaluation Time: 1.92072 seconds
Resulting Fitness: 0.561111
New local best!
-------------
Particle: 11:
Relays Coordinates:
105.876, 104.884
222.986, 121.487
129.475, 232.095
Evaluation Time: 2.09424 seconds
Resulting Fitness: 0.580556
-------------
Particle: 12:
Relays Coordinates:
75.6305, 65.6153
220.235, 108.648
84.0704, 207.474
Evaluation Time: 1.6972 seconds
Resulting Fitness: 0.536111
-------------
Particle: 13:
Relays Coordinates:
107.808, 74.4948
213.321, 115.756
114.369, 233.161
Evaluation Time: 1.92182 seconds
Resulting Fitness: 0.555556
-------------
Particle: 14:
Relays Coordinates:
118.145, 85.2608
231.995, 114.572
143.406, 233.13
Evaluation Time: 1.8484 seconds
Resulting Fitness: 0.591667
New local best!
-------------
Particle: 15:
Relays Coordinates:
117.082, 83.1159
209.978, 134.016
137.607, 210.265
Evaluation Time: 1.75428 seconds
Resulting Fitness: 0.55
-------------
Particle: 16:
Relays Coordinates:
91.6145, 88.0993
185.608, 135.131
128.489, 267.716
Evaluation Time: 1.94722 seconds
Resulting Fitness: 0.555556
-------------
Particle: 17:
Relays Coordinates:
85.3835, 112.967
198.249, 94.9331
87.9079, 185.255
Evaluation Time: 1.59824 seconds
Resulting Fitness: 0.425
-------------
Particle: 18:
Relays Coordinates:
101.938, 100.149
211.997, 94.8736
128.587, 215.011
Evaluation Time: 1.82789 seconds
Resulting Fitness: 0.544444
New local best!
-------------
Particle: 19:
Relays Coordinates:
64.1221, 161.399
116.551, 86.3832
105.041, 213.603
Evaluation Time: 1.52939 seconds
Resulting Fitness: 0.422222
-------------
Particle: 20:
Relays Coordinates:
85.9386, 96.7322
235.365, 112.82
103.678, 242.522
Evaluation Time: 1.8234 seconds
Resulting Fitness: 0.605556
New local best!
New global best!
Current global best fitness: 0.605556
Current global best relays: 85.9386, 96.7322
235.365, 112.82
103.678, 242.522
Particle 1 new velocities: 22.9624, 51.3076
95.6679, 45.2334
26.6338, 111.737
Particle 2 new velocities: -7.6717, 48.7887
96.6115, 60.0332
55.3256, 108.807
Particle 3 new velocities: 33.6795, 77.4066
96.0642, 53.8479
51.4183, 126.069
Particle 4 new velocities: 2.20539, 41.8582
99.9291, 51.2575
58.2889, 90.4221
Particle 5 new velocities: 55.717, 34.8676
119.936, 96.2589
151.643, 149.594
Particle 6 new velocities: 45.5214, 69.9193
179.436, 113.686
58.6158, 198.313
Particle 7 new velocities: 29.2539, 66.1026
143.657, 72.5258
46.4285, 101.518
Particle 8 new velocities: 105.085, 48.3755
140.358, 19.6344
73.2235, 97.7102
Particle 9 new velocities: 83.0837, 37.793
174.951, 15.6986
86.2252, 122.869
Particle 10 new velocities: 3.9353, 83.6185
75.1029, 29.6169
5.76492, 50.9916
Particle 11 new velocities: 30.8768, 37.4647
118.078, 49.8382
42.9033, 107.571
Particle 12 new velocities: 66.4198, 52.9645
123.907, 53.5418
73.1898, 148.31
Particle 13 new velocities: 23.2707, 21.4309
97.074, 46.6158
37.0896, 100.63
Particle 14 new velocities: 37.8046, 39.4176
125.911, 55.5785
39.732, 130.396
Particle 15 new velocities: 53.0868, 71.5977
145.735, 70.1853
94.8017, 180.113
Particle 16 new velocities: -8.9185, 23.2968
105.186, 74.2563
30.0909, 92.7926
Particle 17 new velocities: 31.7634, 32.3114
125.115, 51.5855
35.064, 93.9101
Particle 18 new velocities: 45.9163, 37.7748
115.774, 59.7146
77.6766, 135.553
Particle 19 new velocities: 129.451, 99.0773
182.321, 92.7634
84.5841, 364.376
Particle 20 new velocities: -3.52147, 20.1434
11.6298, 9.7469
7.12972, 24.7869
-- ITERATION 7 --
-------------
Particle: 1:
Relays Coordinates:
83.1318, 92.4884
224.562, 94.0767
96.1917, 206.094
Evaluation Time: 1.87711 seconds
Resulting Fitness: 0.538889
-------------
Particle: 2:
Relays Coordinates:
82.1303, 70.0775
221.043, 122.602
129.359, 207.43
Evaluation Time: 2.05564 seconds
Resulting Fitness: 0.530556
-------------
Particle: 3:
Relays Coordinates:
99.6684, 114.39
206.404, 113.038
120.277, 233.578
Evaluation Time: 2.31736 seconds
Resulting Fitness: 0.547222
-------------
Particle: 4:
Relays Coordinates:
77.2121, 88.9196
217.716, 109.445
117.973, 214.328
Evaluation Time: 1.81403 seconds
Resulting Fitness: 0.563889
-------------
Particle: 5:
Relays Coordinates:
124.454, 83.8275
211.269, 144.862
217.027, 240.4
Evaluation Time: 1.86373 seconds
Resulting Fitness: 0.497222
-------------
Particle: 6:
Relays Coordinates:
56.1793, 99.5502
205.238, 122.035
58.109, 232.531
Evaluation Time: 1.76082 seconds
Resulting Fitness: 0.519444
New local best!
-------------
Particle: 7:
Relays Coordinates:
71.3383, 81.1581
223.595, 107.806
87.6158, 174.131
Evaluation Time: 1.79046 seconds
Resulting Fitness: 0.436111
-------------
Particle: 8:
Relays Coordinates:
119.957, 73.6295
232.991, 83.3464
129.367, 204.032
Evaluation Time: 1.9113 seconds
Resulting Fitness: 0.547222
-------------
Particle: 9:
Relays Coordinates:
126.498, 82.2136
250.092, 84.2882
125.709, 223.332
Evaluation Time: 2.09419 seconds
Resulting Fitness: 0.591667
New local best!
-------------
Particle: 10:
Relays Coordinates:
64.6238, 117.375
210.491, 100.239
68.9808, 184.13
Evaluation Time: 1.7063 seconds
Resulting Fitness: 0.438889
-------------
Particle: 11:
Relays Coordinates:
99.693, 103.772
248.635, 124.896
125.664, 247.616
Evaluation Time: 2.05226 seconds
Resulting Fitness: 0.605556
New local best!
-------------
Particle: 12:
Relays Coordinates:
83.8793, 70.0202
203.212, 95.7713
92.8606, 210.087
Evaluation Time: 1.86432 seconds
Resulting Fitness: 0.480556
-------------
Particle: 13:
Relays Coordinates:
86.0006, 62.9368
203.65, 106.532
99.3721, 219.001
Evaluation Time: 1.84886 seconds
Resulting Fitness: 0.513889
-------------
Particle: 14:
Relays Coordinates:
92.0864, 73.6214
211.34, 100.472
108.141, 214.659
Evaluation Time: 1.82799 seconds
Resulting Fitness: 0.530556
-------------
Particle: 15:
Relays Coordinates:
111.648, 101.508
233.383, 133.977
152.483, 256.127
Evaluation Time: 2.10357 seconds
Resulting Fitness: 0.6
New local best!
-------------
Particle: 16:
Relays Coordinates:
54.2568, 73.087
190.79, 137.379
104.044, 236.53
Evaluation Time: 1.91942 seconds
Resulting Fitness: 0.530556
-------------
Particle: 17:
Relays Coordinates:
85.4001, 105.908
235.732, 106.812
89.6466, 203.512
Evaluation Time: 1.92813 seconds
Resulting Fitness: 0.555556
New local best!
-------------
Particle: 18:
Relays Coordinates:
97.0073, 90.4916
215.051, 101.425
135.329, 230.005
Evaluation Time: 1.72586 seconds
Resulting Fitness: 0.575
New local best!
-------------
Particle: 19:
Relays Coordinates:
83.327, 112.127
128.655, 77.1167
81.6273, 215.234
Evaluation Time: 1.47649 seconds
Resulting Fitness: 0.419444
-------------
Particle: 20:
Relays Coordinates:
74.1754, 105.188
222.295, 110.311
99.7268, 240.578
Evaluation Time: 1.84502 seconds
Resulting Fitness: 0.572222
Current global best fitness: 0.605556
Current global best relays: 85.9386, 96.7322
235.365, 112.82
103.678, 242.522
Particle 1 new velocities: 42.6182, 35.7485
112.746, 33.7783
32.0124, 106.495
Particle 2 new velocities: 41.4729, 47.7065
113.505, 48.0977
51.3916, 108.163
Particle 3 new velocities: 47.7093, 46.9343
97.4946, 51.1719
49.9568, 109.107
Particle 4 new velocities: 48.0786, 34.6302
115.072, 44.1804
33.0592, 85.8411
Particle 5 new velocities: 17.8461, -23.8835
134.877, 13.1878
57.5185, 140.185
Particle 6 new velocities: 45.1277, 55.8899
150.223, 87.0975
50.7339, 170.742
Particle 7 new velocities: 47.821, 49.17
134.673, 66.8913
71.4122, 165.548
Particle 8 new velocities: 85.4083, 47.2546
134.057, 37.432
31.0763, 89.7699
Particle 9 new velocities: 54.2436, 33.4414
121.835, 35.7781
52.3125, 104.485
Particle 10 new velocities: 54.341, 24.8825
113.364, 55.6928
57.9073, 120.805
Particle 11 new velocities: 10.0523, 22.5368
93.0006, 36.8268
16.7406, 79.7386
Particle 12 new velocities: 93.6167, 42.2604
135.373, 47.7451
74.6509, 162.529
Particle 13 new velocities: 37.212, 44.3272
98.5964, 53.291
43.0843, 99.8499
Particle 14 new velocities: 61.6055, 54.3583
118.377, 66.6194
60.0545, 118.272
Particle 15 new velocities: 23.2607, 52.5612
116.637, 48.2685
41.2809, 131.688
Particle 16 new velocities: -2.22256, 1.77082
70.8089, 60.667
39.1694, 137.923
Particle 17 new velocities: 25.493, 14.224
99.8182, 43.3373
29.0715, 113.825
Particle 18 new velocities: 27.9666, 34.4521
117.324, 52.6827
34.6143, 119.49
Particle 19 new velocities: 121.275, 156.725
159.758, 158.557
115.573, 59.8293
Particle 20 new velocities: 10.5102, 2.77257
43.1606, 8.67408
9.96434, 20.87
-- ITERATION 8 --
-------------
Particle: 1:
Relays Coordinates:
91.6718, 93.4847
245.897, 93.2063
93.4608, 227.877
Evaluation Time: 1.97384 seconds
Resulting Fitness: 0.530556
-------------
Particle: 2:
Relays Coordinates:
90.1067, 85.8645
243.885, 124.44
131.767, 230.067
Evaluation Time: 1.95151 seconds
Resulting Fitness: 0.547222
-------------
Particle: 3:
Relays Coordinates:
96.6945, 105.845
199.388, 107.738
111.691, 224.836
Evaluation Time: 1.76285 seconds
Resulting Fitness: 0.516667
-------------
Particle: 4:
Relays Coordinates:
91.3369, 90.0678
242.602, 111.993
110.103, 218.823
Evaluation Time: 1.7486 seconds
Resulting Fitness: 0.572222
-------------
Particle: 5:
Relays Coordinates:
93.363, 39.3293
227.106, 103.696
180.129, 249.702
Evaluation Time: 2.04782 seconds
Resulting Fitness: 0.572222
New local best!
-------------
Particle: 6:
Relays Coordinates:
59.8208, 91.7858
209.896, 123.491
64.2706, 238.129
Evaluation Time: 1.74631 seconds
Resulting Fitness: 0.486111
-------------
Particle: 7:
Relays Coordinates:
70.3624, 76.9574
211.554, 103.157
93.9044, 200.577
Evaluation Time: 1.71357 seconds
Resulting Fitness: 0.511111
-------------
Particle: 8:
Relays Coordinates:
121.266, 71.3808
216.738, 71.3184
94.7404, 173.487
Evaluation Time: 1.60191 seconds
Resulting Fitness: 0.425
-------------
Particle: 9:
Relays Coordinates:
118.584, 75.8812
244.021, 78.7755
116.8, 215.081
Evaluation Time: 1.81173 seconds
Resulting Fitness: 0.561111
-------------
Particle: 10:
Relays Coordinates:
86.7253, 103.706
236.09, 113.674
92.5014, 222.298
Evaluation Time: 1.76387 seconds
Resulting Fitness: 0.561111
-------------
Particle: 11:
Relays Coordinates:
72.0039, 82.8711
224.147, 106.106
93.4318, 214.778
Evaluation Time: 1.72215 seconds
Resulting Fitness: 0.541667
-------------
Particle: 12:
Relays Coordinates:
104.81, 66.3006
199.931, 84.745
98.9139, 220.026
Evaluation Time: 1.69043 seconds
Resulting Fitness: 0.472222
-------------
Particle: 13:
Relays Coordinates:
89.822, 78.1955
220.338, 116.511
103.851, 232.442
Evaluation Time: 1.79167 seconds
Resulting Fitness: 0.555556
-------------
Particle: 14:
Relays Coordinates:
112.041, 93.2972
240.364, 121.81
122.615, 242.707
Evaluation Time: 1.80324 seconds
Resulting Fitness: 0.619444
New local best!
New global best!
-------------
Particle: 15:
Relays Coordinates:
79.6619, 90.9761
206.683, 107.614
114.416, 229.001
Evaluation Time: 1.75544 seconds
Resulting Fitness: 0.547222
-------------
Particle: 16:
Relays Coordinates:
30.7257, 44.2028
154.471, 116.944
84.5662, 221.11
Evaluation Time: 1.69039 seconds
Resulting Fitness: 0.45
-------------
Particle: 17:
Relays Coordinates:
72.757, 78.8186
220.154, 98.513
77.8909, 208.204
Evaluation Time: 1.69664 seconds
Resulting Fitness: 0.536111
-------------
Particle: 18:
Relays Coordinates:
81.9954, 81.9756
218.071, 101.11
111.5, 229.304
Evaluation Time: 1.85275 seconds
Resulting Fitness: 0.569444
-------------
Particle: 19:
Relays Coordinates:
88.0746, 115.732
124.152, 101.45
84.8882, 118.406
Evaluation Time: 1.42236 seconds
Resulting Fitness: 0.269444
-------------
Particle: 20:
Relays Coordinates:
68.5954, 87.448
215.019, 96.3775
88.8499, 211.773
Evaluation Time: 1.69111 seconds
Resulting Fitness: 0.522222
Current global best fitness: 0.619444
Current global best relays: 112.041, 93.2972
240.364, 121.81
122.615, 242.707
Particle 1 new velocities: 86.1391, 9.44531
92.4533, 49.5751
109.079, 90.2435
Particle 2 new velocities: 71.0163, 14.6831
83.6128, 38.1194
37.0538, 55.3255
Particle 3 new velocities: 82.6916, 12.9219
132.579, 60.7458
72.0113, 102.135
Particle 4 new velocities: 68.6522, 33.1056
82.8587, 37.2754
35.926, 111.163
Particle 5 new velocities: 23.669, 27.838
108.539, 32.7353
36.625, 111.258
Particle 6 new velocities: 91.669, 56.7751
115.491, 65.8446
86.6341, 137.034
Particle 7 new velocities: 102.906, 43.8952
143.207, 66.9505
70.328, 139.757
Particle 8 new velocities: 74.5294, 28.6245
175.487, 87.6687
48.6538, 171.116
Particle 9 new velocities: 45.0644, 51.5826
104.8, 51.4051
56.1556, 129.053
Particle 10 new velocities: 50.6125, 2.21494
106.054, 62.8489
79.3578, 114.69
Particle 11 new velocities: 71.6469, 46.1265
99.5509, 47.4056
56.6455, 135.302
Particle 12 new velocities: 105.185, 46.4004
155.412, 82.3931
68.3469, 157.487
Particle 13 new velocities: 48.677, -1.60705
87.683, 44.7389
48.0998, 87.1035
Particle 14 new velocities: 49.2844, 43.4867
94.7018, 53.2955
48.0436, 94.618
Particle 15 new velocities: 68.5657, 54.0783
168.015, 78.5278
93.04, 132.292
Particle 16 new velocities: 107.752, 4.40927
178.837, 96.2129
150.026, 134.761
Particle 17 new velocities: 30.749, 32.0674
119.399, 60.4251
75.1028, 97.1131
Particle 18 new velocities: 70.3905, 41.6471
120.128, 45.5237
73.4275, 106.147
Particle 19 new velocities: 130.817, 240.512
181.819, 129.33
124.93, 335.993
Particle 20 new velocities: 79.0415, 20.0233
75.1449, 51.8159
50.7363, 67.6117
-- ITERATION 9 --
-------------
Particle: 1:
Relays Coordinates:
116.662, 67.5324
221.992, 93.6789
132.886, 208.719
Evaluation Time: 1.71026 seconds
Resulting Fitness: 0.566667
-------------
Particle: 2:
Relays Coordinates:
130.51, 81.4436
265.273, 131.673
136.745, 231.168
Evaluation Time: 1.86376 seconds
Resulting Fitness: 0.583333
-------------
Particle: 3:
Relays Coordinates:
117.695, 77.9231
217.803, 110.542
120.527, 214.525
Evaluation Time: 1.68415 seconds
Resulting Fitness: 0.555556
-------------
Particle: 4:
Relays Coordinates:
116.632, 89.7934
237.261, 108.816
106.455, 240.56
Evaluation Time: 1.79649 seconds
Resulting Fitness: 0.613889
New local best!
-------------
Particle: 5:
Relays Coordinates:
69.1062, 39.6616
198.195, 80.5614
127.991, 213.143
Evaluation Time: 1.71982 seconds
Resulting Fitness: 0.508333
-------------
Particle: 6:
Relays Coordinates:
99.3924, 97.4708
213.487, 124.223
99.0086, 246.144
Evaluation Time: 2.12053 seconds
Resulting Fitness: 0.580556
New local best!
-------------
Particle: 7:
Relays Coordinates:
113.681, 79.2914
232.759, 111.608
107.753, 223.293
Evaluation Time: 1.79721 seconds
Resulting Fitness: 0.580556
New local best!
-------------
Particle: 8:
Relays Coordinates:
115.615, 59.0521
231.605, 93.8803
84.6729, 203.485
Evaluation Time: 1.70318 seconds
Resulting Fitness: 0.541667
-------------
Particle: 9:
Relays Coordinates:
107.37, 83.629
228.861, 85.4115
113.476, 225.786
Evaluation Time: 1.79603 seconds
Resulting Fitness: 0.575
-------------
Particle: 10:
Relays Coordinates:
90.1074, 69.4946
224.481, 115.817
112.757, 221.097
Evaluation Time: 2.00291 seconds
Resulting Fitness: 0.552778
-------------
Particle: 11:
Relays Coordinates:
94.2493, 84.6353
212.378, 100.719
98.4657, 229.687
Evaluation Time: 1.86294 seconds
Resulting Fitness: 0.536111
-------------
Particle: 12:
Relays Coordinates:
111.6, 59.8939
188.844, 88.8241
88.8892, 200.626
Evaluation Time: 1.65801 seconds
Resulting Fitness: 0.455556
-------------
Particle: 13:
Relays Coordinates:
90.8692, 50.2497
202.092, 105.796
99.6947, 209.654
Evaluation Time: 1.74637 seconds
Resulting Fitness: 0.502778
-------------
Particle: 14:
Relays Coordinates:
117.606, 99.7155
244.263, 127.652
124.41, 245.91
Evaluation Time: 1.95152 seconds
Resulting Fitness: 0.591667
-------------
Particle: 15:
Relays Coordinates:
97.2521, 95.1702
245.839, 122.128
136.112, 237.044
Evaluation Time: 1.88325 seconds
Resulting Fitness: 0.588889
-------------
Particle: 16:
Relays Coordinates:
81.7695, 28.7049
196.815, 125.867
138.524, 210.139
Evaluation Time: 1.93772 seconds
Resulting Fitness: 0.519444
-------------
Particle: 17:
Relays Coordinates:
61.1192, 65.477
200.503, 93.8514
90.3413, 180.287
Evaluation Time: 1.71504 seconds
Resulting Fitness: 0.383333
-------------
Particle: 18:
Relays Coordinates:
99.9803, 81.1088
221.893, 96.2066
121.331, 220.09
Evaluation Time: 1.75713 seconds
Resulting Fitness: 0.575
-------------
Particle: 19:
Relays Coordinates:
84.803, 138.016
118.54, 89.4086
81.2878, 176.043
Evaluation Time: 1.47544 seconds
Resulting Fitness: 0.325
-------------
Particle: 20:
Relays Coordinates:
119.586, 87.0517
235.033, 120.037
113.065, 226.301
Evaluation Time: 1.94884 seconds
Resulting Fitness: 0.583333
Current global best fitness: 0.619444
Current global best relays: 112.041, 93.2972
240.364, 121.81
122.615, 242.707
Particle 1 new velocities: 64.4523, 32.4752
143.075, 59.6564
71.3771, 122.119
Particle 2 new velocities: 34.9294, 14.4418
26.0266, 15.1064
14.7339, 18.1204
Particle 3 new velocities: 65.3713, 43.1441
111.828, 68.8028
73.229, 125.62
Particle 4 new velocities: 51.4334, 27.9904
68.7084, 45.9173
47.5619, 91.3951
Particle 5 new velocities: 82.2872, 23.1074
91.064, 77.9815
97.262, 175.505
Particle 6 new velocities: 76.8597, 45.3097
116.222, 51.3215
91.1373, 106.255
Particle 7 new velocities: 82.1318, 37.9999
122.039, 59.8548
70.7156, 116.717
Particle 8 new velocities: 66.8135, 67.4474
184.944, 65.3941
165.57, 167.638
Particle 9 new velocities: 55.0079, 43.6644
103.268, 64.0174
64.1867, 110.924
Particle 10 new velocities: 65.6075, 60.0021
121.761, 61.0467
60.0134, 112.352
Particle 11 new velocities: 68.1488, 64.9189
167.931, 87.9249
72.2272, 121.379
Particle 12 new velocities: 90.3325, 78.8966
194.628, 100.378
93.9052, 185.575
Particle 13 new velocities: 80.0035, 26.6289
116.919, 48.5703
66.8435, 110.204
Particle 14 new velocities: 27.6499, 23.9276
73.0944, 42.0983
37.0556, 71.217
Particle 15 new velocities: 72.0159, 49.9874
109.603, 64.4285
85.5883, 138.992
Particle 16 new velocities: 101.456, 91.2346
185.118, 86.1437
105.997, 149.468
Particle 17 new velocities: 98.6514, 56.3094
117.179, 94.7925
69.9338, 149.888
Particle 18 new velocities: 58.7017, 58.0911
108.966, 58.9766
64.3808, 111.828
Particle 19 new velocities: 177.126, 328.731
213.527, 165.422
283.261, 429.869
Particle 20 new velocities: 54.1801, 27.634
61.6509, 31.5751
31.4395, 77.7435
-- ITERATION 10 --
-------------
Particle: 1:
Relays Coordinates:
118.829, 65.615
239.52, 100.603
134.017, 217.063
Evaluation Time: 1.8417 seconds
Resulting Fitness: 0.594444
New local best!
-------------
Particle: 2:
Relays Coordinates:
134.006, 77.6672
235.953, 118.892
122.698, 201.924
Evaluation Time: 1.87343 seconds
Resulting Fitness: 0.527778
-------------
Particle: 3:
Relays Coordinates:
120.11, 79.4322
216.271, 117.668
127.123, 223.17
Evaluation Time: 2.02735 seconds
Resulting Fitness: 0.572222
New local best!
-------------
Particle: 4:
Relays Coordinates:
110.268, 77.278
200.746, 101.521
101.05, 217.796
Evaluation Time: 1.78107 seconds
Resulting Fitness: 0.5
-------------
Particle: 5:
Relays Coordinates:
89.3963, 37.0645
170.805, 93.618
133.01, 229.492
Evaluation Time: 1.92318 seconds
Resulting Fitness: 0.508333
-------------
Particle: 6:
Relays Coordinates:
115.639, 93.6783
216.322, 115.175
124.755, 231.209
Evaluation Time: 1.84288 seconds
Resulting Fitness: 0.561111
-------------
Particle: 7:
Relays Coordinates:
128.473, 76.9548
232.783, 112.496
117.093, 223.081
Evaluation Time: 1.84742 seconds
Resulting Fitness: 0.575
-------------
Particle: 8:
Relays Coordinates:
107.722, 74.6967
245.968, 94.0499
147.766, 219.144
Evaluation Time: 1.881 seconds
Resulting Fitness: 0.588889
New local best!
-------------
Particle: 9:
Relays Coordinates:
118.373, 92.7969
242.122, 108.934
129.516, 245.462
Evaluation Time: 1.96302 seconds
Resulting Fitness: 0.594444
New local best!
-------------
Particle: 10:
Relays Coordinates:
113.516, 94.4031
252.41, 128.933
125.95, 243.085
Evaluation Time: 1.9119 seconds
Resulting Fitness: 0.605556
New local best!
-------------
Particle: 11:
Relays Coordinates:
106.549, 98.1225
249.521, 123.769
111.992, 230.334
Evaluation Time: 2.01889 seconds
Resulting Fitness: 0.580556
-------------
Particle: 12:
Relays Coordinates:
119.239, 81.9544
226.436, 111.722
107.938, 228.048
Evaluation Time: 1.97321 seconds
Resulting Fitness: 0.566667
New local best!
-------------
Particle: 13:
Relays Coordinates:
112.11, 50.44
209.303, 101.28
109.266, 209.858
Evaluation Time: 1.82272 seconds
Resulting Fitness: 0.525
-------------
Particle: 14:
Relays Coordinates:
105.892, 90.1358
231.354, 123.748
117.708, 231.186
Evaluation Time: 1.76995 seconds
Resulting Fitness: 0.586111
-------------
Particle: 15:
Relays Coordinates:
111.057, 95.2378
233.206, 122.399
145.457, 246.717
Evaluation Time: 2.07019 seconds
Resulting Fitness: 0.602778
New local best!
-------------
Particle: 16:
Relays Coordinates:
120.214, 78.6923
250.586, 139.1
160.431, 235.938
Evaluation Time: 1.82044 seconds
Resulting Fitness: 0.580556
New local best!
-------------
Particle: 17:
Relays Coordinates:
116.473, 88.7823
231.59, 137.521
116.841, 240.697
Evaluation Time: 1.70061 seconds
Resulting Fitness: 0.588889
New local best!
-------------
Particle: 18:
Relays Coordinates:
115.679, 101.477
241.196, 113.129
135.384, 241.968
Evaluation Time: 1.77167 seconds
Resulting Fitness: 0.583333
New local best!
-------------
Particle: 19:
Relays Coordinates:
91.3291, 162.744
115.784, 88.854
127.11, 174.339
Evaluation Time: 1.51949 seconds
Resulting Fitness: 0.377778
-------------
Particle: 20:
Relays Coordinates:
126.675, 83.6059
216.282, 110.525
105.344, 221.649
Evaluation Time: 1.88817 seconds
Resulting Fitness: 0.544444
Current global best fitness: 0.619444
Current global best relays: 112.041, 93.2972
240.364, 121.81
122.615, 242.707
Particle 1 new velocities: 44.4789, 31.8552
114.987, 58.6526
51.2883, 127.794
Particle 2 new velocities: 6.27731, 15.1664
27.9695, 17.0173
42.7603, 48.1627
Particle 3 new velocities: 43.9398, 35.1534
113.137, 58.7899
53.5429, 123.796
Particle 4 new velocities: 49.036, 41.9985
127.026, 46.3835
68.2291, 124.44
Particle 5 new velocities: 91.9223, 83.7735
192.323, 81.2642
97.9876, 159.871
Particle 6 new velocities: 35.827, 41.4365
107.188, 63.1407
67.6654, 86.5366
Particle 7 new velocities: 40.9353, 34.2624
102.913, 54.4795
44.9895, 97.6771
Particle 8 new velocities: 57.811, 75.2916
142.993, 59.6456
122.507, 148.066
Particle 9 new velocities: 43.8749, 35.4889
81.1733, 59.8035
45.1021, 85.195
Particle 10 new velocities: 51.3322, 46.9126
87.1874, 42.8134
44.3913, 89.7204
Particle 11 new velocities: 47.5658, 54.8977
131.162, 70.7679
73.7572, 118.527
Particle 12 new velocities: 67.0509, 64.2463
158.204, 84.9889
75.9821, 152.011
Particle 13 new velocities: 63.2784, 34.7976
154.834, 66.9961
73.8517, 114.636
Particle 14 new velocities: 27.2306, 25.0455
77.4812, 31.2959
33.0716, 77.8916
Particle 15 new velocities: 58.7463, 39.9366
90.7949, 51.0032
42.4455, 107.947
Particle 16 new velocities: 80.0793, 89.8084
136.679, 47.5647
61.5989, 125.569
Particle 17 new velocities: 75.9306, 48.8701
103.434, 69.0867
57.41, 121.881
Particle 18 new velocities: 44.4181, 44.5393
87.1241, 47.1851
39.9222, 89.6583
Particle 19 new velocities: 163.265, 295.392
226.021, 158.483
254.026, 260.837
Particle 20 new velocities: -28.6943, 23.5085
79.3973, 38.8798
27.8871, 92.9849
-- ITERATION 11 --
-------------
Particle: 1:
Relays Coordinates:
96.4316, 57.5552
209.333, 94.039
109.421, 203.634
Evaluation Time: 1.82893 seconds
Resulting Fitness: 0.513889
-------------
Particle: 2:
Relays Coordinates:
126.255, 83.5502
237.53, 122.318
148.912, 225.078
Evaluation Time: 2.063 seconds
Resulting Fitness: 0.577778
-------------
Particle: 3:
Relays Coordinates:
107.633, 75.1796
216.125, 115.774
118.535, 227.644
Evaluation Time: 1.78394 seconds
Resulting Fitness: 0.552778
-------------
Particle: 4:
Relays Coordinates:
104.519, 78.2573
215.051, 97.04
111.064, 224.541
Evaluation Time: 1.88889 seconds
Resulting Fitness: 0.547222
-------------
Particle: 5:
Relays Coordinates:
107.067, 71.3536
214.423, 103.266
136.402, 229.915
Evaluation Time: 2.00824 seconds
Resulting Fitness: 0.563889
-------------
Particle: 6:
Relays Coordinates:
110.419, 98.4986
235.839, 129.992
140.274, 231.636
Evaluation Time: 1.82925 seconds
Resulting Fitness: 0.588889
New local best!
-------------
Particle: 7:
Relays Coordinates:
123.499, 81.0773
244.722, 121.725
118.158, 233.832
Evaluation Time: 1.79208 seconds
Resulting Fitness: 0.597222
New local best!
-------------
Particle: 8:
Relays Coordinates:
97.7458, 88.5666
229.678, 90.7557
159.594, 216.834
Evaluation Time: 1.78464 seconds
Resulting Fitness: 0.575
-------------
Particle: 9:
Relays Coordinates:
118.279, 93.5204
235.682, 123.009
127.297, 241.049
Evaluation Time: 1.83921 seconds
Resulting Fitness: 0.594444
-------------
Particle: 10:
Relays Coordinates:
108.157, 92.7172
222.81, 112.683
111.761, 218.353
Evaluation Time: 1.71426 seconds
Resulting Fitness: 0.552778
-------------
Particle: 11:
Relays Coordinates:
101.115, 100.397
249.766, 127.636
121.87, 228.888
Evaluation Time: 1.81181 seconds
Resulting Fitness: 0.580556
-------------
Particle: 12:
Relays Coordinates:
110.002, 86.33
227.126, 116.156
108.603, 224.421
Evaluation Time: 1.79346 seconds
Resulting Fitness: 0.569444
New local best!
-------------
Particle: 13:
Relays Coordinates:
103.565, 50.332
215.019, 99.3652
108.129, 191.611
Evaluation Time: 1.86505 seconds
Resulting Fitness: 0.505556
-------------
Particle: 14:
Relays Coordinates:
97.0463, 83.9672
225.141, 113.027
109.919, 225.317
Evaluation Time: 1.84098 seconds
Resulting Fitness: 0.569444
-------------
Particle: 15:
Relays Coordinates:
111.408, 88.6879
212.577, 113.769
123.283, 232.696
Evaluation Time: 1.85932 seconds
Resulting Fitness: 0.563889
-------------
Particle: 16:
Relays Coordinates:
118.271, 99.498
228.676, 110.224
131.106, 213.467
Evaluation Time: 1.74752 seconds
Resulting Fitness: 0.561111
-------------
Particle: 17:
Relays Coordinates:
113.612, 81.2824
197.829, 122
102.893, 214.099
Evaluation Time: 1.80202 seconds
Resulting Fitness: 0.513889
-------------
Particle: 18:
Relays Coordinates:
105.04, 95.8012
215.411, 105.182
115.018, 217.58
Evaluation Time: 1.70793 seconds
Resulting Fitness: 0.541667
-------------
Particle: 19:
Relays Coordinates:
88.7715, 159.742
119.18, 86.2409
132.894, 151.737
Evaluation Time: 1.39706 seconds
Resulting Fitness: 0.363889
-------------
Particle: 20:
Relays Coordinates:
71.4282, 78.0864
215.551, 108.916
97.1252, 229.368
Evaluation Time: 1.77791 seconds
Resulting Fitness: 0.527778
Current global best fitness: 0.619444
Current global best relays: 112.041, 93.2972
240.364, 121.81
122.615, 242.707
Particle 1 new velocities: 54.1357, 33.8781
130.18, 90.9877
83.2744, 147.671
Particle 2 new velocities: 11.3353, -13.887
27.5984, 13.2858
-7.35632, 33.1425
Particle 3 new velocities: 55.7495, 44.1915
105.541, 52.2054
47.6412, 106.058
Particle 4 new velocities: 52.3344, 45.6623
125.837, 58.786
59.4528, 117.856
Particle 5 new velocities: 59.1008, 27.5324
187.041, 76.3117
76.3218, 154.926
Particle 6 new velocities: 30.0593, 32.562
88.2042, 40.1201
31.4123, 82.8061
Particle 7 new velocities: 25.6237, 37.7812
76.8344, 43.6428
38.1082, 88.9915
Particle 8 new velocities: 72.4133, 66.0583
142.875, 54.4759
49.1294, 152.45
Particle 9 new velocities: 27.9984, 27.8102
68.6936, 34.1464
36.2113, 70.7841
Particle 10 new velocities: 50.1082, 38.0543
95.8025, 67.9789
63.384, 124.139
Particle 11 new velocities: 36.1933, 40.0028
96.2045, 52.7425
61.5355, 106.371
Particle 12 new velocities: 55.4124, 55.347
128.847, 69.8862
66.8691, 138.625
Particle 13 new velocities: 53.1083, 50.6012
129.041, 100.205
69.8375, 153.204
Particle 14 new velocities: 38.7752, 34.9193
75.1249, 40.1939
51.8675, 91.8126
Particle 15 new velocities: 46.9714, 34.0712
125.23, 47.5987
61.1057, 108.2
Particle 16 new velocities: 59.7267, 55.245
142.119, 93.1578
49.7243, 143.976
Particle 17 new velocities: 63.6052, 61.862
137.579, 64.5011
73.5168, 165.955
Particle 18 new velocities: 51.6325, 37.7871
112.085, 52.5783
39.2649, 115.913
Particle 19 new velocities: 173.799, 191.84
287.538, 177.287
221.828, 238.554
Particle 20 new velocities: -5.39181, 32.2154
123.341, 49.407
31.4169, 95.5644
-- ITERATION 12 --
-------------
Particle: 1:
Relays Coordinates:
98.7872, 59.9894
222.754, 121.396
126.428, 230.492
Evaluation Time: 1.82753 seconds
Resulting Fitness: 0.569444
-------------
Particle: 2:
Relays Coordinates:
111.448, 56.4272
214.754, 109.839
114.66, 209.158
Evaluation Time: 1.74916 seconds
Resulting Fitness: 0.536111
-------------
Particle: 3:
Relays Coordinates:
107.195, 78.3194
211.044, 110.211
109.028, 218.942
Evaluation Time: 1.68715 seconds
Resulting Fitness: 0.541667
-------------
Particle: 4:
Relays Coordinates:
102.912, 81.3037
223.657, 102.237
111.876, 224.646
Evaluation Time: 1.66959 seconds
Resulting Fitness: 0.569444
-------------
Particle: 5:
Relays Coordinates:
88.3083, 52.5521
213.355, 95.4351
113.05, 204.52
Evaluation Time: 1.78356 seconds
Resulting Fitness: 0.516667
-------------
Particle: 6:
Relays Coordinates:
102.408, 95.5432
236.227, 124.012
125.16, 229.229
Evaluation Time: 1.74559 seconds
Resulting Fitness: 0.6
New local best!
-------------
Particle: 7:
Relays Coordinates:
108.71, 86.6479
234.415, 120.553
113.918, 235.339
Evaluation Time: 1.96259 seconds
Resulting Fitness: 0.608333
New local best!
-------------
Particle: 8:
Relays Coordinates:
111.641, 101.449
244.432, 95.2864
136.943, 242.287
Evaluation Time: 1.77948 seconds
Resulting Fitness: 0.591667
New local best!
-------------
Particle: 9:
Relays Coordinates:
118.485, 98.2777
246.545, 127.296
132.441, 252.585
Evaluation Time: 2.02187 seconds
Resulting Fitness: 0.586111
-------------
Particle: 10:
Relays Coordinates:
115.375, 95.3324
232.269, 131.703
127.68, 249.677
Evaluation Time: 1.86318 seconds
Resulting Fitness: 0.586111
-------------
Particle: 11:
Relays Coordinates:
100.098, 102.351
252.213, 131.496
133.702, 244.404
Evaluation Time: 1.80548 seconds
Resulting Fitness: 0.577778
-------------
Particle: 12:
Relays Coordinates:
108.529, 92.9543
233.554, 122.062
115.127, 238.195
Evaluation Time: 1.75708 seconds
Resulting Fitness: 0.613889
New local best!
-------------
Particle: 13:
Relays Coordinates:
102.793, 66.2223
225.738, 130.938
116.764, 226.233
Evaluation Time: 2.00184 seconds
Resulting Fitness: 0.558333
New local best!
-------------
Particle: 14:
Relays Coordinates:
99.0139, 86.6682
218.894, 111.698
117.942, 231.188
Evaluation Time: 1.80096 seconds
Resulting Fitness: 0.577778
-------------
Particle: 15:
Relays Coordinates:
103.913, 80.5423
221.635, 105.874
120.978, 223.662
Evaluation Time: 1.81153 seconds
Resulting Fitness: 0.588889
-------------
Particle: 16:
Relays Coordinates:
116.785, 101.527
243.279, 133.439
118.643, 234.518
Evaluation Time: 1.77663 seconds
Resulting Fitness: 0.569444
-------------
Particle: 17:
Relays Coordinates:
104.645, 84.5253
198.055, 110.127
104.168, 224.418
Evaluation Time: 1.63645 seconds
Resulting Fitness: 0.502778
-------------
Particle: 18:
Relays Coordinates:
114.214, 97.3859
238.744, 115.007
112.472, 243.117
Evaluation Time: 1.77706 seconds
Resulting Fitness: 0.611111
New local best!
-------------
Particle: 19:
Relays Coordinates:
91.5527, 122.589
141.814, 91.8863
123.684, 136.086
Evaluation Time: 1.4039 seconds
Resulting Fitness: 0.302778
-------------
Particle: 20:
Relays Coordinates:
35.0945, 58.6189
180.101, 84.1394
68.3126, 172.682
Evaluation Time: 1.61104 seconds
Resulting Fitness: 0.361111
Current global best fitness: 0.619444
Current global best relays: 112.041, 93.2972
240.364, 121.81
122.615, 242.707
Particle 1 new velocities: 54.5674, 60.0099
143.696, 46.6867
73.5658, 131.363
Particle 2 new velocities: 12.1867, 32.6763
45.2813, 47.6301
28.9738, 41.8154
Particle 3 new velocities: 69.0838, 37.6478
120.841, 58.5618
59.0803, 90.6248
Particle 4 new velocities: 70.0654, 53.3263
140.917, 62.3631
50.917, 117.629
Particle 5 new velocities: 72.796, 15.1874
180.863, 97.8238
93.5275, 144.435
Particle 6 new velocities: 33.3174, 25.8117
72.138, 29.9914
22.11, 79.6936
Particle 7 new velocities: 23.9308, 31.6455
66.0731, 36.3832
41.4537, 76.902
Particle 8 new velocities: 58.2998, 44.616
111.466, 45.8813
35.388, 122.173
Particle 9 new velocities: 17.9187, 18.2128
43.8597, 7.21326
19.0422, 37.5616
Particle 10 new velocities: 38.6742, 28.0321
110.787, 45.8152
44.4241, 95.1967
Particle 11 new velocities: 39.2792, 32.9149
66.966, 26.2943
30.1676, 84.9369
Particle 12 new velocities: 47.9465, 44.3277
106.236, 55.62
62.0713, 115.135
Particle 13 new velocities: 48.8862, 47.8211
111.416, 73.0571
61.8768, 143.567
Particle 14 new velocities: 54.3495, 40.8282
104.823, 40.1817
50.9994, 81.8514
Particle 15 new velocities: 47.9545, 50.1353
125.789, 71.5676
51.5251, 113.007
Particle 16 new velocities: 49.5071, 23.9732
115.737, 72.2501
49.5371, 119.588
Particle 17 new velocities: 71.4155, 50.5657
132.736, 94.4331
74.0064, 164.316
Particle 18 new velocities: 39.4516, 27.0293
90.391, 45.1682
38.5866, 92.4211
Particle 19 new velocities: 181.112, 263.204
143.783, 150.112
209.57, 306.836
Particle 20 new velocities: 51.471, 104.972
128.262, 68.9907
81.9531, 180.141
-- ITERATION 13 --
-------------
Particle: 1:
Relays Coordinates:
90.5543, 70.8584
216.385, 99.2512
118.094, 213.671
Evaluation Time: 1.69486 seconds
Resulting Fitness: 0.522222
-------------
Particle: 2:
Relays Coordinates:
123.635, 89.1035
260.035, 157.469
143.634, 250.974
Evaluation Time: 2.17804 seconds
Resulting Fitness: 0.575
-------------
Particle: 3:
Relays Coordinates:
128.507, 84.5401
241.944, 123.036
122.551, 225.674
Evaluation Time: 1.91981 seconds
Resulting Fitness: 0.569444
-------------
Particle: 4:
Relays Coordinates:
113.49, 88.3307
239.197, 107.994
106.809, 224.567
Evaluation Time: 1.68339 seconds
Resulting Fitness: 0.569444
-------------
Particle: 5:
Relays Coordinates:
85.6175, 35.9996
209.504, 102.706
109.784, 185.449
Evaluation Time: 1.79159 seconds
Resulting Fitness: 0.477778
-------------
Particle: 6:
Relays Coordinates:
109.938, 98.2975
249.776, 124.742
119.288, 250.227
Evaluation Time: 1.86006 seconds
Resulting Fitness: 0.591667
-------------
Particle: 7:
Relays Coordinates:
96.6953, 86.2359
219.056, 114.407
113.266, 227.623
Evaluation Time: 1.68038 seconds
Resulting Fitness: 0.569444
-------------
Particle: 8:
Relays Coordinates:
111.498, 95.8335
233.505, 92.6201
113.067, 239.122
Evaluation Time: 1.77566 seconds
Resulting Fitness: 0.569444
-------------
Particle: 9:
Relays Coordinates:
110.487, 94.3573
235.227, 108.953
122.702, 235.018
Evaluation Time: 1.75388 seconds
Resulting Fitness: 0.597222
New local best!
-------------
Particle: 10:
Relays Coordinates:
101.072, 80.9394
225.078, 116.469
112.918, 226.272
Evaluation Time: 1.65475 seconds
Resulting Fitness: 0.566667
-------------
Particle: 11:
Relays Coordinates:
101.606, 98.6089
232.681, 115.029
119.461, 240.089
Evaluation Time: 1.67353 seconds
Resulting Fitness: 0.605556
-------------
Particle: 12:
Relays Coordinates:
102.663, 90.0707
222.937, 116.577
116.26, 231.82
Evaluation Time: 1.73135 seconds
Resulting Fitness: 0.583333
-------------
Particle: 13:
Relays Coordinates:
99.5169, 74.8239
221.207, 133.841
117.206, 242.626
Evaluation Time: 1.89584 seconds
Resulting Fitness: 0.563889
New local best!
-------------
Particle: 14:
Relays Coordinates:
111.802, 92.9449
235.99, 110.72
123.158, 228.206
Evaluation Time: 1.6959 seconds
Resulting Fitness: 0.591667
-------------
Particle: 15:
Relays Coordinates:
110.711, 95.264
253.273, 129.355
125.754, 245.431
Evaluation Time: 1.73618 seconds
Resulting Fitness: 0.597222
-------------
Particle: 16:
Relays Coordinates:
109.104, 82.3406
235.55, 134.952
110.343, 232.329
Evaluation Time: 1.69203 seconds
Resulting Fitness: 0.586111
New local best!
-------------
Particle: 17:
Relays Coordinates:
103.962, 79.7699
195.329, 120.791
105.21, 229.543
Evaluation Time: 1.69989 seconds
Resulting Fitness: 0.525
-------------
Particle: 18:
Relays Coordinates:
112.022, 90.6987
239.94, 116.768
110.122, 244.607
Evaluation Time: 1.71828 seconds
Resulting Fitness: 0.602778
-------------
Particle: 19:
Relays Coordinates:
105.636, 149.464
110.646, 93.755
129.109, 171.597
Evaluation Time: 1.38692 seconds
Resulting Fitness: 0.369444
-------------
Particle: 20:
Relays Coordinates:
56.7956, 107.332
202.317, 100.469
98.5893, 231.487
Evaluation Time: 1.79591 seconds
Resulting Fitness: 0.511111
Current global best fitness: 0.619444
Current global best relays: 112.041, 93.2972
240.364, 121.81
122.615, 242.707
Particle 1 new velocities: 82.3062, 62.8472
145.928, 40.3651
75.9732, 134.167
Particle 2 new velocities: 9.96422, -22.4004
1.06036, -28.3665
4.91531, 11.7553
Particle 3 new velocities: 49.2591, 27.6897
74.594, 42.1763
47.8323, 72.1389
Particle 4 new velocities: 58.7992, 48.4152
111.736, 62.6409
47.0651, 98.5974
Particle 5 new velocities: 77.2076, 89.6186
185.229, 89.4981
99.5072, 232.784
Particle 6 new velocities: 26.0366, 12.8221
23.774, 21.1902
29.868, 31.3656
Particle 7 new velocities: 54.3338, 30.4512
95.8263, 34.9054
40.3799, 85.1504
Particle 8 new velocities: 47.2834, 37.2657
114.76, 62.5721
63.0587, 104.955
Particle 9 new velocities: 15.9711, 13.8254
35.1088, 21.9373
15.1616, 37.9944
Particle 10 new velocities: 51.9423, 40.184
149.721, 52.9704
47.259, 84.3746
Particle 11 new velocities: 28.9658, 28.0909
63.1069, 37.3416
34.5475, 75.4767
Particle 12 new velocities: 43.109, 37.6526
122.441, 56.2018
53.2276, 102.136
Particle 13 new velocities: 50.5657, 52.1842
108.546, 45.6537
55.4934, 114.954
Particle 14 new velocities: 43.6789, 33.2679
91.7247, 60.2445
39.5368, 76.9296
Particle 15 new velocities: 39.9356, 37.6028
67.1619, 53.8165
61.6166, 90.061
Particle 16 new velocities: 39.9629, 20.5403
94.0188, 50.061
54.6203, 96.9756
Particle 17 new velocities: 73.9843, 56.3418
162.473, 100.934
98.2922, 141.623
Particle 18 new velocities: 32.9797, 27.0775
71.2796, 37.5725
44.1561, 71.9221
Particle 19 new velocities: 158.036, 196.01
111.066, 156.901
186.648, 336.955
Particle 20 new velocities: 122.091, 62.7819
162.723, 97.0841
93.2727, 156.662
-- ITERATION 14 --
-------------
Particle: 1:
Relays Coordinates:
113.414, 87.7242
237.713, 91.6022
127.327, 228.217
Evaluation Time: 1.7493 seconds
Resulting Fitness: 0.575
-------------
Particle: 2:
Relays Coordinates:
108.215, 54.0295
211.488, 104.573
120.325, 212.811
Evaluation Time: 1.7352 seconds
Resulting Fitness: 0.519444
-------------
Particle: 3:
Relays Coordinates:
129.592, 81.8155
230.756, 120.44
124.209, 217.106
Evaluation Time: 1.81631 seconds
Resulting Fitness: 0.569444
-------------
Particle: 4:
Relays Coordinates:
113.039, 89.719
230.247, 111.954
100.957, 212.028
Evaluation Time: 1.75025 seconds
Resulting Fitness: 0.555556
-------------
Particle: 5:
Relays Coordinates:
77.8787, 60.0828
188.799, 91.9305
100.103, 200.04
Evaluation Time: 1.75377 seconds
Resulting Fitness: 0.455556
-------------
Particle: 6:
Relays Coordinates:
110.139, 90.0069
221.575, 118.205
120.817, 228.09
Evaluation Time: 1.92083 seconds
Resulting Fitness: 0.586111
-------------
Particle: 7:
Relays Coordinates:
110.1, 85.0649
229.549, 108.849
112.008, 228.012
Evaluation Time: 1.68739 seconds
Resulting Fitness: 0.588889
-------------
Particle: 8:
Relays Coordinates:
115.752, 97.0293
253.885, 113.135
128.395, 250.832
Evaluation Time: 1.85677 seconds
Resulting Fitness: 0.586111
-------------
Particle: 9:
Relays Coordinates:
113.812, 97.3645
243.303, 117.801
124.077, 245.711
Evaluation Time: 1.79472 seconds
Resulting Fitness: 0.611111
New local best!
-------------
Particle: 10:
Relays Coordinates:
100.393, 79.4691
245.906, 111.169
105.092, 203.815
Evaluation Time: 1.68491 seconds
Resulting Fitness: 0.558333
-------------
Particle: 11:
Relays Coordinates:
105.763, 102.627
239.588, 123.42
124.747, 255.608
Evaluation Time: 1.84841 seconds
Resulting Fitness: 0.597222
-------------
Particle: 12:
Relays Coordinates:
106.268, 93.1103
251.781, 125.956
123.556, 243.454
Evaluation Time: 1.78337 seconds
Resulting Fitness: 0.594444
-------------
Particle: 13:
Relays Coordinates:
98.4692, 83.33
216.35, 117.767
113.308, 234.608
Evaluation Time: 1.76866 seconds
Resulting Fitness: 0.572222
New local best!
-------------
Particle: 14:
Relays Coordinates:
113.346, 92.0092
238.904, 124.633
118.605, 222.443
Evaluation Time: 1.70502 seconds
Resulting Fitness: 0.591667
-------------
Particle: 15:
Relays Coordinates:
109.821, 96.8599
233.597, 133.532
136.593, 244.574
Evaluation Time: 2.01235 seconds
Resulting Fitness: 0.588889
-------------
Particle: 16:
Relays Coordinates:
97.8027, 67.5002
216.23, 121.387
108.232, 216.057
Evaluation Time: 1.7178 seconds
Resulting Fitness: 0.522222
-------------
Particle: 17:
Relays Coordinates:
116.751, 89.3029
234.753, 145.474
133.518, 243.522
Evaluation Time: 1.79536 seconds
Resulting Fitness: 0.580556
-------------
Particle: 18:
Relays Coordinates:
105.706, 85.8589
226.879, 112.514
112.469, 230.75
Evaluation Time: 1.69776 seconds
Resulting Fitness: 0.594444
-------------
Particle: 19:
Relays Coordinates:
113.502, 148.715
95.4399, 107.899
135.923, 215.234
Evaluation Time: 1.65773 seconds
Resulting Fitness: 0.433333
-------------
Particle: 20:
Relays Coordinates:
105.631, 100.451
215.552, 116.653
113.293, 229.198
Evaluation Time: 1.8719 seconds
Resulting Fitness: 0.569444
Current global best fitness: 0.619444
Current global best relays: 112.041, 93.2972
240.364, 121.81
122.615, 242.707
Particle 1 new velocities: 68.1917, 13.1337
119.356, 56.1144
60.6186, 108.625
Particle 2 new velocities: 20.9595, 4.0352
32.2932, 10.4602
25.6925, 43.0851
Particle 3 new velocities: 32.5289, 28.81
66.2329, 29.8735
37.7406, 80.2547
Particle 4 new velocities: 46.4041, 41.7729
103.538, 49.2728
50.3446, 130.623
Particle 5 new velocities: 87.8233, 50.3051
197.868, 105.708
117.425, 247.828
Particle 6 new velocities: 18.2373, 15.3481
49.3776, 22.1953
24.3372, 29.6454
Particle 7 new velocities: 44.0206, 25.0132
86.6511, 46.7279
43.2994, 89.7745
Particle 8 new velocities: 31.204, 34.5159
74.8599, 26.3921
45.3784, 61.6151
Particle 9 new velocities: 11.4284, 5.83172
27.4846, 19.2369
10.2821, 29.5742
Particle 10 new velocities: 53.4034, 64.8156
123.87, 54.2545
70.3013, 106.661
Particle 11 new velocities: 16.2515, 15.1569
62.85, 31.3459
26.3377, 42.6155
Particle 12 new velocities: 38.4516, 30.3025
74.547, 42.6321
28.2825, 73.8399
Particle 13 new velocities: 47.9084, 41.8513
95.7765, 37.2366
45.1128, 98.6292
Particle 14 new velocities: 31.7187, 28.4901
75.5785, 43.9497
32.3376, 77.3218
Particle 15 new velocities: 33.4111, 27.0005
61.1227, 17.0466
54.7255, 74.5047
Particle 16 new velocities: 51.7144, 48.6403
104.86, 54.1411
47.7924, 101.028
Particle 17 new velocities: 53.6943, 48.5777
131.079, 60.9515
78.3475, 112.126
Particle 18 new velocities: 31.6288, 32.6353
73.4886, 31.3503
39.6574, 79.2861
Particle 19 new velocities: 127.355, 216.585
171.035, 121.026
163.495, 159.865
Particle 20 new velocities: 70.6682, 40.7108
160.359, 76.547
78.1582, 152.398
-- ITERATION 15 --
-------------
Particle: 1:
Relays Coordinates:
119.151, 66.1729
234.273, 96.9169
123.311, 221.002
Evaluation Time: 1.92851 seconds
Resulting Fitness: 0.577778
-------------
Particle: 2:
Relays Coordinates:
116.257, 52.2583
219.403, 103.53
131.416, 230.306
Evaluation Time: 1.86513 seconds
Resulting Fitness: 0.569444
-------------
Particle: 3:
Relays Coordinates:
118.186, 80.646
216.505, 109.578
118.062, 216.776
Evaluation Time: 1.72222 seconds
Resulting Fitness: 0.561111
-------------
Particle: 4:
Relays Coordinates:
116.234, 95.8576
243.329, 117.534
110.299, 249.793
Evaluation Time: 1.88338 seconds
Resulting Fitness: 0.569444
-------------
Particle: 5:
Relays Coordinates:
79.2548, 52.7982
184.942, 94.5297
104.043, 214.214
Evaluation Time: 1.69499 seconds
Resulting Fitness: 0.466667
-------------
Particle: 6:
Relays Coordinates:
115.539, 94.8195
243.858, 126.361
130.638, 231.962
Evaluation Time: 1.75041 seconds
Resulting Fitness: 0.594444
-------------
Particle: 7:
Relays Coordinates:
112.354, 80.2469
230.51, 113.415
113.219, 231.666
Evaluation Time: 1.7714 seconds
Resulting Fitness: 0.583333
-------------
Particle: 8:
Relays Coordinates:
107.131, 95.8965
239.655, 101.715
126.681, 227.774
Evaluation Time: 1.68089 seconds
Resulting Fitness: 0.605556
New local best!
-------------
Particle: 9:
Relays Coordinates:
101.445, 83.5889
219.338, 111.001
108.831, 222.981
Evaluation Time: 1.70685 seconds
Resulting Fitness: 0.563889
-------------
Particle: 10:
Relays Coordinates:
100.906, 94.6652
242.61, 108.535
115.075, 203.703
Evaluation Time: 1.61125 seconds
Resulting Fitness: 0.558333
-------------
Particle: 11:
Relays Coordinates:
98.8318, 95.4048
244.975, 125.361
122.379, 241.561
Evaluation Time: 1.65646 seconds
Resulting Fitness: 0.597222
-------------
Particle: 12:
Relays Coordinates:
105.501, 89.968
237.893, 122.901
110.691, 231.307
Evaluation Time: 1.6141 seconds
Resulting Fitness: 0.580556
-------------
Particle: 13:
Relays Coordinates:
106.709, 91.2571
227.541, 112.997
115.489, 242.93
Evaluation Time: 1.6857 seconds
Resulting Fitness: 0.594444
New local best!
-------------
Particle: 14:
Relays Coordinates:
117.502, 97.6044
254.731, 136.552
122.263, 242.81
Evaluation Time: 1.77676 seconds
Resulting Fitness: 0.605556
-------------
Particle: 15:
Relays Coordinates:
104.417, 90.2942
214.85, 109.772
139.471, 232.608
Evaluation Time: 1.83613 seconds
Resulting Fitness: 0.561111
-------------
Particle: 16:
Relays Coordinates:
108.998, 84.6664
234.075, 127.96
113.742, 231.155
Evaluation Time: 1.61013 seconds
Resulting Fitness: 0.583333
-------------
Particle: 17:
Relays Coordinates:
111.829, 90.4634
240.023, 135.435
139.005, 233.341
Evaluation Time: 1.77032 seconds
Resulting Fitness: 0.602778
New local best!
-------------
Particle: 18:
Relays Coordinates:
100.117, 86.3823
218.968, 104.877
110.9, 226.016
Evaluation Time: 1.69993 seconds
Resulting Fitness: 0.552778
-------------
Particle: 19:
Relays Coordinates:
103.681, 157.25
114.709, 98.5448
128.89, 161.468
Evaluation Time: 1.52045 seconds
Resulting Fitness: 0.352778
-------------
Particle: 20:
Relays Coordinates:
104.103, 83.3543
221.972, 114.083
113.05, 225.329
Evaluation Time: 1.63526 seconds
Resulting Fitness: 0.569444
Current global best fitness: 0.619444
Current global best relays: 112.041, 93.2972
240.364, 121.81
122.615, 242.707
Particle 1 new velocities: 45.7608, 35.2355
102.729, 66.5478
55.5944, 88.034
Particle 2 new velocities: 20.2679, 7.58644
63.9573, 50.9555
18.5628, 31.4937
Particle 3 new velocities: 24.7417, 34.7489
53.2349, 35.7794
47.4955, 75.9682
Particle 4 new velocities: 34.9185, 26.3576
72.5017, 28.7612
40.806, 100.527
Particle 5 new velocities: 127.199, 72.0691
202.734, 107.322
126.338, 227.977
Particle 6 new velocities: 11.964, 11.4831
29.2853, 10.6628
11.3041, 25.6277
Particle 7 new velocities: 29.4307, 25.2557
81.1363, 56.6798
41.6853, 79.7795
Particle 8 new velocities: 27.5673, 26.3105
60.3426, 25.9446
36.1742, 51.817
Particle 9 new velocities: 28.8128, 20.4366
66.9087, 37.0485
18.4586, 61.1058
Particle 10 new velocities: 47.8031, 50.1175
110.143, 75.1642
66.4249, 119.448
Particle 11 new velocities: 28.8444, 18.9923
51.5055, 24.6919
21.6707, 40.9743
Particle 12 new velocities: 41.3498, 32.2057
56.9944, 33.4124
44.9983, 78.9378
Particle 13 new velocities: 41.7517, 33.9735
77.8207, 37.9131
41.5144, 78.7873
Particle 14 new velocities: 16.2462, 14.3498
41.1562, 4.3454
26.5877, 61.6652
Particle 15 new velocities: 39.7241, 23.2776
73.7518, 28.1893
38.878, 80.6017
Particle 16 new velocities: 44.2044, 39.2305
92.8222, 37.5637
37.1982, 92.5087
Particle 17 new velocities: 43.2036, 41.786
104.885, 40.4206
51.1814, 97.4775
Particle 18 new velocities: 43.2722, 43.663
97.7845, 40.9001
33.9773, 98.9729
Particle 19 new velocities: 118.139, 179.074
92.3909, 113.632
181.249, 259.785
Particle 20 new velocities: 40.7386, 46.8272
153.617, 66.1902
54.0356, 153.149
-- ITERATION 16 --
-------------
Particle: 1:
Relays Coordinates:
120.221, 73.9267
245.675, 119.166
130.422, 225.287
Evaluation Time: 1.81396 seconds
Resulting Fitness: 0.586111
-------------
Particle: 2:
Relays Coordinates:
110.585, 48.4742
229.522, 125.133
121.483, 212.058
Evaluation Time: 1.74656 seconds
Resulting Fitness: 0.561111
-------------
Particle: 3:
Relays Coordinates:
115.771, 93.4698
218.489, 117.74
134.101, 237.123
Evaluation Time: 1.73789 seconds
Resulting Fitness: 0.583333
New local best!
-------------
Particle: 4:
Relays Coordinates:
99.1712, 80.1854
207.217, 95.9844
99.1397, 229.845
Evaluation Time: 1.61477 seconds
Resulting Fitness: 0.513889
-------------
Particle: 5:
Relays Coordinates:
109.718, 66.3596
206.027, 107.272
122.434, 234.998
Evaluation Time: 1.79244 seconds
Resulting Fitness: 0.538889
-------------
Particle: 6:
Relays Coordinates:
114.753, 95.6723
245.829, 123.321
127.748, 231.831
Evaluation Time: 1.80838 seconds
Resulting Fitness: 0.583333
-------------
Particle: 7:
Relays Coordinates:
103.361, 76.9114
227.19, 123.999
112.925, 227.044
Evaluation Time: 1.67707 seconds
Resulting Fitness: 0.569444
-------------
Particle: 8:
Relays Coordinates:
109.105, 98.9876
242.998, 103.405
131.913, 226.469
Evaluation Time: 1.99368 seconds
Resulting Fitness: 0.591667
-------------
Particle: 9:
Relays Coordinates:
105.509, 84.2606
231.86, 119.92
103.104, 230.111
Evaluation Time: 1.71435 seconds
Resulting Fitness: 0.575
-------------
Particle: 10:
Relays Coordinates:
108.409, 105.547
257.156, 133.917
132.314, 235.577
Evaluation Time: 2.00741 seconds
Resulting Fitness: 0.563889
-------------
Particle: 11:
Relays Coordinates:
103.418, 92.6617
240.149, 121.542
116.68, 228.854
Evaluation Time: 1.87471 seconds
Resulting Fitness: 0.591667
-------------
Particle: 12:
Relays Coordinates:
118.949, 98.9607
238.859, 126.614
126.108, 251.298
Evaluation Time: 1.96805 seconds
Resulting Fitness: 0.583333
-------------
Particle: 13:
Relays Coordinates:
108.228, 91.2932
222.608, 110.014
114.455, 234.532
Evaluation Time: 1.67991 seconds
Resulting Fitness: 0.588889
-------------
Particle: 14:
Relays Coordinates:
97.5025, 81.6146
215.701, 102.714
108.512, 221.962
Evaluation Time: 1.65055 seconds
Resulting Fitness: 0.538889
-------------
Particle: 15:
Relays Coordinates:
105.079, 82.7939
210.391, 100.574
130.017, 228.33
Evaluation Time: 1.66679 seconds
Resulting Fitness: 0.536111
-------------
Particle: 16:
Relays Coordinates:
111.685, 90.3209
238.308, 120.667
110.035, 235.951
Evaluation Time: 1.65661 seconds
Resulting Fitness: 0.597222
New local best!
-------------
Particle: 17:
Relays Coordinates:
113.019, 96.4099
251.438, 128.199
138.646, 241.166
Evaluation Time: 1.68799 seconds
Resulting Fitness: 0.591667
-------------
Particle: 18:
Relays Coordinates:
104.531, 94.803
230.913, 106.272
105.616, 236.917
Evaluation Time: 1.63833 seconds
Resulting Fitness: 0.597222
-------------
Particle: 19:
Relays Coordinates:
106.096, 160.863
99.055, 101.483
148.339, 201.484
Evaluation Time: 1.43044 seconds
Resulting Fitness: 0.425
-------------
Particle: 20:
Relays Coordinates:
85.5275, 76.8709
221.781, 106.449
98.6623, 223.487
Evaluation Time: 1.75953 seconds
Resulting Fitness: 0.544444
Current global best fitness: 0.619444
Current global best relays: 112.041, 93.2972
240.364, 121.81
122.615, 242.707
Particle 1 new velocities: 26.8562, 28.9366
71.2541, 53.1169
42.1253, 76.5824
Particle 2 new velocities: 34.0081, 17.4495
61.1359, 42.3888
28.8375, 20.5434
Particle 3 new velocities: 15.5487, 27.618
55.4584, 29.9323
31.5631, 66.1177
Particle 4 new velocities: 37.265, 32.4125
96.657, 48.2405
58.9833, 92.2308
Particle 5 new velocities: 102.158, 86.8364
210, 86.4513
121.576, 206.431
Particle 6 new velocities: -4.58917, 8.62546
15.2048, 8.50253
7.43885, 19.2442
Particle 7 new velocities: 34.4476, 42.8089
72.8826, 39.3263
34.9936, 84.0003
Particle 8 new velocities: 19.5012, 13.9573
45.7351, 34.1321
15.178, 48.0081
Particle 9 new velocities: 36.6916, 43.3505
72.0229, 29.5314
36.8297, 69.9614
Particle 10 new velocities: 39.5941, 7.43201
77.2399, 51.5488
30.6499, 105.411
Particle 11 new velocities: 23.7949, 15.7353
42.7734, 22.3601
33.0566, 66.5363
Particle 12 new velocities: 14.1941, 20.5345
45.2992, 19.1407
18.8852, 41.4232
Particle 13 new velocities: 32.3112, 29.3244
70.8304, 48.9818
43.5802, 75.0806
Particle 14 new velocities: 27.7074, 17.3382
96.7769, 14.9998
36.1372, 64.6726
Particle 15 new velocities: 45.5306, 46.476
130.41, 79.8958
43.3068, 88.9708
Particle 16 new velocities: 35.5394, 33.5424
76.1806, 30.9324
33.6646, 77.9016
Particle 17 new velocities: 32.8079, 25.0726
80.8477, 35.7225
25.9987, 74.6995
Particle 18 new velocities: 48.4256, 35.4818
93.3251, 60.94
33.425, 92.3566
Particle 19 new velocities: 107.482, 136.144
78.8596, 115.495
141.205, 323.86
Particle 20 new velocities: 42.1804, 59.7863
152.674, 60.776
52.2329, 142.323
-- ITERATION 17 --
-------------
Particle: 1:
Relays Coordinates:
107.219, 74.9874
231.041, 125.594
125.787, 220.063
Evaluation Time: 1.8815 seconds
Resulting Fitness: 0.580556
-------------
Particle: 2:
Relays Coordinates:
130.134, 59.3314
261.592, 150.77
135.288, 209.341
Evaluation Time: 2.05396 seconds
Resulting Fitness: 0.563889
-------------
Particle: 3:
Relays Coordinates:
106.369, 98.0811
221.898, 119.614
134.188, 245.625
Evaluation Time: 1.9259 seconds
Resulting Fitness: 0.594444
New local best!
-------------
Particle: 4:
Relays Coordinates:
99.462, 82.0839
221.524, 105.14
115.272, 234.793
Evaluation Time: 1.94961 seconds
Resulting Fitness: 0.569444
-------------
Particle: 5:
Relays Coordinates:
112.599, 81.4146
221.094, 102.953
129.677, 234.594
Evaluation Time: 1.80475 seconds
Resulting Fitness: 0.580556
New local best!
-------------
Particle: 6:
Relays Coordinates:
110.164, 104.298
261.034, 131.824
135.187, 251.075
Evaluation Time: 1.94799 seconds
Resulting Fitness: 0.597222
-------------
Particle: 7:
Relays Coordinates:
100.463, 87.2761
218.753, 119.064
107.833, 226.751
Evaluation Time: 1.74747 seconds
Resulting Fitness: 0.561111
-------------
Particle: 8:
Relays Coordinates:
115.746, 101.65
259.86, 123.783
132.382, 247.029
Evaluation Time: 1.82593 seconds
Resulting Fitness: 0.6
-------------
Particle: 9:
Relays Coordinates:
115.182, 103.365
246.145, 121.055
113.347, 243.058
Evaluation Time: 1.90988 seconds
Resulting Fitness: 0.597222
-------------
Particle: 10:
Relays Coordinates:
97.1046, 74.1252
219.397, 121.684
106.92, 223.722
Evaluation Time: 1.64673 seconds
Resulting Fitness: 0.536111
-------------
Particle: 11:
Relays Coordinates:
103.042, 87.8015
229.167, 116.561
121.287, 239.266
Evaluation Time: 1.92183 seconds
Resulting Fitness: 0.586111
-------------
Particle: 12:
Relays Coordinates:
107.846, 96.7911
230.168, 118.061
117.445, 237.105
Evaluation Time: 1.84815 seconds
Resulting Fitness: 0.586111
-------------
Particle: 13:
Relays Coordinates:
113.837, 97.7002
237.685, 128.786
128.009, 250.786
Evaluation Time: 1.88714 seconds
Resulting Fitness: 0.6
New local best!
-------------
Particle: 14:
Relays Coordinates:
101.42, 80.1518
253.107, 95.3485
117.166, 232.174
Evaluation Time: 1.83014 seconds
Resulting Fitness: 0.555556
-------------
Particle: 15:
Relays Coordinates:
109.794, 94.2377
248.444, 131.562
126.353, 231.312
Evaluation Time: 1.83716 seconds
Resulting Fitness: 0.591667
-------------
Particle: 16:
Relays Coordinates:
107.326, 90.2963
229.262, 110.516
104.757, 228.798
Evaluation Time: 1.80475 seconds
Resulting Fitness: 0.583333
-------------
Particle: 17:
Relays Coordinates:
106.308, 88.5607
242.236, 119.499
120.026, 230.266
Evaluation Time: 1.68756 seconds
Resulting Fitness: 0.583333
-------------
Particle: 18:
Relays Coordinates:
111.505, 94.9776
236.369, 121.897
101.361, 240.04
Evaluation Time: 1.86684 seconds
Resulting Fitness: 0.6
-------------
Particle: 19:
Relays Coordinates:
113.504, 157.841
94.5511, 115.311
153.875, 265.721
Evaluation Time: 1.69407 seconds
Resulting Fitness: 0.480556
-------------
Particle: 20:
Relays Coordinates:
75.4102, 80.6947
221.112, 98.7449
89.1021, 216.007
Evaluation Time: 1.63049 seconds
Resulting Fitness: 0.541667
Current global best fitness: 0.619444
Current global best relays: 112.041, 93.2972
240.364, 121.81
122.615, 242.707
Particle 1 new velocities: 36.9398, 31.4986
74.828, 10.6939
37.987, 81.4038
Particle 2 new velocities: 11.2047, 15.9416
11.5808, -5.16642
25.1974, 50.9972
Particle 3 new velocities: 18.0995, 16.6177
45.7646, 26.5942
20.0252, 49.1848
Particle 4 new velocities: 60.1121, 31.1534
106.212, 45.7963
45.5568, 85.1697
Particle 5 new velocities: 81.7122, 74.784
173.611, 70.2479
92.3148, 170.659
Particle 6 new velocities: -11.3369, -12.4925
-33.5504, -11.5499
-22.5588, -6.09725
Particle 7 new velocities: 34.906, 34.1305
103.757, 34.3849
33.0459, 84.4622
Particle 8 new velocities: 4.85758, 0.758816
-9.90626, 8.46039
-1.20455, 8.20371
Particle 9 new velocities: 26.4451, 15.0877
50.8184, 20.8899
40.8202, 59.991
Particle 10 new velocities: 61.9869, 42.9024
124.332, 48.682
52.175, 97.9619
Particle 11 new velocities: 16.9786, 18.963
76.9807, 23.3921
33.408, 68.1702
Particle 12 new velocities: 16.4343, 7.44762
47.7886, 23.0131
13.8506, 37.8523
Particle 13 new velocities: 25.6642, 22.0631
59.3945, 35.4254
30.6711, 59.8259
Particle 14 new velocities: 27.9821, 34.0998
59.1289, 64.2265
34.9347, 67.0878
Particle 15 new velocities: 39.5834, 37.1915
72.4299, 49.3305
61.8926, 77.6054
Particle 16 new velocities: 37.8168, 27.8656
65.5564, 39.2307
52.696, 87.5795
Particle 17 new velocities: 34.1058, 24.8936
61.0225, 39.6501
50.6254, 73.1665
Particle 18 new velocities: 43.0257, 28.8887
77.9775, 45.7315
55.7013, 79.2406
Particle 19 new velocities: 86.7484, 127.008
204.042, 93.2123
104.394, 14.278
Particle 20 new velocities: 63.7687, 80.9132
151.301, 68.6977
82.5046, 184.535
-- ITERATION 18 --
-------------
Particle: 1:
Relays Coordinates:
105.092, 77.6283
222.979, 99.3539
119.391, 219.769
Evaluation Time: 1.66621 seconds
Resulting Fitness: 0.591667
-------------
Particle: 2:
Relays Coordinates:
127.205, 67.7457
245.855, 131.043
144.437, 234.305
Evaluation Time: 1.76767 seconds
Resulting Fitness: 0.588889
New local best!
-------------
Particle: 3:
Relays Coordinates:
100.82, 92.9061
216.807, 118.429
124.913, 238.796
Evaluation Time: 1.6726 seconds
Resulting Fitness: 0.580556
-------------
Particle: 4:
Relays Coordinates:
116.33, 82.55
238.92, 110.033
117.244, 233.253
Evaluation Time: 1.69515 seconds
Resulting Fitness: 0.594444
-------------
Particle: 5:
Relays Coordinates:
114.739, 92.2337
233.07, 102.273
131.084, 239.298
Evaluation Time: 1.77195 seconds
Resulting Fitness: 0.6
New local best!
-------------
Particle: 6:
Relays Coordinates:
98.8266, 91.8053
227.483, 120.274
112.628, 244.978
Evaluation Time: 1.71945 seconds
Resulting Fitness: 0.6
-------------
Particle: 7:
Relays Coordinates:
109.649, 98.3393
261.233, 124.294
114.112, 252.083
Evaluation Time: 1.84245 seconds
Resulting Fitness: 0.566667
-------------
Particle: 8:
Relays Coordinates:
108.543, 92.1684
224.958, 119.019
118.059, 229.709
Evaluation Time: 1.65529 seconds
Resulting Fitness: 0.588889
-------------
Particle: 9:
Relays Coordinates:
114.718, 95.9467
240.54, 114.976
124.875, 245.47
Evaluation Time: 1.90457 seconds
Resulting Fitness: 0.611111
-------------
Particle: 10:
Relays Coordinates:
115.978, 85.3131
250.578, 124.197
115.981, 234.508
Evaluation Time: 1.81673 seconds
Resulting Fitness: 0.6
-------------
Particle: 11:
Relays Coordinates:
87.4952, 77.8313
223.182, 102.026
112.772, 224.121
Evaluation Time: 1.86684 seconds
Resulting Fitness: 0.563889
-------------
Particle: 12:
Relays Coordinates:
111.852, 93.8149
250.161, 126.967
118.166, 247.461
Evaluation Time: 1.83162 seconds
Resulting Fitness: 0.605556
-------------
Particle: 13:
Relays Coordinates:
101.696, 87.3075
216.571, 119.71
115.678, 226.436
Evaluation Time: 1.65647 seconds
Resulting Fitness: 0.563889
-------------
Particle: 14:
Relays Coordinates:
104.816, 92.5438
252.911, 129.256
123.202, 242.402
Evaluation Time: 1.94274 seconds
Resulting Fitness: 0.594444
-------------
Particle: 15:
Relays Coordinates:
108.896, 95.8119
233.917, 131.871
137.231, 225.201
Evaluation Time: 1.85554 seconds
Resulting Fitness: 0.591667
-------------
Particle: 16:
Relays Coordinates:
105.809, 86.1401
214.923, 109.165
114.783, 230.639
Evaluation Time: 1.83419 seconds
Resulting Fitness: 0.566667
-------------
Particle: 17:
Relays Coordinates:
102.361, 82.7082
221.076, 116.02
124.405, 221.202
Evaluation Time: 1.67975 seconds
Resulting Fitness: 0.586111
-------------
Particle: 18:
Relays Coordinates:
112.653, 90.2985
229.159, 122.201
114.498, 232.756
Evaluation Time: 1.79942 seconds
Resulting Fitness: 0.588889
-------------
Particle: 19:
Relays Coordinates:
86.2022, 122.618
128.534, 89.7626
111.177, 120.53
Evaluation Time: 1.31565 seconds
Resulting Fitness: 0.294444
-------------
Particle: 20:
Relays Coordinates:
82.1838, 95.4278
219.906, 98.8732
101.332, 236.516
Evaluation Time: 1.82082 seconds
Resulting Fitness: 0.563889
Current global best fitness: 0.619444
Current global best relays: 112.041, 93.2972
240.364, 121.81
122.615, 242.707
Particle 1 new velocities: 51.6474, 28.6058
99.7627, 21.6666
40.4244, 74.9022
Particle 2 new velocities: -2.27356, 38.6233
8.64194, -14.5996
-4.36979, 43.0409
Particle 3 new velocities: 27.8821, 21.424
57.3809, 25.2821
20.7162, 44.7279
Particle 4 new velocities: 47.6849, 39.652
83.2121, 50.3196
38.5907, 77.4455
Particle 5 new velocities: 63.0947, 61.0106
143.563, 81.2671
65.8755, 140.247
Particle 6 new velocities: -1.33706, -7.9168
-15.913, -5.42204
-14.2406, -13.5258
Particle 7 new velocities: 28.1803, 11.8728
50.2218, 24.4379
37.1047, 58.269
Particle 8 new velocities: 5.31312, 4.34808
19.0966, -15.7623
3.30717, 13.2668
Particle 9 new velocities: 17.5289, 11.4187
41.153, 22.5755
29.3856, 46.447
Particle 10 new velocities: 47.2454, 41.8288
93.1592, 43.3836
46.5255, 100.485
Particle 11 new velocities: 47.463, 51.102
97.435, 78.9508
40.6216, 78.2074
Particle 12 new velocities: 8.35831, 4.58161
18.3237, 11.033
12.0159, 22.1553
Particle 13 new velocities: 49.6246, 24.5127
94.1062, 40.0459
42.9284, 64.1007
Particle 14 new velocities: 37.7021, 28.5964
38.9465, 46.606
26.6702, 54.0049
Particle 15 new velocities: 37.0102, 26.1856
62.2812, 18.9146
47.1609, 107.454
Particle 16 new velocities: 43.36, 31.9944
87.1966, 35.7369
42.0591, 90.8979
Particle 17 new velocities: 32.524, 35.6533
78.3457, 63.4872
53.5939, 90.7367
Particle 18 new velocities: 36.4553, 33.1141
69.4139, 27.7746
49.3041, 79.2724
Particle 19 new velocities: 109.789, 270.454
199.008, 110.442
157.911, 228.844
Particle 20 new velocities: 76.1958, 65.1978
130.089, 73.374
74.1868, 157.884
-- ITERATION 19 --
-------------
Particle: 1:
Relays Coordinates:
126.959, 86.0496
261.42, 98.0266
129.451, 238.684
Evaluation Time: 1.84454 seconds
Resulting Fitness: 0.580556
-------------
Particle: 2:
Relays Coordinates:
112.438, 95.7321
229.048, 104.799
126.06, 249.611
Evaluation Time: 1.74956 seconds
Resulting Fitness: 0.6
New local best!
-------------
Particle: 3:
Relays Coordinates:
115.832, 102.897
246.769, 129.34
131.066, 255.171
Evaluation Time: 1.75005 seconds
Resulting Fitness: 0.563889
-------------
Particle: 4:
Relays Coordinates:
119.567, 89.0853
234.834, 116.897
113.603, 226.499
Evaluation Time: 1.65121 seconds
Resulting Fitness: 0.580556
-------------
Particle: 5:
Relays Coordinates:
116.677, 100.544
247.109, 120.421
129.225, 249.019
Evaluation Time: 1.74358 seconds
Resulting Fitness: 0.575
-------------
Particle: 6:
Relays Coordinates:
97.4895, 83.8885
211.57, 114.852
98.3876, 231.452
Evaluation Time: 1.6378 seconds
Resulting Fitness: 0.544444
-------------
Particle: 7:
Relays Coordinates:
100.477, 80.3446
227.051, 108.425
110.237, 226.247
Evaluation Time: 1.6619 seconds
Resulting Fitness: 0.577778
-------------
Particle: 8:
Relays Coordinates:
113.856, 96.5165
244.055, 103.257
121.367, 242.976
Evaluation Time: 1.70034 seconds
Resulting Fitness: 0.6
-------------
Particle: 9:
Relays Coordinates:
107.12, 86.966
228.172, 111.417
124.951, 236.453
Evaluation Time: 1.68102 seconds
Resulting Fitness: 0.591667
-------------
Particle: 10:
Relays Coordinates:
118.99, 92.6865
250.585, 122.166
118.467, 244.21
Evaluation Time: 1.75352 seconds
Resulting Fitness: 0.605556
-------------
Particle: 11:
Relays Coordinates:
98.3846, 93.9924
233.73, 131.932
111.824, 220.397
Evaluation Time: 1.62054 seconds
Resulting Fitness: 0.566667
-------------
Particle: 12:
Relays Coordinates:
108.189, 88.5568
241.636, 124.2
117.163, 242.655
Evaluation Time: 1.71012 seconds
Resulting Fitness: 0.597222
-------------
Particle: 13:
Relays Coordinates:
122.57, 90.5743
251.649, 129.403
128.471, 235.335
Evaluation Time: 1.83803 seconds
Resulting Fitness: 0.586111
-------------
Particle: 14:
Relays Coordinates:
115.439, 98.1236
236.405, 142.448
121.396, 240.09
Evaluation Time: 1.7079 seconds
Resulting Fitness: 0.586111
-------------
Particle: 15:
Relays Coordinates:
95.7291, 80.0426
194.336, 98.9303
120.979, 218.255
Evaluation Time: 1.69136 seconds
Resulting Fitness: 0.505556
-------------
Particle: 16:
Relays Coordinates:
108.744, 86.12
220.245, 105.634
114.338, 234.401
Evaluation Time: 1.73364 seconds
Resulting Fitness: 0.566667
-------------
Particle: 17:
Relays Coordinates:
109.257, 95.8728
242.531, 145.4
144.179, 252.671
Evaluation Time: 1.89623 seconds
Resulting Fitness: 0.608333
New local best!
-------------
Particle: 18:
Relays Coordinates:
108.7, 89.9678
217.659, 109.333
119.412, 227.469
Evaluation Time: 1.70362 seconds
Resulting Fitness: 0.583333
-------------
Particle: 19:
Relays Coordinates:
75.9311, 152.284
126.897, 77.5635
104.25, 135.355
Evaluation Time: 1.29212 seconds
Resulting Fitness: 0.308333
-------------
Particle: 20:
Relays Coordinates:
103.913, 105.386
229.632, 113.011
115.158, 258.766
Evaluation Time: 1.82409 seconds
Resulting Fitness: 0.583333
Current global best fitness: 0.619444
Current global best relays: 112.041, 93.2972
240.364, 121.81
122.615, 242.707
Particle 1 new velocities: 22.1044, 8.38219
58.631, 34.6469
36.0689, 36.7585
Particle 2 new velocities: -1.99359, 28.6612
8.77961, 8.85956
-4.77343, 25.7681
Particle 3 new velocities: 7.11387, 13.9355
23.3229, -0.900101
13.7462, 15.0863
Particle 4 new velocities: 29.5642, 37.4337
71.1504, 42.0678
33.4574, 98.682
Particle 5 new velocities: 45.9228, 39.0348
87.6612, 39.6972
48.7028, 94.5758
Particle 6 new velocities: 13.9432, 15.8853
48.4321, 7.22474
27.4797, -1.62892
Particle 7 new velocities: 41.099, 26.1753
44.2682, 46.7221
35.0927, 69.8701
Particle 8 new velocities: 0.630235, 2.92044
4.55674, 1.87864
8.47223, -10.7225
Particle 9 new velocities: 24.7233, 14.1373
51.0473, 33.8239
20.5617, 58.6222
Particle 10 new velocities: 22.6381, 33.6179
77.1636, 34.7061
45.1493, 78.8204
Particle 11 new velocities: 49.2789, 46.651
87.9268, 47.7891
56.4164, 134.189
Particle 12 new velocities: 9.23975, 11.1033
13.5877, 2.42484
13.5851, 15.5562
Particle 13 new velocities: 19.0364, 30.1617
59.7777, 30.6003
31.6288, 67.2916
Particle 14 new velocities: 27.1276, 17.5717
36.1483, 14.6525
23.1539, 44.7185
Particle 15 new velocities: 64.9324, 25.7705
125.633, 52.7827
44.6359, 136.073
Particle 16 new velocities: 39.6099, 34.2735
110.67, 59.1353
37.5337, 78.5777
Particle 17 new velocities: 27.4517, 26.6387
60.1172, 48.1789
41.4909, 60.9979
Particle 18 new velocities: 32.9257, 42.2893
84.2789, 31.2994
32.9534, 94.2799
Particle 19 new velocities: 122.984, 168.131
282.948, 103.435
221.193, 482.734
Particle 20 new velocities: 59.0779, 33.7544
123.684, 67.9413
52.6482, 90.6171
Final Evaluation Time: 710.454 seconds
Final global best fitness: 0.619444
Final global best relays:
112.041, 93.2972
240.364, 121.81
122.615, 242.707
