pair,seed,relays,width,height,nodes,network_config,evaluations,pso_best_pdr,naive_best_pdr,delta_pdr,naive_failed,naive_failed_before_checkpoint,naive_last_logged_iteration
1,525339,2,500.0,500.0,,1,20,0.372222,0.372222,0.0,False,False,168
1,525339,2,500.0,500.0,,1,40,0.405556,0.372222,0.03333400000000003,False,False,168
1,525339,2,500.0,500.0,,1,60,0.408333,0.411111,-0.0027780000000000027,False,False,168
1,525339,2,500.0,500.0,,1,80,0.408333,0.411111,-0.0027780000000000027,False,False,168
1,525339,2,500.0,500.0,,1,100,0.413889,0.411111,0.0027780000000000027,False,False,168
1,525339,2,500.0,500.0,,1,120,0.419444,0.411111,0.00833299999999998,False,False,168
1,525339,2,500.0,500.0,,1,140,0.444444,0.411111,0.033333,False,False,168
1,525339,2,500.0,500.0,,1,160,0.444444,0.411111,0.033333,False,False,168
1,525339,2,500.0,500.0,,1,180,0.444444,0.425,0.019444000000000017,False,False,168
1,525339,2,500.0,500.0,,1,200,0.444444,0.425,0.019444000000000017,False,False,168
1,525339,2,500.0,500.0,,1,220,0.444444,0.425,0.019444000000000017,False,False,168
1,525339,2,500.0,500.0,,1,240,0.444444,0.425,0.019444000000000017,False,False,168
1,525339,2,500.0,500.0,,1,260,0.444444,0.425,0.019444000000000017,False,False,168
1,525339,2,500.0,500.0,,1,280,0.444444,0.425,0.019444000000000017,False,False,168
1,525339,2,500.0,500.0,,1,300,0.444444,0.425,0.019444000000000017,False,False,168
1,525339,2,500.0,500.0,,1,320,0.444444,0.425,0.019444000000000017,False,False,168
1,525339,2,500.0,500.0,,1,340,0.444444,0.425,0.019444000000000017,False,False,168
1,525339,2,500.0,500.0,,1,360,0.444444,0.425,0.019444000000000017,False,False,168
1,525339,2,500.0,500.0,,1,380,0.444444,0.425,0.019444000000000017,False,False,168
1,525339,2,500.0,500.0,,1,400,0.444444,0.425,0.019444000000000017,False,False,168
2,864365,2,500.0,500.0,,1,20,0.35,0.35,0.0,False,False,148
2,864365,2,500.0,500.0,,1,40,0.358333,0.366667,-0.008334000000000008,False,False,148
2,864365,2,500.0,500.0,,1,60,0.363889,0.366667,-0.0027780000000000027,False,False,148
2,864365,2,500.0,500.0,,1,80,0.363889,0.366667,-0.0027780000000000027,False,False,148
2,864365,2,500.0,500.0,,1,100,0.363889,0.366667,-0.0027780000000000027,False,False,148
2,864365,2,500.0,500.0,,1,120,0.375,0.366667,0.00833299999999998,False,False,148
2,864365,2,500.0,500.0,,1,140,0.375,0.366667,0.00833299999999998,False,False,148
2,864365,2,500.0,500.0,,1,160,0.380556,0.397222,-0.016666000000000014,False,False,148
2,864365,2,500.0,500.0,,1,180,0.380556,0.397222,-0.016666000000000014,False,False,148
2,864365,2,500.0,500.0,,1,200,0.380556,0.397222,-0.016666000000000014,False,False,148
2,864365,2,500.0,500.0,,1,220,0.380556,0.397222,-0.016666000000000014,False,False,148
2,864365,2,500.0,500.0,,1,240,0.386111,0.397222,-0.011111000000000038,False,False,148
2,864365,2,500.0,500.0,,1,260,0.386111,0.397222,-0.011111000000000038,False,False,148
2,864365,2,500.0,500.0,,1,280,0.386111,0.397222,-0.011111000000000038,False,False,148
2,864365,2,500.0,500.0,,1,300,0.386111,0.397222,-0.011111000000000038,False,False,148
2,864365,2,500.0,500.0,,1,320,0.386111,0.397222,-0.011111000000000038,False,False,148
2,864365,2,500.0,500.0,,1,340,0.386111,0.397222,-0.011111000000000038,False,False,148
2,864365,2,500.0,500.0,,1,360,0.386111,0.397222,-0.011111000000000038,False,False,148
2,864365,2,500.0,500.0,,1,380,0.386111,0.397222,-0.011111000000000038,False,False,148
2,864365,2,500.0,500.0,,1,400,0.386111,0.397222,-0.011111000000000038,False,False,148
3,67358,2,500.0,500.0,,1,20,0.419444,0.419444,0.0,False,False,343
3,67358,2,500.0,500.0,,1,40,0.419444,0.472222,-0.05277799999999999,False,False,343
3,67358,2,500.0,500.0,,1,60,0.444444,0.472222,-0.02777799999999997,False,False,343
3,67358,2,500.0,500.0,,1,80,0.45,0.472222,-0.022221999999999964,False,False,343
3,67358,2,500.0,500.0,,1,100,0.483333,0.472222,0.011111000000000038,False,False,343
3,67358,2,500.0,500.0,,1,120,0.483333,0.472222,0.011111000000000038,False,False,343
3,67358,2,500.0,500.0,,1,140,0.486111,0.472222,0.01388900000000004,False,False,343
3,67358,2,500.0,500.0,,1,160,0.488889,0.472222,0.016667000000000043,False,False,343
3,67358,2,500.0,500.0,,1,180,0.497222,0.472222,0.025000000000000022,False,False,343
3,67358,2,500.0,500.0,,1,200,0.497222,0.472222,0.025000000000000022,False,False,343
3,67358,2,500.0,500.0,,1,220,0.497222,0.472222,0.025000000000000022,False,False,343
3,67358,2,500.0,500.0,,1,240,0.497222,0.472222,0.025000000000000022,False,False,343
3,67358,2,500.0,500.0,,1,260,0.497222,0.472222,0.025000000000000022,False,False,343
3,67358,2,500.0,500.0,,1,280,0.497222,0.472222,0.025000000000000022,False,False,343
3,67358,2,500.0,500.0,,1,300,0.497222,0.472222,0.025000000000000022,False,False,343
3,67358,2,500.0,500.0,,1,320,0.497222,0.472222,0.025000000000000022,False,False,343
3,67358,2,500.0,500.0,,1,340,0.497222,0.472222,0.025000000000000022,False,False,343
3,67358,2,500.0,500.0,,1,360,0.497222,0.477778,0.019444000000000017,False,False,343
3,67358,2,500.0,500.0,,1,380,0.497222,0.477778,0.019444000000000017,False,False,343
3,67358,2,500.0,500.0,,1,400,0.497222,0.477778,0.019444000000000017,False,False,343
4,747263,2,500.0,500.0,,1,20,0.425,0.425,0.0,False,False,133
4,747263,2,500.0,500.0,,1,40,0.425,0.425,0.0,False,False,133
4,747263,2,500.0,500.0,,1,60,0.425,0.425,0.0,False,False,133
4,747263,2,500.0,500.0,,1,80,0.438889,0.438889,0.0,False,False,133
4,747263,2,500.0,500.0,,1,100,0.441667,0.438889,0.0027780000000000027,False,False,133
4,747263,2,500.0,500.0,,1,120,0.452778,0.438889,0.01388900000000004,False,False,133
4,747263,2,500.0,500.0,,1,140,0.461111,0.463889,-0.0027780000000000027,False,False,133
4,747263,2,500.0,500.0,,1,160,0.461111,0.463889,-0.0027780000000000027,False,False,133
4,747263,2,500.0,500.0,,1,180,0.461111,0.463889,-0.0027780000000000027,False,False,133
4,747263,2,500.0,500.0,,1,200,0.461111,0.463889,-0.0027780000000000027,False,False,133
4,747263,2,500.0,500.0,,1,220,0.461111,0.463889,-0.0027780000000000027,False,False,133
4,747263,2,500.0,500.0,,1,240,0.461111,0.463889,-0.0027780000000000027,False,False,133
4,747263,2,500.0,500.0,,1,260,0.461111,0.463889,-0.0027780000000000027,False,False,133
4,747263,2,500.0,500.0,,1,280,0.461111,0.463889,-0.0027780000000000027,False,False,133
4,747263,2,500.0,500.0,,1,300,0.461111,0.463889,-0.0027780000000000027,False,False,133
4,747263,2,500.0,500.0,,1,320,0.461111,0.463889,-0.0027780000000000027,False,False,133
4,747263,2,500.0,500.0,,1,340,0.461111,0.463889,-0.0027780000000000027,False,False,133
4,747263,2,500.0,500.0,,1,360,0.461111,0.463889,-0.0027780000000000027,False,False,133
4,747263,2,500.0,500.0,,1,380,0.461111,0.463889,-0.0027780000000000027,False,False,133
4,747263,2,500.0,500.0,,1,400,0.461111,0.463889,-0.0027780000000000027,False,False,133
5,677807,2,500.0,500.0,,1,20,0.466667,0.466667,0.0,False,False,168
5,677807,2,500.0,500.0,,1,40,0.466667,0.466667,0.0,False,False,168
5,677807,2,500.0,500.0,,1,60,0.497222,0.466667,0.030555,False,False,168
5,677807,2,500.0,500.0,,1,80,0.497222,0.466667,0.030555,False,False,168
5,677807,2,500.0,500.0,,1,100,0.5,0.466667,0.033333,False,False,168
5,677807,2,500.0,500.0,,1,120,0.511111,0.466667,0.044443999999999984,False,False,168
5,677807,2,500.0,500.0,,1,140,0.513889,0.469444,0.04444500000000007,False,False,168
5,677807,2,500.0,500.0,,1,160,0.513889,0.469444,0.04444500000000007,False,False,168
5,677807,2,500.0,500.0,,1,180,0.516667,0.475,0.04166700000000001,False,False,168
5,677807,2,500.0,500.0,,1,200,0.516667,0.475,0.04166700000000001,False,False,168
5,677807,2,500.0,500.0,,1,220,0.516667,0.475,0.04166700000000001,False,False,168
5,677807,2,500.0,500.0,,1,240,0.516667,0.475,0.04166700000000001,False,False,168
5,677807,2,500.0,500.0,,1,260,0.516667,0.475,0.04166700000000001,False,False,168
5,677807,2,500.0,500.0,,1,280,0.516667,0.475,0.04166700000000001,False,False,168
5,677807,2,500.0,500.0,,1,300,0.516667,0.475,0.04166700000000001,False,False,168
5,677807,2,500.0,500.0,,1,320,0.516667,0.475,0.04166700000000001,False,False,168
5,677807,2,500.0,500.0,,1,340,0.516667,0.475,0.04166700000000001,False,False,168
5,677807,2,500.0,500.0,,1,360,0.516667,0.475,0.04166700000000001,False,False,168
5,677807,2,500.0,500.0,,1,380,0.516667,0.475,0.04166700000000001,False,False,168
5,677807,2,500.0,500.0,,1,400,0.516667,0.475,0.04166700000000001,False,False,168
6,806219,2,500.0,500.0,,1,20,0.347222,0.347222,0.0,False,False,192
6,806219,2,500.0,500.0,,1,40,0.35,0.369444,-0.019444000000000017,False,False,192
6,806219,2,500.0,500.0,,1,60,0.358333,0.397222,-0.03888900000000001,False,False,192
6,806219,2,500.0,500.0,,1,80,0.397222,0.397222,0.0,False,False,192
6,806219,2,500.0,500.0,,1,100,0.405556,0.397222,0.008334000000000008,False,False,192
6,806219,2,500.0,500.0,,1,120,0.405556,0.397222,0.008334000000000008,False,False,192
6,806219,2,500.0,500.0,,1,140,0.405556,0.397222,0.008334000000000008,False,False,192
6,806219,2,500.0,500.0,,1,160,0.405556,0.408333,-0.002776999999999974,False,False,192
6,806219,2,500.0,500.0,,1,180,0.405556,0.408333,-0.002776999999999974,False,False,192
6,806219,2,500.0,500.0,,1,200,0.405556,0.416667,-0.011110999999999982,False,False,192
6,806219,2,500.0,500.0,,1,220,0.405556,0.416667,-0.011110999999999982,False,False,192
6,806219,2,500.0,500.0,,1,240,0.411111,0.416667,-0.005556000000000005,False,False,192
6,806219,2,500.0,500.0,,1,260,0.416667,0.416667,0.0,False,False,192
6,806219,2,500.0,500.0,,1,280,0.416667,0.416667,0.0,False,False,192
6,806219,2,500.0,500.0,,1,300,0.422222,0.416667,0.005554999999999977,False,False,192
6,806219,2,500.0,500.0,,1,320,0.430556,0.416667,0.013888999999999985,False,False,192
6,806219,2,500.0,500.0,,1,340,0.430556,0.416667,0.013888999999999985,False,False,192
6,806219,2,500.0,500.0,,1,360,0.430556,0.416667,0.013888999999999985,False,False,192
6,806219,2,500.0,500.0,,1,380,0.430556,0.416667,0.013888999999999985,False,False,192
6,806219,2,500.0,500.0,,1,400,0.430556,0.416667,0.013888999999999985,False,False,192
7,76126870,2,500.0,500.0,,1,20,0.408333,0.408333,0.0,False,False,227
7,76126870,2,500.0,500.0,,1,40,0.447222,0.408333,0.03888900000000001,False,False,227
7,76126870,2,500.0,500.0,,1,60,0.477778,0.408333,0.06944499999999998,False,False,227
7,76126870,2,500.0,500.0,,1,80,0.477778,0.408333,0.06944499999999998,False,False,227
7,76126870,2,500.0,500.0,,1,100,0.477778,0.408333,0.06944499999999998,False,False,227
7,76126870,2,500.0,500.0,,1,120,0.477778,0.408333,0.06944499999999998,False,False,227
7,76126870,2,500.0,500.0,,1,140,0.477778,0.408333,0.06944499999999998,False,False,227
7,76126870,2,500.0,500.0,,1,160,0.477778,0.411111,0.06666699999999998,False,False,227
7,76126870,2,500.0,500.0,,1,180,0.477778,0.416667,0.06111099999999997,False,False,227
7,76126870,2,500.0,500.0,,1,200,0.477778,0.416667,0.06111099999999997,False,False,227
7,76126870,2,500.0,500.0,,1,220,0.477778,0.416667,0.06111099999999997,False,False,227
7,76126870,2,500.0,500.0,,1,240,0.477778,0.452778,0.024999999999999967,False,False,227
7,76126870,2,500.0,500.0,,1,260,0.477778,0.452778,0.024999999999999967,False,False,227
7,76126870,2,500.0,500.0,,1,280,0.477778,0.452778,0.024999999999999967,False,False,227
7,76126870,2,500.0,500.0,,1,300,0.477778,0.452778,0.024999999999999967,False,False,227
7,76126870,2,500.0,500.0,,1,320,0.477778,0.452778,0.024999999999999967,False,False,227
7,76126870,2,500.0,500.0,,1,340,0.477778,0.452778,0.024999999999999967,False,False,227
7,76126870,2,500.0,500.0,,1,360,0.477778,0.452778,0.024999999999999967,False,False,227
7,76126870,2,500.0,500.0,,1,380,0.477778,0.452778,0.024999999999999967,False,False,227
7,76126870,2,500.0,500.0,,1,400,0.477778,0.452778,0.024999999999999967,False,False,227
8,74509218,2,500.0,500.0,,1,20,0.430556,0.430556,0.0,False,False,50
8,74509218,2,500.0,500.0,,1,40,0.430556,0.447222,-0.016666000000000014,False,False,50
8,74509218,2,500.0,500.0,,1,60,0.433333,0.458333,-0.024999999999999967,False,False,50
8,74509218,2,500.0,500.0,,1,80,0.447222,0.458333,-0.011110999999999982,False,False,50
8,74509218,2,500.0,500.0,,1,100,0.447222,0.458333,-0.011110999999999982,False,False,50
8,74509218,2,500.0,500.0,,1,120,0.447222,0.458333,-0.011110999999999982,False,False,50
8,74509218,2,500.0,500.0,,1,140,0.447222,0.458333,-0.011110999999999982,False,False,50
8,74509218,2,500.0,500.0,,1,160,0.447222,0.458333,-0.011110999999999982,False,False,50
8,74509218,2,500.0,500.0,,1,180,0.447222,0.458333,-0.011110999999999982,False,False,50
8,74509218,2,500.0,500.0,,1,200,0.45,0.458333,-0.00833299999999998,False,False,50
8,74509218,2,500.0,500.0,,1,220,0.45,0.458333,-0.00833299999999998,False,False,50
8,74509218,2,500.0,500.0,,1,240,0.45,0.458333,-0.00833299999999998,False,False,50
8,74509218,2,500.0,500.0,,1,260,0.45,0.458333,-0.00833299999999998,False,False,50
8,74509218,2,500.0,500.0,,1,280,0.45,0.458333,-0.00833299999999998,False,False,50
8,74509218,2,500.0,500.0,,1,300,0.45,0.458333,-0.00833299999999998,False,False,50
8,74509218,2,500.0,500.0,,1,320,0.455556,0.458333,-0.002776999999999974,False,False,50
8,74509218,2,500.0,500.0,,1,340,0.455556,0.458333,-0.002776999999999974,False,False,50
8,74509218,2,500.0,500.0,,1,360,0.463889,0.458333,0.005556000000000005,False,False,50
8,74509218,2,500.0,500.0,,1,380,0.463889,0.458333,0.005556000000000005,False,False,50
8,74509218,2,500.0,500.0,,1,400,0.463889,0.458333,0.005556000000000005,False,False,50
9,1664576,2,500.0,500.0,,1,20,0.444444,0.444444,0.0,False,False,8
9,1664576,2,500.0,500.0,,1,40,0.444444,0.444444,0.0,False,False,8
9,1664576,2,500.0,500.0,,1,60,0.444444,0.444444,0.0,False,False,8
9,1664576,2,500.0,500.0,,1,80,0.444444,0.444444,0.0,False,False,8
9,1664576,2,500.0,500.0,,1,100,0.444444,0.444444,0.0,False,False,8
9,1664576,2,500.0,500.0,,1,120,0.444444,0.444444,0.0,False,False,8
9,1664576,2,500.0,500.0,,1,140,0.455556,0.444444,0.01111200000000001,False,False,8
9,1664576,2,500.0,500.0,,1,160,0.455556,0.444444,0.01111200000000001,False,False,8
9,1664576,2,500.0,500.0,,1,180,0.458333,0.444444,0.013888999999999985,False,False,8
9,1664576,2,500.0,500.0,,1,200,0.466667,0.444444,0.022222999999999993,False,False,8
9,1664576,2,500.0,500.0,,1,220,0.466667,0.444444,0.022222999999999993,False,False,8
9,1664576,2,500.0,500.0,,1,240,0.466667,0.444444,0.022222999999999993,False,False,8
9,1664576,2,500.0,500.0,,1,260,0.466667,0.444444,0.022222999999999993,False,False,8
9,1664576,2,500.0,500.0,,1,280,0.466667,0.444444,0.022222999999999993,False,False,8
9,1664576,2,500.0,500.0,,1,300,0.466667,0.444444,0.022222999999999993,False,False,8
9,1664576,2,500.0,500.0,,1,320,0.466667,0.444444,0.022222999999999993,False,False,8
9,1664576,2,500.0,500.0,,1,340,0.466667,0.444444,0.022222999999999993,False,False,8
9,1664576,2,500.0,500.0,,1,360,0.466667,0.444444,0.022222999999999993,False,False,8
9,1664576,2,500.0,500.0,,1,380,0.466667,0.444444,0.022222999999999993,False,False,8
9,1664576,2,500.0,500.0,,1,400,0.466667,0.444444,0.022222999999999993,False,False,8
10,40063030,2,500.0,500.0,,1,20,0.405556,0.405556,0.0,False,False,282
10,40063030,2,500.0,500.0,,1,40,0.427778,0.436111,-0.008333000000000035,False,False,282
10,40063030,2,500.0,500.0,,1,60,0.438889,0.436111,0.002777999999999947,False,False,282
10,40063030,2,500.0,500.0,,1,80,0.438889,0.436111,0.002777999999999947,False,False,282
10,40063030,2,500.0,500.0,,1,100,0.461111,0.436111,0.024999999999999967,False,False,282
10,40063030,2,500.0,500.0,,1,120,0.461111,0.436111,0.024999999999999967,False,False,282
10,40063030,2,500.0,500.0,,1,140,0.472222,0.436111,0.03611099999999995,False,False,282
10,40063030,2,500.0,500.0,,1,160,0.472222,0.436111,0.03611099999999995,False,False,282
10,40063030,2,500.0,500.0,,1,180,0.472222,0.436111,0.03611099999999995,False,False,282
10,40063030,2,500.0,500.0,,1,200,0.472222,0.45,0.022221999999999964,False,False,282
10,40063030,2,500.0,500.0,,1,220,0.475,0.45,0.024999999999999967,False,False,282
10,40063030,2,500.0,500.0,,1,240,0.475,0.45,0.024999999999999967,False,False,282
10,40063030,2,500.0,500.0,,1,260,0.475,0.45,0.024999999999999967,False,False,282
10,40063030,2,500.0,500.0,,1,280,0.475,0.45,0.024999999999999967,False,False,282
10,40063030,2,500.0,500.0,,1,300,0.480556,0.458333,0.022222999999999993,False,False,282
10,40063030,2,500.0,500.0,,1,320,0.480556,0.458333,0.022222999999999993,False,False,282
10,40063030,2,500.0,500.0,,1,340,0.480556,0.458333,0.022222999999999993,False,False,282
10,40063030,2,500.0,500.0,,1,360,0.480556,0.458333,0.022222999999999993,False,False,282
10,40063030,2,500.0,500.0,,1,380,0.480556,0.458333,0.022222999999999993,False,False,282
10,40063030,2,500.0,500.0,,1,400,0.480556,0.458333,0.022222999999999993,False,False,282
11,38032146,2,500.0,500.0,,1,20,0.419444,0.419444,0.0,False,False,249
11,38032146,2,500.0,500.0,,1,40,0.452778,0.419444,0.03333400000000003,False,False,249
11,38032146,2,500.0,500.0,,1,60,0.452778,0.419444,0.03333400000000003,False,False,249
11,38032146,2,500.0,500.0,,1,80,0.452778,0.419444,0.03333400000000003,False,False,249
11,38032146,2,500.0,500.0,,1,100,0.452778,0.419444,0.03333400000000003,False,False,249
11,38032146,2,500.0,500.0,,1,120,0.461111,0.419444,0.04166700000000001,False,False,249
11,38032146,2,500.0,500.0,,1,140,0.461111,0.419444,0.04166700000000001,False,False,249
11,38032146,2,500.0,500.0,,1,160,0.472222,0.419444,0.05277799999999999,False,False,249
11,38032146,2,500.0,500.0,,1,180,0.472222,0.419444,0.05277799999999999,False,False,249
11,38032146,2,500.0,500.0,,1,200,0.472222,0.419444,0.05277799999999999,False,False,249
11,38032146,2,500.0,500.0,,1,220,0.477778,0.419444,0.058334,False,False,249
11,38032146,2,500.0,500.0,,1,240,0.480556,0.419444,0.061112,False,False,249
11,38032146,2,500.0,500.0,,1,260,0.480556,0.45,0.030555999999999972,False,False,249
11,38032146,2,500.0,500.0,,1,280,0.483333,0.45,0.033333,False,False,249
11,38032146,2,500.0,500.0,,1,300,0.486111,0.45,0.036111000000000004,False,False,249
11,38032146,2,500.0,500.0,,1,320,0.486111,0.45,0.036111000000000004,False,False,249
11,38032146,2,500.0,500.0,,1,340,0.486111,0.45,0.036111000000000004,False,False,249
11,38032146,2,500.0,500.0,,1,360,0.486111,0.45,0.036111000000000004,False,False,249
11,38032146,2,500.0,500.0,,1,380,0.486111,0.45,0.036111000000000004,False,False,249
11,38032146,2,500.0,500.0,,1,400,0.486111,0.45,0.036111000000000004,False,False,249
12,74485470,2,500.0,500.0,,1,20,0.422222,0.422222,0.0,False,False,108
12,74485470,2,500.0,500.0,,1,40,0.480556,0.422222,0.058334,False,False,108
12,74485470,2,500.0,500.0,,1,60,0.486111,0.425,0.061111000000000026,False,False,108
12,74485470,2,500.0,500.0,,1,80,0.486111,0.436111,0.04999999999999999,False,False,108
12,74485470,2,500.0,500.0,,1,100,0.491667,0.436111,0.055555999999999994,False,False,108
12,74485470,2,500.0,500.0,,1,120,0.494444,0.488889,0.005554999999999977,False,False,108
12,74485470,2,500.0,500.0,,1,140,0.494444,0.488889,0.005554999999999977,False,False,108
12,74485470,2,500.0,500.0,,1,160,0.497222,0.488889,0.00833299999999998,False,False,108
12,74485470,2,500.0,500.0,,1,180,0.497222,0.488889,0.00833299999999998,False,False,108
12,74485470,2,500.0,500.0,,1,200,0.5,0.488889,0.011110999999999982,False,False,108
12,74485470,2,500.0,500.0,,1,220,0.5,0.488889,0.011110999999999982,False,False,108
12,74485470,2,500.0,500.0,,1,240,0.5,0.488889,0.011110999999999982,False,False,108
12,74485470,2,500.0,500.0,,1,260,0.5,0.488889,0.011110999999999982,False,False,108
12,74485470,2,500.0,500.0,,1,280,0.5,0.488889,0.011110999999999982,False,False,108
12,74485470,2,500.0,500.0,,1,300,0.5,0.488889,0.011110999999999982,False,False,108
12,74485470,2,500.0,500.0,,1,320,0.5,0.488889,0.011110999999999982,False,False,108
12,74485470,2,500.0,500.0,,1,340,0.5,0.488889,0.011110999999999982,False,False,108
12,74485470,2,500.0,500.0,,1,360,0.5,0.488889,0.011110999999999982,False,False,108
12,74485470,2,500.0,500.0,,1,380,0.5,0.488889,0.011110999999999982,False,False,108
12,74485470,2,500.0,500.0,,1,400,0.5,0.488889,0.011110999999999982,False,False,108
13,525339,2,500.0,500.0,,2,20,0.255556,0.255556,0.0,False,False,299
13,525339,2,500.0,500.0,,2,40,0.269444,0.291667,-0.022222999999999993,False,False,299
13,525339,2,500.0,500.0,,2,60,0.283333,0.291667,-0.008334000000000008,False,False,299
13,525339,2,500.0,500.0,,2,80,0.319444,0.291667,0.027776999999999996,False,False,299
13,525339,2,500.0,500.0,,2,100,0.319444,0.291667,0.027776999999999996,False,False,299
13,525339,2,500.0,500.0,,2,120,0.319444,0.291667,0.027776999999999996,False,False,299
13,525339,2,500.0,500.0,,2,140,0.319444,0.291667,0.027776999999999996,False,False,299
13,525339,2,500.0,500.0,,2,160,0.322222,0.291667,0.030555,False,False,299
13,525339,2,500.0,500.0,,2,180,0.322222,0.291667,0.030555,False,False,299
13,525339,2,500.0,500.0,,2,200,0.325,0.291667,0.033333,False,False,299
13,525339,2,500.0,500.0,,2,220,0.325,0.291667,0.033333,False,False,299
13,525339,2,500.0,500.0,,2,240,0.325,0.291667,0.033333,False,False,299
13,525339,2,500.0,500.0,,2,260,0.330556,0.291667,0.03888900000000001,False,False,299
13,525339,2,500.0,500.0,,2,280,0.333333,0.291667,0.04166599999999998,False,False,299
13,525339,2,500.0,500.0,,2,300,0.333333,0.3,0.033333,False,False,299
13,525339,2,500.0,500.0,,2,320,0.333333,0.3,0.033333,False,False,299
13,525339,2,500.0,500.0,,2,340,0.333333,0.3,0.033333,False,False,299
13,525339,2,500.0,500.0,,2,360,0.333333,0.3,0.033333,False,False,299
13,525339,2,500.0,500.0,,2,380,0.333333,0.3,0.033333,False,False,299
13,525339,2,500.0,500.0,,2,400,0.333333,0.3,0.033333,False,False,299
14,864365,2,500.0,500.0,,2,20,0.258333,0.258333,0.0,False,False,195
14,864365,2,500.0,500.0,,2,40,0.275,0.258333,0.016667000000000043,False,False,195
14,864365,2,500.0,500.0,,2,60,0.277778,0.269444,0.008334000000000008,False,False,195
14,864365,2,500.0,500.0,,2,80,0.280556,0.269444,0.01111200000000001,False,False,195
14,864365,2,500.0,500.0,,2,100,0.280556,0.269444,0.01111200000000001,False,False,195
14,864365,2,500.0,500.0,,2,120,0.3,0.269444,0.030555999999999972,False,False,195
14,864365,2,500.0,500.0,,2,140,0.3,0.269444,0.030555999999999972,False,False,195
14,864365,2,500.0,500.0,,2,160,0.3,0.280556,0.01944399999999996,False,False,195
14,864365,2,500.0,500.0,,2,180,0.3,0.280556,0.01944399999999996,False,False,195
14,864365,2,500.0,500.0,,2,200,0.3,0.291667,0.00833299999999998,False,False,195
14,864365,2,500.0,500.0,,2,220,0.3,0.291667,0.00833299999999998,False,False,195
14,864365,2,500.0,500.0,,2,240,0.3,0.291667,0.00833299999999998,False,False,195
14,864365,2,500.0,500.0,,2,260,0.3,0.291667,0.00833299999999998,False,False,195
14,864365,2,500.0,500.0,,2,280,0.3,0.291667,0.00833299999999998,False,False,195
14,864365,2,500.0,500.0,,2,300,0.3,0.291667,0.00833299999999998,False,False,195
14,864365,2,500.0,500.0,,2,320,0.3,0.291667,0.00833299999999998,False,False,195
14,864365,2,500.0,500.0,,2,340,0.3,0.291667,0.00833299999999998,False,False,195
14,864365,2,500.0,500.0,,2,360,0.3,0.291667,0.00833299999999998,False,False,195
14,864365,2,500.0,500.0,,2,380,0.3,0.291667,0.00833299999999998,False,False,195
14,864365,2,500.0,500.0,,2,400,0.3,0.291667,0.00833299999999998,False,False,195
15,67358,2,500.0,500.0,,2,20,0.233333,0.233333,0.0,False,False,202
15,67358,2,500.0,500.0,,2,40,0.288889,0.302778,-0.013888999999999985,False,False,202
15,67358,2,500.0,500.0,,2,60,0.288889,0.330556,-0.04166700000000001,False,False,202
15,67358,2,500.0,500.0,,2,80,0.288889,0.330556,-0.04166700000000001,False,False,202
15,67358,2,500.0,500.0,,2,100,0.3,0.330556,-0.030556000000000028,False,False,202
15,67358,2,500.0,500.0,,2,120,0.3,0.330556,-0.030556000000000028,False,False,202
15,67358,2,500.0,500.0,,2,140,0.3,0.330556,-0.030556000000000028,False,False,202
15,67358,2,500.0,500.0,,2,160,0.3,0.330556,-0.030556000000000028,False,False,202
15,67358,2,500.0,500.0,,2,180,0.308333,0.330556,-0.022222999999999993,False,False,202
15,67358,2,500.0,500.0,,2,200,0.308333,0.330556,-0.022222999999999993,False,False,202
15,67358,2,500.0,500.0,,2,220,0.319444,0.344444,-0.024999999999999967,False,False,202
15,67358,2,500.0,500.0,,2,240,0.319444,0.344444,-0.024999999999999967,False,False,202
15,67358,2,500.0,500.0,,2,260,0.319444,0.344444,-0.024999999999999967,False,False,202
15,67358,2,500.0,500.0,,2,280,0.319444,0.344444,-0.024999999999999967,False,False,202
15,67358,2,500.0,500.0,,2,300,0.319444,0.344444,-0.024999999999999967,False,False,202
15,67358,2,500.0,500.0,,2,320,0.319444,0.344444,-0.024999999999999967,False,False,202
15,67358,2,500.0,500.0,,2,340,0.330556,0.344444,-0.013887999999999956,False,False,202
15,67358,2,500.0,500.0,,2,360,0.336111,0.344444,-0.00833299999999998,False,False,202
15,67358,2,500.0,500.0,,2,380,0.336111,0.344444,-0.00833299999999998,False,False,202
15,67358,2,500.0,500.0,,2,400,0.336111,0.344444,-0.00833299999999998,False,False,202
16,747263,2,500.0,500.0,,2,20,0.297222,0.297222,0.0,False,False,72
16,747263,2,500.0,500.0,,2,40,0.297222,0.297222,0.0,False,False,72
16,747263,2,500.0,500.0,,2,60,0.297222,0.297222,0.0,False,False,72
16,747263,2,500.0,500.0,,2,80,0.302778,0.372222,-0.069444,False,False,72
16,747263,2,500.0,500.0,,2,100,0.341667,0.372222,-0.030555,False,False,72
16,747263,2,500.0,500.0,,2,120,0.380556,0.372222,0.008334000000000008,False,False,72
16,747263,2,500.0,500.0,,2,140,0.383333,0.372222,0.011110999999999982,False,False,72
16,747263,2,500.0,500.0,,2,160,0.383333,0.372222,0.011110999999999982,False,False,72
16,747263,2,500.0,500.0,,2,180,0.388889,0.372222,0.016666999999999987,False,False,72
16,747263,2,500.0,500.0,,2,200,0.388889,0.372222,0.016666999999999987,False,False,72
16,747263,2,500.0,500.0,,2,220,0.388889,0.372222,0.016666999999999987,False,False,72
16,747263,2,500.0,500.0,,2,240,0.388889,0.372222,0.016666999999999987,False,False,72
16,747263,2,500.0,500.0,,2,260,0.388889,0.372222,0.016666999999999987,False,False,72
16,747263,2,500.0,500.0,,2,280,0.391667,0.372222,0.01944499999999999,False,False,72
16,747263,2,500.0,500.0,,2,300,0.391667,0.372222,0.01944499999999999,False,False,72
16,747263,2,500.0,500.0,,2,320,0.397222,0.372222,0.025000000000000022,False,False,72
16,747263,2,500.0,500.0,,2,340,0.397222,0.372222,0.025000000000000022,False,False,72
16,747263,2,500.0,500.0,,2,360,0.397222,0.372222,0.025000000000000022,False,False,72
16,747263,2,500.0,500.0,,2,380,0.397222,0.372222,0.025000000000000022,False,False,72
16,747263,2,500.0,500.0,,2,400,0.397222,0.372222,0.025000000000000022,False,False,72
17,677807,2,500.0,500.0,,2,20,0.330556,0.330556,0.0,False,False,118
17,677807,2,500.0,500.0,,2,40,0.336111,0.330556,0.005554999999999977,False,False,118
17,677807,2,500.0,500.0,,2,60,0.347222,0.330556,0.01666599999999996,False,False,118
17,677807,2,500.0,500.0,,2,80,0.355556,0.333333,0.022222999999999993,False,False,118
17,677807,2,500.0,500.0,,2,100,0.361111,0.333333,0.027778000000000025,False,False,118
17,677807,2,500.0,500.0,,2,120,0.361111,0.352778,0.008333000000000035,False,False,118
17,677807,2,500.0,500.0,,2,140,0.361111,0.352778,0.008333000000000035,False,False,118
17,677807,2,500.0,500.0,,2,160,0.361111,0.352778,0.008333000000000035,False,False,118
17,677807,2,500.0,500.0,,2,180,0.361111,0.352778,0.008333000000000035,False,False,118
17,677807,2,500.0,500.0,,2,200,0.361111,0.352778,0.008333000000000035,False,False,118
17,677807,2,500.0,500.0,,2,220,0.361111,0.352778,0.008333000000000035,False,False,118
17,677807,2,500.0,500.0,,2,240,0.361111,0.352778,0.008333000000000035,False,False,118
17,677807,2,500.0,500.0,,2,260,0.361111,0.352778,0.008333000000000035,False,False,118
17,677807,2,500.0,500.0,,2,280,0.361111,0.352778,0.008333000000000035,False,False,118
17,677807,2,500.0,500.0,,2,300,0.361111,0.352778,0.008333000000000035,False,False,118
17,677807,2,500.0,500.0,,2,320,0.361111,0.352778,0.008333000000000035,False,False,118
17,677807,2,500.0,500.0,,2,340,0.361111,0.352778,0.008333000000000035,False,False,118
17,677807,2,500.0,500.0,,2,360,0.361111,0.352778,0.008333000000000035,False,False,118
17,677807,2,500.0,500.0,,2,380,0.361111,0.352778,0.008333000000000035,False,False,118
17,677807,2,500.0,500.0,,2,400,0.361111,0.352778,0.008333000000000035,False,False,118
18,806219,2,500.0,500.0,,2,20,0.291667,0.291667,0.0,False,False,160
18,806219,2,500.0,500.0,,2,40,0.297222,0.291667,0.005554999999999977,False,False,160
18,806219,2,500.0,500.0,,2,60,0.297222,0.294444,0.0027780000000000027,False,False,160
18,806219,2,500.0,500.0,,2,80,0.308333,0.297222,0.011111000000000038,False,False,160
18,806219,2,500.0,500.0,,2,100,0.316667,0.297222,0.01944499999999999,False,False,160
18,806219,2,500.0,500.0,,2,120,0.316667,0.297222,0.01944499999999999,False,False,160
18,806219,2,500.0,500.0,,2,140,0.322222,0.297222,0.025000000000000022,False,False,160
18,806219,2,500.0,500.0,,2,160,0.322222,0.297222,0.025000000000000022,False,False,160
18,806219,2,500.0,500.0,,2,180,0.322222,0.305556,0.016666000000000014,False,False,160
18,806219,2,500.0,500.0,,2,200,0.322222,0.305556,0.016666000000000014,False,False,160
18,806219,2,500.0,500.0,,2,220,0.322222,0.305556,0.016666000000000014,False,False,160
18,806219,2,500.0,500.0,,2,240,0.325,0.305556,0.019444000000000017,False,False,160
18,806219,2,500.0,500.0,,2,260,0.325,0.305556,0.019444000000000017,False,False,160
18,806219,2,500.0,500.0,,2,280,0.327778,0.305556,0.02222200000000002,False,False,160
18,806219,2,500.0,500.0,,2,300,0.352778,0.305556,0.047221999999999986,False,False,160
18,806219,2,500.0,500.0,,2,320,0.352778,0.305556,0.047221999999999986,False,False,160
18,806219,2,500.0,500.0,,2,340,0.352778,0.305556,0.047221999999999986,False,False,160
18,806219,2,500.0,500.0,,2,360,0.352778,0.305556,0.047221999999999986,False,False,160
18,806219,2,500.0,500.0,,2,380,0.352778,0.305556,0.047221999999999986,False,False,160
18,806219,2,500.0,500.0,,2,400,0.352778,0.305556,0.047221999999999986,False,False,160
19,76126870,2,500.0,500.0,,2,20,0.294444,0.294444,0.0,False,False,210
19,76126870,2,500.0,500.0,,2,40,0.316667,0.294444,0.022222999999999993,False,False,210
19,76126870,2,500.0,500.0,,2,60,0.316667,0.294444,0.022222999999999993,False,False,210
19,76126870,2,500.0,500.0,,2,80,0.316667,0.305556,0.011110999999999982,False,False,210
19,76126870,2,500.0,500.0,,2,100,0.316667,0.305556,0.011110999999999982,False,False,210
19,76126870,2,500.0,500.0,,2,120,0.316667,0.313889,0.0027780000000000027,False,False,210
19,76126870,2,500.0,500.0,,2,140,0.316667,0.313889,0.0027780000000000027,False,False,210
19,76126870,2,500.0,500.0,,2,160,0.316667,0.313889,0.0027780000000000027,False,False,210
19,76126870,2,500.0,500.0,,2,180,0.316667,0.313889,0.0027780000000000027,False,False,210
19,76126870,2,500.0,500.0,,2,200,0.316667,0.313889,0.0027780000000000027,False,False,210
19,76126870,2,500.0,500.0,,2,220,0.316667,0.316667,0.0,False,False,210
19,76126870,2,500.0,500.0,,2,240,0.316667,0.316667,0.0,False,False,210
19,76126870,2,500.0,500.0,,2,260,0.358333,0.316667,0.041666000000000036,False,False,210
19,76126870,2,500.0,500.0,,2,280,0.358333,0.316667,0.041666000000000036,False,False,210
19,76126870,2,500.0,500.0,,2,300,0.361111,0.316667,0.04444400000000004,False,False,210
19,76126870,2,500.0,500.0,,2,320,0.361111,0.316667,0.04444400000000004,False,False,210
19,76126870,2,500.0,500.0,,2,340,0.361111,0.316667,0.04444400000000004,False,False,210
19,76126870,2,500.0,500.0,,2,360,0.361111,0.316667,0.04444400000000004,False,False,210
19,76126870,2,500.0,500.0,,2,380,0.361111,0.316667,0.04444400000000004,False,False,210
19,76126870,2,500.0,500.0,,2,400,0.361111,0.316667,0.04444400000000004,False,False,210
20,74509218,2,500.0,500.0,,2,20,0.327778,0.327778,0.0,False,False,259
20,74509218,2,500.0,500.0,,2,40,0.369444,0.347222,0.02222200000000002,False,False,259
20,74509218,2,500.0,500.0,,2,60,0.375,0.347222,0.027778000000000025,False,False,259
20,74509218,2,500.0,500.0,,2,80,0.375,0.347222,0.027778000000000025,False,False,259
20,74509218,2,500.0,500.0,,2,100,0.375,0.347222,0.027778000000000025,False,False,259
20,74509218,2,500.0,500.0,,2,120,0.375,0.347222,0.027778000000000025,False,False,259
20,74509218,2,500.0,500.0,,2,140,0.375,0.347222,0.027778000000000025,False,False,259
20,74509218,2,500.0,500.0,,2,160,0.375,0.347222,0.027778000000000025,False,False,259
20,74509218,2,500.0,500.0,,2,180,0.375,0.347222,0.027778000000000025,False,False,259
20,74509218,2,500.0,500.0,,2,200,0.375,0.347222,0.027778000000000025,False,False,259
20,74509218,2,500.0,500.0,,2,220,0.375,0.347222,0.027778000000000025,False,False,259
20,74509218,2,500.0,500.0,,2,240,0.388889,0.347222,0.04166700000000001,False,False,259
20,74509218,2,500.0,500.0,,2,260,0.394444,0.361111,0.033333,False,False,259
20,74509218,2,500.0,500.0,,2,280,0.394444,0.361111,0.033333,False,False,259
20,74509218,2,500.0,500.0,,2,300,0.394444,0.361111,0.033333,False,False,259
20,74509218,2,500.0,500.0,,2,320,0.394444,0.361111,0.033333,False,False,259
20,74509218,2,500.0,500.0,,2,340,0.394444,0.361111,0.033333,False,False,259
20,74509218,2,500.0,500.0,,2,360,0.394444,0.361111,0.033333,False,False,259
20,74509218,2,500.0,500.0,,2,380,0.397222,0.361111,0.036111000000000004,False,False,259
20,74509218,2,500.0,500.0,,2,400,0.397222,0.361111,0.036111000000000004,False,False,259
21,1664576,2,500.0,500.0,,2,20,0.311111,0.311111,0.0,False,False,321
21,1664576,2,500.0,500.0,,2,40,0.311111,0.311111,0.0,False,False,321
21,1664576,2,500.0,500.0,,2,60,0.316667,0.311111,0.00555599999999995,False,False,321
21,1664576,2,500.0,500.0,,2,80,0.327778,0.311111,0.016666999999999987,False,False,321
21,1664576,2,500.0,500.0,,2,100,0.341667,0.311111,0.030555999999999972,False,False,321
21,1664576,2,500.0,500.0,,2,120,0.341667,0.311111,0.030555999999999972,False,False,321
21,1664576,2,500.0,500.0,,2,140,0.341667,0.341667,0.0,False,False,321
21,1664576,2,500.0,500.0,,2,160,0.358333,0.341667,0.016666000000000014,False,False,321
21,1664576,2,500.0,500.0,,2,180,0.358333,0.341667,0.016666000000000014,False,False,321
21,1664576,2,500.0,500.0,,2,200,0.358333,0.341667,0.016666000000000014,False,False,321
21,1664576,2,500.0,500.0,,2,220,0.358333,0.341667,0.016666000000000014,False,False,321
21,1664576,2,500.0,500.0,,2,240,0.358333,0.341667,0.016666000000000014,False,False,321
21,1664576,2,500.0,500.0,,2,260,0.358333,0.341667,0.016666000000000014,False,False,321
21,1664576,2,500.0,500.0,,2,280,0.358333,0.341667,0.016666000000000014,False,False,321
21,1664576,2,500.0,500.0,,2,300,0.358333,0.341667,0.016666000000000014,False,False,321
21,1664576,2,500.0,500.0,,2,320,0.358333,0.341667,0.016666000000000014,False,False,321
21,1664576,2,500.0,500.0,,2,340,0.358333,0.344444,0.01388900000000004,False,False,321
21,1664576,2,500.0,500.0,,2,360,0.358333,0.344444,0.01388900000000004,False,False,321
21,1664576,2,500.0,500.0,,2,380,0.358333,0.344444,0.01388900000000004,False,False,321
21,1664576,2,500.0,500.0,,2,400,0.358333,0.344444,0.01388900000000004,False,False,321
22,40063030,2,500.0,500.0,,2,20,0.363889,0.363889,0.0,False,False,16
22,40063030,2,500.0,500.0,,2,40,0.366667,0.363889,0.0027780000000000027,False,False,16
22,40063030,2,500.0,500.0,,2,60,0.366667,0.363889,0.0027780000000000027,False,False,16
22,40063030,2,500.0,500.0,,2,80,0.366667,0.363889,0.0027780000000000027,False,False,16
22,40063030,2,500.0,500.0,,2,100,0.366667,0.363889,0.0027780000000000027,False,False,16
22,40063030,2,500.0,500.0,,2,120,0.383333,0.363889,0.01944399999999996,False,False,16
22,40063030,2,500.0,500.0,,2,140,0.383333,0.363889,0.01944399999999996,False,False,16
22,40063030,2,500.0,500.0,,2,160,0.383333,0.363889,0.01944399999999996,False,False,16
22,40063030,2,500.0,500.0,,2,180,0.383333,0.363889,0.01944399999999996,False,False,16
22,40063030,2,500.0,500.0,,2,200,0.383333,0.363889,0.01944399999999996,False,False,16
22,40063030,2,500.0,500.0,,2,220,0.383333,0.363889,0.01944399999999996,False,False,16
22,40063030,2,500.0,500.0,,2,240,0.383333,0.363889,0.01944399999999996,False,False,16
22,40063030,2,500.0,500.0,,2,260,0.383333,0.363889,0.01944399999999996,False,False,16
22,40063030,2,500.0,500.0,,2,280,0.383333,0.363889,0.01944399999999996,False,False,16
22,40063030,2,500.0,500.0,,2,300,0.383333,0.363889,0.01944399999999996,False,False,16
22,40063030,2,500.0,500.0,,2,320,0.383333,0.363889,0.01944399999999996,False,False,16
22,40063030,2,500.0,500.0,,2,340,0.383333,0.363889,0.01944399999999996,False,False,16
22,40063030,2,500.0,500.0,,2,360,0.383333,0.363889,0.01944399999999996,False,False,16
22,40063030,2,500.0,500.0,,2,380,0.383333,0.363889,0.01944399999999996,False,False,16
22,40063030,2,500.0,500.0,,2,400,0.383333,0.363889,0.01944399999999996,False,False,16
23,38032146,2,500.0,500.0,,2,20,0.313889,0.313889,0.0,False,False,14
23,38032146,2,500.0,500.0,,2,40,0.313889,0.313889,0.0,False,False,14
23,38032146,2,500.0,500.0,,2,60,0.313889,0.313889,0.0,False,False,14
23,38032146,2,500.0,500.0,,2,80,0.313889,0.313889,0.0,False,False,14
23,38032146,2,500.0,500.0,,2,100,0.313889,0.313889,0.0,False,False,14
23,38032146,2,500.0,500.0,,2,120,0.313889,0.313889,0.0,False,False,14
23,38032146,2,500.0,500.0,,2,140,0.313889,0.313889,0.0,False,False,14
23,38032146,2,500.0,500.0,,2,160,0.313889,0.313889,0.0,False,False,14
23,38032146,2,500.0,500.0,,2,180,0.313889,0.313889,0.0,False,False,14
23,38032146,2,500.0,500.0,,2,200,0.327778,0.313889,0.01388900000000004,False,False,14
23,38032146,2,500.0,500.0,,2,220,0.330556,0.313889,0.016667000000000043,False,False,14
23,38032146,2,500.0,500.0,,2,240,0.330556,0.313889,0.016667000000000043,False,False,14
23,38032146,2,500.0,500.0,,2,260,0.330556,0.313889,0.016667000000000043,False,False,14
23,38032146,2,500.0,500.0,,2,280,0.330556,0.313889,0.016667000000000043,False,False,14
23,38032146,2,500.0,500.0,,2,300,0.330556,0.313889,0.016667000000000043,False,False,14
23,38032146,2,500.0,500.0,,2,320,0.330556,0.313889,0.016667000000000043,False,False,14
23,38032146,2,500.0,500.0,,2,340,0.330556,0.313889,0.016667000000000043,False,False,14
23,38032146,2,500.0,500.0,,2,360,0.330556,0.313889,0.016667000000000043,False,False,14
23,38032146,2,500.0,500.0,,2,380,0.333333,0.313889,0.019444000000000017,False,False,14
23,38032146,2,500.0,500.0,,2,400,0.333333,0.313889,0.019444000000000017,False,False,14
24,74485470,2,500.0,500.0,,2,20,0.302778,0.302778,0.0,False,False,122
24,74485470,2,500.0,500.0,,2,40,0.308333,0.319444,-0.011110999999999982,False,False,122
24,74485470,2,500.0,500.0,,2,60,0.355556,0.322222,0.033333999999999975,False,False,122
24,74485470,2,500.0,500.0,,2,80,0.355556,0.330556,0.024999999999999967,False,False,122
24,74485470,2,500.0,500.0,,2,100,0.366667,0.330556,0.036111000000000004,False,False,122
24,74485470,2,500.0,500.0,,2,120,0.366667,0.338889,0.027778000000000025,False,False,122
24,74485470,2,500.0,500.0,,2,140,0.366667,0.355556,0.011111000000000038,False,False,122
24,74485470,2,500.0,500.0,,2,160,0.366667,0.355556,0.011111000000000038,False,False,122
24,74485470,2,500.0,500.0,,2,180,0.383333,0.355556,0.027776999999999996,False,False,122
24,74485470,2,500.0,500.0,,2,200,0.383333,0.355556,0.027776999999999996,False,False,122
24,74485470,2,500.0,500.0,,2,220,0.383333,0.355556,0.027776999999999996,False,False,122
24,74485470,2,500.0,500.0,,2,240,0.383333,0.355556,0.027776999999999996,False,False,122
24,74485470,2,500.0,500.0,,2,260,0.383333,0.355556,0.027776999999999996,False,False,122
24,74485470,2,500.0,500.0,,2,280,0.383333,0.355556,0.027776999999999996,False,False,122
24,74485470,2,500.0,500.0,,2,300,0.383333,0.355556,0.027776999999999996,False,False,122
24,74485470,2,500.0,500.0,,2,320,0.383333,0.355556,0.027776999999999996,False,False,122
24,74485470,2,500.0,500.0,,2,340,0.383333,0.355556,0.027776999999999996,False,False,122
24,74485470,2,500.0,500.0,,2,360,0.383333,0.355556,0.027776999999999996,False,False,122
24,74485470,2,500.0,500.0,,2,380,0.383333,0.355556,0.027776999999999996,False,False,122
24,74485470,2,500.0,500.0,,2,400,0.383333,0.355556,0.027776999999999996,False,False,122
25,525339,3,500.0,500.0,,1,20,0.536111,0.536111,0.0,False,False,134
25,525339,3,500.0,500.0,,1,40,0.536111,0.536111,0.0,False,False,134
25,525339,3,500.0,500.0,,1,60,0.536111,0.536111,0.0,False,False,134
25,525339,3,500.0,500.0,,1,80,0.536111,0.536111,0.0,False,False,134
25,525339,3,500.0,500.0,,1,100,0.558333,0.536111,0.022221999999999964,False,False,134
25,525339,3,500.0,500.0,,1,120,0.558333,0.536111,0.022221999999999964,False,False,134
25,525339,3,500.0,500.0,,1,140,0.561111,0.547222,0.01388900000000004,False,False,134
25,525339,3,500.0,500.0,,1,160,0.561111,0.547222,0.01388900000000004,False,False,134
25,525339,3,500.0,500.0,,1,180,0.561111,0.547222,0.01388900000000004,False,False,134
25,525339,3,500.0,500.0,,1,200,0.561111,0.547222,0.01388900000000004,False,False,134
25,525339,3,500.0,500.0,,1,220,0.563889,0.547222,0.016666999999999987,False,False,134
25,525339,3,500.0,500.0,,1,240,0.563889,0.547222,0.016666999999999987,False,False,134
25,525339,3,500.0,500.0,,1,260,0.563889,0.547222,0.016666999999999987,False,False,134
25,525339,3,500.0,500.0,,1,280,0.563889,0.547222,0.016666999999999987,False,False,134
25,525339,3,500.0,500.0,,1,300,0.569444,0.547222,0.022221999999999964,False,False,134
25,525339,3,500.0,500.0,,1,320,0.569444,0.547222,0.022221999999999964,False,False,134
25,525339,3,500.0,500.0,,1,340,0.575,0.547222,0.02777799999999997,False,False,134
25,525339,3,500.0,500.0,,1,360,0.575,0.547222,0.02777799999999997,False,False,134
25,525339,3,500.0,500.0,,1,380,0.575,0.547222,0.02777799999999997,False,False,134
25,525339,3,500.0,500.0,,1,400,0.575,0.547222,0.02777799999999997,False,False,134
26,864365,3,500.0,500.0,,1,20,0.5,0.5,0.0,False,False,50
26,864365,3,500.0,500.0,,1,40,0.522222,0.522222,0.0,False,False,50
26,864365,3,500.0,500.0,,1,60,0.558333,0.541667,0.01666599999999996,False,False,50
26,864365,3,500.0,500.0,,1,80,0.558333,0.541667,0.01666599999999996,False,False,50
26,864365,3,500.0,500.0,,1,100,0.558333,0.541667,0.01666599999999996,False,False,50
26,864365,3,500.0,500.0,,1,120,0.558333,0.541667,0.01666599999999996,False,False,50
26,864365,3,500.0,500.0,,1,140,0.561111,0.541667,0.019444000000000017,False,False,50
26,864365,3,500.0,500.0,,1,160,0.563889,0.541667,0.022221999999999964,False,False,50
26,864365,3,500.0,500.0,,1,180,0.563889,0.541667,0.022221999999999964,False,False,50
26,864365,3,500.0,500.0,,1,200,0.563889,0.541667,0.022221999999999964,False,False,50
26,864365,3,500.0,500.0,,1,220,0.563889,0.541667,0.022221999999999964,False,False,50
26,864365,3,500.0,500.0,,1,240,0.563889,0.541667,0.022221999999999964,False,False,50
26,864365,3,500.0,500.0,,1,260,0.569444,0.541667,0.02777699999999994,False,False,50
26,864365,3,500.0,500.0,,1,280,0.569444,0.541667,0.02777699999999994,False,False,50
26,864365,3,500.0,500.0,,1,300,0.577778,0.541667,0.036111000000000004,False,False,50
26,864365,3,500.0,500.0,,1,320,0.577778,0.541667,0.036111000000000004,False,False,50
26,864365,3,500.0,500.0,,1,340,0.577778,0.541667,0.036111000000000004,False,False,50
26,864365,3,500.0,500.0,,1,360,0.577778,0.541667,0.036111000000000004,False,False,50
26,864365,3,500.0,500.0,,1,380,0.577778,0.541667,0.036111000000000004,False,False,50
26,864365,3,500.0,500.0,,1,400,0.577778,0.541667,0.036111000000000004,False,False,50
27,67358,3,500.0,500.0,,1,20,0.508333,0.508333,0.0,False,False,314
27,67358,3,500.0,500.0,,1,40,0.513889,0.508333,0.005556000000000005,False,False,314
27,67358,3,500.0,500.0,,1,60,0.536111,0.508333,0.02777799999999997,False,False,314
27,67358,3,500.0,500.0,,1,80,0.536111,0.525,0.011110999999999982,False,False,314
27,67358,3,500.0,500.0,,1,100,0.602778,0.55,0.05277799999999999,False,False,314
27,67358,3,500.0,500.0,,1,120,0.602778,0.55,0.05277799999999999,False,False,314
27,67358,3,500.0,500.0,,1,140,0.608333,0.55,0.05833299999999997,False,False,314
27,67358,3,500.0,500.0,,1,160,0.608333,0.55,0.05833299999999997,False,False,314
27,67358,3,500.0,500.0,,1,180,0.608333,0.569444,0.03888900000000006,False,False,314
27,67358,3,500.0,500.0,,1,200,0.608333,0.575,0.03333300000000006,False,False,314
27,67358,3,500.0,500.0,,1,220,0.608333,0.575,0.03333300000000006,False,False,314
27,67358,3,500.0,500.0,,1,240,0.608333,0.575,0.03333300000000006,False,False,314
27,67358,3,500.0,500.0,,1,260,0.608333,0.575,0.03333300000000006,False,False,314
27,67358,3,500.0,500.0,,1,280,0.616667,0.575,0.04166700000000001,False,False,314
27,67358,3,500.0,500.0,,1,300,0.616667,0.575,0.04166700000000001,False,False,314
27,67358,3,500.0,500.0,,1,320,0.616667,0.583333,0.033333999999999975,False,False,314
27,67358,3,500.0,500.0,,1,340,0.616667,0.583333,0.033333999999999975,False,False,314
27,67358,3,500.0,500.0,,1,360,0.616667,0.583333,0.033333999999999975,False,False,314
27,67358,3,500.0,500.0,,1,380,0.616667,0.583333,0.033333999999999975,False,False,314
27,67358,3,500.0,500.0,,1,400,0.616667,0.583333,0.033333999999999975,False,False,314
28,747263,3,500.0,500.0,,1,20,0.522222,0.522222,0.0,False,False,209
28,747263,3,500.0,500.0,,1,40,0.522222,0.538889,-0.016666999999999987,False,False,209
28,747263,3,500.0,500.0,,1,60,0.522222,0.538889,-0.016666999999999987,False,False,209
28,747263,3,500.0,500.0,,1,80,0.525,0.538889,-0.01388899999999993,False,False,209
28,747263,3,500.0,500.0,,1,100,0.525,0.538889,-0.01388899999999993,False,False,209
28,747263,3,500.0,500.0,,1,120,0.55,0.538889,0.011111000000000093,False,False,209
28,747263,3,500.0,500.0,,1,140,0.55,0.538889,0.011111000000000093,False,False,209
28,747263,3,500.0,500.0,,1,160,0.566667,0.538889,0.02777800000000008,False,False,209
28,747263,3,500.0,500.0,,1,180,0.566667,0.538889,0.02777800000000008,False,False,209
28,747263,3,500.0,500.0,,1,200,0.566667,0.538889,0.02777800000000008,False,False,209
28,747263,3,500.0,500.0,,1,220,0.566667,0.555556,0.011110999999999982,False,False,209
28,747263,3,500.0,500.0,,1,240,0.583333,0.555556,0.02777699999999994,False,False,209
28,747263,3,500.0,500.0,,1,260,0.583333,0.555556,0.02777699999999994,False,False,209
28,747263,3,500.0,500.0,,1,280,0.588889,0.555556,0.033332999999999946,False,False,209
28,747263,3,500.0,500.0,,1,300,0.588889,0.555556,0.033332999999999946,False,False,209
28,747263,3,500.0,500.0,,1,320,0.6,0.555556,0.04444399999999993,False,False,209
28,747263,3,500.0,500.0,,1,340,0.6,0.555556,0.04444399999999993,False,False,209
28,747263,3,500.0,500.0,,1,360,0.6,0.555556,0.04444399999999993,False,False,209
28,747263,3,500.0,500.0,,1,380,0.6,0.555556,0.04444399999999993,False,False,209
28,747263,3,500.0,500.0,,1,400,0.6,0.555556,0.04444399999999993,False,False,209
29,677807,3,500.0,500.0,,1,20,0.544444,0.544444,0.0,False,False,41
29,677807,3,500.0,500.0,,1,40,0.544444,0.583333,-0.03888899999999995,False,False,41
29,677807,3,500.0,500.0,,1,60,0.544444,0.608333,-0.06388899999999997,False,False,41
29,677807,3,500.0,500.0,,1,80,0.544444,0.608333,-0.06388899999999997,False,False,41
29,677807,3,500.0,500.0,,1,100,0.55,0.608333,-0.05833299999999997,False,False,41
29,677807,3,500.0,500.0,,1,120,0.566667,0.608333,-0.04166599999999998,False,False,41
29,677807,3,500.0,500.0,,1,140,0.580556,0.608333,-0.02777700000000005,False,False,41
29,677807,3,500.0,500.0,,1,160,0.580556,0.608333,-0.02777700000000005,False,False,41
29,677807,3,500.0,500.0,,1,180,0.580556,0.608333,-0.02777700000000005,False,False,41
29,677807,3,500.0,500.0,,1,200,0.594444,0.608333,-0.01388900000000004,False,False,41
29,677807,3,500.0,500.0,,1,220,0.622222,0.608333,0.01388900000000004,False,False,41
29,677807,3,500.0,500.0,,1,240,0.622222,0.608333,0.01388900000000004,False,False,41
29,677807,3,500.0,500.0,,1,260,0.622222,0.608333,0.01388900000000004,False,False,41
29,677807,3,500.0,500.0,,1,280,0.622222,0.608333,0.01388900000000004,False,False,41
29,677807,3,500.0,500.0,,1,300,0.622222,0.608333,0.01388900000000004,False,False,41
29,677807,3,500.0,500.0,,1,320,0.622222,0.608333,0.01388900000000004,False,False,41
29,677807,3,500.0,500.0,,1,340,0.636111,0.608333,0.02777799999999997,False,False,41
29,677807,3,500.0,500.0,,1,360,0.636111,0.608333,0.02777799999999997,False,False,41
29,677807,3,500.0,500.0,,1,380,0.636111,0.608333,0.02777799999999997,False,False,41
29,677807,3,500.0,500.0,,1,400,0.636111,0.608333,0.02777799999999997,False,False,41
30,806219,3,500.0,500.0,,1,20,0.577778,0.577778,0.0,False,False,18
30,806219,3,500.0,500.0,,1,40,0.577778,0.577778,0.0,False,False,18
30,806219,3,500.0,500.0,,1,60,0.577778,0.577778,0.0,False,False,18
30,806219,3,500.0,500.0,,1,80,0.577778,0.577778,0.0,False,False,18
30,806219,3,500.0,500.0,,1,100,0.577778,0.577778,0.0,False,False,18
30,806219,3,500.0,500.0,,1,120,0.577778,0.577778,0.0,False,False,18
30,806219,3,500.0,500.0,,1,140,0.577778,0.577778,0.0,False,False,18
30,806219,3,500.0,500.0,,1,160,0.577778,0.577778,0.0,False,False,18
30,806219,3,500.0,500.0,,1,180,0.586111,0.577778,0.008333000000000035,False,False,18
30,806219,3,500.0,500.0,,1,200,0.586111,0.577778,0.008333000000000035,False,False,18
30,806219,3,500.0,500.0,,1,220,0.586111,0.577778,0.008333000000000035,False,False,18
30,806219,3,500.0,500.0,,1,240,0.586111,0.577778,0.008333000000000035,False,False,18
30,806219,3,500.0,500.0,,1,260,0.586111,0.577778,0.008333000000000035,False,False,18
30,806219,3,500.0,500.0,,1,280,0.588889,0.577778,0.011110999999999982,False,False,18
30,806219,3,500.0,500.0,,1,300,0.588889,0.577778,0.011110999999999982,False,False,18
30,806219,3,500.0,500.0,,1,320,0.588889,0.577778,0.011110999999999982,False,False,18
30,806219,3,500.0,500.0,,1,340,0.588889,0.577778,0.011110999999999982,False,False,18
30,806219,3,500.0,500.0,,1,360,0.588889,0.577778,0.011110999999999982,False,False,18
30,806219,3,500.0,500.0,,1,380,0.588889,0.577778,0.011110999999999982,False,False,18
30,806219,3,500.0,500.0,,1,400,0.588889,0.577778,0.011110999999999982,False,False,18
31,76126870,3,500.0,500.0,,1,20,0.544444,0.544444,0.0,False,False,178
31,76126870,3,500.0,500.0,,1,40,0.544444,0.544444,0.0,False,False,178
31,76126870,3,500.0,500.0,,1,60,0.544444,0.544444,0.0,False,False,178
31,76126870,3,500.0,500.0,,1,80,0.544444,0.544444,0.0,False,False,178
31,76126870,3,500.0,500.0,,1,100,0.588889,0.544444,0.04444499999999996,False,False,178
31,76126870,3,500.0,500.0,,1,120,0.588889,0.558333,0.030556000000000028,False,False,178
31,76126870,3,500.0,500.0,,1,140,0.597222,0.558333,0.03888900000000006,False,False,178
31,76126870,3,500.0,500.0,,1,160,0.597222,0.558333,0.03888900000000006,False,False,178
31,76126870,3,500.0,500.0,,1,180,0.608333,0.591667,0.01666599999999996,False,False,178
31,76126870,3,500.0,500.0,,1,200,0.608333,0.591667,0.01666599999999996,False,False,178
31,76126870,3,500.0,500.0,,1,220,0.608333,0.591667,0.01666599999999996,False,False,178
31,76126870,3,500.0,500.0,,1,240,0.608333,0.591667,0.01666599999999996,False,False,178
31,76126870,3,500.0,500.0,,1,260,0.608333,0.591667,0.01666599999999996,False,False,178
31,76126870,3,500.0,500.0,,1,280,0.608333,0.591667,0.01666599999999996,False,False,178
31,76126870,3,500.0,500.0,,1,300,0.608333,0.591667,0.01666599999999996,False,False,178
31,76126870,3,500.0,500.0,,1,320,0.616667,0.591667,0.02499999999999991,False,False,178
31,76126870,3,500.0,500.0,,1,340,0.627778,0.591667,0.03611099999999989,False,False,178
31,76126870,3,500.0,500.0,,1,360,0.647222,0.591667,0.05555499999999991,False,False,178
31,76126870,3,500.0,500.0,,1,380,0.647222,0.591667,0.05555499999999991,False,False,178
31,76126870,3,500.0,500.0,,1,400,0.647222,0.591667,0.05555499999999991,False,False,178
32,74509218,3,500.0,500.0,,1,20,0.494444,0.494444,0.0,False,False,392
32,74509218,3,500.0,500.0,,1,40,0.527778,0.544444,-0.01666600000000007,False,False,392
32,74509218,3,500.0,500.0,,1,60,0.561111,0.544444,0.016666999999999987,False,False,392
32,74509218,3,500.0,500.0,,1,80,0.569444,0.563889,0.005554999999999977,False,False,392
32,74509218,3,500.0,500.0,,1,100,0.613889,0.563889,0.050000000000000044,False,False,392
32,74509218,3,500.0,500.0,,1,120,0.613889,0.566667,0.047221999999999986,False,False,392
32,74509218,3,500.0,500.0,,1,140,0.613889,0.566667,0.047221999999999986,False,False,392
32,74509218,3,500.0,500.0,,1,160,0.613889,0.566667,0.047221999999999986,False,False,392
32,74509218,3,500.0,500.0,,1,180,0.613889,0.566667,0.047221999999999986,False,False,392
32,74509218,3,500.0,500.0,,1,200,0.622222,0.566667,0.05555500000000002,False,False,392
32,74509218,3,500.0,500.0,,1,220,0.625,0.566667,0.05833299999999997,False,False,392
32,74509218,3,500.0,500.0,,1,240,0.633333,0.580556,0.052777000000000074,False,False,392
32,74509218,3,500.0,500.0,,1,260,0.655556,0.580556,0.07500000000000007,False,False,392
32,74509218,3,500.0,500.0,,1,280,0.672222,0.580556,0.09166600000000003,False,False,392
32,74509218,3,500.0,500.0,,1,300,0.672222,0.580556,0.09166600000000003,False,False,392
32,74509218,3,500.0,500.0,,1,320,0.672222,0.580556,0.09166600000000003,False,False,392
32,74509218,3,500.0,500.0,,1,340,0.672222,0.580556,0.09166600000000003,False,False,392
32,74509218,3,500.0,500.0,,1,360,0.680556,0.580556,0.10000000000000009,False,False,392
32,74509218,3,500.0,500.0,,1,380,0.680556,0.580556,0.10000000000000009,False,False,392
32,74509218,3,500.0,500.0,,1,400,0.680556,0.586111,0.094445,False,False,392
33,1664576,3,500.0,500.0,,1,20,0.525,0.525,0.0,False,False,277
33,1664576,3,500.0,500.0,,1,40,0.525,0.525,0.0,False,False,277
33,1664576,3,500.0,500.0,,1,60,0.525,0.525,0.0,False,False,277
33,1664576,3,500.0,500.0,,1,80,0.536111,0.527778,0.008333000000000035,False,False,277
33,1664576,3,500.0,500.0,,1,100,0.569444,0.552778,0.01666599999999996,False,False,277
33,1664576,3,500.0,500.0,,1,120,0.572222,0.552778,0.019444000000000017,False,False,277
33,1664576,3,500.0,500.0,,1,140,0.572222,0.552778,0.019444000000000017,False,False,277
33,1664576,3,500.0,500.0,,1,160,0.572222,0.552778,0.019444000000000017,False,False,277
33,1664576,3,500.0,500.0,,1,180,0.572222,0.552778,0.019444000000000017,False,False,277
33,1664576,3,500.0,500.0,,1,200,0.577778,0.552778,0.025000000000000022,False,False,277
33,1664576,3,500.0,500.0,,1,220,0.594444,0.552778,0.04166599999999998,False,False,277
33,1664576,3,500.0,500.0,,1,240,0.6,0.552778,0.047221999999999986,False,False,277
33,1664576,3,500.0,500.0,,1,260,0.6,0.569444,0.030556000000000028,False,False,277
33,1664576,3,500.0,500.0,,1,280,0.611111,0.575,0.036111000000000004,False,False,277
33,1664576,3,500.0,500.0,,1,300,0.611111,0.575,0.036111000000000004,False,False,277
33,1664576,3,500.0,500.0,,1,320,0.611111,0.575,0.036111000000000004,False,False,277
33,1664576,3,500.0,500.0,,1,340,0.611111,0.575,0.036111000000000004,False,False,277
33,1664576,3,500.0,500.0,,1,360,0.611111,0.575,0.036111000000000004,False,False,277
33,1664576,3,500.0,500.0,,1,380,0.625,0.575,0.050000000000000044,False,False,277
33,1664576,3,500.0,500.0,,1,400,0.625,0.575,0.050000000000000044,False,False,277
34,40063030,3,500.0,500.0,,1,20,0.519444,0.519444,0.0,False,False,378
34,40063030,3,500.0,500.0,,1,40,0.522222,0.519444,0.002777999999999947,False,False,378
34,40063030,3,500.0,500.0,,1,60,0.569444,0.55,0.019443999999999906,False,False,378
34,40063030,3,500.0,500.0,,1,80,0.569444,0.55,0.019443999999999906,False,False,378
34,40063030,3,500.0,500.0,,1,100,0.569444,0.55,0.019443999999999906,False,False,378
34,40063030,3,500.0,500.0,,1,120,0.583333,0.55,0.033332999999999946,False,False,378
34,40063030,3,500.0,500.0,,1,140,0.605556,0.566667,0.03888899999999995,False,False,378
34,40063030,3,500.0,500.0,,1,160,0.619444,0.566667,0.05277699999999996,False,False,378
34,40063030,3,500.0,500.0,,1,180,0.619444,0.566667,0.05277699999999996,False,False,378
34,40063030,3,500.0,500.0,,1,200,0.619444,0.566667,0.05277699999999996,False,False,378
34,40063030,3,500.0,500.0,,1,220,0.619444,0.566667,0.05277699999999996,False,False,378
34,40063030,3,500.0,500.0,,1,240,0.625,0.566667,0.05833299999999997,False,False,378
34,40063030,3,500.0,500.0,,1,260,0.625,0.566667,0.05833299999999997,False,False,378
34,40063030,3,500.0,500.0,,1,280,0.633333,0.566667,0.066666,False,False,378
34,40063030,3,500.0,500.0,,1,300,0.633333,0.566667,0.066666,False,False,378
34,40063030,3,500.0,500.0,,1,320,0.636111,0.566667,0.06944399999999995,False,False,378
34,40063030,3,500.0,500.0,,1,340,0.636111,0.566667,0.06944399999999995,False,False,378
34,40063030,3,500.0,500.0,,1,360,0.636111,0.566667,0.06944399999999995,False,False,378
34,40063030,3,500.0,500.0,,1,380,0.636111,0.580556,0.05555500000000002,False,False,378
34,40063030,3,500.0,500.0,,1,400,0.636111,0.580556,0.05555500000000002,False,False,378
35,38032146,3,500.0,500.0,,1,20,0.466667,0.466667,0.0,False,False,233
35,38032146,3,500.0,500.0,,1,40,0.477778,0.519444,-0.041666000000000036,False,False,233
35,38032146,3,500.0,500.0,,1,60,0.477778,0.519444,-0.041666000000000036,False,False,233
35,38032146,3,500.0,500.0,,1,80,0.494444,0.541667,-0.047223000000000015,False,False,233
35,38032146,3,500.0,500.0,,1,100,0.522222,0.566667,-0.04444500000000007,False,False,233
35,38032146,3,500.0,500.0,,1,120,0.555556,0.577778,-0.022221999999999964,False,False,233
35,38032146,3,500.0,500.0,,1,140,0.580556,0.577778,0.002777999999999947,False,False,233
35,38032146,3,500.0,500.0,,1,160,0.580556,0.577778,0.002777999999999947,False,False,233
35,38032146,3,500.0,500.0,,1,180,0.580556,0.577778,0.002777999999999947,False,False,233
35,38032146,3,500.0,500.0,,1,200,0.580556,0.577778,0.002777999999999947,False,False,233
35,38032146,3,500.0,500.0,,1,220,0.583333,0.577778,0.005554999999999977,False,False,233
35,38032146,3,500.0,500.0,,1,240,0.583333,0.580556,0.0027770000000000294,False,False,233
35,38032146,3,500.0,500.0,,1,260,0.586111,0.580556,0.005555000000000088,False,False,233
35,38032146,3,500.0,500.0,,1,280,0.588889,0.580556,0.008333000000000035,False,False,233
35,38032146,3,500.0,500.0,,1,300,0.591667,0.580556,0.011111000000000093,False,False,233
35,38032146,3,500.0,500.0,,1,320,0.591667,0.580556,0.011111000000000093,False,False,233
35,38032146,3,500.0,500.0,,1,340,0.591667,0.580556,0.011111000000000093,False,False,233
35,38032146,3,500.0,500.0,,1,360,0.6,0.580556,0.019444000000000017,False,False,233
35,38032146,3,500.0,500.0,,1,380,0.6,0.580556,0.019444000000000017,False,False,233
35,38032146,3,500.0,500.0,,1,400,0.6,0.580556,0.019444000000000017,False,False,233
36,74485470,3,500.0,500.0,,1,20,0.547222,0.547222,0.0,False,False,259
36,74485470,3,500.0,500.0,,1,40,0.558333,0.586111,-0.02777800000000008,False,False,259
36,74485470,3,500.0,500.0,,1,60,0.594444,0.586111,0.008332999999999924,False,False,259
36,74485470,3,500.0,500.0,,1,80,0.594444,0.586111,0.008332999999999924,False,False,259
36,74485470,3,500.0,500.0,,1,100,0.602778,0.588889,0.01388900000000004,False,False,259
36,74485470,3,500.0,500.0,,1,120,0.602778,0.588889,0.01388900000000004,False,False,259
36,74485470,3,500.0,500.0,,1,140,0.602778,0.591667,0.011110999999999982,False,False,259
36,74485470,3,500.0,500.0,,1,160,0.602778,0.6,0.002778000000000058,False,False,259
36,74485470,3,500.0,500.0,,1,180,0.602778,0.6,0.002778000000000058,False,False,259
36,74485470,3,500.0,500.0,,1,200,0.619444,0.6,0.019444000000000017,False,False,259
36,74485470,3,500.0,500.0,,1,220,0.619444,0.608333,0.011110999999999982,False,False,259
36,74485470,3,500.0,500.0,,1,240,0.622222,0.608333,0.01388900000000004,False,False,259
36,74485470,3,500.0,500.0,,1,260,0.622222,0.613889,0.008333000000000035,False,False,259
36,74485470,3,500.0,500.0,,1,280,0.625,0.613889,0.011110999999999982,False,False,259
36,74485470,3,500.0,500.0,,1,300,0.625,0.613889,0.011110999999999982,False,False,259
36,74485470,3,500.0,500.0,,1,320,0.625,0.613889,0.011110999999999982,False,False,259
36,74485470,3,500.0,500.0,,1,340,0.625,0.613889,0.011110999999999982,False,False,259
36,74485470,3,500.0,500.0,,1,360,0.625,0.613889,0.011110999999999982,False,False,259
36,74485470,3,500.0,500.0,,1,380,0.625,0.613889,0.011110999999999982,False,False,259
36,74485470,3,500.0,500.0,,1,400,0.625,0.613889,0.011110999999999982,False,False,259
37,525339,3,500.0,500.0,,2,20,0.377778,0.377778,0.0,False,False,27
37,525339,3,500.0,500.0,,2,40,0.380556,0.386111,-0.005554999999999977,False,False,27
37,525339,3,500.0,500.0,,2,60,0.380556,0.386111,-0.005554999999999977,False,False,27
37,525339,3,500.0,500.0,,2,80,0.388889,0.386111,0.0027780000000000027,False,False,27
37,525339,3,500.0,500.0,,2,100,0.388889,0.386111,0.0027780000000000027,False,False,27
37,525339,3,500.0,500.0,,2,120,0.388889,0.386111,0.0027780000000000027,False,False,27
37,525339,3,500.0,500.0,,2,140,0.388889,0.386111,0.0027780000000000027,False,False,27
37,525339,3,500.0,500.0,,2,160,0.402778,0.386111,0.016667000000000043,False,False,27
37,525339,3,500.0,500.0,,2,180,0.402778,0.386111,0.016667000000000043,False,False,27
37,525339,3,500.0,500.0,,2,200,0.408333,0.386111,0.02222200000000002,False,False,27
37,525339,3,500.0,500.0,,2,220,0.408333,0.386111,0.02222200000000002,False,False,27
37,525339,3,500.0,500.0,,2,240,0.416667,0.386111,0.030556000000000028,False,False,27
37,525339,3,500.0,500.0,,2,260,0.416667,0.386111,0.030556000000000028,False,False,27
37,525339,3,500.0,500.0,,2,280,0.419444,0.386111,0.033333,False,False,27
37,525339,3,500.0,500.0,,2,300,0.419444,0.386111,0.033333,False,False,27
37,525339,3,500.0,500.0,,2,320,0.419444,0.386111,0.033333,False,False,27
37,525339,3,500.0,500.0,,2,340,0.419444,0.386111,0.033333,False,False,27
37,525339,3,500.0,500.0,,2,360,0.419444,0.386111,0.033333,False,False,27
37,525339,3,500.0,500.0,,2,380,0.419444,0.386111,0.033333,False,False,27
37,525339,3,500.0,500.0,,2,400,0.419444,0.386111,0.033333,False,False,27
38,864365,3,500.0,500.0,,2,20,0.422222,0.422222,0.0,False,False,145
38,864365,3,500.0,500.0,,2,40,0.422222,0.422222,0.0,False,False,145
38,864365,3,500.0,500.0,,2,60,0.422222,0.422222,0.0,False,False,145
38,864365,3,500.0,500.0,,2,80,0.422222,0.422222,0.0,False,False,145
38,864365,3,500.0,500.0,,2,100,0.422222,0.422222,0.0,False,False,145
38,864365,3,500.0,500.0,,2,120,0.422222,0.422222,0.0,False,False,145
38,864365,3,500.0,500.0,,2,140,0.422222,0.422222,0.0,False,False,145
38,864365,3,500.0,500.0,,2,160,0.422222,0.433333,-0.011111000000000038,False,False,145
38,864365,3,500.0,500.0,,2,180,0.427778,0.433333,-0.005555000000000032,False,False,145
38,864365,3,500.0,500.0,,2,200,0.427778,0.433333,-0.005555000000000032,False,False,145
38,864365,3,500.0,500.0,,2,220,0.447222,0.433333,0.013888999999999985,False,False,145
38,864365,3,500.0,500.0,,2,240,0.447222,0.433333,0.013888999999999985,False,False,145
38,864365,3,500.0,500.0,,2,260,0.447222,0.433333,0.013888999999999985,False,False,145
38,864365,3,500.0,500.0,,2,280,0.447222,0.433333,0.013888999999999985,False,False,145
38,864365,3,500.0,500.0,,2,300,0.447222,0.433333,0.013888999999999985,False,False,145
38,864365,3,500.0,500.0,,2,320,0.447222,0.433333,0.013888999999999985,False,False,145
38,864365,3,500.0,500.0,,2,340,0.447222,0.433333,0.013888999999999985,False,False,145
38,864365,3,500.0,500.0,,2,360,0.447222,0.433333,0.013888999999999985,False,False,145
38,864365,3,500.0,500.0,,2,380,0.447222,0.433333,0.013888999999999985,False,False,145
38,864365,3,500.0,500.0,,2,400,0.447222,0.433333,0.013888999999999985,False,False,145
39,67358,3,500.0,500.0,,2,20,0.397222,0.397222,0.0,False,False,209
39,67358,3,500.0,500.0,,2,40,0.427778,0.397222,0.030555999999999972,False,False,209
39,67358,3,500.0,500.0,,2,60,0.427778,0.397222,0.030555999999999972,False,False,209
39,67358,3,500.0,500.0,,2,80,0.427778,0.397222,0.030555999999999972,False,False,209
39,67358,3,500.0,500.0,,2,100,0.427778,0.411111,0.016666999999999987,False,False,209
39,67358,3,500.0,500.0,,2,120,0.427778,0.411111,0.016666999999999987,False,False,209
39,67358,3,500.0,500.0,,2,140,0.438889,0.411111,0.02777799999999997,False,False,209
39,67358,3,500.0,500.0,,2,160,0.461111,0.411111,0.04999999999999999,False,False,209
39,67358,3,500.0,500.0,,2,180,0.472222,0.411111,0.06111099999999997,False,False,209
39,67358,3,500.0,500.0,,2,200,0.472222,0.411111,0.06111099999999997,False,False,209
39,67358,3,500.0,500.0,,2,220,0.472222,0.425,0.047221999999999986,False,False,209
39,67358,3,500.0,500.0,,2,240,0.488889,0.425,0.06388900000000003,False,False,209
39,67358,3,500.0,500.0,,2,260,0.488889,0.425,0.06388900000000003,False,False,209
39,67358,3,500.0,500.0,,2,280,0.488889,0.425,0.06388900000000003,False,False,209
39,67358,3,500.0,500.0,,2,300,0.488889,0.425,0.06388900000000003,False,False,209
39,67358,3,500.0,500.0,,2,320,0.494444,0.425,0.069444,False,False,209
39,67358,3,500.0,500.0,,2,340,0.494444,0.425,0.069444,False,False,209
39,67358,3,500.0,500.0,,2,360,0.502778,0.425,0.07777799999999996,False,False,209
39,67358,3,500.0,500.0,,2,380,0.502778,0.425,0.07777799999999996,False,False,209
39,67358,3,500.0,500.0,,2,400,0.502778,0.425,0.07777799999999996,False,False,209
40,747263,3,500.0,500.0,,2,20,0.408333,0.408333,0.0,False,False,388
40,747263,3,500.0,500.0,,2,40,0.408333,0.408333,0.0,False,False,388
40,747263,3,500.0,500.0,,2,60,0.408333,0.408333,0.0,False,False,388
40,747263,3,500.0,500.0,,2,80,0.408333,0.408333,0.0,False,False,388
40,747263,3,500.0,500.0,,2,100,0.419444,0.408333,0.011110999999999982,False,False,388
40,747263,3,500.0,500.0,,2,120,0.419444,0.408333,0.011110999999999982,False,False,388
40,747263,3,500.0,500.0,,2,140,0.419444,0.408333,0.011110999999999982,False,False,388
40,747263,3,500.0,500.0,,2,160,0.419444,0.408333,0.011110999999999982,False,False,388
40,747263,3,500.0,500.0,,2,180,0.419444,0.408333,0.011110999999999982,False,False,388
40,747263,3,500.0,500.0,,2,200,0.436111,0.408333,0.027778000000000025,False,False,388
40,747263,3,500.0,500.0,,2,220,0.436111,0.408333,0.027778000000000025,False,False,388
40,747263,3,500.0,500.0,,2,240,0.444444,0.408333,0.036111000000000004,False,False,388
40,747263,3,500.0,500.0,,2,260,0.444444,0.408333,0.036111000000000004,False,False,388
40,747263,3,500.0,500.0,,2,280,0.444444,0.408333,0.036111000000000004,False,False,388
40,747263,3,500.0,500.0,,2,300,0.45,0.408333,0.04166700000000001,False,False,388
40,747263,3,500.0,500.0,,2,320,0.45,0.408333,0.04166700000000001,False,False,388
40,747263,3,500.0,500.0,,2,340,0.45,0.408333,0.04166700000000001,False,False,388
40,747263,3,500.0,500.0,,2,360,0.458333,0.408333,0.04999999999999999,False,False,388
40,747263,3,500.0,500.0,,2,380,0.458333,0.408333,0.04999999999999999,False,False,388
40,747263,3,500.0,500.0,,2,400,0.458333,0.419444,0.03888900000000001,False,False,388
41,677807,3,500.0,500.0,,2,20,0.408333,0.408333,0.0,False,False,269
41,677807,3,500.0,500.0,,2,40,0.441667,0.416667,0.024999999999999967,False,False,269
41,677807,3,500.0,500.0,,2,60,0.441667,0.416667,0.024999999999999967,False,False,269
41,677807,3,500.0,500.0,,2,80,0.444444,0.416667,0.027776999999999996,False,False,269
41,677807,3,500.0,500.0,,2,100,0.444444,0.425,0.019444000000000017,False,False,269
41,677807,3,500.0,500.0,,2,120,0.444444,0.425,0.019444000000000017,False,False,269
41,677807,3,500.0,500.0,,2,140,0.463889,0.425,0.03888900000000001,False,False,269
41,677807,3,500.0,500.0,,2,160,0.463889,0.425,0.03888900000000001,False,False,269
41,677807,3,500.0,500.0,,2,180,0.463889,0.425,0.03888900000000001,False,False,269
41,677807,3,500.0,500.0,,2,200,0.463889,0.458333,0.005556000000000005,False,False,269
41,677807,3,500.0,500.0,,2,220,0.463889,0.458333,0.005556000000000005,False,False,269
41,677807,3,500.0,500.0,,2,240,0.463889,0.458333,0.005556000000000005,False,False,269
41,677807,3,500.0,500.0,,2,260,0.463889,0.458333,0.005556000000000005,False,False,269
41,677807,3,500.0,500.0,,2,280,0.463889,0.466667,-0.0027780000000000027,False,False,269
41,677807,3,500.0,500.0,,2,300,0.463889,0.466667,-0.0027780000000000027,False,False,269
41,677807,3,500.0,500.0,,2,320,0.463889,0.466667,-0.0027780000000000027,False,False,269
41,677807,3,500.0,500.0,,2,340,0.463889,0.466667,-0.0027780000000000027,False,False,269
41,677807,3,500.0,500.0,,2,360,0.463889,0.466667,-0.0027780000000000027,False,False,269
41,677807,3,500.0,500.0,,2,380,0.463889,0.466667,-0.0027780000000000027,False,False,269
41,677807,3,500.0,500.0,,2,400,0.463889,0.466667,-0.0027780000000000027,False,False,269
42,806219,3,500.0,500.0,,2,20,0.397222,0.397222,0.0,False,False,325
42,806219,3,500.0,500.0,,2,40,0.397222,0.397222,0.0,False,False,325
42,806219,3,500.0,500.0,,2,60,0.397222,0.397222,0.0,False,False,325
42,806219,3,500.0,500.0,,2,80,0.397222,0.397222,0.0,False,False,325
42,806219,3,500.0,500.0,,2,100,0.397222,0.397222,0.0,False,False,325
42,806219,3,500.0,500.0,,2,120,0.397222,0.397222,0.0,False,False,325
42,806219,3,500.0,500.0,,2,140,0.416667,0.397222,0.01944499999999999,False,False,325
42,806219,3,500.0,500.0,,2,160,0.425,0.397222,0.02777799999999997,False,False,325
42,806219,3,500.0,500.0,,2,180,0.425,0.397222,0.02777799999999997,False,False,325
42,806219,3,500.0,500.0,,2,200,0.425,0.397222,0.02777799999999997,False,False,325
42,806219,3,500.0,500.0,,2,220,0.425,0.397222,0.02777799999999997,False,False,325
42,806219,3,500.0,500.0,,2,240,0.425,0.397222,0.02777799999999997,False,False,325
42,806219,3,500.0,500.0,,2,260,0.425,0.397222,0.02777799999999997,False,False,325
42,806219,3,500.0,500.0,,2,280,0.430556,0.397222,0.033333999999999975,False,False,325
42,806219,3,500.0,500.0,,2,300,0.430556,0.397222,0.033333999999999975,False,False,325
42,806219,3,500.0,500.0,,2,320,0.430556,0.397222,0.033333999999999975,False,False,325
42,806219,3,500.0,500.0,,2,340,0.436111,0.408333,0.027778000000000025,False,False,325
42,806219,3,500.0,500.0,,2,360,0.436111,0.408333,0.027778000000000025,False,False,325
42,806219,3,500.0,500.0,,2,380,0.436111,0.408333,0.027778000000000025,False,False,325
42,806219,3,500.0,500.0,,2,400,0.436111,0.408333,0.027778000000000025,False,False,325
43,76126870,3,500.0,500.0,,2,20,0.413889,0.413889,0.0,False,False,167
43,76126870,3,500.0,500.0,,2,40,0.416667,0.413889,0.0027780000000000027,False,False,167
43,76126870,3,500.0,500.0,,2,60,0.45,0.413889,0.036111000000000004,False,False,167
43,76126870,3,500.0,500.0,,2,80,0.452778,0.427778,0.025000000000000022,False,False,167
43,76126870,3,500.0,500.0,,2,100,0.452778,0.427778,0.025000000000000022,False,False,167
43,76126870,3,500.0,500.0,,2,120,0.477778,0.427778,0.04999999999999999,False,False,167
43,76126870,3,500.0,500.0,,2,140,0.477778,0.427778,0.04999999999999999,False,False,167
43,76126870,3,500.0,500.0,,2,160,0.477778,0.427778,0.04999999999999999,False,False,167
43,76126870,3,500.0,500.0,,2,180,0.477778,0.433333,0.04444499999999996,False,False,167
43,76126870,3,500.0,500.0,,2,200,0.477778,0.433333,0.04444499999999996,False,False,167
43,76126870,3,500.0,500.0,,2,220,0.477778,0.433333,0.04444499999999996,False,False,167
43,76126870,3,500.0,500.0,,2,240,0.477778,0.433333,0.04444499999999996,False,False,167
43,76126870,3,500.0,500.0,,2,260,0.477778,0.433333,0.04444499999999996,False,False,167
43,76126870,3,500.0,500.0,,2,280,0.477778,0.433333,0.04444499999999996,False,False,167
43,76126870,3,500.0,500.0,,2,300,0.477778,0.433333,0.04444499999999996,False,False,167
43,76126870,3,500.0,500.0,,2,320,0.480556,0.433333,0.04722299999999996,False,False,167
43,76126870,3,500.0,500.0,,2,340,0.480556,0.433333,0.04722299999999996,False,False,167
43,76126870,3,500.0,500.0,,2,360,0.480556,0.433333,0.04722299999999996,False,False,167
43,76126870,3,500.0,500.0,,2,380,0.480556,0.433333,0.04722299999999996,False,False,167
43,76126870,3,500.0,500.0,,2,400,0.480556,0.433333,0.04722299999999996,False,False,167
44,74509218,3,500.0,500.0,,2,20,0.408333,0.408333,0.0,False,False,290
44,74509218,3,500.0,500.0,,2,40,0.408333,0.438889,-0.030555999999999972,False,False,290
44,74509218,3,500.0,500.0,,2,60,0.430556,0.438889,-0.00833299999999998,False,False,290
44,74509218,3,500.0,500.0,,2,80,0.45,0.438889,0.011111000000000038,False,False,290
44,74509218,3,500.0,500.0,,2,100,0.45,0.438889,0.011111000000000038,False,False,290
44,74509218,3,500.0,500.0,,2,120,0.455556,0.444444,0.01111200000000001,False,False,290
44,74509218,3,500.0,500.0,,2,140,0.455556,0.444444,0.01111200000000001,False,False,290
44,74509218,3,500.0,500.0,,2,160,0.469444,0.444444,0.024999999999999967,False,False,290
44,74509218,3,500.0,500.0,,2,180,0.497222,0.444444,0.05277799999999999,False,False,290
44,74509218,3,500.0,500.0,,2,200,0.497222,0.444444,0.05277799999999999,False,False,290
44,74509218,3,500.0,500.0,,2,220,0.497222,0.444444,0.05277799999999999,False,False,290
44,74509218,3,500.0,500.0,,2,240,0.497222,0.444444,0.05277799999999999,False,False,290
44,74509218,3,500.0,500.0,,2,260,0.497222,0.444444,0.05277799999999999,False,False,290
44,74509218,3,500.0,500.0,,2,280,0.497222,0.444444,0.05277799999999999,False,False,290
44,74509218,3,500.0,500.0,,2,300,0.497222,0.458333,0.03888900000000001,False,False,290
44,74509218,3,500.0,500.0,,2,320,0.505556,0.458333,0.047223000000000015,False,False,290
44,74509218,3,500.0,500.0,,2,340,0.505556,0.458333,0.047223000000000015,False,False,290
44,74509218,3,500.0,500.0,,2,360,0.505556,0.458333,0.047223000000000015,False,False,290
44,74509218,3,500.0,500.0,,2,380,0.505556,0.458333,0.047223000000000015,False,False,290
44,74509218,3,500.0,500.0,,2,400,0.505556,0.458333,0.047223000000000015,False,False,290
45,1664576,3,500.0,500.0,,2,20,0.366667,0.366667,0.0,False,False,72
45,1664576,3,500.0,500.0,,2,40,0.397222,0.416667,-0.01944499999999999,False,False,72
45,1664576,3,500.0,500.0,,2,60,0.427778,0.416667,0.011110999999999982,False,False,72
45,1664576,3,500.0,500.0,,2,80,0.427778,0.425,0.0027780000000000027,False,False,72
45,1664576,3,500.0,500.0,,2,100,0.444444,0.425,0.019444000000000017,False,False,72
45,1664576,3,500.0,500.0,,2,120,0.444444,0.425,0.019444000000000017,False,False,72
45,1664576,3,500.0,500.0,,2,140,0.461111,0.425,0.036111000000000004,False,False,72
45,1664576,3,500.0,500.0,,2,160,0.461111,0.425,0.036111000000000004,False,False,72
45,1664576,3,500.0,500.0,,2,180,0.461111,0.425,0.036111000000000004,False,False,72
45,1664576,3,500.0,500.0,,2,200,0.461111,0.425,0.036111000000000004,False,False,72
45,1664576,3,500.0,500.0,,2,220,0.461111,0.425,0.036111000000000004,False,False,72
45,1664576,3,500.0,500.0,,2,240,0.461111,0.425,0.036111000000000004,False,False,72
45,1664576,3,500.0,500.0,,2,260,0.461111,0.425,0.036111000000000004,False,False,72
45,1664576,3,500.0,500.0,,2,280,0.469444,0.425,0.044443999999999984,False,False,72
45,1664576,3,500.0,500.0,,2,300,0.469444,0.425,0.044443999999999984,False,False,72
45,1664576,3,500.0,500.0,,2,320,0.477778,0.425,0.05277799999999999,False,False,72
45,1664576,3,500.0,500.0,,2,340,0.477778,0.425,0.05277799999999999,False,False,72
45,1664576,3,500.0,500.0,,2,360,0.477778,0.425,0.05277799999999999,False,False,72
45,1664576,3,500.0,500.0,,2,380,0.477778,0.425,0.05277799999999999,False,False,72
45,1664576,3,500.0,500.0,,2,400,0.477778,0.425,0.05277799999999999,False,False,72
46,40063030,3,500.0,500.0,,2,20,0.397222,0.397222,0.0,False,False,303
46,40063030,3,500.0,500.0,,2,40,0.397222,0.397222,0.0,False,False,303
46,40063030,3,500.0,500.0,,2,60,0.397222,0.397222,0.0,False,False,303
46,40063030,3,500.0,500.0,,2,80,0.411111,0.397222,0.013888999999999985,False,False,303
46,40063030,3,500.0,500.0,,2,100,0.447222,0.397222,0.04999999999999999,False,False,303
46,40063030,3,500.0,500.0,,2,120,0.447222,0.397222,0.04999999999999999,False,False,303
46,40063030,3,500.0,500.0,,2,140,0.447222,0.397222,0.04999999999999999,False,False,303
46,40063030,3,500.0,500.0,,2,160,0.447222,0.397222,0.04999999999999999,False,False,303
46,40063030,3,500.0,500.0,,2,180,0.447222,0.397222,0.04999999999999999,False,False,303
46,40063030,3,500.0,500.0,,2,200,0.45,0.397222,0.05277799999999999,False,False,303
46,40063030,3,500.0,500.0,,2,220,0.461111,0.397222,0.06388899999999997,False,False,303
46,40063030,3,500.0,500.0,,2,240,0.480556,0.413889,0.06666699999999998,False,False,303
46,40063030,3,500.0,500.0,,2,260,0.480556,0.413889,0.06666699999999998,False,False,303
46,40063030,3,500.0,500.0,,2,280,0.480556,0.427778,0.05277799999999999,False,False,303
46,40063030,3,500.0,500.0,,2,300,0.480556,0.430556,0.04999999999999999,False,False,303
46,40063030,3,500.0,500.0,,2,320,0.491667,0.436111,0.055555999999999994,False,False,303
46,40063030,3,500.0,500.0,,2,340,0.491667,0.436111,0.055555999999999994,False,False,303
46,40063030,3,500.0,500.0,,2,360,0.491667,0.436111,0.055555999999999994,False,False,303
46,40063030,3,500.0,500.0,,2,380,0.491667,0.436111,0.055555999999999994,False,False,303
46,40063030,3,500.0,500.0,,2,400,0.491667,0.436111,0.055555999999999994,False,False,303
47,38032146,3,500.0,500.0,,2,20,0.344444,0.344444,0.0,False,False,88
47,38032146,3,500.0,500.0,,2,40,0.344444,0.397222,-0.05277800000000005,False,False,88
47,38032146,3,500.0,500.0,,2,60,0.344444,0.397222,-0.05277800000000005,False,False,88
47,38032146,3,500.0,500.0,,2,80,0.372222,0.397222,-0.025000000000000022,False,False,88
47,38032146,3,500.0,500.0,,2,100,0.372222,0.427778,-0.055555999999999994,False,False,88
47,38032146,3,500.0,500.0,,2,120,0.380556,0.427778,-0.047221999999999986,False,False,88
47,38032146,3,500.0,500.0,,2,140,0.405556,0.427778,-0.022221999999999964,False,False,88
47,38032146,3,500.0,500.0,,2,160,0.425,0.427778,-0.0027780000000000027,False,False,88
47,38032146,3,500.0,500.0,,2,180,0.425,0.427778,-0.0027780000000000027,False,False,88
47,38032146,3,500.0,500.0,,2,200,0.469444,0.427778,0.04166599999999998,False,False,88
47,38032146,3,500.0,500.0,,2,220,0.469444,0.427778,0.04166599999999998,False,False,88
47,38032146,3,500.0,500.0,,2,240,0.469444,0.427778,0.04166599999999998,False,False,88
47,38032146,3,500.0,500.0,,2,260,0.486111,0.427778,0.058333000000000024,False,False,88
47,38032146,3,500.0,500.0,,2,280,0.486111,0.427778,0.058333000000000024,False,False,88
47,38032146,3,500.0,500.0,,2,300,0.486111,0.427778,0.058333000000000024,False,False,88
47,38032146,3,500.0,500.0,,2,320,0.486111,0.427778,0.058333000000000024,False,False,88
47,38032146,3,500.0,500.0,,2,340,0.486111,0.427778,0.058333000000000024,False,False,88
47,38032146,3,500.0,500.0,,2,360,0.494444,0.427778,0.066666,False,False,88
47,38032146,3,500.0,500.0,,2,380,0.494444,0.427778,0.066666,False,False,88
47,38032146,3,500.0,500.0,,2,400,0.494444,0.427778,0.066666,False,False,88
48,74485470,3,500.0,500.0,,2,20,0.408333,0.408333,0.0,False,False,30
48,74485470,3,500.0,500.0,,2,40,0.425,0.472222,-0.047221999999999986,False,False,30
48,74485470,3,500.0,500.0,,2,60,0.430556,0.472222,-0.04166599999999998,False,False,30
48,74485470,3,500.0,500.0,,2,80,0.430556,0.472222,-0.04166599999999998,False,False,30
48,74485470,3,500.0,500.0,,2,100,0.436111,0.472222,-0.03611099999999995,False,False,30
48,74485470,3,500.0,500.0,,2,120,0.436111,0.472222,-0.03611099999999995,False,False,30
48,74485470,3,500.0,500.0,,2,140,0.436111,0.472222,-0.03611099999999995,False,False,30
48,74485470,3,500.0,500.0,,2,160,0.441667,0.472222,-0.030555,False,False,30
48,74485470,3,500.0,500.0,,2,180,0.458333,0.472222,-0.013888999999999985,False,False,30
48,74485470,3,500.0,500.0,,2,200,0.475,0.472222,0.0027780000000000027,False,False,30
48,74485470,3,500.0,500.0,,2,220,0.477778,0.472222,0.005556000000000005,False,False,30
48,74485470,3,500.0,500.0,,2,240,0.477778,0.472222,0.005556000000000005,False,False,30
48,74485470,3,500.0,500.0,,2,260,0.483333,0.472222,0.011111000000000038,False,False,30
48,74485470,3,500.0,500.0,,2,280,0.483333,0.472222,0.011111000000000038,False,False,30
48,74485470,3,500.0,500.0,,2,300,0.486111,0.472222,0.01388900000000004,False,False,30
48,74485470,3,500.0,500.0,,2,320,0.486111,0.472222,0.01388900000000004,False,False,30
48,74485470,3,500.0,500.0,,2,340,0.486111,0.472222,0.01388900000000004,False,False,30
48,74485470,3,500.0,500.0,,2,360,0.513889,0.472222,0.041667000000000065,False,False,30
48,74485470,3,500.0,500.0,,2,380,0.513889,0.472222,0.041667000000000065,False,False,30
48,74485470,3,500.0,500.0,,2,400,0.513889,0.472222,0.041667000000000065,False,False,30
49,525339,4,500.0,500.0,,1,20,0.641667,0.641667,0.0,False,False,8
49,525339,4,500.0,500.0,,1,40,0.641667,0.641667,0.0,False,False,8
49,525339,4,500.0,500.0,,1,60,0.641667,0.641667,0.0,False,False,8
49,525339,4,500.0,500.0,,1,80,0.641667,0.641667,0.0,False,False,8
49,525339,4,500.0,500.0,,1,100,0.641667,0.641667,0.0,False,False,8
49,525339,4,500.0,500.0,,1,120,0.641667,0.641667,0.0,False,False,8
49,525339,4,500.0,500.0,,1,140,0.641667,0.641667,0.0,False,False,8
49,525339,4,500.0,500.0,,1,160,0.641667,0.641667,0.0,False,False,8
49,525339,4,500.0,500.0,,1,180,0.641667,0.641667,0.0,False,False,8
49,525339,4,500.0,500.0,,1,200,0.641667,0.641667,0.0,False,False,8
49,525339,4,500.0,500.0,,1,220,0.641667,0.641667,0.0,False,False,8
49,525339,4,500.0,500.0,,1,240,0.641667,0.641667,0.0,False,False,8
49,525339,4,500.0,500.0,,1,260,0.641667,0.641667,0.0,False,False,8
49,525339,4,500.0,500.0,,1,280,0.641667,0.641667,0.0,False,False,8
49,525339,4,500.0,500.0,,1,300,0.641667,0.641667,0.0,False,False,8
49,525339,4,500.0,500.0,,1,320,0.641667,0.641667,0.0,False,False,8
49,525339,4,500.0,500.0,,1,340,0.641667,0.641667,0.0,False,False,8
49,525339,4,500.0,500.0,,1,360,0.641667,0.641667,0.0,False,False,8
49,525339,4,500.0,500.0,,1,380,0.644444,0.641667,0.0027770000000000294,False,False,8
49,525339,4,500.0,500.0,,1,400,0.65,0.641667,0.008333000000000035,False,False,8
50,864365,4,500.0,500.0,,1,20,0.630556,0.630556,0.0,False,False,154
50,864365,4,500.0,500.0,,1,40,0.630556,0.630556,0.0,False,False,154
50,864365,4,500.0,500.0,,1,60,0.630556,0.630556,0.0,False,False,154
50,864365,4,500.0,500.0,,1,80,0.661111,0.630556,0.030555,False,False,154
50,864365,4,500.0,500.0,,1,100,0.661111,0.630556,0.030555,False,False,154
50,864365,4,500.0,500.0,,1,120,0.661111,0.630556,0.030555,False,False,154
50,864365,4,500.0,500.0,,1,140,0.661111,0.630556,0.030555,False,False,154
50,864365,4,500.0,500.0,,1,160,0.669444,0.652778,0.01666600000000007,False,False,154
50,864365,4,500.0,500.0,,1,180,0.675,0.652778,0.022222000000000075,False,False,154
50,864365,4,500.0,500.0,,1,200,0.675,0.652778,0.022222000000000075,False,False,154
50,864365,4,500.0,500.0,,1,220,0.675,0.652778,0.022222000000000075,False,False,154
50,864365,4,500.0,500.0,,1,240,0.675,0.652778,0.022222000000000075,False,False,154
50,864365,4,500.0,500.0,,1,260,0.677778,0.652778,0.025000000000000022,False,False,154
50,864365,4,500.0,500.0,,1,280,0.688889,0.652778,0.036111000000000004,False,False,154
50,864365,4,500.0,500.0,,1,300,0.722222,0.652778,0.06944400000000006,False,False,154
50,864365,4,500.0,500.0,,1,320,0.722222,0.652778,0.06944400000000006,False,False,154
50,864365,4,500.0,500.0,,1,340,0.722222,0.652778,0.06944400000000006,False,False,154
50,864365,4,500.0,500.0,,1,360,0.722222,0.652778,0.06944400000000006,False,False,154
50,864365,4,500.0,500.0,,1,380,0.722222,0.652778,0.06944400000000006,False,False,154
50,864365,4,500.0,500.0,,1,400,0.722222,0.652778,0.06944400000000006,False,False,154
51,67358,4,500.0,500.0,,1,20,0.638889,0.638889,0.0,False,False,373
51,67358,4,500.0,500.0,,1,40,0.638889,0.641667,-0.002777999999999947,False,False,373
51,67358,4,500.0,500.0,,1,60,0.638889,0.641667,-0.002777999999999947,False,False,373
51,67358,4,500.0,500.0,,1,80,0.638889,0.641667,-0.002777999999999947,False,False,373
51,67358,4,500.0,500.0,,1,100,0.672222,0.641667,0.030555,False,False,373
51,67358,4,500.0,500.0,,1,120,0.672222,0.641667,0.030555,False,False,373
51,67358,4,500.0,500.0,,1,140,0.697222,0.641667,0.05555500000000002,False,False,373
51,67358,4,500.0,500.0,,1,160,0.697222,0.680556,0.01666599999999996,False,False,373
51,67358,4,500.0,500.0,,1,180,0.722222,0.680556,0.04166599999999998,False,False,373
51,67358,4,500.0,500.0,,1,200,0.722222,0.680556,0.04166599999999998,False,False,373
51,67358,4,500.0,500.0,,1,220,0.722222,0.680556,0.04166599999999998,False,False,373
51,67358,4,500.0,500.0,,1,240,0.722222,0.680556,0.04166599999999998,False,False,373
51,67358,4,500.0,500.0,,1,260,0.722222,0.680556,0.04166599999999998,False,False,373
51,67358,4,500.0,500.0,,1,280,0.722222,0.680556,0.04166599999999998,False,False,373
51,67358,4,500.0,500.0,,1,300,0.722222,0.680556,0.04166599999999998,False,False,373
51,67358,4,500.0,500.0,,1,320,0.722222,0.680556,0.04166599999999998,False,False,373
51,67358,4,500.0,500.0,,1,340,0.722222,0.680556,0.04166599999999998,False,False,373
51,67358,4,500.0,500.0,,1,360,0.722222,0.680556,0.04166599999999998,False,False,373
51,67358,4,500.0,500.0,,1,380,0.722222,0.697222,0.025000000000000022,False,False,373
51,67358,4,500.0,500.0,,1,400,0.722222,0.697222,0.025000000000000022,False,False,373
52,747263,4,500.0,500.0,,1,20,0.625,0.625,0.0,False,False,194
52,747263,4,500.0,500.0,,1,40,0.625,0.625,0.0,False,False,194
52,747263,4,500.0,500.0,,1,60,0.625,0.625,0.0,False,False,194
52,747263,4,500.0,500.0,,1,80,0.625,0.625,0.0,False,False,194
52,747263,4,500.0,500.0,,1,100,0.638889,0.625,0.01388900000000004,False,False,194
52,747263,4,500.0,500.0,,1,120,0.638889,0.625,0.01388900000000004,False,False,194
52,747263,4,500.0,500.0,,1,140,0.638889,0.625,0.01388900000000004,False,False,194
52,747263,4,500.0,500.0,,1,160,0.638889,0.638889,0.0,False,False,194
52,747263,4,500.0,500.0,,1,180,0.655556,0.638889,0.016666999999999987,False,False,194
52,747263,4,500.0,500.0,,1,200,0.655556,0.647222,0.008334000000000064,False,False,194
52,747263,4,500.0,500.0,,1,220,0.655556,0.647222,0.008334000000000064,False,False,194
52,747263,4,500.0,500.0,,1,240,0.655556,0.647222,0.008334000000000064,False,False,194
52,747263,4,500.0,500.0,,1,260,0.655556,0.647222,0.008334000000000064,False,False,194
52,747263,4,500.0,500.0,,1,280,0.655556,0.647222,0.008334000000000064,False,False,194
52,747263,4,500.0,500.0,,1,300,0.655556,0.647222,0.008334000000000064,False,False,194
52,747263,4,500.0,500.0,,1,320,0.655556,0.647222,0.008334000000000064,False,False,194
52,747263,4,500.0,500.0,,1,340,0.655556,0.647222,0.008334000000000064,False,False,194
52,747263,4,500.0,500.0,,1,360,0.655556,0.647222,0.008334000000000064,False,False,194
52,747263,4,500.0,500.0,,1,380,0.655556,0.647222,0.008334000000000064,False,False,194
52,747263,4,500.0,500.0,,1,400,0.655556,0.647222,0.008334000000000064,False,False,194
53,677807,4,500.0,500.0,,1,20,0.586111,0.586111,0.0,False,False,375
53,677807,4,500.0,500.0,,1,40,0.586111,0.661111,-0.07499999999999996,False,False,375
53,677807,4,500.0,500.0,,1,60,0.586111,0.677778,-0.09166699999999994,False,False,375
53,677807,4,500.0,500.0,,1,80,0.586111,0.677778,-0.09166699999999994,False,False,375
53,677807,4,500.0,500.0,,1,100,0.691667,0.702778,-0.011110999999999982,False,False,375
53,677807,4,500.0,500.0,,1,120,0.691667,0.702778,-0.011110999999999982,False,False,375
53,677807,4,500.0,500.0,,1,140,0.691667,0.702778,-0.011110999999999982,False,False,375
53,677807,4,500.0,500.0,,1,160,0.705556,0.702778,0.002777999999999947,False,False,375
53,677807,4,500.0,500.0,,1,180,0.75,0.702778,0.047221999999999986,False,False,375
53,677807,4,500.0,500.0,,1,200,0.75,0.702778,0.047221999999999986,False,False,375
53,677807,4,500.0,500.0,,1,220,0.763889,0.702778,0.061111000000000026,False,False,375
53,677807,4,500.0,500.0,,1,240,0.763889,0.702778,0.061111000000000026,False,False,375
53,677807,4,500.0,500.0,,1,260,0.763889,0.702778,0.061111000000000026,False,False,375
53,677807,4,500.0,500.0,,1,280,0.763889,0.702778,0.061111000000000026,False,False,375
53,677807,4,500.0,500.0,,1,300,0.763889,0.702778,0.061111000000000026,False,False,375
53,677807,4,500.0,500.0,,1,320,0.763889,0.702778,0.061111000000000026,False,False,375
53,677807,4,500.0,500.0,,1,340,0.763889,0.702778,0.061111000000000026,False,False,375
53,677807,4,500.0,500.0,,1,360,0.763889,0.702778,0.061111000000000026,False,False,375
53,677807,4,500.0,500.0,,1,380,0.763889,0.711111,0.05277799999999999,False,False,375
53,677807,4,500.0,500.0,,1,400,0.763889,0.711111,0.05277799999999999,False,False,375
54,806219,4,500.0,500.0,,1,20,0.6,0.6,0.0,False,False,232
54,806219,4,500.0,500.0,,1,40,0.611111,0.655556,-0.04444500000000007,False,False,232
54,806219,4,500.0,500.0,,1,60,0.611111,0.655556,-0.04444500000000007,False,False,232
54,806219,4,500.0,500.0,,1,80,0.611111,0.655556,-0.04444500000000007,False,False,232
54,806219,4,500.0,500.0,,1,100,0.611111,0.655556,-0.04444500000000007,False,False,232
54,806219,4,500.0,500.0,,1,120,0.616667,0.655556,-0.03888900000000006,False,False,232
54,806219,4,500.0,500.0,,1,140,0.644444,0.655556,-0.01111200000000001,False,False,232
54,806219,4,500.0,500.0,,1,160,0.652778,0.655556,-0.002778000000000058,False,False,232
54,806219,4,500.0,500.0,,1,180,0.658333,0.655556,0.0027769999999999184,False,False,232
54,806219,4,500.0,500.0,,1,200,0.658333,0.655556,0.0027769999999999184,False,False,232
54,806219,4,500.0,500.0,,1,220,0.658333,0.655556,0.0027769999999999184,False,False,232
54,806219,4,500.0,500.0,,1,240,0.658333,0.669444,-0.011111000000000093,False,False,232
54,806219,4,500.0,500.0,,1,260,0.666667,0.669444,-0.0027770000000000294,False,False,232
54,806219,4,500.0,500.0,,1,280,0.666667,0.669444,-0.0027770000000000294,False,False,232
54,806219,4,500.0,500.0,,1,300,0.688889,0.669444,0.019444999999999935,False,False,232
54,806219,4,500.0,500.0,,1,320,0.688889,0.669444,0.019444999999999935,False,False,232
54,806219,4,500.0,500.0,,1,340,0.688889,0.669444,0.019444999999999935,False,False,232
54,806219,4,500.0,500.0,,1,360,0.694444,0.669444,0.02499999999999991,False,False,232
54,806219,4,500.0,500.0,,1,380,0.694444,0.669444,0.02499999999999991,False,False,232
54,806219,4,500.0,500.0,,1,400,0.694444,0.669444,0.02499999999999991,False,False,232
55,76126870,4,500.0,500.0,,1,20,0.569444,0.569444,0.0,False,False,375
55,76126870,4,500.0,500.0,,1,40,0.569444,0.638889,-0.06944500000000009,False,False,375
55,76126870,4,500.0,500.0,,1,60,0.586111,0.638889,-0.05277799999999999,False,False,375
55,76126870,4,500.0,500.0,,1,80,0.619444,0.638889,-0.019445000000000046,False,False,375
55,76126870,4,500.0,500.0,,1,100,0.619444,0.638889,-0.019445000000000046,False,False,375
55,76126870,4,500.0,500.0,,1,120,0.652778,0.638889,0.01388899999999993,False,False,375
55,76126870,4,500.0,500.0,,1,140,0.666667,0.638889,0.02777799999999997,False,False,375
55,76126870,4,500.0,500.0,,1,160,0.683333,0.638889,0.04444399999999993,False,False,375
55,76126870,4,500.0,500.0,,1,180,0.688889,0.638889,0.04999999999999993,False,False,375
55,76126870,4,500.0,500.0,,1,200,0.727778,0.638889,0.088889,False,False,375
55,76126870,4,500.0,500.0,,1,220,0.727778,0.638889,0.088889,False,False,375
55,76126870,4,500.0,500.0,,1,240,0.727778,0.675,0.05277799999999999,False,False,375
55,76126870,4,500.0,500.0,,1,260,0.733333,0.675,0.05833299999999997,False,False,375
55,76126870,4,500.0,500.0,,1,280,0.733333,0.675,0.05833299999999997,False,False,375
55,76126870,4,500.0,500.0,,1,300,0.752778,0.675,0.0777779999999999,False,False,375
55,76126870,4,500.0,500.0,,1,320,0.752778,0.675,0.0777779999999999,False,False,375
55,76126870,4,500.0,500.0,,1,340,0.752778,0.675,0.0777779999999999,False,False,375
55,76126870,4,500.0,500.0,,1,360,0.752778,0.675,0.0777779999999999,False,False,375
55,76126870,4,500.0,500.0,,1,380,0.752778,0.711111,0.0416669999999999,False,False,375
55,76126870,4,500.0,500.0,,1,400,0.752778,0.711111,0.0416669999999999,False,False,375
56,74509218,4,500.0,500.0,,1,20,0.669444,0.669444,0.0,False,False,182
56,74509218,4,500.0,500.0,,1,40,0.669444,0.669444,0.0,False,False,182
56,74509218,4,500.0,500.0,,1,60,0.669444,0.669444,0.0,False,False,182
56,74509218,4,500.0,500.0,,1,80,0.669444,0.669444,0.0,False,False,182
56,74509218,4,500.0,500.0,,1,100,0.697222,0.669444,0.02777799999999997,False,False,182
56,74509218,4,500.0,500.0,,1,120,0.697222,0.669444,0.02777799999999997,False,False,182
56,74509218,4,500.0,500.0,,1,140,0.697222,0.669444,0.02777799999999997,False,False,182
56,74509218,4,500.0,500.0,,1,160,0.722222,0.669444,0.05277799999999999,False,False,182
56,74509218,4,500.0,500.0,,1,180,0.722222,0.669444,0.05277799999999999,False,False,182
56,74509218,4,500.0,500.0,,1,200,0.722222,0.716667,0.005554999999999977,False,False,182
56,74509218,4,500.0,500.0,,1,220,0.736111,0.716667,0.019443999999999906,False,False,182
56,74509218,4,500.0,500.0,,1,240,0.736111,0.716667,0.019443999999999906,False,False,182
56,74509218,4,500.0,500.0,,1,260,0.736111,0.716667,0.019443999999999906,False,False,182
56,74509218,4,500.0,500.0,,1,280,0.736111,0.716667,0.019443999999999906,False,False,182
56,74509218,4,500.0,500.0,,1,300,0.736111,0.716667,0.019443999999999906,False,False,182
56,74509218,4,500.0,500.0,,1,320,0.736111,0.716667,0.019443999999999906,False,False,182
56,74509218,4,500.0,500.0,,1,340,0.736111,0.716667,0.019443999999999906,False,False,182
56,74509218,4,500.0,500.0,,1,360,0.736111,0.716667,0.019443999999999906,False,False,182
56,74509218,4,500.0,500.0,,1,380,0.738889,0.716667,0.022221999999999964,False,False,182
56,74509218,4,500.0,500.0,,1,400,0.738889,0.716667,0.022221999999999964,False,False,182
57,1664576,4,500.0,500.0,,1,20,0.666667,0.666667,0.0,False,False,118
57,1664576,4,500.0,500.0,,1,40,0.666667,0.666667,0.0,False,False,118
57,1664576,4,500.0,500.0,,1,60,0.666667,0.666667,0.0,False,False,118
57,1664576,4,500.0,500.0,,1,80,0.666667,0.666667,0.0,False,False,118
57,1664576,4,500.0,500.0,,1,100,0.675,0.666667,0.008333000000000035,False,False,118
57,1664576,4,500.0,500.0,,1,120,0.680556,0.716667,-0.036111000000000004,False,False,118
57,1664576,4,500.0,500.0,,1,140,0.680556,0.716667,-0.036111000000000004,False,False,118
57,1664576,4,500.0,500.0,,1,160,0.680556,0.716667,-0.036111000000000004,False,False,118
57,1664576,4,500.0,500.0,,1,180,0.680556,0.716667,-0.036111000000000004,False,False,118
57,1664576,4,500.0,500.0,,1,200,0.680556,0.716667,-0.036111000000000004,False,False,118
57,1664576,4,500.0,500.0,,1,220,0.694444,0.716667,-0.022223000000000104,False,False,118
57,1664576,4,500.0,500.0,,1,240,0.694444,0.716667,-0.022223000000000104,False,False,118
57,1664576,4,500.0,500.0,,1,260,0.694444,0.716667,-0.022223000000000104,False,False,118
57,1664576,4,500.0,500.0,,1,280,0.702778,0.716667,-0.01388900000000004,False,False,118
57,1664576,4,500.0,500.0,,1,300,0.702778,0.716667,-0.01388900000000004,False,False,118
57,1664576,4,500.0,500.0,,1,320,0.702778,0.716667,-0.01388900000000004,False,False,118
57,1664576,4,500.0,500.0,,1,340,0.702778,0.716667,-0.01388900000000004,False,False,118
57,1664576,4,500.0,500.0,,1,360,0.702778,0.716667,-0.01388900000000004,False,False,118
57,1664576,4,500.0,500.0,,1,380,0.702778,0.716667,-0.01388900000000004,False,False,118
57,1664576,4,500.0,500.0,,1,400,0.702778,0.716667,-0.01388900000000004,False,False,118
58,40063030,4,500.0,500.0,,1,20,0.577778,0.577778,0.0,False,False,351
58,40063030,4,500.0,500.0,,1,40,0.586111,0.636111,-0.04999999999999993,False,False,351
58,40063030,4,500.0,500.0,,1,60,0.630556,0.636111,-0.005554999999999977,False,False,351
58,40063030,4,500.0,500.0,,1,80,0.630556,0.636111,-0.005554999999999977,False,False,351
58,40063030,4,500.0,500.0,,1,100,0.630556,0.636111,-0.005554999999999977,False,False,351
58,40063030,4,500.0,500.0,,1,120,0.630556,0.636111,-0.005554999999999977,False,False,351
58,40063030,4,500.0,500.0,,1,140,0.630556,0.636111,-0.005554999999999977,False,False,351
58,40063030,4,500.0,500.0,,1,160,0.630556,0.636111,-0.005554999999999977,False,False,351
58,40063030,4,500.0,500.0,,1,180,0.630556,0.636111,-0.005554999999999977,False,False,351
58,40063030,4,500.0,500.0,,1,200,0.636111,0.702778,-0.06666700000000003,False,False,351
58,40063030,4,500.0,500.0,,1,220,0.641667,0.702778,-0.061111000000000026,False,False,351
58,40063030,4,500.0,500.0,,1,240,0.65,0.702778,-0.05277799999999999,False,False,351
58,40063030,4,500.0,500.0,,1,260,0.65,0.702778,-0.05277799999999999,False,False,351
58,40063030,4,500.0,500.0,,1,280,0.65,0.702778,-0.05277799999999999,False,False,351
58,40063030,4,500.0,500.0,,1,300,0.65,0.702778,-0.05277799999999999,False,False,351
58,40063030,4,500.0,500.0,,1,320,0.65,0.702778,-0.05277799999999999,False,False,351
58,40063030,4,500.0,500.0,,1,340,0.663889,0.702778,-0.03888900000000006,False,False,351
58,40063030,4,500.0,500.0,,1,360,0.663889,0.713889,-0.050000000000000044,False,False,351
58,40063030,4,500.0,500.0,,1,380,0.663889,0.713889,-0.050000000000000044,False,False,351
58,40063030,4,500.0,500.0,,1,400,0.680556,0.713889,-0.033332999999999946,False,False,351
59,38032146,4,500.0,500.0,,1,20,0.561111,0.561111,0.0,False,False,147
59,38032146,4,500.0,500.0,,1,40,0.636111,0.611111,0.025000000000000022,False,False,147
59,38032146,4,500.0,500.0,,1,60,0.636111,0.661111,-0.025000000000000022,False,False,147
59,38032146,4,500.0,500.0,,1,80,0.65,0.661111,-0.011110999999999982,False,False,147
59,38032146,4,500.0,500.0,,1,100,0.65,0.661111,-0.011110999999999982,False,False,147
59,38032146,4,500.0,500.0,,1,120,0.65,0.661111,-0.011110999999999982,False,False,147
59,38032146,4,500.0,500.0,,1,140,0.658333,0.661111,-0.002778000000000058,False,False,147
59,38032146,4,500.0,500.0,,1,160,0.675,0.680556,-0.005556000000000005,False,False,147
59,38032146,4,500.0,500.0,,1,180,0.730556,0.680556,0.04999999999999993,False,False,147
59,38032146,4,500.0,500.0,,1,200,0.730556,0.680556,0.04999999999999993,False,False,147
59,38032146,4,500.0,500.0,,1,220,0.730556,0.680556,0.04999999999999993,False,False,147
59,38032146,4,500.0,500.0,,1,240,0.730556,0.680556,0.04999999999999993,False,False,147
59,38032146,4,500.0,500.0,,1,260,0.730556,0.680556,0.04999999999999993,False,False,147
59,38032146,4,500.0,500.0,,1,280,0.730556,0.680556,0.04999999999999993,False,False,147
59,38032146,4,500.0,500.0,,1,300,0.730556,0.680556,0.04999999999999993,False,False,147
59,38032146,4,500.0,500.0,,1,320,0.730556,0.680556,0.04999999999999993,False,False,147
59,38032146,4,500.0,500.0,,1,340,0.730556,0.680556,0.04999999999999993,False,False,147
59,38032146,4,500.0,500.0,,1,360,0.730556,0.680556,0.04999999999999993,False,False,147
59,38032146,4,500.0,500.0,,1,380,0.730556,0.680556,0.04999999999999993,False,False,147
59,38032146,4,500.0,500.0,,1,400,0.730556,0.680556,0.04999999999999993,False,False,147
60,74485470,4,500.0,500.0,,1,20,0.597222,0.597222,0.0,False,False,24
60,74485470,4,500.0,500.0,,1,40,0.608333,0.686111,-0.07777800000000001,False,False,24
60,74485470,4,500.0,500.0,,1,60,0.658333,0.686111,-0.02777800000000008,False,False,24
60,74485470,4,500.0,500.0,,1,80,0.669444,0.686111,-0.016666999999999987,False,False,24
60,74485470,4,500.0,500.0,,1,100,0.669444,0.686111,-0.016666999999999987,False,False,24
60,74485470,4,500.0,500.0,,1,120,0.669444,0.686111,-0.016666999999999987,False,False,24
60,74485470,4,500.0,500.0,,1,140,0.672222,0.686111,-0.01388900000000004,False,False,24
60,74485470,4,500.0,500.0,,1,160,0.672222,0.686111,-0.01388900000000004,False,False,24
60,74485470,4,500.0,500.0,,1,180,0.711111,0.686111,0.025000000000000022,False,False,24
60,74485470,4,500.0,500.0,,1,200,0.711111,0.686111,0.025000000000000022,False,False,24
60,74485470,4,500.0,500.0,,1,220,0.711111,0.686111,0.025000000000000022,False,False,24
60,74485470,4,500.0,500.0,,1,240,0.711111,0.686111,0.025000000000000022,False,False,24
60,74485470,4,500.0,500.0,,1,260,0.711111,0.686111,0.025000000000000022,False,False,24
60,74485470,4,500.0,500.0,,1,280,0.711111,0.686111,0.025000000000000022,False,False,24
60,74485470,4,500.0,500.0,,1,300,0.711111,0.686111,0.025000000000000022,False,False,24
60,74485470,4,500.0,500.0,,1,320,0.711111,0.686111,0.025000000000000022,False,False,24
60,74485470,4,500.0,500.0,,1,340,0.711111,0.686111,0.025000000000000022,False,False,24
60,74485470,4,500.0,500.0,,1,360,0.711111,0.686111,0.025000000000000022,False,False,24
60,74485470,4,500.0,500.0,,1,380,0.711111,0.686111,0.025000000000000022,False,False,24
60,74485470,4,500.0,500.0,,1,400,0.711111,0.686111,0.025000000000000022,False,False,24
61,525339,4,500.0,500.0,,2,20,0.422222,0.422222,0.0,False,False,97
61,525339,4,500.0,500.0,,2,40,0.422222,0.430556,-0.008334000000000008,False,False,97
61,525339,4,500.0,500.0,,2,60,0.444444,0.441667,0.0027770000000000294,False,False,97
61,525339,4,500.0,500.0,,2,80,0.444444,0.441667,0.0027770000000000294,False,False,97
61,525339,4,500.0,500.0,,2,100,0.486111,0.472222,0.01388900000000004,False,False,97
61,525339,4,500.0,500.0,,2,120,0.486111,0.472222,0.01388900000000004,False,False,97
61,525339,4,500.0,500.0,,2,140,0.511111,0.472222,0.03888900000000001,False,False,97
61,525339,4,500.0,500.0,,2,160,0.511111,0.472222,0.03888900000000001,False,False,97
61,525339,4,500.0,500.0,,2,180,0.511111,0.472222,0.03888900000000001,False,False,97
61,525339,4,500.0,500.0,,2,200,0.511111,0.472222,0.03888900000000001,False,False,97
61,525339,4,500.0,500.0,,2,220,0.511111,0.472222,0.03888900000000001,False,False,97
61,525339,4,500.0,500.0,,2,240,0.511111,0.472222,0.03888900000000001,False,False,97
61,525339,4,500.0,500.0,,2,260,0.511111,0.472222,0.03888900000000001,False,False,97
61,525339,4,500.0,500.0,,2,280,0.522222,0.472222,0.04999999999999999,False,False,97
61,525339,4,500.0,500.0,,2,300,0.525,0.472222,0.05277800000000005,False,False,97
61,525339,4,500.0,500.0,,2,320,0.525,0.472222,0.05277800000000005,False,False,97
61,525339,4,500.0,500.0,,2,340,0.530556,0.472222,0.05833400000000005,False,False,97
61,525339,4,500.0,500.0,,2,360,0.530556,0.472222,0.05833400000000005,False,False,97
61,525339,4,500.0,500.0,,2,380,0.530556,0.472222,0.05833400000000005,False,False,97
61,525339,4,500.0,500.0,,2,400,0.566667,0.472222,0.09444500000000006,False,False,97
62,864365,4,500.0,500.0,,2,20,0.502778,0.502778,0.0,False,False,313
62,864365,4,500.0,500.0,,2,40,0.502778,0.502778,0.0,False,False,313
62,864365,4,500.0,500.0,,2,60,0.502778,0.502778,0.0,False,False,313
62,864365,4,500.0,500.0,,2,80,0.502778,0.502778,0.0,False,False,313
62,864365,4,500.0,500.0,,2,100,0.502778,0.502778,0.0,False,False,313
62,864365,4,500.0,500.0,,2,120,0.502778,0.502778,0.0,False,False,313
62,864365,4,500.0,500.0,,2,140,0.502778,0.502778,0.0,False,False,313
62,864365,4,500.0,500.0,,2,160,0.516667,0.502778,0.01388900000000004,False,False,313
62,864365,4,500.0,500.0,,2,180,0.516667,0.502778,0.01388900000000004,False,False,313
62,864365,4,500.0,500.0,,2,200,0.516667,0.502778,0.01388900000000004,False,False,313
62,864365,4,500.0,500.0,,2,220,0.516667,0.502778,0.01388900000000004,False,False,313
62,864365,4,500.0,500.0,,2,240,0.516667,0.502778,0.01388900000000004,False,False,313
62,864365,4,500.0,500.0,,2,260,0.519444,0.502778,0.01666600000000007,False,False,313
62,864365,4,500.0,500.0,,2,280,0.525,0.502778,0.022222000000000075,False,False,313
62,864365,4,500.0,500.0,,2,300,0.525,0.502778,0.022222000000000075,False,False,313
62,864365,4,500.0,500.0,,2,320,0.527778,0.519444,0.008333999999999953,False,False,313
62,864365,4,500.0,500.0,,2,340,0.533333,0.519444,0.01388899999999993,False,False,313
62,864365,4,500.0,500.0,,2,360,0.533333,0.519444,0.01388899999999993,False,False,313
62,864365,4,500.0,500.0,,2,380,0.547222,0.519444,0.02777799999999997,False,False,313
62,864365,4,500.0,500.0,,2,400,0.547222,0.519444,0.02777799999999997,False,False,313
63,67358,4,500.0,500.0,,2,20,0.461111,0.461111,0.0,False,False,373
63,67358,4,500.0,500.0,,2,40,0.461111,0.461111,0.0,False,False,373
63,67358,4,500.0,500.0,,2,60,0.463889,0.469444,-0.005554999999999977,False,False,373
63,67358,4,500.0,500.0,,2,80,0.463889,0.483333,-0.019444000000000017,False,False,373
63,67358,4,500.0,500.0,,2,100,0.466667,0.5,-0.033333,False,False,373
63,67358,4,500.0,500.0,,2,120,0.483333,0.5,-0.016666999999999987,False,False,373
63,67358,4,500.0,500.0,,2,140,0.491667,0.5,-0.00833299999999998,False,False,373
63,67358,4,500.0,500.0,,2,160,0.491667,0.505556,-0.013888999999999985,False,False,373
63,67358,4,500.0,500.0,,2,180,0.494444,0.505556,-0.01111200000000001,False,False,373
63,67358,4,500.0,500.0,,2,200,0.494444,0.505556,-0.01111200000000001,False,False,373
63,67358,4,500.0,500.0,,2,220,0.494444,0.505556,-0.01111200000000001,False,False,373
63,67358,4,500.0,500.0,,2,240,0.494444,0.505556,-0.01111200000000001,False,False,373
63,67358,4,500.0,500.0,,2,260,0.494444,0.505556,-0.01111200000000001,False,False,373
63,67358,4,500.0,500.0,,2,280,0.494444,0.505556,-0.01111200000000001,False,False,373
63,67358,4,500.0,500.0,,2,300,0.494444,0.505556,-0.01111200000000001,False,False,373
63,67358,4,500.0,500.0,,2,320,0.494444,0.505556,-0.01111200000000001,False,False,373
63,67358,4,500.0,500.0,,2,340,0.494444,0.505556,-0.01111200000000001,False,False,373
63,67358,4,500.0,500.0,,2,360,0.494444,0.505556,-0.01111200000000001,False,False,373
63,67358,4,500.0,500.0,,2,380,0.525,0.527778,-0.002777999999999947,False,False,373
63,67358,4,500.0,500.0,,2,400,0.525,0.527778,-0.002777999999999947,False,False,373
64,747263,4,500.0,500.0,,2,20,0.458333,0.458333,0.0,False,False,194
64,747263,4,500.0,500.0,,2,40,0.502778,0.461111,0.041666999999999954,False,False,194
64,747263,4,500.0,500.0,,2,60,0.502778,0.461111,0.041666999999999954,False,False,194
64,747263,4,500.0,500.0,,2,80,0.508333,0.461111,0.04722200000000004,False,False,194
64,747263,4,500.0,500.0,,2,100,0.508333,0.461111,0.04722200000000004,False,False,194
64,747263,4,500.0,500.0,,2,120,0.508333,0.477778,0.030555000000000054,False,False,194
64,747263,4,500.0,500.0,,2,140,0.508333,0.477778,0.030555000000000054,False,False,194
64,747263,4,500.0,500.0,,2,160,0.508333,0.477778,0.030555000000000054,False,False,194
64,747263,4,500.0,500.0,,2,180,0.508333,0.477778,0.030555000000000054,False,False,194
64,747263,4,500.0,500.0,,2,200,0.508333,0.511111,-0.002777999999999947,False,False,194
64,747263,4,500.0,500.0,,2,220,0.508333,0.511111,-0.002777999999999947,False,False,194
64,747263,4,500.0,500.0,,2,240,0.508333,0.511111,-0.002777999999999947,False,False,194
64,747263,4,500.0,500.0,,2,260,0.508333,0.511111,-0.002777999999999947,False,False,194
64,747263,4,500.0,500.0,,2,280,0.508333,0.511111,-0.002777999999999947,False,False,194
64,747263,4,500.0,500.0,,2,300,0.511111,0.511111,0.0,False,False,194
64,747263,4,500.0,500.0,,2,320,0.511111,0.511111,0.0,False,False,194
64,747263,4,500.0,500.0,,2,340,0.511111,0.511111,0.0,False,False,194
64,747263,4,500.0,500.0,,2,360,0.511111,0.511111,0.0,False,False,194
64,747263,4,500.0,500.0,,2,380,0.511111,0.511111,0.0,False,False,194
64,747263,4,500.0,500.0,,2,400,0.511111,0.511111,0.0,False,False,194
65,677807,4,500.0,500.0,,2,20,0.461111,0.461111,0.0,False,False,85
65,677807,4,500.0,500.0,,2,40,0.469444,0.463889,0.005554999999999977,False,False,85
65,677807,4,500.0,500.0,,2,60,0.469444,0.522222,-0.05277799999999999,False,False,85
65,677807,4,500.0,500.0,,2,80,0.494444,0.522222,-0.02777799999999997,False,False,85
65,677807,4,500.0,500.0,,2,100,0.494444,0.536111,-0.04166700000000001,False,False,85
65,677807,4,500.0,500.0,,2,120,0.533333,0.536111,-0.002778000000000058,False,False,85
65,677807,4,500.0,500.0,,2,140,0.533333,0.536111,-0.002778000000000058,False,False,85
65,677807,4,500.0,500.0,,2,160,0.563889,0.536111,0.02777799999999997,False,False,85
65,677807,4,500.0,500.0,,2,180,0.563889,0.536111,0.02777799999999997,False,False,85
65,677807,4,500.0,500.0,,2,200,0.563889,0.536111,0.02777799999999997,False,False,85
65,677807,4,500.0,500.0,,2,220,0.563889,0.536111,0.02777799999999997,False,False,85
65,677807,4,500.0,500.0,,2,240,0.563889,0.536111,0.02777799999999997,False,False,85
65,677807,4,500.0,500.0,,2,260,0.563889,0.536111,0.02777799999999997,False,False,85
65,677807,4,500.0,500.0,,2,280,0.563889,0.536111,0.02777799999999997,False,False,85
65,677807,4,500.0,500.0,,2,300,0.563889,0.536111,0.02777799999999997,False,False,85
65,677807,4,500.0,500.0,,2,320,0.563889,0.536111,0.02777799999999997,False,False,85
65,677807,4,500.0,500.0,,2,340,0.563889,0.536111,0.02777799999999997,False,False,85
65,677807,4,500.0,500.0,,2,360,0.563889,0.536111,0.02777799999999997,False,False,85
65,677807,4,500.0,500.0,,2,380,0.563889,0.536111,0.02777799999999997,False,False,85
65,677807,4,500.0,500.0,,2,400,0.563889,0.536111,0.02777799999999997,False,False,85
66,806219,4,500.0,500.0,,2,20,0.455556,0.455556,0.0,False,False,48
66,806219,4,500.0,500.0,,2,40,0.455556,0.475,-0.01944399999999996,False,False,48
66,806219,4,500.0,500.0,,2,60,0.455556,0.505556,-0.04999999999999999,False,False,48
66,806219,4,500.0,500.0,,2,80,0.455556,0.505556,-0.04999999999999999,False,False,48
66,806219,4,500.0,500.0,,2,100,0.455556,0.505556,-0.04999999999999999,False,False,48
66,806219,4,500.0,500.0,,2,120,0.455556,0.505556,-0.04999999999999999,False,False,48
66,806219,4,500.0,500.0,,2,140,0.455556,0.505556,-0.04999999999999999,False,False,48
66,806219,4,500.0,500.0,,2,160,0.455556,0.505556,-0.04999999999999999,False,False,48
66,806219,4,500.0,500.0,,2,180,0.455556,0.505556,-0.04999999999999999,False,False,48
66,806219,4,500.0,500.0,,2,200,0.455556,0.505556,-0.04999999999999999,False,False,48
66,806219,4,500.0,500.0,,2,220,0.455556,0.505556,-0.04999999999999999,False,False,48
66,806219,4,500.0,500.0,,2,240,0.461111,0.505556,-0.04444500000000001,False,False,48
66,806219,4,500.0,500.0,,2,260,0.466667,0.505556,-0.03888900000000001,False,False,48
66,806219,4,500.0,500.0,,2,280,0.466667,0.505556,-0.03888900000000001,False,False,48
66,806219,4,500.0,500.0,,2,300,0.469444,0.505556,-0.03611200000000003,False,False,48
66,806219,4,500.0,500.0,,2,320,0.472222,0.505556,-0.03333400000000003,False,False,48
66,806219,4,500.0,500.0,,2,340,0.472222,0.505556,-0.03333400000000003,False,False,48
66,806219,4,500.0,500.0,,2,360,0.477778,0.505556,-0.027778000000000025,False,False,48
66,806219,4,500.0,500.0,,2,380,0.477778,0.505556,-0.027778000000000025,False,False,48
66,806219,4,500.0,500.0,,2,400,0.477778,0.505556,-0.027778000000000025,False,False,48
67,76126870,4,500.0,500.0,,2,20,0.486111,0.486111,0.0,False,False,375
67,76126870,4,500.0,500.0,,2,40,0.486111,0.505556,-0.01944499999999999,False,False,375
67,76126870,4,500.0,500.0,,2,60,0.486111,0.505556,-0.01944499999999999,False,False,375
67,76126870,4,500.0,500.0,,2,80,0.486111,0.505556,-0.01944499999999999,False,False,375
67,76126870,4,500.0,500.0,,2,100,0.486111,0.505556,-0.01944499999999999,False,False,375
67,76126870,4,500.0,500.0,,2,120,0.486111,0.505556,-0.01944499999999999,False,False,375
67,76126870,4,500.0,500.0,,2,140,0.486111,0.505556,-0.01944499999999999,False,False,375
67,76126870,4,500.0,500.0,,2,160,0.486111,0.505556,-0.01944499999999999,False,False,375
67,76126870,4,500.0,500.0,,2,180,0.486111,0.505556,-0.01944499999999999,False,False,375
67,76126870,4,500.0,500.0,,2,200,0.486111,0.505556,-0.01944499999999999,False,False,375
67,76126870,4,500.0,500.0,,2,220,0.488889,0.505556,-0.016666999999999987,False,False,375
67,76126870,4,500.0,500.0,,2,240,0.488889,0.505556,-0.016666999999999987,False,False,375
67,76126870,4,500.0,500.0,,2,260,0.497222,0.505556,-0.008334000000000008,False,False,375
67,76126870,4,500.0,500.0,,2,280,0.502778,0.505556,-0.002778000000000058,False,False,375
67,76126870,4,500.0,500.0,,2,300,0.502778,0.505556,-0.002778000000000058,False,False,375
67,76126870,4,500.0,500.0,,2,320,0.525,0.505556,0.019444000000000017,False,False,375
67,76126870,4,500.0,500.0,,2,340,0.525,0.505556,0.019444000000000017,False,False,375
67,76126870,4,500.0,500.0,,2,360,0.525,0.505556,0.019444000000000017,False,False,375
67,76126870,4,500.0,500.0,,2,380,0.536111,0.513889,0.022221999999999964,False,False,375
67,76126870,4,500.0,500.0,,2,400,0.536111,0.513889,0.022221999999999964,False,False,375
68,74509218,4,500.0,500.0,,2,20,0.516667,0.516667,0.0,False,False,182
68,74509218,4,500.0,500.0,,2,40,0.516667,0.516667,0.0,False,False,182
68,74509218,4,500.0,500.0,,2,60,0.516667,0.516667,0.0,False,False,182
68,74509218,4,500.0,500.0,,2,80,0.516667,0.516667,0.0,False,False,182
68,74509218,4,500.0,500.0,,2,100,0.522222,0.516667,0.005554999999999977,False,False,182
68,74509218,4,500.0,500.0,,2,120,0.522222,0.516667,0.005554999999999977,False,False,182
68,74509218,4,500.0,500.0,,2,140,0.552778,0.525,0.02777799999999997,False,False,182
68,74509218,4,500.0,500.0,,2,160,0.558333,0.525,0.033332999999999946,False,False,182
68,74509218,4,500.0,500.0,,2,180,0.561111,0.525,0.036111000000000004,False,False,182
68,74509218,4,500.0,500.0,,2,200,0.586111,0.552778,0.03333300000000006,False,False,182
68,74509218,4,500.0,500.0,,2,220,0.586111,0.552778,0.03333300000000006,False,False,182
68,74509218,4,500.0,500.0,,2,240,0.6,0.552778,0.047221999999999986,False,False,182
68,74509218,4,500.0,500.0,,2,260,0.6,0.552778,0.047221999999999986,False,False,182
68,74509218,4,500.0,500.0,,2,280,0.6,0.552778,0.047221999999999986,False,False,182
68,74509218,4,500.0,500.0,,2,300,0.6,0.552778,0.047221999999999986,False,False,182
68,74509218,4,500.0,500.0,,2,320,0.6,0.552778,0.047221999999999986,False,False,182
68,74509218,4,500.0,500.0,,2,340,0.6,0.552778,0.047221999999999986,False,False,182
68,74509218,4,500.0,500.0,,2,360,0.6,0.552778,0.047221999999999986,False,False,182
68,74509218,4,500.0,500.0,,2,380,0.6,0.552778,0.047221999999999986,False,False,182
68,74509218,4,500.0,500.0,,2,400,0.6,0.552778,0.047221999999999986,False,False,182
69,1664576,4,500.0,500.0,,2,20,0.516667,0.516667,0.0,False,False,14
69,1664576,4,500.0,500.0,,2,40,0.519444,0.516667,0.0027770000000000294,False,False,14
69,1664576,4,500.0,500.0,,2,60,0.519444,0.516667,0.0027770000000000294,False,False,14
69,1664576,4,500.0,500.0,,2,80,0.552778,0.516667,0.036111000000000004,False,False,14
69,1664576,4,500.0,500.0,,2,100,0.563889,0.516667,0.047221999999999986,False,False,14
69,1664576,4,500.0,500.0,,2,120,0.563889,0.516667,0.047221999999999986,False,False,14
69,1664576,4,500.0,500.0,,2,140,0.563889,0.516667,0.047221999999999986,False,False,14
69,1664576,4,500.0,500.0,,2,160,0.563889,0.516667,0.047221999999999986,False,False,14
69,1664576,4,500.0,500.0,,2,180,0.563889,0.516667,0.047221999999999986,False,False,14
69,1664576,4,500.0,500.0,,2,200,0.563889,0.516667,0.047221999999999986,False,False,14
69,1664576,4,500.0,500.0,,2,220,0.563889,0.516667,0.047221999999999986,False,False,14
69,1664576,4,500.0,500.0,,2,240,0.563889,0.516667,0.047221999999999986,False,False,14
69,1664576,4,500.0,500.0,,2,260,0.569444,0.516667,0.05277699999999996,False,False,14
69,1664576,4,500.0,500.0,,2,280,0.569444,0.516667,0.05277699999999996,False,False,14
69,1664576,4,500.0,500.0,,2,300,0.569444,0.516667,0.05277699999999996,False,False,14
69,1664576,4,500.0,500.0,,2,320,0.569444,0.516667,0.05277699999999996,False,False,14
69,1664576,4,500.0,500.0,,2,340,0.569444,0.516667,0.05277699999999996,False,False,14
69,1664576,4,500.0,500.0,,2,360,0.569444,0.516667,0.05277699999999996,False,False,14
69,1664576,4,500.0,500.0,,2,380,0.569444,0.516667,0.05277699999999996,False,False,14
69,1664576,4,500.0,500.0,,2,400,0.569444,0.516667,0.05277699999999996,False,False,14
70,40063030,4,500.0,500.0,,2,20,0.444444,0.444444,0.0,False,False,185
70,40063030,4,500.0,500.0,,2,40,0.444444,0.475,-0.030555999999999972,False,False,185
70,40063030,4,500.0,500.0,,2,60,0.444444,0.491667,-0.047223000000000015,False,False,185
70,40063030,4,500.0,500.0,,2,80,0.444444,0.491667,-0.047223000000000015,False,False,185
70,40063030,4,500.0,500.0,,2,100,0.497222,0.491667,0.005554999999999977,False,False,185
70,40063030,4,500.0,500.0,,2,120,0.497222,0.505556,-0.008334000000000008,False,False,185
70,40063030,4,500.0,500.0,,2,140,0.497222,0.505556,-0.008334000000000008,False,False,185
70,40063030,4,500.0,500.0,,2,160,0.513889,0.505556,0.008333000000000035,False,False,185
70,40063030,4,500.0,500.0,,2,180,0.513889,0.505556,0.008333000000000035,False,False,185
70,40063030,4,500.0,500.0,,2,200,0.513889,0.530556,-0.016666999999999987,False,False,185
70,40063030,4,500.0,500.0,,2,220,0.536111,0.530556,0.005554999999999977,False,False,185
70,40063030,4,500.0,500.0,,2,240,0.536111,0.530556,0.005554999999999977,False,False,185
70,40063030,4,500.0,500.0,,2,260,0.536111,0.530556,0.005554999999999977,False,False,185
70,40063030,4,500.0,500.0,,2,280,0.536111,0.530556,0.005554999999999977,False,False,185
70,40063030,4,500.0,500.0,,2,300,0.536111,0.530556,0.005554999999999977,False,False,185
70,40063030,4,500.0,500.0,,2,320,0.536111,0.530556,0.005554999999999977,False,False,185
70,40063030,4,500.0,500.0,,2,340,0.536111,0.530556,0.005554999999999977,False,False,185
70,40063030,4,500.0,500.0,,2,360,0.536111,0.530556,0.005554999999999977,False,False,185
70,40063030,4,500.0,500.0,,2,380,0.538889,0.530556,0.008332999999999924,False,False,185
70,40063030,4,500.0,500.0,,2,400,0.538889,0.530556,0.008332999999999924,False,False,185
71,38032146,4,500.0,500.0,,2,20,0.405556,0.405556,0.0,False,False,147
71,38032146,4,500.0,500.0,,2,40,0.458333,0.405556,0.05277699999999996,False,False,147
71,38032146,4,500.0,500.0,,2,60,0.458333,0.463889,-0.005556000000000005,False,False,147
71,38032146,4,500.0,500.0,,2,80,0.458333,0.463889,-0.005556000000000005,False,False,147
71,38032146,4,500.0,500.0,,2,100,0.458333,0.511111,-0.05277799999999999,False,False,147
71,38032146,4,500.0,500.0,,2,120,0.466667,0.511111,-0.044443999999999984,False,False,147
71,38032146,4,500.0,500.0,,2,140,0.472222,0.511111,-0.03888900000000001,False,False,147
71,38032146,4,500.0,500.0,,2,160,0.472222,0.519444,-0.04722200000000004,False,False,147
71,38032146,4,500.0,500.0,,2,180,0.483333,0.519444,-0.036111000000000004,False,False,147
71,38032146,4,500.0,500.0,,2,200,0.486111,0.519444,-0.033333,False,False,147
71,38032146,4,500.0,500.0,,2,220,0.486111,0.519444,-0.033333,False,False,147
71,38032146,4,500.0,500.0,,2,240,0.497222,0.519444,-0.02222200000000002,False,False,147
71,38032146,4,500.0,500.0,,2,260,0.497222,0.519444,-0.02222200000000002,False,False,147
71,38032146,4,500.0,500.0,,2,280,0.5,0.519444,-0.019444000000000017,False,False,147
71,38032146,4,500.0,500.0,,2,300,0.508333,0.519444,-0.011110999999999982,False,False,147
71,38032146,4,500.0,500.0,,2,320,0.508333,0.519444,-0.011110999999999982,False,False,147
71,38032146,4,500.0,500.0,,2,340,0.55,0.519444,0.030556000000000028,False,False,147
71,38032146,4,500.0,500.0,,2,360,0.55,0.519444,0.030556000000000028,False,False,147
71,38032146,4,500.0,500.0,,2,380,0.55,0.519444,0.030556000000000028,False,False,147
71,38032146,4,500.0,500.0,,2,400,0.552778,0.519444,0.033333999999999975,False,False,147
72,74485470,4,500.0,500.0,,2,20,0.469444,0.469444,0.0,False,False,372
72,74485470,4,500.0,500.0,,2,40,0.475,0.508333,-0.03333300000000006,False,False,372
72,74485470,4,500.0,500.0,,2,60,0.475,0.508333,-0.03333300000000006,False,False,372
72,74485470,4,500.0,500.0,,2,80,0.475,0.508333,-0.03333300000000006,False,False,372
72,74485470,4,500.0,500.0,,2,100,0.505556,0.508333,-0.0027770000000000294,False,False,372
72,74485470,4,500.0,500.0,,2,120,0.538889,0.508333,0.030555999999999917,False,False,372
72,74485470,4,500.0,500.0,,2,140,0.538889,0.508333,0.030555999999999917,False,False,372
72,74485470,4,500.0,500.0,,2,160,0.538889,0.508333,0.030555999999999917,False,False,372
72,74485470,4,500.0,500.0,,2,180,0.538889,0.508333,0.030555999999999917,False,False,372
72,74485470,4,500.0,500.0,,2,200,0.538889,0.522222,0.016666999999999987,False,False,372
72,74485470,4,500.0,500.0,,2,220,0.538889,0.522222,0.016666999999999987,False,False,372
72,74485470,4,500.0,500.0,,2,240,0.538889,0.522222,0.016666999999999987,False,False,372
72,74485470,4,500.0,500.0,,2,260,0.538889,0.522222,0.016666999999999987,False,False,372
72,74485470,4,500.0,500.0,,2,280,0.538889,0.522222,0.016666999999999987,False,False,372
72,74485470,4,500.0,500.0,,2,300,0.538889,0.522222,0.016666999999999987,False,False,372
72,74485470,4,500.0,500.0,,2,320,0.538889,0.522222,0.016666999999999987,False,False,372
72,74485470,4,500.0,500.0,,2,340,0.538889,0.522222,0.016666999999999987,False,False,372
72,74485470,4,500.0,500.0,,2,360,0.538889,0.522222,0.016666999999999987,False,False,372
72,74485470,4,500.0,500.0,,2,380,0.538889,0.552778,-0.01388900000000004,False,False,372
72,74485470,4,500.0,500.0,,2,400,0.552778,0.552778,0.0,False,False,372
73,525339,6,500.0,500.0,,1,20,0.708333,0.708333,0.0,False,False,131
73,525339,6,500.0,500.0,,1,40,0.708333,0.713889,-0.005556000000000005,False,False,131
73,525339,6,500.0,500.0,,1,60,0.708333,0.713889,-0.005556000000000005,False,False,131
73,525339,6,500.0,500.0,,1,80,0.708333,0.713889,-0.005556000000000005,False,False,131
73,525339,6,500.0,500.0,,1,100,0.741667,0.713889,0.02777799999999997,False,False,131
73,525339,6,500.0,500.0,,1,120,0.744444,0.713889,0.030555,False,False,131
73,525339,6,500.0,500.0,,1,140,0.744444,0.761111,-0.016666999999999987,False,False,131
73,525339,6,500.0,500.0,,1,160,0.744444,0.761111,-0.016666999999999987,False,False,131
73,525339,6,500.0,500.0,,1,180,0.788889,0.761111,0.02777799999999997,False,False,131
73,525339,6,500.0,500.0,,1,200,0.788889,0.761111,0.02777799999999997,False,False,131
73,525339,6,500.0,500.0,,1,220,0.788889,0.761111,0.02777799999999997,False,False,131
73,525339,6,500.0,500.0,,1,240,0.788889,0.761111,0.02777799999999997,False,False,131
73,525339,6,500.0,500.0,,1,260,0.788889,0.761111,0.02777799999999997,False,False,131
73,525339,6,500.0,500.0,,1,280,0.788889,0.761111,0.02777799999999997,False,False,131
73,525339,6,500.0,500.0,,1,300,0.788889,0.761111,0.02777799999999997,False,False,131
73,525339,6,500.0,500.0,,1,320,0.788889,0.761111,0.02777799999999997,False,False,131
73,525339,6,500.0,500.0,,1,340,0.788889,0.761111,0.02777799999999997,False,False,131
73,525339,6,500.0,500.0,,1,360,0.788889,0.761111,0.02777799999999997,False,False,131
73,525339,6,500.0,500.0,,1,380,0.788889,0.761111,0.02777799999999997,False,False,131
73,525339,6,500.0,500.0,,1,400,0.788889,0.761111,0.02777799999999997,False,False,131
74,864365,6,500.0,500.0,,1,20,0.688889,0.688889,0.0,False,False,206
74,864365,6,500.0,500.0,,1,40,0.688889,0.705556,-0.016666999999999987,False,False,206
74,864365,6,500.0,500.0,,1,60,0.688889,0.725,-0.036111000000000004,False,False,206
74,864365,6,500.0,500.0,,1,80,0.75,0.725,0.025000000000000022,False,False,206
74,864365,6,500.0,500.0,,1,100,0.75,0.725,0.025000000000000022,False,False,206
74,864365,6,500.0,500.0,,1,120,0.75,0.725,0.025000000000000022,False,False,206
74,864365,6,500.0,500.0,,1,140,0.75,0.725,0.025000000000000022,False,False,206
74,864365,6,500.0,500.0,,1,160,0.75,0.725,0.025000000000000022,False,False,206
74,864365,6,500.0,500.0,,1,180,0.75,0.725,0.025000000000000022,False,False,206
74,864365,6,500.0,500.0,,1,200,0.75,0.725,0.025000000000000022,False,False,206
74,864365,6,500.0,500.0,,1,220,0.75,0.752778,-0.002777999999999947,False,False,206
74,864365,6,500.0,500.0,,1,240,0.75,0.752778,-0.002777999999999947,False,False,206
74,864365,6,500.0,500.0,,1,260,0.75,0.752778,-0.002777999999999947,False,False,206
74,864365,6,500.0,500.0,,1,280,0.75,0.752778,-0.002777999999999947,False,False,206
74,864365,6,500.0,500.0,,1,300,0.75,0.752778,-0.002777999999999947,False,False,206
74,864365,6,500.0,500.0,,1,320,0.75,0.752778,-0.002777999999999947,False,False,206
74,864365,6,500.0,500.0,,1,340,0.75,0.752778,-0.002777999999999947,False,False,206
74,864365,6,500.0,500.0,,1,360,0.75,0.752778,-0.002777999999999947,False,False,206
74,864365,6,500.0,500.0,,1,380,0.763889,0.752778,0.011111000000000093,False,False,206
74,864365,6,500.0,500.0,,1,400,0.766667,0.752778,0.01388900000000004,False,False,206
75,67358,6,500.0,500.0,,1,20,0.713889,0.713889,0.0,False,False,182
75,67358,6,500.0,500.0,,1,40,0.775,0.747222,0.02777799999999997,False,False,182
75,67358,6,500.0,500.0,,1,60,0.775,0.747222,0.02777799999999997,False,False,182
75,67358,6,500.0,500.0,,1,80,0.786111,0.758333,0.02777799999999997,False,False,182
75,67358,6,500.0,500.0,,1,100,0.786111,0.769444,0.016666999999999987,False,False,182
75,67358,6,500.0,500.0,,1,120,0.786111,0.769444,0.016666999999999987,False,False,182
75,67358,6,500.0,500.0,,1,140,0.788889,0.788889,0.0,False,False,182
75,67358,6,500.0,500.0,,1,160,0.788889,0.788889,0.0,False,False,182
75,67358,6,500.0,500.0,,1,180,0.788889,0.788889,0.0,False,False,182
75,67358,6,500.0,500.0,,1,200,0.788889,0.8,-0.011111000000000093,False,False,182
75,67358,6,500.0,500.0,,1,220,0.788889,0.8,-0.011111000000000093,False,False,182
75,67358,6,500.0,500.0,,1,240,0.788889,0.8,-0.011111000000000093,False,False,182
75,67358,6,500.0,500.0,,1,260,0.8,0.8,0.0,False,False,182
75,67358,6,500.0,500.0,,1,280,0.8,0.8,0.0,False,False,182
75,67358,6,500.0,500.0,,1,300,0.8,0.8,0.0,False,False,182
75,67358,6,500.0,500.0,,1,320,0.802778,0.8,0.002777999999999947,False,False,182
75,67358,6,500.0,500.0,,1,340,0.822222,0.8,0.022221999999999964,False,False,182
75,67358,6,500.0,500.0,,1,360,0.822222,0.8,0.022221999999999964,False,False,182
75,67358,6,500.0,500.0,,1,380,0.822222,0.8,0.022221999999999964,False,False,182
75,67358,6,500.0,500.0,,1,400,0.822222,0.8,0.022221999999999964,False,False,182
76,747263,6,500.0,500.0,,1,20,0.675,0.675,0.0,False,False,196
76,747263,6,500.0,500.0,,1,40,0.675,0.697222,-0.022221999999999964,False,False,196
76,747263,6,500.0,500.0,,1,60,0.675,0.697222,-0.022221999999999964,False,False,196
76,747263,6,500.0,500.0,,1,80,0.675,0.697222,-0.022221999999999964,False,False,196
76,747263,6,500.0,500.0,,1,100,0.711111,0.697222,0.01388900000000004,False,False,196
76,747263,6,500.0,500.0,,1,120,0.722222,0.727778,-0.005556000000000005,False,False,196
76,747263,6,500.0,500.0,,1,140,0.722222,0.727778,-0.005556000000000005,False,False,196
76,747263,6,500.0,500.0,,1,160,0.747222,0.727778,0.019444000000000017,False,False,196
76,747263,6,500.0,500.0,,1,180,0.747222,0.727778,0.019444000000000017,False,False,196
76,747263,6,500.0,500.0,,1,200,0.747222,0.75,-0.002777999999999947,False,False,196
76,747263,6,500.0,500.0,,1,220,0.747222,0.75,-0.002777999999999947,False,False,196
76,747263,6,500.0,500.0,,1,240,0.747222,0.75,-0.002777999999999947,False,False,196
76,747263,6,500.0,500.0,,1,260,0.747222,0.75,-0.002777999999999947,False,False,196
76,747263,6,500.0,500.0,,1,280,0.747222,0.75,-0.002777999999999947,False,False,196
76,747263,6,500.0,500.0,,1,300,0.747222,0.75,-0.002777999999999947,False,False,196
76,747263,6,500.0,500.0,,1,320,0.747222,0.75,-0.002777999999999947,False,False,196
76,747263,6,500.0,500.0,,1,340,0.747222,0.75,-0.002777999999999947,False,False,196
76,747263,6,500.0,500.0,,1,360,0.75,0.75,0.0,False,False,196
76,747263,6,500.0,500.0,,1,380,0.752778,0.75,0.002777999999999947,False,False,196
76,747263,6,500.0,500.0,,1,400,0.752778,0.75,0.002777999999999947,False,False,196
77,677807,6,500.0,500.0,,1,20,0.758333,0.758333,0.0,False,False,198
77,677807,6,500.0,500.0,,1,40,0.758333,0.805556,-0.047223000000000015,False,False,198
77,677807,6,500.0,500.0,,1,60,0.758333,0.825,-0.06666699999999992,False,False,198
77,677807,6,500.0,500.0,,1,80,0.758333,0.825,-0.06666699999999992,False,False,198
77,677807,6,500.0,500.0,,1,100,0.758333,0.825,-0.06666699999999992,False,False,198
77,677807,6,500.0,500.0,,1,120,0.758333,0.825,-0.06666699999999992,False,False,198
77,677807,6,500.0,500.0,,1,140,0.758333,0.825,-0.06666699999999992,False,False,198
77,677807,6,500.0,500.0,,1,160,0.775,0.825,-0.04999999999999993,False,False,198
77,677807,6,500.0,500.0,,1,180,0.8,0.825,-0.02499999999999991,False,False,198
77,677807,6,500.0,500.0,,1,200,0.830556,0.827778,0.002777999999999947,False,False,198
77,677807,6,500.0,500.0,,1,220,0.830556,0.827778,0.002777999999999947,False,False,198
77,677807,6,500.0,500.0,,1,240,0.830556,0.827778,0.002777999999999947,False,False,198
77,677807,6,500.0,500.0,,1,260,0.830556,0.827778,0.002777999999999947,False,False,198
77,677807,6,500.0,500.0,,1,280,0.830556,0.827778,0.002777999999999947,False,False,198
77,677807,6,500.0,500.0,,1,300,0.830556,0.827778,0.002777999999999947,False,False,198
77,677807,6,500.0,500.0,,1,320,0.830556,0.827778,0.002777999999999947,False,False,198
77,677807,6,500.0,500.0,,1,340,0.838889,0.827778,0.011110999999999982,False,False,198
77,677807,6,500.0,500.0,,1,360,0.838889,0.827778,0.011110999999999982,False,False,198
77,677807,6,500.0,500.0,,1,380,0.838889,0.827778,0.011110999999999982,False,False,198
77,677807,6,500.0,500.0,,1,400,0.838889,0.827778,0.011110999999999982,False,False,198
78,806219,6,500.0,500.0,,1,20,0.725,0.725,0.0,False,False,56
78,806219,6,500.0,500.0,,1,40,0.725,0.725,0.0,False,False,56
78,806219,6,500.0,500.0,,1,60,0.725,0.75,-0.025000000000000022,False,False,56
78,806219,6,500.0,500.0,,1,80,0.725,0.75,-0.025000000000000022,False,False,56
78,806219,6,500.0,500.0,,1,100,0.725,0.75,-0.025000000000000022,False,False,56
78,806219,6,500.0,500.0,,1,120,0.766667,0.75,0.016666999999999987,False,False,56
78,806219,6,500.0,500.0,,1,140,0.766667,0.75,0.016666999999999987,False,False,56
78,806219,6,500.0,500.0,,1,160,0.766667,0.75,0.016666999999999987,False,False,56
78,806219,6,500.0,500.0,,1,180,0.766667,0.75,0.016666999999999987,False,False,56
78,806219,6,500.0,500.0,,1,200,0.766667,0.75,0.016666999999999987,False,False,56
78,806219,6,500.0,500.0,,1,220,0.766667,0.75,0.016666999999999987,False,False,56
78,806219,6,500.0,500.0,,1,240,0.766667,0.75,0.016666999999999987,False,False,56
78,806219,6,500.0,500.0,,1,260,0.766667,0.75,0.016666999999999987,False,False,56
78,806219,6,500.0,500.0,,1,280,0.766667,0.75,0.016666999999999987,False,False,56
78,806219,6,500.0,500.0,,1,300,0.780556,0.75,0.030556000000000028,False,False,56
78,806219,6,500.0,500.0,,1,320,0.780556,0.75,0.030556000000000028,False,False,56
78,806219,6,500.0,500.0,,1,340,0.780556,0.75,0.030556000000000028,False,False,56
78,806219,6,500.0,500.0,,1,360,0.780556,0.75,0.030556000000000028,False,False,56
78,806219,6,500.0,500.0,,1,380,0.780556,0.75,0.030556000000000028,False,False,56
78,806219,6,500.0,500.0,,1,400,0.780556,0.75,0.030556000000000028,False,False,56
79,76126870,6,500.0,500.0,,1,20,0.702778,0.702778,0.0,False,False,143
79,76126870,6,500.0,500.0,,1,40,0.702778,0.725,-0.022221999999999964,False,False,143
79,76126870,6,500.0,500.0,,1,60,0.702778,0.725,-0.022221999999999964,False,False,143
79,76126870,6,500.0,500.0,,1,80,0.711111,0.75,-0.03888899999999995,False,False,143
79,76126870,6,500.0,500.0,,1,100,0.719444,0.75,-0.030556000000000028,False,False,143
79,76126870,6,500.0,500.0,,1,120,0.719444,0.75,-0.030556000000000028,False,False,143
79,76126870,6,500.0,500.0,,1,140,0.761111,0.772222,-0.011110999999999982,False,False,143
79,76126870,6,500.0,500.0,,1,160,0.761111,0.802778,-0.04166700000000001,False,False,143
79,76126870,6,500.0,500.0,,1,180,0.772222,0.802778,-0.030556000000000028,False,False,143
79,76126870,6,500.0,500.0,,1,200,0.772222,0.802778,-0.030556000000000028,False,False,143
79,76126870,6,500.0,500.0,,1,220,0.780556,0.802778,-0.022221999999999964,False,False,143
79,76126870,6,500.0,500.0,,1,240,0.780556,0.802778,-0.022221999999999964,False,False,143
79,76126870,6,500.0,500.0,,1,260,0.780556,0.802778,-0.022221999999999964,False,False,143
79,76126870,6,500.0,500.0,,1,280,0.780556,0.802778,-0.022221999999999964,False,False,143
79,76126870,6,500.0,500.0,,1,300,0.780556,0.802778,-0.022221999999999964,False,False,143
79,76126870,6,500.0,500.0,,1,320,0.788889,0.802778,-0.01388900000000004,False,False,143
79,76126870,6,500.0,500.0,,1,340,0.788889,0.802778,-0.01388900000000004,False,False,143
79,76126870,6,500.0,500.0,,1,360,0.788889,0.802778,-0.01388900000000004,False,False,143
79,76126870,6,500.0,500.0,,1,380,0.788889,0.802778,-0.01388900000000004,False,False,143
79,76126870,6,500.0,500.0,,1,400,0.788889,0.802778,-0.01388900000000004,False,False,143
80,74509218,6,500.0,500.0,,1,20,0.733333,0.733333,0.0,False,False,103
80,74509218,6,500.0,500.0,,1,40,0.733333,0.758333,-0.025000000000000022,False,False,103
80,74509218,6,500.0,500.0,,1,60,0.744444,0.761111,-0.016666999999999987,False,False,103
80,74509218,6,500.0,500.0,,1,80,0.783333,0.761111,0.022221999999999964,False,False,103
80,74509218,6,500.0,500.0,,1,100,0.783333,0.761111,0.022221999999999964,False,False,103
80,74509218,6,500.0,500.0,,1,120,0.783333,0.8,-0.0166670000000001,False,False,103
80,74509218,6,500.0,500.0,,1,140,0.783333,0.8,-0.0166670000000001,False,False,103
80,74509218,6,500.0,500.0,,1,160,0.783333,0.8,-0.0166670000000001,False,False,103
80,74509218,6,500.0,500.0,,1,180,0.783333,0.8,-0.0166670000000001,False,False,103
80,74509218,6,500.0,500.0,,1,200,0.783333,0.8,-0.0166670000000001,False,False,103
80,74509218,6,500.0,500.0,,1,220,0.783333,0.8,-0.0166670000000001,False,False,103
80,74509218,6,500.0,500.0,,1,240,0.783333,0.8,-0.0166670000000001,False,False,103
80,74509218,6,500.0,500.0,,1,260,0.8,0.8,0.0,False,False,103
80,74509218,6,500.0,500.0,,1,280,0.8,0.8,0.0,False,False,103
80,74509218,6,500.0,500.0,,1,300,0.8,0.8,0.0,False,False,103
80,74509218,6,500.0,500.0,,1,320,0.8,0.8,0.0,False,False,103
80,74509218,6,500.0,500.0,,1,340,0.813889,0.8,0.01388899999999993,False,False,103
80,74509218,6,500.0,500.0,,1,360,0.813889,0.8,0.01388899999999993,False,False,103
80,74509218,6,500.0,500.0,,1,380,0.813889,0.8,0.01388899999999993,False,False,103
80,74509218,6,500.0,500.0,,1,400,0.813889,0.8,0.01388899999999993,False,False,103
81,1664576,6,500.0,500.0,,1,20,0.741667,0.741667,0.0,False,False,267
81,1664576,6,500.0,500.0,,1,40,0.741667,0.741667,0.0,False,False,267
81,1664576,6,500.0,500.0,,1,60,0.741667,0.741667,0.0,False,False,267
81,1664576,6,500.0,500.0,,1,80,0.741667,0.747222,-0.005555000000000088,False,False,267
81,1664576,6,500.0,500.0,,1,100,0.741667,0.758333,-0.01666600000000007,False,False,267
81,1664576,6,500.0,500.0,,1,120,0.741667,0.758333,-0.01666600000000007,False,False,267
81,1664576,6,500.0,500.0,,1,140,0.75,0.775,-0.025000000000000022,False,False,267
81,1664576,6,500.0,500.0,,1,160,0.811111,0.775,0.036111000000000004,False,False,267
81,1664576,6,500.0,500.0,,1,180,0.811111,0.775,0.036111000000000004,False,False,267
81,1664576,6,500.0,500.0,,1,200,0.811111,0.775,0.036111000000000004,False,False,267
81,1664576,6,500.0,500.0,,1,220,0.811111,0.775,0.036111000000000004,False,False,267
81,1664576,6,500.0,500.0,,1,240,0.811111,0.775,0.036111000000000004,False,False,267
81,1664576,6,500.0,500.0,,1,260,0.811111,0.775,0.036111000000000004,False,False,267
81,1664576,6,500.0,500.0,,1,280,0.811111,0.802778,0.008333000000000035,False,False,267
81,1664576,6,500.0,500.0,,1,300,0.811111,0.802778,0.008333000000000035,False,False,267
81,1664576,6,500.0,500.0,,1,320,0.811111,0.802778,0.008333000000000035,False,False,267
81,1664576,6,500.0,500.0,,1,340,0.811111,0.802778,0.008333000000000035,False,False,267
81,1664576,6,500.0,500.0,,1,360,0.811111,0.802778,0.008333000000000035,False,False,267
81,1664576,6,500.0,500.0,,1,380,0.811111,0.802778,0.008333000000000035,False,False,267
81,1664576,6,500.0,500.0,,1,400,0.811111,0.802778,0.008333000000000035,False,False,267
82,40063030,6,500.0,500.0,,1,20,0.694444,0.694444,0.0,False,False,315
82,40063030,6,500.0,500.0,,1,40,0.694444,0.716667,-0.022223000000000104,False,False,315
82,40063030,6,500.0,500.0,,1,60,0.694444,0.716667,-0.022223000000000104,False,False,315
82,40063030,6,500.0,500.0,,1,80,0.761111,0.719444,0.04166700000000001,False,False,315
82,40063030,6,500.0,500.0,,1,100,0.761111,0.719444,0.04166700000000001,False,False,315
82,40063030,6,500.0,500.0,,1,120,0.761111,0.722222,0.03888899999999995,False,False,315
82,40063030,6,500.0,500.0,,1,140,0.761111,0.722222,0.03888899999999995,False,False,315
82,40063030,6,500.0,500.0,,1,160,0.761111,0.722222,0.03888899999999995,False,False,315
82,40063030,6,500.0,500.0,,1,180,0.791667,0.722222,0.06944499999999998,False,False,315
82,40063030,6,500.0,500.0,,1,200,0.791667,0.722222,0.06944499999999998,False,False,315
82,40063030,6,500.0,500.0,,1,220,0.791667,0.722222,0.06944499999999998,False,False,315
82,40063030,6,500.0,500.0,,1,240,0.791667,0.794444,-0.0027770000000000294,False,False,315
82,40063030,6,500.0,500.0,,1,260,0.791667,0.794444,-0.0027770000000000294,False,False,315
82,40063030,6,500.0,500.0,,1,280,0.791667,0.794444,-0.0027770000000000294,False,False,315
82,40063030,6,500.0,500.0,,1,300,0.791667,0.794444,-0.0027770000000000294,False,False,315
82,40063030,6,500.0,500.0,,1,320,0.791667,0.805556,-0.01388900000000004,False,False,315
82,40063030,6,500.0,500.0,,1,340,0.797222,0.805556,-0.008334000000000064,False,False,315
82,40063030,6,500.0,500.0,,1,360,0.797222,0.805556,-0.008334000000000064,False,False,315
82,40063030,6,500.0,500.0,,1,380,0.797222,0.805556,-0.008334000000000064,False,False,315
82,40063030,6,500.0,500.0,,1,400,0.797222,0.805556,-0.008334000000000064,False,False,315
83,38032146,6,500.0,500.0,,1,20,0.708333,0.708333,0.0,False,False,325
83,38032146,6,500.0,500.0,,1,40,0.783333,0.727778,0.05555499999999991,False,False,325
83,38032146,6,500.0,500.0,,1,60,0.783333,0.755556,0.02777699999999994,False,False,325
83,38032146,6,500.0,500.0,,1,80,0.783333,0.755556,0.02777699999999994,False,False,325
83,38032146,6,500.0,500.0,,1,100,0.783333,0.755556,0.02777699999999994,False,False,325
83,38032146,6,500.0,500.0,,1,120,0.783333,0.755556,0.02777699999999994,False,False,325
83,38032146,6,500.0,500.0,,1,140,0.783333,0.755556,0.02777699999999994,False,False,325
83,38032146,6,500.0,500.0,,1,160,0.783333,0.780556,0.0027769999999999184,False,False,325
83,38032146,6,500.0,500.0,,1,180,0.783333,0.780556,0.0027769999999999184,False,False,325
83,38032146,6,500.0,500.0,,1,200,0.783333,0.780556,0.0027769999999999184,False,False,325
83,38032146,6,500.0,500.0,,1,220,0.794444,0.780556,0.013888000000000011,False,False,325
83,38032146,6,500.0,500.0,,1,240,0.794444,0.780556,0.013888000000000011,False,False,325
83,38032146,6,500.0,500.0,,1,260,0.794444,0.780556,0.013888000000000011,False,False,325
83,38032146,6,500.0,500.0,,1,280,0.794444,0.780556,0.013888000000000011,False,False,325
83,38032146,6,500.0,500.0,,1,300,0.794444,0.780556,0.013888000000000011,False,False,325
83,38032146,6,500.0,500.0,,1,320,0.794444,0.780556,0.013888000000000011,False,False,325
83,38032146,6,500.0,500.0,,1,340,0.794444,0.786111,0.008333000000000035,False,False,325
83,38032146,6,500.0,500.0,,1,360,0.811111,0.786111,0.025000000000000022,False,False,325
83,38032146,6,500.0,500.0,,1,380,0.811111,0.786111,0.025000000000000022,False,False,325
83,38032146,6,500.0,500.0,,1,400,0.811111,0.786111,0.025000000000000022,False,False,325
84,74485470,6,500.0,500.0,,1,20,0.791667,0.791667,0.0,False,False,34
84,74485470,6,500.0,500.0,,1,40,0.791667,0.813889,-0.022221999999999964,False,False,34
84,74485470,6,500.0,500.0,,1,60,0.791667,0.813889,-0.022221999999999964,False,False,34
84,74485470,6,500.0,500.0,,1,80,0.791667,0.813889,-0.022221999999999964,False,False,34
84,74485470,6,500.0,500.0,,1,100,0.791667,0.813889,-0.022221999999999964,False,False,34
84,74485470,6,500.0,500.0,,1,120,0.863889,0.813889,0.050000000000000044,False,False,34
84,74485470,6,500.0,500.0,,1,140,0.863889,0.813889,0.050000000000000044,False,False,34
84,74485470,6,500.0,500.0,,1,160,0.863889,0.813889,0.050000000000000044,False,False,34
84,74485470,6,500.0,500.0,,1,180,0.863889,0.813889,0.050000000000000044,False,False,34
84,74485470,6,500.0,500.0,,1,200,0.863889,0.813889,0.050000000000000044,False,False,34
84,74485470,6,500.0,500.0,,1,220,0.863889,0.813889,0.050000000000000044,False,False,34
84,74485470,6,500.0,500.0,,1,240,0.863889,0.813889,0.050000000000000044,False,False,34
84,74485470,6,500.0,500.0,,1,260,0.869444,0.813889,0.05555500000000002,False,False,34
84,74485470,6,500.0,500.0,,1,280,0.869444,0.813889,0.05555500000000002,False,False,34
84,74485470,6,500.0,500.0,,1,300,0.869444,0.813889,0.05555500000000002,False,False,34
84,74485470,6,500.0,500.0,,1,320,0.869444,0.813889,0.05555500000000002,False,False,34
84,74485470,6,500.0,500.0,,1,340,0.869444,0.813889,0.05555500000000002,False,False,34
84,74485470,6,500.0,500.0,,1,360,0.869444,0.813889,0.05555500000000002,False,False,34
84,74485470,6,500.0,500.0,,1,380,0.869444,0.813889,0.05555500000000002,False,False,34
84,74485470,6,500.0,500.0,,1,400,0.869444,0.813889,0.05555500000000002,False,False,34
85,525339,6,500.0,500.0,,2,20,0.594444,0.594444,0.0,False,False,62
85,525339,6,500.0,500.0,,2,40,0.594444,0.594444,0.0,False,False,62
85,525339,6,500.0,500.0,,2,60,0.594444,0.594444,0.0,False,False,62
85,525339,6,500.0,500.0,,2,80,0.594444,0.613889,-0.019445000000000046,False,False,62
85,525339,6,500.0,500.0,,2,100,0.594444,0.613889,-0.019445000000000046,False,False,62
85,525339,6,500.0,500.0,,2,120,0.594444,0.613889,-0.019445000000000046,False,False,62
85,525339,6,500.0,500.0,,2,140,0.594444,0.613889,-0.019445000000000046,False,False,62
85,525339,6,500.0,500.0,,2,160,0.594444,0.613889,-0.019445000000000046,False,False,62
85,525339,6,500.0,500.0,,2,180,0.594444,0.613889,-0.019445000000000046,False,False,62
85,525339,6,500.0,500.0,,2,200,0.594444,0.613889,-0.019445000000000046,False,False,62
85,525339,6,500.0,500.0,,2,220,0.594444,0.613889,-0.019445000000000046,False,False,62
85,525339,6,500.0,500.0,,2,240,0.594444,0.613889,-0.019445000000000046,False,False,62
85,525339,6,500.0,500.0,,2,260,0.611111,0.613889,-0.002778000000000058,False,False,62
85,525339,6,500.0,500.0,,2,280,0.611111,0.613889,-0.002778000000000058,False,False,62
85,525339,6,500.0,500.0,,2,300,0.611111,0.613889,-0.002778000000000058,False,False,62
85,525339,6,500.0,500.0,,2,320,0.611111,0.613889,-0.002778000000000058,False,False,62
85,525339,6,500.0,500.0,,2,340,0.611111,0.613889,-0.002778000000000058,False,False,62
85,525339,6,500.0,500.0,,2,360,0.611111,0.613889,-0.002778000000000058,False,False,62
85,525339,6,500.0,500.0,,2,380,0.611111,0.613889,-0.002778000000000058,False,False,62
85,525339,6,500.0,500.0,,2,400,0.611111,0.613889,-0.002778000000000058,False,False,62
86,864365,6,500.0,500.0,,2,20,0.533333,0.533333,0.0,False,False,354
86,864365,6,500.0,500.0,,2,40,0.533333,0.566667,-0.033334000000000086,False,False,354
86,864365,6,500.0,500.0,,2,60,0.533333,0.566667,-0.033334000000000086,False,False,354
86,864365,6,500.0,500.0,,2,80,0.533333,0.583333,-0.050000000000000044,False,False,354
86,864365,6,500.0,500.0,,2,100,0.541667,0.583333,-0.04166599999999998,False,False,354
86,864365,6,500.0,500.0,,2,120,0.541667,0.583333,-0.04166599999999998,False,False,354
86,864365,6,500.0,500.0,,2,140,0.541667,0.591667,-0.050000000000000044,False,False,354
86,864365,6,500.0,500.0,,2,160,0.541667,0.591667,-0.050000000000000044,False,False,354
86,864365,6,500.0,500.0,,2,180,0.541667,0.591667,-0.050000000000000044,False,False,354
86,864365,6,500.0,500.0,,2,200,0.541667,0.591667,-0.050000000000000044,False,False,354
86,864365,6,500.0,500.0,,2,220,0.563889,0.591667,-0.02777800000000008,False,False,354
86,864365,6,500.0,500.0,,2,240,0.563889,0.591667,-0.02777800000000008,False,False,354
86,864365,6,500.0,500.0,,2,260,0.605556,0.591667,0.01388899999999993,False,False,354
86,864365,6,500.0,500.0,,2,280,0.605556,0.591667,0.01388899999999993,False,False,354
86,864365,6,500.0,500.0,,2,300,0.605556,0.591667,0.01388899999999993,False,False,354
86,864365,6,500.0,500.0,,2,320,0.605556,0.597222,0.008333999999999953,False,False,354
86,864365,6,500.0,500.0,,2,340,0.605556,0.597222,0.008333999999999953,False,False,354
86,864365,6,500.0,500.0,,2,360,0.611111,0.6,0.011110999999999982,False,False,354
86,864365,6,500.0,500.0,,2,380,0.611111,0.6,0.011110999999999982,False,False,354
86,864365,6,500.0,500.0,,2,400,0.630556,0.6,0.030556000000000028,False,False,354
87,67358,6,500.0,500.0,,2,20,0.638889,0.638889,0.0,False,False,134
87,67358,6,500.0,500.0,,2,40,0.638889,0.638889,0.0,False,False,134
87,67358,6,500.0,500.0,,2,60,0.638889,0.638889,0.0,False,False,134
87,67358,6,500.0,500.0,,2,80,0.638889,0.638889,0.0,False,False,134
87,67358,6,500.0,500.0,,2,100,0.638889,0.638889,0.0,False,False,134
87,67358,6,500.0,500.0,,2,120,0.638889,0.638889,0.0,False,False,134
87,67358,6,500.0,500.0,,2,140,0.638889,0.655556,-0.016666999999999987,False,False,134
87,67358,6,500.0,500.0,,2,160,0.638889,0.655556,-0.016666999999999987,False,False,134
87,67358,6,500.0,500.0,,2,180,0.638889,0.655556,-0.016666999999999987,False,False,134
87,67358,6,500.0,500.0,,2,200,0.638889,0.655556,-0.016666999999999987,False,False,134
87,67358,6,500.0,500.0,,2,220,0.638889,0.655556,-0.016666999999999987,False,False,134
87,67358,6,500.0,500.0,,2,240,0.638889,0.655556,-0.016666999999999987,False,False,134
87,67358,6,500.0,500.0,,2,260,0.638889,0.655556,-0.016666999999999987,False,False,134
87,67358,6,500.0,500.0,,2,280,0.638889,0.655556,-0.016666999999999987,False,False,134
87,67358,6,500.0,500.0,,2,300,0.638889,0.655556,-0.016666999999999987,False,False,134
87,67358,6,500.0,500.0,,2,320,0.638889,0.655556,-0.016666999999999987,False,False,134
87,67358,6,500.0,500.0,,2,340,0.638889,0.655556,-0.016666999999999987,False,False,134
87,67358,6,500.0,500.0,,2,360,0.638889,0.655556,-0.016666999999999987,False,False,134
87,67358,6,500.0,500.0,,2,380,0.638889,0.655556,-0.016666999999999987,False,False,134
87,67358,6,500.0,500.0,,2,400,0.638889,0.655556,-0.016666999999999987,False,False,134
88,747263,6,500.0,500.0,,2,20,0.572222,0.572222,0.0,False,False,196
88,747263,6,500.0,500.0,,2,40,0.572222,0.572222,0.0,False,False,196
88,747263,6,500.0,500.0,,2,60,0.572222,0.572222,0.0,False,False,196
88,747263,6,500.0,500.0,,2,80,0.572222,0.572222,0.0,False,False,196
88,747263,6,500.0,500.0,,2,100,0.591667,0.572222,0.019445000000000046,False,False,196
88,747263,6,500.0,500.0,,2,120,0.591667,0.575,0.0166670000000001,False,False,196
88,747263,6,500.0,500.0,,2,140,0.591667,0.597222,-0.005554999999999977,False,False,196
88,747263,6,500.0,500.0,,2,160,0.591667,0.597222,-0.005554999999999977,False,False,196
88,747263,6,500.0,500.0,,2,180,0.616667,0.597222,0.019444999999999935,False,False,196
88,747263,6,500.0,500.0,,2,200,0.616667,0.638889,-0.022222000000000075,False,False,196
88,747263,6,500.0,500.0,,2,220,0.616667,0.638889,-0.022222000000000075,False,False,196
88,747263,6,500.0,500.0,,2,240,0.616667,0.638889,-0.022222000000000075,False,False,196
88,747263,6,500.0,500.0,,2,260,0.616667,0.638889,-0.022222000000000075,False,False,196
88,747263,6,500.0,500.0,,2,280,0.630556,0.638889,-0.008333000000000035,False,False,196
88,747263,6,500.0,500.0,,2,300,0.630556,0.638889,-0.008333000000000035,False,False,196
88,747263,6,500.0,500.0,,2,320,0.672222,0.638889,0.033332999999999946,False,False,196
88,747263,6,500.0,500.0,,2,340,0.672222,0.638889,0.033332999999999946,False,False,196
88,747263,6,500.0,500.0,,2,360,0.672222,0.638889,0.033332999999999946,False,False,196
88,747263,6,500.0,500.0,,2,380,0.672222,0.638889,0.033332999999999946,False,False,196
88,747263,6,500.0,500.0,,2,400,0.686111,0.638889,0.047221999999999986,False,False,196
89,677807,6,500.0,500.0,,2,20,0.594444,0.594444,0.0,False,False,45
89,677807,6,500.0,500.0,,2,40,0.594444,0.594444,0.0,False,False,45
89,677807,6,500.0,500.0,,2,60,0.594444,0.686111,-0.09166700000000005,False,False,45
89,677807,6,500.0,500.0,,2,80,0.594444,0.686111,-0.09166700000000005,False,False,45
89,677807,6,500.0,500.0,,2,100,0.619444,0.686111,-0.06666700000000003,False,False,45
89,677807,6,500.0,500.0,,2,120,0.633333,0.686111,-0.05277799999999999,False,False,45
89,677807,6,500.0,500.0,,2,140,0.636111,0.686111,-0.050000000000000044,False,False,45
89,677807,6,500.0,500.0,,2,160,0.636111,0.686111,-0.050000000000000044,False,False,45
89,677807,6,500.0,500.0,,2,180,0.636111,0.686111,-0.050000000000000044,False,False,45
89,677807,6,500.0,500.0,,2,200,0.636111,0.686111,-0.050000000000000044,False,False,45
89,677807,6,500.0,500.0,,2,220,0.655556,0.686111,-0.030555,False,False,45
89,677807,6,500.0,500.0,,2,240,0.655556,0.686111,-0.030555,False,False,45
89,677807,6,500.0,500.0,,2,260,0.655556,0.686111,-0.030555,False,False,45
89,677807,6,500.0,500.0,,2,280,0.655556,0.686111,-0.030555,False,False,45
89,677807,6,500.0,500.0,,2,300,0.688889,0.686111,0.002777999999999947,False,False,45
89,677807,6,500.0,500.0,,2,320,0.688889,0.686111,0.002777999999999947,False,False,45
89,677807,6,500.0,500.0,,2,340,0.688889,0.686111,0.002777999999999947,False,False,45
89,677807,6,500.0,500.0,,2,360,0.688889,0.686111,0.002777999999999947,False,False,45
89,677807,6,500.0,500.0,,2,380,0.688889,0.686111,0.002777999999999947,False,False,45
89,677807,6,500.0,500.0,,2,400,0.688889,0.686111,0.002777999999999947,False,False,45
90,806219,6,500.0,500.0,,2,20,0.544444,0.544444,0.0,False,False,56
90,806219,6,500.0,500.0,,2,40,0.583333,0.55,0.033332999999999946,False,False,56
90,806219,6,500.0,500.0,,2,60,0.583333,0.65,-0.06666700000000003,False,False,56
90,806219,6,500.0,500.0,,2,80,0.583333,0.65,-0.06666700000000003,False,False,56
90,806219,6,500.0,500.0,,2,100,0.583333,0.65,-0.06666700000000003,False,False,56
90,806219,6,500.0,500.0,,2,120,0.583333,0.65,-0.06666700000000003,False,False,56
90,806219,6,500.0,500.0,,2,140,0.583333,0.65,-0.06666700000000003,False,False,56
90,806219,6,500.0,500.0,,2,160,0.583333,0.65,-0.06666700000000003,False,False,56
90,806219,6,500.0,500.0,,2,180,0.583333,0.65,-0.06666700000000003,False,False,56
90,806219,6,500.0,500.0,,2,200,0.586111,0.65,-0.06388899999999997,False,False,56
90,806219,6,500.0,500.0,,2,220,0.586111,0.65,-0.06388899999999997,False,False,56
90,806219,6,500.0,500.0,,2,240,0.586111,0.65,-0.06388899999999997,False,False,56
90,806219,6,500.0,500.0,,2,260,0.597222,0.65,-0.05277799999999999,False,False,56
90,806219,6,500.0,500.0,,2,280,0.597222,0.65,-0.05277799999999999,False,False,56
90,806219,6,500.0,500.0,,2,300,0.597222,0.65,-0.05277799999999999,False,False,56
90,806219,6,500.0,500.0,,2,320,0.622222,0.65,-0.02777799999999997,False,False,56
90,806219,6,500.0,500.0,,2,340,0.622222,0.65,-0.02777799999999997,False,False,56
90,806219,6,500.0,500.0,,2,360,0.622222,0.65,-0.02777799999999997,False,False,56
90,806219,6,500.0,500.0,,2,380,0.622222,0.65,-0.02777799999999997,False,False,56
90,806219,6,500.0,500.0,,2,400,0.622222,0.65,-0.02777799999999997,False,False,56
91,76126870,6,500.0,500.0,,2,20,0.561111,0.561111,0.0,False,False,139
91,76126870,6,500.0,500.0,,2,40,0.563889,0.586111,-0.022222000000000075,False,False,139
91,76126870,6,500.0,500.0,,2,60,0.641667,0.619444,0.022222999999999993,False,False,139
91,76126870,6,500.0,500.0,,2,80,0.641667,0.647222,-0.005554999999999977,False,False,139
91,76126870,6,500.0,500.0,,2,100,0.641667,0.647222,-0.005554999999999977,False,False,139
91,76126870,6,500.0,500.0,,2,120,0.641667,0.647222,-0.005554999999999977,False,False,139
91,76126870,6,500.0,500.0,,2,140,0.641667,0.652778,-0.011110999999999982,False,False,139
91,76126870,6,500.0,500.0,,2,160,0.641667,0.652778,-0.011110999999999982,False,False,139
91,76126870,6,500.0,500.0,,2,180,0.641667,0.652778,-0.011110999999999982,False,False,139
91,76126870,6,500.0,500.0,,2,200,0.641667,0.652778,-0.011110999999999982,False,False,139
91,76126870,6,500.0,500.0,,2,220,0.641667,0.652778,-0.011110999999999982,False,False,139
91,76126870,6,500.0,500.0,,2,240,0.641667,0.652778,-0.011110999999999982,False,False,139
91,76126870,6,500.0,500.0,,2,260,0.702778,0.652778,0.050000000000000044,False,False,139
91,76126870,6,500.0,500.0,,2,280,0.702778,0.652778,0.050000000000000044,False,False,139
91,76126870,6,500.0,500.0,,2,300,0.702778,0.652778,0.050000000000000044,False,False,139
91,76126870,6,500.0,500.0,,2,320,0.702778,0.652778,0.050000000000000044,False,False,139
91,76126870,6,500.0,500.0,,2,340,0.702778,0.652778,0.050000000000000044,False,False,139
91,76126870,6,500.0,500.0,,2,360,0.702778,0.652778,0.050000000000000044,False,False,139
91,76126870,6,500.0,500.0,,2,380,0.702778,0.652778,0.050000000000000044,False,False,139
91,76126870,6,500.0,500.0,,2,400,0.702778,0.652778,0.050000000000000044,False,False,139
92,74509218,6,500.0,500.0,,2,20,0.6,0.6,0.0,False,False,369
92,74509218,6,500.0,500.0,,2,40,0.6,0.658333,-0.05833299999999997,False,False,369
92,74509218,6,500.0,500.0,,2,60,0.622222,0.658333,-0.03611099999999989,False,False,369
92,74509218,6,500.0,500.0,,2,80,0.627778,0.658333,-0.030555,False,False,369
92,74509218,6,500.0,500.0,,2,100,0.658333,0.658333,0.0,False,False,369
92,74509218,6,500.0,500.0,,2,120,0.658333,0.658333,0.0,False,False,369
92,74509218,6,500.0,500.0,,2,140,0.716667,0.658333,0.05833400000000011,False,False,369
92,74509218,6,500.0,500.0,,2,160,0.716667,0.658333,0.05833400000000011,False,False,369
92,74509218,6,500.0,500.0,,2,180,0.716667,0.658333,0.05833400000000011,False,False,369
92,74509218,6,500.0,500.0,,2,200,0.716667,0.666667,0.050000000000000044,False,False,369
92,74509218,6,500.0,500.0,,2,220,0.716667,0.666667,0.050000000000000044,False,False,369
92,74509218,6,500.0,500.0,,2,240,0.716667,0.666667,0.050000000000000044,False,False,369
92,74509218,6,500.0,500.0,,2,260,0.716667,0.666667,0.050000000000000044,False,False,369
92,74509218,6,500.0,500.0,,2,280,0.716667,0.666667,0.050000000000000044,False,False,369
92,74509218,6,500.0,500.0,,2,300,0.716667,0.666667,0.050000000000000044,False,False,369
92,74509218,6,500.0,500.0,,2,320,0.716667,0.666667,0.050000000000000044,False,False,369
92,74509218,6,500.0,500.0,,2,340,0.716667,0.666667,0.050000000000000044,False,False,369
92,74509218,6,500.0,500.0,,2,360,0.716667,0.666667,0.050000000000000044,False,False,369
92,74509218,6,500.0,500.0,,2,380,0.716667,0.669444,0.047223000000000015,False,False,369
92,74509218,6,500.0,500.0,,2,400,0.716667,0.669444,0.047223000000000015,False,False,369
93,1664576,6,500.0,500.0,,2,20,0.597222,0.597222,0.0,False,False,336
93,1664576,6,500.0,500.0,,2,40,0.597222,0.627778,-0.030555999999999917,False,False,336
93,1664576,6,500.0,500.0,,2,60,0.597222,0.627778,-0.030555999999999917,False,False,336
93,1664576,6,500.0,500.0,,2,80,0.597222,0.627778,-0.030555999999999917,False,False,336
93,1664576,6,500.0,500.0,,2,100,0.597222,0.627778,-0.030555999999999917,False,False,336
93,1664576,6,500.0,500.0,,2,120,0.625,0.627778,-0.002777999999999947,False,False,336
93,1664576,6,500.0,500.0,,2,140,0.625,0.627778,-0.002777999999999947,False,False,336
93,1664576,6,500.0,500.0,,2,160,0.625,0.627778,-0.002777999999999947,False,False,336
93,1664576,6,500.0,500.0,,2,180,0.625,0.627778,-0.002777999999999947,False,False,336
93,1664576,6,500.0,500.0,,2,200,0.625,0.627778,-0.002777999999999947,False,False,336
93,1664576,6,500.0,500.0,,2,220,0.625,0.627778,-0.002777999999999947,False,False,336
93,1664576,6,500.0,500.0,,2,240,0.641667,0.627778,0.01388900000000004,False,False,336
93,1664576,6,500.0,500.0,,2,260,0.641667,0.627778,0.01388900000000004,False,False,336
93,1664576,6,500.0,500.0,,2,280,0.641667,0.627778,0.01388900000000004,False,False,336
93,1664576,6,500.0,500.0,,2,300,0.641667,0.627778,0.01388900000000004,False,False,336
93,1664576,6,500.0,500.0,,2,320,0.641667,0.627778,0.01388900000000004,False,False,336
93,1664576,6,500.0,500.0,,2,340,0.641667,0.644444,-0.0027770000000000294,False,False,336
93,1664576,6,500.0,500.0,,2,360,0.641667,0.644444,-0.0027770000000000294,False,False,336
93,1664576,6,500.0,500.0,,2,380,0.641667,0.644444,-0.0027770000000000294,False,False,336
93,1664576,6,500.0,500.0,,2,400,0.641667,0.644444,-0.0027770000000000294,False,False,336
94,40063030,6,500.0,500.0,,2,20,0.536111,0.536111,0.0,False,False,106
94,40063030,6,500.0,500.0,,2,40,0.536111,0.577778,-0.04166700000000001,False,False,106
94,40063030,6,500.0,500.0,,2,60,0.597222,0.597222,0.0,False,False,106
94,40063030,6,500.0,500.0,,2,80,0.597222,0.608333,-0.011110999999999982,False,False,106
94,40063030,6,500.0,500.0,,2,100,0.597222,0.608333,-0.011110999999999982,False,False,106
94,40063030,6,500.0,500.0,,2,120,0.597222,0.622222,-0.025000000000000022,False,False,106
94,40063030,6,500.0,500.0,,2,140,0.597222,0.622222,-0.025000000000000022,False,False,106
94,40063030,6,500.0,500.0,,2,160,0.597222,0.622222,-0.025000000000000022,False,False,106
94,40063030,6,500.0,500.0,,2,180,0.597222,0.622222,-0.025000000000000022,False,False,106
94,40063030,6,500.0,500.0,,2,200,0.6,0.622222,-0.022222000000000075,False,False,106
94,40063030,6,500.0,500.0,,2,220,0.6,0.622222,-0.022222000000000075,False,False,106
94,40063030,6,500.0,500.0,,2,240,0.605556,0.622222,-0.01666600000000007,False,False,106
94,40063030,6,500.0,500.0,,2,260,0.605556,0.622222,-0.01666600000000007,False,False,106
94,40063030,6,500.0,500.0,,2,280,0.605556,0.622222,-0.01666600000000007,False,False,106
94,40063030,6,500.0,500.0,,2,300,0.605556,0.622222,-0.01666600000000007,False,False,106
94,40063030,6,500.0,500.0,,2,320,0.605556,0.622222,-0.01666600000000007,False,False,106
94,40063030,6,500.0,500.0,,2,340,0.605556,0.622222,-0.01666600000000007,False,False,106
94,40063030,6,500.0,500.0,,2,360,0.605556,0.622222,-0.01666600000000007,False,False,106
94,40063030,6,500.0,500.0,,2,380,0.622222,0.622222,0.0,False,False,106
94,40063030,6,500.0,500.0,,2,400,0.622222,0.622222,0.0,False,False,106
95,38032146,6,500.0,500.0,,2,20,0.533333,0.533333,0.0,False,False,149
95,38032146,6,500.0,500.0,,2,40,0.533333,0.575,-0.04166700000000001,False,False,149
95,38032146,6,500.0,500.0,,2,60,0.541667,0.583333,-0.04166599999999998,False,False,149
95,38032146,6,500.0,500.0,,2,80,0.566667,0.583333,-0.01666599999999996,False,False,149
95,38032146,6,500.0,500.0,,2,100,0.605556,0.583333,0.022222999999999993,False,False,149
95,38032146,6,500.0,500.0,,2,120,0.605556,0.638889,-0.03333300000000006,False,False,149
95,38032146,6,500.0,500.0,,2,140,0.644444,0.638889,0.005554999999999977,False,False,149
95,38032146,6,500.0,500.0,,2,160,0.644444,0.683333,-0.03888899999999995,False,False,149
95,38032146,6,500.0,500.0,,2,180,0.644444,0.683333,-0.03888899999999995,False,False,149
95,38032146,6,500.0,500.0,,2,200,0.652778,0.683333,-0.030555,False,False,149
95,38032146,6,500.0,500.0,,2,220,0.652778,0.683333,-0.030555,False,False,149
95,38032146,6,500.0,500.0,,2,240,0.652778,0.683333,-0.030555,False,False,149
95,38032146,6,500.0,500.0,,2,260,0.663889,0.683333,-0.019444000000000017,False,False,149
95,38032146,6,500.0,500.0,,2,280,0.663889,0.683333,-0.019444000000000017,False,False,149
95,38032146,6,500.0,500.0,,2,300,0.663889,0.683333,-0.019444000000000017,False,False,149
95,38032146,6,500.0,500.0,,2,320,0.663889,0.683333,-0.019444000000000017,False,False,149
95,38032146,6,500.0,500.0,,2,340,0.663889,0.683333,-0.019444000000000017,False,False,149
95,38032146,6,500.0,500.0,,2,360,0.663889,0.683333,-0.019444000000000017,False,False,149
95,38032146,6,500.0,500.0,,2,380,0.663889,0.683333,-0.019444000000000017,False,False,149
95,38032146,6,500.0,500.0,,2,400,0.663889,0.683333,-0.019444000000000017,False,False,149
96,74485470,6,500.0,500.0,,2,20,0.591667,0.591667,0.0,False,False,217
96,74485470,6,500.0,500.0,,2,40,0.597222,0.6,-0.002777999999999947,False,False,217
96,74485470,6,500.0,500.0,,2,60,0.597222,0.6,-0.002777999999999947,False,False,217
96,74485470,6,500.0,500.0,,2,80,0.597222,0.6,-0.002777999999999947,False,False,217
96,74485470,6,500.0,500.0,,2,100,0.619444,0.625,-0.005556000000000005,False,False,217
96,74485470,6,500.0,500.0,,2,120,0.647222,0.625,0.022221999999999964,False,False,217
96,74485470,6,500.0,500.0,,2,140,0.647222,0.625,0.022221999999999964,False,False,217
96,74485470,6,500.0,500.0,,2,160,0.647222,0.625,0.022221999999999964,False,False,217
96,74485470,6,500.0,500.0,,2,180,0.647222,0.625,0.022221999999999964,False,False,217
96,74485470,6,500.0,500.0,,2,200,0.647222,0.625,0.022221999999999964,False,False,217
96,74485470,6,500.0,500.0,,2,220,0.647222,0.647222,0.0,False,False,217
96,74485470,6,500.0,500.0,,2,240,0.647222,0.647222,0.0,False,False,217
96,74485470,6,500.0,500.0,,2,260,0.647222,0.647222,0.0,False,False,217
96,74485470,6,500.0,500.0,,2,280,0.647222,0.647222,0.0,False,False,217
96,74485470,6,500.0,500.0,,2,300,0.647222,0.647222,0.0,False,False,217
96,74485470,6,500.0,500.0,,2,320,0.647222,0.647222,0.0,False,False,217
96,74485470,6,500.0,500.0,,2,340,0.672222,0.647222,0.025000000000000022,False,False,217
96,74485470,6,500.0,500.0,,2,360,0.672222,0.647222,0.025000000000000022,False,False,217
96,74485470,6,500.0,500.0,,2,380,0.672222,0.647222,0.025000000000000022,False,False,217
96,74485470,6,500.0,500.0,,2,400,0.672222,0.647222,0.025000000000000022,False,False,217
