PSO EXECUTION
============================
Seed: 525339
Particles: 20
Relays: 6
Iterations: 20
Backend: Simulation
Network Configuration: 2
Area: 500 x 500
Sink: 0, 0
Simulated Relay range: 155
w: 0.8
c1: 1.7
c2: 1.3

Relay Nodes Positions: 
PARTICLE 1: 
287.17, 205.379
185.935, 64.9751
330.52, 58.4134
62.2732, 77.1891
451.423, 109.352
400.543, 154.008
PARTICLE 2: 
23.1442, 16.8087
247.678, 121.228
129.402, 183.292
349.442, 176.411
77.8182, 38.7109
19.3266, 50.0275
PARTICLE 3: 
445.959, 180.239
368.409, 297.131
265.276, 281.683
203.169, 104.915
30.9137, 132.413
137.702, 232.211
PARTICLE 4: 
250.427, 101.162
306.669, 236.631
39.9486, 236.516
207.544, 94.296
97.6646, 105.718
184.884, 89.9389
PARTICLE 5: 
281.041, 170.638
87.2822, 395.255
165.89, 227.144
203.655, 396.91
77.4751, 114.255
94.7388, 291.068
PARTICLE 6: 
66.1874, 31.0784
115.939, 246.031
24.2002, 353.237
257.864, 0.565957
214.223, 117.003
124.908, 141.276
PARTICLE 7: 
428.134, 80.5063
153.492, 163.386
41.936, 223.618
309.992, 87.6027
196.548, 191.585
90.1358, 100.008
PARTICLE 8: 
212.55, 25.8111
130.567, 188.495
63.446, 14.2687
149.783, 277.441
237.453, 96.7246
117.045, 324.659
PARTICLE 9: 
143.606, 312.518
84.3767, 97.6394
101.245, 37.4534
122.707, 443.063
130.732, 365.732
108.354, 198.513
PARTICLE 10: 
298.967, 176.244
75.217, 98.5479
218.077, 10.035
276.235, 232.177
148.161, 147.76
191.902, 128.319
PARTICLE 11: 
221.077, 246.842
184.57, 407.261
109.147, 184.281
89.3157, 48.1632
291.792, 133.27
247.774, 390.762
PARTICLE 12: 
9.05979, 283.095
63.6961, 435.307
71.5962, 181.886
43.5917, 128.713
40.3158, 406.694
170.892, 334.647
PARTICLE 13: 
305.818, 173.519
121.573, 47.4594
460.219, 139.34
478.845, 10.4715
266.969, 49.0625
338.751, 88.5637
PARTICLE 14: 
245.614, 150.245
29.758, 208.094
61.9578, 433.676
77.8513, 280.437
234.285, 97.0766
96.9308, 113.882
PARTICLE 15: 
361.047, 202.424
165.815, 147.527
184.209, 304.077
114.241, 240.789
57.3675, 75.8913
334.571, 269.334
PARTICLE 16: 
5.89519, 69.2661
25.8817, 42.1877
179.664, 35.6596
97.3385, 37.5898
303.784, 125.047
149.979, 13.4943
PARTICLE 17: 
132.748, 154.59
444.998, 76.6715
140.192, 134.33
247.516, 142.773
342.255, 190.048
117.237, 12.3785
PARTICLE 18: 
81.1224, 12.1686
114.935, 463.538
178.289, 185.599
84.736, 157.253
45.7198, 185.079
74.2684, 336.212
PARTICLE 19: 
52.3059, 266.965
194.522, 262.988
37.2071, 126.458
222.513, 193.311
220.084, 99.5886
87.0727, 9.61244
PARTICLE 20: 
221.25, 73.4583
287.277, 45.0092
372.164, 139.936
81.7747, 94.6094
456.915, 216.357
326.57, 170.256
Nodes Positions: 
92.8318, 431.924
264.756, 212.797
78.4016, 110.451
176.434, 166.459
375.211, 11.346
408.52, 420.007
276.028, 59.969
219.487, 384.547
236.936, 2.94979
302.086, 476.433
148.696, 251.347
484.223, 246.192
310.683, 147.045
167.142, 444.705
284.622, 474.139
269.537, 117.962
163.234, 207.053
297.157, 178.36
357.83, 66.8783
127.681, 168.066
71.4098, 151.038
339.012, 408.39
474.642, 381.966
47.3843, 367.899
150.626, 357.713
249.473, 84.4318
205.23, 83.2034
227.068, 486.386
478.421, 105.978
319.69, 405.49
444.089, 462.795
20.2492, 336.189
460.518, 51.6354
117.061, 42.2838
251.266, 302.589
209.315, 297.713
408.041, 240.521
32.6609, 496.639
3.76852, 218.521
452.592, 436.412
107.391, 279.405
393.526, 360.673
52.5182, 317.937
85.2804, 291.001
419.218, 136.262
198.987, 450.595
370.39, 130.929
391.205, 20.6257
436.191, 31.4886
358.852, 233.08
491.896, 271.003
112.283, 98.2627
12.3777, 198.455
191.195, 332.733
33.3972, 394.695
342.03, 346.324
327.391, 190.812
428.468, 39.1359
65.574, 313.445
134.897, 264.636
All particles start with velocity zero
-- ITERATION 0 --
-------------
Particle: 1:
Relays Coordinates:
287.17, 205.379
185.935, 64.9751
330.52, 58.4134
62.2732, 77.1891
451.423, 109.352
400.543, 154.008
Evaluation Time: 1.67126 seconds
Resulting Fitness: 0.452778
New local best!
New global best!
-------------
Particle: 2:
Relays Coordinates:
23.1442, 16.8087
247.678, 121.228
129.402, 183.292
349.442, 176.411
77.8182, 38.7109
19.3266, 50.0275
Evaluation Time: 1.6856 seconds
Resulting Fitness: 0.363889
New local best!
-------------
Particle: 3:
Relays Coordinates:
445.959, 180.239
368.409, 297.131
265.276, 281.683
203.169, 104.915
30.9137, 132.413
137.702, 232.211
Evaluation Time: 2.04023 seconds
Resulting Fitness: 0.530556
New local best!
New global best!
-------------
Particle: 4:
Relays Coordinates:
250.427, 101.162
306.669, 236.631
39.9486, 236.516
207.544, 94.296
97.6646, 105.718
184.884, 89.9389
Evaluation Time: 1.76487 seconds
Resulting Fitness: 0.472222
New local best!
-------------
Particle: 5:
Relays Coordinates:
281.041, 170.638
87.2822, 395.255
165.89, 227.144
203.655, 396.91
77.4751, 114.255
94.7388, 291.068
Evaluation Time: 2.01951 seconds
Resulting Fitness: 0.594444
New local best!
New global best!
-------------
Particle: 6:
Relays Coordinates:
66.1874, 31.0784
115.939, 246.031
24.2002, 353.237
257.864, 0.565957
214.223, 117.003
124.908, 141.276
Evaluation Time: 1.73971 seconds
Resulting Fitness: 0.466667
New local best!
-------------
Particle: 7:
Relays Coordinates:
428.134, 80.5063
153.492, 163.386
41.936, 223.618
309.992, 87.6027
196.548, 191.585
90.1358, 100.008
Evaluation Time: 1.92231 seconds
Resulting Fitness: 0.516667
New local best!
-------------
Particle: 8:
Relays Coordinates:
212.55, 25.8111
130.567, 188.495
63.446, 14.2687
149.783, 277.441
237.453, 96.7246
117.045, 324.659
Evaluation Time: 2.03178 seconds
Resulting Fitness: 0.444444
New local best!
-------------
Particle: 9:
Relays Coordinates:
143.606, 312.518
84.3767, 97.6394
101.245, 37.4534
122.707, 443.063
130.732, 365.732
108.354, 198.513
Evaluation Time: 1.78654 seconds
Resulting Fitness: 0.447222
New local best!
-------------
Particle: 10:
Relays Coordinates:
298.967, 176.244
75.217, 98.5479
218.077, 10.035
276.235, 232.177
148.161, 147.76
191.902, 128.319
Evaluation Time: 1.62751 seconds
Resulting Fitness: 0.422222
New local best!
-------------
Particle: 11:
Relays Coordinates:
221.077, 246.842
184.57, 407.261
109.147, 184.281
89.3157, 48.1632
291.792, 133.27
247.774, 390.762
Evaluation Time: 2.12064 seconds
Resulting Fitness: 0.536111
New local best!
-------------
Particle: 12:
Relays Coordinates:
9.05979, 283.095
63.6961, 435.307
71.5962, 181.886
43.5917, 128.713
40.3158, 406.694
170.892, 334.647
Evaluation Time: 1.62227 seconds
Resulting Fitness: 0.416667
New local best!
-------------
Particle: 13:
Relays Coordinates:
305.818, 173.519
121.573, 47.4594
460.219, 139.34
478.845, 10.4715
266.969, 49.0625
338.751, 88.5637
Evaluation Time: 1.5552 seconds
Resulting Fitness: 0.4
New local best!
-------------
Particle: 14:
Relays Coordinates:
245.614, 150.245
29.758, 208.094
61.9578, 433.676
77.8513, 280.437
234.285, 97.0766
96.9308, 113.882
Evaluation Time: 1.70761 seconds
Resulting Fitness: 0.444444
New local best!
-------------
Particle: 15:
Relays Coordinates:
361.047, 202.424
165.815, 147.527
184.209, 304.077
114.241, 240.789
57.3675, 75.8913
334.571, 269.334
Evaluation Time: 1.91145 seconds
Resulting Fitness: 0.433333
New local best!
-------------
Particle: 16:
Relays Coordinates:
5.89519, 69.2661
25.8817, 42.1877
179.664, 35.6596
97.3385, 37.5898
303.784, 125.047
149.979, 13.4943
Evaluation Time: 1.40762 seconds
Resulting Fitness: 0.291667
New local best!
-------------
Particle: 17:
Relays Coordinates:
132.748, 154.59
444.998, 76.6715
140.192, 134.33
247.516, 142.773
342.255, 190.048
117.237, 12.3785
Evaluation Time: 1.831 seconds
Resulting Fitness: 0.469444
New local best!
-------------
Particle: 18:
Relays Coordinates:
81.1224, 12.1686
114.935, 463.538
178.289, 185.599
84.736, 157.253
45.7198, 185.079
74.2684, 336.212
Evaluation Time: 1.72997 seconds
Resulting Fitness: 0.391667
New local best!
-------------
Particle: 19:
Relays Coordinates:
52.3059, 266.965
194.522, 262.988
37.2071, 126.458
222.513, 193.311
220.084, 99.5886
87.0727, 9.61244
Evaluation Time: 1.93645 seconds
Resulting Fitness: 0.458333
New local best!
-------------
Particle: 20:
Relays Coordinates:
221.25, 73.4583
287.277, 45.0092
372.164, 139.936
81.7747, 94.6094
456.915, 216.357
326.57, 170.256
Evaluation Time: 1.73032 seconds
Resulting Fitness: 0.45
New local best!
Current global best fitness: 0.594444
Current global best relays: 281.041, 170.638
87.2822, 395.255
165.89, 227.144
203.655, 396.91
77.4751, 114.255
94.7388, 291.068
Particle 1 new velocities: -0.773231, -43.9755
-7.46571, 381.536
-94.2966, 125.913
42.2213, 4.62842
-46.4799, 6.03204
-145.747, 23.0717
Particle 2 new velocities: 285.073, 135.061
-27.1873, 203.392
18.4575, 32.8132
-151.762, 11.9542
-0.392275, 89.4314
28.5421, 297.684
Particle 3 new velocities: -171.358, -0.230767
-87.3749, 19.565
-21.9212, -48.5337
0.491173, 285.19
4.72891, -22.0127
-17.2913, 68.6258
Particle 4 new velocities: 33.5931, 79.8232
-73.4353, 32.624
43.5444, -6.36285
-0.462191, 154.078
-8.1032, 10.7814
-19.6549, 195.335
Particle 5 new velocities: 0, 0
0, 0
0, 0
0, 0
0, 0
0, 0
Particle 6 new velocities: 26.8894, 57.2363
-15.4486, 20.3348
12.7731, -69.2725
-66.4693, 126.135
-101.931, -1.50459
-3.74327, 70.1891
Particle 7 new velocities: -167.403, 54.7268
-7.112, 86.6195
105.658, 1.34104
-33.6714, 264.885
-127.483, -2.83869
2.09443, 192.259
Particle 8 new velocities: 6.25588, 51.1083
-28.5269, 185.953
45.7528, 252.642
34.6994, 72.0302
-196.145, 3.04
-14.9011, -37.5196
Particle 9 new velocities: 41.7894, -89.7083
1.89162, 325.6
49.3572, 78.7614
70.5424, -57.1802
-22.7677, -224.346
-11.7199, 19.6261
Particle 10 new velocities: -9.16441, -4.05147
10.7585, 141.613
-0.0972974, 139.3
-53.5381, 137.329
-89.3292, -36.8865
-107.641, 17.4045
Particle 11 new velocities: 29.0512, -55.2099
-9.6937, -1.02739
40.7645, 55.3628
22.6409, 286.242
-180.349, -14.0235
-49.4888, -60.1183
Particle 12 new velocities: 335.543, -97.5091
9.07343, -8.38293
17.3734, 51.9393
71.6328, 152.299
17.8979, -225.364
-15.0803, -35.3719
Particle 13 new velocities: -30.8488, -1.93816
-21.8501, 108.143
-32.5451, 70.3545
-184.761, 424.836
-76.6338, 30.798
-181.032, 169.46
Particle 14 new velocities: 26.3437, 21.3078
69.1839, 112.873
16.9913, -164.859
73.5902, 84.0076
-112.667, 7.14647
-1.53071, 123.636
Particle 15 new velocities: -71.6062, -13.3657
-57.2143, 290.924
-7.60872, -71.1878
106.846, 86.5957
3.5164, 34.5136
-38.7897, 13.289
Particle 16 new velocities: 29.9842, 3.51246
69.7781, 136.116
-6.55528, 36.073
26.1705, 228.156
-272.631, -10.352
-67.1467, 178.744
Particle 17 new velocities: 69.583, 9.4708
-71.7397, 138.038
15.153, 44.1994
-12.374, 237.112
-263.133, -85.9531
-27.2855, 273.079
Particle 18 new velocities: 158.244, 102.656
-1.02385, -50.5535
-9.11309, 20.4516
136.885, 140.179
16.8044, -35.9644
1.83675, -34.921
Particle 19 new velocities: 255.236, -0.689055
-27.2416, 101.621
19.9578, 40.6994
-14.7067, 159.782
-34.3468, 14.9114
2.83483, 111.574
Particle 20 new velocities: 58.628, 86.0038
-205.873, 443.972
-63.3136, 90.4139
23.4572, 332.786
-412.267, -1.62544
-17.0469, 86.7072
-- ITERATION 1 --
-------------
Particle: 1:
Relays Coordinates:
152.203, 85.7766
94.8458, 237.294
125.539, 97.9586
55.5327, 43.4812
215.203, 61.3196
135.409, 94.1075
Evaluation Time: 1.55413 seconds
Resulting Fitness: 0.319444
-------------
Particle: 2:
Relays Coordinates:
277.395, 136.683
198.442, 292.158
133.074, 194.494
177.912, 169.528
69.6833, 115.328
43.0819, 312.94
Evaluation Time: 1.81452 seconds
Resulting Fitness: 0.483333
New local best!
-------------
Particle: 3:
Relays Coordinates:
200.185, 131.226
204.874, 230.871
177.406, 169.966
148.468, 284.387
25.9834, 80.4816
87.7796, 219.31
Evaluation Time: 1.64433 seconds
Resulting Fitness: 0.411111
-------------
Particle: 4:
Relays Coordinates:
284.02, 180.985
233.233, 269.255
83.4931, 230.153
207.082, 248.374
89.5614, 116.499
165.229, 285.274
Evaluation Time: 1.76877 seconds
Resulting Fitness: 0.433333
-------------
Particle: 5:
Relays Coordinates:
281.041, 170.638
87.2822, 395.255
165.89, 227.144
203.655, 396.91
77.4751, 114.255
94.7388, 291.068
Evaluation Time: 1.97061 seconds
Resulting Fitness: 0.594444
-------------
Particle: 6:
Relays Coordinates:
93.0768, 88.3147
100.49, 266.365
36.9732, 283.965
191.395, 126.701
112.292, 115.498
121.165, 211.465
Evaluation Time: 1.52848 seconds
Resulting Fitness: 0.444444
-------------
Particle: 7:
Relays Coordinates:
190.073, 98.585
106.711, 182.254
107.596, 163.995
201.438, 256.963
50.3483, 137.596
67.2358, 213.063
Evaluation Time: 1.5713 seconds
Resulting Fitness: 0.411111
-------------
Particle: 8:
Relays Coordinates:
177.233, 62.3048
82.6523, 303.303
88.4511, 216.197
149.43, 283.072
33.46, 80.8093
82.7364, 232.583
Evaluation Time: 1.52958 seconds
Resulting Fitness: 0.436111
-------------
Particle: 9:
Relays Coordinates:
150.17, 180.476
69.8774, 342.824
121.988, 94.1339
156.532, 312.565
87.4509, 114.523
78.2737, 176.692
Evaluation Time: 1.54931 seconds
Resulting Fitness: 0.383333
-------------
Particle: 10:
Relays Coordinates:
234.74, 139.476
69.6402, 194.53
176.564, 120.962
180.385, 299.299
47.6538, 89.8076
68.2512, 118.036
Evaluation Time: 1.66627 seconds
Resulting Fitness: 0.425
New local best!
-------------
Particle: 11:
Relays Coordinates:
225.116, 172.469
157.389, 365.611
134.921, 215.68
100.761, 300.964
100.299, 107.322
178.456, 297.579
Evaluation Time: 1.82942 seconds
Resulting Fitness: 0.497222
-------------
Particle: 12:
Relays Coordinates:
226.094, 121.763
47.7441, 280.105
58.3729, 153.413
75.5988, 184.372
38.194, 118.971
102.228, 196.354
Evaluation Time: 1.55804 seconds
Resulting Fitness: 0.436111
New local best!
-------------
Particle: 13:
Relays Coordinates:
180.407, 112.574
65.4284, 102.091
280.597, 137.581
192.949, 285.605
124.879, 52.3965
103.479, 169.289
Evaluation Time: 1.7718 seconds
Resulting Fitness: 0.488889
New local best!
-------------
Particle: 14:
Relays Coordinates:
244.762, 154.398
89.0478, 288.87
71.0542, 241.935
136.297, 328
109.456, 93.8008
85.8601, 213.766
Evaluation Time: 1.69342 seconds
Resulting Fitness: 0.486111
New local best!
-------------
Particle: 15:
Relays Coordinates:
260.497, 170.153
97.7409, 394.606
158.94, 209.6
198.978, 294.646
54.7955, 99.3644
266.204, 254.361
Evaluation Time: 1.86134 seconds
Resulting Fitness: 0.483333
New local best!
-------------
Particle: 16:
Relays Coordinates:
35.8794, 72.7786
95.6598, 178.304
173.109, 71.7326
123.509, 265.746
31.1531, 114.695
82.832, 192.239
Evaluation Time: 1.51456 seconds
Resulting Fitness: 0.386111
New local best!
-------------
Particle: 17:
Relays Coordinates:
163.888, 132.89
302.339, 173.915
125.829, 144.608
190.465, 307.707
64.0884, 84.3167
72.8607, 231.221
Evaluation Time: 1.80098 seconds
Resulting Fitness: 0.483333
New local best!
-------------
Particle: 18:
Relays Coordinates:
215.43, 103.343
102.52, 371.686
152.258, 185.445
199.459, 267.689
56.2717, 134.203
68.4946, 271.162
Evaluation Time: 1.83704 seconds
Resulting Fitness: 0.477778
New local best!
-------------
Particle: 19:
Relays Coordinates:
224.198, 194.116
121.947, 265.8
41.6732, 121.858
151.491, 257.405
135.402, 83.4705
65.5426, 88.345
Evaluation Time: 1.65092 seconds
Resulting Fitness: 0.411111
-------------
Particle: 20:
Relays Coordinates:
165.265, 94.1608
48.0682, 288.739
182.373, 136.019
62.1384, 252.372
26.3639, 126.797
182.77, 151.734
Evaluation Time: 1.48303 seconds
Resulting Fitness: 0.419444
Current global best fitness: 0.594444
Current global best relays: 281.041, 170.638
87.2822, 395.255
165.89, 227.144
203.655, 396.91
77.4751, 114.255
94.7388, 291.068
Particle 1 new velocities: 338.338, 111.235
2.58507, 391.295
129.165, 173.852
66.0373, 321.889
150.842, 24.4177
17.3071, 83.9994
Particle 2 new velocities: 229.091, 148.763
-140.153, 242.843
39.3706, 58.2488
-97.3071, 222.043
1.94678, 70.658
28.9773, 224.39
Particle 3 new velocities: -42.938, 5.15027
44.6339, 278.818
74.4624, 74.6282
95.6036, 232.538
14.4218, 83.6066
27.5192, 82.2192
Particle 4 new velocities: 22.4416, -2.72447
-104.473, 155.474
41.3682, -3.05059
-2.87103, 221.647
3.86693, 4.94147
-70.9417, -129.396
Particle 5 new velocities: 0, 0
0, 0
0, 0
0, 0
0, 0
0, 0
Particle 6 new velocities: 95.5491, 35.6578
-10.7536, 97.5589
78.2403, -53.0592
22.7896, 146.88
-54.1108, 0.697304
-28.9053, 57.852
Particle 7 new velocities: 242.587, 47.7408
-0.155221, 148.177
103.444, 16.3312
131.844, 343.71
63.8738, 29.1258
6.25688, 22.0142
Particle 8 new velocities: 188.089, 0.411707
-14.3501, 168.986
59.843, -48.3936
97.616, 189.129
62.9882, 50.4657
17.2116, 173.642
Particle 9 new velocities: 128.4, 134.686
33.8706, -82.9634
72.8707, 203.679
50.0911, -5.79179
18.7457, 135.528
11.7907, 55.1403
Particle 10 new velocities: 20.5738, 29.495
23.0368, 297.907
-7.72466, 169.674
-26.95, 219.584
-64.3767, -24.4601
-58.025, 202.149
Particle 11 new velocities: 83.9109, 21.4923
-50.3754, 55.9963
39.0121, 31.6477
36.5124, 51.359
-133.707, -1.12101
-8.57781, 30.2622
Particle 12 new velocities: 312.704, -18.2587
16.3299, -4.83948
144.391, 135.025
144.065, 251.892
50.1428, -181.403
-15.1896, 40.682
Particle 13 new velocities: 92.7252, 13.3197
-7.23805, 235.75
-116.352, 119.416
-139.496, 452.02
-103.827, 77.3686
-152.549, 284.81
Particle 14 new velocities: 32.0617, 19.9538
53.8617, 151.489
129.964, -145.426
91.1463, 84.419
-111.557, 25.8435
2.89964, 176.573
Particle 15 new velocities: -52.5334, -10.468
-49.0425, 233.207
0.251617, -34.7418
86.0685, 127.083
9.6067, 42.3272
-32.3164, 54.9582
Particle 16 new velocities: 191.049, 21.9538
47.8801, 379.807
-7.31367, 160.208
71.9029, 196.815
-183.989, -8.83928
-46.5693, 183.928
Particle 17 new velocities: 139.062, 38.325
-178.743, 286.069
63.9117, 59.261
-2.5482, 264.977
-193.983, -42.4236
-0.235193, 248.66
Particle 18 new velocities: 192.975, 125.132
-8.33826, -19.8924
4.62307, 48.9579
111.616, 204.889
23.9914, -53.6018
27.135, -18.9163
Particle 19 new velocities: 0.158431, 31.9976
-23.1335, 150.766
104.159, 87.0491
105.282, 143.895
-6.72289, 57.5713
24.3443, 88.8023
Particle 20 new velocities: 109.201, 82.2333
220.698, 396.315
6.17258, 132.286
64.4145, 276.789
286.731, 42.599
108.317, 109.611
-- ITERATION 2 --
-------------
Particle: 1:
Relays Coordinates:
321.844, 129.259
63.9244, 328.05
167.111, 178.335
79.7621, 239.719
240.163, 56.2522
100.197, 116.856
Evaluation Time: 1.84843 seconds
Resulting Fitness: 0.463889
New local best!
-------------
Particle: 2:
Relays Coordinates:
215.234, 122.875
25.0916, 215.234
74.2316, 108.798
34.6975, 168.559
30.8344, 80.0609
31.0191, 215.234
Evaluation Time: 1.50894 seconds
Resulting Fitness: 0.338889
-------------
Particle: 3:
Relays Coordinates:
92.8526, 80.529
147.332, 295.245
148.725, 144.43
144.122, 295.245
23.8589, 96.8925
68.0828, 178.05
Evaluation Time: 1.48733 seconds
Resulting Fitness: 0.358333
-------------
Particle: 4:
Relays Coordinates:
223.411, 129.952
93.8665, 309.628
91.0239, 165.558
148.87, 342.645
68.1093, 88.5301
68.7352, 113.635
Evaluation Time: 1.79431 seconds
Resulting Fitness: 0.491667
New local best!
-------------
Particle: 5:
Relays Coordinates:
281.041, 170.638
87.2822, 395.255
165.89, 227.144
203.655, 396.91
77.4751, 114.255
94.7388, 291.068
Evaluation Time: 2.08479 seconds
Resulting Fitness: 0.594444
-------------
Particle: 6:
Relays Coordinates:
188.626, 123.973
89.7364, 363.924
115.214, 230.906
214.184, 273.582
58.1815, 116.196
92.2597, 269.317
Evaluation Time: 1.74169 seconds
Resulting Fitness: 0.494444
New local best!
-------------
Particle: 7:
Relays Coordinates:
229.933, 77.7635
56.6281, 175.604
112.155, 95.833
177.12, 265.721
60.7023, 88.603
39.057, 124.929
Evaluation Time: 1.57917 seconds
Resulting Fitness: 0.394444
-------------
Particle: 8:
Relays Coordinates:
215.719, 37.0334
40.3318, 278.882
87.5662, 99.0864
145.878, 278.83
56.9517, 77.5166
59.0183, 239.872
Evaluation Time: 1.67842 seconds
Resulting Fitness: 0.375
-------------
Particle: 9:
Relays Coordinates:
164.493, 186.1
61.2621, 153.445
115.062, 175.855
122.009, 181.147
62.708, 147.652
53.1821, 136.895
Evaluation Time: 1.28768 seconds
Resulting Fitness: 0.252778
-------------
Particle: 10:
Relays Coordinates:
150.76, 99.7757
54.7248, 290.779
99.6977, 171.618
90.6017, 295.245
0, 38.587
6.03845, 189.066
Evaluation Time: 1.57791 seconds
Resulting Fitness: 0.375
-------------
Particle: 11:
Relays Coordinates:
202.752, 127.258
70.2114, 276.616
114.117, 162.271
90.065, 231.159
0, 69.6782
111.457, 215.097
Evaluation Time: 1.57185 seconds
Resulting Fitness: 0.405556
-------------
Particle: 12:
Relays Coordinates:
215.234, 44.5553
27.5818, 118.493
87.2833, 124.163
94.5582, 187.797
38.0261, 0
37.4673, 102.036
Evaluation Time: 1.53269 seconds
Resulting Fitness: 0.294444
-------------
Particle: 13:
Relays Coordinates:
199.114, 91.7768
42.4207, 246.286
119.734, 187.351
38.9673, 364.5
15.3469, 94.5988
0, 331.038
Evaluation Time: 1.60292 seconds
Resulting Fitness: 0.405556
-------------
Particle: 14:
Relays Coordinates:
163.462, 102.953
84.3866, 260.028
118.699, 56.9878
134.303, 243.529
0, 70.6488
52.4117, 230.491
Evaluation Time: 1.68131 seconds
Resulting Fitness: 0.366667
-------------
Particle: 15:
Relays Coordinates:
122.8, 94.2923
28.7559, 295.245
94.001, 103.252
168.317, 249.026
38.0289, 83.6675
138.108, 182.65
Evaluation Time: 1.57056 seconds
Resulting Fitness: 0.358333
-------------
Particle: 16:
Relays Coordinates:
165.431, 69.0599
104.641, 364.5
120.865, 169.084
142.455, 337.207
0, 77.169
26.4355, 274.225
Evaluation Time: 1.66481 seconds
Resulting Fitness: 0.425
New local best!
-------------
Particle: 17:
Relays Coordinates:
161, 90.9904
65.6838, 244.454
100.836, 108.345
99.8666, 265.721
0, 22.2637
38.5962, 255.028
Evaluation Time: 1.60059 seconds
Resulting Fitness: 0.380556
-------------
Particle: 18:
Relays Coordinates:
241.159, 134.912
55.6134, 207.731
92.6367, 138.413
183.686, 279.052
47.3946, 47.5941
56.4683, 148.948
Evaluation Time: 1.68054 seconds
Resulting Fitness: 0.45
-------------
Particle: 19:
Relays Coordinates:
181.729, 183.152
80.0393, 337.419
118.124, 169.215
207.986, 325.053
104.23, 114.244
72.8084, 143.489
Evaluation Time: 1.74261 seconds
Resulting Fitness: 0.369444
-------------
Particle: 20:
Relays Coordinates:
118.149, 75.9319
115.695, 215.234
81.1628, 115.496
54.4769, 215.234
134.777, 72.9195
125.304, 112.501
Evaluation Time: 1.38003 seconds
Resulting Fitness: 0.294444
Current global best fitness: 0.594444
Current global best relays: 281.041, 170.638
87.2822, 395.255
165.89, 227.144
203.655, 396.91
77.4751, 114.255
94.7388, 291.068
Particle 1 new velocities: 225.876, 122.066
15.472, 7.05136
102.103, 175.536
64.096, 385.037
30.5642, 44.3945
9.66631, 279.39
Particle 2 new velocities: 52.9784, 174.512
-20.7103, 108.732
110.549, 216.794
212.135, 179.71
99.2988, 103.543
79.3778, 211.182
Particle 3 new velocities: 443.045, 110.45
5.28375, 23.4881
119.437, 143.435
163.962, -36.3597
27.3308, 119.241
63.4858, 204.253
Particle 4 new velocities: 46.7524, 43.7772
-84.3574, 145.322
97.0058, 40.0453
36.4317, 220.445
14.1546, 25.4363
-53.4307, 86.4574
Particle 5 new velocities: 0, 0
0, 0
0, 0
0, 0
0, 0
0, 0
Particle 6 new velocities: 88.7558, 36.9218
-10.9544, 117.404
103.444, -46.565
12.9368, 142.558
-42.583, -1.11634
-23.0945, 46.9614
Particle 7 new velocities: 570.351, 40.7169
188.202, 210.878
80.3591, 134.602
261.051, 6.55623
184.409, 189.439
108.329, 96.7836
Particle 8 new velocities: 164.448, 32.0699
10.7422, 77.7014
104.507, 66.9501
110.429, 152.264
172.161, 104.132
122.621, 211.597
Particle 9 new velocities: 154.751, 137.018
84.3663, -45.8482
99.5808, 122.603
97.4578, 507.99
91.2472, 225.684
92.47, 129.831
Particle 10 new velocities: 237.722, 95.0981
52.252, 261.619
19.6187, 120.47
211.248, 117.082
155.64, 65.136
40.4931, 143.869
Particle 11 new velocities: 111.398, 168.857
153.243, 308.056
66.5714, 66.2666
133.893, 110.731
73.6978, 66.666
184.535, 237.537
Particle 12 new velocities: 11.1608, 142.987
70.1426, 334.071
120.675, 266.381
118.721, 349.976
59.7886, 117.208
128.305, 68.6451
Particle 13 new velocities: 78.6245, 125.361
28.3302, 204.752
-89.3514, 107.627
192.895, -29.4163
147.768, 15.8562
96.5108, 80.9482
Particle 14 new velocities: 164.221, 158.029
52.1556, 231.364
109.157, 108.939
130.773, 282.214
133.658, 93.1379
95.2178, 168.347
Particle 15 new velocities: 305.584, 76.3288
128.131, 157.975
46.9821, 145.066
82.7327, 221.69
45.5155, 74.7838
115.327, 166.941
Particle 16 new velocities: 167.304, 66.4884
19.1031, 8.2575
16.8579, 159.551
124.24, 214.939
86.9312, 23.4049
32.9162, 158.433
Particle 17 new velocities: 130.157, 133.649
132.772, 233.772
122.879, 125.35
86.0672, 136.107
136.506, 143.938
30.1538, 224.009
Particle 18 new velocities: 142.494, 98.1759
50.9766, 334.946
117.262, 164.981
107.336, 248.009
37.0456, 32.63
52.701, 114.751
Particle 19 new velocities: 4.28039, 113.337
49.7098, 73.0517
99.9944, 70.0442
83.9943, -3.30305
24.7514, 45.2003
43.4638, 72.8733
Particle 20 new velocities: 309.059, 173.608
321.776, 24.1004
128.919, 146.304
249.051, -55.9697
517.31, 221.046
338.245, 202.33
-- ITERATION 3 --
-------------
Particle: 1:
Relays Coordinates:
265.721, 133.565
42.1945, 178.087
143.072, 188.061
76.452, 265.721
143.875, 53.4878
58.3859, 210.581
Evaluation Time: 1.64412 seconds
Resulting Fitness: 0.394444
-------------
Particle: 2:
Relays Coordinates:
175.974, 195.115
2.87456, 212.554
121.234, 213.621
161.947, 228.499
85.3804, 120.463
72.4314, 279.771
Evaluation Time: 1.54218 seconds
Resulting Fitness: 0.377778
-------------
Particle: 3:
Relays Coordinates:
328.05, 125.302
100.131, 209.121
175.941, 188.868
202.134, 169.855
33.5855, 141.805
86.3221, 250.829
Evaluation Time: 1.83055 seconds
Resulting Fitness: 0.486111
-------------
Particle: 4:
Relays Coordinates:
159.528, 102.586
5.61503, 268.643
111.03, 121.406
109.419, 295.245
48.576, 67.296
9.03716, 118.153
Evaluation Time: 1.41582 seconds
Resulting Fitness: 0.35
-------------
Particle: 5:
Relays Coordinates:
281.041, 170.638
87.2822, 395.255
165.89, 227.144
203.655, 396.91
77.4751, 114.255
94.7388, 291.068
Evaluation Time: 2.08687 seconds
Resulting Fitness: 0.594444
-------------
Particle: 6:
Relays Coordinates:
202.211, 117.292
57.4321, 350.889
159.402, 134.384
165.571, 303.366
11.3713, 83.8927
50.4214, 230.567
Evaluation Time: 1.74717 seconds
Resulting Fitness: 0.405556
-------------
Particle: 7:
Relays Coordinates:
265.721, 62.9654
130.113, 205.392
102.31, 122.463
232.862, 144.699
130.262, 147.763
78.327, 117.827
Evaluation Time: 1.66905 seconds
Resulting Fitness: 0.425
-------------
Particle: 8:
Relays Coordinates:
224.485, 40.8048
30.1587, 210.559
113.417, 98.0429
151.347, 254.556
135.289, 107.262
107.256, 266.588
Evaluation Time: 1.59156 seconds
Resulting Fitness: 0.363889
-------------
Particle: 9:
Relays Coordinates:
258.587, 261.726
117.959, 87.1533
173.861, 241.751
177.768, 405
124.704, 302.402
117.978, 216.048
Evaluation Time: 1.8207 seconds
Resulting Fitness: 0.494444
New local best!
-------------
Particle: 10:
Relays Coordinates:
254.883, 127.857
70.1875, 328.05
78.2835, 191.638
198.044, 270.528
102.115, 68.0527
30.5294, 218.438
Evaluation Time: 1.85187 seconds
Resulting Fitness: 0.452778
New local best!
-------------
Particle: 11:
Relays Coordinates:
314.151, 296.115
223.454, 500
180.689, 228.538
223.958, 341.89
73.6978, 136.344
295.992, 452.634
Evaluation Time: 1.87736 seconds
Resulting Fitness: 0.427778
-------------
Particle: 12:
Relays Coordinates:
165.042, 136.718
71.2411, 329.919
151.601, 284.706
155.481, 364.5
71.3069, 85.4445
120.848, 124.427
Evaluation Time: 1.68261 seconds
Resulting Fitness: 0.422222
-------------
Particle: 13:
Relays Coordinates:
202.471, 158.294
51.5774, 328.807
22.1492, 215.039
169.028, 244.276
118.911, 80.5217
70.3564, 300.338
Evaluation Time: 1.77233 seconds
Resulting Fitness: 0.441667
-------------
Particle: 14:
Relays Coordinates:
214.993, 171.23
89.5853, 322.402
149.496, 108.865
173.916, 328.05
87.6933, 107.46
96.8597, 261.678
Evaluation Time: 1.83686 seconds
Resulting Fitness: 0.408333
-------------
Particle: 15:
Relays Coordinates:
252.957, 100.75
92.64, 267.622
83.2491, 146.63
148.242, 277.953
49.3321, 93.5639
149.651, 206.43
Evaluation Time: 1.76706 seconds
Resulting Fitness: 0.472222
-------------
Particle: 16:
Relays Coordinates:
196.476, 80.0399
73.0694, 220.11
81.3237, 194.056
157.481, 295.245
51.332, 59.3878
35.0466, 255.48
Evaluation Time: 1.52416 seconds
Resulting Fitness: 0.413889
-------------
Particle: 17:
Relays Coordinates:
191.028, 147.386
130.207, 313.764
146.78, 153.327
121.991, 263.639
89.5613, 109.045
45.1068, 314.296
Evaluation Time: 1.57196 seconds
Resulting Fitness: 0.425
-------------
Particle: 18:
Relays Coordinates:
251.714, 152.929
69.9337, 328.05
137.715, 199.057
190.94, 328.05
55.4012, 52.635
71.626, 173.013
Evaluation Time: 2.02132 seconds
Resulting Fitness: 0.480556
New local best!
-------------
Particle: 19:
Relays Coordinates:
135.601, 216.14
94.5871, 299.233
159.008, 174.42
212.854, 234.555
94.0278, 116.235
84.7625, 157.728
Evaluation Time: 1.5875 seconds
Resulting Fitness: 0.411111
-------------
Particle: 20:
Relays Coordinates:
183.899, 107.419
188.317, 103.025
90.4335, 112.696
130.659, 68.5579
215.234, 126.543
199.542, 135.524
Evaluation Time: 1.29858 seconds
Resulting Fitness: 0.266667
Current global best fitness: 0.594444
Current global best relays: 281.041, 170.638
87.2822, 395.255
165.89, 227.144
203.655, 396.91
77.4751, 114.255
94.7388, 291.068
Particle 1 new velocities: 65.0652, 120.896
90.7434, 222.544
149.108, 140.068
107.581, -6.84036
80.8875, 47.6158
74.2152, 245.045
Particle 2 new velocities: 303.798, 40.763
249.847, 329.278
118.789, 180.48
204.72, 143.632
54.0335, 80.5812
48.0703, 227.963
Particle 3 new velocities: -5.93006, 128.517
95.9828, 206.016
123.292, 171.023
132.339, -24.9929
30.9212, 56.273
79.2719, 209.108
Particle 4 new velocities: 239.284, 87.5054
143.65, 269.393
121.809, 101.763
75.2748, 22.351
36.5933, 91.0051
120.48, 205.184
Particle 5 new velocities: 0, 0
0, 0
0, 0
0, 0
0, 0
0, 0
Particle 6 new velocities: 147.252, 84.9252
50.9826, 128.284
33.7152, 92.7023
17.6155, 91.616
54.1247, 35.3062
-5.3977, 119.089
Particle 7 new velocities: 178.272, 104.817
114.028, 269.787
112.048, 221.814
202.404, 93.2015
199.277, 167.27
97.8083, 182.363
Particle 8 new velocities: 178.615, 45.324
131.488, 226.362
87.1243, 43.6797
103.458, 253.265
143.911, 76.8462
90.6104, 232.724
Particle 9 new velocities: 151.92, 88.9931
40.7143, 143.523
74.6146, 84.7637
78.7572, -8.87755
51.808, 27.5527
60.706, 115.159
Particle 10 new velocities: 214.367, 96.693
61.917, 4.56262
43.111, 110.906
174.097, 241.89
111.08, 108.925
82.6792, 208.936
Particle 11 new velocities: -65.0188, -64.2435
14.1232, -97.7792
-24.8363, 0.986667
-106.621, -373.108
126.721, 45.4868
0.629366, 34.0829
Particle 12 new velocities: 65.2095, 106.089
35.3873, 245.691
101.462, -16.9536
94.2848, -64.9513
-0.584675, 170.716
87.2424, 207.521
Particle 13 new velocities: 120.234, 50.22
57.101, -12.7071
339.23, -31.6794
220.19, 92.5891
84.4183, 23.7971
108.516, -79.3977
Particle 14 new velocities: 198.18, 99.6816
40.2667, 257.317
46.2758, 352.493
101.8, 53.23
122.915, 74.3293
58.8157, 152.535
Particle 15 new velocities: 285.135, 210.645
97.5113, 315.129
193.564, 243.958
117.782, 290.124
47.8909, 70.5287
140.431, 239.141
Particle 16 new velocities: 154.971, 70.9927
40.6985, 233.675
161.494, 145.013
133.452, 88.5278
71.1525, 53.8902
36.7379, 160.559
Particle 17 new velocities: 78.157, 131.265
67.4576, 63.9856
92.5768, 99.4158
216.131, 299.568
63.4061, 106.664
89.1498, 97.3259
Particle 18 new velocities: 130.908, 86.9514
54.7858, 31.4239
97.5203, 146.619
100.745, 50.9085
35.4524, 37.9927
44.1421, 104.864
Particle 19 new velocities: 113.244, 62.8673
76.1737, 104.067
1.62457, 41.188
67.3404, 29.3155
200.142, 6.54728
44.5453, 169.266
Particle 20 new velocities: 277.087, 190.408
311.066, 310.381
189.513, 232.504
230.874, 218.324
331.892, 182.461
260.634, 306.852
-- ITERATION 4 --
-------------
Particle: 1:
Relays Coordinates:
195.326, 150.257
78.4985, 236.568
172.529, 193.757
108.67, 152.866
132.72, 59.7007
78.2996, 269.042
Evaluation Time: 1.57232 seconds
Resulting Fitness: 0.408333
-------------
Particle: 2:
Relays Coordinates:
283.3, 139.284
149.229, 295.245
141.731, 232.712
216.513, 219.74
82.3225, 118.714
71.1551, 295.245
Evaluation Time: 1.87111 seconds
Resulting Fitness: 0.491667
New local best!
-------------
Particle: 3:
Relays Coordinates:
190.209, 149.877
115.803, 245.134
176.695, 212.512
197.503, 85.5394
38.0906, 116.963
97.7816, 271.588
Evaluation Time: 1.59744 seconds
Resulting Fitness: 0.416667
-------------
Particle: 4:
Relays Coordinates:
323.038, 153.974
120.905, 405
188.599, 180.767
149.602, 257.253
68.9871, 128.224
104.909, 261.903
Evaluation Time: 1.9407 seconds
Resulting Fitness: 0.541667
New local best!
-------------
Particle: 5:
Relays Coordinates:
281.041, 170.638
87.2822, 395.255
165.89, 227.144
203.655, 396.91
77.4751, 114.255
94.7388, 291.068
Evaluation Time: 2.01974 seconds
Resulting Fitness: 0.594444
-------------
Particle: 6:
Relays Coordinates:
314.517, 181.995
97.5732, 431.255
173.805, 204.378
164.868, 355.484
58.9464, 107.279
40.5213, 314.691
Evaluation Time: 1.87269 seconds
Resulting Fitness: 0.461111
-------------
Particle: 7:
Relays Coordinates:
191.124, 72.225
105.095, 204.549
92.2741, 148.2
187.368, 102.408
141.856, 135.611
75.8205, 129.222
Evaluation Time: 1.42118 seconds
Resulting Fitness: 0.280556
-------------
Particle: 8:
Relays Coordinates:
214.224, 45.7724
85.9055, 232.198
106.576, 75.3172
135.413, 265.721
148.378, 97.8427
105.154, 265.355
Evaluation Time: 1.64499 seconds
Resulting Fitness: 0.416667
-------------
Particle: 9:
Relays Coordinates:
218.161, 186.387
84.3255, 122.591
132.05, 173.523
136.328, 210.516
93.8055, 175.352
94.9601, 176.017
Evaluation Time: 1.45233 seconds
Resulting Fitness: 0.341667
-------------
Particle: 10:
Relays Coordinates:
249.379, 119.335
70.2057, 176.764
64.514, 160.784
197.771, 265.721
113.301, 94.0532
60.1637, 227.124
Evaluation Time: 1.66121 seconds
Resulting Fitness: 0.455556
New local best!
-------------
Particle: 11:
Relays Coordinates:
181.617, 169.034
173.194, 293.219
113.616, 167.324
85.5384, 0
146.105, 132.555
216.237, 354.817
Evaluation Time: 1.78148 seconds
Resulting Fitness: 0.430556
-------------
Particle: 12:
Relays Coordinates:
122.365, 129.038
56.6667, 265.721
134.488, 142.295
132.736, 159.192
37.5847, 136.134
110.588, 176.411
Evaluation Time: 1.37488 seconds
Resulting Fitness: 0.294444
-------------
Particle: 13:
Relays Coordinates:
211.727, 136.806
71.3039, 207.393
237.101, 120.302
255.366, 221.017
133.404, 68.4436
117.358, 144.959
Evaluation Time: 1.61531 seconds
Resulting Fitness: 0.405556
-------------
Particle: 14:
Relays Coordinates:
219.577, 143.974
69.0086, 265.721
104.041, 245.185
146.527, 202.628
111.926, 96.6105
82.7323, 220.13
Evaluation Time: 1.55317 seconds
Resulting Fitness: 0.441667
-------------
Particle: 15:
Relays Coordinates:
265.721, 165.488
101.054, 265.721
147.11, 207.574
141.376, 265.721
51.6683, 87.2056
154.162, 236.794
Evaluation Time: 1.70994 seconds
Resulting Fitness: 0.430556
-------------
Particle: 16:
Relays Coordinates:
230.584, 99.0925
74.6431, 297.728
159.313, 222.464
190.881, 251.793
80.3621, 74.3217
47.0978, 272.963
Evaluation Time: 1.71125 seconds
Resulting Fitness: 0.422222
-------------
Particle: 17:
Relays Coordinates:
143.056, 148.086
105.047, 200.751
127.204, 134.318
179.692, 265.721
81.2932, 114.637
71.3495, 218.753
Evaluation Time: 1.48148 seconds
Resulting Fitness: 0.347222
-------------
Particle: 18:
Relays Coordinates:
309.924, 194.303
101.023, 291.174
190.54, 279.997
236.265, 306.956
73.5915, 73.4085
93.7722, 225.081
Evaluation Time: 2.00791 seconds
Resulting Fitness: 0.469444
-------------
Particle: 19:
Relays Coordinates:
132.246, 148.276
90.7493, 214.33
85.3669, 114.583
148.907, 140.232
156.334, 65.2514
68.7194, 173.778
Evaluation Time: 1.35722 seconds
Resulting Fitness: 0.297222
-------------
Particle: 20:
Relays Coordinates:
160.736, 103.846
174.124, 144.146
97.6113, 120.364
126.059, 100.03
174.339, 107.743
160.453, 154.247
Evaluation Time: 1.29513 seconds
Resulting Fitness: 0.213889
Current global best fitness: 0.594444
Current global best relays: 281.041, 170.638
87.2822, 395.255
165.89, 227.144
203.655, 396.91
77.4751, 114.255
94.7388, 291.068
Particle 1 new velocities: 121.893, 99.0458
56.2405, 310.055
108.911, 129.89
134.866, 139.429
207.935, 79.1981
98.2548, 27.6542
Particle 2 new velocities: 241.544, 55.0606
173.356, 111.159
125.221, 140.332
149.112, 236.948
37.575, 62.3762
61.1238, -3.00252
Particle 3 new velocities: 80.1866, 147.138
346.621, 265.798
195.687, 198.62
117.068, 288.098
61.7148, 42.723
96.7818, 154.322
Particle 4 new velocities: 146.94, 87.5359
81.529, -0.573822
86.5978, 129.765
106.987, 72.5614
38.84, 66.2308
87.3632, 177.94
Particle 5 new velocities: 0, 0
0, 0
0, 0
0, 0
0, 0
0, 0
Particle 6 new velocities: -60.5378, 45.875
27.9978, 7.66752
-73.6433, 108.22
86.6387, -2.51229
44.0678, 39.4371
72.9497, 26.332
Particle 7 new velocities: 466.651, 158.406
118.813, 189.56
14.6323, 289.158
198.542, 401.507
180.324, 152.724
99.1969, 182.651
Particle 8 new velocities: 162.507, 146.034
162.004, 338.689
92.4581, 36.2823
151.941, 55.5233
152.707, 74.2506
79.9479, 275.89
Particle 9 new velocities: 137.714, 159.865
80.191, 133.925
85.0964, 128.472
142.68, 215.487
33.8782, 181.512
76.0245, 172.655
Particle 10 new velocities: 201.665, 82.4935
66.4361, 50.8088
81.7669, 141.718
146.227, 165.677
79.6999, 93.175
89.7583, 212.417
Particle 11 new velocities: 62.4159, -20.0276
-73.0123, 6.55327
26.0986, 69.6899
-50.1627, 33.3606
198.07, 33.0402
-64.7024, 38.0181
Particle 12 new velocities: 308.791, 105.92
42.1042, 128.508
57.2063, 97.5573
36.9898, 89.9248
7.99311, 113.594
43.3049, 279.91
Particle 13 new velocities: 125.255, 7.66128
45.6346, 56.2447
239.184, 103.955
91.3036, 197.71
17.5852, 34.8063
61.6089, -0.884719
Particle 14 new velocities: 237.95, 128.256
54.8473, 184.396
73.8721, 269.08
144.974, 419.467
96.1144, 78.435
61.6645, 121.47
Particle 15 new velocities: 1.59071, 176.04
57.242, 55.6151
177.273, 216.163
152.626, 177.122
57.6057, 84.6686
184.262, 239.947
Particle 16 new velocities: 146.261, 134.085
41.7027, 248.875
95.555, 119.224
53.7804, 303.453
-39.2291, 54.2327
61.1259, 132.46
Particle 17 new velocities: 107.698, 93.6564
349.786, 171.21
117.152, 118.624
188.678, 45.3167
31.2751, 70.179
97.5752, 95.6737
Particle 18 new velocities: 5.69065, 62.0115
34.7201, 181.393
9.05465, -40.8308
43.3846, 86.5461
17.4488, 46.9212
32.1328, 38.8352
Particle 19 new velocities: 158.004, 103.973
147.838, 342.721
20.8945, 170.408
215.031, 134.245
112.587, 92.3315
75.7299, 11.908
Particle 20 new velocities: 451.588, 193.343
336.762, 244.657
372.919, 319.419
244.82, 521.925
304.151, 240.023
207.172, 337.089
-- ITERATION 5 --
-------------
Particle: 1:
Relays Coordinates:
136.552, 107.317
58.0007, 215.234
121.151, 139.319
104.834, 125.823
146.641, 59.7914
76.0009, 127.718
Evaluation Time: 1.35911 seconds
Resulting Fitness: 0.288889
-------------
Particle: 2:
Relays Coordinates:
265.721, 103.283
171.435, 215.98
141.87, 198.251
194.308, 242.702
63.7184, 96.2389
70.2984, 155.31
Evaluation Time: 1.61283 seconds
Resulting Fitness: 0.372222
-------------
Particle: 3:
Relays Coordinates:
177.406, 194.872
303.397, 328.05
244.319, 269.744
206.39, 245.143
65.4823, 104.77
127.653, 279.44
Evaluation Time: 1.74326 seconds
Resulting Fitness: 0.436111
-------------
Particle: 4:
Relays Coordinates:
308.353, 158.454
132.817, 265.344
180.557, 203.74
168.348, 216.391
70.7454, 127.582
126.149, 288.581
Evaluation Time: 1.79137 seconds
Resulting Fitness: 0.472222
-------------
Particle: 5:
Relays Coordinates:
281.041, 170.638
87.2822, 395.255
165.89, 227.144
203.655, 396.91
77.4751, 114.255
94.7388, 291.068
Evaluation Time: 2.05418 seconds
Resulting Fitness: 0.594444
-------------
Particle: 6:
Relays Coordinates:
205.723, 184.575
101.713, 355.527
81.1311, 253.204
203.72, 285.907
83.4415, 118.84
91.9115, 276.228
Evaluation Time: 1.78217 seconds
Resulting Fitness: 0.458333
-------------
Particle: 7:
Relays Coordinates:
215.234, 99.2791
96.3849, 169.651
46.0197, 188.268
166.121, 215.234
138.688, 124.119
75.3392, 134.251
Evaluation Time: 1.5582 seconds
Resulting Fitness: 0.352778
-------------
Particle: 8:
Relays Coordinates:
247.173, 125.844
162.653, 328.05
130.586, 73.2204
188.533, 210.768
197.542, 112.91
121.446, 328.05
Evaluation Time: 1.85438 seconds
Resulting Fitness: 0.444444
-------------
Particle: 9:
Relays Coordinates:
170.213, 165.611
78.6877, 122.691
103.86, 144.444
133.449, 203.756
61.0707, 170.687
81.7814, 166.769
Evaluation Time: 1.37978 seconds
Resulting Fitness: 0.302778
-------------
Particle: 10:
Relays Coordinates:
239.703, 107.26
72.6171, 120.941
77.7396, 160.762
182.815, 229.263
102.568, 99.5007
79.6747, 233.59
Evaluation Time: 1.68346 seconds
Resulting Fitness: 0.438889
-------------
Particle: 11:
Relays Coordinates:
160.11, 97.7634
65.729, 196.681
91.667, 155.505
23.21, 21.8879
225.813, 108.647
99.4219, 257.739
Evaluation Time: 1.6714 seconds
Resulting Fitness: 0.394444
-------------
Particle: 12:
Relays Coordinates:
254.593, 138.74
58.3232, 232.788
113.194, 141.63
100.221, 147.101
26.9132, 147.462
90.8721, 269.453
Evaluation Time: 1.71811 seconds
Resulting Fitness: 0.441667
New local best!
-------------
Particle: 13:
Relays Coordinates:
221.093, 94.7848
76.7233, 172.973
312.49, 147.135
227.45, 274.727
99.0642, 67.7423
117.42, 94.5272
Evaluation Time: 1.79502 seconds
Resulting Fitness: 0.5
New local best!
-------------
Particle: 14:
Relays Coordinates:
243.149, 144.674
65.8221, 239.21
94.5504, 265.721
154.916, 265.721
110.561, 93.0263
76.7384, 181.54
Evaluation Time: 1.60202 seconds
Resulting Fitness: 0.422222
-------------
Particle: 15:
Relays Coordinates:
194.87, 248.974
115.398, 234.254
236.475, 308.905
214.328, 322.832
79.6607, 125.296
246.711, 347.544
Evaluation Time: 1.69156 seconds
Resulting Fitness: 0.372222
-------------
Particle: 16:
Relays Coordinates:
200.271, 123.92
61.8309, 265.721
135.447, 181.587
130.023, 265.721
21.8598, 68.3191
57.5145, 215.458
Evaluation Time: 1.67349 seconds
Resulting Fitness: 0.380556
-------------
Particle: 17:
Relays Coordinates:
164.52, 158.607
298.416, 244.044
160.322, 165.955
241.688, 204.072
73.856, 121.258
110.831, 206.295
Evaluation Time: 1.63718 seconds
Resulting Fitness: 0.413889
-------------
Particle: 18:
Relays Coordinates:
284.053, 230.683
122.169, 425.31
179.636, 215.25
251.684, 354.152
81.9362, 108.297
113.315, 237.524
Evaluation Time: 1.97818 seconds
Resulting Fitness: 0.5
New local best!
-------------
Particle: 19:
Relays Coordinates:
171.389, 148.951
140.884, 295.245
62.7462, 168.284
214.902, 162.076
158.795, 93.0511
85.2959, 109.646
Evaluation Time: 1.5603 seconds
Resulting Fitness: 0.366667
-------------
Particle: 20:
Relays Coordinates:
127.093, 75.5414
127.093, 98.8286
119.603, 111.787
94.2724, 127.093
121.626, 88.3974
93.4454, 124.891
Evaluation Time: 1.16329 seconds
Resulting Fitness: 0.15
Current global best fitness: 0.594444
Current global best relays: 281.041, 170.638
87.2822, 395.255
165.89, 227.144
203.655, 396.91
77.4751, 114.255
94.7388, 291.068
Particle 1 new velocities: 403.506, 117.307
62.7735, 261.483
138.24, 230.314
139.172, 191.065
105.461, 63.8315
124.487, 146.397
Particle 2 new velocities: 22.5815, 187.678
83.8734, 357.039
118.751, 190.461
147.483, 244.789
52.4671, 62.425
74.4545, 81.7919
Particle 3 new velocities: 471.737, 105.129
266.699, 59.496
115.36, 139.387
87.5788, 378.67
20.4413, 82.3966
46.4621, 87.8296
Particle 4 new velocities: 127.462, 77.6246
42.4102, 31.0815
64.0437, 84.9736
91.1555, 229.991
38.8602, 51.2312
9.04318, 135.79
Particle 5 new velocities: 0, 0
0, 0
0, 0
0, 0
0, 0
0, 0
Particle 6 new velocities: -22.8057, -48.2
4.10527, 39.2779
56.3979, 28.9856
71.1195, 77.2135
-2.01602, 23.1097
60.1701, 35.7703
Particle 7 new velocities: 129.079, 201.86
133.122, 335.849
79.2944, 286.567
315.636, -6.94581
80.5978, 211.135
89.3583, 248.145
Particle 8 new velocities: 124.602, 73.6437
59.2897, -93.9748
56.6681, 135.288
115.897, 240.789
30.8559, 35.2971
39.3185, -20.4606
Particle 9 new velocities: 174.089, 294.244
111.975, 281.36
142.411, 157.771
212.323, 597.204
46.0053, 132.45
109.683, 347.319
Particle 10 new velocities: 182.467, 144.582
68.7307, 390.729
49.1438, 142.499
154.843, 245.022
54.4865, 73.8281
68.1453, 224.217
Particle 11 new velocities: 272.346, 172.722
23.5014, 388.142
73.8986, 92.0704
104.316, 428.526
142.812, 54.1262
-44.3602, 278.869
Particle 12 new velocities: 251.967, 119.9
48.2402, 160.685
46.0564, 177.302
115.538, 227.823
28.9848, 56.8657
36.9515, 226.588
Particle 13 new velocities: 118.912, 11.1603
37.4402, 93.569
185.31, 102.351
71.2979, 250.733
-3.5398, 50.0639
21.8203, 94.2811
Particle 14 new velocities: 235.399, 121.905
63.1461, 233.268
98.7909, -36.2968
126.888, 107.017
43.772, 86.5728
79.0151, 230.983
Particle 15 new velocities: 65.7701, 33.0938
16.9936, 97.6945
101.902, -35.5234
94.2743, 158.282
20.3121, 46.5842
115.418, 49.7911
Particle 16 new velocities: 128.471, 81.6577
103.358, 283.72
66.2787, 91.4884
157.808, 236.308
0.144125, 111.46
17.0112, 237.53
Particle 17 new velocities: 164.589, 57.6479
105.698, 187.89
60.5093, 101.658
96.5911, 278.661
16.0366, 44.5999
53.6541, 180.886
Particle 18 new velocities: 3.65744, -23.0478
-11.2506, 139.414
-5.18819, -25.1147
-18.175, 81.5152
10.3442, 39.4593
18.389, 95.8982
Particle 19 new velocities: 177.263, 155.488
95.0294, 88.1782
42.4881, 139.276
174.905, 143.409
12.6385, 103.103
61.8248, -16.9434
Particle 20 new velocities: 247.885, 161.737
170.625, 323.134
477.47, 399.675
239.242, 256.388
559.952, 407.047
358.242, 355.635
-- ITERATION 6 --
-------------
Particle: 1:
Relays Coordinates:
265.721, 119.374
64.1844, 253.347
137.851, 196.438
129.675, 168.407
133.977, 65.6983
106.548, 145.676
Evaluation Time: 1.58893 seconds
Resulting Fitness: 0.391667
-------------
Particle: 2:
Relays Coordinates:
210.172, 212.111
186.12, 364.5
189.992, 283.371
249.165, 355.381
84.6993, 115.666
105.525, 172.847
Evaluation Time: 1.90203 seconds
Resulting Fitness: 0.469444
-------------
Particle: 3:
Relays Coordinates:
364.5, 218.7
364.5, 282.521
262.207, 298.257
214.303, 364.5
62.6383, 136.445
126.93, 267.739
Evaluation Time: 2.12946 seconds
Resulting Fitness: 0.469444
-------------
Particle: 4:
Relays Coordinates:
317.709, 172.102
127.741, 216.094
178.314, 210.472
189.178, 325.413
79.9025, 130.355
98.5554, 309.366
Evaluation Time: 1.98609 seconds
Resulting Fitness: 0.491667
-------------
Particle: 5:
Relays Coordinates:
281.041, 170.638
87.2822, 395.255
165.89, 227.144
203.655, 396.91
77.4751, 114.255
94.7388, 291.068
Evaluation Time: 2.11619 seconds
Resulting Fitness: 0.594444
-------------
Particle: 6:
Relays Coordinates:
164.626, 122.738
95.236, 355.325
123.776, 253.971
247.356, 326.808
73.2829, 127.755
136.873, 280.799
Evaluation Time: 1.78106 seconds
Resulting Fitness: 0.452778
-------------
Particle: 7:
Relays Coordinates:
120.054, 105.001
80.024, 174.339
43.6943, 165.565
167.978, 72.6255
76.4602, 116.896
57.4265, 133.333
Evaluation Time: 1.2747 seconds
Resulting Fitness: 0.272222
-------------
Particle: 8:
Relays Coordinates:
197.577, 106.016
117.95, 124.397
99.5147, 110.81
161.787, 239.976
121.38, 78.7635
85.4366, 163.466
Evaluation Time: 1.50794 seconds
Resulting Fitness: 0.383333
-------------
Particle: 9:
Relays Coordinates:
164.679, 219.947
91.1934, 193.256
117.791, 144.548
165.381, 239.148
51.2142, 144.989
91.577, 239.148
Evaluation Time: 1.42297 seconds
Resulting Fitness: 0.3
-------------
Particle: 10:
Relays Coordinates:
249.287, 148.71
83.4645, 295.245
74.9234, 179.072
199.383, 280.06
92.7394, 102.349
87.2862, 270.331
Evaluation Time: 1.77604 seconds
Resulting Fitness: 0.463889
New local best!
-------------
Particle: 11:
Relays Coordinates:
206.843, 129.372
42.6786, 239.148
79.1895, 118.414
60.9952, 215.431
176.312, 77.8538
26.3358, 239.148
Evaluation Time: 1.47442 seconds
Resulting Fitness: 0.377778
-------------
Particle: 12:
Relays Coordinates:
239.148, 123.707
50.969, 188.197
76.1689, 152.544
103.197, 179.325
26.7359, 97.7293
61.1377, 237.255
Evaluation Time: 1.54521 seconds
Resulting Fitness: 0.388889
-------------
Particle: 13:
Relays Coordinates:
162.624, 50.6732
54.6041, 127.486
238.096, 119.328
142.89, 239.148
45.689, 56.3463
66.5983, 90.3064
Evaluation Time: 1.58854 seconds
Resulting Fitness: 0.455556
-------------
Particle: 14:
Relays Coordinates:
282.578, 157.412
76.1544, 278.994
114.166, 135.472
166.402, 220.097
91.1321, 106.051
91.9709, 243.591
Evaluation Time: 1.84935 seconds
Resulting Fitness: 0.463889
-------------
Particle: 15:
Relays Coordinates:
190.007, 205.627
96.5134, 241.99
246.677, 199.295
224.971, 350.732
72.8802, 125.301
263.992, 289.658
Evaluation Time: 1.9157 seconds
Resulting Fitness: 0.452778
-------------
Particle: 16:
Relays Coordinates:
215.687, 134.88
108.38, 328.05
132.352, 179.165
188.846, 328.05
14.4368, 117.953
48.8963, 297.206
Evaluation Time: 1.74 seconds
Resulting Fitness: 0.494444
New local best!
-------------
Particle: 17:
Relays Coordinates:
239.92, 157.65
294.599, 314.879
160.986, 195.09
246.605, 351.912
65.5318, 120.91
119.91, 282.255
Evaluation Time: 1.81146 seconds
Resulting Fitness: 0.488889
New local best!
-------------
Particle: 18:
Relays Coordinates:
233.046, 168.185
89.8437, 405
141.302, 154.009
189.143, 352.891
74.7471, 119.682
106.68, 270.072
Evaluation Time: 1.9031 seconds
Resulting Fitness: 0.486111
-------------
Particle: 19:
Relays Coordinates:
282.409, 246.595
191.089, 310.573
85.2398, 249.124
315.744, 247.442
138.861, 158.885
119.168, 75.0889
Evaluation Time: 1.81805 seconds
Resulting Fitness: 0.416667
-------------
Particle: 20:
Relays Coordinates:
130.747, 82.7339
103.808, 147.129
174.339, 174.339
116.289, 133.712
174.339, 172.751
157.494, 167.549
Evaluation Time: 1.2978 seconds
Resulting Fitness: 0.252778
Current global best fitness: 0.594444
Current global best relays: 281.041, 170.638
87.2822, 395.255
165.89, 227.144
203.655, 396.91
77.4751, 114.255
94.7388, 291.068
Particle 1 new velocities: 19.0335, 133.04
71.3303, 351.794
191.248, 184.615
163.548, 201.512
237.812, 58.5106
88.3225, 104.808
Particle 2 new velocities: 111.659, 75.3232
35.0474, -22.6239
-2.02035, 117.213
25.538, 88.7106
35.0514, 50.1816
-0.874177, 298.313
Particle 3 new velocities: 16.494, -7.90256
-283.152, 69.4192
-7.46788, 12.5321
62.7203, -282.395
12.552, 41.4955
45.7602, 65.3977
Particle 4 new velocities: 89.0187, 44.9468
-9.37233, 147.362
57.0618, 62.1609
81.9582, 150.059
12.2097, 32.4505
10.9865, 86.2905
Particle 5 new velocities: 0, 0
0, 0
0, 0
0, 0
0, 0
0, 0
Particle 6 new velocities: 115.642, 20.7332
-6.00816, 69.2894
77.7579, -21.2755
-49.8813, 79.2974
-15.6147, -8.07621
41.1804, 24.5196
Particle 7 new velocities: 574.395, 190.068
139.779, 193.81
122.423, 328.347
324.051, 358.325
103.92, 183.396
128.634, 158.171
Particle 8 new velocities: 174.134, 98.4492
45.9365, 333.275
91.151, 98.1566
113.068, 376.3
170.509, 63.3678
50.1736, 165.081
Particle 9 new velocities: 272.969, 249.543
102.592, 282.529
184.156, 282.74
198.61, 119.076
186.182, 145.588
89.9073, -11.385
Particle 10 new velocities: 149.88, 116.794
57.3725, 38.4268
149.482, 127.574
126.456, 288.086
32.2752, 68.579
61.7055, 203.17
Particle 11 new velocities: 254.861, 202.517
219.549, 64.7047
95.3512, 220.579
203.605, 407.934
207.876, 159.609
189.732, 178.522
Particle 12 new velocities: 26.0922, 123.271
50.9675, 221.955
138.746, 148.207
103.676, 422.301
88.8675, 82.1432
59.8127, 185.74
Particle 13 new velocities: 210.202, 126.071
78.9166, 469.824
77.5057, 258.508
103.761, 49.8194
68.1393, 82.5038
77.3656, 304.314
Particle 14 new velocities: 185.64, 99.3446
64.241, 279.734
91.4631, 97.0849
99.4643, 426.01
64.2889, 70.7251
55.8639, 167.293
Particle 15 new velocities: 286.72, -13.636
5.6295, 421.356
-77.0731, 14.8199
58.8427, 160.191
13.8763, 11.6934
-4.78773, -13.9313
Particle 16 new velocities: 174.139, 93.5309
69.5496, 56.9544
81.5473, 105.47
140.709, 9.27089
51.2306, 88.0184
33.0258, 184.054
Particle 17 new velocities: 161.254, 49.4185
48.1632, 185.683
52.3394, 91.6627
67.836, 246.432
26.6679, 33.3926
13.8997, 148.349
Particle 18 new velocities: 37.2569, 53.479
28.9719, 12.1883
49.8396, 133.503
44.274, 67.5571
19.7849, 10.5527
11.1532, 64.4304
Particle 19 new velocities: -47.3666, 65.4159
80.3798, 76.5771
32.5421, -45.68
99.407, 181.912
-42.0705, 31.9159
5.43128, 144.374
Particle 20 new velocities: 384.322, 181.117
413.104, 252.302
320.286, 43.6555
240.387, 428.554
438.091, 322.934
392.454, 306.053
-- ITERATION 7 --
-------------
Particle: 1:
Relays Coordinates:
136.197, 120.729
64.8162, 239.148
157.407, 182.257
140.247, 176.931
177.826, 59.4087
93.2057, 119.806
Evaluation Time: 1.43244 seconds
Resulting Fitness: 0.341667
-------------
Particle: 2:
Relays Coordinates:
234.615, 209.539
161.231, 249.228
137.032, 292.025
200.259, 323.743
87.2983, 120.903
76.2904, 343.476
Evaluation Time: 1.67165 seconds
Resulting Fitness: 0.419444
-------------
Particle: 3:
Relays Coordinates:
277.745, 153.672
59.3028, 256.564
185.705, 226.565
201.95, 59.8543
54.8137, 129.718
125.891, 242.857
Evaluation Time: 1.85552 seconds
Resulting Fitness: 0.508333
-------------
Particle: 4:
Relays Coordinates:
329.449, 175.809
95.8783, 294.4
190.654, 220.833
219.62, 385.132
74.6109, 131.872
88.729, 320.482
Evaluation Time: 2.04267 seconds
Resulting Fitness: 0.441667
-------------
Particle: 5:
Relays Coordinates:
281.041, 170.638
87.2822, 395.255
165.89, 227.144
203.655, 396.91
77.4751, 114.255
94.7388, 291.068
Evaluation Time: 2.07689 seconds
Resulting Fitness: 0.594444
-------------
Particle: 6:
Relays Coordinates:
227.017, 116.211
72.2746, 343.938
163.243, 188.483
159.954, 328.946
46.7112, 96.9397
144.224, 247.308
Evaluation Time: 1.80195 seconds
Resulting Fitness: 0.480556
-------------
Particle: 7:
Relays Coordinates:
215.234, 127.018
94.6179, 158.476
71.508, 212.613
211.802, 185.51
77.6476, 129.266
80.0928, 125.483
Evaluation Time: 1.52838 seconds
Resulting Fitness: 0.397222
-------------
Particle: 8:
Relays Coordinates:
197.542, 108.661
87.0957, 243.226
101.328, 111.053
146.069, 265.721
155.122, 75.5344
72.0688, 174.603
Evaluation Time: 1.59728 seconds
Resulting Fitness: 0.419444
-------------
Particle: 9:
Relays Coordinates:
232.584, 249.506
102.985, 252.852
160.467, 227.078
193.44, 190.375
126.162, 154.425
96.4482, 121.043
Evaluation Time: 1.62958 seconds
Resulting Fitness: 0.388889
-------------
Particle: 10:
Relays Coordinates:
290.993, 193.552
102.67, 243.247
163.591, 223.545
237.537, 364.5
91.1356, 124.606
108.615, 345.182
Evaluation Time: 1.9764 seconds
Resulting Fitness: 0.511111
New local best!
-------------
Particle: 11:
Relays Coordinates:
178.873, 128.581
101.592, 117.719
67.6206, 131.333
102.512, 193.71
148.843, 91.9982
83.7092, 161.814
Evaluation Time: 1.38483 seconds
Resulting Fitness: 0.297222
-------------
Particle: 12:
Relays Coordinates:
174.024, 162.042
66.8805, 269.1
141.006, 197.323
135.729, 328.05
75.8474, 118.014
79.3555, 277.527
Evaluation Time: 1.60889 seconds
Resulting Fitness: 0.419444
-------------
Particle: 13:
Relays Coordinates:
271.79, 128.847
97.3366, 364.5
230.074, 275.443
179.809, 210.658
82.9809, 101.222
104.95, 287.678
Evaluation Time: 1.85216 seconds
Resulting Fitness: 0.477778
-------------
Particle: 14:
Relays Coordinates:
248.83, 136.451
74.6119, 265.721
109.28, 123.59
141.292, 265.721
82.5971, 93.9463
78.5655, 218.361
Evaluation Time: 1.643 seconds
Resulting Fitness: 0.444444
-------------
Particle: 15:
Relays Coordinates:
312.78, 125.966
67.016, 328.05
111.277, 140.481
186.21, 328.05
56.921, 89.882
170.064, 180.904
Evaluation Time: 2.0115 seconds
Resulting Fitness: 0.461111
-------------
Particle: 16:
Relays Coordinates:
255.765, 149.86
116.74, 252.601
140.34, 186.749
216.221, 221.316
43.0844, 135.138
53.7491, 315.755
Evaluation Time: 1.73719 seconds
Resulting Fitness: 0.466667
-------------
Particle: 17:
Relays Coordinates:
292.456, 150.953
249.874, 364.5
155.514, 209.043
229.228, 364.5
67.2135, 112.487
97.5473, 313.911
Evaluation Time: 1.90753 seconds
Resulting Fitness: 0.525
New local best!
-------------
Particle: 18:
Relays Coordinates:
218.945, 179.547
96.2406, 337.922
154.825, 232.885
189.067, 340.563
76.5709, 105.49
95.4447, 270.947
Evaluation Time: 1.74805 seconds
Resulting Fitness: 0.461111
-------------
Particle: 19:
Relays Coordinates:
154.211, 204.711
178.111, 254.009
77.2767, 133.479
272.38, 281.7
63.5044, 125.184
81.7494, 143.99
Evaluation Time: 1.60026 seconds
Resulting Fitness: 0.369444
-------------
Particle: 20:
Relays Coordinates:
141.215, 74.5192
141.215, 112.811
139.697, 61.5681
100.736, 141.215
141.215, 139.996
141.215, 133.759
Evaluation Time: 1.21687 seconds
Resulting Fitness: 0.2
Current global best fitness: 0.594444
Current global best relays: 281.041, 170.638
87.2822, 395.255
165.89, 227.144
203.655, 396.91
77.4751, 114.255
94.7388, 291.068
Particle 1 new velocities: 337.407, 169.858
82.6908, 196.694
172.743, 174.756
178.837, 270.824
221.298, 111.151
72.3692, 225.872
Particle 2 new velocities: 176.858, -8.51328
-80.6729, 185.749
10.2775, -27.7102
34.6941, 121.865
23.6171, 38.1532
-7.52993, 153.878
Particle 3 new velocities: 155.297, 13.5644
267.901, 114.866
-10.4113, 45.2097
52.1581, 57.2996
-0.27818, 19.0624
36.7205, 84.2837
Particle 4 new velocities: 3.60836, 3.66328
17.6414, 271.539
35.7873, 3.87569
-19.6654, 69.2613
8.75607, 4.13326
30.6105, 41.8182
Particle 5 new velocities: 0, 0
0, 0
0, 0
0, 0
0, 0
0, 0
Particle 6 new velocities: 86.8183, 81.0218
23.6933, 105.953
34.6759, 80.1681
56.9552, 12.4036
18.6017, 25.4733
-77.6162, 90.9925
Particle 7 new velocities: 309.394, 194.195
160.483, 259.963
102.737, 292.471
286.153, 169.24
145.606, 183.808
124.837, 143.384
Particle 8 new velocities: 166.713, 39.8698
53.2463, 255.329
70.3703, 61.038
112.901, 85.4299
119.11, 127.252
85.1582, 422.26
Particle 9 new velocities: 248.812, 129.069
85.0826, 52.5626
173.017, 226.348
141.63, 300.603
116.302, 153.686
85.6649, 39.8124
Particle 10 new velocities: 117.012, 84.1172
31.7674, 153.987
120.925, 102.623
93.7235, 42.0777
15.4993, 46.4214
48.1787, 159.154
Particle 11 new velocities: 326.86, 377.109
215.88, 604.875
212.519, 215.387
166.77, 149.332
248.842, 182.806
370.528, 480.503
Particle 12 new velocities: 189.765, 85.2343
32.0601, 197.733
116.356, 50.6325
112.547, -58.6689
-3.5283, 100.433
68.4867, 138.757
Particle 13 new velocities: 121.552, 97.3466
30.3834, -29.0934
108.115, 30.5728
95.4754, 304.903
77.4302, 33.5242
70.3611, 97.8997
Particle 14 new velocities: 160.905, 89.3442
69.3808, 138.441
73.7733, 303.203
120.304, 197.892
54.7656, 78.5728
72.1526, 195.671
Particle 15 new velocities: 151.161, 32.4033
49.9998, 51.8465
21.7634, 131.625
73.5949, 64.4811
12.1214, 24.4067
-35.7864, 142.88
Particle 16 new velocities: 96.5368, 83.9381
43.4301, 314.539
67.0831, 114.495
76.0994, 85.8846
38.2691, 41.8514
34.0495, 113.18
Particle 17 new velocities: 118.42, 61.9248
-84.1713, 9.94672
49.7329, 88.279
23.3145, 28.0004
22.6309, 28.7449
8.75793, 92.7387
Particle 18 new velocities: 50.8125, 91.5895
48.1499, 146.788
70.2141, 86.7539
125.488, 142.908
25.7023, 21.0372
19.6742, 44.9922
Particle 19 new velocities: 79.9087, 95.3504
52.7753, 213.359
42.2083, 0.432109
-49.4257, 126.4
177.328, -6.4934
11.2505, -49.1477
Particle 20 new velocities: 236.061, 219.086
231.461, 325.523
265.343, 287.128
257.618, 267.338
386.555, 263.157
36.1896, 420.548
-- ITERATION 8 --
-------------
Particle: 1:
Relays Coordinates:
183.484, 112.579
57.1472, 168.854
127.907, 138.314
123.62, 173.47
154.629, 66.0784
64.1471, 133.923
Evaluation Time: 1.35396 seconds
Resulting Fitness: 0.294444
-------------
Particle: 2:
Relays Coordinates:
218.674, 106.833
42.8119, 231.164
78.2861, 140.468
124.864, 236.814
58.945, 84.5289
36.5421, 264.314
Evaluation Time: 1.65942 seconds
Resulting Fitness: 0.416667
-------------
Particle: 3:
Relays Coordinates:
350.764, 135.461
265.035, 300.858
141.988, 220.137
205.828, 94.8947
44.1738, 120.512
131.715, 264.984
Evaluation Time: 2.00059 seconds
Resulting Fitness: 0.575
New local best!
-------------
Particle: 4:
Relays Coordinates:
269.777, 145.373
91.951, 405
183.418, 182.014
161.964, 368.059
67.5272, 110.164
96.665, 293.463
Evaluation Time: 1.95237 seconds
Resulting Fitness: 0.513889
-------------
Particle: 5:
Relays Coordinates:
281.041, 170.638
87.2822, 395.255
165.89, 227.144
203.655, 396.91
77.4751, 114.255
94.7388, 291.068
Evaluation Time: 1.96443 seconds
Resulting Fitness: 0.594444
-------------
Particle: 6:
Relays Coordinates:
228.786, 143.783
69.9606, 327.97
144.283, 195.847
158.127, 248.844
47.6131, 89.2391
48.5568, 246.621
Evaluation Time: 1.64155 seconds
Resulting Fitness: 0.447222
-------------
Particle: 7:
Relays Coordinates:
215.234, 138.272
109.812, 180.124
75.0068, 215.234
214.354, 152.708
96.1032, 134.768
88.2154, 115.738
Evaluation Time: 1.4815 seconds
Resulting Fitness: 0.361111
-------------
Particle: 8:
Relays Coordinates:
215.089, 87.7061
82.8706, 294.392
101.386, 101.618
152.919, 207.351
161.931, 119.743
92.841, 295.245
Evaluation Time: 1.59525 seconds
Resulting Fitness: 0.455556
New local best!
-------------
Particle: 9:
Relays Coordinates:
284.26, 223.545
111.052, 180.344
196.919, 267.744
197.856, 289.917
143.172, 181.936
107.536, 94.9834
Evaluation Time: 1.72333 seconds
Resulting Fitness: 0.402778
-------------
Particle: 10:
Relays Coordinates:
267.692, 182.179
88.2045, 260.625
186.672, 213.999
217.34, 266.756
69.9632, 112.211
102.872, 328.05
Evaluation Time: 1.76131 seconds
Resulting Fitness: 0.461111
-------------
Particle: 11:
Relays Coordinates:
174.339, 174.339
110.696, 174.339
97.6787, 120.894
93.8926, 119.611
138.664, 95.8181
158.383, 174.339
Evaluation Time: 1.37532 seconds
Resulting Fitness: 0.277778
-------------
Particle: 12:
Relays Coordinates:
238.682, 162.238
64.915, 306.289
168.855, 162.684
162.894, 176.741
47.4485, 143.323
96.9993, 273.124
Evaluation Time: 1.67966 seconds
Resulting Fitness: 0.413889
-------------
Particle: 13:
Relays Coordinates:
286.746, 164.895
93.1079, 244.511
246.54, 223.085
200.682, 364.5
116.94, 98.2298
127.802, 281.086
Evaluation Time: 2.07346 seconds
Resulting Fitness: 0.441667
-------------
Particle: 14:
Relays Coordinates:
217.75, 119.997
76.5236, 214.788
97.2819, 226.815
139.023, 246.383
73.0002, 91.6838
80.0978, 220.033
Evaluation Time: 1.49148 seconds
Resulting Fitness: 0.4
-------------
Particle: 15:
Relays Coordinates:
221.902, 75.7473
55.9683, 181.703
63.6328, 130.147
124.264, 187.746
33.0227, 54.6639
64.2246, 154.865
Evaluation Time: 1.51061 seconds
Resulting Fitness: 0.277778
-------------
Particle: 16:
Relays Coordinates:
256.828, 170.439
116.764, 364.5
151.211, 219.607
213.101, 223.949
59.3067, 129.025
64.0052, 312.693
Evaluation Time: 1.76614 seconds
Resulting Fitness: 0.497222
New local best!
-------------
Particle: 17:
Relays Coordinates:
269.576, 139.669
108.717, 245.674
134.663, 195.073
165.693, 257.52
58.9469, 92.6621
69.7468, 266.803
Evaluation Time: 1.73758 seconds
Resulting Fitness: 0.477778
-------------
Particle: 18:
Relays Coordinates:
218.504, 219.621
116.956, 392.616
182.282, 258.907
254.79, 391.612
82.8413, 102.487
93.2463, 255.911
Evaluation Time: 1.92319 seconds
Resulting Fitness: 0.505556
New local best!
-------------
Particle: 19:
Relays Coordinates:
189.637, 243.049
187.018, 378.568
96.7828, 108.468
180.593, 330.561
195.074, 96.1397
75.3299, 76.822
Evaluation Time: 1.79267 seconds
Resulting Fitness: 0.444444
-------------
Particle: 20:
Relays Coordinates:
118.393, 92.1363
116.95, 137.554
127.106, 109.424
112.455, 128.208
156.905, 126.514
55.6714, 156.905
Evaluation Time: 1.26069 seconds
Resulting Fitness: 0.175
Current global best fitness: 0.594444
Current global best relays: 281.041, 170.638
87.2822, 395.255
165.89, 227.144
203.655, 396.91
77.4751, 114.255
94.7388, 291.068
Particle 1 new velocities: 511.098, 200.959
73.9363, 456.039
217.321, 194.702
112.355, 402.598
222.794, 90.5309
117.343, 312.766
Particle 2 new velocities: 208.26, 31.0117
102.409, 462.077
138.08, 130.592
211.423, 114.046
37.306, 39.6337
21.3364, 173.975
Particle 3 new velocities: 47.2087, 41.5582
46.333, 128.748
0.234188, 44.8473
40.4201, 422.551
30.2743, 10.8498
11.7604, 68.264
Particle 4 new velocities: 74.915, 17.9059
16.2553, -5.52169
21.2998, 27.8514
-30.0881, -72.6474
18.7946, 25.1376
32.5055, 11.5633
Particle 5 new velocities: 0, 0
0, 0
0, 0
0, 0
0, 0
0, 0
Particle 6 new velocities: 84.3579, 70.4656
68.6655, 160.3
17.5361, 122.608
70.8081, 103.949
31.8811, 74.9488
-16.3382, 162.127
Particle 7 new velocities: 350.493, 139.871
154.825, 222.153
102.91, 12.1414
332.47, 162.878
250.683, 144.209
107.459, 267.816
Particle 8 new velocities: 183.246, 106.244
46.6513, 224.472
60.5616, 136.708
151.216, 181.692
79.2758, 95.9235
69.1022, -1.07103
Particle 9 new velocities: 184.369, 111.612
63.116, 302.097
103.353, 117.593
100.897, 462.186
1.37695, 91.6588
76.5729, 132.32
Particle 10 new velocities: 122.118, 65.8175
30.3683, 135.75
69.7334, 101.459
82.6378, 217.596
31.2494, 56.2534
34.8046, -31.5941
Particle 11 new velocities: 93.9968, 100.446
253.674, 148.503
235.48, 242.487
226.249, 353.121
371.988, 154.334
433.739, 322.523
Particle 12 new velocities: 221.048, 40.5957
33.3287, 223.894
7.09009, 55.8915
47.576, -27.0694
-1.68605, 46.0061
45.2267, 130.403
Particle 13 new velocities: 38.5437, 68.165
6.00638, -8.92819
115.519, -96.4839
101.015, -97.1933
28.992, -2.49293
39.0412, -140.734
Particle 14 new velocities: 196.717, 146.495
70.021, 178.261
128.308, 265.02
97.7106, 302.179
81.7853, 76.2395
65.1219, 190.8
Particle 15 new velocities: 180.59, 134.231
79.1933, 565.558
235.38, 298.074
209.252, 201.463
35.2198, 120.362
271.911, 294.612
Particle 16 new velocities: 90.8515, 67.2044
33.8014, 13.1275
62.4224, 95.3801
52.9772, 80.6617
53.006, 25.018
63.1075, 86.3313
Particle 17 new velocities: 121.224, 75.785
48.1708, 217.288
70.9498, 100.616
40.754, 268.51
24.47, 73.72
74.7676, 136.922
Particle 18 new velocities: 114.931, 24.2756
35.57, 119.804
50.9156, 45.8901
80.9829, 115.548
17.8233, 31.1434
16.3851, 75.8247
Particle 19 new velocities: -55.6096, 9.64224
-4.63761, 10.1345
-2.5021, 43.9806
43.2122, -58.3613
41.3, 3.14847
27.0175, 135.267
Particle 20 new velocities: 274.479, 159.25
390.209, 227.684
591.756, 349.825
223.936, 174.924
242.41, 277.199
408.325, 32.5415
-- ITERATION 9 --
-------------
Particle: 1:
Relays Coordinates:
174.339, 109.324
45.706, 174.339
120.373, 116.116
82.2792, 174.339
131.599, 54.6063
63.2818, 155.751
Evaluation Time: 1.35991 seconds
Resulting Fitness: 0.263889
-------------
Particle: 2:
Relays Coordinates:
280.111, 90.4402
95.2794, 328.05
141.958, 177.842
220.638, 230.2
63.1503, 81.4631
37.9741, 287.562
Evaluation Time: 1.7618 seconds
Resulting Fitness: 0.4
-------------
Particle: 3:
Relays Coordinates:
211.499, 94.0754
165.474, 228.311
75.5825, 140.824
130.866, 265.721
39.5648, 69.8113
76.2489, 177.102
Evaluation Time: 1.59432 seconds
Resulting Fitness: 0.416667
-------------
Particle: 4:
Relays Coordinates:
310.223, 146.951
97.3856, 359.53
184.246, 188.879
118.688, 265.87
77.6896, 121.772
116.253, 274.524
Evaluation Time: 1.86501 seconds
Resulting Fitness: 0.505556
-------------
Particle: 5:
Relays Coordinates:
281.041, 170.638
87.2822, 395.255
165.89, 227.144
203.655, 396.91
77.4751, 114.255
94.7388, 291.068
Evaluation Time: 1.99893 seconds
Resulting Fitness: 0.594444
-------------
Particle: 6:
Relays Coordinates:
253.646, 173.541
112.287, 395.499
131.073, 257.949
185.438, 285.762
64.3902, 132.992
26.0971, 331.086
Evaluation Time: 1.85689 seconds
Resulting Fitness: 0.505556
New local best!
-------------
Particle: 7:
Relays Coordinates:
265.721, 147.816
140.639, 213.787
94.5524, 120.836
265.721, 167.715
184.297, 148.26
103.989, 203.837
Evaluation Time: 1.54113 seconds
Resulting Fitness: 0.375
-------------
Particle: 8:
Relays Coordinates:
211.691, 103.073
68.8332, 265.721
86.0655, 126.656
161.63, 206.753
128.187, 114.614
86.0633, 156.336
Evaluation Time: 1.56659 seconds
Resulting Fitness: 0.380556
-------------
Particle: 9:
Relays Coordinates:
224.144, 160.305
83.3041, 230.75
143.619, 184.305
142.892, 239.148
69.1374, 130.86
88.0587, 108.719
Evaluation Time: 1.55095 seconds
Resulting Fitness: 0.411111
-------------
Particle: 10:
Relays Coordinates:
284.171, 180.79
86.4395, 288.957
186.919, 229.969
218.684, 353.092
73.784, 122.811
100.366, 216.116
Evaluation Time: 1.88682 seconds
Resulting Fitness: 0.530556
New local best!
-------------
Particle: 11:
Relays Coordinates:
103.959, 106.458
141.164, 125.076
129.073, 140.781
124.029, 183.146
193.71, 96.9142
193.71, 192.495
Evaluation Time: 1.47569 seconds
Resulting Fitness: 0.358333
-------------
Particle: 12:
Relays Coordinates:
271.466, 119.771
58.0119, 295.245
103.894, 129.066
124.281, 88.3795
27.0223, 111.797
83.983, 238.279
Evaluation Time: 1.73944 seconds
Resulting Fitness: 0.416667
-------------
Particle: 13:
Relays Coordinates:
263.485, 188.779
80.2825, 190.822
293.268, 102.547
244.374, 216.518
118.205, 77.5468
135.143, 113.685
Evaluation Time: 1.77054 seconds
Resulting Fitness: 0.438889
-------------
Particle: 14:
Relays Coordinates:
220.265, 141.625
77.8798, 208.882
119.888, 261.381
125.81, 265.721
82.2594, 89.2413
77.1757, 218.334
Evaluation Time: 1.59228 seconds
Resulting Fitness: 0.455556
-------------
Particle: 15:
Relays Coordinates:
173.259, 90.3886
58.1826, 215.234
128.715, 184.335
143.568, 167.542
29.3762, 75.3429
144.695, 193.485
Evaluation Time: 1.46604 seconds
Resulting Fitness: 0.330556
-------------
Particle: 16:
Relays Coordinates:
281.62, 192.491
121.958, 305.878
173.043, 255.139
215.524, 246.735
90.9733, 124.775
102.961, 323.21
Evaluation Time: 1.69966 seconds
Resulting Fitness: 0.377778
-------------
Particle: 17:
Relays Coordinates:
284.893, 157.066
114.371, 337.499
149.891, 215.557
150.5, 364.5
60.811, 121.293
105.351, 294.315
Evaluation Time: 1.87711 seconds
Resulting Fitness: 0.522222
-------------
Particle: 18:
Relays Coordinates:
243.074, 177.801
111.192, 364.5
170.001, 222.197
244.778, 364.5
73.3845, 97.4169
79.9213, 241.835
Evaluation Time: 2.22693 seconds
Resulting Fitness: 0.55
New local best!
-------------
Particle: 19:
Relays Coordinates:
108.562, 204.68
147.728, 314.849
76.3674, 123.484
181.282, 220.482
191.463, 80.4234
82.9014, 171.792
Evaluation Time: 1.58696 seconds
Resulting Fitness: 0.433333
-------------
Particle: 20:
Relays Coordinates:
123.287, 78.8876
156.905, 114.616
156.905, 144.117
105.563, 95.1262
125.309, 126.689
145.607, 59.4504
Evaluation Time: 1.26527 seconds
Resulting Fitness: 0.194444
Current global best fitness: 0.594444
Current global best relays: 281.041, 170.638
87.2822, 395.255
165.89, 227.144
203.655, 396.91
77.4751, 114.255
94.7388, 291.068
Particle 1 new velocities: 300.418, 259.373
113.954, 117.683
193.022, 270.209
222.805, 139.072
189.64, 146.411
134.404, 397.677
Particle 2 new velocities: 171.101, 89.4157
163.144, 41.4105
128.128, 214.796
144.421, 153.544
43.0119, 117.898
37.2406, 144.847
Particle 3 new velocities: 257.637, 147.82
57.3337, 223.794
100.227, 227.256
194.149, 70.9674
68.743, 87.7198
101.894, 187.605
Particle 4 new velocities: 48.8843, 33.6107
14.7602, 28.7942
-0.00803948, 26.7459
53.733, 9.16951
6.9721, 16.361
-11.7917, 18.0685
Particle 5 new velocities: 0, 0
0, 0
0, 0
0, 0
0, 0
0, 0
Particle 6 new velocities: 101.608, 56.2561
34.1119, 127.969
29.5456, 92.0243
60.4248, 211.634
38.1571, 46.9069
15.5851, 102.654
Particle 7 new velocities: 274.961, 70.6163
97.5257, 307.223
99.7191, 185.128
36.1867, 281.598
65.4659, 82.4521
65.9186, 217.005
Particle 8 new velocities: 164.858, 145.356
54.2014, 7.19615
148.502, 152.592
164.382, 262.183
74.5574, 79.2993
59.3405, 369.38
Particle 9 new velocities: 272.607, 180.876
78.9669, 118.208
95.1088, 172.305
159.86, 185.904
44.6226, 146.061
77.6645, 474.431
Particle 10 new velocities: 95.2176, 42.0819
25.2151, 165.339
29.6521, 79.6096
64.9606, 188.168
25.2698, 36.861
25.6084, 59.1888
Particle 11 new velocities: 350.613, 336.628
194.46, 845.695
197.128, 312.345
172.29, 184.607
36.7613, 160.651
65.6913, 385.935
Particle 12 new velocities: 167.873, 101.62
33.339, 50.1674
16.2232, 71.0176
85.5384, 199.519
40.2797, 86.6294
44.0154, 154.185
Particle 13 new velocities: -6.70786, -30.1965
7.26831, 209.215
89.771, 76.557
20.9224, 63.6843
-36.703, 8.4071
-9.98375, 80.3299
Particle 14 new velocities: 209.731, 133.786
74.4429, 345.437
79.5632, 158.696
122.562, 160.14
106.301, 98.064
61.9758, 166.442
Particle 15 new velocities: 312.878, 213.387
101.306, 421.142
272.474, 325.756
308.028, 408.97
34.8099, 123.176
317.999, 325.419
Particle 16 new velocities: 47.9236, 2.90743
18.88, 106.89
19.2101, 52.3887
35.4165, 227.411
-13.6434, 8.54286
28.6039, 52.776
Particle 17 new velocities: 99.7883, 67.9133
41.378, 198.734
66.6917, 90.9285
149.638, 7.59348
43.3521, 41.1126
47.9828, 140.682
Particle 18 new velocities: 117.747, 11.6538
21.7648, 34.7052
35.75, 38.6648
59.6791, 24.1549
18.6256, 29.3741
19.4099, 76.3333
Particle 19 new velocities: 43.137, -0.782121
25.525, 15.0078
41.0131, 117.986
75.5403, -83.9381
-22.7777, 44.7916
29.1852, -39.0122
Particle 20 new velocities: 505.077, 138.836
151.175, 184.617
161.189, 332.53
269.47, 510.37
510.897, 269.612
451.547, 183.971
-- ITERATION 10 --
-------------
Particle: 1:
Relays Coordinates:
204.367, 158.712
68.7284, 125.706
134.907, 166.3
131.329, 134.913
138.283, 86.5311
85.0973, 215.234
Evaluation Time: 1.48767 seconds
Resulting Fitness: 0.344444
-------------
Particle: 2:
Relays Coordinates:
296.04, 118.003
169.552, 242.403
177.203, 257.61
239.515, 251.774
69.653, 130.801
49.3483, 283.704
Evaluation Time: 1.87033 seconds
Resulting Fitness: 0.452778
-------------
Particle: 3:
Relays Coordinates:
307.8, 158.708
146.184, 296.626
115.349, 241.497
213.242, 220.901
71.0608, 103.356
116.879, 239.284
Evaluation Time: 1.75092 seconds
Resulting Fitness: 0.469444
-------------
Particle: 4:
Relays Coordinates:
290.877, 146.255
90.8381, 314.543
149.232, 174.656
139.661, 222.782
68.576, 111.888
84.614, 237
Evaluation Time: 1.6885 seconds
Resulting Fitness: 0.488889
-------------
Particle: 5:
Relays Coordinates:
281.041, 170.638
87.2822, 395.255
165.89, 227.144
203.655, 396.91
77.4751, 114.255
94.7388, 291.068
Evaluation Time: 2.02879 seconds
Resulting Fitness: 0.594444
-------------
Particle: 6:
Relays Coordinates:
233.082, 150.77
96.0524, 328.05
105.382, 229.617
161.31, 326.342
67.2813, 118.032
27.3477, 284.577
Evaluation Time: 1.76653 seconds
Resulting Fitness: 0.483333
-------------
Particle: 7:
Relays Coordinates:
215.234, 94.028
102.522, 215.234
83.6275, 131.708
129.961, 193.415
107.515, 99.3139
73.1397, 181.159
Evaluation Time: 1.46667 seconds
Resulting Fitness: 0.358333
-------------
Particle: 8:
Relays Coordinates:
200.114, 132.025
65.3857, 145.039
124.659, 148.404
173.256, 249.212
107.747, 103.054
77.2735, 265.721
Evaluation Time: 1.62936 seconds
Resulting Fitness: 0.433333
-------------
Particle: 9:
Relays Coordinates:
237.594, 163.186
77.6137, 166.906
114.183, 170.566
144.805, 203.301
54.4111, 132.45
79.2649, 239.148
Evaluation Time: 1.48475 seconds
Resulting Fitness: 0.375
-------------
Particle: 10:
Relays Coordinates:
307.305, 180.526
90.4403, 367.98
175.423, 250.759
229.752, 405
80.2335, 129.334
102.04, 222.997
Evaluation Time: 2.0946 seconds
Resulting Fitness: 0.522222
-------------
Particle: 11:
Relays Coordinates:
195.678, 190.734
144.475, 215.234
140.419, 195.056
127.556, 158.306
99.2104, 110.874
111.664, 215.234
Evaluation Time: 1.43356 seconds
Resulting Fitness: 0.366667
-------------
Particle: 12:
Relays Coordinates:
259.425, 130.729
53.9418, 203.963
70.9278, 118.148
123.896, 170.001
39.7412, 117.169
75.5818, 231.746
Evaluation Time: 1.57134 seconds
Resulting Fitness: 0.408333
-------------
Particle: 13:
Relays Coordinates:
187.191, 115.606
63.8246, 291.627
279.235, 130.567
193.401, 204.268
59.4147, 62.6604
91.2408, 141.437
Evaluation Time: 1.80128 seconds
Resulting Fitness: 0.441667
-------------
Particle: 14:
Relays Coordinates:
228.517, 146.365
80.9505, 265.721
105.997, 223.247
131.995, 226.32
100.209, 99.5417
73.9508, 204.485
Evaluation Time: 1.704 seconds
Resulting Fitness: 0.425
-------------
Particle: 15:
Relays Coordinates:
232.518, 145.295
76.2829, 239.148
191.888, 239.148
215.997, 239.148
30.7, 94.9508
221.305, 239.148
Evaluation Time: 1.7529 seconds
Resulting Fitness: 0.433333
-------------
Particle: 16:
Relays Coordinates:
240.238, 142.446
102.671, 300.908
140.153, 224.188
182.935, 345.652
56.3735, 97.1887
95.9111, 274.094
Evaluation Time: 1.76757 seconds
Resulting Fitness: 0.458333
-------------
Particle: 17:
Relays Coordinates:
280.433, 164.01
113.541, 364.5
157.889, 223.428
218.801, 271.256
75.9349, 118.393
111.78, 317.113
Evaluation Time: 1.83567 seconds
Resulting Fitness: 0.508333
-------------
Particle: 18:
Relays Coordinates:
292.265, 153.458
107.695, 323.356
166.658, 211.298
246.61, 314.81
74.5281, 102.701
80.4583, 257.717
Evaluation Time: 1.89634 seconds
Resulting Fitness: 0.5
-------------
Particle: 19:
Relays Coordinates:
122.876, 165.157
140.335, 267.184
95.0782, 195.59
208.026, 110.6
136.635, 101.424
90.7902, 107.552
Evaluation Time: 1.57938 seconds
Resulting Fitness: 0.425
-------------
Particle: 20:
Relays Coordinates:
174.339, 75.9155
107.421, 104.336
110.913, 166.197
130.766, 174.339
174.339, 138.182
174.339, 84.8759
Evaluation Time: 1.36256 seconds
Resulting Fitness: 0.280556
Current global best fitness: 0.594444
Current global best relays: 281.041, 170.638
87.2822, 395.255
165.89, 227.144
203.655, 396.91
77.4751, 114.255
94.7388, 291.068
Particle 1 new velocities: 399.205, 205.893
109.122, 238.511
181.958, 242.097
189.057, 457.924
139.709, 122.914
131.275, -52.4559
Particle 2 new velocities: 122.258, 110.134
83.2614, 218.533
59.6121, 121.161
54.022, 130.719
44.3255, 64.3971
60.781, 130.218
Particle 3 new velocities: 205.437, 112.884
208.414, 237.746
139.002, 173.493
136.372, 57.4742
31.7598, 107.775
97.9462, 247.738
Particle 4 new velocities: 42.9624, 37.0262
19.3426, 100.617
32.3891, 89.5368
74.825, 222.144
14.9758, 37.8778
-0.383772, 47.2434
Particle 5 new velocities: 0, 0
0, 0
0, 0
0, 0
0, 0
0, 0
Particle 6 new velocities: 139.777, 71.7026
43.6765, 151.804
110.13, 81.2225
125.162, 197.014
37.503, 43.4077
87.7225, 91.1775
Particle 7 new velocities: 246.433, 68.5992
137.703, 30.619
82.2084, 242.819
336.799, 393.831
160.555, 125.69
83.9309, 105.949
Particle 8 new velocities: 217.677, 102.666
67.2556, 327.834
143.719, 180.019
112.056, 243.742
73.7822, 87.9975
73.2982, 59.3133
Particle 9 new velocities: 256.597, 293.115
79.2306, 276.651
142.391, 277.928
207.411, 397.481
49.5118, 298.093
71.6827, -10.4506
Particle 10 new velocities: 7.723, 30.9007
17.9008, 136.432
30.6845, 48.4452
28.2056, -24.4082
7.0716, 8.39332
11.7888, 74.4132
Particle 11 new velocities: 315.816, 334.038
160.478, 338.593
143.014, 240.414
131.285, 293.699
60.2424, 155.267
198.152, 146.138
Particle 12 new velocities: 144.756, 127.745
54.9947, 317.13
49.3179, 162.515
98.5479, 336.502
39.9508, 101.185
59.8285, 213.132
Particle 13 new velocities: 117.847, -26.0976
34.4011, 233.063
7.28533, 145.936
23.1035, 362.971
20.3848, 38.3414
20.641, 108.012
Particle 14 new velocities: 234.045, 123.9
63.222, 116.903
74.5095, 130.725
124.007, 336.373
61.9058, 82.7558
77.5943, 246.413
Particle 15 new velocities: 321.026, 215.77
109.59, 108.472
147.412, -54.4353
223.761, 193.955
81.151, 109.506
132.557, 53.2061
Particle 16 new velocities: 99.3392, 47.9173
12.2138, 208.86
36.4203, 42.0763
72.1488, 24.9203
11.9956, 21.1703
-2.94287, 93.2594
Particle 17 new velocities: 93.7771, 51.7412
199.688, 17.7889
54.6587, 64.6292
130.916, 155.656
25.8484, 23.5268
12.7562, 79.5832
Particle 18 new velocities: 63.1206, 38.7819
6.16655, 96.59
33.9722, 58.2027
23.4439, 85.3538
16.5907, 37.0281
32.275, 41.5762
Particle 19 new velocities: 8.34309, 172.838
65.975, 66.5895
56.3888, 23.1744
69.6915, 278.789
59.1213, 38.3842
22.0282, 34.6422
Particle 20 new velocities: 65.8521, 179.862
296.79, 175.307
591.397, 247.223
217.767, 162.609
159.646, 257.589
105.66, 321.206
-- ITERATION 11 --
-------------
Particle: 1:
Relays Coordinates:
265.721, 193.766
94.5171, 193.56
168.395, 217.039
170.266, 265.721
147.736, 111.308
114.989, 86.5068
Evaluation Time: 1.67006 seconds
Resulting Fitness: 0.433333
-------------
Particle: 2:
Relays Coordinates:
274.446, 149.681
165.871, 302.42
155.374, 248.511
192.59, 250.954
74.7813, 128.069
72.2559, 271.574
Evaluation Time: 1.77711 seconds
Resulting Fitness: 0.475
-------------
Particle: 3:
Relays Coordinates:
295.245, 160.372
209.386, 295.245
150.191, 245.047
206.444, 164.378
60.7145, 124.671
126.852, 287.581
Evaluation Time: 1.84532 seconds
Resulting Fitness: 0.463889
-------------
Particle: 4:
Relays Coordinates:
270.41, 148.458
89.2464, 336.28
147.113, 213.996
173.734, 360.39
67.677, 121.31
68.2265, 230.237
Evaluation Time: 1.89069 seconds
Resulting Fitness: 0.516667
-------------
Particle: 5:
Relays Coordinates:
281.041, 170.638
87.2822, 395.255
165.89, 227.144
203.655, 396.91
77.4751, 114.255
94.7388, 291.068
Evaluation Time: 2.04362 seconds
Resulting Fitness: 0.594444
-------------
Particle: 6:
Relays Coordinates:
271.814, 162.183
101.862, 349.814
157.108, 226.602
208.838, 364.5
76.3878, 117.689
83.8862, 273.925
Evaluation Time: 2.07403 seconds
Resulting Fitness: 0.516667
New local best!
-------------
Particle: 7:
Relays Coordinates:
198.732, 70.0057
103.409, 105.832
71.3869, 161.222
200.925, 215.234
115.395, 96.8568
67.6138, 123.59
Evaluation Time: 1.51621 seconds
Resulting Fitness: 0.347222
-------------
Particle: 8:
Relays Coordinates:
222.031, 124.724
70.491, 251.304
142.627, 174.537
151.627, 261.976
96.472, 101.532
80.02, 172.736
Evaluation Time: 1.53386 seconds
Resulting Fitness: 0.458333
New local best!
-------------
Particle: 9:
Relays Coordinates:
262.634, 242.497
83.3535, 235.725
136.354, 238.348
187.183, 265.721
55.2289, 228.808
80.2198, 121.539
Evaluation Time: 1.68411 seconds
Resulting Fitness: 0.4
-------------
Particle: 10:
Relays Coordinates:
229.656, 154.13
78.9806, 364.5
150.252, 218.12
188.051, 277.451
63.6454, 100.403
82.9809, 216.812
Evaluation Time: 1.7684 seconds
Resulting Fitness: 0.491667
-------------
Particle: 11:
Relays Coordinates:
239.148, 239.148
145.858, 239.148
135.565, 208.284
123.803, 216.193
76.2658, 127.294
148.184, 172.843
Evaluation Time: 1.60639 seconds
Resulting Fitness: 0.408333
-------------
Particle: 12:
Relays Coordinates:
214.798, 137.364
57.8933, 265.721
63.9035, 149.155
118.216, 265.721
42.3516, 116.042
71.9626, 236.427
Evaluation Time: 1.60748 seconds
Resulting Fitness: 0.441667
-------------
Particle: 13:
Relays Coordinates:
200.135, 58.7266
64.4459, 328.05
187.986, 181.413
142.049, 328.05
52.3564, 66.2673
73.4057, 163.663
Evaluation Time: 1.71655 seconds
Resulting Fitness: 0.35
-------------
Particle: 14:
Relays Coordinates:
221.242, 129.267
68.9573, 183.008
86.3355, 169.303
122.445, 239.148
77.5389, 87.1923
72.4836, 215.663
Evaluation Time: 1.55194 seconds
Resulting Fitness: 0.416667
-------------
Particle: 15:
Relays Coordinates:
328.05, 236.895
121.951, 228.074
222.614, 121.19
288.525, 284.159
73.3855, 134.144
232.169, 191.814
Evaluation Time: 1.8219 seconds
Resulting Fitness: 0.455556
-------------
Particle: 16:
Relays Coordinates:
275.057, 154.194
93.0565, 405
143.024, 215.674
206.618, 300.164
55.379, 95.8708
75.3043, 297.556
Evaluation Time: 1.87913 seconds
Resulting Fitness: 0.519444
New local best!
-------------
Particle: 17:
Relays Coordinates:
303.11, 174.758
253.716, 309.654
172.164, 233.326
283.27, 345.799
82.4445, 114.955
100.875, 321.324
Evaluation Time: 1.94499 seconds
Resulting Fitness: 0.533333
New local best!
-------------
Particle: 18:
Relays Coordinates:
287.862, 155.714
92.2277, 340.156
162.511, 218.296
218.744, 324.133
73.8063, 113.18
91.314, 242.427
Evaluation Time: 2.04421 seconds
Resulting Fitness: 0.502778
-------------
Particle: 19:
Relays Coordinates:
106.288, 273.777
167.111, 270.357
122.688, 177.199
224.951, 315.406
158.563, 113.245
91.3829, 115.177
Evaluation Time: 1.73443 seconds
Resulting Fitness: 0.394444
-------------
Particle: 20:
Relays Coordinates:
103.394, 110.104
174, 120.377
215.234, 177.964
150.032, 145.045
143.77, 170.366
120.53, 174.805
Evaluation Time: 1.43648 seconds
Resulting Fitness: 0.308333
Current global best fitness: 0.594444
Current global best relays: 281.041, 170.638
87.2822, 395.255
165.89, 227.144
203.655, 396.91
77.4751, 114.255
94.7388, 291.068
Particle 1 new velocities: 21.7924, 133.95
40.0206, 313.058
142.846, 136.846
15.2396, 26.906
112.099, 81.9297
69.4183, 44.1024
Particle 2 new velocities: 102.92, 90.5711
13.4062, 221.387
43.9239, 70.2816
78.7737, 157.122
38.4316, 26.2467
62.535, 144.907
Particle 3 new velocities: 42.1061, 70.6224
203.162, 46.7307
114.683, 105.607
107.658, 200.926
25.0133, 79.3638
68.954, 169.54
Particle 4 new velocities: 120.621, 54.3092
32.6547, 181.381
92.098, 28.1572
77.8404, 162.576
18.7623, 33.5408
5.96586, 97.3186
Particle 5 new velocities: 0, 0
0, 0
0, 0
0, 0
0, 0
0, 0
Particle 6 new velocities: 117.184, 64.2661
28.5348, 140.944
91.3438, 65.5643
99.793, 9.14145
30.0804, 30.6599
76.8183, 84.394
Particle 7 new velocities: 526.719, 161.067
138.935, 164.87
148.739, 243.28
446.168, 58.082
127.56, 206.009
120.74, 92.8865
Particle 8 new velocities: 195.07, 109.927
63.1937, 405.942
119.809, 201.554
99.9317, 305.814
44.3679, 85.5752
72.1607, 86.3248
Particle 9 new velocities: 214.786, 156.819
79.0096, 84.0507
206.214, 213.111
180.259, 105.923
148.623, 155.674
137.866, 171.8
Particle 10 new velocities: 72.1747, 33.1738
19.428, -24.8132
66.2575, 48.4903
53.8583, 24.8931
6.34696, 59.6755
40.8054, 115.18
Particle 11 new velocities: 25.7275, 3.82978
161.649, 352.628
120.361, 212.977
95.9286, 385.259
362.858, 114.631
179.578, 459.966
Particle 12 new velocities: 192.284, 134.389
70.0815, -4.83398
184.344, 176.867
139.662, 7.60896
57.3539, 109.347
91.4441, 230.115
Particle 13 new velocities: 146.47, 115.406
48.7271, -28.9174
99.5618, 104.165
107.602, -33.4074
67.7873, 55.7605
49.0786, 35.3749
Particle 14 new velocities: 246.579, 160.522
98.8763, 235.912
93.6291, 159.736
213.668, 188.947
71.2206, 73.9294
80.1342, 265.424
Particle 15 new velocities: -150.16, 155.568
46.3347, 383.828
34.9263, 58.1568
29.3701, 215.943
35.246, 41.8504
9.07294, 203.452
Particle 16 new velocities: 83.316, 50.2119
5.54966, -3.58544
39.0449, 37.6375
55.2666, 40.7116
34.9835, 21.6558
4.46701, 70.5582
Particle 17 new velocities: 72.7893, 37.1905
125.784, 100.005
38.5475, 51.6582
49.4125, 131.773
19.9917, 18.3113
4.43904, 53.0422
Particle 18 new velocities: 32.4966, 69.0142
6.88636, 148.854
33.9317, 54.843
51.9316, 121.715
15.7297, 21.264
12.6694, 55.9908
Particle 19 new velocities: 165.809, 15.1368
33.9205, 55.4606
0.677273, 70.8677
24.472, 168.686
4.42142, 17.9062
15.0732, 102.108
Particle 20 new velocities: 311.405, 163.589
347.451, 332.7
111.489, 158.868
193.519, 384.97
441.187, 224.543
252.224, 341.536
-- ITERATION 12 --
-------------
Particle: 1:
Relays Coordinates:
188.637, 215.014
88.2702, 328.05
204.205, 232.184
121.71, 191.992
170.478, 126.783
120.99, 85.6927
Evaluation Time: 1.63492 seconds
Resulting Fitness: 0.377778
-------------
Particle: 2:
Relays Coordinates:
275.1, 175.144
130.693, 364.5
145.288, 232.4
197.824, 297.487
82.5322, 112.496
98.2625, 303.615
Evaluation Time: 1.81349 seconds
Resulting Fitness: 0.472222
-------------
Particle: 3:
Relays Coordinates:
221.336, 151.555
270.673, 224.37
173.784, 230.064
206.082, 239.676
56.246, 133.867
128.468, 299.917
Evaluation Time: 1.68125 seconds
Resulting Fitness: 0.425
-------------
Particle: 4:
Relays Coordinates:
316.735, 164.241
98.7399, 405
193.761, 196.144
203.775, 405
70.0158, 125.429
60.0958, 265.32
Evaluation Time: 2.06521 seconds
Resulting Fitness: 0.611111
New local best!
New global best!
-------------
Particle: 5:
Relays Coordinates:
281.041, 170.638
87.2822, 395.255
165.89, 227.144
203.655, 396.91
77.4751, 114.255
94.7388, 291.068
Evaluation Time: 2.07435 seconds
Resulting Fitness: 0.594444
-------------
Particle: 6:
Relays Coordinates:
283.58, 165.081
95.0596, 357.763
181.122, 212.989
224.992, 272.385
77.6153, 108.147
117.154, 261.214
Evaluation Time: 1.86622 seconds
Resulting Fitness: 0.497222
-------------
Particle: 7:
Relays Coordinates:
265.721, 122.802
128.791, 143.862
116.984, 214.969
265.721, 145.251
129.116, 160.955
100.099, 115.045
Evaluation Time: 1.62167 seconds
Resulting Fitness: 0.372222
-------------
Particle: 8:
Relays Coordinates:
273.66, 153.955
87.7106, 328.05
172.184, 246.754
165.048, 328.05
92.405, 122.761
99.8458, 169.97
Evaluation Time: 2.04079 seconds
Resulting Fitness: 0.486111
New local best!
-------------
Particle: 9:
Relays Coordinates:
205.513, 171.893
69.892, 137.653
147.464, 194.338
158.172, 159.98
87.7514, 165.507
93.8786, 126.273
Evaluation Time: 1.44966 seconds
Resulting Fitness: 0.308333
-------------
Particle: 10:
Relays Coordinates:
244.482, 151.716
79.7109, 275.146
175.373, 215.954
195.947, 244.899
56.6939, 129.664
100.267, 268.913
Evaluation Time: 1.73966 seconds
Resulting Fitness: 0.405556
-------------
Particle: 11:
Relays Coordinates:
114.02, 104.594
132.372, 215.234
110.168, 181.339
94.5871, 215.234
189.029, 104.141
141.091, 215.234
Evaluation Time: 1.50984 seconds
Resulting Fitness: 0.330556
-------------
Particle: 12:
Relays Coordinates:
240.378, 160.467
75.5679, 154.051
146.588, 192.513
152.274, 161.398
58.8751, 133.09
96.49, 275.488
Evaluation Time: 1.62063 seconds
Resulting Fitness: 0.430556
-------------
Particle: 13:
Relays Coordinates:
311.945, 156.719
101.856, 269.219
258.793, 257.021
224.686, 265.178
108.129, 109.825
110.236, 179.134
Evaluation Time: 2.1659 seconds
Resulting Fitness: 0.472222
-------------
Particle: 14:
Relays Coordinates:
306.937, 190.13
110.116, 274.854
118.075, 215.883
220.524, 280.873
97.6011, 105.712
100.132, 315.641
Evaluation Time: 1.79958 seconds
Resulting Fitness: 0.502778
New local best!
-------------
Particle: 15:
Relays Coordinates:
116.714, 257.495
110.412, 328.05
168.972, 117.67
208.571, 328.05
71.2731, 115.47
158.279, 259.334
Evaluation Time: 1.77732 seconds
Resulting Fitness: 0.416667
-------------
Particle: 16:
Relays Coordinates:
322.536, 183.965
88.7456, 361.273
163.862, 227.98
235.696, 306.788
81.3263, 105.774
71.7941, 331.303
Evaluation Time: 2.01707 seconds
Resulting Fitness: 0.472222
-------------
Particle: 17:
Relays Coordinates:
274.031, 154.511
276.656, 298.641
153.609, 207.754
242.526, 348.15
74.676, 97.1514
76.7737, 272.913
Evaluation Time: 1.99159 seconds
Resulting Fitness: 0.536111
New local best!
-------------
Particle: 18:
Relays Coordinates:
259.491, 182.03
80.2824, 396.098
159.118, 221.242
219.247, 361.137
72.5242, 108.9
84.2265, 241.719
Evaluation Time: 2.02822 seconds
Resulting Fitness: 0.494444
-------------
Particle: 19:
Relays Coordinates:
198.358, 210.618
146.552, 237.521
89.9335, 180.841
181.83, 352.903
118.816, 95.6091
77.6064, 158.401
Evaluation Time: 1.76538 seconds
Resulting Fitness: 0.383333
-------------
Particle: 20:
Relays Coordinates:
130.168, 85.8878
156.905, 142.181
102.529, 105.701
107.81, 156.905
156.905, 123.927
116.974, 156.905
Evaluation Time: 1.29558 seconds
Resulting Fitness: 0.244444
Current global best fitness: 0.611111
Current global best relays: 316.735, 164.241
98.7399, 405
193.761, 196.144
203.775, 405
70.0158, 125.429
60.0958, 265.32
Particle 1 new velocities: 289.877, 6.62316
-1.14649, 82.697
93.8213, 56.3784
15.7902, 100.947
56.3624, 25.9424
-22.6952, 189.412
Particle 2 new velocities: 126.272, 57.8004
3.55624, -66.0185
81.1565, 55.7613
72.5227, 73.9994
24.685, 44.9575
20.0147, 90.0363
Particle 3 new velocities: 184.914, 59.645
88.7579, 151.896
75.5752, 50.2196
85.9238, 139.283
10.0838, 39.6985
29.4348, 95.042
Particle 4 new velocities: 96.4966, 43.4474
26.1237, 0
73.6784, 22.5258
62.2723, 0
15.0099, 26.8326
4.77269, 77.8549
Particle 5 new velocities: 35.8956, -5.58814
3.27032, 0.952621
3.60641, -38.7578
0.129829, 0.509672
-7.99064, 11.8753
-3.86344, -13.1258
Particle 6 new velocities: 129.105, 46.6746
27.1678, 165.39
79.4371, 53.9945
46.2739, 80.0615
23.2234, 36.8392
15.7247, 90.4409
Particle 7 new velocities: 88.4176, 119.724
116.722, 257.377
163.786, 183.339
15.3103, 60.9656
82.5346, 190.416
77.7968, 218.115
Particle 8 new velocities: 191.046, 89.1389
55.8957, 28.8208
119.406, 103.82
105.177, 85.6772
15.3204, 71.5894
19.8406, 191.291
Particle 9 new velocities: 277.072, 167.896
73.0107, 231.992
219.379, 206.394
219.127, 669.432
178.129, 111.285
95.894, 311.19
Particle 10 new velocities: 124.305, 68.5605
27.4737, 2.70564
84.8219, 31.7914
77.2643, 227.042
51.0369, 35.1739
-2.3331, 88.5382
Particle 11 new velocities: 275.189, 299.83
127, 375.14
134.376, 184.81
204.458, 174.923
325.38, 129.119
120.375, 333.162
Particle 12 new velocities: 235.577, 98.5766
66.1131, 157.955
142.713, 98.7859
89.0736, 290.619
17.2094, 92.6524
26.5319, 178.781
Particle 13 new velocities: 79.0427, 28.3031
18.9063, 51.8092
86.0185, 73.8763
66.8478, 56.2747
5.38201, 18.688
23.2291, 109.778
Particle 14 new velocities: 208.271, 120.888
75.1483, 263.672
129.338, 124.651
155.76, 249.617
52.0583, 76.9573
28.1065, 184.018
Particle 15 new velocities: 105.328, -62.919
22.298, 36.8237
33.1385, 265.537
17.1849, 76.6111
22.3507, 23.1766
79.6242, 157.082
Particle 16 new velocities: -0.253721, -14.7142
6.6991, 78.2177
34.7974, -3.48576
-24.5624, 126.868
-8.99849, 27.2214
5.3685, 17.7368
Particle 17 new velocities: 101.919, 30.8843
37.1502, 97.6382
49.3827, 30.4316
29.3145, 132.088
14.9414, 22.9472
-7.70697, 39.4217
Particle 18 new velocities: 31.7023, 48.0927
23.1189, 104.899
54.8419, 23.147
64.7279, 124.451
11.6755, 4.96513
-23.1103, 74.562
Particle 19 new velocities: 5.77223, -40.3764
26.6542, 268.178
111.803, 1.42117
47.8258, -40.1865
-22.7593, 16.1884
11.6166, 4.42097
Particle 20 new velocities: 539.331, 130.816
50.3662, 491.558
248.844, 248.307
169.5, -22.6059
-5.98471, 192.402
380.557, 113.764
-- ITERATION 13 --
-------------
Particle: 1:
Relays Coordinates:
254.302, 117.787
46.3011, 218.288
158.383, 153.354
73.0734, 155.68
120.552, 81.1646
52.2378, 146.202
Evaluation Time: 1.62153 seconds
Resulting Fitness: 0.388889
-------------
Particle: 2:
Relays Coordinates:
325.111, 188.685
108.742, 241.77
183.42, 233.411
218.981, 300.904
86.8459, 127.538
95.8046, 318.857
Evaluation Time: 1.99668 seconds
Resulting Fitness: 0.436111
-------------
Particle: 3:
Relays Coordinates:
296.156, 153.965
262.025, 274.298
181.783, 204.327
212.872, 276.261
48.3544, 126.529
115.112, 287.925
Evaluation Time: 1.91327 seconds
Resulting Fitness: 0.463889
-------------
Particle: 4:
Relays Coordinates:
301.246, 151.405
91.0256, 295.245
194.964, 159.41
193.948, 295.245
61.9837, 110.999
47.2891, 250.174
Evaluation Time: 2.03068 seconds
Resulting Fitness: 0.502778
-------------
Particle: 5:
Relays Coordinates:
316.937, 165.05
90.5526, 396.208
169.496, 188.386
203.785, 397.419
69.4844, 126.131
90.8754, 277.943
Evaluation Time: 2.06805 seconds
Resulting Fitness: 0.588889
-------------
Particle: 6:
Relays Coordinates:
300.847, 154.37
89.1037, 364.5
189.947, 194.631
197.753, 256.933
73.5114, 105.695
96.8683, 256.357
Evaluation Time: 1.93875 seconds
Resulting Fitness: 0.491667
-------------
Particle: 7:
Relays Coordinates:
152.445, 104.399
105.686, 172.72
120.862, 171.458
120.975, 88.7695
91.1087, 151.254
76.5783, 143.414
Evaluation Time: 1.34547 seconds
Resulting Fitness: 0.216667
-------------
Particle: 8:
Relays Coordinates:
304.894, 159.494
94.2201, 234.143
191.313, 230.011
177.294, 271.446
70.6786, 127.513
78.5262, 237.024
Evaluation Time: 1.95284 seconds
Resulting Fitness: 0.502778
New local best!
-------------
Particle: 9:
Relays Coordinates:
186.964, 131.641
55.3634, 143.208
142.123, 155.252
146.173, 193.71
103.008, 107.235
73.5218, 169.482
Evaluation Time: 1.38471 seconds
Resulting Fitness: 0.316667
-------------
Particle: 10:
Relays Coordinates:
268.846, 160.582
78.1376, 202.554
189.682, 180.606
199.171, 344.045
78.5357, 120.167
71.3937, 260.582
Evaluation Time: 1.86413 seconds
Resulting Fitness: 0.469444
-------------
Particle: 11:
Relays Coordinates:
135.709, 141.014
90.4373, 174.339
85.267, 127.668
104.271, 136.039
174.339, 81.3328
91.1676, 174.339
Evaluation Time: 1.37791 seconds
Resulting Fitness: 0.241667
-------------
Particle: 12:
Relays Coordinates:
281.047, 152.963
83.6612, 184.236
170.829, 172.009
142.514, 266.912
44.9271, 133.299
72.6432, 268.242
Evaluation Time: 1.87588 seconds
Resulting Fitness: 0.480556
New local best!
-------------
Particle: 13:
Relays Coordinates:
351.889, 166.52
108.686, 288.926
310.331, 297.808
262.38, 289.308
102.16, 115.662
120.118, 260.021
Evaluation Time: 2.16964 seconds
Resulting Fitness: 0.433333
-------------
Particle: 14:
Relays Coordinates:
328.05, 204.059
121.552, 328.05
162.327, 223.424
246.879, 328.05
98.1915, 119.849
84.1376, 327.826
Evaluation Time: 1.98269 seconds
Resulting Fitness: 0.433333
-------------
Particle: 15:
Relays Coordinates:
179.854, 157.606
107.495, 295.548
163.71, 310.397
182.862, 327.776
75.8352, 112.303
192.701, 337.297
Evaluation Time: 1.76946 seconds
Resulting Fitness: 0.383333
-------------
Particle: 16:
Relays Coordinates:
261.049, 137.093
77.3102, 355.988
160.914, 181.841
171.019, 351.261
58.5855, 107.726
62.5017, 282.722
Evaluation Time: 1.96114 seconds
Resulting Fitness: 0.505556
-------------
Particle: 17:
Relays Coordinates:
274.067, 135.153
228.764, 288.888
147.981, 173.637
198.172, 350.094
65.3311, 87.5519
50.3496, 227.692
Evaluation Time: 2.0521 seconds
Resulting Fitness: 0.477778
-------------
Particle: 18:
Relays Coordinates:
235.866, 186.399
83.755, 405
173.308, 197.956
230.02, 393.326
68.2017, 92.2306
49.5041, 256.187
Evaluation Time: 1.97216 seconds
Resulting Fitness: 0.455556
-------------
Particle: 19:
Relays Coordinates:
148.811, 124.106
126.267, 364.5
147.066, 132.869
167.419, 227.97
70.0251, 81.5004
65.0436, 118.697
Evaluation Time: 1.64177 seconds
Resulting Fitness: 0.433333
-------------
Particle: 20:
Relays Coordinates:
239.148, 103.649
99.1373, 239.148
168.06, 169.321
132.636, 64.235
72.1848, 151.299
237.968, 129.46
Evaluation Time: 1.60206 seconds
Resulting Fitness: 0.405556
Current global best fitness: 0.611111
Current global best relays: 316.735, 164.241
98.7399, 405
193.761, 196.144
203.775, 405
70.0158, 125.429
60.0958, 265.32
Particle 1 new velocities: 346.886, 47.7385
60.3635, 271.708
86.9904, 81.5881
163.635, 352.022
143.696, -0.775143
12.7963, 217.142
Particle 2 new velocities: 52.1518, -25.1408
3.49341, 200.995
1.43061, 39.8857
53.1478, 42.5948
19.3998, 31.6621
2.4385, 19.2849
Particle 3 new velocities: 214.554, 38.2489
-56.7584, 150.244
55.4347, 54.9967
57.5864, 174.467
15.9172, 28.3723
-2.33633, 38.213
Particle 4 new velocities: 98.0574, 42.5133
39.3916, 112.714
58.1923, 46.6226
78.5504, 165.024
28.0218, 33.4861
31.8166, 94.6318
Particle 5 new velocities: -17.7967, 2.2879
8.60928, 6.12306
9.5844, 38.1992
0.0653353, 7.49942
3.86505, -8.0778
-38.8252, 7.1225
Particle 6 new velocities: 96.513, 44.5809
32.5422, 4.2303
39.7802, 45.6977
60.0883, 202.9
19.6884, 48.4751
-31.1367, 84.5638
Particle 7 new velocities: 213.248, 71.7052
107, 450.891
48.7546, 196.322
351.984, 370.607
112.101, 200.189
54.869, 254.967
Particle 8 new velocities: 161.686, 72.8549
49.7475, 212.383
98.688, 49.6549
96.2726, 212.585
11.6494, 57.2261
-2.23817, 159.884
Particle 9 new velocities: 416.7, 276.259
143.764, 306.679
232.507, 281.432
248.132, 156.398
131.832, 103.776
106.603, 339.355
Particle 10 new velocities: 111.086, 78.4546
45.492, 283.89
65.4331, 122.503
88.2611, 250.196
39.6683, 33.481
11.9019, 71.7956
Particle 11 new velocities: 438.093, 385.468
116.256, 239.473
275.959, 219.77
167.166, 305.453
9.23276, 118.262
252.286, 114.944
Particle 12 new velocities: 214.314, 87.5613
61.0879, 148.041
138.921, 99.1604
94.7759, 323.981
14.5682, 67.6853
18.2814, 140.938
Particle 13 new velocities: -156.538, -38.4604
-42.1719, -98.534
2.63507, -115.839
-31.4366, 159.347
-22.8186, -47.0996
-24.0428, -30.8371
Particle 14 new velocities: -41.4544, 24.114
42.1776, 79.0934
94.435, 75.4464
32.9573, 17.7825
37.2538, 47.2451
10.2674, 101.03
Particle 15 new velocities: 325.979, -33.1143
15.5135, 120.379
30.7918, 125.454
40.7538, 19.7663
3.71432, 23.2484
16.3588, 64.3799
Particle 16 new velocities: 70.7718, 17.0321
24.113, 156.191
42.2108, 24.1105
40.2953, 134.081
2.00782, 13.058
7.62017, 32.5909
Particle 17 new velocities: 97.4928, 51.9473
-97.982, 176.621
48.4037, 48.4559
55.3772, 132.104
18.9448, 42.7745
30.6369, 79.4549
Particle 18 new velocities: 51.0866, 18.7519
51.9976, -62.1848
57.1588, 56.6177
63.0298, 69.0678
17.4252, 9.29315
-0.945612, 42.9856
Particle 19 new velocities: -89.469, 202.196
107.418, -66.0125
99.0712, 59.6305
114.617, 48.1628
17.9783, 50.0054
33.4471, 91.9202
Particle 20 new velocities: 27.8259, 127.098
263.074, 28.6518
358.865, 197.882
159.705, 332.766
43.8228, 214.65
332.827, 175.602
-- ITERATION 14 --
-------------
Particle: 1:
Relays Coordinates:
265.721, 87.9672
56.6859, 260.404
130.402, 124.858
125.796, 265.721
140.432, 42.7222
34.5618, 193.096
Evaluation Time: 1.75919 seconds
Resulting Fitness: 0.441667
-------------
Particle: 2:
Relays Coordinates:
275.024, 119.223
81.8194, 322.776
134.756, 199.233
198.382, 250.411
77.4531, 116.057
71.6192, 246.506
Evaluation Time: 1.86579 seconds
Resulting Fitness: 0.430556
-------------
Particle: 3:
Relays Coordinates:
265.721, 102.15
109.087, 225.619
126.067, 137.815
143.733, 239.535
34.1565, 82.3211
59.9334, 173.323
Evaluation Time: 1.67002 seconds
Resulting Fitness: 0.441667
-------------
Particle: 4:
Relays Coordinates:
291.092, 141.366
95.0741, 297.402
184.551, 150.198
198.652, 335.536
65.614, 105.329
57.6681, 251.364
Evaluation Time: 1.87605 seconds
Resulting Fitness: 0.536111
-------------
Particle: 5:
Relays Coordinates:
299.14, 167.338
99.1618, 402.331
179.08, 226.585
203.85, 404.919
73.3495, 118.053
52.0502, 285.065
Evaluation Time: 2.0957 seconds
Resulting Fitness: 0.511111
-------------
Particle: 6:
Relays Coordinates:
321.862, 161.15
98.5332, 298.672
186.079, 194.666
208.851, 372.465
75.4918, 124.878
53.2426, 276.146
Evaluation Time: 2.05986 seconds
Resulting Fitness: 0.536111
New local best!
-------------
Particle: 7:
Relays Coordinates:
127.509, 61.4039
74.159, 174.339
59.1417, 128.237
164.91, 160.175
70.8548, 122.541
45.8328, 138.907
Evaluation Time: 1.34325 seconds
Resulting Fitness: 0.275
-------------
Particle: 8:
Relays Coordinates:
340.136, 169.382
104.952, 325.517
211.41, 203.877
199.43, 352.859
60.0172, 134.675
55.614, 289.346
Evaluation Time: 2.20137 seconds
Resulting Fitness: 0.413889
-------------
Particle: 9:
Relays Coordinates:
239.148, 195.097
95.2421, 215.18
179.184, 208.865
188.595, 167.456
112.323, 100.926
86.1533, 239.148
Evaluation Time: 1.58699 seconds
Resulting Fitness: 0.397222
-------------
Particle: 10:
Relays Coordinates:
276.971, 174.257
90.126, 354.618
185.979, 220.967
209.538, 364.5
86.1708, 112.009
60.7225, 242.303
Evaluation Time: 1.91116 seconds
Resulting Fitness: 0.558333
New local best!
-------------
Particle: 11:
Relays Coordinates:
265.721, 265.721
109.845, 219.917
191.971, 184.643
144.252, 234.627
97.5577, 106.073
182.525, 153.737
Evaluation Time: 1.60785 seconds
Resulting Fitness: 0.427778
-------------
Particle: 12:
Relays Coordinates:
361.118, 175.342
105.522, 242.23
225.808, 197.682
172.984, 364.5
43.3721, 146.517
66.284, 298.292
Evaluation Time: 1.99007 seconds
Resulting Fitness: 0.494444
New local best!
-------------
Particle: 13:
Relays Coordinates:
115.353, 75.6179
39.2758, 112.424
184.803, 107.45
136.37, 264.926
46.8505, 40.4852
56.7318, 135.331
Evaluation Time: 1.54783 seconds
Resulting Fitness: 0.352778
-------------
Particle: 14:
Relays Coordinates:
188.035, 149.705
107.423, 267.127
168.462, 196.089
183.601, 226.901
88.8657, 109.631
61.9391, 281.373
Evaluation Time: 1.60459 seconds
Resulting Fitness: 0.402778
-------------
Particle: 15:
Relays Coordinates:
215.234, 53.5897
52.9512, 179.043
83.7266, 187.62
96.2593, 149.605
34.2435, 58.3507
89.9936, 172.909
Evaluation Time: 1.54895 seconds
Resulting Fitness: 0.258333
-------------
Particle: 16:
Relays Coordinates:
268.774, 124.842
82.1528, 405
164.531, 166.821
171.164, 393.127
49.0806, 97.8352
56.7987, 255.404
Evaluation Time: 1.91009 seconds
Resulting Fitness: 0.522222
New local best!
-------------
Particle: 17:
Relays Coordinates:
300.964, 151.551
105.934, 377.062
159.071, 179.895
205.374, 390.58
68.2635, 105.564
65.599, 248.789
Evaluation Time: 2.03141 seconds
Resulting Fitness: 0.558333
New local best!
-------------
Particle: 18:
Relays Coordinates:
209.189, 149.555
98.9636, 249.912
168.01, 185.584
213.633, 337.085
62.422, 74.0108
35.3991, 218.097
Evaluation Time: 1.82204 seconds
Resulting Fitness: 0.419444
-------------
Particle: 19:
Relays Coordinates:
53.408, 293.672
210.317, 268.639
221.523, 173.25
253.832, 248.52
79.203, 118.355
88.6417, 189.555
Evaluation Time: 1.76163 seconds
Resulting Fitness: 0.463889
New local best!
-------------
Particle: 20:
Relays Coordinates:
114.924, 99.3291
155.92, 115.279
215.234, 158.069
125.843, 170.896
49.9375, 157.529
215.234, 131.319
Evaluation Time: 1.42138 seconds
Resulting Fitness: 0.302778
Current global best fitness: 0.611111
Current global best relays: 316.735, 164.241
98.7399, 405
193.761, 196.144
203.775, 405
70.0158, 125.429
60.0958, 265.32
Particle 1 new velocities: 110.431, 157.659
89.955, 269.994
138.936, 176.652
83.4811, -20.3295
134.805, 60.4049
37.7074, 208.187
Particle 2 new velocities: 77.0034, 38.9802
129.589, 221.392
47.3603, 62.2429
65.1598, 17.1652
19.4105, 28.6154
-0.545214, 69.7809
Particle 3 new velocities: 135.472, 75.171
163.714, 335.178
132.22, 146.78
154.432, 242.708
61.0439, 116.954
14.6136, 81.7293
Particle 4 new velocities: 90.7984, 71.1252
36.8653, 352.986
68.6525, 130.223
70.6906, 164.947
29.5476, 76.7433
29.0326, 86.8849
Particle 5 new velocities: -10.8188, 2.59678
-10.4037, 5.30223
-4.71467, 19.795
-0.015071, 2.40416
3.71309, -10.0031
38.1133, 9.67814
Particle 6 new velocities: 73.8532, 38.432
26.1601, 44.6047
38.0414, 38.4057
45.9736, 177.514
15.7168, 39.2287
-23.2996, 54.712
Particle 7 new velocities: 617.62, 124.543
116.306, 159.5
180.853, 321.129
489.731, 332.016
90.391, 258.868
111.522, 192.726
Particle 8 new velocities: 99.3337, 43.8873
18.9582, 198.561
44.4745, 35.739
71.1141, 114.906
21.856, 34.2163
2.43176, 50.8855
Particle 9 new velocities: 101.314, 205.359
137.237, 168.954
181.903, 249.894
197.097, 333.736
84.9887, 428.736
68.6663, 25.5766
Particle 10 new velocities: 113.985, 56.2476
45.5882, 239.492
58.5196, 82.7712
66.6899, 27.0227
12.4111, 41.0058
9.22194, 70.9383
Particle 11 new velocities: -20.0763, -15.8394
205.691, 220.831
198.277, 186.779
122.182, 332.131
318.241, 120.419
197.993, 434.263
Particle 12 new velocities: 124.743, 63.7922
46.9572, 165.355
103.084, 79.1984
104.123, 32.1742
19.3263, 38.8203
10.0313, 92.4646
Particle 13 new velocities: 263.259, -9.19636
53.917, 287.408
18.8833, -23.7463
6.00914, 213.511
53.1935, 60.737
0.936343, -51.9551
Particle 14 new velocities: 188.06, 45.7036
33.5077, 147.045
27.72, 69.705
97.8487, 250.259
15.7439, 47.472
52.1586, 82.1727
Particle 15 new velocities: 179.554, 146.823
87.1595, 496.045
281.579, 134.843
203.307, 302.612
32.3211, 66.1878
227.345, 208.78
Particle 16 new velocities: 96.3184, 22.6988
21.2547, 0
61.2177, 20.154
68.9931, 109.75
1.72307, 42.0719
8.62718, 31.5665
Particle 17 new velocities: 85.3226, 48.5759
-80.1471, 174.227
73.835, 48.8651
42.6777, 123.572
16.4394, 41.0917
20.8432, 64.7435
Particle 18 new velocities: 126.767, 60.9768
49.2979, 280.77
61.3024, 106.201
58.7962, 94.2927
37.7048, 27.0293
42.2033, 42.604
Particle 19 new velocities: 185.594, 121.504
-0.580145, -19.1203
48.1624, 72.4753
85.636, 191.272
11.6375, 47.5811
24.5114, 170.392
Particle 20 new velocities: 180.894, 145.954
358.135, 192.259
6.96963, 170.879
96.8729, 356.974
662.303, 213.987
74.1045, 210.79
-- ITERATION 15 --
-------------
Particle: 1:
Relays Coordinates:
179.912, 117.482
70.1379, 239.148
128.824, 144.211
100.097, 117.37
131.645, 49.3254
34.5661, 191.932
Evaluation Time: 1.41188 seconds
Resulting Fitness: 0.325
-------------
Particle: 2:
Relays Coordinates:
230.965, 103.797
138.705, 328.05
119.487, 171.554
172.91, 175.556
63.5522, 94.9193
46.6316, 207.516
Evaluation Time: 1.76148 seconds
Resulting Fitness: 0.466667
-------------
Particle: 3:
Relays Coordinates:
263.223, 116.341
178.985, 328.05
169.462, 186.723
195.626, 316.4
62.461, 130.745
48.9103, 167.34
Evaluation Time: 1.80393 seconds
Resulting Fitness: 0.45
-------------
Particle: 4:
Relays Coordinates:
278.398, 154.906
96.1838, 364.5
184.585, 204.427
196.35, 364.5
69.3728, 132.731
63.2048, 246.583
Evaluation Time: 1.90617 seconds
Resulting Fitness: 0.502778
-------------
Particle: 5:
Relays Coordinates:
259.489, 152.941
79.8824, 366.87
156.929, 221.742
183.452, 366.591
69.3563, 97.2447
81.1471, 265.269
Evaluation Time: 1.85063 seconds
Resulting Fitness: 0.475
-------------
Particle: 6:
Relays Coordinates:
288.476, 145.495
90.9014, 250.248
163.384, 169.91
185.767, 364.5
66.4911, 119.633
21.8284, 241.195
Evaluation Time: 1.83476 seconds
Resulting Fitness: 0.516667
-------------
Particle: 7:
Relays Coordinates:
193.71, 72.0398
73.7902, 129.336
92.9789, 174.094
193.71, 190.685
62.4699, 147.765
60.9623, 128.481
Evaluation Time: 1.47071 seconds
Resulting Fitness: 0.366667
-------------
Particle: 8:
Relays Coordinates:
355.971, 172.748
100.368, 405
207.267, 194.089
219.141, 378.89
66.3173, 136.802
47.0171, 275.587
Evaluation Time: 2.01515 seconds
Resulting Fitness: 0.544444
New local best!
-------------
Particle: 9:
Relays Coordinates:
162.842, 191.537
111.194, 183.73
172.707, 219.423
184.475, 239.148
94.3736, 239.148
74.0497, 126.617
Evaluation Time: 1.41926 seconds
Resulting Fitness: 0.341667
-------------
Particle: 10:
Relays Coordinates:
316.674, 186.709
109.928, 405
198.044, 246.028
223.744, 317.133
79.8513, 123.942
56.655, 253.726
Evaluation Time: 2.04037 seconds
Resulting Fitness: 0.486111
-------------
Particle: 11:
Relays Coordinates:
105.742, 107.566
135.828, 189.728
167.989, 159.885
114.691, 215.234
178.988, 97.4974
163.801, 215.234
Evaluation Time: 1.43579 seconds
Resulting Fitness: 0.361111
-------------
Particle: 12:
Relays Coordinates:
354.193, 174.329
111.157, 297.129
239.762, 201.846
202.011, 289.176
45.7071, 135.111
55.6339, 284.861
Evaluation Time: 2.02254 seconds
Resulting Fitness: 0.491667
-------------
Particle: 13:
Relays Coordinates:
181.089, 31.7692
44.5738, 191.238
97.4226, 40.0355
68.0994, 228.835
47.8507, 48.4143
27.5825, 39.8783
Evaluation Time: 1.39717 seconds
Resulting Fitness: 0.286111
-------------
Particle: 14:
Relays Coordinates:
274.174, 142.453
102.738, 301.931
143.017, 193.764
205.177, 347.85
76.2604, 114.528
83.1772, 265.025
Evaluation Time: 1.87984 seconds
Resulting Fitness: 0.5
-------------
Particle: 15:
Relays Coordinates:
169.943, 86.271
60.3131, 215.234
157.252, 138.81
128.954, 194.665
28.6538, 53.6097
136.604, 164.304
Evaluation Time: 1.41391 seconds
Resulting Fitness: 0.313889
-------------
Particle: 16:
Relays Coordinates:
295.725, 119.508
83.76, 328.05
182.857, 151.449
194.527, 405
41.151, 113.325
52.995, 232.446
Evaluation Time: 1.96352 seconds
Resulting Fitness: 0.605556
New local best!
-------------
Particle: 17:
Relays Coordinates:
253.442, 131.303
16.9186, 328.05
152.81, 150.09
162.747, 328.05
55.5735, 96.221
56.7148, 205.709
Evaluation Time: 1.74839 seconds
Resulting Fitness: 0.505556
-------------
Particle: 18:
Relays Coordinates:
302.36, 189.479
133.435, 450
206.381, 262.606
245.187, 388.24
90.1142, 90.9361
69.8422, 234.631
Evaluation Time: 2.04049 seconds
Resulting Fitness: 0.591667
New local best!
-------------
Particle: 19:
Relays Coordinates:
193.592, 336.293
169.887, 202.11
218.445, 199.037
274.969, 356.231
73.5808, 134.408
91.654, 291.558
Evaluation Time: 1.95411 seconds
Resulting Fitness: 0.511111
New local best!
-------------
Particle: 20:
Relays Coordinates:
114.606, 95.0278
193.71, 119.147
86.0861, 127.441
86.2848, 193.71
193.71, 143.933
112.096, 132.54
Evaluation Time: 1.42102 seconds
Resulting Fitness: 0.35
Current global best fitness: 0.611111
Current global best relays: 316.735, 164.241
98.7399, 405
193.761, 196.144
203.775, 405
70.0158, 125.429
60.0958, 265.32
Particle 1 new velocities: 261.95, 166.451
100.505, 220.056
170.453, 216.592
159.232, 429.116
168.257, 109.775
161.378, 134.229
Particle 2 new velocities: 160.49, 87.0841
81.8359, 54.4781
134.873, 178.143
84.9149, 105.372
16.4636, 64.1775
27.6136, 114.545
Particle 3 new velocities: 163.591, 99.7632
153.83, -2.98357
117.805, 152.024
136.168, -69.7451
26.4405, 77.2035
141.912, 105.06
Particle 4 new velocities: 131.939, 72.0577
34.5039, 55.2536
68.703, 102.923
70.1614, 61.7996
24.8631, 44.615
17.6708, 81.239
Particle 5 new velocities: 59.1816, 18.5186
22.1956, 41.7727
11.9895, 14.4031
38.6138, 39.6256
15.5823, 25.2131
19.9978, 43.112
Particle 6 new velocities: 122.564, 40.8847
37.8724, 194.693
90.352, 68.2598
72.6928, 51.9317
20.6355, 43.5006
58.8314, 86.4009
Particle 7 new velocities: 81.4269, 133.797
194.498, 370.189
228.816, 296.075
76.7411, 505.283
251.09, 247.727
128.667, 209.281
Particle 8 new velocities: 45.6738, 24.267
14.8425, 0
20.9336, 31.1673
54.5861, 122.457
17.4862, 12.7808
6.39022, 33.8685
Particle 9 new velocities: 341.758, 210.721
98.8328, 263.557
172.842, 212.953
162.727, 296.254
78.651, -29.4126
65.5628, 208.116
Particle 10 new velocities: 31.6387, 34.1461
8.10889, -41.1528
37.5279, 12.2548
15.5974, 88.1131
6.96492, 21.5372
9.15939, 47.2749
Particle 11 new velocities: 254.833, 209.199
140.444, 659.434
123.497, 151.284
106.223, -81.2797
370.583, 170.59
189.648, 173.896
Particle 12 new velocities: 74.5906, 43.2108
15.0757, 64.5944
34.7515, 58.0872
69.4631, 121.655
41.0657, 41.0777
29.6174, 72.0203
Particle 13 new velocities: 350.901, 220.717
62.3331, 298.95
276.713, 294.001
60.5979, 228.82
115.058, 92.8804
94.8337, 137.429
Particle 14 new velocities: 232.351, 72.4768
30.5, 139.801
14.6704, 71.2149
88.8227, 161.606
12.412, 33.7182
41.6638, 69.7147
Particle 15 new velocities: 278.866, 266.19
106.327, 315.376
262.873, 198.568
286.709, 510.443
90.4482, 74.1357
212.078, 305.217
Particle 16 new velocities: 100.28, 69.7051
28.0152, 81.2625
51.8684, 55.222
65.4271, 0
25.2621, 38.686
14.5176, 65.4954
Particle 17 new velocities: 136.79, 65.2409
99.3328, 64.0266
115.97, 87.3981
91.1315, 138.48
19.3852, 80.4359
28.5939, 144.001
Particle 18 new velocities: 112.326, 30.0271
3.48381, -15.6598
33.7049, 67.6459
-4.15821, 85.1409
9.05171, 25.3385
21.1562, 71.7082
Particle 19 new velocities: 296.621, 22.0317
-76.282, 135.041
37.2439, 54.9056
16.6193, 169.988
7.20857, 27.7184
-20.2868, 121.753
Particle 20 new velocities: 453.686, 97.2148
45.5696, 90.9634
320.953, 200.732
154.292, 75.2487
-98.6831, 211.61
81.6854, 196.781
-- ITERATION 16 --
-------------
Particle: 1:
Relays Coordinates:
190.207, 122.224
73.4561, 197.672
128.829, 155.314
111.633, 215.234
129.098, 68.4873
84.3475, 140.402
Evaluation Time: 1.50516 seconds
Resulting Fitness: 0.358333
-------------
Particle: 2:
Relays Coordinates:
317.079, 154.614
178.638, 309.848
206.032, 283.255
208.838, 227.552
64.8128, 128.868
60.1387, 260.869
Evaluation Time: 1.91273 seconds
Resulting Fitness: 0.505556
New local best!
-------------
Particle: 3:
Relays Coordinates:
280.032, 141.786
218.36, 213.276
188.476, 222.252
217.69, 161.83
58.3283, 136.435
125.199, 178.722
Evaluation Time: 1.5912 seconds
Resulting Fitness: 0.391667
-------------
Particle: 4:
Relays Coordinates:
299.135, 165.457
95.2714, 306
184.647, 224.058
194.287, 310.772
68.698, 129.285
58.9583, 238.982
Evaluation Time: 1.86441 seconds
Resulting Fitness: 0.533333
-------------
Particle: 5:
Relays Coordinates:
286.804, 154.314
91.8701, 367.778
152.027, 212.531
199.859, 365.595
76.4448, 110.212
91.0304, 277.543
Evaluation Time: 1.9643 seconds
Resulting Fitness: 0.544444
-------------
Particle: 6:
Relays Coordinates:
332.943, 150.968
104.307, 360.402
205.526, 192.917
209.353, 337.31
70.5725, 132.139
65.3344, 265.353
Evaluation Time: 2.22884 seconds
Resulting Fitness: 0.513889
-------------
Particle: 7:
Relays Coordinates:
118.438, 88.6061
115.489, 215.029
138.522, 202.392
116.42, 215.234
134.977, 170.247
81.629, 145.396
Evaluation Time: 1.3237 seconds
Resulting Fitness: 0.275
-------------
Particle: 8:
Relays Coordinates:
325.332, 159.582
93.3202, 328.05
184.842, 182.457
221.719, 405
67.8808, 121.162
43.2599, 250.659
Evaluation Time: 1.95148 seconds
Resulting Fitness: 0.588889
New local best!
-------------
Particle: 9:
Relays Coordinates:
265.721, 213.776
111.617, 237.706
183.639, 229.783
184.518, 265.721
91.9524, 111.462
74.1958, 177.891
Evaluation Time: 1.58655 seconds
Resulting Fitness: 0.411111
-------------
Particle: 10:
Relays Coordinates:
313.481, 198.77
106.234, 327.462
212.014, 232.454
215.408, 364.722
78.1346, 130.931
59.2329, 270.901
Evaluation Time: 2.02475 seconds
Resulting Fitness: 0.433333
-------------
Particle: 11:
Relays Coordinates:
212.916, 187.046
163.136, 295.245
172.12, 183.742
130.448, 79.0984
295.245, 158.303
208.708, 229.777
Evaluation Time: 1.72907 seconds
Resulting Fitness: 0.447222
-------------
Particle: 12:
Relays Coordinates:
312.583, 158.586
92.0239, 263.697
200.12, 189.491
197.905, 299.496
63.2574, 128.442
62.1482, 260.167
Evaluation Time: 2.044 seconds
Resulting Fitness: 0.508333
New local best!
-------------
Particle: 13:
Relays Coordinates:
265.721, 134.182
56.8147, 260.506
198.831, 177.521
68.3951, 243.217
86.5766, 75.0898
65.057, 94.2285
Evaluation Time: 1.63247 seconds
Resulting Fitness: 0.402778
-------------
Particle: 14:
Relays Coordinates:
215.234, 92.52
57.3547, 190.151
67.8791, 114.065
126.557, 215.234
38.1705, 63.8151
53.74, 144.094
Evaluation Time: 1.53725 seconds
Resulting Fitness: 0.327778
-------------
Particle: 15:
Relays Coordinates:
173.878, 136.551
64.5597, 193.71
162.765, 130.707
161.036, 193.71
46.1426, 49.4912
135.087, 181.902
Evaluation Time: 1.48661 seconds
Resulting Fitness: 0.316667
-------------
Particle: 16:
Relays Coordinates:
320.764, 153.262
90.538, 331.543
190.127, 167.404
210.563, 328.05
53.7946, 123.129
54.6852, 241.332
Evaluation Time: 1.85338 seconds
Resulting Fitness: 0.563889
-------------
Particle: 17:
Relays Coordinates:
284.479, 143.281
84.7473, 285.824
195.94, 173.129
185.077, 340.101
54.6449, 128.783
62.19, 254.938
Evaluation Time: 1.92678 seconds
Resulting Fitness: 0.544444
-------------
Particle: 18:
Relays Coordinates:
302.306, 160.02
99.8141, 316.634
175.023, 240.754
175.71, 345.095
72.2919, 84.7642
66.3378, 223.321
Evaluation Time: 1.91178 seconds
Resulting Fitness: 0.533333
-------------
Particle: 19:
Relays Coordinates:
289.466, 211.587
55.2728, 199.085
150.982, 149.951
172.18, 295.245
47.7053, 95.7343
42.1416, 244.056
Evaluation Time: 1.7832 seconds
Resulting Fitness: 0.463889
-------------
Particle: 20:
Relays Coordinates:
239.148, 91.9491
114.447, 100.495
194.686, 156.964
115.067, 128.642
45.4512, 170.055
92.6848, 157.513
Evaluation Time: 1.4323 seconds
Resulting Fitness: 0.319444
Current global best fitness: 0.611111
Current global best relays: 316.735, 164.241
98.7399, 405
193.761, 196.144
203.775, 405
70.0158, 125.429
60.0958, 265.32
Particle 1 new velocities: 457.226, 157.769
82.548, 405.478
252.23, 241.129
238.859, 103.317
164.908, 142.816
134.56, 71.1407
Particle 2 new velocities: 127.992, 76.062
36.4507, 105.145
102.968, 89.4359
66.2342, 129.792
13.7979, 47.2403
22.0659, 95.1773
Particle 3 new velocities: 243.709, 82.9378
139.44, 366.509
34.6429, 106.416
90.4824, 76.9584
16.1813, 48.2489
85.7397, 244.635
Particle 4 new velocities: 117.819, 56.8283
34.447, 315.439
66.1759, 48.5093
69.0879, 198.941
21.3471, 33.0221
15.3177, 107.864
Particle 5 new velocities: 52.9532, 33.1104
17.592, 51.4868
52.8844, -1.09475
33.0837, 94.8057
5.23935, 34.6328
4.43449, 46.9443
Particle 6 new velocities: 79.5441, 53.1598
15.5101, 59.6405
63.8223, 59.3217
54.0691, 134.358
20.6516, 22.2211
30.3179, 82.8025
Particle 7 new velocities: 245.207, 109.964
150.813, 237.897
117.594, 263.666
360.146, 120.239
253.581, 163.318
87.1897, 207.857
Particle 8 new velocities: 33.254, 20.9093
17.658, 90.6722
19.962, 35.2406
29.3957, 0
14.6575, 11.2491
25.1309, 33.9527
Particle 9 new velocities: 36.2434, 177.965
71.0838, 361.997
133.668, 156.781
133.083, 185.045
53.148, 127.064
76.8744, 252.779
Particle 10 new velocities: 6.1408, 11.606
-3.63435, 30.4991
-23.0612, 2.40163
-5.68925, 115.681
-2.56557, -4.18223
8.29683, 13.8889
Particle 11 new velocities: 237.317, 167.916
105.225, 193.352
94.2526, 124.009
63.4771, -17.7365
-289.654, 93.5062
178.201, 163.946
Particle 12 new velocities: 60.2258, 41.1504
16.273, 141.178
27.4697, 51.8722
61.0784, 158.37
38.2095, 31.6385
23.0234, 61.552
Particle 13 new velocities: -12.1217, 130.753
86.7951, 173.725
266.73, 212.173
374.176, 339.843
109.713, 76.1518
100.407, 169.918
Particle 14 new velocities: 158.644, 234.483
46.1418, 326.7
137.463, 131.924
162.644, 101.052
137.125, 132.707
37.6104, 364.959
Particle 15 new velocities: 492.677, 240.784
132.814, 525.965
224.269, 306.465
263.044, 273.408
77.8245, 130.349
294.276, 284.458
Particle 16 new velocities: 70.7764, 56.3952
14.5812, 63.3907
42.362, 50.3988
41.2163, 107.903
32.3585, 22.8973
9.29964, 45.9304
Particle 17 new velocities: 146.951, 65.286
89.9684, 124.212
42.0614, 95.964
113.354, 191.961
33.3835, 46.1877
25.3657, 119.967
Particle 18 new velocities: 104.062, 72.1088
48.1077, 85.8566
92.1273, 43.0997
117.661, 124.807
14.9777, 52.4408
15.2398, 68.9412
Particle 19 new velocities: 162.835, 145.109
123.245, 118.942
117.937, 71.2048
23.7702, 135.115
10.6319, 42.9863
46.5472, 127.91
Particle 20 new velocities: 49.2384, 131.609
183.569, 200.988
507.656, 175.127
217.105, 352.012
-46.6956, 185.743
397.845, 262.521
-- ITERATION 17 --
-------------
Particle: 1:
Relays Coordinates:
239.148, 133.92
74.6163, 239.148
182.259, 189.617
167.639, 152.362
140.622, 101.065
104.703, 101.18
Evaluation Time: 1.56095 seconds
Resulting Fitness: 0.408333
-------------
Particle: 2:
Relays Coordinates:
324.457, 168.163
156.8, 302.529
225.261, 271.692
200.527, 260.504
57.3072, 128.383
59.9271, 259.558
Evaluation Time: 2.17469 seconds
Resulting Fitness: 0.472222
-------------
Particle: 3:
Relays Coordinates:
364.5, 163.823
260.836, 364.5
162.654, 239.599
224.658, 174.077
54.3175, 134.634
153.774, 308.627
Evaluation Time: 2.09529 seconds
Resulting Fitness: 0.558333
-------------
Particle: 4:
Relays Coordinates:
303.96, 162.046
94.5647, 364.5
182.85, 198.702
192, 364.5
65.6429, 118.322
54.1472, 252.851
Evaluation Time: 1.96522 seconds
Resulting Fitness: 0.538889
-------------
Particle: 5:
Relays Coordinates:
305.781, 168.682
98.5159, 377.338
184.42, 190.293
209.648, 414.36
73.5157, 130.36
85.9184, 292.038
Evaluation Time: 2.03877 seconds
Resulting Fitness: 0.522222
-------------
Particle: 6:
Relays Coordinates:
300.703, 148.809
87.3465, 306.211
196.355, 183.882
192.035, 343.846
66.5024, 112.528
69.7306, 253.805
Evaluation Time: 1.93245 seconds
Resulting Fitness: 0.533333
-------------
Particle: 7:
Relays Coordinates:
140.883, 76.93
103.171, 175.473
99.2247, 180.561
184.632, 129.969
150.535, 129.23
65.4038, 136.857
Evaluation Time: 1.35494 seconds
Resulting Fitness: 0.288889
-------------
Particle: 8:
Relays Coordinates:
322.727, 162.443
99.8804, 376.85
184.324, 195.928
226.003, 364.5
74.2845, 119.17
61.5517, 256.151
Evaluation Time: 1.97795 seconds
Resulting Fitness: 0.591667
New local best!
-------------
Particle: 9:
Relays Coordinates:
160.476, 208.187
97.0946, 265.721
168.63, 205.436
168.786, 239.555
77.1123, 126.763
80.2849, 228.876
Evaluation Time: 1.43329 seconds
Resulting Fitness: 0.333333
-------------
Particle: 10:
Relays Coordinates:
287.66, 189.338
92.3394, 322.165
170.058, 211.37
188.747, 432.362
68.0121, 114.074
60.7768, 256.311
Evaluation Time: 1.85828 seconds
Resulting Fitness: 0.508333
-------------
Particle: 11:
Relays Coordinates:
265.858, 209.602
158.464, 288.512
157.29, 181.724
114.511, 36.2336
3.30171, 148.691
228.466, 232.49
Evaluation Time: 1.63671 seconds
Resulting Fitness: 0.408333
-------------
Particle: 12:
Relays Coordinates:
301.975, 161.787
87.7205, 327.948
184.348, 195.505
209.776, 370.871
82.1881, 129.665
68.989, 260.592
Evaluation Time: 2.04529 seconds
Resulting Fitness: 0.555556
New local best!
-------------
Particle: 13:
Relays Coordinates:
149.748, 156.441
84.8001, 256.409
274.909, 230.11
261.334, 295.245
115.907, 89.3066
97.705, 155.976
Evaluation Time: 1.74796 seconds
Resulting Fitness: 0.419444
-------------
Particle: 14:
Relays Coordinates:
198.694, 173.783
55.0023, 265.721
109.127, 130.728
153.693, 168.087
93.1593, 104.44
48.5473, 265.721
Evaluation Time: 1.50674 seconds
Resulting Fitness: 0.35
-------------
Particle: 15:
Relays Coordinates:
215.234, 162.43
84.9628, 215.234
166.605, 188.188
182.552, 201.079
53.3638, 77.4155
184.827, 200.752
Evaluation Time: 1.54272 seconds
Resulting Fitness: 0.394444
-------------
Particle: 16:
Relays Coordinates:
352.387, 188.692
94.6072, 355.44
209.24, 196.022
226.602, 392.358
77.5378, 131.423
57.5864, 258.536
Evaluation Time: 2.07898 seconds
Resulting Fitness: 0.580556
-------------
Particle: 17:
Relays Coordinates:
314.513, 152.045
127.368, 298.916
173.503, 196.169
217.557, 364.5
64.1727, 127.554
63.8281, 273.306
Evaluation Time: 1.94206 seconds
Resulting Fitness: 0.502778
-------------
Particle: 18:
Relays Coordinates:
365.732, 208.916
133.13, 362.242
240.435, 255.468
264.034, 422.911
78.5427, 123.484
73.4199, 263.036
Evaluation Time: 2.03531 seconds
Resulting Fitness: 0.552778
-------------
Particle: 19:
Relays Coordinates:
296.755, 234.028
117.126, 208.657
176.438, 145.1
128.563, 282.359
38.275, 91.0145
58.1888, 244.047
Evaluation Time: 1.71689 seconds
Resulting Fitness: 0.427778
-------------
Particle: 20:
Relays Coordinates:
124.141, 96.2343
128.286, 129.778
215.234, 142.954
142.989, 206.906
0, 153.159
211.157, 180.811
Evaluation Time: 1.54333 seconds
Resulting Fitness: 0.308333
Current global best fitness: 0.611111
Current global best relays: 316.735, 164.241
98.7399, 405
193.761, 196.144
203.775, 405
70.0158, 125.429
60.0958, 265.32
Particle 1 new velocities: 111.018, 128.817
65.2927, 231.937
207.017, 188.439
167.643, 271.397
184.974, 68.1908
48.2874, 261.558
Particle 2 new velocities: 88.9753, 38.1678
30.5095, 148.175
24.4277, 9.9432
59.0941, 249.51
33.3062, 34.8179
18.0959, 80.4954
Particle 3 new velocities: -60.3387, 51.6677
5.84056, 20.9863
47.1815, 12.4821
47.3057, 288.011
10.1639, 23.6546
-5.61708, 95.3932
Particle 4 new velocities: 114.051, 47.9357
32.2289, 23.4981
67.3425, 36.863
76.7885, 56.5816
23.4622, 37.4783
17.4993, 98.2115
Particle 5 new velocities: 43.1086, 26.9759
0.0968814, 75.4368
22.0425, 59.7893
15.2885, 42.496
6.26545, 22.5887
9.25911, 7.60004
Particle 6 new velocities: 101.038, 66.376
15.9255, 74.4846
44.9704, 74.8089
77.8045, 166.714
27.4735, 38.6618
22.0851, 116.076
Particle 7 new velocities: 457.429, 178.36
182.933, 310.431
143.544, 215.358
368.224, 391.548
115.457, 183.948
98.27, 147.725
Particle 8 new velocities: 20.2497, 18.6853
13.3937, 88.2521
22.3278, 28.2413
-0.801126, 1.63946
7.77501, 15.3264
18.6468, 32.2329
Particle 9 new velocities: 371.806, 136.457
65.4266, -1.76727
133.774, 141.218
129.764, 370.24
90.1754, 219.793
54.0792, 194.147
Particle 10 new velocities: 22.1938, -15.9283
2.05834, 91.1961
4.42437, 2.87132
18.906, -19.7552
17.7015, -3.67972
6.22625, -1.82166
Particle 11 new velocities: 140.693, 125.816
75.3232, 302.569
77.725, 104.308
99.0552, 461.372
197.794, 40.4412
111.946, 336.699
Particle 12 new velocities: 48.7841, 34.1589
22.2296, 152.16
33.0865, 41.9199
48.3552, 144.119
26.171, 20.2385
10.3559, 54.2974
Particle 13 new velocities: 156.549, 32.1241
70.2491, 145.208
226.936, 95.2627
218.361, -0.918198
43.8122, 65.5131
73.1134, 76.5859
Particle 14 new velocities: 279.318, 199.407
118.315, 161.024
142.602, 143.85
170.478, 275.359
109.058, 113.645
95.1814, 25.5479
Particle 15 new velocities: 142.625, 200.994
132.312, 157.69
202.804, 265.74
241.992, 369.92
62.9965, 174.113
171.225, 320.262
Particle 16 new velocities: -3.89297, -72.2171
15.347, 86.1486
26.828, -23.417
2.81771, 113.186
-31.9927, 12.6725
2.42271, 29.074
Particle 17 new velocities: 110.75, 52.5653
37.7056, 219.481
41.3218, 62.6677
79.2057, 40.3669
34.4923, 20.3808
17.3638, 73.1514
Particle 18 new velocities: 57.8867, 15.278
0.473411, 136.001
33.8881, -30.124
65.1532, 35.2144
18.0637, 1.98658
-3.74843, 17.2596
Particle 19 new velocities: -6.4673, 192.589
161.878, 142.295
159.053, 189.993
183.381, 329.473
86.0044, 92.979
38.7002, 196.714
Particle 20 new velocities: 115.819, 158.34
396.465, 357.529
139.287, 192.18
233.148, 226.454
87.6277, 146.811
435.697, 298.5
-- ITERATION 18 --
-------------
Particle: 1:
Relays Coordinates:
135.662, 101.79
54.2036, 182.508
150.814, 146.467
129.895, 164.173
126.143, 65.5733
59.2715, 140.532
Evaluation Time: 1.3239 seconds
Resulting Fitness: 0.25
-------------
Particle: 2:
Relays Coordinates:
334.88, 167.128
151.721, 365.071
202.248, 228.124
210.293, 405
73.3968, 132.193
63.1986, 275.443
Evaluation Time: 2.07239 seconds
Resulting Fitness: 0.513889
New local best!
-------------
Particle: 3:
Relays Coordinates:
246.371, 174.548
216.008, 312.244
169.966, 204.186
220.291, 374.291
52.2299, 128.214
120.007, 327.256
Evaluation Time: 2.00009 seconds
Resulting Fitness: 0.541667
-------------
Particle: 4:
Relays Coordinates:
338.589, 170.085
102.703, 314.278
202.656, 190.807
217.719, 341.076
72.1752, 126.198
58.0336, 284.361
Evaluation Time: 2.01789 seconds
Resulting Fitness: 0.502778
-------------
Particle: 5:
Relays Coordinates:
282.601, 158.483
79.8764, 366.748
167.235, 202.566
182.199, 370.054
64.6227, 123.889
77.0938, 242.707
Evaluation Time: 2.13243 seconds
Resulting Fitness: 0.544444
-------------
Particle: 6:
Relays Coordinates:
292.869, 156.87
75.2853, 277.527
175.926, 188.586
196.713, 364.5
68.5085, 110.217
66.9336, 269.643
Evaluation Time: 1.88285 seconds
Resulting Fitness: 0.511111
-------------
Particle: 7:
Relays Coordinates:
215.234, 109.894
123.158, 209.166
104.504, 170.43
215.234, 215.234
114.501, 134.813
70.4562, 122.503
Evaluation Time: 1.57304 seconds
Resulting Fitness: 0.413889
-------------
Particle: 8:
Relays Coordinates:
308.679, 163.015
101.947, 418.592
185.986, 201.753
202.682, 329.526
73.8536, 121.047
72.1787, 259.545
Evaluation Time: 1.96186 seconds
Resulting Fitness: 0.552778
-------------
Particle: 9:
Relays Coordinates:
239.148, 164.842
77.7333, 126.248
144.639, 165.803
142.796, 239.148
80.0132, 165.756
64.2659, 202.33
Evaluation Time: 1.61287 seconds
Resulting Fitness: 0.416667
-------------
Particle: 10:
Relays Coordinates:
278.868, 156.069
84.9579, 372.025
157.034, 192.817
186.887, 371.346
77.1423, 99.3551
60.3027, 229.04
Evaluation Time: 1.94919 seconds
Resulting Fitness: 0.525
-------------
Particle: 11:
Relays Coordinates:
216.058, 178.255
124.244, 265.721
124.897, 152.009
113.498, 264.448
106.87, 100.512
180.909, 265.721
Evaluation Time: 1.68449 seconds
Resulting Fitness: 0.425
-------------
Particle: 12:
Relays Coordinates:
284.115, 158.716
89.0596, 388.888
176.122, 192.314
209.087, 405
87.7709, 121.422
64.2693, 255.061
Evaluation Time: 2.12136 seconds
Resulting Fitness: 0.533333
-------------
Particle: 13:
Relays Coordinates:
200.961, 123.718
101.728, 263.501
328.05, 213.477
314.728, 193.108
104.792, 101.577
112.074, 152.584
Evaluation Time: 1.69873 seconds
Resulting Fitness: 0.480556
-------------
Particle: 14:
Relays Coordinates:
228.631, 178.496
82.897, 204.111
120.401, 131.33
155.05, 212.099
96.7201, 104.309
68.745, 139.313
Evaluation Time: 1.49396 seconds
Resulting Fitness: 0.380556
-------------
Particle: 15:
Relays Coordinates:
190.181, 193.139
115.469, 198.187
196.319, 241.236
225.62, 265.721
61.8386, 133.673
189.221, 265.721
Evaluation Time: 1.5663 seconds
Resulting Fitness: 0.383333
-------------
Particle: 16:
Relays Coordinates:
254.052, 84.9101
80.1566, 321.918
172.094, 125.829
167.247, 364.5
33.2023, 105.046
43.7466, 209.668
Evaluation Time: 1.84675 seconds
Resulting Fitness: 0.525
-------------
Particle: 17:
Relays Coordinates:
279.015, 134.245
108.305, 328.05
140.947, 169.822
194.706, 265.633
64.7341, 97.0598
53.27, 227.31
Evaluation Time: 1.7856 seconds
Resulting Fitness: 0.488889
-------------
Particle: 18:
Relays Coordinates:
277.936, 147.094
87.657, 326.897
179.983, 147.848
215.98, 300.576
63.3834, 82.3216
45.7114, 183.902
Evaluation Time: 1.76797 seconds
Resulting Fitness: 0.469444
-------------
Particle: 19:
Relays Coordinates:
190.458, 279.904
183.055, 230.26
220.115, 219.855
204.667, 328.05
81.5397, 120.718
63.5688, 289.183
Evaluation Time: 1.72383 seconds
Resulting Fitness: 0.4
-------------
Particle: 20:
Relays Coordinates:
114.772, 121.762
239.148, 233.078
169.566, 160.294
179.905, 207.274
41.9121, 143.475
239.148, 229.253
Evaluation Time: 1.57852 seconds
Resulting Fitness: 0.35
Current global best fitness: 0.611111
Current global best relays: 316.735, 164.241
98.7399, 405
193.761, 196.144
203.775, 405
70.0158, 125.429
60.0958, 265.32
Particle 1 new velocities: 316.955, 188.782
83.0197, 499.041
202.686, 184.903
112.296, 482.507
208.302, 77.3728
104.85, 297.78
Particle 2 new velocities: 63.0567, 27.2085
2.13013, 149.546
10.8058, -10.8876
44.6406, 0
25.0902, 24.8524
11.176, 62.4683
Particle 3 new velocities: 125.382, -32.1002
-24.4297, 45.1445
58.3634, 26.1806
6.15252, -147.005
15.1124, 7.0602
-7.01136, -12.0791
Particle 4 new velocities: 28.7302, 28.2112
14.7056, 87.2685
40.6208, 40.8819
31.211, 123.251
17.397, 28.2346
18.2248, 48.9135
Particle 5 new velocities: 76.5549, 41.9824
19.6032, 102.288
28.6582, 50.1982
67.332, 82.6117
22.3579, 14.4791
20.712, 36.703
Particle 6 new velocities: 124.557, 63.6656
54.7907, 121.939
44.1618, 69.2037
67.8012, 50.6381
32.7485, 44.2611
7.73589, 94.8523
Particle 7 new velocities: 397.111, 177.169
190.185, 323.996
116.865, 239.949
142.461, 78.9959
95.3144, 172.394
109.401, 143.003
Particle 8 new velocities: 47.3795, 14.6415
6.91135, 29.0124
20.7539, 13.04
32.3262, 27.762
5.84505, 12.7784
-9.59559, 31.6788
Particle 9 new velocities: 40.2249, 135.761
104.04, 55.0891
153.783, 209.885
167.542, 272.476
72.826, 212.029
113.51, 162.506
Particle 10 new velocities: 56.1313, 1.92715
8.98231, 83.0956
48.355, 19.3486
56.6058, 25.767
23.6213, 5.4806
4.86583, 25.516
Particle 11 new velocities: 153.458, 126.334
107.005, 291.603
61.7557, 139.754
174.549, 349.064
216.095, 64.163
103.45, 69.5209
Particle 12 new velocities: 71.5667, 33.8789
23.9582, 51.124
29.2534, 39.0527
33.7739, -23.653
-3.30167, 25.523
8.11339, 45.0612
Particle 13 new velocities: 207.884, 42.3399
38.214, 150.859
-71.8167, 43.1212
-51.3281, 141.988
-0.28021, 73.8439
53.5505, 111.687
Particle 14 new velocities: 382.987, 164.777
127.127, 389.201
129.506, 209.345
225.161, 294.852
67.355, 112.947
75.8786, 308.67
Particle 15 new velocities: 228.259, 114.349
89.4574, 300.517
146.57, 101.469
168.587, 102.767
45.7837, 107.264
20.5673, -18.2378
Particle 16 new velocities: 94.8668, 16.9655
36.5435, 145.924
56.0316, -5.62705
63.253, 33.0062
7.42857, 45.0688
14.6367, 80.0134
Particle 17 new velocities: 138.082, 74.5654
24.4323, 103.796
83.8938, 82.1494
68.1825, 128.063
33.7385, 47.482
23.0966, 88.4908
Particle 18 new velocities: 72.453, 81.8011
21.0511, 235.188
46.8828, 65.2991
83.7415, 177.873
35.7364, 27.7056
33.9275, 124.474
Particle 19 new velocities: 125.802, 160.097
43.9901, 188.545
113.569, 93.2071
210.36, 80.654
48.4373, 85.5916
52.8147, 156.814
Particle 20 new velocities: 226.391, 143.278
-48.2117, 302.473
383.155, 158.535
89.6235, 213.796
707.995, 215.415
0.430063, 217.054
-- ITERATION 19 --
-------------
Particle: 1:
Relays Coordinates:
175.353, 112.573
53.1631, 193.71
136.953, 128.38
93.8297, 193.71
129.571, 55.3803
63.5839, 169.811
Evaluation Time: 1.4042 seconds
Resulting Fitness: 0.288889
-------------
Particle: 2:
Relays Coordinates:
322.329, 157.412
124.619, 405
172.573, 175.962
206.497, 328.05
79.7745, 127.207
60.2434, 273.708
Evaluation Time: 1.94895 seconds
Resulting Fitness: 0.477778
-------------
Particle: 3:
Relays Coordinates:
301.12, 115.383
155.178, 289.485
184.947, 186.597
183.419, 184.102
54.5473, 109.572
91.5265, 255.293
Evaluation Time: 1.78806 seconds
Resulting Fitness: 0.466667
-------------
Particle: 4:
Relays Coordinates:
297.528, 160.62
95.1008, 325.253
197.054, 187.668
201.633, 376.105
72.5535, 125.091
61.7694, 269.952
Evaluation Time: 1.9837 seconds
Resulting Fitness: 0.586111
-------------
Particle: 5:
Relays Coordinates:
290.916, 162.377
80.5785, 379.919
158.673, 204.739
202.12, 366.659
70.4543, 112.078
79.2227, 226.322
Evaluation Time: 1.86011 seconds
Resulting Fitness: 0.527778
-------------
Particle: 6:
Relays Coordinates:
304.303, 160.77
94.8254, 291.21
160.444, 187.929
192.831, 302.636
73.8163, 112.615
54.4341, 265.717
Evaluation Time: 1.84432 seconds
Resulting Fitness: 0.5
-------------
Particle: 7:
Relays Coordinates:
239.148, 137.301
149.871, 239.148
105.88, 196.283
171.084, 140.729
100.354, 146.936
86.0252, 126.991
Evaluation Time: 1.63937 seconds
Resulting Fitness: 0.380556
-------------
Particle: 8:
Relays Coordinates:
320.453, 159.891
97.9723, 402.844
186.066, 193.313
211.507, 321.559
71.7287, 120.443
56.3248, 262.102
Evaluation Time: 2.00067 seconds
Resulting Fitness: 0.533333
-------------
Particle: 9:
Relays Coordinates:
164.967, 177.503
107.335, 107.078
176.215, 221.84
183.251, 295.245
90.25, 223.078
104.975, 215.432
Evaluation Time: 1.59644 seconds
Resulting Fitness: 0.358333
-------------
Particle: 10:
Relays Coordinates:
271.35, 127.977
76.0916, 368.648
166.365, 171.855
197.229, 321.662
81.6185, 84.9169
52.7865, 206.19
Evaluation Time: 1.83315 seconds
Resulting Fitness: 0.491667
-------------
Particle: 11:
Relays Coordinates:
159.064, 131.115
99.5454, 215.234
80.3478, 125.595
123.995, 215.234
139.026, 70.8874
122.407, 144.31
Evaluation Time: 1.42097 seconds
Resulting Fitness: 0.319444
-------------
Particle: 12:
Relays Coordinates:
320.114, 173.335
101.716, 396.011
184.838, 208.23
218.575, 343.212
76.0223, 132.25
65.1445, 270.11
Evaluation Time: 2.08503 seconds
Resulting Fitness: 0.483333
-------------
Particle: 13:
Relays Coordinates:
298.048, 121.056
102.018, 302.069
186.794, 187.06
192.018, 244.285
76.1889, 127.882
120.74, 192.653
Evaluation Time: 1.81785 seconds
Resulting Fitness: 0.5
-------------
Particle: 14:
Relays Coordinates:
265.721, 182.429
111.615, 265.721
132.811, 181.049
202.06, 265.721
87.1962, 115.459
76.8589, 238.076
Evaluation Time: 1.78721 seconds
Resulting Fitness: 0.463889
-------------
Particle: 15:
Relays Coordinates:
222.376, 163.411
108.906, 265.032
182.226, 182.127
209.498, 195.829
57.1949, 128.044
111.49, 131.522
Evaluation Time: 1.73921 seconds
Resulting Fitness: 0.408333
-------------
Particle: 16:
Relays Coordinates:
282.624, 82.5193
94.5271, 378.952
184.782, 97.3638
186.705, 321.98
32.911, 121.593
47.2905, 234.642
Evaluation Time: 1.83428 seconds
Resulting Fitness: 0.536111
-------------
Particle: 17:
Relays Coordinates:
304.064, 152.223
96.7652, 314.816
163.909, 183.688
191.646, 287.004
71.7865, 105.371
55.6713, 230.219
Evaluation Time: 1.76598 seconds
Resulting Fitness: 0.530556
-------------
Particle: 18:
Relays Coordinates:
255.434, 166.864
79.2482, 364.5
165.385, 155.384
218.497, 348.789
72.2583, 80.2098
58.0568, 224.806
Evaluation Time: 1.97151 seconds
Resulting Fitness: 0.533333
-------------
Particle: 19:
Relays Coordinates:
186.748, 259.816
134.068, 247.3
197.037, 184.86
245.069, 241.336
76.7502, 121.824
68.7233, 263.357
Evaluation Time: 1.59042 seconds
Resulting Fitness: 0.433333
-------------
Particle: 20:
Relays Coordinates:
118.956, 92.4136
66.5755, 174.339
174.339, 111.169
93.9789, 146.818
174.339, 125.137
83.5359, 155.618
Evaluation Time: 1.30795 seconds
Resulting Fitness: 0.266667
Current global best fitness: 0.611111
Current global best relays: 316.735, 164.241
98.7399, 405
193.761, 196.144
203.775, 405
70.0158, 125.429
60.0958, 265.32
Particle 1 new velocities: 450.683, 188.202
84.3637, 225.092
243.273, 293.275
197.129, 134.324
169.57, 142.098
141.272, 229.118
Particle 2 new velocities: 58.0011, 34.5953
13.0778, -57.8972
53.1712, 22.1287
35.3039, 26.223
6.81783, 21.7777
12.9933, 45.5485
Particle 3 new velocities: 152.073, 0.493393
14.5938, 123.022
-11.0548, 52.096
13.4771, -113.068
13.7123, 8.37057
20.867, 17.3874
Particle 4 new velocities: 35.0963, 26.7364
18.3407, 272.917
26.1548, 57.4442
28.9897, 144.715
8.46806, 23.1128
11.8614, 35.2171
Particle 5 new velocities: 59.287, 45.0932
32.4041, 126.838
37.8367, 43.4608
55.5528, 120.953
20.8923, 17.8318
21.9373, 116.347
Particle 6 new velocities: 123.048, 52.0014
51.288, 202.056
114.105, 69.0489
72.0074, 113.76
25.4454, 46.4546
4.7828, 83.6387
Particle 7 new velocities: 44.7891, 71.387
128.698, 35.0928
159.79, 211.673
284.604, 309.825
184.724, 147.064
60.1397, 83.7572
Particle 8 new velocities: 33.5011, 16.2339
9.67127, 19.9757
19.521, 15.8111
43.5089, 66.1309
6.05215, 14.1964
-1.69911, 22.1915
Particle 9 new velocities: 210.327, 163.224
90.8795, 401.061
127.942, 146.494
138.14, 138.904
79.5735, 204.673
87.9266, 138.75
Particle 10 new velocities: 100.765, 45.4581
26.2894, 74.0962
80.1872, 92.3136
57.1595, 120.537
6.24198, 46.7136
6.204, 95.0401
Particle 11 new velocities: 309.209, 296.265
170.162, 278.309
208.347, 213.427
102.316, -39.1172
263.373, 152.133
26.7279, 348.107
Particle 12 new velocities: 50.2452, 3.53435
11.6762, -55.8571
30.4527, -0.166732
5.56118, 27.1347
4.77648, 15.3317
11.261, 19.1134
Particle 13 new velocities: 168.616, 46.0375
7.47885, 92.7825
80.3484, 3.00101
-32.9915, 284.872
15.618, 41.9881
-27.7532, 50.8974
Particle 14 new velocities: 74.5193, 138.831
98.7588, 39.3004
132.376, 237.783
203.852, 143.585
50.6133, 74.8882
44.3477, 367.923
Particle 15 new velocities: 244.975, 100.86
49.5964, 341.61
115.053, 107.719
124.538, 247.784
38.4632, 50.9089
195.181, 207.843
Particle 16 new velocities: 112.721, 42.1579
15.014, 46.0781
49.4153, 77.3787
74.0579, 114.977
12.9717, 27.4908
22.6493, 88.485
Particle 17 new velocities: 119.478, 69.0299
24.1633, 217.121
82.1439, 71.0349
62.8286, 245.858
21.8131, 53.5404
29.457, 93.2642
Particle 18 new velocities: 138.098, 91.3839
101.866, 145.608
65.8191, 236.338
56.0442, 213.907
36.2412, 93.6432
33.4279, 143.546
Particle 19 new velocities: 232.814, 198.694
76.0248, 259.695
91.8463, 95.5891
161.123, 240.251
37.2262, 86.1357
59.7567, 156.732
Particle 20 new velocities: 383.059, 190.393
266.944, -58.741
110.752, 185.984
189.002, 364.456
300.065, 275.946
313.832, 236.352
-- ITERATION 20 --
-------------
Particle: 1:
Relays Coordinates:
215.234, 129.474
59.2008, 180.281
163.675, 181.508
125.248, 141.208
128.77, 85.0079
88.1837, 171.726
Evaluation Time: 1.43349 seconds
Resulting Fitness: 0.302778
-------------
Particle: 2:
Relays Coordinates:
308.067, 155.526
111.534, 281.153
182.853, 160.453
195.858, 286.961
70.1398, 120.677
59.3218, 258.598
Evaluation Time: 1.86359 seconds
Resulting Fitness: 0.494444
-------------
Particle: 3:
Relays Coordinates:
267.606, 68.4236
100.249, 243.581
102.682, 140.946
116.265, 41.9445
40.3066, 69.644
66.3673, 161.015
Evaluation Time: 1.59169 seconds
Resulting Fitness: 0.375
-------------
Particle: 4:
Relays Coordinates:
242.483, 136.583
82.6989, 364.5
162.719, 178.687
168.124, 364.5
59.0647, 108.04
53.6768, 222.468
Evaluation Time: 1.90351 seconds
Resulting Fitness: 0.519444
-------------
Particle: 5:
Relays Coordinates:
315.183, 186.723
101.684, 450
176.859, 223.38
231.906, 438.851
82.2119, 116.919
91.044, 308.402
Evaluation Time: 2.1236 seconds
Resulting Fitness: 0.588889
-------------
Particle: 6:
Relays Coordinates:
311.539, 155.111
106.517, 359.591
200.146, 187.337
193.067, 303.553
72.3618, 115.962
43.1691, 254.68
Evaluation Time: 2.05637 seconds
Resulting Fitness: 0.505556
-------------
Particle: 7:
Relays Coordinates:
167.662, 123.228
164.492, 161.937
156.876, 240.894
269.08, 266.048
168.336, 173.604
86.3089, 124.445
Evaluation Time: 1.64434 seconds
Resulting Fitness: 0.388889
-------------
Particle: 8:
Relays Coordinates:
318.559, 158.512
96.8792, 380.538
185.029, 188.212
229.514, 348.921
70.0028, 121.175
49.1631, 255.864
Evaluation Time: 1.92496 seconds
Resulting Fitness: 0.561111
-------------
Particle: 9:
Relays Coordinates:
130.857, 118.804
69.1132, 174.339
106.053, 128.43
112.062, 151.378
59.2138, 149.148
67.2607, 123.496
Evaluation Time: 1.29422 seconds
Resulting Fitness: 0.222222
-------------
Particle: 10:
Relays Coordinates:
301.413, 140.482
82.9286, 358.623
199.707, 213.976
206.055, 358.182
71.167, 106.621
47.7823, 243.997
Evaluation Time: 2.20502 seconds
Resulting Fitness: 0.527778
-------------
Particle: 11:
Relays Coordinates:
248.86, 227.128
143.334, 262.289
153.424, 180.17
120.271, 93.5955
213.851, 118.522
79.2565, 261.691
Evaluation Time: 1.7732 seconds
Resulting Fitness: 0.455556
-------------
Particle: 12:
Relays Coordinates:
333.323, 159.183
102.053, 306.138
193.761, 187.257
201.722, 333.312
72.7189, 132.824
68.765, 260.301
Evaluation Time: 1.979 seconds
Resulting Fitness: 0.505556
-------------
Particle: 13:
Relays Coordinates:
340.198, 121.811
79.8229, 287.847
194.747, 138.555
115.93, 364.5
66.9272, 123.835
67.7875, 177.549
Evaluation Time: 1.91265 seconds
Resulting Fitness: 0.575
New local best!
-------------
Particle: 14:
Relays Coordinates:
223.231, 210.779
138.026, 200.124
173.99, 274.795
266.319, 268.545
90.4168, 124.887
79.5237, 328.05
Evaluation Time: 1.81054 seconds
Resulting Fitness: 0.427778
-------------
Particle: 15:
Relays Coordinates:
306.629, 173.388
103.994, 328.05
195.044, 190.168
219.161, 291.055
62.7613, 117.411
201.207, 222.658
Evaluation Time: 1.97303 seconds
Resulting Fitness: 0.497222
New local best!
-------------
Particle: 16:
Relays Coordinates:
320.23, 100.989
88.7283, 344.275
189.7, 141.541
211.218, 353.935
37.165, 120.758
56.6513, 261.733
Evaluation Time: 1.95338 seconds
Resulting Fitness: 0.583333
-------------
Particle: 17:
Relays Coordinates:
343.069, 179.215
97.9521, 405
199.303, 206.325
206.124, 405
75.8157, 128.718
68.9539, 262.022
Evaluation Time: 1.97488 seconds
Resulting Fitness: 0.505556
-------------
Particle: 18:
Relays Coordinates:
286.885, 188.263
132.032, 364.5
168.548, 285.566
200.14, 364.5
79.0962, 126.739
66.6923, 268.529
Evaluation Time: 1.85802 seconds
Resulting Fitness: 0.488889
-------------
Particle: 19:
Relays Coordinates:
247.747, 270.746
124.058, 295.245
170.583, 165.602
239.853, 284.372
67.3019, 122.798
75.8661, 248.059
Evaluation Time: 1.61289 seconds
Resulting Fitness: 0.427778
-------------
Particle: 20:
Relays Coordinates:
215.234, 121.739
143.569, 49.7612
122.722, 127.915
121.814, 215.234
204.215, 172.653
171.054, 168.73
Evaluation Time: 1.49429 seconds
Resulting Fitness: 0.358333
Final Evaluation Time: 729.525 seconds
Final global best fitness: 0.611111
Final global best relays:
316.735, 164.241
98.7399, 405
193.761, 196.144
203.775, 405
70.0158, 125.429
60.0958, 265.32
