PSO EXECUTION
============================
Seed: 76126870
Particles: 20
Relays: 4
Iterations: 20
Backend: Simulation
Network Configuration: 1
Area: 500 x 500
Sink: 0, 0
Simulated Relay range: 155
w: 0.8
c1: 1.7
c2: 1.3

Relay Nodes Positions: 
PARTICLE 1: 
249.673, 127.236
207.499, 174.134
139.312, 66.2617
197.114, 187.819
PARTICLE 2: 
131.017, 213.904
74.0715, 97.0502
56.8258, 336.642
212.741, 164.775
PARTICLE 3: 
240.262, 69.5245
128.891, 64.6611
230.859, 54.5185
32.5759, 14.329
PARTICLE 4: 
138.051, 147.417
180.41, 43.2789
100.719, 33.9657
102.133, 119.86
PARTICLE 5: 
6.26614, 140.447
255.508, 367.904
163.631, 262.856
102.302, 222.203
PARTICLE 6: 
292.826, 188.553
70.2043, 180.78
37.6666, 144.085
196.025, 213.892
PARTICLE 7: 
16.4014, 325.688
41.6942, 144.883
95.1148, 158.534
80.374, 231.754
PARTICLE 8: 
96.9794, 31.0598
235.605, 59.6237
66.8921, 70.7473
195.997, 83.2678
PARTICLE 9: 
151.239, 159.782
245.569, 122.499
148.288, 7.64994
255.138, 251.144
PARTICLE 10: 
169.699, 39.0307
283.7, 8.94675
350.439, 60.4142
19.0164, 61.394
PARTICLE 11: 
140.508, 374.857
56.6668, 56.8748
166.088, 232.102
63.6169, 161.416
PARTICLE 12: 
356.053, 12.7132
423.912, 30.4859
102.848, 47.2737
229.347, 63.0199
PARTICLE 13: 
114.079, 37.6798
60.6748, 246.79
52.561, 96.0099
24.6162, 231.422
PARTICLE 14: 
68.2513, 114.263
166.021, 174.601
157.183, 98.54
78.869, 66.3315
PARTICLE 15: 
94.4807, 64.9871
104.652, 50.7732
79.5318, 114.353
36.1277, 147.694
PARTICLE 16: 
54.9243, 256.445
91.7209, 233.466
66.1387, 85.1071
174.403, 302.442
PARTICLE 17: 
208.282, 78.8729
133.805, 69.312
20.2223, 256.939
66.8708, 115.822
PARTICLE 18: 
99.1393, 58.559
256.632, 38.0452
137.306, 58.8362
26.3113, 184.566
PARTICLE 19: 
361.421, 207.563
114.287, 20.4882
195.188, 142.803
249.662, 124.053
PARTICLE 20: 
200.407, 149.152
76.2904, 57.4389
71.8011, 312.676
217.723, 298.476
Nodes Positions: 
492.75, 339.271
79.6762, 117.392
249.176, 444.063
474.184, 226.863
136.292, 164.592
38.5038, 497.023
61.9974, 297.024
282.31, 215.409
462.323, 258.288
325.002, 153.533
374.726, 110.851
260.815, 380.091
71.7435, 411.722
407.612, 144.379
214.274, 326.561
144.894, 372.908
309.892, 301.493
478.936, 405.154
111.121, 272.437
257.687, 395.238
97.6127, 439.633
132.208, 93.0053
414.466, 78.1166
223.717, 310.518
190.678, 190.26
436.632, 386.382
458.076, 320.475
418.042, 241.138
399.857, 466.228
9.71356, 364.724
490.761, 20.3539
354.149, 178.497
29.9794, 135.917
199.614, 202.147
382.209, 224.682
88.9995, 61.0201
169.571, 349.774
360.098, 287.354
322.839, 107.707
299.053, 5.1358
150.435, 450.534
57.1167, 36.7956
303.067, 9.78322
165.492, 85.3571
441.761, 473.475
267.54, 172.213
41.9489, 54.011
286.64, 431.454
428.442, 477.156
238.624, 43.9022
21.5816, 33.1746
387.294, 424.871
203.133, 259.358
180.989, 129.66
0.625409, 278.494
336.548, 355.646
101.971, 489.268
117.112, 248.788
232.581, 72.3478
349.642, 198.983
All particles start with velocity zero
-- ITERATION 0 --
-------------
Particle: 1:
Relays Coordinates:
249.673, 127.236
207.499, 174.134
139.312, 66.2617
197.114, 187.819
Evaluation Time: 1.51953 seconds
Resulting Fitness: 0.477778
New local best!
New global best!
-------------
Particle: 2:
Relays Coordinates:
131.017, 213.904
74.0715, 97.0502
56.8258, 336.642
212.741, 164.775
Evaluation Time: 1.65753 seconds
Resulting Fitness: 0.558333
New local best!
New global best!
-------------
Particle: 3:
Relays Coordinates:
240.262, 69.5245
128.891, 64.6611
230.859, 54.5185
32.5759, 14.329
Evaluation Time: 1.35718 seconds
Resulting Fitness: 0.366667
New local best!
-------------
Particle: 4:
Relays Coordinates:
138.051, 147.417
180.41, 43.2789
100.719, 33.9657
102.133, 119.86
Evaluation Time: 1.29026 seconds
Resulting Fitness: 0.366667
New local best!
-------------
Particle: 5:
Relays Coordinates:
6.26614, 140.447
255.508, 367.904
163.631, 262.856
102.302, 222.203
Evaluation Time: 1.69077 seconds
Resulting Fitness: 0.525
New local best!
-------------
Particle: 6:
Relays Coordinates:
292.826, 188.553
70.2043, 180.78
37.6666, 144.085
196.025, 213.892
Evaluation Time: 1.80999 seconds
Resulting Fitness: 0.552778
New local best!
-------------
Particle: 7:
Relays Coordinates:
16.4014, 325.688
41.6942, 144.883
95.1148, 158.534
80.374, 231.754
Evaluation Time: 1.3668 seconds
Resulting Fitness: 0.383333
New local best!
-------------
Particle: 8:
Relays Coordinates:
96.9794, 31.0598
235.605, 59.6237
66.8921, 70.7473
195.997, 83.2678
Evaluation Time: 1.32784 seconds
Resulting Fitness: 0.355556
New local best!
-------------
Particle: 9:
Relays Coordinates:
151.239, 159.782
245.569, 122.499
148.288, 7.64994
255.138, 251.144
Evaluation Time: 1.69973 seconds
Resulting Fitness: 0.569444
New local best!
New global best!
-------------
Particle: 10:
Relays Coordinates:
169.699, 39.0307
283.7, 8.94675
350.439, 60.4142
19.0164, 61.394
Evaluation Time: 1.4495 seconds
Resulting Fitness: 0.391667
New local best!
-------------
Particle: 11:
Relays Coordinates:
140.508, 374.857
56.6668, 56.8748
166.088, 232.102
63.6169, 161.416
Evaluation Time: 1.7045 seconds
Resulting Fitness: 0.530556
New local best!
-------------
Particle: 12:
Relays Coordinates:
356.053, 12.7132
423.912, 30.4859
102.848, 47.2737
229.347, 63.0199
Evaluation Time: 1.3329 seconds
Resulting Fitness: 0.386111
New local best!
-------------
Particle: 13:
Relays Coordinates:
114.079, 37.6798
60.6748, 246.79
52.561, 96.0099
24.6162, 231.422
Evaluation Time: 1.34162 seconds
Resulting Fitness: 0.377778
New local best!
-------------
Particle: 14:
Relays Coordinates:
68.2513, 114.263
166.021, 174.601
157.183, 98.54
78.869, 66.3315
Evaluation Time: 1.3841 seconds
Resulting Fitness: 0.377778
New local best!
-------------
Particle: 15:
Relays Coordinates:
94.4807, 64.9871
104.652, 50.7732
79.5318, 114.353
36.1277, 147.694
Evaluation Time: 1.13149 seconds
Resulting Fitness: 0.3
New local best!
-------------
Particle: 16:
Relays Coordinates:
54.9243, 256.445
91.7209, 233.466
66.1387, 85.1071
174.403, 302.442
Evaluation Time: 1.59735 seconds
Resulting Fitness: 0.486111
New local best!
-------------
Particle: 17:
Relays Coordinates:
208.282, 78.8729
133.805, 69.312
20.2223, 256.939
66.8708, 115.822
Evaluation Time: 1.39659 seconds
Resulting Fitness: 0.416667
New local best!
-------------
Particle: 18:
Relays Coordinates:
99.1393, 58.559
256.632, 38.0452
137.306, 58.8362
26.3113, 184.566
Evaluation Time: 1.35294 seconds
Resulting Fitness: 0.397222
New local best!
-------------
Particle: 19:
Relays Coordinates:
361.421, 207.563
114.287, 20.4882
195.188, 142.803
249.662, 124.053
Evaluation Time: 1.66871 seconds
Resulting Fitness: 0.561111
New local best!
-------------
Particle: 20:
Relays Coordinates:
200.407, 149.152
76.2904, 57.4389
71.8011, 312.676
217.723, 298.476
Evaluation Time: 1.81797 seconds
Resulting Fitness: 0.558333
New local best!
Current global best fitness: 0.569444
Current global best relays: 151.239, 159.782
245.569, 122.499
148.288, 7.64994
255.138, 251.144
Particle 1 new velocities: -47.3219, 8.29279
23.8965, -3.49365
7.64969, -22.0601
53.0258, 51.6133
Particle 2 new velocities: 3.36652, -41.3193
106.253, 23.3017
19.6743, -7.96707e-05
16.1664, 16.2574
Particle 3 new velocities: -25.1708, 41.0918
83.8912, 47.9757
-11.6949, -37.0482
196.798, 164.73
Particle 4 new velocities: 6.30348, 9.36606
43.8935, 102.603
51.9314, -16.0793
73.3192, 124.184
Particle 5 new velocities: 154.999, 2.9194
-5.41325, -310.317
-0.797205, -159.424
54.287, 27.478
Particle 6 new velocities: -125.252, -28.4531
13.1867, -15.6174
42.1473, -2.77809
69.0338, 21.3941
Particle 7 new velocities: 142.088, -195.101
235.999, -28.1257
25.5553, -51.0302
13.2054, 22.2677
Particle 8 new velocities: 17.4568, 30.8044
6.40636, 31.23
16.5802, -25.2304
57.4113, 16.3405
Particle 9 new velocities: 0, 0
0, 0
0, 0
0, 0
Particle 10 new velocities: -14.3094, 0.726731
-32.4343, 112.313
-168.581, -4.69575
20.773, 157.913
Particle 11 new velocities: 6.78483, -226.263
23.3364, 83.5706
-4.46241, -255.747
176.378, 68.8847
Particle 12 new velocities: -53.9738, 58.5723
-92.4672, 35.7749
25.648, -36.4798
13.974, 14.2413
Particle 13 new velocities: 14.7199, 125.82
237.059, -83.6473
74.9607, -76.8152
102.364, 16.1295
Particle 14 new velocities: 75.3671, 33.9903
40.3748, -48.3153
-4.01571, -85.5503
0.29303, 73.1718
Particle 15 new velocities: 37.5027, 119.51
112.9, 28.547
41.3429, -73.1939
45.816, 28.1929
Particle 16 new velocities: 96.067, -3.60946
189.294, -10.3779
25.4317, -50.9925
16.3022, -53.898
Particle 17 new velocities: -39.8683, 62.3893
10.4514, 56.5479
83.6622, -196.651
153.101, 80.8052
Particle 18 new velocities: 13.217, 29.1945
-13.7026, 2.56252
10.824, -64.2242
286.382, 10.9389
Particle 19 new velocities: -162.523, -13.4745
117.901, 120.973
-18.5865, -163.955
1.39875, 148.233
Particle 20 new velocities: -19.5992, 12.3864
106.733, 79.9697
49.8082, -286.153
39.9972, -5.60766
-- ITERATION 1 --
-------------
Particle: 1:
Relays Coordinates:
202.351, 135.529
231.395, 170.64
146.962, 44.2016
250.14, 239.432
Evaluation Time: 1.63391 seconds
Resulting Fitness: 0.555556
New local best!
-------------
Particle: 2:
Relays Coordinates:
88.1693, 113.233
118.311, 78.9628
50.1917, 220.871
150.186, 118.776
Evaluation Time: 1.35513 seconds
Resulting Fitness: 0.361111
-------------
Particle: 3:
Relays Coordinates:
141.121, 72.5753
139.606, 73.901
143.794, 11.4623
150.492, 117.481
Evaluation Time: 1.20119 seconds
Resulting Fitness: 0.330556
-------------
Particle: 4:
Relays Coordinates:
144.355, 156.783
224.304, 145.882
152.65, 17.8865
175.453, 244.044
Evaluation Time: 1.64505 seconds
Resulting Fitness: 0.511111
New local best!
-------------
Particle: 5:
Relays Coordinates:
117.562, 104.514
182.319, 41.9813
118.706, 75.4016
114.154, 182.017
Evaluation Time: 1.31576 seconds
Resulting Fitness: 0.391667
-------------
Particle: 6:
Relays Coordinates:
150.816, 144.09
75.0519, 148.646
71.8325, 127.176
238.553, 211.758
Evaluation Time: 1.61179 seconds
Resulting Fitness: 0.516667
-------------
Particle: 7:
Relays Coordinates:
142.64, 117.528
249.924, 105.081
108.603, 96.753
84.2215, 228.619
Evaluation Time: 1.65439 seconds
Resulting Fitness: 0.525
New local best!
-------------
Particle: 8:
Relays Coordinates:
114.436, 61.8643
242.011, 90.8536
83.4723, 45.5169
253.409, 99.6083
Evaluation Time: 1.4305 seconds
Resulting Fitness: 0.397222
New local best!
-------------
Particle: 9:
Relays Coordinates:
151.239, 159.782
245.569, 122.499
148.288, 7.64994
255.138, 251.144
Evaluation Time: 1.70128 seconds
Resulting Fitness: 0.569444
-------------
Particle: 10:
Relays Coordinates:
101.951, 26.0849
164.855, 79.5588
119.317, 36.5569
26.1059, 143.888
Evaluation Time: 1.25449 seconds
Resulting Fitness: 0.358333
-------------
Particle: 11:
Relays Coordinates:
132.563, 133.735
72.0029, 126.401
145.463, 0
215.996, 207.271
Evaluation Time: 1.52132 seconds
Resulting Fitness: 0.486111
-------------
Particle: 12:
Relays Coordinates:
302.079, 71.2854
331.445, 66.2608
128.496, 10.7939
243.321, 77.2612
Evaluation Time: 1.35231 seconds
Resulting Fitness: 0.416667
New local best!
-------------
Particle: 13:
Relays Coordinates:
115.919, 147.149
267.96, 146.828
114.77, 17.2752
114.282, 222.797
Evaluation Time: 1.70284 seconds
Resulting Fitness: 0.561111
New local best!
-------------
Particle: 14:
Relays Coordinates:
143.618, 148.253
206.396, 126.285
153.167, 12.9897
79.162, 139.503
Evaluation Time: 1.42062 seconds
Resulting Fitness: 0.427778
New local best!
-------------
Particle: 15:
Relays Coordinates:
131.983, 184.497
217.552, 79.3202
120.875, 41.1594
81.9437, 175.886
Evaluation Time: 1.41642 seconds
Resulting Fitness: 0.419444
New local best!
-------------
Particle: 16:
Relays Coordinates:
99.0654, 165.885
184.374, 146.368
60.0794, 22.3826
125.121, 163.07
Evaluation Time: 1.40708 seconds
Resulting Fitness: 0.383333
-------------
Particle: 17:
Relays Coordinates:
168.414, 141.262
144.256, 125.86
103.885, 60.2878
219.972, 196.627
Evaluation Time: 1.48245 seconds
Resulting Fitness: 0.441667
New local best!
-------------
Particle: 18:
Relays Coordinates:
101.121, 78.9782
218.636, 36.5469
133.317, 0
281.424, 175.955
Evaluation Time: 1.55107 seconds
Resulting Fitness: 0.502778
New local best!
-------------
Particle: 19:
Relays Coordinates:
161.107, 157.212
188.072, 114.584
143.047, 0
203.359, 220.551
Evaluation Time: 1.54965 seconds
Resulting Fitness: 0.505556
-------------
Particle: 20:
Relays Coordinates:
180.808, 161.538
183.023, 137.409
121.609, 26.5228
257.72, 292.868
Evaluation Time: 1.82732 seconds
Resulting Fitness: 0.569444
New local best!
Current global best fitness: 0.569444
Current global best relays: 151.239, 159.782
245.569, 122.499
148.288, 7.64994
255.138, 251.144
Particle 1 new velocities: -93.7247, 11.5618
35.819, -54.9749
7.76191, -22.7494
46.6456, 46.804
Particle 2 new velocities: 111.689, 27.5394
100.178, 59.9447
35.5284, 20.5155
173.367, 108.101
Particle 3 new velocities: 122.753, 131.129
60.0208, 54.7791
104.426, -19.3087
200.23, 212.529
Particle 4 new velocities: 5.75066, 8.6844
38.2362, 58.4952
41.3119, -14.5193
97.0814, 102.507
Particle 5 new velocities: 95.9966, 78.4019
139.007, -90.3916
37.878, 109.152
101.174, 119.944
Particle 6 new velocities: -55.6432, 53.8452
193.294, 7.20853
101.62, -101.376
29.3672, 35.3008
Particle 7 new velocities: 116.3, -121.48
185.217, -1.89145
27.4307, -55.1505
169.196, 21.7782
Particle 8 new velocities: 40.7826, 77.3735
7.71812, 53.7265
93.4044, -61.4342
47.8102, 78.8664
Particle 9 new velocities: 0, 0
0, 0
0, 0
0, 0
Particle 10 new velocities: 48.8967, 103.358
164.916, 99.1447
-82.7762, -16.2285
216.731, 110.642
Particle 11 new velocities: 27.0704, 248.446
159.341, 42.3875
13.2884, 220.355
32.3256, -7.18041
Particle 12 new velocities: -159.832, 82.412
-156.034, 58.5661
30.4277, -31.8522
22.2692, 124.315
Particle 13 new velocities: 43.2431, 116.193
182.706, -92.8668
89.264, -66.863
88.7498, 15.7387
Particle 14 new velocities: 63.1323, 35.515
75.0563, -42.5694
-4.39806, -72.5216
94.6017, 96.7321
Particle 15 new velocities: 41.7669, 90.452
98.6539, 32.414
66.5206, -64.4248
82.8298, 24.6571
Particle 16 new velocities: 84.5706, 130.06
126.294, 75.2972
28.8683, -21.8659
73.8814, 76.9063
Particle 17 new velocities: -52.5117, 63.6384
29.3699, 42.7792
71.1786, -221.909
138.088, 74.409
Particle 18 new velocities: 51.5261, 88.7945
-5.38068, 37.732
23.6594, 0.183128
196.717, 19.9377
Particle 19 new velocities: -5.67799, 42.9859
12.1945, -20.1801
-9.78958, 51.6377
39.6308, 7.86526
Particle 20 new velocities: -26.7552, 8.14633
105.37, 45.0588
43.9742, -234.974
31.3909, -49.0769
-- ITERATION 2 --
-------------
Particle: 1:
Relays Coordinates:
87.9874, 119.143
216.444, 93.6891
125.326, 17.3763
240.396, 231.851
Evaluation Time: 1.63188 seconds
Resulting Fitness: 0.527778
-------------
Particle: 2:
Relays Coordinates:
118.014, 83.1246
129.016, 82.0235
50.6169, 142.536
191.055, 133.968
Evaluation Time: 1.28253 seconds
Resulting Fitness: 0.394444
-------------
Particle: 3:
Relays Coordinates:
155.815, 120.286
117.878, 75.9843
146.571, 0
207.098, 194.868
Evaluation Time: 1.51177 seconds
Resulting Fitness: 0.475
New local best!
-------------
Particle: 4:
Relays Coordinates:
109.427, 120.626
191.392, 148.991
141.398, 2.45465
198.677, 252.636
Evaluation Time: 1.6279 seconds
Resulting Fitness: 0.516667
New local best!
-------------
Particle: 5:
Relays Coordinates:
126.104, 108.01
189.74, 0
92.4612, 108.977
127.149, 178.305
Evaluation Time: 1.29415 seconds
Resulting Fitness: 0.388889
-------------
Particle: 6:
Relays Coordinates:
77.0902, 160.327
217.36, 126.242
140.496, 20.8979
217.016, 200.117
Evaluation Time: 1.52924 seconds
Resulting Fitness: 0.502778
-------------
Particle: 7:
Relays Coordinates:
169.89, 0
285.495, 67.7029
89.2518, 27.2954
166.267, 164.286
Evaluation Time: 1.55835 seconds
Resulting Fitness: 0.461111
-------------
Particle: 8:
Relays Coordinates:
125.727, 112.783
202.281, 117.11
143.27, 0
243.987, 144.565
Evaluation Time: 1.47692 seconds
Resulting Fitness: 0.45
New local best!
-------------
Particle: 9:
Relays Coordinates:
151.239, 159.782
245.569, 122.499
148.288, 7.64994
255.138, 251.144
Evaluation Time: 1.73761 seconds
Resulting Fitness: 0.569444
-------------
Particle: 10:
Relays Coordinates:
135.763, 116.498
296.794, 160.833
32.8867, 18.2956
218.553, 229.077
Evaluation Time: 1.84258 seconds
Resulting Fitness: 0.586111
New local best!
New global best!
-------------
Particle: 11:
Relays Coordinates:
84.8359, 203.107
122.946, 89.701
84.3672, 117.105
131.968, 106.336
Evaluation Time: 1.25594 seconds
Resulting Fitness: 0.333333
-------------
Particle: 12:
Relays Coordinates:
128.022, 138.328
157.87, 112.344
143.031, 0
239.032, 181.419
Evaluation Time: 1.54226 seconds
Resulting Fitness: 0.483333
New local best!
-------------
Particle: 13:
Relays Coordinates:
93.9837, 155.501
266.114, 31.8636
120.48, 0
119.888, 140.853
Evaluation Time: 1.36178 seconds
Resulting Fitness: 0.416667
-------------
Particle: 14:
Relays Coordinates:
186.076, 165.392
253.307, 75.3444
133.892, 0
156.387, 212.612
Evaluation Time: 1.59105 seconds
Resulting Fitness: 0.513889
New local best!
-------------
Particle: 15:
Relays Coordinates:
140.738, 222.709
256.127, 90.5046
151.79, 0
133.467, 162.44
Evaluation Time: 1.63164 seconds
Resulting Fitness: 0.519444
New local best!
-------------
Particle: 16:
Relays Coordinates:
97.5917, 157.278
165.102, 117.802
47.2704, 0.274548
105.758, 127.533
Evaluation Time: 1.37735 seconds
Resulting Fitness: 0.369444
-------------
Particle: 17:
Relays Coordinates:
84.4928, 149.373
126.574, 122.938
127.621, 0
261.026, 197.585
Evaluation Time: 1.62207 seconds
Resulting Fitness: 0.497222
New local best!
-------------
Particle: 18:
Relays Coordinates:
81.1227, 89.1613
113.333, 39.4749
83.4236, 0.0973216
254.103, 104.105
Evaluation Time: 1.32124 seconds
Resulting Fitness: 0.397222
-------------
Particle: 19:
Relays Coordinates:
155.429, 200.198
200.267, 94.4037
133.258, 51.6377
242.99, 228.417
Evaluation Time: 1.74029 seconds
Resulting Fitness: 0.525
-------------
Particle: 20:
Relays Coordinates:
138.647, 152.716
259.553, 164.221
149.025, 0
260.2, 219.412
Evaluation Time: 1.75943 seconds
Resulting Fitness: 0.538889
Current global best fitness: 0.586111
Current global best relays: 135.763, 116.498
296.794, 160.833
32.8867, 18.2956
218.553, 229.077
Particle 1 new velocities: 2.37754, 21.3259
56.0999, 67.5852
-49.6143, 16.81
28.3505, 38.8503
Particle 2 new velocities: 104.803, 91.0522
139.257, 71.0284
21.8089, -13.9466
161.3, 173.837
Particle 3 new velocities: 86.4518, 102.841
237.032, 149.98
-29.82, 15.5448
162.809, 209.408
Particle 4 new velocities: 13.3201, 6.0151
166.081, 55.0952
-21.2632, -8.47999
93.6051, 77.9933
Particle 5 new velocities: -61.2801, 118.305
236.435, 290.407
89.4106, 42.3641
88.1078, 193.405
Particle 6 new velocities: 68.0084, 41.4622
60.991, 17.6718
-88.9562, -0.129283
23.0846, 79.9734
Particle 7 new velocities: 55.2817, 243.564
93.1241, 126.409
32.2704, 63.5758
110.135, 137.987
Particle 8 new velocities: 33.8549, 64.2354
21.395, 54.0861
29.9344, 15.8646
9.28899, 74.1827
Particle 9 new velocities: -11.8635, -9.37498
32.7352, 33.9867
-76.0803, 12.591
-9.31656, -6.94137
Particle 10 new velocities: 39.1173, 82.6862
131.933, 79.3157
-66.2209, -12.9828
173.385, 88.5138
Particle 11 new velocities: 38.4847, 262.351
126.773, 63.0252
-31.1654, 131.604
74.6025, 88.3625
Particle 12 new velocities: -126.519, 44.1038
-88.5413, 58.2492
-23.024, 9.48334
-3.52497, 127.404
Particle 13 new velocities: 90.9, 37.3855
181.534, 87.221
-22.9821, 41.4831
128.64, 142.165
Particle 14 new velocities: 38.165, -18.6615
97.1289, 61.0518
-53.5934, 1.34864
146.217, 80.1879
Particle 15 new velocities: 30.2005, 31.1351
84.3142, 106.033
1.54023, 14.723
141.35, 80.8497
Particle 16 new velocities: 93.5942, 139.914
51.2096, 207.93
45.4018, 115.331
221.624, 394.565
Particle 17 new velocities: 0.692345, 8.65764
51.8989, 63.5883
14.8024, 14.0044
97.213, 70.4279
Particle 18 new velocities: 78.7935, 81.561
294.959, 141.444
56.444, 16.6268
145.411, 106.396
Particle 19 new velocities: 54.3313, -19.3185
103.76, 27.4173
-58.9058, 84.366
7.63659, -68.3553
Particle 20 new velocities: 24.0597, 8.96655
52.0524, 12.2896
-108.988, 17.8603
18.0116, -18.7839
-- ITERATION 3 --
-------------
Particle: 1:
Relays Coordinates:
73.1956, 113.78
220.76, 130.632
61.3267, 27.691
217.685, 219.268
Evaluation Time: 1.72235 seconds
Resulting Fitness: 0.494444
-------------
Particle: 2:
Relays Coordinates:
180.482, 141.083
217.301, 123.972
58.6649, 104.158
285.408, 249.322
Evaluation Time: 1.7579 seconds
Resulting Fitness: 0.572222
New local best!
-------------
Particle: 3:
Relays Coordinates:
143.056, 131.754
209.571, 133.43
68.9404, 9.17904
218.427, 238.721
Evaluation Time: 1.70469 seconds
Resulting Fitness: 0.530556
New local best!
-------------
Particle: 4:
Relays Coordinates:
72.4808, 74.7801
211.084, 120.511
70.9387, 0
172.59, 195.233
Evaluation Time: 1.45465 seconds
Resulting Fitness: 0.483333
-------------
Particle: 5:
Relays Coordinates:
42.5311, 148.485
279.613, 190.536
119.326, 99.2949
141.23, 243.879
Evaluation Time: 1.70297 seconds
Resulting Fitness: 0.547222
New local best!
-------------
Particle: 6:
Relays Coordinates:
105.777, 147.105
202.918, 104.913
37.5727, 15.1404
175.033, 204.186
Evaluation Time: 1.52685 seconds
Resulting Fitness: 0.458333
-------------
Particle: 7:
Relays Coordinates:
182.389, 197.287
306.682, 157.231
98.433, 73.6057
223.886, 244.841
Evaluation Time: 1.88103 seconds
Resulting Fitness: 0.619444
New local best!
New global best!
-------------
Particle: 8:
Relays Coordinates:
129.262, 143.385
181.177, 138.669
140.296, 12.8504
205.154, 177.185
Evaluation Time: 1.42176 seconds
Resulting Fitness: 0.447222
-------------
Particle: 9:
Relays Coordinates:
139.376, 150.407
278.304, 156.486
72.2078, 20.2409
245.822, 244.203
Evaluation Time: 1.81484 seconds
Resulting Fitness: 0.575
New local best!
-------------
Particle: 10:
Relays Coordinates:
103.265, 117.616
253.159, 141.805
0, 3.13714
231.435, 187.534
Evaluation Time: 1.66217 seconds
Resulting Fitness: 0.494444
-------------
Particle: 11:
Relays Coordinates:
72.8196, 274.848
147.456, 90.1833
31.4151, 146.86
121.978, 114.968
Evaluation Time: 1.36138 seconds
Resulting Fitness: 0.436111
-------------
Particle: 12:
Relays Coordinates:
0.986362, 119.693
45.4867, 111.926
78.7368, 6.22202
154.516, 202.618
Evaluation Time: 1.29679 seconds
Resulting Fitness: 0.386111
-------------
Particle: 13:
Relays Coordinates:
109.172, 113.898
264.331, 70.3182
57.5714, 24.4953
146.753, 167.119
Evaluation Time: 1.55919 seconds
Resulting Fitness: 0.444444
-------------
Particle: 14:
Relays Coordinates:
163.471, 106.966
255.468, 99.4329
58.5378, 0.983161
220.599, 213.451
Evaluation Time: 1.71056 seconds
Resulting Fitness: 0.533333
New local best!
-------------
Particle: 15:
Relays Coordinates:
100.937, 149.892
201.027, 116.053
90.5401, 8.69376
162.277, 143.66
Evaluation Time: 1.44113 seconds
Resulting Fitness: 0.416667
-------------
Particle: 16:
Relays Coordinates:
139.375, 216.653
157.691, 237.459
67.558, 84.2763
238.661, 364.5
Evaluation Time: 1.68086 seconds
Resulting Fitness: 0.508333
New local best!
-------------
Particle: 17:
Relays Coordinates:
62.1, 115.204
130.106, 135.978
103.827, 10.2092
261.156, 195.382
Evaluation Time: 1.58436 seconds
Resulting Fitness: 0.483333
-------------
Particle: 18:
Relays Coordinates:
94.4289, 100.81
241.092, 106.831
82.5904, 9.87544
235.909, 124.299
Evaluation Time: 1.5045 seconds
Resulting Fitness: 0.419444
-------------
Particle: 19:
Relays Coordinates:
188.784, 162.791
273.624, 109.639
66.9166, 122.403
225.564, 144.055
Evaluation Time: 1.5309 seconds
Resulting Fitness: 0.488889
-------------
Particle: 20:
Relays Coordinates:
131.793, 130.963
252.401, 142.973
32.4301, 14.4669
225.351, 162.509
Evaluation Time: 1.57706 seconds
Resulting Fitness: 0.466667
Current global best fitness: 0.619444
Current global best relays: 182.389, 197.287
306.682, 157.231
98.433, 73.6057
223.886, 244.841
Particle 1 new velocities: 173.601, 119.309
77.4333, 133.279
76.0576, 65.6102
40.1651, 40.0355
Particle 2 new velocities: 85.6688, 111.866
162.005, 70.0594
63.0069, -31.9074
63.9849, 134.671
Particle 3 new velocities: 74.6734, 123.512
227.867, 141.206
-7.38687, 72.9076
133.166, 175.38
Particle 4 new velocities: 73.6574, 177.118
114.395, 62.5255
35.5264, 18.774
95.2306, 152.494
Particle 5 new velocities: 36.3666, 101.86
193.127, 211.955
50.2168, 30.5655
72.3867, 154.937
Particle 6 new velocities: 333.377, 141.66
104.389, 75.8891
-28.2616, 258.04
74.4783, 79.9116
Particle 7 new velocities: 44.2253, 194.851
74.4993, 101.127
25.8164, 50.8607
88.1079, 110.389
Particle 8 new velocities: 72.4278, 29.5015
99.6734, 44.8195
8.48598, -7.12555
63.4896, 31.2098
Particle 9 new velocities: 43.5761, 31.498
40.4306, 28.0491
-28.4513, 65.4167
-19.2344, -5.5349
Particle 10 new velocities: 129.595, 106.034
177.09, 96.2819
136.836, 3.17567
119.068, 160.477
Particle 11 new velocities: 54.8142, 244.598
101.533, 88.2925
193.376, 152.598
107.025, 205.731
Particle 12 new velocities: 302.448, 108.766
98.9126, 65.3145
50.1764, 79.2195
76.0409, 119.71
Particle 13 new velocities: 137.099, 64.2291
155.173, 185.626
7.68439, 73.536
94.5598, 242.043
Particle 14 new velocities: 44.6469, 49.7064
143.185, 104.772
-3.60796, 46.5379
116.981, 89.8445
Particle 15 new velocities: 116.84, 194.111
172.294, 88.238
111.325, 40.7723
162.359, 196.857
Particle 16 new velocities: 91.6046, 108.72
197.581, 119.807
72.1046, 86.1035
165.335, -153.828
Particle 17 new velocities: 8.32167, 57.3402
100.144, 50.9164
19.4016, 74.7143
39.3454, 65.7951
Particle 18 new velocities: 91.0785, 91.5653
275.739, 80.4268
111.041, 0.255399
120.498, 241.638
Particle 19 new velocities: 300.921, 96.1737
-84.8371, 64.0789
79.1367, 12.1558
39.8099, 39.4079
Particle 20 new velocities: 93.9574, 59.7634
35.9219, 9.59382
-44.0384, 80.7003
19.7895, 157.486
-- ITERATION 4 --
-------------
Particle: 1:
Relays Coordinates:
199.906, 188.802
241.537, 213.768
111.281, 75.5739
208.858, 210.036
Evaluation Time: 1.52625 seconds
Resulting Fitness: 0.483333
-------------
Particle: 2:
Relays Coordinates:
174.621, 165.96
248.863, 127.304
79.8288, 47.4034
229.236, 251.938
Evaluation Time: 1.76864 seconds
Resulting Fitness: 0.580556
New local best!
-------------
Particle: 3:
Relays Coordinates:
142.852, 167.48
287.002, 180.189
40.3853, 53.857
230.68, 271.692
Evaluation Time: 1.78565 seconds
Resulting Fitness: 0.575
New local best!
-------------
Particle: 4:
Relays Coordinates:
86.2931, 148.743
192.192, 108.081
62.8666, 11.0858
158.145, 205.33
Evaluation Time: 1.51526 seconds
Resulting Fitness: 0.466667
-------------
Particle: 5:
Relays Coordinates:
46.5883, 147.827
279.148, 237.667
100.113, 76.6813
126.138, 235.497
Evaluation Time: 1.85012 seconds
Resulting Fitness: 0.588889
New local best!
-------------
Particle: 6:
Relays Coordinates:
233.384, 153.461
163.315, 96.0858
4.94829, 145.179
132.601, 150.981
Evaluation Time: 1.51599 seconds
Resulting Fitness: 0.441667
-------------
Particle: 7:
Relays Coordinates:
120.432, 208.398
202.575, 137.302
66.0312, 66.1465
165.806, 188.784
Evaluation Time: 1.57369 seconds
Resulting Fitness: 0.480556
-------------
Particle: 8:
Relays Coordinates:
163.368, 140.038
227.489, 148.626
120.513, 4.63709
217.601, 168.8
Evaluation Time: 1.45503 seconds
Resulting Fitness: 0.463889
New local best!
-------------
Particle: 9:
Relays Coordinates:
164.657, 163.714
286.861, 166.082
39.3809, 77.0919
203.929, 214.801
Evaluation Time: 1.62676 seconds
Resulting Fitness: 0.555556
-------------
Particle: 10:
Relays Coordinates:
137.501, 132.063
254.058, 140.588
80.8003, 3.72766
206.969, 205.497
Evaluation Time: 1.68141 seconds
Resulting Fitness: 0.525
-------------
Particle: 11:
Relays Coordinates:
61.0468, 239.148
119.091, 85.3644
107.517, 143.23
109.531, 153.389
Evaluation Time: 1.33005 seconds
Resulting Fitness: 0.377778
-------------
Particle: 12:
Relays Coordinates:
273.091, 205.613
129.959, 159.517
116.022, 76.8974
207.501, 290.095
Evaluation Time: 1.87938 seconds
Resulting Fitness: 0.608333
New local best!
-------------
Particle: 13:
Relays Coordinates:
161.578, 116.869
275.237, 167.925
42.8143, 64.3184
158.325, 268.451
Evaluation Time: 1.87026 seconds
Resulting Fitness: 0.591667
New local best!
-------------
Particle: 14:
Relays Coordinates:
151.718, 114.214
290.618, 148.865
40.0438, 34.6428
246.096, 221.102
Evaluation Time: 1.82396 seconds
Resulting Fitness: 0.580556
New local best!
-------------
Particle: 15:
Relays Coordinates:
142.884, 225.7
244.936, 134.035
132.444, 32.4547
212.994, 223.413
Evaluation Time: 1.77894 seconds
Resulting Fitness: 0.541667
New local best!
-------------
Particle: 16:
Relays Coordinates:
151.545, 213.477
233.094, 234.402
91.6327, 111.786
265.062, 138.222
Evaluation Time: 1.8851 seconds
Resulting Fitness: 0.602778
New local best!
-------------
Particle: 17:
Relays Coordinates:
70.4216, 172.544
230.25, 186.894
123.228, 84.9235
300.501, 261.177
Evaluation Time: 1.7375 seconds
Resulting Fitness: 0.588889
New local best!
-------------
Particle: 18:
Relays Coordinates:
109.54, 113.596
295.245, 110.574
114.337, 5.98216
210.455, 216.082
Evaluation Time: 1.78055 seconds
Resulting Fitness: 0.552778
New local best!
-------------
Particle: 19:
Relays Coordinates:
289.166, 152.916
111.477, 102.579
86.243, 79.4559
156.701, 108.333
Evaluation Time: 1.58548 seconds
Resulting Fitness: 0.505556
-------------
Particle: 20:
Relays Coordinates:
133.303, 112.622
170.252, 90.0893
0, 56.1953
144.753, 188.954
Evaluation Time: 1.40516 seconds
Resulting Fitness: 0.422222
Current global best fitness: 0.619444
Current global best relays: 182.389, 197.287
306.682, 157.231
98.433, 73.6057
223.886, 244.841
Particle 1 new velocities: 125.425, 24.5771
97.6234, 65.168
86.8012, 26.9559
57.783, 96.2879
Particle 2 new velocities: 71.9607, 127.407
153.194, 80.4999
50.6098, 2.41124
47.6372, 105.302
Particle 3 new velocities: 87.4064, 136.953
197.938, 103.797
42.0402, 63.3456
101.8, 106.148
Particle 4 new velocities: 128.717, 115.878
96.6104, 79.9596
171.004, 75.2469
159.735, 194.296
Particle 5 new velocities: 146.312, 133.18
185.035, 107.176
38.969, 23.9923
144.451, 132.624
Particle 6 new velocities: 311.387, 156.761
113.397, 225.416
125.572, 125.555
266.807, 236.95
Particle 7 new velocities: 125.668, 135.113
237.98, 95.9682
79.36, 55.6859
225.187, 196.102
Particle 8 new velocities: 59.2872, 27.8362
177.465, 38.7901
6.3249, 20.1598
56.1837, 67.7287
Particle 9 new velocities: 22.429, 14.2181
45.0235, 6.65671
12.5739, -20.0822
6.28268, 20.6235
Particle 10 new velocities: 123.986, 157.599
223.959, 105.056
41.2088, 41.8514
127.517, 140.646
Particle 11 new velocities: 195.054, 54.8191
86.3609, 70.1031
171.454, 84.1283
117.889, 258.367
Particle 12 new velocities: 166.496, 84.009
233.021, 51.7165
31.64, 59.5439
79.8128, 93.9078
Particle 13 new velocities: 113.567, 93.604
131.089, 145.456
60.5392, 65.4669
140.846, 186
Particle 14 new velocities: 40.2974, 57.9676
128.675, 86.7221
47.2438, 57.2011
73.2226, 92.9616
Particle 15 new velocities: 104.82, 131.245
148.32, 100.296
54.7935, 60.4048
132.794, 174.125
Particle 16 new velocities: 110.584, 80.0465
172.097, 80.746
64.836, 46.005
107.996, 6.34015
Particle 17 new velocities: 109.863, 77.2635
95.2306, 2.47604
-2.9737, 50.7068
15.8569, 48.2799
Particle 18 new velocities: 90.7044, 93.4171
1.77916, 104.879
69.1988, 57.5914
107.21, 196.654
Particle 19 new velocities: 325.936, 153.389
58.8515, -41.71
155.521, 17.412
130.59, 223.166
Particle 20 new velocities: 148.094, 184.318
188.452, 80.6704
151.653, 64.1952
169.397, 256.34
-- ITERATION 5 --
-------------
Particle: 1:
Relays Coordinates:
213.449, 139.998
222.523, 183.01
129.962, 67.2698
174.943, 200.979
Evaluation Time: 1.55492 seconds
Resulting Fitness: 0.480556
-------------
Particle: 2:
Relays Coordinates:
131.044, 155.908
213.67, 110.436
69.3204, 26.4736
147.142, 189.852
Evaluation Time: 1.48401 seconds
Resulting Fitness: 0.466667
-------------
Particle: 3:
Relays Coordinates:
135.965, 179.765
286.353, 167.691
48.6714, 69.207
196.326, 223.11
Evaluation Time: 1.78306 seconds
Resulting Fitness: 0.591667
New local best!
-------------
Particle: 4:
Relays Coordinates:
126.961, 156.256
170.535, 111.036
138.098, 50.9786
187.705, 235.975
Evaluation Time: 1.49669 seconds
Resulting Fitness: 0.466667
-------------
Particle: 5:
Relays Coordinates:
140.624, 204.854
338.389, 251.39
101.391, 73.3911
197.26, 268.36
Evaluation Time: 2.04061 seconds
Resulting Fitness: 0.652778
New local best!
New global best!
-------------
Particle: 6:
Relays Coordinates:
239.148, 148.378
132.351, 153.773
62.4275, 129.491
191.035, 185.546
Evaluation Time: 1.64578 seconds
Resulting Fitness: 0.488889
-------------
Particle: 7:
Relays Coordinates:
145.32, 202.84
260.143, 137.744
85.852, 71.9408
230.878, 227.271
Evaluation Time: 1.75699 seconds
Resulting Fitness: 0.583333
-------------
Particle: 8:
Relays Coordinates:
200.39, 151.087
364.458, 168.674
114.154, 22.3172
246.406, 212.876
Evaluation Time: 1.73376 seconds
Resulting Fitness: 0.552778
New local best!
-------------
Particle: 9:
Relays Coordinates:
151.539, 144.125
268.826, 139.918
42.0833, 46.1779
170.271, 190.694
Evaluation Time: 1.7005 seconds
Resulting Fitness: 0.533333
-------------
Particle: 10:
Relays Coordinates:
138.965, 153.938
254.037, 130.545
64.8406, 24.2226
177.759, 183.954
Evaluation Time: 1.59047 seconds
Resulting Fitness: 0.494444
-------------
Particle: 11:
Relays Coordinates:
151.225, 173.585
121.317, 91.802
164.729, 134.253
134.289, 243.138
Evaluation Time: 1.4188 seconds
Resulting Fitness: 0.433333
-------------
Particle: 12:
Relays Coordinates:
288.413, 190.021
238.151, 138.59
96.8809, 89.5191
188.507, 251.945
Evaluation Time: 1.73977 seconds
Resulting Fitness: 0.6
-------------
Particle: 13:
Relays Coordinates:
222.867, 170.483
329.124, 253.839
83.7164, 105.126
242.329, 368.105
Evaluation Time: 2.02256 seconds
Resulting Fitness: 0.619444
New local best!
-------------
Particle: 14:
Relays Coordinates:
155.533, 139.467
339.627, 190.826
70.703, 74.3936
258.648, 254.392
Evaluation Time: 1.86933 seconds
Resulting Fitness: 0.608333
New local best!
-------------
Particle: 15:
Relays Coordinates:
146.266, 210.773
232.214, 138.37
110.562, 54.8326
204.184, 234.742
Evaluation Time: 1.67148 seconds
Resulting Fitness: 0.555556
New local best!
-------------
Particle: 16:
Relays Coordinates:
171.983, 192.581
265.846, 206.768
102.659, 103.527
244.763, 94.8474
Evaluation Time: 1.74492 seconds
Resulting Fitness: 0.566667
-------------
Particle: 17:
Relays Coordinates:
146.03, 202.344
263.639, 153.39
97.4063, 109.861
256.25, 250.66
Evaluation Time: 1.82533 seconds
Resulting Fitness: 0.619444
New local best!
-------------
Particle: 18:
Relays Coordinates:
145.978, 150.912
216.531, 157.065
133.798, 46.3451
231.578, 300.885
Evaluation Time: 1.79238 seconds
Resulting Fitness: 0.561111
New local best!
-------------
Particle: 19:
Relays Coordinates:
295.245, 180.87
100.577, 35.9423
142.759, 57.1995
169.642, 195.747
Evaluation Time: 1.81856 seconds
Resulting Fitness: 0.527778
-------------
Particle: 20:
Relays Coordinates:
184.625, 194.823
235.346, 112.035
99.4992, 78.9882
206.114, 292.157
Evaluation Time: 1.85991 seconds
Resulting Fitness: 0.613889
New local best!
Current global best fitness: 0.652778
Current global best relays: 140.624, 204.854
338.389, 251.39
101.391, 73.3911
197.26, 268.36
Particle 1 new velocities: 57.4524, 67.6003
138.718, 54.4585
62.8966, 3.87774
104.064, 119.7
Particle 2 new velocities: 93.9129, 156.481
330.028, 191.696
90.9949, 49.8709
151.205, 180.909
Particle 3 new velocities: 73.5657, 142.117
159.37, 108.15
93.3207, 53.3192
81.4561, 103.05
Particle 4 new velocities: 79.0499, 114.902
209.062, 168.589
109.935, 11.7809
143.845, 195.938
Particle 5 new velocities: 117.05, 106.544
148.028, 85.7406
31.1752, 19.1938
115.561, 106.099
Particle 6 new velocities: 49.441, 235.97
84.2132, 250.663
75.9494, 115.958
227.258, 244.653
Particle 7 new velocities: 140.553, 106.603
255.236, 108.725
83.5327, 45.3509
161.81, 187.57
Particle 8 new velocities: 40.5215, 41.446
125.839, 119.436
-4.38808, 31.4244
39.4864, 113.116
Particle 9 new velocities: 9.52263, 58.2644
125.291, 109.24
100.979, -40.4015
131.989, 161.875
Particle 10 new velocities: 94.9986, 121.929
297.339, 256.473
62.0204, 74.0427
132.253, 285.598
Particle 11 new velocities: 150.597, 93.1102
143.442, 81.8551
73.6183, 94.0295
116.402, 147.823
Particle 12 new velocities: 128.633, 80.5217
135.979, 77.2233
34.3163, 35.8798
95.0993, 116.907
Particle 13 new velocities: -0.087618, 87.3933
112.443, 115.947
60.5572, 28.5477
78.0849, 60.8473
Particle 14 new velocities: 16.8551, 64.0503
101.483, 89.3116
65.0618, 45.1452
52.44, 77.1235
Particle 15 new velocities: 77.2795, 102.644
170.001, 222.883
33.2299, 52.5753
102.516, 157.641
Particle 16 new velocities: 24.1365, 78.5399
172.319, 132.169
46.9331, 1.73422
81.4957, 225.081
Particle 17 new velocities: 83.9221, 64.5035
91.3058, 41.939
0.389687, 31.82
-45.5581, 46.8218
Particle 18 new velocities: 68.8547, 114.129
144.359, 195.7
43.8396, 47.86
75.3806, 140.88
Particle 19 new velocities: -120.847, 146.854
234.779, 85.7689
163.376, 145.815
161.754, 165.85
Particle 20 new velocities: 73.6717, 154.926
199.411, 134.264
123.126, 50.7337
126.158, 181.839
-- ITERATION 6 --
-------------
Particle: 1:
Relays Coordinates:
197.487, 151.339
263.345, 173.114
140.594, 51.8666
203.396, 233.775
Evaluation Time: 1.70595 seconds
Resulting Fitness: 0.55
-------------
Particle: 2:
Relays Coordinates:
132.835, 184.462
295.245, 178.406
94.6646, 45.0806
176.171, 218.931
Evaluation Time: 1.81382 seconds
Resulting Fitness: 0.586111
New local best!
-------------
Particle: 3:
Relays Coordinates:
152.748, 234.652
324.932, 201.088
103.512, 89.3216
202.503, 237.771
Evaluation Time: 1.92078 seconds
Resulting Fitness: 0.619444
New local best!
-------------
Particle: 4:
Relays Coordinates:
121.647, 160.116
224.149, 165.116
146.461, 37.0589
195.777, 255.04
Evaluation Time: 1.69184 seconds
Resulting Fitness: 0.552778
New local best!
-------------
Particle: 5:
Relays Coordinates:
152.154, 183.877
287.225, 199.072
78.279, 54.6705
184.718, 221.114
Evaluation Time: 1.71755 seconds
Resulting Fitness: 0.544444
-------------
Particle: 6:
Relays Coordinates:
153.368, 204.258
115.091, 214.934
73.5392, 130.442
222.298, 228.626
Evaluation Time: 1.56443 seconds
Resulting Fitness: 0.511111
-------------
Particle: 7:
Relays Coordinates:
187.561, 203.025
328.05, 161.708
111.133, 76.9551
257.642, 272.177
Evaluation Time: 1.84159 seconds
Resulting Fitness: 0.638889
New local best!
-------------
Particle: 8:
Relays Coordinates:
175.624, 140.356
357.427, 210.032
80.0195, 39.1777
208.416, 237.648
Evaluation Time: 1.85387 seconds
Resulting Fitness: 0.627778
New local best!
-------------
Particle: 9:
Relays Coordinates:
117.414, 147.542
287.312, 181.637
104.293, 4.21096
220.347, 257.023
Evaluation Time: 1.78173 seconds
Resulting Fitness: 0.580556
New local best!
-------------
Particle: 10:
Relays Coordinates:
170.56, 201.107
364.5, 282.136
92.4817, 71.6354
225.999, 342.304
Evaluation Time: 2.0732 seconds
Resulting Fitness: 0.658333
New local best!
New global best!
-------------
Particle: 11:
Relays Coordinates:
144.361, 127.559
126.633, 83.0596
114.001, 109.187
119.905, 186.995
Evaluation Time: 1.24123 seconds
Resulting Fitness: 0.347222
-------------
Particle: 12:
Relays Coordinates:
246.261, 159.753
220.92, 127.436
77.4707, 74.0468
167.467, 217.803
Evaluation Time: 1.68125 seconds
Resulting Fitness: 0.516667
-------------
Particle: 13:
Relays Coordinates:
162.406, 187.992
321.903, 269.574
105.175, 97.4482
233.582, 312.706
Evaluation Time: 1.85741 seconds
Resulting Fitness: 0.661111
New local best!
New global best!
-------------
Particle: 14:
Relays Coordinates:
139.634, 164.849
357.3, 226.911
109.969, 96.8265
251.981, 268.527
Evaluation Time: 1.88769 seconds
Resulting Fitness: 0.613889
New local best!
-------------
Particle: 15:
Relays Coordinates:
146.668, 205.633
263.893, 237.018
94.3417, 70.4703
201.226, 257.442
Evaluation Time: 1.62315 seconds
Resulting Fitness: 0.558333
New local best!
-------------
Particle: 16:
Relays Coordinates:
158.857, 219.608
354.913, 274.539
121.17, 85.2614
264.27, 259.142
Evaluation Time: 1.85325 seconds
Resulting Fitness: 0.666667
New local best!
New global best!
-------------
Particle: 17:
Relays Coordinates:
186.261, 216.147
287.506, 158.216
79.2147, 114.761
170.661, 240.96
Evaluation Time: 1.74111 seconds
Resulting Fitness: 0.616667
-------------
Particle: 18:
Relays Coordinates:
156.613, 193.215
263.089, 257.165
129.498, 68.6755
223.773, 322.047
Evaluation Time: 1.80844 seconds
Resulting Fitness: 0.605556
New local best!
-------------
Particle: 19:
Relays Coordinates:
75.0726, 141.075
144.36, 52.3927
131.781, 87.391
142.655, 155.655
Evaluation Time: 1.26026 seconds
Resulting Fitness: 0.361111
-------------
Particle: 20:
Relays Coordinates:
152.521, 206.523
256.72, 145.437
131.458, 76.5995
196.203, 279.89
Evaluation Time: 1.76127 seconds
Resulting Fitness: 0.591667
Current global best fitness: 0.666667
Current global best relays: 158.857, 219.608
354.913, 274.539
121.17, 85.2614
264.27, 259.142
Particle 1 new velocities: 5.83762, 133.234
151.563, 80.9357
33.9083, 22.5339
165.158, 128.443
Particle 2 new velocities: 102.74, 165.888
56.2848, 248.394
81.8363, 81.0956
170.405, 172.429
Particle 3 new velocities: 65.9531, 109.514
156.671, 90.6281
89.8653, 40.7293
118.427, 86.5029
Particle 4 new velocities: 64.8619, 133.345
194.625, 236.918
84.4242, 28.887
134.494, 161.742
Particle 5 new velocities: 83.3478, 94.5839
165.35, 218.99
85.7446, 74.7831
145.627, 131.237
Particle 6 new velocities: 141.99, 203.591
363.176, 232.892
59.0629, 68.7186
202.043, 216.935
Particle 7 new velocities: 82.094, 93.9601
33.8978, 148.74
70.077, 36.5436
133.136, 141.187
Particle 8 new velocities: 29.8649, 111.031
99.402, 104.853
14.7663, 65.5691
98.5108, 117.337
Particle 9 new velocities: 47.9939, 53.9271
164.963, 135.757
100.612, 5.31101
113.732, 132.025
Particle 10 new velocities: 61.6374, 106.276
-0.162854, 195.944
75.9116, 64.9749
152.407, 151.892
Particle 11 new velocities: 116.081, 482.691
123.623, 190.975
97.4787, 262.807
57.4557, 127.884
Particle 12 new velocities: 101.365, 144.416
27.6381, 150.844
51.9807, 46.9933
227.778, 217.252
Particle 13 new velocities: -1.39831, 91.8458
132.552, 94.9542
58.4383, 12.608
72.6958, -18.3211
Particle 14 new velocities: 14.2821, 51.4871
80.4743, 132.9
65.5217, 28.3839
56.7009, 59.6497
Particle 15 new velocities: 61.8671, 91.5942
188.226, 216.18
50.3958, 48.9586
127.524, 126.446
Particle 16 new velocities: 19.3092, 62.8319
137.855, 105.735
37.5465, 1.38738
65.1966, 180.065
Particle 17 new velocities: 23.5981, 45.3424
60.2606, 173.073
52.3927, -5.52832
139.329, 71.2855
Particle 18 new velocities: 56.1069, 121.172
214.643, 174.437
31.7845, 39.4415
76.6192, 73.5816
Particle 19 new velocities: 30.5104, 218.938
183.86, 207.931
196.842, 152.655
344.389, 240.521
Particle 20 new velocities: 69.0116, 117.996
247.992, 174.001
86.8479, 46.8944
183.533, 133.806
-- ITERATION 7 --
-------------
Particle: 1:
Relays Coordinates:
148.224, 207.454
302.468, 185.202
127.212, 54.2379
268.676, 264.057
Evaluation Time: 1.82674 seconds
Resulting Fitness: 0.558333
New local best!
-------------
Particle: 2:
Relays Coordinates:
154.56, 229.865
230.639, 280.023
115.802, 82.7842
227.388, 256.771
Evaluation Time: 1.6049 seconds
Resulting Fitness: 0.566667
-------------
Particle: 3:
Relays Coordinates:
143.49, 225.807
315.979, 191.395
126.875, 85.3264
210.562, 212.756
Evaluation Time: 1.7654 seconds
Resulting Fitness: 0.583333
-------------
Particle: 4:
Relays Coordinates:
110.132, 173.286
247.281, 237.397
136.336, 38.9404
195.022, 246.106
Evaluation Time: 1.7133 seconds
Resulting Fitness: 0.572222
New local best!
-------------
Particle: 5:
Relays Coordinates:
171.681, 202.998
329.927, 304.767
119.573, 94.3716
240.822, 256.864
Evaluation Time: 1.95597 seconds
Resulting Fitness: 0.65
-------------
Particle: 6:
Relays Coordinates:
156.965, 216.748
254.171, 237.993
70.4702, 105.842
225.512, 236.789
Evaluation Time: 1.60123 seconds
Resulting Fitness: 0.541667
-------------
Particle: 7:
Relays Coordinates:
176.921, 194.852
237.474, 203.685
118.892, 74.4665
256.39, 271.208
Evaluation Time: 1.63712 seconds
Resulting Fitness: 0.566667
-------------
Particle: 8:
Relays Coordinates:
166.446, 203.624
370.031, 255.057
76.7765, 84.8449
248.611, 287.538
Evaluation Time: 2.01725 seconds
Resulting Fitness: 0.683333
New local best!
New global best!
-------------
Particle: 9:
Relays Coordinates:
97.6718, 118.966
267.064, 187.417
120.994, 5.62263
197.27, 229.729
Evaluation Time: 1.83014 seconds
Resulting Fitness: 0.547222
-------------
Particle: 10:
Relays Coordinates:
152.344, 201.674
239.042, 313.669
110.483, 89.63
248.272, 324.241
Evaluation Time: 1.63119 seconds
Resulting Fitness: 0.538889
-------------
Particle: 11:
Relays Coordinates:
100.901, 193.71
96.9545, 106.167
81.9315, 144.118
68.713, 121.991
Evaluation Time: 1.29615 seconds
Resulting Fitness: 0.316667
-------------
Particle: 12:
Relays Coordinates:
253.42, 221.739
181.199, 202.866
94.37, 88.2383
288.134, 317.155
Evaluation Time: 1.90578 seconds
Resulting Fitness: 0.627778
New local best!
-------------
Particle: 13:
Relays Coordinates:
117.375, 204.002
331.297, 265.741
119.274, 80.231
223.276, 214.607
Evaluation Time: 1.95027 seconds
Resulting Fitness: 0.633333
-------------
Particle: 14:
Relays Coordinates:
100.984, 141.938
287.224, 236.072
115.14, 82.1505
202.526, 215.317
Evaluation Time: 1.79933 seconds
Resulting Fitness: 0.552778
-------------
Particle: 15:
Relays Coordinates:
168.914, 240.754
366.217, 367.091
117.237, 96.7375
266.287, 310.95
Evaluation Time: 2.08596 seconds
Resulting Fitness: 0.669444
New local best!
-------------
Particle: 16:
Relays Coordinates:
116.895, 185.309
323.305, 249.498
104.134, 56.8503
216.163, 288.164
Evaluation Time: 1.99667 seconds
Resulting Fitness: 0.683333
New local best!
-------------
Particle: 17:
Relays Coordinates:
188.874, 235.34
312.99, 298.16
118.447, 98.3096
278.991, 281.021
Evaluation Time: 2.00179 seconds
Resulting Fitness: 0.563889
-------------
Particle: 18:
Relays Coordinates:
155.073, 229.188
348.266, 314.638
117.575, 78.8173
218.986, 288.413
Evaluation Time: 2.09081 seconds
Resulting Fitness: 0.641667
New local best!
-------------
Particle: 19:
Relays Coordinates:
40.905, 139.476
127.159, 100.855
127.315, 92.9986
188.691, 153.487
Evaluation Time: 1.38664 seconds
Resulting Fitness: 0.394444
-------------
Particle: 20:
Relays Coordinates:
130.813, 191.625
295.245, 188.625
128.908, 72.9219
224.231, 244.283
Evaluation Time: 1.85247 seconds
Resulting Fitness: 0.605556
Current global best fitness: 0.683333
Current global best relays: 166.446, 203.624
370.031, 255.057
76.7765, 84.8449
248.611, 287.538
Particle 1 new velocities: 9.95463, 103.565
168.255, 117.518
-15.9898, 20.5903
108.874, 108.378
Particle 2 new velocities: 67.9572, 105.894
129.85, 159.788
18.5253, 46.2675
75.7655, 100.315
Particle 3 new velocities: 83.9626, 85.9406
172.789, 102.605
19.8226, 38.4634
120.795, 158.122
Particle 4 new velocities: 103.875, 121.09
222.484, 197.029
64.1475, 42.1377
151.646, 173.298
Particle 5 new velocities: 41.6327, 76.3905
149.311, 87.7876
39.9843, 21.5183
81.1531, 114.655
Particle 6 new velocities: 172.436, 114.689
139.791, 168.049
53.1772, 84.1147
170.747, 191.199
Particle 7 new velocities: 76.2835, 78.1721
114.686, 140.332
13.3086, 43.7246
104.053, 130.06
Particle 8 new velocities: 23.8919, 88.825
79.5216, 83.8828
11.8131, 52.4553
78.8086, 93.8697
Particle 9 new velocities: 114.302, 85.4801
195.054, 122.468
33.0091, 13.7958
136.57, 182.049
Particle 10 new velocities: 75.9445, 85.8018
150.853, 53.4435
17.7592, 33.6273
115.879, 97.4642
Particle 11 new velocities: 114.108, 155.692
206.366, 207.375
168.626, 220.88
58.2416, 369.002
Particle 12 new velocities: 78.2751, 99.1494
70.372, 136.705
32.897, 34.4284
159.077, 163.3
Particle 13 new velocities: 68.0949, 58.6556
116.956, 70.4607
-18.1324, 27.7769
80.979, 130.867
Particle 14 new velocities: 142.257, 144.754
234.216, 124.781
17.3236, 36.7712
129.748, 108.546
Particle 15 new velocities: 47.9847, 25.0825
155.289, 39.7044
24.2595, 36.0783
88.3855, 78.0086
Particle 16 new velocities: 62.5032, 56.6547
141.223, 89.3317
8.46566, 18.8646
56.9755, 143.38
Particle 17 new velocities: -17.7749, -11.3127
48.8618, -58.6905
-16.5014, -9.45541
59.1266, 34.6143
Particle 18 new velocities: 54.9197, 81.47
188.922, 67.1167
-7.11966, 38.4252
69.5157, 58.0397
Particle 19 new velocities: 255.384, 239.511
207.287, 222.411
170.628, 123.023
366.505, 265.368
Particle 20 new velocities: 102.32, 99.0979
19.4061, 118.08
44.6686, 45.768
171.148, 180.646
-- ITERATION 8 --
-------------
Particle: 1:
Relays Coordinates:
93.4028, 183.653
277.957, 178.753
65.6757, 44.1853
222.939, 219.919
Evaluation Time: 1.82342 seconds
Resulting Fitness: 0.563889
New local best!
-------------
Particle: 2:
Relays Coordinates:
145.994, 220.292
236.517, 288.56
88.1323, 84.6708
198.899, 234.284
Evaluation Time: 1.67796 seconds
Resulting Fitness: 0.572222
-------------
Particle: 3:
Relays Coordinates:
165.813, 227.264
356.313, 214.326
106.943, 90.2427
241.56, 270.37
Evaluation Time: 1.90955 seconds
Resulting Fitness: 0.663889
New local best!
-------------
Particle: 4:
Relays Coordinates:
140.41, 193.14
308.213, 285.027
131.537, 53.1953
227.449, 275.171
Evaluation Time: 1.9903 seconds
Resulting Fitness: 0.627778
New local best!
-------------
Particle: 5:
Relays Coordinates:
155.505, 203.674
349.365, 286.172
116.317, 84.4838
234.72, 270.837
Evaluation Time: 2.04995 seconds
Resulting Fitness: 0.666667
New local best!
-------------
Particle: 6:
Relays Coordinates:
194.508, 195.71
232.63, 239.764
73.0125, 112.167
233.987, 252.723
Evaluation Time: 1.62045 seconds
Resulting Fitness: 0.536111
-------------
Particle: 7:
Relays Coordinates:
184.586, 199.035
256.724, 250.788
96.3743, 86.1613
262.763, 292.525
Evaluation Time: 1.71481 seconds
Resulting Fitness: 0.594444
-------------
Particle: 8:
Relays Coordinates:
154.174, 236.884
364.138, 274.541
71.7575, 111.213
265.21, 308.94
Evaluation Time: 2.01088 seconds
Resulting Fitness: 0.680556
-------------
Particle: 9:
Relays Coordinates:
125.168, 120.723
272.876, 182.984
90.9374, 11.4664
197.129, 243.151
Evaluation Time: 1.83909 seconds
Resulting Fitness: 0.566667
-------------
Particle: 10:
Relays Coordinates:
166.423, 209.57
284.233, 267.625
93.4884, 89.8545
265.466, 307.423
Evaluation Time: 1.79402 seconds
Resulting Fitness: 0.602778
-------------
Particle: 11:
Relays Coordinates:
74.969, 121.829
105.761, 109.325
87.364, 127.267
44.2664, 171.198
Evaluation Time: 1.18687 seconds
Resulting Fitness: 0.3
-------------
Particle: 12:
Relays Coordinates:
195.862, 189.482
148.55, 200.513
75.1499, 72.4334
264.074, 283.704
Evaluation Time: 1.83639 seconds
Resulting Fitness: 0.575
-------------
Particle: 13:
Relays Coordinates:
150.231, 212.752
363.085, 272.323
81.925, 87.4864
246.447, 279.834
Evaluation Time: 2.00407 seconds
Resulting Fitness: 0.669444
New local best!
-------------
Particle: 14:
Relays Coordinates:
177.323, 208.999
364.5, 263.062
96.5658, 86.694
242.228, 236.096
Evaluation Time: 1.91571 seconds
Resulting Fitness: 0.655556
New local best!
-------------
Particle: 15:
Relays Coordinates:
158.119, 193.795
364.5, 296.554
103.151, 96.8227
258.556, 283.551
Evaluation Time: 1.95331 seconds
Resulting Fitness: 0.688889
New local best!
New global best!
-------------
Particle: 16:
Relays Coordinates:
117.703, 158.752
304.777, 222.306
73.8764, 49.6766
179.206, 283.136
Evaluation Time: 1.93804 seconds
Resulting Fitness: 0.594444
-------------
Particle: 17:
Relays Coordinates:
138.59, 181.462
293.1, 193.971
82.5756, 71.9719
273.875, 255.665
Evaluation Time: 1.81214 seconds
Resulting Fitness: 0.572222
-------------
Particle: 18:
Relays Coordinates:
137.776, 203.823
328.05, 250.469
72.4695, 76.9228
189.286, 227.308
Evaluation Time: 1.9492 seconds
Resulting Fitness: 0.633333
-------------
Particle: 19:
Relays Coordinates:
114.788, 146.828
129.571, 125.24
115.429, 83.6911
193.71, 162.273
Evaluation Time: 1.33736 seconds
Resulting Fitness: 0.405556
-------------
Particle: 20:
Relays Coordinates:
169.954, 211.937
229.381, 223.588
126.537, 86.5249
288.231, 309.774
Evaluation Time: 1.88377 seconds
Resulting Fitness: 0.605556
Current global best fitness: 0.688889
Current global best relays: 158.119, 193.795
364.5, 296.554
103.151, 96.8227
258.556, 283.551
Particle 1 new velocities: 30.1241, 91.5865
189.842, 117.167
34.1698, 21.5485
93.3059, 107.917
Particle 2 new velocities: 67.2316, 16.2864
201.854, 61.5288
31.5897, -17.831
61.676, 114.905
Particle 3 new velocities: 64.5816, 29.8911
140.562, 182.2
13.6728, 36.7119
117.985, 129.427
Particle 4 new velocities: 99.9837, 97.1234
226.425, 169.097
29.8239, 75.7179
160.557, 141.083
Particle 5 new velocities: 33.7415, 58.0479
119.885, 79.2128
17.3418, 32.0861
65.4188, 98.1156
Particle 6 new velocities: 180.938, 80.1135
152.111, 129.152
60.0337, 67.6214
152.238, 106.215
Particle 7 new velocities: 57.0139, 63.5942
269.75, 106.021
43.4468, 42.8654
75.4705, 81.3478
Particle 8 new velocities: 42.5968, -1.93118
73.041, 66.5468
29.9611, 26.6648
60.2839, 21.4853
Particle 9 new velocities: 109.368, 130.317
200.789, 116.019
54.3953, 76.7503
167.313, 157.691
Particle 10 new velocities: 53.7462, 54.8953
197.963, 89.1237
22.8958, 3.24143
72.7822, 70.0067
Particle 11 new velocities: 215.468, 298.01
269.51, 278.479
201.982, 312.047
90.7735, 358.444
Particle 12 new velocities: 105.609, 83.598
236.425, 114.826
31.7159, 70.8993
154.398, 161.05
Particle 13 new velocities: 59.7555, 40.6239
94.2808, 59.1606
9.98798, 33.8437
75.2542, 106.435
Particle 14 new velocities: 109.351, 103.395
0, 129.448
19.605, 30.391
122.482, 91.5792
Particle 15 new velocities: 38.3877, 20.066
0, 31.7635
19.4076, 28.8626
70.7084, 62.4069
Particle 16 new velocities: 69.0964, 111.041
174.781, 152.746
24.7943, 34.021
85.8222, 121.015
Particle 17 new velocities: 11.143, 15.481
103.481, 11.5321
5.15886, 21.0805
22.9553, 27.7816
Particle 18 new velocities: 51.2584, 84.2844
47.4333, 198.238
22.502, 45.1547
110.148, 110.358
Particle 19 new velocities: 592.192, 295.941
169.436, 234.954
235.072, 130.886
49.2533, 299.665
Particle 20 new velocities: 84.3277, 43.9774
155.608, 24.4373
-28.6526, 40.1818
26.7284, 122.111
-- ITERATION 9 --
-------------
Particle: 1:
Relays Coordinates:
90.0511, 200.65
341.026, 215.726
72.7873, 47.92
230.543, 238.993
Evaluation Time: 2.0226 seconds
Resulting Fitness: 0.605556
New local best!
-------------
Particle: 2:
Relays Coordinates:
155.441, 172.465
319.572, 255.215
87.2774, 48.7262
189.959, 254.559
Evaluation Time: 1.92821 seconds
Resulting Fitness: 0.641667
New local best!
-------------
Particle: 3:
Relays Coordinates:
167.958, 187.466
362.221, 289.067
87.9286, 92.5499
262.108, 291.452
Evaluation Time: 2.02959 seconds
Resulting Fitness: 0.677778
New local best!
-------------
Particle: 4:
Relays Coordinates:
175.247, 211.602
364.5, 331.056
117.632, 93.9777
282.857, 303.449
Evaluation Time: 2.09325 seconds
Resulting Fitness: 0.727778
New local best!
New global best!
-------------
Particle: 5:
Relays Coordinates:
153.29, 211.995
380.092, 295.962
108.264, 94.4216
243.112, 298.852
Evaluation Time: 2.04451 seconds
Resulting Fitness: 0.694444
New local best!
-------------
Particle: 6:
Relays Coordinates:
221.697, 162.871
227.186, 217.841
78.5625, 106.164
228.062, 211.949
Evaluation Time: 1.63027 seconds
Resulting Fitness: 0.477778
-------------
Particle: 7:
Relays Coordinates:
195.696, 212.729
405, 289.015
113.255, 104.512
273.969, 302.837
Evaluation Time: 2.00034 seconds
Resulting Fitness: 0.661111
New local best!
-------------
Particle: 8:
Relays Coordinates:
177.094, 211.457
393.461, 306.979
91.5468, 124.09
292.944, 297.383
Evaluation Time: 2.08113 seconds
Resulting Fitness: 0.638889
-------------
Particle: 9:
Relays Coordinates:
170.977, 183.008
345.301, 217.973
105.947, 64.31
265.678, 292.213
Evaluation Time: 1.96425 seconds
Resulting Fitness: 0.677778
New local best!
-------------
Particle: 10:
Relays Coordinates:
160.503, 192.795
351.521, 260.07
84.8441, 67.867
246.583, 275.147
Evaluation Time: 1.99801 seconds
Resulting Fitness: 0.680556
New local best!
-------------
Particle: 11:
Relays Coordinates:
82.0278, 118.575
105.988, 109.527
81.7199, 124.075
38.1392, 141.215
Evaluation Time: 1.18117 seconds
Resulting Fitness: 0.3
-------------
Particle: 12:
Relays Coordinates:
197.795, 179.168
252.582, 206.894
70.1147, 94.0406
274.559, 291.803
Evaluation Time: 1.79787 seconds
Resulting Fitness: 0.577778
-------------
Particle: 13:
Relays Coordinates:
170.089, 205.235
370.467, 268.502
74.4495, 98.2774
260.578, 312.877
Evaluation Time: 1.98272 seconds
Resulting Fitness: 0.688889
New local best!
-------------
Particle: 14:
Relays Coordinates:
169.278, 184.465
215.234, 231.773
68.5977, 69.1375
215.357, 193.489
Evaluation Time: 1.57613 seconds
Resulting Fitness: 0.494444
-------------
Particle: 15:
Relays Coordinates:
159.17, 173.227
295.245, 265.937
99.2726, 101.805
266.704, 280.225
Evaluation Time: 1.76686 seconds
Resulting Fitness: 0.586111
-------------
Particle: 16:
Relays Coordinates:
122.559, 177.012
314.638, 246.072
64.7379, 54.914
173.885, 265.164
Evaluation Time: 1.84168 seconds
Resulting Fitness: 0.636111
-------------
Particle: 17:
Relays Coordinates:
134.76, 177.249
356.922, 184.952
78.961, 83.7472
267.147, 255.102
Evaluation Time: 1.83512 seconds
Resulting Fitness: 0.611111
-------------
Particle: 18:
Relays Coordinates:
153.118, 233.367
304.141, 363.453
76.927, 98.8828
242.541, 273.509
Evaluation Time: 1.8277 seconds
Resulting Fitness: 0.602778
-------------
Particle: 19:
Relays Coordinates:
174.339, 154.384
104.257, 125.592
122.212, 74.8184
84.7162, 161.068
Evaluation Time: 1.29161 seconds
Resulting Fitness: 0.397222
-------------
Particle: 20:
Relays Coordinates:
185.371, 186.562
280.657, 180.81
71.3577, 92.3692
229.605, 314.844
Evaluation Time: 1.85353 seconds
Resulting Fitness: 0.625
New local best!
Current global best fitness: 0.727778
Current global best relays: 175.247, 211.602
364.5, 331.056
117.632, 93.9777
282.857, 303.449
Particle 1 new velocities: 128.108, 75.5855
167.923, 120.817
42.0632, 48.4897
136.918, 113.91
Particle 2 new velocities: 62.7722, 20.2807
208.027, 96.8821
53.5249, 9.02904
125.143, 113.722
Particle 3 new velocities: 56.7946, 32.5232
112.843, 172.279
32.3161, 30.0003
98.2926, 111.608
Particle 4 new velocities: 79.987, 77.6987
0, 135.278
23.8591, 60.5743
128.446, 112.867
Particle 5 new velocities: 42.9132, 46.0706
92.042, 87.2069
22.8199, 25.4278
98.2207, 79.381
Particle 6 new velocities: 159.441, 91.7472
135.943, 134.555
52.735, 95.1562
160.027, 92.8385
Particle 7 new velocities: 19.4529, 50.0295
-21.9676, 112.705
36.2088, 22.8913
61.9581, 65.264
Particle 8 new velocities: 27.437, -7.84438
44.9191, 26.5331
37.3948, -61.7739
-30.9699, 10.9092
Particle 9 new velocities: 91.8649, 104.927
174.843, 226.202
57.2005, 95.3665
139.827, 140.338
Particle 10 new velocities: 56.3679, 62.0305
174.039, 142.526
28.1697, 23.8248
98.5192, 77.6618
Particle 11 new velocities: 199.903, 663.084
465.096, 434.734
226.951, 397.923
137.295, 28.9809
Particle 12 new velocities: 106.2, 99.9212
260.849, 175.701
88.0121, 55.5243
127.72, 151.298
Particle 13 new velocities: 48.5189, 33.7535
72.3314, 93.3873
42.3131, 25.4872
85.5615, 79.6619
Particle 14 new velocities: 105.634, 87.0788
185.301, 179.918
84.4671, 76.9648
145.705, 147.279
Particle 15 new velocities: 30.0939, 82.9018
67.2662, 120.83
20.066, 7.55978
61.5041, 72.6494
Particle 16 new velocities: 65.0135, 101.732
203.104, 172.755
88.3008, 54.2668
230.733, 159.464
Particle 17 new velocities: 34.4729, 31.9225
51.1472, 46.559
40.4605, 55.2334
32.3945, 52.7925
Particle 18 new velocities: 44.7543, 38.1888
126.582, 60.4498
120.129, 23.1941
127.641, 132.439
Particle 19 new velocities: 168.302, 310.922
199.141, 159.207
227.066, 204.61
249.795, 272.357
Particle 20 new velocities: 65.5176, 37.5303
203.742, 181.021
26.3244, 34.1496
64.2879, 85.9998
-- ITERATION 10 --
-------------
Particle: 1:
Relays Coordinates:
159.038, 201.376
364.5, 245.339
83.726, 70.2827
267.879, 257.266
Evaluation Time: 1.89898 seconds
Resulting Fitness: 0.647222
New local best!
-------------
Particle: 2:
Relays Coordinates:
159.078, 140.512
364.5, 256.679
102.645, 42.1036
229.709, 268.476
Evaluation Time: 1.96411 seconds
Resulting Fitness: 0.644444
New local best!
-------------
Particle: 3:
Relays Coordinates:
147.46, 144.335
311.69, 302.689
78.8925, 80.4052
236.459, 264.448
Evaluation Time: 1.83424 seconds
Resulting Fitness: 0.616667
-------------
Particle: 4:
Relays Coordinates:
186.066, 210.9
265.721, 339.957
103.147, 112.668
299.84, 303.494
Evaluation Time: 1.79484 seconds
Resulting Fitness: 0.6
-------------
Particle: 5:
Relays Coordinates:
158.925, 209.033
382.429, 310.367
106.178, 97.078
276.479, 306.369
Evaluation Time: 1.95052 seconds
Resulting Fitness: 0.691667
-------------
Particle: 6:
Relays Coordinates:
225.059, 150.35
214.424, 208.086
77.5299, 118.877
229.163, 179.974
Evaluation Time: 1.57105 seconds
Resulting Fitness: 0.480556
-------------
Particle: 7:
Relays Coordinates:
156.843, 191.551
279.231, 292.854
108.959, 92.8767
244.891, 268.345
Evaluation Time: 1.75281 seconds
Resulting Fitness: 0.591667
-------------
Particle: 8:
Relays Coordinates:
165.67, 164.926
355.088, 270.145
104.443, 50.4762
212.199, 249.717
Evaluation Time: 1.88365 seconds
Resulting Fitness: 0.647222
-------------
Particle: 9:
Relays Coordinates:
172.451, 188.914
328.05, 291.424
107.041, 104.764
266.052, 283.797
Evaluation Time: 1.85712 seconds
Resulting Fitness: 0.644444
-------------
Particle: 10:
Relays Coordinates:
158.099, 185.768
364.5, 293.492
82.3871, 66.8433
251.579, 257.197
Evaluation Time: 1.92989 seconds
Resulting Fitness: 0.669444
-------------
Particle: 11:
Relays Coordinates:
121.362, 215.234
215.234, 215.234
132.873, 215.234
75.5185, 73.2637
Evaluation Time: 1.54029 seconds
Resulting Fitness: 0.494444
-------------
Particle: 12:
Relays Coordinates:
199.451, 183.11
328.05, 251.021
103.747, 98.1296
263.935, 290.719
Evaluation Time: 1.87498 seconds
Resulting Fitness: 0.663889
New local best!
-------------
Particle: 13:
Relays Coordinates:
159.365, 174.222
322.8, 263.817
85.12, 90.2244
252.336, 286.161
Evaluation Time: 1.84873 seconds
Resulting Fitness: 0.647222
-------------
Particle: 14:
Relays Coordinates:
200.411, 197.956
291.989, 300.123
111.584, 106.509
263.214, 248.42
Evaluation Time: 1.81027 seconds
Resulting Fitness: 0.572222
-------------
Particle: 15:
Relays Coordinates:
170.338, 230.516
326.26, 348.09
107.405, 98.4284
295.388, 317.587
Evaluation Time: 1.81847 seconds
Resulting Fitness: 0.613889
-------------
Particle: 16:
Relays Coordinates:
110.76, 164.596
295.245, 247.313
90.3678, 64.4702
238.923, 250.738
Evaluation Time: 1.8678 seconds
Resulting Fitness: 0.580556
-------------
Particle: 17:
Relays Coordinates:
137.078, 169.429
330.536, 187.524
96.7314, 112.574
242.629, 249.394
Evaluation Time: 1.85149 seconds
Resulting Fitness: 0.644444
New local best!
-------------
Particle: 18:
Relays Coordinates:
129.824, 178.168
282.597, 278.123
129.288, 80.0947
242.876, 266.342
Evaluation Time: 1.7619 seconds
Resulting Fitness: 0.577778
-------------
Particle: 19:
Relays Coordinates:
119.471, 162.242
105.788, 99.3031
121.786, 97.4307
116.637, 151.126
Evaluation Time: 1.22325 seconds
Resulting Fitness: 0.325
-------------
Particle: 20:
Relays Coordinates:
182.898, 163.363
353.127, 263.775
71.2103, 92.2322
214.248, 292.215
Evaluation Time: 1.94937 seconds
Resulting Fitness: 0.677778
New local best!
Current global best fitness: 0.727778
Current global best relays: 175.247, 211.602
364.5, 331.056
117.632, 93.9777
282.857, 303.449
Particle 1 new velocities: 112.157, 63.2788
0, 182.837
57.0971, 54.2799
127.352, 108.494
Particle 2 new velocities: 66.8874, 52.7564
0, 149.95
60.5569, 16.8241
102.884, 98.8341
Particle 3 new velocities: 65.4324, 80.8317
181.457, 151.646
70.9148, 51.662
91.3435, 112.824
Particle 4 new velocities: 33.8947, 63.287
141.635, 92.9238
55.9547, 21.8715
53.0591, 90.2148
Particle 5 new velocities: 34.2056, 40.3856
62.0146, 64.6387
20.13, 16.5901
52.3071, 61.9334
Particle 6 new velocities: 153.864, 191.794
-44.6568, 155.536
71.3211, 111.711
118.079, 168.14
Particle 7 new velocities: 31.1179, 92.1016
178.894, 132.234
36.3375, 26.5778
80.8126, 123.674
Particle 8 new velocities: 28.3744, 70.2239
60.1244, 32.9099
1.55665, -29.4878
12.4033, 66.0044
Particle 9 new velocities: 74.2499, 90.0962
38.2639, 204.15
49.1168, 44.0382
131.054, 127.12
Particle 10 new velocities: 63.7655, 84.3216
-4.4126, 114.044
58.4439, 32.0984
81.6811, 105.416
Particle 11 new velocities: 224.283, 210.884
4.17591, 67.0195
212.492, 0.537876
259.03, 177.484
Particle 12 new velocities: 61.88, 103.198
33.9914, 228.2
80.2864, 41.2495
103.402, 123.901
Particle 13 new velocities: 55.0311, 65.7105
102.453, 88.0256
31.0733, 29.6001
88.3496, 123.419
Particle 14 new velocities: 47.3183, 90.6911
299.012, 117.828
54.0715, 47.6068
114.921, 151.287
Particle 15 new velocities: 14.4186, 51.2589
98.8159, 40.6117
22.8961, 3.80892
16.2388, 13.1174
Particle 16 new velocities: 118.246, 149.678
59.4697, 198.715
117.549, 63.718
178.307, 220.854
Particle 17 new velocities: 59.1225, 44.1494
50.597, 121.568
42.3201, 43.9606
37.4429, 96.3019
Particle 18 new velocities: 84.4874, 107.92
135.881, 118.662
76.3606, 30.7801
76.5693, 169.827
Particle 19 new velocities: 273.405, 300.087
233.38, 221.075
238.488, 201.461
450.655, 200.883
Particle 20 new velocities: 51.5567, 49.6224
164.376, 181.252
50.014, 28.8737
129.473, 70.1507
-- ITERATION 11 --
-------------
Particle: 1:
Relays Coordinates:
197.702, 192.933
265.721, 312.14
102.66, 90.8061
288.123, 266.639
Evaluation Time: 1.71217 seconds
Resulting Fitness: 0.6
-------------
Particle: 2:
Relays Coordinates:
164.729, 140.893
265.721, 296.432
118.974, 42.9583
242.461, 267.769
Evaluation Time: 1.71749 seconds
Resulting Fitness: 0.580556
-------------
Particle: 3:
Relays Coordinates:
155.198, 164.146
359.504, 331.211
109.21, 96.277
238.968, 275.031
Evaluation Time: 1.97991 seconds
Resulting Fitness: 0.708333
New local best!
-------------
Particle: 4:
Relays Coordinates:
160.351, 199.882
296.962, 315.57
115.985, 98.0796
257.263, 287.014
Evaluation Time: 1.83164 seconds
Resulting Fitness: 0.611111
-------------
Particle: 5:
Relays Coordinates:
156.435, 202.029
359.999, 303.755
102.309, 92.0711
266.317, 298.325
Evaluation Time: 1.95128 seconds
Resulting Fitness: 0.702778
New local best!
-------------
Particle: 6:
Relays Coordinates:
201.375, 181.829
90.2211, 193.244
79.1055, 122.544
184.538, 185.002
Evaluation Time: 1.38942 seconds
Resulting Fitness: 0.45
-------------
Particle: 7:
Relays Coordinates:
152.249, 229.759
371.081, 344.321
117.69, 96.7582
263.82, 317.536
Evaluation Time: 1.99155 seconds
Resulting Fitness: 0.716667
New local best!
-------------
Particle: 8:
Relays Coordinates:
127.313, 154.282
272.421, 198.834
69.5462, 13.7705
147.362, 207.145
Evaluation Time: 1.79133 seconds
Resulting Fitness: 0.541667
-------------
Particle: 9:
Relays Coordinates:
161.86, 183.059
240.339, 325.146
102.455, 97.6289
260.541, 269.602
Evaluation Time: 1.69534 seconds
Resulting Fitness: 0.588889
-------------
Particle: 10:
Relays Coordinates:
179.71, 218.772
291.671, 330.104
114.073, 80.1428
269.941, 293.717
Evaluation Time: 1.75352 seconds
Resulting Fitness: 0.602778
-------------
Particle: 11:
Relays Coordinates:
148.789, 183.43
94.4486, 121.501
148.668, 92.8825
144.012, 107.939
Evaluation Time: 1.33309 seconds
Resulting Fitness: 0.358333
-------------
Particle: 12:
Relays Coordinates:
171.459, 187.847
237.535, 314.417
120.744, 91.4466
241.01, 272.033
Evaluation Time: 1.76663 seconds
Resulting Fitness: 0.586111
-------------
Particle: 13:
Relays Coordinates:
156.295, 174.911
310.009, 256.493
84.7049, 87.3521
248.359, 298.584
Evaluation Time: 1.88887 seconds
Resulting Fitness: 0.616667
-------------
Particle: 14:
Relays Coordinates:
162.535, 189.381
328.05, 274.218
108.687, 101.115
248.095, 262.248
Evaluation Time: 1.91701 seconds
Resulting Fitness: 0.638889
-------------
Particle: 15:
Relays Coordinates:
149.653, 228.238
344.312, 314.849
105.544, 82.8122
252.417, 267.871
Evaluation Time: 1.96971 seconds
Resulting Fitness: 0.675
-------------
Particle: 16:
Relays Coordinates:
135.226, 185.575
209.455, 263.375
122.773, 75.6939
246.37, 278.47
Evaluation Time: 1.74221 seconds
Resulting Fitness: 0.572222
-------------
Particle: 17:
Relays Coordinates:
143.03, 155.699
277.846, 225.329
101.369, 114.114
204.172, 252.012
Evaluation Time: 1.81938 seconds
Resulting Fitness: 0.561111
-------------
Particle: 18:
Relays Coordinates:
140.61, 187.702
274.564, 260.33
134.926, 72.7449
209.588, 286.171
Evaluation Time: 1.8208 seconds
Resulting Fitness: 0.561111
-------------
Particle: 19:
Relays Coordinates:
123.289, 145.084
106.435, 100.538
113.058, 93.7953
156.905, 110.464
Evaluation Time: 1.23188 seconds
Resulting Fitness: 0.316667
-------------
Particle: 20:
Relays Coordinates:
189.908, 172.518
405, 360.472
98.1917, 98.0958
278.414, 293.516
Evaluation Time: 2.00269 seconds
Resulting Fitness: 0.716667
New local best!
Current global best fitness: 0.727778
Current global best relays: 175.247, 211.602
364.5, 331.056
117.632, 93.9777
282.857, 303.449
Particle 1 new velocities: 58.4289, 58.1921
167.602, 71.6254
44.8633, 10.3446
88.2881, 105.644
Particle 2 new velocities: 59.0283, 56.8908
119.753, 118.753
30.2795, 64.9928
77.3421, 122.245
Particle 3 new velocities: 56.6371, 98.6818
147.575, 121.192
66.573, 40.4536
109.454, 117.988
Particle 4 new velocities: 54.9685, 71.413
261.827, 105.98
47.1399, 15.8699
86.2045, 85.8534
Particle 5 new velocities: 36.5347, 34.5246
53.4671, 73.338
16.9257, 14.4789
53.1355, 51.9357
Particle 6 new velocities: 176.873, 181.594
308.308, 243.084
70.7327, 77.9373
194.057, 300.945
Particle 7 new velocities: 35.6463, 70.3963
136.073, 89.5051
29.0511, 21.0984
86.7891, 95.2506
Particle 8 new velocities: 123.655, 64.6322
133.018, 289.293
57.8452, 174.322
312.328, 217.241
Particle 9 new velocities: 83.5624, 107.305
333.084, 163.61
53.1733, 12.2268
107.828, 137.287
Particle 10 new velocities: 30.7832, 32.9333
29.9727, -24.5945
36.0964, 27.8143
65.8924, 66.2579
Particle 11 new velocities: 188.568, 371.195
-30.3606, 63.8945
176.043, 225.017
321.922, 436.251
Particle 12 new velocities: 87.3805, 102.496
226.266, 128.313
36.1672, 36.3072
120.388, 133.076
Particle 13 new velocities: 52.4787, 94.3
184.02, 117.757
55.4791, 32.4185
105.062, 111.851
Particle 14 new velocities: 54.6107, 91.5809
44.0486, 157.616
37.8299, 8.55684
97.0511, 109.115
Particle 15 new velocities: 26.3971, -32.6626
111.52, 14.0244
31.7084, 12.329
43.4687, 52.4989
Particle 16 new velocities: 66.5185, 138.755
416.746, 223.363
60.6773, 51.5155
148.362, 212.878
Particle 17 new velocities: 40.4226, 114.358
118.775, 75.0238
43.0139, 29.9226
104.799, 135.755
Particle 18 new velocities: 118.468, 154.383
232.28, 183.796
27.1229, 36.7519
137.703, 137.081
Particle 19 new velocities: 398.636, 305.907
312.555, 307.011
310.471, 201.495
166.432, 262.878
Particle 20 new velocities: 40.5572, 87.6843
-21.2727, 133.344
47.9112, 20.8536
105.53, 59.8848
-- ITERATION 12 --
-------------
Particle: 1:
Relays Coordinates:
207.466, 203.411
350.991, 310.85
119.494, 81.9321
304.893, 301.549
Evaluation Time: 1.94204 seconds
Resulting Fitness: 0.65
New local best!
-------------
Particle: 2:
Relays Coordinates:
146.807, 129.766
252.909, 272.403
97.9252, 70.8267
209.823, 255.889
Evaluation Time: 1.77618 seconds
Resulting Fitness: 0.552778
-------------
Particle: 3:
Relays Coordinates:
138.985, 172.442
328.05, 296.821
115.331, 89.7089
228.599, 257.86
Evaluation Time: 1.90744 seconds
Resulting Fitness: 0.655556
-------------
Particle: 4:
Relays Coordinates:
156.968, 197.774
364.5, 307.31
118.918, 83.0692
250.388, 271.82
Evaluation Time: 1.99188 seconds
Resulting Fitness: 0.694444
-------------
Particle: 5:
Relays Coordinates:
173.673, 212.899
372.12, 339.383
107.312, 95.895
287.507, 315.234
Evaluation Time: 1.97871 seconds
Resulting Fitness: 0.708333
New local best!
-------------
Particle: 6:
Relays Coordinates:
201.016, 193.138
211.795, 231.882
79.6302, 106.544
201.201, 258.252
Evaluation Time: 1.58875 seconds
Resulting Fitness: 0.522222
-------------
Particle: 7:
Relays Coordinates:
136.975, 218.813
364.5, 316.26
106.975, 85.9175
255.594, 300.921
Evaluation Time: 2.04252 seconds
Resulting Fitness: 0.697222
-------------
Particle: 8:
Relays Coordinates:
120.037, 104.706
193.92, 233.47
60.9309, 89.9641
219.868, 202.982
Evaluation Time: 1.5948 seconds
Resulting Fitness: 0.497222
-------------
Particle: 9:
Relays Coordinates:
178.913, 211.675
364.5, 356.303
113.453, 80.0849
268.541, 296.623
Evaluation Time: 1.95978 seconds
Resulting Fitness: 0.733333
New local best!
New global best!
-------------
Particle: 10:
Relays Coordinates:
170.5, 203.882
260.531, 247.463
121.637, 87.4453
272.025, 291.579
Evaluation Time: 1.70738 seconds
Resulting Fitness: 0.605556
-------------
Particle: 11:
Relays Coordinates:
161.357, 239.148
30.6531, 88.6739
155.308, 152.05
222.855, 239.148
Evaluation Time: 1.54008 seconds
Resulting Fitness: 0.525
-------------
Particle: 12:
Relays Coordinates:
188.694, 211.66
338.111, 322.75
114.388, 93.1325
263.459, 295.324
Evaluation Time: 1.88487 seconds
Resulting Fitness: 0.686111
New local best!
-------------
Particle: 13:
Relays Coordinates:
152.196, 196.255
360.147, 272.828
102.194, 87.3127
257.644, 299.207
Evaluation Time: 1.91344 seconds
Resulting Fitness: 0.683333
-------------
Particle: 14:
Relays Coordinates:
175.888, 227.579
301.4, 349.785
118.678, 88.8343
279.568, 300.804
Evaluation Time: 1.82297 seconds
Resulting Fitness: 0.630556
-------------
Particle: 15:
Relays Coordinates:
142.6, 158.416
369.223, 266.387
111.174, 77.0644
239.668, 259.499
Evaluation Time: 1.96026 seconds
Resulting Fitness: 0.65
-------------
Particle: 16:
Relays Coordinates:
119.128, 191.514
295.245, 287.414
108.325, 75.1159
233.085, 290.136
Evaluation Time: 1.77244 seconds
Resulting Fitness: 0.6
-------------
Particle: 17:
Relays Coordinates:
133.737, 196.871
289.137, 218.957
105.255, 105.003
225.24, 282.683
Evaluation Time: 1.87115 seconds
Resulting Fitness: 0.622222
-------------
Particle: 18:
Relays Coordinates:
152.983, 201.998
295.245, 262.252
95.6884, 64.6568
205.072, 249.926
Evaluation Time: 1.75436 seconds
Resulting Fitness: 0.588889
-------------
Particle: 19:
Relays Coordinates:
156.905, 141.526
131.483, 127.893
132.908, 92.6652
101.467, 117.159
Evaluation Time: 1.23288 seconds
Resulting Fitness: 0.308333
-------------
Particle: 20:
Relays Coordinates:
186.677, 210.764
310.819, 399.991
118.343, 96.349
310.995, 286.255
Evaluation Time: 1.94503 seconds
Resulting Fitness: 0.65
Current global best fitness: 0.733333
Current global best relays: 178.913, 211.675
364.5, 356.303
113.453, 80.0849
268.541, 296.623
Particle 1 new velocities: 23.7245, 52.8009
141.664, 94.9126
35.0509, 7.9643
57.3881, 81.2569
Particle 2 new velocities: 105.126, 98.0172
205.112, 121.761
43.3429, 47.8435
98.2879, 116.645
Particle 3 new velocities: 89.2119, 115.078
85.2128, 107.394
48.683, 38.3746
105.874, 156.776
Particle 4 new velocities: 76.8191, 90.4912
0, 155.559
36.0613, 23.4694
113.714, 149.24
Particle 5 new velocities: 30.7414, 26.5507
33.9664, 79.0646
15.8938, 10.038
19.204, 41.456
Particle 6 new velocities: 224.24, 163.435
230.147, 263.563
76.456, 75.4077
164.196, 219.293
Particle 7 new velocities: 50.0075, 53.501
5.2026, 102.536
45.604, 24.9971
86.6731, 85.9085
Particle 8 new velocities: 161.041, 300.805
353.728, 343.727
117.097, 127.326
278.055, 281.394
Particle 9 new velocities: 66.8499, 85.8442
0, 130.888
42.5386, 9.78146
86.2624, 109.83
Particle 10 new velocities: 18.5094, 27.8989
227.46, 67.0368
-17.3803, -3.19095
45.273, 44.707
Particle 11 new velocities: 125.523, 117.718
407.772, 257.885
89.6742, 151.488
125.546, 36.0528
Particle 12 new velocities: 64.1159, 81.9977
197.65, 132.97
28.9152, 21.0801
101.306, 106.818
Particle 13 new velocities: 71.3803, 93.8566
162.72, 117.319
48.6705, 20.3097
88.9113, 95.0165
Particle 14 new velocities: 48.0799, 44.7588
106.389, 127.034
12.5889, 0.152562
55.1774, -7.56877
Particle 15 new velocities: 54.7997, 22.5567
87.3474, 79.8882
12.3003, 17.9613
57.6334, 45.9249
Particle 16 new velocities: 114.662, 117.441
30.6126, 224.083
45.3219, 31.4665
117.418, 174.174
Particle 17 new velocities: 75.7116, 85.8332
193.138, 105.105
29.4197, 4.77869
129.71, 74.0089
Particle 18 new velocities: 105.813, 148.421
27.9034, 270.01
72.1315, 57.0394
139.397, 133.455
Particle 19 new velocities: 209.919, 387.82
260.293, 240.25
310.488, 212.696
249.551, 335.44
Particle 20 new velocities: 32.9926, 30.133
100.973, 64.8635
29.8807, 5.05807
8.66386, 61.3279
-- ITERATION 13 --
-------------
Particle: 1:
Relays Coordinates:
187.264, 207.532
399.051, 328.668
125.181, 72.8161
293.448, 310.073
Evaluation Time: 2.02691 seconds
Resulting Fitness: 0.711111
New local best!
-------------
Particle: 2:
Relays Coordinates:
204.066, 184.504
370.997, 319.272
114.427, 96.1228
249.57, 301.752
Evaluation Time: 1.9826 seconds
Resulting Fitness: 0.719444
New local best!
-------------
Particle: 3:
Relays Coordinates:
166.356, 209.602
301.269, 294.673
119.566, 93.3729
243.831, 302.27
Evaluation Time: 1.82561 seconds
Resulting Fitness: 0.616667
-------------
Particle: 4:
Relays Coordinates:
170.431, 210.146
265.721, 337.432
112.98, 77.6667
265.43, 306.953
Evaluation Time: 1.69363 seconds
Resulting Fitness: 0.588889
-------------
Particle: 5:
Relays Coordinates:
183.973, 215.504
365.478, 376.603
110.885, 95.3397
276.04, 321.021
Evaluation Time: 1.95975 seconds
Resulting Fitness: 0.711111
New local best!
-------------
Particle: 6:
Relays Coordinates:
203.399, 170.548
211.379, 236.97
74.6555, 87.0269
174.768, 228.409
Evaluation Time: 1.59564 seconds
Resulting Fitness: 0.5
-------------
Particle: 7:
Relays Coordinates:
136.311, 198.517
269.513, 305.302
111.23, 80.8567
249.513, 281.999
Evaluation Time: 1.68698 seconds
Resulting Fitness: 0.602778
-------------
Particle: 8:
Relays Coordinates:
149.376, 215.505
265.721, 265.721
94.6112, 115.477
264.617, 257.417
Evaluation Time: 1.60394 seconds
Resulting Fitness: 0.575
-------------
Particle: 9:
Relays Coordinates:
161.245, 195.203
239.148, 319.645
102.346, 58.9613
232.787, 266.674
Evaluation Time: 1.68593 seconds
Resulting Fitness: 0.591667
-------------
Particle: 10:
Relays Coordinates:
170.108, 208.603
439.192, 283.05
93.8312, 75.8289
285.568, 302.658
Evaluation Time: 1.92932 seconds
Resulting Fitness: 0.652778
-------------
Particle: 11:
Relays Coordinates:
111.143, 138.257
169.855, 134.264
94.9112, 117.597
134.977, 106.619
Evaluation Time: 1.26145 seconds
Resulting Fitness: 0.355556
-------------
Particle: 12:
Relays Coordinates:
184.299, 214.076
364.5, 332.22
104.468, 83.261
265.914, 293.162
Evaluation Time: 2.00212 seconds
Resulting Fitness: 0.733333
New local best!
-------------
Particle: 13:
Relays Coordinates:
162.987, 211.491
364.5, 284.418
109.98, 78.4567
252.639, 287.389
Evaluation Time: 1.99315 seconds
Resulting Fitness: 0.686111
-------------
Particle: 14:
Relays Coordinates:
163.273, 198.534
297.278, 347.601
95.6939, 64.8714
244.03, 213.769
Evaluation Time: 1.95648 seconds
Resulting Fitness: 0.638889
-------------
Particle: 15:
Relays Coordinates:
177.66, 162.875
410.914, 311.648
111.127, 85.5231
267.571, 274.882
Evaluation Time: 1.94878 seconds
Resulting Fitness: 0.7
New local best!
-------------
Particle: 16:
Relays Coordinates:
153.389, 202.705
213.795, 328.05
100.808, 69.9287
229.966, 304.634
Evaluation Time: 1.60947 seconds
Resulting Fitness: 0.541667
-------------
Particle: 17:
Relays Coordinates:
169.654, 228.99
390.642, 262.49
109.086, 88.9229
287.509, 288.92
Evaluation Time: 1.93492 seconds
Resulting Fitness: 0.663889
New local best!
-------------
Particle: 18:
Relays Coordinates:
152.816, 206.918
190.816, 295.245
99.096, 71.8604
203.406, 226.383
Evaluation Time: 1.5856 seconds
Resulting Fitness: 0.530556
-------------
Particle: 19:
Relays Coordinates:
103.602, 141.215
110.649, 103.974
125.228, 86.2431
99.1378, 127.827
Evaluation Time: 1.15102 seconds
Resulting Fitness: 0.294444
-------------
Particle: 20:
Relays Coordinates:
177.932, 195.127
333.551, 376.532
120.061, 82.1397
258.923, 281.542
Evaluation Time: 1.92407 seconds
Resulting Fitness: 0.705556
Current global best fitness: 0.733333
Current global best relays: 178.913, 211.675
364.5, 356.303
113.453, 80.0849
268.541, 296.623
Particle 1 new velocities: 9.54099, 44.1455
87.136, 86.2677
24.4952, 7.57533
40.5734, 51.3884
Particle 2 new velocities: 58.8682, 80.466
162.702, 117.728
34.5194, 35.0822
92.3455, 87.4802
Particle 3 new velocities: 63.1359, 23.6006
92.6936, 176.807
22.9529, 30.1312
83.4842, 121.952
Particle 4 new velocities: 72.4421, 76.0891
89.0136, 139.781
35.8174, 40.0773
109.777, 106.791
Particle 5 new velocities: 23.7567, 19.3969
26.1717, 46.9168
13.5211, 3.40447
12.4498, 13.3743
Particle 6 new velocities: 188.019, 175.057
186.274, 242.91
62.0107, 142.325
234.145, 157.215
Particle 7 new velocities: 72.4546, 97.9825
228.97, 161.484
47.7679, 36.4388
88.2508, 102.171
Particle 8 new velocities: 135.24, 224.906
126.534, 32.4102
94.2896, 22.4657
216.345, 258.519
Particle 9 new velocities: 84.9209, 107.09
325.492, 158.685
62.2358, 33.1574
122.839, 118.331
Particle 10 new velocities: 9.21245, 21.5108
4.62506, 36.7081
-21.6111, -2.97955
18.2915, 16.9618
Particle 11 new velocities: 137.117, 450.886
326.58, 173.552
147.379, 267.916
153.137, 51.6557
Particle 12 new velocities: 46.5581, 62.686
0, 126.446
31.7591, 15.4588
82.9753, 88.8619
Particle 13 new velocities: 74.802, 66.4767
6.67028, 173.528
37.4909, 40.3638
94.1374, 110.158
Particle 14 new velocities: 73.5687, 46.6916
125.62, -23.5312
30.939, 40.3519
62.4145, 11.8128
Particle 15 new velocities: 45.0726, 18.9823
25.1015, 80.4689
10.9586, 8.69976
46.3442, 43.7577
Particle 16 new velocities: 71.3556, 94.992
247.116, -42.9175
46.2037, 4.27258
122.073, 128.732
Particle 17 new velocities: 64.1386, 53.4155
124.996, 148.436
24.146, 3.37584
88.3924, 64.671
Particle 18 new velocities: 109.378, 145.773
282.32, 60.8979
66.7903, 57.6068
150.439, 235.628
Particle 19 new velocities: 271.061, 123.778
262.744, 143.184
331.535, 235.52
292.278, 436.82
Particle 20 new velocities: 43.5019, 22.0516
165.473, 29.2449
11.9861, 17.7644
24.8113, 58.2261
-- ITERATION 14 --
-------------
Particle: 1:
Relays Coordinates:
159.412, 203.859
393.811, 336.098
121.238, 65.1171
270.557, 292.784
Evaluation Time: 1.97536 seconds
Resulting Fitness: 0.744444
New local best!
New global best!
-------------
Particle: 2:
Relays Coordinates:
191.679, 193.163
364.5, 318.573
108.582, 95.6484
249.256, 283.75
Evaluation Time: 1.98642 seconds
Resulting Fitness: 0.713889
-------------
Particle: 3:
Relays Coordinates:
150.569, 153.004
258.479, 309.338
93.5067, 81.031
214.751, 278.332
Evaluation Time: 1.65551 seconds
Resulting Fitness: 0.541667
-------------
Particle: 4:
Relays Coordinates:
177.054, 208.665
258.601, 347.888
108.473, 85.8354
273.526, 301.62
Evaluation Time: 1.70658 seconds
Resulting Fitness: 0.619444
-------------
Particle: 5:
Relays Coordinates:
186.957, 211.411
352.484, 381.168
111.965, 88.8698
259.641, 300.956
Evaluation Time: 1.95126 seconds
Resulting Fitness: 0.7
-------------
Particle: 6:
Relays Coordinates:
208.016, 183.668
211.329, 255.028
72.63, 121.887
217.313, 204.936
Evaluation Time: 1.564 seconds
Resulting Fitness: 0.527778
-------------
Particle: 7:
Relays Coordinates:
152.19, 216.148
363.395, 340.287
115.909, 85.5084
246.23, 280.06
Evaluation Time: 1.95256 seconds
Resulting Fitness: 0.752778
New local best!
New global best!
-------------
Particle: 8:
Relays Coordinates:
168.063, 260.059
231.622, 176.043
111.544, 81.4536
284.003, 295.245
Evaluation Time: 1.84681 seconds
Resulting Fitness: 0.591667
-------------
Particle: 9:
Relays Coordinates:
161.51, 198.334
328.05, 313.833
107.982, 60.4391
233.326, 252.601
Evaluation Time: 1.86884 seconds
Resulting Fitness: 0.641667
-------------
Particle: 10:
Relays Coordinates:
145.25, 186.392
359.492, 259.004
58.4983, 59.008
246.126, 258.892
Evaluation Time: 2.04583 seconds
Resulting Fitness: 0.633333
-------------
Particle: 11:
Relays Coordinates:
106.868, 215.234
213.699, 132.505
104.298, 165.95
124.024, 68.1319
Evaluation Time: 1.45348 seconds
Resulting Fitness: 0.508333
-------------
Particle: 12:
Relays Coordinates:
168.294, 201.76
265.721, 334.368
99.3098, 71.9668
254.34, 278.495
Evaluation Time: 1.74512 seconds
Resulting Fitness: 0.6
-------------
Particle: 13:
Relays Coordinates:
192.609, 225.154
300.648, 370.936
119.452, 96.2447
280.889, 322.013
Evaluation Time: 1.83011 seconds
Resulting Fitness: 0.605556
-------------
Particle: 14:
Relays Coordinates:
191.842, 198.633
342.548, 262.496
102.573, 85.2309
248.22, 182.721
Evaluation Time: 1.86286 seconds
Resulting Fitness: 0.633333
-------------
Particle: 15:
Relays Coordinates:
200.459, 163.672
392.414, 352.905
109.877, 84.8006
282.524, 286.776
Evaluation Time: 2.00487 seconds
Resulting Fitness: 0.722222
New local best!
-------------
Particle: 16:
Relays Coordinates:
132.71, 175.787
272.163, 168.368
86.8089, 43.8151
207.875, 255.898
Evaluation Time: 1.7957 seconds
Resulting Fitness: 0.591667
-------------
Particle: 17:
Relays Coordinates:
153.391, 185.286
328.05, 269.609
87.4137, 60.5572
246.629, 231.991
Evaluation Time: 1.93999 seconds
Resulting Fitness: 0.641667
-------------
Particle: 18:
Relays Coordinates:
154.823, 208.261
279.382, 210.299
97.9542, 76.4491
208.942, 272.812
Evaluation Time: 2.06741 seconds
Resulting Fitness: 0.6
-------------
Particle: 19:
Relays Coordinates:
117.573, 83.1574
117.175, 77.561
143.337, 100.973
122.83, 156.905
Evaluation Time: 1.22617 seconds
Resulting Fitness: 0.316667
-------------
Particle: 20:
Relays Coordinates:
145.283, 142.491
327.41, 266.231
86.6364, 65.5471
186.158, 222.922
Evaluation Time: 1.8925 seconds
Resulting Fitness: 0.641667
Current global best fitness: 0.752778
Current global best relays: 152.19, 216.148
363.395, 340.287
115.909, 85.5084
246.23, 280.06
Particle 1 new velocities: 3.64612, 44.6243
37.8148, 72.1555
15.9634, 19.1412
11.499, 25.1639
Particle 2 new velocities: 67.436, 74.1672
0.14399, 97.6212
33.8558, 21.1493
70.8928, 76.0015
Particle 3 new velocities: 54.6741, 99.8909
308.574, 160.315
33.9878, 41.5432
100.047, 98.0988
Particle 4 new velocities: 41.5802, 70.1515
199.012, 89.1211
34.033, 40.5921
85.4183, 64.2971
Particle 5 new velocities: -1.89021, 23.2639
37.5521, -11.5591
13.8004, 8.92776
12.9014, -7.29593
Particle 6 new velocities: 234.657, 156.668
119.186, 222.79
63.7195, 127.174
192.375, 200.078
Particle 7 new velocities: 57.9637, 78.386
183.176, 129.187
38.2144, 29.151
70.6006, 81.7372
Particle 8 new velocities: 98.6866, 94.4875
451.238, 89.1398
73.7268, 20.8367
118.071, -16.9019
Particle 9 new velocities: 77.6269, 109.892
75.857, 205.366
68.0302, 64.4911
130.126, 120.391
Particle 10 new velocities: 30.8245, 53.4933
-5.78498, 130.786
70.8736, 41.7027
15.4072, 26.2641
Particle 11 new velocities: 127.759, 250.795
150.373, 219.456
165.679, 221.091
154.1, 166.094
Particle 12 new velocities: 44.1137, 72.5562
176.324, 103.199
44.1321, 16.6336
58.4033, 95.2246
Particle 13 new velocities: 49.7323, 29.9614
70.0653, 57.3795
23.0446, 28.9495
52.0737, 33.8219
Particle 14 new velocities: 33.5413, 68.7372
127.288, 78.442
23.5481, 34.593
41.5212, 100.282
Particle 15 new velocities: 23.414, 36.0404
-13.7967, 53.5637
9.85301, 7.68035
28.0211, 32.5719
Particle 16 new velocities: 63.9603, 91.6007
285.358, 11.5073
78.4925, 14.737
116.187, 165.133
Particle 17 new velocities: 64.3389, 134.262
93.1695, 201.111
38.761, 49.8405
124.176, 73.3045
Particle 18 new velocities: 85.533, 149.784
343.998, 264.718
70.8975, 58.506
133.511, 191.679
Particle 19 new velocities: 399.997, 327.865
461.846, 206.686
321.761, 193.578
389.941, 77.2954
Particle 20 new velocities: 72.8983, 147.31
220.843, 118.585
48.1954, 45.1551
79.5915, 125.216
-- ITERATION 15 --
-------------
Particle: 1:
Relays Coordinates:
132.077, 201.271
349.617, 330.685
111.133, 68.2492
228.466, 257.538
Evaluation Time: 2.00321 seconds
Resulting Fitness: 0.7
-------------
Particle: 2:
Relays Coordinates:
209.883, 216.538
295.362, 337.117
115.375, 94.6062
259.321, 291.399
Evaluation Time: 1.77868 seconds
Resulting Fitness: 0.591667
-------------
Particle: 3:
Relays Coordinates:
149.623, 184.36
364.5, 342.377
92.9435, 89.3566
229.488, 274.418
Evaluation Time: 1.99287 seconds
Resulting Fitness: 0.705556
-------------
Particle: 4:
Relays Coordinates:
177.094, 225.842
370.666, 353.978
115.43, 102.406
290.745, 296.392
Evaluation Time: 2.02695 seconds
Resulting Fitness: 0.716667
-------------
Particle: 5:
Relays Coordinates:
166.56, 211.207
351.033, 332.648
113.189, 88.0178
245.288, 264.294
Evaluation Time: 1.96015 seconds
Resulting Fitness: 0.716667
New local best!
-------------
Particle: 6:
Relays Coordinates:
211.729, 162.782
158.084, 228.539
65.2156, 119.125
195.953, 193.717
Evaluation Time: 1.49829 seconds
Resulting Fitness: 0.480556
-------------
Particle: 7:
Relays Coordinates:
153.202, 214.715
364.5, 342.246
112.356, 83.5867
230.969, 263.75
Evaluation Time: 2.08564 seconds
Resulting Fitness: 0.686111
-------------
Particle: 8:
Relays Coordinates:
141.762, 188.42
265.721, 140.929
98.4605, 54.3612
213.678, 147.923
Evaluation Time: 1.63366 seconds
Resulting Fitness: 0.530556
-------------
Particle: 9:
Relays Coordinates:
156.897, 202.227
265.003, 328.05
115.482, 81.9667
238.461, 244.72
Evaluation Time: 1.73467 seconds
Resulting Fitness: 0.605556
-------------
Particle: 10:
Relays Coordinates:
158.467, 215.897
318.336, 350.811
116.435, 90.6396
235.38, 256.64
Evaluation Time: 1.95621 seconds
Resulting Fitness: 0.663889
-------------
Particle: 11:
Relays Coordinates:
90.8991, 180.549
141.049, 136.357
104.595, 149.948
107.751, 90.7438
Evaluation Time: 1.23785 seconds
Resulting Fitness: 0.341667
-------------
Particle: 12:
Relays Coordinates:
154.846, 199.976
322.25, 318.986
104.569, 64.5897
227.99, 272.442
Evaluation Time: 1.95831 seconds
Resulting Fitness: 0.658333
-------------
Particle: 13:
Relays Coordinates:
196.296, 206.644
300.278, 346.936
115.422, 101.407
269.7, 288.226
Evaluation Time: 1.91097 seconds
Resulting Fitness: 0.625
-------------
Particle: 14:
Relays Coordinates:
182.56, 216.57
380.567, 276.16
102.158, 97.0573
234.69, 229.233
Evaluation Time: 1.87697 seconds
Resulting Fitness: 0.641667
-------------
Particle: 15:
Relays Coordinates:
223.873, 199.712
378.617, 406.469
119.73, 92.4809
310.545, 319.348
Evaluation Time: 2.19505 seconds
Resulting Fitness: 0.680556
-------------
Particle: 16:
Relays Coordinates:
94.0667, 127.891
239.148, 86.0338
79.0632, 28.0053
154.998, 201.378
Evaluation Time: 1.6585 seconds
Resulting Fitness: 0.486111
-------------
Particle: 17:
Relays Coordinates:
142.853, 209.656
276.362, 308.84
82.7832, 72.432
243.285, 200.305
Evaluation Time: 1.89622 seconds
Resulting Fitness: 0.602778
-------------
Particle: 18:
Relays Coordinates:
157.698, 234.913
328.05, 311.659
110.784, 88.544
224.683, 304.753
Evaluation Time: 1.93748 seconds
Resulting Fitness: 0.627778
-------------
Particle: 19:
Relays Coordinates:
127.093, 104.477
127.093, 72.2519
118.222, 74.8708
127.093, 59.5307
Evaluation Time: 1.14159 seconds
Resulting Fitness: 0.269444
-------------
Particle: 20:
Relays Coordinates:
128.834, 171.124
295.245, 227.23
79.6168, 65.3686
156.923, 205.572
Evaluation Time: 1.79611 seconds
Resulting Fitness: 0.563889
Current global best fitness: 0.752778
Current global best relays: 152.19, 216.148
363.395, 340.287
115.909, 85.5084
246.23, 280.06
Particle 1 new velocities: 31.6145, 40.8484
70.7114, 71.9779
28.6902, 17.5598
20.9878, 46.1035
Particle 2 new velocities: 19.6021, 57.4194
104.537, 70.2743
26.0906, 8.0824
47.0263, 56.362
Particle 3 new velocities: 54.948, 52.3843
-3.47711, 108.9
59.0818, 30.7189
91.284, 81.5507
Particle 4 new velocities: 20.7096, 31.8067
146.813, 49.5326
30.2526, 15.764
43.833, 56.2914
Particle 5 new velocities: -12.6248, 24.0405
35.2423, -4.30348
11.7721, 6.48471
10.9998, 8.35323
Particle 6 new velocities: 220.778, 184.762
162.723, 273.814
34.3033, 97.4674
164.842, 233.403
Particle 7 new velocities: 44.9213, 63.5539
-1.94799, 99.5725
37.1127, 27.1533
68.6923, 88.2523
Particle 8 new velocities: 128.439, 98.7568
153.713, 264.188
54.9389, 61.3958
102.626, 251.099
Particle 9 new velocities: 69.9941, 93.855
237.592, 3.64231
53.918, 52.5384
134.771, 131.29
Particle 10 new velocities: 22.4811, 42.2026
71.3727, 90.84
48.5608, 29.2048
41.1261, 56.6773
Particle 11 new velocities: 182.033, 479.142
251.125, 201.789
237.332, 169.72
102.455, 273.122
Particle 12 new velocities: 57.2982, 91.0282
160.981, 117.503
41.2158, 54.7401
116.142, 101.546
Particle 13 new velocities: -8.38522, 28.2986
101.612, 33.4057
-32.8787, 5.99425
15.99, 49.6531
Particle 14 new velocities: -10.8911, 44.2477
94.2721, 123.39
24.1544, 7.82456
45.5185, 139.172
Particle 15 new velocities: -22.1716, -16.743
4.39347, 5.99944
6.31436, 4.34598
-39.5228, -23.392
Particle 16 new velocities: 128.389, 127.598
72.1762, 395.132
132.852, 69.363
193.359, 164.208
Particle 17 new velocities: 78.3167, 143.589
282.305, 104.63
74.894, 70.5629
175.297, 195.261
Particle 18 new velocities: 63.005, 111.734
17.1361, 224.705
71.1949, 41.6891
125.993, 134.801
Particle 19 new velocities: 196.271, 562.019
267.39, 479.854
383.835, 225.157
285.105, 260.631
Particle 20 new velocities: 165.663, 175.907
167.63, 295.788
55.3423, 74.9289
155.125, 200.822
-- ITERATION 16 --
-------------
Particle: 1:
Relays Coordinates:
119.331, 176.505
306.42, 293.541
101.931, 62.5548
181.852, 221.354
Evaluation Time: 1.89872 seconds
Resulting Fitness: 0.613889
-------------
Particle: 2:
Relays Coordinates:
167.295, 199.715
291.526, 296.988
103.128, 74.86
223.327, 253.518
Evaluation Time: 1.77222 seconds
Resulting Fitness: 0.597222
-------------
Particle: 3:
Relays Coordinates:
149.132, 172.587
263.186, 328.981
110.826, 87.5351
233.843, 259.501
Evaluation Time: 1.72948 seconds
Resulting Fitness: 0.588889
-------------
Particle: 4:
Relays Coordinates:
160.221, 208.695
405, 326.843
118.003, 95.7178
271.008, 285.674
Evaluation Time: 2.14634 seconds
Resulting Fitness: 0.727778
-------------
Particle: 5:
Relays Coordinates:
138.542, 211.723
347.648, 295.51
112.465, 85.0522
230.659, 245.383
Evaluation Time: 1.98876 seconds
Resulting Fitness: 0.652778
-------------
Particle: 6:
Relays Coordinates:
186.18, 149.606
138.097, 215.234
42.8396, 93.236
155.31, 183.861
Evaluation Time: 1.48187 seconds
Resulting Fitness: 0.45
-------------
Particle: 7:
Relays Coordinates:
160.48, 225.398
293.667, 357.873
121.07, 89.6994
242.726, 285.122
Evaluation Time: 1.7565 seconds
Resulting Fitness: 0.625
-------------
Particle: 8:
Relays Coordinates:
196.976, 209.352
305.767, 295.33
111.828, 84.3869
230.586, 290.887
Evaluation Time: 1.87258 seconds
Resulting Fitness: 0.622222
-------------
Particle: 9:
Relays Coordinates:
148.863, 194.259
328.05, 217.623
111.143, 88.2488
244.878, 246.7
Evaluation Time: 1.81037 seconds
Resulting Fitness: 0.65
-------------
Particle: 10:
Relays Coordinates:
131.911, 188.154
284.098, 321.963
120.282, 87.3666
201.573, 228.408
Evaluation Time: 1.91565 seconds
Resulting Fitness: 0.611111
-------------
Particle: 11:
Relays Coordinates:
95.1654, 174.339
136.742, 117.904
119.223, 111.461
73.2943, 126.872
Evaluation Time: 1.18954 seconds
Resulting Fitness: 0.333333
-------------
Particle: 12:
Relays Coordinates:
171.836, 235.714
391.417, 353.556
118.086, 96.6571
278.747, 302.93
Evaluation Time: 2.04406 seconds
Resulting Fitness: 0.730556
-------------
Particle: 13:
Relays Coordinates:
169.12, 211.448
361.701, 342.308
74.289, 96.6614
257.121, 304.091
Evaluation Time: 2.08974 seconds
Resulting Fitness: 0.708333
New local best!
-------------
Particle: 14:
Relays Coordinates:
125.147, 190.136
346.158, 291.272
92.0816, 76.4589
204.272, 268.567
Evaluation Time: 1.89615 seconds
Resulting Fitness: 0.675
New local best!
-------------
Particle: 15:
Relays Coordinates:
181.532, 164.672
344.71, 371.221
113.44, 87.1442
243.92, 266.36
Evaluation Time: 2.01591 seconds
Resulting Fitness: 0.708333
-------------
Particle: 16:
Relays Coordinates:
145.953, 167.626
204.26, 315.693
139.038, 63.8833
228.557, 239.861
Evaluation Time: 1.80315 seconds
Resulting Fitness: 0.588889
-------------
Particle: 17:
Relays Coordinates:
145.109, 231.764
328.05, 271.277
103.452, 93.8189
274.631, 259.53
Evaluation Time: 1.80857 seconds
Resulting Fitness: 0.663889
-------------
Particle: 18:
Relays Coordinates:
144.803, 227.435
226.477, 328.05
119.396, 85.446
230.078, 288.391
Evaluation Time: 1.59705 seconds
Resulting Fitness: 0.555556
-------------
Particle: 19:
Relays Coordinates:
91.3277, 141.215
111.414, 141.215
141.215, 84.7367
116.417, 90.4231
Evaluation Time: 1.2095 seconds
Resulting Fitness: 0.316667
-------------
Particle: 20:
Relays Coordinates:
173.898, 204.918
273.323, 295.245
79.692, 82.8442
184.261, 239.971
Evaluation Time: 1.74739 seconds
Resulting Fitness: 0.572222
Current global best fitness: 0.752778
Current global best relays: 152.19, 216.148
363.395, 340.287
115.909, 85.5084
246.23, 280.06
Particle 1 new velocities: 83.1942, 65.5039
182.066, 89.9915
36.2859, 31.3844
170.279, 123.222
Particle 2 new velocities: -1.40148, 31.2067
294.384, 120.784
33.6213, 42.2359
85.7026, 72.7148
Particle 3 new velocities: 51.7817, 56.8247
60.8622, 94.2604
47.9036, 25.4369
89.6047, 98.7399
Particle 4 new velocities: 20.2947, 29.9592
-58.3372, 48.0973
21.9117, -0.192498
38.5001, 56.2324
Particle 5 new velocities: 31.3458, 22.0602
46.6394, 57.1504
13.8832, 8.19094
45.7765, 31.7733
Particle 6 new velocities: 325.948, 232.857
92.2527, 75.9092
32.5972, 100.494
255.615, 328.209
Particle 7 new velocities: 23.6605, 29.3515
142.683, 31.1565
20.0192, 9.68131
65.178, 59.8911
Particle 8 new velocities: 52.4265, 80.6814
196.685, 156.173
24.0112, 50.1682
116.824, 187.041
Particle 9 new velocities: 109.628, 118.713
84.9482, 270.456
48.9633, 26.9885
115.242, 187.064
Particle 10 new velocities: 60.1881, 38.0567
166.645, 38.9983
30.7786, -1.00307
101.329, 118.526
Particle 11 new velocities: 163.728, 312.43
126.778, 163.773
221.188, 141.99
289.374, 405.47
Particle 12 new velocities: 39.2822, 36.0118
118.533, 73.0503
23.8049, 37.4247
72.9087, 41.4443
Particle 13 new velocities: -10.2603, 25.8078
81.6322, 26.4392
14.7026, -3.46532
6.51775, 33.6518
Particle 14 new velocities: 4.50552, 60.5277
79.8437, 160.002
33.5022, 13.6821
37.3792, 117.54
Particle 15 new velocities: -44.6531, 43.692
81.4439, -16.5321
5.30872, 0.924135
-27.4236, 23.5048
Particle 16 new velocities: 105.189, 132.39
382.742, 277.433
74.8644, 79.4171
150.386, 231.494
Particle 17 new velocities: 88.4404, 104.669
119.649, 131.813
76.3913, 41.5064
135.439, 204.844
Particle 18 new velocities: 67.4309, 90.9949
123.77, -8.71534
54.8483, 27.6706
96.9933, 101.448
Particle 19 new velocities: 379.203, 42.5794
518.461, 108.867
65.159, 255.039
500.524, 294.932
Particle 20 new velocities: 125.113, 100.868
374.755, 119.969
74.686, 73.4537
292.12, 214.955
-- ITERATION 17 --
-------------
Particle: 1:
Relays Coordinates:
164.046, 196.027
395.674, 310.662
111.956, 76.0907
285.226, 279.107
Evaluation Time: 1.91514 seconds
Resulting Fitness: 0.677778
-------------
Particle: 2:
Relays Coordinates:
120.936, 168.342
364.5, 304.556
99.6904, 85.3629
225.283, 237.824
Evaluation Time: 2.01863 seconds
Resulting Fitness: 0.661111
-------------
Particle: 3:
Relays Coordinates:
146.466, 167.241
236.231, 308.543
115.714, 82.3565
235.793, 261.158
Evaluation Time: 1.74362 seconds
Resulting Fitness: 0.583333
-------------
Particle: 4:
Relays Coordinates:
162.464, 214.789
311.997, 337.446
125.923, 85.9728
278.557, 307.716
Evaluation Time: 1.84486 seconds
Resulting Fitness: 0.613889
-------------
Particle: 5:
Relays Coordinates:
152.899, 210.405
354.858, 317.394
113.714, 83.9189
248.792, 249.44
Evaluation Time: 2.11221 seconds
Resulting Fitness: 0.7
-------------
Particle: 6:
Relays Coordinates:
265.721, 203.256
122.417, 154.725
40.0902, 102.956
218.383, 265.721
Evaluation Time: 1.80443 seconds
Resulting Fitness: 0.558333
New local best!
-------------
Particle: 7:
Relays Coordinates:
149.154, 206.347
353.443, 315.114
114.282, 80.4984
249.402, 279.461
Evaluation Time: 2.06087 seconds
Resulting Fitness: 0.7
-------------
Particle: 8:
Relays Coordinates:
181.815, 211.434
364.5, 329.146
99.0269, 98.0906
253.262, 348.409
Evaluation Time: 1.9826 seconds
Resulting Fitness: 0.697222
New local best!
-------------
Particle: 9:
Relays Coordinates:
169.596, 205.341
270.968, 320.229
105.046, 75.6072
236.275, 284.592
Evaluation Time: 1.71768 seconds
Resulting Fitness: 0.577778
-------------
Particle: 10:
Relays Coordinates:
155.6, 183.231
365.101, 292.379
122.359, 69.9545
245.351, 281.017
Evaluation Time: 1.995 seconds
Resulting Fitness: 0.663889
-------------
Particle: 11:
Relays Coordinates:
100.301, 188.584
102.093, 109.127
131.882, 98.1923
140.505, 193.71
Evaluation Time: 1.29102 seconds
Resulting Fitness: 0.397222
-------------
Particle: 12:
Relays Coordinates:
153.906, 198.088
364.5, 310.996
103.438, 97.7456
256.357, 251.049
Evaluation Time: 2.03865 seconds
Resulting Fitness: 0.691667
-------------
Particle: 13:
Relays Coordinates:
128.676, 192.177
359.1, 298.685
72.0832, 75.4888
213.547, 273.572
Evaluation Time: 1.91126 seconds
Resulting Fitness: 0.65
-------------
Particle: 14:
Relays Coordinates:
94.5165, 182.734
310.555, 328.978
91.5506, 65.7128
176.164, 281.472
Evaluation Time: 1.85805 seconds
Resulting Fitness: 0.627778
-------------
Particle: 15:
Relays Coordinates:
89.8059, 136.708
279.599, 232.712
77.911, 57.7816
142.043, 190.18
Evaluation Time: 1.81855 seconds
Resulting Fitness: 0.530556
-------------
Particle: 16:
Relays Coordinates:
148.297, 177.156
295.245, 295.245
126.307, 84.6175
223.762, 278.33
Evaluation Time: 1.80655 seconds
Resulting Fitness: 0.583333
-------------
Particle: 17:
Relays Coordinates:
153.232, 220.734
293.735, 264.468
117.995, 88.787
269.047, 304.676
Evaluation Time: 1.85432 seconds
Resulting Fitness: 0.613889
-------------
Particle: 18:
Relays Coordinates:
154.719, 232.136
255.33, 232.795
127.024, 82.462
238.435, 284.193
Evaluation Time: 1.77155 seconds
Resulting Fitness: 0.588889
-------------
Particle: 19:
Relays Coordinates:
182.293, 71.2056
193.71, 96.8866
79.9534, 131.636
193.71, 149.294
Evaluation Time: 1.34984 seconds
Resulting Fitness: 0.419444
-------------
Particle: 20:
Relays Coordinates:
196.181, 200.626
328.05, 272.422
101.287, 102.547
312.553, 298.477
Evaluation Time: 1.80974 seconds
Resulting Fitness: 0.641667
Current global best fitness: 0.752778
Current global best relays: 152.19, 216.148
363.395, 340.287
115.909, 85.5084
246.23, 280.06
Particle 1 new velocities: 48.2492, 60.9611
142.825, 123.138
39.5852, 18.4165
89.7318, 107.118
Particle 2 new velocities: 51.8606, 53.0849
6.91198, 134.938
57.4145, 47.8933
106.838, 199.12
Particle 3 new velocities: 59.502, 47.7616
206.574, 101.675
29.3776, 39.1609
75.6803, 95.2173
Particle 4 new velocities: 22.6637, 22.253
24.7028, 35.1603
3.91075, 3.84793
6.41134, 39.571
Particle 5 new velocities: 43.0462, 22.0724
39.6693, 75.4686
12.3005, 8.72008
31.3079, 72.6266
Particle 6 new velocities: -24.0165, 199.734
131.6, 106.332
49.026, 76.1029
233.13, 11.3253
Particle 7 new velocities: 21.8298, 33.3772
140.132, 92.968
16.9669, 15.3764
46.4456, 49.0383
Particle 8 new velocities: 40.2045, 66.6849
-0.278345, 131.354
26.3515, 39.9482
85.7913, 143.016
Particle 9 new velocities: 88.0681, 108.275
198.907, 245.154
58.7968, 32.6286
154.24, 163.287
Particle 10 new velocities: 53.5046, 78.1301
118.824, 4.80089
1.0587, 16.2217
83.8629, 91.8986
Particle 11 new velocities: 209.592, 506.967
89.8536, 353.524
175.347, 187.086
245.71, 71.8839
Particle 12 new velocities: 48.5354, 49.2766
-0.0437043, 78.1949
23.3811, 5.51758
62.3538, 100.299
Particle 13 new velocities: 38.4346, 34.0108
69.4191, 95.5652
41.7953, 17.7635
93.3574, 80.0494
Particle 14 new velocities: 84.6738, 64.1487
115.678, 76.8136
40.0185, 36.0272
78.7276, 80.8531
Particle 15 new velocities: 209.109, 90.5986
175.66, 210.132
32.4307, 40.6828
223.934, 102.724
Particle 16 new velocities: 51.1675, 153.011
42.6238, 14.1209
14.0805, 20.4057
132.673, 197.694
Particle 17 new velocities: 96.7287, 86.1025
160.896, 154.281
50.137, 30.6117
96.6442, 116.588
Particle 18 new velocities: 52.1559, 67.0857
229.039, 127.447
18.0524, 17.8953
68.3562, 83.6659
Particle 19 new velocities: 413.547, 400.789
160.23, 225.681
202.093, 160
57.398, 255.026
Particle 20 new velocities: 50.5132, 58.562
108.388, 111.692
62.4858, 48.5615
176.712, 147.457
-- ITERATION 18 --
-------------
Particle: 1:
Relays Coordinates:
154.763, 187.345
364.5, 316.24
110.473, 68.8958
273.344, 281.558
Evaluation Time: 1.93381 seconds
Resulting Fitness: 0.683333
-------------
Particle: 2:
Relays Coordinates:
91.8312, 117.675
197.384, 233.565
83.492, 70.8178
176.503, 232.21
Evaluation Time: 1.50296 seconds
Resulting Fitness: 0.458333
-------------
Particle: 3:
Relays Coordinates:
166.834, 174.152
358.672, 332.276
117.524, 98.4291
252.294, 288.664
Evaluation Time: 2.06422 seconds
Resulting Fitness: 0.716667
New local best!
-------------
Particle: 4:
Relays Coordinates:
166.615, 213.338
303.029, 335.346
116.851, 80.8387
256.472, 312.558
Evaluation Time: 1.78028 seconds
Resulting Fitness: 0.619444
-------------
Particle: 5:
Relays Coordinates:
176.35, 209.23
355.075, 353.577
113.413, 83.3751
252.09, 289.86
Evaluation Time: 1.98032 seconds
Resulting Fitness: 0.744444
New local best!
-------------
Particle: 6:
Relays Coordinates:
176.202, 293.78
185.179, 190.311
64.9657, 130.534
329.152, 201.966
Evaluation Time: 1.95546 seconds
Resulting Fitness: 0.677778
New local best!
-------------
Particle: 7:
Relays Coordinates:
112.182, 157.283
323.835, 267.743
86.1125, 62.9034
194.106, 215.528
Evaluation Time: 1.8997 seconds
Resulting Fitness: 0.638889
-------------
Particle: 8:
Relays Coordinates:
145.667, 182.474
238.966, 302.134
82.2608, 90.5673
222.453, 322.424
Evaluation Time: 1.64628 seconds
Resulting Fitness: 0.516667
-------------
Particle: 9:
Relays Coordinates:
169.054, 205.764
308.285, 328.05
107.497, 71.0135
256.216, 293.854
Evaluation Time: 1.82289 seconds
Resulting Fitness: 0.647222
-------------
Particle: 10:
Relays Coordinates:
152.437, 190.532
352.782, 216.644
89.9714, 62.8224
239.997, 271.855
Evaluation Time: 1.87365 seconds
Resulting Fitness: 0.677778
-------------
Particle: 11:
Relays Coordinates:
108.053, 174.339
66.9277, 161.317
107.124, 99.4705
134.665, 92.6069
Evaluation Time: 1.18022 seconds
Resulting Fitness: 0.333333
-------------
Particle: 12:
Relays Coordinates:
182.197, 222.628
328.011, 350.272
114.137, 92.9369
286.84, 316.214
Evaluation Time: 1.86929 seconds
Resulting Fitness: 0.661111
-------------
Particle: 13:
Relays Coordinates:
135.36, 183.212
347.1, 319.343
92.2416, 75.5344
248.593, 286.433
Evaluation Time: 2.00343 seconds
Resulting Fitness: 0.677778
-------------
Particle: 14:
Relays Coordinates:
145.144, 199.975
345.249, 328.692
106.571, 82.4094
206.462, 293.483
Evaluation Time: 2.01307 seconds
Resulting Fitness: 0.686111
New local best!
-------------
Particle: 15:
Relays Coordinates:
196.118, 149.136
298.696, 290.55
72.3952, 64.6025
240.118, 192.174
Evaluation Time: 1.87428 seconds
Resulting Fitness: 0.602778
-------------
Particle: 16:
Relays Coordinates:
130.869, 216.623
221.676, 202.975
92.1082, 68.9057
233.857, 312.319
Evaluation Time: 1.81911 seconds
Resulting Fitness: 0.577778
-------------
Particle: 17:
Relays Coordinates:
182.221, 223.684
331.426, 305.268
122.568, 87.0417
266.589, 307.102
Evaluation Time: 2.14642 seconds
Resulting Fitness: 0.647222
-------------
Particle: 18:
Relays Coordinates:
150.811, 218.132
353.105, 262.617
105.761, 73.1605
223.651, 268.169
Evaluation Time: 2.03274 seconds
Resulting Fitness: 0.65
New local best!
-------------
Particle: 19:
Relays Coordinates:
174.339, 164.575
123.411, 112.472
98.3434, 101.687
87.556, 140.978
Evaluation Time: 1.40398 seconds
Resulting Fitness: 0.383333
-------------
Particle: 20:
Relays Coordinates:
161.856, 170.053
286.347, 252.018
107.452, 99.1423
321.007, 292.577
Evaluation Time: 1.88538 seconds
Resulting Fitness: 0.622222
Current global best fitness: 0.752778
Current global best relays: 152.19, 216.148
363.395, 340.287
115.909, 85.5084
246.23, 280.06
Particle 1 new velocities: 37.4234, 66.3987
4.13711, 136.087
44.0701, 26.3175
64.482, 85.8941
Particle 2 new velocities: 109.637, 218.518
447.239, 178.812
51.9532, 67.9166
167.077, 273.151
Particle 3 new velocities: 35.4038, 86.491
167.681, 89.5813
22.7148, 15.3057
54.7388, 66.8435
Particle 4 new velocities: 9.26606, 18.818
161.422, 29.6784
3.25149, 22.7161
31.6584, -0.103722
Particle 5 new velocities: 31.828, 23.1843
32.9769, 44.798
12.1908, 8.45247
24.5103, 56.9351
Particle 6 new velocities: -34.5676, 59.3407
231.239, 188.179
66.1707, 7.85961
156.298, 69.7086
Particle 7 new velocities: 84.2324, 92.9143
163.036, 171.3
64.0764, 53.3973
102.19, 133.257
Particle 8 new velocities: 73.9192, 76.8595
230.733, 136.059
83.0965, 34.6511
142.366, 110.396
Particle 9 new velocities: 73.761, 97.2514
184.871, 36.3358
61.1119, 42.057
119.763, 131.932
Particle 10 new velocities: 45.0115, 75.9193
106.3, 127.73
17.8688, 47.7207
76.6071, 83.1715
Particle 11 new velocities: 240.591, 183.798
312.612, 249.088
202.73, 357.164
189.302, 323.705
Particle 12 new velocities: 28.7511, 27.8633
39.0413, 42.6129
7.03028, -9.12948
-16.2997, 4.35062
Particle 13 new velocities: 79.8229, 77.9843
78.9407, 114.312
18.8852, 25.782
88.8578, 83.3704
Particle 14 new velocities: 73.8167, 66.8972
114.119, 67.0436
32.0365, 28.8498
98.5916, 54.1884
Particle 15 new velocities: 123.022, 116.331
335.623, 232.248
90.3217, 67.4829
189.829, 279.506
Particle 16 new velocities: 35.1388, 78.528
299.775, 57.9209
41.9141, 1.93949
94.098, 105.748
Particle 17 new velocities: 32.4131, 76.0114
158.335, 85.9281
15.5668, 27.3487
81.6635, 49.6676
Particle 18 new velocities: 41.9151, 52.0818
196.511, 193.785
16.695, 23.6213
66.5301, 75.0086
Particle 19 new velocities: 30.3054, 388.866
282.229, 250.078
277.769, 148.584
383.466, 280.487
Particle 20 new velocities: 31.6121, 107.991
335.333, 176.436
51.264, 28.1381
80.6622, 113.846
-- ITERATION 19 --
-------------
Particle: 1:
Relays Coordinates:
155.671, 205.532
298.596, 366.385
125.18, 77.1228
273.639, 297.636
Evaluation Time: 1.77246 seconds
Resulting Fitness: 0.611111
-------------
Particle: 2:
Relays Coordinates:
132.184, 220.576
328.05, 270.561
88.8656, 91.0237
225.422, 328.05
Evaluation Time: 1.98996 seconds
Resulting Fitness: 0.7
-------------
Particle: 3:
Relays Coordinates:
147.431, 190.009
364.5, 307.534
102.234, 82.9127
223.827, 259.165
Evaluation Time: 1.96075 seconds
Resulting Fitness: 0.680556
-------------
Particle: 4:
Relays Coordinates:
142.464, 188.046
376.205, 295.67
97.2827, 83.8794
233.385, 253.088
Evaluation Time: 1.89392 seconds
Resulting Fitness: 0.661111
-------------
Particle: 5:
Relays Coordinates:
187.36, 209.173
349.246, 358.537
113.043, 82.6448
248.94, 312.116
Evaluation Time: 1.92763 seconds
Resulting Fitness: 0.727778
-------------
Particle: 6:
Relays Coordinates:
75.2704, 187.663
221.301, 201.145
69.6913, 73.5481
257.988, 144.379
Evaluation Time: 1.66494 seconds
Resulting Fitness: 0.55
-------------
Particle: 7:
Relays Coordinates:
143.186, 182.394
354.929, 320.062
109.488, 84.7833
215.999, 254.264
Evaluation Time: 1.97144 seconds
Resulting Fitness: 0.655556
-------------
Particle: 8:
Relays Coordinates:
144.07, 170.149
308.17, 287.499
108.491, 82.1558
239.358, 283.973
Evaluation Time: 1.87666 seconds
Resulting Fitness: 0.622222
-------------
Particle: 9:
Relays Coordinates:
177.012, 220.898
359.511, 265.637
122.916, 82.4284
274.089, 310.397
Evaluation Time: 1.97026 seconds
Resulting Fitness: 0.680556
-------------
Particle: 10:
Relays Coordinates:
159.934, 215.826
371.856, 278.943
87.3506, 89.5399
256.449, 287.572
Evaluation Time: 1.956 seconds
Resulting Fitness: 0.688889
New local best!
-------------
Particle: 11:
Relays Coordinates:
98.4674, 101.149
107.193, 115.91
87.5119, 128.967
91.4977, 117.579
Evaluation Time: 1.18358 seconds
Resulting Fitness: 0.269444
-------------
Particle: 12:
Relays Coordinates:
170.868, 202.898
297.312, 318.237
98.1459, 67.884
219.137, 259.657
Evaluation Time: 1.85354 seconds
Resulting Fitness: 0.611111
-------------
Particle: 13:
Relays Coordinates:
174.298, 211.569
345.093, 351.26
90.0127, 82.0663
273.335, 299.541
Evaluation Time: 2.07645 seconds
Resulting Fitness: 0.686111
-------------
Particle: 14:
Relays Coordinates:
177.358, 216.166
372.088, 320.545
112.272, 90.1199
247.093, 281.614
Evaluation Time: 1.99846 seconds
Resulting Fitness: 0.725
New local best!
-------------
Particle: 15:
Relays Coordinates:
209.388, 174.173
328.05, 328.05
106.759, 86.6613
282.088, 309.469
Evaluation Time: 1.91423 seconds
Resulting Fitness: 0.652778
-------------
Particle: 16:
Relays Coordinates:
108.917, 193.648
328.05, 171.174
87.9321, 46.4815
215.172, 274.294
Evaluation Time: 1.93069 seconds
Resulting Fitness: 0.622222
-------------
Particle: 17:
Relays Coordinates:
156.468, 218.478
357.036, 285.182
100.701, 83.3906
253.876, 260.085
Evaluation Time: 1.93986 seconds
Resulting Fitness: 0.658333
-------------
Particle: 18:
Relays Coordinates:
113.803, 159.559
295.245, 269.501
72.3089, 57.1487
171.349, 202.643
Evaluation Time: 1.86355 seconds
Resulting Fitness: 0.558333
-------------
Particle: 19:
Relays Coordinates:
64.2196, 156.905
127.294, 113.772
118.028, 78.5378
147.812, 132.26
Evaluation Time: 1.21695 seconds
Resulting Fitness: 0.344444
-------------
Particle: 20:
Relays Coordinates:
114.241, 164.182
295.245, 252.998
93.72, 75.1578
237.181, 239.989
Evaluation Time: 1.74514 seconds
Resulting Fitness: 0.583333
Current global best fitness: 0.752778
Current global best relays: 152.19, 216.148
363.395, 340.287
115.909, 85.5084
246.23, 280.06
Particle 1 new velocities: 30.6825, 59.8394
161.971, 57.7605
28.2574, 8.52462
50.1226, 56.9304
Particle 2 new velocities: 228.522, 129.769
86.7781, 257.546
50.4626, 56.8392
167.315, -52.5121
Particle 3 new velocities: 55.1226, 75.0356
-9.67912, 126.269
51.8266, 21.4168
99.6482, 122.578
Particle 4 new velocities: 40.4724, 36.1694
115.822, 101.642
39.1795, 30.6828
77.5872, 42.3006
Particle 5 new velocities: 13.9714, 25.4586
51.2335, 6.28003
12.2584, 9.99482
19.8492, -2.46243
Particle 6 new velocities: 39.399, 58.4406
225.352, 207.385
69.4448, 19.0199
175.366, 192.978
Particle 7 new velocities: 68.3428, 109.879
146.005, 153.048
65.9114, 43.7033
115.985, 141.825
Particle 8 new velocities: 78.7123, 182.021
241.247, 188.946
66.454, 43.289
118.208, 105.742
Particle 9 new velocities: 33.0998, 60.6935
154.045, 223.965
35.6306, 33.4897
64.8027, 49.1285
Particle 10 new velocities: 34.2878, 60.8342
84.4642, 127.899
23.5386, 36.7736
48.3573, 62.2184
Particle 11 new velocities: 263.675, 528.192
254.232, 478.154
244.301, 367.473
213.457, 376.073
Particle 12 new velocities: 6.24664, 51.4293
186.179, 57.8944
37.332, 15.088
70.5378, 45.2435
Particle 13 new velocities: 51.0522, 64.7054
99.0678, 71.88
27.8657, 23.9743
41.8301, 58.22
Particle 14 new velocities: 45.8298, 53.4989
85.249, 56.7871
27.3612, 21.6943
78.2257, 41.6046
Particle 15 new velocities: 34.5582, 131.959
32.6079, 23.3315
78.9076, 51.8504
143.962, 162.496
Particle 16 new velocities: 83.2768, 57.0641
-5.65877, 139.481
74.421, 38.6868
97.078, 92.1769
Particle 17 new velocities: 31.4509, 76.883
139.035, 126.758
21.2119, 24.0466
86.9782, 69.4765
Particle 18 new velocities: 76.7684, 172.702
114.209, 168.064
94.3862, 65.9691
142.113, 206.686
Particle 19 new velocities: 269.687, 108.025
279.077, 189.897
263.7, 175.15
501.663, 244.848
Particle 20 new velocities: 96.9882, 150.417
98.3677, 335.139
48.9366, 51.3953
117.856, 188.234
-- ITERATION 20 --
-------------
Particle: 1:
Relays Coordinates:
150.946, 214.951
373.059, 343.558
124.285, 69.3744
262.247, 287.199
Evaluation Time: 2.02669 seconds
Resulting Fitness: 0.761111
New local best!
New global best!
-------------
Particle: 2:
Relays Coordinates:
191.694, 186.188
220.457, 265.721
74.0447, 78.5804
208.717, 146.432
Evaluation Time: 1.63184 seconds
Resulting Fitness: 0.536111
-------------
Particle: 3:
Relays Coordinates:
164.069, 214.686
287.405, 351.381
124.789, 84.5069
262.015, 309.211
Evaluation Time: 1.71883 seconds
Resulting Fitness: 0.583333
-------------
Particle: 4:
Relays Coordinates:
133.36, 163.453
358.688, 289.64
99.481, 83.5158
226.699, 215.338
Evaluation Time: 1.88648 seconds
Resulting Fitness: 0.602778
-------------
Particle: 5:
Relays Coordinates:
181.199, 211.168
360.432, 328.336
112.771, 83.3756
241.911, 278.688
Evaluation Time: 2.25207 seconds
Resulting Fitness: 0.722222
-------------
Particle: 6:
Relays Coordinates:
49.3614, 105.939
192.269, 175.859
59.8935, 39.8475
186.545, 145.221
Evaluation Time: 1.41638 seconds
Resulting Fitness: 0.408333
-------------
Particle: 7:
Relays Coordinates:
138.784, 191.761
328.05, 310.407
115.079, 84.3
217.815, 259.874
Evaluation Time: 1.87328 seconds
Resulting Fitness: 0.655556
-------------
Particle: 8:
Relays Coordinates:
146.168, 231.058
328.05, 312.595
114.781, 82.3043
234.599, 255.692
Evaluation Time: 1.92964 seconds
Resulting Fitness: 0.652778
-------------
Particle: 9:
Relays Coordinates:
153.171, 205.28
364.5, 356.92
115.58, 84.5043
247.052, 262.094
Evaluation Time: 1.9477 seconds
Resulting Fitness: 0.708333
-------------
Particle: 10:
Relays Coordinates:
174.799, 248.994
410.688, 366.158
99.8002, 113.682
274.326, 314.811
Evaluation Time: 1.97084 seconds
Resulting Fitness: 0.636111
-------------
Particle: 11:
Relays Coordinates:
92.0517, 127.093
91.8694, 127.093
84.3423, 126.189
77.5154, 125.48
Evaluation Time: 1.15304 seconds
Resulting Fitness: 0.258333
-------------
Particle: 12:
Relays Coordinates:
129.116, 185.405
352.465, 274.2
98.7634, 60.4866
211.173, 222.272
Evaluation Time: 1.91479 seconds
Resulting Fitness: 0.661111
-------------
Particle: 13:
Relays Coordinates:
164.28, 201.404
323.793, 308.469
85.9333, 77.3036
229.755, 260.808
Evaluation Time: 1.93062 seconds
Resulting Fitness: 0.641667
-------------
Particle: 14:
Relays Coordinates:
180.782, 218.429
370.443, 305.639
113.103, 90.5695
263.508, 261.807
Evaluation Time: 1.93281 seconds
Resulting Fitness: 0.697222
-------------
Particle: 15:
Relays Coordinates:
160.053, 200.853
236.628, 230.541
121.816, 90.8775
279.532, 309.656
Evaluation Time: 1.8066 seconds
Resulting Fitness: 0.594444
-------------
Particle: 16:
Relays Coordinates:
155.677, 203.077
261.137, 251.63
131.506, 68.9863
252.922, 296.841
Evaluation Time: 1.75133 seconds
Resulting Fitness: 0.594444
-------------
Particle: 17:
Relays Coordinates:
136.993, 215.318
361.636, 300.304
88.8742, 78.3217
248.483, 240.25
Evaluation Time: 1.96471 seconds
Resulting Fitness: 0.675
New local best!
-------------
Particle: 18:
Relays Coordinates:
138.927, 242.218
298.492, 318.985
121.521, 89.7529
228.514, 298.4
Evaluation Time: 1.89062 seconds
Resulting Fitness: 0.588889
-------------
Particle: 19:
Relays Coordinates:
116.426, 92.3753
141.693, 105.883
133.1, 88.4555
174.339, 131.49
Evaluation Time: 1.24546 seconds
Resulting Fitness: 0.35
-------------
Particle: 20:
Relays Coordinates:
153.986, 229.343
286.944, 364.5
103.997, 92.2572
258.823, 312.174
Evaluation Time: 1.76429 seconds
Resulting Fitness: 0.613889
Final Evaluation Time: 731.453 seconds
Final global best fitness: 0.761111
Final global best relays:
150.946, 214.951
373.059, 343.558
124.285, 69.3744
262.247, 287.199
