PSO EXECUTION
============================
Seed: 74485470
Particles: 20
Relays: 6
Iterations: 20
Backend: Simulation
Network Configuration: 2
Area: 500 x 500
Sink: 0, 0
Simulated Relay range: 155
w: 0.8
c1: 1.7
c2: 1.3

Relay Nodes Positions: 
PARTICLE 1: 
204.56, 173.683
134.779, 257.293
138.786, 101.16
101.59, 135.876
135.902, 65.7663
97.9938, 284.609
PARTICLE 2: 
118.553, 283.183
237.04, 291.682
151.942, 192.424
195.567, 137.012
101.427, 285.023
107.052, 76.7192
PARTICLE 3: 
265.274, 164.967
161.921, 32.4004
205.988, 136.312
225.917, 133.23
34.709, 44.848
139.778, 144.14
PARTICLE 4: 
264.281, 379.067
37.0626, 2.37128
270.726, 159.324
193.649, 217.982
183.856, 297.06
62.9676, 141.855
PARTICLE 5: 
471.969, 60.928
448.697, 288.185
271.593, 219.832
368.365, 169.601
217.992, 140.896
102.304, 51.8019
PARTICLE 6: 
87.4703, 189.983
59.1172, 91.7836
230.02, 352.643
195.401, 56.5314
155.039, 297.488
120.149, 308.893
PARTICLE 7: 
18.2398, 69.9254
268.297, 128.636
168.45, 49.0359
212.265, 136.943
45.6908, 134.564
186.718, 169.084
PARTICLE 8: 
107.179, 94.2529
474.073, 151.54
450.397, 21.3728
360.389, 121.975
336.622, 192.777
191.19, 143.578
PARTICLE 9: 
184.738, 306.63
139.762, 201.827
267.244, 329.159
165.794, 391.172
88.5566, 80.6765
172.823, 353.615
PARTICLE 10: 
233.034, 344.113
150.999, 267.664
158.945, 182.88
170.353, 466.168
224.449, 492.171
98.4784, 83.81
PARTICLE 11: 
178.961, 250.729
55.647, 233.048
22.3443, 126.265
96.858, 187.004
167.375, 78.3329
40.5694, 82.386
PARTICLE 12: 
270.886, 108.627
206.532, 209.615
31.239, 118.497
37.1955, 23.9103
162.94, 60.9205
273.445, 133.226
PARTICLE 13: 
395.478, 300.511
194.518, 261.387
100.314, 76.5146
390.343, 152.012
209.919, 144.44
295.106, 352.196
PARTICLE 14: 
167.791, 42.5082
332.292, 13.1047
186.218, 178.813
218.974, 96.6246
201.714, 106.713
105.486, 7.38603
PARTICLE 15: 
135.262, 10.868
480.132, 135.087
254.954, 103.212
188.885, 26.4872
358.408, 44.1518
436.872, 210.061
PARTICLE 16: 
55.8105, 109.194
71.535, 223.364
241.692, 238.528
297.657, 299.201
146.286, 410.494
141.847, 272.962
PARTICLE 17: 
102.313, 23.8259
73.677, 239.526
142.627, 285.6
122.067, 174.722
206.306, 300.763
262.35, 240.785
PARTICLE 18: 
331.302, 272.82
103.173, 20.9333
314.153, 106.863
196.991, 212.754
420.077, 392.613
224.188, 109.58
PARTICLE 19: 
305.825, 374.687
251.548, 499.353
321.219, 258.933
240.103, 294.98
136.22, 193.276
28.7116, 136.355
PARTICLE 20: 
230.772, 94.5237
116.682, 376.249
118.974, 97.5872
262.51, 169.092
199.267, 245.277
104.124, 449.404
Nodes Positions: 
356.328, 467.241
229.476, 199.759
58.5085, 282.481
86.5926, 240.098
43.7073, 340.526
93.0972, 169.948
285.61, 452.368
141.194, 201.659
131.163, 4.79044
254.506, 381.783
81.9242, 219.308
362.575, 318.457
202.959, 116.498
325.236, 346.431
324.936, 42.7319
168.102, 155.124
381.651, 351.471
335.736, 274.38
16.2966, 31.2627
316.228, 292.392
469.424, 225.374
348.468, 180.583
398.472, 428.89
153.146, 214.019
2.19187, 327.531
303.954, 494.304
434.619, 401.651
222.607, 255.427
245.292, 383.862
374.431, 245.317
267.875, 128.129
142.012, 368.23
489.354, 415.392
210.06, 71.9118
100.924, 421.663
194.789, 303.483
462.667, 124.176
442.674, 315.848
239.853, 105.691
492.227, 487.252
123.369, 10.4154
111.09, 288.63
481.122, 439.582
403.893, 261.136
454.983, 465.575
428.904, 23.0169
73.8528, 481.145
414.764, 443.673
417.132, 35.5302
32.2327, 365.983
51.7166, 77.7013
292.692, 84.8091
18.3658, 92.5115
264.924, 58.1954
276.28, 144.073
37.5513, 184.814
164.08, 399.36
182.629, 66.216
187.095, 165.323
385.859, 135.965
All particles start with velocity zero
-- ITERATION 0 --
-------------
Particle: 1:
Relays Coordinates:
204.56, 173.683
134.779, 257.293
138.786, 101.16
101.59, 135.876
135.902, 65.7663
97.9938, 284.609
Evaluation Time: 1.66314 seconds
Resulting Fitness: 0.436111
New local best!
New global best!
-------------
Particle: 2:
Relays Coordinates:
118.553, 283.183
237.04, 291.682
151.942, 192.424
195.567, 137.012
101.427, 285.023
107.052, 76.7192
Evaluation Time: 1.82663 seconds
Resulting Fitness: 0.544444
New local best!
New global best!
-------------
Particle: 3:
Relays Coordinates:
265.274, 164.967
161.921, 32.4004
205.988, 136.312
225.917, 133.23
34.709, 44.848
139.778, 144.14
Evaluation Time: 1.55504 seconds
Resulting Fitness: 0.405556
New local best!
-------------
Particle: 4:
Relays Coordinates:
264.281, 379.067
37.0626, 2.37128
270.726, 159.324
193.649, 217.982
183.856, 297.06
62.9676, 141.855
Evaluation Time: 2.11815 seconds
Resulting Fitness: 0.519444
New local best!
-------------
Particle: 5:
Relays Coordinates:
471.969, 60.928
448.697, 288.185
271.593, 219.832
368.365, 169.601
217.992, 140.896
102.304, 51.8019
Evaluation Time: 1.87617 seconds
Resulting Fitness: 0.475
New local best!
-------------
Particle: 6:
Relays Coordinates:
87.4703, 189.983
59.1172, 91.7836
230.02, 352.643
195.401, 56.5314
155.039, 297.488
120.149, 308.893
Evaluation Time: 1.83113 seconds
Resulting Fitness: 0.566667
New local best!
New global best!
-------------
Particle: 7:
Relays Coordinates:
18.2398, 69.9254
268.297, 128.636
168.45, 49.0359
212.265, 136.943
45.6908, 134.564
186.718, 169.084
Evaluation Time: 1.56782 seconds
Resulting Fitness: 0.363889
New local best!
-------------
Particle: 8:
Relays Coordinates:
107.179, 94.2529
474.073, 151.54
450.397, 21.3728
360.389, 121.975
336.622, 192.777
191.19, 143.578
Evaluation Time: 1.72595 seconds
Resulting Fitness: 0.486111
New local best!
-------------
Particle: 9:
Relays Coordinates:
184.738, 306.63
139.762, 201.827
267.244, 329.159
165.794, 391.172
88.5566, 80.6765
172.823, 353.615
Evaluation Time: 1.83187 seconds
Resulting Fitness: 0.491667
New local best!
-------------
Particle: 10:
Relays Coordinates:
233.034, 344.113
150.999, 267.664
158.945, 182.88
170.353, 466.168
224.449, 492.171
98.4784, 83.81
Evaluation Time: 1.81653 seconds
Resulting Fitness: 0.533333
New local best!
-------------
Particle: 11:
Relays Coordinates:
178.961, 250.729
55.647, 233.048
22.3443, 126.265
96.858, 187.004
167.375, 78.3329
40.5694, 82.386
Evaluation Time: 1.6186 seconds
Resulting Fitness: 0.45
New local best!
-------------
Particle: 12:
Relays Coordinates:
270.886, 108.627
206.532, 209.615
31.239, 118.497
37.1955, 23.9103
162.94, 60.9205
273.445, 133.226
Evaluation Time: 1.65296 seconds
Resulting Fitness: 0.438889
New local best!
-------------
Particle: 13:
Relays Coordinates:
395.478, 300.511
194.518, 261.387
100.314, 76.5146
390.343, 152.012
209.919, 144.44
295.106, 352.196
Evaluation Time: 2.17348 seconds
Resulting Fitness: 0.591667
New local best!
New global best!
-------------
Particle: 14:
Relays Coordinates:
167.791, 42.5082
332.292, 13.1047
186.218, 178.813
218.974, 96.6246
201.714, 106.713
105.486, 7.38603
Evaluation Time: 1.61225 seconds
Resulting Fitness: 0.408333
New local best!
-------------
Particle: 15:
Relays Coordinates:
135.262, 10.868
480.132, 135.087
254.954, 103.212
188.885, 26.4872
358.408, 44.1518
436.872, 210.061
Evaluation Time: 1.61958 seconds
Resulting Fitness: 0.391667
New local best!
-------------
Particle: 16:
Relays Coordinates:
55.8105, 109.194
71.535, 223.364
241.692, 238.528
297.657, 299.201
146.286, 410.494
141.847, 272.962
Evaluation Time: 1.95287 seconds
Resulting Fitness: 0.533333
New local best!
-------------
Particle: 17:
Relays Coordinates:
102.313, 23.8259
73.677, 239.526
142.627, 285.6
122.067, 174.722
206.306, 300.763
262.35, 240.785
Evaluation Time: 1.91081 seconds
Resulting Fitness: 0.466667
New local best!
-------------
Particle: 18:
Relays Coordinates:
331.302, 272.82
103.173, 20.9333
314.153, 106.863
196.991, 212.754
420.077, 392.613
224.188, 109.58
Evaluation Time: 2.06275 seconds
Resulting Fitness: 0.55
New local best!
-------------
Particle: 19:
Relays Coordinates:
305.825, 374.687
251.548, 499.353
321.219, 258.933
240.103, 294.98
136.22, 193.276
28.7116, 136.355
Evaluation Time: 1.98257 seconds
Resulting Fitness: 0.525
New local best!
-------------
Particle: 20:
Relays Coordinates:
230.772, 94.5237
116.682, 376.249
118.974, 97.5872
262.51, 169.092
199.267, 245.277
104.124, 449.404
Evaluation Time: 1.83695 seconds
Resulting Fitness: 0.422222
New local best!
Current global best fitness: 0.591667
Current global best relays: 395.478, 300.511
194.518, 261.387
100.314, 76.5146
390.343, 152.012
209.919, 144.44
295.106, 352.196
Particle 1 new velocities: 76.8007, 80.5487
18.7971, 4.71658
-21.6395, -26.7512
301.766, 5.4854
59.3578, 56.778
115.72, 62.5619
Particle 2 new velocities: 151.171, 4.70913
-50.4145, -13.8404
-34.5335, -45.3386
24.5507, 2.69513
5.55907, -173.541
209.744, 31.8327
Particle 3 new velocities: 110.554, 167.656
11.3846, 256.762
-127.436, -37.8184
123.693, 10.1928
68.0323, 37.8691
165.509, 175.636
Particle 4 new velocities: 160.799, -37.0258
165.29, 4.16108
-181.461, -102.5
83.6805, -79.276
9.79969, -65.3332
109.483, 146.863
Particle 5 new velocities: -77.0636, 168.712
-179.252, -0.164002
-56.2026, -106.289
7.90987, -14.5554
-8.39449, 2.23303
146.645, 0.122193
Particle 6 new velocities: 186.517, 74.2929
69.034, 156.772
-20.7671, -18.1539
17.6399, 29.1766
2.05893, -67.0191
9.41389, 9.86608
Particle 7 new velocities: 199.744, 26.2008
-61.0279, 162.922
-82.2668, 2.48637
64.3419, 17.6294
25.8473, 2.33717
54.8383, 225.114
Particle 8 new velocities: 187.264, 72.0849
-63.5105, 19.1612
-112.998, 38.6083
34.5189, 9.0015
-97.6634, -57.6825
79.1299, 175.429
Particle 9 new velocities: 103.781, -6.52884
9.54338, 46.3887
-67.398, -32.4659
201.765, -2.39231
24.8417, 32.0255
61.6241, -0.339263
Particle 10 new velocities: 13.8998, -35.388
22.8188, -3.03008
-15.6645, -7.46196
11.3856, -344.154
-12.6293, -67.3098
190.306, 194.793
Particle 11 new velocities: 44.0531, 15.9488
6.41837, 8.73109
23.1598, -12.1043
155.169, -3.56682
19.5589, 42.7134
169.753, 223.793
Particle 12 new velocities: 74.8642, 217.802
-8.03149, 24.8277
13.539, -19.1916
120.53, 16.9097
33.7975, 50.6013
18.7173, 81.5872
Particle 13 new velocities: 0, 0
0, 0
0, 0
0, 0
0, 0
0, 0
Particle 14 new velocities: 204.874, 327.992
-38.0396, 245.422
-0.333743, -44.8148
161.381, 39.7975
5.238, 46.6435
128.302, 116.079
Particle 15 new velocities: 308.655, 370.278
-336.554, 134.572
-145.961, -25.3199
233.122, 95.9437
-172.133, 125
-42.3517, 118.098
Particle 16 new velocities: 194.043, 38.8041
70.185, 28.0726
-58.3717, -62.2995
112.935, -103.649
46.8836, -110.536
72.5487, 91.8082
Particle 17 new velocities: 361.592, 353.047
34.6829, 12.9129
-34.3026, -266.135
282.446, -19.5619
0.350874, -149.186
26.2759, 81.2708
Particle 18 new velocities: 80.0736, 2.81278
52.0566, 273.761
-179.237, -23.39
158.885, -2.41402
-207.708, -36.8977
11.408, 275.042
Particle 19 new velocities: 10.5555, -20.4294
-38.0896, -108.782
-153.275, -142.256
54.5088, -117.636
16.3146, -53.9836
56.6056, 166.533
Particle 20 new velocities: 118.731, 87.2431
65.0722, -46.2421
-19.2748, -10.076
88.9832, -0.94954
3.39335, -73.9002
188.533, -27.5107
-- ITERATION 1 --
-------------
Particle: 1:
Relays Coordinates:
253.225, 228.809
138.219, 235.808
105.432, 66.968
363.021, 127.225
175.734, 110.29
192.342, 312.454
Evaluation Time: 1.94087 seconds
Resulting Fitness: 0.597222
New local best!
New global best!
-------------
Particle: 2:
Relays Coordinates:
269.724, 287.892
186.626, 277.842
117.409, 147.086
220.118, 139.708
106.987, 111.482
316.796, 108.552
Evaluation Time: 1.9096 seconds
Resulting Fitness: 0.547222
New local best!
-------------
Particle: 3:
Relays Coordinates:
246.581, 218.234
113.706, 189.719
51.5377, 64.6217
229.379, 94.0995
67.4086, 54.2707
200.299, 209.805
Evaluation Time: 1.65405 seconds
Resulting Fitness: 0.483333
New local best!
-------------
Particle: 4:
Relays Coordinates:
251.005, 201.972
119.487, 3.85729
52.7101, 33.5542
163.76, 81.9043
114.352, 136.832
101.831, 170.485
Evaluation Time: 1.53847 seconds
Resulting Fitness: 0.427778
-------------
Particle: 5:
Relays Coordinates:
233.188, 135.6
159.105, 170.073
127.186, 67.046
222.186, 91.5527
123.765, 84.5164
147.002, 30.6607
Evaluation Time: 1.39568 seconds
Resulting Fitness: 0.394444
-------------
Particle: 6:
Relays Coordinates:
179.763, 173.392
84.08, 163.078
137.291, 219.458
139.776, 56.233
103.072, 151.21
85.0061, 209.138
Evaluation Time: 1.44249 seconds
Resulting Fitness: 0.366667
-------------
Particle: 7:
Relays Coordinates:
217.984, 96.1263
207.269, 291.558
86.1831, 51.5223
276.607, 154.572
71.5381, 136.901
241.556, 394.198
Evaluation Time: 1.79572 seconds
Resulting Fitness: 0.516667
New local best!
-------------
Particle: 8:
Relays Coordinates:
156.479, 88.3987
218.19, 90.7176
179.307, 31.8764
209.87, 69.6061
126.992, 71.7948
143.659, 169.534
Evaluation Time: 1.37886 seconds
Resulting Fitness: 0.394444
-------------
Particle: 9:
Relays Coordinates:
259.667, 270.091
134.375, 223.394
179.862, 267.024
330.803, 349.901
102.058, 101.432
211.003, 317.948
Evaluation Time: 1.91852 seconds
Resulting Fitness: 0.569444
New local best!
-------------
Particle: 10:
Relays Coordinates:
162.014, 202.554
114.042, 173.626
94.0061, 115.091
119.239, 80.0536
138.975, 278.752
189.471, 182.792
Evaluation Time: 1.50265 seconds
Resulting Fitness: 0.413889
-------------
Particle: 11:
Relays Coordinates:
223.014, 266.678
62.0653, 241.779
45.5041, 114.161
252.027, 183.437
186.934, 121.046
210.322, 306.179
Evaluation Time: 1.79824 seconds
Resulting Fitness: 0.530556
New local best!
-------------
Particle: 12:
Relays Coordinates:
345.75, 326.429
198.501, 234.443
44.778, 99.3051
157.725, 40.82
196.737, 111.522
292.162, 214.814
Evaluation Time: 2.21189 seconds
Resulting Fitness: 0.583333
New local best!
-------------
Particle: 13:
Relays Coordinates:
395.478, 300.511
194.518, 261.387
100.314, 76.5146
390.343, 152.012
209.919, 144.44
295.106, 352.196
Evaluation Time: 2.14138 seconds
Resulting Fitness: 0.591667
-------------
Particle: 14:
Relays Coordinates:
244.506, 243.085
193.059, 169.619
121.958, 87.9159
249.551, 89.5066
135.781, 100.617
153.388, 81.0055
Evaluation Time: 1.56833 seconds
Resulting Fitness: 0.436111
New local best!
-------------
Particle: 15:
Relays Coordinates:
262.128, 225.063
84.7818, 159.231
64.3593, 45.9944
249.191, 72.2942
109.993, 99.8827
232.96, 193.775
Evaluation Time: 1.65632 seconds
Resulting Fitness: 0.416667
New local best!
-------------
Particle: 16:
Relays Coordinates:
147.536, 87.3915
83.6843, 148.471
108.249, 104.061
242.45, 115.471
114.065, 177.122
126.599, 215.393
Evaluation Time: 1.45467 seconds
Resulting Fitness: 0.433333
-------------
Particle: 17:
Relays Coordinates:
338.186, 274.741
78.9944, 184.028
78.9688, 14.19
294.89, 113.112
150.653, 110.5
210.408, 234.779
Evaluation Time: 1.92456 seconds
Resulting Fitness: 0.563889
New local best!
-------------
Particle: 18:
Relays Coordinates:
299.893, 200.936
113.162, 214.832
98.3536, 60.8518
259.434, 153.338
154.816, 259.317
171.749, 280.389
Evaluation Time: 1.89621 seconds
Resulting Fitness: 0.411111
-------------
Particle: 19:
Relays Coordinates:
230.642, 258.254
155.612, 284.727
122.432, 85.0575
214.772, 129.284
111.198, 101.544
62.1962, 220.805
Evaluation Time: 1.7434 seconds
Resulting Fitness: 0.505556
-------------
Particle: 20:
Relays Coordinates:
314.553, 163.59
163.579, 297.006
89.7298, 78.7601
316.344, 151.328
182.394, 154.24
263.391, 379.704
Evaluation Time: 1.94118 seconds
Resulting Fitness: 0.575
New local best!
Current global best fitness: 0.597222
Current global best relays: 253.225, 228.809
138.219, 235.808
105.432, 66.968
363.021, 127.225
175.734, 110.29
192.342, 312.454
Particle 1 new velocities: 61.4405, 64.439
15.0377, 3.77326
-17.3116, -21.4009
241.413, 4.38832
47.4862, 45.4224
92.5759, 50.0495
Particle 2 new velocities: 107.797, -0.263432
-45.7028, -44.2247
-37.7246, -86.1132
139.731, -3.15688
27.4727, -139.112
37.8789, 191.274
Particle 3 new velocities: 88.7801, 146.296
34.5923, 256.759
-52.1352, -28.1758
123.869, 29.7832
102.132, 37.4363
131.806, 219.828
Particle 4 new velocities: 130.735, 118.285
104.597, 37.9971
-58.6114, 102.92
167.812, 165.636
53.6531, 43.8127
123.29, 271.801
Particle 5 new velocities: 326.348, 195.562
-118.246, 59.6966
120.944, 165.649
335.818, 40.0923
131.064, 65.5097
64.3865, 297.886
Particle 6 new velocities: 68.4995, 124.669
93.2044, 27.5101
71.8435, 11.4393
143.026, 57.9065
137.221, -11.2269
118.221, 98.2033
Particle 7 new velocities: 166.678, 166.288
-93.1286, 129.046
-48.2718, 14.2994
143.135, 9.29541
97.3106, -1.93345
19.1305, 162.077
Particle 8 new velocities: 218.555, 133
378.6, 187.371
-83.1168, 30.5141
166.647, 149.491
57.8861, 23.844
143.233, 195.654
Particle 9 new velocities: 77.6734, -50.0267
12.0453, 52.7507
-64.412, -141.334
161.675, -210.77
88.7795, 32.695
25.6712, -5.68181
Particle 10 new velocities: 120.847, 101.742
55.5385, 93.6528
14.5201, 33.218
90.3682, -42.9964
32.1323, 136.782
21.3218, 270.898
Particle 11 new velocities: 57.0777, 6.87215
75.8989, 3.27742
26.7638, -56.9421
241.967, -23.5791
7.13983, 21.109
133.828, 183.924
Particle 12 new velocities: 10.6631, 166.354
-62.4569, 20.0827
19.0588, -47.1631
238.899, 93.3921
19.4156, 40.2666
-8.80599, 88.2889
Particle 13 new velocities: -60.1862, -39.2222
-58.5096, -29.5133
3.70369, -3.38261
-3.43787, -24.1696
-31.0632, -20.3148
-113.563, -27.2462
Particle 14 new velocities: 172.19, 254.461
-78.3447, 255.595
-12.0938, -45.4336
180.988, 45.1185
41.2238, 41.2752
118.786, 144.06
Particle 15 new velocities: 246.349, 299.288
-200.442, 194.5
-100.525, -3.43095
204.07, 128.919
-128.293, 112.735
-55.0817, 209.208
Particle 16 new velocities: 223.224, 67.3596
62.3696, 210.866
143.813, 10.3931
106.81, -64.2275
120.043, -54.5103
133.302, 169.927
Particle 17 new velocities: 186.77, 258.452
67.5315, 54.8202
-0.1004, -211.969
258.68, -13.6699
6.83013, -119.398
-0.160366, 156.128
Particle 18 new velocities: 25.2781, 47.4225
65.9906, 92.7443
-105.165, 11.4682
137.502, 56.9826
42.2909, -93.3417
28.6038, 39.0431
Particle 19 new velocities: 33.8056, 57.8895
-18.8019, 150.169
-117.673, -51.4881
152.127, -50.1501
76.3452, -18.0135
104.614, 11.034
Particle 20 new velocities: 56.4043, 105.849
35.2237, -115.886
-9.99875, -19.5378
94.8058, -20.5738
-0.724496, -110.555
63.0702, -61.2217
-- ITERATION 2 --
-------------
Particle: 1:
Relays Coordinates:
185.807, 173.16
90.4963, 141.471
52.0341, 26.9069
295.245, 77.7166
131.809, 91.9465
168.241, 214.055
Evaluation Time: 1.567 seconds
Resulting Fitness: 0.427778
-------------
Particle: 2:
Relays Coordinates:
247.691, 188.713
92.4595, 153.276
52.2807, 40.0042
236.097, 89.5909
88.2187, 0
232.702, 196.716
Evaluation Time: 1.5897 seconds
Resulting Fitness: 0.4
-------------
Particle: 3:
Relays Coordinates:
198.027, 215.252
87.5685, 263.641
0, 21.521
208.589, 73.1515
100.112, 54.1521
196.105, 253.694
Evaluation Time: 1.95818 seconds
Resulting Fitness: 0.486111
New local best!
-------------
Particle: 4:
Relays Coordinates:
278.289, 233.467
163.357, 30.5119
0, 99.4898
241.716, 180.457
122.476, 131.69
164.113, 322.426
Evaluation Time: 2.00463 seconds
Resulting Fitness: 0.544444
New local best!
-------------
Particle: 5:
Relays Coordinates:
295.245, 195.548
24.1266, 135.677
146.518, 137.404
295.245, 77.735
150.474, 88.5889
124.823, 194.004
Evaluation Time: 1.79862 seconds
Resulting Fitness: 0.483333
New local best!
-------------
Particle: 6:
Relays Coordinates:
146.597, 176.002
104.685, 112.54
123.492, 136.343
166.992, 67.3983
141.89, 82.6588
120.004, 181.482
Evaluation Time: 1.3622 seconds
Resulting Fitness: 0.355556
-------------
Particle: 7:
Relays Coordinates:
204.425, 139.458
60.6589, 223.526
20.1476, 34.9804
223.068, 87.0859
89.7331, 71.7273
138.539, 265.721
Evaluation Time: 1.59205 seconds
Resulting Fitness: 0.469444
-------------
Particle: 8:
Relays Coordinates:
246.06, 145.26
328.05, 182.454
63.1107, 40.9344
247.033, 143.75
121.299, 62.7486
188.23, 239.6
Evaluation Time: 1.79653 seconds
Resulting Fitness: 0.436111
-------------
Particle: 9:
Relays Coordinates:
273.245, 178.252
118.6, 223.677
93.5142, 101.809
398.907, 112.697
154.579, 108.643
191.706, 252.935
Evaluation Time: 1.81669 seconds
Resulting Fitness: 0.494444
-------------
Particle: 10:
Relays Coordinates:
229.117, 246.48
137.36, 216.496
87.9062, 120.131
169.782, 30.0163
138.597, 336.582
170.742, 367.488
Evaluation Time: 1.74256 seconds
Resulting Fitness: 0.513889
-------------
Particle: 11:
Relays Coordinates:
165.391, 161.529
81.4665, 144.703
42.6735, 33.7871
291.699, 94.3946
114.599, 83.9413
203.217, 289.401
Evaluation Time: 1.7968 seconds
Resulting Fitness: 0.494444
-------------
Particle: 12:
Relays Coordinates:
259.825, 359.239
99.1759, 185.549
46.537, 38.0115
289.139, 97.8406
157.575, 110.654
206.567, 220.962
Evaluation Time: 1.97242 seconds
Resulting Fitness: 0.575
-------------
Particle: 13:
Relays Coordinates:
301.763, 235.16
122.407, 208.686
93.6163, 65.8188
348.215, 115.058
160.97, 111.712
163.388, 292.455
Evaluation Time: 2.06073 seconds
Resulting Fitness: 0.597222
New local best!
-------------
Particle: 14:
Relays Coordinates:
199.304, 237.975
54.8676, 203.378
52.5479, 20.3192
205.926, 64.3907
84.6611, 67.8667
130.18, 107.648
Evaluation Time: 1.58536 seconds
Resulting Fitness: 0.425
-------------
Particle: 15:
Relays Coordinates:
215.234, 215.234
0, 152.27
0, 18.3222
195.114, 86.6156
0, 91.525
76.5709, 173.471
Evaluation Time: 1.62197 seconds
Resulting Fitness: 0.397222
-------------
Particle: 16:
Relays Coordinates:
197.037, 82.2411
77.619, 190.966
133.956, 60.8258
185.611, 27.2332
124.415, 65.161
138.122, 204.775
Evaluation Time: 1.40272 seconds
Resulting Fitness: 0.386111
-------------
Particle: 17:
Relays Coordinates:
215.234, 215.234
63.0746, 102.816
33.9503, 0
215.234, 42.8065
67.7912, 0
90.5049, 168.272
Evaluation Time: 1.56463 seconds
Resulting Fitness: 0.405556
-------------
Particle: 18:
Relays Coordinates:
213.345, 162.948
117.542, 201.801
0, 47.4492
260.429, 137.991
129.322, 108.896
131.452, 209.579
Evaluation Time: 1.63852 seconds
Resulting Fitness: 0.444444
-------------
Particle: 19:
Relays Coordinates:
214.202, 256.076
110.816, 352.265
3.85462, 27.1912
297.188, 64.0983
151.91, 67.6598
135.117, 187.79
Evaluation Time: 1.91679 seconds
Resulting Fitness: 0.455556
-------------
Particle: 20:
Relays Coordinates:
300.475, 218.246
161.03, 146.707
64.5821, 47.9701
333.031, 105.911
147.153, 35.3844
264.433, 257.971
Evaluation Time: 1.93782 seconds
Resulting Fitness: 0.494444
Current global best fitness: 0.597222
Current global best relays: 253.225, 228.809
138.219, 235.808
105.432, 66.968
363.021, 127.225
175.734, 110.29
192.342, 312.454
Particle 1 new velocities: 84.5184, 127.017
100.197, 99.2551
88.9773, 79.2369
122.348, 113.899
97.4615, 71.1977
136.832, 188.916
Particle 2 new velocities: 98.0666, 154.298
65.2499, 61.3663
0.722784, -39.1583
252.447, 57.0124
120.569, 137.465
73.4218, 231.808
Particle 3 new velocities: 93.3808, 120.39
44.9031, 203.876
59.1905, 34.2994
190.188, 86.8517
81.7973, 33.7664
104.056, 187.253
Particle 4 new velocities: 98.7795, 93.5131
65.7815, 100.067
115.09, 69.0208
282.653, 97.1753
92.2576, 9.71579
99.7457, 209.175
Particle 5 new velocities: -49.3278, 171.036
14.9322, 176.773
84.714, 67.3245
59.8619, 73.4769
117.818, 76.1603
61.5678, 256.464
Particle 6 new velocities: 95.3381, 124.343
90.3843, 127.324
60.5198, 40.2445
277.371, 55.3275
132.882, 28.6992
168.666, 143.314
Particle 7 new velocities: 199.537, 184.061
-2.9646, 216.249
62.8082, 51.0866
238.111, 135.018
109.019, 62.1039
35.2985, 147.933
Particle 8 new velocities: 78.6067, 113.552
-126.539, 139.649
254.198, 26.5071
400.274, 108.459
354.909, 57.4901
116.995, 55.2558
Particle 9 new velocities: 37.931, 82.7833
28.6673, 50.2061
28.1613, 10.3931
7.97156, -133.268
73.2174, 18.9998
42.8933, 150.952
Particle 10 new velocities: 101.091, 127.278
60.3747, 173.753
58.4892, 102.013
110.44, 131.843
185.485, -1.04016
-15.67, -24.011
Particle 11 new velocities: 120.165, 198.633
92.5467, 66.512
30.8213, 57.3851
129.636, 77.6197
81.5696, 63.5252
104.207, 196.013
Particle 12 new velocities: 98.2243, 59.7559
6.16447, 147.353
71.6695, 85.4585
100.84, 3.05264
77.0429, 32.256
94.1021, 85.1652
Particle 13 new velocities: -95.4604, -32.2434
-28.625, 3.39409
3.19873, -1.89699
3.97914, -7.95307
-6.3368, -16.706
-84.1881, 3.27191
Particle 14 new velocities: 273.227, 200.782
93.124, 181.328
164.899, 62.184
371.795, 101.81
54.088, 106.179
162.173, 296.628
Particle 15 new velocities: 80.5947, 3.60818
129.374, 214.065
85.7246, 46.7189
273.405, 119.807
196.412, 126.468
63.5281, 314.824
Particle 16 new velocities: 199.517, 220
118.947, 226.494
263.295, 95.6688
262.049, 452.513
181.759, 538.886
141.212, 340.29
Particle 17 new velocities: 150.134, 69.7083
135.175, 306.466
127.25, 90.3592
123.536, 33.5521
221.343, 182.204
255.12, 255.186
Particle 18 new velocities: 157.192, 215.843
62.3514, -179.103
365.164, 84.9526
229.075, 77.4356
417.209, 291.97
133.552, 91.7726
Particle 19 new velocities: 178.142, 182.773
104.957, 125.045
104.115, 339.798
51.5431, 155.157
89.7026, 152.38
42.5156, -2.68601
Particle 20 new velocities: 63.9044, 25.063
17.5041, 136.083
43.8601, 2.82359
75.557, 58.6453
85.6562, 109.651
32.8849, 88.7666
-- ITERATION 3 --
-------------
Particle: 1:
Relays Coordinates:
218.963, 243.143
154.461, 194.988
114.219, 85.9765
338.251, 155.209
185.709, 132.147
247.11, 326.406
Evaluation Time: 1.90189 seconds
Resulting Fitness: 0.544444
-------------
Particle: 2:
Relays Coordinates:
204.167, 202.545
93.1258, 126.744
31.298, 0.499508
288.48, 86.5678
123.287, 81.1717
180.763, 253.039
Evaluation Time: 1.75784 seconds
Resulting Fitness: 0.422222
-------------
Particle: 3:
Relays Coordinates:
191.193, 220.214
86.9146, 306.738
38.8349, 36.6237
261.638, 104.978
119.351, 57.6833
196.936, 289.305
Evaluation Time: 2.0539 seconds
Resulting Fitness: 0.491667
New local best!
-------------
Particle: 4:
Relays Coordinates:
222.655, 193.079
135.304, 77.1053
67.9594, 99.5038
295.245, 163.939
126.798, 83.4988
155.806, 295.245
Evaluation Time: 1.78614 seconds
Resulting Fitness: 0.452778
-------------
Particle: 5:
Relays Coordinates:
117.621, 175.336
18.6817, 149.444
110.598, 97.9211
169.847, 72.3242
128.323, 78.799
89.15, 215.457
Evaluation Time: 1.38231 seconds
Resulting Fitness: 0.372222
-------------
Particle: 6:
Relays Coordinates:
142.86, 177.351
115.186, 141.637
108.657, 104.273
262.392, 72.4684
162.25, 65.7558
170.457, 191.789
Evaluation Time: 1.43027 seconds
Resulting Fitness: 0.405556
-------------
Particle: 7:
Relays Coordinates:
214.682, 171.931
30.6611, 233.715
44.0861, 45.7395
245.09, 118.035
105.625, 71.1234
92.3846, 219.832
Evaluation Time: 1.62773 seconds
Resulting Fitness: 0.413889
-------------
Particle: 8:
Relays Coordinates:
139.758, 111.41
86.7438, 138.655
136.591, 29.0314
215.234, 108.568
204.992, 51.7588
131.389, 126.926
Evaluation Time: 1.38491 seconds
Resulting Fitness: 0.369444
-------------
Particle: 9:
Relays Coordinates:
204.163, 171.265
96.6223, 179.695
79.8313, 73.6157
266.953, 0
149.457, 83.7463
153.921, 264.991
Evaluation Time: 1.59309 seconds
Resulting Fitness: 0.433333
-------------
Particle: 10:
Relays Coordinates:
175.486, 198.63
105.084, 207.394
77.8005, 118.056
148.921, 86.0187
172.231, 178.321
82.4118, 182.538
Evaluation Time: 1.43145 seconds
Resulting Fitness: 0.394444
-------------
Particle: 11:
Relays Coordinates:
187.353, 236.302
114.17, 138.578
48.2199, 59.8181
276.438, 112.859
128.706, 96.7527
201.701, 318.48
Evaluation Time: 1.82874 seconds
Resulting Fitness: 0.483333
-------------
Particle: 12:
Relays Coordinates:
261.018, 305.447
76.7931, 242.686
86.1725, 90.0096
284.294, 73.5512
171.037, 104.181
219.188, 223.167
Evaluation Time: 1.87766 seconds
Resulting Fitness: 0.527778
-------------
Particle: 13:
Relays Coordinates:
167.105, 164.362
75.9637, 171.785
78.4202, 51.7766
285.277, 86.7554
125.253, 76.9553
64.1522, 239.539
Evaluation Time: 1.63982 seconds
Resulting Fitness: 0.475
-------------
Particle: 14:
Relays Coordinates:
251.123, 233.173
78.6488, 204.449
115.56, 43.8456
265.721, 88.3259
73.7369, 92.4952
155.368, 214.849
Evaluation Time: 1.80956 seconds
Resulting Fitness: 0.483333
New local best!
-------------
Particle: 15:
Relays Coordinates:
239.621, 177.262
104.793, 296.731
69.437, 52.6833
379.501, 167.202
159.094, 176.574
113.48, 395.519
Evaluation Time: 1.90021 seconds
Resulting Fitness: 0.502778
New local best!
-------------
Particle: 16:
Relays Coordinates:
138.27, 105.385
68.5382, 145.559
138.513, 54.5663
156.089, 167.277
106.756, 174.339
97.3977, 174.339
Evaluation Time: 1.31577 seconds
Resulting Fitness: 0.352778
-------------
Particle: 17:
Relays Coordinates:
295.947, 230.803
160.582, 331.519
130.572, 73.1909
274.403, 61.8505
234.199, 147.586
279.956, 343.002
Evaluation Time: 2.10184 seconds
Resulting Fitness: 0.591667
New local best!
-------------
Particle: 18:
Relays Coordinates:
243.109, 248.525
118.028, 14.8923
239.584, 86.8688
321.164, 141.342
328.05, 263.008
173.869, 197.717
Evaluation Time: 1.84164 seconds
Resulting Fitness: 0.561111
New local best!
-------------
Particle: 19:
Relays Coordinates:
231.675, 259.136
127.412, 281.847
63.7548, 216.703
205.922, 129.468
142.67, 129.931
104.89, 109.302
Evaluation Time: 1.70917 seconds
Resulting Fitness: 0.513889
-------------
Particle: 20:
Relays Coordinates:
327.942, 218.978
160.681, 254.511
97.598, 45.7143
367.729, 148.101
209.528, 130.532
267.587, 312.063
Evaluation Time: 2.09777 seconds
Resulting Fitness: 0.588889
New local best!
Current global best fitness: 0.597222
Current global best relays: 253.225, 228.809
138.219, 235.808
105.432, 66.968
363.021, 127.225
175.734, 110.29
192.342, 312.454
Particle 1 new velocities: 166.143, 93.3765
47.1798, 141.124
66.8035, 19.973
139.782, 60.5144
63.8193, 35.7189
61.084, 142.798
Particle 2 new velocities: 146.013, 257.207
211.507, 303.571
116.355, 237.718
264.342, 83.5897
76.8408, 147.903
143.744, 60.4648
Particle 3 new velocities: 74.883, 101.773
102.238, 137.513
73.75, 57.6293
269.315, 77.1398
76.1784, 65.4263
79.2162, 177.754
Particle 4 new velocities: 149.739, 138.219
57.1629, 81.3625
5.70892, 40.3494
39.2578, 66.5547
82.8444, 60.1421
122.538, 21.2623
Particle 5 new velocities: 47.1584, 202.084
43.9568, 210.768
81.1692, 22.1979
104.607, 117.5
168.11, 95.8648
202.522, 186.399
Particle 6 new velocities: 89.6256, 127.554
68.0505, 129.006
129.577, 68.1087
157.157, 97.0416
113.153, 66.0791
50.5362, 188.823
Particle 7 new velocities: 190.988, 178.296
369.596, 243.015
104.904, 58.3936
281.489, 148.702
88.0777, 104.986
214.16, 159.06
Particle 8 new velocities: 43.4789, 141.857
282.224, 200.74
553.759, 48.3777
283.032, 117.438
435.078, 209.308
211.508, 245.02
Particle 9 new velocities: 100.113, 252.555
76.4711, 84.3317
126.87, 97.7724
63.9872, 637.563
-3.40222, 39.516
107.886, 216.546
Particle 10 new velocities: 104.471, 220.406
119.545, 200.82
82.5341, 131.145
118.814, 423.455
221.214, 334.788
37.3916, -41.5966
Particle 11 new velocities: 180.725, 190.041
88.1159, 164.027
94.9104, 59.7986
133.953, 94.7044
172.732, 79.4088
92.5323, 148.798
Particle 12 new velocities: 167.322, -17.1178
154.429, 105.438
29.7881, 67.868
-24.9241, -30.7756
105.215, 35.9918
140.73, 90.683
Particle 13 new velocities: 139.458, 104.764
99.1958, 109.591
19.3835, 6.12915
91.56, 57.2915
49.2171, 67.0543
-35.5313, 86.6409
Particle 14 new velocities: 219.915, 160.288
102.263, 147.477
127.926, 67.5347
76.6737, 113.974
149.305, 101.079
139.059, 280.387
Particle 15 new velocities: 79.8271, 43.2705
109.703, 92.8329
108.176, 43.9416
201.469, 80.919
171.991, 90.5035
56.9887, 223.724
Particle 16 new velocities: 260.886, 260.98
125.847, 286.648
286.897, 174.949
250.636, 363.943
286.847, 124.338
245.224, 324.32
Particle 17 new velocities: 80.4304, 55.3456
101.702, 127.026
71.5628, 67.5176
143.859, 100.767
132.826, 107.032
133.436, 181.243
Particle 18 new velocities: 127.988, 161.768
70.8086, -47.7982
174.498, 54.1705
187.246, 44.5446
-192.276, 209.309
114.821, 194.356
Particle 19 new velocities: 271.52, 149.25
239.762, 310.088
513.749, 170.68
143.186, 285.939
107.344, 131.269
28.518, 169.302
Particle 20 new velocities: -3.32528, 27.0525
-9.06317, 88.2326
44.213, 18.5459
56.7194, 35.985
30.4917, 75.7057
-65.4607, 71.3198
-- ITERATION 4 --
-------------
Particle: 1:
Relays Coordinates:
280.743, 245.323
146.996, 245.026
131.966, 77.2372
348.486, 157.262
181.906, 122.374
224.673, 342.05
Evaluation Time: 2.11862 seconds
Resulting Fitness: 0.558333
-------------
Particle: 2:
Relays Coordinates:
186.1, 244.331
161.894, 228.687
78.4689, 126.598
265.721, 90.4286
106.356, 121.739
172.456, 166.609
Evaluation Time: 1.60981 seconds
Resulting Fitness: 0.455556
-------------
Particle: 3:
Relays Coordinates:
141.404, 171.117
100.524, 236.093
59.8322, 50.0899
265.721, 96.7849
103.912, 65.4255
146.758, 248.214
Evaluation Time: 1.60422 seconds
Resulting Fitness: 0.461111
-------------
Particle: 4:
Relays Coordinates:
335.155, 298.168
173.22, 142.621
66.3015, 125.868
301.053, 207.444
188.678, 129.277
250.51, 284.857
Evaluation Time: 1.79944 seconds
Resulting Fitness: 0.552778
New local best!
-------------
Particle: 5:
Relays Coordinates:
108.112, 247.625
41.0971, 236.335
125.818, 78.8101
180.069, 124.544
194.49, 114.597
191.366, 263.658
Evaluation Time: 1.61105 seconds
Resulting Fitness: 0.413889
-------------
Particle: 6:
Relays Coordinates:
111.197, 145.835
87.6416, 129.448
113.946, 82.4496
200.669, 81.0761
131.725, 63.0562
105.7, 182.045
Evaluation Time: 1.33501 seconds
Resulting Fitness: 0.352778
-------------
Particle: 7:
Relays Coordinates:
266.16, 229.784
262.609, 312.782
97.7527, 68.3217
328.05, 175.007
127.088, 115.546
201.124, 248.591
Evaluation Time: 1.99032 seconds
Resulting Fitness: 0.491667
-------------
Particle: 8:
Relays Coordinates:
87.6418, 121.137
176.476, 162.331
239.148, 37.0245
238.319, 108.098
239.148, 124.867
164.007, 177.9
Evaluation Time: 1.42826 seconds
Resulting Fitness: 0.413889
-------------
Particle: 9:
Relays Coordinates:
221.817, 308.965
126.185, 192.475
150.685, 124.942
241.255, 364.5
106.474, 89.8582
190.857, 351.041
Evaluation Time: 1.72401 seconds
Resulting Fitness: 0.463889
-------------
Particle: 10:
Relays Coordinates:
226.765, 339.42
181.95, 330.654
129.871, 201.853
216.865, 405
318.69, 405
97.0408, 114.163
Evaluation Time: 1.98254 seconds
Resulting Fitness: 0.566667
New local best!
-------------
Particle: 11:
Relays Coordinates:
298.143, 345.338
163.852, 245.11
115.936, 96.8895
332.417, 168.126
244.165, 142.691
238.329, 378.495
Evaluation Time: 1.9963 seconds
Resulting Fitness: 0.558333
New local best!
-------------
Particle: 12:
Relays Coordinates:
312.26, 210.192
168.561, 253.782
84.5353, 115.093
189.081, 31.1834
201.388, 102.186
262.38, 228.796
Evaluation Time: 1.76627 seconds
Resulting Fitness: 0.527778
-------------
Particle: 13:
Relays Coordinates:
306.563, 269.126
175.159, 281.376
97.8037, 57.9058
376.837, 144.047
174.47, 144.01
28.6209, 326.179
Evaluation Time: 2.12648 seconds
Resulting Fitness: 0.619444
New local best!
New global best!
-------------
Particle: 14:
Relays Coordinates:
250.329, 209.101
96.1439, 187.028
129.398, 59.1921
181.962, 107.511
118.534, 102.873
156.471, 263.189
Evaluation Time: 1.67594 seconds
Resulting Fitness: 0.469444
-------------
Particle: 15:
Relays Coordinates:
232.878, 160.768
156.368, 283.992
129.48, 70.4395
364.5, 180.88
241.361, 194.699
124.272, 364.5
Evaluation Time: 2.00954 seconds
Resulting Fitness: 0.527778
New local best!
-------------
Particle: 16:
Relays Coordinates:
125.259, 114.969
61.0001, 135.631
133.498, 72.0244
127.635, 156.905
123.517, 93.728
107.518, 156.485
Evaluation Time: 1.25061 seconds
Resulting Fitness: 0.283333
-------------
Particle: 17:
Relays Coordinates:
222.247, 168.968
154.876, 270.766
119.359, 83.087
246.98, 96.0238
216.725, 150.349
244.104, 295.245
Evaluation Time: 1.7865 seconds
Resulting Fitness: 0.508333
-------------
Particle: 18:
Relays Coordinates:
197.216, 218.047
100.356, 0
220.06, 74.9541
265.721, 98.7876
72.1556, 251.009
153.422, 208.364
Evaluation Time: 1.76994 seconds
Resulting Fitness: 0.472222
-------------
Particle: 19:
Relays Coordinates:
239.148, 195.33
175.618, 239.148
239.148, 185.284
166.977, 198.688
119.581, 124.931
63.8086, 133.255
Evaluation Time: 1.55244 seconds
Resulting Fitness: 0.408333
-------------
Particle: 20:
Relays Coordinates:
262.939, 199.285
122.81, 277.623
114.867, 52.0508
343.803, 149.109
194.416, 167.053
163.722, 310.54
Evaluation Time: 1.85375 seconds
Resulting Fitness: 0.522222
Current global best fitness: 0.619444
Current global best relays: 306.563, 269.126
175.159, 281.376
97.8037, 57.9058
376.837, 144.047
174.47, 144.01
28.6209, 326.179
Particle 1 new velocities: 138.331, 92.8388
54.2223, 118.556
4.29463, -13.4198
157.333, -5.38962
43.4432, 34.3398
-214.27, 94.9516
Particle 2 new velocities: 305.13, 231.049
193.605, 300.329
125.541, 137.197
36.5381, 101.389
147.765, 136.48
85.7542, 48.0183
Particle 3 new velocities: 187.114, 203.161
104.506, 265.326
75.8132, 37.6875
127.356, 76.8663
137.494, 83.4518
76.2747, 209.786
Particle 4 new velocities: 95.6676, 92.6922
45.9867, 69.6714
12.2802, 31.3234
85.9098, 17.092
64.8125, 55.0656
-127.917, 42.5021
Particle 5 new velocities: 106.07, 181.994
78.7012, 79.4572
73.231, 84.0909
176.92, 105.267
74.4787, 81.3475
30.9315, 171.06
Particle 6 new velocities: 283.092, 138.443
122.134, 229.232
156.307, 405.199
185.448, 80.0768
107.945, 160.092
38.1101, 466.811
Particle 7 new velocities: 117.415, 42.7787
272.476, 135.167
66.001, 24.6354
-48.5417, 72.9285
44.9991, 92.7664
126.059, 330.226
Particle 8 new velocities: 54.8266, 144.199
465.428, 189.47
-29.3178, 40.7153
327.444, 150.827
72.8098, 228.465
143.7, 262.468
Particle 9 new velocities: 108.311, 160.346
110.41, 162.946
88.1641, 125.313
202.6, -262.224
50.3896, 53.9529
92.597, 145.772
Particle 10 new velocities: 142.686, 159.28
92.5984, 136.029
24.7443, -21.6183
196.829, -33.7694
176.952, -283.271
-50.274, 101.029
Particle 11 new velocities: 154.905, 134.122
72.8747, 151.919
57.748, 1.00535
137.081, 73.8834
127.698, 64.5135
59.9479, 95.0291
Particle 12 new velocities: 163.885, 166.972
129.098, 97.2943
-31.5416, 9.37043
55.4937, 113.215
56.0169, 57.1468
-63.1844, 127.42
Particle 13 new velocities: 111.567, 83.8114
79.3566, 87.6725
15.5068, 4.90332
73.248, 45.8332
39.3737, 53.6435
-28.4251, 69.3127
Particle 14 new velocities: 224.798, 164.302
106.411, 164.926
84.6527, 32.2081
108.383, 73.0575
158.356, 87.8276
76.797, 181.425
Particle 15 new velocities: 116.691, 58.9344
108.828, 72.2221
76.462, 34.0706
1.07813, 55.444
125.852, 63.8233
-6.2887, -18.8787
Particle 16 new velocities: 408.613, 360.614
202.15, 355.72
368.257, 129.616
550.343, 134.469
251.424, 377.34
192.214, 402.715
Particle 17 new velocities: 214.613, 85.1313
99.1204, 202.011
42.8316, 31.8003
220.968, 63.0573
107.13, 82.0935
104.599, 45.0144
Particle 18 new velocities: 282.224, 176.485
94.7575, 37.63
44.0944, 42.6094
106.958, 129.318
179.655, 152.45
51.3153, 292.62
Particle 19 new velocities: 157.103, 184.923
266.014, 411.038
6.52809, 163.502
154.684, 259.006
103.895, 205.383
-2.9762, 279.124
Particle 20 new velocities: 29.0968, 102.545
74.9541, 36.4243
22.7605, 17.566
80.8338, 26.8093
22.9746, 28.8419
-54.7015, 61.9824
-- ITERATION 5 --
-------------
Particle: 1:
Relays Coordinates:
274.954, 221.868
132.02, 238.546
89.4003, 41.8706
328.05, 99.6436
147.852, 102.82
6.82577, 286.717
Evaluation Time: 1.89788 seconds
Resulting Fitness: 0.494444
-------------
Particle: 2:
Relays Coordinates:
211.458, 204.636
153.031, 215.234
87.8197, 113.555
130.112, 82.5711
109.391, 111.155
111.151, 92.3899
Evaluation Time: 1.45541 seconds
Resulting Fitness: 0.383333
-------------
Particle: 3:
Relays Coordinates:
239.49, 272.849
149.467, 364.5
98.8856, 63.9897
286.553, 126.592
175.985, 108.532
162.591, 333.882
Evaluation Time: 1.97851 seconds
Resulting Fitness: 0.530556
New local best!
-------------
Particle: 4:
Relays Coordinates:
348.966, 316.596
177.558, 171.957
63.6511, 127.325
313.44, 181.874
205.327, 149.317
99.2998, 265.161
Evaluation Time: 2.13212 seconds
Resulting Fitness: 0.647222
New local best!
New global best!
-------------
Particle: 5:
Relays Coordinates:
126.472, 253.686
70.7397, 186.472
117.537, 96.1914
210.799, 135.701
158.823, 115.703
131.264, 256.697
Evaluation Time: 1.49482 seconds
Resulting Fitness: 0.427778
-------------
Particle: 6:
Relays Coordinates:
169.729, 122.372
90.3015, 154.4
116.335, 209.917
166.211, 69.371
103.17, 96.058
61.9056, 215.234
Evaluation Time: 1.37919 seconds
Resulting Fitness: 0.413889
-------------
Particle: 7:
Relays Coordinates:
279.626, 198.698
364.5, 326.555
119.376, 67.7658
203.762, 180.745
125.452, 151.859
238.517, 364.5
Evaluation Time: 2.0629 seconds
Resulting Fitness: 0.508333
-------------
Particle: 8:
Relays Coordinates:
93.4735, 174.086
328.05, 230.817
137.67, 51.0051
328.05, 169.881
204.676, 231.822
201.886, 288.926
Evaluation Time: 2.02222 seconds
Resulting Fitness: 0.558333
New local best!
-------------
Particle: 9:
Relays Coordinates:
194.937, 277.123
139.707, 209.873
141.038, 147.773
262.092, 60.393
92.6264, 84.919
167.377, 293.363
Evaluation Time: 1.77774 seconds
Resulting Fitness: 0.486111
-------------
Particle: 10:
Relays Coordinates:
176.707, 238.527
131.316, 223.213
73.952, 86.2059
197.869, 177.558
237.064, 58.2224
22.3684, 102.926
Evaluation Time: 1.58789 seconds
Resulting Fitness: 0.380556
-------------
Particle: 11:
Relays Coordinates:
297.245, 314.573
155.316, 260.491
113.954, 64.2288
308.038, 158.782
243.979, 135.947
195.7, 310.679
Evaluation Time: 2.04724 seconds
Resulting Fitness: 0.519444
-------------
Particle: 12:
Relays Coordinates:
347.11, 274.953
216.993, 255.935
38.6324, 90.7337
178.295, 105.266
187.648, 116.154
145.214, 259.681
Evaluation Time: 2.2567 seconds
Resulting Fitness: 0.547222
-------------
Particle: 13:
Relays Coordinates:
246.901, 208.406
150.289, 217.919
66.9088, 37.0882
265.771, 112.122
126.273, 116.712
0.115633, 233.534
Evaluation Time: 1.92725 seconds
Resulting Fitness: 0.541667
-------------
Particle: 14:
Relays Coordinates:
280.558, 220.491
119.607, 207.825
126.395, 53.9709
171.446, 106.624
163.501, 112.607
137.742, 262.54
Evaluation Time: 1.82019 seconds
Resulting Fitness: 0.469444
-------------
Particle: 15:
Relays Coordinates:
229.352, 144.147
173.995, 233.712
135.119, 68.5691
239.856, 155.052
240.929, 169.617
77.4087, 226.762
Evaluation Time: 1.61321 seconds
Resulting Fitness: 0.433333
-------------
Particle: 16:
Relays Coordinates:
141.215, 134.319
74.3214, 138.772
141.215, 56.9494
141.215, 82.2926
105.894, 133.044
84.6533, 141.215
Evaluation Time: 1.28945 seconds
Resulting Fitness: 0.283333
-------------
Particle: 17:
Relays Coordinates:
318.471, 185.238
185.164, 344.654
118.237, 83.7528
341.134, 115.97
236.09, 169.451
254.204, 248.049
Evaluation Time: 1.97116 seconds
Resulting Fitness: 0.533333
-------------
Particle: 18:
Relays Coordinates:
314.561, 258.852
128.014, 24.689
173.312, 77.1334
244.514, 149.66
165.213, 264.709
134.328, 328.05
Evaluation Time: 1.96726 seconds
Resulting Fitness: 0.516667
-------------
Particle: 19:
Relays Coordinates:
153.516, 147.318
171.097, 193.71
95.1801, 135.127
124.618, 177.32
86.5788, 127.97
23.5677, 159.764
Evaluation Time: 1.42841 seconds
Resulting Fitness: 0.366667
-------------
Particle: 20:
Relays Coordinates:
236.549, 244.482
160.189, 254.378
111.478, 56.3896
343.956, 142.494
176.086, 158.674
88.3066, 301.743
Evaluation Time: 1.93815 seconds
Resulting Fitness: 0.541667
Current global best fitness: 0.647222
Current global best relays: 348.966, 316.596
177.558, 171.957
63.6511, 127.325
313.44, 181.874
205.327, 149.317
99.2998, 265.161
Particle 1 new velocities: 115.816, 135.185
80.7203, 80.173
0.111257, 87.6489
38.6246, 128.162
122.639, 62.2896
-86.282, 99.0261
Particle 2 new velocities: 416.67, 383.082
213.37, 28.3786
84.3402, 135.241
111.765, 181.49
228.41, 110.564
398.512, 142.517
Particle 3 new velocities: 238.976, 202.421
109.253, -243.349
18.323, 37.9841
117.5, 88.4171
117.217, 115.251
25.1674, 145.278
Particle 4 new velocities: 76.534, 74.1538
36.7894, 55.7371
9.82414, 25.0587
68.7279, 13.6736
51.85, 44.0525
-102.334, 34.0017
Particle 5 new velocities: 500.659, 135.885
84.6038, -4.92039
59.8725, 79.38
346.556, 0.593696
97.8032, 97.9879
-23.3295, 102.296
Particle 6 new velocities: 344.669, 418.041
127.339, 93.9618
242.025, 449.005
324.243, 85.8502
232.78, 380.933
80.4478, 85.5447
Particle 7 new velocities: 52.1852, -26.2419
-323.8, -42.2473
-33.1025, 73.9457
168.827, 43.0992
25.0908, 71.3116
69.0002, -104.69
Particle 8 new velocities: 200.996, 176.581
-35.1735, 122.857
-27.9971, 111.399
-8.91098, 135.699
58.5715, 139.594
60.4496, 187.079
Particle 9 new velocities: 203.389, 156.626
113.537, 115.368
29.8842, 189.228
270.787, 51.2572
98.0341, 103.981
108.454, 128.996
Particle 10 new velocities: 299.524, 350.315
140.435, 162.266
16.9277, 173.182
189.032, 27.8111
250.039, 88.0909
54.6428, 133.222
Particle 11 new velocities: 190.439, 124.243
60.6839, 90.5613
8.81511, 74.1253
134.72, 92.2446
73.0406, 60.2817
-23.4505, 110.522
Particle 12 new velocities: 132.221, 201.283
42.8622, 33.7286
-9.35408, 35.0969
112.754, 24.121
45.805, 57.673
118.803, 76.2399
Particle 13 new velocities: 225.105, 96.3929
121.75, 162.064
58.7756, 60.4524
153.569, 72.9196
84.9004, 69.6041
110.669, 209.53
Particle 14 new velocities: 206.852, 210.819
126.294, 100.107
32.6355, 75.3275
302.684, 126.311
22.0266, 78.5487
36.5295, 89.6094
Particle 15 new velocities: 161.647, 136.107
78.6505, 9.64756
38.7161, 34.631
105.166, 111.376
59.1063, 76.8561
29.7852, 64.022
Particle 16 new velocities: 16.6095, 387.692
180.166, 388.303
39.9747, 225.04
285.547, 366.142
310.248, 464.898
168.724, 27.6834
Particle 17 new velocities: 178.89, 297.4
52.0098, 51.7672
2.07091, 47.6114
53.4067, 46.3132
61.8756, 38.4907
60.1497, 46.1596
Particle 18 new velocities: 155.351, 148.621
105.639, 201.488
133.418, 74.6243
156.995, 120.215
413.889, 61.6376
69.8293, -108.144
Particle 19 new velocities: 390.746, 235.651
267.05, 175.508
129.018, 201.112
451.145, 335.712
239.08, 291.417
92.0993, 204.635
Particle 20 new velocities: 58.9918, 158.715
78.9372, 13.1153
6.15514, 8.52065
59.0753, 37.886
62.6281, -8.31642
191.817, 20.4717
-- ITERATION 6 --
-------------
Particle: 1:
Relays Coordinates:
256.384, 234.262
139.579, 209.112
58.7286, 84.9778
240.575, 149.463
177.469, 108.328
0, 253.086
Evaluation Time: 1.73419 seconds
Resulting Fitness: 0.530556
-------------
Particle: 2:
Relays Coordinates:
239.148, 239.148
175.248, 116.519
82.3435, 118.998
115.689, 126.3
161.569, 106.047
239.148, 112.355
Evaluation Time: 1.61605 seconds
Resulting Fitness: 0.419444
-------------
Particle: 3:
Relays Coordinates:
254.276, 252.578
137.494, 64.3845
62.2895, 54.1931
214.73, 114.265
155.819, 118.927
99.7826, 254.645
Evaluation Time: 1.73065 seconds
Resulting Fitness: 0.488889
-------------
Particle: 4:
Relays Coordinates:
310.19, 284.857
156.259, 165.989
53.5635, 111.088
278.6, 142.554
187.482, 140.967
0, 218.089
Evaluation Time: 1.85102 seconds
Resulting Fitness: 0.538889
-------------
Particle: 5:
Relays Coordinates:
295.245, 230.038
91.7288, 107.204
104.758, 103.673
295.245, 80.4808
151.535, 126.182
63.7345, 211.981
Evaluation Time: 1.74579 seconds
Resulting Fitness: 0.480556
-------------
Particle: 6:
Relays Coordinates:
215.234, 215.234
93.6871, 106.912
154.262, 215.234
211.124, 66.8177
144.615, 205.329
61.2785, 129.475
Evaluation Time: 1.47874 seconds
Resulting Fitness: 0.438889
-------------
Particle: 7:
Relays Coordinates:
298.63, 155.211
36.6303, 255.877
77.6466, 127.54
335.33, 201.46
135.488, 200.854
276.765, 233.829
Evaluation Time: 1.80417 seconds
Resulting Fitness: 0.533333
New local best!
-------------
Particle: 8:
Relays Coordinates:
173.881, 207.065
172.941, 208.841
64.7607, 95.8983
188.448, 180.442
155.445, 219.317
154.907, 281.076
Evaluation Time: 1.49225 seconds
Resulting Fitness: 0.327778
-------------
Particle: 9:
Relays Coordinates:
190.518, 207.461
121.126, 155.562
81.7516, 161.187
239.148, 53.402
91.1923, 90.3504
131.929, 202.013
Evaluation Time: 1.44898 seconds
Resulting Fitness: 0.444444
-------------
Particle: 10:
Relays Coordinates:
281.21, 295.245
160.466, 227.621
53.6636, 153.166
228.461, 121.269
287.63, 86.3965
45.4743, 139.443
Evaluation Time: 1.99306 seconds
Resulting Fitness: 0.547222
-------------
Particle: 11:
Relays Coordinates:
355.521, 319.897
157.464, 255.917
89.4985, 100.86
322.77, 182.999
231.107, 143.051
125.57, 307.055
Evaluation Time: 2.04729 seconds
Resulting Fitness: 0.605556
New local best!
-------------
Particle: 12:
Relays Coordinates:
283.04, 281.212
153.442, 171.043
17.2886, 74.3017
171.861, 76.4018
137.852, 102.643
155.899, 198.358
Evaluation Time: 1.85116 seconds
Resulting Fitness: 0.547222
-------------
Particle: 13:
Relays Coordinates:
344.093, 222.199
198.317, 277.008
91.6239, 71.1071
305.699, 134.896
153.945, 135.825
80.7623, 322.994
Evaluation Time: 1.93266 seconds
Resulting Fitness: 0.572222
-------------
Particle: 14:
Relays Coordinates:
287.811, 254.684
145.202, 181.831
93.9059, 76.3494
279.969, 137.546
109.552, 112.876
102.906, 207.941
Evaluation Time: 1.82824 seconds
Resulting Fitness: 0.513889
New local best!
-------------
Particle: 15:
Relays Coordinates:
285.038, 204.305
184.179, 177.409
126.725, 75.2328
251.521, 194.226
218.726, 179.679
78.1443, 211.982
Evaluation Time: 1.72107 seconds
Resulting Fitness: 0.472222
-------------
Particle: 16:
Relays Coordinates:
75.4869, 239.148
121.721, 239.148
86.6623, 134.875
204.119, 214.485
199.04, 239.148
121.189, 80.7835
Evaluation Time: 1.58472 seconds
Resulting Fitness: 0.402778
-------------
Particle: 17:
Relays Coordinates:
264.318, 256.494
126.044, 210.675
63.9364, 69.8123
209.675, 86.244
158.351, 110.509
167.061, 156.355
Evaluation Time: 1.8247 seconds
Resulting Fitness: 0.541667
-------------
Particle: 18:
Relays Coordinates:
224.758, 194.893
111.756, 108.18
146.708, 72.5852
192.041, 129.08
239.148, 156.091
97.6477, 105.181
Evaluation Time: 1.44556 seconds
Resulting Fitness: 0.383333
-------------
Particle: 19:
Relays Coordinates:
193.71, 148.37
169.747, 143.043
86.859, 130.266
193.71, 193.71
126.167, 162.479
44.8118, 141.176
Evaluation Time: 1.43237 seconds
Resulting Fitness: 0.375
-------------
Particle: 20:
Relays Coordinates:
265.987, 362.877
215.214, 240.744
105.87, 58.4192
362.728, 162.342
214.843, 135.322
252.111, 289.994
Evaluation Time: 1.94469 seconds
Resulting Fitness: 0.552778
Current global best fitness: 0.647222
Current global best relays: 348.966, 316.596
177.558, 171.957
63.6511, 127.325
313.44, 181.874
205.327, 149.317
99.2998, 265.161
Particle 1 new velocities: 184.275, 152.7
65.3832, 54.0246
34.3488, 106.501
88.2611, 107.67
127.017, 94.0047
362.121, 106.228
Particle 2 new velocities: 63.5858, 102.534
182.602, 262.52
93.7829, 124.211
453.409, 179.562
194.707, 119.351
63.2411, 240.555
Particle 3 new velocities: 199.813, 191.927
135.187, -51.1008
50.3872, 127.744
281.029, 109.919
153.73, 120.686
59.9333, 243.825
Particle 4 new velocities: 66.3737, 112.169
63.873, 54.6648
23.6866, 25.1769
112.998, 115.469
63.9889, 54.3337
230.895, 71.5413
Particle 5 new velocities: 16.3955, 134.273
-0.560142, 86.6952
46.1356, 113.772
2.5562, 125.127
94.5093, 73.8287
98.1785, 125.474
Particle 6 new velocities: -67.6673, 76.5576
87.5437, 142.593
119.609, 0.898159
330.453, 189.792
276.824, 383.691
162.407, 329.452
Particle 7 new velocities: 63.4708, 75.1154
-150.169, -46.945
-34.8177, 59.0278
133.232, 12.2086
35.2845, 13.9734
-76.3569, -63.3786
Particle 8 new velocities: 199.128, 120.753
201.533, 93.3408
91.2988, 38.1999
334.666, 105.011
133.05, 76.3302
85.1026, 131.807
Particle 9 new velocities: 401.659, 362.348
160.805, 127.176
75.5211, 251.223
158.591, 336.797
144.479, 172.292
195.705, 135.173
Particle 10 new velocities: 301.544, 50.5467
135.225, 206.615
118.972, 185.135
150.029, 343.189
181.08, 399.971
128.004, 103.774
Particle 11 new velocities: 148.985, 95.5568
61.6579, -24.6984
-7.54412, 59.8186
95.812, 72.6394
52.8853, 50.2123
-20.7201, 58.8918
Particle 12 new velocities: 126.515, 269.159
35.6607, 74.3743
42.3051, 45.97
200.831, 150.812
147.726, 114.442
123.976, 136.307
Particle 13 new velocities: 173.137, 138.452
65.5309, 38.7876
32.1596, 109.95
244.948, 123.726
101.571, 73.1652
80.5376, 158.383
Particle 14 new velocities: 189.168, 186.319
121.872, 69.2243
0.99823, 65.8779
265.533, 130.454
71.9466, 67.8442
29.0898, 129.821
Particle 15 new velocities: 108.25, 207.923
32.7252, 63.2445
26.9076, 82.7324
276.392, 57.4235
63.89, 44.9511
58.317, 168.592
Particle 16 new velocities: 72.0783, -88.7195
148.158, -19.764
149.877, 265.743
303.302, 402.267
168.033, 20.9966
142.074, 236.135
Particle 17 new velocities: 181.015, 266.2
147.774, 242.644
55.3403, 110.532
212.694, 35.9559
135.66, 92.7471
166.208, 101.889
Particle 18 new velocities: 257.621, 180.174
98.0326, 127.222
91.9966, 121.191
275.388, 162.862
27.5898, 164.266
154.743, 153.182
Particle 19 new velocities: 194.203, 585.298
257.988, 535.413
259.716, 244.655
175.036, 161.675
289.078, 238.725
96.3337, 167.661
Particle 20 new velocities: 105.333, 5.22573
-44.7454, -56.865
-54.1402, 11.9684
24.5427, 36.157
37.4428, -2.11758
72.4053, 3.43148
-- ITERATION 7 --
-------------
Particle: 1:
Relays Coordinates:
289.117, 253.886
134.475, 172.644
61.068, 125.629
215.75, 168.705
199.773, 132.751
237.588, 235.746
Evaluation Time: 1.75441 seconds
Resulting Fitness: 0.480556
-------------
Particle: 2:
Relays Coordinates:
144.797, 163.426
171.159, 181.293
84.2407, 116.327
239.148, 146.293
170.406, 107.807
144.632, 168.796
Evaluation Time: 1.41412 seconds
Resulting Fitness: 0.405556
-------------
Particle: 3:
Relays Coordinates:
217.189, 212.605
130.423, 6.35358
53.8929, 87.0199
237.12, 107.226
148.057, 114.607
76.3916, 238.417
Evaluation Time: 1.78512 seconds
Resulting Fitness: 0.455556
-------------
Particle: 4:
Relays Coordinates:
338.907, 357.323
198.119, 198.588
69.525, 122.638
352.438, 232.221
226.324, 175.77
207.805, 260.667
Evaluation Time: 2.10051 seconds
Resulting Fitness: 0.55
-------------
Particle: 5:
Relays Coordinates:
204.467, 239.025
59.8158, 127.218
99.0015, 142.666
195.387, 134.899
161.43, 131.227
106.231, 221.404
Evaluation Time: 1.54542 seconds
Resulting Fitness: 0.397222
-------------
Particle: 6:
Relays Coordinates:
70.5805, 139.563
86.6821, 119.337
130.992, 103.375
239.148, 122.736
201.573, 239.148
106.988, 219.504
Evaluation Time: 1.61768 seconds
Resulting Fitness: 0.430556
-------------
Particle: 7:
Relays Coordinates:
263.971, 167.908
0, 152.311
31.2223, 136.008
341.581, 155.764
124.493, 156.609
146.098, 124.259
Evaluation Time: 1.62351 seconds
Resulting Fitness: 0.463889
-------------
Particle: 8:
Relays Coordinates:
271.924, 238.98
272.991, 220.29
113.767, 97.7575
364.5, 208.095
210.313, 215.527
174.967, 300.991
Evaluation Time: 1.83699 seconds
Resulting Fitness: 0.522222
-------------
Particle: 9:
Relays Coordinates:
215.234, 215.234
121.362, 121.709
67.7007, 177.529
171.214, 167.968
101.449, 113.059
141.035, 145.148
Evaluation Time: 1.51875 seconds
Resulting Fitness: 0.361111
-------------
Particle: 10:
Relays Coordinates:
239.148, 165.391
141.428, 207.694
82.5711, 161.808
181.03, 222.149
224.182, 232.628
82.9743, 116.33
Evaluation Time: 1.57326 seconds
Resulting Fitness: 0.463889
-------------
Particle: 11:
Relays Coordinates:
405, 336.518
177.489, 187.287
66.3831, 130.15
339.052, 207.067
230.034, 156.543
84.9281, 296.417
Evaluation Time: 2.13104 seconds
Resulting Fitness: 0.644444
New local best!
-------------
Particle: 12:
Relays Coordinates:
298.566, 364.5
137.856, 178.909
43.4438, 87.6781
271.693, 165.639
208.186, 158.255
204.029, 243.971
Evaluation Time: 1.87786 seconds
Resulting Fitness: 0.530556
-------------
Particle: 13:
Relays Coordinates:
295.245, 212.961
155.8, 186.474
73.0929, 106.913
295.245, 152.714
150.88, 123.406
95.246, 284.248
Evaluation Time: 1.80306 seconds
Resulting Fitness: 0.552778
-------------
Particle: 14:
Relays Coordinates:
312.946, 289.342
175.227, 164.717
62.2666, 93.3153
328.05, 175.835
119.081, 118.57
86.6023, 221.606
Evaluation Time: 2.01989 seconds
Resulting Fitness: 0.538889
New local best!
-------------
Particle: 15:
Relays Coordinates:
258.037, 270.463
142.311, 157.893
100.799, 103.641
328.05, 165.107
185.424, 147.38
89.5323, 249.695
Evaluation Time: 1.85145 seconds
Resulting Fitness: 0.6
New local best!
-------------
Particle: 16:
Relays Coordinates:
78.4222, 79.9441
143.425, 116.59
125.707, 212.905
265.721, 265.721
195.078, 138.252
139.909, 168.423
Evaluation Time: 1.837 seconds
Resulting Fitness: 0.533333
-------------
Particle: 17:
Relays Coordinates:
292.183, 328.05
179.652, 297.423
78.2574, 118.324
277.116, 80.1753
192.901, 133.356
218.658, 169.434
Evaluation Time: 2.01538 seconds
Resulting Fitness: 0.580556
-------------
Particle: 18:
Relays Coordinates:
230.72, 179.393
100.341, 112.592
114.172, 92.6828
223.569, 139.635
127.58, 153.226
120.718, 123.574
Evaluation Time: 1.44688 seconds
Resulting Fitness: 0.366667
-------------
Particle: 19:
Relays Coordinates:
166.984, 215.234
184.126, 215.234
149.189, 161.391
158.733, 152.982
178.75, 172.705
60.7585, 132.944
Evaluation Time: 1.40333 seconds
Resulting Fitness: 0.377778
-------------
Particle: 20:
Relays Coordinates:
334.188, 331.293
153.421, 165.491
46.5568, 63.3488
348.544, 178.649
227.057, 119.884
292.065, 264.083
Evaluation Time: 2.0812 seconds
Resulting Fitness: 0.566667
Current global best fitness: 0.647222
Current global best relays: 348.966, 316.596
177.558, 171.957
63.6511, 127.325
313.44, 181.874
205.327, 149.317
99.2998, 265.161
Particle 1 new velocities: 164.563, 106.56
75.3669, 70.2143
65.8247, 54.7834
218.998, 82.9808
99.0874, 52.5728
114.119, 178.038
Particle 2 new velocities: 190.892, 400.422
165.622, 346.266
89.0702, 132.094
-1.11654, 166.162
138.075, 141.937
215.254, 267.179
Particle 3 new velocities: 320.136, 358.074
122.446, 270.28
52.0172, 108.127
331.423, 142.43
187.395, 127.276
212.741, 242.075
Particle 4 new velocities: 69.2186, 28.2571
17.5638, 3.29708
7.90967, 30.9606
39.0423, 26.7349
25.1986, 0.999133
60.7404, 68.5854
Particle 5 new velocities: 144.907, 83.4727
16.4531, 124.941
39.3587, 80.3983
178.994, 86.2273
91.4535, 16.6782
79.5031, 109.201
Particle 6 new velocities: 41.0426, 141.288
72.9059, 160.082
24.052, 321.139
-72.1848, 116.722
148.558, -20.1469
127.617, 359.368
Particle 7 new velocities: 128.885, 231.082
202.252, 36.6252
8.22306, 23.0451
80.0894, 70.5227
66.3721, 76.5695
46.8915, 106.263
Particle 8 new velocities: 148.223, 110.417
73.2775, 72.9052
43.0919, 43.5876
-110.907, -3.42003
99.1579, 33.334
30.9043, 71.865
Particle 9 new velocities: 103.154, 96.0861
151.25, 241.155
231.275, 254.105
263.013, 313.781
126.252, 174.114
169.587, 428.831
Particle 10 new velocities: 50.2194, 438.566
196.727, 299.084
94.7712, 202.513
275.28, 519.692
175.496, 446.578
128.549, 167.049
Particle 11 new velocities: -10.1663, 58.8799
49.3609, -31.2621
-8.07555, 45.576
70.3442, 31.0549
21.5506, 35.2732
-3.32462, 38.6872
Particle 12 new velocities: 186.494, -72.4946
76.2993, 146.57
48.2575, 95.9455
189.132, 78.9274
104.531, 46.0186
121.527, 84.3422
Particle 13 new velocities: 42.6877, 178.927
91.1663, 135.16
16.5807, 96.8562
12.2246, 115.804
138.247, 105.389
-7.7676, 116.435
Particle 14 new velocities: 162.84, 180.747
99.3164, 64.1098
1.40349, 79.6003
-16.1129, 108.259
75.4347, 69.2379
26.0842, 123.677
Particle 15 new velocities: 130.802, 225.833
67.5163, 58.1715
3.59107, 66.4722
-10.2127, 57.5236
56.6393, 36.0875
51.052, 135.633
Particle 16 new velocities: 70.313, 144.736
107.056, 221.663
96.3559, 236.93
80.8491, -7.44146
133.899, 174.564
81.7099, 327.201
Particle 17 new velocities: 172.404, -106.105
87.3169, 170.611
54.0723, 87.9052
183.696, 69.4742
164.165, 98.1191
28.8572, 314.718
Particle 18 new velocities: 249.402, 292.014
123.06, 62.2602
173.847, 128.849
392.023, 184.559
68.3877, 313.823
156.566, 268.184
Particle 19 new velocities: 392.762, 40.1905
218.528, 191.242
134.637, 285.042
306.189, 331.267
224.049, 178.772
70.5578, 270.011
Particle 20 new velocities: 93.5828, -95.5228
-12.7101, 31.2531
0.962985, 10.9871
28.9402, 13.0522
7.20875, 1.7685
-70.7143, 38.6871
-- ITERATION 8 --
-------------
Particle: 1:
Relays Coordinates:
297.659, 236.489
137.678, 159.339
83.2543, 118.369
285.238, 165.131
196.083, 121.591
230.755, 271.484
Evaluation Time: 1.76081 seconds
Resulting Fitness: 0.552778
-------------
Particle: 2:
Relays Coordinates:
160.559, 239.148
161.081, 239.148
82.8941, 118.819
113.85, 149.446
147.546, 119.452
172.132, 208.525
Evaluation Time: 1.43186 seconds
Resulting Fitness: 0.377778
-------------
Particle: 3:
Relays Coordinates:
328.05, 328.05
165.907, 181.5
69.4876, 128.036
328.05, 163.799
220.09, 158.699
189.7, 315.251
Evaluation Time: 2.03185 seconds
Resulting Fitness: 0.580556
New local best!
-------------
Particle: 4:
Relays Coordinates:
367.313, 347.022
194.114, 181.697
69.6912, 138.239
352.332, 233.06
226.37, 159.093
241.691, 296.328
Evaluation Time: 2.09554 seconds
Resulting Fitness: 0.552778
-------------
Particle: 5:
Relays Coordinates:
206.302, 190.431
45.036, 148.897
81.7003, 131.717
221.069, 130.573
149.325, 87.3367
109.674, 195.219
Evaluation Time: 1.50209 seconds
Resulting Fitness: 0.383333
-------------
Particle: 6:
Relays Coordinates:
53.389, 134.33
76.3305, 133.645
74.1571, 203.044
79.8582, 114.532
167.467, 104.748
112.211, 239.148
Evaluation Time: 1.4433 seconds
Resulting Fitness: 0.408333
-------------
Particle: 7:
Relays Coordinates:
257.753, 261.777
132.698, 123.961
25.8801, 104.355
276.658, 148.467
125.227, 152.989
126.62, 151.245
Evaluation Time: 1.76471 seconds
Resulting Fitness: 0.497222
-------------
Particle: 8:
Relays Coordinates:
306.287, 254.711
252.43, 213.74
114.35, 103.041
184.869, 149.208
225.604, 181.419
150.08, 271.812
Evaluation Time: 1.86265 seconds
Resulting Fitness: 0.488889
-------------
Particle: 9:
Relays Coordinates:
123.35, 120.612
105.615, 140.581
115.829, 167.224
168.228, 186.64
88.2161, 111.257
120.342, 193.71
Evaluation Time: 1.35754 seconds
Resulting Fitness: 0.355556
-------------
Particle: 10:
Relays Coordinates:
124.563, 215.234
145.564, 215.234
76.3401, 156.828
196.427, 215.234
172.048, 215.234
91.054, 121.985
Evaluation Time: 1.51153 seconds
Resulting Fitness: 0.352778
-------------
Particle: 11:
Relays Coordinates:
319.815, 320.272
183.748, 126.38
47.2291, 142.338
331.611, 192.879
203.784, 155.371
66.0988, 271.435
Evaluation Time: 2.07747 seconds
Resulting Fitness: 0.611111
-------------
Particle: 12:
Relays Coordinates:
353.609, 212.872
156.119, 237.275
66.8502, 133.862
335.942, 178.289
227.971, 148.915
237.331, 239.34
Evaluation Time: 1.88106 seconds
Resulting Fitness: 0.522222
-------------
Particle: 13:
Relays Coordinates:
221.718, 257.118
162.034, 211.024
58.8349, 133.693
201.731, 176.174
189.696, 150.113
57.3946, 262.888
Evaluation Time: 1.65473 seconds
Resulting Fitness: 0.508333
-------------
Particle: 14:
Relays Coordinates:
280.947, 277.583
162.115, 135.12
37.5965, 102.105
184.196, 167.755
114.86, 110.899
66.5402, 203.886
Evaluation Time: 1.8878 seconds
Resulting Fitness: 0.513889
-------------
Particle: 15:
Relays Coordinates:
206.645, 263.752
111.511, 114.826
55.477, 90.4051
168.912, 118.315
128.642, 97.502
74.7123, 204.779
Evaluation Time: 1.57264 seconds
Resulting Fitness: 0.444444
-------------
Particle: 16:
Relays Coordinates:
79.044, 119.404
133.116, 179.762
118.013, 239.061
184.181, 137.26
174.832, 166.243
117.778, 263.395
Evaluation Time: 1.44039 seconds
Resulting Fitness: 0.422222
-------------
Particle: 17:
Relays Coordinates:
274.334, 131.056
157.642, 276.369
78.1394, 121.776
272.105, 88.3665
210.844, 136.684
146.155, 285.887
Evaluation Time: 1.71543 seconds
Resulting Fitness: 0.494444
-------------
Particle: 18:
Relays Coordinates:
255.157, 250.525
118.725, 92.9236
153.065, 117.731
265.721, 172.29
104.145, 248.209
147.36, 208.197
Evaluation Time: 1.67694 seconds
Resulting Fitness: 0.483333
-------------
Particle: 19:
Relays Coordinates:
174.339, 89.0609
140.397, 141.729
98.9639, 155.661
162.108, 168.847
140.447, 122.553
45.7872, 140.502
Evaluation Time: 1.35937 seconds
Resulting Fitness: 0.363889
-------------
Particle: 20:
Relays Coordinates:
384.994, 212.193
126.64, 177.07
42.7678, 66.9023
339.736, 172.531
210.839, 109.487
199.216, 272.493
Evaluation Time: 1.94725 seconds
Resulting Fitness: 0.577778
Current global best fitness: 0.647222
Current global best relays: 348.966, 316.596
177.558, 171.957
63.6511, 127.325
313.44, 181.874
205.327, 149.317
99.2998, 265.161
Particle 1 new velocities: 99.5925, 124.882
88.9387, 109.656
76.3634, 42.0325
259.736, 23.975
49.977, 29.7681
-20.8222, 189.451
Particle 2 new velocities: 424.361, 113.357
159.164, 14.2651
101.191, 148.795
220.329, 130.691
128.895, 143.335
231.47, 193.754
Particle 3 new velocities: 17.4287, -7.4937
99.4589, 214.424
40.0137, 85.7413
-4.41566, 120.001
131.325, 96.7106
83.4604, 162.799
Particle 4 new velocities: 36.6082, -29.9192
-14.5927, -12.79
-3.154, 7.07015
-57.6886, -19.0446
-23.6371, -16.3937
-193.83, 35.8861
Particle 5 new velocities: 309.929, 231.713
67.5583, 104.076
93.7067, 63.1213
340.432, 45.8201
84.6997, 55.8072
72.8806, 103.041
Particle 6 new velocities: 94.2696, 285.76
171.792, 120.389
154.378, 375.855
55.69, 86.3315
135.719, 236.399
90.0084, 55.8565
Particle 7 new velocities: 182.794, 111.126
121.936, 160.178
124.903, 38.5361
183.622, 92.1202
75.1914, 67.0528
243.272, 310.988
Particle 8 new velocities: -43.4464, -25.9948
51.0913, 37.0303
21.03, -3.54064
124.609, 40.1215
52.4067, 103.999
28.4046, 58.4996
Particle 9 new velocities: 155.19, 302.718
179.595, 261.699
245.291, 187.533
398.291, 506.166
118.527, 139.908
157.805, 75.8166
Particle 10 new velocities: 256.437, 180.166
226.32, 1.29192
106.14, 169.37
271.302, 251.14
400.5, 235.997
112.457, 149.176
Particle 11 new velocities: 73.1129, 71.0018
24.3216, 70.2599
12.5185, 13.9974
57.606, 29.5005
42.0083, 24.2331
31.4146, 32.6265
Particle 12 new velocities: 138.988, 68.7894
128.798, 53.8741
35.17, 76.004
-148.553, -70.8285
34.1847, -13.5454
123.989, 81.7453
Particle 13 new velocities: 126.268, 169.174
110.468, 178.161
56.6404, -23.3892
370.082, 91.8689
103.394, 82.9389
-21.308, 106.368
Particle 14 new velocities: 175.463, 183.646
95.8974, 107.492
42.0546, 62.3413
194.7, 90.9755
83.0156, 94.5746
35.2944, 165.131
Particle 15 new velocities: 263.367, 234.533
175.404, 164.533
19.6964, 96.9096
121.498, 120.499
128.245, 162.968
51.3553, 133.822
Particle 16 new velocities: 25.8585, 145.007
105.323, 170.261
115.738, 124.578
156.58, 155.825
80.7594, 277.933
87.5646, 275.762
Particle 17 new velocities: 231.605, -50.3265
77.7119, 121.819
99.6266, 51.9728
159.359, 89.5327
134.496, 94.4633
13.4662, 317.594
Particle 18 new velocities: 243.224, 245.856
133.612, -3.26997
49.0111, 98.4643
91.8256, 146.268
328.073, 263.927
88.1696, 272.337
Particle 19 new velocities: 86.4314, 568.788
337.332, 662.135
100.493, 275.828
510.605, 326.297
240.388, 203.85
31.9231, 228.212
Particle 20 new velocities: 1.86708, -28.0661
44.4414, 72.3535
60.2682, 73.9259
66.6771, 3.99725
2.49962, 45.0433
-94.0703, 56.6741
-- ITERATION 9 --
-------------
Particle: 1:
Relays Coordinates:
260.637, 237.095
148.683, 176.488
104.725, 105.239
328.05, 124.073
161.44, 99.3066
137.737, 302.419
Evaluation Time: 1.8137 seconds
Resulting Fitness: 0.572222
-------------
Particle: 2:
Relays Coordinates:
215.234, 151.742
137.855, 109.086
79.2424, 115.199
143.853, 120.59
118.999, 113.121
173.737, 173.168
Evaluation Time: 1.37519 seconds
Resulting Fitness: 0.366667
-------------
Particle: 3:
Relays Coordinates:
204.002, 189.285
156.696, 233.789
64.6594, 126.233
191.103, 167.581
207.507, 150.817
161.298, 282.284
Evaluation Time: 1.57354 seconds
Resulting Fitness: 0.411111
-------------
Particle: 4:
Relays Coordinates:
327.176, 256.853
145.413, 136.815
53.8951, 117.7
238.661, 173.353
164.214, 115.586
38.7674, 269.093
Evaluation Time: 1.83042 seconds
Resulting Fitness: 0.575
-------------
Particle: 5:
Relays Coordinates:
265.721, 224.345
59.8372, 134.44
93.2184, 103.545
265.721, 93.7426
124.37, 76.0726
97.0171, 158.508
Evaluation Time: 1.65684 seconds
Resulting Fitness: 0.45
-------------
Particle: 6:
Relays Coordinates:
87.1909, 248.059
146.514, 150.004
134.948, 295.245
80.0399, 118.608
179.028, 201.444
119.409, 174.197
Evaluation Time: 1.53879 seconds
Resulting Fitness: 0.444444
-------------
Particle: 7:
Relays Coordinates:
321.159, 271.847
185.628, 207.137
109.921, 104.168
335.544, 175.388
146.105, 160.41
269.651, 336.968
Evaluation Time: 1.92135 seconds
Resulting Fitness: 0.536111
New local best!
-------------
Particle: 8:
Relays Coordinates:
212.901, 185.26
245.852, 203.124
109.658, 80.595
250.678, 153.357
225.189, 231.189
144.573, 267.553
Evaluation Time: 1.64401 seconds
Resulting Fitness: 0.386111
-------------
Particle: 9:
Relays Coordinates:
119.902, 182.23
122.774, 173.168
155.45, 152.711
215.234, 215.234
88.996, 108.118
119.733, 116.022
Evaluation Time: 1.48389 seconds
Resulting Fitness: 0.377778
-------------
Particle: 10:
Relays Coordinates:
164.008, 170.207
160.084, 93.2071
78.5518, 140.418
201.342, 200.758
215.234, 194.24
87.6049, 116.726
Evaluation Time: 1.42163 seconds
Resulting Fitness: 0.394444
-------------
Particle: 11:
Relays Coordinates:
353.635, 352.147
187.263, 176.976
53.7729, 140.702
350.295, 200.141
221.213, 161.644
87.7621, 273.655
Evaluation Time: 2.20911 seconds
Resulting Fitness: 0.630556
-------------
Particle: 12:
Relays Coordinates:
323.193, 184.798
186.934, 191.023
66.9354, 137.693
122.946, 70.5046
172, 88.8163
237.062, 210.664
Evaluation Time: 1.77748 seconds
Resulting Fitness: 0.472222
-------------
Particle: 13:
Relays Coordinates:
205.482, 251.721
160.91, 229.81
68.187, 65.1331
295.245, 158.277
173.067, 137.615
21.3088, 218.042
Evaluation Time: 1.75382 seconds
Resulting Fitness: 0.527778
-------------
Particle: 14:
Relays Coordinates:
299.45, 302.613
169.282, 159.178
52.2591, 107.893
248.594, 169.753
129.826, 134.811
66.8137, 242.112
Evaluation Time: 1.89429 seconds
Resulting Fitness: 0.55
New local best!
-------------
Particle: 15:
Relays Coordinates:
249.784, 264.809
152.478, 148.462
39.9502, 99.5467
154.336, 126.916
136.521, 138.424
66.9975, 179.947
Evaluation Time: 1.65476 seconds
Resulting Fitness: 0.477778
-------------
Particle: 16:
Relays Coordinates:
55.7495, 140.519
126.716, 186.016
124.225, 193.253
181.095, 155.757
135.832, 236.053
109.127, 265.721
Evaluation Time: 1.51589 seconds
Resulting Fitness: 0.425
-------------
Particle: 17:
Relays Coordinates:
295.245, 47.67
138.974, 235.126
104.969, 102.597
254.775, 105.048
203.92, 136.49
94.2548, 295.245
Evaluation Time: 1.7195 seconds
Resulting Fitness: 0.527778
-------------
Particle: 18:
Relays Coordinates:
264.86, 263.797
134.102, 47.6456
107.391, 114.895
190.015, 169.295
229.699, 265.721
125.17, 255.375
Evaluation Time: 1.8574 seconds
Resulting Fitness: 0.519444
-------------
Particle: 19:
Relays Coordinates:
101.028, 193.71
185.082, 193.71
77.2736, 167.168
193.71, 191.829
147.543, 126.455
30.1065, 142.847
Evaluation Time: 1.42226 seconds
Resulting Fitness: 0.369444
-------------
Particle: 20:
Relays Coordinates:
313.357, 149.143
138.576, 202.033
83.4591, 114.071
329.194, 142.988
172.805, 125.17
85.1676, 266.625
Evaluation Time: 1.7137 seconds
Resulting Fitness: 0.525
Current global best fitness: 0.647222
Current global best relays: 348.966, 316.596
177.558, 171.957
63.6511, 127.325
313.44, 181.874
205.327, 149.317
99.2998, 265.161
Particle 1 new velocities: 169.844, 132.498
69.5258, 149.693
32.7363, 9.47242
40.6657, 78.3178
64.7511, 79.8687
-26.6649, 141.429
Particle 2 new velocities: 97.0168, 397.768
213.808, 235.691
61.9602, 153.032
324.519, 111.54
162.776, 128.289
314.748, 99.7113
Particle 3 new velocities: 113.232, 265.339
97.464, 69.6596
32.3567, 70.6511
91.9302, 104.188
106.911, 85.4557
66.5707, 166.502
Particle 4 new velocities: 42.8588, 67.7969
59.3601, 6.40918
7.41992, 26.2728
42.2114, -5.11634
32.1659, 67.4766
-14.1389, 22.1884
Particle 5 new velocities: 52.1614, 174.957
80.4574, 107.387
61.8969, 71.8799
55.8658, 128.619
155.533, 64.2659
61.0616, 127.97
Particle 6 new velocities: 160.919, 244.206
149.508, 68.1174
75.497, -103.999
470.141, 68.397
88.6132, 176.009
53.3506, 162.073
Particle 7 new velocities: 158.625, 91.9884
90.478, 94.3112
73.9561, 51.7079
144.808, 76.442
125.778, 40.7626
61.6276, 182.661
Particle 8 new velocities: -158.473, 116.288
53.2589, 16.5086
5.18794, 39.1926
182.237, 82.1868
19.5391, 6.0388
41.9415, 63.593
Particle 9 new velocities: 394.036, 493.946
197.983, 281.111
167.859, 253.06
70.4685, 90.5674
119.498, 157.668
218.799, 368.271
Particle 10 new velocities: 403.218, 258.967
207.779, 133.007
114.926, 225.202
271.489, 438.866
94.1965, 450.927
106.586, 302.016
Particle 11 new velocities: 72.8085, 34.9077
-0.331495, 57.8625
41.9547, -7.68351
-5.78607, 25.9644
24.7141, 0.426112
26.0692, 55.508
Particle 12 new velocities: 137.427, 222.745
111.529, 46.6272
6.83633, 7.71906
116.836, -28.48
72.6508, 62.801
30.4335, 76.9562
Particle 13 new velocities: 287.397, 190.332
111.93, 83.1537
76.4721, 52.188
33.1324, 80.9141
86.9409, 84.9958
35.2908, 290.288
Particle 14 new velocities: 168.479, 157.789
83.6379, 91.9298
37.0754, 73.8932
229.614, 81.013
163.267, 91.0928
35.1563, 161.08
Particle 15 new velocities: 315.515, 212.585
164.378, 163.055
68.1024, 115.288
318.773, 207.148
136.439, 151.58
85.4353, 191.473
Particle 16 new velocities: 89.6453, 186.066
56.2869, 139.727
200.478, 94.0656
250.997, 268.705
74.3626, 450.926
105.993, 11.3019
Particle 17 new velocities: 40.5229, 463.548
82.3516, 62.0608
88.5507, 40.3939
220.899, 92.8002
140.593, 89.9917
70.1951, 29.9725
Particle 18 new velocities: 247.401, 239.606
148.842, 142.073
104.445, 32.6646
165.985, 113.802
386.459, -133.316
57.9501, 195.657
Particle 19 new velocities: 499.097, 201.872
294.833, 408.506
168.183, 213.553
145.954, 412.682
234.143, 292.506
39.0134, 249.284
Particle 20 new velocities: 44.4532, 166.632
81.9051, 62.7976
41.8633, 9.14045
83.626, 55.9102
42.1726, 56.5518
-19.6944, 59.137
-- ITERATION 10 --
-------------
Particle: 1:
Relays Coordinates:
348.69, 299.371
176.749, 264.206
111.344, 92.9163
298.66, 163.936
183.215, 145.132
89.9682, 359.517
Evaluation Time: 2.04115 seconds
Resulting Fitness: 0.597222
-------------
Particle: 2:
Relays Coordinates:
149.348, 239.148
168.2, 164.906
67.5368, 128.294
224.021, 111.027
134.772, 115.466
233.641, 130.517
Evaluation Time: 1.58299 seconds
Resulting Fitness: 0.438889
-------------
Particle: 3:
Relays Coordinates:
208.137, 298.279
166.754, 199.093
63.6523, 129.176
185.698, 178.308
206.29, 155.019
149.505, 294.448
Evaluation Time: 1.68915 seconds
Resulting Fitness: 0.486111
-------------
Particle: 4:
Relays Coordinates:
299.728, 262.967
165.866, 116.011
49.6652, 116.618
227.507, 136.271
159.068, 148.281
19.9491, 235.938
Evaluation Time: 1.83022 seconds
Resulting Fitness: 0.566667
-------------
Particle: 5:
Relays Coordinates:
208.562, 261.982
92.0473, 158.663
101.771, 115.096
210.993, 145.891
183.645, 92.076
103.715, 187.958
Evaluation Time: 1.61338 seconds
Resulting Fitness: 0.433333
-------------
Particle: 6:
Relays Coordinates:
131.856, 261.61
157.318, 115.919
111.839, 101.636
265.721, 99.382
142.235, 200.594
91.8113, 178.708
Evaluation Time: 1.57587 seconds
Resulting Fitness: 0.469444
-------------
Particle: 7:
Relays Coordinates:
283.307, 214.841
163.038, 178.002
108.577, 92.0429
283.643, 148.703
160.544, 118.79
195.617, 295.245
Evaluation Time: 1.72776 seconds
Resulting Fitness: 0.55
New local best!
-------------
Particle: 8:
Relays Coordinates:
44.0867, 244.254
242.28, 177.902
93.0253, 97.0279
350.661, 190.79
198.23, 192.154
151.076, 268.228
Evaluation Time: 1.9274 seconds
Resulting Fitness: 0.558333
-------------
Particle: 9:
Relays Coordinates:
215.234, 215.234
138.075, 195.552
139.174, 174.671
122.985, 131.637
89.75, 114.412
145.727, 208.472
Evaluation Time: 1.46947 seconds
Resulting Fitness: 0.372222
-------------
Particle: 10:
Relays Coordinates:
174.339, 149.644
128.266, 78.8759
67.4616, 127.484
164.866, 174.339
107.892, 174.339
67.7102, 146.006
Evaluation Time: 1.35649 seconds
Resulting Fitness: 0.377778
-------------
Particle: 11:
Relays Coordinates:
345.42, 313.514
151.414, 190.219
77.5394, 107.745
279.052, 183.146
199.201, 131.277
92.2033, 266.622
Evaluation Time: 2.06654 seconds
Resulting Fitness: 0.633333
-------------
Particle: 12:
Relays Coordinates:
302.213, 267.389
195.822, 155.922
48.4016, 95.4047
157.32, 27.5724
160.516, 99.4761
175.503, 188.708
Evaluation Time: 1.84787 seconds
Resulting Fitness: 0.502778
-------------
Particle: 13:
Relays Coordinates:
261.936, 234.925
144.998, 166.322
76.8778, 62.3492
174.513, 127.116
138.179, 118.304
30.0793, 265.721
Evaluation Time: 1.67444 seconds
Resulting Fitness: 0.494444
-------------
Particle: 14:
Relays Coordinates:
307.008, 302.069
165.941, 164.752
58.6124, 119.27
313.752, 164.528
192.298, 148.216
66.9025, 264.535
Evaluation Time: 2.08463 seconds
Resulting Fitness: 0.611111
New local best!
-------------
Particle: 15:
Relays Coordinates:
295.245, 281.896
187.1, 183.948
63.804, 126.858
279.366, 197.261
161.18, 171.245
90.01, 219.319
Evaluation Time: 1.82791 seconds
Resulting Fitness: 0.561111
-------------
Particle: 16:
Relays Coordinates:
62.5877, 140.584
78.7768, 140.222
139.774, 123.681
186.001, 182.717
90.4817, 215.234
92.6023, 119.249
Evaluation Time: 1.40374 seconds
Resulting Fitness: 0.375
-------------
Particle: 17:
Relays Coordinates:
198.268, 295.245
130.691, 175.486
114.271, 84.4347
280.881, 116.827
203.431, 133.735
97.106, 192.038
Evaluation Time: 1.72471 seconds
Resulting Fitness: 0.533333
-------------
Particle: 18:
Relays Coordinates:
295.245, 295.245
167.076, 112.027
125.087, 87.1326
210.214, 167.166
295.245, 78.1833
108.131, 266.33
Evaluation Time: 1.94184 seconds
Resulting Fitness: 0.541667
-------------
Particle: 19:
Relays Coordinates:
193.71, 153.257
185.929, 193.71
95.0951, 147.499
131.593, 193.71
147.873, 162.314
26.7785, 151.92
Evaluation Time: 1.47385 seconds
Resulting Fitness: 0.363889
-------------
Particle: 20:
Relays Coordinates:
289.826, 255.777
178.59, 214.513
101.511, 99.8012
334.384, 161.108
174.131, 147.194
53.0333, 263.867
Evaluation Time: 1.95419 seconds
Resulting Fitness: 0.577778
Current global best fitness: 0.647222
Current global best relays: 348.966, 316.596
177.558, 171.957
63.6511, 127.325
313.44, 181.874
205.327, 149.317
99.2998, 265.161
Particle 1 new velocities: 49.2877, 50.0661
20.3578, 8.52395
-38.6958, -3.73354
63.2689, 23.4499
43.1028, 41.9091
71.3021, 35.8136
Particle 2 new velocities: 512.549, 94.8619
199.524, 199.853
103.241, 121.709
325.141, 180.317
180.648, 115.539
85.1119, 182.669
Particle 3 new velocities: 224.405, 269.26
78.1163, 20.5009
27.8425, 55.5036
112.38, 71.3329
103.007, 68.9349
100.992, 125.607
Particle 4 new velocities: 48.3664, 156.002
73.5349, 131.599
28.2981, 37.8959
284.527, 90.9759
53.3972, 55.3824
143.232, 76.128
Particle 5 new velocities: 277.034, 183.647
117.611, 69.6346
75.028, 95.2484
202.791, 63.9139
128.018, 54.3475
56.5135, 134.77
Particle 6 new velocities: 247.604, 187.714
-8.67933, 91.9241
198.32, 134.913
45.5622, 47.6067
103.675, 194.244
77.0168, 277.235
Particle 7 new velocities: 182.492, 79.7022
75.2614, 68.0843
1.75526, 61.5622
121.848, 78.1139
144.697, 39.9775
1.76272, -0.37525
Particle 8 new velocities: 257.007, 117.523
51.2992, 65.9631
42.4556, 63.3921
94.1137, 49.6817
19.8937, -16.4564
74.1571, 77.2519
Particle 9 new velocities: 140.553, 137.32
201.554, 208.994
127.154, 307.111
479.426, 177.298
174.195, 156.995
271.489, 543.25
Particle 10 new velocities: 180.11, 414.031
213.039, 356.127
96.3921, 267.517
388.09, 215.643
364.561, 316.388
118.447, 307.937
Particle 11 new velocities: 72.6119, 52.6542
61.3393, 21.8509
11.7241, 22.8186
102.272, 50.7163
42.508, 30.8931
18.8459, 60.6944
Particle 12 new velocities: 149.468, 277.35
78.9296, 164.49
11.8054, 23.6704
136.598, 173.355
97.5375, 91.4123
85.5275, 101.085
Particle 13 new velocities: 376.927, 186.691
123.28, 143.866
57.8284, 59.743
310.114, 103.675
125.92, 79.7737
62.7287, 50.1945
Particle 14 new velocities: 160.848, 130.023
73.9272, 76.2678
30.4084, 63.2401
183.337, 66.0897
146.642, 74.1586
55.5651, 128.982
Particle 15 new velocities: -8.51074, 175.133
108.846, 94.7769
57.6196, 72.9641
339.686, 122.039
176.686, 111
75.5082, 219.377
Particle 16 new velocities: 324.241, 152.521
148.334, 260.204
167.202, 126.366
437.671, 306.147
205.358, 54.6421
91.1415, 315.308
Particle 17 new velocities: 199.924, -60.6158
85.3006, 126.859
59.2434, 39.6373
205.621, 94.8423
144.869, 92.9626
240.967, 280.004
Particle 18 new velocities: 21.843, -55.0245
64.8767, 124.384
169.041, 58.1046
406.859, 57.1856
-63.6158, 103.893
139.509, 76.8161
Particle 19 new velocities: 145.137, 516.51
322.999, 186.92
433.335, 188.437
340.508, 70.8901
243.503, 228.711
96.6393, 272.092
Particle 20 new velocities: 83.0206, 185.582
43.5773, 37.5785
24.3147, -2.44191
85.4116, 44.6535
92.6571, 27.3687
195.62, 110.34
-- ITERATION 11 --
-------------
Particle: 1:
Relays Coordinates:
322.362, 283.044
159.657, 220.911
58.8449, 72.2381
293.162, 151.783
183.317, 151.503
130.629, 320.218
Evaluation Time: 2.03866 seconds
Resulting Fitness: 0.613889
New local best!
-------------
Particle: 2:
Relays Coordinates:
239.148, 159.756
175.881, 174.463
81.6824, 119.576
239.148, 139.349
150.865, 110.489
152.459, 149.796
Evaluation Time: 1.38892 seconds
Resulting Fitness: 0.388889
-------------
Particle: 3:
Relays Coordinates:
315.323, 364.5
178.511, 160.084
66.6997, 134.631
217.299, 181.988
225.477, 163.262
182.612, 306.22
Evaluation Time: 2.0143 seconds
Resulting Fitness: 0.494444
-------------
Particle: 4:
Relays Coordinates:
205.547, 247.397
141.364, 146.211
46.0365, 91.239
295.245, 134.187
125.458, 120.261
96.3567, 184.272
Evaluation Time: 1.69238 seconds
Resulting Fitness: 0.472222
-------------
Particle: 5:
Relays Coordinates:
258.066, 236.825
111.421, 121.327
93.9583, 111.786
219.902, 111.499
165.63, 77.8155
85.1522, 171.511
Evaluation Time: 1.59121 seconds
Resulting Fitness: 0.480556
-------------
Particle: 6:
Relays Coordinates:
224.067, 265.321
87.7698, 122.729
183.146, 139.68
183.809, 86.7954
145.208, 233.148
99.6913, 269.23
Evaluation Time: 1.70905 seconds
Resulting Fitness: 0.530556
-------------
Particle: 7:
Relays Coordinates:
377.297, 238.58
193.022, 199.33
89.3695, 124.42
328.448, 183.722
247.245, 128.602
159.877, 238.844
Evaluation Time: 1.96962 seconds
Resulting Fitness: 0.580556
New local best!
-------------
Particle: 8:
Relays Coordinates:
219.498, 263.735
214.019, 177.778
98.7656, 116.946
324.241, 175.304
159.012, 128.084
164.195, 251.855
Evaluation Time: 1.8638 seconds
Resulting Fitness: 0.522222
-------------
Particle: 9:
Relays Coordinates:
137.839, 136.586
131.579, 156.73
103.181, 186.652
193.71, 119.688
102.258, 105.149
161.638, 193.71
Evaluation Time: 1.41002 seconds
Resulting Fitness: 0.419444
-------------
Particle: 10:
Relays Coordinates:
123.589, 174.339
119.006, 151.676
57.1323, 137.728
174.339, 135.979
164.734, 171.106
64.9091, 158.28
Evaluation Time: 1.38354 seconds
Resulting Fitness: 0.383333
-------------
Particle: 11:
Relays Coordinates:
376.228, 329.551
191.478, 190.863
80.3371, 117.507
343.191, 210.476
217.538, 145.953
99.9442, 294.585
Evaluation Time: 2.16066 seconds
Resulting Fitness: 0.647222
New local best!
-------------
Particle: 12:
Relays Coordinates:
266.713, 295.245
162.238, 189.2
35.5516, 70.3127
173.556, 118.646
152.378, 112.718
154.136, 171.12
Evaluation Time: 1.7422 seconds
Resulting Fitness: 0.486111
-------------
Particle: 13:
Relays Coordinates:
328.05, 276.622
176.017, 203.514
88.3807, 80.1047
317.964, 151.422
173.275, 129.959
60.8914, 207.272
Evaluation Time: 1.92585 seconds
Resulting Fitness: 0.558333
-------------
Particle: 14:
Relays Coordinates:
341.068, 314.996
174.864, 175.703
64.8961, 133.05
362.378, 168.12
247.088, 162.111
89.2789, 286.874
Evaluation Time: 2.23837 seconds
Resulting Fitness: 0.602778
-------------
Particle: 15:
Relays Coordinates:
188.126, 299.857
194.17, 182.871
79.666, 131.103
328.05, 209.493
221.673, 185.181
108.597, 287.829
Evaluation Time: 1.97376 seconds
Resulting Fitness: 0.541667
-------------
Particle: 16:
Relays Coordinates:
149.865, 113.555
87.9873, 155.133
118.929, 96.8734
193.71, 189.396
114.615, 104.555
71.1861, 168.356
Evaluation Time: 1.42565 seconds
Resulting Fitness: 0.366667
-------------
Particle: 17:
Relays Coordinates:
261.254, 153.94
141.712, 198.368
113.843, 81.4036
319.194, 138.876
228.52, 148.736
221.81, 309.707
Evaluation Time: 1.75748 seconds
Resulting Fitness: 0.522222
-------------
Particle: 18:
Relays Coordinates:
151.662, 114.897
110.942, 113.075
140.681, 69.4665
239.148, 107.307
110.788, 87.0865
118.445, 164.126
Evaluation Time: 1.38175 seconds
Resulting Fitness: 0.369444
-------------
Particle: 19:
Relays Coordinates:
118.149, 174.339
174.339, 132.718
174.339, 117.134
164.611, 92.2604
136.464, 136.342
43.0331, 147.844
Evaluation Time: 1.45052 seconds
Resulting Fitness: 0.325
-------------
Particle: 20:
Relays Coordinates:
335.562, 397.223
199.95, 226.882
113.243, 87.6233
377.816, 185.185
240.11, 157.107
223.788, 336.787
Evaluation Time: 2.49381 seconds
Resulting Fitness: 0.602778
New local best!
Current global best fitness: 0.647222
Current global best relays: 348.966, 316.596
177.558, 171.957
63.6511, 127.325
313.44, 181.874
205.327, 149.317
99.2998, 265.161
Particle 1 new velocities: 62.8689, 64.4622
30.7902, -7.01343
-30.5429, -1.28465
57.9676, 40.7938
52.303, 30.8092
43.5074, -5.30704
Particle 2 new velocities: 88.3, 134.712
161.967, 329.364
100.138, 110.761
62.762, 159.18
189.261, 117.255
72.6508, 245.563
Particle 3 new velocities: 220.926, -64.366
46.1185, 59.6899
20.5284, 35.726
175.85, 55.5248
75.2297, 44.5088
58.5145, 93.6405
Particle 4 new velocities: 398.495, 226.736
110.727, 150.166
30.6162, 65.8686
14.6067, 155.594
73.9905, 73.3612
119.619, 181.748
Particle 5 new velocities: 332.619, 168.227
81.5759, 94.5787
127.26, 123.91
354.953, 111.514
91.5419, 130.613
77.619, 188.139
Particle 6 new velocities: 59.8897, 90.2185
-22.2071, 114.753
221.225, 443.753
64.5655, 36.9326
167.654, 235.043
79.514, 286.832
Particle 7 new velocities: 138.237, 132.944
58.8161, 32.333
-24.2111, 52.3985
86.8813, 61.9627
102.596, 39.2694
-23.1392, 2.00249
Particle 8 new velocities: 58.5351, 107.956
99.1247, 58.4089
17.723, -28.7132
69.5425, 38.0427
117.273, 21.0295
26.9837, 101.649
Particle 9 new velocities: 327.882, 269.024
221.232, 251.336
88.3752, 279.61
151.071, 521.93
163.564, 144.331
212.104, 119.225
Particle 10 new velocities: 235.97, 326.314
323.824, 556.042
177.008, 307.421
68.4143, 633.448
308.138, 548.667
154.361, 281.431
Particle 11 new velocities: 25.1949, 25.9025
34.7084, 1.32047
-1.28108, 18.9755
56.2589, 30.1105
18.6277, 26.1723
14.5352, 27.1575
Particle 12 new velocities: 262.356, 58.6839
124.496, 154.768
35.9895, 78.2126
231.785, 57.4403
159.412, 91.7361
262.396, 157.713
Particle 13 new velocities: -19.5892, 158.632
98.8819, 98.4813
55.5199, 21.9657
248.904, 98.5521
106.102, 96.6289
54.8067, 92.7352
Particle 14 new velocities: 92.0765, 103.8
48.4152, 40.551
15.7901, 35.838
61.4293, 63.4598
-4.08455, 36.592
38.3558, 80.8749
Particle 15 new velocities: 91.2287, 129.614
17.9636, 31.8039
63.6576, 8.81898
-8.38794, 13.3476
130.818, 7.60531
32.7397, 95.7649
Particle 16 new velocities: 329.998, 341.942
216.681, 256.488
80.0878, 228.572
170.906, 365.815
273.1, 167.762
138.539, 324.706
Particle 17 new velocities: 286.726, 81.6013
120.511, 311.594
30.6742, 59.7872
146.227, 111.088
115.51, 73.5591
212.706, 217.671
Particle 18 new velocities: 168.022, 346.823
87.7501, 106.392
160.69, 104.446
121.378, 112.562
72.4202, 358.92
183.692, 130.697
Particle 19 new velocities: 200.67, 293.908
58.7436, 507.417
4.73497, 172.985
490.438, 272.42
242.585, 249.458
109.713, 280.14
Particle 20 new velocities: 78.6468, 108.247
21.9472, 7.7007
0.964281, 13.3258
-13.6488, 34.4753
73.5775, 14.3567
128.178, 84.9944
-- ITERATION 12 --
-------------
Particle: 1:
Relays Coordinates:
252.75, 227.999
124.952, 140.338
18.5689, 46.5525
230.376, 126.349
154.59, 119.615
114.251, 206.613
Evaluation Time: 1.69352 seconds
Resulting Fitness: 0.469444
-------------
Particle: 2:
Relays Coordinates:
156.618, 140.843
161.592, 239.148
86.9639, 110.169
144.403, 142.785
162.681, 108.929
107.669, 189.099
Evaluation Time: 1.43064 seconds
Resulting Fitness: 0.397222
-------------
Particle: 3:
Relays Coordinates:
364.5, 218.798
163.755, 160.215
63.5893, 124.19
286.606, 173.147
219.215, 151.465
175.781, 291.499
Evaluation Time: 1.89579 seconds
Resulting Fitness: 0.586111
New local best!
-------------
Particle: 4:
Relays Coordinates:
265.721, 251.974
133.971, 157.507
40.7364, 83.4934
164.668, 154.002
105.995, 102.899
114.778, 194.518
Evaluation Time: 1.71672 seconds
Resulting Fitness: 0.458333
-------------
Particle: 5:
Relays Coordinates:
265.721, 215.262
102.566, 114.741
117.565, 125.258
265.721, 118.518
136.672, 110.768
86.5033, 191.133
Evaluation Time: 1.80509 seconds
Resulting Fitness: 0.469444
-------------
Particle: 6:
Relays Coordinates:
167.674, 209.943
38.7142, 140.231
238.777, 295.245
146.663, 73.0602
184.742, 276.462
105.819, 295.245
Evaluation Time: 1.923 seconds
Resulting Fitness: 0.502778
-------------
Particle: 7:
Relays Coordinates:
405, 300.934
203.989, 187.647
52.7783, 143.223
336.417, 199.004
283.371, 135.976
110.758, 195.086
Evaluation Time: 2.17684 seconds
Resulting Fitness: 0.577778
-------------
Particle: 8:
Relays Coordinates:
250.229, 334.522
281.83, 212.568
104.84, 79.4097
354.405, 192.012
248.657, 134.202
172.061, 318.154
Evaluation Time: 2.10256 seconds
Resulting Fitness: 0.513889
-------------
Particle: 9:
Relays Coordinates:
180.43, 157.142
136.686, 158.093
74.2127, 180.64
133.575, 193.71
102.985, 96.6534
144.796, 121.237
Evaluation Time: 1.41273 seconds
Resulting Fitness: 0.380556
-------------
Particle: 10:
Relays Coordinates:
112.834, 156.905
138.965, 156.905
73.4759, 139.693
76.1786, 156.905
148.392, 156.905
68.8094, 137.986
Evaluation Time: 1.35069 seconds
Resulting Fitness: 0.294444
-------------
Particle: 11:
Relays Coordinates:
325.153, 287.918
183.211, 155.669
64.0354, 110.551
323.555, 194.875
191.294, 139.421
92.7284, 260.611
Evaluation Time: 2.14787 seconds
Resulting Fitness: 0.625
-------------
Particle: 12:
Relays Coordinates:
295.245, 208.991
169.314, 203.11
42.2443, 87.7027
239.35, 103.977
184.109, 120.728
245.958, 194.172
Evaluation Time: 1.76217 seconds
Resulting Fitness: 0.486111
-------------
Particle: 13:
Relays Coordinates:
202.381, 285.57
180.361, 198.139
94.4132, 66.9684
328.05, 164.008
183.299, 148.664
75.9095, 196.835
Evaluation Time: 1.9184 seconds
Resulting Fitness: 0.563889
-------------
Particle: 14:
Relays Coordinates:
350.847, 339.225
180.856, 175.166
65.3559, 136.799
343.284, 187.58
196.832, 160.949
103.384, 297.876
Evaluation Time: 2.24314 seconds
Resulting Fitness: 0.575
-------------
Particle: 15:
Relays Coordinates:
203.65, 313.084
154.645, 156.498
104.483, 102.003
233.034, 162.451
256.966, 140.541
103.034, 279.64
Evaluation Time: 1.92856 seconds
Resulting Fitness: 0.558333
-------------
Particle: 16:
Relays Coordinates:
185.909, 176.469
118.035, 159.47
77.1031, 126.084
141.26, 193.71
150.209, 105.501
81.2519, 191.022
Evaluation Time: 1.41147 seconds
Resulting Fitness: 0.402778
-------------
Particle: 17:
Relays Coordinates:
295.245, 139.085
154.84, 295.245
85.336, 83.3718
274.826, 147.601
203.146, 131.263
256.577, 295.245
Evaluation Time: 1.88729 seconds
Resulting Fitness: 0.547222
-------------
Particle: 18:
Relays Coordinates:
152.904, 220.839
95.0339, 104.97
144.145, 83.1817
172.439, 105.163
87.6277, 213.324
144.511, 141.013
Evaluation Time: 1.37399 seconds
Resulting Fitness: 0.408333
-------------
Particle: 19:
Relays Coordinates:
137.241, 201.565
100.335, 215.234
77.0856, 124.886
215.234, 156.983
163.168, 166.074
65.7521, 184.233
Evaluation Time: 1.50267 seconds
Resulting Fitness: 0.411111
-------------
Particle: 20:
Relays Coordinates:
301.959, 364.5
161.763, 171.011
83.2573, 73.5919
265.478, 160.132
228.678, 124.997
256.583, 307.479
Evaluation Time: 1.95355 seconds
Resulting Fitness: 0.527778
Current global best fitness: 0.647222
Current global best relays: 348.966, 316.596
177.558, 171.957
63.6511, 127.325
313.44, 181.874
205.327, 149.317
99.2998, 265.161
Particle 1 new velocities: 102.14, 106.708
85.5155, 66.0323
16.1168, 16.4993
137.497, 83.3052
111.057, 105.769
40.0521, 111.528
Particle 2 new velocities: 355.123, 357.94
142.748, -12.5278
105.954, 133.986
265.3, 169.746
185.283, 143.817
86.3466, 193.217
Particle 3 new velocities: -2.42669, 73.3117
46.3059, 48.163
16.461, 31.4741
155.902, 48.2212
53.7657, 35.5628
-24.7252, 45.0285
Particle 4 new velocities: 72.0507, 268.914
167.481, 140.46
36.0058, 72.9267
229.799, 147.607
120.511, 101.534
70.5402, 208.679
Particle 5 new velocities: 51.0332, 176.359
32.8409, 116.032
88.6501, 104.386
13.9177, 113.44
97.2002, 108.194
95.7588, 201.763
Particle 6 new velocities: 55.5667, 186.347
-2.76896, 89.8672
155.043, -117.354
310.559, 59.4979
125.084, 69.4908
78.8782, -35.3851
Particle 7 new velocities: -51.072, 63.6417
29.3374, 7.95679
-6.40932, 4.94162
56.8472, 33.7945
32.2785, 30.4408
26.5946, 51.6577
Particle 8 new velocities: 141.601, -47.5991
17.2314, 47.8141
-6.10481, -50.7537
-12.3718, 0.578249
0.764102, 148.789
41.8257, 45.7969
Particle 9 new velocities: 592.037, 380.445
193.75, 304.917
228.278, 241.949
431.54, 108.095
257.653, 178.64
175.143, 305.889
Particle 10 new velocities: 421.039, 343.429
370.155, 257.493
225.696, 258.287
317.795, 112.471
316.204, 91.1408
183.133, 258.359
Particle 11 new velocities: 75.6044, 85.5338
29.16, 20.7471
19.3975, 27.1703
67.8215, 21.3749
52.0422, 33.6424
13.3907, 75.9364
Particle 12 new velocities: 97.724, 308.462
105.172, 119.386
40.3736, 91.8499
104.152, 57.6382
175.036, 72.6113
100.077, 195.664
Particle 13 new velocities: 163.219, 154.887
75.0587, 96.2656
10.9728, 73.7697
21.3317, 70.6011
97.2546, 69.6507
36.087, 146.36
Particle 14 new velocities: 42.6113, -2.56267
37.9309, 24.3346
5.79983, 22.1061
30.5229, 32.4729
4.87969, 5.99355
-10.0158, 9.87941
Particle 15 new velocities: 294.512, 83.2281
0.249029, 33.7683
-2.02858, 41.1006
154.377, 20.399
-23.4155, 17.5736
15.311, 18.519
Particle 16 new velocities: 276.394, 345.117
134.194, 268.153
179.496, 264.48
278.418, 16.7605
243.575, 270.299
205.403, 331.83
Particle 17 new velocities: 34.6686, 382.46
122.125, -74.0185
33.0605, 86.0244
125.099, 60.7335
139.625, 88.429
187.642, 21.4128
Particle 18 new velocities: 413.039, 394.851
167.359, 115.672
182.76, 145.658
391.812, 220.77
365.291, 302.427
136.582, 140.991
Particle 19 new velocities: 695.819, 365.988
128.462, 420.911
44.1371, 319.558
133.487, 435.307
209.276, 218.896
112.695, 188.532
Particle 20 new velocities: 115.709, -23.8884
65.851, 49.2035
3.33735, 35.358
157.861, 32.1094
47.6561, 48.9666
-110.036, 95.7552
-- ITERATION 13 --
-------------
Particle: 1:
Relays Coordinates:
232.843, 219.601
138.088, 135.4
22.7573, 41.3683
241.361, 137.554
174.291, 147.875
101.238, 208.732
Evaluation Time: 1.68256 seconds
Resulting Fitness: 0.433333
-------------
Particle: 2:
Relays Coordinates:
239.148, 238.566
145.565, 108.392
92.2719, 116.779
195.96, 149.483
166.43, 120.888
92.7971, 182.86
Evaluation Time: 1.59896 seconds
Resulting Fitness: 0.455556
-------------
Particle: 3:
Relays Coordinates:
293.279, 236.609
170.149, 168.786
64.8407, 126.088
358.431, 179.308
221.115, 151.492
122.355, 272.587
Evaluation Time: 2.23405 seconds
Resulting Fitness: 0.575
-------------
Particle: 4:
Relays Coordinates:
273.595, 405
244.176, 241.353
62.1612, 126.7
319.518, 244.303
183.47, 165.591
150.108, 326.59
Evaluation Time: 2.18009 seconds
Resulting Fitness: 0.622222
-------------
Particle: 5:
Relays Coordinates:
168.336, 208.123
71.961, 122.642
109.591, 122.043
148.611, 123.272
124.289, 116.365
96.8616, 208.801
Evaluation Time: 1.43803 seconds
Resulting Fitness: 0.355556
-------------
Particle: 6:
Relays Coordinates:
146.468, 260.006
23.5836, 150.967
258.385, 116.714
299.983, 86.9713
203.277, 226.979
121.18, 170.494
Evaluation Time: 1.99663 seconds
Resulting Fitness: 0.430556
-------------
Particle: 7:
Relays Coordinates:
318.535, 328.118
209.994, 176.044
41.7321, 133.348
353.937, 209.519
284.085, 149.775
123.617, 222.069
Evaluation Time: 2.25165 seconds
Resulting Fitness: 0.622222
New local best!
-------------
Particle: 8:
Relays Coordinates:
187.411, 137.234
143.04, 124.54
47.2246, 13.7061
163.593, 92.1154
119.297, 135.354
102.301, 174.077
Evaluation Time: 1.49349 seconds
Resulting Fitness: 0.377778
-------------
Particle: 9:
Relays Coordinates:
156.905, 156.905
103.694, 145.297
94.9249, 132.613
156.905, 94.7097
113.172, 86.39
100.4, 134.037
Evaluation Time: 1.33626 seconds
Resulting Fitness: 0.35
-------------
Particle: 10:
Relays Coordinates:
156.905, 156.905
156.905, 130.043
93.8835, 124.89
123.633, 84.5332
145.795, 77.8395
79.0623, 124.377
Evaluation Time: 1.36485 seconds
Resulting Fitness: 0.344444
-------------
Particle: 11:
Relays Coordinates:
292.152, 272.246
154.819, 128.607
60.8226, 100.399
285.313, 157.646
177.392, 126.163
77.3608, 245.343
Evaluation Time: 1.99558 seconds
Resulting Fitness: 0.608333
-------------
Particle: 12:
Relays Coordinates:
232.044, 295.245
162.081, 190.431
48.785, 106.024
202.834, 95.4321
212.072, 114.165
204.331, 230.194
Evaluation Time: 1.71602 seconds
Resulting Fitness: 0.416667
-------------
Particle: 13:
Relays Coordinates:
266.522, 321.093
186.201, 214.621
76.8264, 102.598
254.699, 171.03
204.524, 159.152
81.6455, 250.189
Evaluation Time: 1.94739 seconds
Resulting Fitness: 0.536111
-------------
Particle: 14:
Relays Coordinates:
318.701, 272.696
177.217, 161.595
57.6361, 128.713
302.783, 178.243
163.387, 135.224
75.6283, 249.282
Evaluation Time: 2.05901 seconds
Resulting Fitness: 0.580556
-------------
Particle: 15:
Relays Coordinates:
294.159, 234.018
91.4637, 112.35
60.4983, 84.5014
228.762, 107.971
137.909, 93.3651
69.8816, 176.06
Evaluation Time: 1.82749 seconds
Resulting Fitness: 0.519444
-------------
Particle: 16:
Relays Coordinates:
145.076, 156.905
79.1519, 134.193
80.5236, 122.563
131.699, 66.048
123.574, 117.93
89.9552, 156.905
Evaluation Time: 1.31234 seconds
Resulting Fitness: 0.308333
-------------
Particle: 17:
Relays Coordinates:
216.456, 328.05
181.717, 145.147
77.68, 111.141
262.391, 136.688
224.892, 144.14
291.452, 207.759
Evaluation Time: 1.79119 seconds
Resulting Fitness: 0.502778
-------------
Particle: 18:
Relays Coordinates:
215.234, 215.234
112.952, 94.9793
140.722, 98.5078
215.234, 140.303
194.966, 215.234
121.001, 121.393
Evaluation Time: 1.53692 seconds
Resulting Fitness: 0.369444
-------------
Particle: 19:
Relays Coordinates:
174.339, 174.339
79.7763, 174.339
42.2677, 154.968
121.591, 174.339
129.863, 134.231
62.2205, 129.975
Evaluation Time: 1.38676 seconds
Resulting Fitness: 0.363889
-------------
Particle: 20:
Relays Coordinates:
304.48, 248.306
165.931, 160.536
63.1275, 79.4245
308.614, 140.144
201.448, 126.819
106.833, 293.957
Evaluation Time: 2.01888 seconds
Resulting Fitness: 0.586111
Current global best fitness: 0.647222
Current global best relays: 348.966, 316.596
177.558, 171.957
63.6511, 127.325
313.44, 181.874
205.327, 149.317
99.2998, 265.161
Particle 1 new velocities: 305.176, 200.311
128.776, 135.458
84.5847, 88.6016
195.06, 115.372
101.295, 89.118
63.3749, 232.384
Particle 2 new velocities: 32.3216, 329.025
170.853, 258.195
85.0173, 137.872
359.777, 147.334
150.018, 132.54
427.364, 198.314
Particle 3 new velocities: 112.22, 66.3168
42.2493, 40.8393
12.2745, 25.3762
-22.0873, 34.6688
37.1845, 25.9227
-36.3888, 40.3832
Particle 4 new velocities: 192.654, -204.221
65.0518, -4.08889
31.9941, 59.7686
170.677, 101.258
140.02, 55.7857
15.9547, 36.3407
Particle 5 new velocities: 173.878, 155.123
89.4425, 137.944
26.7396, 98.4889
434.71, 87.7042
139.475, 65.2784
78.1793, 157.977
Particle 6 new velocities: 51.3826, 124.35
184.776, 46.0852
66.2653, 266.933
101.1, 79.157
39.0567, 82.892
58.3104, 104.718
Particle 7 new velocities: -25.4811, 44.7387
3.89375, 2.4698
14.4171, -1.16293
6.80251, -2.88064
-75.6583, 24.1254
-7.53714, 46.1263
Particle 8 new velocities: 164.666, 44.0756
304.29, 151.072
84.9611, 9.65217
148.057, 150.014
119.073, 247.631
34.6513, 72.2571
Particle 9 new velocities: 190.044, 177.358
198.928, 320.503
275.55, 341.423
197.896, 214.911
203.01, 203.956
201.952, 376.21
Particle 10 new velocities: 204.66, 269.673
15.5168, 519.641
190.443, 224.768
522.345, 581.64
477.257, 268.453
173.279, 324.408
Particle 11 new velocities: 194.42, 129.99
60.8291, 165.788
29.9655, 56.8494
124.126, 81.0618
81.5767, 68.6832
34.6416, 82.2113
Particle 12 new velocities: 220.68, 9.08944
153.396, 110.593
27.1521, 95.0914
121.5, 99.9735
109.421, 95.6199
95.4273, 140.791
Particle 13 new velocities: 200.92, 107.486
44.3753, 61.7645
7.39854, 33.1685
284.402, 46.1835
68.6663, 42.6198
-9.59318, 226.498
Particle 14 new velocities: 56.2144, 59.4553
26.766, 27.0407
6.80129, 7.40231
32.3928, 16.5203
55.6637, 24.2677
-9.73073, 25.9127
Particle 15 new velocities: 246.072, 132.321
88.9684, 83.5327
8.02034, 101.141
215.735, 132.035
51.0689, 94.9593
24.8601, 110.74
Particle 16 new velocities: 195.287, 0.187313
170.298, 249.757
246.415, 356.269
388.002, 485.129
203.446, 270.71
253.488, 15.3065
Particle 17 new velocities: 120.236, -84.1287
85.3123, 187.851
17.4146, 38.1475
118.773, 31.4594
117.343, 78.7783
12.9085, 258.636
Particle 18 new velocities: 177.809, 170.641
139.007, 73.8783
213.592, 128.724
141.304, 195.406
520.133, 36.3653
178.385, 200.909
Particle 19 new velocities: 112.082, 386.804
303.438, 472.357
333.147, 364.485
446.27, 140.438
257.128, 232.795
84.1661, 258.645
Particle 20 new velocities: 135.645, 244.07
88.9383, 148.472
8.6853, 84.8311
133.798, 56.0911
46.9011, 54.432
-93.0143, 87.6673
-- ITERATION 14 --
-------------
Particle: 1:
Relays Coordinates:
364.5, 306.116
194.543, 197.455
78.2524, 94.7481
318.151, 184.384
200.902, 172.768
120.003, 321.574
Evaluation Time: 2.13264 seconds
Resulting Fitness: 0.566667
-------------
Particle: 2:
Relays Coordinates:
129.843, 239.148
151.342, 175.337
84.7969, 121.799
239.148, 141.966
151.356, 121.214
239.148, 182.315
Evaluation Time: 1.55631 seconds
Resulting Fitness: 0.433333
-------------
Particle: 3:
Relays Coordinates:
364.949, 272.633
191.159, 188.663
69.4037, 136.318
302.709, 192.579
232.469, 159.674
77.3699, 281.673
Evaluation Time: 2.00494 seconds
Resulting Fitness: 0.591667
New local best!
-------------
Particle: 4:
Relays Coordinates:
339.895, 146.368
225.427, 172.966
68.6392, 135.936
357.352, 251.914
235.824, 161.383
121.06, 264.576
Evaluation Time: 2.06716 seconds
Resulting Fitness: 0.552778
-------------
Particle: 5:
Relays Coordinates:
202.074, 214.493
95.3071, 153.873
80.5018, 130.222
295.245, 124.579
155.75, 107.259
103.36, 216.579
Evaluation Time: 1.67695 seconds
Resulting Fitness: 0.438889
-------------
Particle: 6:
Relays Coordinates:
105.146, 204.262
110.731, 104.722
172.533, 203.886
213.152, 88.2874
128.786, 164.678
95.3884, 146.259
Evaluation Time: 1.50136 seconds
Resulting Fitness: 0.425
-------------
Particle: 7:
Relays Coordinates:
237.374, 302.014
173.249, 144.596
45.4809, 107.07
292.199, 167.377
168.825, 140.859
94.0249, 217.238
Evaluation Time: 1.92028 seconds
Resulting Fitness: 0.533333
-------------
Particle: 8:
Relays Coordinates:
230.998, 118.957
293.493, 180.829
86.727, 15.3253
204.474, 158.861
156.395, 251.277
89.8547, 161.619
Evaluation Time: 1.8673 seconds
Resulting Fitness: 0.5
-------------
Particle: 9:
Relays Coordinates:
120.974, 116.551
105.518, 162.415
129.177, 165.286
123.712, 107.958
110.246, 101.237
105.424, 174.339
Evaluation Time: 1.31259 seconds
Resulting Fitness: 0.325
-------------
Particle: 10:
Relays Coordinates:
113.463, 133.865
54.1079, 156.905
89.2248, 109.727
156.905, 156.905
156.905, 108.67
79.1873, 140.834
Evaluation Time: 1.336 seconds
Resulting Fitness: 0.347222
-------------
Particle: 11:
Relays Coordinates:
394.124, 325.811
174.675, 238.46
73.5383, 127.371
331.646, 193.353
209.765, 157.826
90.722, 265.319
Evaluation Time: 2.27877 seconds
Resulting Fitness: 0.597222
-------------
Particle: 12:
Relays Coordinates:
267.329, 179.706
186.286, 177.751
44.8401, 118.757
191.516, 115.385
189.838, 123.876
177.004, 219.063
Evaluation Time: 1.60335 seconds
Resulting Fitness: 0.405556
-------------
Particle: 13:
Relays Coordinates:
276.02, 253.072
136.153, 163.203
49.734, 80.1688
295.245, 128.262
161.316, 119.144
42.5462, 281.479
Evaluation Time: 1.92253 seconds
Resulting Fitness: 0.577778
-------------
Particle: 14:
Relays Coordinates:
374.915, 332.152
203.983, 188.636
64.4374, 136.116
335.176, 194.763
219.051, 159.491
65.8975, 275.195
Evaluation Time: 2.1249 seconds
Resulting Fitness: 0.580556
-------------
Particle: 15:
Relays Coordinates:
295.245, 216.32
106.543, 115.667
40.4596, 109.62
262.471, 141.721
111.59, 111.204
55.944, 169.352
Evaluation Time: 1.78129 seconds
Resulting Fitness: 0.502778
-------------
Particle: 16:
Relays Coordinates:
131.863, 60.8609
96.6421, 148.75
126.663, 185.51
193.71, 193.71
126.694, 150.567
133.057, 66.7184
Evaluation Time: 1.43106 seconds
Resulting Fitness: 0.369444
-------------
Particle: 17:
Relays Coordinates:
198.813, 144.033
157.678, 196.632
56.1524, 88.1533
225.074, 99.2896
202.086, 131.631
179.722, 275.401
Evaluation Time: 1.64105 seconds
Resulting Fitness: 0.416667
-------------
Particle: 18:
Relays Coordinates:
187.991, 184.562
120.511, 80.7641
169.467, 108.684
170.531, 160.569
239.148, 120.339
143.195, 154.156
Evaluation Time: 1.42171 seconds
Resulting Fitness: 0.408333
-------------
Particle: 19:
Relays Coordinates:
99.8688, 174.339
133.618, 174.339
130.899, 174.339
174.339, 109.756
134.936, 127.974
51.0419, 135.504
Evaluation Time: 1.33292 seconds
Resulting Fitness: 0.394444
-------------
Particle: 20:
Relays Coordinates:
259.89, 290.743
150.498, 182.466
42.4047, 96.9913
261.24, 115.875
146.647, 107.027
8.15977, 225.346
Evaluation Time: 1.82621 seconds
Resulting Fitness: 0.538889
Current global best fitness: 0.647222
Current global best relays: 348.966, 316.596
177.558, 171.957
63.6511, 127.325
313.44, 181.874
205.327, 149.317
99.2998, 265.161
Particle 1 new velocities: -57.7835, 163.612
75.2165, 98.8607
44.6226, 105.35
117.033, 50.2371
71.3624, 31.8069
31.3963, 135.749
Particle 2 new velocities: 195.602, 115.491
157.113, 303.465
61.3965, 131.556
22.1858, 147.217
137.473, 127.716
-85.1417, 157.151
Particle 3 new velocities: 88.6351, 83.9678
25.8931, 19.6899
4.16693, 17.5769
-6.30634, 15.4063
-3.60074, 13.0713
-20.9516, 16.9387
Particle 4 new velocities: 165.929, 33.781
-38.1512, -5.20295
19.4841, 41.1766
69.967, -92.537
74.1118, 33.4471
-20.0823, 30.6238
Particle 5 new velocities: 388.091, 211.1
-37.783, 91.9093
71.2761, 87.6973
18.8645, 34.6587
129.784, 28.9659
92.185, 174.226
Particle 6 new velocities: 240.841, 187.058
186.228, 44.977
17.7035, 331.231
123.008, 157.561
55.1392, 166.822
61.4987, 352.921
Particle 7 new velocities: 124.826, 76.145
39.4056, 48.9804
23.3713, 44.8776
98.0988, 32.5457
70.3704, 42.4936
-5.21933, 74.199
Particle 8 new velocities: 180.4, 329.369
204.206, 161.823
69.8727, 95.177
320.99, 132.084
181.508, 142.996
165.019, 252.367
Particle 9 new velocities: 272.63, 375.587
262.323, 271.166
224.445, 305.685
487.886, 475.088
260.541, 187.049
203.708, 185.856
Particle 10 new velocities: 297.506, 398.085
293.879, 307.446
186.228, 319.889
44.3714, 27.1508
173.943, 622.76
157.847, 354.815
Particle 11 new velocities: 108.185, 101.292
52.447, 88.0039
18.4793, 44.3931
103.463, 87.623
67.6351, 40.4363
35.6206, 108.921
Particle 12 new velocities: 370.357, 235.241
121.801, 177.22
25.1213, 56.239
98.0293, 68.7
101.403, 76.5033
127.636, 155.778
Particle 13 new velocities: 262.232, 109.621
118.033, 231.462
40.2959, 23.5715
91.3611, 65.102
90.5754, 110.992
0.709925, 236.938
Particle 14 new velocities: 12.2608, 25.4783
-50.8492, -29.1613
4.32791, -12.2449
-5.66028, -12.9917
8.46452, 7.80577
5.94809, 1.39877
Particle 15 new velocities: -2.13504, 137.804
129.145, 109.422
79.9554, 91.3384
248.464, 161.741
181.748, 113.327
55.3775, 209.095
Particle 16 new velocities: 204.784, 293.54
158.974, 320.364
251.704, 291.012
226.918, 67.9897
207.808, 505.361
204.628, 495.344
Particle 17 new velocities: 204.1, 153.403
74.1825, 195.495
97.9791, 59.2645
139.178, 29.8926
113.178, 83.0278
64.9556, 300.467
Particle 18 new velocities: 315.432, 255.935
172.116, 62.4705
170.466, 102.828
375.421, 154.074
38.9706, 90.9129
133.167, 240.024
Particle 19 new velocities: 320.122, 280.655
402.387, 48.2032
237.706, 106.305
127.718, 424.937
275.152, 305.322
68.3297, 295.558
Particle 20 new velocities: 241.531, 300.379
168.829, 154.905
57.4854, 56.3609
260.809, 185.59
197.192, 130.493
9.73306, 247.595
-- ITERATION 15 --
-------------
Particle: 1:
Relays Coordinates:
201.237, 308.188
176.989, 194.413
80.6182, 131.285
285.525, 153.935
178.633, 134.221
99.333, 300.05
Evaluation Time: 1.83475 seconds
Resulting Fitness: 0.552778
-------------
Particle: 2:
Relays Coordinates:
155.659, 169.623
147.533, 229.01
69.9238, 121.179
124.995, 138.315
138.146, 119.062
73.661, 162.365
Evaluation Time: 1.38377 seconds
Resulting Fitness: 0.352778
-------------
Particle: 3:
Relays Coordinates:
297.597, 233.966
142.408, 136.7
48.2697, 100.97
194.47, 136.459
150.161, 113.338
37.0161, 195.919
Evaluation Time: 1.84075 seconds
Resulting Fitness: 0.527778
-------------
Particle: 4:
Relays Coordinates:
364.5, 131.329
136.524, 122.299
64.2419, 129.115
311.516, 116.186
225.943, 142.031
73.6125, 215.201
Evaluation Time: 1.75892 seconds
Resulting Fitness: 0.472222
-------------
Particle: 5:
Relays Coordinates:
239.148, 203.56
27.5136, 117.557
72.5949, 104.23
150.238, 76.1631
136.57, 65.1558
93.5285, 186.921
Evaluation Time: 1.54232 seconds
Resulting Fitness: 0.391667
-------------
Particle: 6:
Relays Coordinates:
148.936, 168.451
127.831, 64.4404
81.8904, 215.234
144.706, 105.83
79.1738, 142.7
67.5348, 214.88
Evaluation Time: 1.39948 seconds
Resulting Fitness: 0.366667
-------------
Particle: 7:
Relays Coordinates:
293.382, 306.309
172.25, 156.797
55.7702, 123.078
316.141, 161.937
193.749, 148.516
71.9325, 236.064
Evaluation Time: 2.03406 seconds
Resulting Fitness: 0.605556
-------------
Particle: 8:
Relays Coordinates:
196.77, 214.433
238.048, 163.889
74.9012, 52.8529
239.148, 139.158
161.618, 188.579
121.905, 198.008
Evaluation Time: 1.58012 seconds
Resulting Fitness: 0.35
-------------
Particle: 9:
Relays Coordinates:
123.517, 154.438
115.432, 136.062
110.97, 147.796
156.905, 156.905
116.357, 90.4672
97.0089, 113.033
Evaluation Time: 1.30946 seconds
Resulting Fitness: 0.319444
-------------
Particle: 10:
Relays Coordinates:
218.406, 265.721
184.935, 246.775
146.387, 228.315
106.967, 97.8149
175.826, 265.721
125.97, 263.408
Evaluation Time: 1.5913 seconds
Resulting Fitness: 0.422222
-------------
Particle: 11:
Relays Coordinates:
364.5, 311.359
165.572, 237.992
67.0808, 125.216
317.194, 204.832
202.225, 144.533
92.1037, 272.821
Evaluation Time: 2.02299 seconds
Resulting Fitness: 0.597222
-------------
Particle: 12:
Relays Coordinates:
328.05, 272.247
202.136, 232.896
45.9017, 114.815
189.971, 120.778
191.083, 131.469
199.874, 245.934
Evaluation Time: 1.8272 seconds
Resulting Fitness: 0.494444
-------------
Particle: 13:
Relays Coordinates:
328.05, 237.963
166.771, 258.94
59.0686, 68.064
253.652, 126.866
165.266, 150.992
28.3803, 328.05
Evaluation Time: 1.96248 seconds
Resulting Fitness: 0.586111
-------------
Particle: 14:
Relays Coordinates:
313.613, 289.68
124.039, 129.175
55.6999, 100.335
266.908, 147.235
184.287, 135.511
58.195, 224.041
Evaluation Time: 2.0518 seconds
Resulting Fitness: 0.580556
-------------
Particle: 15:
Relays Coordinates:
192.309, 232.341
154.635, 147.681
79.0042, 131.849
328.05, 199.101
192.459, 147.315
73.0381, 248.3
Evaluation Time: 1.82603 seconds
Resulting Fitness: 0.527778
-------------
Particle: 16:
Relays Coordinates:
105.644, 111.215
80.2151, 147.213
118.736, 149.538
131.997, 82.1242
104.97, 156.905
105.969, 156.905
Evaluation Time: 1.29235 seconds
Resulting Fitness: 0.275
-------------
Particle: 17:
Relays Coordinates:
264.351, 195.148
152.124, 257.274
101.126, 96.7208
238.985, 84.7564
206.845, 140.838
160.533, 328.05
Evaluation Time: 1.8169 seconds
Resulting Fitness: 0.547222
-------------
Particle: 18:
Relays Coordinates:
215.234, 189.62
125.966, 61.6578
146.33, 91.0488
215.234, 135.444
119.721, 90.937
118.965, 169.681
Evaluation Time: 1.43214 seconds
Resulting Fitness: 0.405556
-------------
Particle: 19:
Relays Coordinates:
131.798, 142.782
156.905, 69.8362
115.672, 88.0691
94.7888, 156.905
128.69, 135.973
37.4601, 135.272
Evaluation Time: 1.32896 seconds
Resulting Fitness: 0.308333
-------------
Particle: 20:
Relays Coordinates:
215.234, 215.234
137.459, 145.227
42.9994, 66.0131
215.234, 129.771
148.012, 102.245
7.70228, 203.585
Evaluation Time: 1.63139 seconds
Resulting Fitness: 0.455556
Current global best fitness: 0.647222
Current global best relays: 348.966, 316.596
177.558, 171.957
63.6511, 127.325
313.44, 181.874
205.327, 149.317
99.2998, 265.161
Particle 1 new velocities: 189.721, 117.244
35.6509, 102.481
-5.65265, 64.6193
109.682, 65.591
96.6021, 59.7419
64.6223, 79.3548
Particle 2 new velocities: 571.095, 354.247
205.932, 238.101
123.381, 116.797
164.602, 169.494
117.171, 134.441
333.063, 119.645
Particle 3 new velocities: 231.146, 142.431
47.5078, 128.596
38.4527, 46.5889
112.973, 98.0675
102.284, 117.635
70.8142, 186.285
Particle 4 new velocities: -31.6933, 259.27
34.5796, 0.915568
13.8888, 29.3695
61.2903, -33.0416
45.576, 40.6474
28.6243, 48.2919
Particle 5 new velocities: 153.846, 184.024
155.836, 131.245
86.8216, 110.193
186.269, 114.028
155.767, 33.2191
81.6027, 176.401
Particle 6 new velocities: 397.92, 332.452
115.062, 65.3663
37.6363, 129.313
202.081, 174.391
88.4594, 262.911
112.251, 453.943
Particle 7 new velocities: 110.506, 94.86
43.1181, 67.4827
10.3459, 43.0486
129.644, 123.456
159.713, 35.0969
1.5373, 59.107
Particle 8 new velocities: 68.0825, 338.226
220.591, 150.804
140.706, 101.032
216.074, 163.451
239.365, 122.776
228.519, 368.097
Particle 9 new velocities: 481.388, 494.288
248.821, 263.787
223.147, 316.889
244.308, 259.284
219.814, 164.557
191.296, 369.272
Particle 10 new velocities: 377.871, 121.174
231.165, 376.868
33.5754, 116.696
275.599, 320.313
384.705, 53.7997
92.6084, 193.427
Particle 11 new velocities: -0.216198, 96.5237
80.173, -82.3479
20.3522, 36.4231
114.335, 55.8207
59.4521, 38.7036
30.4629, 90.258
Particle 12 new velocities: 26.2856, 309.519
61.9331, 97.0313
29.7574, 43.7935
186.974, -30.2137
104.303, 34.4981
22.3971, 143.524
Particle 13 new velocities: -19.9083, 181.543
107.512, 98.1271
82.3148, 84.0557
161.075, 90.4136
96.9036, 81.5561
76.2658, -49.7779
Particle 14 new velocities: 2.25655, 38.8131
52.5948, 45.1279
12.6931, 12.1369
54.6374, 27.5488
30.0184, 25.814
37.4547, 98.4051
Particle 15 new velocities: 100.461, 235.138
111.823, 98.4371
76.9735, 24.6405
-5.14253, 106.189
144.993, 90.8861
66.0461, 173.978
Particle 16 new velocities: 352.267, 284.658
185.247, 291.31
384.871, 274.612
382.822, 453.846
229.312, 397.153
200.956, 117.55
Particle 17 new velocities: 269.563, 269.994
76.6854, 107.813
89.2799, 32.5701
211.868, 41.2206
117.123, 68.6127
216.276, -41.7044
Particle 18 new velocities: 91.5617, 269.564
155.544, 173.49
114.612, 122.731
112.143, 155.581
261.792, 195.22
90.3066, 251.134
Particle 19 new velocities: 573.209, 556.82
69.8341, 210.31
328.246, 169.867
223.026, 202.312
246.977, 312.118
121.6, 269.023
Particle 20 new velocities: 83.3517, 294.019
180.44, 189.454
134.002, 99.15
197.288, 290.726
322.698, 159.509
400.943, 275.884
-- ITERATION 16 --
-------------
Particle: 1:
Relays Coordinates:
285.008, 310.14
155.015, 216.436
54.6499, 142.814
288.106, 160.034
200.646, 141.399
119.523, 276.586
Evaluation Time: 2.0483 seconds
Resulting Fitness: 0.572222
-------------
Particle: 2:
Relays Coordinates:
239.148, 239.148
169.061, 223.418
92.4569, 113.823
138.514, 147.224
122.117, 121.25
194.535, 134.885
Evaluation Time: 1.55421 seconds
Resulting Fitness: 0.452778
-------------
Particle: 3:
Relays Coordinates:
295.245, 222.259
112.143, 156.655
51.2087, 87.1323
181.542, 138.486
149.066, 136.387
63.6727, 225.688
Evaluation Time: 1.79794 seconds
Resulting Fitness: 0.538889
-------------
Particle: 4:
Relays Coordinates:
218.354, 256.272
112.261, 80.8411
51.2615, 103.982
244.598, 54.551
178.144, 119.856
67.0776, 172.878
Evaluation Time: 1.58675 seconds
Resulting Fitness: 0.480556
-------------
Particle: 5:
Relays Coordinates:
208.854, 205.978
97.4393, 132.224
84.7205, 113.953
178.833, 101.075
155.36, 52.2805
93.0719, 193.084
Evaluation Time: 1.47248 seconds
Resulting Fitness: 0.413889
-------------
Particle: 6:
Relays Coordinates:
265.721, 265.721
129.084, 68.9846
63.5214, 183.106
184.297, 148.921
89.0872, 215.558
95.5454, 265.721
Evaluation Time: 1.84393 seconds
Resulting Fitness: 0.541667
-------------
Particle: 7:
Relays Coordinates:
327.149, 324.947
174.448, 181.666
53.5541, 134.562
361.086, 231.169
286.304, 148.726
59.5106, 239.089
Evaluation Time: 1.98008 seconds
Resulting Fitness: 0.672222
New local best!
New global best!
-------------
Particle: 8:
Relays Coordinates:
140.754, 265.721
243.74, 167.241
114.582, 81.7808
241.924, 160.819
213.099, 165.467
186.23, 265.721
Evaluation Time: 1.68831 seconds
Resulting Fitness: 0.441667
-------------
Particle: 9:
Relays Coordinates:
174.339, 174.339
127.007, 139.419
116.499, 162.026
139.894, 145.116
117.215, 88.9215
100.526, 168.169
Evaluation Time: 1.33292 seconds
Resulting Fitness: 0.355556
-------------
Particle: 10:
Relays Coordinates:
193.71, 149.891
161.205, 193.71
69.7212, 133.664
148.214, 161.991
193.71, 123.789
84.6816, 176.987
Evaluation Time: 1.36843 seconds
Resulting Fitness: 0.397222
-------------
Particle: 11:
Relays Coordinates:
265.563, 297.346
179.148, 113.465
63.7387, 117.835
314.585, 190.016
190.762, 133.58
89.351, 264.685
Evaluation Time: 1.84144 seconds
Resulting Fitness: 0.625
-------------
Particle: 12:
Relays Coordinates:
232.48, 328.05
173.256, 216.466
49.6399, 104.063
247.313, 59.4194
193.803, 108.891
145.832, 255.523
Evaluation Time: 1.7732 seconds
Resulting Fitness: 0.466667
-------------
Particle: 13:
Relays Coordinates:
224.635, 305.82
199.953, 260.302
103.069, 110.895
302.336, 158.397
191.122, 169.528
76.287, 202.86
Evaluation Time: 1.85587 seconds
Resulting Fitness: 0.561111
-------------
Particle: 14:
Relays Coordinates:
284.282, 295.644
158.97, 156.872
61.5538, 101.225
289.391, 157.305
192.875, 145.192
86.0847, 290.201
Evaluation Time: 2.05985 seconds
Resulting Fitness: 0.575
-------------
Particle: 15:
Relays Coordinates:
192.087, 306.713
174.823, 161.478
102.337, 102.673
211.86, 200.301
221.402, 156.284
91.2531, 277.056
Evaluation Time: 1.80893 seconds
Resulting Fitness: 0.527778
-------------
Particle: 16:
Relays Coordinates:
159.663, 138.032
92.561, 152.903
174.339, 147.892
174.339, 174.339
116.557, 174.339
107.018, 95.6968
Evaluation Time: 1.33494 seconds
Resulting Fitness: 0.347222
-------------
Particle: 17:
Relays Coordinates:
328.05, 305.18
150.122, 239.533
124.925, 84.8277
295.805, 82.6535
212.556, 137.42
247.224, 187.871
Evaluation Time: 1.96255 seconds
Resulting Fitness: 0.569444
-------------
Particle: 18:
Relays Coordinates:
132.065, 197.663
121.181, 101.223
112.327, 92.0252
140.925, 125.277
164.229, 123.181
90.0846, 181.147
Evaluation Time: 1.34911 seconds
Resulting Fitness: 0.383333
-------------
Particle: 19:
Relays Coordinates:
193.71, 193.71
87.8435, 108.534
171.983, 99.9299
123.128, 139.168
145.541, 173.6
61.6233, 156.632
Evaluation Time: 1.39557 seconds
Resulting Fitness: 0.397222
-------------
Particle: 20:
Relays Coordinates:
176.312, 295.245
187.716, 197.626
104.517, 97.5271
243.59, 248.299
277.949, 154.563
241.301, 283.122
Evaluation Time: 1.74708 seconds
Resulting Fitness: 0.536111
Current global best fitness: 0.672222
Current global best relays: 327.149, 324.947
174.448, 181.666
53.5541, 134.562
361.086, 231.169
286.304, 148.726
59.5106, 239.089
Particle 1 new velocities: 223.674, 65.1505
53.5297, 66.4494
-1.23269, -33.8372
173.584, 113.568
92.4012, 60.4318
67.042, 44.5586
Particle 2 new velocities: 62.1496, 13.4277
193.949, 220.994
112.377, 127.303
415.751, 203.631
120.586, 106.915
177.821, 111.679
Particle 3 new velocities: 61.1953, 177.542
136.926, 161.269
55.8423, 138.752
291.274, 113.199
334.38, 128.695
58.8479, 227.711
Particle 4 new velocities: 105.712, 317.127
130.599, 64.0557
20.1658, 78.318
275.05, 118.476
109.368, 102.678
73.3754, 102.083
Particle 5 new velocities: 310.603, 275.217
71.3252, 155.527
112.207, 106.609
389.68, 220.46
148.944, 155.419
86.0311, 199.099
Particle 6 new velocities: -246.787, 47.4838
92.911, 103.596
265.287, 320.582
251.821, 157.794
142.012, 219.75
86.6262, 60.9254
Particle 7 new velocities: 88.4051, 75.888
34.4945, 53.9862
8.27675, 34.4389
103.715, 98.7649
127.77, 28.0775
1.22984, 47.2856
Particle 8 new velocities: 142.649, -32.5559
154.28, 203.017
98.5073, 87.1212
316.562, 226.097
267.968, 169.093
113.723, 24.4657
Particle 9 new velocities: 129.813, 295.102
250.395, 318.79
212.33, 309.49
643.9, 397.003
177.242, 181.196
281.89, 392.905
Particle 10 new velocities: 109.899, 315.416
212.636, 46.5164
88.2065, 169.215
565.265, 674.281
187.596, 538.868
80.4732, 103.468
Particle 11 new velocities: 32.3708, 132.35
70.302, 115.981
29.8872, 32.9594
194.905, 74.977
196.587, 65.0168
4.33563, 85.5433
Particle 12 new velocities: 268.619, -2.93087
62.1856, 55.1355
23.832, 44.8068
123.239, 17.8896
175.357, 31.8415
115.956, 69.4257
Particle 13 new velocities: 67.2773, 155.46
45.627, 51.8479
22.6431, -9.57822
263.786, 99.7524
155.605, 34.8284
-1.47745, 138.949
Particle 14 new velocities: 25.0452, 32.8722
58.3691, 53.5095
3.31107, 32.6104
79.1967, 111.655
87.3676, 26.7315
-1.45625, 16.9627
Particle 15 new velocities: 258.14, 139.626
49.9075, 86.1307
4.06643, 41.1591
213.164, 60.6961
117.951, 55.4514
43.5203, 81.339
Particle 16 new velocities: 256.728, 421.887
206.615, 289.435
-23.8856, 237.265
300.796, 198.13
272.115, 269.9
177.347, 211.403
Particle 17 new velocities: -47.47, 199.407
92.1309, 210.923
31.1599, 17.3754
173.815, 164.13
185.271, 81.7953
98.3271, 222.683
Particle 18 new velocities: 240.988, 317.718
182.931, 120.735
224.458, 133.139
268.761, 218.56
412.875, 309.574
140.194, 274.714
Particle 19 new velocities: 245.522, 79.3035
249.321, 466.511
385.243, 420.403
408.088, 271.853
327.078, 244.936
49.8059, 242.345
Particle 20 new velocities: 371.817, 114.953
152.144, 142.178
106.764, 121.8
231.367, 162.159
242.833, 126.393
81.6122, 220.075
-- ITERATION 17 --
-------------
Particle: 1:
Relays Coordinates:
328.05, 246.228
136.826, 185.601
35.047, 71.4996
302.915, 179.51
192.268, 132.421
122.406, 210.703
Evaluation Time: 1.94934 seconds
Resulting Fitness: 0.513889
-------------
Particle: 2:
Relays Coordinates:
144.11, 120.806
173.627, 212.561
97.9716, 115.33
239.148, 167.813
116.084, 109.131
178.097, 117.931
Evaluation Time: 1.44683 seconds
Resulting Fitness: 0.408333
-------------
Particle: 3:
Relays Coordinates:
210.474, 236.078
147.073, 187.731
63.2125, 133.383
279.193, 148.618
285.47, 156.529
72.3472, 267.727
Evaluation Time: 1.85224 seconds
Resulting Fitness: 0.502778
-------------
Particle: 4:
Relays Coordinates:
172.222, 265.721
129.066, 77.0041
37.9594, 96.8815
265.721, 91.9534
152.796, 118.263
74.6424, 146.125
Evaluation Time: 1.59995 seconds
Resulting Fitness: 0.411111
-------------
Particle: 5:
Relays Coordinates:
239.148, 230.154
80.7195, 137.63
94.1898, 105.494
239.148, 153.789
145.547, 99.3423
85.6644, 187.58
Evaluation Time: 1.59219 seconds
Resulting Fitness: 0.438889
-------------
Particle: 6:
Relays Coordinates:
10.062, 166.45
117.977, 91.7164
174.742, 265.721
231.771, 163.001
122.816, 231.341
96.8135, 173.593
Evaluation Time: 1.71654 seconds
Resulting Fitness: 0.402778
-------------
Particle: 7:
Relays Coordinates:
272.645, 262.988
137.087, 154.612
40.5672, 110.882
304.956, 216.47
271.674, 116.001
39.8518, 187.89
Evaluation Time: 1.85305 seconds
Resulting Fitness: 0.519444
-------------
Particle: 8:
Relays Coordinates:
150.612, 123.913
211.524, 196.77
113.245, 89.7615
265.721, 205.623
255.658, 177.799
159.407, 154.217
Evaluation Time: 1.55091 seconds
Resulting Fitness: 0.438889
-------------
Particle: 9:
Relays Coordinates:
117.835, 181.871
146.213, 177.519
127.395, 182.675
193.71, 193.71
114.079, 104.649
148.156, 193.71
Evaluation Time: 1.3889 seconds
Resulting Fitness: 0.358333
-------------
Particle: 10:
Relays Coordinates:
130.694, 200.299
160.926, 103.41
67.9827, 130.379
215.234, 215.234
164.14, 215.234
71.0937, 120.727
Evaluation Time: 1.47884 seconds
Resulting Fitness: 0.388889
-------------
Particle: 11:
Relays Coordinates:
217.194, 313.249
181.849, 167.266
68.2533, 109.929
364.5, 193.18
282.378, 144.777
68.2976, 255.316
Evaluation Time: 1.98576 seconds
Resulting Fitness: 0.655556
New local best!
-------------
Particle: 12:
Relays Coordinates:
328.05, 213.311
154.473, 178.197
48.2049, 97.6733
243.12, 50.7224
242.205, 92.3345
171.759, 213.199
Evaluation Time: 1.72987 seconds
Resulting Fitness: 0.494444
-------------
Particle: 13:
Relays Coordinates:
172.371, 272.381
145.012, 184.321
74.2315, 59.8267
295.245, 152.435
204.739, 120.67
44.1743, 201.835
Evaluation Time: 1.73068 seconds
Resulting Fitness: 0.436111
-------------
Particle: 14:
Relays Coordinates:
278.395, 295.665
195.605, 189.344
58.3783, 120.452
331.729, 242.064
252.218, 154.731
76.1656, 276.448
Evaluation Time: 1.94188 seconds
Resulting Fitness: 0.513889
-------------
Particle: 15:
Relays Coordinates:
364.683, 361.534
182.032, 200.563
86.1868, 116.504
344.269, 211.408
274.876, 171.505
109.166, 290.3
Evaluation Time: 2.05561 seconds
Resulting Fitness: 0.619444
New local best!
-------------
Particle: 16:
Relays Coordinates:
145.187, 174.339
104.316, 154.234
52.4599, 134.296
165.669, 129.872
135.522, 154.897
99.152, 107.079
Evaluation Time: 1.31378 seconds
Resulting Fitness: 0.361111
-------------
Particle: 17:
Relays Coordinates:
149.112, 265.721
128.743, 239.391
82.95, 54.3149
249.575, 131.151
211.421, 116.5
183.64, 218.185
Evaluation Time: 1.63041 seconds
Resulting Fitness: 0.422222
-------------
Particle: 18:
Relays Coordinates:
144.529, 193.71
117.819, 85.9913
130.478, 87.2333
158.721, 133.209
193.71, 167.658
89.2146, 176.61
Evaluation Time: 1.38903 seconds
Resulting Fitness: 0.386111
-------------
Particle: 19:
Relays Coordinates:
153.151, 95.194
117.562, 174.339
174.339, 174.339
174.339, 143.314
164.792, 145.935
38.8529, 139.115
Evaluation Time: 1.38991 seconds
Resulting Fitness: 0.372222
-------------
Particle: 20:
Relays Coordinates:
239.148, 196.196
162.554, 162.527
101.055, 104.903
227.17, 196.321
239.148, 134.381
154.448, 239.148
Evaluation Time: 1.65209 seconds
Resulting Fitness: 0.461111
Current global best fitness: 0.672222
Current global best relays: 327.149, 324.947
174.448, 181.666
53.5541, 134.562
361.086, 231.169
286.304, 148.726
59.5106, 239.089
Particle 1 new velocities: -5.08773, 117.291
67.195, 66.0976
22.8343, 2.40058
166.21, 87.24
166.073, 68.8053
-20.1864, 159.693
Particle 2 new velocities: 326.361, 421.055
156.658, 212.984
71.315, 176.797
21.2735, 192.148
209.018, 98.6954
80.8158, 232.973
Particle 3 new velocities: 210.322, 198.828
173.04, 123.02
42.823, 114.435
346.196, 127.84
236.927, 95.8905
44.9223, 156.809
Particle 4 new velocities: 365.266, 86.5342
238.828, 200.298
58.4826, 79.9566
171.619, 181.806
212.598, 144.883
97.5492, 310.802
Particle 5 new velocities: 111.158, 263.792
39.1531, 134.322
132.644, 141.508
190.32, 220.577
222.129, 122.851
62.7655, 202.089
Particle 6 new velocities: 102.618, 144.679
3.11624, 136.805
237.421, 1.66366
239.095, 28.0563
356.497, 93.4167
75.3245, 109.096
Particle 7 new velocities: 180.819, 174.626
79.8291, 86.3174
37.1367, 54.1494
173.242, 93.877
106.213, 72.4302
9.83338, 143.463
Particle 8 new velocities: 130.821, -7.19287
273.586, 162.642
35.0697, 80.7962
29.6175, 160.425
221.137, 158.808
-4.29522, 142.616
Particle 9 new velocities: 405.606, 487.707
193.646, 307.137
135.282, 313.215
45.8586, 61.0577
213.658, 142.728
209.167, 152.162
Particle 10 new velocities: 264.781, 541.218
194.926, 437.411
93.4577, 161.183
91.0681, 270.244
308.684, 200.965
56.3124, 201.481
Particle 11 new velocities: 43.8833, 107.616
48.5898, 98.3631
7.90947, 44.2384
-4.35066, 61.8891
158.302, 52.4598
-0.773344, 65.041
Particle 12 new velocities: 12.6134, 179.406
114.475, 119.783
22.7438, 78.5983
135.434, 194.449
187.827, 86.6329
9.1439, 62.8468
Particle 13 new velocities: 307.754, 180.089
113.987, 61.0915
6.49871, -0.550204
185.482, 113.251
98.0927, 78.7937
-1.26828, 332.741
Particle 14 new velocities: 49.1598, 66.2191
15.8615, 24.7498
2.43055, 33.0887
65.6625, 55.1882
51.1444, 11.8107
-24.2781, -45.2992
Particle 15 new velocities: 194.414, 103.549
38.2828, 66.6411
-19.42, 44.6611
179.377, 60.5015
97.1703, 33.2018
34.3752, 35.4341
Particle 16 new velocities: 264.159, -2.1854
130.795, 242.977
236.735, 266.279
278.767, 323.451
325.705, 318.426
144.415, 564.575
Particle 17 new velocities: 390.319, -5.05413
103.195, 140.884
25.4684, 105.098
306.468, 185.028
236.675, 115.087
76.8743, 349.457
Particle 18 new velocities: 377.147, 67.9804
210.762, 110.405
278.574, 162.374
319.4, 225.161
75.8353, 282.047
97.1645, 308.474
Particle 19 new velocities: 345.739, 302.421
407.679, 373.184
26.0079, 85.0123
155.249, 494.673
372.869, 235.394
60.1165, 256.676
Particle 20 new velocities: 179.861, 429.021
175.161, 160.907
47.415, 77.6248
299.77, 154.361
30.245, 129.822
46.2106, 32.9556
-- ITERATION 18 --
-------------
Particle: 1:
Relays Coordinates:
211.896, 238.505
133.858, 165.139
37.9759, 48.4859
307.793, 175.015
235.108, 132.025
67.066, 243.017
Evaluation Time: 1.87908 seconds
Resulting Fitness: 0.497222
-------------
Particle: 2:
Relays Coordinates:
202.522, 215.234
142.177, 183.183
72.8723, 125.751
112.103, 154.951
139.946, 89.4623
111.453, 151.052
Evaluation Time: 1.48304 seconds
Resulting Fitness: 0.363889
-------------
Particle: 3:
Relays Coordinates:
223.628, 231.127
170.121, 165.145
56.3516, 131.7
265.721, 146.921
265.721, 134.146
62.3218, 225.616
Evaluation Time: 1.70509 seconds
Resulting Fitness: 0.519444
-------------
Particle: 4:
Relays Coordinates:
265.721, 187.203
195.514, 147.37
51.2532, 93.979
232.42, 145.487
194.185, 139.847
91.5097, 242.83
Evaluation Time: 1.73993 seconds
Resulting Fitness: 0.422222
-------------
Particle: 5:
Relays Coordinates:
167.55, 236.253
57.3347, 130.074
108.494, 118.14
205.413, 179.058
175.858, 106.274
70.9936, 186.377
Evaluation Time: 1.5279 seconds
Resulting Fitness: 0.408333
-------------
Particle: 6:
Relays Coordinates:
66.5366, 183.718
71.5044, 134.94
243.378, 157.888
278.042, 112.817
283.03, 191.766
101.646, 166.925
Evaluation Time: 1.76962 seconds
Resulting Fitness: 0.455556
-------------
Particle: 7:
Relays Coordinates:
367.306, 354.467
175.702, 195.153
62.9402, 133.675
387.34, 251.381
306.089, 152.629
40.245, 268.396
Evaluation Time: 2.14612 seconds
Resulting Fitness: 0.655556
-------------
Particle: 8:
Relays Coordinates:
184.648, 76.5802
318.281, 235.81
97.309, 111.903
193.771, 240.164
312.825, 220.848
101.769, 194.752
Evaluation Time: 1.81868 seconds
Resulting Fitness: 0.522222
-------------
Particle: 9:
Relays Coordinates:
215.234, 215.234
146.298, 208.629
113.074, 213.464
103.127, 109.669
141.08, 106.488
153.816, 148.887
Evaluation Time: 1.52322 seconds
Resulting Fitness: 0.386111
-------------
Particle: 10:
Relays Coordinates:
170.239, 215.234
153.183, 215.234
69.4948, 125.508
131.853, 208.982
203.535, 179.16
54.8441, 138.7
Evaluation Time: 1.4936 seconds
Resulting Fitness: 0.380556
-------------
Particle: 11:
Relays Coordinates:
234.969, 378.778
207.395, 239.066
68.5465, 138.751
324.134, 229.562
396.612, 177.513
60.7718, 288.321
Evaluation Time: 2.04428 seconds
Resulting Fitness: 0.436111
-------------
Particle: 12:
Relays Coordinates:
275.937, 318.1
217.848, 241.364
57.4685, 142.78
306.628, 198.589
348.326, 144.964
146.531, 223.597
Evaluation Time: 2.06907 seconds
Resulting Fitness: 0.547222
-------------
Particle: 13:
Relays Coordinates:
206.678, 194.774
111.491, 105.642
34.7517, 25.5166
206.937, 114.369
130.359, 85.8626
18.4696, 215.234
Evaluation Time: 1.55853 seconds
Resulting Fitness: 0.430556
-------------
Particle: 14:
Relays Coordinates:
294.799, 325.695
190.32, 192.684
54.728, 138.187
357.652, 267.527
273.026, 149.888
46.6988, 208.034
Evaluation Time: 2.13209 seconds
Resulting Fitness: 0.555556
-------------
Particle: 15:
Relays Coordinates:
364.5, 339.046
160.609, 194.792
48.673, 117.489
364.5, 198.222
271.221, 149.232
104.642, 237.46
Evaluation Time: 2.33242 seconds
Resulting Fitness: 0.616667
-------------
Particle: 16:
Relays Coordinates:
142.73, 60.0263
81.9782, 138.499
100.836, 139.672
154.965, 158.064
160.82, 165.038
84.9266, 174.339
Evaluation Time: 1.34233 seconds
Resulting Fitness: 0.352778
-------------
Particle: 17:
Relays Coordinates:
295.245, 153.921
136.957, 224.549
64.02, 94.1317
295.245, 186.7
264.596, 136.75
153.831, 295.245
Evaluation Time: 1.85175 seconds
Resulting Fitness: 0.441667
-------------
Particle: 18:
Relays Coordinates:
193.71, 101.384
127.299, 76.0878
158.475, 96.7029
185.234, 138.84
104.427, 174.225
72.2071, 187.931
Evaluation Time: 1.38185 seconds
Resulting Fitness: 0.391667
-------------
Particle: 19:
Relays Coordinates:
214.756, 171.16
215.234, 215.234
86.2429, 111.642
141.877, 215.234
215.234, 164.149
42.6031, 170.375
Evaluation Time: 1.54247 seconds
Resulting Fitness: 0.391667
-------------
Particle: 20:
Relays Coordinates:
274.912, 328.05
221.575, 212.205
97.4113, 119.757
328.05, 230.083
176.749, 173.343
131.652, 178.527
Evaluation Time: 1.9189 seconds
Resulting Fitness: 0.541667
Current global best fitness: 0.672222
Current global best relays: 327.149, 324.947
174.448, 181.666
53.5541, 134.562
361.086, 231.169
286.304, 148.726
59.5106, 239.089
Particle 1 new velocities: 239.416, 244.423
80.7791, 106.947
48.4283, 26.2507
182.214, 80.9366
104.51, 76.5018
71.9883, 178.013
Particle 2 new velocities: 410.937, 125.42
170.263, 329.873
53.0035, 168.541
172.161, 140.831
195.558, 94.6296
149.955, 194.289
Particle 3 new velocities: 442.998, 247.42
167.128, 125.451
49.1229, 94.8755
157.459, 211.172
-19.152, 108.678
41.029, 149.043
Particle 4 new velocities: 73.5741, 214.48
139.313, 199.122
64.8552, 79.4278
212.997, 223.623
213.88, 128.486
78.2886, 265.828
Particle 5 new velocities: 218.783, 232.124
115.606, 164.02
69.2539, 129.934
332.199, 202.957
263.222, 101.36
104.438, 223.932
Particle 6 new velocities: 313.129, 303.051
114.886, 52.2372
167.582, 118.707
185.692, 37.0361
222.848, 221.504
52.8454, 293.857
Particle 7 new velocities: 107.159, 92.1035
61.7178, 52.789
8.36483, 43.5352
93.0222, 40.9649
64.6238, 48.6186
37.9777, 58.4051
Particle 8 new velocities: 86.553, 339.782
147.263, 77.21
50.2005, 59.8007
204.379, 106.768
164.465, 120.791
84.9661, 314.342
Particle 9 new velocities: 163.556, 193.089
166.543, 245.79
109.163, 215.443
348.853, 451.909
206.744, 133.569
207.358, 371.038
Particle 10 new velocities: 431.41, 146.336
207.189, 82.5805
91.5145, 256.428
415.659, 494.597
455.361, 260.538
116.657, 206.912
Particle 11 new velocities: 110.905, -72.3735
-16.5176, 9.043
-4.59863, 28.5158
25.6115, -3.7288
-67.1212, -14.1572
1.89691, -55.4776
Particle 12 new velocities: 172.383, 156.596
22.0145, 87.3466
-0.757873, -1.62693
-83.2498, 74.7132
73.2814, 61.72
54.0999, 54.5151
Particle 13 new velocities: 461.547, 275.794
114.943, 283.628
111.487, 128.643
230.114, 141.082
130.159, 175.121
31.046, 113.032
Particle 14 new velocities: 63.2761, 28.1802
-16.7942, -14.5759
1.79833, 15.4748
-2.24899, -161.159
-62.3361, 7.11261
14.898, 0.506271
Particle 15 new velocities: -6.12265, 79.5936
57.265, 57.2598
30.1315, 40.8644
-9.68507, 75.4354
87.6555, 44.1916
-6.00052, 71.0725
Particle 16 new velocities: 247.161, 315.934
168.408, 230.347
267.375, 261.567
350.003, 308.723
392.04, 466.407
138.187, 67.1236
Particle 17 new velocities: 28.2086, 174.461
134.838, 127.215
112.209, 85.8523
78.5779, -16.1167
167.997, 120.998
146.874, 39.7156
Particle 18 new velocities: 195.144, 558.11
167.485, 76.1136
271.447, 128.088
438.566, 211.007
327.825, 239.882
183.432, 308.137
Particle 19 new velocities: 415.537, 426.278
-17.5137, 287.189
358.327, 175.188
352.249, 76.2327
-79.0107, 192.256
33.3191, 167.273
Particle 20 new velocities: 260.831, 53.0566
78.998, 126.168
23.8751, 22.1214
70.7092, 96.3864
150.632, 81.0681
94.7917, 301.772
-- ITERATION 19 --
-------------
Particle: 1:
Relays Coordinates:
296.106, 316.848
140.824, 178.516
56.6898, 49.0347
321.494, 167.93
222.823, 136.814
91.2335, 276.237
Evaluation Time: 2.25249 seconds
Resulting Fitness: 0.552778
-------------
Particle: 2:
Relays Coordinates:
239.148, 162.933
149.439, 239.148
60.206, 140.759
135.963, 141.472
160.47, 88.0506
125.031, 165.176
Evaluation Time: 1.64651 seconds
Resulting Fitness: 0.405556
-------------
Particle: 3:
Relays Coordinates:
295.245, 282.578
199.142, 171.595
62.2817, 133.791
249.883, 211.45
145.596, 143.385
61.0276, 221.232
Evaluation Time: 1.84139 seconds
Resulting Fitness: 0.569444
-------------
Particle: 4:
Relays Coordinates:
180.315, 213.471
177.941, 184.14
61.7048, 92.1555
236.713, 196.16
216.863, 142.603
90.2378, 265.721
Evaluation Time: 1.70442 seconds
Resulting Fitness: 0.430556
-------------
Particle: 5:
Relays Coordinates:
184.782, 224.023
82.7171, 140.664
85.0162, 118.653
239.148, 182.717
210.011, 99.3108
83.9084, 196.25
Evaluation Time: 1.59735 seconds
Resulting Fitness: 0.441667
-------------
Particle: 6:
Relays Coordinates:
201.77, 258.689
99.0554, 99.4735
218.401, 146.994
246.447, 79.6382
265.721, 219.628
82.103, 244.878
Evaluation Time: 1.81791 seconds
Resulting Fitness: 0.525
-------------
Particle: 7:
Relays Coordinates:
384.317, 361.722
192.31, 200.833
57.7571, 143.54
389.094, 236.8
300.277, 163.011
63.3603, 264.709
Evaluation Time: 2.38184 seconds
Resulting Fitness: 0.597222
-------------
Particle: 8:
Relays Coordinates:
144.127, 221.272
247.409, 166.352
78.3926, 91.2503
211.593, 184.374
253.652, 181.561
99.2386, 265.721
Evaluation Time: 1.67697 seconds
Resulting Fitness: 0.430556
-------------
Particle: 9:
Relays Coordinates:
132.076, 142.373
109.081, 158.446
77.4892, 149.551
157.595, 174.339
121.279, 83.7024
125.934, 174.339
Evaluation Time: 1.2834 seconds
Resulting Fitness: 0.338889
-------------
Particle: 10:
Relays Coordinates:
193.71, 140.079
139.615, 115.379
62.3783, 147.97
193.71, 193.71
193.71, 170.348
66.443, 133.897
Evaluation Time: 1.3958 seconds
Resulting Fitness: 0.388889
-------------
Particle: 11:
Relays Coordinates:
280.159, 248.188
154.611, 200.969
51.7977, 135.486
283.294, 182.925
266.887, 132.318
50.7617, 188.603
Evaluation Time: 1.74508 seconds
Resulting Fitness: 0.533333
-------------
Particle: 12:
Relays Coordinates:
264.729, 280.303
141.636, 194.101
33.487, 83.3495
131.903, 161.382
248.955, 122.045
118.471, 164.222
Evaluation Time: 1.94216 seconds
Resulting Fitness: 0.555556
-------------
Particle: 13:
Relays Coordinates:
328.05, 308.74
148.563, 255.4
95.9472, 101.144
286.749, 167.601
170.926, 171.231
32.4872, 215.375
Evaluation Time: 1.94243 seconds
Resulting Fitness: 0.616667
-------------
Particle: 14:
Relays Coordinates:
211.44, 208.96
102.465, 105.171
33.3782, 90.7355
209.862, 62.8094
124.411, 92.7072
36.3723, 123.141
Evaluation Time: 1.48069 seconds
Resulting Fitness: 0.402778
-------------
Particle: 15:
Relays Coordinates:
290.286, 339.098
176.478, 204.162
63.8316, 128.266
287.4, 221.662
290.69, 156.673
79.8995, 249.912
Evaluation Time: 2.11234 seconds
Resulting Fitness: 0.594444
-------------
Particle: 16:
Relays Coordinates:
167.836, 161.839
107.783, 158.776
158.503, 172.72
215.234, 200.937
215.234, 215.234
96.043, 103.942
Evaluation Time: 1.45029 seconds
Resulting Fitness: 0.375
-------------
Particle: 17:
Relays Coordinates:
190.996, 193.907
160.492, 207.713
104.061, 106.279
220.739, 100.728
255.442, 152.198
177.564, 197.791
Evaluation Time: 1.47272 seconds
Resulting Fitness: 0.444444
-------------
Particle: 18:
Relays Coordinates:
167.389, 215.234
126.895, 65.5177
185.067, 96.765
215.234, 150.598
186.071, 178.26
110.044, 213.541
Evaluation Time: 1.53089 seconds
Resulting Fitness: 0.402778
-------------
Particle: 19:
Relays Coordinates:
215.234, 215.234
85.1119, 215.234
191.373, 123.471
212.705, 125.467
58.6395, 153.421
32.682, 145.346
Evaluation Time: 1.66466 seconds
Resulting Fitness: 0.408333
-------------
Particle: 20:
Relays Coordinates:
328.05, 250.044
197.206, 222.007
79.5761, 93.0863
261.626, 214.196
214.795, 166.919
148.57, 315.124
Evaluation Time: 2.11377 seconds
Resulting Fitness: 0.558333
Current global best fitness: 0.672222
Current global best relays: 327.149, 324.947
174.448, 181.666
53.5541, 134.562
361.086, 231.169
286.304, 148.726
59.5106, 239.089
Particle 1 new velocities: 210.189, 195.565
90.9756, 108.246
40.4228, 143.607
135.439, 72.489
42.908, 68.5868
53.5564, 153.364
Particle 2 new velocities: 124.182, 325.877
183.246, 43.2545
54.6675, 135.125
364.399, 220.465
189.349, 99.0539
272.743, 228.38
Particle 3 new velocities: 106.986, 193.142
109.283, 118.277
47.8747, 80.2194
298.355, 157.688
84.1945, 98.3684
60.5407, 179.512
Particle 4 new velocities: 348.768, 379.743
110.027, 149.098
44.1587, 165.872
277.559, 179.678
221.373, 110.131
47.764, -3.36629
Particle 5 new velocities: 276.706, 197.571
148.384, 162.64
15.7196, 124.356
129.992, 60.0898
131.241, 102.239
115.077, 231.907
Particle 6 new velocities: 329.274, 239.899
172.645, 47.555
136.076, 274.701
228.653, 54.812
-161.675, 201.779
52.2736, 331.801
Particle 7 new velocities: -25.369, -18.145
13.825, 20.2228
-3.37671, 20.872
54.5593, 19.4207
29.4693, 9.40206
24.9499, 33.2938
Particle 8 new velocities: 159.066, 274.271
148.459, 100.171
119.809, 59.0437
398.574, 104.215
132.502, 136.322
61.5415, -19.9195
Particle 9 new velocities: 580.16, 402.507
241.932, 285.134
206.868, 273.092
648.276, 25.3827
156.208, 135.442
146.567, 257.515
Particle 10 new velocities: 81.91, 355.462
228.747, 246.314
118.888, 203.513
186.352, 201.775
145.684, 561.266
117.182, 221.062
Particle 11 new velocities: 4.44463, -44.9664
29.3533, -45.68
4.00438, -7.44756
189.649, 18.7227
-31.1464, 15.812
12.646, -2.93665
Particle 12 new velocities: 200.766, 220.431
112.596, 84.3549
21.0908, 67.5711
183.082, -3.6845
60.2409, 56.7199
148.688, 182.277
Particle 13 new velocities: -22.3849, 161.615
136.584, 191.287
65.3568, 111.171
390.761, 106.247
251.6, 105.842
46.7276, 171.502
Particle 14 new velocities: 196.874, 210.327
107.7, 83.2646
19.2535, 47.3153
243.575, 108.19
-8.97413, 76.9552
49.4081, 132.892
Particle 15 new velocities: 40.6163, 81.6547
47.2193, 21.2177
19.2144, 34.65
123.561, 58.6346
42.6612, 44.8926
2.55083, 96.6279
Particle 16 new velocities: 212.526, 292.779
191.79, 261.795
262.756, 211.526
228.006, 370.368
-12.9054, 203.757
149.988, 222.012
Particle 17 new velocities: 302.68, 308.509
112.222, 134.435
71.8489, 47.2116
236.699, 74.2173
128.427, 92.9992
90.3725, 88.4682
Particle 18 new velocities: 316.166, 141.895
134.065, 142.184
210.919, 119.239
264.161, 229.528
515.085, 259.038
201.753, 244.051
Particle 19 new velocities: 199.093, 116.174
280.324, 290.522
422.311, 349.986
418.434, 344.883
234.584, 170.33
44.3972, 216.643
Particle 20 new velocities: -0.34599, 256.393
39.0008, 89.7622
45.6846, 58.7467
277.789, 56.7761
155.023, 39.2709
87.2591, 185.247
-- ITERATION 20 --
-------------
Particle: 1:
Relays Coordinates:
265.721, 265.721
123.188, 152.397
51.6096, 102.378
242.833, 127.768
141.221, 109.159
76.9473, 228.308
Evaluation Time: 1.74865 seconds
Resulting Fitness: 0.544444
-------------
Particle: 2:
Relays Coordinates:
173.78, 233.796
159.122, 135.072
54.9436, 131.955
239.148, 173.113
167.318, 89.4915
190.254, 188.237
Evaluation Time: 1.50327 seconds
Resulting Fitness: 0.4
-------------
Particle: 3:
Relays Coordinates:
237.513, 280.908
182.122, 171.166
65.0462, 126.371
295.245, 217.972
135.689, 142.753
71.7849, 236.636
Evaluation Time: 1.77603 seconds
Resulting Fitness: 0.566667
-------------
Particle: 4:
Relays Coordinates:
265.721, 265.721
153.038, 177.096
56.2602, 137.126
265.721, 199.736
232.896, 134.313
73.3398, 139.426
Evaluation Time: 1.70615 seconds
Resulting Fitness: 0.480556
-------------
Particle: 5:
Relays Coordinates:
245.254, 224.052
122.817, 161.188
53.5352, 129.145
196.176, 129.037
181.355, 107.112
105.749, 227.54
Evaluation Time: 1.65226 seconds
Resulting Fitness: 0.455556
-------------
Particle: 6:
Relays Coordinates:
239.148, 238.473
129.953, 70.3233
169.545, 201.695
227.239, 64.3071
49.7645, 201.558
64.2719, 239.148
Evaluation Time: 1.64312 seconds
Resulting Fitness: 0.488889
-------------
Particle: 7:
Relays Coordinates:
290.748, 278.298
166.97, 179.055
44.0481, 133.174
359.359, 207.539
267.095, 139.654
71.5313, 241.382
Evaluation Time: 2.14262 seconds
Resulting Fitness: 0.630556
-------------
Particle: 8:
Relays Coordinates:
179.033, 292.613
233.756, 157.379
117.036, 88.7471
295.245, 170.409
228.02, 187.707
94.9391, 145.143
Evaluation Time: 1.78983 seconds
Resulting Fitness: 0.544444
-------------
Particle: 9:
Relays Coordinates:
215.234, 215.234
151.1, 190.947
122.407, 181.934
215.234, 85.9737
119.449, 94.3345
117.302, 185.899
Evaluation Time: 1.52952 seconds
Resulting Fitness: 0.436111
-------------
Particle: 10:
Relays Coordinates:
106.781, 191.983
142.711, 140.127
70.2263, 136.172
147.244, 153.219
131.488, 193.71
71.1402, 137.518
Evaluation Time: 1.39764 seconds
Resulting Fitness: 0.352778
-------------
Particle: 11:
Relays Coordinates:
230.529, 164.609
149.011, 125.784
45.1997, 103.711
383.084, 163.334
190.95, 119.985
51.3602, 150.39
Evaluation Time: 1.68485 seconds
Resulting Fitness: 0.477778
-------------
Particle: 12:
Relays Coordinates:
274.87, 295.245
150.122, 164.425
32.2277, 89.1171
185.995, 93.1188
182.577, 105.559
157.755, 204.605
Evaluation Time: 1.86479 seconds
Resulting Fitness: 0.5
-------------
Particle: 13:
Relays Coordinates:
162.443, 249.966
151.539, 237.388
85.7235, 112.833
265.721, 145.534
224.548, 147.248
42.098, 205.602
Evaluation Time: 1.67029 seconds
Resulting Fitness: 0.419444
-------------
Particle: 14:
Relays Coordinates:
241.105, 247.585
124.1, 111.269
31.0785, 81.5176
267.75, 100.973
68.164, 100.184
50.6525, 151.185
Evaluation Time: 1.66982 seconds
Resulting Fitness: 0.463889
-------------
Particle: 15:
Relays Coordinates:
268.031, 340.81
181.195, 182.557
67.2672, 131.962
332.878, 227.04
270.015, 163.268
66.7848, 280.697
Evaluation Time: 2.10788 seconds
Resulting Fitness: 0.638889
New local best!
-------------
Particle: 16:
Relays Coordinates:
132.624, 158.515
104.455, 146.644
146.884, 133.978
154.548, 174.339
70.5475, 146.093
85.7855, 113.653
Evaluation Time: 1.3177 seconds
Resulting Fitness: 0.344444
-------------
Particle: 17:
Relays Coordinates:
262.36, 265.721
144.932, 181.831
93.4859, 81.571
243.101, 92.9731
204.003, 130.308
142.392, 152.13
Evaluation Time: 1.65595 seconds
Resulting Fitness: 0.525
-------------
Particle: 18:
Relays Coordinates:
208.155, 153.732
112.335, 89.4086
170.459, 92.9829
206.363, 163.632
215.234, 188.242
134.218, 196.978
Evaluation Time: 1.46391 seconds
Resulting Fitness: 0.411111
-------------
Particle: 19:
Relays Coordinates:
160.519, 128.394
141.577, 193.71
193.71, 183.427
193.71, 182.223
113.601, 125.428
29.8621, 140.242
Evaluation Time: 1.42124 seconds
Resulting Fitness: 0.375
-------------
Particle: 20:
Relays Coordinates:
238.896, 364.5
172.195, 227.28
91.315, 110.686
364.5, 197.539
269.598, 150.313
171.919, 364.5
Evaluation Time: 2.029 seconds
Resulting Fitness: 0.619444
New local best!
Final Evaluation Time: 729.375 seconds
Final global best fitness: 0.672222
Final global best relays:
327.149, 324.947
174.448, 181.666
53.5541, 134.562
361.086, 231.169
286.304, 148.726
59.5106, 239.089
