PSO EXECUTION
============================
Seed: 40063030
Particles: 20
Relays: 4
Iterations: 20
Backend: Simulation
Network Configuration: 2
Area: 500 x 500
Sink: 0, 0
Simulated Relay range: 155
w: 0.8
c1: 1.7
c2: 1.3

Relay Nodes Positions: 
PARTICLE 1: 
122.409, 68.2683
94.7237, 452.542
135.543, 303.274
177.882, 167.478
PARTICLE 2: 
211.168, 224.468
16.7353, 123.315
79.9833, 170.815
243.344, 208.225
PARTICLE 3: 
27.9008, 126.04
81.5786, 247.992
132.778, 93.1926
241.445, 166.601
PARTICLE 4: 
75.4047, 190.053
24.5344, 212.699
119.206, 66.338
98.7789, 97.79
PARTICLE 5: 
276.514, 129.104
83.4915, 85.2475
141.43, 192.441
125.274, 192.967
PARTICLE 6: 
48.9843, 132.99
163.648, 382.91
117.283, 248.102
123.737, 289.863
PARTICLE 7: 
212.835, 142.974
344.717, 50.9386
350.199, 193.524
117.855, 54.5169
PARTICLE 8: 
75.3352, 71.0341
15.4601, 151.462
212.519, 75.454
120.356, 27.2477
PARTICLE 9: 
126.812, 139.903
14.1536, 80.6736
61.4098, 261.637
42.0984, 183.133
PARTICLE 10: 
96.0338, 102.999
117.235, 157.567
9.74715, 55.5875
2.30749, 253.083
PARTICLE 11: 
237.195, 245.334
48.8352, 185.708
55.5007, 144.523
175.509, 217.755
PARTICLE 12: 
127.75, 14.268
202.195, 64.2926
58.4495, 27.5937
133.339, 172.936
PARTICLE 13: 
75.5389, 406.34
52.9943, 270.025
46.5282, 166.113
65.5588, 123.881
PARTICLE 14: 
145.554, 433.675
63.5791, 139.376
237.889, 353.265
149.718, 262.857
PARTICLE 15: 
256.085, 182.873
269.472, 93.7083
167.676, 78.6775
62.384, 53.0952
PARTICLE 16: 
255.609, 77.9415
363.025, 50.9004
186.409, 142.324
74.1241, 44.9988
PARTICLE 17: 
80.6311, 119.408
20.2555, 158.84
98.1362, 51.6997
22.7377, 295.474
PARTICLE 18: 
44.9821, 166.884
175.496, 121.582
62.5556, 124.036
110.403, 229.959
PARTICLE 19: 
141.732, 214.2
175.996, 124.491
52.7666, 59.6287
87.0058, 99.6706
PARTICLE 20: 
92.5902, 121.317
64.8603, 332.103
94.2587, 276.367
113.395, 149.104
Nodes Positions: 
355.229, 24.8345
113.244, 124.253
256.909, 259.754
233.97, 105.783
266.011, 413.791
48.1311, 431.988
445.518, 82.4738
371.908, 67.1024
77.6989, 203.337
491.095, 332.45
343.62, 298.996
228.147, 86.0711
310.028, 128.52
39.7681, 337.262
26.6076, 151.329
476.043, 423.035
358.991, 29.1747
16.6174, 169.725
413.217, 361.894
129.053, 453.908
133.899, 367.757
91.6167, 51.3051
469.617, 9.84786
425.148, 302.334
317.744, 197.273
300.226, 320.659
464.373, 238.809
54.0034, 384.439
440.501, 436.116
206.71, 114.208
404.903, 382.923
160.392, 342.977
418.505, 310.068
393.055, 224.413
498.027, 98.2984
220.31, 269.553
188.91, 179.303
451.802, 405.101
247.389, 290.611
172.624, 162.639
67.4486, 476.7
6.24741, 215.843
124.683, 485.779
377.154, 394.845
341.176, 3.48084
104.72, 63.5245
176.925, 46.2894
194.388, 183.648
58.8257, 252.41
96.0507, 464.632
147.09, 242.013
157.598, 40.1871
20.5586, 279.027
388.974, 471.191
289.514, 141.072
297.819, 356.563
327.414, 142.934
267.141, 226.831
215.474, 446.883
277.645, 499.613
All particles start with velocity zero
-- ITERATION 0 --
-------------
Particle: 1:
Relays Coordinates:
122.409, 68.2683
94.7237, 452.542
135.543, 303.274
177.882, 167.478
Evaluation Time: 1.76763 seconds
Resulting Fitness: 0.444444
New local best!
New global best!
-------------
Particle: 2:
Relays Coordinates:
211.168, 224.468
16.7353, 123.315
79.9833, 170.815
243.344, 208.225
Evaluation Time: 1.71612 seconds
Resulting Fitness: 0.391667
New local best!
-------------
Particle: 3:
Relays Coordinates:
27.9008, 126.04
81.5786, 247.992
132.778, 93.1926
241.445, 166.601
Evaluation Time: 1.76341 seconds
Resulting Fitness: 0.441667
New local best!
-------------
Particle: 4:
Relays Coordinates:
75.4047, 190.053
24.5344, 212.699
119.206, 66.338
98.7789, 97.79
Evaluation Time: 1.34606 seconds
Resulting Fitness: 0.294444
New local best!
-------------
Particle: 5:
Relays Coordinates:
276.514, 129.104
83.4915, 85.2475
141.43, 192.441
125.274, 192.967
Evaluation Time: 1.62119 seconds
Resulting Fitness: 0.366667
New local best!
-------------
Particle: 6:
Relays Coordinates:
48.9843, 132.99
163.648, 382.91
117.283, 248.102
123.737, 289.863
Evaluation Time: 1.76675 seconds
Resulting Fitness: 0.383333
New local best!
-------------
Particle: 7:
Relays Coordinates:
212.835, 142.974
344.717, 50.9386
350.199, 193.524
117.855, 54.5169
Evaluation Time: 1.64978 seconds
Resulting Fitness: 0.397222
New local best!
-------------
Particle: 8:
Relays Coordinates:
75.3352, 71.0341
15.4601, 151.462
212.519, 75.454
120.356, 27.2477
Evaluation Time: 1.48913 seconds
Resulting Fitness: 0.308333
New local best!
-------------
Particle: 9:
Relays Coordinates:
126.812, 139.903
14.1536, 80.6736
61.4098, 261.637
42.0984, 183.133
Evaluation Time: 1.44407 seconds
Resulting Fitness: 0.333333
New local best!
-------------
Particle: 10:
Relays Coordinates:
96.0338, 102.999
117.235, 157.567
9.74715, 55.5875
2.30749, 253.083
Evaluation Time: 1.51506 seconds
Resulting Fitness: 0.280556
New local best!
-------------
Particle: 11:
Relays Coordinates:
237.195, 245.334
48.8352, 185.708
55.5007, 144.523
175.509, 217.755
Evaluation Time: 1.75219 seconds
Resulting Fitness: 0.347222
New local best!
-------------
Particle: 12:
Relays Coordinates:
127.75, 14.268
202.195, 64.2926
58.4495, 27.5937
133.339, 172.936
Evaluation Time: 1.46752 seconds
Resulting Fitness: 0.272222
New local best!
-------------
Particle: 13:
Relays Coordinates:
75.5389, 406.34
52.9943, 270.025
46.5282, 166.113
65.5588, 123.881
Evaluation Time: 1.53852 seconds
Resulting Fitness: 0.302778
New local best!
-------------
Particle: 14:
Relays Coordinates:
145.554, 433.675
63.5791, 139.376
237.889, 353.265
149.718, 262.857
Evaluation Time: 1.82144 seconds
Resulting Fitness: 0.394444
New local best!
-------------
Particle: 15:
Relays Coordinates:
256.085, 182.873
269.472, 93.7083
167.676, 78.6775
62.384, 53.0952
Evaluation Time: 1.63478 seconds
Resulting Fitness: 0.419444
New local best!
-------------
Particle: 16:
Relays Coordinates:
255.609, 77.9415
363.025, 50.9004
186.409, 142.324
74.1241, 44.9988
Evaluation Time: 1.59253 seconds
Resulting Fitness: 0.380556
New local best!
-------------
Particle: 17:
Relays Coordinates:
80.6311, 119.408
20.2555, 158.84
98.1362, 51.6997
22.7377, 295.474
Evaluation Time: 1.33538 seconds
Resulting Fitness: 0.255556
New local best!
-------------
Particle: 18:
Relays Coordinates:
44.9821, 166.884
175.496, 121.582
62.5556, 124.036
110.403, 229.959
Evaluation Time: 1.41055 seconds
Resulting Fitness: 0.336111
New local best!
-------------
Particle: 19:
Relays Coordinates:
141.732, 214.2
175.996, 124.491
52.7666, 59.6287
87.0058, 99.6706
Evaluation Time: 1.49316 seconds
Resulting Fitness: 0.316667
New local best!
-------------
Particle: 20:
Relays Coordinates:
92.5902, 121.317
64.8603, 332.103
94.2587, 276.367
113.395, 149.104
Evaluation Time: 1.55473 seconds
Resulting Fitness: 0.327778
New local best!
Current global best fitness: 0.444444
Current global best relays: 122.409, 68.2683
94.7237, 452.542
135.543, 303.274
177.882, 167.478
Particle 1 new velocities: 0, 0
0, 0
0, 0
0, 0
Particle 2 new velocities: -75.1642, -112.476
31.0704, 278.378
26.4695, 7.8388
-6.04138, -19.9602
Particle 3 new velocities: 99.4339, -74.033
14.4163, 216.487
2.60154, 239.006
-35.2781, 0.66613
Particle 4 new velocities: 33.4802, -128.993
4.7673, 306.485
19.5844, 36.8966
15.1533, 9.05295
Particle 5 new velocities: -176.847, -3.94537
13.0883, 460.716
-4.7651, 1.20757
39.2254, -12.1974
Particle 6 new velocities: 21.8681, -12.4476
-40.9264, 53.2003
0.704737, 36.2403
59.2241, -25.5304
Particle 7 new velocities: -52.3879, -81.1194
-85.6221, 451.474
-226.597, 75.2536
9.05804, 98.0358
Particle 8 new velocities: 24.7804, -0.12402
48.5725, 196.133
-47.2747, 234.422
58.4139, 23.2543
Particle 9 new velocities: -5.19815, -31.5117
99.1754, 293.658
64.8685, 45.9668
66.9423, -4.4316
Particle 10 new velocities: 14.567, -30.4217
-19.8727, 268.553
105.823, 204.385
8.93366, -4.80149
Particle 11 new velocities: -92.3083, -46.1824
32.799, 35.6737
49.0082, 94.3066
0.66227, -45.3831
Particle 12 new velocities: -5.90803, 32.593
-29.5004, 301.817
97.0253, 307.994
46.9461, -2.49755
Particle 13 new velocities: 34.7377, -374.261
0.234486, 196.311
97.597, 101.371
87.4065, 50.9541
Particle 14 new velocities: -19.6262, -455.984
29.2977, 40.5544
-126.668, -22.7855
16.9717, -69.9811
Particle 15 new velocities: -131.451, -49.2845
-99.8162, 115.262
-24.4652, 58.4872
133.382, 54.9795
Particle 16 new velocities: -172.665, -3.68141
-99.3185, 391.142
-20.6705, 172.286
81.0596, 31.908
Particle 17 new velocities: 4.59227, -10.5208
48.0607, 165.524
11.9025, 16.3595
59.0664, -89.2516
Particle 18 new velocities: 56.3754, -97.7222
-91.57, 255.095
42.7215, 31.2979
18.4656, -15.3618
Particle 19 new velocities: -7.64885, -175.193
-34.3498, 42.6415
45.2331, 189.354
111.931, 32.8313
Particle 20 new velocities: 37.0511, -42.7056
11.4711, 12.6882
12.2246, 14.8184
82.1267, 12.9633
-- ITERATION 1 --
-------------
Particle: 1:
Relays Coordinates:
122.409, 68.2683
94.7237, 452.542
135.543, 303.274
177.882, 167.478
Evaluation Time: 1.74984 seconds
Resulting Fitness: 0.444444
-------------
Particle: 2:
Relays Coordinates:
89.2324, 73.4782
31.3654, 263.551
69.8437, 117.215
155.694, 123.52
Evaluation Time: 1.40726 seconds
Resulting Fitness: 0.311111
-------------
Particle: 3:
Relays Coordinates:
103.141, 42.126
77.7559, 376.228
109.658, 269.081
166.995, 135.486
Evaluation Time: 1.63071 seconds
Resulting Fitness: 0.405556
-------------
Particle: 4:
Relays Coordinates:
37.9658, 21.2902
10.2169, 174.339
48.3932, 35.9957
39.7257, 37.2538
Evaluation Time: 1.17285 seconds
Resulting Fitness: 0.155556
-------------
Particle: 5:
Relays Coordinates:
47.6709, 59.8631
46.1938, 239.148
65.3663, 92.6216
78.6797, 86.4618
Evaluation Time: 1.25132 seconds
Resulting Fitness: 0.213889
-------------
Particle: 6:
Relays Coordinates:
63.7672, 108.489
110.449, 392.499
106.189, 255.908
164.665, 237.9
Evaluation Time: 1.74695 seconds
Resulting Fitness: 0.352778
-------------
Particle: 7:
Relays Coordinates:
85.2682, 32.872
137.694, 265.721
65.6873, 142.839
67.447, 81.0728
Evaluation Time: 1.39984 seconds
Resulting Fitness: 0.288889
-------------
Particle: 8:
Relays Coordinates:
59.1173, 41.8717
37.8106, 205.251
97.5754, 182.979
105.562, 29.8209
Evaluation Time: 1.30933 seconds
Resulting Fitness: 0.236111
-------------
Particle: 9:
Relays Coordinates:
109.452, 97.5523
101.996, 336.898
113.65, 276.844
98.1366, 160.831
Evaluation Time: 1.53837 seconds
Resulting Fitness: 0.380556
New local best!
-------------
Particle: 10:
Relays Coordinates:
89.5866, 58.7878
78.8635, 345.158
93.612, 210.578
9.10534, 201.108
Evaluation Time: 1.49615 seconds
Resulting Fitness: 0.302778
New local best!
-------------
Particle: 11:
Relays Coordinates:
95.0604, 130.664
53.5602, 145.248
68.5683, 156.696
115.586, 113.093
Evaluation Time: 1.27812 seconds
Resulting Fitness: 0.258333
-------------
Particle: 12:
Relays Coordinates:
109.658, 42.1749
155.425, 329.499
139.927, 302.029
162.256, 153.395
Evaluation Time: 1.56266 seconds
Resulting Fitness: 0.327778
New local best!
-------------
Particle: 13:
Relays Coordinates:
72.3524, 21.0472
34.9234, 305.963
94.5606, 175.497
100.361, 114.71
Evaluation Time: 1.511 seconds
Resulting Fitness: 0.327778
New local best!
-------------
Particle: 14:
Relays Coordinates:
102.002, 0
75.2303, 145.744
90.0887, 267.688
135.019, 156.23
Evaluation Time: 1.49223 seconds
Resulting Fitness: 0.327778
-------------
Particle: 15:
Relays Coordinates:
100.954, 108.207
137.421, 169.266
116.001, 111.103
158.571, 87.5405
Evaluation Time: 1.38471 seconds
Resulting Fitness: 0.266667
-------------
Particle: 16:
Relays Coordinates:
48.9775, 43.8498
155.716, 261.022
97.8666, 185.774
91.6345, 45.4127
Evaluation Time: 1.49932 seconds
Resulting Fitness: 0.336111
-------------
Particle: 17:
Relays Coordinates:
85.2234, 108.887
68.3162, 324.364
110.039, 68.0592
81.8041, 206.223
Evaluation Time: 1.75888 seconds
Resulting Fitness: 0.341667
New local best!
-------------
Particle: 18:
Relays Coordinates:
91.2217, 62.2453
75.5337, 339.01
94.7494, 139.8
115.982, 193.138
Evaluation Time: 1.64863 seconds
Resulting Fitness: 0.336111
-------------
Particle: 19:
Relays Coordinates:
134.084, 39.0065
141.647, 167.133
97.9997, 248.982
198.937, 132.502
Evaluation Time: 1.53868 seconds
Resulting Fitness: 0.394444
New local best!
-------------
Particle: 20:
Relays Coordinates:
116.677, 70.7501
68.6982, 310.312
95.8349, 262.067
175.969, 145.86
Evaluation Time: 1.7246 seconds
Resulting Fitness: 0.380556
New local best!
Current global best fitness: 0.444444
Current global best relays: 122.409, 68.2683
94.7237, 452.542
135.543, 303.274
177.882, 167.478
Particle 1 new velocities: 0, 0
0, 0
0, 0
0, 0
Particle 2 new velocities: 37.366, 158.264
40.4459, 243.711
35.4023, 35.8929
129.462, 108.482
Particle 3 new velocities: 82.0258, 6.95585
23.3672, 111.764
65.4393, 9.29888
83.9108, 68.1046
Particle 4 new velocities: 133.224, 154.274
89.2819, 324.794
108.314, 178.087
207.638, 80.9094
Particle 5 new velocities: 23.1333, 17.9928
100.605, -28.1159
107.888, 359.792
195.808, 72.0475
Particle 6 new velocities: 53.892, -14.465
-9.5393, 50.6187
20.5492, 63.2136
18.0829, -5.47585
Particle 7 new velocities: 149.384, 83.8808
-60.9396, -61.3513
1.50302, 204.06
40.3002, 135.206
Particle 8 new velocities: 69.9538, 48.8302
67.8012, 128.903
35.6766, 55.0397
145.92, 32.7406
Particle 9 new velocities: -2.10344, -54.1547
77.0536, 238.285
61.322, 64.6156
95.7491, 1.17683
Particle 10 new velocities: 51.4779, -23.8022
-6.28563, 296.446
109.75, 200.878
58.5721, -10.3131
Particle 11 new velocities: -47.8684, -4.49319
27.258, 81.6218
34.6896, 143.745
81.2483, 6.26609
Particle 12 new velocities: 6.50146, 56.8158
-35.6701, 385.393
75.5236, 247.589
43.0525, 5.89019
Particle 13 new velocities: 54.8944, -269.068
74.8045, 164.878
97.9014, 131.926
153.411, 43.7852
Particle 14 new velocities: 11.1853, 630.866
19.333, 263.669
200.676, 158.445
46.3104, 16.5468
Particle 15 new velocities: 40.5327, -19.1977
-23.4421, 79.6026
50.6171, 258.504
38.7755, 79.658
Particle 16 new velocities: 140.768, 27.4211
-50.3469, 174.39
116.552, 145.88
79.2893, 122.688
Particle 17 new velocities: 36.4691, -34.6471
58.9086, 279.835
15.2038, 193.338
109.185, -110.275
Particle 18 new velocities: 53.2584, -14.7576
14.6845, -16.1565
28.2444, 150.776
53.1978, -31.7088
Particle 19 new velocities: -19.1635, -103.211
-39.545, 242.276
54.1891, 186.065
75.5085, 47.5673
Particle 20 new velocities: 36.7076, -37.1222
27.1623, 173.678
54.9201, 53.9346
65.9785, 18.3706
-- ITERATION 2 --
-------------
Particle: 1:
Relays Coordinates:
122.409, 68.2683
94.7237, 452.542
135.543, 303.274
177.882, 167.478
Evaluation Time: 1.79786 seconds
Resulting Fitness: 0.444444
-------------
Particle: 2:
Relays Coordinates:
67.2796, 123.158
38.1634, 265.721
55.932, 81.3677
151.544, 123.296
Evaluation Time: 1.49315 seconds
Resulting Fitness: 0.311111
-------------
Particle: 3:
Relays Coordinates:
121.488, 32.2026
66.3468, 320.171
114.881, 182.645
164.619, 133.576
Evaluation Time: 1.70065 seconds
Resulting Fitness: 0.366667
-------------
Particle: 4:
Relays Coordinates:
90.9772, 93.302
52.8777, 265.26
83.2805, 113.773
131.459, 62.7968
Evaluation Time: 1.41399 seconds
Resulting Fitness: 0.269444
-------------
Particle: 5:
Relays Coordinates:
41.8092, 45.9731
86.6832, 124.613
102.305, 267.146
162.082, 93.5981
Evaluation Time: 1.50739 seconds
Resulting Fitness: 0.302778
-------------
Particle: 6:
Relays Coordinates:
117.659, 94.0236
100.91, 443.118
126.738, 319.122
182.748, 232.424
Evaluation Time: 1.83638 seconds
Resulting Fitness: 0.444444
New local best!
-------------
Particle: 7:
Relays Coordinates:
153.955, 76.6015
50.3585, 134.087
44.0836, 227.601
70.6929, 141.9
Evaluation Time: 1.38942 seconds
Resulting Fitness: 0.313889
-------------
Particle: 8:
Relays Coordinates:
116.164, 81.6317
95.0506, 300.739
119.927, 214.217
226.334, 56.3054
Evaluation Time: 1.58298 seconds
Resulting Fitness: 0.380556
New local best!
-------------
Particle: 9:
Relays Coordinates:
86.9526, 35.1521
145.03, 405
141.728, 276.582
157.047, 131.226
Evaluation Time: 1.91382 seconds
Resulting Fitness: 0.444444
New local best!
-------------
Particle: 10:
Relays Coordinates:
83.2972, 20.6587
42.8565, 295.245
120.083, 242.961
39.9629, 112.662
Evaluation Time: 1.45016 seconds
Resulting Fitness: 0.283333
-------------
Particle: 11:
Relays Coordinates:
47.1921, 126.17
80.8182, 226.87
103.258, 300.442
196.835, 119.36
Evaluation Time: 1.54556 seconds
Resulting Fitness: 0.386111
New local best!
-------------
Particle: 12:
Relays Coordinates:
50.0029, 42.6122
51.5507, 215.234
92.7446, 215.234
88.3788, 68.567
Evaluation Time: 1.35157 seconds
Resulting Fitness: 0.252778
-------------
Particle: 13:
Relays Coordinates:
92.7629, 0
79.9916, 343.243
140.305, 224.111
185, 115.543
Evaluation Time: 1.71343 seconds
Resulting Fitness: 0.408333
New local best!
-------------
Particle: 14:
Relays Coordinates:
66.8358, 295.245
55.8387, 241.754
171.693, 251.628
107.073, 102.023
Evaluation Time: 1.54102 seconds
Resulting Fitness: 0.388889
-------------
Particle: 15:
Relays Coordinates:
127.338, 80.1082
102.581, 223.982
149.956, 332.647
177.612, 150.479
Evaluation Time: 1.69411 seconds
Resulting Fitness: 0.441667
New local best!
-------------
Particle: 16:
Relays Coordinates:
138.324, 51.9565
76.8141, 317.415
156.311, 241.775
124.603, 122.545
Evaluation Time: 1.63482 seconds
Resulting Fitness: 0.416667
New local best!
-------------
Particle: 17:
Relays Coordinates:
71.8582, 43.838
75.125, 295.245
73.9545, 154.353
112.777, 56.6561
Evaluation Time: 1.39046 seconds
Resulting Fitness: 0.319444
-------------
Particle: 18:
Relays Coordinates:
144.48, 47.4877
90.2181, 322.854
122.994, 290.577
169.18, 161.429
Evaluation Time: 1.67766 seconds
Resulting Fitness: 0.355556
New local best!
-------------
Particle: 19:
Relays Coordinates:
61.0733, 0
54.2609, 217.577
80.8794, 231.202
145.852, 95.6961
Evaluation Time: 1.42681 seconds
Resulting Fitness: 0.258333
-------------
Particle: 20:
Relays Coordinates:
124.242, 27.2386
77.647, 392.032
122.112, 255.961
195.978, 133.027
Evaluation Time: 1.62656 seconds
Resulting Fitness: 0.419444
New local best!
Current global best fitness: 0.444444
Current global best relays: 122.409, 68.2683
94.7237, 452.542
135.543, 303.274
177.882, 167.478
Particle 1 new velocities: 0, 0
0, 0
0, 0
0, 0
Particle 2 new velocities: 269.897, 100.07
90.3724, 39.7432
73.3331, 304.29
181.52, 255
Particle 3 new velocities: -7.49231, 88.0436
41.2191, 135.703
84.7878, 14.0665
202.76, 108.93
Particle 4 new velocities: 120.445, 137.794
77.4742, 226.222
171.537, 188.441
203.872, 130.249
Particle 5 new velocities: 95.4337, 45.9423
86.5985, 248.493
153.081, 230.051
123.965, 261.937
Particle 6 new velocities: 48.1812, -41.6114
-8.80058, 42.0095
27.6252, 41.0161
13.0166, -23.6209
Particle 7 new velocities: 114.12, 103.101
8.10424, -157.544
528.686, 155.685
94.5541, -16.8777
Particle 8 new velocities: 61.7779, 32.2746
54.0034, 129.295
36.4673, 81.3377
107.987, 134.563
Particle 9 new velocities: 14.8337, -13.6525
11.4448, 37.1586
45.2754, 57.6226
83.5492, 34.038
Particle 10 new velocities: 89.6936, 56.9221
42.3234, 197.517
56.8717, 200.238
150.224, 40.0167
Particle 11 new velocities: -19.2517, -52.5827
25.0145, 97.0247
44.6571, 115.677
60.4301, 30.7782
Particle 12 new velocities: 102.558, 60.2357
82.0979, 235.114
78.9319, 136.878
74.4963, 78.2027
Particle 13 new velocities: 75.0725, 24.7579
78.9573, 247.105
76.3306, 142.313
117.435, 54.4863
Particle 14 new velocities: 138.973, -92.4046
32.9062, 252.225
134.395, 238.83
196.991, 269.022
Particle 15 new velocities: 31.7628, -15.8655
-27.4343, 190.627
24.1297, 190.826
31.1449, 67.6297
Particle 16 new velocities: 99.6615, 24.1633
-36.5255, 196.302
89.956, 164.653
132.636, 116.23
Particle 17 new velocities: 109.042, 78.6656
62.953, 157.07
42.6488, 96.7464
107.907, 243.945
Particle 18 new velocities: 42.1203, -4.92217
15.7714, 29.442
22.7003, 131.956
43.1915, -24.0901
Particle 19 new velocities: 87.3059, 35.5645
50.9105, 210.38
98.4088, 232.379
129.656, 101.305
Particle 20 new velocities: 28.3456, -27.2206
42.0747, 147.464
52.9903, 56.6321
45.1134, 52.6004
-- ITERATION 3 --
-------------
Particle: 1:
Relays Coordinates:
122.409, 68.2683
94.7237, 452.542
135.543, 303.274
177.882, 167.478
Evaluation Time: 1.68866 seconds
Resulting Fitness: 0.444444
-------------
Particle: 2:
Relays Coordinates:
145.144, 96.0922
55.3304, 131.492
55.6444, 166.013
143.373, 162.844
Evaluation Time: 1.37424 seconds
Resulting Fitness: 0.297222
-------------
Particle: 3:
Relays Coordinates:
60.582, 63.9038
57.1649, 242.27
106.112, 104.541
195.241, 128.878
Evaluation Time: 1.48187 seconds
Resulting Fitness: 0.358333
-------------
Particle: 4:
Relays Coordinates:
101.122, 110.532
62.3469, 235.074
121.878, 144.548
160.388, 92.3331
Evaluation Time: 1.33931 seconds
Resulting Fitness: 0.305556
New local best!
-------------
Particle: 5:
Relays Coordinates:
72.9365, 48.8476
92.089, 198.283
135.722, 264.231
152.017, 188.946
Evaluation Time: 1.54 seconds
Resulting Fitness: 0.361111
-------------
Particle: 6:
Relays Coordinates:
134.331, 42.4539
74.6088, 392.953
125.035, 291.712
158.569, 169.13
Evaluation Time: 1.67332 seconds
Resulting Fitness: 0.430556
-------------
Particle: 7:
Relays Coordinates:
128.22, 85.9511
27.9625, 0
239.148, 183.324
79.0372, 59.7979
Evaluation Time: 1.55468 seconds
Resulting Fitness: 0.363889
-------------
Particle: 8:
Relays Coordinates:
129.72, 83.0377
108.66, 313.495
114.011, 215.459
243.72, 139.143
Evaluation Time: 1.71653 seconds
Resulting Fitness: 0.419444
New local best!
-------------
Particle: 9:
Relays Coordinates:
74.2023, 15.6732
114.07, 322.334
136.325, 243.635
175.395, 120.478
Evaluation Time: 1.72771 seconds
Resulting Fitness: 0.363889
-------------
Particle: 10:
Relays Coordinates:
91.9344, 41.2296
45.2681, 261.874
94.0412, 235.534
101.073, 81.14
Evaluation Time: 1.4401 seconds
Resulting Fitness: 0.252778
-------------
Particle: 11:
Relays Coordinates:
16.4985, 43.4528
62.4931, 191.257
87.3423, 245.714
151.912, 88.6549
Evaluation Time: 1.45096 seconds
Resulting Fitness: 0.302778
-------------
Particle: 12:
Relays Coordinates:
111.217, 74.9761
97.4298, 328.304
125.152, 256.689
118.736, 106.995
Evaluation Time: 1.56192 seconds
Resulting Fitness: 0.355556
New local best!
-------------
Particle: 13:
Relays Coordinates:
110.117, 16.2437
104.286, 328.05
142.134, 240.411
198.427, 111.556
Evaluation Time: 1.71529 seconds
Resulting Fitness: 0.386111
-------------
Particle: 14:
Relays Coordinates:
109.376, 107.798
47.1626, 262.521
162.668, 260.649
161.592, 197.188
Evaluation Time: 1.59139 seconds
Resulting Fitness: 0.391667
-------------
Particle: 15:
Relays Coordinates:
93.9472, 37.9347
44.3733, 244.822
102.796, 295.245
123.269, 128.791
Evaluation Time: 1.53178 seconds
Resulting Fitness: 0.322222
-------------
Particle: 16:
Relays Coordinates:
140.528, 44.948
23.79, 295.245
145.418, 239.992
151.897, 140.995
Evaluation Time: 1.92149 seconds
Resulting Fitness: 0.391667
-------------
Particle: 17:
Relays Coordinates:
118.689, 80.3746
90.593, 296.764
76.5034, 164.746
144.791, 197.224
Evaluation Time: 1.63735 seconds
Resulting Fitness: 0.386111
New local best!
-------------
Particle: 18:
Relays Coordinates:
110.186, 25.1345
62.5857, 208.027
86.0308, 249.501
125.403, 81.0971
Evaluation Time: 1.43992 seconds
Resulting Fitness: 0.3
-------------
Particle: 19:
Relays Coordinates:
78.8548, 18.9004
55.8924, 227.434
95.2811, 246.366
146.416, 104.694
Evaluation Time: 1.58988 seconds
Resulting Fitness: 0.288889
-------------
Particle: 20:
Relays Coordinates:
111.236, 0.0131404
87.2771, 364.5
127.649, 227.881
175.755, 135.322
Evaluation Time: 1.71207 seconds
Resulting Fitness: 0.375
Current global best fitness: 0.444444
Current global best relays: 122.409, 68.2683
94.7237, 452.542
135.543, 303.274
177.882, 167.478
Particle 1 new velocities: 0, 0
0, 0
0, 0
0, 0
Particle 2 new velocities: 316.706, 213.38
86.7701, 276.069
149.392, 418.083
248.577, 247.443
Particle 3 new velocities: 34.9582, 151.346
67.244, 188.946
103.276, 123.347
159.496, 188.45
Particle 4 new velocities: 107.809, 63.0464
85.0086, 322.495
137.518, 231.049
179.935, 197.092
Particle 5 new velocities: 397.182, 120.8
63.5191, 383.283
125.964, 172.499
85.8403, 201.872
Particle 6 new velocities: 1.40308, -1.96984
42.532, 61.6378
30.9048, 72.8934
40.3509, 64.6638
Particle 7 new velocities: 147.821, 151.179
312.182, 340.025
101.327, 175.5
147.848, 25.8152
Particle 8 new velocities: 48.102, 16.1111
36.7511, 194.385
29.6282, 108.309
6.0822, 136.536
Particle 9 new velocities: 58.5724, 44.2473
8.25824, 261.543
36.1006, 66.7143
42.2373, 76.3954
Particle 10 new velocities: 86.2227, 107.785
103.692, 255.949
67.6007, 217.92
23.9162, 87.6812
Particle 11 new velocities: 157.233, 70.1423
66.5744, 335.779
83.8225, 197.214
122.688, 121.56
Particle 12 new velocities: 90.7501, 47.0559
65.6513, 336.065
74.0904, 153.071
70.6335, 110.593
Particle 13 new velocities: 48.2801, 52.7805
37.7612, 62.1646
55.6463, 180.829
65.3764, 119.333
Particle 14 new velocities: 163.75, 76.9035
104.629, 75.9319
226.62, 262.946
177.056, 264.239
Particle 15 new velocities: 81.2814, 67.9965
77.1015, 231.606
87.8408, 29.9634
177.679, 111.523
Particle 16 new velocities: 55.0449, 45.184
75.7768, 155.498
80.564, 195.2
94.5825, 99.3648
Particle 17 new velocities: 87.6747, 50.4777
53.6713, 218.692
64.6531, 138.769
98.1313, 159.77
Particle 18 new velocities: 79.5726, 31.8992
53.0931, 327.846
44.6922, 192.357
65.7153, 72.6727
Particle 19 new velocities: 149.562, 61.6988
102.025, 249.044
114.79, 218.953
174.29, 160.964
Particle 20 new velocities: 41.3377, 89.1146
20.2186, 116.553
45.6138, 132.285
57.6341, 70.6314
-- ITERATION 4 --
-------------
Particle: 1:
Relays Coordinates:
122.409, 68.2683
94.7237, 452.542
135.543, 303.274
177.882, 167.478
Evaluation Time: 1.82078 seconds
Resulting Fitness: 0.444444
-------------
Particle: 2:
Relays Coordinates:
161.037, 107.906
49.5474, 142.108
71.4918, 174.339
136.665, 143.058
Evaluation Time: 1.41461 seconds
Resulting Fitness: 0.297222
-------------
Particle: 3:
Relays Coordinates:
62.6839, 141.226
81.6247, 282.921
137.38, 149.517
232.742, 208.199
Evaluation Time: 2.00698 seconds
Resulting Fitness: 0.45
New local best!
New global best!
-------------
Particle: 4:
Relays Coordinates:
111.035, 92.2469
78.3107, 265.721
137.854, 199.607
180.862, 153.812
Evaluation Time: 1.60005 seconds
Resulting Fitness: 0.413889
New local best!
-------------
Particle: 5:
Relays Coordinates:
147.528, 53.2371
48.8315, 156.905
82.1201, 137.05
74.6421, 122.643
Evaluation Time: 1.4113 seconds
Resulting Fitness: 0.258333
-------------
Particle: 6:
Relays Coordinates:
98.9499, 29.5129
85.3956, 331.397
113.68, 265.797
145.013, 170.436
Evaluation Time: 1.5529 seconds
Resulting Fitness: 0.313889
-------------
Particle: 7:
Relays Coordinates:
162.999, 140.023
200.852, 200.781
201.047, 211.882
133.973, 50.5537
Evaluation Time: 1.45897 seconds
Resulting Fitness: 0.305556
-------------
Particle: 8:
Relays Coordinates:
129.632, 72.2795
106.005, 364.5
104.713, 236.027
182.106, 200.97
Evaluation Time: 1.82211 seconds
Resulting Fitness: 0.497222
New local best!
New global best!
-------------
Particle: 9:
Relays Coordinates:
96.7927, 43.6821
89.1775, 364.5
125.698, 226.245
158.654, 143.52
Evaluation Time: 1.63618 seconds
Resulting Fitness: 0.388889
-------------
Particle: 10:
Relays Coordinates:
94.68, 79.1924
79.1633, 265.721
85.9032, 240.984
66.4245, 89.7185
Evaluation Time: 1.34698 seconds
Resulting Fitness: 0.263889
-------------
Particle: 11:
Relays Coordinates:
102.587, 67.0768
76.2131, 295.245
101.071, 261.545
162.149, 124.13
Evaluation Time: 1.5035 seconds
Resulting Fitness: 0.330556
-------------
Particle: 12:
Relays Coordinates:
132.51, 80.0652
106.998, 328.05
130.723, 268.844
124.245, 142.76
Evaluation Time: 1.66985 seconds
Resulting Fitness: 0.347222
-------------
Particle: 13:
Relays Coordinates:
115.471, 50.3186
103.553, 284.466
144.182, 307.084
192.313, 168.318
Evaluation Time: 1.61817 seconds
Resulting Fitness: 0.388889
-------------
Particle: 14:
Relays Coordinates:
117.571, 79.5078
65.3413, 145.693
167.576, 215.234
145.777, 198.629
Evaluation Time: 1.37236 seconds
Resulting Fitness: 0.344444
-------------
Particle: 15:
Relays Coordinates:
127.742, 77.2238
88.5551, 347.316
138.974, 237.077
219.391, 175.189
Evaluation Time: 1.75258 seconds
Resulting Fitness: 0.477778
New local best!
-------------
Particle: 16:
Relays Coordinates:
128.316, 59.1356
65.3258, 295.733
148.267, 285.529
161.715, 157.7
Evaluation Time: 1.62009 seconds
Resulting Fitness: 0.369444
-------------
Particle: 17:
Relays Coordinates:
121.856, 77.267
85.1866, 295.245
83.3515, 179.223
143.443, 210.801
Evaluation Time: 1.51313 seconds
Resulting Fitness: 0.391667
New local best!
-------------
Particle: 18:
Relays Coordinates:
90.7608, 27.279
55.3288, 239.148
62.5244, 211.34
91.4114, 73.5476
Evaluation Time: 1.2673 seconds
Resulting Fitness: 0.225
-------------
Particle: 19:
Relays Coordinates:
134.878, 47.593
93.2484, 281.355
124.045, 274.766
189.373, 156.869
Evaluation Time: 1.58574 seconds
Resulting Fitness: 0.408333
New local best!
-------------
Particle: 20:
Relays Coordinates:
123.585, 72.1935
87.0715, 389.653
140.343, 291.734
189.046, 166.823
Evaluation Time: 1.71631 seconds
Resulting Fitness: 0.469444
New local best!
Current global best fitness: 0.497222
Current global best relays: 129.632, 72.2795
106.005, 364.5
104.713, 236.027
182.106, 200.97
Particle 1 new velocities: 4.40389, 4.02306
2.08323, -106.825
-7.28535, -10.7742
0.521598, 4.68879
Particle 2 new velocities: 259.894, 191.111
59.9709, 319.221
156.313, 43.7614
255.395, 269.452
Particle 3 new velocities: 45.8641, 72.7291
82.0195, 209.69
61.8032, 166.736
95.2157, 146.906
Particle 4 new velocities: 97.1402, 47.0948
69.5055, 105.66
72.2107, 193.687
145.536, 216.757
Particle 5 new velocities: 517.321, 150.378
85.0478, -2.03581
177.968, 260.825
135.873, 240.422
Particle 6 new velocities: 47.5017, 130.744
57.0437, 186.77
19.4137, 75.3955
100.781, 164.804
Particle 7 new velocities: 175.517, 113.924
298.538, 359.681
170.528, 135.748
96.2118, 70.2568
Particle 8 new velocities: 38.4816, 12.8889
29.4009, 0
23.7026, 86.6471
4.86576, 109.229
Particle 9 new velocities: 64.854, 52.0208
80.6101, 6.08898
25.515, 89.1868
47.0648, 59.0579
Particle 10 new velocities: 110.143, 69.5046
110.791, 117.004
69.8706, 124.21
41.8521, 163.137
Particle 11 new velocities: 142.846, 79.556
90.9492, -90.5941
71.5296, 159.574
132.226, 163.065
Particle 12 new velocities: 39.8052, 27.6064
49.8788, 16.1604
52.556, 85.4879
83.0892, 102.681
Particle 13 new velocities: 40.6583, -39.9158
6.60853, 144.509
-6.46963, 2.82907
43.1286, 47.0215
Particle 14 new velocities: 146.527, 536.945
102.17, 66.104
162.036, 94.117
149.032, 211.726
Particle 15 new velocities: 65.511, 51.2672
71.7312, 189.381
56.0726, 23.0697
109.714, 89.5212
Particle 16 new velocities: 46.2536, 40.7647
100.058, 182.646
57.9779, 81.0903
62.8113, 66.2497
Particle 17 new velocities: 74.5101, 37.5411
67.2962, 11.1723
59.4412, 172.483
109.711, 122.54
Particle 18 new velocities: 175.471, 73.2095
137.326, 23.8139
110.377, 224.914
150.013, 230.574
Particle 19 new velocities: 116.157, 79.3012
92.9599, 218.26
69.7437, 156.327
133.441, 175.216
Particle 20 new velocities: 33.5674, 71.3633
33.9704, 92.1069
-6.99757, 51.3213
40.7117, 100.68
-- ITERATION 5 --
-------------
Particle: 1:
Relays Coordinates:
126.813, 72.2913
96.8069, 345.717
128.258, 292.5
178.404, 172.167
Evaluation Time: 1.70306 seconds
Resulting Fitness: 0.433333
-------------
Particle: 2:
Relays Coordinates:
201.33, 143.019
52.3823, 220.652
108.959, 104.317
187.521, 197.303
Evaluation Time: 1.48169 seconds
Resulting Fitness: 0.419444
New local best!
-------------
Particle: 3:
Relays Coordinates:
64.0965, 126.338
96.6302, 290.882
117.615, 186.744
193.656, 209.686
Evaluation Time: 1.6405 seconds
Resulting Fitness: 0.427778
-------------
Particle: 4:
Relays Coordinates:
122.925, 82.2799
87.284, 219.296
124.041, 232.236
192.734, 218.817
Evaluation Time: 1.52034 seconds
Resulting Fitness: 0.358333
-------------
Particle: 5:
Relays Coordinates:
239.148, 97.3883
64.034, 74.0736
124.399, 190.303
100.689, 173.653
Evaluation Time: 1.47368 seconds
Resulting Fitness: 0.319444
-------------
Particle: 6:
Relays Coordinates:
96.0869, 105.144
93.4544, 328.05
87.3226, 223.856
161.265, 219.951
Evaluation Time: 1.55164 seconds
Resulting Fitness: 0.402778
-------------
Particle: 7:
Relays Coordinates:
199.891, 149.953
294.885, 295.245
219.411, 205.272
135.922, 71.3374
Evaluation Time: 1.64417 seconds
Resulting Fitness: 0.419444
New local best!
-------------
Particle: 8:
Relays Coordinates:
110.299, 55.879
88.8398, 239.148
84.2536, 211.706
122.672, 203.522
Evaluation Time: 1.32628 seconds
Resulting Fitness: 0.269444
-------------
Particle: 9:
Relays Coordinates:
130.934, 77.5194
137.528, 300.177
122.483, 255.5
166.632, 164.088
Evaluation Time: 1.57813 seconds
Resulting Fitness: 0.386111
-------------
Particle: 10:
Relays Coordinates:
120.946, 87.8041
112.166, 225.995
91.9829, 215.644
63.9363, 149.309
Evaluation Time: 1.35127 seconds
Resulting Fitness: 0.319444
New local best!
-------------
Particle: 11:
Relays Coordinates:
130.433, 77.9267
88.8369, 108.76
91.7271, 223.799
156.443, 152.627
Evaluation Time: 1.36747 seconds
Resulting Fitness: 0.311111
-------------
Particle: 12:
Relays Coordinates:
125.618, 78.4926
114.363, 250.929
133.61, 258.308
151.147, 178.926
Evaluation Time: 1.5052 seconds
Resulting Fitness: 0.394444
New local best!
-------------
Particle: 13:
Relays Coordinates:
102.437, 6.82527
72.2768, 281.451
90.3532, 203.334
154.473, 141.285
Evaluation Time: 1.57502 seconds
Resulting Fitness: 0.358333
-------------
Particle: 14:
Relays Coordinates:
140.353, 265.721
89.0221, 112.557
175.169, 164.402
156.674, 218.079
Evaluation Time: 1.44629 seconds
Resulting Fitness: 0.4
New local best!
-------------
Particle: 15:
Relays Coordinates:
114.114, 75.8727
94.6475, 295.245
115.173, 153.614
194.333, 156.308
Evaluation Time: 1.50803 seconds
Resulting Fitness: 0.436111
-------------
Particle: 16:
Relays Coordinates:
127.261, 72.8273
120.565, 348.738
150.353, 267.266
163.68, 163.259
Evaluation Time: 1.70497 seconds
Resulting Fitness: 0.419444
New local best!
-------------
Particle: 17:
Relays Coordinates:
128.835, 75.3256
100.044, 201.04
93.6863, 230.754
166.094, 218.706
Evaluation Time: 1.47329 seconds
Resulting Fitness: 0.383333
-------------
Particle: 18:
Relays Coordinates:
141.486, 53.4037
102.385, 139.749
91.8869, 231.843
128.303, 161.623
Evaluation Time: 1.35484 seconds
Resulting Fitness: 0.308333
-------------
Particle: 19:
Relays Coordinates:
133.411, 67.4368
98.9588, 265.516
102.987, 229.1
171.557, 176.483
Evaluation Time: 1.49668 seconds
Resulting Fitness: 0.402778
-------------
Particle: 20:
Relays Coordinates:
103.108, 94.1876
79.4156, 316.083
87.488, 225.078
150.744, 175.509
Evaluation Time: 1.52641 seconds
Resulting Fitness: 0.361111
Current global best fitness: 0.497222
Current global best relays: 129.632, 72.2795
106.005, 364.5
104.713, 236.027
182.106, 200.97
Particle 1 new velocities: -1.83164, 1.30475
4.78739, 80.0782
-12.2016, -50.6763
2.42836, 18.8226
Particle 2 new velocities: 149.761, 119.44
75.9334, 309.652
122.944, 66.6219
200.88, 215.664
Particle 3 new velocities: 105.474, 5.38195
63.3154, 182.683
50.7386, 141.983
96.7553, 115.709
Particle 4 new velocities: 67.5046, 28.1512
63.8424, 259.038
44.5235, 121.048
103.062, 61.5836
Particle 5 new velocities: -42.4752, 125.095
107.258, 352.485
144.87, 215.049
201.948, 224.23
Particle 6 new velocities: 97.311, 74.6783
72.4365, 83.3276
58.3081, 195.073
113.468, 115.883
Particle 7 new velocities: 103.756, 15.9702
3.8269, 64.5146
93.2187, 125.894
113.985, 90.7624
Particle 8 new velocities: 65.2454, 29.4101
32.9393, 239.862
51.8824, 115.698
82.7318, 82.2546
Particle 9 new velocities: 42.3951, -8.9659
50.8083, 164.643
33.7693, 71.7947
37.3668, 87.0647
Particle 10 new velocities: 92.2385, 42.2303
82.5633, 272.246
70.5449, 123.27
75.759, 163.377
Particle 11 new velocities: -7.61911, 109.716
72.408, 95.2257
72.495, 230.341
132.517, 123.123
Particle 12 new velocities: 36.5241, 20.0704
29.2073, 75.7268
36.9444, 62.1329
71.6124, 95.198
Particle 13 new velocities: 45.4032, 34.9519
44.0432, 172.042
55.9448, 63.8846
64.8789, 43.309
Particle 14 new velocities: 110.721, -96.5148
101.009, 353.513
120.735, 106.8
147.975, 160.968
Particle 15 new velocities: 66.2877, 39.5757
59.7192, 55.3688
58.679, 88.6678
91.762, 101.589
Particle 16 new velocities: 40.0712, 31.9495
67.1321, 162.375
25.134, 29.4819
55.2333, 91.3065
Particle 17 new velocities: 55.2132, 27.0973
44.5056, 161.946
55.6931, 101.149
68.3694, 77.3183
Particle 18 new velocities: 136.238, 69.7606
92.6813, 236.094
132.992, 219.055
235.727, 210.514
Particle 19 new velocities: 90.7194, 56.6781
68.1176, 308.819
62.6479, 173.173
141.134, 157.925
Particle 20 new velocities: 48.9571, 41.78
62.1361, 177.466
42.336, 87.1764
60.0529, 81.9968
-- ITERATION 6 --
-------------
Particle: 1:
Relays Coordinates:
101.235, 59.6128
82.2914, 344.894
94.0055, 195.877
146.474, 154.701
Evaluation Time: 1.61316 seconds
Resulting Fitness: 0.388889
-------------
Particle: 2:
Relays Coordinates:
186.584, 139.481
68.1922, 265.721
123.243, 90.8439
206.412, 219.467
Evaluation Time: 1.64883 seconds
Resulting Fitness: 0.419444
-------------
Particle: 3:
Relays Coordinates:
111.255, 86.4215
104.94, 310.706
110.457, 215.678
190.539, 213.492
Evaluation Time: 1.69178 seconds
Resulting Fitness: 0.422222
-------------
Particle: 4:
Relays Coordinates:
124.941, 72.4538
99.1541, 313.835
110.595, 231.789
194.072, 183.971
Evaluation Time: 1.66219 seconds
Resulting Fitness: 0.430556
New local best!
-------------
Particle: 5:
Relays Coordinates:
94.0682, 106.413
81.9283, 204.022
128.791, 193.878
144.75, 190.306
Evaluation Time: 1.33646 seconds
Resulting Fitness: 0.305556
-------------
Particle: 6:
Relays Coordinates:
102.78, 95.5652
88.1612, 218.623
77.3942, 222.636
146.005, 178.476
Evaluation Time: 1.37374 seconds
Resulting Fitness: 0.319444
-------------
Particle: 7:
Relays Coordinates:
145.233, 79.3606
142.873, 172.072
149.53, 158.396
119.53, 77.5318
Evaluation Time: 1.55954 seconds
Resulting Fitness: 0.272222
-------------
Particle: 8:
Relays Coordinates:
127.972, 62.1757
88.7769, 349.199
99.2431, 238.678
149.739, 208.331
Evaluation Time: 1.80592 seconds
Resulting Fitness: 0.402778
-------------
Particle: 9:
Relays Coordinates:
140.396, 55.5283
152.552, 376.504
126.564, 265.108
165.239, 203.434
Evaluation Time: 1.94721 seconds
Resulting Fitness: 0.427778
-------------
Particle: 10:
Relays Coordinates:
125.883, 76.784
114.986, 294.206
95.971, 200.125
82.4886, 184.638
Evaluation Time: 1.64035 seconds
Resulting Fitness: 0.363889
New local best!
-------------
Particle: 11:
Relays Coordinates:
80.5782, 123.113
105.793, 133.835
107.746, 297.962
189.586, 180.92
Evaluation Time: 1.73892 seconds
Resulting Fitness: 0.436111
New local best!
-------------
Particle: 12:
Relays Coordinates:
131.335, 79.836
116.292, 264.592
138.149, 259.557
180.435, 222.041
Evaluation Time: 1.55738 seconds
Resulting Fitness: 0.336111
-------------
Particle: 13:
Relays Coordinates:
119.75, 33.8395
94.2192, 367.329
118.501, 216.447
177.675, 149.521
Evaluation Time: 1.65227 seconds
Resulting Fitness: 0.419444
New local best!
-------------
Particle: 14:
Relays Coordinates:
120.088, 80.9306
90.8912, 222.92
141.53, 129.715
145.712, 181.297
Evaluation Time: 1.5559 seconds
Resulting Fitness: 0.325
-------------
Particle: 15:
Relays Coordinates:
118.361, 75.7457
101.28, 230.038
114.064, 158.961
187.707, 169.207
Evaluation Time: 1.54735 seconds
Resulting Fitness: 0.386111
-------------
Particle: 16:
Relays Coordinates:
121.985, 76.3823
136.831, 364.5
127.93, 216.329
159.588, 185.578
Evaluation Time: 1.84829 seconds
Resulting Fitness: 0.45
New local best!
-------------
Particle: 17:
Relays Coordinates:
134.172, 74.6663
105.377, 264.617
108.898, 241.957
170.924, 215.801
Evaluation Time: 1.64284 seconds
Resulting Fitness: 0.358333
-------------
Particle: 18:
Relays Coordinates:
132.835, 58.9091
93.2995, 179.765
107.559, 215.663
174.114, 177.992
Evaluation Time: 1.51239 seconds
Resulting Fitness: 0.358333
New local best!
-------------
Particle: 19:
Relays Coordinates:
132.346, 73.2886
98.6569, 295.245
97.8059, 237.538
184.641, 197.465
Evaluation Time: 1.60412 seconds
Resulting Fitness: 0.405556
-------------
Particle: 20:
Relays Coordinates:
110.855, 99.1204
103.191, 359.797
94.6417, 227.634
153.671, 187.721
Evaluation Time: 1.63781 seconds
Resulting Fitness: 0.444444
Current global best fitness: 0.497222
Current global best relays: 129.632, 72.2795
106.005, 364.5
104.713, 236.027
182.106, 200.97
Particle 1 new velocities: 53.6481, 17.0407
32.8768, 93.9185
66.1383, 110.355
40.5492, 68.9306
Particle 2 new velocities: 139.959, 95.4435
92.2702, -31.5021
73.8416, 156.969
132.413, 150.201
Particle 3 new velocities: 45.9844, 13.4333
20.5379, 196.886
71.7019, 99.7608
121.269, 71.3289
Particle 4 new velocities: 57.3053, 22.3202
54.962, 223.833
32.785, 98.5685
79.1383, 69.0023
Particle 5 new velocities: 66.009, 99.1287
96.4684, 341.216
105.199, 200.85
168.909, 189.316
Particle 6 new velocities: 102.283, 50.1806
77.3036, 396.192
109.436, 305.278
170.013, 201.664
Particle 7 new velocities: 92.7645, 52.5344
16.3814, 422.69
132.586, 193.2
146.365, 198.377
Particle 8 new velocities: 53.786, 35.2852
58.3031, 223.116
44.7588, 86.3822
106.168, 59.984
Particle 9 new velocities: -10.2758, -18.054
9.0207, 137.384
25.0571, 41.5275
44.5901, 30.3634
Particle 10 new velocities: 76.5279, 27.9633
58.2785, 248.009
59.8829, 132.877
128.433, 136.286
Particle 11 new velocities: 28.6227, 32.4878
58.0096, 172.096
56.108, 120.984
102.892, 114.006
Particle 12 new velocities: 22.2368, 6.17341
10.3503, 97.8828
-5.38781, 37.7102
31.5797, 43.5808
Particle 13 new velocities: 38.5461, 28.081
43.1006, 134.507
28.4584, 57.9459
54.6355, 65.7263
Particle 14 new velocities: 111.819, 148.888
86.1543, 360.87
110.718, 209.719
154.088, 168.829
Particle 15 new velocities: 72.3424, 32.7266
43.3743, 302.823
68.0318, 145.4
107.029, 116.367
Particle 16 new velocities: 36.2601, 20.8986
27.8882, 0
16.2931, 48.2602
53.5077, 86.0937
Particle 17 new velocities: 38.9934, 21.2238
17.9875, 245.702
37.1321, 46.5246
22.8075, 39.4494
Particle 18 new velocities: 107.318, 61.2676
84.7326, 309.37
106.341, 182.508
194.967, 196.692
Particle 19 new velocities: 72.9171, 28.1048
61.9201, 57.6165
83.1886, 182.569
119.291, 98.6597
Particle 20 new velocities: 81.7745, -27.0664
48.245, 174.168
69.2199, 102.431
83.7931, 48.0136
-- ITERATION 7 --
-------------
Particle: 1:
Relays Coordinates:
125.455, 62.0894
93.2862, 355.438
129.717, 248.048
151.489, 181.142
Evaluation Time: 1.6515 seconds
Resulting Fitness: 0.422222
-------------
Particle: 2:
Relays Coordinates:
173.538, 124.849
85.2763, 124.473
104.739, 131.698
180.066, 196.457
Evaluation Time: 1.45215 seconds
Resulting Fitness: 0.344444
-------------
Particle: 3:
Relays Coordinates:
103.165, 65.5148
82.3263, 328.05
119.514, 206.959
204.577, 186.871
Evaluation Time: 1.67514 seconds
Resulting Fitness: 0.436111
-------------
Particle: 4:
Relays Coordinates:
132.858, 69.0903
112.351, 364.5
104.524, 240.831
199.17, 184.418
Evaluation Time: 1.94391 seconds
Resulting Fitness: 0.513889
New local best!
New global best!
-------------
Particle: 5:
Relays Coordinates:
94.524, 121.37
105.341, 295.245
138.168, 233.083
185.213, 224.163
Evaluation Time: 1.69594 seconds
Resulting Fitness: 0.358333
-------------
Particle: 6:
Relays Coordinates:
121.087, 86.0614
97.7053, 295.245
110.321, 295.245
186.605, 224.469
Evaluation Time: 1.59734 seconds
Resulting Fitness: 0.397222
-------------
Particle: 7:
Relays Coordinates:
126.482, 70.0944
84.6342, 265.721
149.928, 186.852
141.307, 146.629
Evaluation Time: 1.47074 seconds
Resulting Fitness: 0.369444
-------------
Particle: 8:
Relays Coordinates:
132.502, 71.049
107.221, 364.5
104.977, 236.969
186.556, 195.602
Evaluation Time: 1.78922 seconds
Resulting Fitness: 0.486111
-------------
Particle: 9:
Relays Coordinates:
94.858, 27.3188
117.787, 364.5
110.532, 223.537
152.966, 170.438
Evaluation Time: 1.73869 seconds
Resulting Fitness: 0.361111
-------------
Particle: 10:
Relays Coordinates:
132.802, 68.7247
113.679, 328.05
102.256, 218.483
138.386, 210.558
Evaluation Time: 1.55543 seconds
Resulting Fitness: 0.344444
-------------
Particle: 11:
Relays Coordinates:
88.4528, 126.036
132.68, 247.804
132.722, 339.346
236.907, 238.89
Evaluation Time: 1.71324 seconds
Resulting Fitness: 0.4
-------------
Particle: 12:
Relays Coordinates:
124.393, 69.6676
102.58, 293.604
107.537, 240.786
171.732, 215.153
Evaluation Time: 1.54829 seconds
Resulting Fitness: 0.35
-------------
Particle: 13:
Relays Coordinates:
103.858, 40.626
90.0955, 328.05
96.4203, 180.029
152.419, 141.224
Evaluation Time: 1.61057 seconds
Resulting Fitness: 0.35
-------------
Particle: 14:
Relays Coordinates:
99.8281, 98.9296
76.2123, 215.234
108.584, 146.115
129.054, 150.718
Evaluation Time: 1.44205 seconds
Resulting Fitness: 0.297222
-------------
Particle: 15:
Relays Coordinates:
125.121, 71.1686
94.9077, 328.05
119.473, 199.692
193.376, 187.365
Evaluation Time: 1.74 seconds
Resulting Fitness: 0.463889
-------------
Particle: 16:
Relays Coordinates:
128.179, 78.7975
133.423, 295.245
116.82, 214.317
172.607, 220.054
Evaluation Time: 1.68283 seconds
Resulting Fitness: 0.4
-------------
Particle: 17:
Relays Coordinates:
113.614, 62.9135
80.9392, 328.05
95.8101, 189.273
127.107, 167.47
Evaluation Time: 1.5104 seconds
Resulting Fitness: 0.363889
-------------
Particle: 18:
Relays Coordinates:
127.627, 63.8668
94.6136, 259.946
113.675, 211.604
196.145, 199.122
Evaluation Time: 1.63337 seconds
Resulting Fitness: 0.377778
New local best!
-------------
Particle: 19:
Relays Coordinates:
134.673, 66.5242
105.355, 231.512
118.75, 275.632
199.409, 194.287
Evaluation Time: 1.67574 seconds
Resulting Fitness: 0.419444
New local best!
-------------
Particle: 20:
Relays Coordinates:
140.427, 52.5274
110.397, 364.5
119.455, 240.618
173.111, 171.851
Evaluation Time: 1.77171 seconds
Resulting Fitness: 0.477778
New local best!
Current global best fitness: 0.513889
Current global best relays: 132.858, 69.0903
112.351, 364.5
104.524, 240.831
199.17, 184.418
Particle 1 new velocities: 47.2378, 20.3315
37.5307, 132.421
29.8487, 171.974
122.788, 36.0792
Particle 2 new velocities: 87.6016, 23.3239
66.4304, 227.187
61.4616, 100.783
112.178, 110.628
Particle 3 new velocities: 65.4097, 107.259
33.5547, -5.48059
49.7346, 117.186
105.325, 92.7997
Particle 4 new velocities: 45.8443, 17.8562
43.9696, 0
26.228, 78.8548
63.3107, 55.2018
Particle 5 new velocities: 334.726, 24.451
70.839, -244.432
73.3462, 113.206
63.2508, 92.9681
Particle 6 new velocities: 90.3069, 29.9006
69.9481, 108.677
112.702, -39.8022
139.612, 158.516
Particle 7 new velocities: 188.491, 119.651
287.15, 146.478
144.013, 192.211
160.557, 87.9056
Particle 8 new velocities: 38.3118, 27.6066
47.4887, 0
35.1716, 71.517
86.05, 44.9422
Particle 9 new velocities: 33.2733, 12.5403
8.71642, 27.6759
27.7314, 47.79
83.0415, 5.08481
Particle 10 new velocities: 57.4299, 28.2144
45.9585, 10.2529
49.9483, 87.312
146.52, 80.2982
Particle 11 new velocities: 37.2251, -49.057
17.0138, 168.934
41.5273, -76.7506
14.3644, 9.41535
Particle 12 new velocities: 21.1332, 13.4742
30.2446, 50.6431
18.0095, 53.5641
33.7313, 9.2581
Particle 13 new velocities: 85.4115, 29.5884
48.154, 89.2722
57.9182, 110.099
93.8283, 86.6258
Particle 14 new velocities: 156.332, 396.147
114.485, 88.8094
179.168, 255.418
152.001, 207.789
Particle 15 new velocities: 62.3631, 26.8544
26.3967, 23.4348
60.0221, 199.044
113.48, 73.6036
Particle 16 new velocities: 23.1066, 10.685
20.9127, 61.3584
22.5624, 65.9239
37.5965, 46.0036
Particle 17 new velocities: 50.1257, 45.9145
23.7675, 11.2541
20.3001, 30.022
54.9077, 118.834
Particle 18 new velocities: 86.4515, 53.5082
87.5584, 306.388
84.3571, 183.395
159.247, 152.013
Particle 19 new velocities: 56.4325, 25.3855
53.7384, 126.249
61.5858, 145.397
95.3811, 69.5236
Particle 20 new velocities: 60.279, -4.13714
39.5989, 0
41.2561, 81.9872
80.4158, 43.0052
-- ITERATION 8 --
-------------
Particle: 1:
Relays Coordinates:
113.304, 54.0764
85.829, 320.084
104.691, 275.577
179.953, 142.519
Evaluation Time: 1.53417 seconds
Resulting Fitness: 0.366667
-------------
Particle: 2:
Relays Coordinates:
138.781, 78.745
80.6231, 186.887
88.3256, 123.55
155.31, 163.198
Evaluation Time: 1.32313 seconds
Resulting Fitness: 0.3
-------------
Particle: 3:
Relays Coordinates:
99.5416, 102.021
68.4265, 190.474
99.9399, 191.405
182.994, 165.143
Evaluation Time: 1.38486 seconds
Resulting Fitness: 0.363889
-------------
Particle: 4:
Relays Coordinates:
130.274, 63.384
113.957, 265.721
95.3183, 233.051
191.349, 174.683
Evaluation Time: 1.53511 seconds
Resulting Fitness: 0.441667
-------------
Particle: 5:
Relays Coordinates:
228.121, 77.4954
93.6295, 27.0043
112.407, 184.032
132.044, 168.536
Evaluation Time: 1.44942 seconds
Resulting Fitness: 0.302778
-------------
Particle: 6:
Relays Coordinates:
124.826, 68.4744
98.9977, 238.512
131.693, 150.836
192.628, 226.149
Evaluation Time: 1.47203 seconds
Resulting Fitness: 0.397222
-------------
Particle: 7:
Relays Coordinates:
122.027, 73.5112
144.037, 159.694
113.879, 146.857
116.949, 90.8636
Evaluation Time: 1.29234 seconds
Resulting Fitness: 0.263889
-------------
Particle: 8:
Relays Coordinates:
124.523, 71.92
112.784, 265.721
102.169, 224.886
198.73, 175.356
Evaluation Time: 1.52428 seconds
Resulting Fitness: 0.45
-------------
Particle: 9:
Relays Coordinates:
103.786, 32.2859
102.468, 317.662
111.993, 219.775
191.166, 142.174
Evaluation Time: 1.59148 seconds
Resulting Fitness: 0.4
-------------
Particle: 10:
Relays Coordinates:
124.811, 63.6018
104.738, 221.961
99.8611, 200.632
186.926, 190.831
Evaluation Time: 1.49604 seconds
Resulting Fitness: 0.338889
-------------
Particle: 11:
Relays Coordinates:
91.6192, 56.118
109.127, 303.802
127.028, 191.432
183.177, 181.015
Evaluation Time: 1.65922 seconds
Resulting Fitness: 0.375
-------------
Particle: 12:
Relays Coordinates:
130.974, 74.8276
119.542, 309.823
112.992, 264.915
184.917, 201.97
Evaluation Time: 1.81708 seconds
Resulting Fitness: 0.416667
New local best!
-------------
Particle: 13:
Relays Coordinates:
137.978, 51.1863
100.784, 304.228
112.513, 211.503
179.514, 166.102
Evaluation Time: 1.73234 seconds
Resulting Fitness: 0.419444
-------------
Particle: 14:
Relays Coordinates:
110.269, 213.114
82.089, 130.881
123.868, 172.847
120.985, 154.326
Evaluation Time: 1.39761 seconds
Resulting Fitness: 0.252778
-------------
Particle: 15:
Relays Coordinates:
136.676, 71.4588
88.4309, 256.232
130.852, 290.679
223.698, 190.246
Evaluation Time: 1.69831 seconds
Resulting Fitness: 0.441667
-------------
Particle: 16:
Relays Coordinates:
122.541, 72.4809
125.012, 288.849
112.9, 226.995
170.265, 215.507
Evaluation Time: 1.50251 seconds
Resulting Fitness: 0.369444
-------------
Particle: 17:
Relays Coordinates:
119.366, 79.3356
76.3312, 247.353
84.6443, 159.866
132.689, 208.716
Evaluation Time: 1.37553 seconds
Resulting Fitness: 0.322222
-------------
Particle: 18:
Relays Coordinates:
113.77, 62.3779
96.8136, 265.721
105.242, 209.919
188.87, 186.608
Evaluation Time: 1.50759 seconds
Resulting Fitness: 0.4
New local best!
-------------
Particle: 19:
Relays Coordinates:
139.316, 67.0022
115.979, 260.808
131.465, 306.93
214.902, 192.318
Evaluation Time: 1.7592 seconds
Resulting Fitness: 0.411111
-------------
Particle: 20:
Relays Coordinates:
146.315, 35.2765
109.347, 265.721
117.158, 235.179
184.821, 156.63
Evaluation Time: 1.57556 seconds
Resulting Fitness: 0.402778
Current global best fitness: 0.513889
Current global best relays: 132.858, 69.0903
112.351, 364.5
104.524, 240.831
199.17, 184.418
Particle 1 new velocities: 60.3454, 36.3791
70.8763, 222.711
67.3465, 130.07
107.917, 43.5456
Particle 2 new velocities: 92.7542, 99.6506
56.1146, 259.414
79.2654, 202.963
128.1, 104.597
Particle 3 new velocities: 86.7725, 145.197
70.2041, 262.732
54.6714, 73.4353
95.1499, 135.355
Particle 4 new velocities: 42.4335, 24.2251
32.8731, 246.764
42.3319, 85.6709
55.6819, 49.1435
Particle 5 new velocities: 209.464, 69.3669
60.4879, 104.313
61.3257, 164.287
110.108, 93.2958
Particle 6 new velocities: 68.4518, 65.0276
63.3604, 307.545
79.2372, 140.42
117.464, 82.7972
Particle 7 new velocities: 234.733, 209.524
399.314, 435.234
173.055, 273.795
169.191, 64.9454
Particle 8 new velocities: 46.1633, 18.8313
27.3849, 223.587
29.9895, 78.0676
55.6743, 72.7852
Particle 9 new velocities: 31.3897, 49.4253
62.1601, 156.856
44.5253, 126.756
53.011, 9.56869
Particle 10 new velocities: 55.7351, 30.2626
49.1797, 79.1307
44.9782, 82.9817
77.6028, 47.6731
Particle 11 new velocities: 70.2632, 36.3195
12.462, 119.688
2.18814, 89.8421
34.2032, 9.70359
Particle 12 new velocities: 17.6023, 3.38061
20.9834, 68.5782
7.18541, 18.3084
36.6791, 5.09688
Particle 13 new velocities: 38.7018, 13.1415
53.1062, 213.898
47.1606, 100.537
97.119, 44.7835
Particle 14 new velocities: 181.227, 340.162
126.902, 271.266
206.221, 213.386
169.498, 228.031
Particle 15 new velocities: 39.0708, 20.8849
44.5255, 265.773
37.2524, 63.453
67.778, 53.8215
Particle 16 new velocities: 22.0688, 7.11784
20.0405, 193.951
13.5661, 55.9623
49.8944, 15.6844
Particle 17 new velocities: 60.2115, 34.4736
40.2065, 129.985
27.188, 59.0134
63.201, 87.1288
Particle 18 new velocities: 92.3038, 47.6283
83.0362, 113.568
67.3586, 182.6
140.293, 119.147
Particle 19 new velocities: 35.4809, 20.1914
40.0342, 168.674
20.4603, 78.9758
35.8501, 58.474
Particle 20 new velocities: 32.8658, 23.2369
36.7334, 242.615
22.6674, 73.299
66.096, 61.0815
-- ITERATION 9 --
-------------
Particle: 1:
Relays Coordinates:
102.538, 53.4131
92.5329, 295.245
101.586, 239.53
169.985, 109.869
Evaluation Time: 1.546 seconds
Resulting Fitness: 0.336111
-------------
Particle: 2:
Relays Coordinates:
110.742, 85.326
65.4012, 213.464
80.1583, 156.17
135.554, 128.086
Evaluation Time: 1.3842 seconds
Resulting Fitness: 0.302778
-------------
Particle: 3:
Relays Coordinates:
89.1135, 118.244
66.3066, 216.767
73.9501, 126.672
133.036, 143.727
Evaluation Time: 1.36765 seconds
Resulting Fitness: 0.305556
-------------
Particle: 4:
Relays Coordinates:
125.904, 63.867
107.039, 364.5
100.347, 232.348
180.085, 163.169
Evaluation Time: 1.68549 seconds
Resulting Fitness: 0.486111
-------------
Particle: 5:
Relays Coordinates:
287.1, 96.3564
101.116, 86.1573
113.986, 228.532
158.876, 171.788
Evaluation Time: 1.67626 seconds
Resulting Fitness: 0.422222
New local best!
-------------
Particle: 6:
Relays Coordinates:
126.81, 87.5907
106.523, 328.05
138.391, 191.094
203.451, 202.7
Evaluation Time: 1.71378 seconds
Resulting Fitness: 0.391667
-------------
Particle: 7:
Relays Coordinates:
153.573, 121.837
215.234, 215.234
123.516, 181.077
123.174, 67.0707
Evaluation Time: 1.48419 seconds
Resulting Fitness: 0.391667
-------------
Particle: 8:
Relays Coordinates:
124.43, 66.1577
102.183, 356.705
96.3433, 220.853
185.461, 180.895
Evaluation Time: 1.77747 seconds
Resulting Fitness: 0.469444
-------------
Particle: 9:
Relays Coordinates:
88.689, 53.6107
108.012, 311.332
102.692, 227.359
160.204, 99.5582
Evaluation Time: 1.57424 seconds
Resulting Fitness: 0.330556
-------------
Particle: 10:
Relays Coordinates:
131.618, 68.4271
112.206, 219.496
105.588, 206.754
192.842, 173.869
Evaluation Time: 1.46973 seconds
Resulting Fitness: 0.388889
New local best!
-------------
Particle: 11:
Relays Coordinates:
131.125, 74.8744
98.4869, 343.027
104.665, 227.832
176.078, 154.482
Evaluation Time: 1.68813 seconds
Resulting Fitness: 0.4
-------------
Particle: 12:
Relays Coordinates:
133.719, 70.3874
126.473, 340.561
108.159, 254.901
199.436, 186.361
Evaluation Time: 1.83771 seconds
Resulting Fitness: 0.461111
New local best!
-------------
Particle: 13:
Relays Coordinates:
143.11, 52.1055
124.651, 405
129.335, 252.752
224.073, 170.817
Evaluation Time: 1.90784 seconds
Resulting Fitness: 0.461111
New local best!
-------------
Particle: 14:
Relays Coordinates:
91.4745, 156.905
65.5835, 126.198
103.585, 121.204
91.1569, 119.988
Evaluation Time: 1.30614 seconds
Resulting Fitness: 0.252778
-------------
Particle: 15:
Relays Coordinates:
128.119, 67.3185
96.9252, 364.5
122.548, 258.162
212.486, 177.925
Evaluation Time: 1.82417 seconds
Resulting Fitness: 0.494444
New local best!
-------------
Particle: 16:
Relays Coordinates:
105.421, 58.0275
105.743, 351.961
92.1938, 206.276
160.496, 168.538
Evaluation Time: 1.74051 seconds
Resulting Fitness: 0.416667
-------------
Particle: 17:
Relays Coordinates:
130.912, 82.9669
84.956, 275.079
81.5257, 159.563
142.804, 215.67
Evaluation Time: 1.62856 seconds
Resulting Fitness: 0.355556
-------------
Particle: 18:
Relays Coordinates:
135.205, 72.1751
117.999, 248.851
113.244, 257.532
215.964, 200.606
Evaluation Time: 1.76876 seconds
Resulting Fitness: 0.411111
New local best!
-------------
Particle: 19:
Relays Coordinates:
127.427, 63.5641
113.733, 313.092
110.754, 281.326
182.798, 182.828
Evaluation Time: 1.60556 seconds
Resulting Fitness: 0.383333
-------------
Particle: 20:
Relays Coordinates:
130.623, 42.6563
106.493, 364.5
101.933, 224.88
182.919, 158.712
Evaluation Time: 1.77843 seconds
Resulting Fitness: 0.458333
Current global best fitness: 0.513889
Current global best relays: 132.858, 69.0903
112.351, 364.5
104.524, 240.831
199.17, 184.418
Particle 1 new velocities: 76.274, 39.3763
60.1304, 169.707
72.9455, 133.624
109.079, 105.697
Particle 2 new velocities: 218.647, 112.24
40.7714, 299.845
79.6963, 198.094
165.422, 230.707
Particle 3 new velocities: 53.68, 124.999
110.99, 279.268
111.916, 147.41
145.043, 187.295
Particle 4 new velocities: 52.6226, 25.3994
33.6308, 0
39.2886, 87.3654
70.2537, 61.1665
Particle 5 new velocities: -21.7761, 34.3852
56.2926, 387.315
37.3545, 135.82
114.981, 83.0122
Particle 6 new velocities: 50.4177, 40.8076
51.3709, 206.712
24.4892, 218.003
79.7724, 77.7312
Particle 7 new velocities: 199.945, 166.619
28.5635, 263.486
156.77, 251.02
242.613, 155.305
Particle 8 new velocities: 40.5966, 20.3823
34.3292, 187.176
41.6431, 89.2073
43.9268, 66.2949
Particle 9 new velocities: 30.5379, 39.4387
80.2598, 325.236
56.9219, 160.973
52.3054, 56.9733
Particle 10 new velocities: 46.068, 24.5824
39.4274, 171.872
34.9716, 89.986
69.1683, 43.0835
Particle 11 new velocities: 37.2271, 51.8297
22.8444, 74.897
2.6438, 179.544
61.8596, 76.2875
Particle 12 new velocities: 13.3016, 1.94939
2.27432, 67.9748
5.56476, 4.77931
29.2303, 2.51807
Particle 13 new velocities: 27.0436, 19.0868
33.0578, -26.7672
17.6881, 68.1188
70.6641, 47.8379
Particle 14 new velocities: 164.822, 41.6222
166.878, 331.364
172.796, 321.601
317.656, 268.203
Particle 15 new velocities: 33.0501, 18.2649
54.375, 0
19.5987, 41.4493
49.6165, 48.0284
Particle 16 new velocities: 35.0177, 12.1572
51.5832, 177.591
21.1897, 88.1773
56.0179, 28.0378
Particle 17 new velocities: 48.9521, 22.6868
65.2467, 168.152
23.0823, 78.559
85.5521, 39.7894
Particle 18 new velocities: 72.8836, 35.1123
61.8238, 196.919
51.9966, 141.156
101.245, 77.069
Particle 19 new velocities: 41.3964, 23.9205
19.9038, 157.221
25.4055, 45.6265
48.7869, 60.9456
Particle 20 new velocities: 35.884, 45.5737
33.706, 0
45.0948, 89.853
48.8286, 79.8344
-- ITERATION 10 --
-------------
Particle: 1:
Relays Coordinates:
130.354, 67.6434
111.292, 338.95
127.234, 272.029
203.437, 157.148
Evaluation Time: 1.77016 seconds
Resulting Fitness: 0.45
New local best!
-------------
Particle: 2:
Relays Coordinates:
127.612, 76.541
41.1334, 193.71
61.9309, 137.249
116.604, 139.004
Evaluation Time: 1.30066 seconds
Resulting Fitness: 0.288889
-------------
Particle: 3:
Relays Coordinates:
75.8863, 129.269
94.2224, 263.613
98.7766, 145.659
147.782, 175.919
Evaluation Time: 1.52905 seconds
Resulting Fitness: 0.341667
-------------
Particle: 4:
Relays Coordinates:
130.146, 65.0752
102.549, 265.721
101.794, 233.071
182.497, 163.541
Evaluation Time: 1.6712 seconds
Resulting Fitness: 0.388889
-------------
Particle: 5:
Relays Coordinates:
126.903, 62.5333
75.2883, 226.46
72.3859, 174.269
130.985, 121.87
Evaluation Time: 1.45612 seconds
Resulting Fitness: 0.308333
-------------
Particle: 6:
Relays Coordinates:
116.279, 84.2421
103.594, 328.05
106.866, 268.408
185.823, 183.991
Evaluation Time: 1.80577 seconds
Resulting Fitness: 0.447222
New local best!
-------------
Particle: 7:
Relays Coordinates:
123.264, 100.578
85.0068, 166.919
97.7296, 150.663
127.542, 77.5376
Evaluation Time: 1.38542 seconds
Resulting Fitness: 0.286111
-------------
Particle: 8:
Relays Coordinates:
133.672, 70.0974
110.575, 405
111.769, 251.149
185.804, 200.224
Evaluation Time: 1.87939 seconds
Resulting Fitness: 0.458333
-------------
Particle: 9:
Relays Coordinates:
70.4023, 54.9447
111.173, 295.245
94.2503, 229.306
125.485, 92.4303
Evaluation Time: 1.64431 seconds
Resulting Fitness: 0.344444
-------------
Particle: 10:
Relays Coordinates:
129.533, 67.8039
110.541, 285.307
102.468, 216.324
191.005, 158.159
Evaluation Time: 1.76514 seconds
Resulting Fitness: 0.430556
New local best!
-------------
Particle: 11:
Relays Coordinates:
110.456, 83.1306
79.6054, 274.2
70.4051, 267.279
156.111, 151.408
Evaluation Time: 1.64116 seconds
Resulting Fitness: 0.316667
-------------
Particle: 12:
Relays Coordinates:
132.318, 65.1031
115.873, 367.682
102.352, 233.713
205.8, 169.991
Evaluation Time: 2.07464 seconds
Resulting Fitness: 0.536111
New local best!
New global best!
-------------
Particle: 13:
Relays Coordinates:
124.042, 51.8992
114.97, 275.732
107.18, 233.915
214.863, 159.4
Evaluation Time: 1.77214 seconds
Resulting Fitness: 0.452778
-------------
Particle: 14:
Relays Coordinates:
110.327, 85.4596
100.067, 196.965
118.973, 190.613
175.981, 167.104
Evaluation Time: 1.5699 seconds
Resulting Fitness: 0.35
-------------
Particle: 15:
Relays Coordinates:
130.547, 69.3226
122.553, 295.245
115.139, 242.685
212.303, 183.023
Evaluation Time: 1.82056 seconds
Resulting Fitness: 0.458333
-------------
Particle: 16:
Relays Coordinates:
102.38, 51.1647
114.691, 364.5
82.6566, 214.657
157.839, 143.304
Evaluation Time: 1.90715 seconds
Resulting Fitness: 0.391667
-------------
Particle: 17:
Relays Coordinates:
131.121, 77.0216
109.498, 323.116
76.2592, 173.591
166.471, 186.23
Evaluation Time: 1.7611 seconds
Resulting Fitness: 0.394444
New local best!
-------------
Particle: 18:
Relays Coordinates:
136.527, 70.3913
117.982, 292.47
108.414, 261.579
208.121, 182.182
Evaluation Time: 1.92363 seconds
Resulting Fitness: 0.438889
New local best!
-------------
Particle: 19:
Relays Coordinates:
136.747, 70.8626
108.246, 380.953
110.289, 264.831
187.584, 197.456
Evaluation Time: 2.01798 seconds
Resulting Fitness: 0.483333
New local best!
-------------
Particle: 20:
Relays Coordinates:
134.87, 71.4663
113.561, 295.245
119.093, 254.934
187.715, 193.222
Evaluation Time: 1.75659 seconds
Resulting Fitness: 0.405556
Current global best fitness: 0.536111
Current global best relays: 132.318, 65.1031
115.873, 367.682
102.352, 233.713
205.8, 169.991
Particle 1 new velocities: 62.892, 31.2668
49.2537, 158.443
32.8282, 105.325
89.2539, 93.89
Particle 2 new velocities: 221.841, 88.0956
111.279, 129.666
183.284, 269.531
181.247, 242.366
Particle 3 new velocities: 78.0473, 88.3922
83.7204, 259.84
121.088, 228.319
277.801, 187.406
Particle 4 new velocities: 45.8375, 26.4337
39.6493, 75.5683
35.1406, 72.5319
73.5897, 60.8047
Particle 5 new velocities: 19.6155, 63.1179
95.0539, 256.002
56.438, 214.537
149.21, 79.3456
Particle 6 new velocities: 52.278, 12.1846
55.603, 41.2385
14.0174, 140.57
88.4924, 54.8576
Particle 7 new velocities: 247.194, 161.339
163.554, 299.193
164.446, 279.396
299.829, 204.353
Particle 8 new velocities: 30.7785, 15.7341
27.1961, -75.3471
19.1149, 53.5354
38.0144, 50.1962
Particle 9 new velocities: 70.4087, 35.7508
96.0913, 59.9574
50.6651, 149.328
89.63, 126.912
Particle 10 new velocities: 37.9121, 16.6515
34.5988, 191.354
27.9524, 88.9849
69.0607, 35.3997
Particle 11 new velocities: 51.7848, 35.2624
77.3588, 118.5
58.4466, 117.036
112.738, 84.3052
Particle 12 new velocities: 10.6413, 1.55951
1.81946, 54.3798
4.45181, 3.82345
23.3842, 2.01445
Particle 13 new velocities: 44.7643, 25.2415
36.4256, 60.8603
16.7347, 73.1572
65.9793, 50.1396
Particle 14 new velocities: 136.658, 275.442
121.596, 295.099
215.352, 267.559
277.32, 281.386
Particle 15 new velocities: 26.399, 7.17848
24.2969, 92.8136
19.6984, 36.6672
39.6728, 28.7924
Particle 16 new velocities: 55.0624, 68.6555
48.8282, 2.21268
49.753, 74.8448
95.8723, 91.0366
Particle 17 new velocities: 39.7798, 15.103
59.7006, 146.205
52.181, 75.6662
85.1924, 22.708
Particle 18 new velocities: 53.9334, 23.3208
49.2518, 181.528
36.0799, 92.7369
80.8149, 46.4803
Particle 19 new velocities: 30.1271, 13.3804
17.5153, 122.663
17.6446, 4.38379
49.6851, 23.1548
Particle 20 new velocities: 36.0221, 20.1469
27.5928, 158.93
30.82, 38.6315
50.1678, 33.3368
-- ITERATION 11 --
-------------
Particle: 1:
Relays Coordinates:
126.789, 64.895
105.334, 326.34
105.017, 247.582
192.035, 164.706
Evaluation Time: 1.83532 seconds
Resulting Fitness: 0.469444
New local best!
-------------
Particle: 2:
Relays Coordinates:
150.428, 70.8707
65.6085, 139.203
105.557, 175.106
128.215, 164.167
Evaluation Time: 1.43239 seconds
Resulting Fitness: 0.258333
-------------
Particle: 3:
Relays Coordinates:
81.8066, 115.674
94.5661, 265.721
116.845, 198.747
226.172, 193.085
Evaluation Time: 1.79043 seconds
Resulting Fitness: 0.452778
New local best!
-------------
Particle: 4:
Relays Coordinates:
128.292, 66.7099
103.662, 248.8
99.8255, 222.785
186.687, 163.548
Evaluation Time: 1.6332 seconds
Resulting Fitness: 0.408333
-------------
Particle: 5:
Relays Coordinates:
86.5179, 74.1958
100.585, 284.889
76.0692, 229.586
165.452, 118.816
Evaluation Time: 1.61841 seconds
Resulting Fitness: 0.366667
-------------
Particle: 6:
Relays Coordinates:
122.878, 70.295
116.055, 269.211
88.124, 298.145
199.976, 174.12
Evaluation Time: 1.62501 seconds
Resulting Fitness: 0.447222
-------------
Particle: 7:
Relays Coordinates:
116.254, 82.1925
78.001, 146.271
82.2734, 134.957
134.113, 88.4604
Evaluation Time: 1.28057 seconds
Resulting Fitness: 0.269444
-------------
Particle: 8:
Relays Coordinates:
133.205, 69.5236
111.594, 267.019
106.016, 246.794
181.293, 202.84
Evaluation Time: 1.6817 seconds
Resulting Fitness: 0.388889
-------------
Particle: 9:
Relays Coordinates:
126.73, 81.626
186.538, 319.682
130.424, 340.771
193.603, 197.408
Evaluation Time: 1.82148 seconds
Resulting Fitness: 0.477778
New local best!
-------------
Particle: 10:
Relays Coordinates:
135.631, 68.4089
117.563, 386.096
105.64, 247.3
210.653, 156.782
Evaluation Time: 1.95697 seconds
Resulting Fitness: 0.527778
New local best!
-------------
Particle: 11:
Relays Coordinates:
118.273, 86.3084
114.427, 286.279
93.9329, 280.166
195.991, 171.835
Evaluation Time: 1.6467 seconds
Resulting Fitness: 0.430556
-------------
Particle: 12:
Relays Coordinates:
115.797, 53.9967
95.3307, 341.87
86.5109, 192.404
185.639, 139.324
Evaluation Time: 1.84596 seconds
Resulting Fitness: 0.441667
-------------
Particle: 13:
Relays Coordinates:
136.733, 62.484
122.63, 272.64
100.371, 248.728
227.483, 169.727
Evaluation Time: 1.66533 seconds
Resulting Fitness: 0.433333
-------------
Particle: 14:
Relays Coordinates:
86.1185, 125.839
77.289, 171.572
116.572, 159.755
158.056, 156.379
Evaluation Time: 1.43546 seconds
Resulting Fitness: 0.302778
-------------
Particle: 15:
Relays Coordinates:
127.126, 61.9659
118.949, 314.327
109.218, 226.275
204.1, 171.57
Evaluation Time: 1.73065 seconds
Resulting Fitness: 0.444444
-------------
Particle: 16:
Relays Coordinates:
114.775, 87.3489
119.205, 267.334
96.5266, 211.046
184.955, 170.834
Evaluation Time: 1.63614 seconds
Resulting Fitness: 0.402778
-------------
Particle: 17:
Relays Coordinates:
112.128, 60.4429
111.011, 307.921
84.2697, 163.538
165.117, 137.084
Evaluation Time: 1.72201 seconds
Resulting Fitness: 0.361111
-------------
Particle: 18:
Relays Coordinates:
138.846, 68.3161
121.913, 345.544
105.336, 258.296
210.634, 166.695
Evaluation Time: 1.82765 seconds
Resulting Fitness: 0.444444
New local best!
-------------
Particle: 19:
Relays Coordinates:
109.486, 55.2718
82.5121, 328.05
83.9372, 176.632
155.672, 144.743
Evaluation Time: 1.62469 seconds
Resulting Fitness: 0.355556
-------------
Particle: 20:
Relays Coordinates:
124.581, 66.786
102.901, 331.094
109.286, 214.009
173.417, 165.162
Evaluation Time: 1.75349 seconds
Resulting Fitness: 0.438889
Current global best fitness: 0.536111
Current global best relays: 132.318, 65.1031
115.873, 367.682
102.352, 233.713
205.8, 169.991
Particle 1 new velocities: 52.0233, 25.1803
41.1737, 133.842
24.3029, 79.3488
80.4326, 77.7774
Particle 2 new velocities: 228.707, 118.749
105.681, 370.981
146.727, 221.746
208.967, 252.147
Particle 3 new velocities: 125.664, 5.62402
88.6554, 112.582
82.0625, 226.361
199.058, 137.901
Particle 4 new velocities: 44.0933, 22.9379
39.719, 277.883
31.3488, 82.7301
93.8533, 60.4137
Particle 5 new velocities: 17.86, 84.1833
92.4281, 147.867
112.925, 176.017
132.999, 81.8036
Particle 6 new velocities: 41.976, 28.0115
43.2134, 213.222
31.2564, 28.7356
71.9325, 53.7322
Particle 7 new velocities: 348.84, 179.043
342.981, 565.765
280.9, 380.626
328.647, 198.806
Particle 8 new velocities: 21.2358, 11.8135
15.7599, 97.9499
11.0645, 18.0951
48.2774, 19.1595
Particle 9 new velocities: 56.3276, 9.23643
-7.35802, 82.7307
20.0919, 53.2842
85.4533, 90.4196
Particle 10 new velocities: 27.6162, 9.12112
25.6874, 135.106
18.1596, 61.2472
49.1719, 40.6664
Particle 11 new velocities: 35.995, 22.7315
61.3084, -27.7443
69.0787, 92.5453
89.9993, 79.4382
Particle 12 new velocities: 29.438, 16.24
33.9826, 73.7908
13.7191, 54.291
31.4188, 46.8158
Particle 13 new velocities: 44.3588, 14.2797
25.6261, 224.187
55.777, 44.5353
23.1014, 40.4488
Particle 14 new velocities: 223.023, 333.848
130.643, 371.177
237.354, 240.416
260.57, 308.982
Particle 15 new velocities: 28.669, 11.1726
-9.61905, 184.703
27.3093, 82.9266
35.3654, 28.9572
Particle 16 new velocities: 63.3532, 47.9328
44.0608, 70.4305
72.0162, 83.0943
101.695, 89.2886
Particle 17 new velocities: 64.917, 19.8887
45.9878, 189.816
41.4442, 104.891
116.838, 40.4699
Particle 18 new velocities: 38.3439, 15.8673
34.2984, 173.361
27.5691, 55.7807
61.6186, 40.5953
Particle 19 new velocities: 80.7934, 33.5673
52.2881, 49.2295
50.205, 177.427
79.6082, 76.167
Particle 20 new velocities: 45.2407, 10.3197
48.2563, 188.747
22.3826, 48.2863
64.7809, 35.4176
-- ITERATION 12 --
-------------
Particle: 1:
Relays Coordinates:
130.354, 65.6649
106.804, 335.472
94.274, 238.333
198.629, 176.77
Evaluation Time: 1.88592 seconds
Resulting Fitness: 0.477778
New local best!
-------------
Particle: 2:
Relays Coordinates:
132.196, 66.1164
59.7251, 174.339
87.9659, 138.374
117.568, 145.16
Evaluation Time: 1.39714 seconds
Resulting Fitness: 0.291667
-------------
Particle: 3:
Relays Coordinates:
122.509, 71.6253
108.19, 223.384
117.453, 251.022
251.094, 195.444
Evaluation Time: 1.79144 seconds
Resulting Fitness: 0.361111
-------------
Particle: 4:
Relays Coordinates:
125.669, 65.3533
104.525, 364.5
95.6261, 222.72
204.514, 163.268
Evaluation Time: 1.85373 seconds
Resulting Fitness: 0.525
New local best!
-------------
Particle: 5:
Relays Coordinates:
68.4824, 103.913
126.636, 283.931
123.999, 266.116
195.814, 131.626
Evaluation Time: 1.63712 seconds
Resulting Fitness: 0.375
-------------
Particle: 6:
Relays Coordinates:
120.179, 71.6654
116.107, 351.694
87.0283, 238.296
198.221, 166.105
Evaluation Time: 1.84432 seconds
Resulting Fitness: 0.491667
New local best!
-------------
Particle: 7:
Relays Coordinates:
131.356, 73.7806
118.898, 141.215
102.571, 141.215
130.697, 81.1325
Evaluation Time: 1.36649 seconds
Resulting Fitness: 0.280556
-------------
Particle: 8:
Relays Coordinates:
125.097, 65.883
103.157, 295.625
94.8352, 214.56
185.952, 179.82
Evaluation Time: 1.78628 seconds
Resulting Fitness: 0.419444
-------------
Particle: 9:
Relays Coordinates:
120.104, 59.6148
117.56, 264.023
98.7535, 258.54
183.089, 188.844
Evaluation Time: 1.68082 seconds
Resulting Fitness: 0.394444
-------------
Particle: 10:
Relays Coordinates:
119.007, 56.5194
104.43, 364.5
90.2502, 224.931
189.413, 143.94
Evaluation Time: 1.82093 seconds
Resulting Fitness: 0.455556
-------------
Particle: 11:
Relays Coordinates:
124.957, 88.3224
142.346, 209.413
132.039, 301.896
231.652, 203.531
Evaluation Time: 1.81276 seconds
Resulting Fitness: 0.444444
New local best!
-------------
Particle: 12:
Relays Coordinates:
130.712, 63.2131
116.382, 374.095
90.207, 222.026
195.352, 167.526
Evaluation Time: 1.9329 seconds
Resulting Fitness: 0.488889
-------------
Particle: 13:
Relays Coordinates:
132.016, 55.9607
108.079, 362.187
113.832, 213.789
182.676, 153.218
Evaluation Time: 1.9159 seconds
Resulting Fitness: 0.45
-------------
Particle: 14:
Relays Coordinates:
87.3107, 129.829
58.7261, 141.215
99.959, 113.02
118.232, 131.432
Evaluation Time: 1.39198 seconds
Resulting Fitness: 0.280556
-------------
Particle: 15:
Relays Coordinates:
113.575, 53.318
79.7012, 363.793
99.5286, 225.408
174.571, 146.184
Evaluation Time: 1.82399 seconds
Resulting Fitness: 0.436111
-------------
Particle: 16:
Relays Coordinates:
116.87, 88.7583
107.119, 221.607
110.581, 192.986
188.071, 170.667
Evaluation Time: 1.51473 seconds
Resulting Fitness: 0.375
-------------
Particle: 17:
Relays Coordinates:
116.159, 52.7056
103.007, 326.566
82.4809, 176.116
184.991, 116.493
Evaluation Time: 1.73849 seconds
Resulting Fitness: 0.408333
New local best!
-------------
Particle: 18:
Relays Coordinates:
129.171, 61.3697
113.878, 364.5
96.8879, 228.962
198.472, 151.115
Evaluation Time: 1.97019 seconds
Resulting Fitness: 0.536111
New local best!
-------------
Particle: 19:
Relays Coordinates:
138.714, 64.7637
98.2693, 275.037
97.7896, 258.109
171.52, 161.043
Evaluation Time: 1.74376 seconds
Resulting Fitness: 0.394444
-------------
Particle: 20:
Relays Coordinates:
100.278, 45.5302
89.2569, 295.245
77.7492, 154.883
140.653, 118.44
Evaluation Time: 1.63132 seconds
Resulting Fitness: 0.325
Current global best fitness: 0.536111
Current global best relays: 132.318, 65.1031
115.873, 367.682
102.352, 233.713
205.8, 169.991
Particle 1 new velocities: 44.1055, 20.0291
37.9266, 118.442
23.2713, 61.0662
70.7276, 60.7942
Particle 2 new velocities: 184.408, 135.139
116.568, 71.3831
128.856, 161.418
271.681, 287.447
Particle 3 new velocities: 50.0154, 23.3133
56.7128, 273.576
54.4906, 121.181
82.2844, 80.3733
Particle 4 new velocities: 42.7372, 18.2684
40.1465, 3.90012
27.0002, 69.204
75.1941, 55.1181
Particle 5 new velocities: 225.31, 33.1906
29.2667, 76.416
65.3016, 106.976
104.542, 144.829
Particle 6 new velocities: 45.0628, 21.7609
34.395, 171.776
25.7066, 18.1403
63.5095, 46.0467
Particle 7 new velocities: 344.748, 198.161
401.98, 177.372
411.892, 134.156
349.498, 192.285
Particle 8 new velocities: 26.7976, 9.55091
18.364, 238.357
15.6631, 39.3424
61.1638, 14.1937
Particle 9 new velocities: 62.5754, 41.6541
99.7633, 160.685
65.3656, 134.205
94.8617, 53.8406
Particle 10 new velocities: 44.7664, 20.6285
28.9586, 30.1775
37.5592, 88.1078
52.0843, 62.0822
Particle 11 new velocities: 32.901, 3.96895
37.6693, 163.382
38.59, 25.9672
70.4224, 50.5718
Particle 12 new velocities: 23.8314, 13.7064
26.4953, 43.4467
29.4348, 59.1541
32.113, 38.6114
Particle 13 new velocities: 48.7662, 13.0695
39.6271, 194.606
43.2532, 104.166
108.024, 67.4982
Particle 14 new velocities: 259.501, 257.887
163.217, 14.2755
301.841, 294.804
317.513, 410.168
Particle 15 new velocities: 46.8548, 34.5813
20.9272, 149.775
60.4028, 91.0488
55.7509, 59.5297
Particle 16 new velocities: 71.259, -0.886558
41.2199, 333.293
65.3083, 136.635
74.4543, 79.495
Particle 17 new velocities: 54.5712, 23.749
49.0325, 194.594
49.4464, 112.573
120.474, 83.7915
Particle 18 new velocities: 32.2485, 12.9942
28.603, 3.68954
28.2723, 46.4851
49.9699, 54.2095
Particle 19 new velocities: 60.721, 30.2708
67.1799, 211.374
55.6254, 135.891
107.615, 73.3655
Particle 20 new velocities: 133.667, 39.5078
99.5914, 48.7281
105.724, 158.061
86.6093, 128.063
-- ITERATION 13 --
-------------
Particle: 1:
Relays Coordinates:
127.181, 62.4709
105.508, 330.904
85.6905, 218.262
196.361, 173.185
Evaluation Time: 1.94623 seconds
Resulting Fitness: 0.475
-------------
Particle: 2:
Relays Coordinates:
151.431, 96.2598
84.3207, 117.528
103.705, 143.39
186.177, 206.914
Evaluation Time: 1.58596 seconds
Resulting Fitness: 0.344444
-------------
Particle: 3:
Relays Coordinates:
101.874, 56.0603
97.3738, 293.45
101.531, 219.782
196.857, 162.868
Evaluation Time: 1.75349 seconds
Resulting Fitness: 0.380556
-------------
Particle: 4:
Relays Coordinates:
136.409, 67.7335
117.184, 298.404
99.3273, 236.459
226.564, 176.893
Evaluation Time: 1.77951 seconds
Resulting Fitness: 0.45
-------------
Particle: 5:
Relays Coordinates:
126.468, 59.0184
67.111, 155.118
81.4878, 160.604
129.294, 119.005
Evaluation Time: 1.36379 seconds
Resulting Fitness: 0.288889
-------------
Particle: 6:
Relays Coordinates:
97.5734, 55.1673
88.8696, 295.245
66.5688, 151.423
154.549, 125.273
Evaluation Time: 1.56403 seconds
Resulting Fitness: 0.336111
-------------
Particle: 7:
Relays Coordinates:
134.466, 76.8044
141.215, 89.9783
141.215, 77.773
135.621, 77.2211
Evaluation Time: 1.21159 seconds
Resulting Fitness: 0.183333
-------------
Particle: 8:
Relays Coordinates:
89.6922, 44.543
71.7569, 295.245
65.2482, 149.927
145.919, 114.563
Evaluation Time: 1.66018 seconds
Resulting Fitness: 0.341667
-------------
Particle: 9:
Relays Coordinates:
133.173, 73.825
158.429, 309.612
119.643, 286.311
202.626, 176.917
Evaluation Time: 1.81062 seconds
Resulting Fitness: 0.413889
-------------
Particle: 10:
Relays Coordinates:
132.656, 62.4898
108.044, 319.689
103.526, 253.561
195.613, 166.878
Evaluation Time: 1.70874 seconds
Resulting Fitness: 0.436111
-------------
Particle: 11:
Relays Coordinates:
103.571, 60.5523
118.108, 244.59
111.95, 215.111
198.191, 166.717
Evaluation Time: 1.75713 seconds
Resulting Fitness: 0.391667
-------------
Particle: 12:
Relays Coordinates:
125.18, 62.3047
115.731, 338.209
96.9098, 227.756
184.247, 166.971
Evaluation Time: 2.082 seconds
Resulting Fitness: 0.45
-------------
Particle: 13:
Relays Coordinates:
131.79, 50.323
107.678, 364.5
114.515, 231.79
211.92, 160.902
Evaluation Time: 1.90579 seconds
Resulting Fitness: 0.527778
New local best!
-------------
Particle: 14:
Relays Coordinates:
184.31, 206.048
117.949, 82.6339
213.533, 216.734
231.573, 265.721
Evaluation Time: 1.58718 seconds
Resulting Fitness: 0.386111
-------------
Particle: 15:
Relays Coordinates:
116.953, 64.0786
73.3581, 364.5
116.59, 230.697
167.904, 149.966
Evaluation Time: 1.78595 seconds
Resulting Fitness: 0.425
-------------
Particle: 16:
Relays Coordinates:
137.146, 64.0585
108.139, 364.5
128.223, 240.293
191.381, 182.368
Evaluation Time: 1.82937 seconds
Resulting Fitness: 0.475
New local best!
-------------
Particle: 17:
Relays Coordinates:
124.462, 55.7354
110.837, 364.5
96.175, 210.454
222.684, 146.008
Evaluation Time: 1.73638 seconds
Resulting Fitness: 0.486111
New local best!
-------------
Particle: 18:
Relays Coordinates:
130.75, 60.2348
115.41, 298.234
101.38, 223.112
201.238, 166.313
Evaluation Time: 1.6942 seconds
Resulting Fitness: 0.475
-------------
Particle: 19:
Relays Coordinates:
130.849, 62.3522
108.551, 319.134
100.656, 258.503
183.14, 153.796
Evaluation Time: 1.63424 seconds
Resulting Fitness: 0.405556
-------------
Particle: 20:
Relays Coordinates:
138.142, 50.2141
111.513, 203.113
108.339, 184.79
134.196, 145.558
Evaluation Time: 1.36878 seconds
Resulting Fitness: 0.302778
Current global best fitness: 0.536111
Current global best relays: 132.318, 65.1031
115.873, 367.682
102.352, 233.713
205.8, 169.991
Particle 1 new velocities: 37.0272, 21.2969
38.8697, 126.488
38.2416, 80.0944
64.7184, 47.7545
Particle 2 new velocities: 154.533, 116.071
94.8283, 279.134
104.282, 142.87
219.674, 176.097
Particle 3 new velocities: 50.0955, 90.8733
64.1101, 247.888
45.5529, 82.8627
100.657, 69.2964
Particle 4 new velocities: 27.746, 10.6469
20.4196, 86.1547
21.8407, 32.2501
36.787, 34.9018
Particle 5 new velocities: 233.981, 50.8828
54.9797, 117.274
81.4554, 132.84
160.731, 214.985
Particle 6 new velocities: 78.3973, 25.3716
73.9945, 86.2513
32.7788, 127.15
126.552, 39.9839
Particle 7 new velocities: 319.961, 227.692
197.647, 272.554
1.77302, 385.287
334.577, 249.814
Particle 8 new velocities: 96.1064, 37.6574
80.0337, 74.4198
72.9724, 157.161
67.5607, 29.4349
Particle 9 new velocities: 41.3831, 39.823
101.172, 175.307
44.026, 64.1927
71.5042, 49.0595
Particle 10 new velocities: 40.5211, 21.0209
24.2472, 136.49
32.8136, 57.0573
56.4448, 43.96
Particle 11 new velocities: 74.0577, 18.3396
69.0093, 242.518
57.6212, 163.921
70.3955, 89.6546
Particle 12 new velocities: 31.396, 17.9769
21.4298, 63.6184
26.2045, 55.0733
41.6213, 36.0531
Particle 13 new velocities: 39.2163, 10.5324
38.3788, 0.667448
19.8421, 85.6142
81.554, 55.629
Particle 14 new velocities: 163.875, 235.827
102.244, 349.032
154.651, 174.527
166.493, -17.4322
Particle 15 new velocities: 67.5849, 33.6502
48.985, 3.47083
37.6289, 106.381
138.664, 65.3331
Particle 16 new velocities: 52.9519, 0.640419
37.0651, 3.86736
33.2897, 102.815
72.4388, 56.7787
Particle 17 new velocities: 53.8556, 29.8784
44.415, 3.97812
41.7337, 98.9807
96.082, 84.02
Particle 18 new velocities: 27.2171, 16.7543
21.5794, 92.7594
19.3855, 53.3032
43.4524, 46.818
Particle 19 new velocities: 59.1395, 29.5446
62.7323, 272.862
55.7223, 96.6324
90.6233, 105.155
Particle 20 new velocities: 107.58, 41.3097
84.1364, 342.742
82.8417, 215.863
160.67, 130.889
-- ITERATION 14 --
-------------
Particle: 1:
Relays Coordinates:
133.009, 67.8519
116.946, 370.488
100.385, 241.668
211.474, 178.961
Evaluation Time: 1.78205 seconds
Resulting Fitness: 0.527778
New local best!
-------------
Particle: 2:
Relays Coordinates:
131.707, 91.4014
77.1178, 170.75
89.5317, 123.225
174.706, 164.874
Evaluation Time: 1.34874 seconds
Resulting Fitness: 0.361111
-------------
Particle: 3:
Relays Coordinates:
110.786, 107.115
117.722, 364.5
107.224, 220.628
216.888, 169.248
Evaluation Time: 1.68113 seconds
Resulting Fitness: 0.494444
New local best!
-------------
Particle: 4:
Relays Coordinates:
132.965, 63.4882
111.459, 311.493
98.1461, 217.654
213.314, 171.554
Evaluation Time: 1.63304 seconds
Resulting Fitness: 0.463889
-------------
Particle: 5:
Relays Coordinates:
172.402, 52.5654
58.3956, 130.284
77.9352, 140.354
138.718, 159.746
Evaluation Time: 1.34545 seconds
Resulting Fitness: 0.275
-------------
Particle: 6:
Relays Coordinates:
128.283, 58.7128
118.728, 278.111
72.4244, 203.079
204.923, 120.472
Evaluation Time: 1.60862 seconds
Resulting Fitness: 0.377778
-------------
Particle: 7:
Relays Coordinates:
142.604, 95.5543
106.338, 113.766
44.8711, 145.313
147.553, 102.627
Evaluation Time: 1.30473 seconds
Resulting Fitness: 0.266667
-------------
Particle: 8:
Relays Coordinates:
135.447, 59.9241
110.655, 269.486
100.763, 223.867
155.627, 104.975
Evaluation Time: 1.477 seconds
Resulting Fitness: 0.35
-------------
Particle: 9:
Relays Coordinates:
127.252, 82.8494
189.249, 353.506
119.315, 255.517
199.841, 164.737
Evaluation Time: 1.96245 seconds
Resulting Fitness: 0.513889
New local best!
-------------
Particle: 10:
Relays Coordinates:
126.246, 60.8793
96.4406, 332.554
99.3913, 226.441
183.75, 153.701
Evaluation Time: 1.68042 seconds
Resulting Fitness: 0.438889
-------------
Particle: 11:
Relays Coordinates:
129.491, 57.5123
136.408, 355.102
123.617, 276.314
195.8, 186.895
Evaluation Time: 1.71427 seconds
Resulting Fitness: 0.425
-------------
Particle: 12:
Relays Coordinates:
126.826, 65.0281
111.1, 325.48
99.7226, 229.091
182.953, 164.45
Evaluation Time: 1.71096 seconds
Resulting Fitness: 0.433333
-------------
Particle: 13:
Relays Coordinates:
124.664, 44.3636
106.475, 266.207
97.9464, 231.387
213.943, 157.851
Evaluation Time: 1.52794 seconds
Resulting Fitness: 0.425
-------------
Particle: 14:
Relays Coordinates:
109.264, 138.665
69.099, 135.461
115.54, 122.782
124.917, 77.9155
Evaluation Time: 1.23737 seconds
Resulting Fitness: 0.272222
-------------
Particle: 15:
Relays Coordinates:
134.528, 71.2443
89.1881, 268.251
112.426, 245.73
223.488, 156.953
Evaluation Time: 1.59365 seconds
Resulting Fitness: 0.416667
-------------
Particle: 16:
Relays Coordinates:
138.581, 47.1655
105.854, 268.54
117.743, 250.126
192.325, 174.338
Evaluation Time: 1.53147 seconds
Resulting Fitness: 0.416667
-------------
Particle: 17:
Relays Coordinates:
129.994, 62.4124
113.179, 268.621
100.535, 225.578
232.38, 167.69
Evaluation Time: 1.58608 seconds
Resulting Fitness: 0.413889
-------------
Particle: 18:
Relays Coordinates:
127.953, 62.3612
110.961, 316.704
97.8198, 223.897
198.199, 172.636
Evaluation Time: 1.63222 seconds
Resulting Fitness: 0.477778
-------------
Particle: 19:
Relays Coordinates:
138.502, 66.9927
124.866, 364.5
113.999, 258.894
199.574, 188.775
Evaluation Time: 1.83146 seconds
Resulting Fitness: 0.461111
-------------
Particle: 20:
Relays Coordinates:
145.096, 54.0439
115.529, 295.245
112.89, 236.582
174.116, 163.239
Evaluation Time: 1.64225 seconds
Resulting Fitness: 0.377778
Current global best fitness: 0.536111
Current global best relays: 132.318, 65.1031
115.873, 367.682
102.352, 233.713
205.8, 169.991
Particle 1 new velocities: 29.3277, 16.1679
30.5747, 100.995
31.381, 57.4479
46.3624, 28.6606
Particle 2 new velocities: 159.775, 167.679
55.6787, 536.776
114.337, 219.512
217.347, 166.264
Particle 3 new velocities: 58.7399, 19.1887
50.3166, 4.12262
31.5471, 77.0865
74.9311, 55.7458
Particle 4 new velocities: 15.5672, 12.44
9.561, 116.449
18.4181, 51.0112
17.852, 20.7988
Particle 5 new velocities: 202.413, 51.2365
135.612, 351.041
99.1891, 262.988
176.514, 191.131
Particle 6 new velocities: 59.1168, 34.0154
53.4895, 179.822
49.7889, 175.533
93.0919, 72.0666
Particle 7 new velocities: 317.473, 161.073
225.666, 524.845
154.768, 362.137
283.249, 254.109
Particle 8 new velocities: 66.5256, 47.1697
68.6215, 317.256
66.2409, 134.098
89.5591, 169.968
Particle 9 new velocities: 39.0781, 21.7667
-8.56869, 146.239
15.3911, 28.7604
59.3217, 42.8645
Particle 10 new velocities: 36.9016, 24.3436
52.4116, 166.442
34.589, 52.5519
91.154, 51.0048
Particle 11 new velocities: 57.933, 27.0383
47.0463, -28.3221
42.9248, 118.503
69.2764, 69.5295
Particle 12 new velocities: 37.601, 14.5066
28.766, 128.811
24.2432, 48.3742
63.7271, 37.8937
Particle 13 new velocities: 41.429, 35.6545
32.51, 157.046
36.0153, 71.3293
52.3901, 50.2777
Particle 14 new velocities: 167.295, 208.162
160.574, 362.291
217.599, 262.741
264.475, 54.0557
Particle 15 new velocities: 47.2537, 23.1397
66.8808, 129.602
28.528, 73.066
110.074, 82.2389
Particle 16 new velocities: 34.4795, 11.8562
40.476, 40.8897
23.4123, 73.563
61.0691, 40.1159
Particle 17 new velocities: 39.908, 16.0698
33.9121, 124.656
33.7337, 75.7083
67.2815, 33.4064
Particle 18 new velocities: 25.259, 13.5472
21.8258, 205.615
15.2463, 46.2809
41.8985, 3.39765
Particle 19 new velocities: 40.924, 26.2473
29.961, 29.4144
39.7106, 76.5452
65.4224, 70.6366
Particle 20 new velocities: 74.5332, 35.7596
61.8197, 97.2986
62.6513, 178.396
142.192, 116.631
-- ITERATION 15 --
-------------
Particle: 1:
Relays Coordinates:
131.492, 68.056
119.492, 381.901
106.73, 242.284
208.848, 168.173
Evaluation Time: 1.93219 seconds
Resulting Fitness: 0.530556
New local best!
-------------
Particle: 2:
Relays Coordinates:
112.926, 100.373
51.4481, 193.71
78.983, 132.784
151.889, 128.29
Evaluation Time: 1.32717 seconds
Resulting Fitness: 0.294444
-------------
Particle: 3:
Relays Coordinates:
123.584, 92.0751
122.5, 268.726
101.164, 217.034
212.736, 164.02
Evaluation Time: 1.5024 seconds
Resulting Fitness: 0.441667
-------------
Particle: 4:
Relays Coordinates:
133.679, 68.3353
108.918, 385.147
104.908, 241.799
208.049, 173.117
Evaluation Time: 1.808 seconds
Resulting Fitness: 0.525
-------------
Particle: 5:
Relays Coordinates:
145.211, 40.215
75.1626, 186.475
68.6216, 156.263
122.127, 135.937
Evaluation Time: 1.39495 seconds
Resulting Fitness: 0.297222
-------------
Particle: 6:
Relays Coordinates:
110.657, 54.7551
101.693, 270.405
72.1658, 223.567
175.975, 113.692
Evaluation Time: 1.56661 seconds
Resulting Fitness: 0.302778
-------------
Particle: 7:
Relays Coordinates:
129.939, 72.4791
93.7678, 141.215
56.3838, 141.215
121.671, 100.753
Evaluation Time: 1.24648 seconds
Resulting Fitness: 0.277778
-------------
Particle: 8:
Relays Coordinates:
132.514, 70.2642
117.624, 328.05
109.571, 234.861
160.867, 180.39
Evaluation Time: 1.71049 seconds
Resulting Fitness: 0.411111
-------------
Particle: 9:
Relays Coordinates:
109.129, 68.6386
118.544, 327.883
88.3804, 186.514
170.037, 136.207
Evaluation Time: 1.59593 seconds
Resulting Fitness: 0.4
-------------
Particle: 10:
Relays Coordinates:
107.041, 55.9147
97.6619, 327.392
87.9045, 183.047
180.364, 134.307
Evaluation Time: 1.67615 seconds
Resulting Fitness: 0.394444
-------------
Particle: 11:
Relays Coordinates:
136.632, 61.6373
133.738, 238.223
121.409, 287.822
193.24, 186.933
Evaluation Time: 1.64257 seconds
Resulting Fitness: 0.394444
-------------
Particle: 12:
Relays Coordinates:
133.186, 64.4231
113.291, 367.975
100.412, 224.747
199.811, 163.898
Evaluation Time: 1.79505 seconds
Resulting Fitness: 0.505556
-------------
Particle: 13:
Relays Coordinates:
134.535, 64.8147
112.578, 342.835
108.509, 245.2
215.729, 168.584
Evaluation Time: 1.75991 seconds
Resulting Fitness: 0.497222
-------------
Particle: 14:
Relays Coordinates:
96.4303, 120.931
80.0819, 173.555
116.158, 134.424
135.773, 46.0155
Evaluation Time: 1.43797 seconds
Resulting Fitness: 0.291667
-------------
Particle: 15:
Relays Coordinates:
132.519, 68.806
113.774, 290.035
102.755, 232.402
243.167, 174.371
Evaluation Time: 1.6411 seconds
Resulting Fitness: 0.411111
-------------
Particle: 16:
Relays Coordinates:
140.179, 47.8076
118.527, 250.638
114.336, 262.188
205.249, 173.708
Evaluation Time: 1.75109 seconds
Resulting Fitness: 0.419444
-------------
Particle: 17:
Relays Coordinates:
123.858, 57.2135
107.229, 286.698
97.8822, 219.638
218.453, 146.599
Evaluation Time: 1.82115 seconds
Resulting Fitness: 0.438889
-------------
Particle: 18:
Relays Coordinates:
100.523, 49.8035
87.1216, 328.05
74.1827, 177.263
157.528, 115.496
Evaluation Time: 1.81715 seconds
Resulting Fitness: 0.352778
-------------
Particle: 19:
Relays Coordinates:
130.801, 67.972
112.869, 287.164
112.055, 244.535
193.182, 189.111
Evaluation Time: 1.811 seconds
Resulting Fitness: 0.419444
-------------
Particle: 20:
Relays Coordinates:
129.689, 53.0281
104.723, 231.793
103.656, 245.04
186.776, 165.26
Evaluation Time: 1.51393 seconds
Resulting Fitness: 0.416667
Current global best fitness: 0.536111
Current global best relays: 132.318, 65.1031
115.873, 367.682
102.352, 233.713
205.8, 169.991
Particle 1 new velocities: 24.0124, 12.2713
20.4528, 66.1449
20.675, 37.6543
37.0723, 23.3855
Particle 2 new velocities: 224.751, 155.293
93.2338, 95.6909
126.705, 164.307
230.249, 238.291
Particle 3 new velocities: 41.3461, -2.22146
31.9404, 193.244
33.1858, 81.328
59.9396, 52.5094
Particle 4 new velocities: 1.76894, 3.56939
3.91293, 77.4747
0.169186, 32.2155
7.76875, 9.65825
Particle 5 new velocities: 197.519, 132.283
118.629, 237.998
94.5344, 302.896
200.803, 230.085
Particle 6 new velocities: 82.5652, 54.8813
55.3681, 355.575
65.9508, 165.042
86.0703, 168.47
Particle 7 new velocities: 327.246, 126.951
326.838, 191.071
137.639, 132.778
317.048, 207.971
Particle 8 new velocities: 49.1166, 35.1245
45.3289, 99.5315
38.8495, 108.133
90.0472, 133.147
Particle 9 new velocities: 43.8564, 18.9305
59.9979, 202.686
77.3734, 131.755
57.2798, 59.0021
Particle 10 new velocities: 86.0857, 34.9488
80.096, 251.196
36.5035, 75.1816
119.608, 63.5742
Particle 11 new velocities: 34.1803, 31.5685
49.3635, 21.9726
25.0499, 92.3479
124.808, 65.2175
Particle 12 new velocities: 29.7444, 12.8641
27.7015, 102.951
22.3566, 64.147
57.4305, 43.6647
Particle 13 new velocities: 26.5023, 11.2039
23.6462, 142.363
28.6464, 30.4847
36.2017, 36.1151
Particle 14 new velocities: 246.763, 179.553
166.99, 504.769
200.777, 296.892
282.681, 299.638
Particle 15 new velocities: 36.2996, 16.2182
37.7909, 243.505
50.997, 76.0865
28.9386, 61.9819
Particle 16 new velocities: 21.1901, 34.8586
27.655, 280.133
24.9265, 44.6518
35.2099, 29.6206
Particle 17 new velocities: 39.9444, 17.651
37.1917, 255.199
30.3975, 58.2704
59.7958, 50.2945
Particle 18 new velocities: 49.3223, 29.3684
50.728, 29.6079
74.5935, 82.9395
149.53, 63.3149
Particle 19 new velocities: 39.4369, 17.9376
18.8347, 125.409
26.2514, 58.8373
61.0516, 55.9816
Particle 20 new velocities: 79.2856, 37.9712
66.6957, 263.46
67.4591, 135.566
126.338, 97.637
-- ITERATION 16 --
-------------
Particle: 1:
Relays Coordinates:
125.959, 65.0651
113.355, 362.917
103.198, 226.75
199.195, 155.163
Evaluation Time: 1.74666 seconds
Resulting Fitness: 0.511111
-------------
Particle: 2:
Relays Coordinates:
161.51, 122.284
69.2009, 138.42
98.38, 142.097
182.775, 175.334
Evaluation Time: 1.41534 seconds
Resulting Fitness: 0.294444
-------------
Particle: 3:
Relays Coordinates:
133.594, 72.7814
125.097, 374.196
108.824, 241.673
220.867, 175.389
Evaluation Time: 1.82926 seconds
Resulting Fitness: 0.536111
New local best!
-------------
Particle: 4:
Relays Coordinates:
109.713, 58.2428
91.3929, 374.724
85.1123, 221.952
174.813, 148.048
Evaluation Time: 1.82511 seconds
Resulting Fitness: 0.455556
-------------
Particle: 5:
Relays Coordinates:
132.781, 66.8291
75.0789, 164.45
63.21, 177.887
125.11, 141.804
Evaluation Time: 1.3335 seconds
Resulting Fitness: 0.291667
-------------
Particle: 6:
Relays Coordinates:
126.773, 71.9325
103.048, 328.05
90.6183, 254.966
171.928, 185.127
Evaluation Time: 1.65739 seconds
Resulting Fitness: 0.425
-------------
Particle: 7:
Relays Coordinates:
196.803, 85.8481
181.057, 143.038
83.5205, 117.945
188.854, 132.895
Evaluation Time: 1.38787 seconds
Resulting Fitness: 0.308333
-------------
Particle: 8:
Relays Coordinates:
119.168, 69.1455
106.913, 280.536
97.3787, 225.039
164.625, 205.712
Evaluation Time: 1.51835 seconds
Resulting Fitness: 0.361111
-------------
Particle: 9:
Relays Coordinates:
123.918, 70.931
144.619, 405
134.261, 257.798
184.126, 158.12
Evaluation Time: 1.77744 seconds
Resulting Fitness: 0.494444
-------------
Particle: 10:
Relays Coordinates:
114.04, 53.654
104.964, 295.245
73.4617, 152.482
177.13, 116.847
Evaluation Time: 1.49912 seconds
Resulting Fitness: 0.372222
-------------
Particle: 11:
Relays Coordinates:
124.522, 67.9471
133.481, 189.682
106.769, 277.144
231.858, 183.818
Evaluation Time: 1.6985 seconds
Resulting Fitness: 0.483333
New local best!
-------------
Particle: 12:
Relays Coordinates:
131.974, 62.6027
114.204, 381.451
99.4428, 234.004
208.366, 168.126
Evaluation Time: 1.78102 seconds
Resulting Fitness: 0.522222
-------------
Particle: 13:
Relays Coordinates:
117.396, 55.4176
99.3074, 353.71
99.9863, 200.975
183.658, 149.226
Evaluation Time: 1.64322 seconds
Resulting Fitness: 0.436111
-------------
Particle: 14:
Relays Coordinates:
107.698, 94.2952
77.5337, 156.905
99.4577, 135.351
131.315, 108.47
Evaluation Time: 1.25445 seconds
Resulting Fitness: 0.275
-------------
Particle: 15:
Relays Coordinates:
123.069, 61.9826
110.491, 364.5
112.085, 224.888
198.365, 172.301
Evaluation Time: 1.76708 seconds
Resulting Fitness: 0.516667
New local best!
-------------
Particle: 16:
Relays Coordinates:
117.638, 60.2636
106.567, 364.5
101.522, 223.686
175.294, 148.226
Evaluation Time: 1.64557 seconds
Resulting Fitness: 0.427778
-------------
Particle: 17:
Relays Coordinates:
107.471, 49.1186
94.7545, 328.05
84.1643, 182.336
182.559, 129.182
Evaluation Time: 1.61874 seconds
Resulting Fitness: 0.380556
-------------
Particle: 18:
Relays Coordinates:
121.374, 64.1292
111.658, 289.703
120.509, 210.764
248.717, 144.836
Evaluation Time: 1.64358 seconds
Resulting Fitness: 0.419444
-------------
Particle: 19:
Relays Coordinates:
137.893, 69.5868
106.68, 334.184
112.028, 245.732
205.929, 198.525
Evaluation Time: 1.78324 seconds
Resulting Fitness: 0.433333
-------------
Particle: 20:
Relays Coordinates:
137.108, 59.7046
112.468, 324.936
112.268, 249.716
205.435, 172.487
Evaluation Time: 1.72607 seconds
Resulting Fitness: 0.477778
Current global best fitness: 0.536111
Current global best relays: 132.318, 65.1031
115.873, 367.682
102.352, 233.713
205.8, 169.991
Particle 1 new velocities: 31.2006, 10.0449
21.6841, 77.1141
18.1621, 57.0632
35.7091, 50.749
Particle 2 new velocities: 210.213, 81.0737
80.6483, 285.866
113.969, 132.666
187.463, 201.676
Particle 3 new velocities: 32.1452, -6.65889
23.5028, 151.895
18.705, 62.5588
47.8702, 37.5118
Particle 4 new velocities: 17.3475, 14.2886
40.5219, 45.9825
12.6588, 38.46
56.2422, 47.7426
Particle 5 new velocities: 350.566, 146.526
148.572, 260.975
120.608, 322.928
274.977, 216.141
Particle 6 new velocities: 62.9495, 42.6249
73.2795, 24.4196
58.4591, 105.945
113.303, 105.798
Particle 7 new velocities: 186.447, 195.911
221.246, 263.958
351.051, 290.312
211.551, 179.606
Particle 8 new velocities: 54.4441, 30.4154
35.9427, 220.054
40.9688, 105.398
86.0572, 84.3659
Particle 9 new velocities: 41.1604, 29.7492
104.002, -99.4091
20.0318, 89.2562
81.0306, 64.1745
Particle 10 new velocities: 109.958, 62.8241
84.3977, 87.4791
112.833, 74.6729
134.852, 124.823
Particle 11 new velocities: 29.9349, 25.1708
18.6032, 199.275
17.0598, 68.3006
66.7453, 35.972
Particle 12 new velocities: 24.182, 17.7263
22.489, 66.9364
19.3775, 50.8186
39.9393, 38.0165
Particle 13 new velocities: 43.9728, 11.4668
51.7598, 114.614
36.882, 51.3138
82.329, 48.1164
Particle 14 new velocities: 236.258, 239.658
174.124, 113.447
231.829, 271.683
267.351, 398.702
Particle 15 new velocities: 31.152, 14.2612
36.8506, 3.78349
29.0791, 65.5325
24.8574, 49.1734
Particle 16 new velocities: 50.2094, 36.591
33.9418, 1.36349
54.2192, 48.5973
46.3064, 60.2681
Particle 17 new velocities: 65.6703, 18.0751
40.7127, 27.999
59.3266, 102.034
93.8958, 79.9188
Particle 18 new velocities: 62.3462, 19.4976
48.08, 179.683
-0.0543634, 108.721
54.2106, 66.9239
Particle 19 new velocities: 23.8706, 14.7196
25.272, 162.253
8.94792, 69.4438
43.5819, 16.9334
Particle 20 new velocities: 64.4403, 31.0402
56.3996, 281.094
48.2533, 83.9491
74.2252, 75.7948
-- ITERATION 17 --
-------------
Particle: 1:
Relays Coordinates:
127.299, 60.8392
109.382, 356.425
98.302, 229.889
190.272, 166.788
Evaluation Time: 1.75396 seconds
Resulting Fitness: 0.480556
-------------
Particle: 2:
Relays Coordinates:
160.015, 87.5389
64.5052, 182.641
91.4092, 118.277
159.376, 162.29
Evaluation Time: 1.65619 seconds
Resulting Fitness: 0.327778
-------------
Particle: 3:
Relays Coordinates:
120.824, 48.2033
108.329, 364.5
92.9683, 221.785
195.91, 155.205
Evaluation Time: 1.93443 seconds
Resulting Fitness: 0.488889
-------------
Particle: 4:
Relays Coordinates:
114.355, 65.2782
118.723, 378.636
87.994, 234.37
207.949, 176.212
Evaluation Time: 2.03038 seconds
Resulting Fitness: 0.461111
-------------
Particle: 5:
Relays Coordinates:
151.679, 66.9531
70.184, 133.503
57.6839, 156.905
125.552, 112.327
Evaluation Time: 1.45432 seconds
Resulting Fitness: 0.277778
-------------
Particle: 6:
Relays Coordinates:
124.477, 75.1611
115.688, 231.255
97.8096, 236.794
187.14, 190.876
Evaluation Time: 1.55626 seconds
Resulting Fitness: 0.405556
-------------
Particle: 7:
Relays Coordinates:
120.268, 88.4191
126.247, 127.72
136.373, 128.115
125.651, 98.0662
Evaluation Time: 1.35268 seconds
Resulting Fitness: 0.238889
-------------
Particle: 8:
Relays Coordinates:
126.563, 72.5799
104.142, 364.5
100.855, 240.888
182.747, 211.467
Evaluation Time: 1.99054 seconds
Resulting Fitness: 0.436111
-------------
Particle: 9:
Relays Coordinates:
120.342, 73.3959
181.245, 222.776
112.479, 253.003
193.299, 162.052
Evaluation Time: 1.75841 seconds
Resulting Fitness: 0.444444
-------------
Particle: 10:
Relays Coordinates:
132.269, 68.7792
111.816, 225.995
110.005, 134.132
184.223, 142.704
Evaluation Time: 1.51787 seconds
Resulting Fitness: 0.361111
-------------
Particle: 11:
Relays Coordinates:
101.339, 61.0946
99.7826, 255.195
81.2439, 226.646
195.913, 144.204
Evaluation Time: 1.62514 seconds
Resulting Fitness: 0.352778
-------------
Particle: 12:
Relays Coordinates:
126.486, 65.0665
110.722, 363.193
96.2444, 230.706
201.127, 166.975
Evaluation Time: 1.86379 seconds
Resulting Fitness: 0.508333
-------------
Particle: 13:
Relays Coordinates:
105.874, 43.8829
99.1152, 307.267
89.7992, 165.526
174.514, 129.476
Evaluation Time: 1.78162 seconds
Resulting Fitness: 0.358333
-------------
Particle: 14:
Relays Coordinates:
133.255, 129.38
97.4973, 104.74
128.347, 157.693
154.451, 193.71
Evaluation Time: 1.59806 seconds
Resulting Fitness: 0.313889
-------------
Particle: 15:
Relays Coordinates:
138.799, 68.6194
132.607, 331.455
127.048, 261.379
200.9, 199.327
Evaluation Time: 1.81009 seconds
Resulting Fitness: 0.405556
-------------
Particle: 16:
Relays Coordinates:
122.361, 70.607
102.431, 266.714
113.535, 198.495
161.547, 151.992
Evaluation Time: 1.55317 seconds
Resulting Fitness: 0.352778
-------------
Particle: 17:
Relays Coordinates:
140.244, 54.4269
109.728, 288.4
116.228, 230.339
223.929, 169.372
Evaluation Time: 1.89437 seconds
Resulting Fitness: 0.447222
-------------
Particle: 18:
Relays Coordinates:
133.932, 60.9639
116.449, 342.182
87.8112, 232.905
220.834, 154.373
Evaluation Time: 1.83497 seconds
Resulting Fitness: 0.469444
-------------
Particle: 19:
Relays Coordinates:
131.029, 68.2882
106.881, 402.114
97.9904, 255.292
202.104, 174.521
Evaluation Time: 1.76618 seconds
Resulting Fitness: 0.516667
New local best!
-------------
Particle: 20:
Relays Coordinates:
132.236, 59.5377
110.794, 328.05
105.318, 218.917
183.485, 162.898
Evaluation Time: 1.98496 seconds
Resulting Fitness: 0.441667
Current global best fitness: 0.536111
Current global best relays: 132.318, 65.1031
115.873, 367.682
102.352, 233.713
205.8, 169.991
Particle 1 new velocities: 34.0111, 15.0414
27.7995, 96.9795
28.9233, 64.4747
62.2121, 45.1876
Particle 2 new velocities: 204.205, 131.898
52.6439, 270.233
107.993, 247.526
217.187, 222.326
Particle 3 new velocities: 29.0173, 43.818
41.4752, 7.14754
27.195, 74.6352
87.648, 55.4192
Particle 4 new velocities: 36.0622, 11.3831
11.3504, 11.4775
11.5217, 25.6263
40.4279, 31.5557
Particle 5 new velocities: 288.051, 133.95
193.911, 247.3
144.992, 98.0416
236.857, 281.795
Particle 6 new velocities: 52.9024, 32.888
58.7158, 230.933
37.1496, 84.1466
119.61, 28.3321
Particle 7 new velocities: 215.019, 140.982
301.695, 716.799
374.728, 338.989
276.597, 129.828
Particle 8 new velocities: 49.9616, 17.1489
40.7118, 1.75448
38.8574, 73.9175
85.1418, 41.1221
Particle 9 new velocities: 45.0657, 22.0499
7.43242, 82.6415
18.7547, 55.4383
81.7618, 62.2031
Particle 10 new velocities: 93.2511, 46.7835
74.6617, 413.677
77.4729, 138.034
139.423, 115.201
Particle 11 new velocities: 59.2464, 32.1827
33.7482, 115.635
43.5647, 111.098
60.2626, 82.9501
Particle 12 new velocities: 28.1797, 14.236
24.9681, 61.2164
30.2782, 43.3707
39.0285, 32.4451
Particle 13 new velocities: 99.5191, 31.4813
51.6869, 214.874
51.3312, 192.27
106.854, 54.469
Particle 14 new velocities: 189.957, 115.964
147.509, 362.615
216.971, 259.337
235.581, 36.8693
Particle 15 new velocities: -2.42672, 4.07752
5.04303, 92.7541
-26.6881, -4.14949
19.2546, -38.0935
Particle 16 new velocities: 59.1321, 23.8495
47.5548, 201.939
42.8423, 116.375
73.2239, 68.267
Particle 17 new velocities: 27.0842, 17.1608
39.4218, 99.0898
32.6552, 80.0003
68.8438, 35.4599
Particle 18 new velocities: 46.8472, 18.054
34.8983, 181.724
12.0724, 85.9084
9.3404, 56.9742
Particle 19 new velocities: 19.4437, 7.97139
27.1347, 116.864
7.572, 43.9059
38.0218, 9.12917
Particle 20 new velocities: 58.4591, 26.571
50.8462, 73.5747
59.6013, 85.5238
71.4488, 71.1448
-- ITERATION 18 --
-------------
Particle: 1:
Relays Coordinates:
130.661, 61.4632
111.117, 367.258
103.052, 238.434
204.512, 171.701
Evaluation Time: 1.8552 seconds
Resulting Fitness: 0.538889
New local best!
New global best!
-------------
Particle: 2:
Relays Coordinates:
126.996, 76.5128
40.8474, 157.907
69.5272, 127.547
131.299, 134.107
Evaluation Time: 1.39076 seconds
Resulting Fitness: 0.286111
-------------
Particle: 3:
Relays Coordinates:
121.371, 74.5373
121.341, 301.035
97.3323, 240.101
229.682, 170.605
Evaluation Time: 1.71342 seconds
Resulting Fitness: 0.433333
-------------
Particle: 4:
Relays Coordinates:
135.375, 68.9952
117.066, 351.102
89.5641, 233.997
223.54, 186.991
Evaluation Time: 1.92302 seconds
Resulting Fitness: 0.475
-------------
Particle: 5:
Relays Coordinates:
189.29, 86.4821
113.684, 163.923
87.2452, 109.746
156.005, 169.656
Evaluation Time: 1.54116 seconds
Resulting Fitness: 0.333333
-------------
Particle: 6:
Relays Coordinates:
129.31, 78.7678
127.14, 336.935
98.3853, 233.966
223.62, 159.803
Evaluation Time: 1.87084 seconds
Resulting Fitness: 0.444444
-------------
Particle: 7:
Relays Coordinates:
116.907, 79.9872
149.214, 174.339
174.339, 162.869
140.255, 79.4619
Evaluation Time: 1.37499 seconds
Resulting Fitness: 0.302778
-------------
Particle: 8:
Relays Coordinates:
128.687, 65.4123
105.598, 267
101.851, 229.493
195.291, 184.137
Evaluation Time: 1.56221 seconds
Resulting Fitness: 0.413889
-------------
Particle: 9:
Relays Coordinates:
133.98, 77.3111
152.829, 247.388
106.299, 249.837
222.8, 181.647
Evaluation Time: 1.7409 seconds
Resulting Fitness: 0.447222
-------------
Particle: 10:
Relays Coordinates:
133.167, 68.2386
110.113, 295.245
110.704, 160.712
191.11, 152.29
Evaluation Time: 1.54937 seconds
Resulting Fitness: 0.419444
-------------
Particle: 11:
Relays Coordinates:
130.075, 75.5546
108.16, 300.372
101.095, 273.572
207.503, 183.995
Evaluation Time: 1.6174 seconds
Resulting Fitness: 0.425
-------------
Particle: 12:
Relays Coordinates:
125.279, 64.235
109.909, 343.772
102.483, 222.003
194.526, 161.531
Evaluation Time: 1.74321 seconds
Resulting Fitness: 0.5
-------------
Particle: 13:
Relays Coordinates:
134.759, 49.4464
98.9413, 328.05
92.5957, 234.751
184.606, 120.687
Evaluation Time: 1.57921 seconds
Resulting Fitness: 0.380556
-------------
Particle: 14:
Relays Coordinates:
112.697, 85.5462
85.4284, 162.957
120.405, 145.409
135.996, 80.3981
Evaluation Time: 1.2651 seconds
Resulting Fitness: 0.266667
-------------
Particle: 15:
Relays Coordinates:
122.735, 65.4272
123.885, 381.788
90.3239, 231.506
198.139, 145.11
Evaluation Time: 1.70375 seconds
Resulting Fitness: 0.45
-------------
Particle: 16:
Relays Coordinates:
132.308, 68.8588
109.339, 341.648
113.999, 229.54
171.148, 160.569
Evaluation Time: 1.62527 seconds
Resulting Fitness: 0.433333
-------------
Particle: 17:
Relays Coordinates:
135.536, 57.986
120.812, 313.866
120.595, 251.375
237.146, 165.914
Evaluation Time: 1.7914 seconds
Resulting Fitness: 0.411111
-------------
Particle: 18:
Relays Coordinates:
131.788, 57.6041
110.332, 364.5
72.8152, 232.415
167.797, 154.072
Evaluation Time: 1.67467 seconds
Resulting Fitness: 0.477778
-------------
Particle: 19:
Relays Coordinates:
109.694, 55.5932
97.6973, 364.5
76.955, 218.115
175.052, 133.881
Evaluation Time: 1.71161 seconds
Resulting Fitness: 0.425
-------------
Particle: 20:
Relays Coordinates:
139.017, 62.7732
117.836, 292.784
120.226, 221.938
185.847, 170.617
Evaluation Time: 1.6665 seconds
Resulting Fitness: 0.413889
Current global best fitness: 0.538889
Current global best relays: 130.661, 61.4632
111.117, 367.258
103.052, 238.434
204.512, 171.701
Particle 1 new velocities: 27.2089, 12.0331
22.2396, 77.5836
23.1386, 51.5798
49.7697, 36.1501
Particle 2 new velocities: 210.047, 148.057
63.7008, 466.969
135.013, 237.041
312.963, 275.947
Particle 3 new velocities: 40.4881, 23.7412
27.5559, 103.029
30.572, 58.4734
61.3084, 50.9553
Particle 4 new velocities: 15.2462, 1.17498
-7.67763, 39.2334
29.1053, 10.1744
1.59841, 11.4773
Particle 5 new velocities: 288.435, 88.2913
133.916, 91.6397
132.307, 285.497
251.83, 228.998
Particle 6 new velocities: 36.7624, 1.40177
36.7245, 231.577
25.7223, 75.5506
56.4855, 39.6147
Particle 7 new velocities: 279.532, 213.228
405.01, 51.2149
14.4325, 419.353
230.575, 157.182
Particle 8 new velocities: 41.5289, 21.0681
38.4291, 269.415
37.3696, 64.022
67.7684, 40.1768
Particle 9 new velocities: 28.2433, 13.0781
-17.5016, 208.854
25.281, 33.5005
36.2673, 46.252
Particle 10 new velocities: 74.1152, 31.0391
62.0873, 77.2361
53.3041, 277.459
140.601, 110.377
Particle 11 new velocities: 42.8456, 17.0376
55.0873, 150.208
43.5162, 74.2645
80.9419, 52.0484
Particle 12 new velocities: 32.7941, 10.3617
28.1027, 79.1889
24.8017, 59.1336
49.9655, 40.1583
Particle 13 new velocities: 73.9689, 31.5752
49.8964, 45.9773
78.5554, 156.081
123.292, 101.926
Particle 14 new velocities: 200.092, 96.6089
128.088, 490.208
200.044, 300.281
263.751, 327.961
Particle 15 new velocities: 4.74855, -5.99257
-20.2932, 64.1707
11.1119, -2.4153
22.2038, 22.5044
Particle 16 new velocities: 48.4032, 15.9044
37.5327, 217
46.6494, 98.8502
83.8048, 80.5929
Particle 17 new velocities: 7.31931, 16.3699
9.75435, 179.519
-3.53876, 29.2788
3.33753, 24.2911
Particle 18 new velocities: 36.6493, 25.2371
33.5331, 2.53093
59.1116, 74.081
19.5513, 60.0374
Particle 19 new velocities: 23.3301, 30.3591
44.9951, 15.8619
34.2682, 87.1255
107.617, 85.9344
Particle 20 new velocities: 42.9856, 19.9896
31.0454, 152.392
39.4134, 119.769
59.6138, 57.4393
-- ITERATION 19 --
-------------
Particle: 1:
Relays Coordinates:
127.875, 59.532
108.019, 360.322
102.215, 234.912
205.969, 168.359
Evaluation Time: 1.71492 seconds
Resulting Fitness: 0.525
-------------
Particle: 2:
Relays Coordinates:
117.519, 78.3027
36.4537, 174.339
71.3188, 127.124
154.905, 142.977
Evaluation Time: 1.34067 seconds
Resulting Fitness: 0.291667
-------------
Particle: 3:
Relays Coordinates:
131.106, 79.6056
120.607, 327.291
103.602, 241.845
235.702, 179.464
Evaluation Time: 1.73489 seconds
Resulting Fitness: 0.433333
-------------
Particle: 4:
Relays Coordinates:
135.559, 63.1532
98.4498, 351.302
106.802, 219.754
202.624, 178.621
Evaluation Time: 1.76202 seconds
Resulting Fitness: 0.508333
-------------
Particle: 5:
Relays Coordinates:
205.645, 75.2342
106.584, 110.011
94.5101, 170.139
175.559, 171.608
Evaluation Time: 1.45535 seconds
Resulting Fitness: 0.355556
-------------
Particle: 6:
Relays Coordinates:
121.067, 58.4436
119.458, 364.5
90.4745, 225.637
204.197, 145.375
Evaluation Time: 1.75225 seconds
Resulting Fitness: 0.469444
-------------
Particle: 7:
Relays Coordinates:
138.23, 102.238
174.339, 78.6458
65.8206, 174.339
129.301, 82.5125
Evaluation Time: 1.29536 seconds
Resulting Fitness: 0.294444
-------------
Particle: 8:
Relays Coordinates:
124.087, 63.0442
104.996, 364.5
101.492, 213.973
191.77, 163.525
Evaluation Time: 1.73755 seconds
Resulting Fitness: 0.486111
-------------
Particle: 9:
Relays Coordinates:
131.401, 73.2152
109.615, 369.556
106.58, 229.504
209.844, 184.598
Evaluation Time: 1.8017 seconds
Resulting Fitness: 0.536111
New local best!
-------------
Particle: 10:
Relays Coordinates:
135.998, 65.1361
112.981, 244.385
107.606, 287.484
217.635, 172.336
Evaluation Time: 1.60845 seconds
Resulting Fitness: 0.447222
-------------
Particle: 11:
Relays Coordinates:
126.059, 67.4998
119.007, 328.473
105.422, 253.573
210.276, 172.076
Evaluation Time: 1.63659 seconds
Resulting Fitness: 0.458333
-------------
Particle: 12:
Relays Coordinates:
128.04, 60.4233
111.789, 342.598
103.101, 227.72
198.038, 163.368
Evaluation Time: 1.67326 seconds
Resulting Fitness: 0.480556
-------------
Particle: 13:
Relays Coordinates:
136.946, 53.1583
97.6524, 245.399
112.292, 256.424
202.012, 146.056
Evaluation Time: 1.54544 seconds
Resulting Fitness: 0.411111
-------------
Particle: 14:
Relays Coordinates:
121.181, 70.5706
82.7204, 193.71
124.149, 172.669
154.87, 158.207
Evaluation Time: 1.36435 seconds
Resulting Fitness: 0.288889
-------------
Particle: 15:
Relays Coordinates:
83.6418, 38.9951
67.9668, 292.594
66.552, 150.307
144.567, 109.972
Evaluation Time: 1.50683 seconds
Resulting Fitness: 0.338889
-------------
Particle: 16:
Relays Coordinates:
131.739, 61.7924
107.07, 364.5
117.113, 239.397
185.861, 175.807
Evaluation Time: 1.72625 seconds
Resulting Fitness: 0.491667
New local best!
-------------
Particle: 17:
Relays Coordinates:
93.7275, 48.7849
85.6644, 323.71
76.8007, 184.137
157.781, 124.793
Evaluation Time: 1.57848 seconds
Resulting Fitness: 0.366667
-------------
Particle: 18:
Relays Coordinates:
136.434, 67.1014
116.531, 297.295
106.861, 248.262
151.752, 173.429
Evaluation Time: 1.5425 seconds
Resulting Fitness: 0.383333
-------------
Particle: 19:
Relays Coordinates:
96.9748, 62.6593
104.023, 277.284
81.0817, 222.521
206.066, 160.246
Evaluation Time: 1.50253 seconds
Resulting Fitness: 0.4
-------------
Particle: 20:
Relays Coordinates:
132.68, 60.3341
108.534, 324.533
116.377, 249.104
178.941, 166.253
Evaluation Time: 1.57123 seconds
Resulting Fitness: 0.411111
Current global best fitness: 0.538889
Current global best relays: 130.661, 61.4632
111.117, 367.258
103.052, 238.434
204.512, 171.701
Particle 1 new velocities: 25.1977, 13.2411
24.3285, 65.7192
20.2327, 48.3941
38.5981, 37.6277
Particle 2 new velocities: 237.019, 138.491
97.9444, 285.317
180.792, 271.638
334.021, 290.955
Particle 3 new velocities: 35.5095, 8.80563
16.8089, 133.062
27.5448, 42.316
6.36248, 31.3881
Particle 4 new velocities: 5.31912, 3.0822
6.89865, 47.6894
5.54524, 24.9539
5.98384, -6.97221
Particle 5 new velocities: 295.558, 73.9682
106.641, 62.5885
118.93, 392.002
234.772, 183.351
Particle 6 new velocities: 36.7552, 13.9092
19.1979, 0.990155
22.957, 75.5426
41.4321, 58.6122
Particle 7 new velocities: 280.392, 171.781
68.3924, 409.242
126.761, 72.517
188.553, 153.71
Particle 8 new velocities: 45.5993, 28.8913
37.2737, 0.387547
32.3005, 89.7978
54.3412, 54.4791
Particle 9 new velocities: 21.7225, 5.48559
-13.9407, 166.021
15.9819, 37.4429
26.8021, 29.591
Particle 10 new velocities: 52.8332, 23.9841
54.5487, 242.136
39.3997, 133.008
98.635, 77.8594
Particle 11 new velocities: 38.3034, 13.5744
65.5582, 129.15
35.4186, 71.7109
61.3223, 51.4263
Particle 12 new velocities: 31.9591, 16.2599
28.262, 122.435
18.8181, 49.2085
46.5355, 49.9191
Particle 13 new velocities: 55.6142, 24.6171
65.4286, 95.145
62.9178, 95.9142
117.19, 134.032
Particle 14 new velocities: 184.438, 372.427
131.882, -101.403
188.194, 244.342
253.697, 321.821
Particle 15 new velocities: 23.1151, 53.272
18.6029, 167.999
61.758, 106.221
38.4357, 65.7086
Particle 16 new velocities: 37.4415, 12.5649
30.7275, 0.154435
22.0494, 78.6517
81.8215, 64.0553
Particle 17 new velocities: 55.7446, 24.4403
74.4486, 253.473
39.3484, 41.4667
42.0337, 55.1607
Particle 18 new velocities: 21.3066, 11.0167
22.496, 55.4567
30.5638, 28.373
64.7425, 17.7398
Particle 19 new velocities: 91.4182, 32.6349
40.7418, 230.289
55.4306, 114.078
78.7705, 89.315
Particle 20 new velocities: 44.8861, 10.3062
27.6469, 198.558
19.5644, 86.4576
70.7871, 52.9832
-- ITERATION 20 --
-------------
Particle: 1:
Relays Coordinates:
137.765, 65.4958
119.113, 383.437
110.203, 254.975
220.11, 185.388
Evaluation Time: 1.84654 seconds
Resulting Fitness: 0.527778
-------------
Particle: 2:
Relays Coordinates:
123.62, 75.5914
46.8617, 160.272
87.9056, 139.04
170.478, 151.303
Evaluation Time: 1.34513 seconds
Resulting Fitness: 0.330556
-------------
Particle: 3:
Relays Coordinates:
134.959, 71.6131
111.307, 372.886
106.229, 230.17
196.072, 170.79
Evaluation Time: 1.70824 seconds
Resulting Fitness: 0.480556
-------------
Particle: 4:
Relays Coordinates:
126.79, 59.6118
94.8136, 359.092
101.113, 220.237
187.747, 154.484
Evaluation Time: 1.65141 seconds
Resulting Fitness: 0.480556
-------------
Particle: 5:
Relays Coordinates:
265.721, 79.2923
113.316, 91.7267
113.431, 265.721
218.067, 188.64
Evaluation Time: 1.63528 seconds
Resulting Fitness: 0.519444
New local best!
-------------
Particle: 6:
Relays Coordinates:
127.836, 58.6058
112.311, 296.047
91.8795, 243.956
198.96, 165.23
Evaluation Time: 1.54859 seconds
Resulting Fitness: 0.455556
-------------
Particle: 7:
Relays Coordinates:
200.226, 131.062
116.098, 233.355
92.1113, 118.071
152.028, 112.984
Evaluation Time: 1.40731 seconds
Resulting Fitness: 0.386111
-------------
Particle: 8:
Relays Coordinates:
123.701, 67.021
103.715, 266.003
97.5344, 221.449
179.415, 158.925
Evaluation Time: 1.48552 seconds
Resulting Fitness: 0.394444
-------------
Particle: 9:
Relays Coordinates:
100.464, 51.6356
62.772, 328.05
80.413, 175.144
155.264, 140.53
Evaluation Time: 1.55343 seconds
Resulting Fitness: 0.361111
-------------
Particle: 10:
Relays Coordinates:
111.503, 52.6246
98.9246, 287.286
86.8052, 248.296
186.754, 147.738
Evaluation Time: 1.58595 seconds
Resulting Fitness: 0.386111
-------------
Particle: 11:
Relays Coordinates:
133.133, 65.6701
149.498, 370.674
114.081, 263.48
219.995, 181.037
Evaluation Time: 1.93319 seconds
Resulting Fitness: 0.497222
New local best!
-------------
Particle: 12:
Relays Coordinates:
129.599, 62.1134
113.441, 376.677
98.7544, 224.312
198.105, 172.763
Evaluation Time: 1.77624 seconds
Resulting Fitness: 0.483333
-------------
Particle: 13:
Relays Coordinates:
113.705, 45.9256
96.2977, 201.088
103.46, 208.052
188.485, 165.389
Evaluation Time: 1.41231 seconds
Resulting Fitness: 0.333333
-------------
Particle: 14:
Relays Coordinates:
131.559, 190.696
92.3791, 39.7351
134.453, 179.51
175.875, 206.636
Evaluation Time: 1.41227 seconds
Resulting Fitness: 0.288889
-------------
Particle: 15:
Relays Coordinates:
77.8258, 67.2627
63.1094, 335.772
93.538, 187.009
133.409, 128.071
Evaluation Time: 1.50783 seconds
Resulting Fitness: 0.375
-------------
Particle: 16:
Relays Coordinates:
123.332, 54.2065
100.454, 265.833
101.449, 231.857
195.14, 174.86
Evaluation Time: 1.60533 seconds
Resulting Fitness: 0.436111
-------------
Particle: 17:
Relays Coordinates:
79.4356, 38.9149
85.0906, 265.721
61.7264, 119.895
106.19, 95.6349
Evaluation Time: 1.4329 seconds
Resulting Fitness: 0.325
-------------
Particle: 18:
Relays Coordinates:
127.77, 63.2757
112.612, 285.729
111.314, 224.074
175.361, 154.847
Evaluation Time: 1.51575 seconds
Resulting Fitness: 0.4
-------------
Particle: 19:
Relays Coordinates:
137.338, 69.4694
105.533, 364.5
99.5175, 245.38
207.646, 181.93
Evaluation Time: 1.85084 seconds
Resulting Fitness: 0.513889
-------------
Particle: 20:
Relays Coordinates:
143.828, 57.2187
110.307, 405
110.113, 271.805
202.279, 177.581
Evaluation Time: 1.90808 seconds
Resulting Fitness: 0.477778
Final Evaluation Time: 681.019 seconds
Final global best fitness: 0.538889
Final global best relays:
130.661, 61.4632
111.117, 367.258
103.052, 238.434
204.512, 171.701
