PSO EXECUTION
============================
Seed: 525339
Particles: 20
Relays: 3
Iterations: 20
Backend: Simulation
Network Configuration: 2
Area: 500 x 500
Sink: 0, 0
Simulated Relay range: 155
w: 0.8
c1: 1.7
c2: 1.3

Relay Nodes Positions: 
PARTICLE 1: 
27.9542, 89.4473
210.547, 19.7434
151.656, 6.91478
PARTICLE 2: 
107.862, 84.8182
200.305, 39.4583
299.284, 62.0121
PARTICLE 3: 
183.837, 114.806
117.524, 181.764
99.9187, 58.9747
PARTICLE 4: 
209.45, 71.6831
107.693, 13.5854
306.546, 85.3236
PARTICLE 5: 
52.1891, 93.9697
65.3973, 98.9991
0.942603, 216.787
PARTICLE 6: 
56.7187, 86.1777
115.153, 124.133
130.156, 254.387
PARTICLE 7: 
27.212, 125.512
6.16398, 203.026
105.875, 265.989
PARTICLE 8: 
73.2366, 231.267
138.448, 49.3794
107.437, 194.376
PARTICLE 9: 
203.169, 104.915
30.9137, 132.413
137.702, 232.211
PARTICLE 10: 
145.231, 304.58
128.283, 153.717
31.6988, 136.084
PARTICLE 11: 
150.908, 24.2964
170.401, 64.7699
259.428, 93.4132
PARTICLE 12: 
26.3094, 204.094
133.965, 269.845
34.5475, 86.7048
PARTICLE 13: 
169.284, 31.0725
222.324, 95.2419
70.1825, 127.807
PARTICLE 14: 
207.544, 94.296
97.6646, 105.718
184.884, 89.9389
PARTICLE 15: 
105.614, 5.49382
224.449, 144.348
161.935, 124.233
PARTICLE 16: 
129.005, 68.0104
41.0895, 17.623
275.494, 42.2692
PARTICLE 17: 
25.3021, 59.6357
56.3368, 136.056
168.468, 197.934
PARTICLE 18: 
68.9892, 84.2088
88.4947, 68.7145
203.723, 44.8154
PARTICLE 19: 
139.621, 255.7
85.681, 64.6456
117.089, 166.218
PARTICLE 20: 
309.992, 87.6027
196.548, 191.585
90.1358, 100.008
Nodes Positions: 
92.8318, 431.924
264.756, 212.797
78.4016, 110.451
176.434, 166.459
375.211, 11.346
408.52, 420.007
276.028, 59.969
219.487, 384.547
236.936, 2.94979
302.086, 476.433
148.696, 251.347
484.223, 246.192
310.683, 147.045
167.142, 444.705
284.622, 474.139
269.537, 117.962
163.234, 207.053
297.157, 178.36
357.83, 66.8783
127.681, 168.066
71.4098, 151.038
339.012, 408.39
474.642, 381.966
47.3843, 367.899
150.626, 357.713
249.473, 84.4318
205.23, 83.2034
227.068, 486.386
478.421, 105.978
319.69, 405.49
444.089, 462.795
20.2492, 336.189
460.518, 51.6354
117.061, 42.2838
251.266, 302.589
209.315, 297.713
408.041, 240.521
32.6609, 496.639
3.76852, 218.521
452.592, 436.412
107.391, 279.405
393.526, 360.673
52.5182, 317.937
85.2804, 291.001
419.218, 136.262
198.987, 450.595
370.39, 130.929
391.205, 20.6257
436.191, 31.4886
358.852, 233.08
491.896, 271.003
112.283, 98.2627
12.3777, 198.455
191.195, 332.733
33.3972, 394.695
342.03, 346.324
327.391, 190.812
428.468, 39.1359
65.574, 313.445
134.897, 264.636
All particles start with velocity zero
-- ITERATION 0 --
-------------
Particle: 1:
Relays Coordinates:
27.9542, 89.4473
210.547, 19.7434
151.656, 6.91478
Evaluation Time: 1.18561 seconds
Resulting Fitness: 0.183333
New local best!
New global best!
-------------
Particle: 2:
Relays Coordinates:
107.862, 84.8182
200.305, 39.4583
299.284, 62.0121
Evaluation Time: 1.37724 seconds
Resulting Fitness: 0.261111
New local best!
New global best!
-------------
Particle: 3:
Relays Coordinates:
183.837, 114.806
117.524, 181.764
99.9187, 58.9747
Evaluation Time: 1.33147 seconds
Resulting Fitness: 0.308333
New local best!
New global best!
-------------
Particle: 4:
Relays Coordinates:
209.45, 71.6831
107.693, 13.5854
306.546, 85.3236
Evaluation Time: 1.31903 seconds
Resulting Fitness: 0.302778
New local best!
-------------
Particle: 5:
Relays Coordinates:
52.1891, 93.9697
65.3973, 98.9991
0.942603, 216.787
Evaluation Time: 1.18184 seconds
Resulting Fitness: 0.194444
New local best!
-------------
Particle: 6:
Relays Coordinates:
56.7187, 86.1777
115.153, 124.133
130.156, 254.387
Evaluation Time: 1.41658 seconds
Resulting Fitness: 0.291667
New local best!
-------------
Particle: 7:
Relays Coordinates:
27.212, 125.512
6.16398, 203.026
105.875, 265.989
Evaluation Time: 1.36817 seconds
Resulting Fitness: 0.325
New local best!
New global best!
-------------
Particle: 8:
Relays Coordinates:
73.2366, 231.267
138.448, 49.3794
107.437, 194.376
Evaluation Time: 1.34773 seconds
Resulting Fitness: 0.277778
New local best!
-------------
Particle: 9:
Relays Coordinates:
203.169, 104.915
30.9137, 132.413
137.702, 232.211
Evaluation Time: 1.48358 seconds
Resulting Fitness: 0.377778
New local best!
New global best!
-------------
Particle: 10:
Relays Coordinates:
145.231, 304.58
128.283, 153.717
31.6988, 136.084
Evaluation Time: 1.42785 seconds
Resulting Fitness: 0.319444
New local best!
-------------
Particle: 11:
Relays Coordinates:
150.908, 24.2964
170.401, 64.7699
259.428, 93.4132
Evaluation Time: 1.23683 seconds
Resulting Fitness: 0.230556
New local best!
-------------
Particle: 12:
Relays Coordinates:
26.3094, 204.094
133.965, 269.845
34.5475, 86.7048
Evaluation Time: 1.31814 seconds
Resulting Fitness: 0.316667
New local best!
-------------
Particle: 13:
Relays Coordinates:
169.284, 31.0725
222.324, 95.2419
70.1825, 127.807
Evaluation Time: 1.29844 seconds
Resulting Fitness: 0.263889
New local best!
-------------
Particle: 14:
Relays Coordinates:
207.544, 94.296
97.6646, 105.718
184.884, 89.9389
Evaluation Time: 1.20641 seconds
Resulting Fitness: 0.222222
New local best!
-------------
Particle: 15:
Relays Coordinates:
105.614, 5.49382
224.449, 144.348
161.935, 124.233
Evaluation Time: 1.31551 seconds
Resulting Fitness: 0.247222
New local best!
-------------
Particle: 16:
Relays Coordinates:
129.005, 68.0104
41.0895, 17.623
275.494, 42.2692
Evaluation Time: 1.35615 seconds
Resulting Fitness: 0.208333
New local best!
-------------
Particle: 17:
Relays Coordinates:
25.3021, 59.6357
56.3368, 136.056
168.468, 197.934
Evaluation Time: 1.31849 seconds
Resulting Fitness: 0.263889
New local best!
-------------
Particle: 18:
Relays Coordinates:
68.9892, 84.2088
88.4947, 68.7145
203.723, 44.8154
Evaluation Time: 1.14989 seconds
Resulting Fitness: 0.180556
New local best!
-------------
Particle: 19:
Relays Coordinates:
139.621, 255.7
85.681, 64.6456
117.089, 166.218
Evaluation Time: 1.44139 seconds
Resulting Fitness: 0.327778
New local best!
-------------
Particle: 20:
Relays Coordinates:
309.992, 87.6027
196.548, 191.585
90.1358, 100.008
Evaluation Time: 1.49168 seconds
Resulting Fitness: 0.377778
New local best!
Current global best fitness: 0.377778
Current global best relays: 203.169, 104.915
30.9137, 132.413
137.702, 232.211
Particle 1 new velocities: 95.0519, 2.96133
-87.0077, 117.393
-12.8862, 139.453
Particle 2 new velocities: 0.131233, 9.18225
-128.852, 19.1472
-72.0689, 185.702
Particle 3 new velocities: 0.78296, -9.87304
-72.5881, -36.9985
10.1426, 41.2669
Particle 4 new velocities: -0.437926, 42.8632
-78.4599, 65.9742
-107.7, 21.3079
Particle 5 new velocities: 189.421, 12.9478
-4.81104, 10.8822
36.7636, 3.41027
Particle 6 new velocities: 33.2479, 2.00992
-69.6639, 2.83522
0.91265, -11.8304
Particle 7 new velocities: 224.16, -16.797
31.0131, -74.3298
25.4699, -4.73559
Particle 8 new velocities: 96.3043, -155.53
-111.499, 68.4847
0.902797, 11.1465
Particle 9 new velocities: 0, 0
0, 0
0, 0
Particle 10 new velocities: 54.1195, -237.619
-14.212, -7.83932
123.393, 27.4195
Particle 11 new velocities: 13.914, 2.92893
-100.714, 18.0548
-89.1258, 20.0309
Particle 12 new velocities: 135.468, -115.372
-66.2872, -111.26
68.086, 31.0968
Particle 13 new velocities: 1.15441, 68.2225
-122.145, 14.0149
8.69713, 100.517
Particle 14 new velocities: -5.15204, 8.67768
-11.0604, 19.9974
-48.535, 8.28819
Particle 15 new velocities: 120.055, 7.28391
-70.1655, -10.4648
-18.2698, 34.9759
Particle 16 new velocities: 94.4743, 40.4104
-9.59084, 148.085
-20.7851, 88.1262
Particle 17 new velocities: 204.128, 7.96997
-30.4595, -3.83452
-25.7322, 26.1527
Particle 18 new velocities: 61.1005, 2.60354
-52.7747, 63.5838
-15.8033, 183.83
Particle 19 new velocities: 50.3561, -188.143
-7.37991, 45.2264
24.6674, 76.0274
Particle 20 new velocities: -41.1142, 1.66258
-113.804, -7.00774
5.71362, 8.7269
-- ITERATION 1 --
-------------
Particle: 1:
Relays Coordinates:
123.006, 92.4086
123.54, 137.136
138.77, 146.368
Evaluation Time: 1.17856 seconds
Resulting Fitness: 0.152778
-------------
Particle: 2:
Relays Coordinates:
78.7273, 68.5263
52.0889, 42.7234
165.64, 180.583
Evaluation Time: 1.25679 seconds
Resulting Fitness: 0.213889
-------------
Particle: 3:
Relays Coordinates:
184.62, 104.933
44.936, 144.765
110.061, 100.242
Evaluation Time: 1.22064 seconds
Resulting Fitness: 0.216667
-------------
Particle: 4:
Relays Coordinates:
188.111, 103.092
26.3099, 71.6036
178.962, 95.9683
Evaluation Time: 1.19594 seconds
Resulting Fitness: 0.194444
-------------
Particle: 5:
Relays Coordinates:
195.704, 86.6032
49.0749, 89.0038
30.542, 178.36
Evaluation Time: 1.22024 seconds
Resulting Fitness: 0.225
New local best!
-------------
Particle: 6:
Relays Coordinates:
89.9666, 88.1877
45.4893, 126.969
131.069, 242.557
Evaluation Time: 1.34134 seconds
Resulting Fitness: 0.3
New local best!
-------------
Particle: 7:
Relays Coordinates:
183.25, 79.2531
27.1021, 93.8196
95.7504, 190.454
Evaluation Time: 1.34887 seconds
Resulting Fitness: 0.305556
-------------
Particle: 8:
Relays Coordinates:
169.541, 75.7365
26.9488, 117.864
108.34, 205.522
Evaluation Time: 1.32905 seconds
Resulting Fitness: 0.316667
New local best!
-------------
Particle: 9:
Relays Coordinates:
203.169, 104.915
30.9137, 132.413
137.702, 232.211
Evaluation Time: 1.44555 seconds
Resulting Fitness: 0.377778
-------------
Particle: 10:
Relays Coordinates:
161.474, 54.2384
92.3977, 118.161
125.625, 132.438
Evaluation Time: 1.1417 seconds
Resulting Fitness: 0.183333
-------------
Particle: 11:
Relays Coordinates:
164.822, 27.2253
69.6869, 82.8246
170.302, 113.444
Evaluation Time: 1.16918 seconds
Resulting Fitness: 0.208333
-------------
Particle: 12:
Relays Coordinates:
145.599, 79.8505
60.91, 142.726
92.3702, 106.021
Evaluation Time: 1.1778 seconds
Resulting Fitness: 0.183333
-------------
Particle: 13:
Relays Coordinates:
170.438, 99.295
100.179, 109.257
78.8797, 228.324
Evaluation Time: 1.33774 seconds
Resulting Fitness: 0.313889
New local best!
-------------
Particle: 14:
Relays Coordinates:
202.392, 102.974
86.6042, 125.715
136.349, 98.2271
Evaluation Time: 1.25219 seconds
Resulting Fitness: 0.227778
New local best!
-------------
Particle: 15:
Relays Coordinates:
164.512, 9.31496
112.472, 97.6006
104.732, 116.063
Evaluation Time: 1.1188 seconds
Resulting Fitness: 0.172222
-------------
Particle: 16:
Relays Coordinates:
162.916, 79.0387
22.9625, 120.801
185.683, 95.0582
Evaluation Time: 1.20364 seconds
Resulting Fitness: 0.227778
New local best!
-------------
Particle: 17:
Relays Coordinates:
185.839, 54.7606
20.9606, 107.1
115.616, 181.51
Evaluation Time: 1.30868 seconds
Resulting Fitness: 0.280556
New local best!
-------------
Particle: 18:
Relays Coordinates:
130.09, 86.8124
35.72, 132.298
187.92, 228.646
Evaluation Time: 1.45779 seconds
Resulting Fitness: 0.305556
New local best!
-------------
Particle: 19:
Relays Coordinates:
189.977, 67.5565
78.3011, 109.872
141.757, 242.245
Evaluation Time: 1.42176 seconds
Resulting Fitness: 0.380556
New local best!
New global best!
-------------
Particle: 20:
Relays Coordinates:
217.791, 72.3049
67.023, 149.508
77.638, 88.0756
Evaluation Time: 1.30707 seconds
Resulting Fitness: 0.230556
Current global best fitness: 0.380556
Current global best relays: 189.977, 67.5565
78.3011, 109.872
141.757, 242.245
Particle 1 new velocities: 127.182, -10.3141
15.0571, -52.9152
5.69009, 34.5774
Particle 2 new velocities: 86.8844, 24.586
-42.7591, 55.603
161.597, -24.198
Particle 3 new velocities: 0.904965, -16.7346
71.5732, -31.1218
24.0742, 25.0065
Particle 4 new velocities: 15.5436, -33.1153
1.91355, 39.1474
-50.7594, 56.429
Particle 5 new velocities: 146.664, -0.118036
31.5822, 26.0481
49.2332, 5.73012
Particle 6 new velocities: 132.241, -6.75604
-31.6823, -12.3605
11.6086, -9.50396
Particle 7 new velocities: 89.9635, 50.4837
19.7649, 105.49
44.1673, 57.2932
Particle 8 new velocities: 92.3433, -134.311
-76.6519, 44.6616
5.53222, 33.3293
Particle 9 new velocities: -2.1205, -24.6665
33.243, -24.2632
4.26282, 10.0205
Particle 10 new velocities: 44.9161, -37.9439
-15.8859, -6.27667
-6.38754, 148.53
Particle 11 new velocities: 7.07328, 15.2097
84.5069, -3.03006
-8.94368, 133.973
Particle 12 new velocities: 26.6899, -41.7535
-37.6908, -13.913
-9.9563, 52.839
Particle 13 new velocities: 26.044, 36.3001
-122.8, 11.4473
51.9463, 83.1843
Particle 14 new velocities: -9.58168, -31.8539
-19.1632, 0.94846
-37.2039, 126.037
Particle 15 new velocities: 69.4373, 47.0571
-66.2977, 0.112076
33.6563, 137.74
Particle 16 new velocities: 80.6657, 20.9681
9.30914, 117.916
-63.9806, 181.402
Particle 17 new velocities: 166.655, 13.9037
-19.1276, -2.6621
3.39276, 22.9738
Particle 18 new velocities: 124.895, -5.40515
-18.7198, 33.1676
-31.9071, 157.371
Particle 19 new velocities: 40.2848, -150.515
-5.90393, 36.1811
19.734, 60.8219
Particle 20 new velocities: 99.6147, 15.9348
-59.5102, -33.8081
75.1422, 68.5402
-- ITERATION 2 --
-------------
Particle: 1:
Relays Coordinates:
225.169, 73.8851
124.737, 75.7988
130.014, 162.851
Evaluation Time: 1.35034 seconds
Resulting Fitness: 0.263889
New local best!
-------------
Particle: 2:
Relays Coordinates:
134.145, 75.4209
7.55714, 79.6444
265.061, 126.672
Evaluation Time: 1.3617 seconds
Resulting Fitness: 0.294444
New local best!
-------------
Particle: 3:
Relays Coordinates:
166.972, 79.3782
104.858, 102.279
120.722, 112.723
Evaluation Time: 1.15134 seconds
Resulting Fitness: 0.180556
-------------
Particle: 4:
Relays Coordinates:
203.654, 69.9764
28.2234, 110.751
128.202, 152.397
Evaluation Time: 1.31454 seconds
Resulting Fitness: 0.258333
-------------
Particle: 5:
Relays Coordinates:
181.949, 45.9617
42.8645, 61.1433
42.3958, 97.8331
Evaluation Time: 1.10832 seconds
Resulting Fitness: 0.205556
-------------
Particle: 6:
Relays Coordinates:
179.988, 65.9596
11.1837, 92.8325
115.569, 188.773
Evaluation Time: 1.3082 seconds
Resulting Fitness: 0.263889
-------------
Particle: 7:
Relays Coordinates:
199.173, 94.5782
34.1661, 145.297
102, 180.608
Evaluation Time: 1.3833 seconds
Resulting Fitness: 0.277778
-------------
Particle: 8:
Relays Coordinates:
154.64, 0
0, 95.9698
67.2405, 141.039
Evaluation Time: 1.15591 seconds
Resulting Fitness: 0.177778
-------------
Particle: 9:
Relays Coordinates:
180.944, 72.2239
57.741, 97.3345
127.769, 218.008
Evaluation Time: 1.34946 seconds
Resulting Fitness: 0.316667
-------------
Particle: 10:
Relays Coordinates:
167.176, 13.1986
61.9746, 90.6265
96.5821, 227.584
Evaluation Time: 1.26848 seconds
Resulting Fitness: 0.25
-------------
Particle: 11:
Relays Coordinates:
139.235, 34.3724
124.897, 64.6336
130.7, 200.408
Evaluation Time: 1.29589 seconds
Resulting Fitness: 0.241667
New local best!
-------------
Particle: 12:
Relays Coordinates:
172.289, 38.0971
23.2193, 128.813
82.4139, 158.86
Evaluation Time: 1.20341 seconds
Resulting Fitness: 0.236111
-------------
Particle: 13:
Relays Coordinates:
143.235, 98.8488
0, 87.9933
95.3721, 227.09
Evaluation Time: 1.38793 seconds
Resulting Fitness: 0.272222
-------------
Particle: 14:
Relays Coordinates:
192.81, 71.1197
67.4411, 126.663
99.1447, 224.264
Evaluation Time: 1.37574 seconds
Resulting Fitness: 0.305556
New local best!
-------------
Particle: 15:
Relays Coordinates:
170.549, 41.0953
33.6613, 71.2325
100.885, 185.023
Evaluation Time: 1.3072 seconds
Resulting Fitness: 0.291667
New local best!
-------------
Particle: 16:
Relays Coordinates:
143.833, 59.053
19.0561, 140.96
71.8641, 163.247
Evaluation Time: 1.19007 seconds
Resulting Fitness: 0.236111
New local best!
-------------
Particle: 17:
Relays Coordinates:
187.33, 36.491
0.974148, 55.5025
63.2462, 108.671
Evaluation Time: 1.18719 seconds
Resulting Fitness: 0.2
-------------
Particle: 18:
Relays Coordinates:
150.566, 48.0702
10.0384, 97.7059
92.1238, 227.939
Evaluation Time: 1.27069 seconds
Resulting Fitness: 0.255556
-------------
Particle: 19:
Relays Coordinates:
151.075, 0
47.4998, 95.8254
105.954, 198.842
Evaluation Time: 1.25062 seconds
Resulting Fitness: 0.266667
-------------
Particle: 20:
Relays Coordinates:
257.099, 71.4742
6.08533, 93.7168
123.752, 126.859
Evaluation Time: 1.34836 seconds
Resulting Fitness: 0.25
Current global best fitness: 0.380556
Current global best relays: 189.977, 67.5565
78.3011, 109.872
141.757, 242.245
Particle 1 new velocities: 71.8933, -13.9088
-42.7047, -26.4842
19.2473, 92.2178
Particle 2 new velocities: 91.677, 12.2012
41.9329, 63.5081
101.079, 99.189
Particle 3 new velocities: 31.9102, -0.1322
32.1051, 74.0445
28.6408, 54.1014
Particle 4 new velocities: 12.6588, -28.4188
168.838, -125.715
90.5784, 65.1753
Particle 5 new velocities: 133.79, 80.4235
53.5706, 109.687
55.8603, 166.585
Particle 6 new velocities: 80.1548, -0.470109
93.5072, 45.9274
22.6477, 34.9453
Particle 7 new velocities: -157.391, 54.7419
14.8761, 56.5523
82.1503, 198.184
Particle 8 new velocities: 112.275, 103.858
119.235, 84.2207
99.9731, 206.396
Particle 9 new velocities: 32.4508, 1.14536
10.6571, 8.37356
23.2858, 40.1243
Particle 10 new velocities: 4.09733, 322.226
69.4303, 14.5725
6.85597, -29.2492
Particle 11 new velocities: 14.8503, 18.6693
17.5916, 52.4378
2.78284, 159.117
Particle 12 new velocities: -1.11686, 30.6788
15.6631, 83.3535
-12.2707, 108.957
Particle 13 new velocities: 57.356, 23.1982
53.3435, 24.6109
71.2679, 78.1794
Particle 14 new velocities: -10.6324, -28.8588
-12.5869, -12.4314
9.68644, 104.718
Particle 15 new velocities: 80.6234, 48.6815
-12.0795, 35.7637
47.0556, 112.943
Particle 16 new velocities: 98.0995, 19.2532
66.0434, 81.802
0.957943, 190.566
Particle 17 new velocities: 135.221, 34.6851
38.5938, 26.727
79.9929, 246.421
Particle 18 new velocities: 139.998, 24.3136
37.9479, 71.5572
27.1836, 136.996
Particle 19 new velocities: 94.8533, 151.964
57.1832, 53.8622
96.3334, 101.139
Particle 20 new velocities: 43.0496, 14.9173
27.9634, 86.4982
62.9653, 164.071
-- ITERATION 3 --
-------------
Particle: 1:
Relays Coordinates:
194.903, 39.3505
53.8214, 32.3553
97.9302, 167.35
Evaluation Time: 1.24664 seconds
Resulting Fitness: 0.280556
New local best!
-------------
Particle: 2:
Relays Coordinates:
164.625, 63.8765
36.0782, 104.358
266.916, 164.653
Evaluation Time: 1.28707 seconds
Resulting Fitness: 0.316667
New local best!
-------------
Particle: 3:
Relays Coordinates:
130.487, 51.9933
89.8617, 115.686
97.9969, 109.454
Evaluation Time: 1.14252 seconds
Resulting Fitness: 0.166667
-------------
Particle: 4:
Relays Coordinates:
157.692, 30.2954
143.658, 0
159.491, 158.61
Evaluation Time: 1.29791 seconds
Resulting Fitness: 0.222222
-------------
Particle: 5:
Relays Coordinates:
207.156, 82.9213
63.271, 112.082
64.4658, 173.485
Evaluation Time: 1.26519 seconds
Resulting Fitness: 0.308333
New local best!
-------------
Particle: 6:
Relays Coordinates:
210.716, 53.0465
84.7996, 112.396
111.955, 181.212
Evaluation Time: 1.42333 seconds
Resulting Fitness: 0.275
-------------
Particle: 7:
Relays Coordinates:
27.4127, 97.9689
32.1766, 132.433
120.821, 248.525
Evaluation Time: 1.27877 seconds
Resulting Fitness: 0.297222
-------------
Particle: 8:
Relays Coordinates:
175.123, 68.1414
78.2303, 118.223
109.709, 227.952
Evaluation Time: 1.32809 seconds
Resulting Fitness: 0.325
New local best!
-------------
Particle: 9:
Relays Coordinates:
172.85, 59.4291
55.4025, 85.6235
122.354, 209.087
Evaluation Time: 1.35138 seconds
Resulting Fitness: 0.327778
-------------
Particle: 10:
Relays Coordinates:
154.146, 301.882
118.264, 94.6791
93.0942, 178.501
Evaluation Time: 1.44008 seconds
Resulting Fitness: 0.325
New local best!
-------------
Particle: 11:
Relays Coordinates:
90.986, 31.3206
84.1381, 69.1295
78.8204, 212.296
Evaluation Time: 1.21972 seconds
Resulting Fitness: 0.244444
New local best!
-------------
Particle: 12:
Relays Coordinates:
124.785, 50.1376
28.3452, 154.67
51.1344, 195.239
Evaluation Time: 1.21613 seconds
Resulting Fitness: 0.269444
-------------
Particle: 13:
Relays Coordinates:
162.479, 98.8581
43.2082, 91.2094
134.978, 247.268
Evaluation Time: 1.3844 seconds
Resulting Fitness: 0.311111
-------------
Particle: 14:
Relays Coordinates:
119.527, 27.7274
35.9898, 74.9477
71.4041, 215.845
Evaluation Time: 1.2675 seconds
Resulting Fitness: 0.266667
-------------
Particle: 15:
Relays Coordinates:
164.794, 58.9025
14.1598, 70.2002
97.0639, 195.495
Evaluation Time: 1.29836 seconds
Resulting Fitness: 0.272222
-------------
Particle: 16:
Relays Coordinates:
142.859, 46.239
50.2504, 131.539
43.0007, 208.923
Evaluation Time: 1.20283 seconds
Resulting Fitness: 0.269444
New local best!
-------------
Particle: 17:
Relays Coordinates:
154.275, 34.0433
18.9252, 39.3301
68.5108, 169.839
Evaluation Time: 1.18671 seconds
Resulting Fitness: 0.233333
-------------
Particle: 18:
Relays Coordinates:
171.575, 42.7419
28.3354, 99.9482
70.4498, 215.49
Evaluation Time: 1.29345 seconds
Resulting Fitness: 0.311111
New local best!
-------------
Particle: 19:
Relays Coordinates:
199.202, 123.091
84.7932, 121.247
163.853, 242.985
Evaluation Time: 1.45581 seconds
Resulting Fitness: 0.388889
New local best!
New global best!
-------------
Particle: 20:
Relays Coordinates:
196.927, 56.6815
22.3394, 118.239
122.505, 190.879
Evaluation Time: 1.31843 seconds
Resulting Fitness: 0.275
Current global best fitness: 0.388889
Current global best relays: 199.202, 123.091
84.7932, 121.247
163.853, 242.985
Particle 1 new velocities: 59.44, -7.43788
-0.21843, 52.9527
88.3314, 94.1965
Particle 2 new velocities: 74.5679, 56.144
93.6898, 54.5609
77.5443, 83.7541
Particle 3 new velocities: 63.1845, 116.966
41.3291, 94.3196
92.707, 134.093
Particle 4 new velocities: 94.5074, 16.3985
45.4177, 71.2961
289.778, 58.2033
Particle 5 new velocities: 102.753, 79.694
51.7883, 97.2819
129.645, 184.808
Particle 6 new velocities: -80.1471, 53.0318
25.8723, 61.2097
63.9305, 45.1627
Particle 7 new velocities: -34.9937, 72.7886
43.6108, 140.515
48.1294, 177.694
Particle 8 new velocities: 96.6803, 116.997
99.2111, 68.1301
143.236, 183.198
Particle 9 new velocities: 89.2756, 47.0516
-9.47063, 46.9565
63.4386, 84.3546
Particle 10 new velocities: 58.8049, 171.313
53.0878, 45.1706
44.7044, -17.5293
Particle 11 new velocities: 14.5955, 106.947
14.6978, 49.1341
18.7006, 135.308
Particle 12 new velocities: -158.624, 247.03
201.177, 144.543
78.3834, -36.8242
Particle 13 new velocities: 67.8073, 22.0445
71.4534, 67.3259
22.7757, 31.8727
Particle 14 new velocities: 147.749, 62.9343
60.4554, 113.52
117.535, 120.256
Particle 15 new velocities: 73.9614, 54.3658
0.935609, 39.4679
57.8415, 114.747
Particle 16 new velocities: 85.8562, 89.6532
83.9281, 55.6067
11.1593, 186.402
Particle 17 new velocities: 165.566, 84.952
111.337, 130.112
147.488, 247.248
Particle 18 new velocities: 145.486, 86.3097
33.0676, 58.0482
59.0938, 128.721
Particle 19 new velocities: 75.8827, 121.571
45.7465, 43.0897
77.0667, 80.9109
Particle 20 new velocities: 215.89, 133.748
50.1438, 139.781
27.1275, 184.76
-- ITERATION 4 --
-------------
Particle: 1:
Relays Coordinates:
166.874, 20.9379
35.1689, 55.9706
122.206, 171.601
Evaluation Time: 1.27211 seconds
Resulting Fitness: 0.244444
-------------
Particle: 2:
Relays Coordinates:
174.371, 87.495
94.6009, 115.852
251.112, 181.089
Evaluation Time: 1.4452 seconds
Resulting Fitness: 0.305556
-------------
Particle: 3:
Relays Coordinates:
114.361, 99.7686
77.4669, 124.006
112.609, 143.812
Evaluation Time: 1.1692 seconds
Resulting Fitness: 0.177778
-------------
Particle: 4:
Relays Coordinates:
148.921, 27.5723
111.647, 42.0996
265.289, 128.026
Evaluation Time: 1.2942 seconds
Resulting Fitness: 0.227778
-------------
Particle: 5:
Relays Coordinates:
182.998, 96.0227
67.9414, 123.627
114.62, 211.568
Evaluation Time: 1.32663 seconds
Resulting Fitness: 0.311111
New local best!
-------------
Particle: 6:
Relays Coordinates:
117.512, 95.4705
99.6048, 156.245
158.297, 203.737
Evaluation Time: 1.27969 seconds
Resulting Fitness: 0.236111
-------------
Particle: 7:
Relays Coordinates:
0, 138.314
61.3878, 221.088
136.85, 345.238
Evaluation Time: 1.45106 seconds
Resulting Fitness: 0.388889
New local best!
-------------
Particle: 8:
Relays Coordinates:
160.497, 109.323
104.777, 110.04
149.361, 242.78
Evaluation Time: 1.44377 seconds
Resulting Fitness: 0.308333
-------------
Particle: 9:
Relays Coordinates:
171.98, 69.862
30.1359, 86.9857
121.899, 192.527
Evaluation Time: 1.35271 seconds
Resulting Fitness: 0.269444
-------------
Particle: 10:
Relays Coordinates:
101.854, 226.328
81.9573, 66.8896
65.9087, 76.9924
Evaluation Time: 1.24122 seconds
Resulting Fitness: 0.236111
-------------
Particle: 11:
Relays Coordinates:
76.969, 100.797
72.0513, 86.2142
71.0928, 253.403
Evaluation Time: 1.23495 seconds
Resulting Fitness: 0.247222
New local best!
-------------
Particle: 12:
Relays Coordinates:
0, 216.635
167.322, 218.126
94.4185, 115.484
Evaluation Time: 1.3369 seconds
Resulting Fitness: 0.311111
-------------
Particle: 13:
Relays Coordinates:
167.879, 88.138
83.5884, 115.572
115.003, 203.494
Evaluation Time: 1.28772 seconds
Resulting Fitness: 0.297222
-------------
Particle: 14:
Relays Coordinates:
194.844, 66.0924
70.3085, 137.393
137.737, 245.018
Evaluation Time: 1.41539 seconds
Resulting Fitness: 0.322222
New local best!
-------------
Particle: 15:
Relays Coordinates:
156.648, 74.3153
9.90412, 71.9532
101.633, 203.55
Evaluation Time: 1.34801 seconds
Resulting Fitness: 0.258333
-------------
Particle: 16:
Relays Coordinates:
150.06, 89.1589
88.0345, 122.786
35.5344, 259.372
Evaluation Time: 1.32505 seconds
Resulting Fitness: 0.266667
-------------
Particle: 17:
Relays Coordinates:
188.863, 70.2655
76.9188, 100.054
127.545, 246.286
Evaluation Time: 1.39384 seconds
Resulting Fitness: 0.336111
New local best!
-------------
Particle: 18:
Relays Coordinates:
187.221, 76.2036
36.2579, 93.2953
76.4942, 203.254
Evaluation Time: 1.31815 seconds
Resulting Fitness: 0.319444
New local best!
-------------
Particle: 19:
Relays Coordinates:
200.537, 178.358
95.1634, 119.801
175.63, 236.12
Evaluation Time: 1.48429 seconds
Resulting Fitness: 0.333333
-------------
Particle: 20:
Relays Coordinates:
197.449, 91.0817
34.6685, 123.41
71.5688, 179.667
Evaluation Time: 1.3671 seconds
Resulting Fitness: 0.3
Current global best fitness: 0.388889
Current global best relays: 199.202, 123.091
84.7932, 121.247
163.853, 242.985
Particle 1 new velocities: 102.664, 82.0131
37.2946, 19.0413
105.728, 97.2746
Particle 2 new velocities: 63.17, 16.4287
36.3683, 32.7783
-30.1765, 115.967
Particle 3 new velocities: 99.5685, 119.375
58.3503, 149.446
101.041, 112.675
Particle 4 new velocities: 192.532, 59.3287
18.6186, 72.0836
173.499, 47.653
Particle 5 new velocities: 102.201, 69.1398
45.3436, 75.8586
147.611, 183.683
Particle 6 new velocities: -28.3743, 37.0047
-40.1901, 41.7928
48.7365, 98.4381
Particle 7 new velocities: 25.8078, 51.8887
35.3971, 89.2275
49.4791, 101.096
Particle 8 new velocities: 84.365, 76.7016
21.276, 80.3046
73.2574, 134.167
Particle 9 new velocities: 95.921, 91.3051
59.4504, 127.966
110.44, 98.9809
Particle 10 new velocities: 237.467, 224.234
95.772, 101.789
112.457, 163.609
Particle 11 new velocities: 28.7707, 85.6732
15.5185, 47.8987
130.991, 108.117
Particle 12 new velocities: 30.029, 152.762
72.3519, 155.63
57.1355, 102.777
Particle 13 new velocities: 56.3987, 38.8966
79.7448, 49.4113
39.045, 30.9711
Particle 14 new velocities: 119.406, 93.8385
64.1112, 90.3286
97.0663, 95.2779
Particle 15 new velocities: 126.758, 56.8694
84.7925, 78.7647
122.089, 89.1251
Particle 16 new velocities: 75.4962, 10.4632
45.5561, 48.0854
21.6196, 110.192
Particle 17 new velocities: 139.323, 117.317
92.2119, 121.522
163.648, 195.425
Particle 18 new velocities: 124.732, 97.2337
61.9764, 55.9534
103.137, 120.651
Particle 19 new velocities: 58.9874, -0.831204
34.5599, 35.7393
28.68, 71.3985
Particle 20 new velocities: 231.799, 116.109
284.766, 200.127
135.854, 194.553
-- ITERATION 5 --
-------------
Particle: 1:
Relays Coordinates:
196.493, 75.0513
52.8259, 54.6837
166.164, 196.01
Evaluation Time: 1.38984 seconds
Resulting Fitness: 0.291667
New local best!
-------------
Particle: 2:
Relays Coordinates:
173.168, 75.7604
95.4765, 108.351
161.062, 216.554
Evaluation Time: 1.34627 seconds
Resulting Fitness: 0.325
New local best!
-------------
Particle: 3:
Relays Coordinates:
102.322, 104.816
64.9609, 130.791
102.188, 122.677
Evaluation Time: 1.1148 seconds
Resulting Fitness: 0.147222
-------------
Particle: 4:
Relays Coordinates:
224.028, 57.0158
85.4673, 74.9156
287.889, 115.263
Evaluation Time: 1.52841 seconds
Resulting Fitness: 0.261111
-------------
Particle: 5:
Relays Coordinates:
187.119, 108.363
74.3263, 130.883
172.05, 259.324
Evaluation Time: 1.42169 seconds
Resulting Fitness: 0.313889
New local best!
-------------
Particle: 6:
Relays Coordinates:
72.2013, 107.305
48.1258, 160.41
167.697, 244.762
Evaluation Time: 1.32504 seconds
Resulting Fitness: 0.25
-------------
Particle: 7:
Relays Coordinates:
18.8139, 138.657
70.5562, 226.22
135.834, 325.377
Evaluation Time: 1.35901 seconds
Resulting Fitness: 0.375
-------------
Particle: 8:
Relays Coordinates:
160.654, 122.05
82.7036, 124.885
146.06, 247.315
Evaluation Time: 1.47197 seconds
Resulting Fitness: 0.336111
New local best!
-------------
Particle: 9:
Relays Coordinates:
175.77, 105.742
58.7775, 141.03
152.437, 191.258
Evaluation Time: 1.32817 seconds
Resulting Fitness: 0.294444
-------------
Particle: 10:
Relays Coordinates:
180.329, 239.447
94.4526, 89.6426
94.7909, 127.865
Evaluation Time: 1.35062 seconds
Resulting Fitness: 0.291667
-------------
Particle: 11:
Relays Coordinates:
77.0842, 135.937
63.8384, 97.7683
147.319, 263.548
Evaluation Time: 1.3695 seconds
Resulting Fitness: 0.283333
New local best!
-------------
Particle: 12:
Relays Coordinates:
15.9586, 196.313
127.373, 198.629
80.542, 115.993
Evaluation Time: 1.26123 seconds
Resulting Fitness: 0.219444
-------------
Particle: 13:
Relays Coordinates:
147.148, 83.3474
107.163, 108.246
101.071, 153.832
Evaluation Time: 1.26186 seconds
Resulting Fitness: 0.222222
-------------
Particle: 14:
Relays Coordinates:
167.005, 84.9938
71.4362, 121.02
124.784, 180.847
Evaluation Time: 1.2483 seconds
Resulting Fitness: 0.275
-------------
Particle: 15:
Relays Coordinates:
229.559, 106.26
76.7043, 122.082
181.215, 237.067
Evaluation Time: 1.50292 seconds
Resulting Fitness: 0.35
New local best!
-------------
Particle: 16:
Relays Coordinates:
147.987, 65.3621
87.6488, 112.109
37.4987, 242.471
Evaluation Time: 1.3106 seconds
Resulting Fitness: 0.288889
New local best!
-------------
Particle: 17:
Relays Coordinates:
174.411, 99.689
89.883, 117.755
154.752, 234.743
Evaluation Time: 1.38515 seconds
Resulting Fitness: 0.363889
New local best!
-------------
Particle: 18:
Relays Coordinates:
227.414, 126.436
71.6128, 108.802
130.951, 236.127
Evaluation Time: 1.50174 seconds
Resulting Fitness: 0.366667
New local best!
-------------
Particle: 19:
Relays Coordinates:
189.193, 129.417
94.5683, 113.389
148.942, 224.181
Evaluation Time: 1.38364 seconds
Resulting Fitness: 0.347222
-------------
Particle: 20:
Relays Coordinates:
149.67, 72.2428
111.38, 112.81
72.324, 130.483
Evaluation Time: 1.19864 seconds
Resulting Fitness: 0.188889
Current global best fitness: 0.388889
Current global best relays: 199.202, 123.091
84.7932, 121.247
163.853, 242.985
Particle 1 new velocities: 83.3138, 87.9241
47.9214, 32.3657
84.2912, 108.526
Particle 2 new velocities: 70.4575, 69.0429
21.8818, 37.6232
-21.2449, 124.44
Particle 3 new velocities: 216.475, 105.222
69.5928, 174.762
81.0003, 115.393
Particle 4 new velocities: 127.234, 116.843
35.6573, -30.5331
72.828, 156.343
Particle 5 new velocities: 86.1093, 71.5731
47.9491, 48.7351
108.945, 136.243
Particle 6 new velocities: 42.8828, 10.2271
-2.19965, -31.1686
-0.565242, 73.3976
Particle 7 new velocities: 118.632, 38.769
13.5049, -14.8825
50.8948, 75.7497
Particle 8 new velocities: 107.794, 61.7467
18.4439, 60.67
78.6699, 103.2
Particle 9 new velocities: 127.602, 75.0703
40.4964, 82.3105
68.1981, 157.655
Particle 10 new velocities: 201.864, 132.934
92.5558, 115.487
115.803, 240.855
Particle 11 new velocities: 35.419, 62.1771
21.4539, 42.344
110.356, 80.5454
Particle 12 new velocities: 238.07, 68.6698
22.0159, 182.194
48.5608, 95.9422
Particle 13 new velocities: 140.256, 70.1832
55.5758, 49.8798
68.2619, 49.9176
Particle 14 new velocities: 156.147, 99.7095
60.0686, 79.1903
131.047, 198.237
Particle 15 new velocities: 85.8608, 49.3613
74.7847, 61.9273
93.566, 76.1042
Particle 16 new velocities: 69.4258, 53.742
34.289, 41.3462
43.4614, 88.4472
Particle 17 new velocities: 142.804, 106.755
71.8579, 100.428
136.977, 161.304
Particle 18 new velocities: 73.6994, 75.7579
51.5768, 46.5523
111.05, 100.356
Particle 19 new velocities: 54.9555, -9.9884
3.12595, 39.6828
33.7073, 94.1868
Particle 20 new velocities: 394.547, 126.215
330.275, 225.366
121.011, 217.207
-- ITERATION 6 --
-------------
Particle: 1:
Relays Coordinates:
203.979, 118.809
73.4448, 63.459
182.582, 222.007
Evaluation Time: 1.44975 seconds
Resulting Fitness: 0.347222
New local best!
-------------
Particle: 2:
Relays Coordinates:
177.603, 105.562
85.5542, 106.415
101.926, 248.585
Evaluation Time: 1.37397 seconds
Resulting Fitness: 0.35
New local best!
-------------
Particle: 3:
Relays Coordinates:
152.479, 100.46
64.3566, 146.145
87.6185, 113.868
Evaluation Time: 1.21463 seconds
Resulting Fitness: 0.186111
-------------
Particle: 4:
Relays Coordinates:
186.675, 92.3955
64.3706, 23.5867
191.7, 144.343
Evaluation Time: 1.35334 seconds
Resulting Fitness: 0.25
-------------
Particle: 5:
Relays Coordinates:
179.265, 118.056
80.2249, 117.847
184.361, 259.532
Evaluation Time: 1.47711 seconds
Resulting Fitness: 0.302778
-------------
Particle: 6:
Relays Coordinates:
83.8963, 85.6808
33.4802, 94.2173
121.839, 231.938
Evaluation Time: 1.32626 seconds
Resulting Fitness: 0.269444
-------------
Particle: 7:
Relays Coordinates:
90.1781, 116.409
55.1525, 138.658
122.513, 263.179
Evaluation Time: 1.42119 seconds
Resulting Fitness: 0.322222
-------------
Particle: 8:
Relays Coordinates:
195.699, 133.988
73.7365, 135.269
163.828, 255.525
Evaluation Time: 1.56468 seconds
Resulting Fitness: 0.35
New local best!
-------------
Particle: 9:
Relays Coordinates:
179.138, 106.768
58.6202, 131.88
130.283, 206.03
Evaluation Time: 1.29468 seconds
Resulting Fitness: 0.308333
-------------
Particle: 10:
Relays Coordinates:
203.113, 197.899
99.3839, 109.014
111.918, 195.953
Evaluation Time: 1.40188 seconds
Resulting Fitness: 0.35
New local best!
-------------
Particle: 11:
Relays Coordinates:
82.0149, 144.425
62.1781, 102.142
187.845, 250.844
Evaluation Time: 1.39796 seconds
Resulting Fitness: 0.244444
-------------
Particle: 12:
Relays Coordinates:
150.001, 156.47
88.2123, 224.873
76.2339, 125.145
Evaluation Time: 1.31838 seconds
Resulting Fitness: 0.291667
-------------
Particle: 13:
Relays Coordinates:
188.566, 100.731
106.773, 103.746
111.099, 133.68
Evaluation Time: 1.27333 seconds
Resulting Fitness: 0.208333
-------------
Particle: 14:
Relays Coordinates:
190.818, 109.065
77.6523, 118.222
151.066, 223.845
Evaluation Time: 1.37944 seconds
Resulting Fitness: 0.375
New local best!
-------------
Particle: 15:
Relays Coordinates:
186.252, 91.8926
89.4527, 108.655
162.255, 184.924
Evaluation Time: 1.28681 seconds
Resulting Fitness: 0.277778
-------------
Particle: 16:
Relays Coordinates:
158.494, 86.8269
88.8927, 111.869
59.0199, 241.24
Evaluation Time: 1.31373 seconds
Resulting Fitness: 0.316667
New local best!
-------------
Particle: 17:
Relays Coordinates:
168.581, 109.713
85.9558, 115.951
155.037, 210.476
Evaluation Time: 1.28818 seconds
Resulting Fitness: 0.291667
-------------
Particle: 18:
Relays Coordinates:
219.512, 147.399
89.8052, 113.254
176.419, 245.296
Evaluation Time: 1.44746 seconds
Resulting Fitness: 0.372222
New local best!
-------------
Particle: 19:
Relays Coordinates:
197.76, 96.7373
79.1324, 123.988
147.946, 257.878
Evaluation Time: 1.41551 seconds
Resulting Fitness: 0.388889
-------------
Particle: 20:
Relays Coordinates:
193.71, 76.8865
171.106, 131.016
74.9018, 134.702
Evaluation Time: 1.24437 seconds
Resulting Fitness: 0.194444
Current global best fitness: 0.388889
Current global best relays: 199.202, 123.091
84.7932, 121.247
163.853, 242.985
Particle 1 new velocities: 62.7286, 75.3915
50.2172, 60.0762
55.8261, 93.2206
Particle 2 new velocities: 63.6984, 63.825
17.209, 40.7972
1.8493, 94.825
Particle 3 new velocities: 192.585, 115.665
168.628, 169.555
146.045, 174.93
Particle 4 new velocities: 123.956, 113.31
103.525, 21.6977
136.531, 208.446
Particle 5 new velocities: 84.7646, 60.5055
42.5655, 48.9095
68.8047, 87.9581
Particle 6 new velocities: 137.51, 48.1198
83.7678, -4.29111
53.0546, 79.6057
Particle 7 new velocities: 95.4669, 53.9028
49.9769, 39.5223
94.3546, 130.199
Particle 8 new velocities: 89.046, 43.3699
22.8771, 44.9871
62.9655, 67.9298
Particle 9 new velocities: 123.671, 68.1038
21, 60.7815
106.47, 183.173
Particle 10 new velocities: 156.535, 78.8714
70.447, 105.64
149.252, 238.972
Particle 11 new velocities: 62.1448, 29.1061
22.2112, 39.9867
21.1398, 72.4208
Particle 12 new velocities: 104.963, 54.2758
38.9737, 118.176
35.4214, 160.591
Particle 13 new velocities: 111.552, 73.7626
22.9509, 56.7813
60.1195, 237.456
Particle 14 new velocities: 135.538, 94.3357
51.1851, 63.61
120.001, 163.325
Particle 15 new velocities: 103.552, 68.5331
52.7417, 72.1065
93.4708, 187.702
Particle 16 new velocities: 58.2024, 51.3996
22.1424, 39.9462
154.034, 71.8072
Particle 17 new velocities: 157.484, 82.2713
61.9278, 82.8261
113.975, 146.361
Particle 18 new velocities: 49.9676, 32.6945
35.4766, 46.6116
82.4409, 78.7039
Particle 19 new velocities: 47.6888, 55.7012
3.45915, 28.2298
59.688, 57.2591
Particle 20 new velocities: 81.6246, 128.988
283.087, 234.36
212.936, 204.886
-- ITERATION 7 --
-------------
Particle: 1:
Relays Coordinates:
216.033, 157.302
100.166, 100.063
193.11, 255.334
Evaluation Time: 1.50222 seconds
Resulting Fitness: 0.352778
New local best!
-------------
Particle: 2:
Relays Coordinates:
175.908, 123.483
74.9144, 107.318
75.6525, 250.346
Evaluation Time: 1.39549 seconds
Resulting Fitness: 0.319444
-------------
Particle: 3:
Relays Coordinates:
133.685, 83.7314
90.2631, 122.309
90.5261, 111.886
Evaluation Time: 1.14874 seconds
Resulting Fitness: 0.155556
-------------
Particle: 4:
Relays Coordinates:
203.805, 134.964
110.156, 29.7111
215.352, 231.464
Evaluation Time: 1.40465 seconds
Resulting Fitness: 0.333333
New local best!
-------------
Particle: 5:
Relays Coordinates:
192.478, 130.171
89.5142, 121.566
184.558, 253.32
Evaluation Time: 1.46387 seconds
Resulting Fitness: 0.325
New local best!
-------------
Particle: 6:
Relays Coordinates:
179.339, 108.379
94.9709, 72.8402
141.664, 252.351
Evaluation Time: 1.46485 seconds
Resulting Fitness: 0.319444
New local best!
-------------
Particle: 7:
Relays Coordinates:
121.802, 111.742
68.9754, 116.904
142.287, 258.095
Evaluation Time: 1.36261 seconds
Resulting Fitness: 0.3
-------------
Particle: 8:
Relays Coordinates:
207.579, 129.294
70.4314, 131.407
165.333, 235.799
Evaluation Time: 1.46368 seconds
Resulting Fitness: 0.394444
New local best!
New global best!
-------------
Particle: 9:
Relays Coordinates:
198.673, 114.733
52.2388, 126.405
155.334, 255.356
Evaluation Time: 1.45393 seconds
Resulting Fitness: 0.352778
-------------
Particle: 10:
Relays Coordinates:
191.132, 147.087
90.2551, 114.076
138.797, 231.137
Evaluation Time: 1.43112 seconds
Resulting Fitness: 0.344444
-------------
Particle: 11:
Relays Coordinates:
129.744, 156.178
75.9503, 127.916
188.087, 290.939
Evaluation Time: 1.48082 seconds
Resulting Fitness: 0.286111
New local best!
-------------
Particle: 12:
Relays Coordinates:
121.949, 100.799
60.8327, 164.079
53.4044, 136.667
Evaluation Time: 1.22956 seconds
Resulting Fitness: 0.177778
-------------
Particle: 13:
Relays Coordinates:
196.907, 114.486
85.1118, 105.322
112.337, 243.502
Evaluation Time: 1.46898 seconds
Resulting Fitness: 0.386111
New local best!
-------------
Particle: 14:
Relays Coordinates:
214.122, 133.452
84.5302, 119.3
177.847, 254.022
Evaluation Time: 1.4337 seconds
Resulting Fitness: 0.391667
New local best!
-------------
Particle: 15:
Relays Coordinates:
190.14, 105.255
93.2938, 118.598
167.782, 244.48
Evaluation Time: 1.44112 seconds
Resulting Fitness: 0.333333
-------------
Particle: 16:
Relays Coordinates:
175.524, 111.963
89.9384, 122.97
172.574, 253.568
Evaluation Time: 1.47552 seconds
Resulting Fitness: 0.311111
-------------
Particle: 17:
Relays Coordinates:
192.538, 113.365
87.3238, 117.376
158.849, 210.709
Evaluation Time: 1.40282 seconds
Resulting Fitness: 0.333333
-------------
Particle: 18:
Relays Coordinates:
196.45, 131.288
91.3304, 116.542
188.709, 236.196
Evaluation Time: 1.41319 seconds
Resulting Fitness: 0.344444
-------------
Particle: 19:
Relays Coordinates:
198.814, 123.475
66.8991, 123.297
168.184, 255.261
Evaluation Time: 1.43598 seconds
Resulting Fitness: 0.402778
New local best!
New global best!
-------------
Particle: 20:
Relays Coordinates:
118.523, 88.6223
195.515, 157.283
123.905, 146.181
Evaluation Time: 1.33499 seconds
Resulting Fitness: 0.25
Current global best fitness: 0.402778
Current global best relays: 198.814, 123.475
66.8991, 123.297
168.184, 255.261
Particle 1 new velocities: 44.2027, 57.7827
39.0652, 67.0974
41.0267, 74.4967
Particle 2 new velocities: 76.8628, 33.7583
21.4756, 52.365
92.9883, 79.5902
Particle 3 new velocities: 224.204, 129.224
113.671, 169.857
221.957, 162.494
Particle 4 new velocities: 94.0573, 85.7728
59.8525, 33.0811
66.2178, 192.353
Particle 5 new velocities: 72.3767, 47.3716
18.3453, 40.9553
38.6673, 72.7917
Particle 6 new velocities: 115.139, 56.5879
66.0079, 37.0353
42.8659, 63.833
Particle 7 new velocities: 141.266, 74.5003
34.8447, 154.694
78.6065, 153.368
Particle 8 new velocities: 69.7339, 33.94
15.7092, 33.283
53.3078, 59.5984
Particle 9 new velocities: 104.034, 44.4883
5.74239, 52.3941
76.132, 146.227
Particle 10 new velocities: 143.649, 101.885
63.29, 83.9313
124.954, 154.555
Particle 11 new velocities: 116.63, -7.26391
6.01915, 29.0602
9.33851, 52.674
Particle 12 new velocities: 58.4338, 86.7323
103.523, 148.073
99.9928, 229.941
Particle 13 new velocities: 90.8755, 67.0655
9.92004, 46.4323
115.928, 203.14
Particle 14 new velocities: 92.7646, 64.5399
35.2077, 51.6861
93.4609, 132.078
Particle 15 new velocities: 110.772, 60.9667
7.37079, 60.7877
86.3284, 163.477
Particle 16 new velocities: 25.9506, 37.8606
-12.343, 20.8735
11.3497, 46.6146
Particle 17 new velocities: 111.313, 66.3528
46.5441, 70.7315
89.7173, 147.362
Particle 18 new velocities: 46.6184, 26.58
26.3493, 38.7342
32.0449, 95.5725
Particle 19 new velocities: 38.151, 44.561
2.76732, 22.5838
47.7504, 45.8073
Particle 20 new velocities: 273.113, 138.949
87.7375, 201.972
186.978, 154.92
-- ITERATION 8 --
-------------
Particle: 1:
Relays Coordinates:
170.741, 141.117
91.3497, 109.674
153.617, 216.402
Evaluation Time: 1.34867 seconds
Resulting Fitness: 0.280556
-------------
Particle: 2:
Relays Coordinates:
204.745, 127.365
78.0759, 129.343
136.599, 267.248
Evaluation Time: 1.50265 seconds
Resulting Fitness: 0.361111
New local best!
-------------
Particle: 3:
Relays Coordinates:
154.059, 91.6704
87.7871, 125.768
134.514, 118.112
Evaluation Time: 1.20234 seconds
Resulting Fitness: 0.180556
-------------
Particle: 4:
Relays Coordinates:
217.142, 160.917
123.937, 45.7755
205.264, 308.963
Evaluation Time: 1.4949 seconds
Resulting Fitness: 0.311111
-------------
Particle: 5:
Relays Coordinates:
193.079, 129.429
78.6296, 118.478
162.731, 237.736
Evaluation Time: 1.43963 seconds
Resulting Fitness: 0.386111
New local best!
-------------
Particle: 6:
Relays Coordinates:
214.675, 120.261
117.353, 80.0992
134.522, 230.498
Evaluation Time: 2.05119 seconds
Resulting Fitness: 0.366667
New local best!
-------------
Particle: 7:
Relays Coordinates:
139.805, 98.9767
55.1742, 144.339
117.392, 218.668
Evaluation Time: 1.3381 seconds
Resulting Fitness: 0.258333
-------------
Particle: 8:
Relays Coordinates:
224.623, 132.22
69.7739, 133.399
177.099, 239.272
Evaluation Time: 1.49717 seconds
Resulting Fitness: 0.333333
-------------
Particle: 9:
Relays Coordinates:
178.746, 94.0187
34.2373, 105.579
136.678, 237.131
Evaluation Time: 1.47039 seconds
Resulting Fitness: 0.355556
-------------
Particle: 10:
Relays Coordinates:
197.685, 147.015
90.6669, 116.921
155.742, 227.747
Evaluation Time: 1.4532 seconds
Resulting Fitness: 0.333333
-------------
Particle: 11:
Relays Coordinates:
179.607, 108.558
59.7557, 114.435
143.923, 250.494
Evaluation Time: 1.50378 seconds
Resulting Fitness: 0.347222
New local best!
-------------
Particle: 12:
Relays Coordinates:
106.514, 110.735
97.0504, 184.323
90.5795, 216.478
Evaluation Time: 1.2238 seconds
Resulting Fitness: 0.216667
-------------
Particle: 13:
Relays Coordinates:
152.94, 96.4837
50.5038, 80.6485
121.309, 237.364
Evaluation Time: 1.39144 seconds
Resulting Fitness: 0.325
-------------
Particle: 14:
Relays Coordinates:
223.721, 144.336
87.2889, 124.649
197.783, 281.467
Evaluation Time: 1.51567 seconds
Resulting Fitness: 0.372222
-------------
Particle: 15:
Relays Coordinates:
177.686, 98.1524
59.4414, 105.925
150.05, 240.895
Evaluation Time: 1.46894 seconds
Resulting Fitness: 0.372222
New local best!
-------------
Particle: 16:
Relays Coordinates:
181.327, 134.842
69.8358, 129.459
165.531, 270.164
Evaluation Time: 1.45289 seconds
Resulting Fitness: 0.369444
New local best!
-------------
Particle: 17:
Relays Coordinates:
199.357, 117.913
87.8307, 123.417
163.084, 234.93
Evaluation Time: 1.48265 seconds
Resulting Fitness: 0.369444
New local best!
-------------
Particle: 18:
Relays Coordinates:
177.197, 115.086
85.7885, 113.196
160.929, 241.859
Evaluation Time: 1.43266 seconds
Resulting Fitness: 0.344444
-------------
Particle: 19:
Relays Coordinates:
213.268, 151.233
62.6998, 131.292
194.341, 270.961
Evaluation Time: 1.67659 seconds
Resulting Fitness: 0.336111
-------------
Particle: 20:
Relays Coordinates:
136.555, 79.3491
98.7641, 125.264
108.398, 104.987
Evaluation Time: 1.12858 seconds
Resulting Fitness: 0.144444
Current global best fitness: 0.402778
Current global best relays: 198.814, 123.475
66.8991, 123.297
168.184, 255.261
Particle 1 new velocities: 104.194, 40.8546
23.2752, 60.6855
38.7436, 105.85
Particle 2 new velocities: 55.1179, 25.6702
15.9368, 35.6538
75.1972, 59.842
Particle 3 new velocities: 268.412, 154.578
111.505, 179.359
179.012, 81.44
Particle 4 new velocities: 51.0295, 25.0252
35.2102, 51.791
36.624, 132.926
Particle 5 new velocities: 64.3057, 30.9472
13.4814, 32.8829
34.4816, 65.2125
Particle 6 new velocities: 84.3372, 46.6563
-0.644663, 82.0873
56.9812, 67.5984
Particle 7 new velocities: 143.039, 129.098
46.7911, 126.403
91.1443, 333.333
Particle 8 new velocities: 13.0705, 15.3842
10.9348, 21.7597
24.261, 59.5755
Particle 9 new velocities: 103.773, 41.6136
28.1258, 71.9817
62.4802, 124.782
Particle 10 new velocities: 124.292, 130.127
23.1855, 65.04
81.8933, 105.289
Particle 11 new velocities: 105.325, 13.1362
6.19663, 32.9121
25.4319, 45.6979
Particle 12 new velocities: 88.3018, 207.057
78.0561, 97.095
103.025, 80.2739
Particle 13 new velocities: 117.256, 77.8267
39.3346, 117.69
148.153, 176.921
Particle 14 new velocities: 61.5263, 26.4315
1.78007, 35.3807
11.6703, 52.355
Particle 15 new velocities: 95.9848, 50.2884
8.33635, 54.7158
75.6083, 149.237
Particle 16 new velocities: 36.4515, 16.9067
-10.4575, 14.7066
10.9498, 24.7416
Particle 17 new velocities: 88.4923, 59.664
18.12, 56.539
72.0059, 130.011
Particle 18 new velocities: 79.8036, 41.2158
2.56942, 38.1749
51.2948, 83.2739
Particle 19 new velocities: 11.6916, 27.7456
6.78819, 7.0207
8.85136, 17.2198
Particle 20 new velocities: 264.258, 178.702
37.4153, 213.018
130.88, 310.666
-- ITERATION 9 --
-------------
Particle: 1:
Relays Coordinates:
200.428, 132.658
83.5615, 124.192
140.231, 234.922
Evaluation Time: 1.37432 seconds
Resulting Fitness: 0.366667
New local best!
-------------
Particle: 2:
Relays Coordinates:
210.489, 123.959
76.1503, 133.648
171.555, 264.943
Evaluation Time: 1.51663 seconds
Resulting Fitness: 0.352778
-------------
Particle: 3:
Relays Coordinates:
163.674, 95.4016
77.2097, 118.212
121.466, 77.3105
Evaluation Time: 1.14618 seconds
Resulting Fitness: 0.197222
-------------
Particle: 4:
Relays Coordinates:
158.352, 109.797
93.9745, 57.612
142.833, 260.931
Evaluation Time: 1.39894 seconds
Resulting Fitness: 0.302778
-------------
Particle: 5:
Relays Coordinates:
208.481, 129.905
74.6099, 122.602
159.742, 245.388
Evaluation Time: 1.51635 seconds
Resulting Fitness: 0.394444
New local best!
-------------
Particle: 6:
Relays Coordinates:
217.98, 121.682
85.0807, 118.234
139.606, 217.312
Evaluation Time: 1.48475 seconds
Resulting Fitness: 0.355556
-------------
Particle: 7:
Relays Coordinates:
150.315, 121.208
54.1886, 143.883
110.825, 265.721
Evaluation Time: 1.44374 seconds
Resulting Fitness: 0.308333
-------------
Particle: 8:
Relays Coordinates:
192.532, 119.559
65.374, 125.678
163.101, 242.066
Evaluation Time: 1.50935 seconds
Resulting Fitness: 0.394444
-------------
Particle: 9:
Relays Coordinates:
185.361, 88.9884
40.9164, 116.498
130.668, 237.451
Evaluation Time: 1.40915 seconds
Resulting Fitness: 0.363889
-------------
Particle: 10:
Relays Coordinates:
211.249, 181.833
74.6985, 119.385
155.913, 218.505
Evaluation Time: 1.45996 seconds
Resulting Fitness: 0.347222
-------------
Particle: 11:
Relays Coordinates:
207.715, 88.7153
48.0793, 107.416
123.46, 215.924
Evaluation Time: 1.45747 seconds
Resulting Fitness: 0.35
New local best!
-------------
Particle: 12:
Relays Coordinates:
83.8619, 136.799
75.3776, 121.141
83.3403, 127.742
Evaluation Time: 1.09906 seconds
Resulting Fitness: 0.147222
-------------
Particle: 13:
Relays Coordinates:
159.548, 102.929
53.0487, 117.117
159.115, 244.631
Evaluation Time: 1.47717 seconds
Resulting Fitness: 0.366667
-------------
Particle: 14:
Relays Coordinates:
207.945, 124.489
64.9313, 116.662
152.692, 243.356
Evaluation Time: 1.45624 seconds
Resulting Fitness: 0.408333
New local best!
New global best!
-------------
Particle: 15:
Relays Coordinates:
161.6, 87.6528
40.0221, 94.857
133.249, 230.369
Evaluation Time: 1.39435 seconds
Resulting Fitness: 0.330556
-------------
Particle: 16:
Relays Coordinates:
196.001, 136.573
53.4405, 129.749
158.833, 265.415
Evaluation Time: 1.52177 seconds
Resulting Fitness: 0.361111
-------------
Particle: 17:
Relays Coordinates:
209.842, 129.453
77.2381, 131.188
171.381, 266.042
Evaluation Time: 1.52318 seconds
Resulting Fitness: 0.377778
New local best!
-------------
Particle: 18:
Relays Coordinates:
208.171, 126.604
71.57, 122.611
171.902, 263.358
Evaluation Time: 1.49161 seconds
Resulting Fitness: 0.386111
New local best!
-------------
Particle: 19:
Relays Coordinates:
202.464, 161.08
62.5392, 124.482
182.873, 259.363
Evaluation Time: 1.45661 seconds
Resulting Fitness: 0.355556
-------------
Particle: 20:
Relays Coordinates:
155.283, 99.9741
52.7587, 131.058
92.701, 161.033
Evaluation Time: 1.29088 seconds
Resulting Fitness: 0.241667
Current global best fitness: 0.408333
Current global best relays: 207.945, 124.489
64.9313, 116.662
152.692, 243.356
Particle 1 new velocities: 89.1834, 31.7958
18.2853, 44.4511
41.9921, 95.1359
Particle 2 new velocities: 38.0077, 21.5666
4.77003, 0.888918
-5.89915, 25.1093
Particle 3 new velocities: 265.617, 132.855
140.023, 161.208
173.033, 96.938
Particle 4 new velocities: 120.674, 55.3181
36.5149, 72.3356
118.874, 60.0734
Particle 5 new velocities: 51.0237, 24.237
3.58433, 22.7805
20.0345, 49.5379
Particle 6 new velocities: 63.6547, 36.5268
4.16515, 59.0025
47.0117, 83.9172
Particle 7 new velocities: -80.4193, 125.315
55.2306, 97.8783
146.117, 14.5009
Particle 8 new velocities: 31.3264, 18.5519
11.9623, 24.2432
18.7228, 42.4911
Particle 9 new velocities: 114.108, 66.7776
46.8456, 80.4806
78.7622, 100.326
Particle 10 new velocities: 90.5176, 99.0356
29.8367, 50.0344
41.7454, 81.1927
Particle 11 new velocities: 84.3168, 34.1608
15.9875, 34.136
25.6663, 52.4254
Particle 12 new velocities: 170.875, 196.528
89.0221, 145.582
63.5489, 76.196
Particle 13 new velocities: 186.31, 81.3297
60.6988, 76.224
68.8673, 139.64
Particle 14 new velocities: 49.221, 21.1452
1.42405, 28.3046
9.33628, 41.884
Particle 15 new velocities: 106.16, 71.1867
15.408, 68.1346
82.042, 133.904
Particle 16 new velocities: 24.3461, -0.723342
-5.91333, 0.866835
14.2416, 5.64975
Particle 17 new velocities: 68.8433, 46.9669
0.498129, 35.3984
52.6779, 102.191
Particle 18 new velocities: 63.7001, 31.1359
0.695124, 24.3297
20.8766, 49.7984
Particle 19 new velocities: 11.314, -20.8247
10.7534, 3.25037
-31.2035, -0.889504
Particle 20 new velocities: 298.439, 142.247
240.568, 173.753
129.047, 286.842
-- ITERATION 10 --
-------------
Particle: 1:
Relays Coordinates:
211.126, 119.886
74.2464, 122.941
132.841, 240.612
Evaluation Time: 1.46207 seconds
Resulting Fitness: 0.375
New local best!
-------------
Particle: 2:
Relays Coordinates:
223.647, 130.973
72.8283, 121.083
149.09, 261.047
Evaluation Time: 1.61568 seconds
Resulting Fitness: 0.380556
New local best!
-------------
Particle: 3:
Relays Coordinates:
184.796, 98.257
93.5114, 120.281
126.772, 75.0082
Evaluation Time: 1.25839 seconds
Resulting Fitness: 0.197222
-------------
Particle: 4:
Relays Coordinates:
226.011, 133.743
105.696, 105.258
211.982, 260.013
Evaluation Time: 2.05094 seconds
Resulting Fitness: 0.355556
New local best!
-------------
Particle: 5:
Relays Coordinates:
210.199, 124.855
63.3373, 117.76
145.619, 238.89
Evaluation Time: 1.53602 seconds
Resulting Fitness: 0.394444
-------------
Particle: 6:
Relays Coordinates:
205.311, 115.335
65.0602, 129.205
136.044, 219.596
Evaluation Time: 1.51761 seconds
Resulting Fitness: 0.369444
New local best!
-------------
Particle: 7:
Relays Coordinates:
41.2725, 145.57
64.6109, 142.758
151.721, 165.468
Evaluation Time: 1.35006 seconds
Resulting Fitness: 0.222222
-------------
Particle: 8:
Relays Coordinates:
201.472, 124.3
69.6027, 134.929
163.642, 256.102
Evaluation Time: 1.50165 seconds
Resulting Fitness: 0.397222
New local best!
-------------
Particle: 9:
Relays Coordinates:
196.481, 102.198
57.5807, 129.238
137.407, 221.615
Evaluation Time: 1.44866 seconds
Resulting Fitness: 0.358333
-------------
Particle: 10:
Relays Coordinates:
219.988, 204.753
76.2062, 123.507
144.093, 218.48
Evaluation Time: 1.43798 seconds
Resulting Fitness: 0.352778
New local best!
-------------
Particle: 11:
Relays Coordinates:
212.891, 89.5766
46.7047, 103.192
108.713, 195.626
Evaluation Time: 1.4334 seconds
Resulting Fitness: 0.319444
-------------
Particle: 12:
Relays Coordinates:
150.42, 196.826
97.0764, 157.497
86.7366, 120.423
Evaluation Time: 1.24135 seconds
Resulting Fitness: 0.238889
-------------
Particle: 13:
Relays Coordinates:
226.917, 120.892
74.6297, 126.851
149.579, 252.121
Evaluation Time: 1.53003 seconds
Resulting Fitness: 0.386111
-------------
Particle: 14:
Relays Coordinates:
231.449, 131.071
59.7198, 130.47
145.825, 256.716
Evaluation Time: 1.50267 seconds
Resulting Fitness: 0.344444
-------------
Particle: 15:
Relays Coordinates:
195.197, 115.794
40.4085, 118.821
156.947, 265.555
Evaluation Time: 1.49298 seconds
Resulting Fitness: 0.352778
-------------
Particle: 16:
Relays Coordinates:
178.481, 110.039
38.497, 105.799
140.19, 219.563
Evaluation Time: 1.42233 seconds
Resulting Fitness: 0.344444
-------------
Particle: 17:
Relays Coordinates:
203.162, 128.61
56.6697, 121.442
163.339, 268.442
Evaluation Time: 1.56411 seconds
Resulting Fitness: 0.372222
-------------
Particle: 18:
Relays Coordinates:
198.194, 114.993
52.6812, 107.119
140.535, 228.291
Evaluation Time: 1.44538 seconds
Resulting Fitness: 0.383333
-------------
Particle: 19:
Relays Coordinates:
213.778, 140.256
73.2926, 127.732
151.669, 258.473
Evaluation Time: 1.53143 seconds
Resulting Fitness: 0.397222
-------------
Particle: 20:
Relays Coordinates:
158.203, 84.4573
102.277, 106.281
77.3187, 156.164
Evaluation Time: 1.25343 seconds
Resulting Fitness: 0.25
Current global best fitness: 0.408333
Current global best relays: 207.945, 124.489
64.9313, 116.662
152.692, 243.356
Particle 1 new velocities: 68.6548, 28.1709
9.76093, 32.3592
37.8773, 78.4604
Particle 2 new velocities: 27.2378, 13.4043
-0.49802, -2.90539
-3.52048, 0.151557
Particle 3 new velocities: 226.532, 134.904
113.603, 177.275
130.616, 263.59
Particle 4 new velocities: 94.0644, 41.1725
7.60131, 65.5176
26.7005, 46.9052
Particle 5 new velocities: 36.983, 25.7948
4.75872, 26.0778
31.046, 45.1187
Particle 6 new velocities: 51.0048, 35.6163
3.25104, 36.7637
42.8254, 79.6215
Particle 7 new velocities: -16.8245, 72.07
40.4143, 132.781
93.4364, 365.487
Particle 8 new velocities: 25.7128, 14.8899
3.66391, 10.6683
14.3473, 31.2982
Particle 9 new velocities: 112.093, 60.2745
-4.24709, 53.5986
70.9777, 85.8677
Particle 10 new velocities: 62.1976, 31.3625
23.6136, 31.4728
43.4636, 68.7014
Particle 11 new velocities: 57.7693, 39.2121
26.6376, 34.298
72.4759, 104.948
Particle 12 new velocities: 62.3187, 130.364
101.418, 173.052
81.9108, 140.502
Particle 13 new velocities: 116.469, 67.4125
60.4187, 56.5222
30.4775, 89.8554
Particle 14 new velocities: -10.4472, 3.14047
10.1275, -9.31152
14.422, 14.4942
Particle 15 new velocities: 67.1499, 37.6319
40.1111, 38.2006
58.3406, 78.4638
Particle 16 new velocities: 53.7171, 36.9174
50.5792, 21.7827
41.0498, 86.1656
Particle 17 new velocities: 62.6803, 34.6077
11.8898, 24.7214
42.4489, 62.8251
Particle 18 new velocities: 61.9193, 40.2263
23.4232, 45.2631
36.0582, 49.4759
Particle 19 new velocities: -9.14069, -38.554
-2.58795, -3.86677
0.454013, -17.4737
Particle 20 new velocities: 305.027, 142.366
278.822, 247.225
119.96, 282.762
-- ITERATION 11 --
-------------
Particle: 1:
Relays Coordinates:
203.961, 107.934
61.2413, 113.214
124.453, 232.604
Evaluation Time: 1.39517 seconds
Resulting Fitness: 0.394444
New local best!
-------------
Particle: 2:
Relays Coordinates:
225.796, 129.939
65.0972, 106.36
131.013, 235.079
Evaluation Time: 1.43967 seconds
Resulting Fitness: 0.361111
-------------
Particle: 3:
Relays Coordinates:
159.357, 90.3314
80.2404, 115.279
99.7175, 131.18
Evaluation Time: 1.16192 seconds
Resulting Fitness: 0.186111
-------------
Particle: 4:
Relays Coordinates:
233.335, 127.514
82.5941, 124.495
174, 223.743
Evaluation Time: 1.48149 seconds
Resulting Fitness: 0.355556
-------------
Particle: 5:
Relays Coordinates:
200.218, 122.026
55.1578, 116.509
143.099, 230.047
Evaluation Time: 1.54262 seconds
Resulting Fitness: 0.369444
-------------
Particle: 6:
Relays Coordinates:
207.616, 122.27
55.3321, 134.435
144.885, 242.366
Evaluation Time: 1.48035 seconds
Resulting Fitness: 0.388889
New local best!
-------------
Particle: 7:
Relays Coordinates:
12.9927, 115.663
55.8147, 146.433
130.287, 265.721
Evaluation Time: 1.34378 seconds
Resulting Fitness: 0.286111
-------------
Particle: 8:
Relays Coordinates:
204.467, 125.271
65.9399, 131.038
160.19, 258.66
Evaluation Time: 1.46198 seconds
Resulting Fitness: 0.388889
-------------
Particle: 9:
Relays Coordinates:
224.951, 118.443
38.8802, 133.288
151.912, 224.155
Evaluation Time: 1.54192 seconds
Resulting Fitness: 0.366667
-------------
Particle: 10:
Relays Coordinates:
228.57, 191.254
80.854, 125.533
151.921, 232.617
Evaluation Time: 1.4774 seconds
Resulting Fitness: 0.355556
New local best!
-------------
Particle: 11:
Relays Coordinates:
197.312, 93.887
53.4665, 100.23
132.087, 219.119
Evaluation Time: 1.36914 seconds
Resulting Fitness: 0.344444
-------------
Particle: 12:
Relays Coordinates:
101.752, 156.494
94.9391, 158.101
80.6635, 124.8
Evaluation Time: 1.18378 seconds
Resulting Fitness: 0.194444
-------------
Particle: 13:
Relays Coordinates:
225.295, 123.546
88.6053, 120.311
118.135, 224.37
Evaluation Time: 1.48799 seconds
Resulting Fitness: 0.377778
-------------
Particle: 14:
Relays Coordinates:
221.002, 134.212
69.8473, 121.158
160.247, 271.21
Evaluation Time: 1.56077 seconds
Resulting Fitness: 0.375
-------------
Particle: 15:
Relays Coordinates:
191.251, 111.847
58.6988, 114.469
156.945, 250.79
Evaluation Time: 1.48628 seconds
Resulting Fitness: 0.4
New local best!
-------------
Particle: 16:
Relays Coordinates:
208.978, 132.26
80.1686, 114.824
163.116, 275.155
Evaluation Time: 1.62157 seconds
Resulting Fitness: 0.388889
New local best!
-------------
Particle: 17:
Relays Coordinates:
193.799, 118.986
49.9799, 106.553
150.019, 241.494
Evaluation Time: 1.52532 seconds
Resulting Fitness: 0.416667
New local best!
New global best!
-------------
Particle: 18:
Relays Coordinates:
234.102, 139.697
68.494, 137.144
158.934, 249.99
Evaluation Time: 1.54165 seconds
Resulting Fitness: 0.361111
-------------
Particle: 19:
Relays Coordinates:
204.637, 101.702
70.7046, 123.865
152.123, 241
Evaluation Time: 1.46857 seconds
Resulting Fitness: 0.413889
New local best!
-------------
Particle: 20:
Relays Coordinates:
145.367, 71.1797
119.593, 110.934
61.9081, 137.74
Evaluation Time: 1.17724 seconds
Resulting Fitness: 0.163889
Current global best fitness: 0.416667
Current global best relays: 193.799, 118.986
49.9799, 106.553
150.019, 241.494
Particle 1 new velocities: 48.0265, 24.6755
-6.5352, 21.5593
36.7436, 73.1153
Particle 2 new velocities: 7.71101, 3.35451
-0.709014, 19.6538
38.7067, 19.3793
Particle 3 new velocities: 208.307, 121.995
133.694, 206.854
139.686, 269.989
Particle 4 new velocities: 32.014, 34.7339
27.3436, 47.7615
1.35725, 80.8052
Particle 5 new velocities: 29.5509, 26.67
11.2226, 10.7744
48.1721, 47.2714
Particle 6 new velocities: 39.8964, 25.9921
1.84923, 5.66831
40.5697, 63.6781
Particle 7 new velocities: -25.2335, 60.5302
40.2718, 187.412
90.0854, 14.119
Particle 8 new velocities: 5.60716, 5.05425
-1.70317, -15.8548
11.1773, 13.4196
Particle 9 new velocities: 49.7562, 37.8853
0.213292, 28.3086
48.35, 98.6385
Particle 10 new velocities: 34.2936, -1.87397
3.50829, 24.7929
32.7965, 64.6993
Particle 11 new velocities: 61.9901, 31.9447
18.6307, 32.4035
68.9277, 101.261
Particle 12 new velocities: -4.73597, 100.752
121.769, 237.796
97.5236, 220.852
Particle 13 new velocities: 53.2487, 50.1246
-2.0562, 29.0609
38.2647, 86.3464
Particle 14 new velocities: -26.2482, -23.5682
-11.2347, -25.004
-6.77021, -9.29038
Particle 15 new velocities: 54.0283, 36.327
31.5124, 22.3936
40.8286, 53.3972
Particle 16 new velocities: 33.698, 25.0132
17.5983, 7.78875
16.1323, 63.6075
Particle 17 new velocities: 50.1442, 27.6861
9.51185, 19.7771
33.9591, 50.26
Particle 18 new velocities: -9.58929, -4.34887
1.27419, 16.7178
36.5497, 38.5692
Particle 19 new velocities: -8.99733, -24.6301
-21.3385, -14.2769
-1.33176, -13.4852
Particle 20 new velocities: 325.827, 153.031
199.328, 279.388
207.201, 280.962
-- ITERATION 12 --
-------------
Particle: 1:
Relays Coordinates:
183.699, 96.6722
39.8807, 98.2497
117.513, 222.869
Evaluation Time: 1.43413 seconds
Resulting Fitness: 0.319444
-------------
Particle: 2:
Relays Coordinates:
210.156, 119.965
57.9494, 113.412
152.748, 229.012
Evaluation Time: 1.45395 seconds
Resulting Fitness: 0.394444
New local best!
-------------
Particle: 3:
Relays Coordinates:
142.44, 82.2594
82.8825, 124.801
92.7499, 155.421
Evaluation Time: 1.22166 seconds
Resulting Fitness: 0.211111
-------------
Particle: 4:
Relays Coordinates:
193.44, 118.278
80.1446, 125.575
127.835, 222.016
Evaluation Time: 1.41073 seconds
Resulting Fitness: 0.369444
New local best!
-------------
Particle: 5:
Relays Coordinates:
206.792, 133.826
59.7423, 114.555
172.144, 249.587
Evaluation Time: 1.51775 seconds
Resulting Fitness: 0.386111
-------------
Particle: 6:
Relays Coordinates:
200.485, 120.092
46.3169, 113.484
150.218, 247.896
Evaluation Time: 1.55387 seconds
Resulting Fitness: 0.383333
-------------
Particle: 7:
Relays Coordinates:
0, 142.716
77.8301, 270.414
178.501, 226.67
Evaluation Time: 1.43123 seconds
Resulting Fitness: 0.347222
-------------
Particle: 8:
Relays Coordinates:
210.074, 130.325
64.2367, 115.183
171.367, 272.079
Evaluation Time: 1.53696 seconds
Resulting Fitness: 0.372222
-------------
Particle: 9:
Relays Coordinates:
180.235, 102.567
25.6492, 106.023
131.392, 211.785
Evaluation Time: 1.36692 seconds
Resulting Fitness: 0.330556
-------------
Particle: 10:
Relays Coordinates:
212.92, 153.398
68.3334, 121.764
149.621, 240.826
Evaluation Time: 1.49227 seconds
Resulting Fitness: 0.391667
New local best!
-------------
Particle: 11:
Relays Coordinates:
189.031, 91.7313
52.5589, 96.6898
146.539, 233.556
Evaluation Time: 1.44449 seconds
Resulting Fitness: 0.363889
New local best!
-------------
Particle: 12:
Relays Coordinates:
51.5583, 136.711
115.167, 210.396
94.6959, 183.693
Evaluation Time: 1.25216 seconds
Resulting Fitness: 0.227778
-------------
Particle: 13:
Relays Coordinates:
225.621, 140.674
70.1048, 120.991
126.684, 251.681
Evaluation Time: 1.47528 seconds
Resulting Fitness: 0.363889
-------------
Particle: 14:
Relays Coordinates:
175.279, 99.5791
52.7514, 86.5388
138.129, 235.728
Evaluation Time: 1.40993 seconds
Resulting Fitness: 0.347222
-------------
Particle: 15:
Relays Coordinates:
220.751, 133.357
81.1901, 123.176
177.996, 273.768
Evaluation Time: 1.52327 seconds
Resulting Fitness: 0.386111
-------------
Particle: 16:
Relays Coordinates:
176.911, 114.652
71.272, 89.3844
130.672, 246.958
Evaluation Time: 1.42038 seconds
Resulting Fitness: 0.333333
-------------
Particle: 17:
Relays Coordinates:
197.594, 118.804
48.1883, 102.327
149.022, 236.32
Evaluation Time: 1.46599 seconds
Resulting Fitness: 0.411111
-------------
Particle: 18:
Relays Coordinates:
202.061, 121.813
62.7914, 138.476
175.936, 259.703
Evaluation Time: 1.43781 seconds
Resulting Fitness: 0.377778
-------------
Particle: 19:
Relays Coordinates:
176.076, 69.3644
44.4296, 98.6297
135.712, 204.763
Evaluation Time: 1.37122 seconds
Resulting Fitness: 0.311111
-------------
Particle: 20:
Relays Coordinates:
133.079, 63.3237
90.0726, 110.238
76.0043, 118.254
Evaluation Time: 1.11581 seconds
Resulting Fitness: 0.180556
Current global best fitness: 0.416667
Current global best relays: 193.799, 118.986
49.9799, 106.553
150.019, 241.494
Particle 1 new velocities: 53.8867, 24.5681
35.7354, 40.7287
48.5033, 91.1089
Particle 2 new velocities: 5.60118, 1.42271
-5.78898, 8.96202
30.65, 17.1869
Particle 3 new velocities: 217.196, 185.225
129.357, 208.209
142.883, 245.107
Particle 4 new velocities: 25.9503, 27.8488
-13.8393, 37.6184
25.9511, 77.3172
Particle 5 new velocities: 19.0827, 2.87507
16.2918, 17.8993
9.38348, 31.26
Particle 6 new velocities: 33.8389, 20.0231
16.6112, 2.09836
30.6539, 41.8342
Particle 7 new velocities: 193.195, 26.903
6.46971, -87.7986
-14.7559, 205.221
Particle 8 new velocities: -1.20904, -2.83799
-5.69763, 15.8087
0.784805, -45.8806
Particle 9 new velocities: 52.2274, 49.9544
25.6802, 23.362
60.3055, 98.5203
Particle 10 new velocities: 4.03845, -39.288
2.32383, 8.78561
26.3065, 51.9423
Particle 11 new velocities: 55.5516, 29.4216
13.7005, 27.2189
57.2734, 89.4248
Particle 12 new velocities: 129.114, 157.456
91.8984, 268.383
43.1922, 140.128
Particle 13 new velocities: -25.4433, 19.7558
-25.5498, -7.89713
31.8175, 55.9137
Particle 14 new velocities: 23.375, 20.755
2.98692, -6.77212
22.7971, 1.49268
Particle 15 new velocities: -3.89815, 4.68868
-24.013, 1.24626
-13.0063, -34.6154
Particle 16 new velocities: 45.1799, 47.8191
10.4997, 47.1618
42.6969, 53.9784
Particle 17 new velocities: 30.3316, 22.4162
9.96266, 26.9549
28.4921, 46.8053
Particle 18 new velocities: -13.7179, -0.644788
-11.3642, -33.5927
6.32732, 23.4625
Particle 19 new velocities: 16.8716, 29.9512
12.8047, 24.9337
14.4469, 53.3723
Particle 20 new velocities: 521.857, 142.416
171.58, 289.344
248.125, 294.473
-- ITERATION 13 --
-------------
Particle: 1:
Relays Coordinates:
173.2, 88.3842
55.1242, 101.315
121.026, 228.89
Evaluation Time: 1.33525 seconds
Resulting Fitness: 0.352778
-------------
Particle: 2:
Relays Coordinates:
194.182, 109.249
46.9444, 110.137
165.058, 221.579
Evaluation Time: 1.47297 seconds
Resulting Fitness: 0.380556
-------------
Particle: 3:
Relays Coordinates:
139.33, 103.629
82.2258, 129.015
91.2888, 155.173
Evaluation Time: 1.23975 seconds
Resulting Fitness: 0.194444
-------------
Particle: 4:
Relays Coordinates:
177.706, 118.363
53.7073, 132.187
124.567, 242.46
Evaluation Time: 1.43079 seconds
Resulting Fitness: 0.344444
-------------
Particle: 5:
Relays Coordinates:
225.874, 136.702
76.0341, 132.454
181.527, 280.847
Evaluation Time: 1.5706 seconds
Resulting Fitness: 0.336111
-------------
Particle: 6:
Relays Coordinates:
189.802, 113.494
50.9718, 93.6215
146.506, 234.682
Evaluation Time: 1.5044 seconds
Resulting Fitness: 0.388889
-------------
Particle: 7:
Relays Coordinates:
114.079, 100.158
49.7782, 107.833
96.6901, 255.027
Evaluation Time: 1.38351 seconds
Resulting Fitness: 0.333333
-------------
Particle: 8:
Relays Coordinates:
208.865, 127.487
58.5391, 130.992
172.152, 226.199
Evaluation Time: 1.41765 seconds
Resulting Fitness: 0.358333
-------------
Particle: 9:
Relays Coordinates:
188.295, 123.542
41.5769, 104.802
155.275, 251.347
Evaluation Time: 1.47909 seconds
Resulting Fitness: 0.419444
New local best!
New global best!
-------------
Particle: 10:
Relays Coordinates:
175.736, 92.4288
57.2324, 105.745
142.501, 237.142
Evaluation Time: 1.42828 seconds
Resulting Fitness: 0.386111
-------------
Particle: 11:
Relays Coordinates:
178.301, 88.3204
48.3031, 90.3294
148.58, 235.453
Evaluation Time: 1.48876 seconds
Resulting Fitness: 0.383333
New local best!
-------------
Particle: 12:
Relays Coordinates:
77.7737, 126.629
89.135, 206.099
59.3563, 139.394
Evaluation Time: 1.1929 seconds
Resulting Fitness: 0.233333
-------------
Particle: 13:
Relays Coordinates:
180.16, 144.386
40.0994, 101.785
142.651, 276.835
Evaluation Time: 1.46021 seconds
Resulting Fitness: 0.386111
-------------
Particle: 14:
Relays Coordinates:
198.654, 120.334
55.7383, 79.7666
160.926, 237.221
Evaluation Time: 1.51884 seconds
Resulting Fitness: 0.388889
-------------
Particle: 15:
Relays Coordinates:
195.168, 124.241
51.4594, 111.98
148.491, 215.238
Evaluation Time: 1.50985 seconds
Resulting Fitness: 0.358333
-------------
Particle: 16:
Relays Coordinates:
199.882, 146.224
73.5945, 122.892
156.032, 270.843
Evaluation Time: 1.59409 seconds
Resulting Fitness: 0.4
New local best!
-------------
Particle: 17:
Relays Coordinates:
205.133, 127.099
52.3359, 116.354
159.763, 254.813
Evaluation Time: 1.56098 seconds
Resulting Fitness: 0.388889
-------------
Particle: 18:
Relays Coordinates:
169.509, 109.052
46.2844, 94.3948
164.037, 254.849
Evaluation Time: 1.40542 seconds
Resulting Fitness: 0.333333
-------------
Particle: 19:
Relays Coordinates:
173.653, 89.384
51.5108, 111.207
135.143, 232.322
Evaluation Time: 1.44105 seconds
Resulting Fitness: 0.363889
-------------
Particle: 20:
Relays Coordinates:
156.905, 64.5632
82.1094, 125.393
101.715, 129.518
Evaluation Time: 1.15893 seconds
Resulting Fitness: 0.191667
Current global best fitness: 0.419444
Current global best relays: 188.295, 123.542
41.5769, 104.802
155.275, 251.347
Particle 1 new velocities: 74.3578, 54.0874
15.7427, 50.874
65.989, 89.3935
Particle 2 new velocities: 20.8087, 13.8466
7.21245, 8.13489
14.2665, 18.3705
Particle 3 new velocities: 233.589, 169.649
88.8138, 166.944
168.575, 160.637
Particle 4 new velocities: 24.9604, 25.4388
-0.582081, 4.86571
40.6144, 53.0209
Particle 5 new velocities: -11.6582, -12.0633
-18.6259, 5.78568
-24.0868, -26.1433
Particle 6 new velocities: 40.5055, 22.005
16.4773, 66.0845
22.6035, 41.7557
Particle 7 new velocities: 44.855, 61.0106
17.2732, -10.8435
81.4604, 173.245
Particle 8 new velocities: -15.0216, -8.09763
-11.9894, -14.4255
-7.49077, 15.9613
Particle 9 new velocities: 41.782, 39.9635
20.5442, 18.6896
48.2444, 78.8162
Particle 10 new velocities: 66.7972, 18.8032
-11.1991, 32.1205
24.0148, 49.9871
Particle 11 new velocities: 52.9501, 51.7671
8.71443, 29.4918
53.4368, 88.4299
Particle 12 new velocities: 79.9022, 179.884
92.8873, 247.467
116.877, 112.282
Particle 13 new velocities: -4.62941, -12.3637
-0.588772, -0.833016
26.9927, 37.7711
Particle 14 new velocities: 14.6579, 19.1504
-9.18764, 21.7227
8.33133, 24.6738
Particle 15 new velocities: -9.18135, -6.98002
-18.7873, -6.30542
7.13011, 32.5232
Particle 16 new velocities: 26.5514, 10.7012
-24.3796, 35.4225
33.3487, 29.4799
Particle 17 new velocities: -6.19115, 1.14482
1.74539, 11.0751
2.4282, 14.0878
Particle 18 new velocities: 35.0832, 21.7126
-8.55033, 23.589
12.4528, 30.9165
Particle 19 new velocities: 43.8135, 70.4679
15.0597, 27.0761
41.3723, 65.9593
Particle 20 new velocities: 26.9685, 149.271
293.998, 233.852
210.537, 243.661
-- ITERATION 14 --
-------------
Particle: 1:
Relays Coordinates:
200.521, 115.402
57.4022, 123.273
151.482, 257.81
Evaluation Time: 1.46449 seconds
Resulting Fitness: 0.363889
-------------
Particle: 2:
Relays Coordinates:
193.491, 110.786
48.7411, 106.445
161.392, 215.955
Evaluation Time: 1.38693 seconds
Resulting Fitness: 0.369444
-------------
Particle: 3:
Relays Coordinates:
160.529, 117.637
73.6269, 127.401
111.863, 135.946
Evaluation Time: 1.16139 seconds
Resulting Fitness: 0.197222
-------------
Particle: 4:
Relays Coordinates:
182.4, 129.422
47.8127, 123.347
148.663, 265.933
Evaluation Time: 1.42706 seconds
Resulting Fitness: 0.383333
New local best!
-------------
Particle: 5:
Relays Coordinates:
214.216, 124.638
57.4082, 138.24
157.441, 254.703
Evaluation Time: 1.46944 seconds
Resulting Fitness: 0.325
-------------
Particle: 6:
Relays Coordinates:
186.549, 109.754
54.6338, 129.362
136.979, 223.914
Evaluation Time: 1.37214 seconds
Resulting Fitness: 0.330556
-------------
Particle: 7:
Relays Coordinates:
84.4643, 85.6518
35.6339, 51.5441
94.6765, 227.601
Evaluation Time: 1.2058 seconds
Resulting Fitness: 0.247222
-------------
Particle: 8:
Relays Coordinates:
193.843, 119.389
46.5497, 116.566
164.661, 242.16
Evaluation Time: 1.44001 seconds
Resulting Fitness: 0.397222
-------------
Particle: 9:
Relays Coordinates:
186.362, 132.439
50.318, 100.028
164.851, 267.432
Evaluation Time: 1.47499 seconds
Resulting Fitness: 0.411111
-------------
Particle: 10:
Relays Coordinates:
176.807, 81.0881
33.5583, 100.504
121.39, 209.317
Evaluation Time: 1.34515 seconds
Resulting Fitness: 0.327778
-------------
Particle: 11:
Relays Coordinates:
187.313, 113.471
46.1842, 97.0552
163.633, 262.345
Evaluation Time: 1.46751 seconds
Resulting Fitness: 0.369444
-------------
Particle: 12:
Relays Coordinates:
75.4159, 146.604
87.0607, 216.939
84.2916, 120.376
Evaluation Time: 1.19124 seconds
Resulting Fitness: 0.233333
-------------
Particle: 13:
Relays Coordinates:
142.179, 106.938
32.0036, 81.7709
137.412, 254.831
Evaluation Time: 1.38548 seconds
Resulting Fitness: 0.308333
-------------
Particle: 14:
Relays Coordinates:
191.98, 125.536
41.8956, 91.3405
152.332, 235.705
Evaluation Time: 1.49401 seconds
Resulting Fitness: 0.388889
-------------
Particle: 15:
Relays Coordinates:
185.986, 117.261
32.6721, 105.675
155.621, 247.761
Evaluation Time: 1.46767 seconds
Resulting Fitness: 0.397222
-------------
Particle: 16:
Relays Coordinates:
183.411, 127.11
39.8641, 128.234
153.398, 243.261
Evaluation Time: 1.41915 seconds
Resulting Fitness: 0.369444
-------------
Particle: 17:
Relays Coordinates:
198.942, 128.243
54.0813, 127.429
162.191, 268.901
Evaluation Time: 1.47828 seconds
Resulting Fitness: 0.366667
-------------
Particle: 18:
Relays Coordinates:
184.133, 117.688
33.9607, 106.185
158.84, 257.189
Evaluation Time: 1.42759 seconds
Resulting Fitness: 0.383333
-------------
Particle: 19:
Relays Coordinates:
217.466, 159.852
66.5705, 138.283
176.516, 298.281
Evaluation Time: 1.54152 seconds
Resulting Fitness: 0.308333
-------------
Particle: 20:
Relays Coordinates:
97.7181, 113.64
199.879, 190.918
165.943, 198.323
Evaluation Time: 1.32383 seconds
Resulting Fitness: 0.311111
Current global best fitness: 0.419444
Current global best relays: 188.295, 123.542
41.5769, 104.802
155.275, 251.347
Particle 1 new velocities: 50.4653, 42.5366
-1.7657, 14.0952
18.7353, 45.5366
Particle 2 new velocities: 38.3176, 37.9987
9.01645, 5.87805
-2.24751, 58.8132
Particle 3 new velocities: 242.58, 140.446
119.426, 200.678
178.065, 56.5856
Particle 4 new velocities: 22.8588, 18.7601
-1.44656, -15.0312
39.8753, 31.3784
Particle 5 new velocities: -25.7408, -7.41597
3.7162, -29.5151
-19.8338, -24.3765
Particle 6 new velocities: 37.6765, 38.5114
7.22652, 45.4004
43.3767, 53.1033
Particle 7 new velocities: 32.0099, 153.978
38.789, 173.059
119.24, 220.148
Particle 8 new velocities: -12.3453, -0.495223
2.40055, 10.5456
-17.7446, 38.8248
Particle 9 new velocities: 35.9338, 14.0957
15.9674, 23.9768
32.8127, 32.3968
Particle 10 new velocities: 108.894, 105.266
37.0558, 48.4322
77.0807, 117.101
Particle 11 new velocities: 36.7867, 22.3327
2.98487, 29.1506
22.2513, 49.9763
Particle 12 new velocities: 82.583, 142.26
99.6248, 152.041
76.4535, 180.406
Particle 13 new velocities: 76.4857, -7.59601
23.9552, 26.6352
26.288, 10.8881
Particle 14 new velocities: 26.4457, 14.8154
29.0738, 39.1288
9.83642, 27.9412
Particle 15 new velocities: -1.52676, -11.0288
23.2567, -0.419527
7.39174, 28.7981
Particle 16 new velocities: 36.3231, 18.5692
-5.3417, 16.7521
27.1908, 40.2022
Particle 17 new velocities: -14.689, -18.6591
-4.33378, -17.3819
-22.0213, -29.1827
Particle 18 new velocities: 30.9889, 32.2703
16.0488, 27.037
15.7757, 25.3606
Particle 19 new velocities: 7.57423, 15.0061
11.4897, -14.6554
9.38772, -35.4504
Particle 20 new velocities: 463.679, 88.9458
183.233, 92.9248
140.11, 93.598
-- ITERATION 15 --
-------------
Particle: 1:
Relays Coordinates:
182.969, 115.137
40.559, 100.142
124.088, 221.139
Evaluation Time: 1.38393 seconds
Resulting Fitness: 0.338889
-------------
Particle: 2:
Relays Coordinates:
187.765, 120.515
46.7836, 90.9813
128.907, 222.562
Evaluation Time: 1.4089 seconds
Resulting Fitness: 0.358333
-------------
Particle: 3:
Relays Coordinates:
173.525, 111.096
83.1031, 141.227
124.805, 82.8784
Evaluation Time: 1.22809 seconds
Resulting Fitness: 0.175
-------------
Particle: 4:
Relays Coordinates:
184.733, 133.364
41.7295, 97.4843
169.685, 267.58
Evaluation Time: 1.43829 seconds
Resulting Fitness: 0.380556
-------------
Particle: 5:
Relays Coordinates:
188.475, 117.222
61.1244, 108.725
137.607, 230.327
Evaluation Time: 1.56137 seconds
Resulting Fitness: 0.383333
-------------
Particle: 6:
Relays Coordinates:
181.623, 120.095
50.1069, 141.557
146.088, 224.384
Evaluation Time: 1.47892 seconds
Resulting Fitness: 0.316667
-------------
Particle: 7:
Relays Coordinates:
68.7768, 141.499
43.946, 132.626
126.316, 264.391
Evaluation Time: 1.36822 seconds
Resulting Fitness: 0.269444
-------------
Particle: 8:
Relays Coordinates:
163.348, 107.005
44.0552, 114.401
132.225, 252.886
Evaluation Time: 1.40638 seconds
Resulting Fitness: 0.327778
-------------
Particle: 9:
Relays Coordinates:
200.066, 131.882
59.6569, 111.605
177.897, 269.846
Evaluation Time: 1.56066 seconds
Resulting Fitness: 0.380556
-------------
Particle: 10:
Relays Coordinates:
187.448, 122.267
46.3299, 97.7172
130.217, 214.163
Evaluation Time: 1.42411 seconds
Resulting Fitness: 0.352778
-------------
Particle: 11:
Relays Coordinates:
181.521, 110.001
39.8269, 102.227
150.566, 252.981
Evaluation Time: 1.4064 seconds
Resulting Fitness: 0.355556
-------------
Particle: 12:
Relays Coordinates:
68.0133, 124.347
80.362, 158.834
69.1955, 129.477
Evaluation Time: 1.09368 seconds
Resulting Fitness: 0.177778
-------------
Particle: 13:
Relays Coordinates:
177.119, 80.4673
45.3266, 87.809
132.597, 215.232
Evaluation Time: 1.35201 seconds
Resulting Fitness: 0.308333
-------------
Particle: 14:
Relays Coordinates:
218.426, 140.351
70.9694, 130.469
162.168, 263.646
Evaluation Time: 1.51066 seconds
Resulting Fitness: 0.394444
-------------
Particle: 15:
Relays Coordinates:
166.014, 95.6091
50.3359, 94.7296
146.711, 248.903
Evaluation Time: 1.40769 seconds
Resulting Fitness: 0.319444
-------------
Particle: 16:
Relays Coordinates:
177.985, 118
27.9631, 117.439
146.277, 229.606
Evaluation Time: 1.427 seconds
Resulting Fitness: 0.35
-------------
Particle: 17:
Relays Coordinates:
184.253, 109.584
49.7475, 110.047
140.17, 239.718
Evaluation Time: 1.43033 seconds
Resulting Fitness: 0.372222
-------------
Particle: 18:
Relays Coordinates:
193.61, 134.962
45.0086, 119.9
157.155, 254.295
Evaluation Time: 1.44888 seconds
Resulting Fitness: 0.369444
-------------
Particle: 19:
Relays Coordinates:
202.536, 157.372
70.2542, 111.265
167.313, 236.548
Evaluation Time: 1.48631 seconds
Resulting Fitness: 0.35
-------------
Particle: 20:
Relays Coordinates:
174.339, 70.6374
133.583, 98.9699
106.714, 101.786
Evaluation Time: 1.17693 seconds
Resulting Fitness: 0.183333
Current global best fitness: 0.419444
Current global best relays: 188.295, 123.542
41.5769, 104.802
155.275, 251.347
Particle 1 new velocities: 48.661, 40.15
28.3816, 34.0713
26.3146, 60.1306
Particle 2 new velocities: 56.0481, 30.4759
14.7109, 27.3522
11.422, 91.491
Particle 3 new velocities: 216.273, 124.67
95.8686, 168.812
146.87, 132.646
Particle 4 new velocities: 19.3456, 6.26092
6.19763, 0.985085
15.4359, 2.52912
Particle 5 new velocities: 6.62104, 12.9075
11.2553, -5.85333
-0.434102, 7.78455
Particle 6 new velocities: 64.9931, 35.5399
8.79118, 2.91977
43.518, 77.1123
Particle 7 new velocities: 107.459, 106.883
53.1779, 233.354
139.656, 181.482
Particle 8 new velocities: 48.1058, 36.6523
22.6358, 33.6863
-2.31119, 32.5598
Particle 9 new velocities: 5.09351, -4.53639
-26.161, 2.10117
-20.8205, 17.2051
Particle 10 new velocities: 130.503, 114.402
46.467, 57.9458
102.961, 150.584
Particle 11 new velocities: 35.8994, 19.8794
7.10261, 16.4773
17.1054, 27.1303
Particle 12 new velocities: 35.8259, 156.818
134.075, 123.613
118.14, 238.92
Particle 13 new velocities: 74.3442, 47.5309
23.4151, 33.7238
38.1684, 65.8644
Particle 14 new velocities: -8.83245, -18.9248
6.305, -8.08644
-10.2646, -11.3412
Particle 15 new velocities: 6.60001, 43.6626
12.3887, 40.0237
21.0415, 25.6702
Particle 16 new velocities: 70.3819, 24.0131
80.2504, 4.47055
36.1929, 78.3361
Particle 17 new velocities: 0.730432, -8.40092
-10.3809, -17.3112
2.27546, -7.58883
Particle 18 new velocities: 43.6975, 7.99108
55.2712, 11.7449
31.0259, 25.7609
Particle 19 new velocities: 2.01951, -41.375
-14.628, -13.3394
-24.7821, -10.1965
Particle 20 new velocities: 87.9199, 101.675
97.6262, 168.376
150.446, 95.9292
-- ITERATION 16 --
-------------
Particle: 1:
Relays Coordinates:
208.467, 139.759
62.0465, 120.792
135.363, 253.143
Evaluation Time: 1.49925 seconds
Resulting Fitness: 0.388889
-------------
Particle: 2:
Relays Coordinates:
177.74, 110.073
44.8295, 86.2651
102.3, 228.945
Evaluation Time: 1.42224 seconds
Resulting Fitness: 0.294444
-------------
Particle: 3:
Relays Coordinates:
167.796, 101.489
77.0414, 133.462
116.947, 92.7763
Evaluation Time: 1.24883 seconds
Resulting Fitness: 0.188889
-------------
Particle: 4:
Relays Coordinates:
183.67, 125.662
43.1344, 88.6225
166.608, 243.098
Evaluation Time: 1.41294 seconds
Resulting Fitness: 0.372222
-------------
Particle: 5:
Relays Coordinates:
195.096, 130.13
72.3797, 102.871
137.173, 238.111
Evaluation Time: 1.45937 seconds
Resulting Fitness: 0.391667
-------------
Particle: 6:
Relays Coordinates:
199.759, 126.064
47.7074, 117.027
153.581, 244.212
Evaluation Time: 1.46387 seconds
Resulting Fitness: 0.386111
-------------
Particle: 7:
Relays Coordinates:
84.2931, 118.8
46.4541, 175.047
127.213, 213.26
Evaluation Time: 1.26142 seconds
Resulting Fitness: 0.225
-------------
Particle: 8:
Relays Coordinates:
190.309, 129.291
60.0219, 133.278
116.923, 256.902
Evaluation Time: 1.4174 seconds
Resulting Fitness: 0.369444
-------------
Particle: 9:
Relays Coordinates:
184.644, 114.611
30.1463, 102.335
141.369, 258.346
Evaluation Time: 1.47628 seconds
Resulting Fitness: 0.369444
-------------
Particle: 10:
Relays Coordinates:
187.747, 139.751
54.7957, 91.9174
137.689, 215.379
Evaluation Time: 1.37655 seconds
Resulting Fitness: 0.322222
-------------
Particle: 11:
Relays Coordinates:
195.678, 116.892
42.2366, 106.834
150.905, 252.1
Evaluation Time: 1.64867 seconds
Resulting Fitness: 0.388889
New local best!
-------------
Particle: 12:
Relays Coordinates:
49.666, 134.48
102.564, 135.093
89.6019, 176.203
Evaluation Time: 1.16725 seconds
Resulting Fitness: 0.216667
-------------
Particle: 13:
Relays Coordinates:
203.685, 103.679
55.6808, 98.4416
138.32, 227.688
Evaluation Time: 1.50734 seconds
Resulting Fitness: 0.363889
-------------
Particle: 14:
Relays Coordinates:
209.594, 121.427
77.2744, 122.383
151.904, 252.305
Evaluation Time: 1.44473 seconds
Resulting Fitness: 0.402778
-------------
Particle: 15:
Relays Coordinates:
172.614, 139.272
62.7246, 134.753
167.753, 274.573
Evaluation Time: 1.45123 seconds
Resulting Fitness: 0.35
-------------
Particle: 16:
Relays Coordinates:
201.177, 115.031
87.6529, 98.7468
147.801, 249.433
Evaluation Time: 1.43451 seconds
Resulting Fitness: 0.4
-------------
Particle: 17:
Relays Coordinates:
184.983, 101.183
39.3666, 92.7361
142.445, 232.129
Evaluation Time: 1.45607 seconds
Resulting Fitness: 0.347222
-------------
Particle: 18:
Relays Coordinates:
213.576, 128.658
90.2518, 118.481
169.362, 252.05
Evaluation Time: 1.47211 seconds
Resulting Fitness: 0.380556
-------------
Particle: 19:
Relays Coordinates:
204.556, 115.997
55.6262, 97.9256
142.531, 226.351
Evaluation Time: 1.46168 seconds
Resulting Fitness: 0.363889
-------------
Particle: 20:
Relays Coordinates:
125.438, 82.4165
110.586, 127.871
122.999, 94.5668
Evaluation Time: 1.12197 seconds
Resulting Fitness: 0.130556
Current global best fitness: 0.419444
Current global best relays: 188.295, 123.542
41.5769, 104.802
155.275, 251.347
Particle 1 new velocities: 19.9544, -28.4329
0.352226, 21.3383
33.7296, 33.6345
Particle 2 new velocities: 93.0748, 38.2374
11.1727, 56.3143
131.916, 83.1565
Particle 3 new velocities: 188.64, 131.411
79.787, 144.065
121.199, 305.045
Particle 4 new velocities: 16.2982, 6.03467
10.2136, 30.3398
-25.9501, 33.7229
Particle 5 new velocities: 11.408, 8.75913
9.37656, 24.7216
46.9848, 23.5205
Particle 6 new velocities: 53.325, 21.3619
5.82867, 10.822
30.4625, 63.1631
Particle 7 new velocities: 54.8755, 121.115
54.41, 161.489
146.113, 217.42
Particle 8 new velocities: 45.5196, 22.2089
22.5491, 24.2742
36.3956, 20.4503
Particle 9 new velocities: 13.6876, 12.01
-5.75265, 4.4255
2.57316, -2.03542
Particle 10 new velocities: 141.116, 90.5633
47.6546, 94.1446
97.5716, 148.806
Particle 11 new velocities: 21.5001, 17.4087
5.28878, 11.905
15.3708, 21.2054
Particle 12 new velocities: 19.1309, 223.677
143.712, 252.46
89.7887, 117.418
Particle 13 new velocities: 48.1437, 70.0819
16.596, 38.5568
13.6917, 92.323
Particle 14 new velocities: -24.1799, -13.223
-17.6676, -27.4754
-3.52317, -10.3157
Particle 15 new velocities: 47.5137, -3.99186
1.65706, 12.2816
-2.63464, -22.0909
Particle 16 new velocities: 50.961, 27.7607
27.2241, 52.3432
37.3421, 95.996
Particle 17 new velocities: 3.61616, 28.334
2.40539, 8.43708
12.8641, 11.1842
Particle 18 new velocities: 4.4996, 3.73374
-32.2742, 8.56031
11.4155, 26.5555
Particle 19 new velocities: -11.6058, -40.4117
-0.892044, -9.74877
-1.91628, 37.0323
Particle 20 new velocities: 255.035, 88.9361
10.6174, 136.958
135.179, 146.22
-- ITERATION 17 --
-------------
Particle: 1:
Relays Coordinates:
185.022, 90.1738
50.543, 115.125
136.965, 232.29
Evaluation Time: 1.38889 seconds
Resulting Fitness: 0.352778
-------------
Particle: 2:
Relays Coordinates:
177.682, 97.3062
36.743, 93.5464
153.669, 204.77
Evaluation Time: 1.39462 seconds
Resulting Fitness: 0.319444
-------------
Particle: 3:
Relays Coordinates:
170.482, 111.396
75.0105, 132.74
113.904, 190.277
Evaluation Time: 1.29303 seconds
Resulting Fitness: 0.238889
-------------
Particle: 4:
Relays Coordinates:
179.972, 118.527
48.0132, 107.066
126.593, 249.139
Evaluation Time: 1.41103 seconds
Resulting Fitness: 0.35
-------------
Particle: 5:
Relays Coordinates:
206.504, 138.889
81.7563, 127.593
184.157, 261.632
Evaluation Time: 1.50487 seconds
Resulting Fitness: 0.375
-------------
Particle: 6:
Relays Coordinates:
184.498, 107.474
39.0278, 93.2016
134.168, 224.077
Evaluation Time: 1.46104 seconds
Resulting Fitness: 0.338889
-------------
Particle: 7:
Relays Coordinates:
73.9599, 127.501
53.6033, 178.849
145.257, 228.881
Evaluation Time: 1.3415 seconds
Resulting Fitness: 0.286111
-------------
Particle: 8:
Relays Coordinates:
191.021, 122.715
66.8826, 127.617
124.188, 224.655
Evaluation Time: 1.38583 seconds
Resulting Fitness: 0.372222
-------------
Particle: 9:
Relays Coordinates:
160.648, 102.563
19.7589, 86.4761
116.593, 207.612
Evaluation Time: 1.35442 seconds
Resulting Fitness: 0.272222
-------------
Particle: 10:
Relays Coordinates:
215.767, 151.109
67.2176, 122.075
154.354, 238.942
Evaluation Time: 1.48018 seconds
Resulting Fitness: 0.394444
New local best!
-------------
Particle: 11:
Relays Coordinates:
195.461, 120.871
42.7728, 106.865
149.648, 245.975
Evaluation Time: 1.55219 seconds
Resulting Fitness: 0.402778
New local best!
-------------
Particle: 12:
Relays Coordinates:
29.6148, 154.175
106.014, 166.829
77.2217, 126.394
Evaluation Time: 1.18665 seconds
Resulting Fitness: 0.2
-------------
Particle: 13:
Relays Coordinates:
203.981, 140.746
58.5442, 110.969
123.129, 259.209
Evaluation Time: 1.52861 seconds
Resulting Fitness: 0.333333
-------------
Particle: 14:
Relays Coordinates:
185.414, 108.204
59.6068, 94.9074
148.38, 241.989
Evaluation Time: 1.4857 seconds
Resulting Fitness: 0.372222
-------------
Particle: 15:
Relays Coordinates:
198.115, 121.752
57.9435, 132.331
148.606, 227.234
Evaluation Time: 1.50883 seconds
Resulting Fitness: 0.369444
-------------
Particle: 16:
Relays Coordinates:
183.808, 104.095
83.7453, 110.145
134.969, 251.817
Evaluation Time: 1.38352 seconds
Resulting Fitness: 0.341667
-------------
Particle: 17:
Relays Coordinates:
188.599, 129.517
41.772, 101.173
155.31, 243.314
Evaluation Time: 1.50064 seconds
Resulting Fitness: 0.411111
-------------
Particle: 18:
Relays Coordinates:
196.268, 119.153
52.1799, 114.337
162.7, 250.745
Evaluation Time: 1.49191 seconds
Resulting Fitness: 0.411111
New local best!
-------------
Particle: 19:
Relays Coordinates:
140.661, 55.1019
39.9012, 64.2809
102.508, 192.007
Evaluation Time: 1.26792 seconds
Resulting Fitness: 0.25
-------------
Particle: 20:
Relays Coordinates:
202.199, 91.0638
64.4127, 140.741
137.206, 127.964
Evaluation Time: 1.27927 seconds
Resulting Fitness: 0.208333
Current global best fitness: 0.419444
Current global best relays: 188.295, 123.542
41.5769, 104.802
155.275, 251.347
Particle 1 new velocities: 19.268, 31.7709
12.8624, 7.36008
24.3933, 28.1462
Particle 2 new velocities: 129.964, 48.7095
27.0689, 63.8844
106.33, 142.875
Particle 3 new velocities: 161.84, 121.264
61.6531, 191.512
131.262, 255.906
Particle 4 new velocities: 15.036, 23.5142
1.238, 49.9492
-9.47811, 32.7783
Particle 5 new velocities: -5.24522, -20.4203
-50.6975, -9.50908
4.38301, -15.9126
Particle 6 new velocities: 83.2429, 35.1276
27.6311, 28.2138
52.5368, 72.0692
Particle 7 new velocities: 68.2561, 108.053
48.0947, 132.113
122.392, 368.63
Particle 8 new velocities: 47.5071, 18.7453
14.9122, 19.3011
75.0394, 41.1554
Particle 9 new velocities: 15.3367, 22.2344
19.7991, 32.8954
71.9908, 41.2505
Particle 10 new velocities: 105.953, 72.3084
29.5097, 60.3121
78.4913, 126.359
Particle 11 new velocities: 10.2573, 16.1368
3.67863, 7.549
19.1174, 19.4211
Particle 12 new velocities: 186.026, 248.404
84.4792, 188.4
107.693, 94.2027
Particle 13 new velocities: 27.5178, 24.9468
46.3751, 28.3078
14.0396, 68.2754
Particle 14 new velocities: 4.82977, 20.5999
-20.644, -12.1795
5.5335, 1.9462
Particle 15 new velocities: 23.4459, -2.78647
-13.8674, -14.9664
15.1942, 6.19878
Particle 16 new velocities: 70.6246, 46.7853
-33.5646, 50.0795
53.7944, 94.9052
Particle 17 new velocities: 7.0594, 13.3363
6.84853, 10.429
2.64803, 12.459
Particle 18 new velocities: 1.3244, 4.57741
-33.7018, -4.09465
6.11577, 21.4702
Particle 19 new velocities: 92.4548, 33.6116
10.7463, 55.789
96.917, 119.599
Particle 20 new velocities: 361.039, 84.487
176.105, 175.139
74.3806, 144.355
-- ITERATION 18 --
-------------
Particle: 1:
Relays Coordinates:
204.29, 121.945
63.4054, 122.485
161.358, 260.436
Evaluation Time: 1.46128 seconds
Resulting Fitness: 0.380556
-------------
Particle: 2:
Relays Coordinates:
181.662, 86.2208
37.6803, 92.9613
153.527, 205.281
Evaluation Time: 1.33188 seconds
Resulting Fitness: 0.322222
-------------
Particle: 3:
Relays Coordinates:
143.054, 100.152
58.8292, 139.58
105.536, 192.067
Evaluation Time: 1.33081 seconds
Resulting Fitness: 0.225
-------------
Particle: 4:
Relays Coordinates:
175.507, 127.837
44.3261, 141.314
105.403, 253.726
Evaluation Time: 1.41155 seconds
Resulting Fitness: 0.369444
-------------
Particle: 5:
Relays Coordinates:
181.133, 106.622
27.953, 106.275
169.686, 221.147
Evaluation Time: 1.45616 seconds
Resulting Fitness: 0.355556
-------------
Particle: 6:
Relays Coordinates:
195.183, 103.956
48.5944, 88.5118
136.108, 215.89
Evaluation Time: 1.48187 seconds
Resulting Fitness: 0.355556
-------------
Particle: 7:
Relays Coordinates:
75.5794, 125.183
54.0465, 165.258
142.24, 265.721
Evaluation Time: 1.32105 seconds
Resulting Fitness: 0.272222
-------------
Particle: 8:
Relays Coordinates:
214.675, 127.314
73.6153, 132.227
179.304, 239.229
Evaluation Time: 1.47094 seconds
Resulting Fitness: 0.35
-------------
Particle: 9:
Relays Coordinates:
175.985, 124.797
39.558, 119.371
188.584, 248.862
Evaluation Time: 1.46366 seconds
Resulting Fitness: 0.352778
-------------
Particle: 10:
Relays Coordinates:
211.08, 146.584
63.4628, 119.664
152.77, 239.674
Evaluation Time: 1.46028 seconds
Resulting Fitness: 0.375
-------------
Particle: 11:
Relays Coordinates:
185.146, 123.307
41.8063, 102.972
151.889, 238.856
Evaluation Time: 1.4729 seconds
Resulting Fitness: 0.394444
-------------
Particle: 12:
Relays Coordinates:
114.6, 213.947
101.236, 188.783
98.2712, 117.234
Evaluation Time: 1.2714 seconds
Resulting Fitness: 0.238889
-------------
Particle: 13:
Relays Coordinates:
187.514, 134.211
84.9847, 112.814
111.107, 265.263
Evaluation Time: 1.45985 seconds
Resulting Fitness: 0.325
-------------
Particle: 14:
Relays Coordinates:
171.219, 115.923
35.0666, 74.4551
138.523, 219.542
Evaluation Time: 1.36838 seconds
Resulting Fitness: 0.297222
-------------
Particle: 15:
Relays Coordinates:
199.404, 107.069
39.6685, 105.628
147.421, 210.089
Evaluation Time: 1.41721 seconds
Resulting Fitness: 0.347222
-------------
Particle: 16:
Relays Coordinates:
185.482, 109.992
36.5817, 116.803
137.609, 252.761
Evaluation Time: 1.44342 seconds
Resulting Fitness: 0.341667
-------------
Particle: 17:
Relays Coordinates:
195.659, 142.854
48.6205, 111.602
157.958, 255.773
Evaluation Time: 1.5051 seconds
Resulting Fitness: 0.361111
-------------
Particle: 18:
Relays Coordinates:
160.05, 100.221
14.9673, 89.2961
136.741, 220.494
Evaluation Time: 1.43426 seconds
Resulting Fitness: 0.313889
-------------
Particle: 19:
Relays Coordinates:
152.947, 58.2049
33.2298, 78.7779
130.843, 204.445
Evaluation Time: 1.39455 seconds
Resulting Fitness: 0.280556
-------------
Particle: 20:
Relays Coordinates:
215.234, 75.5689
103.535, 135.976
91.0813, 117.225
Evaluation Time: 1.32159 seconds
Resulting Fitness: 0.225
Current global best fitness: 0.419444
Current global best relays: 188.295, 123.542
41.5769, 104.802
155.275, 251.347
Particle 1 new velocities: 13.3786, 13.0561
-0.66209, -2.8462
-22.5268, -31.9033
Particle 2 new velocities: 149.806, 109.508
42.1149, 74.7664
85.8711, 170.7
Particle 3 new velocities: 194.946, 120.944
114.356, 192.452
160.517, 43.1925
Particle 4 new velocities: 23.9782, 16.7158
3.21618, -20.1131
44.4697, 36.8638
Particle 5 new velocities: 32.407, 27.5628
21.6049, 17.0919
-30.1341, 59.2668
Particle 6 new velocities: 75.0814, 52.0133
24.1775, 97.2516
73.218, 142.6
Particle 7 new velocities: 118.661, 105.161
43.7571, 115.198
93.6262, 111.818
Particle 8 new velocities: -3.75037, 10.2431
5.97794, 12.8753
30.297, 56.7215
Particle 9 new velocities: 31.9455, 15.7834
19.2111, -8.5651
11.9619, 36.4802
Particle 10 new velocities: 82.3975, 37.8245
17.8337, 42.0402
65.5084, 104.255
Particle 11 new velocities: 24.1182, 13.0651
4.37744, 13.9822
17.6065, 25.4667
Particle 12 new velocities: 101.17, 153.941
26.923, 117.171
59.3143, 126.866
Particle 13 new velocities: 23.9943, -22.9943
-10.4802, 16.0972
24.5491, 16.4351
Particle 14 new velocities: 51.4824, 17.1336
23.4807, 6.95356
23.8322, 48.6918
Particle 15 new velocities: -8.28753, 9.40859
10.0496, -10.2407
26.1583, 68.0938
Particle 16 new velocities: 77.2701, 85.0894
31.991, 33.8933
65.7021, 95.8772
Particle 17 new velocities: -5.86324, -37.6741
0.62165, 1.7899
-8.73443, 4.04837
Particle 18 new velocities: 30.9619, 46.4524
-18.4065, 47.9851
17.603, 78.052
Particle 19 new velocities: 129.798, 109.73
80.8223, 102.789
121.977, 104.328
Particle 20 new velocities: -1.54247, 133.468
156.503, 164.068
87.8975, 208.376
-- ITERATION 19 --
-------------
Particle: 1:
Relays Coordinates:
217.668, 135.001
62.7433, 119.639
138.831, 228.533
Evaluation Time: 1.42492 seconds
Resulting Fitness: 0.391667
-------------
Particle: 2:
Relays Coordinates:
195.728, 115.576
47.1182, 99.0415
141.362, 222.013
Evaluation Time: 1.43014 seconds
Resulting Fitness: 0.372222
-------------
Particle: 3:
Relays Coordinates:
145.498, 95.1749
74.5508, 142.929
114.527, 101.272
Evaluation Time: 1.18475 seconds
Resulting Fitness: 0.158333
-------------
Particle: 4:
Relays Coordinates:
199.485, 144.553
47.5423, 121.201
149.873, 290.589
Evaluation Time: 1.52014 seconds
Resulting Fitness: 0.325
-------------
Particle: 5:
Relays Coordinates:
192.186, 120.766
44.602, 111.03
125.597, 252.373
Evaluation Time: 1.50302 seconds
Resulting Fitness: 0.369444
-------------
Particle: 6:
Relays Coordinates:
197.023, 113.702
53.0507, 135.422
152.598, 261.34
Evaluation Time: 1.52645 seconds
Resulting Fitness: 0.336111
-------------
Particle: 7:
Relays Coordinates:
92.9045, 110.173
46.7791, 134.141
112.814, 180.576
Evaluation Time: 1.26477 seconds
Resulting Fitness: 0.213889
-------------
Particle: 8:
Relays Coordinates:
189.832, 123.802
71.6339, 130.592
188.641, 266.356
Evaluation Time: 1.53921 seconds
Resulting Fitness: 0.369444
-------------
Particle: 9:
Relays Coordinates:
207.931, 140.581
58.7691, 110.806
200.546, 285.342
Evaluation Time: 1.55341 seconds
Resulting Fitness: 0.336111
-------------
Particle: 10:
Relays Coordinates:
192.551, 120.99
53.3386, 106.094
143.213, 225.652
Evaluation Time: 1.4795 seconds
Resulting Fitness: 0.375
-------------
Particle: 11:
Relays Coordinates:
188.338, 122.735
41.5654, 105.259
152.546, 237.891
Evaluation Time: 1.47036 seconds
Resulting Fitness: 0.4
-------------
Particle: 12:
Relays Coordinates:
114.669, 195.511
68.1088, 162.597
83.7474, 129.725
Evaluation Time: 1.21956 seconds
Resulting Fitness: 0.188889
-------------
Particle: 13:
Relays Coordinates:
190.358, 100.095
67.054, 116.02
122.09, 253.528
Evaluation Time: 1.45718 seconds
Resulting Fitness: 0.391667
New local best!
-------------
Particle: 14:
Relays Coordinates:
200.431, 119.751
52.6925, 73.2678
146.119, 241.41
Evaluation Time: 1.47856 seconds
Resulting Fitness: 0.355556
-------------
Particle: 15:
Relays Coordinates:
172.005, 104.83
44.7463, 85.849
156.221, 250.365
Evaluation Time: 1.40787 seconds
Resulting Fitness: 0.35
-------------
Particle: 16:
Relays Coordinates:
191.546, 142.214
49.9896, 109.858
148.213, 254.157
Evaluation Time: 1.53284 seconds
Resulting Fitness: 0.391667
-------------
Particle: 17:
Relays Coordinates:
170.816, 94.6616
44.318, 102.053
134.301, 233.839
Evaluation Time: 1.44611 seconds
Resulting Fitness: 0.338889
-------------
Particle: 18:
Relays Coordinates:
154.72, 118.806
0, 111.198
125.018, 241.823
Evaluation Time: 1.49691 seconds
Resulting Fitness: 0.322222
-------------
Particle: 19:
Relays Coordinates:
185.509, 110.182
74.8296, 119.126
165.875, 202.586
Evaluation Time: 1.36605 seconds
Resulting Fitness: 0.319444
-------------
Particle: 20:
Relays Coordinates:
102.208, 99.9819
124.375, 143.51
85.605, 155.734
Evaluation Time: 1.2878 seconds
Resulting Fitness: 0.191667
Current global best fitness: 0.419444
Current global best relays: 188.295, 123.542
41.5769, 104.802
155.275, 251.347
Particle 1 new velocities: -28.5978, -7.21308
-7.39964, -15.6992
-31.6332, -13.9312
Particle 2 new velocities: 123.242, 95.7132
44.7673, 79.0966
83.3117, 168.46
Particle 3 new velocities: 226.756, 157.168
123.992, 120.72
123.639, 58.292
Particle 4 new velocities: 5.60479, -28.4447
-0.89146, -36.0385
42.0326, 13.2487
Particle 5 new velocities: 38.8426, 25.4232
26.2426, 12.4404
25.8507, 36.2839
Particle 6 new velocities: 58.0904, 64.0081
7.79318, 67.0266
58.8339, 84.8389
Particle 7 new velocities: 68.1488, 132.23
46.0337, 191.008
150.392, 349.41
Particle 8 new velocities: 7.56254, 8.42264
-11.1312, -10.8937
14.8019, 35.5971
Particle 9 new velocities: -8.13937, -11.2876
-20.7836, -16.5023
-39.3157, 10.8295
Particle 10 new velocities: 81.3933, 56.7652
32.8655, 60.271
61.8222, 108.103
Particle 11 new velocities: 21.1489, 7.7989
5.26481, 12.5512
15.2282, 41.3933
Particle 12 new velocities: 81.1424, 47.9331
104.96, 78.6035
55.2953, 182.919
Particle 13 new velocities: 16.6914, -17.3189
-16.1743, 10.9001
45.2965, 11.0468
Particle 14 new velocities: 45.7182, 22.7181
18.5888, 66.9336
27.7534, 46.3023
Particle 15 new velocities: 34.1648, 33.5941
19.3017, 14.6894
20.1438, 55.7088
Particle 16 new velocities: 71.3588, 61.4297
29.6132, 27.2468
72.9601, 94.86
Particle 17 new velocities: 31.9805, 6.32887
7.04413, 4.54386
19.7884, 21.5033
Particle 18 new velocities: 72.3493, 43.5158
119.937, 39.839
79.903, 86.2563
Particle 19 new velocities: 133.563, 88.8682
50.6613, 71.1947
92.7675, 139.993
Particle 20 new velocities: 249.464, 115.036
192.134, 87.9447
121.655, 197.155
-- ITERATION 20 --
-------------
Particle: 1:
Relays Coordinates:
189.07, 127.788
55.3436, 103.94
107.198, 214.602
Evaluation Time: 1.45603 seconds
Resulting Fitness: 0.355556
-------------
Particle: 2:
Relays Coordinates:
209.276, 138.627
60.2861, 116.876
147.409, 256.189
Evaluation Time: 1.46334 seconds
Resulting Fitness: 0.388889
-------------
Particle: 3:
Relays Coordinates:
197.831, 134.105
105.514, 140.114
126.571, 84.7986
Evaluation Time: 1.26974 seconds
Resulting Fitness: 0.238889
-------------
Particle: 4:
Relays Coordinates:
166.123, 94.0477
37.7871, 68.9813
155.443, 246.109
Evaluation Time: 1.39934 seconds
Resulting Fitness: 0.338889
-------------
Particle: 5:
Relays Coordinates:
207.926, 131.57
63.7602, 111.124
136.303, 259.791
Evaluation Time: 1.4631 seconds
Resulting Fitness: 0.358333
-------------
Particle: 6:
Relays Coordinates:
185.978, 129.551
44.3552, 147.585
154.134, 252.364
Evaluation Time: 1.55427 seconds
Resulting Fitness: 0.311111
-------------
Particle: 7:
Relays Coordinates:
85.5903, 128.823
49.3245, 172.798
139.879, 265.721
Evaluation Time: 1.42791 seconds
Resulting Fitness: 0.280556
-------------
Particle: 8:
Relays Coordinates:
177.655, 119.002
54.4524, 107.728
183.099, 271.758
Evaluation Time: 1.42807 seconds
Resulting Fitness: 0.316667
-------------
Particle: 9:
Relays Coordinates:
179.812, 116.364
34.187, 84.8737
145.107, 266.555
Evaluation Time: 1.43359 seconds
Resulting Fitness: 0.322222
-------------
Particle: 10:
Relays Coordinates:
221.895, 143.982
69.8253, 134.756
166.078, 270.341
Evaluation Time: 1.54011 seconds
Resulting Fitness: 0.338889
-------------
Particle: 11:
Relays Coordinates:
188.538, 117.48
42.1472, 106.029
150.997, 251.356
Evaluation Time: 1.47885 seconds
Resulting Fitness: 0.394444
-------------
Particle: 12:
Relays Coordinates:
93.6562, 116.439
82.7781, 115.365
66.5037, 149.537
Evaluation Time: 1.11292 seconds
Resulting Fitness: 0.144444
-------------
Particle: 13:
Relays Coordinates:
167.71, 67.0488
41.2125, 102.805
135.583, 214.306
Evaluation Time: 1.30937 seconds
Resulting Fitness: 0.308333
-------------
Particle: 14:
Relays Coordinates:
199.381, 115.4
57.7379, 113.563
140.837, 233.047
Evaluation Time: 1.454 seconds
Resulting Fitness: 0.391667
-------------
Particle: 15:
Relays Coordinates:
185.553, 124.581
57.6432, 90.4846
158.728, 275.466
Evaluation Time: 1.55169 seconds
Resulting Fitness: 0.361111
-------------
Particle: 16:
Relays Coordinates:
191.658, 148.456
58.0304, 99.9493
161.236, 254.433
Evaluation Time: 1.45441 seconds
Resulting Fitness: 0.380556
-------------
Particle: 17:
Relays Coordinates:
182.517, 90.8914
46.2259, 95.937
138.68, 229.808
Evaluation Time: 1.40175 seconds
Resulting Fitness: 0.336111
-------------
Particle: 18:
Relays Coordinates:
165.533, 118.332
87.4338, 110.106
149.388, 239.169
Evaluation Time: 1.48655 seconds
Resulting Fitness: 0.336111
-------------
Particle: 19:
Relays Coordinates:
209.343, 130.597
82.3346, 124.87
169.695, 224.766
Evaluation Time: 1.40181 seconds
Resulting Fitness: 0.336111
-------------
Particle: 20:
Relays Coordinates:
136.245, 83.3021
122.622, 89.6705
80.2968, 136.716
Evaluation Time: 1.13377 seconds
Resulting Fitness: 0.141667
Final Evaluation Time: 583.003 seconds
Final global best fitness: 0.419444
Final global best relays:
188.295, 123.542
41.5769, 104.802
155.275, 251.347
