PSO EXECUTION
============================
Seed: 1555680
Particles: 20
Relays: 3
Iterations: 20
Backend: Simulation
Network Configuration: 1
Area: 400 x 400
Sink: 0, 0
Simulated Relay range: 155
w: 0.8
c1: 1.7
c2: 1.3

Relay Nodes Positions: 
PARTICLE 1: 
129.843, 11.9798
117.782, 45.8748
152.721, 49.42
PARTICLE 2: 
29.2988, 100.412
235.154, 27.6068
133.864, 66.8686
PARTICLE 3: 
135.899, 34.1203
209.856, 117.59
8.03895, 121.799
PARTICLE 4: 
34.1755, 171.826
134.222, 163.607
136.612, 56.424
PARTICLE 5: 
9.7934, 119.338
130.91, 36.8906
132.562, 48.208
PARTICLE 6: 
162.68, 237.202
110.804, 44.1973
73.4905, 167.018
PARTICLE 7: 
83.2265, 25.0994
95.0764, 14.0478
11.229, 122.159
PARTICLE 8: 
113.489, 234.363
113.719, 103.781
175.469, 65.3103
PARTICLE 9: 
270.878, 142.224
97.2696, 20.5169
174.102, 155.096
PARTICLE 10: 
204.946, 117.074
253.766, 136.667
67.939, 130.528
PARTICLE 11: 
344.786, 19.4466
152.118, 23.6184
226.683, 65.3449
PARTICLE 12: 
172.031, 171.125
195.606, 188.494
74.1413, 60.5714
PARTICLE 13: 
63.383, 171.921
65.3537, 109.652
142.426, 296.751
PARTICLE 14: 
335.516, 19.3946
115.968, 35.6176
223.541, 39.0991
PARTICLE 15: 
13.6361, 212.367
112.28, 108.761
81.3237, 37.266
PARTICLE 16: 
125.893, 79.8991
112.922, 160.96
105.271, 6.03996
PARTICLE 17: 
112.581, 78.4012
151.105, 57.178
166.34, 156.305
PARTICLE 18: 
46.1387, 316.434
46.3719, 70.4659
39.7607, 179.132
PARTICLE 19: 
169.048, 204.097
269.097, 232.26
48.5207, 136.929
PARTICLE 20: 
119.128, 13.4269
29.917, 46.8001
2.67067, 60.4227
Nodes Positions: 
92.9915, 273.097
32.2604, 80.9649
186.439, 21.4685
285.925, 42.0024
364.352, 315.862
375.382, 230.834
101.972, 100.86
387.545, 383.682
300.223, 303.649
220.835, 153.773
24.3754, 79.0104
322.758, 59.3459
118.216, 293.078
4.42529, 344.541
354.899, 249.111
182.061, 387.28
397.557, 353.675
168.322, 178.155
152.983, 287.297
18.8706, 26.2788
107.566, 5.28339
44.234, 331.547
9.39001, 119.958
128.947, 104.529
73.5388, 93.3313
232.49, 373.141
146.937, 52.5783
208.874, 71.1763
335.919, 256.48
289.935, 33.3853
317.587, 222.811
351.397, 206.462
225.722, 337.954
311.004, 123.757
162.359, 166.459
84.9836, 199.124
52.9169, 363.061
267.504, 305.941
60.7962, 270.268
277.892, 191.855
121.832, 237.266
258.864, 393.675
66.1151, 138.278
195.033, 129.723
383.112, 247.063
143.791, 147.971
251.711, 10.3451
247.159, 325.627
201.409, 210.953
339.649, 170.468
All particles start with velocity zero
-- ITERATION 0 --
-------------
Particle: 1:
Relays Coordinates:
129.843, 11.9798
117.782, 45.8748
152.721, 49.42
Evaluation Time: 0.999174 seconds
Resulting Fitness: 0.42
New local best!
New global best!
-------------
Particle: 2:
Relays Coordinates:
29.2988, 100.412
235.154, 27.6068
133.864, 66.8686
Evaluation Time: 1.15384 seconds
Resulting Fitness: 0.486667
New local best!
New global best!
-------------
Particle: 3:
Relays Coordinates:
135.899, 34.1203
209.856, 117.59
8.03895, 121.799
Evaluation Time: 1.16986 seconds
Resulting Fitness: 0.573333
New local best!
New global best!
-------------
Particle: 4:
Relays Coordinates:
34.1755, 171.826
134.222, 163.607
136.612, 56.424
Evaluation Time: 1.15665 seconds
Resulting Fitness: 0.573333
New local best!
-------------
Particle: 5:
Relays Coordinates:
9.7934, 119.338
130.91, 36.8906
132.562, 48.208
Evaluation Time: 1.02344 seconds
Resulting Fitness: 0.443333
New local best!
-------------
Particle: 6:
Relays Coordinates:
162.68, 237.202
110.804, 44.1973
73.4905, 167.018
Evaluation Time: 1.33084 seconds
Resulting Fitness: 0.673333
New local best!
New global best!
-------------
Particle: 7:
Relays Coordinates:
83.2265, 25.0994
95.0764, 14.0478
11.229, 122.159
Evaluation Time: 0.963164 seconds
Resulting Fitness: 0.386667
New local best!
-------------
Particle: 8:
Relays Coordinates:
113.489, 234.363
113.719, 103.781
175.469, 65.3103
Evaluation Time: 1.34462 seconds
Resulting Fitness: 0.65
New local best!
-------------
Particle: 9:
Relays Coordinates:
270.878, 142.224
97.2696, 20.5169
174.102, 155.096
Evaluation Time: 1.50875 seconds
Resulting Fitness: 0.72
New local best!
New global best!
-------------
Particle: 10:
Relays Coordinates:
204.946, 117.074
253.766, 136.667
67.939, 130.528
Evaluation Time: 1.36064 seconds
Resulting Fitness: 0.663333
New local best!
-------------
Particle: 11:
Relays Coordinates:
344.786, 19.4466
152.118, 23.6184
226.683, 65.3449
Evaluation Time: 1.09042 seconds
Resulting Fitness: 0.493333
New local best!
-------------
Particle: 12:
Relays Coordinates:
172.031, 171.125
195.606, 188.494
74.1413, 60.5714
Evaluation Time: 1.40567 seconds
Resulting Fitness: 0.653333
New local best!
-------------
Particle: 13:
Relays Coordinates:
63.383, 171.921
65.3537, 109.652
142.426, 296.751
Evaluation Time: 1.29971 seconds
Resulting Fitness: 0.663333
New local best!
-------------
Particle: 14:
Relays Coordinates:
335.516, 19.3946
115.968, 35.6176
223.541, 39.0991
Evaluation Time: 1.05667 seconds
Resulting Fitness: 0.476667
New local best!
-------------
Particle: 15:
Relays Coordinates:
13.6361, 212.367
112.28, 108.761
81.3237, 37.266
Evaluation Time: 1.17203 seconds
Resulting Fitness: 0.54
New local best!
-------------
Particle: 16:
Relays Coordinates:
125.893, 79.8991
112.922, 160.96
105.271, 6.03996
Evaluation Time: 1.15714 seconds
Resulting Fitness: 0.51
New local best!
-------------
Particle: 17:
Relays Coordinates:
112.581, 78.4012
151.105, 57.178
166.34, 156.305
Evaluation Time: 1.17706 seconds
Resulting Fitness: 0.58
New local best!
-------------
Particle: 18:
Relays Coordinates:
46.1387, 316.434
46.3719, 70.4659
39.7607, 179.132
Evaluation Time: 1.1755 seconds
Resulting Fitness: 0.513333
New local best!
-------------
Particle: 19:
Relays Coordinates:
169.048, 204.097
269.097, 232.26
48.5207, 136.929
Evaluation Time: 1.4564 seconds
Resulting Fitness: 0.76
New local best!
New global best!
-------------
Particle: 20:
Relays Coordinates:
119.128, 13.4269
29.917, 46.8001
2.67067, 60.4227
Evaluation Time: 0.954141 seconds
Resulting Fitness: 0.34
New local best!
Current global best fitness: 0.76
Current global best relays: 169.048, 204.097
269.097, 232.26
48.5207, 136.929
Particle 1 new velocities: 36.8237, 164.41
45.8759, 79.7611
-43.6513, 95.715
Particle 2 new velocities: 71.4964, 84.5526
3.36001, 1.01654
-96.4615, 6.03179
Particle 3 new velocities: 34.264, 24.5344
14.6384, 104.33
9.20006, 14.1075
Particle 4 new velocities: 35.868, 23.6854
115.358, 22.1045
-111.049, 78.8147
Particle 5 new velocities: 108.393, 66.5762
120.779, 12.9794
-94.7673, 9.01773
Particle 6 new velocities: 0.442973, -7.86981
169.103, 1.31928
-19.177, -8.32518
Particle 7 new velocities: 95.1765, 85.853
169.226, 165.29
48.1997, 10.4575
Particle 8 new velocities: 20.0037, -19.3264
59.9941, 63.5597
-94.793, 7.25858
Particle 9 new velocities: -97.5355, 51.7838
115.796, 158.464
-27.9048, -5.77456
Particle 10 new velocities: -44.1628, 101.577
3.6567, 55.9311
-12.6023, 8.05176
Particle 11 new velocities: -93.4431, 120.69
128.873, 122.183
-181.106, 32.8448
Particle 12 new velocities: -2.99018, 39.8782
45.6091, 32.7177
-8.77535, 68.1227
Particle 13 new velocities: 93.3216, 28.8001
179.288, 42.1411
-54.8502, -1.75223
Particle 14 new velocities: -22.3117, 169.266
192.646, 114.316
-178.264, 42.763
Particle 15 new velocities: 115.761, -3.77578
93.4408, 103.263
-8.18282, 126.369
Particle 16 new velocities: 52.8162, 77.9966
60.7173, 47.5559
-10.044, 65.2299
Particle 17 new velocities: 30.5715, 122.926
77.7922, 226.674
-108.497, -23.6212
Particle 18 new velocities: 35.0158, -47.5742
41.8236, 126.815
6.50137, -12.0484
Particle 19 new velocities: 0, 0
0, 0
0, 0
Particle 20 new velocities: 22.5161, 0.180059
127.078, 160.829
56.9245, 98.7922
-- ITERATION 1 --
-------------
Particle: 1:
Relays Coordinates:
135, 142.876
132.563, 101.765
88.3461, 117.559
Evaluation Time: 1.22311 seconds
Resulting Fitness: 0.526667
New local best!
-------------
Particle: 2:
Relays Coordinates:
73.4797, 134.839
173.877, 20.8664
27.2665, 53.1444
Evaluation Time: 1.12582 seconds
Resulting Fitness: 0.523333
New local best!
-------------
Particle: 3:
Relays Coordinates:
153.147, 52.7892
202.045, 199.729
15.5151, 122.316
Evaluation Time: 1.48951 seconds
Resulting Fitness: 0.656667
New local best!
-------------
Particle: 4:
Relays Coordinates:
56.7352, 158.364
202.16, 150.427
20.7056, 109.543
Evaluation Time: 1.38356 seconds
Resulting Fitness: 0.616667
New local best!
-------------
Particle: 5:
Relays Coordinates:
95.7312, 150.591
203.869, 40.3947
30.6136, 46.3528
Evaluation Time: 1.22716 seconds
Resulting Fitness: 0.576667
New local best!
-------------
Particle: 6:
Relays Coordinates:
107.025, 150.465
183.647, 29.8634
35.6351, 104.118
Evaluation Time: 1.21394 seconds
Resulting Fitness: 0.58
-------------
Particle: 7:
Relays Coordinates:
178.403, 110.952
264.302, 179.337
59.4287, 132.617
Evaluation Time: 1.46824 seconds
Resulting Fitness: 0.75
New local best!
-------------
Particle: 8:
Relays Coordinates:
133.493, 215.037
173.714, 167.341
80.6763, 72.5689
Evaluation Time: 1.31681 seconds
Resulting Fitness: 0.606667
-------------
Particle: 9:
Relays Coordinates:
126.366, 141.432
155.325, 130.477
106.578, 108.855
Evaluation Time: 1.15377 seconds
Resulting Fitness: 0.563333
-------------
Particle: 10:
Relays Coordinates:
160.784, 218.651
257.423, 192.598
55.3367, 138.58
Evaluation Time: 1.47807 seconds
Resulting Fitness: 0.753333
New local best!
-------------
Particle: 11:
Relays Coordinates:
183.229, 102.159
204.843, 106.289
33.2258, 71.5803
Evaluation Time: 1.19761 seconds
Resulting Fitness: 0.543333
New local best!
-------------
Particle: 12:
Relays Coordinates:
169.041, 211.003
241.215, 221.212
65.3659, 128.694
Evaluation Time: 1.44422 seconds
Resulting Fitness: 0.756667
New local best!
-------------
Particle: 13:
Relays Coordinates:
92.5325, 118.524
144.458, 89.6324
51.7128, 174.194
Evaluation Time: 1.12913 seconds
Resulting Fitness: 0.56
-------------
Particle: 14:
Relays Coordinates:
166.45, 100.262
164.01, 79.6811
24.062, 43.5048
Evaluation Time: 1.13807 seconds
Resulting Fitness: 0.513333
New local best!
-------------
Particle: 15:
Relays Coordinates:
104.812, 168.959
166.634, 171.739
59.2441, 132.544
Evaluation Time: 1.15731 seconds
Resulting Fitness: 0.52
-------------
Particle: 16:
Relays Coordinates:
178.709, 157.896
173.639, 208.516
95.2268, 71.2698
Evaluation Time: 1.32268 seconds
Resulting Fitness: 0.636667
New local best!
-------------
Particle: 17:
Relays Coordinates:
143.152, 201.327
228.897, 283.852
57.8431, 132.684
Evaluation Time: 1.42903 seconds
Resulting Fitness: 0.753333
New local best!
-------------
Particle: 18:
Relays Coordinates:
65.7351, 217.777
71.4384, 159.798
37.4723, 135.337
Evaluation Time: 1.07547 seconds
Resulting Fitness: 0.513333
-------------
Particle: 19:
Relays Coordinates:
169.048, 204.097
269.097, 232.26
48.5207, 136.929
Evaluation Time: 1.46941 seconds
Resulting Fitness: 0.76
-------------
Particle: 20:
Relays Coordinates:
127.48, 12.2463
141.295, 186.866
53.6357, 143.293
Evaluation Time: 1.23044 seconds
Resulting Fitness: 0.536667
New local best!
Current global best fitness: 0.76
Current global best relays: 169.048, 204.097
269.097, 232.26
48.5207, 136.929
Particle 1 new velocities: 49.8053, 180.937
140.097, 219.711
-52.8146, 88.1632
Particle 2 new velocities: 80.8633, 89.9654
54.8285, 260.223
-76.6185, 28.7334
Particle 3 new velocities: 38.6678, 72.9701
72.6334, 121.004
24.0833, 17.7423
Particle 4 new velocities: 36.6338, 74.3679
139.968, 89.7821
-61.857, 67.6666
Particle 5 new velocities: 98.7713, 83.9445
181.203, 66.6442
-63.4621, 84.2557
Particle 6 new velocities: 104.387, -1.40601
146.248, 76.1307
37.37, 121.67
Particle 7 new velocities: 74.4494, 142.518
140.434, 184.235
38.1598, 12.6017
Particle 8 new velocities: -6.92635, -2.29566
-1.7346, 107.107
-64.5152, 3.2914
Particle 9 new velocities: 93.1103, 79.47
105.424, 19.8145
-3.7498, 18.6657
Particle 10 new velocities: -25.8614, 62.431
15.6032, 46.4083
-15.8492, 5.06669
Particle 11 new velocities: -89.2217, 143.111
157.052, 153.258
-129.31, 97.5753
Particle 12 new velocities: -2.38452, 31.7138
54.5695, 31.3785
-24.1443, 62.6919
Particle 13 new velocities: 75.1302, 126.891
150.771, 121.065
14.4442, 86.3912
Particle 14 new velocities: -17.3094, 210.494
155.464, 239.994
-123.239, 100.765
Particle 15 new velocities: 35.164, 68.8894
67.017, 21.6878
-9.11917, -34.3693
Particle 16 new velocities: 40.1673, 116.989
53.8148, 49.4017
-38.8519, 135.093
Particle 17 new velocities: 27.3667, 101.472
100.032, 166.125
-93.1104, -17.7743
Particle 18 new velocities: 30.2841, -7.4664
12.535, 39.464
13.6357, 60.3668
Particle 19 new velocities: 0, 0
0, 0
0, 0
Particle 20 new velocities: 33.2717, 59.4539
212.53, 182.297
42.4096, 76.6188
-- ITERATION 2 --
-------------
Particle: 1:
Relays Coordinates:
134.723, 236.06
198.769, 234.356
25.9025, 149.972
Evaluation Time: 1.43826 seconds
Resulting Fitness: 0.693333
New local best!
-------------
Particle: 2:
Relays Coordinates:
112.516, 163.883
166.726, 204.914
0, 59.6889
Evaluation Time: 1.27484 seconds
Resulting Fitness: 0.566667
New local best!
-------------
Particle: 3:
Relays Coordinates:
139.833, 91.6785
200.241, 233.814
28.8672, 102.102
Evaluation Time: 1.555 seconds
Resulting Fitness: 0.733333
New local best!
-------------
Particle: 4:
Relays Coordinates:
55.1335, 137.426
202.023, 141.841
0, 104.641
Evaluation Time: 1.29285 seconds
Resulting Fitness: 0.596667
-------------
Particle: 5:
Relays Coordinates:
127.613, 153.879
252.646, 70.2282
0, 85.6922
Evaluation Time: 1.23095 seconds
Resulting Fitness: 0.616667
New local best!
-------------
Particle: 6:
Relays Coordinates:
124.837, 88.0179
194.8, 62.5885
43.1088, 133.326
Evaluation Time: 1.19259 seconds
Resulting Fitness: 0.556667
-------------
Particle: 7:
Relays Coordinates:
204.81, 205.311
324, 294.493
79.0467, 117.627
Evaluation Time: 1.47845 seconds
Resulting Fitness: 0.82
New local best!
New global best!
-------------
Particle: 8:
Relays Coordinates:
102.519, 172.32
139.303, 222.303
13.0905, 61.4468
Evaluation Time: 1.24441 seconds
Resulting Fitness: 0.576667
-------------
Particle: 9:
Relays Coordinates:
197.529, 198.812
234.674, 135.262
92.545, 114.769
Evaluation Time: 1.41453 seconds
Resulting Fitness: 0.733333
New local best!
-------------
Particle: 10:
Relays Coordinates:
121.43, 252.974
245.723, 215.106
35.5387, 129.282
Evaluation Time: 1.49887 seconds
Resulting Fitness: 0.816667
New local best!
-------------
Particle: 11:
Relays Coordinates:
49.9593, 130.347
192.326, 137.934
0, 89.8962
Evaluation Time: 1.3724 seconds
Resulting Fitness: 0.596667
New local best!
-------------
Particle: 12:
Relays Coordinates:
121.492, 176.94
215.627, 184.138
30.0505, 139.52
Evaluation Time: 1.51471 seconds
Resulting Fitness: 0.683333
-------------
Particle: 13:
Relays Coordinates:
89.1028, 130.424
156.897, 111.973
35.1585, 138.486
Evaluation Time: 1.21984 seconds
Resulting Fitness: 0.553333
-------------
Particle: 14:
Relays Coordinates:
97.8509, 203.887
209.607, 209.739
0, 94.6554
Evaluation Time: 1.47959 seconds
Resulting Fitness: 0.693333
New local best!
-------------
Particle: 15:
Relays Coordinates:
125.978, 214.064
210.286, 174.084
45.1124, 88.3573
Evaluation Time: 1.51954 seconds
Resulting Fitness: 0.71
New local best!
-------------
Particle: 16:
Relays Coordinates:
143.605, 180.351
149.232, 169.22
36.9876, 135.394
Evaluation Time: 1.20508 seconds
Resulting Fitness: 0.5
-------------
Particle: 17:
Relays Coordinates:
100.69, 178.8
194.229, 236.196
0, 67.8529
Evaluation Time: 1.38118 seconds
Resulting Fitness: 0.693333
-------------
Particle: 18:
Relays Coordinates:
69.998, 153.316
61.2166, 145.262
37.2577, 142.668
Evaluation Time: 1.03229 seconds
Resulting Fitness: 0.436667
-------------
Particle: 19:
Relays Coordinates:
169.048, 204.097
269.097, 232.26
48.5207, 136.929
Evaluation Time: 1.44681 seconds
Resulting Fitness: 0.76
-------------
Particle: 20:
Relays Coordinates:
76.887, 34.294
169.233, 176.57
45.9382, 105.183
Evaluation Time: 1.14334 seconds
Resulting Fitness: 0.536667
Current global best fitness: 0.82
Current global best relays: 204.81, 205.311
324, 294.493
79.0467, 117.627
Particle 1 new velocities: 89.9557, 130.56
204.044, 239.984
13.3142, 65.768
Particle 2 new velocities: 161.522, 77.4604
221.011, 316.416
97.7256, 50.8213
Particle 3 new velocities: 109.272, 100.068
103.356, 137.52
74.0615, 32.5725
Particle 4 new velocities: 146.532, 136.967
176.426, 134.011
29.9977, 66.2233
Particle 5 new velocities: 87.9907, 121.997
180.414, 218.653
74.9993, 89.8486
Particle 6 new velocities: 154.323, 111.963
82.999, 252.784
66.149, 121.754
Particle 7 new velocities: 59.5595, 114.014
0, 147.388
30.5279, 10.0813
Particle 8 new velocities: 9.2727, 10.4544
223.437, -66.4839
113.73, 8.59804
Particle 9 new velocities: 75.0298, 69.1634
102.5, 18.125
-14.7808, 15.596
Particle 10 new velocities: 63.3835, 48.4141
76.4507, 128.729
22.0791, -0.270113
Particle 11 new velocities: 101.013, 199.241
241.833, 219.858
3.36756, 105.209
Particle 12 new velocities: 18.0315, 66.6826
189.283, 64.3478
35.9184, 23.3626
Particle 13 new velocities: 87.586, 157.031
60.4869, 207.59
87.821, 126.304
Particle 14 new velocities: 19.0021, 168.494
213.477, 209.983
39.8213, 108.845
Particle 15 new velocities: 94.2211, 55.0588
99.0182, 163.48
35.5831, -17.5169
Particle 16 new velocities: 145.231, 90.089
261.473, 132.872
39.7714, -5.77982
Particle 17 new velocities: 121.13, 104.231
130.34, 148.618
151.903, 144.407
Particle 18 new velocities: 186.356, 304.166
173.084, -35.4717
42.258, 82.0125
Particle 19 new velocities: 33.1654, 0.00814933
63.0626, 39.9148
15.3921, -7.38877
Particle 20 new velocities: 68.7017, 167.222
152.146, 307.527
51.4855, 128.857
-- ITERATION 3 --
-------------
Particle: 1:
Relays Coordinates:
132.67, 216.485
236.196, 236.196
23.1571, 127.392
Evaluation Time: 1.4433 seconds
Resulting Fitness: 0.786667
New local best!
-------------
Particle: 2:
Relays Coordinates:
179.796, 158.345
254.394, 262.44
64.1178, 72.5058
Evaluation Time: 1.53565 seconds
Resulting Fitness: 0.826667
New local best!
New global best!
-------------
Particle: 3:
Relays Coordinates:
201.775, 155.314
245.913, 300.78
83.3723, 109.087
Evaluation Time: 1.54691 seconds
Resulting Fitness: 0.786667
New local best!
-------------
Particle: 4:
Relays Coordinates:
147.014, 200.032
275.889, 201.096
21.8684, 124.56
Evaluation Time: 1.56981 seconds
Resulting Fitness: 0.776667
New local best!
-------------
Particle: 5:
Relays Coordinates:
174.639, 223.459
324, 233.993
60.7494, 142.188
Evaluation Time: 1.4703 seconds
Resulting Fitness: 0.73
New local best!
-------------
Particle: 6:
Relays Coordinates:
148.357, 106.278
147.634, 167.602
58.0641, 135.56
Evaluation Time: 1.24152 seconds
Resulting Fitness: 0.566667
-------------
Particle: 7:
Relays Coordinates:
156.108, 188.558
191.319, 236.196
64.7027, 75.4103
Evaluation Time: 1.43289 seconds
Resulting Fitness: 0.7
-------------
Particle: 8:
Relays Coordinates:
66.0119, 107.927
214.195, 92.0094
74.886, 41.3608
Evaluation Time: 1.12259 seconds
Resulting Fitness: 0.57
-------------
Particle: 9:
Relays Coordinates:
160.943, 158.237
199.098, 90.5737
45.919, 76.9791
Evaluation Time: 1.24956 seconds
Resulting Fitness: 0.616667
-------------
Particle: 10:
Relays Coordinates:
121.256, 197.74
211.378, 225.59
37.803, 84.6445
Evaluation Time: 1.42265 seconds
Resulting Fitness: 0.73
-------------
Particle: 11:
Relays Coordinates:
89.1474, 194.618
236.196, 211.272
1.98851, 115.208
Evaluation Time: 1.45614 seconds
Resulting Fitness: 0.726667
New local best!
-------------
Particle: 12:
Relays Coordinates:
82.3875, 143.857
236.196, 146.728
38.954, 96.1808
Evaluation Time: 1.47865 seconds
Resulting Fitness: 0.666667
-------------
Particle: 13:
Relays Coordinates:
84.5097, 137.489
103.974, 152.846
58.8207, 126.648
Evaluation Time: 1.12437 seconds
Resulting Fitness: 0.476667
-------------
Particle: 14:
Relays Coordinates:
62.1005, 197.898
212.576, 212.576
21.1627, 108.148
Evaluation Time: 1.51392 seconds
Resulting Fitness: 0.733333
New local best!
-------------
Particle: 15:
Relays Coordinates:
130.025, 158.914
182.641, 199.328
47.6499, 41.8305
Evaluation Time: 1.36974 seconds
Resulting Fitness: 0.643333
-------------
Particle: 16:
Relays Coordinates:
170.554, 159.692
236.196, 178.382
45.3254, 76.5361
Evaluation Time: 1.48018 seconds
Resulting Fitness: 0.733333
New local best!
-------------
Particle: 17:
Relays Coordinates:
130.982, 167.127
191.655, 227.229
89.6974, 125.337
Evaluation Time: 1.33746 seconds
Resulting Fitness: 0.666667
-------------
Particle: 18:
Relays Coordinates:
151.374, 236.196
138.352, 64.83
46.9532, 132.672
Evaluation Time: 1.27454 seconds
Resulting Fitness: 0.676667
New local best!
-------------
Particle: 19:
Relays Coordinates:
181.992, 183.695
298.943, 244.957
57.5215, 116.586
Evaluation Time: 1.45708 seconds
Resulting Fitness: 0.806667
New local best!
-------------
Particle: 20:
Relays Coordinates:
77.3718, 107.094
170.794, 212.576
51.7749, 124.378
Evaluation Time: 1.18758 seconds
Resulting Fitness: 0.603333
New local best!
Current global best fitness: 0.826667
Current global best relays: 179.796, 158.345
254.394, 262.44
64.1178, 72.5058
Particle 1 new velocities: 91.7331, 41.5006
19.6745, 9.49313
55.314, 14.932
Particle 2 new velocities: 129.218, 61.9683
176.809, 0
78.1805, 40.6571
Particle 3 new velocities: 70.599, 83.4869
84.2453, 89.6336
58.7099, 4.48666
Particle 4 new velocities: 119.053, 85.3499
121.034, 131.805
50.1957, 16.933
Particle 5 new velocities: 73.5928, 33.4356
-8.94749, 182.011
63.0998, 36.2234
Particle 6 new velocities: 138.735, 196.907
78.3597, 163.704
72.3329, 113.508
Particle 7 new velocities: 92.1974, 72.8062
133.032, 122.976
45.921, 24.7264
Particle 8 new velocities: 202.677, 193.718
97.6798, 59.99
201.859, 33.1218
Particle 9 new velocities: 135.578, 93.9667
120.597, 148.602
61.2858, 16.7264
Particle 10 new velocities: 63.8556, 20.9209
152.995, 122.097
30.4247, 2.54717
Particle 11 new velocities: 85.4555, 121.757
17.4078, 184.798
49.8645, 45.7979
Particle 12 new velocities: 186.407, 79.4229
4.6345, 161.6
51.8285, 69.74
Particle 13 new velocities: 65.3374, 160.583
98.7058, 231.763
108.862, 183.617
Particle 14 new velocities: 108.019, 110.175
42.0603, 1.41232
59.5109, 60.223
Particle 15 new velocities: 88.3539, 91.466
115.602, 116.17
40.3546, 75.1119
Particle 16 new velocities: 119.698, 71.2549
21.9647, 188.336
54.3173, -6.93382
Particle 17 new velocities: 118.517, 105.615
169.432, 229.928
87.8572, 79.517
Particle 18 new velocities: 176.812, -78.7826
148.693, 72.5513
38.8785, -4.33157
Particle 19 new velocities: 26.1084, -6.95232
30.8357, 37.3877
14.8512, -9.8996
Particle 20 new velocities: 93.533, 155.721
182.387, 63.8634
52.1809, 41.9671
-- ITERATION 4 --
-------------
Particle: 1:
Relays Coordinates:
181.767, 208.968
207.255, 199.008
63.5615, 115.283
Evaluation Time: 1.36769 seconds
Resulting Fitness: 0.693333
-------------
Particle: 2:
Relays Coordinates:
225.271, 160.609
291.6, 191.319
103.735, 82.4957
Evaluation Time: 1.44185 seconds
Resulting Fitness: 0.74
-------------
Particle: 3:
Relays Coordinates:
220.623, 193.429
267.428, 316.235
115.087, 91.9945
Evaluation Time: 1.49688 seconds
Resulting Fitness: 0.813333
New local best!
-------------
Particle: 4:
Relays Coordinates:
157.11, 168.515
234.379, 196.575
42.5531, 83.5501
Evaluation Time: 1.5028 seconds
Resulting Fitness: 0.723333
-------------
Particle: 5:
Relays Coordinates:
162.865, 168.549
206.706, 262.44
81.2574, 117.056
Evaluation Time: 1.48273 seconds
Resulting Fitness: 0.73
-------------
Particle: 6:
Relays Coordinates:
152.572, 161.125
120.102, 176.07
69.2983, 132.365
Evaluation Time: 1.07446 seconds
Resulting Fitness: 0.503333
-------------
Particle: 7:
Relays Coordinates:
181.014, 190.535
236.452, 261.836
80.6446, 72.9997
Evaluation Time: 1.46277 seconds
Resulting Fitness: 0.796667
-------------
Particle: 8:
Relays Coordinates:
142.792, 160.306
165.743, 80.7787
147.074, 39.5831
Evaluation Time: 1.12019 seconds
Resulting Fitness: 0.593333
-------------
Particle: 9:
Relays Coordinates:
175.093, 148.924
188.776, 141.231
63.3034, 55.3322
Evaluation Time: 1.23421 seconds
Resulting Fitness: 0.593333
-------------
Particle: 10:
Relays Coordinates:
121.452, 143.464
239.065, 228.118
44.7642, 57.2064
Evaluation Time: 1.44517 seconds
Resulting Fitness: 0.776667
-------------
Particle: 11:
Relays Coordinates:
127.286, 230.637
184.877, 288.736
37.8009, 117.373
Evaluation Time: 1.35408 seconds
Resulting Fitness: 0.683333
-------------
Particle: 12:
Relays Coordinates:
217.724, 180.857
195.073, 249.746
73.5339, 134.396
Evaluation Time: 1.52322 seconds
Resulting Fitness: 0.726667
-------------
Particle: 13:
Relays Coordinates:
64.5043, 128.31
87.247, 165.562
72.1821, 133.559
Evaluation Time: 1.02208 seconds
Resulting Fitness: 0.476667
-------------
Particle: 14:
Relays Coordinates:
137.797, 249.54
206.256, 173.331
65.3456, 136.381
Evaluation Time: 1.43219 seconds
Resulting Fitness: 0.73
-------------
Particle: 15:
Relays Coordinates:
176.887, 202.808
241.577, 255.553
71.2837, 94.7234
Evaluation Time: 1.45667 seconds
Resulting Fitness: 0.806667
New local best!
-------------
Particle: 16:
Relays Coordinates:
171.391, 136.372
152.441, 216.544
58.8381, 41.0995
Evaluation Time: 1.32333 seconds
Resulting Fitness: 0.64
-------------
Particle: 17:
Relays Coordinates:
132.594, 144.946
191.896, 212.576
94.3598, 108.868
Evaluation Time: 1.33725 seconds
Resulting Fitness: 0.663333
-------------
Particle: 18:
Relays Coordinates:
239.248, 114.754
209.256, 100.151
62.5713, 93.56
Evaluation Time: 1.19362 seconds
Resulting Fitness: 0.563333
-------------
Particle: 19:
Relays Coordinates:
187.291, 159.068
296.801, 254.11
65.1353, 96.0178
Evaluation Time: 1.53859 seconds
Resulting Fitness: 0.803333
-------------
Particle: 20:
Relays Coordinates:
124.59, 191.592
257.469, 201.525
75.7838, 121.266
Evaluation Time: 1.4319 seconds
Resulting Fitness: 0.77
New local best!
Current global best fitness: 0.826667
Current global best relays: 179.796, 158.345
254.394, 262.44
64.1178, 72.5058
Particle 1 new velocities: 46.8804, -25.1863
82.6779, 114.223
23.4052, -13.0262
Particle 2 new velocities: 9.40704, 45.1379
-49.1337, 137.198
27.5258, 23.7573
Particle 3 new velocities: 30.7743, 53.1442
66.1435, 14.9008
39.5663, -14.3976
Particle 4 new velocities: 96.4872, 89.9522
152.835, 136.034
47.79, 13.0893
Particle 5 new velocities: 76.586, 45.9764
195.905, -41.4886
22.0359, 1.28357
Particle 6 new velocities: 140.725, 200.616
180.777, 116.417
60.1424, 69.9754
Particle 7 new velocities: 93.476, 41.7027
118.411, 130.209
16.8034, 76.5273
Particle 8 new velocities: 134.299, 153.774
37.4732, 244.677
141.913, 65.4841
Particle 9 new velocities: 134.178, 130.728
197.909, 208.804
80.7526, 61.8592
Particle 10 new velocities: 102.144, 192.25
146.687, 111.453
27.4296, 44.8078
Particle 11 new velocities: 58.6362, 60.4703
173.207, 120.665
36.2298, 3.06679
Particle 12 new velocities: 67.3598, 89.3549
94.7526, 95.4716
23.207, -24.8426
Particle 13 new velocities: 94.6191, 164.65
279.763, 193.234
201.581, 254.064
Particle 14 new velocities: 4.18741, -47.84
66.7561, 64.9218
-22.9398, -34.5055
Particle 15 new velocities: 71.9421, 55.9642
101.023, 98.7946
29.3774, 36.5098
Particle 16 new velocities: 106.297, 78.4838
232.793, 142.301
45.235, 55.2636
Particle 17 new velocities: 154.681, 134.881
209.835, 75.6748
21.0812, 80.4767
Particle 18 new velocities: 96.85, -1.59735
61.0396, 107.513
7.87786, 10.7928
Particle 19 new velocities: 6.92028, -5.5091
-28.264, 29.2541
3.06526, 6.51546
Particle 20 new velocities: 126.237, 100.923
142.521, 90.3639
29.0723, -27.9719
-- ITERATION 5 --
-------------
Particle: 1:
Relays Coordinates:
205.783, 165.404
260.94, 281.908
78.2701, 92.0307
Evaluation Time: 1.53413 seconds
Resulting Fitness: 0.81
New local best!
-------------
Particle: 2:
Relays Coordinates:
211.211, 185.172
218.22, 295.665
118.135, 95.6277
Evaluation Time: 1.56066 seconds
Resulting Fitness: 0.753333
-------------
Particle: 3:
Relays Coordinates:
183.268, 179.752
243.174, 241.398
112.742, 56.5681
Evaluation Time: 1.55684 seconds
Resulting Fitness: 0.826667
New local best!
-------------
Particle: 4:
Relays Coordinates:
166.385, 169.58
254.051, 218.224
59.2741, 63.4051
Evaluation Time: 1.53468 seconds
Resulting Fitness: 0.773333
-------------
Particle: 5:
Relays Coordinates:
215.506, 193.072
360, 198.856
92.964, 106.505
Evaluation Time: 1.36908 seconds
Resulting Fitness: 0.743333
New local best!
-------------
Particle: 6:
Relays Coordinates:
173.189, 213.604
177.666, 172.711
76.4334, 119.48
Evaluation Time: 1.35631 seconds
Resulting Fitness: 0.633333
-------------
Particle: 7:
Relays Coordinates:
200.104, 169.301
258.695, 285.801
71.0396, 109.005
Evaluation Time: 1.57616 seconds
Resulting Fitness: 0.84
New local best!
New global best!
-------------
Particle: 8:
Relays Coordinates:
132.532, 150.223
97.1976, 155.664
138.221, 50.2533
Evaluation Time: 1.1557 seconds
Resulting Fitness: 0.56
-------------
Particle: 9:
Relays Coordinates:
202.913, 183.48
253.704, 229.658
94.5151, 76.8893
Evaluation Time: 1.55031 seconds
Resulting Fitness: 0.753333
New local best!
-------------
Particle: 10:
Relays Coordinates:
118.828, 178.412
205.005, 180.462
38.3667, 54.2146
Evaluation Time: 1.35256 seconds
Resulting Fitness: 0.656667
-------------
Particle: 11:
Relays Coordinates:
135.537, 212.217
261.043, 291.6
53.9684, 87.8006
Evaluation Time: 1.48793 seconds
Resulting Fitness: 0.8
New local best!
-------------
Particle: 12:
Relays Coordinates:
168.339, 159.557
171.139, 203.848
57.1245, 64.69
Evaluation Time: 1.31388 seconds
Resulting Fitness: 0.603333
-------------
Particle: 13:
Relays Coordinates:
68.4974, 126.11
157.986, 154.45
117.846, 166.859
Evaluation Time: 1.1866 seconds
Resulting Fitness: 0.52
-------------
Particle: 14:
Relays Coordinates:
141.984, 201.7
273.012, 238.253
42.4057, 101.875
Evaluation Time: 1.54253 seconds
Resulting Fitness: 0.77
New local best!
-------------
Particle: 15:
Relays Coordinates:
181.397, 188.645
249.755, 258.32
73.3819, 95.669
Evaluation Time: 1.53226 seconds
Resulting Fitness: 0.813333
New local best!
-------------
Particle: 16:
Relays Coordinates:
202.435, 156.63
280.836, 261.598
75.8693, 70.2486
Evaluation Time: 1.65942 seconds
Resulting Fitness: 0.813333
New local best!
-------------
Particle: 17:
Relays Coordinates:
188.481, 183.595
262.44, 189.122
75.7409, 124.229
Evaluation Time: 1.44805 seconds
Resulting Fitness: 0.756667
New local best!
-------------
Particle: 18:
Relays Coordinates:
220.514, 74.2423
177.341, 136.249
46.2217, 68.4659
Evaluation Time: 1.19591 seconds
Resulting Fitness: 0.57
-------------
Particle: 19:
Relays Coordinates:
194.211, 153.559
268.537, 283.364
68.2006, 102.533
Evaluation Time: 1.60575 seconds
Resulting Fitness: 0.82
New local best!
-------------
Particle: 20:
Relays Coordinates:
148.111, 172.727
236.19, 172.357
61.9165, 55.0892
Evaluation Time: 1.42444 seconds
Resulting Fitness: 0.72
Current global best fitness: 0.84
Current global best relays: 200.104, 169.301
258.695, 285.801
71.0396, 109.005
Particle 1 new velocities: 30.9091, -18.8761
64.7495, 93.7903
15.5767, -1.01432
Particle 2 new velocities: -13.4379, 4.36911
47.3836, 48.8932
-77.4376, 30.3136
Particle 3 new velocities: 29.7184, 36.2938
65.975, 36.1332
3.11935, 53.7123
Particle 4 new velocities: 106.25, 115.229
138.01, 153.093
-2.97513, 90.5279
Particle 5 new velocities: 54.125, 6.33643
-1.36096, 32.0939
-0.344553, 2.62252
Particle 6 new velocities: 128.98, 147.051
181.067, 154.258
42.9373, 103.892
Particle 7 new velocities: 74.7808, 33.3621
94.729, 104.167
13.4427, 61.2219
Particle 8 new velocities: 147.812, 269.645
60.1312, 250.681
89.516, 79.9994
Particle 9 new velocities: 107.118, 95.174
163.903, 224.833
42.9991, 54.9959
Particle 10 new velocities: 167.088, 235.416
186.26, 187.535
42.6292, 206.275
Particle 11 new velocities: 87.5093, 16.0892
136.286, -6.06557
32.5305, 13.1333
Particle 12 new velocities: 90.4931, 84.9181
230.029, 128.593
48.5132, -3.00991
Particle 13 new velocities: 139.966, 200.019
109.78, 126.115
159.005, 392.866
Particle 14 new velocities: 66.7614, -42.8834
41.3005, 59.643
11.5461, -27.5232
Particle 15 new velocities: 58.4778, 40.536
88.6788, 110.256
23.1837, 38.0116
Particle 16 new velocities: 83.2743, 78.5421
171.428, 126.394
36.1306, 63.8604
Particle 17 new velocities: 129.168, 92.6731
-4.35697, 100.177
10.9995, 45.9453
Particle 18 new velocities: 30.1734, 250.286
44.7838, 87.4498
24.0107, 163.785
Particle 19 new velocities: 12.851, 10.7379
-25.6067, 26.1239
4.88999, 8.81548
Particle 20 new velocities: 146.482, 80.3598
137.492, 144.88
36.9085, 9.9327
-- ITERATION 6 --
-------------
Particle: 1:
Relays Coordinates:
139.764, 86.5232
192.316, 221.846
55.4156, 53.7443
Evaluation Time: 1.47884 seconds
Resulting Fitness: 0.72
-------------
Particle: 2:
Relays Coordinates:
177.995, 170.587
239.043, 310.102
36.6277, 113.347
Evaluation Time: 1.56369 seconds
Resulting Fitness: 0.716667
-------------
Particle: 3:
Relays Coordinates:
191.688, 194.441
278.234, 249.778
104.275, 99.2524
Evaluation Time: 1.46492 seconds
Resulting Fitness: 0.796667
-------------
Particle: 4:
Relays Coordinates:
160.988, 168.177
231.508, 219.259
33.244, 90.8959
Evaluation Time: 1.45855 seconds
Resulting Fitness: 0.75
-------------
Particle: 5:
Relays Coordinates:
196.561, 145.369
261.448, 168.363
67.5196, 79.5543
Evaluation Time: 1.36192 seconds
Resulting Fitness: 0.703333
-------------
Particle: 6:
Relays Coordinates:
178.428, 212.964
211.828, 193.072
70.4873, 131.899
Evaluation Time: 1.37019 seconds
Resulting Fitness: 0.693333
New local best!
-------------
Particle: 7:
Relays Coordinates:
200.391, 147.742
257.646, 284.287
61.5876, 124.096
Evaluation Time: 1.51291 seconds
Resulting Fitness: 0.823333
-------------
Particle: 8:
Relays Coordinates:
148.987, 212.576
83.611, 212.576
121.029, 69.2216
Evaluation Time: 1.29274 seconds
Resulting Fitness: 0.636667
-------------
Particle: 9:
Relays Coordinates:
203.411, 182.825
262.44, 262.44
90.2231, 86.5299
Evaluation Time: 1.48877 seconds
Resulting Fitness: 0.793333
New local best!
-------------
Particle: 10:
Relays Coordinates:
151.947, 212.576
207.934, 195.568
43.0446, 138.435
Evaluation Time: 1.38505 seconds
Resulting Fitness: 0.67
-------------
Particle: 11:
Relays Coordinates:
180.667, 184.928
321.837, 231.283
70.064, 81.7565
Evaluation Time: 1.44913 seconds
Resulting Fitness: 0.773333
-------------
Particle: 12:
Relays Coordinates:
152.838, 144.36
236.196, 196.303
62.378, 36.4215
Evaluation Time: 1.4328 seconds
Resulting Fitness: 0.74
-------------
Particle: 13:
Relays Coordinates:
80.763, 126.349
103.738, 108.697
107.258, 154.968
Evaluation Time: 1.04275 seconds
Resulting Fitness: 0.48
-------------
Particle: 14:
Relays Coordinates:
169.084, 128.641
254.593, 241.295
43.701, 60.2253
Evaluation Time: 1.54585 seconds
Resulting Fitness: 0.793333
New local best!
-------------
Particle: 15:
Relays Coordinates:
215.887, 206.263
304.591, 331.718
86.909, 120.313
Evaluation Time: 1.50627 seconds
Resulting Fitness: 0.81
-------------
Particle: 16:
Relays Coordinates:
208.282, 171.44
291.6, 282.847
81.6479, 97.7655
Evaluation Time: 1.55497 seconds
Resulting Fitness: 0.813333
-------------
Particle: 17:
Relays Coordinates:
231.566, 201.399
188.143, 210.898
63.2337, 124.057
Evaluation Time: 1.41967 seconds
Resulting Fitness: 0.723333
-------------
Particle: 18:
Relays Coordinates:
148.028, 191.631
131.163, 132.092
41.4715, 137.142
Evaluation Time: 1.14488 seconds
Resulting Fitness: 0.513333
-------------
Particle: 19:
Relays Coordinates:
207.062, 164.297
242.93, 309.488
73.0906, 111.349
Evaluation Time: 1.58888 seconds
Resulting Fitness: 0.826667
New local best!
-------------
Particle: 20:
Relays Coordinates:
156.558, 134.501
198.59, 168.593
52.5196, 34.5553
Evaluation Time: 1.32983 seconds
Resulting Fitness: 0.61
Current global best fitness: 0.84
Current global best relays: 200.104, 169.301
258.695, 285.801
71.0396, 109.005
Particle 1 new velocities: 111.353, 102.659
170.894, 115.263
18.2385, 63.215
Particle 2 new velocities: 7.29756, -10.4019
83.7749, 4.65065
-27.0996, 18.0888
Particle 3 new velocities: 31.765, -2.21374
-0.389796, 61.8693
-27.7436, 31.854
Particle 4 new velocities: 97.1521, 111.956
146.26, 134.363
-1.00499, 142.089
Particle 5 new velocities: 47.2853, 74.0157
123.077, 136.342
43.5055, 62.5707
Particle 6 new velocities: 117.393, 76.3555
190.989, 176.852
34.3786, 68.8298
Particle 7 new velocities: 59.2843, 48.9724
78.3622, 85.5215
27.1263, 16.3906
Particle 8 new velocities: 115.607, -14.3313
145.886, -26.3574
94.0133, 110.497
Particle 9 new velocities: 84.0896, 61.8078
-3.90327, 7.88494
21.4869, 55.0505
Particle 10 new velocities: 143.816, -8.48992
214.656, 279.259
46.2541, 138.3
Particle 11 new velocities: 12.6273, 46.2948
61.6361, 77.0063
4.07102, 41.8302
Particle 12 new velocities: 106.926, 180.558
36.7046, 227.183
50.6335, 93.3624
Particle 13 new velocities: 190.38, 229.683
93.8003, 304.607
146.027, 131.31
Particle 14 new velocities: 89.5951, -20.2764
33.142, 68.3435
27.364, 15.9441
Particle 15 new velocities: 21.4135, -8.82801
15.3822, -1.7445
-7.46429, -7.50149
Particle 16 new velocities: 61.8578, 39.8078
-30.7829, 88.4947
19.5876, 42.893
Particle 17 new velocities: 74.449, 31.7858
165.469, 122.224
15.8125, 21.6723
Particle 18 new velocities: 42.8116, 214.703
80.8465, 218.514
29.0719, 101.872
Particle 19 new velocities: 6.12028, 12.7174
-0.155576, -7.42549
2.61722, 6.6582
Particle 20 new velocities: 118.007, 144.106
185.375, 223.326
84.7012, 202.353
-- ITERATION 7 --
-------------
Particle: 1:
Relays Coordinates:
183.064, 137.914
264.78, 245.753
53.6938, 85.2633
Evaluation Time: 1.54966 seconds
Resulting Fitness: 0.78
-------------
Particle: 2:
Relays Coordinates:
135.079, 116.775
235.334, 229.455
6.94597, 95.8169
Evaluation Time: 1.51525 seconds
Resulting Fitness: 0.746667
-------------
Particle: 3:
Relays Coordinates:
201.108, 173.005
250.06, 280.483
68.8785, 117.996
Evaluation Time: 1.50952 seconds
Resulting Fitness: 0.833333
New local best!
-------------
Particle: 4:
Relays Coordinates:
169.366, 183.796
247.854, 232.011
21.152, 152.862
Evaluation Time: 1.52061 seconds
Resulting Fitness: 0.713333
-------------
Particle: 5:
Relays Coordinates:
197.515, 177.702
311.465, 246.811
89.9303, 115.121
Evaluation Time: 1.4754 seconds
Resulting Fitness: 0.8
New local best!
-------------
Particle: 6:
Relays Coordinates:
194.088, 189.822
262.44, 242.707
68.8025, 131.698
Evaluation Time: 1.45572 seconds
Resulting Fitness: 0.766667
New local best!
-------------
Particle: 7:
Relays Coordinates:
210.337, 159.338
272.167, 299.545
71.8583, 113.794
Evaluation Time: 1.61665 seconds
Resulting Fitness: 0.836667
-------------
Particle: 8:
Relays Coordinates:
140.616, 105.356
121.964, 98.9644
114.282, 95.5097
Evaluation Time: 1.07714 seconds
Resulting Fitness: 0.466667
-------------
Particle: 9:
Relays Coordinates:
209.588, 178.337
188.473, 197.067
81.4366, 103.212
Evaluation Time: 1.41132 seconds
Resulting Fitness: 0.7
-------------
Particle: 10:
Relays Coordinates:
157.181, 108.46
212.576, 212.576
47.457, 147.068
Evaluation Time: 1.49871 seconds
Resulting Fitness: 0.693333
-------------
Particle: 11:
Relays Coordinates:
140.912, 168.562
279.552, 224.743
54.0445, 90.0947
Evaluation Time: 1.42221 seconds
Resulting Fitness: 0.76
-------------
Particle: 12:
Relays Coordinates:
153.388, 191.861
161.145, 236.196
66.7322, 76.6361
Evaluation Time: 1.24308 seconds
Resulting Fitness: 0.653333
-------------
Particle: 13:
Relays Coordinates:
105.046, 137.934
76.5303, 154.968
98.1276, 110.91
Evaluation Time: 1.03255 seconds
Resulting Fitness: 0.48
-------------
Particle: 14:
Relays Coordinates:
188.577, 78.998
209.759, 225.727
51.8064, 55.5275
Evaluation Time: 1.58382 seconds
Resulting Fitness: 0.78
-------------
Particle: 15:
Relays Coordinates:
192.213, 159.922
259.178, 267.278
64.3502, 91.377
Evaluation Time: 1.64072 seconds
Resulting Fitness: 0.823333
New local best!
-------------
Particle: 16:
Relays Coordinates:
218.813, 171.111
211.262, 300.786
82.0008, 113.933
Evaluation Time: 1.48789 seconds
Resulting Fitness: 0.81
-------------
Particle: 17:
Relays Coordinates:
180.699, 137.693
208.804, 196.705
46.676, 86.0517
Evaluation Time: 1.50191 seconds
Resulting Fitness: 0.72
-------------
Particle: 18:
Relays Coordinates:
112.689, 236.196
125.189, 207.029
41.6552, 141.135
Evaluation Time: 1.12829 seconds
Resulting Fitness: 0.576667
-------------
Particle: 19:
Relays Coordinates:
213.182, 177.015
242.775, 302.063
75.7078, 118.007
Evaluation Time: 1.60017 seconds
Resulting Fitness: 0.836667
New local best!
-------------
Particle: 20:
Relays Coordinates:
145.915, 148.063
204.055, 208.282
72.9248, 125.903
Evaluation Time: 1.43987 seconds
Resulting Fitness: 0.683333
Current global best fitness: 0.84
Current global best relays: 200.104, 169.301
258.695, 285.801
71.0396, 109.005
Particle 1 new velocities: 135.813, 131.74
131.633, 166.16
48.3109, 67.2498
Particle 2 new velocities: 39.5342, 92.9674
107.559, 63.7603
10.9086, -0.208686
Particle 3 new velocities: 25.0204, -4.11323
8.98904, 55.9269
-22.154, 21.0181
Particle 4 new velocities: 74.6439, 88.5706
146.794, 114.694
47.1658, 83.7938
Particle 5 new velocities: 38.8332, 51.2544
94.5226, 156.127
20.7379, 44.2982
Particle 6 new velocities: 101.362, 36.6594
-4.81282, 186.737
27.5214, 28.077
Particle 7 new velocities: 29.2085, 65.075
38.2919, 55.7083
20.0314, 4.82713
Particle 8 new velocities: 69.2675, 186.353
140.214, 67.8299
67.2005, 74.5639
Particle 9 new velocities: 53.2662, 41.0132
148.995, 117.901
15.8435, 28.9405
Particle 10 new velocities: 123.545, 65.6843
58.4351, 71.4344
35.0288, 59.9152
Particle 11 new velocities: 37.1863, 79.9637
5.74523, 203.535
22.0847, 42.4589
Particle 12 new velocities: 114.835, 152.395
167.92, 41.0291
44.7381, 111.565
Particle 13 new velocities: 154.575, 209.985
182.08, 76.6582
120.669, 107.533
Particle 14 new velocities: 72.6095, 8.95524
97.438, 81.7446
27.9845, 81.6278
Particle 15 new velocities: 20.0496, -1.04289
11.8606, 1.97615
-1.88703, -0.863913
Particle 16 new velocities: 36.6318, 5.85081
118.019, 5.85637
4.79843, 2.55402
Particle 17 new velocities: 67.9289, 82.0803
172.403, 143.466
67.0466, 31.3384
Particle 18 new velocities: 189.548, -2.79214
93.6897, 139.299
49.124, 69.6198
Particle 19 new velocities: -4.37045, 8.86206
14.5359, -22.1456
-0.852315, 4.96846
Particle 20 new velocities: 137.546, 147.367
282.019, 172.099
70.3536, 146.426
-- ITERATION 8 --
-------------
Particle: 1:
Relays Coordinates:
188.294, 159.228
234.078, 236.196
60.2327, 90.0575
Evaluation Time: 1.48803 seconds
Resulting Fitness: 0.8
-------------
Particle: 2:
Relays Coordinates:
127.293, 152.902
249.969, 213.754
13.016, 69.6984
Evaluation Time: 1.4876 seconds
Resulting Fitness: 0.77
-------------
Particle: 3:
Relays Coordinates:
183.164, 136.802
209.829, 272.492
37.8468, 112.601
Evaluation Time: 1.52075 seconds
Resulting Fitness: 0.79
-------------
Particle: 4:
Relays Coordinates:
144.085, 160.83
233.036, 204.726
40.341, 139.743
Evaluation Time: 1.42554 seconds
Resulting Fitness: 0.726667
-------------
Particle: 5:
Relays Coordinates:
139.561, 135.196
236.196, 236.196
65.3485, 94.1356
Evaluation Time: 1.50495 seconds
Resulting Fitness: 0.773333
-------------
Particle: 6:
Relays Coordinates:
215.383, 165.105
187.81, 291.6
70.2201, 116.476
Evaluation Time: 1.50439 seconds
Resulting Fitness: 0.793333
New local best!
-------------
Particle: 7:
Relays Coordinates:
194.032, 181.775
251.472, 287.755
74.4306, 96.083
Evaluation Time: 1.50403 seconds
Resulting Fitness: 0.813333
-------------
Particle: 8:
Relays Coordinates:
123.934, 172.251
154.814, 98.4904
107.164, 100.427
Evaluation Time: 1.11237 seconds
Resulting Fitness: 0.58
-------------
Particle: 9:
Relays Coordinates:
212.912, 177.674
273.349, 255.124
78.7969, 107.044
Evaluation Time: 1.53334 seconds
Resulting Fitness: 0.833333
New local best!
-------------
Particle: 10:
Relays Coordinates:
184.184, 114.256
177.811, 186.339
54.119, 135.802
Evaluation Time: 1.28351 seconds
Resulting Fitness: 0.663333
-------------
Particle: 11:
Relays Coordinates:
144.259, 201.306
231.09, 324
61.6646, 107.368
Evaluation Time: 1.38872 seconds
Resulting Fitness: 0.713333
-------------
Particle: 12:
Relays Coordinates:
175.981, 225.866
215.899, 181.887
73.1356, 123.479
Evaluation Time: 1.44968 seconds
Resulting Fitness: 0.746667
-------------
Particle: 13:
Relays Coordinates:
124.176, 166.408
123.693, 110.786
104.65, 104.481
Evaluation Time: 1.05423 seconds
Resulting Fitness: 0.51
-------------
Particle: 14:
Relays Coordinates:
171.365, 57.7061
201.552, 201.732
52.3508, 89.9876
Evaluation Time: 1.44176 seconds
Resulting Fitness: 0.746667
-------------
Particle: 15:
Relays Coordinates:
191.037, 142.991
243.935, 242.329
56.2169, 81.4617
Evaluation Time: 1.57398 seconds
Resulting Fitness: 0.816667
-------------
Particle: 16:
Relays Coordinates:
206.91, 143.339
266.717, 248.381
70.3073, 94.3548
Evaluation Time: 1.51895 seconds
Resulting Fitness: 0.816667
New local best!
-------------
Particle: 17:
Relays Coordinates:
201.389, 178.017
308.778, 275.539
92.1153, 95.086
Evaluation Time: 1.49672 seconds
Resulting Fitness: 0.813333
New local best!
-------------
Particle: 18:
Relays Coordinates:
198.298, 153.136
143.606, 227.226
59.5603, 138.277
Evaluation Time: 1.38694 seconds
Resulting Fitness: 0.68
New local best!
-------------
Particle: 19:
Relays Coordinates:
208.812, 185.877
257.311, 279.917
74.8555, 122.975
Evaluation Time: 1.53095 seconds
Resulting Fitness: 0.833333
-------------
Particle: 20:
Relays Coordinates:
135.579, 141.303
191.319, 181.935
68.5296, 130.254
Evaluation Time: 1.35701 seconds
Resulting Fitness: 0.603333
Current global best fitness: 0.84
Current global best relays: 200.104, 169.301
258.695, 285.801
71.0396, 109.005
Particle 1 new velocities: 128.726, 115.153
144.927, 85.5918
50.2686, 57.036
Particle 2 new velocities: 73.5806, 86.7905
93.6853, 193.588
132.07, 18.1676
Particle 3 new velocities: 45.3513, 26.1571
91.2718, 66.9173
13.5659, 18.4394
Particle 4 new velocities: 94.2586, 122.724
184.816, 113.526
43.234, 19.2953
Particle 5 new velocities: 98.9408, 75.0202
102.166, 68.6952
38.957, 61.2949
Particle 6 new velocities: 61.9138, 33.1023
-2.74148, -7.26927
22.0871, 12.7726
Particle 7 new velocities: 40.8426, 32.2389
48.8801, 41.4542
10.513, 39.8258
Particle 8 new velocities: 87.3449, 169.745
175.643, 144.588
81.2115, 29.3153
Particle 9 new velocities: 33.944, 25.1503
115.464, 116.701
6.80143, 24.89
Particle 10 new velocities: 53.3655, 187.31
127.821, 163.517
37.8795, 29.9734
Particle 11 new velocities: 86.4257, 47.0945
55.1013, -46.0375
17.346, 6.62763
Particle 12 new velocities: 109.637, 78.8688
166.034, 114.969
22.8608, 88.9203
Particle 13 new velocities: 118.861, 174.118
133.293, 234.351
124.758, 333.113
Particle 14 new velocities: 83.8774, 159.911
117.027, 116.435
13.6823, 36.9849
Particle 15 new velocities: 24.0507, 37.0558
21.6295, 37.4778
28.287, 24.3251
Particle 16 new velocities: 27.5599, 35.3172
92.4003, 13.1242
4.57395, 7.86924
Particle 17 new velocities: 53.7292, 58.6718
80.0582, 125.1
50.8759, 36.7924
Particle 18 new velocities: 152.916, 18.7577
93.5792, 153.079
50.5138, 40.2578
Particle 19 new velocities: -6.13147, -21.7649
-12.172, 9.4779
-3.21251, -5.16191
Particle 20 new velocities: 139.631, 169.53
52.5357, 246.763
64.7422, 104.188
-- ITERATION 9 --
-------------
Particle: 1:
Relays Coordinates:
187.197, 162.019
223.799, 190.012
65.25, 86.8572
Evaluation Time: 1.47421 seconds
Resulting Fitness: 0.7
-------------
Particle: 2:
Relays Coordinates:
131.793, 157.262
225.472, 262.44
95.1909, 57.6488
Evaluation Time: 1.42348 seconds
Resulting Fitness: 0.8
-------------
Particle: 3:
Relays Coordinates:
185.097, 131.997
243.892, 274.921
41.6443, 106.143
Evaluation Time: 1.64542 seconds
Resulting Fitness: 0.78
-------------
Particle: 4:
Relays Coordinates:
173.753, 206.711
291.6, 232.005
60.9261, 115.939
Evaluation Time: 1.43069 seconds
Resulting Fitness: 0.776667
-------------
Particle: 5:
Relays Coordinates:
193.187, 170.275
274.073, 246.962
84.4874, 125.899
Evaluation Time: 1.53036 seconds
Resulting Fitness: 0.783333
-------------
Particle: 6:
Relays Coordinates:
224.611, 160.548
149.906, 230.308
74.7689, 104.691
Evaluation Time: 1.39966 seconds
Resulting Fitness: 0.77
-------------
Particle: 7:
Relays Coordinates:
211.387, 192.612
270.316, 296.289
76.4492, 122.318
Evaluation Time: 1.4879 seconds
Resulting Fitness: 0.833333
-------------
Particle: 8:
Relays Coordinates:
138.62, 224.383
216.812, 159.484
123.593, 85.1237
Evaluation Time: 1.46463 seconds
Resulting Fitness: 0.716667
New local best!
-------------
Particle: 9:
Relays Coordinates:
161.962, 133.073
255.1, 243.954
56.1611, 86.5616
Evaluation Time: 1.58965 seconds
Resulting Fitness: 0.79
-------------
Particle: 10:
Relays Coordinates:
173.174, 219.842
222.805, 255.045
67.0669, 120.85
Evaluation Time: 1.41486 seconds
Resulting Fitness: 0.793333
-------------
Particle: 11:
Relays Coordinates:
168.169, 181.084
208.634, 202.635
57.5988, 83.1031
Evaluation Time: 1.39462 seconds
Resulting Fitness: 0.7
-------------
Particle: 12:
Relays Coordinates:
187.394, 199.936
250.587, 194.768
62.9832, 139.355
Evaluation Time: 1.51383 seconds
Resulting Fitness: 0.683333
-------------
Particle: 13:
Relays Coordinates:
84.742, 118.734
89.6053, 120.342
79.9895, 139.471
Evaluation Time: 1.0326 seconds
Resulting Fitness: 0.466667
-------------
Particle: 14:
Relays Coordinates:
186.071, 158.643
232.244, 231.944
48.1381, 92.563
Evaluation Time: 1.63701 seconds
Resulting Fitness: 0.766667
-------------
Particle: 15:
Relays Coordinates:
215.087, 180.047
265.564, 279.807
84.5039, 105.787
Evaluation Time: 1.68526 seconds
Resulting Fitness: 0.83
New local best!
-------------
Particle: 16:
Relays Coordinates:
189.921, 144.712
290.885, 211.819
60.6539, 82.8014
Evaluation Time: 1.45314 seconds
Resulting Fitness: 0.783333
-------------
Particle: 17:
Relays Coordinates:
185.981, 172.546
283.462, 291.6
104.241, 96.1394
Evaluation Time: 1.55047 seconds
Resulting Fitness: 0.81
-------------
Particle: 18:
Relays Coordinates:
207.388, 101.502
140.056, 224.566
64.9976, 105.423
Evaluation Time: 1.28341 seconds
Resulting Fitness: 0.693333
New local best!
-------------
Particle: 19:
Relays Coordinates:
202.68, 164.112
245.139, 289.395
71.643, 117.814
Evaluation Time: 1.47713 seconds
Resulting Fitness: 0.81
-------------
Particle: 20:
Relays Coordinates:
146.258, 165.189
129.594, 212.576
70.8261, 124.592
Evaluation Time: 1.15048 seconds
Resulting Fitness: 0.56
Current global best fitness: 0.84
Current global best relays: 200.104, 169.301
258.695, 285.801
71.0396, 109.005
Particle 1 new velocities: 142.766, 96.1372
158.809, 249.281
47.102, 65.2346
Particle 2 new velocities: 133.627, 81.98
105.207, 28.932
53.275, 42.6849
Particle 3 new velocities: 61.2096, 45.624
89.8233, 63.641
61.7903, 33.0489
Particle 4 new velocities: 64.7231, 54.0001
-21.2915, 118.609
19.7633, 17.2827
Particle 5 new velocities: 91.8304, 67.0351
80.0481, 57.8254
35.7123, 45.5947
Particle 6 new velocities: 42.1775, 34.8141
52.7763, 81.9255
8.96906, 17.2744
Particle 7 new velocities: 19.9912, -5.06206
19.2381, 12.507
4.49012, -6.31914
Particle 8 new velocities: 117.791, 127.131
190.85, 276.727
38.1328, 27.0695
Particle 9 new velocities: 102.128, 77.4069
110.859, 154.006
40.0305, 62.7915
Particle 10 new velocities: 46.5156, 181.597
153.634, 127.794
29.2278, 28.0645
Particle 11 new velocities: 32.0671, 36.8733
93.8884, 172.103
14.006, 23.0267
Particle 12 new velocities: 79.3691, 27.7967
128.797, 176.741
32.3844, 40.522
Particle 13 new velocities: 142.711, 235.179
204.798, 217.373
93.5855, 162.102
Particle 14 new velocities: 66.8364, 88.7413
127.806, 165.15
14.8757, 17.6871
Particle 15 new velocities: 13.8356, 29.0896
14.9788, 36.9834
9.4582, 22.6647
Particle 16 new velocities: 37.6956, 53.6153
38.71, 98.9021
5.8032, 15.3134
Particle 17 new velocities: 61.3887, 45.9927
60.3468, -12.7167
-15.8084, 40.2146
Particle 18 new velocities: 114.893, 55.9281
137.902, 177.572
46.1263, 36.0537
Particle 19 new velocities: -2.33776, 8.17165
-5.17194, 17.5397
-0.778411, -6.87547
Particle 20 new velocities: 92.7993, 183.697
206.644, 73.1431
55.2625, 69.6834
-- ITERATION 10 --
-------------
Particle: 1:
Relays Coordinates:
194.84, 152.439
225.926, 236.196
66.3427, 89.8087
Evaluation Time: 1.47397 seconds
Resulting Fitness: 0.806667
-------------
Particle: 2:
Relays Coordinates:
214.99, 193.786
267.85, 236.011
120.257, 81.2703
Evaluation Time: 1.57703 seconds
Resulting Fitness: 0.773333
-------------
Particle: 3:
Relays Coordinates:
199.509, 143.873
270.309, 274.235
83.782, 112.745
Evaluation Time: 1.6589 seconds
Resulting Fitness: 0.836667
New local best!
-------------
Particle: 4:
Relays Coordinates:
173.849, 190.058
197.055, 255.598
58.8226, 97.1184
Evaluation Time: 1.38665 seconds
Resulting Fitness: 0.716667
-------------
Particle: 5:
Relays Coordinates:
207.777, 172.999
258.154, 222.19
87.6256, 125.019
Evaluation Time: 1.50863 seconds
Resulting Fitness: 0.75
-------------
Particle: 6:
Relays Coordinates:
194.489, 142.419
147.755, 227.618
61.0449, 88.9131
Evaluation Time: 1.35996 seconds
Resulting Fitness: 0.706667
-------------
Particle: 7:
Relays Coordinates:
208.24, 168.795
260.599, 277.916
72.8454, 104.399
Evaluation Time: 1.566 seconds
Resulting Fitness: 0.833333
-------------
Particle: 8:
Relays Coordinates:
151.408, 207.566
236.196, 236.196
95.4975, 66.249
Evaluation Time: 1.47629 seconds
Resulting Fitness: 0.793333
New local best!
-------------
Particle: 9:
Relays Coordinates:
173.27, 138.096
240.106, 261.102
63.1113, 97.9906
Evaluation Time: 1.51938 seconds
Resulting Fitness: 0.806667
-------------
Particle: 10:
Relays Coordinates:
116.752, 212.576
200.055, 203.456
51.175, 79.1394
Evaluation Time: 1.39358 seconds
Resulting Fitness: 0.73
-------------
Particle: 11:
Relays Coordinates:
162.192, 176.545
245.043, 303.538
57.9998, 85.9651
Evaluation Time: 1.49814 seconds
Resulting Fitness: 0.803333
New local best!
-------------
Particle: 12:
Relays Coordinates:
194.47, 166.017
276.571, 270.83
69.523, 131.13
Evaluation Time: 1.57857 seconds
Resulting Fitness: 0.843333
New local best!
New global best!
-------------
Particle: 13:
Relays Coordinates:
97.9108, 152.348
126.731, 145.375
74.7183, 129.817
Evaluation Time: 1.14586 seconds
Resulting Fitness: 0.5
-------------
Particle: 14:
Relays Coordinates:
165.933, 162.309
236.229, 260.533
41.3434, 72.3351
Evaluation Time: 1.69057 seconds
Resulting Fitness: 0.793333
-------------
Particle: 15:
Relays Coordinates:
206.031, 188.223
252.489, 285.111
84.5659, 115.606
Evaluation Time: 1.52089 seconds
Resulting Fitness: 0.82
-------------
Particle: 16:
Relays Coordinates:
184.369, 160.645
266.972, 251.684
53.8302, 79.473
Evaluation Time: 1.57292 seconds
Resulting Fitness: 0.8
-------------
Particle: 17:
Relays Coordinates:
200.369, 177.016
278.485, 225.895
71.6301, 110.447
Evaluation Time: 1.46548 seconds
Resulting Fitness: 0.783333
-------------
Particle: 18:
Relays Coordinates:
190.304, 92.9607
164.131, 236.196
65.6175, 83.5404
Evaluation Time: 1.43835 seconds
Resulting Fitness: 0.74
New local best!
-------------
Particle: 19:
Relays Coordinates:
200.343, 172.283
239.967, 306.935
70.8646, 110.938
Evaluation Time: 1.47659 seconds
Resulting Fitness: 0.793333
-------------
Particle: 20:
Relays Coordinates:
156.845, 228.904
220.606, 187.461
82.7267, 127.464
Evaluation Time: 1.46528 seconds
Resulting Fitness: 0.736667
Current global best fitness: 0.843333
Current global best relays: 194.47, 166.017
276.571, 270.83
69.523, 131.13
Particle 1 new velocities: 130.808, 98.4545
172.835, 73.4969
42.9511, 57.3939
Particle 2 new velocities: 49.812, 6.94176
86.6143, 95.6356
-16.1284, 90.8918
Particle 3 new velocities: 44.2499, 60.3374
76.9442, 48.3869
41.0964, 37.6625
Particle 4 new velocities: 24.8646, 17.1762
105.912, 50.8614
7.37005, 52.2598
Particle 5 new velocities: 62.2595, 49.3507
99.7611, 65.0468
11.7774, 25.3213
Particle 6 new velocities: 39.2158, 51.5996
126.834, 121.318
13.2852, 60.2771
Particle 7 new velocities: -1.09915, -5.71826
32.4398, 6.83166
1.7942, -0.3865
Particle 8 new velocities: 134.357, 87.781
0.165476, 31.0391
-1.41223, 44.3833
Particle 9 new velocities: 109.118, 144.516
139.256, 116.555
58.7308, 66.9911
Particle 10 new velocities: 68.7297, 32.3245
279.474, 174.374
35.0907, 122.964
Particle 11 new velocities: 44.4671, 22.2973
92.242, 103.232
16.7052, 51.2465
Particle 12 new velocities: 63.4953, 22.2374
103.038, 141.393
25.9075, 32.4176
Particle 13 new velocities: 175.34, 208.774
120.664, 206.597
152.682, 174.239
Particle 14 new velocities: 77.3501, 23.3353
140.47, 134.277
15.385, 52.4815
Particle 15 new velocities: 13.7549, -7.00728
34.2776, 9.76566
4.18194, 14.3701
Particle 16 new velocities: 45.064, 42.0603
31.9779, 96.5865
28.8788, 45.6158
Particle 17 new velocities: 47.9009, 31.0795
50.7594, 62.0915
-7.06669, 14.4372
Particle 18 new velocities: 92.2071, 75.6432
147.272, 15.81
40.6237, 73.3843
Particle 19 new velocities: 2.9608, 13.1841
36.072, -3.60038
5.79686, 11.8799
Particle 20 new velocities: 56.6085, 91.835
200.784, 121.743
23.2432, 53.1648
-- ITERATION 11 --
-------------
Particle: 1:
Relays Coordinates:
192.292, 148.15
235.464, 182.871
64.5369, 86.9217
Evaluation Time: 1.39932 seconds
Resulting Fitness: 0.716667
-------------
Particle: 2:
Relays Coordinates:
193.041, 146.331
258.404, 241.771
75.91, 125.506
Evaluation Time: 1.52976 seconds
Resulting Fitness: 0.836667
New local best!
-------------
Particle: 3:
Relays Coordinates:
177.7, 148.869
253.148, 235.192
91.0363, 109.647
Evaluation Time: 1.48366 seconds
Resulting Fitness: 0.78
-------------
Particle: 4:
Relays Coordinates:
178.842, 186.511
272.67, 275.813
59.5734, 134.44
Evaluation Time: 1.50255 seconds
Resulting Fitness: 0.833333
New local best!
-------------
Particle: 5:
Relays Coordinates:
218.73, 180.104
289.912, 232.662
80.5164, 121.775
Evaluation Time: 1.50817 seconds
Resulting Fitness: 0.8
-------------
Particle: 6:
Relays Coordinates:
210.334, 174.617
247.131, 314.042
66.8971, 134.271
Evaluation Time: 1.53192 seconds
Resulting Fitness: 0.806667
New local best!
-------------
Particle: 7:
Relays Coordinates:
207.141, 163.077
293.039, 284.748
74.6396, 104.012
Evaluation Time: 1.52972 seconds
Resulting Fitness: 0.82
-------------
Particle: 8:
Relays Coordinates:
208.323, 215.308
172.308, 194.814
68.5881, 80.6509
Evaluation Time: 1.36388 seconds
Resulting Fitness: 0.706667
-------------
Particle: 9:
Relays Coordinates:
205.861, 206.024
276.554, 275.312
88.8228, 120.272
Evaluation Time: 1.49133 seconds
Resulting Fitness: 0.843333
New local best!
-------------
Particle: 10:
Relays Coordinates:
109.525, 144.612
236.196, 223.105
50.939, 119.34
Evaluation Time: 1.42928 seconds
Resulting Fitness: 0.753333
-------------
Particle: 11:
Relays Coordinates:
122.03, 117.414
199.163, 236.196
44.1126, 81.0221
Evaluation Time: 1.45855 seconds
Resulting Fitness: 0.713333
-------------
Particle: 12:
Relays Coordinates:
152.326, 111.163
224.155, 236.196
56.3508, 96.5734
Evaluation Time: 1.52599 seconds
Resulting Fitness: 0.776667
-------------
Particle: 13:
Relays Coordinates:
105.863, 139.906
95.8458, 136.361
88.0995, 117.798
Evaluation Time: 1.03743 seconds
Resulting Fitness: 0.48
-------------
Particle: 14:
Relays Coordinates:
143.656, 109.621
222.437, 233.132
33.4975, 73.703
Evaluation Time: 1.49874 seconds
Resulting Fitness: 0.77
-------------
Particle: 15:
Relays Coordinates:
197.807, 163.094
258.09, 265.389
79.873, 116.979
Evaluation Time: 1.77275 seconds
Resulting Fitness: 0.82
-------------
Particle: 16:
Relays Coordinates:
206.49, 182.435
269.055, 313.444
74.4381, 112.58
Evaluation Time: 1.52836 seconds
Resulting Fitness: 0.826667
New local best!
-------------
Particle: 17:
Relays Coordinates:
180.989, 151.702
240.019, 209.943
47.0667, 91.0404
Evaluation Time: 1.5564 seconds
Resulting Fitness: 0.756667
-------------
Particle: 18:
Relays Coordinates:
228.834, 136.569
252.237, 204.125
86.0554, 127.109
Evaluation Time: 1.52729 seconds
Resulting Fitness: 0.766667
New local best!
-------------
Particle: 19:
Relays Coordinates:
203.303, 185.467
276.039, 303.334
76.6614, 122.818
Evaluation Time: 1.60661 seconds
Resulting Fitness: 0.836667
-------------
Particle: 20:
Relays Coordinates:
155.608, 233.819
291.6, 225.409
77.2521, 131.678
Evaluation Time: 1.48526 seconds
Resulting Fitness: 0.783333
New local best!
Current global best fitness: 0.843333
Current global best relays: 194.47, 166.017
276.571, 270.83
69.523, 131.13
Particle 1 new velocities: 111.358, 104.881
186.383, 207.338
43.2672, 68.4972
Particle 2 new velocities: 40.4753, 19.0909
81.9541, 82.9982
-19.0554, 78.3863
Particle 3 new velocities: 74.5264, 63.4961
95.0833, 78.9382
13.1931, 36.978
Particle 4 new velocities: 36.8007, 2.61709
88.8397, 36.1963
9.87968, 37.8506
Particle 5 new velocities: 28.2615, 20.61
84.1217, 101.712
13.3524, 13.2133
Particle 6 new velocities: 12.1675, 37.8601
106.134, 60.9675
11.8504, 44.2472
Particle 7 new velocities: -20.6118, -1.20645
-2.99572, -6.26369
-11.0253, 19.4852
Particle 8 new velocities: 40.0791, 27.5974
139.694, 109.076
31.935, 66.5072
Particle 9 new velocities: 81.1592, 88.0753
111.422, 91.6802
41.0536, 65.4742
Particle 10 new velocities: 96.7225, 167.81
39.9758, 160.892
23.8268, 105.146
Particle 11 new velocities: 77.2705, 58.6648
170.123, 39.6778
65.5777, 73.4516
Particle 12 new velocities: 130.813, 99.4576
195.826, 78.0682
32.4743, 45.2605
Particle 13 new velocities: 189.932, 212.533
144.775, 223.562
156.407, 380.73
Particle 14 new velocities: 114.083, 41.7423
180.264, 140.983
64.3719, 97.8048
Particle 15 new velocities: 28.0283, 18.1145
43.8829, 24.9957
-7.12883, 1.04395
Particle 16 new velocities: 25.7695, 28.9985
31.8475, 28.935
21.6064, 56.9847
Particle 17 new velocities: 81.0955, 36.2781
81.4751, 176.101
16.9331, 15.7219
Particle 18 new velocities: 32.7756, 75.594
119.102, 43.1521
18.9505, 61.4408
Particle 19 new velocities: 1.59786, -23.636
23.9711, -5.61334
-2.98723, 12.3107
Particle 20 new velocities: 64.6312, 15.4018
-12.2076, 146.457
14.308, 41.9346
-- ITERATION 12 --
-------------
Particle: 1:
Relays Coordinates:
199.225, 166.014
262.44, 256.016
70.7303, 101.97
Evaluation Time: 1.59222 seconds
Resulting Fitness: 0.803333
-------------
Particle: 2:
Relays Coordinates:
170.233, 120.592
248.121, 236.756
41.4471, 148.638
Evaluation Time: 1.60297 seconds
Resulting Fitness: 0.686667
-------------
Particle: 3:
Relays Coordinates:
204.303, 172.016
282.067, 254.445
84.4258, 118.766
Evaluation Time: 1.62118 seconds
Resulting Fitness: 0.823333
-------------
Particle: 4:
Relays Coordinates:
174.671, 153.194
292.823, 252.728
56.257, 139.556
Evaluation Time: 1.53615 seconds
Resulting Fitness: 0.766667
-------------
Particle: 5:
Relays Coordinates:
200.063, 162.578
302.967, 270.843
76.0337, 109.341
Evaluation Time: 1.57206 seconds
Resulting Fitness: 0.806667
New local best!
-------------
Particle: 6:
Relays Coordinates:
162.204, 154.896
257.53, 273.382
57.407, 130.14
Evaluation Time: 1.56353 seconds
Resulting Fitness: 0.8
-------------
Particle: 7:
Relays Coordinates:
167.876, 145.683
261.039, 250.636
57.2529, 111.148
Evaluation Time: 1.592 seconds
Resulting Fitness: 0.81
-------------
Particle: 8:
Relays Coordinates:
201.206, 196.753
252.721, 246.152
81.4237, 119.198
Evaluation Time: 1.47227 seconds
Resulting Fitness: 0.81
New local best!
-------------
Particle: 9:
Relays Coordinates:
188.314, 192.958
254.551, 240.783
85.2119, 121.868
Evaluation Time: 1.56718 seconds
Resulting Fitness: 0.8
-------------
Particle: 10:
Relays Coordinates:
121.787, 184.482
163.077, 226.747
44.1484, 132.557
Evaluation Time: 1.3078 seconds
Resulting Fitness: 0.613333
-------------
Particle: 11:
Relays Coordinates:
145.29, 128.362
269.21, 201.112
79.9642, 112.611
Evaluation Time: 1.52891 seconds
Resulting Fitness: 0.766667
-------------
Particle: 12:
Relays Coordinates:
206.409, 153.542
291.6, 229.099
64.7535, 103.397
Evaluation Time: 1.56038 seconds
Resulting Fitness: 0.756667
-------------
Particle: 13:
Relays Coordinates:
103.137, 122.888
83.8992, 125.497
85.2542, 139.471
Evaluation Time: 1.0443 seconds
Resulting Fitness: 0.466667
-------------
Particle: 14:
Relays Coordinates:
136.973, 80.4407
212.576, 198.82
52.0118, 91.1462
Evaluation Time: 1.45757 seconds
Resulting Fitness: 0.72
-------------
Particle: 15:
Relays Coordinates:
203.252, 163.088
271.775, 261.346
65.4698, 106.22
Evaluation Time: 1.57725 seconds
Resulting Fitness: 0.826667
-------------
Particle: 16:
Relays Coordinates:
169.317, 154.135
219.358, 249.594
70.0164, 123.613
Evaluation Time: 1.53092 seconds
Resulting Fitness: 0.79
-------------
Particle: 17:
Relays Coordinates:
171.954, 123.334
210.932, 253.283
41.9903, 70.0468
Evaluation Time: 1.64279 seconds
Resulting Fitness: 0.79
-------------
Particle: 18:
Relays Coordinates:
171.642, 139.2
243.636, 162.238
68.8944, 123.708
Evaluation Time: 1.37363 seconds
Resulting Fitness: 0.706667
-------------
Particle: 19:
Relays Coordinates:
184.411, 145.648
270.009, 267.949
66.3068, 121.616
Evaluation Time: 1.55849 seconds
Resulting Fitness: 0.836667
-------------
Particle: 20:
Relays Coordinates:
160.554, 181.682
203.677, 271.091
66.7473, 126.564
Evaluation Time: 1.38959 seconds
Resulting Fitness: 0.716667
Current global best fitness: 0.843333
Current global best relays: 194.47, 166.017
276.571, 270.83
69.523, 131.13
Particle 1 new velocities: 91.1696, 83.55
16.0934, 206.662
44.4926, 60.9
Particle 2 new velocities: 89.5354, 70.1474
96.9762, 69.1834
38.2031, 6.44361
Particle 3 new velocities: 54.9178, 44.6959
71.0362, 71.2131
-4.29404, 26.2218
Particle 4 new velocities: 43.8131, 47.8599
27.9723, 63.802
24.4889, 13.8572
Particle 5 new velocities: 20.8004, 19.4247
36.0001, 81.3656
8.39439, 34.9462
Particle 6 new velocities: 42.3739, 49.6403
87.3539, 64.1046
34.4769, 39.6699
Particle 7 new velocities: -11.6996, 45.8806
9.60685, 58.1157
12.5646, 31.7901
Particle 8 new velocities: 28.8715, 11.5429
119.204, 117.809
14.7876, 60.4206
Particle 9 new velocities: 91.008, 69.651
109.824, 100.385
29.2796, 61.1181
Particle 10 new velocities: 112.582, 214.039
306.151, 169.05
31.9684, 78.4688
Particle 11 new velocities: 79.4452, 96.5668
138.642, 233.643
43.2773, 43.9024
Particle 12 new velocities: 90.709, 82.774
-21.9661, 124.265
36.2605, 83.1214
Particle 13 new velocities: 183.535, 256.858
336.399, 345.176
194.573, 84.1857
Particle 14 new velocities: 167.992, 127.795
86.7656, 216.146
48.6214, 71.9322
Particle 15 new velocities: 16.5212, 31.4967
30.7021, 23.4596
0.384114, 19.856
Particle 16 new velocities: 81.9856, 65.6399
131.03, 126.952
23.4809, 36.987
Particle 17 new velocities: 126.867, 153.734
184.792, 185.806
44.2985, 32.8897
Particle 18 new velocities: 126.183, 84.012
111.718, 82.0749
21.6944, 52.8636
Particle 19 new velocities: 38.6075, -13.6846
19.2728, 50.4876
9.5941, 16.7115
Particle 20 new velocities: 66.4207, 6.5586
148.976, 89.7609
13.3549, 37.437
-- ITERATION 13 --
-------------
Particle: 1:
Relays Coordinates:
211.697, 181.932
203.051, 291.6
83.9975, 118.733
Evaluation Time: 1.46837 seconds
Resulting Fitness: 0.786667
-------------
Particle: 2:
Relays Coordinates:
210.413, 154.499
279.529, 247.811
64.5166, 125.616
Evaluation Time: 1.53202 seconds
Resulting Fitness: 0.826667
-------------
Particle: 3:
Relays Coordinates:
188.972, 157.983
257.412, 237.405
58.4161, 105.696
Evaluation Time: 1.53866 seconds
Resulting Fitness: 0.796667
-------------
Particle: 4:
Relays Coordinates:
176.972, 162.853
259.844, 256.389
65.4041, 124.265
Evaluation Time: 1.56844 seconds
Resulting Fitness: 0.82
-------------
Particle: 5:
Relays Coordinates:
161.009, 132.68
247.107, 256.76
61.5481, 105.185
Evaluation Time: 1.54359 seconds
Resulting Fitness: 0.79
-------------
Particle: 6:
Relays Coordinates:
149.137, 149.107
251.42, 246.028
66.9834, 123.791
Evaluation Time: 1.5386 seconds
Resulting Fitness: 0.793333
-------------
Particle: 7:
Relays Coordinates:
140.559, 172.408
243.581, 277.876
62.8358, 128.644
Evaluation Time: 1.47611 seconds
Resulting Fitness: 0.79
-------------
Particle: 8:
Relays Coordinates:
167.726, 151.848
271.134, 265.327
70.138, 130.942
Evaluation Time: 1.61651 seconds
Resulting Fitness: 0.796667
-------------
Particle: 9:
Relays Coordinates:
183.263, 172.298
239.067, 223.84
75.1179, 120.057
Evaluation Time: 1.47896 seconds
Resulting Fitness: 0.77
-------------
Particle: 10:
Relays Coordinates:
138.393, 235.323
236.196, 233.714
44.9462, 124.608
Evaluation Time: 1.52753 seconds
Resulting Fitness: 0.796667
-------------
Particle: 11:
Relays Coordinates:
132.704, 132.818
236.196, 236.196
72.7729, 92.4198
Evaluation Time: 1.52284 seconds
Resulting Fitness: 0.786667
-------------
Particle: 12:
Relays Coordinates:
216.599, 172.274
196.563, 257.602
73.6392, 135.972
Evaluation Time: 1.60006 seconds
Resulting Fitness: 0.703333
-------------
Particle: 13:
Relays Coordinates:
123.403, 163.468
172.187, 172.187
120.456, 96.277
Evaluation Time: 1.2488 seconds
Resulting Fitness: 0.546667
-------------
Particle: 14:
Relays Coordinates:
222.32, 151.804
218.22, 291.6
73.3616, 118.884
Evaluation Time: 1.56749 seconds
Resulting Fitness: 0.79
-------------
Particle: 15:
Relays Coordinates:
197.796, 175.126
272.23, 256.325
59.2685, 113.469
Evaluation Time: 1.50063 seconds
Resulting Fitness: 0.816667
-------------
Particle: 16:
Relays Coordinates:
203.555, 178.017
283.814, 305.002
75.7328, 130.086
Evaluation Time: 1.58497 seconds
Resulting Fitness: 0.826667
-------------
Particle: 17:
Relays Coordinates:
158.806, 147.245
210.304, 212.576
45.8574, 54.7047
Evaluation Time: 1.41797 seconds
Resulting Fitness: 0.713333
-------------
Particle: 18:
Relays Coordinates:
217.114, 162.722
259.053, 178.104
66.0392, 128.72
Evaluation Time: 1.49248 seconds
Resulting Fitness: 0.72
-------------
Particle: 19:
Relays Coordinates:
162.581, 96.2015
210.886, 232.14
55.3318, 100.841
Evaluation Time: 1.49914 seconds
Resulting Fitness: 0.766667
-------------
Particle: 20:
Relays Coordinates:
148.918, 123.504
231.376, 236.755
52.5551, 107.601
Evaluation Time: 1.56892 seconds
Resulting Fitness: 0.793333
New local best!
Current global best fitness: 0.843333
Current global best relays: 194.47, 166.017
276.571, 270.83
69.523, 131.13
Particle 1 new velocities: 47.4731, 59.5684
66.8226, -23.6654
20.6972, 44.2989
Particle 2 new velocities: 46.5883, 54.6318
60.9395, 68.1245
45.8896, 10.7036
Particle 3 new velocities: 59.4726, 29.3689
81.4309, 98.8158
21.0137, 56.54
Particle 4 new velocities: 42.2789, 72.8717
55.831, 60.0234
17.2241, 22.2831
Particle 5 new velocities: 37.6425, 75.3689
122.676, 91.8092
21.6839, 55.1582
Particle 6 new velocities: 159.602, 71.9456
69.8056, 145.398
30.6202, 44.7272
Particle 7 new velocities: 36.294, 29.8561
50.6716, 43.2545
19.1327, 16.1175
Particle 8 new velocities: 57.0369, 83.7996
97.9073, 66.9673
17.0169, 31.5634
Particle 9 new velocities: 94.7866, 67.6449
133.743, 206.31
31.3278, 54.1038
Particle 10 new velocities: 97.8792, 138.113
47.4876, 132.701
36.4505, 72.1008
Particle 11 new velocities: 94.4355, 139.143
36.0636, 132.125
16.7322, 57.5724
Particle 12 new velocities: 31.1735, 53.0945
96.6274, 117.369
24.6786, 62.3585
Particle 13 new velocities: 151.759, 216.28
34.1932, -101.2
155.119, 364.383
Particle 14 new velocities: 40.2533, 90.886
138.884, -41.3463
33.3958, 13.4696
Particle 15 new velocities: 28.1857, 30.8735
26.1322, 64.8598
43.9048, 26.6784
Particle 16 new velocities: 64.781, 41.965
88.484, 87.9369
16.9907, 23.2949
Particle 17 new velocities: 151.291, 174.781
353.141, 128.17
60.6995, 83.3254
Particle 18 new velocities: 81.5255, 67.8885
90.3684, 168.767
24.7205, 41.8829
Particle 19 new velocities: 135.549, 153.287
93.341, 66.8293
50.426, 45.0939
Particle 20 new velocities: 93.4643, 16.8278
137.777, 108.108
29.6925, 40.1218
-- ITERATION 14 --
-------------
Particle: 1:
Relays Coordinates:
188.935, 176.054
196.738, 195.324
76.3224, 118.85
Evaluation Time: 1.31111 seconds
Resulting Fitness: 0.666667
-------------
Particle: 2:
Relays Coordinates:
208.171, 169.396
275.78, 255.908
89.429, 110.419
Evaluation Time: 1.50136 seconds
Resulting Fitness: 0.826667
-------------
Particle: 3:
Relays Coordinates:
201.24, 151.755
274.463, 272.339
64.3381, 131.412
Evaluation Time: 1.54761 seconds
Resulting Fitness: 0.84
New local best!
-------------
Particle: 4:
Relays Coordinates:
197.326, 212.153
284.108, 284.771
74.3654, 131.893
Evaluation Time: 1.54723 seconds
Resulting Fitness: 0.816667
-------------
Particle: 5:
Relays Coordinates:
130.336, 136.501
242.615, 228.696
54.6085, 105.201
Evaluation Time: 1.45513 seconds
Resulting Fitness: 0.773333
-------------
Particle: 6:
Relays Coordinates:
202.564, 145.032
210.756, 256.815
64.0377, 110.565
Evaluation Time: 1.50829 seconds
Resulting Fitness: 0.813333
New local best!
-------------
Particle: 7:
Relays Coordinates:
159.168, 182.037
264.827, 289.018
73.7716, 130.285
Evaluation Time: 1.51056 seconds
Resulting Fitness: 0.806667
-------------
Particle: 8:
Relays Coordinates:
182.058, 190.874
298.923, 269.159
70.5955, 131.629
Evaluation Time: 1.49738 seconds
Resulting Fitness: 0.816667
New local best!
-------------
Particle: 9:
Relays Coordinates:
202.698, 174.918
271.778, 291.6
77.5989, 126.963
Evaluation Time: 1.52446 seconds
Resulting Fitness: 0.836667
-------------
Particle: 10:
Relays Coordinates:
155.018, 245.011
186.125, 240.405
53.4044, 129.061
Evaluation Time: 1.3395 seconds
Resulting Fitness: 0.656667
-------------
Particle: 11:
Relays Coordinates:
183.983, 220.289
220.53, 298.34
72.4991, 121.494
Evaluation Time: 1.40931 seconds
Resulting Fitness: 0.75
-------------
Particle: 12:
Relays Coordinates:
162.563, 147.865
192.362, 246.019
64.5063, 130.125
Evaluation Time: 1.44355 seconds
Resulting Fitness: 0.71
-------------
Particle: 13:
Relays Coordinates:
131.609, 181.633
98.711, 33.953
131.807, 191.319
Evaluation Time: 1.12635 seconds
Resulting Fitness: 0.54
-------------
Particle: 14:
Relays Coordinates:
212.684, 196.579
289.255, 202.705
86.4735, 107.207
Evaluation Time: 1.4379 seconds
Resulting Fitness: 0.746667
-------------
Particle: 15:
Relays Coordinates:
183.045, 166.86
241.673, 260.16
83.5704, 113.519
Evaluation Time: 1.53971 seconds
Resulting Fitness: 0.833333
New local best!
-------------
Particle: 16:
Relays Coordinates:
195.617, 160.367
271.405, 286.453
67.5954, 111.814
Evaluation Time: 1.51736 seconds
Resulting Fitness: 0.82
-------------
Particle: 17:
Relays Coordinates:
164.798, 171.138
212.576, 181.086
56.6287, 73.3548
Evaluation Time: 1.35861 seconds
Resulting Fitness: 0.683333
-------------
Particle: 18:
Relays Coordinates:
195.937, 151.303
229.255, 227.582
59.5474, 111.933
Evaluation Time: 1.53366 seconds
Resulting Fitness: 0.783333
New local best!
-------------
Particle: 19:
Relays Coordinates:
195.603, 163.689
199.604, 196.154
69.3877, 95.7476
Evaluation Time: 1.39055 seconds
Resulting Fitness: 0.703333
-------------
Particle: 20:
Relays Coordinates:
143.124, 82.8648
217.981, 203.638
48.5664, 87.2289
Evaluation Time: 1.4739 seconds
Resulting Fitness: 0.723333
Current global best fitness: 0.843333
Current global best relays: 194.47, 166.017
276.571, 270.83
69.523, 131.13
Particle 1 new velocities: 44.2891, 31.5553
171.859, 64.7711
14.0768, 5.87495
Particle 2 new velocities: 17.173, 6.98828
25.4688, 54.7509
5.21585, 27.0578
Particle 3 new velocities: 44.7562, 36.8327
65.462, 77.136
20.9831, 45.0153
Particle 4 new velocities: 14.9121, 26.3952
28.6851, 27.6008
-10.0343, 18.1522
Particle 5 new velocities: 91.2833, 81.75
136.016, 134.94
37.104, 49.4777
Particle 6 new velocities: 125.556, 78.0136
114.378, 130.562
30.0581, 61.2711
Particle 7 new velocities: 80.4322, 2.50524
40.4033, 19.8348
12.6829, -14.6974
Particle 8 new velocities: 57.7978, 48.7004
68.1605, 55.2321
13.0837, 25.1776
Particle 9 new velocities: 76.8069, 92.6308
109.497, -18.9167
21.7009, 38.69
Particle 10 new velocities: 71.6235, 21.4854
115.534, 118.842
31.5373, 60.445
Particle 11 new velocities: 70.3985, 25.2983
86.1007, 77.8346
6.35347, 45.3211
Particle 12 new velocities: 71.6184, 62.9938
104.782, 123.484
32.4414, 50.7516
Particle 13 new velocities: 85.6396, 149.076
219.639, 5.8825
122.727, 49.1236
Particle 14 new velocities: 8.36055, -26.9107
54.0918, 17.6619
-12.9539, 4.16728
Particle 15 new velocities: 29.8493, 24.3038
60.4703, 58.3406
22.8852, 34.2411
Particle 16 new velocities: 56.9045, 47.0719
76.0405, 82.3399
25.275, 32.8147
Particle 17 new velocities: 190.727, 143.843
63.304, 315.962
119.918, 107.958
Particle 18 new velocities: 63.7223, 63.5824
100.311, 150.529
23.1378, 41.3939
Particle 19 new velocities: 124.457, 126.741
193.992, 197.342
44.6804, 104.719
Particle 20 new velocities: 119.557, 36.0746
156.138, 117.273
37.3591, 64.9078
-- ITERATION 15 --
-------------
Particle: 1:
Relays Coordinates:
209.902, 186.848
331.737, 234.086
81.3593, 112.252
Evaluation Time: 1.4813 seconds
Resulting Fitness: 0.76
-------------
Particle: 2:
Relays Coordinates:
202.809, 158.746
271.123, 279.593
85.1804, 123.729
Evaluation Time: 1.65697 seconds
Resulting Fitness: 0.823333
-------------
Particle: 3:
Relays Coordinates:
179.331, 137.48
247.805, 254.767
62.1992, 128.615
Evaluation Time: 1.58087 seconds
Resulting Fitness: 0.826667
-------------
Particle: 4:
Relays Coordinates:
171.913, 193.224
253.362, 253.021
52.1082, 121.536
Evaluation Time: 1.48432 seconds
Resulting Fitness: 0.8
-------------
Particle: 5:
Relays Coordinates:
145.404, 143.194
248.42, 238.582
60.1726, 101.485
Evaluation Time: 1.56538 seconds
Resulting Fitness: 0.796667
-------------
Particle: 6:
Relays Coordinates:
193.752, 131.706
191.989, 228.742
55.5626, 101.467
Evaluation Time: 1.43196 seconds
Resulting Fitness: 0.77
-------------
Particle: 7:
Relays Coordinates:
215.64, 166.088
274.708, 277.967
77.809, 104.029
Evaluation Time: 1.55784 seconds
Resulting Fitness: 0.84
-------------
Particle: 8:
Relays Coordinates:
194.283, 194.056
297.338, 262.757
67.7801, 127.014
Evaluation Time: 1.4932 seconds
Resulting Fitness: 0.83
New local best!
-------------
Particle: 9:
Relays Coordinates:
203.759, 195.043
277.95, 198.786
72.3895, 120.761
Evaluation Time: 1.46474 seconds
Resulting Fitness: 0.77
-------------
Particle: 10:
Relays Coordinates:
165.222, 194.276
219.91, 261.891
61.9225, 138.15
Evaluation Time: 1.49782 seconds
Resulting Fitness: 0.733333
-------------
Particle: 11:
Relays Coordinates:
185.444, 179.033
223.534, 274.232
57.4835, 121.608
Evaluation Time: 1.48205 seconds
Resulting Fitness: 0.783333
-------------
Particle: 12:
Relays Coordinates:
170.719, 153.716
216.618, 269.367
70.6749, 131.859
Evaluation Time: 1.51071 seconds
Resulting Fitness: 0.763333
-------------
Particle: 13:
Relays Coordinates:
103.909, 158.177
152.266, 19.0532
121.743, 115.003
Evaluation Time: 1.15555 seconds
Resulting Fitness: 0.523333
-------------
Particle: 14:
Relays Coordinates:
198.94, 152.702
309.012, 198.331
66.1677, 100.236
Evaluation Time: 1.42964 seconds
Resulting Fitness: 0.77
-------------
Particle: 15:
Relays Coordinates:
172.444, 154.842
244.736, 257.985
86.229, 119.686
Evaluation Time: 1.52192 seconds
Resulting Fitness: 0.81
-------------
Particle: 16:
Relays Coordinates:
204.543, 168.026
281.431, 298.722
75.225, 117.15
Evaluation Time: 1.54194 seconds
Resulting Fitness: 0.843333
New local best!
-------------
Particle: 17:
Relays Coordinates:
209.934, 185.993
162.905, 236.196
104.249, 107.064
Evaluation Time: 1.44963 seconds
Resulting Fitness: 0.736667
-------------
Particle: 18:
Relays Coordinates:
210.324, 174.057
266.948, 306.27
66.975, 124.195
Evaluation Time: 1.6539 seconds
Resulting Fitness: 0.823333
New local best!
-------------
Particle: 19:
Relays Coordinates:
209.991, 190.552
258.238, 258.172
74.8401, 131.526
Evaluation Time: 1.52996 seconds
Resulting Fitness: 0.786667
-------------
Particle: 20:
Relays Coordinates:
172.345, 78.0362
245.459, 210.549
56.3757, 99.8169
Evaluation Time: 1.54457 seconds
Resulting Fitness: 0.773333
Current global best fitness: 0.843333
Current global best relays: 194.47, 166.017
276.571, 270.83
69.523, 131.13
Particle 1 new velocities: 31.4185, 13.8218
-3.34611, 88.2826
4.99283, 14.141
Particle 2 new velocities: 8.30577, -4.09087
9.17767, -19.2391
-12.7114, 24.1962
Particle 3 new velocities: 76.6331, 85.8038
99.9406, 80.8363
19.9518, 42.7357
Particle 4 new velocities: 42.6919, 6.84336
36.2542, 81.1835
0.360936, 24.0929
Particle 5 new velocities: 175.594, 103.278
149.871, 153.541
43.9366, 81.9341
Particle 6 new velocities: 113.737, 68.0136
194.478, 160.238
53.4656, 74.7353
Particle 7 new velocities: 16.6374, 3.91061
7.81311, 22.0592
9.23499, -7.75071
Particle 8 new velocities: 46.2566, 7.85855
39.389, 45.8072
11.7432, 21.1128
Particle 9 new velocities: 63.6366, 77.1574
83.9139, 186.823
38.5464, 38.9801
Particle 10 new velocities: 22.8353, 27.724
166.64, 51.5254
9.99684, 35.617
Particle 11 new velocities: 47.6968, 8.54197
117.127, 86.2644
16.3635, 30.1097
Particle 12 new velocities: 107.819, 74.3174
187.325, 99.7318
24.8081, 40.3483
Particle 13 new velocities: 140.916, 144.83
230.412, 376.397
103.423, 101.923
Particle 14 new velocities: -10.3548, -12.9279
-54.9119, 83.0975
-42.6126, -27.1546
Particle 15 new velocities: 39.0849, 50.9746
71.6272, 59.7952
0.923695, 32.4132
Particle 16 new velocities: 35.3068, 37.0964
56.1772, 43.8128
13.3773, 32.3873
Particle 17 new velocities: 130.178, 98.7171
378.069, 52.812
75.3173, 81.8637
Particle 18 new velocities: 39.7803, 45.3588
89.8973, 107.952
20.4677, 39.13
Particle 19 new velocities: 84.0281, 88.0236
149.735, 172.838
30.6706, 66.0968
Particle 20 new velocities: 77.0357, 155.32
142.075, 188.675
37.5725, 82.8391
-- ITERATION 16 --
-------------
Particle: 1:
Relays Coordinates:
217.188, 180.603
295.552, 290.132
77.7169, 113.754
Evaluation Time: 1.61236 seconds
Resulting Fitness: 0.83
New local best!
-------------
Particle: 2:
Relays Coordinates:
190.004, 139.19
252.271, 234.319
65.2221, 133.133
Evaluation Time: 1.5227 seconds
Resulting Fitness: 0.8
-------------
Particle: 3:
Relays Coordinates:
207.331, 180.86
281.674, 271.839
66.5423, 138.794
Evaluation Time: 1.57663 seconds
Resulting Fitness: 0.786667
-------------
Particle: 4:
Relays Coordinates:
193.144, 180.06
260.655, 300.784
47.2222, 131.066
Evaluation Time: 1.53836 seconds
Resulting Fitness: 0.79
-------------
Particle: 5:
Relays Coordinates:
210.607, 161.711
261.319, 257.272
68.3061, 120.341
Evaluation Time: 1.55484 seconds
Resulting Fitness: 0.833333
New local best!
-------------
Particle: 6:
Relays Coordinates:
224.159, 145.596
281.734, 283.567
79.4816, 128.452
Evaluation Time: 1.5781 seconds
Resulting Fitness: 0.82
New local best!
-------------
Particle: 7:
Relays Coordinates:
209.05, 152.999
254.269, 270.024
78.3396, 86.6507
Evaluation Time: 1.52084 seconds
Resulting Fitness: 0.8
-------------
Particle: 8:
Relays Coordinates:
216.486, 181.723
303.054, 277.707
71.571, 133.314
Evaluation Time: 1.60205 seconds
Resulting Fitness: 0.84
New local best!
-------------
Particle: 9:
Relays Coordinates:
194.932, 198.434
263.799, 281.109
80.8723, 116.451
Evaluation Time: 1.50626 seconds
Resulting Fitness: 0.836667
-------------
Particle: 10:
Relays Coordinates:
123.384, 145.654
253.615, 205.633
47.1863, 114.008
Evaluation Time: 1.43128 seconds
Resulting Fitness: 0.76
-------------
Particle: 11:
Relays Coordinates:
169.96, 136.742
248.342, 262.802
53.8345, 110.602
Evaluation Time: 1.53278 seconds
Resulting Fitness: 0.82
New local best!
-------------
Particle: 12:
Relays Coordinates:
203.054, 166.236
291.6, 269.073
69.6071, 125.539
Evaluation Time: 1.53429 seconds
Resulting Fitness: 0.843333
-------------
Particle: 13:
Relays Coordinates:
117.099, 144.927
183.034, 189.143
107.696, 103.755
Evaluation Time: 1.20759 seconds
Resulting Fitness: 0.613333
-------------
Particle: 14:
Relays Coordinates:
152.754, 113.217
205.821, 227.957
19.0796, 59.1963
Evaluation Time: 1.53805 seconds
Resulting Fitness: 0.766667
-------------
Particle: 15:
Relays Coordinates:
171.339, 166.712
256.254, 257.402
70.5937, 123.2
Evaluation Time: 1.53902 seconds
Resulting Fitness: 0.8
-------------
Particle: 16:
Relays Coordinates:
194.278, 166.149
273.463, 277.453
71.7679, 121.125
Evaluation Time: 1.54525 seconds
Resulting Fitness: 0.83
-------------
Particle: 17:
Relays Coordinates:
200.833, 168.118
236.196, 170.656
106.032, 111.56
Evaluation Time: 1.48639 seconds
Resulting Fitness: 0.683333
-------------
Particle: 18:
Relays Coordinates:
182.326, 159.954
260.141, 291.6
63.7457, 119.064
Evaluation Time: 1.63252 seconds
Resulting Fitness: 0.793333
-------------
Particle: 19:
Relays Coordinates:
192.906, 182.773
262.44, 262.44
69.2255, 129.661
Evaluation Time: 1.57138 seconds
Resulting Fitness: 0.796667
-------------
Particle: 20:
Relays Coordinates:
163.619, 153.105
254.261, 261.931
61.6394, 119.841
Evaluation Time: 1.61836 seconds
Resulting Fitness: 0.816667
New local best!
Current global best fitness: 0.843333
Current global best relays: 194.47, 166.017
276.571, 270.83
69.523, 131.13
Particle 1 new velocities: 16.8679, 2.2376
-15.3838, 52.4825
-0.46077, 18.2672
Particle 2 new velocities: 10.7998, 33.7366
14.2848, 25.9004
6.04742, 5.74641
Particle 3 new velocities: 51.6386, 45.5849
76.9587, 64.1086
13.9724, 32.5649
Particle 4 new velocities: 30.7232, 3.8602
42.7824, 29.441
20.2217, 19.4652
Particle 5 new velocities: 129.423, 85.6265
130.401, 123.466
36.4544, 66.2
Particle 6 new velocities: 89.0949, 56.1271
154.083, 115.38
40.6287, 61.9996
Particle 7 new velocities: -9.49443, 8.48319
36.5099, 26.6736
-9.89959, 43.1613
Particle 8 new velocities: 16.1531, -6.9624
21.7563, 36.2563
7.2756, 15.5991
Particle 9 new velocities: 61.1163, 46.3342
96.9672, 130.331
18.8009, 43.4447
Particle 10 new velocities: 101.286, 177.936
151.348, 90.2764
33.0746, 56.0858
Particle 11 new velocities: 57.4224, 27.3884
116.111, 79.0382
28.4876, 44.3582
Particle 12 new velocities: 70.8202, 59.184
-21.3061, 83.1557
19.7676, 36.8693
Particle 13 new velocities: 151.962, 150.814
199.029, 289.447
77.3689, 311.09
Particle 14 new velocities: 18.9295, 44.6157
41.8005, 85.8871
-7.89141, 26.3286
Particle 15 new velocities: 39.5354, 39.9745
66.1205, 55.8949
14.0898, 29.6347
Particle 16 new velocities: 41.7972, 30.7812
57.0991, 58.4238
13.1546, 29.655
Particle 17 new velocities: 100.411, 80.7425
116.304, 66.5092
15.2925, 87.6176
Particle 18 new velocities: 55.7964, 66.0825
96.8176, -0.762777
26.2088, 48.6075
Particle 19 new velocities: 76.644, 50.3661
-2.75124, 38.1239
31.4106, 51.1206
Particle 20 new velocities: 74.3765, 138
118.113, 152.344
36.1404, 76.401
-- ITERATION 17 --
-------------
Particle: 1:
Relays Coordinates:
210.651, 164.557
252.151, 308.353
69.5305, 118.819
Evaluation Time: 1.64776 seconds
Resulting Fitness: 0.83
-------------
Particle: 2:
Relays Coordinates:
180.723, 155.633
239.9, 234.197
64.1426, 124.991
Evaluation Time: 1.52249 seconds
Resulting Fitness: 0.816667
-------------
Particle: 3:
Relays Coordinates:
209.766, 183.421
290.493, 272.117
65.2169, 138.801
Evaluation Time: 1.62577 seconds
Resulting Fitness: 0.81
-------------
Particle: 4:
Relays Coordinates:
201.48, 165.529
273.093, 297.203
60.6996, 135.478
Evaluation Time: 1.57125 seconds
Resulting Fitness: 0.846667
New local best!
New global best!
-------------
Particle: 5:
Relays Coordinates:
200.784, 146.05
231.306, 224.822
61.86, 110.151
Evaluation Time: 1.49617 seconds
Resulting Fitness: 0.793333
-------------
Particle: 6:
Relays Coordinates:
205.526, 132.35
262.44, 261.749
78.8043, 124.955
Evaluation Time: 1.54072 seconds
Resulting Fitness: 0.796667
-------------
Particle: 7:
Relays Coordinates:
179.6, 145.334
261.701, 267.028
61.596, 116.831
Evaluation Time: 1.55526 seconds
Resulting Fitness: 0.813333
-------------
Particle: 8:
Relays Coordinates:
209.375, 157.284
292.329, 282.567
70.9619, 134.022
Evaluation Time: 1.57127 seconds
Resulting Fitness: 0.8
-------------
Particle: 9:
Relays Coordinates:
207.399, 198.263
292.22, 324
80.7353, 129.516
Evaluation Time: 1.49892 seconds
Resulting Fitness: 0.79
-------------
Particle: 10:
Relays Coordinates:
163.784, 235.897
291.6, 215.718
58.5102, 123.999
Evaluation Time: 1.48892 seconds
Resulting Fitness: 0.763333
-------------
Particle: 11:
Relays Coordinates:
149.185, 107.686
239.118, 224.281
54.0115, 101.67
Evaluation Time: 1.51813 seconds
Resulting Fitness: 0.776667
-------------
Particle: 12:
Relays Coordinates:
199.654, 164.331
197.044, 256.775
65.1542, 118.396
Evaluation Time: 1.47146 seconds
Resulting Fitness: 0.76
-------------
Particle: 13:
Relays Coordinates:
104.24, 114.576
148.019, 154.968
71.698, 154.968
Evaluation Time: 1.09641 seconds
Resulting Fitness: 0.5
-------------
Particle: 14:
Relays Coordinates:
139.064, 127.844
200.574, 254.214
9.06247, 69.2752
Evaluation Time: 1.46332 seconds
Resulting Fitness: 0.706667
-------------
Particle: 15:
Relays Coordinates:
170.808, 167.416
261.124, 253.771
68.5936, 123.796
Evaluation Time: 1.50859 seconds
Resulting Fitness: 0.806667
-------------
Particle: 16:
Relays Coordinates:
191.221, 159.513
267.755, 272.06
68.7872, 122.132
Evaluation Time: 1.568 seconds
Resulting Fitness: 0.833333
-------------
Particle: 17:
Relays Coordinates:
197.646, 163.278
231.275, 155.604
79.6011, 130.68
Evaluation Time: 1.39932 seconds
Resulting Fitness: 0.673333
-------------
Particle: 18:
Relays Coordinates:
192.879, 183.09
289.136, 235.578
72.8632, 135.814
Evaluation Time: 1.6239 seconds
Resulting Fitness: 0.74
-------------
Particle: 19:
Relays Coordinates:
196.502, 169.959
189.313, 219.111
73.3637, 131.789
Evaluation Time: 1.38818 seconds
Resulting Fitness: 0.69
-------------
Particle: 20:
Relays Coordinates:
156.149, 190.994
244.315, 262.44
64.1533, 128.754
Evaluation Time: 1.47382 seconds
Resulting Fitness: 0.793333
Current global best fitness: 0.846667
Current global best relays: 201.48, 165.529
273.093, 297.203
60.6996, 135.478
Particle 1 new velocities: 11.6956, 19.5898
17.3817, 26.1082
6.1424, 17.6883
Particle 2 new velocities: 28.2717, 20.2168
44.2272, 83.1921
13.0732, 18.0712
Particle 3 new velocities: 26.463, 0.266166
37.9628, 62.011
9.68157, 14.4376
Particle 4 new velocities: 24.5786, 3.08816
34.2259, 23.5528
16.1774, 15.5721
Particle 5 new velocities: 114.797, 71.7382
163.855, 168.249
32.0816, 100.068
Particle 6 new velocities: 84.3156, 93.9489
25.0833, 130.083
31.5808, 57.2131
Particle 7 new velocities: 24.0864, 14.0657
38.9344, 49.0101
3.3726, 25.0571
Particle 8 new velocities: 14.1472, 39.9471
10.0992, 26.4445
-1.03145, 13.1829
Particle 9 new velocities: 44.8384, 26.6142
57.0986, -43.4504
5.78581, 33.4092
Particle 10 new velocities: 65.0764, 104.834
-25.403, 72.9065
14.1281, 53.2373
Particle 11 new velocities: 71.5799, 69.5268
125.774, 118.606
27.6364, 54.4215
Particle 12 new velocities: 49.8885, 49.0642
93.8426, 114.229
19.5485, 48.8064
Particle 13 new velocities: 217.193, 203.452
130.873, -20.0681
80.0082, 11.12
Particle 14 new velocities: 29.9685, 77.3294
139.082, 84.5039
68.6921, 63.5779
Particle 15 new velocities: 59.3766, 30.9154
43.9013, 90.604
27.7553, 23.7928
Particle 16 new velocities: 35.1349, 35.1755
51.2854, 73.6441
8.90293, 32.7337
Particle 17 new velocities: 84.6492, 80.9903
247.159, 385.332
3.98664, 41.4209
Particle 18 new velocities: 77.8484, 36.6648
31.9766, 18.7066
5.87235, 28.4953
Particle 19 new velocities: 87.7868, 38.284
22.7423, 109.869
20.4682, 34.7408
Particle 20 new velocities: 81.3222, 79.6199
133.014, 42.1276
25.2424, 56.8481
-- ITERATION 18 --
-------------
Particle: 1:
Relays Coordinates:
200.112, 165.732
242.58, 301.015
68.1056, 122.857
Evaluation Time: 1.50696 seconds
Resulting Fitness: 0.8
-------------
Particle: 2:
Relays Coordinates:
188.095, 158.265
255.715, 285.65
69.4942, 128.756
Evaluation Time: 1.52447 seconds
Resulting Fitness: 0.79
-------------
Particle: 3:
Relays Coordinates:
191.345, 148.786
266.049, 270.644
60.6677, 124.123
Evaluation Time: 1.52871 seconds
Resulting Fitness: 0.833333
-------------
Particle: 4:
Relays Coordinates:
183.108, 136.58
248.929, 259.812
62.2703, 122.351
Evaluation Time: 1.51986 seconds
Resulting Fitness: 0.823333
-------------
Particle: 5:
Relays Coordinates:
207.053, 142.891
259.265, 257.894
61.6351, 137.925
Evaluation Time: 1.59286 seconds
Resulting Fitness: 0.833333
-------------
Particle: 6:
Relays Coordinates:
190.165, 148.475
188.644, 257.081
72.4237, 119.521
Evaluation Time: 1.44752 seconds
Resulting Fitness: 0.75
-------------
Particle: 7:
Relays Coordinates:
164.986, 129.114
243.515, 255.99
52.6246, 114.929
Evaluation Time: 1.56239 seconds
Resulting Fitness: 0.81
-------------
Particle: 8:
Relays Coordinates:
201.17, 177.508
272.186, 278.111
62.9374, 132.484
Evaluation Time: 1.56906 seconds
Resulting Fitness: 0.846667
New local best!
-------------
Particle: 9:
Relays Coordinates:
204.312, 182.15
282.948, 227.245
70.0821, 131.969
Evaluation Time: 1.47438 seconds
Resulting Fitness: 0.766667
-------------
Particle: 10:
Relays Coordinates:
150.156, 223.554
174.652, 189.366
47.6579, 116.285
Evaluation Time: 1.29618 seconds
Resulting Fitness: 0.603333
-------------
Particle: 11:
Relays Coordinates:
144.844, 116.269
239.406, 224.968
53.5692, 102.411
Evaluation Time: 1.52671 seconds
Resulting Fitness: 0.796667
-------------
Particle: 12:
Relays Coordinates:
202.13, 172.85
235.618, 300.513
68.6092, 135.434
Evaluation Time: 1.51118 seconds
Resulting Fitness: 0.753333
-------------
Particle: 13:
Relays Coordinates:
210.892, 208.659
182.981, 88.5079
99.5344, 108.97
Evaluation Time: 1.44191 seconds
Resulting Fitness: 0.75
New local best!
-------------
Particle: 14:
Relays Coordinates:
110.902, 134.614
222.848, 222.233
51.0147, 87.1649
Evaluation Time: 1.42919 seconds
Resulting Fitness: 0.736667
-------------
Particle: 15:
Relays Coordinates:
186.45, 160.648
247.07, 278.943
78.0426, 119.547
Evaluation Time: 1.5538 seconds
Resulting Fitness: 0.833333
-------------
Particle: 16:
Relays Coordinates:
183.348, 157.698
258.423, 280.021
62.929, 125.441
Evaluation Time: 1.55406 seconds
Resulting Fitness: 0.806667
-------------
Particle: 17:
Relays Coordinates:
205.793, 178.071
291.6, 291.6
60.9355, 125.462
Evaluation Time: 1.56594 seconds
Resulting Fitness: 0.823333
New local best!
-------------
Particle: 18:
Relays Coordinates:
197.361, 160.201
234.091, 185.374
57.3982, 119.781
Evaluation Time: 1.44308 seconds
Resulting Fitness: 0.756667
-------------
Particle: 19:
Relays Coordinates:
207.246, 151.809
154.588, 239.827
68.4035, 121.401
Evaluation Time: 1.51337 seconds
Resulting Fitness: 0.76
-------------
Particle: 20:
Relays Coordinates:
173.116, 197.277
275.073, 222.03
65.1695, 135.304
Evaluation Time: 1.50428 seconds
Resulting Fitness: 0.756667
Current global best fitness: 0.846667
Current global best relays: 201.48, 165.529
273.093, 297.203
60.6996, 135.478
Particle 1 new velocities: 24.1801, 34.2943
125.675, 16.9423
11.7517, 15.3042
Particle 2 new velocities: 39.3308, 20.7539
49.6186, 37.0251
9.71667, 12.6246
Particle 3 new velocities: 39.4611, 12.587
43.6293, 70.3122
10.1806, 26.4617
Particle 4 new velocities: 51.3227, 34.456
74.4633, 68.2706
11.2227, 47.9181
Particle 5 new velocities: 91.1463, 89.9263
148.898, 175.261
25.9011, 68.332
Particle 6 new velocities: 122.407, 89.4068
102.446, 186.671
32.069, 56.8113
Particle 7 new velocities: 71.5226, 52.7082
65.3487, 91.4784
14.7705, 33.9547
Particle 8 new velocities: 11.6891, 18.074
9.19166, 33.9336
-2.23096, 11.0176
Particle 9 new velocities: 35.6356, 18.483
32.3589, 8.76766
16.2226, 15.0521
Particle 10 new velocities: 36.7866, 102.227
160.263, 159.69
6.00409, 57.4677
Particle 11 new velocities: 88.6921, 104.257
115.163, 172.727
28.8297, 63.6745
Particle 12 new velocities: 35.3535, 30.5473
119.95, 55.6052
13.6103, 33.8615
Particle 13 new velocities: 173.178, 116.331
129.008, 186.404
60.6971, 38.3106
Particle 14 new velocities: 56.6561, 78.0386
142.73, 153.468
47.4328, 67.588
Particle 15 new velocities: 48.842, 34.4602
58.554, 74.0633
24.2586, 17.0958
Particle 16 new velocities: 58.2751, 50.3329
79.0371, 99.5186
19.2166, 28.8325
Particle 17 new velocities: 66.4781, 64.7839
-14.6629, 7.01753
2.95759, 41.56
Particle 18 new velocities: 71.1045, 35.5389
70.006, 251.983
10.0359, 24.3001
Particle 19 new velocities: 67.8916, 49.9212
155.132, 113.662
20.6442, 29.4363
Particle 20 new velocities: 86.6047, -20.9622
98.5442, 65.6104
14.7167, 23.2398
-- ITERATION 19 --
-------------
Particle: 1:
Relays Coordinates:
181.676, 162.021
298.286, 257.545
64.6845, 111.91
Evaluation Time: 1.55792 seconds
Resulting Fitness: 0.81
-------------
Particle: 2:
Relays Coordinates:
204.684, 161.117
274.8, 290.408
71.2898, 127.243
Evaluation Time: 1.56752 seconds
Resulting Fitness: 0.846667
New local best!
-------------
Particle: 3:
Relays Coordinates:
168.258, 117.641
225.755, 248.557
51.6484, 109.776
Evaluation Time: 1.52962 seconds
Resulting Fitness: 0.816667
-------------
Particle: 4:
Relays Coordinates:
189.889, 138.539
261.947, 265.747
59.5294, 137.918
Evaluation Time: 1.57155 seconds
Resulting Fitness: 0.806667
-------------
Particle: 5:
Relays Coordinates:
195.649, 152.751
262.44, 262.44
57.4324, 135.325
Evaluation Time: 1.55149 seconds
Resulting Fitness: 0.823333
-------------
Particle: 6:
Relays Coordinates:
205.079, 156.074
190.984, 262.44
68.5576, 115.691
Evaluation Time: 1.5031 seconds
Resulting Fitness: 0.783333
-------------
Particle: 7:
Relays Coordinates:
191.572, 147.276
250.179, 281.45
54.59, 120.596
Evaluation Time: 1.56737 seconds
Resulting Fitness: 0.826667
-------------
Particle: 8:
Relays Coordinates:
191.573, 176.024
253.24, 280.84
54.6358, 129.152
Evaluation Time: 1.56605 seconds
Resulting Fitness: 0.82
-------------
Particle: 9:
Relays Coordinates:
215.953, 180.57
283.777, 212.412
77.6743, 132.319
Evaluation Time: 1.51875 seconds
Resulting Fitness: 0.736667
-------------
Particle: 10:
Relays Coordinates:
136.281, 237.494
244.153, 254.462
39.1196, 126.665
Evaluation Time: 1.54847 seconds
Resulting Fitness: 0.81
-------------
Particle: 11:
Relays Coordinates:
153.223, 144.688
232.632, 260.927
54.0619, 108.969
Evaluation Time: 1.56254 seconds
Resulting Fitness: 0.796667
-------------
Particle: 12:
Relays Coordinates:
173.125, 148.277
259.209, 259.611
59.938, 123.416
Evaluation Time: 1.57612 seconds
Resulting Fitness: 0.803333
-------------
Particle: 13:
Relays Coordinates:
251.988, 213.226
204.696, 180.37
105.128, 96.6311
Evaluation Time: 1.48613 seconds
Resulting Fitness: 0.77
New local best!
-------------
Particle: 14:
Relays Coordinates:
98.9414, 125.569
215.87, 221.847
58.1323, 91.3801
Evaluation Time: 1.47263 seconds
Resulting Fitness: 0.726667
-------------
Particle: 15:
Relays Coordinates:
190.586, 158.038
247.556, 285.936
82.8639, 110.681
Evaluation Time: 1.59609 seconds
Resulting Fitness: 0.813333
-------------
Particle: 16:
Relays Coordinates:
176.143, 151.654
246.008, 276.684
59.8841, 112.465
Evaluation Time: 1.56561 seconds
Resulting Fitness: 0.806667
-------------
Particle: 17:
Relays Coordinates:
178.637, 159.337
181.698, 195.923
41.9202, 109.583
Evaluation Time: 1.39754 seconds
Resulting Fitness: 0.65
-------------
Particle: 18:
Relays Coordinates:
195.711, 142.695
221.687, 291.6
49.1594, 105.035
Evaluation Time: 1.51388 seconds
Resulting Fitness: 0.77
-------------
Particle: 19:
Relays Coordinates:
200.576, 147.061
225.786, 257.693
64.9157, 109.96
Evaluation Time: 1.48417 seconds
Resulting Fitness: 0.843333
New local best!
-------------
Particle: 20:
Relays Coordinates:
210.374, 142.815
302.63, 232.989
64.7078, 128.421
Evaluation Time: 1.51687 seconds
Resulting Fitness: 0.796667
Current global best fitness: 0.846667
Current global best relays: 201.48, 165.529
273.093, 297.203
60.6996, 135.478
Particle 1 new velocities: 44.9404, 37.5553
69.4971, 77.2625
11.4986, 23.4822
Particle 2 new velocities: 28.1451, 19.6076
38.5363, 35.9009
3.9423, 20.4815
Particle 3 new velocities: 80.0171, 108.536
76.5618, 117.949
22.8484, 61.4523
Particle 4 new velocities: 52.1292, 60.9432
74.942, 64.6678
9.15531, 33.6499
Particle 5 new velocities: 80.484, 87.2701
7.61284, 29.615
36.5426, 53.7485
Particle 6 new velocities: 120.46, 58.5599
142.96, 41.0409
26.2673, 68.5145
Particle 7 new velocities: 72.2125, 73.356
71.8209, 94.0599
27.6314, 17.9673
Particle 8 new velocities: 22.4151, 10.4204
58.7985, 37.8729
9.66495, 17.6468
Particle 9 new velocities: 6.55179, 47.9887
17.2734, 103.376
17.0814, 8.83936
Particle 10 new velocities: 21.3329, 44.5617
138.629, 94.6766
3.85093, 49.2599
Particle 11 new velocities: 99.5008, 83.8278
133.04, 165.918
31.2338, 73.6134
Particle 12 new velocities: 74.4885, 51.4195
140.661, 70.4227
15.1813, 50.4264
Particle 13 new velocities: 120.898, 52.2662
176.633, 248.86
13.513, 44.2451
Particle 14 new velocities: 111.302, 109.562
209.644, 139.945
35.5421, 41.9148
Particle 15 new velocities: 46.6457, 40.177
74.884, 37.147
17.023, 30.5775
Particle 16 new velocities: 116.472, 64.4812
117.356, 120.06
26.1532, 35.5347
Particle 17 new velocities: 90.3535, 73.1058
136.306, 54.4777
47.385, 71.817
Particle 18 new velocities: 82.9846, 72.4914
140.268, 13.7936
14.8756, 42.8699
Particle 19 new velocities: 55.0876, 58.0188
165.219, 138.443
13.1222, 44.296
Particle 20 new velocities: 30.8498, -5.53814
-22.2167, 83.9217
7.27986, 22.7757
-- ITERATION 20 --
-------------
Particle: 1:
Relays Coordinates:
165.204, 145.491
268.114, 244.075
55.5374, 98.7011
Evaluation Time: 1.51056 seconds
Resulting Fitness: 0.793333
-------------
Particle: 2:
Relays Coordinates:
209.546, 162.652
282.003, 293.678
67.7089, 132.952
Evaluation Time: 1.60225 seconds
Resulting Fitness: 0.823333
-------------
Particle: 3:
Relays Coordinates:
201.103, 183.203
244.877, 296.87
60.3424, 138.695
Evaluation Time: 1.60942 seconds
Resulting Fitness: 0.796667
-------------
Particle: 4:
Relays Coordinates:
196.035, 161.58
272.88, 267.636
55.6346, 138.97
Evaluation Time: 1.66861 seconds
Resulting Fitness: 0.826667
-------------
Particle: 5:
Relays Coordinates:
201.301, 174.976
196.869, 212.908
68.5078, 137.835
Evaluation Time: 1.35399 seconds
Resulting Fitness: 0.673333
-------------
Particle: 6:
Relays Coordinates:
213.586, 140.821
219.101, 199.114
62.2147, 120.857
Evaluation Time: 1.41457 seconds
Resulting Fitness: 0.73
-------------
Particle: 7:
Relays Coordinates:
192.299, 160.841
234.738, 273.747
59.9394, 101.013
Evaluation Time: 1.52862 seconds
Resulting Fitness: 0.81
-------------
Particle: 8:
Relays Coordinates:
192.59, 167.8
280.834, 286.841
57.8707, 132.119
Evaluation Time: 1.54752 seconds
Resulting Fitness: 0.823333
-------------
Particle: 9:
Relays Coordinates:
200.254, 205.703
270.945, 284.209
85.2801, 127.043
Evaluation Time: 1.53084 seconds
Resulting Fitness: 0.82
-------------
Particle: 10:
Relays Coordinates:
103.41, 185.057
251.143, 229.07
28.193, 115.425
Evaluation Time: 1.48879 seconds
Resulting Fitness: 0.736667
-------------
Particle: 11:
Relays Coordinates:
184.236, 166.588
266.575, 291.6
62.1806, 133.102
Evaluation Time: 1.58155 seconds
Resulting Fitness: 0.806667
-------------
Particle: 12:
Relays Coordinates:
180.51, 145.579
291.505, 240.594
54.762, 126.731
Evaluation Time: 1.512 seconds
Resulting Fitness: 0.823333
-------------
Particle: 13:
Relays Coordinates:
198.167, 141.093
202.654, 212.576
63.0507, 74.8674
Evaluation Time: 1.50334 seconds
Resulting Fitness: 0.753333
-------------
Particle: 14:
Relays Coordinates:
137.941, 154.27
262.44, 237.372
61.4598, 87.4547
Evaluation Time: 1.45833 seconds
Resulting Fitness: 0.796667
New local best!
-------------
Particle: 15:
Relays Coordinates:
192.158, 160.554
261.176, 261.697
80.9085, 114.419
Evaluation Time: 1.61342 seconds
Resulting Fitness: 0.83
-------------
Particle: 16:
Relays Coordinates:
191.985, 141.807
238.403, 260.303
56.4491, 97.1029
Evaluation Time: 1.50867 seconds
Resulting Fitness: 0.806667
-------------
Particle: 17:
Relays Coordinates:
196.094, 169.451
231.825, 182.542
65.1035, 132.241
Evaluation Time: 1.37923 seconds
Resulting Fitness: 0.713333
-------------
Particle: 18:
Relays Coordinates:
182.852, 141.183
237.479, 200.369
42.0134, 97.0406
Evaluation Time: 1.46111 seconds
Resulting Fitness: 0.736667
-------------
Particle: 19:
Relays Coordinates:
167.741, 134.553
256.539, 259.905
51.2007, 101.207
Evaluation Time: 1.53708 seconds
Resulting Fitness: 0.773333
-------------
Particle: 20:
Relays Coordinates:
195.391, 111.194
227.135, 256.697
58.31, 122.469
Evaluation Time: 1.50408 seconds
Resulting Fitness: 0.84
New local best!
Final Evaluation Time: 605.828 seconds
Final global best fitness: 0.846667
Final global best relays:
201.48, 165.529
273.093, 297.203
60.6996, 135.478
