PSO EXECUTION
============================
Seed: 60466
Particles: 20
Relays: 6
Iterations: 20
Backend: Simulation
Network Configuration: 1
Area: 350 x 350
Sink: 0, 0
Simulated Relay range: 155
w: 0.8
c1: 1.7
c2: 1.3

Relay Nodes Positions: 
PARTICLE 1: 
98.9036, 304.696
74.0827, 318.58
131.634, 268.471
158.122, 159.442
84.4352, 114.605
162.986, 223.204
PARTICLE 2: 
78.23, 320.541
48.6952, 100.898
29.1861, 194.253
54.0998, 81.1463
35.2555, 96.1696
138.155, 206.653
PARTICLE 3: 
195.72, 185.648
134.059, 207.243
237.864, 31.9928
34.8761, 309.96
3.42228, 130.415
100.486, 6.83514
PARTICLE 4: 
230.824, 194.09
188.591, 296.999
119.161, 73.6589
138.638, 180.606
344.4, 164.897
20.3976, 206.095
PARTICLE 5: 
97.9936, 203.087
280.61, 253.773
167.821, 292.944
122.343, 60.199
75.8323, 103.333
220.615, 313.887
PARTICLE 6: 
217.195, 148.545
304.88, 75.6021
127.692, 14.2135
248.525, 16.4157
22.9556, 117.916
306.814, 144.99
PARTICLE 7: 
231.155, 64.9404
102.644, 298.775
112.182, 103.49
62.3217, 174.653
218.394, 147.632
112.942, 21.7279
PARTICLE 8: 
195.706, 151.707
44.3912, 172.829
157.149, 87.6864
262.51, 188.069
125.892, 256.467
55.8009, 87.3539
PARTICLE 9: 
204.029, 213.447
241.474, 189.942
158.502, 223.393
301.374, 234.256
25.8963, 219.172
19.4021, 132.944
PARTICLE 10: 
280.255, 78.2212
48.491, 63.8061
223.084, 235.066
128.588, 141.917
255.354, 72.8678
43.0203, 112.8
PARTICLE 11: 
65.2767, 11.9554
88.3865, 144.066
292.912, 256.293
276.725, 250.473
204.064, 163.87
326.251, 208.067
PARTICLE 12: 
148.011, 145.871
127.378, 60.8133
212.137, 168.085
77.2845, 248.756
206.008, 288.927
346.918, 231.944
PARTICLE 13: 
193.581, 2.61801
27.3446, 294.734
55.3949, 58.7991
244.68, 84.188
67.9284, 110.032
99.6518, 180.211
PARTICLE 14: 
59.9156, 145.249
249.733, 89.0227
12.3137, 142.288
342.16, 162.013
188.248, 71.0903
98.4486, 57.505
PARTICLE 15: 
149.542, 277.157
18.6478, 38.3126
225.408, 315.626
101.39, 141.954
208.648, 49.8043
343.707, 338.734
PARTICLE 16: 
136.27, 81.9791
233.656, 64.9446
81.7562, 62.7815
154.766, 325.857
69.9934, 222.608
202.673, 179.991
PARTICLE 17: 
71.6662, 326.102
125.909, 205.754
314.732, 301.752
136.93, 20.566
278.938, 214.879
70.1661, 104.442
PARTICLE 18: 
137.485, 177.941
90.1258, 108.127
336.12, 95.7266
177.069, 164.031
48.3242, 47.5019
185.556, 85.8583
PARTICLE 19: 
145.517, 336.695
42.2365, 189.887
135.314, 124.205
142.881, 312.531
11.345, 271.537
32.0554, 133.599
PARTICLE 20: 
214.583, 294.072
101.503, 302.655
60.3306, 169.374
3.49939, 47.5085
105.374, 91.6621
112.108, 112.233
Nodes Positions: 
173.043, 122.466
183.511, 298.375
120.779, 92.7641
59.4325, 336.941
42.168, 154.106
113.706, 179.881
73.3539, 281.926
215.61, 225.805
325.662, 53.3624
199.863, 10.2028
296.362, 249.733
265.237, 141.41
153.298, 330.281
218.945, 269.609
246.968, 82.1641
122.804, 134.273
27.1677, 31.873
232.404, 296.191
335.777, 259.977
91.7405, 216.322
2.85972, 42.3003
61.834, 203.205
284.285, 316.442
256.485, 70.0402
13.7002, 44.8323
317.892, 241.548
307.097, 306.893
19.9305, 158.466
298.464, 341.713
48.437, 7.26733
146.45, 173.566
137.601, 65.0037
348.254, 233.913
275.248, 104.362
188.841, 19.1565
87.2582, 189.208
241.789, 131.227
208.124, 196.17
98.5884, 277.528
161.042, 113.713
All particles start with velocity zero
-- ITERATION 0 --
-------------
Particle: 1:
Relays Coordinates:
98.9036, 304.696
74.0827, 318.58
131.634, 268.471
158.122, 159.442
84.4352, 114.605
162.986, 223.204
Evaluation Time: 1.12355 seconds
Resulting Fitness: 0.833333
New local best!
New global best!
-------------
Particle: 2:
Relays Coordinates:
78.23, 320.541
48.6952, 100.898
29.1861, 194.253
54.0998, 81.1463
35.2555, 96.1696
138.155, 206.653
Evaluation Time: 1.04327 seconds
Resulting Fitness: 0.716667
New local best!
-------------
Particle: 3:
Relays Coordinates:
195.72, 185.648
134.059, 207.243
237.864, 31.9928
34.8761, 309.96
3.42228, 130.415
100.486, 6.83514
Evaluation Time: 1.11984 seconds
Resulting Fitness: 0.908333
New local best!
New global best!
-------------
Particle: 4:
Relays Coordinates:
230.824, 194.09
188.591, 296.999
119.161, 73.6589
138.638, 180.606
344.4, 164.897
20.3976, 206.095
Evaluation Time: 1.28105 seconds
Resulting Fitness: 0.954167
New local best!
New global best!
-------------
Particle: 5:
Relays Coordinates:
97.9936, 203.087
280.61, 253.773
167.821, 292.944
122.343, 60.199
75.8323, 103.333
220.615, 313.887
Evaluation Time: 1.30928 seconds
Resulting Fitness: 0.958333
New local best!
New global best!
-------------
Particle: 6:
Relays Coordinates:
217.195, 148.545
304.88, 75.6021
127.692, 14.2135
248.525, 16.4157
22.9556, 117.916
306.814, 144.99
Evaluation Time: 1.14301 seconds
Resulting Fitness: 0.8125
New local best!
-------------
Particle: 7:
Relays Coordinates:
231.155, 64.9404
102.644, 298.775
112.182, 103.49
62.3217, 174.653
218.394, 147.632
112.942, 21.7279
Evaluation Time: 1.26521 seconds
Resulting Fitness: 0.8875
New local best!
-------------
Particle: 8:
Relays Coordinates:
195.706, 151.707
44.3912, 172.829
157.149, 87.6864
262.51, 188.069
125.892, 256.467
55.8009, 87.3539
Evaluation Time: 1.24155 seconds
Resulting Fitness: 0.979167
New local best!
New global best!
-------------
Particle: 9:
Relays Coordinates:
204.029, 213.447
241.474, 189.942
158.502, 223.393
301.374, 234.256
25.8963, 219.172
19.4021, 132.944
Evaluation Time: 1.29771 seconds
Resulting Fitness: 0.920833
New local best!
-------------
Particle: 10:
Relays Coordinates:
280.255, 78.2212
48.491, 63.8061
223.084, 235.066
128.588, 141.917
255.354, 72.8678
43.0203, 112.8
Evaluation Time: 1.19827 seconds
Resulting Fitness: 0.929167
New local best!
-------------
Particle: 11:
Relays Coordinates:
65.2767, 11.9554
88.3865, 144.066
292.912, 256.293
276.725, 250.473
204.064, 163.87
326.251, 208.067
Evaluation Time: 1.34143 seconds
Resulting Fitness: 0.966667
New local best!
-------------
Particle: 12:
Relays Coordinates:
148.011, 145.871
127.378, 60.8133
212.137, 168.085
77.2845, 248.756
206.008, 288.927
346.918, 231.944
Evaluation Time: 1.24803 seconds
Resulting Fitness: 0.979167
New local best!
-------------
Particle: 13:
Relays Coordinates:
193.581, 2.61801
27.3446, 294.734
55.3949, 58.7991
244.68, 84.188
67.9284, 110.032
99.6518, 180.211
Evaluation Time: 1.09951 seconds
Resulting Fitness: 0.783333
New local best!
-------------
Particle: 14:
Relays Coordinates:
59.9156, 145.249
249.733, 89.0227
12.3137, 142.288
342.16, 162.013
188.248, 71.0903
98.4486, 57.505
Evaluation Time: 1.09868 seconds
Resulting Fitness: 0.820833
New local best!
-------------
Particle: 15:
Relays Coordinates:
149.542, 277.157
18.6478, 38.3126
225.408, 315.626
101.39, 141.954
208.648, 49.8043
343.707, 338.734
Evaluation Time: 1.30182 seconds
Resulting Fitness: 0.9125
New local best!
-------------
Particle: 16:
Relays Coordinates:
136.27, 81.9791
233.656, 64.9446
81.7562, 62.7815
154.766, 325.857
69.9934, 222.608
202.673, 179.991
Evaluation Time: 1.37669 seconds
Resulting Fitness: 0.941667
New local best!
-------------
Particle: 17:
Relays Coordinates:
71.6662, 326.102
125.909, 205.754
314.732, 301.752
136.93, 20.566
278.938, 214.879
70.1661, 104.442
Evaluation Time: 1.23115 seconds
Resulting Fitness: 0.929167
New local best!
-------------
Particle: 18:
Relays Coordinates:
137.485, 177.941
90.1258, 108.127
336.12, 95.7266
177.069, 164.031
48.3242, 47.5019
185.556, 85.8583
Evaluation Time: 1.31916 seconds
Resulting Fitness: 0.841667
New local best!
-------------
Particle: 19:
Relays Coordinates:
145.517, 336.695
42.2365, 189.887
135.314, 124.205
142.881, 312.531
11.345, 271.537
32.0554, 133.599
Evaluation Time: 1.14611 seconds
Resulting Fitness: 0.825
New local best!
-------------
Particle: 20:
Relays Coordinates:
214.583, 294.072
101.503, 302.655
60.3306, 169.374
3.49939, 47.5085
105.374, 91.6621
112.108, 112.233
Evaluation Time: 1.31788 seconds
Resulting Fitness: 0.875
New local best!
Current global best fitness: 0.979167
Current global best relays: 195.706, 151.707
44.3912, 172.829
157.149, 87.6864
262.51, 188.069
125.892, 256.467
55.8009, 87.3539
Particle 1 new velocities: 101.745, -67.7128
-28.1165, -93.1398
18.122, -98.6762
102.401, 20.6764
45.7766, 132.188
-102.204, -115.117
Particle 2 new velocities: 151.522, -107.544
-2.43922, 7.69195
99.5656, -101.541
20.6825, 72.9296
3.56627, 149.837
-70.4681, -26.633
Particle 3 new velocities: -0.0191658, -7.501
-103.466, -10.2624
-37.8386, 45.0291
64.7503, -32.4791
109.648, 137.189
-22.7285, 44.2194
Particle 4 new velocities: -29.1571, -29.09
-63.6484, -143.961
30.0865, 17.3467
36.8307, 4.07357
-73.9254, 71.5414
26.2178, -83.5345
Particle 5 new velocities: 3.45416, -62.8438
-134.903, -47.5493
-5.2146, -208.784
144.372, 17.2224
18.97, 177.998
-58.8637, -235.492
Particle 6 new velocities: -25.5844, 2.0339
-112.591, 8.74031
23.5756, 33.2922
10.2791, 202.764
28.0185, 158.286
-290.458, -43.041
Particle 7 new velocities: -33.7855, 97.5357
-28.1046, -152.442
11.6304, -10.7193
109.693, 14.227
-45.0501, 48.0475
-71.4167, 72.3498
Particle 8 new velocities: 0, 0
0, 0
0, 0
0, 0
0, 0
0, 0
Particle 9 new velocities: -0.528849, -9.10335
-151.956, -6.74982
-0.68087, -106.665
-25.1311, -7.80175
49.5665, 13.4943
20.7247, -4.83031
Particle 10 new velocities: -4.09339, 63.0047
-0.558096, 101.879
-51.1509, -156.954
114.184, 31.9963
-154.276, 89.3495
2.70715, -22.628
Particle 11 new velocities: 148.236, 24.9205
-49.0885, 8.88135
-134.764, -199.063
-11.9524, -72.6905
-76.163, 89.0175
-79.0085, -12.8017
Particle 12 new velocities: 4.16212, 0.905258
-61.7354, 77.66
-49.7239, -78.4711
210.86, -25.8069
-101.67, -17.1086
-296.065, -144.369
Particle 13 new velocities: 0.174836, 140.206
19.3885, -23.6595
14.1461, 7.91152
13.4208, 85.3145
73.2392, 84.301
-22.8927, -84.9553
Particle 14 new velocities: 56.7801, 8.04397
-114.889, 69.2904
20.2262, -51.6906
-49.0781, 16.6076
-61.4012, 18.425
-19.1844, 35.4799
Particle 15 new velocities: 50.6077, -96.6568
3.01296, 145.993
-75.3923, -289.308
137.096, 20.4965
-72.9364, 260.533
-276.52, -266.757
Particle 16 new velocities: 13.8925, 79.7795
-234.094, 135.631
11.2295, 4.26065
117.994, -1.96735
49.2916, 33.7221
-39.2924, -41.8573
Particle 17 new velocities: 102.014, -144.897
-92.5784, -33.5284
-147.011, -23.8267
31.5816, 29.5646
-54.2917, 5.31007
-8.6349, -9.99621
Particle 18 new velocities: 54.3675, -10.8093
-32.6551, 64.6852
-43.5682, -6.26867
71.706, 17.968
61.3592, 141.602
-26.0459, 0.234536
Particle 19 new velocities: 57.1986, -151.756
0.816397, -7.2433
19.1184, -2.44391
132.908, -142.862
75.9801, -7.29104
8.67592, -43.8497
Particle 20 new velocities: -6.88617, -132.573
-44.4172, -128.755
111.528, -94.4889
248.757, 88.2563
8.24302, 100.562
-66.7845, -5.65835
-- ITERATION 1 --
-------------
Particle: 1:
Relays Coordinates:
200.649, 236.983
45.9662, 225.44
149.756, 169.795
260.523, 180.119
130.212, 246.793
60.7818, 108.087
Evaluation Time: 1.20924 seconds
Resulting Fitness: 0.9625
New local best!
-------------
Particle: 2:
Relays Coordinates:
206.777, 191.697
41.6304, 97.7305
115.877, 83.4409
67.304, 138.668
34.9396, 221.406
60.918, 162.018
Evaluation Time: 1.18805 seconds
Resulting Fitness: 0.9125
New local best!
-------------
Particle: 3:
Relays Coordinates:
195.701, 178.147
30.5929, 196.981
200.025, 77.0219
99.6264, 277.48
113.071, 267.605
77.7579, 51.0546
Evaluation Time: 1.20073 seconds
Resulting Fitness: 0.883333
-------------
Particle: 4:
Relays Coordinates:
201.667, 165
124.943, 153.038
149.247, 91.0056
175.469, 184.679
270.474, 236.438
46.6153, 122.561
Evaluation Time: 1.24246 seconds
Resulting Fitness: 0.941667
-------------
Particle: 5:
Relays Coordinates:
82.1727, 113.597
118.022, 167.041
131.711, 68.1694
216.039, 62.7113
76.7898, 227.878
131.018, 63.5
Evaluation Time: 1.00532 seconds
Resulting Fitness: 0.791667
-------------
Particle: 6:
Relays Coordinates:
155.204, 121.969
155.754, 68.3173
122.527, 38.4796
209.631, 177.535
41.2891, 223.723
13.2484, 82.5786
Evaluation Time: 1.15184 seconds
Resulting Fitness: 0.933333
New local best!
-------------
Particle: 7:
Relays Coordinates:
197.369, 162.476
74.5394, 146.333
123.812, 92.7708
172.015, 188.88
173.344, 195.68
41.5248, 94.0777
Evaluation Time: 1.17651 seconds
Resulting Fitness: 0.804167
-------------
Particle: 8:
Relays Coordinates:
195.706, 151.707
44.3912, 172.829
157.149, 87.6864
262.51, 188.069
125.892, 256.467
55.8009, 87.3539
Evaluation Time: 1.24667 seconds
Resulting Fitness: 0.979167
-------------
Particle: 9:
Relays Coordinates:
203.5, 204.344
89.5179, 183.192
157.821, 116.728
276.243, 226.454
75.4628, 232.666
40.1268, 128.113
Evaluation Time: 1.19659 seconds
Resulting Fitness: 0.958333
New local best!
-------------
Particle: 10:
Relays Coordinates:
276.162, 141.226
47.9329, 165.685
171.933, 78.1112
242.772, 173.914
101.078, 162.217
45.7275, 90.172
Evaluation Time: 1.17006 seconds
Resulting Fitness: 0.904167
-------------
Particle: 11:
Relays Coordinates:
192.161, 33.1884
35.3681, 137.653
142.333, 51.5069
238.296, 160.005
115.111, 227.598
222.518, 175.739
Evaluation Time: 1.2385 seconds
Resulting Fitness: 0.954167
-------------
Particle: 12:
Relays Coordinates:
136.956, 132.099
59.0785, 124.626
146.172, 80.6521
259.33, 200.654
93.9042, 244.636
45.7678, 78.8169
Evaluation Time: 1.25201 seconds
Resulting Fitness: 0.958333
-------------
Particle: 13:
Relays Coordinates:
193.756, 142.824
46.7332, 271.075
69.5409, 66.7106
258.101, 169.502
141.168, 194.333
76.7592, 95.2554
Evaluation Time: 1.15266 seconds
Resulting Fitness: 0.929167
New local best!
-------------
Particle: 14:
Relays Coordinates:
105.026, 137.964
121.359, 142.482
29.2859, 81.5381
263.773, 160.758
114.162, 80.5638
71.3379, 83.6865
Evaluation Time: 1.12877 seconds
Resulting Fitness: 0.858333
New local best!
-------------
Particle: 15:
Relays Coordinates:
180.135, 162.451
19.4947, 165.875
135.014, 23.6863
214.637, 146.206
122.14, 279.303
60.4686, 64.7795
Evaluation Time: 1.21669 seconds
Resulting Fitness: 0.891667
-------------
Particle: 16:
Relays Coordinates:
135.146, 145.583
0, 180.518
83.6871, 60.3379
245.484, 291.5
107.356, 230.697
147.042, 124.321
Evaluation Time: 1.24482 seconds
Resulting Fitness: 0.929167
-------------
Particle: 17:
Relays Coordinates:
173.68, 181.205
33.331, 172.225
167.72, 277.926
168.512, 50.1306
224.646, 220.189
61.5312, 94.4456
Evaluation Time: 1.24743 seconds
Resulting Fitness: 0.983333
New local best!
New global best!
-------------
Particle: 18:
Relays Coordinates:
155.401, 135.377
46.5513, 139.978
236.967, 72.4609
201.508, 147.42
88.8435, 153.174
129.203, 69.7352
Evaluation Time: 1.04124 seconds
Resulting Fitness: 0.791667
-------------
Particle: 19:
Relays Coordinates:
202.716, 184.939
43.0529, 182.644
154.433, 121.761
275.788, 169.669
87.3251, 264.246
40.7313, 89.7491
Evaluation Time: 1.31768 seconds
Resulting Fitness: 0.966667
New local best!
-------------
Particle: 20:
Relays Coordinates:
207.697, 161.499
57.0855, 173.9
171.858, 74.8853
252.257, 135.765
113.617, 192.224
45.3232, 106.574
Evaluation Time: 1.24776 seconds
Resulting Fitness: 0.9125
New local best!
Current global best fitness: 0.983333
Current global best relays: 173.68, 181.205
33.331, 172.225
167.72, 277.926
168.512, 50.1306
224.646, 220.189
61.5312, 94.4456
Particle 1 new velocities: 77.3358, -76.8343
-29.3461, -135.578
16.7959, -24.372
14.4261, -151.099
121.028, 76.7898
-81.5903, -95.8422
Particle 2 new velocities: 110.973, -98.8552
-8.14037, 80.4503
121.148, -19.6224
71.2887, -43.8287
45.9927, 119.221
-55.7724, -86.5921
Particle 3 new velocities: -7.75198, 3.24405
51.2475, -12.0138
-8.70873, -21.091
60.1789, -108.738
87.0043, 20.9489
-14.0833, 73.5819
Particle 4 new velocities: -26.5075, 28.8696
-24.3426, -64.6363
0.502615, 74.5159
-22.818, -55.5876
16.2649, -13.1197
20.5686, 12.5109
Particle 5 new velocities: 21.6066, 28.4872
-48.879, 75.3881
46.0958, 110.585
83.7714, 1.68748
107.207, -68.0599
-45.7616, -26.8388
Particle 6 new velocities: -5.2906, 48.6973
-111.516, 114.932
69.5939, 27.2573
6.61411, 1.48876
78.4643, 122.43
-214.74, -29.3289
Particle 7 new velocities: 10.556, 11.9139
-44.9994, -72.0011
32.9754, 69.0164
-50.0046, -40.5476
76.3458, 69.1369
28.4101, 1.05324
Particle 8 new velocities: -25.8134, 1.37529
-2.4175, -0.777153
12.5126, 96.0079
-16.2463, -43.6342
37.78, -36.2324
3.32827, 0.583704
Particle 9 new velocities: -12.8553, -30.6011
-182.771, -14.4606
0.111948, 53.0109
-42.8776, -25.398
69.2081, -1.72078
41.3876, -30.4152
Particle 10 new velocities: -5.54423, -34.5713
-4.85835, 52.6556
20.3134, 353.861
-5.18735, 10.7509
74.5535, 91.7735
17.06, 15.5893
Particle 11 new velocities: 24.8527, 73.3309
38.3006, 33.2334
57.9336, 12.7114
-54.4608, 17.7948
59.7328, 66.1355
-181.762, -98.1657
Particle 12 new velocities: 33.5846, 76.193
7.86115, 69.8223
-4.92377, 143.223
-22.5751, -122.034
34.1104, -13.7074
17.754, 118.654
Particle 13 new velocities: -5.23941, 136.942
4.58186, -34.4139
38.8897, 265.183
-42.4862, -33.167
136.339, 91.8934
-29.9344, -68.2735
Particle 14 new velocities: 52.8088, 57.682
-120.047, 70.1828
180.766, 65.2366
-123.705, -94.9672
51.4831, 28.2223
-21.3114, 40.5288
Particle 15 new velocities: 7.58646, -27.6565
16.1696, 30.7813
-7.26178, 247.275
11.6072, 11.49
149.712, -213.437
12.1453, 69.2936
Particle 16 new velocities: 42.9471, 42.2822
209.454, 25.2781
86.512, 239.821
-101.34, -34.49
-1.79889, 8.11907
-48.341, -14.9696
Particle 17 new velocities: 81.6114, -115.917
-74.0627, -26.8227
-117.609, -19.0613
25.2652, 23.6517
-43.4334, 4.24806
-6.90792, -7.99697
Particle 18 new velocities: 50.1235, 90.8093
11.8815, 75.0769
34.7278, 208.136
5.99175, 8.92214
99.73, 152.502
-79.9832, 47.4844
Particle 19 new velocities: 16.9426, -125.262
-11.815, -11.6928
21.5493, 65.4647
-3.0347, -230.723
86.5568, -11.1199
9.10744, -33.8389
Particle 20 new velocities: -9.7467, -93.0155
-40.0132, -103.35
87.3088, -57.2823
150.736, -7.23716
16.5086, 102.298
-33.0136, -18.9293
-- ITERATION 2 --
-------------
Particle: 1:
Relays Coordinates:
250.186, 144.134
14.958, 80.876
149.897, 130.88
247.454, 26.1173
226.116, 291.225
0, 11.0204
Evaluation Time: 1.26431 seconds
Resulting Fitness: 0.9375
-------------
Particle: 2:
Relays Coordinates:
285.975, 83.5578
30.141, 160.363
213.322, 57.4366
124.733, 85.3556
72.839, 306.564
4.63096, 67.8831
Evaluation Time: 1.19321 seconds
Resulting Fitness: 0.804167
-------------
Particle: 3:
Relays Coordinates:
187.949, 181.391
81.8404, 184.967
191.316, 55.9309
159.805, 168.742
200.075, 288.554
63.6745, 124.636
Evaluation Time: 1.24958 seconds
Resulting Fitness: 0.975
New local best!
-------------
Particle: 4:
Relays Coordinates:
175.16, 193.87
100.6, 88.4013
149.75, 165.521
152.651, 129.092
286.739, 223.318
67.1839, 135.071
Evaluation Time: 1.19959 seconds
Resulting Fitness: 0.920833
-------------
Particle: 5:
Relays Coordinates:
103.779, 142.084
69.143, 242.429
177.807, 178.754
299.811, 64.3988
183.997, 159.818
85.2566, 36.6612
Evaluation Time: 1.20546 seconds
Resulting Fitness: 0.854167
-------------
Particle: 6:
Relays Coordinates:
121.43, 138.239
35.8329, 148.432
155.618, 53.2469
175.159, 145.009
97.0002, 280.384
0, 43.1323
Evaluation Time: 1.21837 seconds
Resulting Fitness: 0.7875
-------------
Particle: 7:
Relays Coordinates:
207.925, 174.39
29.54, 74.3316
156.787, 161.787
122.01, 148.333
249.689, 264.817
69.9349, 95.131
Evaluation Time: 1.19321 seconds
Resulting Fitness: 0.891667
New local best!
-------------
Particle: 8:
Relays Coordinates:
169.892, 153.082
41.9737, 172.052
169.661, 183.694
246.263, 144.434
163.672, 220.234
59.1292, 87.9376
Evaluation Time: 1.15225 seconds
Resulting Fitness: 0.945833
-------------
Particle: 9:
Relays Coordinates:
190.645, 173.743
0, 168.731
157.933, 169.739
233.365, 201.056
144.671, 230.945
81.5144, 97.6983
Evaluation Time: 1.2748 seconds
Resulting Fitness: 0.95
-------------
Particle: 10:
Relays Coordinates:
270.617, 106.655
43.0745, 218.341
192.247, 350
237.585, 184.665
175.632, 253.991
62.7875, 105.761
Evaluation Time: 1.30118 seconds
Resulting Fitness: 0.9875
New local best!
New global best!
-------------
Particle: 11:
Relays Coordinates:
217.014, 106.519
73.6687, 170.886
200.267, 64.2183
183.835, 177.799
174.844, 293.734
40.7556, 77.5734
Evaluation Time: 1.28663 seconds
Resulting Fitness: 0.925
-------------
Particle: 12:
Relays Coordinates:
124.324, 151.845
48.799, 141.753
102.97, 163.205
172.594, 57.3146
93.3227, 168.347
46.3074, 143.956
Evaluation Time: 1.07225 seconds
Resulting Fitness: 0.695833
-------------
Particle: 13:
Relays Coordinates:
137.428, 203.949
37.4087, 172.526
79.0459, 241.95
157.183, 99.3885
202.302, 208.659
34.1353, 19.6698
Evaluation Time: 1.30781 seconds
Resulting Fitness: 0.925
-------------
Particle: 14:
Relays Coordinates:
157.835, 195.646
1.31219, 212.665
210.052, 146.775
140.068, 65.7909
165.645, 108.786
50.0264, 124.215
Evaluation Time: 1.18234 seconds
Resulting Fitness: 0.883333
New local best!
-------------
Particle: 15:
Relays Coordinates:
187.722, 134.794
35.6643, 196.656
127.753, 270.961
226.244, 157.696
271.853, 65.8661
72.614, 134.073
Evaluation Time: 1.19352 seconds
Resulting Fitness: 0.908333
-------------
Particle: 16:
Relays Coordinates:
178.093, 187.865
209.454, 205.796
170.199, 300.158
144.144, 257.01
105.558, 238.816
98.7013, 109.351
Evaluation Time: 1.27955 seconds
Resulting Fitness: 0.929167
-------------
Particle: 17:
Relays Coordinates:
255.292, 65.2874
0, 145.402
50.1111, 258.864
193.777, 73.7823
181.213, 224.437
54.6233, 86.4487
Evaluation Time: 1.27631 seconds
Resulting Fitness: 0.925
-------------
Particle: 18:
Relays Coordinates:
205.524, 226.186
58.4328, 215.055
271.694, 280.597
207.499, 156.342
188.574, 305.676
49.2196, 117.22
Evaluation Time: 1.33718 seconds
Resulting Fitness: 0.958333
New local best!
-------------
Particle: 19:
Relays Coordinates:
219.658, 59.6768
31.2379, 170.951
175.982, 187.226
272.754, 0
173.882, 253.126
49.8387, 55.9102
Evaluation Time: 1.26091 seconds
Resulting Fitness: 0.895833
-------------
Particle: 20:
Relays Coordinates:
129.875, 44.932
11.2011, 46.2875
170.04, 11.5493
229.635, 84.327
85.3753, 193.236
8.07631, 57.5038
Evaluation Time: 1.11604 seconds
Resulting Fitness: 0.766667
Current global best fitness: 0.9875
Current global best relays: 270.617, 106.655
43.0745, 218.341
192.247, 350
237.585, 184.665
175.632, 253.991
62.7875, 105.761
Particle 1 new velocities: 34.7884, 79.5298
24.7058, 54.4396
45.2907, 235.525
15.5649, 190.845
-47.0544, 45.6232
82.5294, 45.5946
Particle 2 new velocities: -4.83847, 33.6428
-3.30892, 58.228
54.1568, 31.8748
50.312, 99.8099
115.421, 46.9689
82.8828, 17.1853
Particle 3 new velocities: 7.96553, -22.1188
2.97817, 6.32098
-6.33197, 329.694
127.054, -73.6949
61.9416, -21.9759
-11.4245, 47.1201
Particle 4 new velocities: 59.4924, -50.3921
41.9205, 265.259
7.22349, -5.52697
45.4004, 35.4385
87.1193, -57.1129
-31.114, 41.8258
Particle 5 new velocities: 202.619, 95.1445
150.792, 50.563
49.4002, 373.85
1.53716, 47.3732
-48.1073, -47.5953
143.892, 443.193
Particle 6 new velocities: 119.947, 30.8901
104.195, 96.2848
23.2486, 51.4487
62.3274, 53.8419
65.2265, -11.0498
73.4117, 8.72465
Particle 7 new velocities: 83.9893, -44.9129
-23.1581, 39.8469
44.1544, 126.901
91.6584, 10.3911
50.1637, 42.0592
14.9648, 12.6183
Particle 8 new velocities: 65.1404, -38.0448
-0.226666, 13.4848
9.72365, -49.5619
-14.7147, 35.5744
5.01273, 2.01941
6.09798, 22.2273
Particle 9 new velocities: 25.5555, -69.2223
100.893, 18.0923
30.2295, 44.5378
28.8457, -10.2564
17.7061, 17.874
-11.7299, -9.54249
Particle 10 new velocities: -4.43538, -27.657
-3.88668, 42.1244
16.2507, 0
-4.14988, 8.60068
59.6428, 73.4188
13.648, 12.4715
Particle 11 new velocities: -6.29811, -90.2587
24.5825, 59.8949
65.1282, 368.371
-9.81685, 115.16
94.1572, -32.0712
235.109, -16.5293
Particle 12 new velocities: 211.029, 30.1142
100.401, -22.7038
216.242, 274.655
-66.7065, 190.964
205.539, 114.713
481.076, 139.985
Particle 13 new velocities: 120.782, -34.0522
17.8159, 148.851
131.383, 74.5245
88.8816, 97.3665
1.96817, 95.1503
51.7908, 13.088
Particle 14 new velocities: 155.487, -40.0976
-44.3858, 62.1494
133.037, 91.1311
-21.3611, -41.2563
50.1351, 112.297
-7.60025, 11.3112
Particle 15 new velocities: 7.71433, -35.0759
-11.2762, -114.562
86.9683, 267.683
-64.853, 9.50716
-77.3398, -68.8502
90.9444, 157.304
Particle 16 new velocities: -1.65032, -228.801
-31.5279, -34.9772
-41.4236, 55.5662
-7.96124, -37.8888
2.08861, -13.5899
-17.313, 13.9145
Particle 17 new velocities: 3.18452, 26.9662
90.9863, 53.2656
195.395, 54.762
43.7736, 144.287
13.0343, 2.75434
12.9843, -1.62497
Particle 18 new velocities: 58.2064, -0.331407
4.15488, 61.2058
-46.8997, 220.733
25.2797, 41.0556
77.4862, 99.6779
-63.3484, 34.0279
Particle 19 new velocities: -6.62171, -51.3649
0.0468568, 40.834
5.66028, -24.1023
-44.5258, 250.134
-52.7388, -5.80647
14.2153, 3.89785
Particle 20 new velocities: 194.28, 186.985
10.8375, 66.0675
79.9187, 267.072
30.0189, 69.058
100.489, 116.889
60.5826, 72.6864
-- ITERATION 3 --
-------------
Particle: 1:
Relays Coordinates:
168.275, 132.071
23.4211, 79.9025
115.256, 206.672
155.31, 128.114
105.734, 198.905
48.7328, 33.4306
Evaluation Time: 1.1414 seconds
Resulting Fitness: 0.791667
-------------
Particle: 2:
Relays Coordinates:
253.023, 105.481
24.1489, 196.732
240.731, 80.3803
157.541, 166.649
169.434, 315
78.7624, 76.5616
Evaluation Time: 1.19456 seconds
Resulting Fitness: 0.933333
New local best!
-------------
Particle: 3:
Relays Coordinates:
158.691, 129.011
68.7031, 154.943
149.837, 283.5
232.356, 76.9882
212.233, 215.928
42.3225, 139.123
Evaluation Time: 1.23343 seconds
Resulting Fitness: 0.979167
New local best!
-------------
Particle: 4:
Relays Coordinates:
190.068, 116.217
115.442, 283.5
127.148, 129.596
160.422, 133.27
283.5, 134.627
29.2166, 143.287
Evaluation Time: 1.25387 seconds
Resulting Fitness: 0.8875
-------------
Particle: 5:
Relays Coordinates:
248.182, 192.155
178.147, 237.324
184.038, 283.5
244.092, 90.5354
110.07, 90.9007
185.61, 283.5
Evaluation Time: 1.23098 seconds
Resulting Fitness: 0.979167
New local best!
-------------
Particle: 6:
Relays Coordinates:
241.377, 169.13
140.027, 244.717
178.866, 104.696
237.486, 198.851
162.227, 269.334
73.4117, 51.8569
Evaluation Time: 1.26775 seconds
Resulting Fitness: 0.970833
New local best!
-------------
Particle: 7:
Relays Coordinates:
291.914, 129.477
6.3819, 114.179
200.942, 288.688
213.668, 158.724
299.853, 306.876
84.8997, 107.749
Evaluation Time: 1.32498 seconds
Resulting Fitness: 0.9625
New local best!
-------------
Particle: 8:
Relays Coordinates:
235.033, 115.038
41.747, 185.536
179.385, 134.132
231.549, 180.009
168.685, 222.254
65.2271, 110.165
Evaluation Time: 1.18507 seconds
Resulting Fitness: 0.9625
-------------
Particle: 9:
Relays Coordinates:
216.2, 104.52
100.893, 186.824
188.163, 214.277
262.211, 190.8
162.377, 248.819
69.7845, 88.1558
Evaluation Time: 1.32063 seconds
Resulting Fitness: 0.983333
New local best!
-------------
Particle: 10:
Relays Coordinates:
215.607, 63.988
31.7422, 210.977
168.883, 283.5
189.082, 156.545
190.572, 265.202
61.9127, 95.7685
Evaluation Time: 1.2045 seconds
Resulting Fitness: 0.975
-------------
Particle: 11:
Relays Coordinates:
153.612, 11.854
71.6251, 168.239
193.473, 255.15
126.859, 213.567
196.102, 190.752
201.105, 44.5011
Evaluation Time: 1.41139 seconds
Resulting Fitness: 0.920833
-------------
Particle: 12:
Relays Coordinates:
244.472, 132.648
108.767, 86.7867
232.705, 255.15
77.1921, 180.995
217.87, 206.351
255.15, 206.993
Evaluation Time: 1.27324 seconds
Resulting Fitness: 0.970833
-------------
Particle: 13:
Relays Coordinates:
169.412, 111.469
36.2328, 210.855
138.062, 207.639
161.443, 129.091
134.022, 199.33
56.3761, 21.4924
Evaluation Time: 1.10771 seconds
Resulting Fitness: 0.783333
-------------
Particle: 14:
Relays Coordinates:
228.412, 113.395
0, 200.339
250.112, 173.433
86.5377, 17.8857
157.304, 161.169
30.9287, 98.7988
Evaluation Time: 1.14221 seconds
Resulting Fitness: 0.95
New local best!
-------------
Particle: 15:
Relays Coordinates:
175.892, 89.7464
21.9493, 73.8851
193.249, 315
145.252, 150.483
175.062, 0
147.203, 262.239
Evaluation Time: 1.26973 seconds
Resulting Fitness: 0.945833
New local best!
-------------
Particle: 16:
Relays Coordinates:
158.798, 0
160.134, 153.737
115.898, 315
122.564, 197.209
96.8816, 202.704
73.2496, 110.939
Evaluation Time: 1.0425 seconds
Resulting Fitness: 0.7875
-------------
Particle: 17:
Relays Coordinates:
258.476, 92.2536
90.9863, 198.668
245.506, 313.626
237.55, 218.069
194.247, 227.191
67.6076, 84.8237
Evaluation Time: 1.30559 seconds
Resulting Fitness: 0.991667
New local best!
New global best!
-------------
Particle: 18:
Relays Coordinates:
213.622, 182.942
50.696, 223.771
182.084, 283.5
188.551, 159.892
215.508, 283.5
0, 122.51
Evaluation Time: 1.31828 seconds
Resulting Fitness: 0.929167
-------------
Particle: 19:
Relays Coordinates:
191.733, 7.48077
28.1563, 190.607
163.478, 146.811
205.405, 225.12
109.029, 222.587
57.6486, 53.8273
Evaluation Time: 1.34164 seconds
Resulting Fitness: 0.9125
-------------
Particle: 20:
Relays Coordinates:
236.309, 169.067
16.0662, 81.9068
182.22, 203.115
189.288, 111.818
135.495, 226.081
50.0523, 94.9087
Evaluation Time: 1.15698 seconds
Resulting Fitness: 0.941667
New local best!
Current global best fitness: 0.991667
Current global best relays: 258.476, 92.2536
90.9863, 198.668
245.506, 313.626
237.55, 218.069
194.247, 227.191
67.6076, 84.8237
Particle 1 new velocities: 154.832, 64.1801
27.8918, 250.484
79.3074, 33.2388
199.602, 255.459
32.6757, 131.218
96.1869, 151.249
Particle 2 new velocities: -0.811949, 16.3465
56.7533, 48.1758
45.051, 304.557
67.3445, 134.538
102.674, -3.17387
60.0735, 18.5439
Particle 3 new velocities: 97.5558, -55.3534
28.5313, 46.7728
40.8901, 19.3179
107.675, 1.30293
39.71, -10.8742
9.60386, 32.8056
Particle 4 new velocities: 91.3557, -3.83613
129.47, -77.9676
140.498, 131.482
66.9368, 59.9439
17.2505, -13.6859
-37.6278, 82.312
Particle 5 new velocities: 163.869, 35.902
57.5246, 19.3878
68.0477, 24.9454
-1.3352, 101.798
-37.8842, -6.223
87.8338, -207.516
Particle 6 new velocities: 114.886, -15.1082
25.8105, 49.1683
67.2096, 303.235
49.8761, 44.7351
52.3671, -23.1251
58.2805, 16.7455
Particle 7 new velocities: 61.7008, -37.514
30.2729, 68.0088
79.9516, 103.734
90.4659, 51.5139
-30.6511, 6.21292
-6.93606, -18.3565
Particle 8 new velocities: 63.2971, -2.46463
11.8723, 24.0354
19.3242, 8.58456
36.9906, 68.3114
18.42, 21.8237
-7.49474, -38.83
Particle 9 new velocities: 65.233, -57.2988
76.691, 20.1498
41.642, 64.5739
13.7512, -6.35552
26.9458, 13.5951
-10.6376, -10.3344
Particle 10 new velocities: 51.9851, 56.1742
62.1769, 24.3392
18.964, 73.0433
59.0301, 70.3285
27.6909, 8.51683
13.1303, 5.50249
Particle 11 new velocities: 13.4369, -2.45387
63.8076, 56.1292
157.506, 67.0671
129.76, 137.169
85.944, -29.2796
152.244, 270.644
Particle 12 new velocities: 113.181, 15.7048
95.6844, 57.0572
173.068, 52.1101
82.7804, 175.587
135.858, 241.751
-65.7147, 113.528
Particle 13 new velocities: 152.759, -16.2828
59.9383, 211.182
107.367, -0.12171
130.518, 162.069
28.2976, 109.258
54.0946, 96.2724
Particle 14 new velocities: 125.78, -54.0201
74.4627, 48.4702
100.702, 213.563
126.666, 49.0672
64.5584, 93.1464
29.3344, -3.36204
Particle 15 new velocities: 26.6793, -27.9591
31.5536, 14.3579
114.265, -0.17056
48.2388, 78.554
-59.0356, 212.014
-0.42973, -95.0433
Particle 16 new velocities: 60.2401, 89.9271
72.9345, -91.5066
42.5698, -57.8857
121.013, 164.334
21.5742, 30.7478
6.23316, 90.2738
Particle 17 new velocities: 2.54761, 21.5729
72.789, 42.6125
156.316, 43.8096
35.0189, 115.429
10.4274, 2.20347
10.3874, -1.29997
Particle 18 new velocities: 90.074, -10.2854
13.0297, 26.7078
138.501, 10.6533
66.7873, 84.83
34.5537, -28.7541
43.626, -26.1286
Particle 19 new velocities: 68.9629, 104.168
73.4991, 34.1561
18.8254, 71.9034
81.4123, 157.487
19.0764, 49.8098
-12.0953, 55.852
Particle 20 new velocities: 167.589, 121.085
63.2241, 177.464
94.3373, 293.631
26.875, 186.656
130.436, 94.3855
66.5144, 51.7173
-- ITERATION 4 --
-------------
Particle: 1:
Relays Coordinates:
211.99, 128.76
33.6664, 216.767
127.653, 157.405
229.635, 229.635
90.8108, 216.594
95.0818, 121.168
Evaluation Time: 1.3018 seconds
Resulting Fitness: 0.95
-------------
Particle: 2:
Relays Coordinates:
226.99, 109.644
72.812, 220.417
257.204, 315
202.397, 271.068
244.897, 280.644
124.952, 85.5949
Evaluation Time: 1.26027 seconds
Resulting Fitness: 0.9125
-------------
Particle: 3:
Relays Coordinates:
207.56, 59.6624
78.7598, 163.39
154.489, 245.282
275.426, 63.4158
204.074, 166.094
42.0604, 139.262
Evaluation Time: 1.24355 seconds
Resulting Fitness: 0.9125
-------------
Particle: 4:
Relays Coordinates:
184.642, 73.7332
160.687, 134.85
175.603, 171.293
149.17, 126.767
197.322, 79.3491
0, 148.015
Evaluation Time: 1.1223 seconds
Resulting Fitness: 0.791667
-------------
Particle: 5:
Relays Coordinates:
255.15, 166.254
171.805, 187.143
183.77, 224.857
176.969, 140.211
52.6238, 61.7301
199.341, 55.3925
Evaluation Time: 1.29409 seconds
Resulting Fitness: 0.920833
-------------
Particle: 6:
Relays Coordinates:
255.15, 112.282
120.896, 214.242
179.389, 255.15
209.487, 177.575
156.439, 179.486
96.0036, 50.0112
Evaluation Time: 1.29382 seconds
Resulting Fitness: 0.975
New local best!
-------------
Particle: 7:
Relays Coordinates:
206.672, 54.3033
21.6443, 107.58
165.865, 206.672
179.588, 124.143
158.961, 184.876
46.0368, 52.7855
Evaluation Time: 1.13431 seconds
Resulting Fitness: 0.825
-------------
Particle: 8:
Relays Coordinates:
298.33, 112.573
53.6193, 209.572
198.709, 142.717
268.539, 248.32
187.105, 244.078
57.7324, 71.3349
Evaluation Time: 1.3272 seconds
Resulting Fitness: 0.975
-------------
Particle: 9:
Relays Coordinates:
227.961, 38.2495
143.843, 167.648
186.142, 225.869
223.529, 149.4
153.351, 212.556
47.909, 63.0353
Evaluation Time: 1.34108 seconds
Resulting Fitness: 0.975
-------------
Particle: 10:
Relays Coordinates:
267.593, 120.162
93.9191, 235.316
187.847, 350
248.112, 226.873
218.263, 273.719
75.043, 101.271
Evaluation Time: 1.28402 seconds
Resulting Fitness: 0.991667
New local best!
-------------
Particle: 11:
Relays Coordinates:
135.31, 7.61407
109.701, 181.738
283.5, 260.996
207.861, 283.5
228.457, 130.793
283.5, 255.267
Evaluation Time: 1.33712 seconds
Resulting Fitness: 0.875
-------------
Particle: 12:
Relays Coordinates:
206.672, 87.6009
120.726, 84.9384
206.672, 181.434
94.4622, 206.672
206.672, 206.672
111.86, 189.264
Evaluation Time: 1.16989 seconds
Resulting Fitness: 0.9375
-------------
Particle: 13:
Relays Coordinates:
289.954, 85.668
86.554, 315
220.886, 186.766
262.765, 262.044
146.087, 277.729
99.4236, 105.988
Evaluation Time: 1.25688 seconds
Resulting Fitness: 0.975
New local best!
-------------
Particle: 14:
Relays Coordinates:
315, 53.437
67.0164, 223.929
315, 315
191.884, 60.2577
199.676, 228.884
54.2368, 85.8931
Evaluation Time: 1.26076 seconds
Resulting Fitness: 0.979167
New local best!
-------------
Particle: 15:
Relays Coordinates:
202.572, 61.7872
53.5029, 88.243
307.514, 314.829
193.491, 229.037
116.026, 212.014
146.773, 167.196
Evaluation Time: 1.23073 seconds
Resulting Fitness: 0.995833
New local best!
New global best!
-------------
Particle: 16:
Relays Coordinates:
143.711, 59.0012
152.916, 40.8295
103.971, 168.693
159.811, 229.635
77.7189, 153.168
52.1486, 132.016
Evaluation Time: 1.1832 seconds
Resulting Fitness: 0.85
-------------
Particle: 17:
Relays Coordinates:
211.429, 92.1995
132.658, 195.437
283.5, 283.5
220.781, 270.134
165.786, 185.81
63.1759, 67.6542
Evaluation Time: 1.2018 seconds
Resulting Fitness: 0.958333
-------------
Particle: 18:
Relays Coordinates:
245.994, 139.852
51.6178, 202.888
259.674, 238.264
206.824, 198.225
202.55, 206.344
35.337, 78.0693
Evaluation Time: 1.30954 seconds
Resulting Fitness: 0.958333
-------------
Particle: 19:
Relays Coordinates:
234.626, 100.484
91.4899, 202.286
164.073, 196.843
258.136, 315
115.295, 245.157
40.998, 98.7113
Evaluation Time: 1.28231 seconds
Resulting Fitness: 0.929167
-------------
Particle: 20:
Relays Coordinates:
283.5, 235.024
64.2251, 210.09
224.011, 283.5
175.092, 241.763
215.404, 259.578
94.4191, 118.767
Evaluation Time: 1.28109 seconds
Resulting Fitness: 0.908333
Current global best fitness: 0.995833
Current global best relays: 202.572, 61.7872
53.5029, 88.243
307.514, 314.829
193.491, 229.037
116.026, 212.014
146.773, 167.196
Particle 1 new velocities: 103.2, 111.357
47.822, 150.473
199.024, 55.8023
16.5589, -3.15551
97.413, 144.685
76.1743, 132.949
Particle 2 new velocities: -26.9067, -50.7418
16.6193, -45.742
79.8716, -389.974
20.3253, -9.34131
-76.2317, 30.908
53.2122, 47.8254
Particle 3 new velocities: 31.0085, 64.7944
-6.49161, -67.7918
94.998, 43.405
-29.8732, 156.649
-35.2471, 30.3098
13.015, 46.4608
Particle 4 new velocities: 162.564, 192.511
-14.0085, -19.5459
113.055, 263.023
74.4376, 157.728
219.026, 170.788
64.2949, 129.106
Particle 5 new velocities: -34.5211, 8.46667
46.8621, -13.5322
175.629, 112.442
10.4517, 97.3942
76.9447, 142.955
51.5652, 170.524
Particle 6 new velocities: -50.4205, -49.3929
-50.7998, -75.4896
128.367, 54.0042
20.1265, 96.6128
-1.08845, -1.11565
60.7246, 156.918
Particle 7 new velocities: 31.2264, 7.55357
28.5683, 51.7993
228.367, 138.248
87.4544, 174.704
10.4941, 186.983
93.106, 94.6876
Particle 8 new velocities: -57.3101, 14.7731
3.04568, -104.846
50.4935, 108.09
-14.4691, -18.3143
-26.5485, 10.34
88.0297, 103.471
Particle 9 new velocities: 40.6275, 40.5743
-21.051, -60.4151
74.7882, 63.0526
64.5755, 29.7845
6.02159, 57.2937
132.886, 19.5509
Particle 10 new velocities: 17.3126, -26.8925
34.5834, -122.412
121.328, -23.2131
42.0202, 58.6936
-104.497, -34.8212
35.4783, 64.3845
Particle 11 new velocities: 1.56407, 73.4334
19.3294, -55.2211
11.6651, 99.0586
116.192, -62.7786
-65.3201, 86.4333
-77.3511, 45.6936
Particle 12 new velocities: -13.0844, 82.8623
34.9965, 46.3561
14.7789, 118.728
142.885, 27.5086
-65.1724, 52.9494
90.0986, 71.217
Particle 13 new velocities: 112.401, -43.9751
33.25, -104.183
90.8988, 76.8348
75.8628, 114.212
7.76369, 9.37365
49.6835, 89.5764
Particle 14 new velocities: -25.912, -42.6871
47.0034, -68.9449
-1.77054, -0.177316
101.801, 208.947
-17.8177, 59.18
25.188, 40.2006
Particle 15 new velocities: 21.3434, -22.3673
25.2429, 11.4863
91.4122, -0.136448
38.591, 62.8432
-47.2285, 169.611
-0.343784, -76.0347
Particle 16 new velocities: 104.739, 95.9789
67.3983, 7.57084
156.647, 9.60066
123.654, 57.7429
17.7611, 53.0779
145.52, 89.5473
Particle 17 new velocities: 65.8043, 10.8823
-48.0015, 11.5122
-17.7027, 38.6967
22.5781, -26.9488
-9.52905, 17.0569
63.6321, 40.1015
Particle 18 new velocities: 49.0579, 37.6835
17.3181, -27.8012
183.002, 95.1121
40.8035, 79.6387
-13.7509, 143.876
180.379, 57.0276
Particle 19 new velocities: 38.3624, 90.305
4.51525, 17.5554
86.6081, 39.4332
63.1918, -123.917
-7.75949, 32.9015
18.1324, 85.8441
Particle 20 new velocities: -113.214, -139.702
15.0394, -146.026
87.9621, -3.88662
49.3858, -78.2513
55.6136, 57.5851
55.4804, 38.7197
-- ITERATION 5 --
-------------
Particle: 1:
Relays Coordinates:
150.755, 114.848
38.9757, 167.404
156.249, 101.976
117.754, 108.324
90.0269, 167.404
81.9113, 121.543
Evaluation Time: 0.968073 seconds
Resulting Fitness: 0.691667
-------------
Particle: 2:
Relays Coordinates:
145.861, 42.9399
65.1954, 127.338
245.728, 0
162.365, 190.799
122.957, 227.121
129.882, 97.2634
Evaluation Time: 1.06394 seconds
Resulting Fitness: 0.845833
-------------
Particle: 3:
Relays Coordinates:
238.568, 124.457
72.2682, 95.5982
249.487, 288.687
245.552, 220.065
168.827, 196.403
55.0754, 185.723
Evaluation Time: 1.2956 seconds
Resulting Fitness: 0.995833
New local best!
-------------
Particle: 4:
Relays Coordinates:
281.237, 215.658
118.809, 93.3962
233.813, 283.5
181.122, 230.441
283.5, 202.611
52.0789, 224.468
Evaluation Time: 1.29261 seconds
Resulting Fitness: 0.95
-------------
Particle: 5:
Relays Coordinates:
130.279, 103.171
129.121, 102.515
206.672, 199.172
110.67, 140.304
76.5089, 120.864
148.157, 133.401
Evaluation Time: 1.1712 seconds
Resulting Fitness: 0.9
-------------
Particle: 6:
Relays Coordinates:
184.257, 56.5998
63.0865, 124.878
276.981, 278.239
206.652, 246.769
139.815, 160.534
141.055, 186.237
Evaluation Time: 1.20892 seconds
Resulting Fitness: 0.95
-------------
Particle: 7:
Relays Coordinates:
173.428, 45.0936
36.605, 116.187
255.15, 251.447
194.674, 217.86
123.533, 255.15
101.435, 107.508
Evaluation Time: 1.32785 seconds
Resulting Fitness: 0.9625
-------------
Particle: 8:
Relays Coordinates:
241.02, 127.346
56.665, 104.726
249.203, 250.807
254.07, 230.006
160.556, 254.418
145.762, 174.806
Evaluation Time: 1.22635 seconds
Resulting Fitness: 0.979167
-------------
Particle: 9:
Relays Coordinates:
241.73, 70.9415
110.513, 96.51
234.837, 260.03
259.294, 161.266
143.436, 242.864
162.716, 74.3276
Evaluation Time: 1.41125 seconds
Resulting Fitness: 0.958333
-------------
Particle: 10:
Relays Coordinates:
230.773, 75.5485
104.087, 91.4523
250.432, 264.697
235.007, 231.309
92.1502, 193.507
89.5222, 134.181
Evaluation Time: 1.15921 seconds
Resulting Fitness: 0.970833
-------------
Particle: 11:
Relays Coordinates:
123.186, 72.9427
116.127, 113.866
265.649, 315
291.648, 198.649
146.823, 195.503
185.534, 270.865
Evaluation Time: 1.29501 seconds
Resulting Fitness: 0.970833
New local best!
-------------
Particle: 12:
Relays Coordinates:
141.125, 124.268
113.522, 95.7137
161.437, 218.818
173.026, 170.717
103.153, 189.264
147.228, 189.891
Evaluation Time: 1.15176 seconds
Resulting Fitness: 0.8625
-------------
Particle: 13:
Relays Coordinates:
206.672, 24.6193
70.743, 124.485
184.106, 155.653
199.957, 206.672
90.8475, 169.531
88.0463, 115.479
Evaluation Time: 1.28189 seconds
Resulting Fitness: 0.920833
-------------
Particle: 14:
Relays Coordinates:
189.671, 7.05303
74.8084, 101.685
205.51, 206.555
192.687, 176.625
119.317, 188.999
52.1106, 82.7301
Evaluation Time: 1.23267 seconds
Resulting Fitness: 0.95
-------------
Particle: 15:
Relays Coordinates:
146.911, 25.8634
51.6651, 65.4324
229.635, 206.47
152.269, 191.502
45.138, 229.635
96.0721, 59.8109
Evaluation Time: 1.18556 seconds
Resulting Fitness: 0.958333
-------------
Particle: 16:
Relays Coordinates:
163.008, 101.682
144.548, 31.7555
170.991, 116.978
185.982, 188.549
62.6444, 135.318
129.691, 145.368
Evaluation Time: 1.15501 seconds
Resulting Fitness: 0.808333
-------------
Particle: 17:
Relays Coordinates:
249.51, 92.7736
76.1909, 186.254
239.218, 289.977
219.023, 218.866
140.631, 182.58
114.127, 96.9801
Evaluation Time: 1.26558 seconds
Resulting Fitness: 0.970833
-------------
Particle: 18:
Relays Coordinates:
238.992, 143.804
55.8381, 141.82
283.5, 270.035
200.578, 225.069
152.928, 283.5
174.73, 109.428
Evaluation Time: 1.26765 seconds
Resulting Fitness: 0.954167
-------------
Particle: 19:
Relays Coordinates:
199.009, 139.085
69.9877, 160.265
182.747, 172.245
234.248, 139.299
78.3931, 202.705
43.1061, 134.541
Evaluation Time: 1.21687 seconds
Resulting Fitness: 0.891667
-------------
Particle: 20:
Relays Coordinates:
170.286, 95.3217
79.2645, 64.0637
311.973, 279.613
224.478, 163.512
271.017, 317.163
149.899, 157.487
Evaluation Time: 1.16062 seconds
Resulting Fitness: 0.9125
Current global best fitness: 0.995833
Current global best relays: 202.572, 61.7872
53.5029, 88.243
307.514, 314.829
193.491, 229.037
116.026, 212.014
146.773, 167.196
Particle 1 new velocities: 155.606, 256.749
49.3454, 37.025
321.342, 123.457
259.518, 157.251
116.165, 124.273
97.0573, 124.666
Particle 2 new velocities: 39.9404, 7.24364
-7.65753, -50.8642
109.267, 448.036
16.8433, -7.79306
-2.36024, 110.834
-7.5634, 124.252
Particle 3 new velocities: 12.1718, -2.83655
-12.9119, -54.6783
118.157, 61.0199
-91.056, 136.189
-85.7079, 28.5126
71.7041, 16.045
Particle 4 new velocities: 12.8568, 119.868
24.3118, 304.27
-79.7194, -258.288
16.7319, 73.3274
-100.042, 132.052
82.5092, 33.6587
Particle 5 new velocities: 126.102, 123.902
85.9833, 136.819
63.7543, 241.163
93.539, 163.784
163.243, 111.602
46.2387, 308.584
Particle 6 new velocities: -33.6899, 29.8733
-42.909, -80.8532
18.5024, 50.0856
8.50549, -20.0986
-0.299184, 27.6572
-22.2207, 30.6113
Particle 7 new velocities: 147.705, 118.041
9.08973, 25.5666
-15.1764, 137.303
82.4801, 113.708
236.625, -19.541
96.6922, 98.0277
Particle 8 new velocities: -71.743, -9.92521
-12.9533, -38.5504
65.7639, -46.6788
-58.8442, -43.3317
-75.6905, -28.8213
48.727, -15.8208
Particle 9 new velocities: -37.9014, 36.3154
-70.1587, 16.382
32.3778, 32.8101
-15.2973, 90.2457
1.26273, 9.04591
30.1127, 102.896
Particle 10 new velocities: -10.1245, -18.8405
-2.30102, 11.5065
14.1244, 77.4499
2.41747, 37.1086
-20.5814, 101.982
39.6942, 45.3767
Particle 11 new velocities: 91.8785, 52.5657
-62.6544, -45.7376
35.5312, -0.00593188
61.5647, -17.8148
-82.9394, 79.4689
-74.5122, -55.968
Particle 12 new velocities: 37.0851, 8.64396
12.502, -21.7388
212.047, 171.031
120.594, 71.2141
19.5409, 132.083
368.492, 54.243
Particle 13 new velocities: 134.859, 22.209
42.1139, 13.9649
235.095, 222.496
85.203, 95.4029
86.1765, 26.7244
108.506, 75.9594
Particle 14 new velocities: 188.896, 39.4599
22.8871, -23.8618
214.948, 258.675
81.4009, 30.07
119.676, 69.5986
48.7924, 109.788
Particle 15 new velocities: 138.865, 38.4387
22.4352, 22.2515
159.385, 196.141
102.384, 95.5313
-18.0996, -13.2448
45.4027, 70.902
Particle 16 new velocities: 98.2523, 30.9048
75.5597, 70.9125
215.789, -13.0569
96.9271, 238.467
63.6089, 203.792
158.841, 115.869
Particle 17 new velocities: 23.1932, -8.40976
-34.277, 2.93788
60.0193, 73.5761
22.9282, -21.8985
-2.56341, 37.9888
40.2461, 77.9215
Particle 18 new velocities: 11.7035, 129.565
13.2604, -12.8553
-11.4423, 129.521
35.0887, -32.2179
1.218, 19.0152
-39.306, 117.422
Particle 19 new velocities: 34.7633, 102.45
-29.6932, -23.8398
144.989, 123.22
47.4977, -43.7861
13.4516, 110.169
132.924, 73.7152
Particle 20 new velocities: -44.4316, -74.0837
-2.19642, -72.1347
55.105, -48.564
12.936, -72.8675
-296.847, -207.704
-88.7485, -26.0701
-- ITERATION 6 --
-------------
Particle: 1:
Relays Coordinates:
201.003, 229.635
57.9475, 134.126
229.635, 147.907
229.635, 174.244
135.282, 191.369
117.421, 161.538
Evaluation Time: 1.23079 seconds
Resulting Fitness: 0.95
-------------
Particle: 2:
Relays Coordinates:
121.904, 32.9254
37.7506, 50.1744
229.635, 229.635
117.578, 120.07
79.1237, 221.732
80.2532, 145.336
Evaluation Time: 1.23179 seconds
Resulting Fitness: 0.95
New local best!
-------------
Particle: 3:
Relays Coordinates:
182.79, 88.6612
43.2707, 29.8306
255.15, 254.937
112.628, 255.15
60.5938, 163.964
92.4222, 147.089
Evaluation Time: 1.31895 seconds
Resulting Fitness: 0.9875
-------------
Particle: 4:
Relays Coordinates:
192.955, 220.138
93.9018, 229.635
101.101, 16.5417
129.812, 199.302
120.367, 219.573
88.3032, 169.357
Evaluation Time: 1.21861 seconds
Resulting Fitness: 0.883333
-------------
Particle: 5:
Relays Coordinates:
122.626, 108.608
102.884, 114.473
129.344, 167.404
97.6727, 145.444
114.673, 111.188
92.979, 167.404
Evaluation Time: 1.00983 seconds
Resulting Fitness: 0.691667
-------------
Particle: 6:
Relays Coordinates:
150.567, 86.4731
20.1775, 44.0244
295.483, 328.324
215.158, 226.67
139.516, 188.191
118.835, 216.848
Evaluation Time: 1.30391 seconds
Resulting Fitness: 0.95
-------------
Particle: 7:
Relays Coordinates:
289.02, 146.822
41.1252, 127.579
215.976, 315
249.439, 298.411
315, 212.048
178.315, 184.982
Evaluation Time: 1.22643 seconds
Resulting Fitness: 0.941667
-------------
Particle: 8:
Relays Coordinates:
169.277, 117.421
43.7117, 66.1757
314.967, 204.129
195.226, 186.674
84.8656, 225.596
194.489, 158.985
Evaluation Time: 1.2564 seconds
Resulting Fitness: 0.945833
-------------
Particle: 9:
Relays Coordinates:
183.445, 96.5312
36.3189, 101.603
240.493, 263.556
219.597, 226.36
130.229, 226.719
173.545, 159.501
Evaluation Time: 1.24196 seconds
Resulting Fitness: 0.9625
-------------
Particle: 10:
Relays Coordinates:
220.649, 56.708
101.786, 102.959
264.556, 342.147
237.425, 268.418
71.5688, 295.489
129.216, 179.558
Evaluation Time: 1.17097 seconds
Resulting Fitness: 0.983333
-------------
Particle: 11:
Relays Coordinates:
193.558, 112.958
48.1252, 61.3152
271.062, 283.495
315, 162.751
57.4954, 247.475
99.9197, 193.407
Evaluation Time: 1.30859 seconds
Resulting Fitness: 0.975
New local best!
-------------
Particle: 12:
Relays Coordinates:
144.35, 107.658
102.079, 59.9196
283.5, 283.5
237.832, 195.964
99.3819, 260.291
283.5, 197.748
Evaluation Time: 1.25796 seconds
Resulting Fitness: 0.970833
-------------
Particle: 13:
Relays Coordinates:
248.976, 34.1378
82.2727, 100.93
255.15, 255.15
207.881, 220.212
129.051, 143.07
143.286, 139.559
Evaluation Time: 1.20056 seconds
Resulting Fitness: 0.925
-------------
Particle: 14:
Relays Coordinates:
283.5, 37.6755
79.1333, 63.0367
283.5, 283.5
222.011, 167.423
193.585, 209.464
81.7315, 155.94
Evaluation Time: 1.35211 seconds
Resulting Fitness: 0.9625
-------------
Particle: 15:
Relays Coordinates:
208.331, 46.8762
54.0192, 63.9215
255.15, 255.15
185.642, 209.248
19.711, 157.748
103.135, 95.2897
Evaluation Time: 1.35918 seconds
Resulting Fitness: 0.9375
-------------
Particle: 16:
Relays Coordinates:
154.272, 78.2914
129.972, 60.6244
206.672, 61.3645
167.055, 206.672
74.5513, 200.241
170.375, 154.257
Evaluation Time: 1.13682 seconds
Resulting Fitness: 0.870833
-------------
Particle: 17:
Relays Coordinates:
198.801, 61.5012
30.5552, 137.921
218.144, 255.15
176.383, 143.59
100.652, 160.795
112.538, 127.503
Evaluation Time: 1.32892 seconds
Resulting Fitness: 0.941667
-------------
Particle: 18:
Relays Coordinates:
250.695, 273.369
69.0985, 128.965
272.058, 350
235.667, 192.851
154.146, 302.515
135.424, 226.851
Evaluation Time: 1.18955 seconds
Resulting Fitness: 0.925
-------------
Particle: 19:
Relays Coordinates:
233.772, 241.535
40.2945, 136.425
327.735, 295.465
281.745, 95.5132
91.8447, 312.874
176.03, 208.256
Evaluation Time: 1.22185 seconds
Resulting Fitness: 0.925
-------------
Particle: 20:
Relays Coordinates:
101.942, 17.2028
62.4252, 0
283.5, 187.15
192.305, 73.4221
0, 88.6616
49.5323, 106.448
Evaluation Time: 1.17213 seconds
Resulting Fitness: 0.879167
Current global best fitness: 0.995833
Current global best relays: 202.572, 61.7872
53.5029, 88.243
307.514, 314.829
193.491, 229.037
116.026, 212.014
146.773, 167.196
Particle 1 new velocities: 125.47, -77.2111
36.0044, 116.115
22.1559, 175.817
-2.63296, 167.261
87.6296, 108.835
61.4135, 42.8956
Particle 2 new velocities: 130.897, 28.2072
4.26838, 5.43871
76.6867, 66.3137
60.6652, 128.345
24.3273, 76.814
20.7283, 113.514
Particle 3 new velocities: 47.4934, 18.1491
24.6946, 24.5745
57.2345, 89.4155
226.457, -42.3869
-21.6164, 97.9497
61.439, 57.891
Particle 4 new velocities: 54.5965, 30.7972
98.3901, -101.515
83.2846, -16.1075
72.4312, 61.7944
137.714, 32.048
41.9565, 46.8568
Particle 5 new velocities: 224.571, 79.6591
89.5057, 201.374
241.001, 195.842
187.194, 118.459
126.968, 84.2947
88.3327, 138.853
Particle 6 new velocities: 88.2675, 22.5146
21.8762, 242.506
-104.704, -79.8205
-23.6893, -68.7938
-9.62475, 49.6391
-27.484, -223.423
Particle 7 new velocities: 75.6948, -16.9348
1.51051, 8.87015
49.3033, -38.2484
-51.8991, -178.998
-48.2513, 130.186
51.9536, 6.71774
Particle 8 new velocities: -16.8041, 4.13149
-7.22343, 143.63
-204.843, -49.1712
-1.67433, -18.3115
-35.4244, -29.0576
-198.767, -47.6705
Particle 9 new velocities: -22.7926, 37.312
8.85746, 90.0016
72.8861, 67.2892
28.157, 43.7475
25.8744, 7.74052
-134.057, 42.9364
Particle 10 new velocities: -15.799, 90.7847
-8.73742, 35.9585
-66.9456, 35.7374
-11.0366, -74.0612
123.109, -30.343
19.7711, 9.81404
Particle 11 new velocities: 82.5293, -1.83248
-49.7039, -29.3242
70.5554, 15.0763
-40.9336, 28.3268
-55.7397, 43.4824
-22.8076, -74.2259
Particle 12 new velocities: 69.1399, 23.7048
10.6191, 6.55525
-57.6311, -116.474
-55.1702, 108.893
133.079, 76.6381
16.9184, 38.5981
Particle 13 new velocities: 131.384, 120.109
11.8486, 33.6559
5.55731, -8.77334
116.053, 86.4212
77.1916, 179.906
22.104, 46.6239
Particle 14 new velocities: -29.5193, 60.4895
3.53065, 143.747
14.615, 51.5239
46.403, 21.7512
14.5669, 74.1766
72.1611, 0.82626
Particle 15 new velocities: 101.136, 46.7969
17.0449, 43.229
133.821, 14.1284
86.3757, 111.829
110.898, 37.5911
100.1, 124.517
Particle 16 new velocities: 97.8529, 25.2401
136.177, 93.6992
0.825647, 18.822
86.4868, 154.07
68.5048, 170.105
127.337, 118.369
Particle 17 new velocities: 86.7878, 20.8328
3.7937, 8.5416
161.886, 75.7204
81.8355, 62.0436
57.1797, 36.9401
49.9396, 73.79
Particle 18 new velocities: -70.0836, -12.3054
-3.14913, 85.5679
16.7949, -48.8732
-50.7384, -66.3472
-16.1031, -57.4103
-154.765, -37.3822
Particle 19 new velocities: -14.1831, -181.514
-12.2909, -50.3954
-124.722, -22.5564
-77.4499, 214.219
19.462, -14.303
80.5554, -138.84
Particle 20 new velocities: 259.02, 5.6061
-34.8231, 116.607
-102.615, -2.47539
7.0357, 35.8184
239.955, 60.177
40.467, 30.0153
-- ITERATION 7 --
-------------
Particle: 1:
Relays Coordinates:
173.501, 81.0043
49.9299, 132.988
133.812, 172.04
120.638, 181.489
118.464, 159.54
95.0401, 108.645
Evaluation Time: 1.04708 seconds
Resulting Fitness: 0.783333
-------------
Particle: 2:
Relays Coordinates:
184.292, 44.5657
30.6318, 40.5419
223.309, 215.747
129.94, 181.095
75.4158, 217.64
73.6155, 188.702
Evaluation Time: 1.3305 seconds
Resulting Fitness: 0.9125
-------------
Particle: 3:
Relays Coordinates:
207.255, 96.1292
61.1688, 48.9646
281.146, 309.917
305.176, 191.487
35.0797, 235.722
138.475, 184.482
Evaluation Time: 1.22787 seconds
Resulting Fitness: 0.954167
-------------
Particle: 4:
Relays Coordinates:
200.517, 203.258
155.756, 103.777
149.352, 0.351682
163.817, 211.488
209.045, 203.813
105.51, 175.133
Evaluation Time: 1.23664 seconds
Resulting Fitness: 0.870833
-------------
Particle: 5:
Relays Coordinates:
166.063, 90.0476
92.0192, 151.069
167.404, 167.404
136.251, 126.224
115.576, 93.4988
86.7209, 146.482
Evaluation Time: 1.01225 seconds
Resulting Fitness: 0.783333
-------------
Particle: 6:
Relays Coordinates:
193.456, 88.28
34.0635, 232.089
154.531, 201.288
155.089, 127.88
105.212, 192.642
73.994, 0
Evaluation Time: 1.13739 seconds
Resulting Fitness: 0.825
-------------
Particle: 7:
Relays Coordinates:
315, 116.898
38.3722, 122.804
238.752, 249.076
177.786, 107.471
240.074, 308.011
207.241, 172.53
Evaluation Time: 1.32245 seconds
Resulting Fitness: 0.925
-------------
Particle: 8:
Relays Coordinates:
152.473, 121.552
36.4882, 209.806
110.124, 154.957
193.552, 168.363
49.4412, 196.539
0, 111.315
Evaluation Time: 1.16344 seconds
Resulting Fitness: 0.8375
-------------
Particle: 9:
Relays Coordinates:
117.116, 97.5716
32.9335, 139.68
228.454, 241.186
180.613, 196.909
113.799, 170.921
28.7873, 147.577
Evaluation Time: 1.34712 seconds
Resulting Fitness: 0.916667
-------------
Particle: 10:
Relays Coordinates:
184.365, 132.743
83.7437, 125.026
177.85, 315
203.749, 174.921
175.21, 238.631
134.089, 170.435
Evaluation Time: 1.3138 seconds
Resulting Fitness: 0.970833
-------------
Particle: 11:
Relays Coordinates:
201.268, 81.0102
0, 23.3215
249.039, 217.658
199.794, 139.296
1.2799, 212.108
56.2147, 86.8832
Evaluation Time: 1.2224 seconds
Resulting Fitness: 0.929167
-------------
Particle: 12:
Relays Coordinates:
213.49, 131.363
112.699, 66.4749
225.869, 167.026
182.662, 304.857
232.461, 336.929
300.418, 236.346
Evaluation Time: 1.32722 seconds
Resulting Fitness: 0.9875
New local best!
-------------
Particle: 13:
Relays Coordinates:
315, 138.822
84.7092, 121.127
234.637, 221.739
291.541, 275.97
185.618, 290.678
148.851, 167.564
Evaluation Time: 1.23188 seconds
Resulting Fitness: 0.954167
-------------
Particle: 14:
Relays Coordinates:
166.637, 64.4061
54.2358, 135.67
195.593, 219.809
176.106, 124.117
136.568, 186.097
100.969, 102.854
Evaluation Time: 1.22846 seconds
Resulting Fitness: 0.9125
-------------
Particle: 15:
Relays Coordinates:
278.52, 84.3058
63.9577, 96.4355
315, 242.351
244.816, 288.969
117.548, 175.806
182.912, 197.826
Evaluation Time: 1.37889 seconds
Resulting Fitness: 0.9625
-------------
Particle: 16:
Relays Coordinates:
165.419, 67.927
174.62, 101.252
136.139, 52.6104
166.349, 229.635
93.8591, 229.635
195.329, 178.87
Evaluation Time: 1.36096 seconds
Resulting Fitness: 0.9
-------------
Particle: 17:
Relays Coordinates:
257.03, 74.1006
30.9141, 131.817
315, 297.783
232.396, 185.07
142.048, 177.961
146.23, 181.164
Evaluation Time: 1.20921 seconds
Resulting Fitness: 0.9375
-------------
Particle: 18:
Relays Coordinates:
146.295, 211.461
53.419, 173.772
233.971, 243.913
149.792, 102.468
111.814, 198.535
0, 153.469
Evaluation Time: 1.38218 seconds
Resulting Fitness: 0.866667
-------------
Particle: 19:
Relays Coordinates:
160.08, 43.7556
20.4147, 62.7155
147.996, 198.95
148.931, 225.795
81.1426, 217.658
187.05, 50.6045
Evaluation Time: 1.21172 seconds
Resulting Fitness: 0.8125
-------------
Particle: 20:
Relays Coordinates:
315, 20.528
24.8419, 104.947
162.796, 166.207
179.407, 98.3164
215.959, 133.955
80.9993, 122.817
Evaluation Time: 1.22321 seconds
Resulting Fitness: 0.804167
Current global best fitness: 0.995833
Current global best relays: 202.572, 61.7872
53.5029, 88.243
307.514, 314.829
193.491, 229.037
116.026, 212.014
146.773, 167.196
Particle 1 new velocities: 120.849, 44.3583
26.9081, 187.088
72.1958, 226.155
185.833, 144.129
86.4228, 216.086
40.058, 108.879
Particle 2 new velocities: 20.479, 4.48259
25.4931, 37.3279
155.985, 167.527
47.9045, 98.2729
66.8792, 59.7203
74.6852, 13.3411
Particle 3 new velocities: 77.1038, 40.3053
28.5306, 118.619
17.528, 46.8408
146.895, 58.6018
75.9463, 66.5779
16.6959, 39.9704
Particle 4 new velocities: 75.6029, -58.8827
36.0562, 93.9025
214.899, 416.853
41.911, 20.1707
138.551, -30.2224
80.9404, 60.135
Particle 5 new velocities: 235.985, 178.547
81.241, 247.372
178.101, 377.27
357.739, 151.998
95.2405, 162.055
144.687, 345.609
Particle 6 new velocities: 146.755, 10.1192
182.571, 153.17
82.7023, 88.3426
82.0514, 1.48907
32.3977, 35.6173
59.4536, 245.421
Particle 7 new velocities: -42.9111, -60.6137
2.91627, 3.41037
67.8484, 49.7091
25.2911, -2.82038
-123.858, 88.2666
-101.289, -75.2011
Particle 8 new velocities: 34.9963, 14.5272
4.12759, 70.1132
-47.334, -3.43208
111.766, 32.9406
83.7806, 60.0082
22.0925, -22.33
Particle 9 new velocities: 213.177, 24.408
47.232, 87.134
68.8538, 51.0733
45.5373, 50.961
47.4401, 78.9027
-69.7221, 47.4649
Particle 10 new velocities: 69.247, -9.26243
-8.03918, 171.343
-42.393, 6.30419
3.62628, 41.4528
80.8286, -25.8998
-4.68391, -18.2243
Particle 11 new velocities: 54.639, 26.3472
77.2836, 25.8269
153.601, 127.009
145.664, 144.445
140.149, 83.1402
63.6954, 99.8496
Particle 12 new velocities: 44.0911, -4.51279
-8.80573, 15.266
36.6, -8.86856
-44.1313, -4.61967
75.3799, 51.5465
-137.52, -55.6216
Particle 13 new velocities: -79.4859, 68.0458
-14.0163, 296.346
75.4885, 45.9469
61.4707, 19.5618
-25.9499, 58.6357
-38.8929, -48.0473
Particle 14 new velocities: 167.684, 36.0132
6.52897, 232.648
99.1852, 153.214
73.7122, -40.7995
66.8994, 153.764
56.9764, 56.0485
Particle 15 new velocities: 15.9114, 14.7321
-8.28753, 23.4495
-5.27599, 102.647
-6.76734, -19.9151
86.0191, 111.017
-1.64342, 42.1527
Particle 16 new velocities: 89.483, 31.3257
52.4535, 44.1062
161.495, 161.844
81.2897, 115.84
55.1951, -20.0314
91.1653, 88.8263
Particle 17 new velocities: 39.4561, 27.6977
58.6582, 60.9616
-86.642, 81.7213
30.8245, 97.7263
111.981, 137.625
17.6854, -40.9589
Particle 18 new velocities: 60.4254, -5.24931
4.78621, 13.2748
52.6141, 17.9258
39.0987, 127.499
15.1981, 96.5115
102.091, -34.1913
Particle 19 new velocities: 64.1171, -66.8512
13.0773, 27.3262
43.881, -99.9244
91.9268, 169.287
32.3702, 52.0626
-64.5423, -23.3965
Particle 20 new velocities: -180.436, 255.994
-18.8788, 60.6462
-35.0499, 80.1954
15.707, 211.211
29.9138, 85.2732
66.2159, -8.18111
-- ITERATION 8 --
-------------
Particle: 1:
Relays Coordinates:
173.811, 74.0254
45.372, 189.002
121.646, 206.672
180.968, 192.274
120.984, 206.672
79.7741, 128.445
Evaluation Time: 1.10779 seconds
Resulting Fitness: 0.854167
-------------
Particle: 2:
Relays Coordinates:
165.865, 39.7291
45.4612, 63.0746
283.5, 283.5
144.054, 226.288
115.259, 224.662
120.124, 163.655
Evaluation Time: 1.34282 seconds
Resulting Fitness: 0.966667
New local best!
-------------
Particle: 3:
Relays Coordinates:
230.33, 110.512
72.6565, 135.743
241.926, 283.5
283.5, 202.572
89.931, 244.863
125.689, 181.806
Evaluation Time: 1.28478 seconds
Resulting Fitness: 0.895833
-------------
Particle: 4:
Relays Coordinates:
146.741, 76.7267
101.937, 105.055
186.004, 186.004
109.332, 123.113
184.727, 92.253
99.0876, 125.031
Evaluation Time: 1.08211 seconds
Resulting Fitness: 0.833333
-------------
Particle: 5:
Relays Coordinates:
150.664, 115.621
74.5828, 150.664
148.729, 150.664
150.664, 119.766
90.7496, 110.007
99.6135, 150.664
Evaluation Time: 0.979999 seconds
Resulting Fitness: 0.720833
-------------
Particle: 6:
Relays Coordinates:
180.802, 52.2934
115.129, 186.004
126.076, 153.922
126.026, 68.7519
73.1315, 121.306
70.9196, 130.427
Evaluation Time: 1.07696 seconds
Resulting Fitness: 0.7875
-------------
Particle: 7:
Relays Coordinates:
178.518, 36.9282
27.0894, 82.8091
201.16, 196.033
133.239, 68.6614
76.2495, 229.635
69.5151, 63.8574
Evaluation Time: 1.21124 seconds
Resulting Fitness: 0.920833
-------------
Particle: 8:
Relays Coordinates:
187.469, 136.08
40.6158, 279.919
62.79, 151.525
305.317, 201.303
133.222, 256.547
22.0925, 88.9846
Evaluation Time: 1.2514 seconds
Resulting Fitness: 0.954167
-------------
Particle: 9:
Relays Coordinates:
240.784, 88.9231
58.4407, 165.347
216.737, 213.057
164.863, 180.697
117.543, 182.122
0, 142.185
Evaluation Time: 1.26556 seconds
Resulting Fitness: 0.958333
-------------
Particle: 10:
Relays Coordinates:
184.883, 90.0177
55.1886, 216.052
98.7479, 234.231
151.177, 157.737
186.652, 155.081
94.3362, 110.961
Evaluation Time: 1.07512 seconds
Resulting Fitness: 0.85
-------------
Particle: 11:
Relays Coordinates:
186.556, 78.2636
56.3397, 35.8292
255.15, 251.262
251.839, 206.847
103.102, 215.236
87.4145, 136.128
Evaluation Time: 1.32216 seconds
Resulting Fitness: 0.979167
New local best!
-------------
Particle: 12:
Relays Coordinates:
208.641, 102.749
84.1532, 66.2101
212.6, 128.107
112.21, 243.193
249.351, 283.5
131.948, 146.387
Evaluation Time: 1.31193 seconds
Resulting Fitness: 0.979167
-------------
Particle: 13:
Relays Coordinates:
211.963, 186.181
63.6237, 315
279.113, 240.917
315, 265.979
143.701, 314.382
98.9626, 107.565
Evaluation Time: 1.18505 seconds
Resulting Fitness: 0.95
-------------
Particle: 14:
Relays Coordinates:
219.348, 65.8851
39.8678, 229.635
193.404, 229.635
163.906, 54.6647
133.495, 222.982
103.628, 104.256
Evaluation Time: 1.24183 seconds
Resulting Fitness: 0.983333
New local best!
-------------
Particle: 15:
Relays Coordinates:
238.49, 80.2207
45.0928, 97.1068
250.876, 279.448
192.82, 217.934
164.89, 232.326
146.827, 194.383
Evaluation Time: 1.3341 seconds
Resulting Fitness: 0.970833
-------------
Particle: 16:
Relays Coordinates:
150.517, 58.6078
134.085, 85.8324
175.75, 126.633
146.228, 204
88.015, 123.769
169.172, 158.072
Evaluation Time: 1.07903 seconds
Resulting Fitness: 0.791667
-------------
Particle: 17:
Relays Coordinates:
216.138, 74.211
65.2982, 140.535
166.473, 255.15
191.888, 206.158
185.187, 230.062
119.494, 102.209
Evaluation Time: 1.36333 seconds
Resulting Fitness: 0.866667
-------------
Particle: 18:
Relays Coordinates:
186.049, 185.591
52.3847, 168.342
257.926, 235.655
170.002, 206.971
114.311, 265.542
91.8818, 107.35
Evaluation Time: 1.18253 seconds
Resulting Fitness: 0.95
-------------
Particle: 19:
Relays Coordinates:
181.6, 0
27.1285, 72.9338
155.421, 80.2111
195.095, 283.5
91.9454, 218.474
99.2316, 22.0385
Evaluation Time: 1.30289 seconds
Resulting Fitness: 0.945833
-------------
Particle: 20:
Relays Coordinates:
121.107, 248.87
5.36682, 149.034
114.972, 221.762
175.602, 278.575
221.286, 197.305
132.494, 103.172
Evaluation Time: 1.27019 seconds
Resulting Fitness: 0.925
Current global best fitness: 0.995833
Current global best relays: 202.572, 61.7872
53.5029, 88.243
307.514, 314.829
193.491, 229.037
116.026, 212.014
146.773, 167.196
Particle 1 new velocities: 136.7, 35.6912
28.2847, 94.2245
227.138, 53.553
164.229, 110.267
75.5619, 57.3604
27.9574, 73.2672
Particle 2 new velocities: 25.1073, 22.4225
28.322, 61.3417
7.23067, 17.4535
58.5596, 81.1559
54.3154, 32.66
69.0397, 12.5988
Particle 3 new velocities: 38.4046, 35.7143
1.70019, 42.8282
84.254, 27.7542
-139.508, 83.3729
175.989, 36.5208
-79.8221, 32.6759
Particle 4 new velocities: 216.554, 42.0295
14.4908, 260.924
10.1298, 58.0326
104.203, 181.44
296.678, 206.19
64.4445, 139.837
Particle 5 new velocities: 113.623, 213.126
191.41, 21.2639
301.316, 114.126
147.546, 205.155
117.298, 139.619
248.169, 20.3124
Particle 6 new velocities: 261.344, 103.023
146.031, 5.33761
268.723, 315.96
214.023, 188.505
167.227, 129.051
140.489, 144.831
Particle 7 new velocities: 58.8002, -8.18341
-14.8427, 30.3607
82.215, 174.251
167.89, 185.484
139.608, -5.43014
-52.966, 44.6318
Particle 8 new velocities: 50.8092, -49.4423
18.9782, -194.29
179.999, 35.2796
17.122, 19.8964
41.5709, 17.8071
54.032, 29.8576
Particle 9 new velocities: 103.635, 14.0784
102.184, 30.968
44.0525, 153.193
152.834, 55.9206
52.0374, 178.956
266.101, 18.4592
Particle 10 new velocities: 76.2481, 5.29109
14.6586, 100.914
20.4319, 30.9627
154.646, 140.614
34.9049, 49.8158
-7.78502, 12.4394
Particle 11 new velocities: 63.5878, 10.4638
59.0878, 75.9582
44.7745, 148.826
65.6708, 116.452
119.652, 66.0773
58.2351, 109.365
Particle 12 new velocities: 35.9096, 22.5434
22.1104, 17.3726
152.01, 98.1609
79.5364, 41.3155
-94.5379, 26.7248
152.338, 30.3412
Particle 13 new velocities: -50.3392, -220.859
-0.787263, -71.2099
45.8719, 13.7448
-78.7317, -10.8181
-27.8712, -71.7839
-2.37003, -20.1171
Particle 14 new velocities: 126.996, 23.9979
19.8776, -132.375
193.583, 0.15458
77.3915, 136.243
41.6746, 109.545
101.261, 45.5059
Particle 15 new velocities: -47.2503, -5.83047
5.18442, 7.04761
12.4408, 119.235
-4.99859, 3.51297
13.1313, 44.1635
-1.37443, 1.99079
Particle 16 new velocities: 95.4188, 35.2004
80.3518, 37.64
5.58437, 244.88
129.13, 230.22
51.4072, 84.2443
112.702, 93.234
Particle 17 new velocities: 33.7036, 35.6209
57.4657, 26.3869
-32.3822, 154.703
80.896, 111.552
5.15021, 103.099
-38.8018, -14.2357
Particle 18 new velocities: 59.9229, 8.69745
12.6918, -76.9781
99.8123, 128.014
51.014, 69.7502
94.1697, 92.4642
72.8607, -3.87056
Particle 19 new velocities: 71.9798, 308.662
46.4384, 97.8105
136.955, 228.391
166.228, -87.0362
43.9219, 108.986
-28.3, 147.481
Particle 20 new velocities: 17.3642, 96.2489
46.9388, -120.437
216.274, 153.067
29.4746, -58.2262
-69.4272, 84.6395
-11.9435, -10.6067
-- ITERATION 9 --
-------------
Particle: 1:
Relays Coordinates:
203.726, 71.9851
48.3262, 185.825
228.837, 170.733
226.484, 198.497
128.954, 173.231
70.6827, 132.343
Evaluation Time: 1.26513 seconds
Resulting Fitness: 0.954167
-------------
Particle: 2:
Relays Coordinates:
190.972, 62.1516
73.7832, 124.416
290.731, 300.953
202.613, 307.444
169.574, 257.322
189.163, 176.253
Evaluation Time: 1.25027 seconds
Resulting Fitness: 0.975
New local best!
-------------
Particle: 3:
Relays Coordinates:
195.908, 106.599
54.206, 130.178
237.785, 226.904
104.97, 208.454
193.855, 205.129
33.4366, 156.358
Evaluation Time: 1.27288 seconds
Resulting Fitness: 0.954167
-------------
Particle: 4:
Relays Coordinates:
167.404, 56.8008
55.6871, 167.404
93.8103, 116.722
102.134, 145.667
167.404, 142.744
78.2169, 126.685
Evaluation Time: 1.00715 seconds
Resulting Fitness: 0.733333
-------------
Particle: 5:
Relays Coordinates:
126.407, 157.239
127.224, 82.2324
167.404, 126.648
142.633, 155.409
99.5086, 119.396
166.344, 81.7773
Evaluation Time: 1.10478 seconds
Resulting Fitness: 0.725
-------------
Particle: 6:
Relays Coordinates:
167.404, 74.2875
124.912, 91.5183
167.404, 167.404
162.645, 123.045
114.963, 119.745
101.116, 131.655
Evaluation Time: 1.02341 seconds
Resulting Fitness: 0.6875
-------------
Particle: 7:
Relays Coordinates:
155.704, 18.8594
8.03503, 74.2507
185.922, 229.635
197.571, 166.745
141.624, 147.101
10.8578, 71.1798
Evaluation Time: 1.22767 seconds
Resulting Fitness: 0.8875
-------------
Particle: 8:
Relays Coordinates:
214.45, 77.9735
53.6346, 77.0659
218.51, 168.124
290.195, 199.08
157.313, 246.919
68.512, 106.958
Evaluation Time: 1.23508 seconds
Resulting Fitness: 0.941667
-------------
Particle: 9:
Relays Coordinates:
203.376, 60.8214
94.847, 115.922
153.994, 206.672
187.597, 139.72
100.136, 206.672
157.13, 94.8591
Evaluation Time: 1.14781 seconds
Resulting Fitness: 0.845833
-------------
Particle: 10:
Relays Coordinates:
261.131, 95.3087
69.8472, 316.966
119.18, 265.193
305.823, 298.351
221.557, 204.897
86.5512, 123.401
Evaluation Time: 1.44802 seconds
Resulting Fitness: 0.941667
-------------
Particle: 11:
Relays Coordinates:
225.129, 79.8546
103.885, 100.609
269.932, 315
285.759, 290.969
200.478, 253.182
131.085, 220.944
Evaluation Time: 1.17118 seconds
Resulting Fitness: 0.958333
-------------
Particle: 12:
Relays Coordinates:
244.55, 125.292
106.264, 83.5827
350, 226.268
191.746, 284.508
154.813, 310.225
284.285, 176.728
Evaluation Time: 1.23398 seconds
Resulting Fitness: 0.975
-------------
Particle: 13:
Relays Coordinates:
145.461, 0
56.5528, 219.411
292.486, 229.196
212.641, 229.645
104.247, 218.339
86.9333, 78.7033
Evaluation Time: 1.1699 seconds
Resulting Fitness: 0.958333
-------------
Particle: 14:
Relays Coordinates:
311.709, 80.8947
53.7708, 87.5341
315, 206.811
217.168, 171.817
157.653, 299.274
184.4, 134.786
Evaluation Time: 1.25699 seconds
Resulting Fitness: 0.970833
-------------
Particle: 15:
Relays Coordinates:
191.239, 74.3903
50.2772, 104.154
263.317, 350
187.821, 221.447
178.021, 276.489
145.453, 196.373
Evaluation Time: 1.22694 seconds
Resulting Fitness: 0.979167
-------------
Particle: 16:
Relays Coordinates:
145.223, 55.3928
126.623, 72.9092
107.076, 206.672
162.596, 206.672
82.3274, 122.83
166.443, 148.394
Evaluation Time: 1.12156 seconds
Resulting Fitness: 0.825
-------------
Particle: 17:
Relays Coordinates:
202.372, 88.9639
99.4388, 135.207
108.614, 283.5
220.955, 257.346
154.173, 269.861
65.3609, 71.2588
Evaluation Time: 1.30116 seconds
Resulting Fitness: 0.966667
-------------
Particle: 18:
Relays Coordinates:
245.972, 194.288
65.0765, 91.3637
350, 350
221.016, 276.721
208.481, 350
164.743, 103.48
Evaluation Time: 1.19831 seconds
Resulting Fitness: 0.95
-------------
Particle: 19:
Relays Coordinates:
205.4, 250.016
59.5892, 138.303
236.824, 249.967
283.5, 159.136
110.052, 265.242
57.4546, 137.311
Evaluation Time: 1.41732 seconds
Resulting Fitness: 0.920833
-------------
Particle: 20:
Relays Coordinates:
112.162, 279.547
42.3676, 23.1635
268.309, 283.5
166.112, 178.483
123.005, 228.375
97.6456, 74.9778
Evaluation Time: 1.14865 seconds
Resulting Fitness: 0.9375
Current global best fitness: 0.995833
Current global best relays: 202.572, 61.7872
53.5029, 88.243
307.514, 314.829
193.491, 229.037
116.026, 212.014
146.773, 167.196
Particle 1 new velocities: 106.236, 193.213
26.7258, 26.4749
144.979, 229.097
140.689, 88.9493
46.5933, 85.0781
87.3147, 79.3895
Particle 2 new velocities: 23.2107, 17.6359
18.1198, 27.0616
7.34533, 31.0319
42.1898, 36.2526
3.4231, -0.786102
0.656514, -1.25121
Particle 3 new velocities: 42.975, -10.6949
30.0047, 31.0156
107.22, 110.948
206.802, 104.905
109.708, 20.6603
-11.8184, 53.1437
Particle 4 new velocities: 125.658, 206.592
23.6348, 88.046
67.9751, 271.4
140.437, 254.314
171.73, 180.59
38.327, 199.42
Particle 5 new velocities: 179.134, 126.838
214.251, 259.092
133.863, 562.665
176.779, 220.166
109.939, 222.914
205.546, 227.676
Particle 6 new velocities: 52.021, 104.501
63.3162, 189.169
109.124, 121.365
237.996, 177.976
150.563, 249.28
154.475, 52.6421
Particle 7 new velocities: 264.533, 93.6149
12.8339, 58.5633
206.493, 80.0362
153.176, 159.149
250.301, 100.812
13.121, 81.6002
Particle 8 new velocities: 10.6236, 50.8588
7.75637, -98.057
166.408, 56.1659
-98.5275, 26.6462
-18.9217, -16.5788
98.6386, 6.97443
Particle 9 new velocities: 93.4834, 37.0622
46.7449, 88.168
112.557, 120.761
145.199, 172.103
160.932, 68.4997
196.998, 96.0833
Particle 10 new velocities: 57.265, 28.7028
39.489, 67.9507
319.263, 198.043
86.1568, 62.2298
-0.53803, 155.072
44.9496, 24.2843
Particle 11 new velocities: 35.8459, 6.72049
13.1065, 28.4613
14.5393, -21.833
-9.70642, 5.15228
-79.7768, 18.8486
-14.4615, 61.9952
Particle 12 new velocities: -36.3042, -4.49425
-31.1251, 2.63469
-181.092, 131.171
54.3029, -5.81453
-93.6456, -27.3864
111.975, 21.4958
Particle 13 new velocities: 53.8154, 138.386
-2.50061, -148.513
-20.9375, 61.2424
-22.9085, 38.8055
48.5687, 37.339
39.3914, 71.6258
Particle 14 new velocities: 36.8738, -13.5998
-3.06388, 76.3309
-28.8993, 152.169
-25.3786, -10.7087
-6.04243, -50.6489
-38.8087, 30.4225
Particle 15 new velocities: -33.0428, -21.1081
9.95703, -11.8067
95.5269, -28.2104
-0.716206, 14.1708
-116.611, -36.7491
0.909706, -40.4808
Particle 16 new velocities: 68.1267, 45.7927
170.264, 38.4079
125.436, -22.1228
131.992, 176.983
56.7083, 291.832
103.631, 101.742
Particle 17 new velocities: 110.708, 3.90192
-15.3951, -34.3557
283.913, 42.5715
40.0609, 33.5178
2.39453, 1.94838
-10.5722, 93.1227
Particle 18 new velocities: -43.1625, -57.6652
0.249694, 73.2347
-52.8939, -100.231
27.0934, -37.4923
31.3102, -43.8455
34.0737, 44.5692
Particle 19 new velocities: 53.5597, 149.086
6.2466, 98.2659
186.339, 148.524
-65.7116, 3.72632
12.6928, 28.5183
-6.734, 78.8941
Particle 20 new velocities: 212.07, -64.4602
31.6028, 32.2114
42.8966, -23.4928
56.2559, -142.876
-56.4199, 52.59
-23.2546, 20.6083
-- ITERATION 10 --
-------------
Particle: 1:
Relays Coordinates:
203.366, 173.997
49.2416, 139.29
229.635, 229.635
229.635, 188.594
115.176, 169.477
103.662, 138.918
Evaluation Time: 1.25449 seconds
Resulting Fitness: 0.870833
-------------
Particle: 2:
Relays Coordinates:
173.488, 64.6279
74.4414, 122.697
241.442, 268.908
198.29, 278.394
140.128, 207.794
153.754, 141.752
Evaluation Time: 1.19183 seconds
Resulting Fitness: 0.970833
-------------
Particle: 3:
Relays Coordinates:
193.495, 77.6823
68.2107, 130.567
279.455, 273.66
252.535, 253.82
245.886, 182.889
17.5108, 169.696
Evaluation Time: 1.26713 seconds
Resulting Fitness: 0.941667
-------------
Particle: 4:
Relays Coordinates:
155.745, 139.978
42.1549, 135.757
85.9794, 186.004
128.912, 186.004
180.23, 171.833
61.9362, 173.306
Evaluation Time: 1.06814 seconds
Resulting Fitness: 0.816667
-------------
Particle: 5:
Relays Coordinates:
106.536, 99.0513
119.065, 119.012
105.045, 122.037
111.372, 122.037
73.0298, 119.356
122.037, 107.9
Evaluation Time: 0.944711 seconds
Resulting Fitness: 0.65
-------------
Particle: 6:
Relays Coordinates:
116.611, 95.0154
100.032, 149.168
146.958, 153.464
186.004, 159.975
141.111, 186.004
135.832, 97.9429
Evaluation Time: 1.09538 seconds
Resulting Fitness: 0.808333
-------------
Particle: 7:
Relays Coordinates:
150.664, 48.4165
8.98339, 57.1721
150.664, 133.303
150.664, 140.287
150.664, 106.718
10.3221, 65.7668
Evaluation Time: 1.05342 seconds
Resulting Fitness: 0.6625
-------------
Particle: 8:
Relays Coordinates:
202.567, 115.949
55.2519, 0
315, 201.861
172.501, 203.153
124.553, 207.306
150.436, 102.539
Evaluation Time: 1.35152 seconds
Resulting Fitness: 0.9625
-------------
Particle: 9:
Relays Coordinates:
175.292, 57.7993
83.6086, 120.513
157.395, 193.346
196.513, 184.129
154.158, 162.486
206.672, 112.75
Evaluation Time: 1.15704 seconds
Resulting Fitness: 0.895833
-------------
Particle: 10:
Relays Coordinates:
232.111, 90.4044
79.7061, 255.15
255.15, 255.15
255.15, 255.15
161.123, 255.15
95.864, 107.662
Evaluation Time: 1.21728 seconds
Resulting Fitness: 0.929167
-------------
Particle: 11:
Relays Coordinates:
211.39, 70.1258
94.763, 104.547
230.422, 237.465
223.603, 239.859
97.7683, 220.345
94.4648, 229.181
Evaluation Time: 1.23937 seconds
Resulting Fitness: 0.958333
-------------
Particle: 12:
Relays Coordinates:
187.422, 108.718
67.6246, 77.5956
152.017, 315
221.444, 250.824
55.0508, 254.555
315, 178.402
Evaluation Time: 1.30205 seconds
Resulting Fitness: 0.941667
-------------
Particle: 13:
Relays Coordinates:
199.277, 138.386
54.0521, 70.8978
271.548, 290.438
189.733, 268.45
152.816, 255.678
126.325, 150.329
Evaluation Time: 1.38503 seconds
Resulting Fitness: 0.983333
New local best!
-------------
Particle: 14:
Relays Coordinates:
282.352, 54.5088
41.0726, 132.731
231.742, 283.5
155.349, 130.498
122.804, 201.386
117.929, 133.819
Evaluation Time: 1.23392 seconds
Resulting Fitness: 0.966667
-------------
Particle: 15:
Relays Coordinates:
128.139, 43.1585
48.7897, 74.8017
283.5, 260.65
151.555, 190.85
49.7421, 194.19
118.554, 126.273
Evaluation Time: 1.33171 seconds
Resulting Fitness: 0.929167
-------------
Particle: 16:
Relays Coordinates:
139.978, 66.3878
194.787, 73.0352
152.551, 121.082
193.279, 229.635
91.2213, 229.635
177.196, 164.114
Evaluation Time: 1.40925 seconds
Resulting Fitness: 0.9
-------------
Particle: 17:
Relays Coordinates:
228.235, 67.6992
61.2679, 73.5205
255.15, 237.706
190.281, 212.039
114.138, 198.149
39.9409, 119.834
Evaluation Time: 1.23701 seconds
Resulting Fitness: 0.979167
-------------
Particle: 18:
Relays Coordinates:
164.275, 110.665
52.9142, 133.325
240.656, 202.312
200.968, 193.775
194.231, 247.985
161.041, 119.92
Evaluation Time: 1.22009 seconds
Resulting Fitness: 0.929167
-------------
Particle: 19:
Relays Coordinates:
169.903, 229.635
43.1949, 155.213
229.635, 229.635
142.891, 106.854
80.5332, 192.736
33.2778, 141.852
Evaluation Time: 1.23511 seconds
Resulting Fitness: 0.941667
-------------
Particle: 20:
Relays Coordinates:
236.365, 156.798
53.9244, 40.3683
226.869, 189.545
162.106, 25.9569
48.5409, 204.824
54.2311, 69.6823
Evaluation Time: 1.25233 seconds
Resulting Fitness: 0.929167
Current global best fitness: 0.995833
Current global best relays: 202.572, 61.7872
53.5029, 88.243
307.514, 314.829
193.491, 229.037
116.026, 212.014
146.773, 167.196
Particle 1 new velocities: 82.5906, 104.475
21.8647, 4.05477
-3.85887, 16.5253
29.1124, 113.466
53.309, 217.248
38.6786, 70.2973
Particle 2 new velocities: 60.2982, 11.8807
-2.85932, -10.578
103.97, 49.9559
33.0723, 0.75707
21.2635, 26.6472
45.4326, 31.2857
Particle 3 new velocities: 105.625, 58.2506
11.8882, -33.7271
88.4666, 94.7014
121.162, 29.1228
-101.975, 65.3366
142.77, 53.7135
Particle 4 new velocities: 188.078, 138.446
61.4377, 134.952
151.663, -25.378
175.794, 30.4059
275.268, 145.011
90.5755, 164.841
Particle 5 new velocities: 283.618, 223.75
237.418, 289.923
297.009, 174.315
231.871, 76.2814
158.218, 210.047
87.2817, 507.761
Particle 6 new velocities: 127.574, 67.8147
33.4392, 169.801
157.268, 355.261
20.2316, 204.877
139.95, 5.81523
131.324, 60.3458
Particle 7 new velocities: 146.172, 104.515
23.428, 132.201
164.148, 371.715
145.425, 220.165
83.6105, 402.221
202.998, 146.092
Particle 8 new velocities: 8.08679, 32.4741
2.92944, 168.238
-249.013, -82.7281
-30.2261, 17.8957
-22.9102, 37.9597
23.5913, 74.5981
Particle 9 new velocities: 105.41, 106.973
18.4748, 127.512
268.036, 186.96
192.219, 147.776
120.518, 138.473
-131.35, 84.332
Particle 10 new velocities: 32.179, 47.445
17.6492, -140.025
27.2218, 184.092
-82.6297, -58.9311
83.0557, -8.49065
31.1122, 42.204
Particle 11 new velocities: 5.28813, 12.6294
-48.8963, 2.48506
51.9949, 3.57395
-9.82769, -22.4053
-54.3061, 6.48437
-7.88846, 5.49812
Particle 12 new velocities: -6.9316, -1.69764
-27.6681, 4.94783
-58.3104, -13.3849
-15.517, 1.69114
214.397, 60.3066
-96.3687, 48.9178
Particle 13 new velocities: 43.8744, 61.2983
-2.16874, -117.603
3.1957, 79.4017
-16.4087, 4.4575
17.1046, -18.2043
44.0024, 68.0728
Particle 14 new velocities: -3.07497, 4.23791
1.11667, 161.356
-50.048, -6.82149
-4.7918, -63.8859
7.10126, -31.5941
-21.9931, 14.2934
Particle 15 new velocities: 115.575, 5.0895
14.8889, -3.33567
9.88406, 43.3948
63.1994, 51.0298
-46.709, -5.1296
38.2486, 37.1439
Particle 16 new velocities: 126.271, 42.406
62.5576, 41.2568
32.088, -47.8052
60.1665, 72.8788
54.8497, -19.737
67.3629, 104.66
Particle 17 new velocities: 94.2076, 40.1163
18.0622, 49.0325
3.58891, 145.56
74.6352, 41.3224
62.2115, 62.2839
63.9557, 33.255
Particle 18 new velocities: -7.55527, 39.5118
7.65521, 97.0711
62.5448, 45.5491
26.0897, -15.9859
-70.9488, 29.6932
16.1978, 81.7452
Particle 19 new velocities: 81.3156, -211.522
16.4404, 16.1459
1.55647, -138.947
93.9946, 84.211
33.4909, 97.3715
117.627, 23.9616
Particle 20 new velocities: 139.343, -62.0692
22.2455, 75.2393
102.741, 90.1159
97.428, 147.801
36.1491, 51.2093
47.9548, 148.12
-- ITERATION 11 --
-------------
Particle: 1:
Relays Coordinates:
257.361, 250.624
63.9957, 129.01
203.199, 221.544
232.873, 271.854
151.637, 315
128.107, 188.294
Evaluation Time: 1.19799 seconds
Resulting Fitness: 0.9
-------------
Particle: 2:
Relays Coordinates:
233.786, 76.5086
71.5821, 112.119
345.412, 318.864
231.363, 279.151
161.391, 234.441
199.187, 173.037
Evaluation Time: 1.2349 seconds
Resulting Fitness: 0.970833
-------------
Particle: 3:
Relays Coordinates:
269.208, 122.34
72.089, 87.1558
315, 315
315, 254.649
129.52, 223.403
144.253, 201.069
Evaluation Time: 1.25746 seconds
Resulting Fitness: 0.970833
-------------
Particle: 4:
Relays Coordinates:
182.722, 147.966
55.0534, 143.866
126.293, 85.3634
161.933, 115.009
186.004, 168.384
81.0509, 179.705
Evaluation Time: 1.13418 seconds
Resulting Fitness: 0.816667
-------------
Particle: 5:
Relays Coordinates:
135.597, 125.06
135.597, 135.597
135.597, 114.813
132.979, 76.8328
89.5903, 127.617
81.0945, 135.597
Evaluation Time: 0.946977 seconds
Resulting Fitness: 0.679167
-------------
Particle: 6:
Relays Coordinates:
116.793, 77.8811
63.8389, 152.562
145.511, 167.404
98.642, 167.404
134.431, 91.7467
127.78, 75.709
Evaluation Time: 1.01371 seconds
Resulting Fitness: 0.754167
-------------
Particle: 7:
Relays Coordinates:
216.393, 111.487
23.6279, 138.053
229.498, 255.15
215.849, 255.15
170.786, 255.15
155.51, 154.445
Evaluation Time: 1.32236 seconds
Resulting Fitness: 0.975
New local best!
-------------
Particle: 8:
Relays Coordinates:
210.653, 148.423
58.1813, 168.238
65.987, 119.133
142.275, 221.049
101.642, 245.265
174.027, 177.137
Evaluation Time: 1.14053 seconds
Resulting Fitness: 0.879167
-------------
Particle: 9:
Relays Coordinates:
204.632, 120.119
74.4188, 180.811
255.15, 255.15
255.15, 241.959
200.239, 219.399
54.9093, 143.672
Evaluation Time: 1.33813 seconds
Resulting Fitness: 0.9125
-------------
Particle: 10:
Relays Coordinates:
264.29, 137.849
97.3552, 115.125
282.372, 350
172.52, 196.219
244.179, 246.659
126.976, 149.866
Evaluation Time: 1.24076 seconds
Resulting Fitness: 0.9375
-------------
Particle: 11:
Relays Coordinates:
216.678, 82.7553
45.8667, 107.032
282.417, 241.039
213.775, 217.453
43.4622, 226.829
86.5763, 234.679
Evaluation Time: 1.3472 seconds
Resulting Fitness: 0.966667
-------------
Particle: 12:
Relays Coordinates:
180.49, 107.021
39.9565, 82.5435
93.7065, 301.615
205.927, 252.515
269.448, 314.861
218.631, 227.32
Evaluation Time: 1.22519 seconds
Resulting Fitness: 0.975
-------------
Particle: 13:
Relays Coordinates:
143.578, 117.912
30.6366, 0
162.234, 206.672
102.346, 161.149
100.336, 140.226
100.576, 128.964
Evaluation Time: 1.19496 seconds
Resulting Fitness: 0.816667
-------------
Particle: 14:
Relays Coordinates:
251.35, 52.8721
37.9704, 264.678
163.524, 249.011
135.502, 59.9507
116.915, 152.813
86.3423, 133.301
Evaluation Time: 1.19087 seconds
Resulting Fitness: 0.883333
-------------
Particle: 15:
Relays Coordinates:
243.714, 48.248
63.6786, 71.466
293.384, 304.044
214.754, 241.88
3.0331, 189.06
156.802, 163.417
Evaluation Time: 1.1774 seconds
Resulting Fitness: 0.9875
-------------
Particle: 16:
Relays Coordinates:
194.096, 79.3106
187.604, 83.3188
134.602, 53.4191
184.762, 220.533
106.486, 153.016
178.283, 195.936
Evaluation Time: 1.2036 seconds
Resulting Fitness: 0.908333
-------------
Particle: 17:
Relays Coordinates:
290.198, 97.0339
71.3971, 110.298
232.865, 315
238.424, 228.026
158.715, 234.39
93.5069, 137.78
Evaluation Time: 1.40489 seconds
Resulting Fitness: 0.983333
-------------
Particle: 18:
Relays Coordinates:
102.824, 98.5308
39.7396, 151.163
198.93, 162.622
148.973, 116.648
80.8853, 182.185
116.286, 132.312
Evaluation Time: 1.08614 seconds
Resulting Fitness: 0.820833
-------------
Particle: 19:
Relays Coordinates:
203.487, 14.6712
48.3046, 138.8
187.265, 73.4574
191.877, 154.762
92.3595, 234.987
122.233, 134.309
Evaluation Time: 1.13187 seconds
Resulting Fitness: 0.854167
-------------
Particle: 20:
Relays Coordinates:
315, 85.2558
68.5529, 104.047
296.649, 251.695
233.581, 156.382
76.221, 230.43
91.9673, 196.022
Evaluation Time: 1.26014 seconds
Resulting Fitness: 0.995833
New local best!
Current global best fitness: 0.995833
Current global best relays: 202.572, 61.7872
53.5029, 88.243
307.514, 314.829
193.491, 229.037
116.026, 212.014
146.773, 167.196
Particle 1 new velocities: -17.2704, -77.7234
6.64087, 15.9443
-57.4628, 46.2219
21.7609, -63.8855
-16.4957, -58.6512
-31.4574, -52.7106
Particle 2 new velocities: -28.0899, -6.50609
-10.7666, -13.3734
54.8644, 29.5743
-17.5314, 11.5036
5.55308, 28.6813
-17.4619, 27.0145
Particle 3 new velocities: 33.6275, 24.3719
1.93883, -17.0768
-64.9185, -17.6387
-217.454, -55.1555
-48.1316, 7.86241
77.6088, 30.0132
Particle 4 new velocities: 229.667, 86.9207
90.4909, 114.504
164.003, 23.8578
126.263, 135.409
180.165, 153.958
128.966, 149.571
Particle 5 new velocities: 74.251, 175.243
7.58152, 123.18
74.993, 270.75
282.755, 73.5178
162.953, 260.563
299.814, 144.376
Particle 6 new velocities: 207.549, 109.498
52.6811, 89.8529
325.706, 169.039
222.474, 33.1488
140.877, 187.414
103.603, 45.6037
Particle 7 new velocities: 102.505, 63.7042
40.8901, 41.2942
219.512, 8.61108
87.7672, -26.3295
19.3288, -2.51507
153.188, 120.294
Particle 8 new velocities: -16.0343, -0.314068
-14.7663, 78.5681
-134.102, 44.5664
113.558, -11.4991
7.35414, 1.44626
-121.066, -4.94844
Particle 9 new velocities: 95.1627, -4.50393
24.804, 0.284474
-24.7312, 8.78616
5.03519, 92.5179
19.0725, 142.678
-58.3135, 36.5691
Particle 10 new velocities: -41.3202, -11.8528
-14.3295, 42.5569
-126.327, -7.31094
-47.1838, -3.4156
-94.2663, 12.2258
-15.2215, -11.4144
Particle 11 new velocities: -19.9362, 2.65689
-30.6338, -43.9858
50.1385, 79.7316
33.0217, -10.1931
7.99745, -18.166
10.0846, -131.804
Particle 12 new velocities: 25.1358, -32.3646
69.8439, 0.241369
251.337, -178.831
-37.0827, -11.9409
128.82, -32.237
-44.0673, -14.1368
Particle 13 new velocities: 100.36, 68.1665
38.7508, 72.2568
245.15, 227.142
107.869, 158.63
96.7054, 63.7494
72.4902, 94.2322
Particle 14 new velocities: -101.352, 15.7999
13.909, 70.5862
130.47, -13.7181
71.1235, 80.7576
31.527, 68.5653
47.7159, 26.4347
Particle 15 new velocities: 54.2363, 7.14296
-4.64796, 27.0707
20.5412, 45.5102
30.5371, 34.7617
220.258, 13.2426
14.5811, 33.2093
Particle 16 new velocities: 72.406, 31.3827
-43.1093, 10.6259
52.4135, 134.707
13.6751, 149.315
14.4307, 72.2364
13.5676, 54.8214
Particle 17 new velocities: 13.8015, 21.6803
20.2016, 160.594
49.3963, -2.05588
14.364, 33.128
29.3817, 13.5741
85.0202, -34.0173
Particle 18 new velocities: 254.917, 19.199
43.9117, 119.285
128.437, 191.857
129.349, 113.618
-11.4591, 59.8257
-44.2902, 86.0422
Particle 19 new velocities: 63.9502, 27.2649
10.8088, 25.447
-33.247, -9.0947
189.194, 173.765
20.6471, 97.1993
60.4351, -4.61684
Particle 20 new velocities: -13.2303, -76.6668
10.4243, 45.7578
87.1229, 116.322
38.5934, 203.866
45.75, 40.0492
105.787, 100.745
-- ITERATION 12 --
-------------
Particle: 1:
Relays Coordinates:
216.082, 155.611
63.5729, 130.459
131.162, 240.99
229.17, 187.171
121.627, 230.714
86.9843, 122.025
Evaluation Time: 1.22698 seconds
Resulting Fitness: 0.9375
-------------
Particle: 2:
Relays Coordinates:
205.696, 70.0025
60.8155, 98.7457
350, 348.438
213.831, 290.655
166.945, 263.122
181.725, 200.052
Evaluation Time: 1.37141 seconds
Resulting Fitness: 0.954167
-------------
Particle: 3:
Relays Coordinates:
302.836, 146.711
74.0278, 70.079
250.082, 297.361
97.5461, 199.493
81.3881, 231.266
221.862, 231.082
Evaluation Time: 1.36266 seconds
Resulting Fitness: 0.970833
-------------
Particle: 4:
Relays Coordinates:
167.404, 112.346
69.6134, 123.577
138.848, 52.2402
137.843, 119.774
167.404, 154.175
100.451, 157.492
Evaluation Time: 1.00326 seconds
Resulting Fitness: 0.7375
-------------
Particle: 5:
Relays Coordinates:
100.37, 143.634
68.4819, 123.772
100.725, 167.404
167.404, 71.9122
120.791, 167.404
167.404, 133.91
Evaluation Time: 1.10395 seconds
Resulting Fitness: 0.741667
-------------
Particle: 6:
Relays Coordinates:
191.521, 110.645
68.8039, 143.144
206.672, 198.666
189.616, 118.424
162.567, 164.842
136.63, 71.6339
Evaluation Time: 1.27741 seconds
Resulting Fitness: 0.8875
-------------
Particle: 7:
Relays Coordinates:
258.308, 141.905
52.2596, 145.271
283.5, 213.646
245.929, 185.345
153.993, 204.634
250.046, 222.539
Evaluation Time: 1.24535 seconds
Resulting Fitness: 0.8625
-------------
Particle: 8:
Relays Coordinates:
175.157, 133.298
39.0735, 222.126
0, 147.33
230.25, 188.595
98.0969, 222.041
47.6646, 154.97
Evaluation Time: 1.26574 seconds
Resulting Fitness: 0.9375
-------------
Particle: 9:
Relays Coordinates:
242.834, 93.6483
80.3705, 146.687
186.639, 213.788
210.75, 270.926
177.642, 283.5
0, 145.996
Evaluation Time: 1.42548 seconds
Resulting Fitness: 0.966667
-------------
Particle: 10:
Relays Coordinates:
180.605, 102.057
67.2509, 127.722
126.396, 277.578
101.523, 156.171
121.429, 209.697
90.5213, 112.146
Evaluation Time: 1.11898 seconds
Resulting Fitness: 0.833333
-------------
Particle: 11:
Relays Coordinates:
196.742, 85.4122
15.2328, 63.046
332.555, 320.771
246.797, 207.26
51.4596, 208.663
96.6609, 102.875
Evaluation Time: 1.38969 seconds
Resulting Fitness: 0.9625
-------------
Particle: 12:
Relays Coordinates:
185.063, 67.1904
98.8204, 74.5063
310.539, 110.506
151.96, 216.517
315, 254.362
157.108, 191.865
Evaluation Time: 1.23688 seconds
Resulting Fitness: 0.970833
-------------
Particle: 13:
Relays Coordinates:
197.59, 150.723
56.2038, 58.528
283.5, 283.5
170.274, 259.021
159.604, 165.22
140.184, 180.789
Evaluation Time: 1.29257 seconds
Resulting Fitness: 0.975
-------------
Particle: 14:
Relays Coordinates:
134.998, 61.8047
46.6915, 301.738
264.595, 211.763
185.963, 126.638
133.598, 199.24
120.652, 143.762
Evaluation Time: 1.27164 seconds
Resulting Fitness: 0.954167
-------------
Particle: 15:
Relays Coordinates:
268.155, 49.8519
53.1276, 88.683
282.533, 314.599
220.762, 248.977
200.962, 182.072
154.245, 176.964
Evaluation Time: 1.20243 seconds
Resulting Fitness: 0.954167
-------------
Particle: 16:
Relays Coordinates:
215.867, 89.6616
117.041, 76.0952
151.483, 152.382
160.734, 283.5
97.9424, 182.454
155.399, 203.114
Evaluation Time: 1.18187 seconds
Resulting Fitness: 0.9
-------------
Particle: 17:
Relays Coordinates:
221.616, 86.5426
66.7755, 197.48
205.769, 228.136
184.283, 190.381
137.122, 180.766
130.146, 75.6432
Evaluation Time: 1.22506 seconds
Resulting Fitness: 0.975
-------------
Particle: 18:
Relays Coordinates:
229.635, 77.2425
54.8836, 177.441
214.786, 229.635
182.607, 151.077
45.5506, 158.783
47.2368, 143.262
Evaluation Time: 1.39443 seconds
Resulting Fitness: 0.9375
-------------
Particle: 19:
Relays Coordinates:
157.919, 24.7629
34.9058, 96.9865
90.9461, 38.0056
206.672, 193.992
66.7292, 196.153
107.864, 76.5819
Evaluation Time: 1.20317 seconds
Resulting Fitness: 0.933333
-------------
Particle: 20:
Relays Coordinates:
160.373, 4.56457
41.9717, 79.6123
186.004, 186.004
144.645, 186.004
64.8204, 143.744
105.095, 157.714
Evaluation Time: 1.17631 seconds
Resulting Fitness: 0.820833
Current global best fitness: 0.995833
Current global best relays: 202.572, 61.7872
53.5029, 88.243
307.514, 314.829
193.491, 229.037
116.026, 212.014
146.773, 167.196
Particle 1 new velocities: -37.048, -62.4472
-26.1173, 61.0586
23.5678, -3.18292
24.8607, -39.8292
-13.5578, -47.874
-53.9291, 1.86855
Particle 2 new velocities: -43.9445, -21.3849
10.9541, -0.525872
-69.8149, -23.9458
-41.906, -32.0941
-49.4402, 1.88836
-43.7779, -5.14156
Particle 3 new velocities: -76.7432, -26.3913
-21.8802, 0.875073
-37.1295, -25.347
-60.3337, 6.98124
87.2349, -12.7
-105.079, -26.4766
Particle 4 new velocities: 35.3669, 69.1351
165.019, 158.631
327.929, 52.6284
166.765, 192.862
-21.9875, 196.766
81.9919, 156.819
Particle 5 new velocities: 273.334, 148.993
105.953, 120.062
132.765, 59.5576
48.0807, 248.837
124.382, -89.363
12.531, 187.297
Particle 6 new velocities: 195.37, 82.4309
36.9943, 77.2164
-23.9547, 332.979
192.485, 135.677
75.7392, 198.618
87.0068, 74.859
Particle 7 new velocities: 38.3606, -32.1368
16.8803, 12.1755
15.8536, 108.529
9.80263, 7.04598
27.2689, 3.70554
-38.3176, -19.9026
Particle 8 new velocities: 20.5776, -3.65916
-1.1234, -89.9894
327.823, 87.6143
53.8379, 33.936
52.7438, 25.4364
-83.0537, -102.347
Particle 9 new velocities: 45.3276, -36.3513
-7.21289, 6.25521
47.4916, 104.693
6.04797, -50.9717
-45.8541, -28.5339
82.5347, 18.5987
Particle 10 new velocities: 13.5194, 4.53035
25.7436, 124.662
188.978, 53.1798
140.698, 59.1551
-65.4201, 26.5685
44.1232, -13.9501
Particle 11 new velocities: -26.0279, -13.7256
48.6414, -55.3248
-15.3211, -23.1237
29.534, 4.42032
100.008, -11.3525
17.5268, -14.8981
Particle 12 new velocities: 27.9623, 27.6216
58.0211, 14.1241
194.432, 140.85
13.5406, 144.812
-223.985, -5.32166
55.5911, 16.0437
Particle 13 new velocities: 85.7215, 0.69553
26.6575, 105.429
3.89675, 42.1636
124.044, 113.569
56.2683, 160.721
53.3662, 45.6667
Particle 14 new velocities: 94.2438, 15.8929
7.38675, -132.91
92.7421, 65.4725
49.2433, 41.8935
17.495, 58.6532
52.1584, 10.8235
Particle 15 new velocities: -31.1031, 29.3317
-3.12152, 20.7735
80.5132, 36.6753
-14.3412, -5.20747
33.4328, 62.5172
-3.76126, 13.0189
Particle 16 new velocities: -33.2083, -13.1548
62.9151, 16.6028
109.299, 53.411
48.7459, 65.9221
11.0492, 160.811
51.2483, 1.0299
Particle 17 new velocities: 44.0939, 11.0054
14.1039, 29.6688
129.743, 145.587
54.9904, 55.7255
20.9999, 92.6465
27.4864, 6.6875
Particle 18 new velocities: -12.0828, 219.219
39.6811, 47.5821
273.361, 78.9789
149.256, 170.342
14.7501, 253.786
92.4174, 48.5134
Particle 19 new velocities: 116.25, 211.441
30.9274, 164.359
242.637, 354.04
109.839, 121.308
89.8586, 155.725
30.6294, 37.7754
Particle 20 new velocities: 56.7941, 108.579
42.8595, 79.3645
154.75, 108.294
88.4395, -5.33714
105.647, 130.401
115.055, 122.656
-- ITERATION 13 --
-------------
Particle: 1:
Relays Coordinates:
179.034, 93.1634
37.4556, 191.518
154.73, 237.807
254.031, 147.342
108.069, 182.84
33.0551, 123.893
Evaluation Time: 1.25378 seconds
Resulting Fitness: 0.933333
-------------
Particle: 2:
Relays Coordinates:
161.752, 48.6176
71.7696, 98.2199
280.185, 324.493
171.925, 258.561
117.504, 265.011
137.947, 194.91
Evaluation Time: 1.23142 seconds
Resulting Fitness: 0.966667
-------------
Particle: 3:
Relays Coordinates:
226.092, 120.32
52.1476, 70.9541
212.952, 272.014
37.2124, 206.474
168.623, 218.566
116.783, 204.605
Evaluation Time: 1.35252 seconds
Resulting Fitness: 0.975
-------------
Particle: 4:
Relays Coordinates:
107.761, 96.4462
124.693, 149.977
186.004, 55.7314
161.881, 166.148
77.2803, 186.004
96.9574, 167.037
Evaluation Time: 1.07837 seconds
Resulting Fitness: 0.808333
-------------
Particle: 5:
Relays Coordinates:
206.672, 172.793
103.002, 143.982
137.873, 134.018
127.242, 189.399
144.772, 46.0824
106.25, 189.67
Evaluation Time: 1.26693 seconds
Resulting Fitness: 0.870833
-------------
Particle: 6:
Relays Coordinates:
206.672, 114.01
62.4727, 130.12
107.892, 206.672
206.672, 150.044
140.717, 206.672
132.055, 86.5026
Evaluation Time: 1.1046 seconds
Resulting Fitness: 0.879167
-------------
Particle: 7:
Relays Coordinates:
267.002, 98.7911
62.2259, 141.702
269.418, 289.958
230.158, 173.152
163.136, 187.506
190.555, 182.372
Evaluation Time: 1.30214 seconds
Resulting Fitness: 0.85
-------------
Particle: 8:
Relays Coordinates:
176.161, 116.675
34.1551, 118.923
295.04, 211.45
255.679, 200.278
135.757, 222.729
0, 47.3608
Evaluation Time: 1.20149 seconds
Resulting Fitness: 0.9625
-------------
Particle: 9:
Relays Coordinates:
233.41, 46.4106
59.2577, 123.883
189.646, 257.97
175.606, 178.163
106.748, 206.523
66.8531, 133.321
Evaluation Time: 1.26698 seconds
Resulting Fitness: 0.954167
-------------
Particle: 10:
Relays Coordinates:
174.712, 95.9289
83.695, 227.146
283.836, 297.682
217.998, 193.793
50.408, 212.639
121.18, 88.3764
Evaluation Time: 1.35982 seconds
Resulting Fitness: 0.925
-------------
Particle: 11:
Relays Coordinates:
170.714, 71.6866
63.8743, 7.72116
317.234, 297.647
276.331, 211.68
151.468, 197.311
114.188, 87.9764
Evaluation Time: 1.2639 seconds
Resulting Fitness: 0.933333
-------------
Particle: 12:
Relays Coordinates:
172.551, 76.7977
127.042, 71.7907
283.5, 203.598
134.056, 283.5
73.7224, 201.722
172.286, 168.406
Evaluation Time: 1.24732 seconds
Resulting Fitness: 0.970833
-------------
Particle: 13:
Relays Coordinates:
229.482, 122.649
67.1176, 132.805
232.791, 263.787
238.397, 283.5
174.856, 264.012
156.776, 183.429
Evaluation Time: 1.25633 seconds
Resulting Fitness: 0.975
-------------
Particle: 14:
Relays Coordinates:
185.686, 62.9351
43.8034, 136.75
283.5, 224.561
190.517, 136.51
122.385, 208.894
139.977, 125.214
Evaluation Time: 1.20908 seconds
Resulting Fitness: 0.954167
-------------
Particle: 15:
Relays Coordinates:
213.347, 71.2653
45.0055, 98.5108
315, 315
185.779, 219.393
210.955, 220.131
135.436, 170.984
Evaluation Time: 1.23727 seconds
Resulting Fitness: 0.958333
-------------
Particle: 16:
Relays Coordinates:
133.158, 55.7734
131.188, 67.5769
190.109, 150.023
152.711, 254.729
79.4549, 250.24
150.646, 148.821
Evaluation Time: 1.17419 seconds
Resulting Fitness: 0.854167
-------------
Particle: 17:
Relays Coordinates:
215.225, 79.0139
65.5123, 183.991
271.764, 283.5
193.811, 199.346
128.079, 221.464
127.682, 66.6879
Evaluation Time: 1.29523 seconds
Resulting Fitness: 0.979167
-------------
Particle: 18:
Relays Coordinates:
128.462, 175.057
55.8395, 132.874
206.672, 182.233
195.962, 189.795
35.6069, 206.672
82.4644, 113.242
Evaluation Time: 1.20084 seconds
Resulting Fitness: 0.9125
-------------
Particle: 19:
Relays Coordinates:
222.077, 191.325
53.3249, 211.69
270.202, 283.5
256.373, 255.393
126.836, 283.5
112.179, 92.6295
Evaluation Time: 1.2498 seconds
Resulting Fitness: 0.954167
-------------
Particle: 20:
Relays Coordinates:
175.905, 91.6462
68.7133, 128.771
276.011, 238.382
188.798, 146.34
138.079, 222.057
178.321, 227.1
Evaluation Time: 1.14572 seconds
Resulting Fitness: 0.979167
Current global best fitness: 0.995833
Current global best relays: 202.572, 61.7872
53.5029, 88.243
307.514, 314.829
193.491, 229.037
116.026, 212.014
146.773, 167.196
Particle 1 new velocities: -4.14544, -14.9189
-8.49384, 33.9644
108.158, 4.61017
-27.3975, 60.0782
27.8205, 17.3439
74.8513, 9.64521
Particle 2 new velocities: -15.1532, -5.71187
6.27132, -1.65958
-48.6571, -29.5707
18.9565, -59.5525
8.43242, -66.8219
42.5893, -51.9035
Particle 3 new velocities: -47.2181, -36.5229
12.18, 36.2459
23.4699, 7.78778
252.445, 39.8964
57.3432, -27.8091
-74.3237, -85.8417
Particle 4 new velocities: 52.8119, 173.33
90.0801, 323.925
24.0327, 337.998
142.684, 232.494
152.558, 0.326176
-18.9299, 172.51
Particle 5 new velocities: 0.867518, 32.6844
110.925, 42.0078
329.547, 88.2682
119.472, 140.33
11.3111, -33.7425
50.6276, 187.774
Particle 6 new velocities: 39.0164, 56.6806
36.7134, 90.4719
82.2445, 48.6554
-5.58754, 224.53
48.6898, -22.3995
66.8383, 136.558
Particle 7 new velocities: -67.6511, -49.7705
-55.1573, -23.4515
12.7235, 90.1269
-4.63518, 135.754
-12.5451, 101.637
-142.634, -60.7573
Particle 8 new velocities: 52.1384, -15.0796
9.16977, -43.931
221.33, 185.411
-6.15095, 23.6196
38.0394, 65.2546
45.9885, 5.47981
Particle 9 new velocities: 11.9106, 53.1465
43.6185, 32.4088
83.4577, 82.9299
135.765, -25.7444
-3.07584, -18.784
70.2718, -19.1196
Particle 10 new velocities: 166.958, -34.4752
10.7043, -52.0925
112.622, 79.6201
111.002, 107.195
179.315, 91.5708
-30.7965, 33.2012
Particle 11 new velocities: 29.8465, -3.57265
23.7039, 91.0041
-95.3192, -15.0505
-38.2831, 5.78535
-0.294897, 9.36985
14.7667, 53.044
Particle 12 new velocities: 49.0198, 56.3845
-54.7962, 5.368
-34.4988, 214.835
109.42, -6.05939
-51.9386, 127.697
171.259, 14.848
Particle 13 new velocities: 38.3008, -8.02395
9.24824, 29.1292
128.866, 62.2415
73.2496, -73.0929
6.41141, 72.5546
-4.52935, -9.4956
Particle 14 new velocities: 102.132, 16.8126
7.82702, -61.4119
-69.9364, 56.9672
34.4696, 34.6774
17.9601, 52.9888
36.8881, 30.8044
Particle 15 new velocities: -35.1012, 14.1588
5.93814, -4.78665
-3.81292, -0.204824
3.42469, 16.5534
-72.1155, 27.9566
28.7827, 4.5537
Particle 16 new velocities: -10.4149, 18.4583
118.04, 37.9481
59.2065, 59.964
46.2141, 69.2506
35.2588, 71.0847
126.726, 65.2347
Particle 17 new velocities: 100.727, 20.145
21.9784, 8.82367
96.6125, 24.0492
69.8759, 69.6034
57.5844, 66.5148
-10.4293, 145.082
Particle 18 new velocities: 105.674, 218.752
33.0192, 132.39
142.134, 200.914
120.662, 165.088
177.114, 160.519
73.5092, 84.2087
Particle 19 new velocities: 41.8188, 62.8507
19.1086, 76.0908
170.7, -118.027
111.352, 74.9192
-0.625193, -102.881
29.2339, 51.5988
Particle 20 new velocities: 279.944, 44.4604
26.4879, -4.84812
132.995, 185.742
136.684, 103.188
-42.6192, 109.598
47.6416, 58.1636
-- ITERATION 14 --
-------------
Particle: 1:
Relays Coordinates:
157.399, 70.4201
26.0655, 202.934
236.599, 218.175
203.97, 186.678
122.301, 180.165
97.1158, 120.185
Evaluation Time: 1.23556 seconds
Resulting Fitness: 0.941667
-------------
Particle: 2:
Relays Coordinates:
146.598, 42.9058
78.0409, 96.5603
231.528, 294.922
190.882, 199.008
125.937, 198.189
180.536, 143.007
Evaluation Time: 1.18754 seconds
Resulting Fitness: 0.958333
-------------
Particle: 3:
Relays Coordinates:
178.874, 83.7973
64.3276, 107.2
236.422, 279.802
289.657, 246.371
225.966, 190.756
42.4592, 118.764
Evaluation Time: 1.29992 seconds
Resulting Fitness: 0.920833
-------------
Particle: 4:
Relays Coordinates:
76.8014, 129.033
102.725, 167.404
100.46, 167.404
145.673, 167.404
109.931, 89.1213
37.3203, 162.404
Evaluation Time: 1.03851 seconds
Resulting Fitness: 0.708333
-------------
Particle: 5:
Relays Coordinates:
168.107, 166.437
173.281, 150.652
283.5, 180.052
199.838, 267.081
126.427, 9.99531
127.071, 283.5
Evaluation Time: 1.27119 seconds
Resulting Fitness: 0.975
-------------
Particle: 6:
Relays Coordinates:
145.076, 100.791
58.5684, 130.258
112.274, 150.768
118.738, 206.672
111.843, 108.811
117.445, 131.715
Evaluation Time: 1.05055 seconds
Resulting Fitness: 0.795833
-------------
Particle: 7:
Relays Coordinates:
145.326, 35.736
5.15303, 86.2046
205.681, 255.15
164.406, 225.192
109.78, 210.785
34.935, 88.6574
Evaluation Time: 1.24081 seconds
Resulting Fitness: 0.966667
-------------
Particle: 8:
Relays Coordinates:
184.923, 82.2923
35.0932, 60.7432
283.5, 283.5
202.118, 181.357
140.775, 233.267
37.2507, 42.8009
Evaluation Time: 1.25451 seconds
Resulting Fitness: 0.95
-------------
Particle: 9:
Relays Coordinates:
178.839, 72.5772
74.9967, 113.937
199.093, 248.516
226.989, 111.113
75.5773, 136.861
99.9641, 83.2531
Evaluation Time: 1.34986 seconds
Resulting Fitness: 0.945833
-------------
Particle: 10:
Relays Coordinates:
201.753, 36.2878
55.7419, 103.367
206.672, 206.672
194.272, 177.731
135.649, 179.633
53.3706, 71.7903
Evaluation Time: 1.18872 seconds
Resulting Fitness: 0.916667
-------------
Particle: 11:
Relays Coordinates:
200.561, 68.114
87.5781, 98.7253
221.915, 282.597
238.048, 217.466
151.173, 206.68
128.954, 141.02
Evaluation Time: 1.23636 seconds
Resulting Fitness: 0.983333
New local best!
-------------
Particle: 12:
Relays Coordinates:
145.372, 87.3809
47.4002, 50.6238
163.37, 229.635
159.744, 182.029
14.2924, 216.132
225.4, 120.233
Evaluation Time: 1.24847 seconds
Resulting Fitness: 0.875
-------------
Particle: 13:
Relays Coordinates:
216.904, 92.8466
61.8564, 131.167
283.5, 264.083
252.434, 170.43
146.827, 272.619
123.319, 140.886
Evaluation Time: 1.40971 seconds
Resulting Fitness: 0.966667
-------------
Particle: 14:
Relays Coordinates:
287.818, 79.7477
51.6304, 75.3386
213.564, 281.528
224.986, 171.188
140.345, 261.883
176.865, 156.019
Evaluation Time: 1.31462 seconds
Resulting Fitness: 0.966667
-------------
Particle: 15:
Relays Coordinates:
178.246, 85.4241
50.9436, 93.7242
311.187, 314.795
189.204, 235.946
138.84, 248.087
164.218, 175.538
Evaluation Time: 1.30385 seconds
Resulting Fitness: 0.979167
-------------
Particle: 16:
Relays Coordinates:
122.743, 74.2318
249.228, 105.525
249.316, 209.987
198.925, 323.979
114.714, 321.325
277.372, 214.055
Evaluation Time: 1.28524 seconds
Resulting Fitness: 0.9875
New local best!
-------------
Particle: 17:
Relays Coordinates:
230.329, 72.2868
63.7807, 140.562
255.15, 224.203
192.228, 196.064
135.348, 209.936
85.4776, 154.38
Evaluation Time: 1.28405 seconds
Resulting Fitness: 0.904167
-------------
Particle: 18:
Relays Coordinates:
138.255, 206.672
52.4702, 156.636
205.966, 206.672
186.963, 206.672
125.609, 206.672
92.1009, 116.592
Evaluation Time: 1.24085 seconds
Resulting Fitness: 0.9
-------------
Particle: 19:
Relays Coordinates:
192.38, 185.294
52.804, 209.792
255.15, 120.63
255.15, 240.798
92.0078, 131.671
103.09, 105.142
Evaluation Time: 1.19379 seconds
Resulting Fitness: 0.979167
New local best!
-------------
Particle: 20:
Relays Coordinates:
255.15, 99.2217
69.4016, 90.34
255.15, 255.15
237.276, 181.907
69.5902, 241.776
164.727, 207.957
Evaluation Time: 1.27662 seconds
Resulting Fitness: 0.9625
Current global best fitness: 0.995833
Current global best relays: 202.572, 61.7872
53.5029, 88.243
307.514, 314.829
193.491, 229.037
116.026, 212.014
146.773, 167.196
Particle 1 new velocities: 73.8592, 95.4307
34.7336, -93.3484
62.013, -37.6573
57.7339, 50.8886
17.5099, 107.42
77.4706, 29.5264
Particle 2 new velocities: 73.8043, 15.2701
-20.7195, 28.5034
14.2379, 2.79793
17.5585, 49.763
14.9497, -20.9988
32.9927, -15.9249
Particle 3 new velocities: -36.8108, -8.52624
5.19747, 9.63309
48.1818, 35.3268
107.235, -21.2159
-120.628, -0.733028
-19.8619, 73.9554
Particle 4 new velocities: 126.188, 159.613
40.7787, 72.5166
183.273, -62.6581
144.211, 39.2766
203.144, 33.3734
22.8369, 197.83
Particle 5 new velocities: 86.4101, -61.7599
62.6972, 58.5537
-56.0378, 157.29
117.292, -158.279
-30.0101, 227.169
49.7975, -36.0284
Particle 6 new velocities: 88.0072, 20.0533
120.421, 127.903
121.463, 160.867
122.86, -22.162
76.7814, 183.606
51.5545, 10.5268
Particle 7 new velocities: -27.4214, 29.6398
20.4177, 49.9913
55.9206, 3.41195
75.3931, 124.969
28.7768, 148.992
-23.6253, 75.8646
Particle 8 new velocities: 64.335, -8.01988
22.8589, 134.745
-112.357, -152.904
47.8966, 80.6395
10.7255, 52.0986
143.169, 95.8371
Particle 9 new velocities: 82.8702, 71.3382
51.9269, 68.6295
187.627, 115.839
97.1916, 73.947
138.86, 48.8575
51.3129, 19.1186
Particle 10 new velocities: 220.125, -11.2787
18.2146, -48.8052
0.782743, 106.122
151.686, 140.439
228.714, 211.891
68.2622, 152.537
Particle 11 new velocities: 24.582, -6.59759
-21.9367, 71.0474
16.0065, 3.53548
-43.6216, 5.31931
-19.5808, 13.9113
28.7354, 72.5781
Particle 12 new velocities: 150.401, 83.202
-18.0305, 35.0407
110.413, 1.45137
152.788, 221.552
33.8257, 120.171
134.32, 67.0085
Particle 13 new velocities: 4.1862, -23.0511
-3.64255, -20.8974
13.1242, 136.761
-28.7309, 152.091
-3.83519, -27.3433
11.3428, 17.2728
Particle 14 new velocities: -132.326, -30.0745
0.0771781, 131.279
47.241, 24.4653
-95.584, 17.0013
4.27896, -32.2613
-115.793, -22.1942
Particle 15 new velocities: 22.5791, -29.5306
9.73214, -12.1828
-8.17932, -0.105359
3.87894, 3.79386
-78.4692, -15.4768
-10.291, -14.8352
Particle 16 new velocities: 55.8579, -1.27585
-94.9826, 16.7764
92.7647, 107.976
31.6073, -13.3432
28.9648, 38.506
-61.917, -7.02556
Particle 17 new velocities: 113.848, 28.3023
22.9982, 25.3288
-1.48588, 200.58
92.7591, 90.527
43.1121, 79.0098
-2.34468, 64.1841
Particle 18 new velocities: 179.393, -27.5699
36.3344, 99.4483
229.505, 108.695
117.181, -6.30899
182.373, 20.2202
33.0667, 69.6671
Particle 19 new velocities: 44.121, -69.1914
15.3448, 14.3098
5.51622, 22.815
-78.0502, 51.9956
18.098, -19.808
29.6829, 71.3673
Particle 20 new velocities: 77.6805, 10.5124
18.7423, 4.65728
8.44693, 61.0063
57.662, 118.434
-26.234, 43.157
-60.5015, -7.20421
-- ITERATION 15 --
-------------
Particle: 1:
Relays Coordinates:
231.259, 165.851
60.7992, 109.585
298.612, 180.518
261.704, 237.567
139.811, 287.586
174.586, 149.711
Evaluation Time: 1.3227 seconds
Resulting Fitness: 0.979167
New local best!
-------------
Particle: 2:
Relays Coordinates:
220.403, 58.1759
57.3214, 125.064
245.766, 297.72
208.44, 248.771
140.886, 177.19
213.529, 127.082
Evaluation Time: 1.26927 seconds
Resulting Fitness: 0.958333
-------------
Particle: 3:
Relays Coordinates:
93.2078, 49.3853
45.6154, 76.6542
186.729, 206.756
229.635, 147.724
69.1126, 124.674
14.8261, 126.443
Evaluation Time: 1.23416 seconds
Resulting Fitness: 0.891667
-------------
Particle: 4:
Relays Coordinates:
107.877, 153.398
76.264, 127.504
150.788, 55.6662
154.056, 109.838
166.381, 65.0987
31.97, 186.004
Evaluation Time: 0.97698 seconds
Resulting Fitness: 0.733333
-------------
Particle: 5:
Relays Coordinates:
150.29, 61.8108
139.342, 123.534
134.314, 199.197
187.262, 64.2463
56.9334, 140.043
104.439, 146.13
Evaluation Time: 1.11948 seconds
Resulting Fitness: 0.791667
-------------
Particle: 6:
Relays Coordinates:
152.926, 79.2859
117.435, 169.379
153.355, 204.464
158.513, 121.057
123.756, 191.855
110.88, 93.3248
Evaluation Time: 1.05414 seconds
Resulting Fitness: 0.8
-------------
Particle: 7:
Relays Coordinates:
77.3575, 42.8931
16.777, 89.3581
171.637, 169.642
157.332, 229.635
90.9074, 229.635
7.4203, 107.943
Evaluation Time: 1.09555 seconds
Resulting Fitness: 0.829167
-------------
Particle: 8:
Relays Coordinates:
181.709, 54.1446
42.247, 142.511
124.763, 95.2046
182.26, 190.995
110.444, 208.031
131.526, 101.067
Evaluation Time: 1.23444 seconds
Resulting Fitness: 0.85
-------------
Particle: 9:
Relays Coordinates:
211.984, 116.571
102.808, 147.879
283.5, 283.5
262.587, 149.899
173.694, 150.432
122.534, 82.9211
Evaluation Time: 1.21365 seconds
Resulting Fitness: 0.954167
-------------
Particle: 10:
Relays Coordinates:
186.004, 13.2908
39.3035, 28.9964
110.25, 166.231
183.856, 169.088
186.004, 186.004
64.6406, 119.217
Evaluation Time: 1.25709 seconds
Resulting Fitness: 0.841667
-------------
Particle: 11:
Relays Coordinates:
182.366, 49.8283
53.1696, 137.516
192.716, 231.767
157.485, 180.456
106.59, 178.679
127.729, 173.015
Evaluation Time: 1.22866 seconds
Resulting Fitness: 0.958333
-------------
Particle: 12:
Relays Coordinates:
174.651, 100.727
17.3425, 50.584
161.666, 136.454
184.547, 206.672
28.4132, 198.584
206.672, 110.564
Evaluation Time: 1.33737 seconds
Resulting Fitness: 0.883333
-------------
Particle: 13:
Relays Coordinates:
221.09, 69.7955
58.2138, 110.269
296.624, 350
223.703, 322.521
142.992, 245.276
134.662, 158.159
Evaluation Time: 1.27209 seconds
Resulting Fitness: 0.958333
-------------
Particle: 14:
Relays Coordinates:
155.492, 49.6732
51.7076, 206.618
260.805, 305.994
129.402, 188.189
144.624, 229.621
61.0721, 133.824
Evaluation Time: 1.16495 seconds
Resulting Fitness: 0.945833
-------------
Particle: 15:
Relays Coordinates:
200.825, 55.8935
60.6758, 81.5414
303.008, 314.69
193.083, 239.74
60.3705, 232.61
153.927, 160.703
Evaluation Time: 1.24116 seconds
Resulting Fitness: 0.995833
-------------
Particle: 16:
Relays Coordinates:
130.2, 53.1849
112.445, 89.1577
249.377, 231.795
168.058, 226.454
104.742, 255.15
157.067, 150.925
Evaluation Time: 1.32664 seconds
Resulting Fitness: 0.966667
-------------
Particle: 17:
Relays Coordinates:
250.905, 73.3295
63.2618, 120.934
184.921, 255.15
207.755, 208.925
130.098, 210.642
60.6039, 159.333
Evaluation Time: 1.25076 seconds
Resulting Fitness: 0.983333
-------------
Particle: 18:
Relays Coordinates:
208.409, 117.509
58.2647, 168.017
229.635, 206.912
199.549, 131.458
202.067, 148.864
82.1225, 122.205
Evaluation Time: 1.21185 seconds
Resulting Fitness: 0.9625
New local best!
-------------
Particle: 19:
Relays Coordinates:
212.851, 104.493
61.3339, 201.692
234.6, 129.1
159.39, 263.514
99.0952, 100.677
119.496, 158.859
Evaluation Time: 1.29695 seconds
Resulting Fitness: 0.95
-------------
Particle: 20:
Relays Coordinates:
242.633, 79.9961
64.2569, 69.253
192.162, 230.478
215.01, 218.948
31.6067, 207.716
75.9803, 146.349
Evaluation Time: 1.38561 seconds
Resulting Fitness: 0.958333
Current global best fitness: 0.995833
Current global best relays: 202.572, 61.7872
53.5029, 88.243
307.514, 314.829
193.491, 229.037
116.026, 212.014
146.773, 167.196
Particle 1 new velocities: 27.8882, 57.1262
24.1639, -79.1342
53.6785, 89.4897
43.4091, 40.6827
13.5081, 14.2373
60.9554, 44.4852
Particle 2 new velocities: 38.4834, 15.9891
-12.9366, 12.3385
70.6399, 23.1974
8.07897, 43.9725
40.611, 50.4893
-24.0908, 93.9537
Particle 3 new velocities: 252.783, 46.4091
48.9937, 26.7569
106.328, 269.473
0.105486, 93.7136
44.0026, 201.232
87.656, 108.196
Particle 4 new velocities: 218.366, 128.519
14.0448, 91.9331
314.726, 266.931
156.268, 174.964
370.458, 194.685
31.1893, -3.1841
Particle 5 new velocities: 213.647, 88.814
51.0466, 215.299
150.965, 287.983
167.19, -19.7896
97.5091, 208.796
50.3264, 195.771
Particle 6 new velocities: 203.028, 52.7369
96.4314, 63.73
197.7, 280.789
149.97, 110.177
63.62, 135.733
61.8603, 2.87194
Particle 7 new velocities: 162.962, 110.687
58.2656, 43.0511
123.392, 172.385
134.585, 35.8167
72.5248, 37.9373
190.618, 155.135
Particle 8 new velocities: 55.6896, 128.613
33.3999, 107.132
71.0507, -93.2525
88.2746, 86.1796
31.4098, 99.2999
104.369, 109.203
Particle 9 new velocities: 55.7517, 49.2872
4.67044, 30.2098
-73.1965, 3.67566
62.9259, 129.428
80.8685, 76.9735
23.6963, 121.583
Particle 10 new velocities: 144.331, 68.301
56.6537, 250.691
169.701, 404.515
159.552, 246.097
-61.8772, 131.518
75.5768, 149.305
Particle 11 new velocities: 34.9943, 9.32415
7.67582, 42.9241
65.2388, 82.5695
78.8533, 100.383
43.8777, 55.8752
27.1926, 9.34882
Particle 12 new velocities: 167.345, 62.8314
139.72, 78.6506
301.941, 166.661
125.99, 72.0544
282.351, 318.796
-2.69675, 132.921
Particle 13 new velocities: -15.8751, -3.40886
-5.9932, -85.5044
-0.110722, -52.8372
-97.0609, -26.0178
-20.595, -13.9202
14.6132, 1.01142
Particle 14 new velocities: 14.5886, -7.21436
-8.96282, 0.0791628
20.1984, -69.506
-23.3628, -84.4452
-41.6871, -45.5318
-51.753, -10.3131
Particle 15 new velocities: 20.5181, -18.4858
3.23136, 4.59486
-3.44942, 0.0903024
4.0634, -19.4992
51.1261, -42.0083
-18.6421, 5.35588
Particle 16 new velocities: 78.2095, 7.0821
42.0375, 36.757
80.7883, 124.999
55.1255, 61.9808
36.687, 79.9268
120.563, 76.0259
Particle 17 new velocities: 56.7586, 35.8057
46.731, 48.5975
35.8959, 169.627
69.3827, 90.903
75.5126, 86.6159
106.092, -37.9199
Particle 18 new velocities: 136.664, -81.9115
23.2058, 25.0645
61.503, 100.07
87.282, 104.371
102.143, 23.9395
29.066, 58.2921
Particle 19 new velocities: 8.45518, 25.1311
-6.21929, 1.28004
111.364, 31.5794
-5.06649, 0.727198
29.0322, 137.229
-2.92228, -1.95608
Particle 20 new velocities: 125.499, -4.95889
8.28873, 28.2605
83.9642, 63.8217
45.9325, 6.29911
84.4695, 52.3969
18.3412, 70.7318
-- ITERATION 16 --
-------------
Particle: 1:
Relays Coordinates:
170.026, 146.295
55.7443, 19.979
229.635, 177.152
200.185, 182.56
100.592, 198.026
154.539, 127.412
Evaluation Time: 1.28347 seconds
Resulting Fitness: 0.95
-------------
Particle: 2:
Relays Coordinates:
232.997, 66.7485
39.9463, 123.662
284.765, 288.826
194.867, 263.469
163.348, 204.911
170.494, 198.932
Evaluation Time: 1.32181 seconds
Resulting Fitness: 0.975
-------------
Particle: 3:
Relays Coordinates:
280.253, 77.5935
76.6334, 83.763
237.376, 283.5
186.09, 195.565
91.6233, 263.984
83.0105, 190.058
Evaluation Time: 1.32696 seconds
Resulting Fitness: 0.970833
-------------
Particle: 4:
Relays Coordinates:
214.048, 184.966
59.2516, 143.972
229.635, 211.656
203.604, 186.859
229.635, 170.444
41.4388, 119.948
Evaluation Time: 1.37162 seconds
Resulting Fitness: 0.904167
-------------
Particle: 5:
Relays Coordinates:
150.664, 64.839
81.9563, 145.856
122.803, 150.664
150.664, 19.1372
66.4824, 150.164
66.6214, 147.177
Evaluation Time: 1.16279 seconds
Resulting Fitness: 0.6625
-------------
Particle: 6:
Relays Coordinates:
255.15, 96.2446
155.909, 169.937
255.15, 255.15
224.884, 168.569
136.597, 238.811
125.928, 70.1274
Evaluation Time: 1.37118 seconds
Resulting Fitness: 0.9875
New local best!
-------------
Particle: 7:
Relays Coordinates:
216.288, 138.222
67.5384, 119.168
265.526, 307.825
262.726, 238.906
147.089, 240.815
178.234, 236.77
Evaluation Time: 1.1967 seconds
Resulting Fitness: 0.941667
-------------
Particle: 8:
Relays Coordinates:
173.064, 133.23
55.1466, 181.99
142.748, 1.42312
197.22, 202.061
103.411, 224.045
171.967, 153.287
Evaluation Time: 1.27288 seconds
Resulting Fitness: 0.9375
-------------
Particle: 9:
Relays Coordinates:
195.18, 120.911
78.3518, 129.827
153.311, 209.351
237.299, 203.63
185.576, 165.779
106.602, 149.083
Evaluation Time: 1.33885 seconds
Resulting Fitness: 0.954167
-------------
Particle: 10:
Relays Coordinates:
157.999, 39.0251
45.896, 133.774
133.9, 167.404
164.251, 167.404
59.3696, 151.87
67.0656, 128.433
Evaluation Time: 1.09329 seconds
Resulting Fitness: 0.729167
-------------
Particle: 11:
Relays Coordinates:
176.061, 47.9135
49.2848, 146.156
208.944, 254.613
191.434, 227.48
121.879, 189.989
125.486, 147.715
Evaluation Time: 1.39738 seconds
Resulting Fitness: 0.941667
-------------
Particle: 12:
Relays Coordinates:
249.315, 119.234
114.499, 94.2121
255.15, 220.971
226.381, 203.191
226.547, 255.15
148.698, 177.501
Evaluation Time: 1.31509 seconds
Resulting Fitness: 0.9375
-------------
Particle: 13:
Relays Coordinates:
184.694, 59.748
46.9986, 22.2885
266.862, 267.447
113.978, 266.853
110.157, 208.22
134.348, 143.253
Evaluation Time: 1.35662 seconds
Resulting Fitness: 0.916667
-------------
Particle: 14:
Relays Coordinates:
137.765, 34.3916
34.6232, 167.425
227.612, 191.555
85.8921, 84.0324
83.379, 149.113
7.54851, 100.044
Evaluation Time: 1.25535 seconds
Resulting Fitness: 0.9
-------------
Particle: 15:
Relays Coordinates:
221.343, 37.4078
63.9071, 86.1362
299.558, 314.78
197.146, 220.241
111.497, 190.602
135.285, 166.059
Evaluation Time: 1.31515 seconds
Resulting Fitness: 0.9625
-------------
Particle: 16:
Relays Coordinates:
151.931, 43.9346
112.618, 91.7918
240.69, 255.15
162.701, 210.269
103.101, 244.271
202.392, 165.447
Evaluation Time: 1.2994 seconds
Resulting Fitness: 0.9875
-------------
Particle: 17:
Relays Coordinates:
224.287, 79.5595
80.1848, 123.588
160.976, 255.15
202.034, 218.575
149.89, 216.701
121.521, 88.5104
Evaluation Time: 1.3245 seconds
Resulting Fitness: 0.979167
-------------
Particle: 18:
Relays Coordinates:
251.559, 25.9502
59.392, 140.756
212.24, 223.79
209.1, 171.919
221.769, 125.974
81.0564, 131.582
Evaluation Time: 1.44377 seconds
Resulting Fitness: 0.916667
-------------
Particle: 19:
Relays Coordinates:
161.332, 94.4957
40.1786, 147.966
252.207, 117.136
112.502, 192.632
93.4049, 173.434
84.9821, 114.382
Evaluation Time: 1.16057 seconds
Resulting Fitness: 0.875
-------------
Particle: 20:
Relays Coordinates:
283.5, 60.7802
58.762, 78.9859
223.662, 238.383
211.363, 182.45
94.0217, 210.692
76.4004, 175.835
Evaluation Time: 1.4568 seconds
Resulting Fitness: 0.9375
Current global best fitness: 0.995833
Current global best relays: 202.572, 61.7872
53.5029, 88.243
307.514, 314.829
193.491, 229.037
116.026, 212.014
146.773, 167.196
Particle 1 new velocities: 108.053, 43.4973
23.7421, 115.088
81.0026, 109.309
86.9259, 84.8846
37.8781, 130.958
74.0249, 71.6226
Particle 2 new velocities: -20.3274, 6.90314
47.7901, -30.0574
65.2937, 59.0738
17.3666, 97.6426
22.9982, 90.967
-9.65772, 30.6501
Particle 3 new velocities: 100.063, 78.8822
7.87448, 44.0324
179.53, 22.1367
44.4619, 75.4861
138.348, 51.0701
107.463, 74.1024
Particle 4 new velocities: 168.685, 102.403
186.81, 228.842
-2.01214, 179.978
22.7592, 190.925
-27.9998, 170.463
46.0575, 161.401
Particle 5 new velocities: 147.219, 70.5762
12.1432, 289.34
403.685, 401.147
156.679, 248.255
173.301, 94.1327
213.957, 170.98
Particle 6 new velocities: -22.9444, 3.40392
-43.9948, 26.3657
45.4711, 5.20612
94.9904, 113.496
32.8422, 79.6869
53.1683, 44.0571
Particle 7 new velocities: 129.607, -28.2845
-37.5544, 19.652
111.741, 138.753
49.6338, 42.175
21.968, 22.267
120.622, 75.4977
Particle 8 new velocities: 73.8841, 61.2733
19.5617, -9.10949
183.426, 197.324
174.525, 97.394
74.7268, 80.9233
-1.64337, 69.2924
Particle 9 new velocities: 55.9002, -56.4925
31.1424, 57.4401
40.0032, 19.961
33.1111, 116.416
-9.6896, 89.4664
-8.46495, 42.5768
Particle 10 new velocities: 172.954, 185.835
92.407, 286.331
268.503, 410.659
287.15, 84.8297
48.8964, 277.555
100.475, 106.63
Particle 11 new velocities: 86.9228, 32.4966
18.7445, -70.2452
173.469, 146.067
137.752, 76.0215
62.0802, 74.0926
52.0867, 8.78145
Particle 12 new velocities: 14.8307, 51.7823
47.8553, 31.4255
17.2321, 190.404
11.1641, 84.6959
92.4324, 111.358
145.02, 104.288
Particle 13 new velocities: 1.96864, 31.1715
7.10945, 12.8842
38.1075, -2.93564
74.0345, -21.4672
35.193, 0.976356
15.8246, 15.915
Particle 14 new velocities: 87.9945, 40.1891
13.9534, 66.8761
-14.1362, 56.7699
156.84, 73.1665
51.5683, 28.3567
64.4843, 33.7352
Particle 15 new velocities: 5.91373, 18.1546
-10.5612, 5.80334
9.53588, 0.144089
-2.22703, -2.26785
44.8022, -23.1685
3.60508, 6.51352
Particle 16 new velocities: 79.653, 60.3908
93.9664, 36.7078
117.904, 34.43
64.8941, 101.831
54.8537, 55.8611
111.044, 78.639
Particle 17 new velocities: 60.8749, 24.4762
15.4712, 127.045
196.837, 36.7461
81.2166, 76.666
54.4879, 82.7917
43.9907, 61.7807
Particle 18 new velocities: 39.2788, 54.8712
14.8826, 3.96004
177.824, 165.667
55.5205, 107.255
-0.776526, 130.458
43.2665, 67.6965
Particle 19 new velocities: 66.26, 94.4238
14.2072, 2.39922
131.226, 169.209
16.549, 41.6693
44.3286, 112.611
94.7271, 62.4722
Particle 20 new velocities: -28.4269, 1.39644
9.95748, 66.3274
238.157, 154.005
32.9334, -7.34594
79.1298, 65.1523
66.8322, 72.1857
-- ITERATION 17 --
-------------
Particle: 1:
Relays Coordinates:
250.271, 170.813
71.5377, 121.56
279.574, 257.815
258.399, 240.7
124.623, 296.086
205.707, 179.131
Evaluation Time: 1.26353 seconds
Resulting Fitness: 0.925
-------------
Particle: 2:
Relays Coordinates:
212.67, 73.6516
87.7364, 93.6046
350, 347.899
212.234, 350
186.346, 295.878
160.837, 229.582
Evaluation Time: 1.30846 seconds
Resulting Fitness: 0.979167
New local best!
-------------
Particle: 3:
Relays Coordinates:
283.5, 126.745
68.4514, 103.514
283.5, 247.566
186.747, 219.551
186.277, 255.194
154.283, 213.97
Evaluation Time: 1.40339 seconds
Resulting Fitness: 0.945833
-------------
Particle: 4:
Relays Coordinates:
167.404, 137.448
117.691, 167.404
108.871, 167.404
108.269, 167.404
96.4415, 163.055
41.8492, 134.568
Evaluation Time: 1.07803 seconds
Resulting Fitness: 0.720833
-------------
Particle: 5:
Relays Coordinates:
128.228, 58.2918
40.5067, 150.664
150.664, 150.664
132.301, 115.103
103.219, 105.162
120.78, 136.956
Evaluation Time: 1.01303 seconds
Resulting Fitness: 0.720833
-------------
Particle: 6:
Relays Coordinates:
169.278, 72.6437
81.5851, 143.104
219.153, 189.8
233.188, 205.626
123.521, 232.185
130.561, 83.2405
Evaluation Time: 1.31296 seconds
Resulting Fitness: 0.929167
-------------
Particle: 7:
Relays Coordinates:
280.175, 89.0497
24.287, 112.444
283.5, 283.5
253.011, 227.676
136.936, 213.096
242.073, 252.937
Evaluation Time: 1.25396 seconds
Resulting Fitness: 0.95
-------------
Particle: 8:
Relays Coordinates:
200.028, 157.548
60.5138, 140.033
264.201, 160.985
283.5, 242.558
144.292, 247.024
137.962, 180.289
Evaluation Time: 1.2351 seconds
Resulting Fitness: 0.916667
-------------
Particle: 9:
Relays Coordinates:
164.733, 42.265
71.8392, 122.866
126.834, 150.452
177.416, 209.982
115.399, 167.466
64.3878, 125.748
Evaluation Time: 1.19081 seconds
Resulting Fitness: 0.85
-------------
Particle: 10:
Relays Coordinates:
175.882, 119.5
73.4999, 186.004
186.004, 186.004
186.004, 134.047
57.537, 186.004
89.0381, 124.922
Evaluation Time: 1.16885 seconds
Resulting Fitness: 0.866667
-------------
Particle: 11:
Relays Coordinates:
262.984, 80.41
68.0293, 75.9112
350, 350
329.186, 303.501
183.959, 264.082
177.573, 156.496
Evaluation Time: 1.23416 seconds
Resulting Fitness: 0.970833
-------------
Particle: 12:
Relays Coordinates:
192.562, 124.671
118.356, 91.5898
198.567, 255.15
173.171, 209.87
232.536, 255.15
214.12, 205.424
Evaluation Time: 1.31617 seconds
Resulting Fitness: 0.958333
-------------
Particle: 13:
Relays Coordinates:
186.662, 90.9195
54.108, 35.1727
304.97, 264.511
188.013, 245.386
145.35, 209.197
150.173, 159.168
Evaluation Time: 1.36677 seconds
Resulting Fitness: 0.983333
-------------
Particle: 14:
Relays Coordinates:
225.76, 74.5807
48.5766, 234.301
213.476, 248.325
242.732, 157.199
134.947, 177.469
72.0328, 133.779
Evaluation Time: 1.34724 seconds
Resulting Fitness: 0.958333
-------------
Particle: 15:
Relays Coordinates:
227.256, 55.5624
53.3459, 91.9396
309.094, 314.924
194.919, 217.973
156.299, 167.434
138.89, 172.572
Evaluation Time: 1.25133 seconds
Resulting Fitness: 0.966667
-------------
Particle: 16:
Relays Coordinates:
136.748, 61.6031
121.986, 75.8777
206.672, 170.994
134.392, 184.292
93.271, 177.225
185.081, 144.13
Evaluation Time: 1.15142 seconds
Resulting Fitness: 0.904167
-------------
Particle: 17:
Relays Coordinates:
187.095, 68.2579
62.7599, 164.441
229.635, 191.513
185.841, 193.707
134.092, 196.497
108.592, 98.606
Evaluation Time: 1.20977 seconds
Resulting Fitness: 0.954167
-------------
Particle: 18:
Relays Coordinates:
235.578, 65.4654
60.1625, 117.22
283.5, 283.5
214.342, 226.131
179.004, 207.71
100.701, 161.416
Evaluation Time: 1.4366 seconds
Resulting Fitness: 0.95
-------------
Particle: 19:
Relays Coordinates:
204.833, 170.028
48.9472, 135.329
315, 257.71
116.146, 210.871
123.96, 257.44
161.738, 159.169
Evaluation Time: 1.28407 seconds
Resulting Fitness: 0.941667
-------------
Particle: 20:
Relays Coordinates:
185.948, 45.3267
50.0965, 105.933
255.15, 255.15
178.092, 127.651
126.227, 201.09
104.417, 180.807
Evaluation Time: 1.3144 seconds
Resulting Fitness: 0.970833
Current global best fitness: 0.995833
Current global best relays: 202.572, 61.7872
53.5029, 88.243
307.514, 314.829
193.491, 229.037
116.026, 212.014
146.773, 167.196
Particle 1 new velocities: 9.07506, -36.3976
7.19699, 37.6664
109.413, 55.1384
62.4703, 63.3291
48.943, 29.4933
30.3858, 25.3946
Particle 2 new velocities: -23.9411, 4.11372
22.425, -28.8015
-14.5075, 4.75396
0.836439, -53.1339
-66.7417, 57.055
-13.7865, -43.9741
Particle 3 new velocities: -29.7671, -5.21102
0.554961, 24.1488
-29.7723, 159.176
55.4056, 68.4458
73.0057, 0.840169
71.198, -28.9941
Particle 4 new velocities: 126.423, 56.4843
231.997, 32.979
159.204, -89.5664
100.111, 74.2524
245.83, 175.43
122.01, 136.699
Particle 5 new velocities: 335.192, 173.626
152.552, 61.918
80.1435, 193.152
189.617, 269.458
157.024, 198.474
204.585, 248.788
Particle 6 new velocities: 114.735, 6.41638
24.0261, 55.1121
138.198, 137.876
46.7255, 72.6564
24.7927, 66.3976
57.1876, 47.5602
Particle 7 new velocities: -7.54469, -27.658
-3.57714, 29.1048
-55.0818, 13.1925
5.8023, 77.2872
25.6597, 88.5388
36.8589, -96.5581
Particle 8 new velocities: 58.2686, 3.8308
-2.33734, -14.4149
2.29339, 336.49
-37.6914, 41.7454
30.9627, 64.464
-103.125, -75.0481
Particle 9 new velocities: 71.8194, 55.4042
47.7025, 20.1925
183.791, 314.278
59.0885, 87.7437
66.4337, 130.386
41.8869, 37.8714
Particle 10 new velocities: 275.584, 133.414
81.7361, 48.5124
16.772, 66.235
33.0057, 184.224
189.539, 61.4114
118.623, 82.617
Particle 11 new velocities: -43.9288, 3.66242
7.04393, -11.7691
-174.283, -92.8608
-89.6896, 12.7871
-35.0024, -41.563
-63.4429, 13.7828
Particle 12 new velocities: 23.0904, 38.6903
-23.2635, 5.23047
120.678, -0.64449
44.5883, 112.328
24.3384, -4.79113
163.833, 67.9129
Particle 13 new velocities: 22.2042, 42.91
4.90476, 111.396
-14.2225, 85.7362
66.1555, -7.61385
20.4169, 32.69
8.66263, 15.4616
Particle 14 new velocities: 43.601, 19.7648
10.0039, -39.0938
-1.49257, 84.6508
-60.4834, -2.04603
25.1437, 59.4873
76.5328, -12.5888
Particle 15 new velocities: -47.5456, 25.8709
-8.4005, 0.19023
4.88829, -0.0678503
-4.11091, 9.73995
-42.0604, 75.9562
22.3908, -6.992
Particle 16 new velocities: 104.092, 69.8036
186.515, 65.6669
145.263, 198.364
92.5531, 115.308
62.0262, 231.208
116.13, 181.805
Particle 17 new velocities: 149.601, 41.5904
50.4536, 64.5485
77.3798, 175.075
110.629, 111.049
122.467, 94.8086
23.8804, 38.1979
Particle 18 new velocities: -6.3312, 122.368
8.91383, 33.1451
-2.03339, -9.74598
32.2186, -19.2961
-18.5463, 59.3179
82.5968, 25.8644
Particle 19 new velocities: 52.4828, 10.4532
18.1021, 13.6932
-80.2626, 4.07671
136.15, 87.0101
13.9297, -65.0421
50.5367, 52.0773
Particle 20 new velocities: 94.8141, 82.7963
37.6372, 50.3867
100.007, 36.2839
56.8732, 52.1204
-1.73506, 67.9609
66.2564, 71.3668
-- ITERATION 18 --
-------------
Particle: 1:
Relays Coordinates:
210.07, 108.877
63.7751, 128.973
283.5, 253.492
259.904, 246.263
140.589, 263.719
191.236, 165.666
Evaluation Time: 1.26337 seconds
Resulting Fitness: 0.966667
-------------
Particle: 2:
Relays Coordinates:
188.729, 77.7653
110.161, 64.8032
335.492, 350
213.07, 296.866
119.604, 350
147.05, 185.608
Evaluation Time: 1.1939 seconds
Resulting Fitness: 0.983333
New local best!
-------------
Particle: 3:
Relays Coordinates:
228.36, 109.381
62.1057, 114.897
228.355, 315
217.937, 259.197
233.354, 230.431
202.933, 166.478
Evaluation Time: 1.23064 seconds
Resulting Fitness: 0.933333
-------------
Particle: 4:
Relays Coordinates:
156.152, 103.063
185.838, 106.492
142.466, 41.366
110.742, 128.426
181.897, 179.885
87.0815, 144.163
Evaluation Time: 1.1999 seconds
Resulting Fitness: 0.8375
-------------
Particle: 5:
Relays Coordinates:
186.004, 123.251
102.599, 112.975
122.66, 182.717
171.08, 186.004
138.304, 161.365
172.912, 186.004
Evaluation Time: 1.07392 seconds
Resulting Fitness: 0.795833
-------------
Particle: 6:
Relays Coordinates:
186.341, 51.8713
69.2915, 130.05
229.635, 214.988
183.651, 182.581
97.309, 195.9
123.182, 85.8184
Evaluation Time: 1.18609 seconds
Resulting Fitness: 0.954167
-------------
Particle: 7:
Relays Coordinates:
178.873, 40.2791
13.5877, 92.8705
149.865, 194.66
169.808, 200.086
106.679, 197.903
183.007, 102.6
Evaluation Time: 1.25397 seconds
Resulting Fitness: 0.858333
-------------
Particle: 8:
Relays Coordinates:
188.298, 117.645
42.4106, 91.5757
194.275, 255.15
179.194, 207.257
127.761, 227.075
25.3961, 76.7206
Evaluation Time: 1.25878 seconds
Resulting Fitness: 0.975
-------------
Particle: 9:
Relays Coordinates:
191.608, 79.112
96.8288, 115.877
251.606, 283.5
191.569, 241.158
147.285, 241.261
86.0825, 132.532
Evaluation Time: 1.31433 seconds
Resulting Fitness: 0.9625
-------------
Particle: 10:
Relays Coordinates:
186.004, 134.409
82.4988, 124.632
107.764, 134.05
116.391, 169.143
131.306, 131.487
110.359, 110.295
Evaluation Time: 1.04268 seconds
Resulting Fitness: 0.733333
-------------
Particle: 11:
Relays Coordinates:
219.055, 84.0725
75.0733, 64.1421
175.717, 257.139
239.496, 316.288
148.956, 222.519
114.13, 170.279
Evaluation Time: 1.2605 seconds
Resulting Fitness: 1
New local best!
New global best!
-------------
Particle: 12:
Relays Coordinates:
215.653, 163.362
95.0925, 96.8202
319.245, 254.506
217.759, 322.197
256.875, 250.359
350, 273.337
Evaluation Time: 1.19964 seconds
Resulting Fitness: 0.958333
-------------
Particle: 13:
Relays Coordinates:
187.98, 120.447
53.1115, 131.912
261.672, 315
228.751, 213.995
149.19, 217.698
142.952, 157.167
Evaluation Time: 1.2233 seconds
Resulting Fitness: 0.9625
-------------
Particle: 14:
Relays Coordinates:
196.364, 68.7778
42.7052, 142.306
154.536, 242.739
132.859, 113.106
116.706, 172.741
108.304, 88.3479
Evaluation Time: 1.13695 seconds
Resulting Fitness: 0.883333
-------------
Particle: 15:
Relays Coordinates:
179.711, 81.4333
44.9454, 92.1298
313.983, 314.856
190.808, 227.713
114.238, 243.39
161.281, 165.58
Evaluation Time: 1.27118 seconds
Resulting Fitness: 0.979167
-------------
Particle: 16:
Relays Coordinates:
127.992, 69.8349
163.95, 75.2226
186.004, 186.004
120.608, 159.219
82.5313, 186.004
160.076, 173.215
Evaluation Time: 1.15035 seconds
Resulting Fitness: 0.854167
-------------
Particle: 17:
Relays Coordinates:
245.451, 80.0794
82.5326, 166.933
223.814, 255.15
216.126, 222.167
187.032, 212.362
96.5727, 99.7301
Evaluation Time: 1.29592 seconds
Resulting Fitness: 0.95
-------------
Particle: 18:
Relays Coordinates:
206.322, 169.05
62.1687, 135.329
253.32, 246.379
221.905, 186.152
144.412, 240.325
164.968, 168.552
Evaluation Time: 1.27817 seconds
Resulting Fitness: 0.916667
-------------
Particle: 19:
Relays Coordinates:
231.584, 162.433
60.3444, 134.12
211.264, 235.608
227.066, 268.093
124.101, 173.158
191.047, 190.122
Evaluation Time: 1.32731 seconds
Resulting Fitness: 0.929167
-------------
Particle: 20:
Relays Coordinates:
227.418, 103.78
71.0642, 126.619
283.5, 236.061
190.322, 145.615
100.839, 217.931
138.245, 204.261
Evaluation Time: 1.2458 seconds
Resulting Fitness: 0.970833
Current global best fitness: 1
Current global best relays: 219.055, 84.0725
75.0733, 64.1421
175.717, 257.139
239.496, 316.288
148.956, 222.519
114.13, 170.279
Particle 1 new velocities: 51.883, -22.7846
18.7178, -6.75147
-75.5501, -32.0424
47.4772, 58.8301
44.5278, 2.93627
-71.6306, -1.49589
Particle 2 new velocities: -12.7194, 5.65093
-8.51095, -23.8637
-40.1998, -38.7126
2.11248, -41.4569
-50.352, -96.152
-28.714, -45.9643
Particle 3 new velocities: -22.384, -33.1685
18.3876, -43.9339
-44.0807, -35.609
87.4984, 62.1848
-24.2247, -55.4596
-190.186, 1.46833
Particle 4 new velocities: 256.241, 152.082
66.2422, 256.547
136.513, 180.735
184.008, 372.416
288.065, 158.28
75.3645, 173.644
Particle 5 new velocities: 121.423, 236.872
135.312, 205.547
86.481, 311.851
184.793, -78.5677
128.562, 105.78
166.229, 4.25138
Particle 6 new velocities: 171.915, 83.8721
162.836, 39.2303
-36.5388, 141.366
42.0164, 159.021
82.1358, 79.2127
37.02, 93.4145
Particle 7 new velocities: 88.9577, 81.8467
36.1358, -8.56515
8.61132, 103.733
57.1638, 260.97
127.727, 168.28
-32.2922, -7.5991
Particle 8 new velocities: 59.9217, 1.31343
8.65922, 30.3628
-50.5276, -261.089
122.362, 96.5335
48.9668, 50.8946
0.649148, -9.15253
Particle 9 new velocities: 92.1478, 86.0394
17.4938, 44.9947
65.6019, -71.3204
145.74, 25.7342
56.6511, 103.405
35.412, -28.8926
Particle 10 new velocities: 168.546, 57.9597
70.6602, 66.5479
176.515, 307.173
99.8219, 270.082
241.18, 238.66
66.7126, 78.4338
Particle 11 new velocities: -35.143, 2.92994
5.63514, -9.41532
-139.426, -74.2886
-71.7517, 10.2297
-28.0019, -33.2504
-50.7543, 11.0262
Particle 12 new velocities: 19.6135, -26.9479
-26.0936, -21.2699
-201.589, -72.4494
5.17051, 55.714
-80.7118, 63.4425
-168.285, 1.71617
Particle 13 new velocities: 43.4439, 13.9148
14.7856, -43.2044
-32.9489, -41.6262
63.4007, 75.3326
16.3224, 60.3476
-35.6205, 11.1771
Particle 14 new velocities: 61.2479, 23.3722
16.694, -78.3761
36.5716, 69.718
30.9109, 37.3541
36.4816, 81.7807
61.9179, 84.3585
Particle 15 new velocities: -1.38976, 14.72
40.9163, -23.0392
-67.9926, -71.6069
36.2416, 96.558
8.793, 13.2615
4.33155, -0.606006
Particle 16 new velocities: 141.771, 67.0143
139.826, 81.2469
83.6013, 7.97135
187.164, 481.196
139.332, 202.16
244.322, 177.688
Particle 17 new velocities: 126.836, 42.2439
45.3395, 30.9002
60.8815, 73.8579
120.957, 97.2767
95.6099, 96.3716
-2.76832, 97.2745
Particle 18 new velocities: 3.05692, 1.2251
12.56, -16.6839
-63.7099, -40.2561
15.076, -45.1338
82.5358, -78.6669
39.3185, -0.126609
Particle 19 new velocities: -14.4838, -40.8656
20.0676, 11.9433
-31.9231, -165.664
172.732, 96.9755
37.2698, -35.5789
-150.161, -91.9376
Particle 20 new velocities: 155.381, 41.1722
33.337, -13.0444
-89.8513, 50.8232
107.808, 99.3348
23.6717, 62.9333
15.8777, 4.32174
-- ITERATION 19 --
-------------
Particle: 1:
Relays Coordinates:
261.953, 86.092
82.4929, 122.222
207.95, 221.45
307.382, 305.093
185.117, 266.655
119.605, 164.17
Evaluation Time: 1.42341 seconds
Resulting Fitness: 0.958333
-------------
Particle: 2:
Relays Coordinates:
176.01, 83.4163
101.65, 40.9395
295.293, 311.287
215.183, 255.409
69.2522, 253.848
118.336, 139.644
Evaluation Time: 1.23022 seconds
Resulting Fitness: 0.970833
-------------
Particle: 3:
Relays Coordinates:
205.976, 76.2123
80.4933, 70.9628
184.274, 279.391
305.436, 321.382
209.129, 174.971
12.7467, 167.946
Evaluation Time: 1.31844 seconds
Resulting Fitness: 0.983333
-------------
Particle: 4:
Relays Coordinates:
150.664, 109.832
108.512, 150.664
120.091, 95.6072
126.88, 150.664
150.664, 145.569
69.9277, 136.805
Evaluation Time: 0.987393 seconds
Resulting Fitness: 0.691667
-------------
Particle: 5:
Relays Coordinates:
119.104, 135.597
92.1716, 123.402
81.0256, 135.597
135.597, 41.6231
103.389, 103.497
131.39, 73.709
Evaluation Time: 0.975916 seconds
Resulting Fitness: 0.679167
-------------
Particle: 6:
Relays Coordinates:
206.672, 80.1551
137.069, 99.9582
114.021, 206.672
133.254, 201.712
105.96, 162.451
94.5977, 105.835
Evaluation Time: 1.05237 seconds
Resulting Fitness: 0.808333
-------------
Particle: 7:
Relays Coordinates:
195.248, 89.0298
36.2484, 61.4586
115.529, 217.528
165.462, 255.15
170.882, 255.15
109.871, 69.2556
Evaluation Time: 1.35199 seconds
Resulting Fitness: 0.9
-------------
Particle: 8:
Relays Coordinates:
201.058, 96.3562
41.3666, 98.7702
116.435, 0
244.261, 246.071
143.149, 225.155
21.0966, 54.7302
Evaluation Time: 1.30514 seconds
Resulting Fitness: 0.983333
New local best!
-------------
Particle: 9:
Relays Coordinates:
255.38, 148.636
102.89, 144.785
285.487, 190.962
303.577, 240.203
183.542, 310.199
109.345, 93.2753
Evaluation Time: 1.35764 seconds
Resulting Fitness: 0.9625
-------------
Particle: 10:
Relays Coordinates:
206.672, 113.592
90.4388, 112.89
167.864, 206.672
127.671, 206.672
206.672, 206.672
104.559, 111.442
Evaluation Time: 1.23736 seconds
Resulting Fitness: 0.975
-------------
Particle: 11:
Relays Coordinates:
183.912, 87.0024
80.7084, 54.7267
36.2906, 182.851
167.744, 326.518
120.954, 189.268
63.3757, 181.305
Evaluation Time: 1.26064 seconds
Resulting Fitness: 0.895833
-------------
Particle: 12:
Relays Coordinates:
235.266, 136.414
68.9989, 75.5503
117.656, 182.056
222.929, 350
176.163, 313.801
181.715, 275.053
Evaluation Time: 1.32253 seconds
Resulting Fitness: 0.975
-------------
Particle: 13:
Relays Coordinates:
231.424, 134.361
67.8971, 88.7078
228.723, 273.374
292.152, 289.327
165.513, 278.045
107.331, 168.344
Evaluation Time: 1.36352 seconds
Resulting Fitness: 0.983333
-------------
Particle: 14:
Relays Coordinates:
257.612, 92.1501
59.3992, 63.9298
191.108, 312.457
163.77, 150.461
153.188, 254.522
170.222, 172.706
Evaluation Time: 1.34843 seconds
Resulting Fitness: 0.941667
-------------
Particle: 15:
Relays Coordinates:
178.321, 96.1533
85.8617, 69.0907
245.99, 243.249
227.05, 324.271
123.031, 256.651
165.613, 164.974
Evaluation Time: 1.2615 seconds
Resulting Fitness: 0.975
-------------
Particle: 16:
Relays Coordinates:
129.027, 65.4545
145.295, 74.8389
128.952, 92.778
147.207, 167.404
106.117, 167.404
167.404, 167.404
Evaluation Time: 1.10329 seconds
Resulting Fitness: 0.770833
-------------
Particle: 17:
Relays Coordinates:
229.635, 80.2563
83.8969, 129.798
186.789, 215.862
221.16, 209.587
185.441, 202.56
61.5451, 129.255
Evaluation Time: 1.42353 seconds
Resulting Fitness: 0.916667
-------------
Particle: 18:
Relays Coordinates:
209.379, 170.275
74.7286, 118.645
189.61, 206.123
236.981, 141.018
226.948, 161.658
204.287, 168.426
Evaluation Time: 1.28095 seconds
Resulting Fitness: 0.916667
-------------
Particle: 19:
Relays Coordinates:
115.376, 64.6058
42.7343, 77.624
95.3089, 37.1715
186.004, 186.004
85.759, 73.1153
21.7288, 52.179
Evaluation Time: 1.18158 seconds
Resulting Fitness: 0.808333
-------------
Particle: 20:
Relays Coordinates:
350, 144.952
104.401, 113.575
193.649, 286.885
298.13, 244.95
124.511, 280.865
154.123, 208.583
Evaluation Time: 1.33198 seconds
Resulting Fitness: 0.916667
Current global best fitness: 1
Current global best relays: 219.055, 84.0725
75.0733, 64.1421
175.717, 257.139
239.496, 316.288
148.956, 222.519
114.13, 170.279
Particle 1 new velocities: -33.6889, 103.552
-16.033, -33.9769
56.3055, -36.5261
-70.7558, -16.8523
25.5359, 20.3807
12.2483, -1.00403
Particle 2 new velocities: 15.1647, -2.98474
-7.99251, 29.2855
-119.818, -29.7124
31.6607, 11.4466
32.2462, -37.9417
11.9402, -25.7753
Particle 3 new velocities: 43.2041, -11.0804
1.77947, 1.70535
33.0509, -34.0653
-82.6067, -83.6789
-149.038, -15.7098
-53.0226, 16.1458
Particle 4 new velocities: 164.687, 139.021
73.8938, 76.9185
174.639, 179.734
286.409, 230.576
253.992, 156.452
36.2063, 224.807
Particle 5 new velocities: 251.319, 31.4109
246.707, 153.811
251.613, 80.4989
195.014, 10.7989
111.204, 159.636
135.408, 103.398
Particle 6 new velocities: 52.5416, 85.2918
146.162, -3.26469
54.0278, 85.8291
112.682, 234.564
137.058, 163.376
81.5616, 56.1278
Particle 7 new velocities: 127.694, 88.9351
20.2882, 72.2542
149.18, 133.778
118.426, 69.1593
84.7002, -33.5106
50.2958, 144.876
Particle 8 new velocities: 49.6176, -9.01426
34.0753, 3.63706
-24.0365, 215.908
97.6714, 98.8121
46.247, 39.9754
34.0792, -2.18684
Particle 9 new velocities: -19.1756, 5.5524
-21.0334, -16.8521
-115.204, 47.2693
89.8464, 59.887
30.2767, -51.8278
-11.9241, 16.1541
Particle 10 new velocities: 102.413, 13.8367
52.0473, 31.8649
159.2, 194.88
133.314, 108.074
-9.74393, 83.5722
57.759, 95.1392
Particle 11 new velocities: 52.1855, -1.12135
-2.8723, 9.07199
233.041, 97.322
44.0311, -5.77174
13.498, 26.146
62.7951, 4.14972
Particle 12 new velocities: -17.4848, -34.3603
-9.64786, -41.4011
-0.610837, -19.9197
-24.8802, -56.5224
-54.2548, -14.4974
53.1586, -107.23
Particle 13 new velocities: -3.19654, 12.7536
-7.94506, -49.9571
1.19953, -42.4114
-161.001, 79.9104
-0.185431, 13.0092
4.78156, 6.5193
Particle 14 new velocities: -31.5123, -16.6628
10.065, 153.323
18.659, -26.228
114.774, 73.3598
18.9049, 52.4108
-86.6318, 22.2053
Particle 15 new velocities: 71.1355, 9.22238
-23.1405, 1.3957
-40.0808, 5.43823
-3.76029, 6.24698
15.4407, -59.8914
-40.7181, 7.31209
Particle 16 new velocities: 202.026, 84.4078
257.979, 76.7582
211.129, 252.308
242.549, 242.76
168.832, 112.584
52.0511, 47.0611
Particle 17 new velocities: 2.45816, 45.6939
32.7986, 103.137
128.384, 140.014
124.532, 147.27
78.1226, 112.922
8.698, 30.9909
Particle 18 new velocities: 5.31262, -94.5839
9.33315, -12.4818
6.97069, -24.0975
-12.2897, 169.464
-39.1904, -17.8625
-68.0252, -37.1132
Particle 19 new velocities: 112.465, 90.1934
49.2311, 211.496
7.7798, 1.65918
82.2589, 99.8888
104.907, 90.3308
-105.208, 32.7867
Particle 20 new velocities: -142.215, -4.60448
4.52602, -66.223
44.8823, -31.5731
21.8617, 67.5297
11.1233, -91.9853
-109.386, -23.3357
-- ITERATION 20 --
-------------
Particle: 1:
Relays Coordinates:
228.264, 189.644
66.4599, 88.2449
264.255, 184.924
236.626, 288.241
210.653, 287.036
131.853, 163.166
Evaluation Time: 1.21164 seconds
Resulting Fitness: 0.966667
-------------
Particle: 2:
Relays Coordinates:
191.174, 80.4315
93.658, 70.225
175.475, 281.575
246.844, 266.856
101.498, 215.906
130.276, 113.869
Evaluation Time: 1.25527 seconds
Resulting Fitness: 0.975
-------------
Particle: 3:
Relays Coordinates:
201.836, 52.7568
66.6409, 58.8612
176.033, 198.714
180.492, 192.539
48.6735, 129.002
0, 149.115
Evaluation Time: 1.2111 seconds
Resulting Fitness: 0.833333
-------------
Particle: 4:
Relays Coordinates:
150.831, 119.026
87.2443, 108.852
140.969, 131.695
167.404, 167.404
167.404, 144.455
50.7636, 167.404
Evaluation Time: 1.01566 seconds
Resulting Fitness: 0.766667
-------------
Particle: 5:
Relays Coordinates:
167.404, 79.8794
162.085, 132.59
159.1, 103.358
158.131, 25.0733
102.64, 125.856
127.609, 84.7099
Evaluation Time: 0.958553 seconds
Resulting Fitness: 0.675
-------------
Particle: 6:
Relays Coordinates:
153.063, 97.6947
167.245, 57.0966
99.2314, 172.719
145.223, 206.672
143.5, 192.398
104.02, 95.6375
Evaluation Time: 1.15597 seconds
Resulting Fitness: 0.8
-------------
Particle: 7:
Relays Coordinates:
322.943, 177.965
56.5366, 133.713
264.709, 350
283.888, 324.309
255.583, 221.639
160.167, 214.132
Evaluation Time: 1.16447 seconds
Resulting Fitness: 0.933333
-------------
Particle: 8:
Relays Coordinates:
203.047, 70.747
61.1079, 82.9499
74.8428, 174.885
276.965, 279.355
153.411, 214.756
44.6924, 42.5601
Evaluation Time: 1.23349 seconds
Resulting Fitness: 0.9625
-------------
Particle: 9:
Relays Coordinates:
236.204, 154.189
81.8569, 127.933
170.283, 238.231
350, 300.09
213.819, 258.371
97.421, 109.429
Evaluation Time: 1.33448 seconds
Resulting Fitness: 0.945833
-------------
Particle: 10:
Relays Coordinates:
225.322, 92.8954
103.872, 105.526
238.43, 255.15
190.258, 229.45
143.56, 211.588
118.33, 150.598
Evaluation Time: 1.19759 seconds
Resulting Fitness: 0.979167
-------------
Particle: 11:
Relays Coordinates:
236.098, 85.881
77.8361, 63.7987
269.332, 280.173
211.776, 320.746
134.452, 215.414
126.171, 185.455
Evaluation Time: 1.27821 seconds
Resulting Fitness: 0.954167
-------------
Particle: 12:
Relays Coordinates:
217.781, 102.053
59.3511, 34.1492
117.045, 162.136
198.049, 293.478
121.908, 299.304
234.874, 167.823
Evaluation Time: 1.39835 seconds
Resulting Fitness: 0.979167
-------------
Particle: 13:
Relays Coordinates:
228.227, 147.115
59.9521, 38.7507
229.923, 230.962
131.151, 350
165.327, 291.055
112.113, 174.863
Evaluation Time: 1.2627 seconds
Resulting Fitness: 0.9625
-------------
Particle: 14:
Relays Coordinates:
164.827, 55.0303
50.6394, 158.377
152.92, 208.661
203.059, 163.165
125.456, 223.754
60.9374, 142.091
Evaluation Time: 1.2082 seconds
Resulting Fitness: 0.8375
-------------
Particle: 15:
Relays Coordinates:
249.457, 105.376
62.7212, 70.4864
205.909, 248.688
223.289, 330.518
138.472, 196.76
124.895, 172.286
Evaluation Time: 1.22221 seconds
Resulting Fitness: 0.983333
-------------
Particle: 16:
Relays Coordinates:
158.341, 71.6787
167.404, 72.5084
162.66, 165.053
167.404, 167.404
131.507, 133.917
104.965, 102.578
Evaluation Time: 1.00592 seconds
Resulting Fitness: 0.7625
-------------
Particle: 17:
Relays Coordinates:
187.995, 102.02
94.5234, 188.678
255.29, 283.5
280.011, 283.5
213.487, 255.54
56.8969, 129.799
Evaluation Time: 1.30674 seconds
Resulting Fitness: 0.975
-------------
Particle: 18:
Relays Coordinates:
214.692, 75.6913
84.0618, 106.163
196.581, 182.025
224.691, 310.482
187.757, 143.795
136.262, 131.312
Evaluation Time: 1.23937 seconds
Resulting Fitness: 0.933333
-------------
Particle: 19:
Relays Coordinates:
205.057, 139.319
82.7688, 260.208
92.7799, 34.9476
241.437, 257.304
171.599, 147.102
0, 76.4691
Evaluation Time: 1.2543 seconds
Resulting Fitness: 0.933333
-------------
Particle: 20:
Relays Coordinates:
207.785, 140.347
108.927, 47.3519
238.531, 255.312
319.992, 312.479
135.634, 188.879
44.7365, 185.247
Evaluation Time: 1.27048 seconds
Resulting Fitness: 0.958333
Final Evaluation Time: 517.78 seconds
Final global best fitness: 1
Final global best relays:
219.055, 84.0725
75.0733, 64.1421
175.717, 257.139
239.496, 316.288
148.956, 222.519
114.13, 170.279
