PSO EXECUTION
============================
Seed: 37283284
Particles: 20
Relays: 5
Iterations: 20
Backend: Simulation
Network Configuration: 1
Area: 350 x 350
Sink: 0, 0
Simulated Relay range: 155
w: 0.8
c1: 1.7
c2: 1.3

Relay Nodes Positions: 
PARTICLE 1: 
33.4147, 12.6971
304.341, 53.8103
130.203, 179.875
114.09, 30.7126
225.624, 184.379
PARTICLE 2: 
49.3217, 72.9305
55.8676, 254.442
209.352, 11.5151
154.557, 90.3567
4.19979, 197.068
PARTICLE 3: 
65.0912, 4.5866
57.1625, 42.2508
148.3, 75.4079
144.783, 109.124
90.0362, 5.07006
PARTICLE 4: 
60.4147, 62.6758
323.987, 275.306
127, 50.386
190.97, 207.273
148.351, 164.6
PARTICLE 5: 
85.162, 6.20503
211.676, 129.067
295.242, 28.115
256.473, 198.536
171.838, 94.2584
PARTICLE 6: 
306.197, 258.866
133.974, 38.6387
339.634, 118.908
208.444, 290.604
197.323, 143.081
PARTICLE 7: 
311.827, 233.054
240.141, 96.4884
64.4837, 29.6734
341.898, 34.628
99.6288, 133.996
PARTICLE 8: 
76.9216, 43.5706
170.19, 235.926
41.0999, 73.0368
182.561, 141.902
206.583, 24.9757
PARTICLE 9: 
132.318, 146.785
201.583, 90.5569
319.21, 226.85
92.016, 10.0659
322.206, 165.293
PARTICLE 10: 
2.12926, 107.034
84.0004, 193.096
313.788, 282.284
204.098, 178.058
220.536, 285.079
PARTICLE 11: 
271.527, 224.609
136.675, 30.5915
74.6615, 159.528
27.4583, 304.28
258.362, 125.564
PARTICLE 12: 
252.197, 158.779
71.1063, 224.697
66.2323, 71.2958
161.297, 260.747
69.919, 163.411
PARTICLE 13: 
150.902, 141.396
156.768, 279.361
183.577, 166.442
146.907, 122.148
82.2786, 19.6836
PARTICLE 14: 
79.2369, 72.7716
202.021, 37.3947
160.227, 72.0876
97.0941, 42.0638
102.43, 176.706
PARTICLE 15: 
69.2007, 121.335
288.815, 128.531
108.456, 178.02
90.0461, 300.378
215.418, 132.435
PARTICLE 16: 
217.572, 347.337
72.6089, 186.139
25.3626, 117.926
154.959, 195.287
241.547, 318.427
PARTICLE 17: 
110.002, 182.636
76.5112, 35.2569
244.914, 218.238
222.772, 95.8111
218.838, 44.822
PARTICLE 18: 
69.4716, 129.916
6.84152, 151.604
202.76, 152.255
301.13, 38.423
242.309, 197.355
PARTICLE 19: 
36.829, 30.995
25.2692, 147.674
284.158, 169.999
88.444, 8.46542
134.485, 190.106
PARTICLE 20: 
192.918, 209.672
275.061, 85.9295
160.357, 123.156
134.652, 54.038
250.513, 146.1
Nodes Positions: 
113.001, 64.9085
181.518, 42.4974
259.72, 235.093
5.93922, 165.152
218.843, 196.614
43.8501, 154.006
342.894, 112.562
135.299, 264.825
160.705, 129.493
320.689, 29.082
66.3196, 338.242
274.557, 21.4516
145.756, 59.7172
241.415, 100.345
295.924, 11.2715
25.1297, 240.231
266.996, 301.547
78.6802, 0.0960066
33.8658, 322.513
194.589, 80.2092
35.2156, 345.646
93.5407, 277.9
228.31, 254.557
83.905, 146.848
11.8064, 282.277
309.66, 183.221
248.038, 309.633
184.06, 331.718
155.543, 206.21
326.013, 186.774
96.357, 221.721
127.426, 135.973
333.221, 48.074
299.525, 173.964
167.55, 121.328
55.7011, 89.2967
287.293, 296.992
213.183, 218.342
201.98, 72.2107
121.839, 250.472
All particles start with velocity zero
-- ITERATION 0 --
-------------
Particle: 1:
Relays Coordinates:
33.4147, 12.6971
304.341, 53.8103
130.203, 179.875
114.09, 30.7126
225.624, 184.379
Evaluation Time: 1.28668 seconds
Resulting Fitness: 0.870833
New local best!
New global best!
-------------
Particle: 2:
Relays Coordinates:
49.3217, 72.9305
55.8676, 254.442
209.352, 11.5151
154.557, 90.3567
4.19979, 197.068
Evaluation Time: 1.07652 seconds
Resulting Fitness: 0.770833
New local best!
-------------
Particle: 3:
Relays Coordinates:
65.0912, 4.5866
57.1625, 42.2508
148.3, 75.4079
144.783, 109.124
90.0362, 5.07006
Evaluation Time: 0.916599 seconds
Resulting Fitness: 0.525
New local best!
-------------
Particle: 4:
Relays Coordinates:
60.4147, 62.6758
323.987, 275.306
127, 50.386
190.97, 207.273
148.351, 164.6
Evaluation Time: 1.22083 seconds
Resulting Fitness: 0.791667
New local best!
-------------
Particle: 5:
Relays Coordinates:
85.162, 6.20503
211.676, 129.067
295.242, 28.115
256.473, 198.536
171.838, 94.2584
Evaluation Time: 1.26351 seconds
Resulting Fitness: 0.804167
New local best!
-------------
Particle: 6:
Relays Coordinates:
306.197, 258.866
133.974, 38.6387
339.634, 118.908
208.444, 290.604
197.323, 143.081
Evaluation Time: 1.16675 seconds
Resulting Fitness: 0.825
New local best!
-------------
Particle: 7:
Relays Coordinates:
311.827, 233.054
240.141, 96.4884
64.4837, 29.6734
341.898, 34.628
99.6288, 133.996
Evaluation Time: 1.14132 seconds
Resulting Fitness: 0.8125
New local best!
-------------
Particle: 8:
Relays Coordinates:
76.9216, 43.5706
170.19, 235.926
41.0999, 73.0368
182.561, 141.902
206.583, 24.9757
Evaluation Time: 1.23587 seconds
Resulting Fitness: 0.904167
New local best!
New global best!
-------------
Particle: 9:
Relays Coordinates:
132.318, 146.785
201.583, 90.5569
319.21, 226.85
92.016, 10.0659
322.206, 165.293
Evaluation Time: 1.16579 seconds
Resulting Fitness: 0.8375
New local best!
-------------
Particle: 10:
Relays Coordinates:
2.12926, 107.034
84.0004, 193.096
313.788, 282.284
204.098, 178.058
220.536, 285.079
Evaluation Time: 1.24306 seconds
Resulting Fitness: 0.8625
New local best!
-------------
Particle: 11:
Relays Coordinates:
271.527, 224.609
136.675, 30.5915
74.6615, 159.528
27.4583, 304.28
258.362, 125.564
Evaluation Time: 1.15427 seconds
Resulting Fitness: 0.845833
New local best!
-------------
Particle: 12:
Relays Coordinates:
252.197, 158.779
71.1063, 224.697
66.2323, 71.2958
161.297, 260.747
69.919, 163.411
Evaluation Time: 1.37654 seconds
Resulting Fitness: 0.9625
New local best!
New global best!
-------------
Particle: 13:
Relays Coordinates:
150.902, 141.396
156.768, 279.361
183.577, 166.442
146.907, 122.148
82.2786, 19.6836
Evaluation Time: 1.3346 seconds
Resulting Fitness: 0.854167
New local best!
-------------
Particle: 14:
Relays Coordinates:
79.2369, 72.7716
202.021, 37.3947
160.227, 72.0876
97.0941, 42.0638
102.43, 176.706
Evaluation Time: 1.00961 seconds
Resulting Fitness: 0.7125
New local best!
-------------
Particle: 15:
Relays Coordinates:
69.2007, 121.335
288.815, 128.531
108.456, 178.02
90.0461, 300.378
215.418, 132.435
Evaluation Time: 1.25547 seconds
Resulting Fitness: 0.866667
New local best!
-------------
Particle: 16:
Relays Coordinates:
217.572, 347.337
72.6089, 186.139
25.3626, 117.926
154.959, 195.287
241.547, 318.427
Evaluation Time: 1.15011 seconds
Resulting Fitness: 0.841667
New local best!
-------------
Particle: 17:
Relays Coordinates:
110.002, 182.636
76.5112, 35.2569
244.914, 218.238
222.772, 95.8111
218.838, 44.822
Evaluation Time: 1.29729 seconds
Resulting Fitness: 0.8875
New local best!
-------------
Particle: 18:
Relays Coordinates:
69.4716, 129.916
6.84152, 151.604
202.76, 152.255
301.13, 38.423
242.309, 197.355
Evaluation Time: 1.16949 seconds
Resulting Fitness: 0.891667
New local best!
-------------
Particle: 19:
Relays Coordinates:
36.829, 30.995
25.2692, 147.674
284.158, 169.999
88.444, 8.46542
134.485, 190.106
Evaluation Time: 1.34598 seconds
Resulting Fitness: 0.8625
New local best!
-------------
Particle: 20:
Relays Coordinates:
192.918, 209.672
275.061, 85.9295
160.357, 123.156
134.652, 54.038
250.513, 146.1
Evaluation Time: 1.1662 seconds
Resulting Fitness: 0.854167
New local best!
Current global best fitness: 0.9625
Current global best relays: 252.197, 158.779
71.1063, 224.697
66.2323, 71.2958
161.297, 260.747
69.919, 163.411
Particle 1 new velocities: 76.1553, 186.12
-213.68, 15.054
-19.5992, -24.1622
59.4255, 107.326
-6.26245, -21.865
Particle 2 new velocities: 76.6258, 35.7857
5.66222, -30.5979
-160.545, 22.7243
0.288029, 120.996
67.5983, -39.3962
Particle 3 new velocities: 166.381, 178.51
12.7218, 54.9378
-35.0076, -3.24926
7.25774, 62.4945
-17.7737, 103.141
Particle 4 new velocities: 73.5475, 44.5729
-47.3626, -20.002
-1.65078, 26.5359
-13.4667, 17.8083
-4.15701, -0.703623
Particle 5 new velocities: 39.7111, 69.2575
-124.859, 4.70371
-152.057, 8.65108
-91.7074, 40.2731
-65.8103, 8.23152
Particle 6 new velocities: -15.6614, -16.6372
-29.3502, 61.084
-339.358, -1.43091
-7.00085, -34.6454
-123.443, 0.495251
Particle 7 new velocities: -55.4644, -27.2876
-155.136, 2.97714
1.87448, 38.0506
-171.581, 226.001
-7.05925, 36.3479
Particle 8 new velocities: 113.256, 32.2991
-24.5851, -3.9697
14.0301, -1.15692
-3.00215, 15.5225
-77.9986, 17.3096
Particle 9 new velocities: 31.1484, 11.5908
-134.757, 136.042
-178.032, -17.4245
25.4597, 193.157
-314.918, -2.28386
Particle 10 new velocities: 183.837, 50.1503
-4.416, 15.5754
-133.003, -17.5155
-42.5551, 11.5578
-112.3, -144.161
Particle 11 new velocities: -13.4452, -39.7807
-82.8691, 241.553
-2.55847, -77.5815
142.219, -48.12
-213.929, 11.9283
Particle 12 new velocities: 0, 0
0, 0
0, 0
0, 0
0, 0
Particle 13 new velocities: 56.2528, 11.4622
-108.05, -42.4063
-60.6868, -23.9971
11.9691, 84.4862
-11.3407, 181.046
Particle 14 new velocities: 158.937, 45.3641
-31.1153, 162.254
-117.884, -0.0375499
10.6339, 39.5721
-16.9652, -12.4724
Particle 15 new velocities: 200.423, 24.8695
-157.752, 32.2348
-11.6822, -34.7981
82.0613, -49.7396
-46.3663, 28.6037
Particle 16 new velocities: 14.9331, -156.18
-1.42046, 31.7368
35.1445, -53.1698
1.66894, 62.4414
-51.5119, -116.269
Particle 17 new velocities: 174.271, -28.2023
-1.25208, 46.4969
-208.352, -143.576
-22.972, 187.785
-48.1781, 73.019
Particle 18 new velocities: 115.01, 33.1174
52.1273, 0.108165
-54.7402, -37.0552
-103.23, 35.0531
-162.72, -21.8405
Particle 19 new velocities: 114.163, 97.7529
8.70253, 73.2312
-280.124, -38.3206
5.52539, 305.463
-77.2436, -21.4089
Particle 20 new velocities: 25.7678, -23.6132
-148.195, 162.602
-71.2108, -57.2818
29.6532, 89.0673
-24.727, 1.61037
-- ITERATION 1 --
-------------
Particle: 1:
Relays Coordinates:
109.57, 198.817
90.6611, 68.8643
110.604, 155.713
173.515, 138.039
219.361, 162.514
Evaluation Time: 1.25822 seconds
Resulting Fitness: 0.858333
-------------
Particle: 2:
Relays Coordinates:
125.948, 108.716
61.5298, 223.844
48.8069, 34.2394
154.845, 211.353
71.7981, 157.671
Evaluation Time: 1.11889 seconds
Resulting Fitness: 0.820833
New local best!
-------------
Particle: 3:
Relays Coordinates:
231.472, 183.097
69.8843, 97.1886
113.292, 72.1586
152.041, 171.618
72.2625, 108.211
Evaluation Time: 1.1939 seconds
Resulting Fitness: 0.795833
New local best!
-------------
Particle: 4:
Relays Coordinates:
133.962, 107.249
276.624, 255.304
125.349, 76.9219
177.503, 225.081
144.194, 163.897
Evaluation Time: 1.12686 seconds
Resulting Fitness: 0.770833
-------------
Particle: 5:
Relays Coordinates:
124.873, 75.4625
86.8173, 133.771
143.185, 36.7661
164.766, 238.809
106.028, 102.49
Evaluation Time: 1.22982 seconds
Resulting Fitness: 0.8375
New local best!
-------------
Particle: 6:
Relays Coordinates:
261.482, 218.006
94.1616, 89.7504
0.248429, 105.729
181.299, 230.363
66.4922, 129.218
Evaluation Time: 1.1809 seconds
Resulting Fitness: 0.775
-------------
Particle: 7:
Relays Coordinates:
256.363, 205.766
85.005, 99.4655
66.3582, 67.7241
170.317, 260.629
92.5695, 170.344
Evaluation Time: 1.22663 seconds
Resulting Fitness: 0.8625
New local best!
-------------
Particle: 8:
Relays Coordinates:
190.178, 75.8697
145.604, 231.957
55.13, 71.8799
179.559, 157.424
128.585, 42.2852
Evaluation Time: 1.31755 seconds
Resulting Fitness: 0.9
-------------
Particle: 9:
Relays Coordinates:
147.119, 142.539
60.143, 203.939
127.06, 188.483
105.728, 182.901
6.55925, 146.708
Evaluation Time: 1.06302 seconds
Resulting Fitness: 0.729167
-------------
Particle: 10:
Relays Coordinates:
150.632, 127.319
64.4634, 169.024
146.436, 214.463
130.85, 153.589
87.6709, 114.144
Evaluation Time: 1.11756 seconds
Resulting Fitness: 0.7875
-------------
Particle: 11:
Relays Coordinates:
258.082, 184.829
53.8054, 272.144
72.103, 81.9466
169.678, 256.16
44.4331, 137.492
Evaluation Time: 1.39348 seconds
Resulting Fitness: 0.908333
New local best!
-------------
Particle: 12:
Relays Coordinates:
252.197, 158.779
71.1063, 224.697
66.2323, 71.2958
161.297, 260.747
69.919, 163.411
Evaluation Time: 1.35634 seconds
Resulting Fitness: 0.9625
-------------
Particle: 13:
Relays Coordinates:
167.796, 123.816
39.4614, 191.934
99.5409, 115.38
128.689, 167.374
57.4597, 162.591
Evaluation Time: 1.10946 seconds
Resulting Fitness: 0.729167
-------------
Particle: 14:
Relays Coordinates:
238.174, 118.136
170.905, 199.649
42.3428, 72.05
107.728, 81.6359
85.4651, 164.234
Evaluation Time: 1.31596 seconds
Resulting Fitness: 0.904167
New local best!
-------------
Particle: 15:
Relays Coordinates:
218.395, 118.426
106.161, 130.221
78.387, 116.009
139.407, 203.017
136.932, 130.441
Evaluation Time: 1.19686 seconds
Resulting Fitness: 0.883333
New local best!
-------------
Particle: 16:
Relays Coordinates:
232.505, 191.157
71.1884, 217.875
60.5071, 64.7562
156.628, 257.728
190.035, 202.157
Evaluation Time: 1.19406 seconds
Resulting Fitness: 0.791667
-------------
Particle: 17:
Relays Coordinates:
284.273, 154.434
75.2591, 81.7537
36.5624, 74.6617
199.8, 283.596
170.66, 117.841
Evaluation Time: 1.15767 seconds
Resulting Fitness: 0.858333
-------------
Particle: 18:
Relays Coordinates:
166.033, 146.73
53.0719, 136.541
133.217, 103.68
178.109, 66.1285
71.6303, 157.963
Evaluation Time: 1.06302 seconds
Resulting Fitness: 0.7625
-------------
Particle: 19:
Relays Coordinates:
150.992, 128.748
33.9717, 220.905
4.03381, 131.679
93.9694, 313.929
57.2411, 168.697
Evaluation Time: 1.15477 seconds
Resulting Fitness: 0.741667
-------------
Particle: 20:
Relays Coordinates:
218.686, 186.059
126.866, 248.532
89.1461, 65.8741
164.306, 143.105
225.786, 147.71
Evaluation Time: 1.32664 seconds
Resulting Fitness: 0.95
New local best!
Current global best fitness: 0.9625
Current global best relays: 252.197, 158.779
71.1063, 224.697
66.2323, 71.2958
161.297, 260.747
69.919, 163.411
Particle 1 new velocities: 110.651, 79.4711
28.4785, 71.431
-44.636, -53.2947
-39.7686, 173.52
-33.3923, 12.4109
Particle 2 new velocities: 143.144, 51.3582
12.8782, -23.473
-120.183, 60.49
5.46827, 103.687
53.4574, -24.9787
Particle 3 new velocities: 150.868, 120.057
10.4085, 112.967
-74.3909, -3.00657
17.294, 104.488
-15.0952, 84.9284
Particle 4 new velocities: -38.9163, -3.64331
-151.679, -35.233
-7.78206, -28.0741
-12.9381, 13.3776
-58.3554, -0.232533
Particle 5 new velocities: 37.0498, 143.808
-110.287, 109.992
-134.641, 19.3403
-73.4804, 34.8066
-76.2569, 20.5904
Particle 6 new velocities: 3.62918, 5.25618
2.71486, 187.502
174.257, -9.31616
-5.33441, 18.2973
18.7451, 42.9335
Particle 7 new velocities: -47.5557, -53.0935
-134.469, 123.697
1.49538, 30.482
-140.35, 180.827
-27.6415, 22.9908
Particle 8 new velocities: -15.0341, 24.2041
-32.7114, -6.90794
4.00178, -0.290594
-7.74012, 47.0282
-120.437, 33.7444
Particle 9 new velocities: 55.306, 18.1813
-86.9315, -61.0844
68.6237, -119.86
67.4765, 73.287
6.41028, 21.3108
Particle 10 new velocities: 63.5831, 38.2515
15.7736, 60.7045
-84.7437, 54.9965
29.7067, 36.5611
98.2719, 105.61
Particle 11 new velocities: -18.1506, -63.7302
-62.9025, 136.9
-7.41971, -69.5535
112.899, -35.9007
-143.276, 39.6913
Particle 12 new velocities: 0, 0
0, 0
0, 0
0, 0
0, 0
Particle 13 new velocities: 64.2045, 55.0442
99.2586, 8.52759
52.7638, 29.742
66.2629, 35.7432
39.3162, 126.326
Particle 14 new velocities: 142.864, 78.0505
-43.1029, 141.578
-81.9974, -0.233961
75.6721, 125.833
-29.1306, -10.5834
Particle 15 new velocities: 190.967, 20.6442
-166.433, 99.9407
-15.4785, -70.9612
82.1106, -19.6644
-91.6211, 60.9369
Particle 16 new velocities: 9.81577, -133.01
-1.15047, -3.24248
4.49699, -14.306
2.97318, -30.6201
-76.1135, 38.5187
Particle 17 new velocities: -150.036, 15.5445
-2.39878, 56.7684
187.649, -2.09473
-55.1049, 11.2026
-17.5066, -0.0260715
Particle 18 new velocities: -2.48611, 25.0926
32.0394, 20.1077
63.7547, 2.62986
-81.2241, 164.346
-63.2903, -3.98316
Particle 19 new velocities: 74.3266, 15.7123
3.10331, -22.4128
-135.874, -44.0854
81.5568, -81.8943
-22.7437, -22.9177
Particle 20 new velocities: 38.3208, -39.3801
-139.385, 116.553
-66.888, -41.7914
23.0661, 200.31
-203.131, 20.3933
-- ITERATION 2 --
-------------
Particle: 1:
Relays Coordinates:
220.221, 278.288
119.14, 140.295
65.9678, 102.419
133.747, 311.559
185.969, 174.925
Evaluation Time: 1.29764 seconds
Resulting Fitness: 0.8375
-------------
Particle: 2:
Relays Coordinates:
269.091, 160.074
74.408, 200.371
0, 94.7295
160.314, 315.039
125.256, 132.693
Evaluation Time: 1.25078 seconds
Resulting Fitness: 0.929167
New local best!
-------------
Particle: 3:
Relays Coordinates:
283.5, 245.554
65.0372, 170.226
31.5099, 56.0132
137.162, 223.646
46.3054, 156.443
Evaluation Time: 1.16972 seconds
Resulting Fitness: 0.808333
New local best!
-------------
Particle: 4:
Relays Coordinates:
95.0459, 103.605
124.945, 220.071
117.567, 48.8478
164.565, 238.459
85.8388, 163.664
Evaluation Time: 1.1362 seconds
Resulting Fitness: 0.854167
New local best!
-------------
Particle: 5:
Relays Coordinates:
161.923, 219.27
0, 243.763
8.54363, 56.1064
91.2856, 273.616
29.7711, 123.08
Evaluation Time: 1.26311 seconds
Resulting Fitness: 0.795833
-------------
Particle: 6:
Relays Coordinates:
193.266, 162.758
70.6229, 202.117
127.214, 70.2853
128.278, 181.273
62.138, 125.499
Evaluation Time: 1.10942 seconds
Resulting Fitness: 0.841667
New local best!
-------------
Particle: 7:
Relays Coordinates:
208.807, 152.673
0, 223.163
67.8535, 98.2061
29.9667, 350
64.9281, 193.334
Evaluation Time: 1.27777 seconds
Resulting Fitness: 0.85
-------------
Particle: 8:
Relays Coordinates:
175.144, 100.074
112.893, 225.049
59.1318, 71.5893
171.819, 204.452
8.14824, 76.0297
Evaluation Time: 1.27857 seconds
Resulting Fitness: 0.908333
New local best!
-------------
Particle: 9:
Relays Coordinates:
163.965, 130.183
0, 115.713
158.504, 55.5852
140.296, 207.512
10.5053, 136.095
Evaluation Time: 1.34258 seconds
Resulting Fitness: 0.8
-------------
Particle: 10:
Relays Coordinates:
126.492, 97.7679
47.3791, 135.652
36.4289, 159.113
94.807, 112.282
109.797, 129.763
Evaluation Time: 0.882813 seconds
Resulting Fitness: 0.5625
-------------
Particle: 11:
Relays Coordinates:
174.91, 88.2808
0, 255.15
47.1541, 9.03452
205.999, 160.569
0, 129.167
Evaluation Time: 1.17315 seconds
Resulting Fitness: 0.9
-------------
Particle: 12:
Relays Coordinates:
252.197, 158.779
71.1063, 224.697
66.2323, 71.2958
161.297, 260.747
69.919, 163.411
Evaluation Time: 1.35738 seconds
Resulting Fitness: 0.9625
-------------
Particle: 13:
Relays Coordinates:
169.128, 130.389
101.127, 146.136
111.03, 105.794
142.12, 148.072
70.5496, 210.621
Evaluation Time: 1.1115 seconds
Resulting Fitness: 0.733333
-------------
Particle: 14:
Relays Coordinates:
315, 176.568
115.022, 307.104
0, 64.6345
165.06, 186.722
50.701, 138.286
Evaluation Time: 1.31071 seconds
Resulting Fitness: 0.9125
New local best!
-------------
Particle: 15:
Relays Coordinates:
283.5, 112.647
0, 186.431
50.9559, 36.489
179.429, 148.516
36.7018, 155.016
Evaluation Time: 1.21122 seconds
Resulting Fitness: 0.825
-------------
Particle: 16:
Relays Coordinates:
196.28, 47.0993
56.7307, 173.853
52.6533, 40.8647
129.277, 183.957
92.2765, 194.948
Evaluation Time: 1.09529 seconds
Resulting Fitness: 0.779167
-------------
Particle: 17:
Relays Coordinates:
120.813, 152.98
65.5743, 124.67
201.791, 65.3103
130.226, 265.319
137.838, 106.033
Evaluation Time: 1.20898 seconds
Resulting Fitness: 0.925
New local best!
-------------
Particle: 18:
Relays Coordinates:
163.547, 171.823
85.1113, 156.649
196.972, 106.309
96.8852, 230.475
8.34, 153.98
Evaluation Time: 1.25535 seconds
Resulting Fitness: 0.820833
-------------
Particle: 19:
Relays Coordinates:
225.319, 144.46
37.075, 198.492
0, 87.5931
175.526, 232.034
34.4973, 145.779
Evaluation Time: 1.3005 seconds
Resulting Fitness: 0.9625
New local best!
-------------
Particle: 20:
Relays Coordinates:
187.358, 106.929
0, 255.15
16.2261, 17.5563
136.594, 250.35
16.515, 122.548
Evaluation Time: 1.25972 seconds
Resulting Fitness: 0.895833
Current global best fitness: 0.9625
Current global best relays: 252.197, 158.779
71.1063, 224.697
66.2323, 71.2958
161.297, 260.747
69.919, 163.411
Particle 1 new velocities: 61.3075, -79.5286
270.665, 16.0863
-29.4552, 47.8907
-35.1013, -202.253
-69.2534, 0.751664
Particle 2 new velocities: 96.4944, 39.5525
8.00768, 3.36373
43.6508, 25.4561
4.50084, 36.7118
25.6355, -3.57608
Particle 3 new velocities: -29.6831, 90.1692
14.8346, 134.539
-53.3338, 13.1152
26.7456, 84.6284
-6.15791, 71.7535
Particle 4 new velocities: 162.923, 11.4322
-168.438, -24.1406
-60.309, -14.3832
-10.9676, 19.0601
-60.6694, -0.197504
Particle 5 new velocities: 90.3551, -20.2265
134.902, -78.3738
140.089, 18.2041
-47.6768, 13.835
-23.2068, -4.4592
Particle 6 new velocities: 58.9844, 3.78512
2.73536, 151.437
77.095, -6.54862
2.71521, 74.2225
18.2416, 37.6545
Particle 7 new velocities: 28.0117, 21.1102
140.346, -58.1609
-1.49656, -45.5254
230.177, -123.612
12.3571, -32.6417
Particle 8 new velocities: 62.9643, 54.381
-62.124, -5.97774
12.1294, -0.288761
-15.6776, 86.6924
-95.5524, 59.5294
Particle 9 new velocities: 67.3954, 66.9336
53.109, -3.86817
37.6806, 104.429
33.4154, -205.294
509.082, 80.4098
Particle 10 new velocities: -26.0473, 111.819
88.3606, 118.966
413.944, 5.34582
67.178, 157.626
122.688, 334.392
Particle 11 new velocities: 66.7079, 62.3159
149.939, 16.1868
26.9243, 89.4096
22.2972, 109.038
114.528, 60.6799
Particle 12 new velocities: 0, 0
0, 0
0, 0
0, 0
0, 0
Particle 13 new velocities: 28.6441, 59.098
118.692, 223.477
144.545, 32.9832
72.7071, 106.612
47.0551, -102.289
Particle 14 new velocities: -57.7271, 58.0663
-49.5455, 94.6986
31.7052, 7.49342
57.2857, 179.07
-18.818, -1.01834
Particle 15 new velocities: -114.068, 30.9152
131.798, 44.6942
18.3502, 6.59652
43.9588, 127.095
36.0962, 18.4794
Particle 16 new velocities: 57.2306, 52.5868
25.6673, 55.7418
-32.5781, 127.797
24.0331, 77.7922
119.309, 173.057
Particle 17 new velocities: 39.8001, 19.7044
2.08389, 166.988
141.205, 2.45462
-32.287, 4.54242
-79.9337, 37.6471
Particle 18 new velocities: 45.299, -24.6549
-35.1323, 28.4127
8.09384, 49.0886
88.8576, -140.197
15.1239, 22.5807
Particle 19 new velocities: 77.3256, 28.4379
44.9311, 15.0821
83.9354, -47.0667
64.3261, -29.3744
-6.46738, -1.55427
Particle 20 new velocities: 133.474, 45.3485
163.774, -33.7777
44.7903, 50.9318
20.8315, 144.611
-108.36, 67.9536
-- ITERATION 3 --
-------------
Particle: 1:
Relays Coordinates:
253.376, 178.883
315, 140.743
32.8614, 135.278
88.7808, 98.3756
105.044, 158.109
Evaluation Time: 1.15696 seconds
Resulting Fitness: 0.841667
-------------
Particle: 2:
Relays Coordinates:
255.15, 145.528
60.081, 148.523
31.8215, 87.6153
120.15, 255.15
110, 94.126
Evaluation Time: 1.25799 seconds
Resulting Fitness: 0.920833
-------------
Particle: 3:
Relays Coordinates:
228.435, 302.151
71.8846, 274.289
0, 62.2155
147.516, 277.447
36.1328, 205.377
Evaluation Time: 1.12501 seconds
Resulting Fitness: 0.758333
-------------
Particle: 4:
Relays Coordinates:
208.955, 93.1804
0, 158.703
46.379, 27.9164
124.414, 208.59
20.3872, 132.408
Evaluation Time: 1.3651 seconds
Resulting Fitness: 0.8125
-------------
Particle: 5:
Relays Coordinates:
252.278, 199.044
134.902, 165.389
148.633, 74.3105
43.6087, 287.451
6.56426, 118.621
Evaluation Time: 1.30768 seconds
Resulting Fitness: 0.9
New local best!
-------------
Particle: 6:
Relays Coordinates:
204.323, 134.9
59.4202, 283.5
165.491, 51.6267
106.104, 206.952
65.1075, 132.154
Evaluation Time: 1.2685 seconds
Resulting Fitness: 0.858333
New local best!
-------------
Particle: 7:
Relays Coordinates:
236.819, 173.783
140.346, 165.002
66.357, 52.6806
260.143, 226.388
77.2851, 160.693
Evaluation Time: 1.34835 seconds
Resulting Fitness: 0.841667
-------------
Particle: 8:
Relays Coordinates:
214.297, 139.009
45.6921, 197.164
64.1351, 64.1705
140.527, 262.03
0, 122.003
Evaluation Time: 1.32282 seconds
Resulting Fitness: 0.958333
New local best!
-------------
Particle: 9:
Relays Coordinates:
208.224, 177.405
47.7981, 100.66
176.566, 144.013
156.34, 1.9962
315, 194.854
Evaluation Time: 1.15766 seconds
Resulting Fitness: 0.841667
New local best!
-------------
Particle: 10:
Relays Coordinates:
65.9018, 137.51
89.0589, 167.055
229.635, 107.901
106.278, 177.086
152.534, 229.635
Evaluation Time: 1.33837 seconds
Resulting Fitness: 0.9
New local best!
-------------
Particle: 11:
Relays Coordinates:
241.618, 150.597
149.939, 271.337
74.0784, 98.4441
228.296, 269.607
114.528, 189.846
Evaluation Time: 1.27727 seconds
Resulting Fitness: 0.954167
New local best!
-------------
Particle: 12:
Relays Coordinates:
252.197, 158.779
71.1063, 224.697
66.2323, 71.2958
161.297, 260.747
69.919, 163.411
Evaluation Time: 1.36689 seconds
Resulting Fitness: 0.9625
-------------
Particle: 13:
Relays Coordinates:
177.995, 170.538
197.837, 315
230.017, 124.9
193.345, 229.216
105.844, 97.4988
Evaluation Time: 1.08758 seconds
Resulting Fitness: 0.895833
New local best!
-------------
Particle: 14:
Relays Coordinates:
168.797, 153.943
42.9593, 229.635
20.8018, 47.3231
145.881, 229.635
20.9185, 90.0611
Evaluation Time: 1.21718 seconds
Resulting Fitness: 0.8375
-------------
Particle: 15:
Relays Coordinates:
169.432, 143.562
131.798, 231.125
69.3061, 43.0855
223.388, 275.611
72.7981, 173.496
Evaluation Time: 1.28982 seconds
Resulting Fitness: 0.8875
New local best!
-------------
Particle: 16:
Relays Coordinates:
205.344, 80.7457
66.7424, 185.972
16.2609, 136.616
124.181, 212.017
171.384, 283.5
Evaluation Time: 1.33524 seconds
Resulting Fitness: 0.908333
New local best!
-------------
Particle: 17:
Relays Coordinates:
117.087, 125.887
49.3228, 212.619
250.044, 49.4006
71.3976, 196.729
42.2122, 104.743
Evaluation Time: 1.09187 seconds
Resulting Fitness: 0.808333
-------------
Particle: 18:
Relays Coordinates:
169.165, 119.206
40.483, 149.9
166.103, 125.872
150.452, 73.1247
19.0058, 143.014
Evaluation Time: 1.17642 seconds
Resulting Fitness: 0.6875
-------------
Particle: 19:
Relays Coordinates:
272.38, 155.608
73.8054, 192.217
75.5418, 36.4738
215.867, 182.394
25.227, 129.803
Evaluation Time: 1.32124 seconds
Resulting Fitness: 0.879167
-------------
Particle: 20:
Relays Coordinates:
288.749, 137.05
147.396, 199.235
54.9148, 61.6393
141.683, 315
0, 171.451
Evaluation Time: 1.38621 seconds
Resulting Fitness: 0.904167
Current global best fitness: 0.9625
Current global best relays: 252.197, 158.779
71.1063, 224.697
66.2323, 71.2958
161.297, 260.747
69.919, 163.411
Particle 1 new velocities: 20.9855, -357.611
-119.369, -101.399
140.813, 25.5489
18.0489, -139.114
-36.5353, 19.289
Particle 2 new velocities: 5.85915, 50.9358
34.2448, 143.442
60.837, 27.1649
106.547, 102.68
-6.71221, 49.3928
Particle 3 new velocities: 51.5751, -74.5548
10.7816, -79.4494
100.676, 15.1436
25.1986, 40.727
41.7483, -36.9539
Particle 4 new velocities: 67.291, 52.11
87.919, 132.342
42.6751, 58.0233
65.7297, 66.1003
63.5095, 64.2698
Particle 5 new velocities: 72.2295, -41.556
27.1454, -33.8652
61.2491, 13.7112
84.0272, 4.03261
27.495, 21.1412
Particle 6 new velocities: 99.8549, 9.3194
11.0714, -75.1451
-11.6916, -2.23199
73.0798, 84.5135
16.1717, 37.7979
Particle 7 new velocities: 44.8915, 39.0067
39.3171, -66.4303
-1.2472, -9.32021
-76.018, -60.1344
17.6203, -13.3842
Particle 8 new velocities: 81.7518, 44.744
-31.7287, -0.336255
10.6704, 7.98856
8.53477, 69.1082
34.62, 91.434
Particle 9 new velocities: 54.2911, 30.8489
59.8006, 99.729
-76.7646, 41.2836
29.2277, 2.99317
-58.5017, 39.0674
Particle 10 new velocities: 213.459, 103.919
68.8533, 154.936
-34.5374, -15.0481
81.374, 137.746
66.8986, -76.7861
Particle 11 new velocities: 53.903, 51.0914
83.4168, 5.25734
16.6046, 69.1511
-42.5306, 87.0408
45.9674, 34.6085
Particle 12 new velocities: 0, 0
0, 0
0, 0
0, 0
0, 0
Particle 13 new velocities: 99.374, 33.7263
-1.83623, -92.3752
76.9184, -35.4534
48.5973, 98.2757
27.7776, -50.955
Particle 14 new velocities: 206.703, 61.9299
36.4934, 25.4041
56.1511, 23.4774
73.2852, -32.9002
42.7372, 89.9055
Particle 15 new velocities: -35.9748, 41.5004
66.5895, 29.5652
14.391, 38.2478
-33.5932, 82.6014
27.2021, 11.0619
Particle 16 new velocities: 46.1898, 80.6834
25.1634, 88.4734
-16.4376, 38.053
64.5289, 84.2414
-0.533604, -107.943
Particle 17 new velocities: 76.112, 75.7043
6.3678, 30.782
-80.053, 46.4699
84.6741, 76.0475
-29.5557, 96.5265
Particle 18 new velocities: 77.7887, 43.6161
-66.5187, 52.404
-54.9794, 35.8116
196.289, -99.8157
120.804, 99.4029
Particle 19 new velocities: 22.5331, 16.5899
24.2645, 27.7618
-29.5879, 31.5948
-9.62249, 149.256
8.12557, 52.3527
Particle 20 new velocities: 53.5254, 107.553
93.2095, 87.7747
87.2921, 49.9071
45.9904, -77.0456
114.468, 21.3482
-- ITERATION 4 --
-------------
Particle: 1:
Relays Coordinates:
274.361, 0
195.631, 39.344
173.674, 160.827
106.83, 0
68.5085, 177.398
Evaluation Time: 1.24013 seconds
Resulting Fitness: 0.833333
-------------
Particle: 2:
Relays Coordinates:
234.908, 176.817
84.8933, 262.768
83.3926, 103.302
204.027, 315
92.9586, 129.167
Evaluation Time: 1.38425 seconds
Resulting Fitness: 0.8625
-------------
Particle: 3:
Relays Coordinates:
280.01, 227.596
82.6662, 194.84
100.676, 77.3591
172.715, 318.174
77.8811, 168.423
Evaluation Time: 1.1167 seconds
Resulting Fitness: 0.841667
New local best!
-------------
Particle: 4:
Relays Coordinates:
248.621, 130.761
79.1271, 261.941
80.1486, 77.3458
171.129, 247.222
75.5071, 177.01
Evaluation Time: 1.24883 seconds
Resulting Fitness: 0.941667
New local best!
-------------
Particle: 5:
Relays Coordinates:
292.057, 141.739
145.843, 118.372
188.894, 79.2195
114.872, 262.335
30.6533, 125.786
Evaluation Time: 1.27547 seconds
Resulting Fitness: 0.933333
New local best!
-------------
Particle: 6:
Relays Coordinates:
246.384, 116.818
57.0982, 168.767
124.577, 40.0097
145.139, 236.087
65.8362, 137.661
Evaluation Time: 1.17745 seconds
Resulting Fitness: 0.954167
New local best!
-------------
Particle: 7:
Relays Coordinates:
281.711, 212.79
179.663, 98.5714
65.1098, 43.3604
184.125, 166.253
94.9054, 147.309
Evaluation Time: 1.1416 seconds
Resulting Fitness: 0.875
New local best!
-------------
Particle: 8:
Relays Coordinates:
215.82, 133.956
10.1793, 143.487
54.5332, 52.6039
108.666, 241.4
25.238, 155.596
Evaluation Time: 1.35687 seconds
Resulting Fitness: 0.883333
-------------
Particle: 9:
Relays Coordinates:
191.374, 151.817
78.4395, 146.084
72.7553, 135.081
135.279, 3.63726
186.987, 170.529
Evaluation Time: 1.20392 seconds
Resulting Fitness: 0.804167
-------------
Particle: 10:
Relays Coordinates:
183.289, 158.402
103.606, 211.258
128.004, 60.9211
123.119, 206.561
143.97, 100.284
Evaluation Time: 1.11248 seconds
Resulting Fitness: 0.820833
-------------
Particle: 11:
Relays Coordinates:
239.372, 163.367
189.019, 224.041
73.4532, 135.752
150.47, 283.5
130.001, 181.809
Evaluation Time: 1.28117 seconds
Resulting Fitness: 0.883333
-------------
Particle: 12:
Relays Coordinates:
252.197, 158.779
71.1063, 224.697
66.2323, 71.2958
161.297, 260.747
69.919, 163.411
Evaluation Time: 1.35041 seconds
Resulting Fitness: 0.9625
-------------
Particle: 13:
Relays Coordinates:
224.669, 165.454
158.761, 180.326
248.618, 72.4514
195.973, 265.268
108.234, 37.7004
Evaluation Time: 1.25945 seconds
Resulting Fitness: 0.908333
New local best!
-------------
Particle: 14:
Relays Coordinates:
350, 215.873
79.4527, 255.039
76.9529, 70.8005
219.166, 196.735
63.6557, 179.967
Evaluation Time: 1.31616 seconds
Resulting Fitness: 0.866667
-------------
Particle: 15:
Relays Coordinates:
133.457, 185.062
198.388, 260.69
83.6971, 81.3333
189.795, 350
100, 184.558
Evaluation Time: 1.07778 seconds
Resulting Fitness: 0.858333
-------------
Particle: 16:
Relays Coordinates:
203.742, 130.758
74.4437, 222.3
0, 141.482
152.855, 239.969
138.389, 142.201
Evaluation Time: 1.29448 seconds
Resulting Fitness: 0.9625
New local best!
-------------
Particle: 17:
Relays Coordinates:
140.842, 146.96
40.5985, 177.439
123.923, 69.8896
113.776, 198.854
9.22661, 146.726
Evaluation Time: 1.17585 seconds
Resulting Fitness: 0.7125
-------------
Particle: 18:
Relays Coordinates:
180.029, 118.697
0, 147.48
81.0095, 117.868
252.774, 0
101.921, 176.722
Evaluation Time: 1.07889 seconds
Resulting Fitness: 0.816667
-------------
Particle: 19:
Relays Coordinates:
238.88, 139.481
79.4367, 178.183
37.2227, 55.1356
167.058, 268.637
27.0155, 147.546
Evaluation Time: 1.46385 seconds
Resulting Fitness: 0.916667
-------------
Particle: 20:
Relays Coordinates:
277.242, 198.128
194.891, 232.478
115.188, 90.3525
152.015, 192.743
92.7187, 156.167
Evaluation Time: 1.15916 seconds
Resulting Fitness: 0.8125
Current global best fitness: 0.9625
Current global best relays: 252.197, 158.779
71.1063, 224.697
66.2323, 71.2958
161.297, 260.747
69.919, 163.411
Particle 1 new velocities: -157.649, 195.824
-83.0019, 107.22
-3.32439, 6.22564
50.1159, 122.501
70.6795, 3.15083
Particle 2 new velocities: 19.1833, -1.26321
-4.25516, 25.225
-50.6101, -4.48748
21.8417, -23.8818
-4.42792, 72.1903
Particle 3 new velocities: 17.1059, -104.46
6.47985, -41.3663
72.7779, 10.7577
18.493, 22.6851
31.0737, -31.222
Particle 4 new velocities: 53.8688, 44.4553
66.7831, 60.4567
21.1116, 43.5558
44.81, 60.2886
46.8008, 47.3937
Particle 5 new velocities: 11.7995, -27.7004
-9.20384, -13.5673
9.96045, 8.39244
94.6213, 2.40112
49.7264, 18.1
Particle 6 new velocities: 85.9252, 25.7195
9.99663, -31.9754
-79.4602, 5.43233
69.6362, 83.8645
16.4907, 31.4894
Particle 7 new velocities: 6.33782, 18.3972
-41.8365, 65.7991
-0.27955, -0.88323
-74.8187, -22.774
11.5133, 2.96454
Particle 8 new velocities: 95.1451, 67.5795
75.6466, 75.9984
18.9099, 27.5912
25.1401, 72.0316
25.9565, 59.2362
Particle 9 new velocities: 117.405, 46.8305
35.4736, 11.2237
105.327, -41.8465
43.9932, 223.404
-64.9312, 39.7975
Particle 10 new velocities: 160.033, 51.7667
27.5193, 51.4178
0.180313, 4.52459
109.345, 135.598
-17.739, -2.82102
Particle 11 new velocities: 49.063, 19.9119
48.0938, 29.2091
7.2518, -37.1679
72.19, -8.06542
-25.7953, 22.0493
Particle 12 new velocities: 0, 0
0, 0
0, 0
0, 0
0, 0
Particle 13 new velocities: 101.125, 26.3578
-2.61141, -21.2048
-170.397, -29.6199
10.9866, 74.8074
-25.0692, 66.1278
Particle 14 new velocities: -104.683, -66.7965
47.9357, 44.2877
24.6966, 15.8729
-70.9961, -22.3749
21.9362, 45.3299
Particle 15 new velocities: 89.8964, -12.8639
-41.6297, -10.7109
-18.5396, 9.88006
5.85364, -138.836
-18.9859, -9.51368
Particle 16 new velocities: 60.6299, 76.6682
18.8991, 73.5661
50.1024, -50.9972
57.1386, 71.5901
-28.0416, -65.1132
Particle 17 new velocities: 172.915, 73.6743
33.1109, 70.7123
-93.2226, 36.9549
108.372, 167.411
225.597, 46.3514
Particle 18 new velocities: 15.2281, 91.6512
51.6457, 45.2178
31.9876, 53.8269
160.683, 151.635
100.072, 90.0999
Particle 19 new velocities: 23.4939, 22.3755
-7.01481, 46.1964
-26.0222, 88.0093
1.85505, 92.591
13.69, 53.488
Particle 20 new velocities: 1.7471, 32.7459
31.1311, 82.8304
19.3908, 9.4911
53.233, -98.2179
294.682, 7.75308
-- ITERATION 5 --
-------------
Particle: 1:
Relays Coordinates:
94.5372, 158.618
91.2295, 118.717
137.984, 135.313
127.126, 99.2256
112.742, 146.244
Evaluation Time: 0.942809 seconds
Resulting Fitness: 0.583333
-------------
Particle: 2:
Relays Coordinates:
254.092, 175.554
80.6381, 287.993
32.7825, 98.8147
225.869, 291.118
88.5307, 201.357
Evaluation Time: 1.46665 seconds
Resulting Fitness: 0.883333
-------------
Particle: 3:
Relays Coordinates:
194.938, 80.7899
58.4887, 100.694
113.803, 57.8134
125.452, 223.638
71.4852, 90.0174
Evaluation Time: 1.10728 seconds
Resulting Fitness: 0.904167
New local best!
-------------
Particle: 4:
Relays Coordinates:
272.241, 157.695
131.319, 290.158
91.1342, 108.811
194.345, 276.759
110.077, 201.963
Evaluation Time: 1.26011 seconds
Resulting Fitness: 0.958333
New local best!
-------------
Particle: 5:
Relays Coordinates:
246.123, 92.3713
110.677, 84.8916
161.072, 70.9657
169.69, 214.436
65.1076, 116.548
Evaluation Time: 1.19615 seconds
Resulting Fitness: 0.891667
-------------
Particle: 6:
Relays Coordinates:
218.028, 93.5187
44.0209, 89.7493
29.6012, 29.8145
140.914, 209.92
54.0146, 110.98
Evaluation Time: 1.16408 seconds
Resulting Fitness: 0.879167
-------------
Particle: 7:
Relays Coordinates:
259.244, 208.068
124.044, 147.933
58.3472, 38.2295
98.376, 129.131
95.7769, 135.246
Evaluation Time: 1.05172 seconds
Resulting Fitness: 0.745833
-------------
Particle: 8:
Relays Coordinates:
226.693, 146.92
62.5671, 160.005
53.54, 58.4623
97.5447, 228.492
37.3208, 156.612
Evaluation Time: 1.24775 seconds
Resulting Fitness: 0.845833
-------------
Particle: 9:
Relays Coordinates:
225.099, 144.814
83.0426, 114.677
129.822, 67.9682
130.689, 165.513
88.9788, 153.328
Evaluation Time: 1.21107 seconds
Resulting Fitness: 0.816667
-------------
Particle: 10:
Relays Coordinates:
278.091, 170.236
106.212, 212.768
103.829, 53.011
188.295, 277.149
102.247, 78.9451
Evaluation Time: 1.38593 seconds
Resulting Fitness: 0.929167
New local best!
-------------
Particle: 11:
Relays Coordinates:
288.435, 183.279
237.112, 253.25
80.705, 98.5842
222.66, 275.435
104.206, 203.858
Evaluation Time: 1.20554 seconds
Resulting Fitness: 0.879167
-------------
Particle: 12:
Relays Coordinates:
252.197, 158.779
71.1063, 224.697
66.2323, 71.2958
161.297, 260.747
69.919, 163.411
Evaluation Time: 1.33805 seconds
Resulting Fitness: 0.9625
-------------
Particle: 13:
Relays Coordinates:
263.893, 155.368
126.481, 128.888
63.3588, 34.6935
167.637, 275.461
67.3632, 84.1009
Evaluation Time: 1.30915 seconds
Resulting Fitness: 0.879167
-------------
Particle: 14:
Relays Coordinates:
245.317, 149.077
127.388, 299.327
101.649, 86.6734
148.17, 174.36
85.5919, 225.296
Evaluation Time: 1.19467 seconds
Resulting Fitness: 0.95
New local best!
-------------
Particle: 15:
Relays Coordinates:
223.353, 172.198
156.758, 249.979
65.1575, 91.2133
195.649, 211.164
81.0143, 175.044
Evaluation Time: 1.2216 seconds
Resulting Fitness: 0.891667
New local best!
-------------
Particle: 16:
Relays Coordinates:
192.727, 151.213
68.0469, 215.687
36.5247, 65.9635
153.086, 227.127
80.4432, 56.1973
Evaluation Time: 1.18798 seconds
Resulting Fitness: 0.879167
-------------
Particle: 17:
Relays Coordinates:
282.382, 198.571
66.3384, 223.336
27.6307, 96.1601
199.933, 315
211.341, 173.769
Evaluation Time: 1.30639 seconds
Resulting Fitness: 0.866667
-------------
Particle: 18:
Relays Coordinates:
142.343, 153.344
37.6497, 140.476
82.3749, 125.165
255.15, 110.542
147.253, 194.513
Evaluation Time: 1.23806 seconds
Resulting Fitness: 0.85
-------------
Particle: 19:
Relays Coordinates:
191.27, 117.993
52.7955, 163.572
8.16515, 104.353
123.138, 255.15
29.6744, 146.554
Evaluation Time: 1.30132 seconds
Resulting Fitness: 0.933333
-------------
Particle: 20:
Relays Coordinates:
251.091, 207.786
203.42, 283.777
121.121, 89.8593
184.724, 85.0727
315, 147.528
Evaluation Time: 1.28237 seconds
Resulting Fitness: 0.8375
Current global best fitness: 0.9625
Current global best relays: 252.197, 158.779
71.1063, 224.697
66.2323, 71.2958
161.297, 260.747
69.919, 163.411
Particle 1 new velocities: -94.0754, 69.5409
234.963, 122.824
-33.1039, -10.6208
42.814, 122.11
209.405, 73.5021
Particle 2 new velocities: 39.3901, -20.2241
-15.8727, -63.6834
-1.14317, -41.3212
-42.6618, -18.6408
13.4598, -4.51235
Particle 3 new velocities: 56.1282, -2.0666
15.453, 51.3547
50.3891, 16.3057
22.0153, 49.0771
24.7963, -6.34768
Particle 4 new velocities: 25.5269, 35.9262
46.9932, -11.8578
9.10397, -5.94233
7.07877, 44.1255
34.8572, 36.6935
Particle 5 new velocities: 47.927, 105.087
2.98326, 188.424
-26.1449, 9.40107
46.1853, 60.1475
21.1879, 46.8829
Particle 6 new velocities: 105.177, 96.0208
31.1581, 176.755
44.3865, 40.7189
68.5052, 79.6477
32.0581, 57.5382
Particle 7 new velocities: 2.11756, 5.85018
-54.9942, 37.3794
4.71795, 28.2128
50.7966, 17.9916
-5.88321, 11.9115
Particle 8 new velocities: 89.0657, 62.4188
58.9914, 121.065
34.2362, 27.1066
117.376, 108.593
-15.6492, 45.0543
Particle 9 new velocities: 90.6857, 83.4686
-28.7632, 132.111
55.25, 97.6316
83.3634, 297.537
86.8303, 106.2
Particle 10 new velocities: 124.978, 34.376
4.06683, 54.3799
-17.7917, 25.3103
77.5196, 92.2687
-36.8374, 28.1782
Particle 11 new velocities: -33.1193, -64.6287
-297.691, 11.3096
-13.3362, -41.1196
4.29567, -15.083
-51.5019, -25.7389
Particle 12 new velocities: 0, 0
0, 0
0, 0
0, 0
0, 0
Particle 13 new velocities: 21.3782, 34.9836
-38.3281, 0.261658
-127.613, 16.1112
42.1791, 31.8629
43.3565, 104.405
Particle 14 new velocities: -78.9049, -42.3666
-28.245, -31.4491
17.3047, -2.48524
-45.9137, 92.9992
17.5258, -20.6038
Particle 15 new velocities: 100.481, -27.2328
-98.5238, -19.7476
-14.3066, -13.027
-31.7555, -51.9094
-22.1582, -21.4759
Particle 16 new velocities: 123.184, 52.1654
22.0941, 72.2346
16.4821, 33.8049
46.1767, 102.006
52.3526, 132.008
Particle 17 new velocities: -41.572, 2.19954
29.8535, 53.0981
111.74, -25.8537
35.5956, -73.5779
51.7374, -24.6054
Particle 18 new velocities: 123.282, 50.3781
50.2448, 122.659
203.704, 42.4404
-19.3879, 216.548
205.768, 50.5003
Particle 19 new velocities: 85.7924, 60.903
-11.3587, 109.09
53.2176, 43.9675
99.4392, -12.5862
27.9763, 47.6928
Particle 20 new velocities: -4.24885, -31.3957
-61.3051, 25.7311
-77.2702, -27.1103
7.05269, 83.2303
-303.421, 11.4972
-- ITERATION 6 --
-------------
Particle: 1:
Relays Coordinates:
0.41557, 205.343
293.573, 217.387
94.3917, 112.223
152.946, 199.202
289.932, 197.772
Evaluation Time: 1.13548 seconds
Resulting Fitness: 0.870833
-------------
Particle: 2:
Relays Coordinates:
264.133, 139.797
58.2889, 201.879
28.4754, 51.7441
164.886, 245.23
91.7914, 177.16
Evaluation Time: 1.30657 seconds
Resulting Fitness: 0.95
New local best!
-------------
Particle: 3:
Relays Coordinates:
251.066, 78.7233
73.9417, 152.049
164.192, 74.1191
147.467, 272.715
96.2815, 83.6698
Evaluation Time: 1.21141 seconds
Resulting Fitness: 0.954167
New local best!
-------------
Particle: 4:
Relays Coordinates:
297.768, 193.621
178.312, 278.3
100.238, 102.869
201.424, 320.885
144.934, 238.657
Evaluation Time: 1.13694 seconds
Resulting Fitness: 0.870833
-------------
Particle: 5:
Relays Coordinates:
264.645, 177.712
102.295, 245.984
121.434, 72.3301
194.288, 247.126
77.6659, 147.088
Evaluation Time: 1.31487 seconds
Resulting Fitness: 0.920833
-------------
Particle: 6:
Relays Coordinates:
323.205, 189.54
75.179, 266.505
73.9877, 70.5334
209.419, 289.568
86.0728, 168.518
Evaluation Time: 1.21832 seconds
Resulting Fitness: 0.883333
-------------
Particle: 7:
Relays Coordinates:
261.361, 213.918
69.0496, 185.313
63.0651, 66.4422
149.173, 147.123
89.8936, 147.157
Evaluation Time: 1.08987 seconds
Resulting Fitness: 0.845833
-------------
Particle: 8:
Relays Coordinates:
284.183, 188.405
109.403, 252.963
78.9986, 77.012
193.428, 303.376
19.5045, 181.5
Evaluation Time: 1.28545 seconds
Resulting Fitness: 0.866667
-------------
Particle: 9:
Relays Coordinates:
186.468, 134.799
32.0514, 145.726
109.283, 97.7851
126.396, 206.672
103.814, 153.249
Evaluation Time: 1.08511 seconds
Resulting Fitness: 0.808333
-------------
Particle: 10:
Relays Coordinates:
283.5, 165.736
89.3256, 216.39
69.6901, 63.4402
215.31, 283.5
52.9816, 86.7699
Evaluation Time: 1.23372 seconds
Resulting Fitness: 0.920833
-------------
Particle: 11:
Relays Coordinates:
186.125, 86.4962
0, 192.864
49.1119, 41.8917
165.451, 189.796
38.4213, 129.849
Evaluation Time: 1.37976 seconds
Resulting Fitness: 0.891667
-------------
Particle: 12:
Relays Coordinates:
252.197, 158.779
71.1063, 224.697
66.2323, 71.2958
161.297, 260.747
69.919, 163.411
Evaluation Time: 1.34815 seconds
Resulting Fitness: 0.9625
-------------
Particle: 13:
Relays Coordinates:
285.271, 190.351
88.1529, 129.15
0, 50.8047
209.816, 307.324
110.72, 188.506
Evaluation Time: 1.37618 seconds
Resulting Fitness: 0.754167
-------------
Particle: 14:
Relays Coordinates:
166.412, 106.71
99.1434, 267.878
118.954, 84.1882
102.257, 267.359
103.118, 204.693
Evaluation Time: 1.15974 seconds
Resulting Fitness: 0.770833
-------------
Particle: 15:
Relays Coordinates:
291.451, 130.469
52.4109, 207.208
45.7659, 70.3677
147.504, 143.329
52.9704, 138.211
Evaluation Time: 1.17706 seconds
Resulting Fitness: 0.841667
-------------
Particle: 16:
Relays Coordinates:
284.32, 183.041
81.1269, 259.129
47.7061, 89.7915
179.336, 296.22
119.516, 169.384
Evaluation Time: 1.28291 seconds
Resulting Fitness: 0.891667
-------------
Particle: 17:
Relays Coordinates:
216.729, 180.693
86.5727, 248.791
125.433, 63.2758
211.976, 217.28
236.771, 134.247
Evaluation Time: 1.29815 seconds
Resulting Fitness: 0.945833
New local best!
-------------
Particle: 18:
Relays Coordinates:
141.164, 108.266
46.7108, 139.841
152.034, 89.0725
125.294, 173.829
186.004, 130.21
Evaluation Time: 1.06892 seconds
Resulting Fitness: 0.745833
-------------
Particle: 19:
Relays Coordinates:
249.356, 161.006
37.2932, 245.396
55.2445, 133.488
200.319, 218.307
51.8856, 174.822
Evaluation Time: 1.28977 seconds
Resulting Fitness: 0.9375
-------------
Particle: 20:
Relays Coordinates:
199.942, 142.877
115.113, 250.702
35.5188, 50.8267
155.339, 136.325
9.37918, 128.811
Evaluation Time: 1.34612 seconds
Resulting Fitness: 0.858333
Current global best fitness: 0.9625
Current global best relays: 252.197, 158.779
71.1063, 224.697
66.2323, 71.2958
161.297, 260.747
69.919, 163.411
Particle 1 new velocities: 104.694, -72.602
154.634, -4.06528
-34.3315, -1.90456
40.1588, -19.6286
-71.6549, 38.4118
Particle 2 new velocities: 25.8914, -3.48663
-8.58221, -34.2537
11.8102, -20.4461
-38.0578, -9.42647
-15.9295, -4.27327
Particle 3 new velocities: 46.1276, -1.06036
10.8686, 104.848
-65.6989, 11.6984
24.9257, 27.6512
5.51562, 87.5909
Particle 4 new velocities: 8.8916, -10.0101
-50.6507, -35.9457
-10.3077, -35.3056
-12.3678, -26.9176
-2.62141, -42.6375
Particle 5 new velocities: 56.3894, 37.082
7.72291, 121.354
2.43029, 12.9167
-50.5369, 59.3008
-26.0459, 29.8967
Particle 6 new velocities: -76.4383, 21.1241
12.9909, 76.5357
36.7314, 6.8179
15.0552, -48.1467
20.1412, 0.50746
Particle 7 new velocities: 8.0753, -22.819
4.68243, 33.3648
7.76221, 4.44823
55.5917, 103.35
-3.22562, 23.2151
Particle 8 new velocities: 34.5109, -49.7511
-91.8188, 19.8453
12.4766, 0.71431
52.6985, 40.5468
-6.84653, -63.3287
Particle 9 new velocities: 124.644, 100.357
-13.972, 149.251
93.1286, 58.2528
130.213, 56.5574
287.588, 149.115
Particle 10 new velocities: -31.5978, 32.2999
1.46405, 41.5475
17.5776, 8.13436
2.45199, -23.9577
61.3026, 113.725
Particle 11 new velocities: 87.038, 110.869
154.107, 78.5696
-4.41127, 51.6562
42.2874, 55.0682
10.7924, -12.452
Particle 12 new velocities: 0, 0
0, 0
0, 0
0, 0
0, 0
Particle 13 new velocities: -113.652, -7.43878
77.4667, 88.3183
367.25, 53.9724
-36.9499, -12.8032
3.26333, -113.98
Particle 14 new velocities: 78.8764, 75.4514
-22.3042, -20.9374
-8.80536, -12.7233
-4.83843, -51.5625
-45.4673, -36.5886
Particle 15 new velocities: -44.3602, 28.331
110.042, 55.8217
7.99546, 24.9547
-8.05837, 96.0324
31.1364, 43.121
Particle 16 new velocities: 60.7924, -0.63801
-2.43569, 15.0701
15.7817, 95.9335
22.2657, 13.1787
11.0135, 63.0565
Particle 17 new velocities: -22.7391, -4.23749
22.8063, 29.0984
72.5657, -15.1317
0.499431, -22.0224
7.08026, 1.55345
Particle 18 new velocities: 214.627, 78.5129
25.1492, 137.937
191.565, 122.6
166.387, 69.1924
-79.8982, 136.584
Particle 19 new velocities: 61.8023, 22.9828
14.0148, 70.4647
-0.825223, -71.6117
20.5663, 23.3552
25.1309, -14.8946
Particle 20 new velocities: 14.4319, 32.7574
-97.0463, -8.24822
-25.3252, 3.824
26.0031, 118.641
-122.276, 16.6333
-- ITERATION 7 --
-------------
Particle: 1:
Relays Coordinates:
105.109, 132.741
350, 213.321
60.0602, 110.318
193.105, 179.573
218.277, 236.184
Evaluation Time: 1.1698 seconds
Resulting Fitness: 0.779167
-------------
Particle: 2:
Relays Coordinates:
234.92, 110.412
40.2624, 135.777
32.6313, 25.3514
102.731, 191.001
61.4481, 140.039
Evaluation Time: 1.2103 seconds
Resulting Fitness: 0.75
-------------
Particle: 3:
Relays Coordinates:
216.654, 56.6163
61.8268, 187.278
71.8018, 62.561
125.674, 218.967
74.2101, 124.849
Evaluation Time: 1.14158 seconds
Resulting Fitness: 0.866667
-------------
Particle: 4:
Relays Coordinates:
275.994, 165.25
114.896, 218.119
80.9374, 60.8072
170.151, 264.57
128.082, 176.417
Evaluation Time: 1.2193 seconds
Resulting Fitness: 0.9375
-------------
Particle: 5:
Relays Coordinates:
234.034, 156.585
80.2027, 255.15
90.2973, 62.1449
104.794, 223.385
37.631, 129.022
Evaluation Time: 1.33426 seconds
Resulting Fitness: 0.908333
-------------
Particle: 6:
Relays Coordinates:
222.09, 189.597
79.3529, 308.736
99.6472, 69.6162
202.027, 217.279
95.5925, 152.123
Evaluation Time: 1.20462 seconds
Resulting Fitness: 0.870833
-------------
Particle: 7:
Relays Coordinates:
269.436, 191.099
73.7321, 218.677
70.8274, 70.8905
204.764, 250.473
86.668, 170.372
Evaluation Time: 1.30349 seconds
Resulting Fitness: 0.875
-------------
Particle: 8:
Relays Coordinates:
209.095, 90.9705
11.5368, 178.99
60.0169, 50.9962
161.484, 225.648
8.30488, 77.5322
Evaluation Time: 1.14722 seconds
Resulting Fitness: 0.875
-------------
Particle: 9:
Relays Coordinates:
183.709, 138.857
10.6757, 174.181
119.522, 92.1388
151.525, 155.434
206.672, 178.543
Evaluation Time: 1.13072 seconds
Resulting Fitness: 0.833333
-------------
Particle: 10:
Relays Coordinates:
251.902, 198.036
90.7896, 257.937
87.2677, 71.5746
217.762, 259.542
114.284, 200.495
Evaluation Time: 1.16944 seconds
Resulting Fitness: 0.879167
-------------
Particle: 11:
Relays Coordinates:
221.262, 159.866
124.827, 219.861
36.2075, 75.7738
168.268, 198.34
39.863, 95.0913
Evaluation Time: 1.21688 seconds
Resulting Fitness: 0.9
-------------
Particle: 12:
Relays Coordinates:
252.197, 158.779
71.1063, 224.697
66.2323, 71.2958
161.297, 260.747
69.919, 163.411
Evaluation Time: 1.3848 seconds
Resulting Fitness: 0.9625
-------------
Particle: 13:
Relays Coordinates:
125.11, 133.343
120.737, 158.534
255.15, 76.3826
126.02, 214.706
83.0937, 54.3295
Evaluation Time: 1.17917 seconds
Resulting Fitness: 0.891667
-------------
Particle: 14:
Relays Coordinates:
245.289, 182.161
76.8392, 246.94
110.149, 71.4649
97.4181, 215.797
57.6504, 168.104
Evaluation Time: 1.38186 seconds
Resulting Fitness: 0.866667
-------------
Particle: 15:
Relays Coordinates:
247.09, 158.8
162.453, 263.03
53.7613, 95.3224
139.445, 239.362
84.1068, 181.332
Evaluation Time: 1.31248 seconds
Resulting Fitness: 0.925
New local best!
-------------
Particle: 16:
Relays Coordinates:
251.587, 132.972
57.3659, 199.891
46.2826, 135.394
146.968, 225.551
95.1562, 169.449
Evaluation Time: 1.36261 seconds
Resulting Fitness: 0.9375
-------------
Particle: 17:
Relays Coordinates:
141.419, 128.636
79.7373, 202.581
144.341, 35.097
154.895, 142.343
177.767, 98.9988
Evaluation Time: 1.119 seconds
Resulting Fitness: 0.8
-------------
Particle: 18:
Relays Coordinates:
186.004, 99.2621
38.1893, 147.623
182.602, 112.491
155.011, 129.152
56.3891, 141.785
Evaluation Time: 1.16581 seconds
Resulting Fitness: 0.754167
-------------
Particle: 19:
Relays Coordinates:
280.043, 165.59
46.1771, 284.275
48.9773, 55.6887
198.797, 217.496
69.3148, 143.935
Evaluation Time: 1.25633 seconds
Resulting Fitness: 0.9375
-------------
Particle: 20:
Relays Coordinates:
192.936, 158.071
16.2599, 218.208
9.17421, 49.1856
163.208, 229.47
0, 130.9
Evaluation Time: 1.35628 seconds
Resulting Fitness: 0.833333
Current global best fitness: 0.9625
Current global best relays: 252.197, 158.779
71.1063, 224.697
66.2323, 71.2958
161.297, 260.747
69.919, 163.411
Particle 1 new velocities: 77.3981, -230.785
-287.89, -86.6407
5.59333, 50.506
-7.06959, -214.701
-57.7652, -51.6262
Particle 2 new velocities: 44.7633, 82.6412
14.884, 24.7055
34.0077, 28.547
51.7773, 60.5354
26.8965, 56.1922
Particle 3 new velocities: 82.933, 75.3102
14.2953, 45.9306
84.8269, 20.838
35.8944, 107.025
22.7299, 86.2
Particle 4 new velocities: -7.08084, -19.8851
-33.4026, 22.328
-7.67064, 7.77713
18.521, -16.5099
-43.7347, -34.1591
Particle 5 new velocities: 152.438, 14.9449
8.26378, -149.819
90.6473, 28.1358
11.5223, 61.8024
-11.0338, 55.7875
Particle 6 new velocities: -25.7913, -110.804
-33.1134, -117.682
1.02073, -20.7242
-79.4504, 34.5051
-61.4545, 1.99492
Particle 7 new velocities: 12.0605, 4.22829
97.186, -48.4837
3.06021, -24.1185
-0.860587, 50.5738
-9.3494, -8.91531
Particle 8 new velocities: 42.4462, 98.2647
-22.9632, 94.2819
15.8073, 22.0688
23.3996, 48.2093
38.2315, 15.143
Particle 9 new velocities: 182.548, 151.005
57.4674, 71.1246
74.7123, 44.1534
114.842, 14.514
-93.6806, 128.979
Particle 10 new velocities: -14.7067, -65.9816
-15.7142, -20.1135
8.07506, -19.4478
-70.1461, 11.7275
-23.4215, 32.5529
Particle 11 new velocities: 109.461, 75.7755
104.74, 95.3437
17.4427, 54.4621
75.2683, 231.048
73.3107, 91.4584
Particle 12 new velocities: 0, 0
0, 0
0, 0
0, 0
0, 0
Particle 13 new velocities: 100.529, 31.3329
86.2898, 109.311
-105.79, 35.4807
86.7835, 47.8907
22.9907, 12.6418
Particle 14 new velocities: 71.9666, 12.9299
33.374, -42.183
-53.9057, 12.2788
89.7095, -62.2982
-0.445652, -25.6367
Particle 15 new velocities: -34.908, 22.6601
-10.8219, 39.9681
13.1108, -6.74317
-3.71255, 80.8667
17.3972, 29.9321
Particle 16 new velocities: -22.1349, 14.4042
19.5455, 45.7312
20.491, 72.1374
34.3788, 41.2804
31.5521, 12.5093
Particle 17 new velocities: 56.8289, 60.2452
18.7838, 34.3855
13.5069, 42.7245
76.0574, 107.323
-84.301, 40.4443
Particle 18 new velocities: -155.551, 109.017
21.5023, 189.662
87.3774, 96.1906
348.59, 168.019
130.102, 200.388
Particle 19 new velocities: -18.9245, -0.905105
23.2141, -59.6463
-74.7831, -26.6822
-11.0255, 66.0723
8.13031, 0.777251
Particle 20 new velocities: 100.353, 40.2335
111.095, 4.01356
59.4563, 46.1605
21.3161, 91.1552
63.2183, 46.5696
-- ITERATION 8 --
-------------
Particle: 1:
Relays Coordinates:
147.831, 0
50.3091, 102.611
53.1793, 130.268
150.688, 0
130.015, 149.491
Evaluation Time: 0.944805 seconds
Resulting Fitness: 0.6
-------------
Particle: 2:
Relays Coordinates:
279.683, 193.053
55.1464, 160.482
66.639, 53.8983
154.508, 251.536
88.3446, 196.231
Evaluation Time: 1.30097 seconds
Resulting Fitness: 0.883333
-------------
Particle: 3:
Relays Coordinates:
242.666, 106.86
61.6589, 188.899
126.869, 67.5532
130.871, 264.054
78.5214, 170.95
Evaluation Time: 1.16947 seconds
Resulting Fitness: 0.979167
New local best!
New global best!
-------------
Particle: 4:
Relays Coordinates:
268.913, 145.365
81.4929, 240.447
73.2668, 68.5843
188.672, 248.06
84.3468, 142.258
Evaluation Time: 1.46593 seconds
Resulting Fitness: 0.933333
-------------
Particle: 5:
Relays Coordinates:
283.5, 138.939
71.6579, 85.3181
146.565, 73.1274
94.2164, 231.002
21.5438, 149.695
Evaluation Time: 1.23601 seconds
Resulting Fitness: 0.870833
-------------
Particle: 6:
Relays Coordinates:
196.299, 78.7931
46.2395, 191.055
100.668, 48.892
122.577, 251.784
34.138, 154.118
Evaluation Time: 1.22005 seconds
Resulting Fitness: 0.920833
-------------
Particle: 7:
Relays Coordinates:
281.497, 195.328
170.918, 170.194
73.8876, 46.772
203.904, 301.046
77.3186, 161.457
Evaluation Time: 1.28347 seconds
Resulting Fitness: 0.825
-------------
Particle: 8:
Relays Coordinates:
203.749, 153.28
0, 221.35
61.4176, 59.1827
149.756, 221.824
37.6945, 75.0669
Evaluation Time: 1.27544 seconds
Resulting Fitness: 0.854167
-------------
Particle: 9:
Relays Coordinates:
206.672, 171.16
40.2378, 144.85
114.694, 80.4792
157.287, 100.353
66.72, 181.589
Evaluation Time: 1.26248 seconds
Resulting Fitness: 0.858333
New local best!
-------------
Particle: 10:
Relays Coordinates:
213.476, 118.849
67.5679, 214.041
85.8085, 46.9142
132.854, 244.143
81.7764, 209.743
Evaluation Time: 1.20161 seconds
Resulting Fitness: 0.916667
-------------
Particle: 11:
Relays Coordinates:
267.886, 190.869
185.948, 255.316
43.4566, 105.491
197.264, 283.5
91.6707, 151.105
Evaluation Time: 1.17587 seconds
Resulting Fitness: 0.816667
-------------
Particle: 12:
Relays Coordinates:
252.197, 158.779
71.1063, 224.697
66.2323, 71.2958
161.297, 260.747
69.919, 163.411
Evaluation Time: 1.41004 seconds
Resulting Fitness: 0.9625
-------------
Particle: 13:
Relays Coordinates:
225.639, 164.676
207.026, 267.845
149.36, 111.863
212.803, 262.596
106.084, 66.9713
Evaluation Time: 1.1877 seconds
Resulting Fitness: 0.8125
-------------
Particle: 14:
Relays Coordinates:
317.255, 195.091
110.213, 204.757
56.2432, 83.7437
187.128, 153.498
57.2047, 142.467
Evaluation Time: 1.38053 seconds
Resulting Fitness: 0.858333
-------------
Particle: 15:
Relays Coordinates:
212.182, 181.46
151.631, 302.998
66.8722, 88.5793
135.733, 320.228
101.504, 211.264
Evaluation Time: 1.28412 seconds
Resulting Fitness: 0.875
-------------
Particle: 16:
Relays Coordinates:
150.543, 96.6934
50.4616, 161.153
43.8102, 136.161
118.981, 175.068
83.1333, 119.383
Evaluation Time: 0.98015 seconds
Resulting Fitness: 0.654167
-------------
Particle: 17:
Relays Coordinates:
178.423, 169.993
88.6689, 213.27
142.063, 70.0394
207.857, 224.699
84.1197, 125.499
Evaluation Time: 1.28768 seconds
Resulting Fitness: 0.870833
-------------
Particle: 18:
Relays Coordinates:
22.2004, 151.836
43.5152, 245.88
196.815, 152.129
255.15, 216.638
135.952, 249.444
Evaluation Time: 1.38209 seconds
Resulting Fitness: 0.841667
-------------
Particle: 19:
Relays Coordinates:
261.118, 164.685
69.3912, 224.628
0, 29.0065
187.772, 283.569
77.4452, 144.712
Evaluation Time: 1.4469 seconds
Resulting Fitness: 0.925
-------------
Particle: 20:
Relays Coordinates:
263.961, 178.474
114.619, 200
61.7674, 85.8115
166.071, 288.563
56.8965, 159.722
Evaluation Time: 1.25359 seconds
Resulting Fitness: 0.933333
Current global best fitness: 0.979167
Current global best relays: 242.666, 106.86
61.6589, 188.899
126.869, 67.5532
130.871, 264.054
78.5214, 170.95
Particle 1 new velocities: -15.942, 49.6885
-135.514, -106.687
87.8103, 82.8919
-35.2741, 242.064
28.4629, 20.3138
Particle 2 new velocities: 4.22618, -30.1927
15.7513, 80.033
69.7403, 37.8502
43.5414, 52.4958
19.953, 12.8019
Particle 3 new velocities: 66.3464, 60.2482
11.4362, 36.7445
67.8615, 16.6704
28.7155, 85.6203
18.1839, 68.96
Particle 4 new velocities: -35.9417, -7.39774
-20.7362, 60.2812
83.8363, 33.5692
-36.1647, -1.73309
-8.21499, 11.486
Particle 5 new velocities: -37.7826, 11.4444
88.6943, 9.86518
65.0902, 31.7785
58.211, 88.4086
35.4366, 36.1956
Particle 6 new velocities: 16.9739, -36.0542
-16.2199, -111.523
58.4695, 1.85812
-34.7495, 16.7507
-33.1285, 12.9597
Particle 7 new velocities: 7.25284, 17.3223
88.4344, -57.5721
8.01734, -17.375
-102.018, -138.729
21.8083, -18.1729
Particle 8 new velocities: 63.5653, 29.6021
127.351, 51.5118
42.7569, 31.5825
-4.59674, 73.6276
22.275, 99.7139
Particle 9 new velocities: 37.8333, 78.6323
56.8774, 58.2667
60.748, 33.8012
82.0395, 49.7128
-64.304, 95.1906
Particle 10 new velocities: 115.091, -14.4183
41.7112, -31.2184
59.7368, 16.1423
-1.29038, 23.4548
-15.8566, -75.2561
Particle 11 new velocities: 70.0266, -99.1836
-84.3003, 43.1703
68.0545, -11.3907
-14.0505, -9.32631
73.3742, 130.072
Particle 12 new velocities: -6.97901, -64.9967
-11.6171, -5.04535
21.8553, -2.41506
-6.83442, 2.45331
2.63033, 7.87028
Particle 13 new velocities: 83.5619, -32.281
25.7575, -136.629
-81.9403, -65.0998
-2.31728, 39.7899
-8.57503, 99.3854
Particle 14 new velocities: -5.60036, -109.325
10.9913, 24.3413
22.4023, 4.64998
-28.9749, 90.955
52.0713, 30.8178
Particle 15 new velocities: 14.4792, -98.2039
-36.6617, -88.621
9.07506, -26.0327
-1.40867, -68.2789
-45.3473, -4.71493
Particle 16 new velocities: 118.807, 59.4023
22.4191, 102.798
49.9181, -20.263
80.6729, 200.142
80.7316, 29.4265
Particle 17 new velocities: 108.436, 18.2178
-14.7773, 56.3605
-17.0708, 25.1176
5.15076, 125.557
154.085, 78.7121
Particle 18 new velocities: -7.99719, 53.2255
4.95141, 71.0346
-13.3304, -6.66217
46.1973, -79.8179
207.342, 30.8667
Particle 19 new velocities: -49.8208, -65.2178
-41.4277, -98.4005
5.35919, 43.6168
-53.4956, 28.208
-1.2976, 11.8091
Particle 20 new velocities: -7.02394, -24.9055
71.7757, 14.6082
107.686, 6.77144
-13.1628, -61.2837
201.589, 43.8714
-- ITERATION 9 --
-------------
Particle: 1:
Relays Coordinates:
131.889, 49.6885
0, 0
140.99, 213.16
115.414, 242.064
158.478, 169.805
Evaluation Time: 1.12636 seconds
Resulting Fitness: 0.8375
-------------
Particle: 2:
Relays Coordinates:
255.519, 146.574
63.8079, 216.464
122.741, 82.5737
178.245, 273.629
97.4679, 188.129
Evaluation Time: 1.25872 seconds
Resulting Fitness: 0.954167
New local best!
-------------
Particle: 3:
Relays Coordinates:
225.27, 121.822
53.2863, 164.494
141.959, 61.399
116.338, 254.912
70.4981, 174.894
Evaluation Time: 1.28376 seconds
Resulting Fitness: 0.8625
-------------
Particle: 4:
Relays Coordinates:
209.674, 124.17
54.681, 270.656
141.393, 91.9382
137.256, 221.695
68.5186, 138.37
Evaluation Time: 1.30909 seconds
Resulting Fitness: 0.9
-------------
Particle: 5:
Relays Coordinates:
199.031, 121.811
129.885, 77.0985
171.441, 84.9738
123.466, 258.722
46.1541, 150.572
Evaluation Time: 1.27223 seconds
Resulting Fitness: 0.9
-------------
Particle: 6:
Relays Coordinates:
213.273, 42.739
30.0196, 79.532
159.137, 50.7501
87.8271, 268.535
1.00956, 167.077
Evaluation Time: 1.24053 seconds
Resulting Fitness: 0.833333
-------------
Particle: 7:
Relays Coordinates:
259.875, 191.385
233.417, 101.36
73.7144, 26.4573
91.6968, 146.086
89.2142, 128.956
Evaluation Time: 1.19031 seconds
Resulting Fitness: 0.875
-------------
Particle: 8:
Relays Coordinates:
240.583, 164.594
114.616, 245.576
93.757, 81.6886
130.643, 265.907
53.9725, 157.303
Evaluation Time: 1.42947 seconds
Resulting Fitness: 0.8875
-------------
Particle: 9:
Relays Coordinates:
178.244, 182.099
70.797, 148.072
127.897, 83.3104
174.469, 109.398
1.76124, 201.772
Evaluation Time: 1.25101 seconds
Resulting Fitness: 0.870833
New local best!
-------------
Particle: 10:
Relays Coordinates:
266.139, 84.5888
88.5161, 148.086
117.892, 51.0757
106.567, 216.754
53.3951, 108.935
Evaluation Time: 1.13158 seconds
Resulting Fitness: 0.879167
-------------
Particle: 11:
Relays Coordinates:
221.704, 60.1549
66.6914, 195.837
73.1624, 61.7393
120.207, 179.885
108.286, 184.481
Evaluation Time: 1.16871 seconds
Resulting Fitness: 0.858333
-------------
Particle: 12:
Relays Coordinates:
220.696, 84.4039
53.5403, 197.687
79.2788, 61.9927
139.016, 236.88
65.2944, 154.153
Evaluation Time: 1.29442 seconds
Resulting Fitness: 0.975
New local best!
-------------
Particle: 13:
Relays Coordinates:
250.453, 107.24
188.555, 106.285
54.6103, 37.8784
170.494, 244.933
78.9825, 134.749
Evaluation Time: 1.38536 seconds
Resulting Fitness: 0.891667
-------------
Particle: 14:
Relays Coordinates:
204.477, 56.2713
79.5223, 150.312
51.5993, 57.9951
103.764, 160.386
71.696, 113.692
Evaluation Time: 1.12564 seconds
Resulting Fitness: 0.7
-------------
Particle: 15:
Relays Coordinates:
226.662, 83.2562
114.97, 214.377
75.9472, 62.5466
134.324, 251.95
56.1568, 206.549
Evaluation Time: 1.23714 seconds
Resulting Fitness: 0.895833
-------------
Particle: 16:
Relays Coordinates:
269.35, 156.096
72.8806, 263.951
93.7283, 115.898
199.654, 350
163.865, 148.81
Evaluation Time: 1.30939 seconds
Resulting Fitness: 0.904167
-------------
Particle: 17:
Relays Coordinates:
258.173, 169.39
66.5025, 242.668
112.493, 85.6413
191.707, 315
214.384, 183.79
Evaluation Time: 1.29501 seconds
Resulting Fitness: 0.954167
New local best!
-------------
Particle: 18:
Relays Coordinates:
10.3541, 149.49
35.3322, 231.031
133.76, 106.045
219.682, 99.7416
250.261, 204.346
Evaluation Time: 1.37135 seconds
Resulting Fitness: 0.945833
New local best!
-------------
Particle: 19:
Relays Coordinates:
190.168, 89.5207
25.1671, 113.605
4.82327, 65.361
120.848, 280.599
68.5328, 140.869
Evaluation Time: 1.2137 seconds
Resulting Fitness: 0.870833
-------------
Particle: 20:
Relays Coordinates:
187.307, 111.951
135.882, 156.449
123.532, 67.493
111.47, 165.686
188.436, 148.42
Evaluation Time: 1.11871 seconds
Resulting Fitness: 0.783333
Current global best fitness: 0.979167
Current global best relays: 242.666, 106.86
61.6589, 188.899
126.869, 67.5532
130.871, 264.054
78.5214, 170.95
Particle 1 new velocities: 21.3725, 80.9688
86.6359, 128.512
52.573, 0.540908
-22.9163, 86.7213
-19.5572, 27.9831
Particle 2 new velocities: -12.0982, -72.2941
12.0644, 47.9228
59.9735, 13.4685
17.3223, 34.0333
-1.56709, 8.76264
Particle 3 new velocities: 71.7259, 31.3073
22.9184, 70.0693
31.0624, 25.4919
43.3034, 77.5031
29.0966, 49.7666
Particle 4 new velocities: 35.994, 33.6569
0.155626, -6.95352
-24.1984, 8.01838
60.4443, 52.6167
72.2945, 136.707
Particle 5 new velocities: 45.1057, 32.5602
84.2446, 130.466
22.1414, 16.2501
41.77, 79.5363
42.0634, 19.1417
Particle 6 new velocities: 70.3818, 92.8816
2.45651, 5.00349
9.93886, -1.91261
47.878, -38.2236
5.38262, -10.1403
Particle 7 new velocities: 29.9424, -70.8853
17.9704, -10.224
40.2935, 37.8988
-20.8617, 28.9663
8.06795, 35.0897
Particle 8 new velocities: 41.8762, -3.25391
2.06666, -30.6237
4.16806, -1.06971
3.89486, 53.643
-39.621, 29.1117
Particle 9 new velocities: 97.0304, 61.4794
39.5009, 52.252
48.0615, 12.6996
53.2189, 85.5522
38.3823, 54.4166
Particle 10 new velocities: 86.723, 89.7261
18.4773, 9.72567
48.5551, 21.1377
132.26, 154.157
39.5441, -43.6939
Particle 11 new velocities: 107.824, 24.6073
21.7475, 52.9893
116.712, 9.73063
32.8697, 65.7648
40.3087, 92.9929
Particle 12 new velocities: 17.5709, -45.0058
-8.71587, -14.0476
74.5671, 3.42176
-11.755, 6.25721
10.8628, 19.8987
Particle 13 new velocities: 57.6395, -0.894778
-124.842, -27.3901
257.91, -22.2436
9.85394, 67.9085
35.5419, 63.7119
Particle 14 new velocities: 48.3984, -35.4894
22.871, 245.513
170.182, 10.7502
71.8826, 182.699
46.3767, 112.109
Particle 15 new velocities: 53.2102, 60.1806
-0.146043, -71.5209
-6.81744, -12.5869
1.43766, -63.3794
4.25744, -73.0247
Particle 16 new velocities: 40.6883, 19.0343
10.494, -9.05095
20.2135, -50.8188
-23.121, -177.632
-28.731, 18.3043
Particle 17 new velocities: 83.5785, -45.8724
-15.2289, 12.6877
-8.77111, 10.1305
-71.0863, -3.75031
25.546, 60.5438
Particle 18 new velocities: 214.869, 3.81275
20.0108, 43.5901
-13.795, -7.95482
-28.1005, 89.6682
142.566, 13.6903
Particle 19 new velocities: -19.7929, -24.9087
20.3542, -64.4386
17.2412, 64.3554
49.3829, -41.0092
-7.04547, 13.7744
Particle 20 new velocities: 37.7623, -12.0179
-37.0816, 191.988
80.8936, 4.40962
51.0861, -5.10231
195.118, 35.144
-- ITERATION 10 --
-------------
Particle: 1:
Relays Coordinates:
153.261, 130.657
86.6359, 128.512
193.563, 213.7
92.4981, 328.785
138.921, 197.788
Evaluation Time: 1.21947 seconds
Resulting Fitness: 0.804167
-------------
Particle: 2:
Relays Coordinates:
177.454, 54.1501
55.311, 192.738
133.199, 70.0148
142.568, 224.285
69.9117, 143.534
Evaluation Time: 1.15571 seconds
Resulting Fitness: 0.816667
-------------
Particle: 3:
Relays Coordinates:
216.51, 111.631
55.5532, 170.997
126.132, 63.3435
116.379, 242.331
72.6046, 163.778
Evaluation Time: 1.20987 seconds
Resulting Fitness: 0.9
-------------
Particle: 4:
Relays Coordinates:
245.668, 157.827
54.8367, 263.702
117.194, 99.9565
197.701, 274.311
140.813, 275.077
Evaluation Time: 1.37782 seconds
Resulting Fitness: 0.904167
-------------
Particle: 5:
Relays Coordinates:
197.751, 125.04
173.445, 168.127
156.802, 81.9913
133.841, 273.989
71.4561, 137.468
Evaluation Time: 1.2145 seconds
Resulting Fitness: 0.929167
-------------
Particle: 6:
Relays Coordinates:
283.655, 135.621
32.4762, 84.5355
169.076, 48.8375
135.705, 230.311
6.39218, 156.937
Evaluation Time: 1.21455 seconds
Resulting Fitness: 0.933333
-------------
Particle: 7:
Relays Coordinates:
289.817, 120.5
251.388, 91.1355
114.008, 64.3561
70.8351, 175.052
97.2821, 164.045
Evaluation Time: 1.04238 seconds
Resulting Fitness: 0.8375
-------------
Particle: 8:
Relays Coordinates:
228.792, 130.686
94.5129, 174.111
79.3193, 65.3013
108.976, 258.835
11.6247, 150.996
Evaluation Time: 1.21436 seconds
Resulting Fitness: 0.916667
-------------
Particle: 9:
Relays Coordinates:
200.675, 177.568
80.4072, 146.036
128.274, 69.9913
165.984, 142.119
29.2646, 186.762
Evaluation Time: 1.2051 seconds
Resulting Fitness: 0.841667
-------------
Particle: 10:
Relays Coordinates:
255.15, 127.076
77.9982, 115.045
121.34, 52.6436
174.105, 255.15
67.7527, 47.5606
Evaluation Time: 1.24198 seconds
Resulting Fitness: 0.833333
-------------
Particle: 11:
Relays Coordinates:
240.226, 61.7917
64.472, 181.394
138.418, 52.1016
111.593, 179.079
108.326, 202.278
Evaluation Time: 1.15209 seconds
Resulting Fitness: 0.875
-------------
Particle: 12:
Relays Coordinates:
214.44, 35.4583
40.3419, 165.275
138.461, 58.873
114.535, 218.823
68.5416, 156.646
Evaluation Time: 1.23681 seconds
Resulting Fitness: 0.820833
-------------
Particle: 13:
Relays Coordinates:
202.139, 69.7731
41.8022, 51.7631
205.044, 10.258
118.326, 205.255
75.1395, 130.21
Evaluation Time: 1.32404 seconds
Resulting Fitness: 0.829167
-------------
Particle: 14:
Relays Coordinates:
165.911, 13.635
67.1802, 229.635
145.511, 45.1038
115.242, 225.098
77.4675, 148.148
Evaluation Time: 1.22923 seconds
Resulting Fitness: 0.7625
-------------
Particle: 15:
Relays Coordinates:
279.872, 143.437
114.824, 142.856
69.1298, 49.9597
135.762, 188.57
60.4142, 133.525
Evaluation Time: 1.32496 seconds
Resulting Fitness: 0.85
-------------
Particle: 16:
Relays Coordinates:
310.038, 175.13
83.3747, 254.9
113.942, 65.0793
176.533, 172.368
135.134, 167.114
Evaluation Time: 1.25888 seconds
Resulting Fitness: 0.920833
-------------
Particle: 17:
Relays Coordinates:
307.576, 111.166
46.1463, 229.82
93.3499, 86.1946
108.559, 280.125
215.937, 219.9
Evaluation Time: 1.38273 seconds
Resulting Fitness: 0.870833
-------------
Particle: 18:
Relays Coordinates:
202.701, 137.972
49.8086, 247.159
107.969, 88.2815
172.424, 170.469
315, 196.233
Evaluation Time: 1.14971 seconds
Resulting Fitness: 0.9375
-------------
Particle: 19:
Relays Coordinates:
170.375, 64.612
45.5213, 49.1664
22.0644, 129.716
170.231, 239.59
61.4873, 154.643
Evaluation Time: 1.16553 seconds
Resulting Fitness: 0.875
-------------
Particle: 20:
Relays Coordinates:
147.668, 65.5663
64.8227, 228.61
134.124, 47.1753
106.653, 105.359
229.635, 120.436
Evaluation Time: 1.12883 seconds
Resulting Fitness: 0.891667
Current global best fitness: 0.979167
Current global best relays: 242.666, 106.86
61.6589, 188.899
126.869, 67.5532
130.871, 264.054
78.5214, 170.95
Particle 1 new velocities: 97.8212, 35.3917
234.369, 130.654
-71.594, -173.458
59.1356, -300.397
38.4016, 10.3158
Particle 2 new velocities: 37.5671, 57.0472
14.9938, 47.2413
33.1942, 12.724
65.708, 71.1356
39.966, 85.2029
Particle 3 new velocities: 102.103, 17.3907
26.3582, 81.9256
25.2248, 27.1751
58.9724, 97.1509
26.3267, 53.3403
Particle 4 new velocities: 45.2716, -12.6019
80.6168, -70.8636
-54.0038, -0.500947
36.8523, 39.0602
17.7753, -102.414
Particle 5 new velocities: 143.557, 45.8171
-60.142, 45.1155
11.2812, 0.444766
5.22378, 51.3794
25.748, 6.33266
Particle 6 new velocities: -41.5213, 18.1906
27.1631, 103.506
-66.7341, 0.371709
50.4072, -18.3388
142.228, -18.625
Particle 7 new velocities: -46.9592, 88.8609
-75.5471, 50.1653
-6.25277, -2.65436
37.927, 113.431
-1.48457, 16.7505
Particle 8 new velocities: 18.5898, -12.6176
-65.8525, -5.87997
36.8319, 0.369431
36.567, 44.9777
29.4011, 14.5488
Particle 9 new velocities: 100.552, 0.0277392
0.627064, 93.0797
36.6845, 29.4233
31.3793, 118.972
18.5323, 45.9888
Particle 10 new velocities: 2.10133, 93.9268
20.1424, 213.87
35.8814, 30.5094
60.7412, 33.4573
68.011, 173.232
Particle 11 new velocities: 87.7687, 59.6447
66.0912, 127.123
12.9652, 67.0782
71.925, 237.749
11.4625, 54.2749
Particle 12 new velocities: 41.865, 50.0309
29.247, 7.75243
-14.7898, 14.5159
18.1991, 26.0808
7.55423, 21.7801
Particle 13 new velocities: 74.3532, 96.0669
69.597, 61.2624
178.382, 106.022
110.302, 114.772
83.0631, -78.0038
Particle 14 new velocities: 67.4192, 116.679
104.902, -21.7908
102.624, 48.9032
108.184, 134.772
46.7787, 217.9
Particle 15 new velocities: -26.9879, 27.0221
71.9775, 13.2099
28.9276, 56.5754
-1.24694, 31.9884
55.4857, -25.5219
Particle 16 new velocities: -62.3721, -56.8756
-7.93202, -130.23
-131.153, 58.7217
-55.1206, -62.8514
-22.8281, -2.83348
Particle 17 new velocities: 24.2635, 46.7709
-10.3128, -6.14028
11.9864, -10.6557
27.473, 31.628
-112.43, -17.5087
Particle 18 new velocities: -101.887, -27.5095
15.6097, -43.6501
11.5952, -0.192404
9.93099, 94.5033
-234.41, 4.7919
Particle 19 new velocities: 107.934, 147.139
29.1732, 179.243
19.0876, -73.099
2.59303, -15.2406
-21.9737, 16.4508
Particle 20 new velocities: 197.634, 120.172
63.1363, 121.491
24.9931, 48.8827
123.475, 33.3302
-40.4997, 76.7698
-- ITERATION 11 --
-------------
Particle: 1:
Relays Coordinates:
225.974, 149.444
288.904, 233.249
109.772, 36.2181
136.47, 25.5493
159.59, 187.294
Evaluation Time: 1.31936 seconds
Resulting Fitness: 0.8625
-------------
Particle: 2:
Relays Coordinates:
174.167, 90.0698
56.9469, 194.383
134.779, 67.0184
168.704, 239.291
89.0009, 185.277
Evaluation Time: 1.19812 seconds
Resulting Fitness: 0.879167
-------------
Particle: 3:
Relays Coordinates:
258.077, 104.508
66.3483, 204.867
122.599, 73.32
142.034, 274.98
80.1343, 175.866
Evaluation Time: 1.27991 seconds
Resulting Fitness: 0.975
-------------
Particle: 4:
Relays Coordinates:
261.846, 130.703
121.908, 173.555
56.8715, 89.51
211.098, 282.034
142.73, 155.397
Evaluation Time: 1.27312 seconds
Resulting Fitness: 0.895833
-------------
Particle: 5:
Relays Coordinates:
248.813, 124.555
82.598, 155.454
122.532, 60.0959
101.378, 237.194
70.8618, 104.831
Evaluation Time: 1.28964 seconds
Resulting Fitness: 0.883333
-------------
Particle: 6:
Relays Coordinates:
242.133, 153.811
59.6392, 188.042
102.342, 49.2092
186.112, 211.972
148.62, 138.312
Evaluation Time: 1.1863 seconds
Resulting Fitness: 0.925
-------------
Particle: 7:
Relays Coordinates:
242.858, 209.36
175.84, 141.301
107.755, 61.7017
108.762, 288.483
95.7976, 180.796
Evaluation Time: 1.17391 seconds
Resulting Fitness: 0.916667
New local best!
-------------
Particle: 8:
Relays Coordinates:
200.379, 95.6352
23.2149, 136.267
94.0825, 53.1933
117.89, 246.089
33.2309, 134.091
Evaluation Time: 1.18305 seconds
Resulting Fitness: 0.9125
-------------
Particle: 9:
Relays Coordinates:
219.594, 129.468
59.074, 174.316
120.255, 72.4732
143.878, 190.335
34.8439, 169.675
Evaluation Time: 1.13865 seconds
Resulting Fitness: 0.875
New local best!
-------------
Particle: 10:
Relays Coordinates:
208.374, 179.012
79.4938, 266.421
127.349, 67.3539
190.225, 233.772
109.969, 178.842
Evaluation Time: 1.24864 seconds
Resulting Fitness: 0.895833
-------------
Particle: 11:
Relays Coordinates:
239.108, 88.5271
95.1805, 224.909
110.358, 86.882
133.784, 255.15
87.3254, 187.027
Evaluation Time: 1.25563 seconds
Resulting Fitness: 0.975
New local best!
-------------
Particle: 12:
Relays Coordinates:
256.305, 85.4892
69.5889, 173.028
123.672, 73.3889
132.734, 244.904
76.0958, 178.427
Evaluation Time: 1.2405 seconds
Resulting Fitness: 0.904167
-------------
Particle: 13:
Relays Coordinates:
248.843, 149.256
100.259, 101.723
315, 104.652
205.765, 288.024
142.382, 46.9857
Evaluation Time: 1.27678 seconds
Resulting Fitness: 0.845833
-------------
Particle: 14:
Relays Coordinates:
124.001, 69.2543
91.4518, 110.457
131.869, 49.9592
118.738, 186.004
66.0295, 186.004
Evaluation Time: 1.12555 seconds
Resulting Fitness: 0.720833
-------------
Particle: 15:
Relays Coordinates:
252.884, 170.459
186.801, 156.066
98.0574, 106.535
134.515, 220.559
115.9, 108.003
Evaluation Time: 1.15546 seconds
Resulting Fitness: 0.895833
-------------
Particle: 16:
Relays Coordinates:
247.666, 118.254
75.4427, 124.67
0, 123.801
121.413, 109.516
112.306, 164.28
Evaluation Time: 1.19105 seconds
Resulting Fitness: 0.808333
-------------
Particle: 17:
Relays Coordinates:
217.72, 103.622
23.5103, 146.756
69.1112, 49.561
89.2503, 204.541
67.9113, 132.789
Evaluation Time: 1.23434 seconds
Resulting Fitness: 0.820833
-------------
Particle: 18:
Relays Coordinates:
100.813, 110.463
65.4183, 203.509
119.564, 88.0891
182.355, 264.972
80.59, 201.025
Evaluation Time: 1.18264 seconds
Resulting Fitness: 0.820833
-------------
Particle: 19:
Relays Coordinates:
278.309, 211.751
74.6945, 228.41
41.1521, 56.6174
172.824, 224.349
39.5136, 171.094
Evaluation Time: 1.38435 seconds
Resulting Fitness: 0.883333
-------------
Particle: 20:
Relays Coordinates:
279.694, 150.448
103.647, 283.5
128.884, 77.807
186.404, 112.338
153.2, 159.737
Evaluation Time: 1.32158 seconds
Resulting Fitness: 0.933333
Current global best fitness: 0.979167
Current global best relays: 242.666, 106.86
61.6589, 188.899
126.869, 67.5532
130.871, 264.054
78.5214, 170.95
Particle 1 new velocities: 34.46, -138.354
-66.1432, 46.3645
-14.8037, 32.4396
38.3523, -216.167
49.1067, -17.066
Particle 2 new velocities: 149.653, 63.9317
15.753, 62.8868
3.41649, 28.9735
46.9244, 111.643
37.4254, 56.9322
Particle 3 new velocities: 71.0011, 18.6166
12.9762, 39.043
21.9445, 17.7429
30.1684, 68.8973
17.4208, 32.9314
Particle 4 new velocities: 48.6999, 12.6564
72.6173, 91.7921
25.3218, 24.2678
-59.091, 20.5397
-26.8571, -47.6533
Particle 5 new velocities: 149.72, 40.3533
44.0453, 32.2028
73.1038, 12.0828
45.5313, 100.148
25.6804, 93.0775
Particle 6 new velocities: -32.8304, -76.364
17.58, 82.7251
-21.6474, -0.949241
-28.3601, 38.8625
62.4229, -10.502
Particle 7 new velocities: -37.6455, 14.1232
-123.02, 101.621
5.36659, 5.0606
56.2341, 78.1662
-2.734, 4.45972
Particle 8 new velocities: 73.1496, 14.869
-10.5339, 109.62
51.8805, 12.3682
58.6879, 67.5716
67.3868, 24.9853
Particle 9 new velocities: 86.047, -1.33803
2.82713, 83.0818
37.2578, 17.8337
19.5953, 178.218
18.7509, 37.3241
Particle 10 new velocities: 86.8385, 40.7053
0.989872, 66.3398
15.6997, 3.50402
-10.1928, 62.9724
38.7931, 110.213
Particle 11 new velocities: 74.4668, 67.3296
32.9458, 70.2639
25.1014, 34.6856
54.1353, 2.45312
4.23784, 24.7942
Particle 12 new velocities: -3.93612, 65.8227
5.58071, 42.3597
-16.2753, -13.7052
16.6961, 35.8776
-0.89325, 8.5675
Particle 13 new velocities: 52.99, 82.4704
67.5579, 119.342
-83.9802, 28.0282
5.83759, 50.9645
-52.435, 73.8028
Particle 14 new velocities: 338.234, 136.737
57.3571, 96.5059
33.2326, 50.4107
113.165, 17.5107
63.1838, 10.2805
Particle 15 new velocities: -24.2698, -71.2036
-89.1599, 125.238
0.976951, 9.43989
2.07047, 46.7854
-7.12537, 149.516
Particle 16 new velocities: -87.6177, -49.4348
-11.1258, -53.3168
5.36098, 15.4102
11.6789, 138.93
-56.0828, -16.1528
Particle 17 new velocities: 34.9561, 47.1515
84.4397, 88.179
87.4034, 13.3191
100.665, 232.198
32.3422, 83.8094
Particle 18 new velocities: -25.1692, -11.0104
-12.0857, -34.8097
27.895, 10.8991
38.2019, -31.8109
98.651, -14.6155
Particle 19 new velocities: 57.8264, -61.4965
-51.3036, 121.225
58.5822, -2.16617
-6.22678, 3.20108
-9.68964, 9.61204
Particle 20 new velocities: 33.0754, 125.408
46.6389, -71.3189
18.4734, 26.9564
54.1259, 72.8297
-48.3172, 48.7116
-- ITERATION 12 --
-------------
Particle: 1:
Relays Coordinates:
260.434, 11.0899
222.761, 279.613
94.968, 68.6576
174.823, 0
208.697, 170.228
Evaluation Time: 1.15059 seconds
Resulting Fitness: 0.845833
-------------
Particle: 2:
Relays Coordinates:
236.064, 112.267
52.9982, 187.55
100.744, 69.978
157.193, 255.15
92.1648, 176.571
Evaluation Time: 1.3202 seconds
Resulting Fitness: 0.9875
New local best!
New global best!
-------------
Particle: 3:
Relays Coordinates:
266.553, 99.7308
64.2529, 197.567
117.081, 73.761
139.484, 278.541
79.0197, 169.126
Evaluation Time: 1.2643 seconds
Resulting Fitness: 0.945833
-------------
Particle: 4:
Relays Coordinates:
251.542, 116.121
157.566, 214.931
66.5766, 92.16
123.125, 245.085
93.8567, 87.2721
Evaluation Time: 1.27459 seconds
Resulting Fitness: 0.975
New local best!
-------------
Particle: 5:
Relays Coordinates:
255.15, 120.218
92.3229, 136.802
142.619, 52.6183
107.097, 245.922
70.3793, 144.275
Evaluation Time: 1.19141 seconds
Resulting Fitness: 0.866667
-------------
Particle: 6:
Relays Coordinates:
209.303, 77.4471
77.2192, 270.767
80.6948, 48.26
157.752, 250.835
211.043, 127.81
Evaluation Time: 1.36878 seconds
Resulting Fitness: 0.9875
New local best!
-------------
Particle: 7:
Relays Coordinates:
205.212, 223.484
52.8208, 242.922
113.122, 66.7623
164.996, 350
93.0636, 185.256
Evaluation Time: 1.17718 seconds
Resulting Fitness: 0.8375
-------------
Particle: 8:
Relays Coordinates:
221.558, 89.5084
10.2717, 199.169
118.23, 53.1048
143.028, 254.065
81.5004, 128.852
Evaluation Time: 1.20669 seconds
Resulting Fitness: 0.970833
New local best!
-------------
Particle: 9:
Relays Coordinates:
247.569, 103.785
50.1399, 208.492
127.585, 73.1486
132.414, 283.5
43.4119, 167.669
Evaluation Time: 1.23359 seconds
Resulting Fitness: 0.95
New local best!
-------------
Particle: 10:
Relays Coordinates:
193.689, 144.156
52.8054, 218.324
93.8544, 46.4899
118.119, 194.694
97.6025, 189.649
Evaluation Time: 1.30915 seconds
Resulting Fitness: 0.829167
-------------
Particle: 11:
Relays Coordinates:
253.996, 126.244
103.782, 239.09
109.723, 98.4698
152.215, 208.659
74.1663, 171.575
Evaluation Time: 1.18871 seconds
Resulting Fitness: 0.945833
-------------
Particle: 12:
Relays Coordinates:
227.132, 136.181
67.6527, 193.849
96.6566, 53.7154
134.487, 252.704
67.6823, 168.295
Evaluation Time: 1.28152 seconds
Resulting Fitness: 0.954167
-------------
Particle: 13:
Relays Coordinates:
301.833, 231.726
167.817, 221.065
231.02, 132.68
211.603, 338.989
89.9473, 120.788
Evaluation Time: 1.19639 seconds
Resulting Fitness: 0.875
-------------
Particle: 14:
Relays Coordinates:
255.15, 150.168
108.482, 150.876
120.359, 73.1696
169.057, 148.362
94.1965, 143.092
Evaluation Time: 1.11892 seconds
Resulting Fitness: 0.858333
-------------
Particle: 15:
Relays Coordinates:
228.614, 99.2553
97.6413, 281.305
99.0343, 115.975
136.585, 267.344
108.774, 257.519
Evaluation Time: 1.20952 seconds
Resulting Fitness: 0.841667
-------------
Particle: 16:
Relays Coordinates:
160.048, 68.8196
64.3168, 71.3532
5.36098, 139.211
133.092, 248.447
56.223, 148.128
Evaluation Time: 1.12073 seconds
Resulting Fitness: 0.820833
-------------
Particle: 17:
Relays Coordinates:
227.409, 135.696
97.155, 211.442
140.863, 56.5921
170.924, 315
90.2281, 194.939
Evaluation Time: 1.21943 seconds
Resulting Fitness: 0.916667
-------------
Particle: 18:
Relays Coordinates:
75.6443, 99.4523
53.3327, 168.699
147.459, 98.9881
220.556, 233.161
179.241, 186.409
Evaluation Time: 1.12673 seconds
Resulting Fitness: 0.8125
-------------
Particle: 19:
Relays Coordinates:
272.27, 121.706
18.9466, 283.204
80.7848, 44.1055
134.944, 184.316
24.1574, 146.372
Evaluation Time: 1.23133 seconds
Resulting Fitness: 0.870833
-------------
Particle: 20:
Relays Coordinates:
253.343, 223.443
121.731, 171.867
119.36, 84.8583
194.829, 149.986
84.9547, 168.843
Evaluation Time: 1.11797 seconds
Resulting Fitness: 0.854167
Current global best fitness: 0.9875
Current global best relays: 236.064, 112.267
52.9982, 187.55
100.744, 69.978
157.193, 255.15
92.1648, 176.571
Particle 1 new velocities: -157.395, -10.9192
-2.35462, -339.779
3.2382, 71.9538
13.788, 189.015
-68.8966, -1.68386
Particle 2 new velocities: 119.722, 51.1453
12.6024, 50.3094
2.73319, 23.1788
37.5396, 0
29.9403, 45.5458
Particle 3 new velocities: 7.84899, 28.3036
3.34618, 9.54586
16.6259, 8.74158
42.2984, 36.9623
29.1087, 26.9997
Particle 4 new velocities: 31.6463, 8.26728
-47.7417, 72.275
21.254, -1.74416
-4.71098, 23.9468
-23.3137, 3.00366
Particle 5 new velocities: 12.5917, 57.1993
67.404, 45.7701
72.056, 55.9542
68.5088, 109.551
0.471174, 78.6912
Particle 6 new velocities: -24.4675, -54.7091
-13.2713, 57.1778
-4.14398, 10.5352
-22.9979, 31.8935
36.8998, 23.6536
Particle 7 new velocities: 45.4337, -122.02
-61.9604, -23.7621
-12.4013, 1.32324
-41.2844, -187.017
0.954342, -0.914753
Particle 8 new velocities: 71.392, 27.4746
41.2388, 78.5716
30.2139, 29.972
49.578, 54.2294
54.7321, 67.4355
Particle 9 new velocities: 61.0434, 1.46331
3.06174, 44.1327
19.5389, 11.1247
21.2427, -13.5177
24.0009, 30.9399
Particle 10 new velocities: 224.858, 21.9629
74.6451, 16.1198
19.1558, 32.7101
146.234, 136.212
28.0498, 39.2404
Particle 11 new velocities: 48.2369, 6.54453
11.0109, 45.1048
13.2351, 21.6651
26.157, 14.4861
15.3408, 30.5291
Particle 12 new velocities: -6.93765, -27.9799
-23.9492, 33.4061
-38.6726, 21.0421
28.9733, 29.4085
19.6014, 3.68867
Particle 13 new velocities: -14.3392, -27.3574
18.0979, 77.4252
-206.733, -47.1396
-73.3849, -37.6751
-14.3853, 55.8434
Particle 14 new velocities: -19.0012, 96.1882
9.71018, 158.936
-12.4869, 60.0761
68.8389, 45.8071
49.1491, 107.339
Particle 15 new velocities: -18.4569, 14.1075
-24.6718, 84.0233
-14.8198, -10.6588
21.6235, 18.1916
-44.2028, 62.7787
Particle 16 new velocities: -27.9416, -1.74584
-9.60402, 207.935
91.0546, -31.1939
48.9172, 115.179
114.125, -0.173459
Particle 17 new velocities: 54.9732, 42.3526
40.6603, 78.2161
16.7794, 57.3701
102.727, -9.61403
31.3549, 60.2176
Particle 18 new velocities: 100.717, 1.43406
-18.3266, 74.142
-19.8688, -3.2535
-25.4122, -232.215
88.6717, -18.4553
Particle 19 new velocities: 3.28951, -53.2854
-0.0588992, -35.9025
13.9366, 53.6625
17.5563, 104.49
14.9183, 42.0732
Particle 20 new velocities: -33.5849, 28.2235
27.3986, 71.4024
-44.5227, -4.05568
-18.1788, 81.3227
162.771, 34.5172
-- ITERATION 13 --
-------------
Particle: 1:
Relays Coordinates:
103.039, 0.170668
220.407, 0
98.2062, 140.611
188.611, 189.015
139.8, 168.544
Evaluation Time: 1.13779 seconds
Resulting Fitness: 0.875
New local best!
-------------
Particle: 2:
Relays Coordinates:
283.5, 132.364
53.1364, 192.666
83.8167, 75.457
157.733, 206.672
98.9051, 179.914
Evaluation Time: 1.3189 seconds
Resulting Fitness: 0.95
-------------
Particle: 3:
Relays Coordinates:
246.962, 115.231
60.8391, 186.402
120.336, 74.2523
163.604, 283.953
97.3155, 176.513
Evaluation Time: 1.26835 seconds
Resulting Fitness: 0.979167
-------------
Particle: 4:
Relays Coordinates:
206.444, 90.6791
80.0616, 209.373
64.0285, 65.9132
86.324, 196.124
51.4259, 65.811
Evaluation Time: 1.17249 seconds
Resulting Fitness: 0.875
-------------
Particle: 5:
Relays Coordinates:
175.665, 116.404
104.797, 119.785
140.848, 71.2344
115.215, 229.635
46.485, 146.288
Evaluation Time: 1.24328 seconds
Resulting Fitness: 0.804167
-------------
Particle: 6:
Relays Coordinates:
149.717, 18.4178
51.7978, 265.635
62.0061, 47.6241
109.151, 229.01
200.834, 122.686
Evaluation Time: 1.28455 seconds
Resulting Fitness: 0.879167
-------------
Particle: 7:
Relays Coordinates:
250.646, 101.464
0, 219.16
100.72, 68.0856
123.712, 162.983
94.0179, 184.341
Evaluation Time: 1.16879 seconds
Resulting Fitness: 0.841667
-------------
Particle: 8:
Relays Coordinates:
263.655, 105.285
46.3594, 249.966
133.6, 74.7691
173.345, 277.465
122.609, 176.659
Evaluation Time: 1.283 seconds
Resulting Fitness: 0.9
-------------
Particle: 9:
Relays Coordinates:
277.752, 94.7235
47.8815, 227.362
132.412, 75.846
138.291, 242.984
60.6715, 178.748
Evaluation Time: 1.27187 seconds
Resulting Fitness: 0.883333
-------------
Particle: 10:
Relays Coordinates:
283.5, 134.557
103.235, 189.9
91.5382, 64.152
214.126, 268.034
101.778, 185.4
Evaluation Time: 1.30428 seconds
Resulting Fitness: 0.870833
-------------
Particle: 11:
Relays Coordinates:
272.009, 119.51
103.314, 255.775
110.662, 108.121
160.535, 200.83
80.5564, 181.894
Evaluation Time: 1.31951 seconds
Resulting Fitness: 0.9
-------------
Particle: 12:
Relays Coordinates:
220.195, 108.201
43.7035, 227.255
57.984, 74.7575
163.461, 282.112
87.2837, 171.983
Evaluation Time: 1.36063 seconds
Resulting Fitness: 0.929167
-------------
Particle: 13:
Relays Coordinates:
287.494, 204.369
185.915, 298.49
24.287, 85.5402
138.218, 301.314
75.562, 176.632
Evaluation Time: 1.40095 seconds
Resulting Fitness: 0.825
-------------
Particle: 14:
Relays Coordinates:
212.534, 221.72
106.373, 278.831
97.0848, 119.921
214.106, 174.753
129.011, 225.388
Evaluation Time: 1.31362 seconds
Resulting Fitness: 0.845833
-------------
Particle: 15:
Relays Coordinates:
170.227, 91.8239
59.1053, 283.5
68.2137, 85.3062
128.149, 231.284
52.303, 259.441
Evaluation Time: 1.23826 seconds
Resulting Fitness: 0.820833
-------------
Particle: 16:
Relays Coordinates:
107.006, 54.3298
44.3174, 226.223
78.0966, 87.494
147.427, 283.5
137.982, 119.843
Evaluation Time: 1.18685 seconds
Resulting Fitness: 0.7875
-------------
Particle: 17:
Relays Coordinates:
205.856, 129.798
100.467, 211.16
114.921, 83.0784
199.491, 222.626
88.634, 186.009
Evaluation Time: 1.23653 seconds
Resulting Fitness: 0.954167
-------------
Particle: 18:
Relays Coordinates:
142.853, 81.7179
28.3549, 196.701
103.348, 77.5451
158.067, 0.766453
217.009, 136.043
Evaluation Time: 1.14011 seconds
Resulting Fitness: 0.8375
-------------
Particle: 19:
Relays Coordinates:
223.203, 55.421
15.299, 200.314
76.7243, 79.1921
123.525, 233.933
31.6513, 152.641
Evaluation Time: 1.24727 seconds
Resulting Fitness: 0.891667
-------------
Particle: 20:
Relays Coordinates:
178.004, 203.85
120.795, 197.048
60.6181, 65.4502
143.087, 187.36
200.658, 164.722
Evaluation Time: 1.2323 seconds
Resulting Fitness: 0.833333
Current global best fitness: 0.9875
Current global best relays: 236.064, 112.267
52.9982, 187.55
100.744, 69.978
157.193, 255.15
92.1648, 176.571
Particle 1 new velocities: -28.9717, 12.2928
-149.791, 196.19
5.51768, 23.409
4.85362, 198.327
-114.323, 6.14951
Particle 2 new velocities: -42.9931, -0.855399
10.0038, 28.5005
17.9649, 4.27183
30.0231, 35.1292
6.64155, 32.1481
Particle 3 new velocities: -0.559301, 15.9888
-4.92565, 11.9795
10.4914, 0.0113214
-1.40623, -32.7483
16.6513, 20.9458
Particle 4 new velocities: 85.8043, 60.2457
44.099, 42.4037
34.5891, 5.44374
77.3468, 161.229
79.4671, 150.379
Particle 5 new velocities: 100.733, 76.0067
82.4198, 40.3624
87.3756, 45.7397
98.8244, 60.1242
-4.3138, 58.6644
Particle 6 new velocities: 94.8882, 74.3582
6.86128, 34.0883
37.3671, 32.677
62.7996, 77.9181
-46.3731, 25.9377
Particle 7 new velocities: 25.6849, 41.7229
85.5268, -181.004
-5.86009, -5.94295
-8.80712, 49.8793
2.6217, -9.56591
Particle 8 new velocities: -15.7333, 7.07423
-20.39, 13.0067
-15.3474, -2.97769
9.18756, 6.52041
-9.76026, 5.01232
Particle 9 new velocities: -10.0078, 28.2401
10.0771, 8.69561
-21.2791, 0.707301
34.4367, 18.1416
37.4816, 21.3844
Particle 10 new velocities: -28.6533, 29.0279
15.5975, 26.3883
25.4041, 15.1339
94.6134, 102.233
21.0373, -154.249
Particle 11 new velocities: -17.8025, -22.2586
-3.23801, -27.9365
8.89966, -18.4971
-7.9377, 34.222
28.7168, 26.5822
Particle 12 new velocities: 9.716, -43.4961
-0.818132, -13.9941
7.72006, -3.90279
-18.6321, -20.5096
8.51082, -3.35378
Particle 13 new velocities: -100.735, -185.856
-192.942, -120.133
-55.9369, -74.1177
21.8885, -124.451
24.8528, -8.25283
Particle 14 new velocities: 8.55942, -97.4623
-32.1403, 128.866
-7.25721, -50.9469
-35.297, 83.7991
6.10611, 40.3153
Particle 15 new velocities: 61.4759, 79.2413
1.71559, -133.984
-17.5203, 0.717568
34.7245, 29.5107
35.1382, -111.267
Particle 16 new velocities: 267.853, 141.147
14.6689, 130.429
45.2585, 21.2407
51.6299, -66.6893
41.2311, 75.2399
Particle 17 new velocities: 158.603, 86.905
-12.4374, 76.1642
10.1971, 36.838
70.9078, 73.6162
48.0628, 40.6462
Particle 18 new velocities: 30.6848, 100.485
25.3296, 94.7253
19.6479, -0.274932
72.965, 71.799
-67.386, 32.0745
Particle 19 new velocities: 12.7252, 18.4117
48.74, -36.4776
-73.7761, 41.0104
95.4241, 89.1423
90.3204, 36.6697
Particle 20 new velocities: 21.2611, -52.8122
-60.6702, 129.269
9.02256, -0.354579
-6.35499, 96.5591
71.8079, 9.42979
-- ITERATION 14 --
-------------
Particle: 1:
Relays Coordinates:
53.9951, 9.08584
51.4791, 143.022
75.6147, 119.571
141.035, 255.15
18.5724, 127.351
Evaluation Time: 1.15468 seconds
Resulting Fitness: 0.754167
-------------
Particle: 2:
Relays Coordinates:
240.507, 131.509
63.1402, 221.166
101.782, 79.7289
187.756, 241.801
105.547, 212.062
Evaluation Time: 1.25991 seconds
Resulting Fitness: 0.975
-------------
Particle: 3:
Relays Coordinates:
246.403, 131.22
55.9135, 198.381
130.827, 74.2637
162.198, 251.205
113.967, 197.459
Evaluation Time: 1.21924 seconds
Resulting Fitness: 0.954167
-------------
Particle: 4:
Relays Coordinates:
236.721, 122.249
100.57, 203.939
79.8802, 57.7991
132.573, 283.5
106.023, 175.114
Evaluation Time: 1.20502 seconds
Resulting Fitness: 0.966667
-------------
Particle: 5:
Relays Coordinates:
201.494, 140.267
136.481, 116.748
166.375, 85.2741
156.035, 211.234
30.7428, 149.41
Evaluation Time: 1.34251 seconds
Resulting Fitness: 0.8625
-------------
Particle: 6:
Relays Coordinates:
220.144, 83.4985
52.7932, 269.751
89.4359, 72.271
154.756, 276.235
139.015, 133.761
Evaluation Time: 1.22022 seconds
Resulting Fitness: 0.941667
-------------
Particle: 7:
Relays Coordinates:
223.828, 115.981
69.2767, 30.9065
76.8369, 50.3355
93.0728, 172.419
78.2781, 141.568
Evaluation Time: 1.16604 seconds
Resulting Fitness: 0.775
-------------
Particle: 8:
Relays Coordinates:
247.922, 112.359
25.9694, 262.973
118.252, 71.7914
182.533, 283.985
112.849, 181.671
Evaluation Time: 1.13743 seconds
Resulting Fitness: 0.9625
-------------
Particle: 9:
Relays Coordinates:
240.969, 110.667
52.1627, 212.452
100.019, 68.898
155.455, 235.013
88.3378, 180.12
Evaluation Time: 1.17723 seconds
Resulting Fitness: 0.975
New local best!
-------------
Particle: 10:
Relays Coordinates:
185.783, 119.253
86.6288, 157.674
85.251, 57.7994
225.071, 255.15
89.5327, 22.7093
Evaluation Time: 1.09168 seconds
Resulting Fitness: 0.841667
-------------
Particle: 11:
Relays Coordinates:
254.207, 97.2511
100.076, 227.839
119.562, 89.6243
152.597, 235.052
109.273, 208.476
Evaluation Time: 1.19474 seconds
Resulting Fitness: 0.954167
-------------
Particle: 12:
Relays Coordinates:
206.919, 58.2342
38.5968, 191.935
59.1337, 63.7692
130.346, 235.442
86.2151, 151.767
Evaluation Time: 1.16169 seconds
Resulting Fitness: 0.9
-------------
Particle: 13:
Relays Coordinates:
168.083, 16.6613
0, 160.521
0, 10.2803
144.095, 159.176
90.3733, 151.541
Evaluation Time: 1.2831 seconds
Resulting Fitness: 0.7
-------------
Particle: 14:
Relays Coordinates:
221.093, 124.258
74.2323, 350
89.8276, 68.9743
178.809, 258.552
135.117, 265.703
Evaluation Time: 1.22836 seconds
Resulting Fitness: 0.966667
New local best!
-------------
Particle: 15:
Relays Coordinates:
231.703, 171.065
60.8208, 149.516
50.6935, 86.0237
162.874, 260.794
87.4412, 148.174
Evaluation Time: 1.24768 seconds
Resulting Fitness: 0.875
-------------
Particle: 16:
Relays Coordinates:
255.15, 142.503
43.001, 255.15
89.9259, 79.2676
145.113, 158.055
130.646, 142.215
Evaluation Time: 1.18259 seconds
Resulting Fitness: 0.929167
-------------
Particle: 17:
Relays Coordinates:
283.5, 175.529
71.3043, 232.733
101.346, 97.1323
219.023, 239.956
110.724, 183.591
Evaluation Time: 1.21746 seconds
Resulting Fitness: 0.916667
-------------
Particle: 18:
Relays Coordinates:
156.184, 163.982
48.316, 262.284
110.696, 69.5431
207.929, 65.3089
134.661, 151.306
Evaluation Time: 1.12536 seconds
Resulting Fitness: 0.875
-------------
Particle: 19:
Relays Coordinates:
212.335, 66.4494
57.6351, 147.453
2.65338, 108.182
197.054, 290.767
109.775, 170.379
Evaluation Time: 1.18625 seconds
Resulting Fitness: 0.841667
-------------
Particle: 20:
Relays Coordinates:
179.339, 135.934
54.1126, 293.685
62.6766, 58.586
123.059, 255.527
245.219, 156.737
Evaluation Time: 1.19872 seconds
Resulting Fitness: 0.9625
New local best!
Current global best fitness: 0.9875
Current global best relays: 236.064, 112.267
52.9982, 187.55
100.744, 69.978
157.193, 255.15
92.1648, 176.571
Particle 1 new velocities: 243.325, 31.9319
-100.554, 113.169
25.214, -40.2733
68.5397, -42.018
100.177, 117.585
Particle 2 new velocities: -39.3413, -15.6357
1.0925, -15.8445
12.5649, -9.85118
-58.2642, 48.5544
-11.2924, -32.1853
Particle 3 new velocities: -15.2707, -51.2945
-5.52197, -9.90651
-22.5152, -9.88148
-27.9714, -11.1681
-57.4084, 10.3715
Particle 4 new velocities: 89.7469, 37.6461
34.0822, 29.8348
16.1643, 46.3326
67.0899, -33.5482
41.8878, 84.7645
Particle 5 new velocities: 178.778, 43.4414
18.4166, 59.9459
7.15379, 31.021
22.8286, 141.55
48.3144, 21.5939
Particle 6 new velocities: 80.086, 58.6
27.0313, -58.1251
27.2521, -3.26239
54.939, 5.06049
-1.41752, 21.747
Particle 7 new velocities: 46.501, 107.28
85.4594, -47.2866
35.4177, 15.1341
74.7035, 320.108
36.297, 59.8038
Particle 8 new velocities: -17.7007, -22.0296
5.02857, -92.9122
-26.2844, -4.40087
-60.562, -73.9654
-29.089, -7.70966
Particle 9 new velocities: -11.6716, 23.9719
8.26099, -23.2129
-16.8686, 1.37241
27.7688, 38.3392
30.2852, 13.0551
Particle 10 new velocities: 89.1647, 103.465
0.635669, 130.394
44.5422, 15.859
13.6107, 28.544
20.5451, 7.44832
Particle 11 new velocities: -36.6436, -19.5006
-68.713, -71.3058
-11.1243, -38.4298
-5.53349, 48.2882
8.69976, 8.44693
Particle 12 new velocities: 37.5971, 9.00134
18.0265, -4.09705
15.2489, -2.83337
13.2663, -5.07657
-12.446, 15.369
Particle 13 new velocities: 23.5952, 11.2111
248.288, -37.466
320.668, 52.9631
33.9671, 72.8655
21.0254, -159.832
Particle 14 new velocities: 16.1586, -82.3229
-42.5701, -203.805
7.19003, -39.989
-38.3262, 64.6111
-16.8441, -30.7774
Particle 15 new velocities: 60.0093, -1.029
151.569, 81.5656
11.4979, -0.198331
-0.545574, 2.19334
28.6504, -18.3999
Particle 16 new velocities: -50.9317, 68.5888
55.0751, -45.3479
-63.5802, 77.7615
62.2908, -4.60724
37.9275, 63.2552
Particle 17 new velocities: -16.62, -16.3187
-27.269, 53.4287
12.1685, 26.0738
-53.4082, 163.549
35.3534, 32.0687
Particle 18 new velocities: 91.4529, 26.4805
7.73191, 16.3652
30.4483, 13.8876
45.2658, 175.868
-39.427, 77.8
Particle 19 new velocities: 33.3804, 73.9037
1.16534, 62.577
-16.1738, -42.5244
52.6196, -24.3642
-1.67691, -5.6877
Particle 20 new velocities: 54.7664, -51.1712
-48.6681, 40.2066
23.514, 14.2827
25.439, 77.2116
-13.3882, 22.8324
-- ITERATION 15 --
-------------
Particle: 1:
Relays Coordinates:
216.746, 29.902
0, 186.763
73.5041, 57.808
152.78, 155.373
86.5685, 178.559
Evaluation Time: 1.05977 seconds
Resulting Fitness: 0.8125
-------------
Particle: 2:
Relays Coordinates:
201.166, 115.873
64.2327, 205.322
114.347, 69.8777
129.492, 290.355
94.2543, 179.877
Evaluation Time: 1.1548 seconds
Resulting Fitness: 0.958333
-------------
Particle: 3:
Relays Coordinates:
231.132, 79.9252
50.3915, 188.475
108.312, 64.3822
134.227, 240.036
56.5585, 207.83
Evaluation Time: 1.14871 seconds
Resulting Fitness: 0.9125
-------------
Particle: 4:
Relays Coordinates:
293.821, 143.906
121.187, 210.397
86.4401, 93.7185
179.697, 224.957
133.12, 233.891
Evaluation Time: 1.26415 seconds
Resulting Fitness: 0.933333
-------------
Particle: 5:
Relays Coordinates:
283.5, 148.804
125.467, 143.122
140.558, 94.199
144.879, 283.5
64.0363, 138.513
Evaluation Time: 1.22932 seconds
Resulting Fitness: 0.883333
-------------
Particle: 6:
Relays Coordinates:
270.207, 127.889
71.8421, 190.463
105.019, 62.1077
188.725, 253.166
123.838, 139.957
Evaluation Time: 1.22406 seconds
Resulting Fitness: 0.933333
-------------
Particle: 7:
Relays Coordinates:
243.296, 200.935
139.263, 0
101.029, 58.9227
150.999, 315
103.118, 181.234
Evaluation Time: 1.15481 seconds
Resulting Fitness: 0.8875
-------------
Particle: 8:
Relays Coordinates:
230.221, 90.3294
30.998, 170.061
91.9678, 67.3906
121.971, 210.02
83.7599, 173.961
Evaluation Time: 1.1475 seconds
Resulting Fitness: 0.883333
-------------
Particle: 9:
Relays Coordinates:
229.298, 134.639
60.4237, 189.239
83.1506, 70.2704
183.223, 273.352
118.623, 193.175
Evaluation Time: 1.18786 seconds
Resulting Fitness: 0.941667
-------------
Particle: 10:
Relays Coordinates:
200.437, 162.361
63.6158, 210.001
94.6193, 53.6969
173.999, 206.813
80.2467, 21.9849
Evaluation Time: 1.21428 seconds
Resulting Fitness: 0.858333
-------------
Particle: 11:
Relays Coordinates:
217.563, 77.7504
31.3629, 156.533
108.437, 51.1945
147.063, 283.34
117.973, 216.923
Evaluation Time: 1.23227 seconds
Resulting Fitness: 0.9625
-------------
Particle: 12:
Relays Coordinates:
220.065, 60.512
50.961, 169.054
66.9443, 54.8423
129.251, 207.329
66.3922, 150.422
Evaluation Time: 1.1265 seconds
Resulting Fitness: 0.85
-------------
Particle: 13:
Relays Coordinates:
191.678, 27.8724
248.288, 123.055
320.668, 63.2434
178.063, 232.042
111.399, 0
Evaluation Time: 1.2591 seconds
Resulting Fitness: 0.858333
-------------
Particle: 14:
Relays Coordinates:
237.252, 41.9353
31.6622, 146.195
97.0176, 28.9852
140.483, 323.163
118.273, 234.925
Evaluation Time: 1.19202 seconds
Resulting Fitness: 0.9
-------------
Particle: 15:
Relays Coordinates:
291.713, 170.036
212.39, 231.081
62.1914, 85.8254
162.328, 262.988
116.092, 129.774
Evaluation Time: 1.23663 seconds
Resulting Fitness: 0.879167
-------------
Particle: 16:
Relays Coordinates:
183.797, 189.983
88.2685, 188.822
23.711, 141.326
186.663, 138.103
151.716, 184.923
Evaluation Time: 1.20762 seconds
Resulting Fitness: 0.875
-------------
Particle: 17:
Relays Coordinates:
240.192, 143.29
39.6318, 257.546
102.163, 110.886
149.053, 315
131.47, 194.093
Evaluation Time: 1.24344 seconds
Resulting Fitness: 0.929167
-------------
Particle: 18:
Relays Coordinates:
222.873, 171.417
50.4431, 250.784
127.03, 75.0876
227.875, 217.059
85.7106, 206.195
Evaluation Time: 1.15228 seconds
Resulting Fitness: 0.895833
-------------
Particle: 19:
Relays Coordinates:
245.716, 140.353
58.8005, 210.03
0, 65.6579
249.674, 266.403
108.098, 164.692
Evaluation Time: 1.30355 seconds
Resulting Fitness: 0.941667
-------------
Particle: 20:
Relays Coordinates:
189.625, 68.6576
4.41002, 270.452
69.8144, 59.0236
120.283, 269.519
187.783, 145.451
Evaluation Time: 1.23869 seconds
Resulting Fitness: 0.9
Current global best fitness: 0.9875
Current global best relays: 236.064, 112.267
52.9982, 187.55
100.744, 69.978
157.193, 255.15
92.1648, 176.571
Particle 1 new velocities: 64.7262, 86.0237
309.284, 0.0628595
71.3188, 26.1718
110.664, 56.0396
126.714, 78.6794
Particle 2 new velocities: 68.8205, -15.7431
-2.303, -17.111
-26.6399, -7.6573
20.6601, -31.3448
-13.6925, -30.9659
Particle 3 new velocities: 10.5353, 4.06212
12.2404, -7.98454
-5.18408, -4.53404
-14.552, -3.10016
19.4924, -4.75662
Particle 4 new velocities: -49.0548, 18.1552
72.1072, 0.536495
18.2957, 32.6494
21.4332, -2.84877
-46.509, 44.7894
Particle 5 new velocities: -12.9143, 17.5055
-50.282, 68.0121
-10.2156, -12.6625
-9.95106, -22.0108
36.6378, 16.6558
Particle 6 new velocities: -14.6313, 18.3508
17.0193, -0.591794
-0.877217, -13.9108
5.82818, 2.91425
3.71903, 48.1143
Particle 7 new velocities: 34.606, -0.770667
36.0909, 336.413
35.968, 28.9151
44.5116, -88.9809
8.37594, 44.4407
Particle 8 new velocities: -13.0637, 8.98467
-21.0555, -50.5112
-4.79381, -17.4432
-4.30545, 28.2146
-16.3497, -21.4265
Particle 9 new velocities: 1.18797, -8.0929
-1.43064, -15.0336
21.3705, 0.889713
-15.4282, -37.9158
2.41097, -11.7219
Particle 10 new velocities: 198.879, 80.4649
-8.10103, 88.3029
47.2003, 21.7869
4.61978, 80.7762
42.8037, 237.641
Particle 11 new velocities: 5.0358, 14.4386
-15.2036, 10.5972
-9.19636, 16.4926
-10.6326, 27.335
-28.634, -49.3559
Particle 12 new velocities: 49.9627, 33.8816
16.8603, 44.9563
43.6327, 19.742
42.7725, 47.5593
10.6129, 28.0478
Particle 13 new velocities: 98.3817, 175.909
-136.565, 29.6216
61.9112, 48.5819
6.56822, 116.619
10.5097, 234.794
Particle 14 new velocities: -3.16842, -0.307291
-18.2515, -19.0895
3.40128, -27.3539
32.139, 5.37018
8.08319, -28.8583
Particle 15 new velocities: 14.0125, -32.8282
-68.788, 47.8374
15.1585, -14.5252
-21.1642, -13.8353
-30.7484, 61.3217
Particle 16 new velocities: 25.3598, -24.9899
-6.65337, -27.1707
-73.6121, 40.9388
8.09523, 303.062
10.8518, -14.6751
Particle 17 new velocities: -5.50849, -42.3091
19.7177, 16.8763
13.2272, -4.11755
-0.809183, -35.6278
53.5511, -1.28833
Particle 18 new velocities: 72.8659, -4.84468
-4.13553, -48.4553
25.1648, 25.5005
-5.46479, -8.22502
5.75227, 58.6369
Particle 19 new velocities: 17.322, 44.0966
-16.8341, 23.9603
14.0777, -18.3053
-154.793, -55.1896
-105.196, -19.2416
Particle 20 new velocities: 90.1595, 53.6704
16.7419, 6.29714
56.6166, 16.6
27.6287, 50.0096
-17.5167, 59.3818
-- ITERATION 16 --
-------------
Particle: 1:
Relays Coordinates:
253.325, 104.333
278.355, 168.143
130.341, 75.5818
237.1, 190.272
191.954, 231.514
Evaluation Time: 1.28982 seconds
Resulting Fitness: 0.870833
-------------
Particle: 2:
Relays Coordinates:
218.689, 81.1052
50.1631, 152.451
71.0423, 50.3985
121.623, 209.798
65.255, 120.618
Evaluation Time: 1.23883 seconds
Resulting Fitness: 0.9
-------------
Particle: 3:
Relays Coordinates:
241.667, 83.9874
62.6319, 180.49
103.128, 59.8481
119.675, 236.936
76.0509, 203.073
Evaluation Time: 1.24941 seconds
Resulting Fitness: 0.908333
-------------
Particle: 4:
Relays Coordinates:
220.29, 145.855
173.965, 189.84
94.2622, 113.731
181.017, 199.897
77.9499, 250.812
Evaluation Time: 1.19165 seconds
Resulting Fitness: 0.9625
-------------
Particle: 5:
Relays Coordinates:
243.527, 149.679
67.6665, 190.021
117.308, 73.3828
121.435, 235.34
90.6067, 139.652
Evaluation Time: 1.17366 seconds
Resulting Fitness: 0.929167
-------------
Particle: 6:
Relays Coordinates:
255.576, 146.239
88.8614, 189.872
104.142, 48.1969
194.553, 256.08
127.557, 188.071
Evaluation Time: 1.26995 seconds
Resulting Fitness: 0.9375
-------------
Particle: 7:
Relays Coordinates:
250.112, 180.148
157.818, 302.772
123.297, 79.054
175.959, 203.417
100.344, 203.108
Evaluation Time: 1.24681 seconds
Resulting Fitness: 0.895833
-------------
Particle: 8:
Relays Coordinates:
217.157, 99.314
9.94247, 119.55
87.174, 49.9474
117.665, 238.234
67.4102, 152.535
Evaluation Time: 1.2254 seconds
Resulting Fitness: 0.9375
-------------
Particle: 9:
Relays Coordinates:
230.486, 126.546
58.993, 174.206
104.521, 71.1601
167.795, 235.436
121.034, 181.453
Evaluation Time: 1.29537 seconds
Resulting Fitness: 0.945833
-------------
Particle: 10:
Relays Coordinates:
283.5, 196.689
44.9669, 241.626
114.874, 61.1419
144.681, 232.947
99.6708, 210.297
Evaluation Time: 1.30848 seconds
Resulting Fitness: 0.904167
-------------
Particle: 11:
Relays Coordinates:
222.599, 92.189
16.1593, 167.13
99.2409, 67.6871
136.431, 310.675
89.3389, 167.567
Evaluation Time: 1.24709 seconds
Resulting Fitness: 0.958333
-------------
Particle: 12:
Relays Coordinates:
243.025, 84.9543
61.0391, 192.609
99.5193, 67.1258
154.821, 229.4
69.3045, 160.623
Evaluation Time: 1.18352 seconds
Resulting Fitness: 0.958333
-------------
Particle: 13:
Relays Coordinates:
234.949, 165.063
90.4956, 123.668
283.5, 90.5785
149.551, 282.415
98.7458, 190.183
Evaluation Time: 1.37062 seconds
Resulting Fitness: 0.933333
New local best!
-------------
Particle: 14:
Relays Coordinates:
234.084, 41.628
13.4107, 127.106
100.419, 1.63129
172.622, 328.533
126.356, 206.067
Evaluation Time: 1.22502 seconds
Resulting Fitness: 0.945833
-------------
Particle: 15:
Relays Coordinates:
222.874, 100.025
104.686, 203.332
56.388, 51.9778
102.908, 181.632
62.2152, 139.309
Evaluation Time: 1.33075 seconds
Resulting Fitness: 0.820833
-------------
Particle: 16:
Relays Coordinates:
169.417, 133.644
66.1082, 130.937
0, 147.635
157.754, 283.5
131.68, 137.901
Evaluation Time: 1.22451 seconds
Resulting Fitness: 0.845833
-------------
Particle: 17:
Relays Coordinates:
211.215, 90.8824
53.4145, 246.98
103.851, 96.0912
133.42, 251.435
166.519, 173.525
Evaluation Time: 1.24331 seconds
Resulting Fitness: 0.958333
New local best!
-------------
Particle: 18:
Relays Coordinates:
239.548, 134.923
37.5092, 163.886
123.278, 81.4764
180.152, 169.156
74.085, 214.514
Evaluation Time: 1.24992 seconds
Resulting Fitness: 0.920833
-------------
Particle: 19:
Relays Coordinates:
236.734, 166.005
37.7697, 210.591
12.6699, 42.6173
85.3928, 190.092
2.6116, 130.905
Evaluation Time: 1.41659 seconds
Resulting Fitness: 0.8375
-------------
Particle: 20:
Relays Coordinates:
279.785, 122.328
21.1519, 276.749
126.431, 75.6237
147.912, 319.528
170.267, 204.833
Evaluation Time: 1.2998 seconds
Resulting Fitness: 0.9625
Current global best fitness: 0.9875
Current global best relays: 236.064, 112.267
52.9982, 187.55
100.744, 69.978
157.193, 255.15
92.1648, 176.571
Particle 1 new velocities: -30.5752, 36.0247
31.8933, -106.424
31.1245, 31.3225
18.9133, 54.8026
-44.268, 5.54449
Particle 2 new velocities: 93.5784, 63.9596
1.60486, 33.321
13.1465, 28.5403
44.1066, -3.92845
59.4893, 10.9398
Particle 3 new velocities: 7.683, 43.5743
5.31599, -3.24745
25.2862, 6.07407
39.1941, 26.7542
31.7761, -52.3359
Particle 4 new velocities: -8.67256, -69.3478
-50.1513, 36.9756
-7.99386, 12.8369
-21.4973, 102.412
-7.51541, -226.767
Particle 5 new velocities: 44.4493, -8.61087
40.933, 40.6983
66.393, -4.95824
17.6029, 35.9311
9.51962, 31.0988
Particle 6 new velocities: -61.4209, -70.8475
-7.01154, 128.822
-31.3684, 8.21337
-35.015, -5.65614
57.0695, -44.4837
Particle 7 new velocities: 17.7497, -12.1361
5.77325, -60.0328
-4.05637, -11.8216
-81.0866, 93.9871
-9.99543, -14.858
Particle 8 new velocities: 1.7947, 4.0391
35.0931, 69.3223
44.2718, -2.11503
19.1445, 53.5186
11.9982, -29.4943
Particle 9 new velocities: 8.56142, -37.2343
-13.9189, 20.59
11.5538, -4.08777
-33.2654, -20.9482
-55.0452, -13.1964
Particle 10 new velocities: -24.1886, -59.1104
62.9241, -13.2448
15.7178, 10.1186
18.8057, 156.825
32.6556, 159.133
Particle 11 new velocities: 17.053, 15.1887
102.853, 43.6481
-6.27976, 25.423
6.92474, -105.263
-25.8962, -12.7178
Particle 12 new velocities: 31.0501, 32.4597
-6.6169, 35.0836
34.0269, 8.82616
16.3938, 57.2445
14.114, 26.6465
Particle 13 new velocities: 78.8794, 91.3672
-109.392, 50.8174
-154.224, 16.2623
8.47548, 67.4135
3.30762, 174.054
Particle 14 new velocities: -7.9067, 34.5146
44.9158, 141.719
-2.57001, -2.08028
25.6298, -125.775
13.5443, -8.5531
Particle 15 new velocities: 19.8725, 41.8456
-59.2612, 71.8466
53.49, -0.25667
73.4068, 85.8673
37.5522, 99.9273
Particle 16 new velocities: 94.0507, -32.5076
0.947335, 62.5115
11.0963, -21.8946
3.2636, -95.9842
-31.4178, 34.2406
Particle 17 new velocities: 23.2519, -23.2436
15.2362, -0.562624
7.01373, -36.086
27.2457, -27.0886
18.8951, 0.308978
Particle 18 new velocities: -294.441, -1.71163
7.90541, 26.7364
18.2197, 17.8729
36.3471, -13.8003
60.6953, 23.3955
Particle 19 new velocities: 12.7667, -14.1809
-3.27408, -2.45822
85.4515, 18.7598
-117.396, 34.7859
25.4386, -4.56662
Particle 20 new velocities: -20.5149, 31.6216
35.7237, -89.1784
-1.15566, 4.48858
23.0381, 12.49
-60.8738, -5.40835
-- ITERATION 17 --
-------------
Particle: 1:
Relays Coordinates:
162.385, 102.321
226.171, 44.9934
117.708, 77.9332
186.634, 178.659
107.663, 172.816
Evaluation Time: 1.17456 seconds
Resulting Fitness: 0.895833
New local best!
-------------
Particle: 2:
Relays Coordinates:
281.04, 130.558
46.5911, 167.195
75.7699, 71.0449
149.157, 185.283
112.27, 118.402
Evaluation Time: 1.2972 seconds
Resulting Fitness: 0.854167
-------------
Particle: 3:
Relays Coordinates:
249.35, 127.562
67.9479, 177.243
128.414, 65.9222
158.869, 263.69
107.827, 150.738
Evaluation Time: 1.25132 seconds
Resulting Fitness: 0.9625
-------------
Particle: 4:
Relays Coordinates:
211.617, 76.5069
123.814, 226.815
86.2683, 126.568
159.52, 302.309
70.4345, 24.045
Evaluation Time: 1.37544 seconds
Resulting Fitness: 0.941667
-------------
Particle: 5:
Relays Coordinates:
209.935, 102.838
79.1691, 168.194
133.918, 49.8815
101.359, 197.757
72.9921, 124.478
Evaluation Time: 1.09128 seconds
Resulting Fitness: 0.870833
-------------
Particle: 6:
Relays Coordinates:
194.155, 75.3919
81.8498, 318.693
72.7737, 56.4103
159.538, 250.424
184.626, 143.588
Evaluation Time: 1.40088 seconds
Resulting Fitness: 0.970833
-------------
Particle: 7:
Relays Coordinates:
267.862, 168.011
163.591, 242.739
119.241, 67.2324
94.8727, 297.404
90.3488, 188.25
Evaluation Time: 1.47425 seconds
Resulting Fitness: 0.941667
New local best!
-------------
Particle: 8:
Relays Coordinates:
218.952, 103.353
45.0356, 188.872
131.446, 47.8323
136.81, 291.753
79.4084, 123.04
Evaluation Time: 1.29675 seconds
Resulting Fitness: 0.983333
New local best!
-------------
Particle: 9:
Relays Coordinates:
239.047, 89.312
45.0741, 194.796
116.075, 67.0723
134.53, 214.488
65.9887, 168.256
Evaluation Time: 1.24876 seconds
Resulting Fitness: 0.954167
-------------
Particle: 10:
Relays Coordinates:
233.38, 123.821
97.102, 205.543
117.533, 64.1345
147.138, 315
119.094, 315
Evaluation Time: 1.23741 seconds
Resulting Fitness: 0.979167
New local best!
-------------
Particle: 11:
Relays Coordinates:
239.652, 107.378
119.012, 210.779
92.9611, 93.1101
143.356, 205.412
63.4427, 154.849
Evaluation Time: 1.24954 seconds
Resulting Fitness: 0.883333
-------------
Particle: 12:
Relays Coordinates:
274.075, 117.414
54.4222, 227.693
133.546, 75.952
171.215, 286.644
83.4185, 187.269
Evaluation Time: 1.38246 seconds
Resulting Fitness: 0.916667
-------------
Particle: 13:
Relays Coordinates:
228.781, 186.937
0, 127.2
94.2425, 77.8869
115.201, 255.025
74.397, 255.15
Evaluation Time: 1.29522 seconds
Resulting Fitness: 0.85
-------------
Particle: 14:
Relays Coordinates:
226.177, 76.1426
58.3265, 268.824
97.8489, 0
198.252, 202.758
139.901, 197.514
Evaluation Time: 1.41825 seconds
Resulting Fitness: 0.945833
-------------
Particle: 15:
Relays Coordinates:
218.471, 127.683
40.882, 247.66
98.8903, 46.5491
158.684, 240.75
89.7906, 215.313
Evaluation Time: 1.32255 seconds
Resulting Fitness: 0.975
New local best!
-------------
Particle: 16:
Relays Coordinates:
263.467, 101.136
67.0556, 193.449
11.0963, 125.74
161.018, 187.516
100.262, 172.142
Evaluation Time: 1.22318 seconds
Resulting Fitness: 0.9
-------------
Particle: 17:
Relays Coordinates:
234.467, 67.6387
68.6507, 246.417
110.865, 60.0052
160.665, 224.346
185.414, 173.834
Evaluation Time: 1.37045 seconds
Resulting Fitness: 0.970833
New local best!
-------------
Particle: 18:
Relays Coordinates:
0, 133.212
45.4146, 190.623
141.498, 99.3493
216.499, 155.355
134.78, 237.909
Evaluation Time: 1.29449 seconds
Resulting Fitness: 0.895833
-------------
Particle: 19:
Relays Coordinates:
202.096, 122.977
27.9414, 168.588
79.4783, 49.7155
0, 182.151
22.7207, 102.334
Evaluation Time: 1.03381 seconds
Resulting Fitness: 0.825
-------------
Particle: 20:
Relays Coordinates:
259.27, 153.95
56.8756, 187.571
125.275, 80.1123
170.95, 332.018
109.393, 199.424
Evaluation Time: 1.13788 seconds
Resulting Fitness: 0.908333
Current global best fitness: 0.9875
Current global best relays: 236.064, 112.267
52.9982, 187.55
100.744, 69.978
157.193, 255.15
92.1648, 176.571
Particle 1 new velocities: 43.6737, 35.9487
-72.9667, 23.257
12.3311, 16.1512
-3.91574, 49.106
-45.8328, 7.07418
Particle 2 new velocities: 8.73091, 38.7757
12.1827, 69.9881
65.8, 21.8652
38.5535, 138.73
-1.88306, 85.5316
Particle 3 new velocities: -13.4815, 5.57519
-17.0707, 14.5103
-6.76197, 10.2774
2.62296, 11.0872
-14.5977, -2.51101
Particle 4 new velocities: 68.8678, -14.7114
-66.0577, -23.2521
-21.0395, -70.6211
-32.0929, 29.1715
46.7746, -84.0853
Particle 5 new velocities: 165.697, 55.0697
59.9967, -33.6939
125.312, 20.2366
54.4977, 140.083
-39.1729, 86.0316
Particle 6 new velocities: -35.8856, -35.6292
-39.7126, -89.4308
18.3557, 10.2868
-30.211, 1.19757
-8.33277, -5.98607
Particle 7 new velocities: 12.1041, -53.6867
-31.4872, -84.7294
-25.8823, -7.57173
-30.9733, 70.1663
-7.99343, -24.607
Particle 8 new velocities: 21.3842, 4.3912
30.3657, 55.0848
23.0803, 5.39797
26.3841, 20.8165
12.4173, -19.0189
Particle 9 new velocities: 6.82479, 20.8057
-1.06873, 19.0245
-1.39261, -1.39085
-5.35079, 17.0568
1.75088, 10.2814
Particle 10 new velocities: -16.646, -57.0165
43.7019, -12.5216
0.380484, 11.629
18.9551, -16.8026
-7.34717, -106.556
Particle 11 new velocities: 11.3528, 7.67556
-25.5661, 19.9811
1.35716, 1.62914
2.27344, -4.03752
-2.4363, -2.03965
Particle 12 new velocities: -103.83, 6.00765
-6.63641, -68.9684
-86.5956, -4.01496
-28.4708, -70.2228
11.5949, 0.411487
Particle 13 new velocities: 71.6285, 33.8013
76.734, 41.8875
132.497, 21.8498
57.5035, 72.0706
42.5623, -62.3231
Particle 14 new velocities: 1.40097, 115.784
36.7536, 161.476
-14.2544, 37.2752
0.687444, -20.2665
-18.5377, 75.7964
Particle 15 new velocities: 24.3073, 18.4928
-40.7897, -5.40117
45.1634, 26.6446
58.6669, 83.4321
32.2941, 30.0853
Particle 16 new velocities: 37.9194, -18.5674
-4.03622, 53.55
73.4961, -33.8209
-2.88583, 22.9217
28.9244, 15.058
Particle 17 new velocities: 19.6581, 5.50048
9.52796, -25.8636
-7.232, -16.0489
20.8054, -2.88859
-69.1764, 1.36981
Particle 18 new velocities: 60.3497, -3.64854
3.79888, 19.1616
-30.9291, -19.8398
-27.2211, -0.562188
53.1656, -33.3463
Particle 19 new velocities: 64.15, 10.3252
19.8628, 13.9324
-36.5023, 83.6795
260.697, 164.312
58.0352, 71.2386
Particle 20 new velocities: -152.142, -19.1923
25.5777, 104.039
-100.035, -16.6885
-44.0319, -80.4364
121.041, -32.1768
-- ITERATION 18 --
-------------
Particle: 1:
Relays Coordinates:
185.453, 124.443
137.884, 61.4253
117.035, 84.676
164.446, 204.989
55.6472, 161.901
Evaluation Time: 1.13056 seconds
Resulting Fitness: 0.854167
-------------
Particle: 2:
Relays Coordinates:
260.794, 152.401
52.8965, 213.464
127.413, 83.6191
168.939, 291.612
99.3482, 183.54
Evaluation Time: 1.26196 seconds
Resulting Fitness: 0.908333
-------------
Particle: 3:
Relays Coordinates:
235.869, 133.137
50.8772, 191.753
121.652, 76.1996
161.492, 274.778
93.2293, 148.227
Evaluation Time: 1.18593 seconds
Resulting Fitness: 0.954167
-------------
Particle: 4:
Relays Coordinates:
227.193, 50.0544
46.7823, 164.886
52.8353, 45.317
103.216, 268.499
94.9394, 0
Evaluation Time: 1.12867 seconds
Resulting Fitness: 0.870833
-------------
Particle: 5:
Relays Coordinates:
255.15, 115.115
101.452, 98.0506
188.979, 51.1162
113.62, 246.285
24.6542, 153.461
Evaluation Time: 1.34031 seconds
Resulting Fitness: 0.9125
-------------
Particle: 6:
Relays Coordinates:
158.27, 39.7628
42.1372, 229.262
91.1294, 66.6971
129.327, 251.622
176.293, 137.602
Evaluation Time: 1.1562 seconds
Resulting Fitness: 0.858333
-------------
Particle: 7:
Relays Coordinates:
226.772, 92.603
107.004, 127.988
75.6206, 48.3251
51.7585, 283.5
66.7078, 132.551
Evaluation Time: 1.1642 seconds
Resulting Fitness: 0.829167
-------------
Particle: 8:
Relays Coordinates:
240.336, 107.744
75.4013, 243.957
154.526, 53.2303
163.194, 312.569
91.8256, 104.021
Evaluation Time: 1.22368 seconds
Resulting Fitness: 0.920833
-------------
Particle: 9:
Relays Coordinates:
245.872, 110.118
44.0054, 213.82
114.682, 65.6815
129.179, 231.545
67.7396, 178.538
Evaluation Time: 1.18346 seconds
Resulting Fitness: 0.929167
-------------
Particle: 10:
Relays Coordinates:
216.734, 66.8045
140.804, 193.022
117.913, 75.7634
166.093, 298.197
111.747, 208.444
Evaluation Time: 1.18626 seconds
Resulting Fitness: 0.958333
-------------
Particle: 11:
Relays Coordinates:
251.005, 115.053
93.4462, 230.76
94.3183, 94.7392
145.629, 201.375
61.0064, 152.81
Evaluation Time: 1.25762 seconds
Resulting Fitness: 0.925
-------------
Particle: 12:
Relays Coordinates:
170.245, 123.422
47.7858, 158.724
46.9507, 71.937
142.744, 216.421
95.0135, 187.681
Evaluation Time: 1.18381 seconds
Resulting Fitness: 0.829167
-------------
Particle: 13:
Relays Coordinates:
243.331, 178.798
62.1545, 136.961
183.659, 80.7867
139.891, 264.947
94.737, 156.19
Evaluation Time: 1.33832 seconds
Resulting Fitness: 0.908333
-------------
Particle: 14:
Relays Coordinates:
184.338, 155.461
77.0149, 283.5
67.7115, 30.1929
161.141, 147.818
98.3039, 221.381
Evaluation Time: 1.1373 seconds
Resulting Fitness: 0.791667
-------------
Particle: 15:
Relays Coordinates:
218.501, 131.558
0.0830116, 218.033
129.648, 65.8743
195.616, 291.763
109.876, 220.858
Evaluation Time: 1.21586 seconds
Resulting Fitness: 0.95
-------------
Particle: 16:
Relays Coordinates:
219.711, 60.1928
45.9411, 180.062
61.6679, 67.009
115.278, 153.409
94.1772, 136.469
Evaluation Time: 1.05922 seconds
Resulting Fitness: 0.783333
-------------
Particle: 17:
Relays Coordinates:
254.125, 73.1392
78.1786, 220.553
103.633, 43.9563
181.471, 221.458
116.238, 175.203
Evaluation Time: 1.2043 seconds
Resulting Fitness: 0.975
New local best!
-------------
Particle: 18:
Relays Coordinates:
60.3497, 129.563
49.2135, 209.784
110.569, 79.5095
189.278, 154.793
187.946, 204.563
Evaluation Time: 1.16115 seconds
Resulting Fitness: 0.866667
-------------
Particle: 19:
Relays Coordinates:
174.684, 87.4598
31.3644, 119.752
28.1966, 87.5204
171.043, 227.314
52.9839, 113.881
Evaluation Time: 1.16784 seconds
Resulting Fitness: 0.85
-------------
Particle: 20:
Relays Coordinates:
107.128, 134.757
82.4533, 291.61
25.2403, 63.4238
126.918, 251.582
230.434, 167.248
Evaluation Time: 1.23393 seconds
Resulting Fitness: 0.904167
Current global best fitness: 0.9875
Current global best relays: 236.064, 112.267
52.9982, 187.55
100.744, 69.978
157.193, 255.15
92.1648, 176.571
Particle 1 new velocities: 84.1805, 16.0434
-128.96, 12.5122
-3.13527, 4.22303
14.995, 72.3406
51.2393, 29.9851
Particle 2 new velocities: -35.2855, -63.5445
9.93006, 10.7223
46.6454, -8.57696
2.40744, 70.9002
-7.27587, 56.8594
Particle 3 new velocities: -5.64619, -17.3393
-1.10429, 5.34283
0.634228, -8.11453
-52.0664, -14.7109
-33.1665, 62.5225
Particle 4 new velocities: 98.3661, 152.888
36.7096, 20.7089
46.657, 21.7873
-12.638, -24.9296
35.2225, 328.32
Particle 5 new velocities: 15.5099, 56.0719
70.1287, 116.943
73.1633, 40.7771
77.927, 134.381
37.9581, 60.5986
Particle 6 new velocities: 111.38, 10.5488
12.4969, -44.6748
5.64023, -0.724174
29.7098, 1.64833
-33.5597, 8.02458
Particle 7 new velocities: 37.6295, 25.8458
35.454, 65.4505
51.5313, 32.835
99.4358, 9.34255
19.9149, 22.5617
Particle 8 new velocities: 5.27287, 4.1025
-18.9687, -83.2419
-48.9584, 12.1422
-19.8576, -32.0645
-9.03156, 17.6321
Particle 9 new velocities: -4.25483, 18.2456
5.75657, -14.4125
-21.5401, 1.68385
23.0693, 28.5539
9.625, 9.3767
Particle 10 new velocities: 32.9488, 40.3867
-8.76865, -5.88664
-9.17764, -5.73085
-19.3203, -48.4183
-20.4756, -49.3683
Particle 11 new velocities: -14.4575, -25.6753
-56.9324, -6.3036
13.1993, -22.7797
3.94636, 48.7912
13.5322, 35.4716
Particle 12 new velocities: -63.6312, -20.1649
2.96083, 22.7319
15.2841, -5.93876
-23.3713, -17.5095
3.69813, -50.7025
Particle 13 new velocities: 35.5032, -18.6531
55.7836, 42.1712
177.378, 14.0059
59.2506, 69.7559
33.2288, -0.621703
Particle 14 new velocities: 102.737, 17.8665
21.1449, -64.5993
24.0488, 92.6343
6.428, 152.523
24.5005, 62.2673
Particle 15 new velocities: 20.8281, -9.96006
36.4256, 5.33911
-29.7295, 21.1438
0.651448, 26.3218
-1.68067, -14.6744
Particle 16 new velocities: 35.6939, 60.0955
27.9396, 110.802
78.4344, 91.0723
55.3476, 133.221
50.9776, 37.3132
Particle 17 new velocities: -0.00274366, 33.315
-14.2574, -41.0183
-5.87226, -2.898
-10.3868, 17.145
-79.9709, 2.16084
Particle 18 new velocities: 99.8871, 6.36727
-7.44923, 27.3425
7.71799, -18.0141
-1.23353, 74.8415
76.2805, -41.2251
Particle 19 new velocities: 138.729, 55.2026
20.5809, 119.907
-6.60842, 61.6055
205.824, 149.191
76.5439, 132.41
Particle 20 new velocities: 123.425, -22.2251
-21.6652, 50.6043
-7.10081, -12.96
-13.8723, -58.302
-27.1107, -30.5163
-- ITERATION 19 --
-------------
Particle: 1:
Relays Coordinates:
242.67, 126.437
8.03171, 66.5438
102.51, 80.0091
161.497, 249.596
96.1979, 172.697
Evaluation Time: 1.35819 seconds
Resulting Fitness: 0.8875
-------------
Particle: 2:
Relays Coordinates:
182.662, 71.9734
50.8895, 181.591
140.987, 60.7841
138.791, 283.5
74.5786, 194.724
Evaluation Time: 1.22943 seconds
Resulting Fitness: 0.8375
-------------
Particle: 3:
Relays Coordinates:
230.223, 115.798
49.7729, 197.096
122.286, 68.0851
109.425, 260.067
60.0628, 210.749
Evaluation Time: 1.14874 seconds
Resulting Fitness: 0.916667
-------------
Particle: 4:
Relays Coordinates:
213.599, 133.151
54.779, 121.769
65.2769, 44.0271
59.4281, 159.806
85.3992, 215.411
Evaluation Time: 1.25183 seconds
Resulting Fitness: 0.85
-------------
Particle: 5:
Relays Coordinates:
177.58, 112.316
112.574, 141.057
171.992, 60.2911
125.674, 229.635
41.0799, 140.445
Evaluation Time: 1.26157 seconds
Resulting Fitness: 0.883333
-------------
Particle: 6:
Relays Coordinates:
242.684, 45.2804
49.1707, 166.129
87.0927, 59.3756
143.133, 227.943
128.46, 131.064
Evaluation Time: 1.17461 seconds
Resulting Fitness: 0.925
-------------
Particle: 7:
Relays Coordinates:
264.402, 118.449
142.458, 193.438
127.152, 81.1601
151.194, 292.843
86.6227, 155.112
Evaluation Time: 1.1999 seconds
Resulting Fitness: 0.95
New local best!
-------------
Particle: 8:
Relays Coordinates:
245.609, 111.847
56.4326, 160.715
105.568, 65.3725
143.336, 280.505
82.7941, 121.654
Evaluation Time: 1.15365 seconds
Resulting Fitness: 0.933333
-------------
Particle: 9:
Relays Coordinates:
217.455, 115.527
44.7858, 179.467
83.8279, 60.6288
137.024, 234.089
69.6281, 169.123
Evaluation Time: 1.27234 seconds
Resulting Fitness: 0.9125
-------------
Particle: 10:
Relays Coordinates:
249.683, 107.191
132.035, 187.135
108.735, 70.0326
146.773, 249.779
91.271, 159.076
Evaluation Time: 1.20077 seconds
Resulting Fitness: 0.95
-------------
Particle: 11:
Relays Coordinates:
236.547, 89.378
36.5138, 224.456
107.518, 71.9596
149.575, 250.166
74.5386, 188.281
Evaluation Time: 1.18534 seconds
Resulting Fitness: 0.966667
-------------
Particle: 12:
Relays Coordinates:
106.614, 103.257
50.7467, 181.456
62.2348, 65.9982
119.373, 198.912
98.7116, 136.978
Evaluation Time: 1.00385 seconds
Resulting Fitness: 0.6875
-------------
Particle: 13:
Relays Coordinates:
203.271, 116.746
85.9769, 130.587
255.15, 69.1038
145.174, 243.999
93.287, 113.409
Evaluation Time: 1.21797 seconds
Resulting Fitness: 0.941667
New local best!
-------------
Particle: 14:
Relays Coordinates:
232.531, 140.395
79.5095, 177.31
74.3258, 99.49
135.731, 243.276
99.4715, 229.755
Evaluation Time: 1.27446 seconds
Resulting Fitness: 0.945833
-------------
Particle: 15:
Relays Coordinates:
239.329, 121.598
36.5087, 223.372
99.9189, 87.0181
196.267, 318.085
108.196, 206.184
Evaluation Time: 1.14459 seconds
Resulting Fitness: 0.920833
-------------
Particle: 16:
Relays Coordinates:
186.19, 87.6901
53.859, 212.04
102.135, 115.241
124.386, 208.953
105.818, 126.687
Evaluation Time: 1.11232 seconds
Resulting Fitness: 0.833333
-------------
Particle: 17:
Relays Coordinates:
228.71, 95.8088
57.5291, 161.582
87.9846, 36.9524
153.976, 214.742
32.6403, 159.628
Evaluation Time: 1.32246 seconds
Resulting Fitness: 0.908333
-------------
Particle: 18:
Relays Coordinates:
160.237, 135.93
41.7642, 237.127
118.287, 61.4953
188.045, 229.635
264.226, 163.338
Evaluation Time: 1.2765 seconds
Resulting Fitness: 0.945833
-------------
Particle: 19:
Relays Coordinates:
228.478, 104.001
37.8681, 174.711
15.7378, 108.713
255.15, 255.15
94.4258, 179.546
Evaluation Time: 1.24202 seconds
Resulting Fitness: 0.795833
-------------
Particle: 20:
Relays Coordinates:
207.498, 101.279
54.7093, 307.993
16.3255, 45.4173
101.741, 173.952
182.991, 123.058
Evaluation Time: 1.22073 seconds
Resulting Fitness: 0.820833
Current global best fitness: 0.9875
Current global best relays: 236.064, 112.267
52.9982, 187.55
100.744, 69.978
157.193, 255.15
92.1648, 176.571
Particle 1 new velocities: 13.6835, -14.5821
160.301, 162.977
-2.61246, -3.45155
18.3267, -51.478
40.433, 24.6022
Particle 2 new velocities: 38.5569, 54.9496
12.8427, 19.684
-12.433, 10.2806
36.6409, -47.7237
31.9784, 0.853237
Particle 3 new velocities: 3.82151, -25.8214
16.0142, -9.58031
-3.88515, -6.00656
-15.0675, -14.1532
23.6725, 11.8566
Particle 4 new velocities: 116.482, 109.2
88.0702, 151.097
71.6563, 98.3971
101.068, 39.877
41.7293, 59.6619
Particle 5 new velocities: 68.7666, 47.41
54.6346, 95.0367
-11.5859, 56.7388
66.4373, 57.4883
45.6891, 60.3542
Particle 6 new velocities: 84.0843, 113.604
52.4804, 8.22451
5.55378, -5.36926
52.9268, 51.0289
64.7944, 13.2588
Particle 7 new velocities: 14.5689, 15.3934
-28.3212, 48.4079
22.2465, 20.4506
80.3823, -21.2595
20.0246, 28.002
Particle 8 new velocities: -19.7221, 1.93847
-15.8747, -5.10611
-10.4077, 0.852688
-10.9828, -28.2458
-11.2934, 58.9067
Particle 9 new velocities: 18.5772, 5.97005
17.671, 10.8025
3.05646, 10.8985
36.795, 36.4644
39.2937, 25.0532
Particle 10 new velocities: 15.4406, 44.3257
-28.0097, -2.23624
-2.58025, -12.8628
-10.9962, 13.629
19.7523, 45.905
Particle 11 new velocities: -8.03762, -5.86412
-15.2995, -15.8634
8.54511, -15.5964
-16.5296, 43.5828
17.9456, 21.0825
Particle 12 new velocities: -1.57684, -37.5066
9.18982, 38.4977
20.7525, -9.44026
31.9081, 64.5738
-22.9562, 10.961
Particle 13 new velocities: 67.4624, -16.5511
41.215, 64.3426
-161.514, 11.2305
62.0049, 59.2955
25.1836, 8.04058
Particle 14 new velocities: 67.3606, -18.3182
-6.3525, 119.256
73.4139, 20.0783
54.25, 152.52
41.6612, 36.3251
Particle 15 new velocities: -12.6927, -11.5905
35.708, -27.0565
-23.318, 2.23281
-43.769, -68.3733
-21.2103, -37.6394
Particle 16 new velocities: 77.0913, 120.553
30.5704, 77.9958
22.6666, 52.761
50.7745, 180.826
55.5595, 100.615
Particle 17 new velocities: 34.7029, 16.1238
2.07007, 61.6906
28.885, 8.96852
19.6922, 28.9505
11.1513, 42.2236
Particle 18 new velocities: 23.0795, 1.07521
-7.37337, -30.2649
14.6863, -1.12474
48.06, -71.5236
37.5134, 30.4062
Particle 19 new velocities: 109.383, 83.7014
17.353, 126.927
35.5555, 8.63768
-114, -23.6559
-39.9572, 50.065
Particle 20 new velocities: 102.309, -14.2487
-17.9428, -24.9886
154.694, -2.96076
9.56428, 9.42297
-33.3243, 60.6821
-- ITERATION 20 --
-------------
Particle: 1:
Relays Coordinates:
256.353, 111.855
168.333, 229.521
99.8976, 76.5576
179.824, 198.118
136.631, 197.3
Evaluation Time: 1.22912 seconds
Resulting Fitness: 0.895833
-------------
Particle: 2:
Relays Coordinates:
221.219, 126.923
63.7322, 201.275
128.554, 71.0647
175.432, 235.776
106.557, 195.577
Evaluation Time: 1.19173 seconds
Resulting Fitness: 0.945833
-------------
Particle: 3:
Relays Coordinates:
234.044, 89.9761
65.7871, 187.516
118.401, 62.0785
94.3579, 245.914
83.7353, 222.606
Evaluation Time: 1.10566 seconds
Resulting Fitness: 0.904167
-------------
Particle: 4:
Relays Coordinates:
240.629, 176.673
104.137, 198.919
99.8243, 103.827
117.002, 145.569
92.6767, 200.528
Evaluation Time: 1.1522 seconds
Resulting Fitness: 0.841667
-------------
Particle: 5:
Relays Coordinates:
179.587, 116.44
121.895, 172.113
116.936, 85.3148
140.049, 209.313
63.2546, 146.382
Evaluation Time: 1.1141 seconds
Resulting Fitness: 0.829167
-------------
Particle: 6:
Relays Coordinates:
326.769, 158.885
101.651, 174.353
92.6464, 54.0064
196.06, 278.972
193.255, 144.322
Evaluation Time: 1.2667 seconds
Resulting Fitness: 0.933333
-------------
Particle: 7:
Relays Coordinates:
225.966, 108.412
92.4512, 195.895
121.013, 82.3047
187.577, 219.982
86.3844, 148.323
Evaluation Time: 1.23119 seconds
Resulting Fitness: 0.958333
New local best!
-------------
Particle: 8:
Relays Coordinates:
225.887, 113.785
40.5579, 155.609
95.16, 66.2252
132.353, 252.259
71.5007, 180.56
Evaluation Time: 1.2791 seconds
Resulting Fitness: 0.970833
-------------
Particle: 9:
Relays Coordinates:
236.033, 121.497
62.4568, 190.269
86.8844, 71.5273
173.819, 270.553
108.922, 194.176
Evaluation Time: 1.30957 seconds
Resulting Fitness: 0.9625
-------------
Particle: 10:
Relays Coordinates:
238.611, 136.365
93.623, 166.409
95.5396, 51.4528
122.199, 237.067
99.921, 184.483
Evaluation Time: 1.37512 seconds
Resulting Fitness: 0.895833
-------------
Particle: 11:
Relays Coordinates:
228.51, 83.5139
21.2143, 208.593
116.063, 56.3632
133.046, 293.749
92.4842, 209.364
Evaluation Time: 1.22741 seconds
Resulting Fitness: 0.941667
-------------
Particle: 12:
Relays Coordinates:
105.037, 65.7501
59.9365, 219.954
82.9873, 56.558
151.281, 263.486
75.7554, 147.939
Evaluation Time: 1.18573 seconds
Resulting Fitness: 0.791667
-------------
Particle: 13:
Relays Coordinates:
270.733, 100.195
127.192, 194.93
93.6363, 80.3343
207.179, 303.294
118.471, 121.45
Evaluation Time: 1.24865 seconds
Resulting Fitness: 0.883333
-------------
Particle: 14:
Relays Coordinates:
242.912, 98.8822
59.2572, 240.218
119.669, 96.8503
153.884, 283.5
114.317, 215.525
Evaluation Time: 1.21645 seconds
Resulting Fitness: 0.933333
-------------
Particle: 15:
Relays Coordinates:
226.636, 110.008
72.2167, 196.316
76.6008, 89.2509
152.498, 249.712
86.9853, 168.544
Evaluation Time: 1.36139 seconds
Resulting Fitness: 0.958333
-------------
Particle: 16:
Relays Coordinates:
191.932, 151.81
61.549, 211.436
90.98, 122.474
127.692, 255.15
117.644, 165.703
Evaluation Time: 1.26485 seconds
Resulting Fitness: 0.825
-------------
Particle: 17:
Relays Coordinates:
237.072, 100.739
53.6393, 200.945
105.183, 41.3289
156.301, 219.324
39.4124, 181.666
Evaluation Time: 1.39532 seconds
Resulting Fitness: 0.95
-------------
Particle: 18:
Relays Coordinates:
164.985, 123.305
30.9518, 186.176
119.676, 54.3335
212.494, 142.3
271.566, 174.37
Evaluation Time: 1.25394 seconds
Resulting Fitness: 0.904167
-------------
Particle: 19:
Relays Coordinates:
246.301, 136.835
40.2562, 219.894
37.3928, 85.5485
102.899, 168.759
39.7076, 167.387
Evaluation Time: 1.28437 seconds
Resulting Fitness: 0.8625
-------------
Particle: 20:
Relays Coordinates:
250.943, 70.4946
29.7809, 229.234
138.526, 34.3898
90.1573, 148.533
121.23, 148.83
Evaluation Time: 1.08659 seconds
Resulting Fitness: 0.8375
Final Evaluation Time: 516.919 seconds
Final global best fitness: 0.9875
Final global best relays:
236.064, 112.267
52.9982, 187.55
100.744, 69.978
157.193, 255.15
92.1648, 176.571
