PSO EXECUTION
============================
Seed: 60466
Particles: 20
Relays: 3
Iterations: 20
Backend: Simulation
Network Configuration: 1
Area: 700 x 700
Sink: 0, 0
Simulated Relay range: 155
w: 0.8
c1: 1.7
c2: 1.3

Relay Nodes Positions: 
PARTICLE 1: 
53.5296, 52.4329
21.1695, 179.686
180.815, 44.2745
PARTICLE 2: 
245.554, 33.4034
119.617, 12.2247
32.397, 41.1143
PARTICLE 3: 
74.6831, 66.5923
189.52, 199.09
131.179, 186.637
PARTICLE 4: 
117.942, 128.057
55.7181, 23.4288
21.5461, 68.8696
PARTICLE 5: 
100.9, 41.1859
62.9538, 166.217
189.519, 141.771
PARTICLE 6: 
143.286, 382.631
73.3426, 126.012
73.6921, 267.847
PARTICLE 7: 
127.443, 92.0064
248.846, 99.1174
42.1541, 4.53034
PARTICLE 8: 
250.176, 82.0056
167.015, 80.7174
96.7572, 10.2312
PARTICLE 9: 
155.008, 151.849
12.2176, 68.7881
125.412, 0.720889
PARTICLE 10: 
188.232, 103.426
140.583, 216.526
132.551, 46.081
PARTICLE 11: 
25.6658, 46.3047
265.421, 60.6284
138.874, 129.791
PARTICLE 12: 
30.3566, 323.289
66.9611, 173.275
42.1668, 147.189
PARTICLE 13: 
283.421, 39.7395
303.854, 122.689
133.484, 19.6299
PARTICLE 14: 
228.709, 56.5913
187.744, 192.543
120.484, 75.6046
PARTICLE 15: 
123.453, 185.348
1.87427, 245.621
86.1482, 105.659
PARTICLE 16: 
22.0078, 51.3906
37.9746, 39.1813
56.1194, 43.2646
PARTICLE 17: 
47.5868, 132.942
165.659, 8.43663
56.7229, 88.8549
PARTICLE 18: 
229.693, 124.307
118.647, 117.885
93.9163, 43.6712
PARTICLE 19: 
77.6872, 5.86191
191.95, 170.814
122.741, 49.1404
PARTICLE 20: 
134.465, 29.8394
149.94, 69.2651
97.8679, 3.36965
Nodes Positions: 
392.612, 13.4834
177.737, 246.41
625.798, 181.531
647.695, 672.109
448.218, 362.164
105.304, 484.273
70.9177, 618.123
687.404, 138.691
572.027, 662.477
196.741, 697.572
291.61, 418.55
438.084, 535.705
153.035, 675.192
221.485, 682.54
634.95, 578.582
527.892, 267.798
27.0974, 123.143
579.93, 184.716
333.464, 420.463
608.437, 567.267
557.7, 208.566
356.351, 397.504
418.254, 216.413
537.748, 340.612
363.841, 351.657
603.508, 460.458
311.789, 411.227
24.3743, 607.42
299.838, 452.528
47.2924, 61.2126
614.973, 165.117
483.102, 506.715
642.041, 94.2118
275.203, 292.736
422.111, 632.865
546.575, 434.33
679.402, 34.3563
497.254, 511.261
97.1637, 276.998
696.716, 147.493
69.6819, 496.54
461.108, 600.256
233.428, 645.854
409.281, 593.833
174.583, 377.266
398.325, 232.381
671.624, 283.941
474.811, 239.879
188.215, 62.384
54.8404, 521.488
565.074, 572.072
40.3539, 303.47
9.62576, 104.352
664.7, 320.885
282.654, 80.4498
139.436, 166.632
206.098, 309.916
161.182, 36.5613
260.9, 112.276
140.34, 254.181
124.456, 8.01353
508.717, 527.522
79.4797, 48.6063
1.35249, 649.529
263.381, 439.904
327.204, 556.416
370.194, 468.194
210.432, 343.402
316.119, 24.256
92.7849, 154.535
384.783, 117.36
466.935, 624.49
250.555, 390.851
343.208, 375.511
434.66, 547.733
116.447, 221.587
518.006, 325.918
238.215, 473.387
591.143, 197.141
502.101, 75.1811
All particles start with velocity zero
-- ITERATION 0 --
-------------
Particle: 1:
Relays Coordinates:
53.5296, 52.4329
21.1695, 179.686
180.815, 44.2745
Evaluation Time: 2.29683 seconds
Resulting Fitness: 0.2
New local best!
New global best!
-------------
Particle: 2:
Relays Coordinates:
245.554, 33.4034
119.617, 12.2247
32.397, 41.1143
Evaluation Time: 2.26722 seconds
Resulting Fitness: 0.166667
New local best!
-------------
Particle: 3:
Relays Coordinates:
74.6831, 66.5923
189.52, 199.09
131.179, 186.637
Evaluation Time: 2.22032 seconds
Resulting Fitness: 0.2375
New local best!
New global best!
-------------
Particle: 4:
Relays Coordinates:
117.942, 128.057
55.7181, 23.4288
21.5461, 68.8696
Evaluation Time: 2.02561 seconds
Resulting Fitness: 0.175
New local best!
-------------
Particle: 5:
Relays Coordinates:
100.9, 41.1859
62.9538, 166.217
189.519, 141.771
Evaluation Time: 2.13579 seconds
Resulting Fitness: 0.202083
New local best!
-------------
Particle: 6:
Relays Coordinates:
143.286, 382.631
73.3426, 126.012
73.6921, 267.847
Evaluation Time: 2.47441 seconds
Resulting Fitness: 0.29375
New local best!
New global best!
-------------
Particle: 7:
Relays Coordinates:
127.443, 92.0064
248.846, 99.1174
42.1541, 4.53034
Evaluation Time: 2.10945 seconds
Resulting Fitness: 0.185417
New local best!
-------------
Particle: 8:
Relays Coordinates:
250.176, 82.0056
167.015, 80.7174
96.7572, 10.2312
Evaluation Time: 2.14784 seconds
Resulting Fitness: 0.177083
New local best!
-------------
Particle: 9:
Relays Coordinates:
155.008, 151.849
12.2176, 68.7881
125.412, 0.720889
Evaluation Time: 2.18757 seconds
Resulting Fitness: 0.183333
New local best!
-------------
Particle: 10:
Relays Coordinates:
188.232, 103.426
140.583, 216.526
132.551, 46.081
Evaluation Time: 2.26442 seconds
Resulting Fitness: 0.258333
New local best!
-------------
Particle: 11:
Relays Coordinates:
25.6658, 46.3047
265.421, 60.6284
138.874, 129.791
Evaluation Time: 2.12628 seconds
Resulting Fitness: 0.210417
New local best!
-------------
Particle: 12:
Relays Coordinates:
30.3566, 323.289
66.9611, 173.275
42.1668, 147.189
Evaluation Time: 2.06441 seconds
Resulting Fitness: 0.16875
New local best!
-------------
Particle: 13:
Relays Coordinates:
283.421, 39.7395
303.854, 122.689
133.484, 19.6299
Evaluation Time: 2.41955 seconds
Resulting Fitness: 0.1875
New local best!
-------------
Particle: 14:
Relays Coordinates:
228.709, 56.5913
187.744, 192.543
120.484, 75.6046
Evaluation Time: 2.4576 seconds
Resulting Fitness: 0.235417
New local best!
-------------
Particle: 15:
Relays Coordinates:
123.453, 185.348
1.87427, 245.621
86.1482, 105.659
Evaluation Time: 2.05775 seconds
Resulting Fitness: 0.2
New local best!
-------------
Particle: 16:
Relays Coordinates:
22.0078, 51.3906
37.9746, 39.1813
56.1194, 43.2646
Evaluation Time: 1.79617 seconds
Resulting Fitness: 0.1125
New local best!
-------------
Particle: 17:
Relays Coordinates:
47.5868, 132.942
165.659, 8.43663
56.7229, 88.8549
Evaluation Time: 2.03447 seconds
Resulting Fitness: 0.1875
New local best!
-------------
Particle: 18:
Relays Coordinates:
229.693, 124.307
118.647, 117.885
93.9163, 43.6712
Evaluation Time: 2.14666 seconds
Resulting Fitness: 0.210417
New local best!
-------------
Particle: 19:
Relays Coordinates:
77.6872, 5.86191
191.95, 170.814
122.741, 49.1404
Evaluation Time: 2.18796 seconds
Resulting Fitness: 0.2125
New local best!
-------------
Particle: 20:
Relays Coordinates:
134.465, 29.8394
149.94, 69.2651
97.8679, 3.36965
Evaluation Time: 1.95199 seconds
Resulting Fitness: 0.15
New local best!
Current global best fitness: 0.29375
Current global best relays: 143.286, 382.631
73.3426, 126.012
73.6921, 267.847
Particle 1 new velocities: 58.4334, 216.841
54.2461, -6.85862
-37.3618, 204.46
Particle 2 new velocities: -11.7107, 282.256
-49.9951, 46.5772
49.2733, 168.013
Particle 3 new velocities: 25.1693, 319.151
-145.823, -20.0461
-46.5475, 1.05564
Particle 4 new velocities: 23.1297, 86.4696
4.20208, 114.285
33.6607, 8.46817
Particle 5 new velocities: 45.6988, 276.932
3.33011, -6.56514
-121.025, 120.111
Particle 6 new velocities: 0, 0
0, 0
0, 0
Particle 7 new velocities: 16.3095, 292.665
-173.621, 33.9154
27.9861, 146.499
Particle 8 new velocities: -5.22383, 284.209
-67.6654, 27.3239
-0.532214, 68.2478
Particle 9 new velocities: -9.54926, 98.7308
18.0327, 61.4174
-24.2189, 23.2759
Particle 10 new velocities: -48.4752, 114.386
-38.7252, -29.5359
-25.3241, 199.977
Particle 11 new velocities: 12.0115, 57.2971
-69.2537, 8.20046
-27.3778, 58.8963
Particle 12 new velocities: 88.8392, 15.8487
0.129675, -43.9033
32.7715, 91.9448
Particle 13 new velocities: -68.4696, 388.158
-218.807, 2.67235
-26.1751, 25.8577
Particle 14 new velocities: -2.146, 249.979
-36.6402, -4.15146
-48.3159, 246.049
Particle 15 new velocities: 19.5636, 19.1763
30.9367, -94.002
-6.20513, 116.351
Particle 16 new velocities: 28.4008, 122.531
31.2614, 67.9423
6.91567, 79.4641
Particle 17 new velocities: 97.4408, 104.952
-51.0422, 119.583
0.875261, 5.08768
Particle 18 new velocities: -55.1172, 19.3129
-37.8305, 7.90321
-1.93735, 90.1653
Particle 19 new velocities: 83.8752, 333.966
-74.6521, -15.715
-24.2333, 118.309
Particle 20 new velocities: 3.64042, 409.713
-26.4443, 9.11026
-21.6201, 302.191
-- ITERATION 1 --
-------------
Particle: 1:
Relays Coordinates:
90.69, 218.111
61.0867, 139.99
116.198, 201.475
Evaluation Time: 2.08931 seconds
Resulting Fitness: 0.1875
-------------
Particle: 2:
Relays Coordinates:
189.413, 255.684
56.3934, 47.6295
66.1529, 169.393
Evaluation Time: 2.16051 seconds
Resulting Fitness: 0.241667
New local best!
-------------
Particle: 3:
Relays Coordinates:
72.7923, 281.207
31.8545, 130.523
61.696, 136.828
Evaluation Time: 2.08016 seconds
Resulting Fitness: 0.2125
-------------
Particle: 4:
Relays Coordinates:
141.072, 214.526
59.9202, 137.714
55.2067, 77.3378
Evaluation Time: 2.15438 seconds
Resulting Fitness: 0.227083
New local best!
-------------
Particle: 5:
Relays Coordinates:
118.745, 257.675
53.69, 129.318
55.4798, 212.124
Evaluation Time: 2.10855 seconds
Resulting Fitness: 0.222917
New local best!
-------------
Particle: 6:
Relays Coordinates:
143.286, 382.631
73.3426, 126.012
73.6921, 267.847
Evaluation Time: 2.43625 seconds
Resulting Fitness: 0.29375
-------------
Particle: 7:
Relays Coordinates:
84.8846, 227.144
44.4195, 78.5546
41.4171, 89.1814
Evaluation Time: 2.02695 seconds
Resulting Fitness: 0.1875
New local best!
-------------
Particle: 8:
Relays Coordinates:
117.16, 175.159
47.5184, 51.6758
46.0241, 37.5363
Evaluation Time: 2.02128 seconds
Resulting Fitness: 0.195833
New local best!
-------------
Particle: 9:
Relays Coordinates:
130.913, 225.521
27.2253, 117.185
91.0734, 21.5971
Evaluation Time: 2.17075 seconds
Resulting Fitness: 0.220833
New local best!
-------------
Particle: 10:
Relays Coordinates:
91.6943, 142.906
66.8291, 122.684
70.3515, 161.439
Evaluation Time: 2.03601 seconds
Resulting Fitness: 0.175
-------------
Particle: 11:
Relays Coordinates:
37.6773, 103.602
196.167, 68.8289
111.497, 188.687
Evaluation Time: 2.15521 seconds
Resulting Fitness: 0.225
New local best!
-------------
Particle: 12:
Relays Coordinates:
119.196, 339.138
67.0907, 129.372
74.9382, 239.134
Evaluation Time: 2.29989 seconds
Resulting Fitness: 0.245833
New local best!
-------------
Particle: 13:
Relays Coordinates:
92.5294, 184.196
36.61, 53.9639
46.1931, 19.5809
Evaluation Time: 2.02068 seconds
Resulting Fitness: 0.177083
-------------
Particle: 14:
Relays Coordinates:
133.783, 181.027
89.2253, 111.243
42.6147, 189.933
Evaluation Time: 2.1103 seconds
Resulting Fitness: 0.2
-------------
Particle: 15:
Relays Coordinates:
128.715, 184.072
29.5299, 136.457
71.9487, 199.809
Evaluation Time: 2.20379 seconds
Resulting Fitness: 0.2
-------------
Particle: 16:
Relays Coordinates:
50.4086, 173.922
69.236, 107.124
63.0351, 122.729
Evaluation Time: 2.13187 seconds
Resulting Fitness: 0.175
New local best!
-------------
Particle: 17:
Relays Coordinates:
145.028, 237.894
114.616, 128.019
57.5982, 93.9426
Evaluation Time: 2.30807 seconds
Resulting Fitness: 0.239583
New local best!
-------------
Particle: 18:
Relays Coordinates:
174.576, 143.619
80.8164, 125.788
91.9789, 133.837
Evaluation Time: 2.11611 seconds
Resulting Fitness: 0.1875
-------------
Particle: 19:
Relays Coordinates:
117.779, 247.735
85.5101, 113.067
71.8122, 122.071
Evaluation Time: 2.10676 seconds
Resulting Fitness: 0.21875
New local best!
-------------
Particle: 20:
Relays Coordinates:
90.6109, 288.39
81.0254, 51.4221
50.0262, 200.478
Evaluation Time: 2.13042 seconds
Resulting Fitness: 0.2125
New local best!
Current global best fitness: 0.29375
Current global best relays: 143.286, 382.631
73.3426, 126.012
73.6921, 267.847
Particle 1 new velocities: 37.6526, 170.14
15.94, 38.3168
14.7834, 16.9817
Particle 2 new velocities: -59.4926, 275.919
-37.9561, 108.172
48.3189, 162.96
Particle 3 new velocities: 44.2974, 313.814
68.9199, 89.1907
68.9139, 147.746
Particle 4 new velocities: 19.2689, 101.894
16.4524, 84.5791
34.9293, 208.25
Particle 5 new velocities: 55.9164, 308.535
16.8476, -5.81487
-75.1841, 110.707
Particle 6 new velocities: 0, 0
0, 0
0, 0
Particle 7 new velocities: 41.4802, 314.588
-138.82, 38.8189
24.3098, 296.334
Particle 8 new velocities: 23.7051, 293.317
-52.353, 73.5002
35.2177, 101.058
Particle 9 new velocities: 5.39629, 200.895
45.9973, 53.8406
-40.0346, 303.36
Particle 10 new velocities: 143.749, 311.763
-17.1984, 27.8784
16.7221, 125.407
Particle 11 new velocities: 75.0432, 397.472
-181.081, 51.1694
-25.2443, 69.4908
Particle 12 new velocities: 86.8827, 55.7184
0.193759, -39.1524
25.0591, 110.513
Particle 13 new velocities: 237.866, 254.421
129.367, 168.6
99.7768, 121.377
Particle 14 new velocities: 53.6312, 278.506
92.2747, 144.887
9.87883, 114.233
Particle 15 new velocities: 10.4941, 16.802
51.0402, -59.1703
-0.385301, 151.959
Particle 16 new velocities: 109.284, 249.239
28.3826, 60.6078
7.02608, 213.735
Particle 17 new velocities: 75.8946, 159.64
-48.1731, 93.4247
11.1622, 127.381
Particle 18 new velocities: 5.86181, 100.616
-1.29616, 4.94421
-3.20065, 141.593
Particle 19 new velocities: 74.871, 362.484
-61.3001, -2.17485
-18.7177, 189.663
Particle 20 new velocities: 31.415, 359.672
-23.1509, 78.0732
-9.59905, 327.027
-- ITERATION 2 --
-------------
Particle: 1:
Relays Coordinates:
93.5618, 283.035
56.1524, 129.986
95.4851, 159.255
Evaluation Time: 2.17365 seconds
Resulting Fitness: 0.2125
New local best!
-------------
Particle: 2:
Relays Coordinates:
94.7118, 387.539
13.4408, 113.579
83.45, 242.285
Evaluation Time: 2.31771 seconds
Resulting Fitness: 0.235417
-------------
Particle: 3:
Relays Coordinates:
56.0037, 284.597
48.2001, 105.088
62.4703, 136.111
Evaluation Time: 2.39586 seconds
Resulting Fitness: 0.204167
-------------
Particle: 4:
Relays Coordinates:
105.2, 207.603
50.1081, 145.846
59.1383, 187.374
Evaluation Time: 2.12656 seconds
Resulting Fitness: 0.185417
-------------
Particle: 5:
Relays Coordinates:
83.5401, 270.816
33.7379, 59.071
0, 154.409
Evaluation Time: 2.43904 seconds
Resulting Fitness: 0.2125
-------------
Particle: 6:
Relays Coordinates:
143.286, 382.631
73.3426, 126.012
73.6921, 267.847
Evaluation Time: 2.68094 seconds
Resulting Fitness: 0.29375
-------------
Particle: 7:
Relays Coordinates:
67.1554, 287.899
0, 62.3771
34.93, 204.879
Evaluation Time: 2.48886 seconds
Resulting Fitness: 0.197917
New local best!
-------------
Particle: 8:
Relays Coordinates:
60.6378, 201.664
0, 53.8842
34.9719, 59.6601
Evaluation Time: 2.02437 seconds
Resulting Fitness: 0.175
-------------
Particle: 9:
Relays Coordinates:
110.41, 345.397
59.3103, 138.531
41.3415, 263.215
Evaluation Time: 2.31838 seconds
Resulting Fitness: 0.24375
New local best!
-------------
Particle: 10:
Relays Coordinates:
154.474, 298.308
32.5626, 98.7843
57.129, 188.2
Evaluation Time: 2.19192 seconds
Resulting Fitness: 0.229167
-------------
Particle: 11:
Relays Coordinates:
66.5603, 295.879
8.90788, 70.8578
50.9311, 152.452
Evaluation Time: 2.18988 seconds
Resulting Fitness: 0.204167
-------------
Particle: 12:
Relays Coordinates:
121.687, 233.159
39.7308, 53.2738
59.0474, 206.463
Evaluation Time: 2.16002 seconds
Resulting Fitness: 0.210417
-------------
Particle: 13:
Relays Coordinates:
175.585, 233.099
88.2069, 118.28
77.5744, 74.9107
Evaluation Time: 2.27283 seconds
Resulting Fitness: 0.233333
New local best!
-------------
Particle: 14:
Relays Coordinates:
89.6397, 219.793
86.8109, 122.506
25.1075, 145.482
Evaluation Time: 2.04832 seconds
Resulting Fitness: 0.1875
-------------
Particle: 15:
Relays Coordinates:
125.288, 180.787
72.5131, 69.5582
64.4071, 316.591
Evaluation Time: 2.13469 seconds
Resulting Fitness: 0.225
New local best!
-------------
Particle: 16:
Relays Coordinates:
116.416, 308.484
71.164, 122.276
51.0746, 245.282
Evaluation Time: 2.17572 seconds
Resulting Fitness: 0.229167
New local best!
-------------
Particle: 17:
Relays Coordinates:
144.947, 260.822
43.5935, 145.289
45.1137, 145.211
Evaluation Time: 2.31808 seconds
Resulting Fitness: 0.220833
-------------
Particle: 18:
Relays Coordinates:
180.437, 244.235
79.5202, 130.732
88.7783, 275.43
Evaluation Time: 2.22735 seconds
Resulting Fitness: 0.235417
New local best!
-------------
Particle: 19:
Relays Coordinates:
82.9295, 262.679
10.4216, 47.7355
22.8555, 134.191
Evaluation Time: 2.17128 seconds
Resulting Fitness: 0.2
-------------
Particle: 20:
Relays Coordinates:
47.2753, 251.073
22.4218, 50.1691
15.6623, 204.366
Evaluation Time: 2.02252 seconds
Resulting Fitness: 0.16875
Current global best fitness: 0.29375
Current global best relays: 143.286, 382.631
73.3426, 126.012
73.6921, 267.847
Particle 1 new velocities: 88.3379, 222.882
33.3371, 27.3216
-8.64266, 56.1589
Particle 2 new velocities: 14.3323, 195.179
25.853, 71.8782
19.7455, 71.389
Particle 3 new velocities: 59.0632, 201.328
151.394, 223.07
91.2352, 353.528
Particle 4 new velocities: 46.4658, 111.11
42.6667, 32.3547
38.8817, 15.2346
Particle 5 new velocities: 68.8756, 351.356
58.3078, 117.472
163.034, 148.915
Particle 6 new velocities: 0, 0
0, 0
0, 0
Particle 7 new velocities: 78.1397, 271.957
28.7563, 64.7854
38.9456, 275.771
Particle 8 new velocities: 74.5806, 436.829
113.85, 84.4178
69.4668, 52.2697
Particle 9 new velocities: 29.7907, 160.857
39.1281, 33.6058
-26.4156, 242.859
Particle 10 new velocities: 128.534, 41.132
104.372, 173.893
84.2127, 132.82
Particle 11 new velocities: 97.2765, 340.91
78.2928, 42.74
48.4557, 142.353
Particle 12 new velocities: 81.1288, 257.826
52.8189, 28.0785
38.3717, 165.003
Particle 13 new velocities: 189.225, 366.796
85.8215, 144.524
74.841, 300.525
Particle 14 new velocities: 198.483, 277.148
74.2626, 230.291
153.266, 196.348
Particle 15 new velocities: 14.5407, 73.4485
41.5078, 0.808795
9.47778, 88.2562
Particle 16 new velocities: 106.572, 283.008
23.1344, 51.7061
17.6834, 188.301
Particle 17 new velocities: 59.7653, 179.794
44.2097, 48.1085
53.1217, 101.51
Particle 18 new velocities: -9.8493, 152.519
-6.42679, -1.96492
-2.68059, 105.143
Particle 19 new velocities: 68.7149, 278.476
61.5076, 59.5815
45.4675, 245.276
Particle 20 new velocities: 182.638, 453.552
80.5518, 71.7839
48.5089, 331.744
-- ITERATION 3 --
-------------
Particle: 1:
Relays Coordinates:
87.0021, 241.978
42.8025, 75.2397
41.5365, 103.032
Evaluation Time: 2.10616 seconds
Resulting Fitness: 0.204167
-------------
Particle: 2:
Relays Coordinates:
57.9505, 309.68
20.8823, 98.5597
54.8423, 166.699
Evaluation Time: 2.08001 seconds
Resulting Fitness: 0.204167
-------------
Particle: 3:
Relays Coordinates:
44.5792, 188.257
77.3269, 127.135
59.5487, 189.696
Evaluation Time: 1.97309 seconds
Resulting Fitness: 0.175
-------------
Particle: 4:
Relays Coordinates:
110.564, 232.342
67.6328, 129.909
71.4565, 147.702
Evaluation Time: 2.08529 seconds
Resulting Fitness: 0.20625
-------------
Particle: 5:
Relays Coordinates:
72.8999, 297.583
44.0252, 84.4402
77.9787, 145.079
Evaluation Time: 2.10115 seconds
Resulting Fitness: 0.2125
-------------
Particle: 6:
Relays Coordinates:
143.286, 382.631
73.3426, 126.012
73.6921, 267.847
Evaluation Time: 2.62357 seconds
Resulting Fitness: 0.29375
-------------
Particle: 7:
Relays Coordinates:
62.5448, 241
12.3786, 54.7393
31.801, 206.904
Evaluation Time: 2.1158 seconds
Resulting Fitness: 0.170833
-------------
Particle: 8:
Relays Coordinates:
38.1897, 180.329
32.1545, 39.0606
29.4966, 31.6123
Evaluation Time: 1.97162 seconds
Resulting Fitness: 0.175
-------------
Particle: 9:
Relays Coordinates:
60.3519, 217.926
42.3745, 74.0991
6.42509, 217.848
Evaluation Time: 1.9915 seconds
Resulting Fitness: 0.175
-------------
Particle: 10:
Relays Coordinates:
135.362, 162.353
65.4956, 130.421
67.6033, 153.543
Evaluation Time: 2.10554 seconds
Resulting Fitness: 0.189583
-------------
Particle: 11:
Relays Coordinates:
70.5264, 274.117
37.537, 48.9001
42.7828, 126.904
Evaluation Time: 2.16575 seconds
Resulting Fitness: 0.210417
-------------
Particle: 12:
Relays Coordinates:
107.785, 260.93
49.1847, 43.2339
51.7725, 197.412
Evaluation Time: 2.22244 seconds
Resulting Fitness: 0.208333
-------------
Particle: 13:
Relays Coordinates:
174.488, 286.928
83.2372, 125.698
72.8998, 179.57
Evaluation Time: 2.4573 seconds
Resulting Fitness: 0.2375
New local best!
-------------
Particle: 14:
Relays Coordinates:
111.625, 192.525
62.4032, 136.681
69.1056, 132.432
Evaluation Time: 2.14162 seconds
Resulting Fitness: 0.189583
-------------
Particle: 15:
Relays Coordinates:
113.261, 205.931
92.3569, 56.9972
59.8467, 327.926
Evaluation Time: 2.27022 seconds
Resulting Fitness: 0.214583
-------------
Particle: 16:
Relays Coordinates:
131.672, 349.27
55.6823, 102.735
40.6009, 256.026
Evaluation Time: 2.6389 seconds
Resulting Fitness: 0.260417
New local best!
-------------
Particle: 17:
Relays Coordinates:
134.312, 289.088
57.6077, 126.888
64.4523, 161.873
Evaluation Time: 2.23376 seconds
Resulting Fitness: 0.229167
-------------
Particle: 18:
Relays Coordinates:
100.731, 234.28
43.1609, 76.0359
50.8398, 224.724
Evaluation Time: 2.23264 seconds
Resulting Fitness: 0.208333
-------------
Particle: 19:
Relays Coordinates:
80.59, 287.592
38.2261, 57.0327
36.3096, 201.665
Evaluation Time: 2.17295 seconds
Resulting Fitness: 0.2125
-------------
Particle: 20:
Relays Coordinates:
80.166, 244.075
35.9047, 42.5224
22.3751, 186.93
Evaluation Time: 2.09674 seconds
Resulting Fitness: 0.195833
Current global best fitness: 0.29375
Current global best relays: 143.286, 382.631
73.3426, 126.012
73.6921, 267.847
Particle 1 new velocities: 131.019, 266.553
68.1247, 145.155
40.919, 214.163
Particle 2 new velocities: 174.682, 115.407
91.8809, -24.61
32.1659, 67.2427
Particle 3 new velocities: 130.051, 83.0932
281.985, 295.941
177.615, 323.929
Particle 4 new velocities: 53.1473, 192.533
30.8526, 28.7618
18.3127, 22.5908
Particle 5 new velocities: 125.846, 301.963
69.7492, 189.791
99.6192, 141.924
Particle 6 new velocities: 0, 0
0, 0
0, 0
Particle 7 new velocities: 88.8111, 246.499
92.7976, 66.1519
84.4362, 242.92
Particle 8 new velocities: 222.454, 420.913
107.077, 109.394
118.113, 171.917
Particle 9 new velocities: 137.281, 398.668
57.7314, 73.7999
52.8505, 237.145
Particle 10 new velocities: 129.014, 63.4856
148.728, 231.98
117.867, 183.234
Particle 11 new velocities: 65.7286, 196.368
329.485, 142.642
64.4757, 196.673
Particle 12 new velocities: 79.4018, 381.947
67.2465, 103.428
73.4636, 263.206
Particle 13 new velocities: 139.771, 376.888
67.0605, 115.802
60.6864, 248.52
Particle 14 new velocities: 294.937, 119.779
263.809, 231.872
188.55, 138.79
Particle 15 new velocities: 62.0115, 208.87
-16.871, 111.093
25.6365, 35.4438
Particle 16 new velocities: 93.3861, 264.317
30.8394, 54.154
45.9223, 159.957
Particle 17 new velocities: 61.011, 78.0169
89.6825, 39.1109
43.4961, 14.0674
Particle 18 new velocities: 80.055, 161.016
17.598, 130.102
61.2131, 202.49
Particle 19 new velocities: 146.749, 297.911
136.591, 182.23
93.6279, 185.323
Particle 20 new velocities: 190.834, 139.815
113.593, 68.0485
79.7854, 308.924
-- ITERATION 4 --
-------------
Particle: 1:
Relays Coordinates:
128.739, 300.283
65.5014, 130.141
48.6891, 187.3
Evaluation Time: 2.16726 seconds
Resulting Fitness: 0.233333
New local best!
-------------
Particle: 2:
Relays Coordinates:
137.367, 251.01
66.5856, 43.6666
51.3775, 138.14
Evaluation Time: 2.37558 seconds
Resulting Fitness: 0.225
-------------
Particle: 3:
Relays Coordinates:
83.525, 129.786
171.858, 202.356
113.434, 245.665
Evaluation Time: 2.27222 seconds
Resulting Fitness: 0.233333
-------------
Particle: 4:
Relays Coordinates:
87.003, 225.796
52.3392, 84.3239
47.7071, 90.5004
Evaluation Time: 2.02829 seconds
Resulting Fitness: 0.1875
-------------
Particle: 5:
Relays Coordinates:
95.0595, 286.761
54.4179, 131.164
84.9446, 137.273
Evaluation Time: 2.28051 seconds
Resulting Fitness: 0.2125
-------------
Particle: 6:
Relays Coordinates:
143.286, 382.631
73.3426, 126.012
73.6921, 267.847
Evaluation Time: 2.61777 seconds
Resulting Fitness: 0.29375
-------------
Particle: 7:
Relays Coordinates:
65.1538, 209.852
45.2749, 52.0397
50.0363, 193.634
Evaluation Time: 2.2675 seconds
Resulting Fitness: 0.175
-------------
Particle: 8:
Relays Coordinates:
90.8809, 209.64
48.5471, 51.763
51.4683, 70.9663
Evaluation Time: 2.28457 seconds
Resulting Fitness: 0.185417
-------------
Particle: 9:
Relays Coordinates:
94.5272, 294.915
47.8803, 70.7396
28.3513, 217.622
Evaluation Time: 2.29582 seconds
Resulting Fitness: 0.2125
-------------
Particle: 10:
Relays Coordinates:
113.805, 97.2162
92.216, 156.001
79.8388, 144.972
Evaluation Time: 2.15357 seconds
Resulting Fitness: 0.183333
-------------
Particle: 11:
Relays Coordinates:
58.6533, 202.528
157.991, 82.4527
46.1712, 139.289
Evaluation Time: 2.19904 seconds
Resulting Fitness: 0.2
-------------
Particle: 12:
Relays Coordinates:
89.5308, 307.486
55.6887, 70.1477
59.9, 220.312
Evaluation Time: 2.30554 seconds
Resulting Fitness: 0.2125
-------------
Particle: 13:
Relays Coordinates:
150.309, 317.501
71.8869, 115.509
63.8938, 204.754
Evaluation Time: 2.3993 seconds
Resulting Fitness: 0.241667
New local best!
-------------
Particle: 14:
Relays Coordinates:
157.51, 120.993
126.381, 142.785
99.8211, 105.077
Evaluation Time: 2.06053 seconds
Resulting Fitness: 0.1875
-------------
Particle: 15:
Relays Coordinates:
127.774, 302.39
55.0292, 122.538
62.3173, 264.897
Evaluation Time: 2.21648 seconds
Resulting Fitness: 0.233333
New local best!
-------------
Particle: 16:
Relays Coordinates:
132.895, 362.317
51.0902, 92.6413
51.0911, 245.634
Evaluation Time: 2.67559 seconds
Resulting Fitness: 0.275
New local best!
-------------
Particle: 17:
Relays Coordinates:
142.39, 267.62
107.375, 121.013
78.6943, 128.261
Evaluation Time: 2.50723 seconds
Resulting Fitness: 0.235417
-------------
Particle: 18:
Relays Coordinates:
118.613, 259.354
39.8639, 135.247
73.5179, 280.295
Evaluation Time: 2.17206 seconds
Resulting Fitness: 0.216667
-------------
Particle: 19:
Relays Coordinates:
108.736, 280.044
83.6143, 114.439
62.1487, 185.095
Evaluation Time: 2.22815 seconds
Resulting Fitness: 0.216667
-------------
Particle: 20:
Relays Coordinates:
129.619, 183.613
71.5042, 52.8857
48.863, 237.166
Evaluation Time: 2.23117 seconds
Resulting Fitness: 0.197917
Current global best fitness: 0.29375
Current global best relays: 143.286, 382.631
73.3426, 126.012
73.6921, 267.847
Particle 1 new velocities: 123.365, 218.725
55.507, 110.851
47.0747, 234.186
Particle 2 new velocities: 219.785, 99.4119
77.4261, 42.8735
28.7265, 265.326
Particle 3 new velocities: 163.212, 328.346
117.807, 225.37
117.162, 225.595
Particle 4 new velocities: 130.042, 248.465
42.7608, 122.93
38.4098, 93.5681
Particle 5 new velocities: 150.903, 213.74
78.4575, 147.743
46.4437, 273.231
Particle 6 new velocities: 0, 0
0, 0
0, 0
Particle 7 new velocities: 100.088, 496.943
32.7289, 131.833
56.7183, 198.695
Particle 8 new velocities: 233.775, 461.325
93.8732, 122.568
96.607, 355.168
Particle 9 new velocities: 168.964, 394.646
65.3893, 137.726
57.2738, 281.536
Particle 10 new velocities: 175.658, 267.907
145.66, 251.356
122.795, 105.019
Particle 11 new velocities: 158.432, 228.445
307.101, 151.829
97.9128, 350.561
Particle 12 new velocities: 141.501, 350.897
75.0165, 121.878
79.9293, 245.035
Particle 13 new velocities: 108.747, 331.43
55.2645, 103.745
51.1133, 251.289
Particle 14 new velocities: 350.34, 244.344
248.552, 218.145
154.529, 283.512
Particle 15 new velocities: 55.5912, 235.013
3.67711, 92.0772
32.0787, 32.1098
Particle 16 new velocities: 77.0244, 223.909
43.6946, 75.1513
42.8304, 151.241
Particle 17 new velocities: 50.5841, 149.191
61.7623, 44.2852
11.8917, -9.32986
Particle 18 new velocities: 133.162, 161.235
36.9515, 93.9406
62.6649, 157.724
Particle 19 new velocities: 129.36, 316.74
110.772, 156.032
89.019, 123.399
Particle 20 new velocities: 115.386, 432.717
93.998, 121.628
91.4139, 229.746
-- ITERATION 5 --
-------------
Particle: 1:
Relays Coordinates:
133.979, 275.822
64.3088, 128.073
50.8928, 223.995
Evaluation Time: 2.2539 seconds
Resulting Fitness: 0.229167
-------------
Particle: 2:
Relays Coordinates:
170.825, 167.606
68.8804, 41.3918
38.3135, 192.977
Evaluation Time: 2.17243 seconds
Resulting Fitness: 0.210417
-------------
Particle: 3:
Relays Coordinates:
69.6858, 129.39
81.8099, 120.803
65.1274, 133.098
Evaluation Time: 1.98375 seconds
Resulting Fitness: 0.160417
-------------
Particle: 4:
Relays Coordinates:
103.812, 226.838
45.486, 99.129
41.1894, 88.0394
Evaluation Time: 2.21438 seconds
Resulting Fitness: 0.204167
-------------
Particle: 5:
Relays Coordinates:
117.643, 239.388
63.5539, 133.4
62.8426, 196.343
Evaluation Time: 2.19624 seconds
Resulting Fitness: 0.222917
-------------
Particle: 6:
Relays Coordinates:
143.286, 382.631
73.3426, 126.012
73.6921, 267.847
Evaluation Time: 2.53479 seconds
Resulting Fitness: 0.29375
-------------
Particle: 7:
Relays Coordinates:
79.0345, 334.808
37.309, 87.9459
51.0604, 187.65
Evaluation Time: 2.2735 seconds
Resulting Fitness: 0.229167
New local best!
-------------
Particle: 8:
Relays Coordinates:
155.282, 320.921
68.1192, 83.382
70.824, 203.819
Evaluation Time: 2.42378 seconds
Resulting Fitness: 0.24375
New local best!
-------------
Particle: 9:
Relays Coordinates:
126.027, 329.815
54.1765, 99.7085
40.9542, 238.746
Evaluation Time: 2.36527 seconds
Resulting Fitness: 0.24375
-------------
Particle: 10:
Relays Coordinates:
138.449, 174.637
113.775, 194.838
96.9193, 119.57
Evaluation Time: 2.23968 seconds
Resulting Fitness: 0.197917
-------------
Particle: 11:
Relays Coordinates:
68.1238, 135.244
145.951, 73.5202
45.2151, 153.72
Evaluation Time: 2.15871 seconds
Resulting Fitness: 0.2
-------------
Particle: 12:
Relays Coordinates:
122.78, 349.892
69.4621, 102.05
74.311, 247.305
Evaluation Time: 2.56028 seconds
Resulting Fitness: 0.25625
New local best!
-------------
Particle: 13:
Relays Coordinates:
152.97, 383.187
75.0816, 129.467
67.9106, 269.289
Evaluation Time: 2.53179 seconds
Resulting Fitness: 0.30625
New local best!
New global best!
-------------
Particle: 14:
Relays Coordinates:
159.369, 114.647
117.658, 113.264
79.8178, 121.943
Evaluation Time: 2.01491 seconds
Resulting Fitness: 0.1875
-------------
Particle: 15:
Relays Coordinates:
108.275, 317.331
34.6655, 126.728
55.7399, 175.379
Evaluation Time: 2.26951 seconds
Resulting Fitness: 0.222917
-------------
Particle: 16:
Relays Coordinates:
137.728, 384.623
62.1883, 110.089
61.6219, 260.39
Evaluation Time: 2.50139 seconds
Resulting Fitness: 0.285417
New local best!
-------------
Particle: 17:
Relays Coordinates:
113.949, 246.122
99.8736, 97.6072
53.4902, 70.2275
Evaluation Time: 2.41646 seconds
Resulting Fitness: 0.21875
-------------
Particle: 18:
Relays Coordinates:
148.671, 248.353
45.3588, 135.333
80.4146, 258.646
Evaluation Time: 2.23029 seconds
Resulting Fitness: 0.225
-------------
Particle: 19:
Relays Coordinates:
102.492, 256.896
83.6768, 116.429
65.0728, 132.797
Evaluation Time: 2.257 seconds
Resulting Fitness: 0.2125
-------------
Particle: 20:
Relays Coordinates:
117.185, 294.789
79.1592, 83.4694
67.094, 223.322
Evaluation Time: 2.29235 seconds
Resulting Fitness: 0.225
New local best!
Current global best fitness: 0.30625
Current global best relays: 152.97, 383.187
75.0816, 129.467
67.9106, 269.289
Particle 1 new velocities: 105.074, 296.458
51.6281, 92.0174
55.9228, 227.136
Particle 2 new velocities: 173.367, 274.018
58.5733, 66.6945
67.1015, 214.005
Particle 3 new velocities: 227.118, 329.007
271.72, 227.165
157.722, 199.719
Particle 4 new velocities: 188.762, 216.51
48.2193, 117.345
55.1713, 239.046
Particle 5 new velocities: 146.646, 337.653
71.0661, 111.77
30.4339, 241.632
Particle 6 new velocities: 12.4999, 0.166823
1.47801, 0.0241677
-0.496226, 1.85653
Particle 7 new velocities: 88.7483, 34.2253
33.9116, 107.715
66.2617, 181.352
Particle 8 new velocities: 186.678, 392.107
75.8562, 114.846
74.8256, 307.77
Particle 9 new velocities: 115.845, 370.369
85.9546, 203.672
60.6907, 267.875
Particle 10 new velocities: 186.798, 232.172
105.82, 163.775
112.412, 13.4911
Particle 11 new velocities: 221.936, 227.731
295.007, 151.377
181.925, 310.913
Particle 12 new velocities: 127.149, 303.517
64.3383, 128.895
56.052, 206.718
Particle 13 new velocities: 86.998, 265.144
44.2116, 82.9963
40.8906, 201.031
Particle 14 new velocities: 313.648, 527.5
242.843, 234.352
179.582, 372.763
Particle 15 new velocities: 115.913, 237.015
18.8412, 73.3321
32.099, 249.089
Particle 16 new velocities: 66.6465, 177.507
40.9476, 75.7332
41.0325, 121.571
Particle 17 new velocities: 76.6658, 164.688
64.918, 75.3144
21.0196, 259.415
Particle 18 new velocities: 137.111, 179.484
76.535, 69.4315
51.1878, 157.55
Particle 19 new velocities: 122.388, 336.492
80.5005, 132.765
81.2223, 101.839
Particle 20 new velocities: 124.351, 395.661
69.9128, 156.468
73.921, 204.731
-- ITERATION 6 --
-------------
Particle: 1:
Relays Coordinates:
141.158, 337.926
68.4596, 129.961
63.0736, 266.388
Evaluation Time: 2.39795 seconds
Resulting Fitness: 0.247917
New local best!
-------------
Particle: 2:
Relays Coordinates:
164.626, 211.227
60.9607, 51.6974
50.4197, 194.658
Evaluation Time: 2.32292 seconds
Resulting Fitness: 0.229167
-------------
Particle: 3:
Relays Coordinates:
103.489, 159.833
123.268, 121.329
77.7029, 116.046
Evaluation Time: 2.25213 seconds
Resulting Fitness: 0.191667
-------------
Particle: 4:
Relays Coordinates:
191.958, 290.881
61.4801, 142.029
63.2223, 214.601
Evaluation Time: 2.45426 seconds
Resulting Fitness: 0.2375
New local best!
-------------
Particle: 5:
Relays Coordinates:
140.454, 306.663
71.5426, 130.294
49.571, 232.758
Evaluation Time: 2.15937 seconds
Resulting Fitness: 0.235417
New local best!
-------------
Particle: 6:
Relays Coordinates:
155.786, 382.798
74.8206, 126.037
73.1958, 269.703
Evaluation Time: 2.51042 seconds
Resulting Fitness: 0.308333
New local best!
New global best!
-------------
Particle: 7:
Relays Coordinates:
122.314, 269.025
51.9198, 142.637
85.5278, 269.002
Evaluation Time: 2.16509 seconds
Resulting Fitness: 0.222917
-------------
Particle: 8:
Relays Coordinates:
163.559, 334.808
68.863, 94.8119
69.6638, 244.691
Evaluation Time: 2.39704 seconds
Resulting Fitness: 0.272917
New local best!
-------------
Particle: 9:
Relays Coordinates:
104.118, 301.327
60.3219, 130.596
43.7548, 218.083
Evaluation Time: 2.17041 seconds
Resulting Fitness: 0.216667
-------------
Particle: 10:
Relays Coordinates:
192.056, 240.217
129.669, 211.757
123.608, 78.5711
Evaluation Time: 2.20319 seconds
Resulting Fitness: 0.25
-------------
Particle: 11:
Relays Coordinates:
91.0238, 113.906
138.377, 70.575
71.279, 145.807
Evaluation Time: 2.04106 seconds
Resulting Fitness: 0.195833
-------------
Particle: 12:
Relays Coordinates:
132.823, 347.248
71.107, 122.734
69.2802, 241.286
Evaluation Time: 2.3212 seconds
Resulting Fitness: 0.2625
New local best!
-------------
Particle: 13:
Relays Coordinates:
141.699, 382.833
70.4415, 125.458
64.246, 277.719
Evaluation Time: 2.43379 seconds
Resulting Fitness: 0.289583
-------------
Particle: 14:
Relays Coordinates:
133.594, 181.361
101.816, 98.1769
73.2622, 139.72
Evaluation Time: 2.24844 seconds
Resulting Fitness: 0.2
-------------
Particle: 15:
Relays Coordinates:
147.09, 363.706
35.1057, 131.259
57.6311, 278.494
Evaluation Time: 2.63464 seconds
Resulting Fitness: 0.277083
New local best!
-------------
Particle: 16:
Relays Coordinates:
148.989, 409.793
75.1861, 135.464
74.8351, 278.45
Evaluation Time: 2.54206 seconds
Resulting Fitness: 0.295833
New local best!
-------------
Particle: 17:
Relays Coordinates:
112.556, 242.579
97.3078, 102.108
43.9973, 194.65
Evaluation Time: 2.28663 seconds
Resulting Fitness: 0.21875
-------------
Particle: 18:
Relays Coordinates:
168.752, 252.634
71.977, 120.911
77.7099, 245.76
Evaluation Time: 2.33799 seconds
Resulting Fitness: 0.229167
-------------
Particle: 19:
Relays Coordinates:
96.8035, 255.434
70.673, 107.27
62.9752, 101.003
Evaluation Time: 2.28133 seconds
Resulting Fitness: 0.2125
-------------
Particle: 20:
Relays Coordinates:
128.362, 366.933
79.223, 127.513
74.9412, 227.485
Evaluation Time: 2.71654 seconds
Resulting Fitness: 0.270833
New local best!
Current global best fitness: 0.308333
Current global best relays: 155.786, 382.798
74.8206, 126.037
73.1958, 269.703
Particle 1 new velocities: 95.6282, 251.953
43.7339, 73.3624
45.5616, 183.673
Particle 2 new velocities: 171.993, 413.061
48.4442, 121.892
94.3637, 170.071
Particle 3 new velocities: 198.374, 299.406
252.468, 218.487
156.432, 355.36
Particle 4 new velocities: 127.265, 176.021
49.9359, 86.3415
54.1317, 242.788
Particle 5 new velocities: 134.935, 323.92
60.9814, 88.9027
38.9384, 197.85
Particle 6 new velocities: 9.99995, 0.133459
1.18241, 0.0193341
-0.396981, 1.48522
Particle 7 new velocities: 65.749, 117.618
29.0455, 34.6688
48.6494, 108.099
Particle 8 new velocities: 141.174, 59.6876
66.2046, 121.322
61.8332, 274.639
Particle 9 new velocities: 160.619, 115.091
75.1009, 164.118
69.3805, 342.455
Particle 10 new velocities: 116.914, 171.733
23.7273, 105.185
42.8712, 133.68
Particle 11 new velocities: 224.355, 358.653
317.982, 168.379
167.293, 442.503
Particle 12 new velocities: 127.124, 276.739
54.3042, 103.853
49.4822, 165.889
Particle 13 new velocities: 72.9389, 212.209
39.6727, 69.5278
46.3468, 154.333
Particle 14 new velocities: 348.493, 382.569
251.404, 283.671
216.543, 258.996
Particle 15 new velocities: 100.957, 213.762
37.0407, 57.647
43.7761, 194.41
Particle 16 new velocities: 54.4651, 130.049
32.4057, 50.5365
31.7641, 93.9497
Particle 17 new velocities: 134.261, 182.627
58.8412, 93.5849
51.1727, 191.401
Particle 18 new velocities: 116.284, 301.959
70.5814, 68.7979
41.6785, 181.692
Particle 19 new velocities: 194.037, 273.669
86.2426, 128.963
72.1226, 108.671
Particle 20 new velocities: 101.279, 325.948
54.9139, 124.356
57.4931, 171.807
-- ITERATION 7 --
-------------
Particle: 1:
Relays Coordinates:
139.82, 348.317
66.2491, 120.06
64.148, 265.757
Evaluation Time: 2.33861 seconds
Resulting Fitness: 0.260417
New local best!
-------------
Particle: 2:
Relays Coordinates:
161.004, 298.595
52.328, 83.0272
69.2495, 174.449
Evaluation Time: 2.17536 seconds
Resulting Fitness: 0.235417
-------------
Particle: 3:
Relays Coordinates:
85.2551, 129.703
106.119, 95.974
66.1265, 133.139
Evaluation Time: 1.9667 seconds
Resulting Fitness: 0.172917
-------------
Particle: 4:
Relays Coordinates:
188.498, 275.7
65.79, 134.85
69.2963, 270.083
Evaluation Time: 2.25849 seconds
Resulting Fitness: 0.235417
-------------
Particle: 5:
Relays Coordinates:
146.353, 335.118
70.4287, 116.49
47.0375, 228.843
Evaluation Time: 2.27579 seconds
Resulting Fitness: 0.252083
New local best!
-------------
Particle: 6:
Relays Coordinates:
165.786, 382.931
76.003, 126.056
72.7988, 271.189
Evaluation Time: 2.5041 seconds
Resulting Fitness: 0.308333
-------------
Particle: 7:
Relays Coordinates:
137.098, 281.863
59.0237, 129.256
97.8152, 274.907
Evaluation Time: 2.10084 seconds
Resulting Fitness: 0.23125
New local best!
-------------
Particle: 8:
Relays Coordinates:
179.942, 232.946
79.7561, 127.625
77.6476, 306.659
Evaluation Time: 2.18048 seconds
Resulting Fitness: 0.235417
-------------
Particle: 9:
Relays Coordinates:
113.961, 179.254
58.295, 126.864
48.701, 241.293
Evaluation Time: 2.0427 seconds
Resulting Fitness: 0.19375
-------------
Particle: 10:
Relays Coordinates:
164.199, 218.927
81.5209, 168.436
88.4738, 112.799
Evaluation Time: 2.191 seconds
Resulting Fitness: 0.233333
-------------
Particle: 11:
Relays Coordinates:
89.0724, 133.464
128.889, 67.4877
67.3798, 166.156
Evaluation Time: 1.95497 seconds
Resulting Fitness: 0.2
-------------
Particle: 12:
Relays Coordinates:
153.496, 368.458
74.0541, 133.797
70.128, 240.433
Evaluation Time: 2.41055 seconds
Resulting Fitness: 0.295833
New local best!
-------------
Particle: 13:
Relays Coordinates:
126.741, 351.367
65.0213, 115.137
65.304, 255.123
Evaluation Time: 2.27811 seconds
Resulting Fitness: 0.2625
-------------
Particle: 14:
Relays Coordinates:
151.284, 176.967
110.844, 119.828
90.9438, 125.121
Evaluation Time: 2.05715 seconds
Resulting Fitness: 0.19375
-------------
Particle: 15:
Relays Coordinates:
131.823, 306.89
38.3415, 100.393
53.8919, 251.32
Evaluation Time: 2.11573 seconds
Resulting Fitness: 0.2375
-------------
Particle: 16:
Relays Coordinates:
133.486, 354.19
70.591, 122.035
69.9397, 244.331
Evaluation Time: 2.30484 seconds
Resulting Fitness: 0.275
-------------
Particle: 17:
Relays Coordinates:
145.743, 251.08
92.2044, 115.555
56.1969, 227.959
Evaluation Time: 2.17967 seconds
Resulting Fitness: 0.229167
-------------
Particle: 18:
Relays Coordinates:
168.311, 327.481
84.1794, 112.021
70.4977, 252.406
Evaluation Time: 2.42812 seconds
Resulting Fitness: 0.264583
New local best!
-------------
Particle: 19:
Relays Coordinates:
139.108, 253.069
75.0523, 112.99
64.6169, 100.286
Evaluation Time: 2.21049 seconds
Resulting Fitness: 0.225
New local best!
-------------
Particle: 20:
Relays Coordinates:
109.836, 331.403
64.1573, 120.468
63.3429, 190.98
Evaluation Time: 2.24112 seconds
Resulting Fitness: 0.2375
Current global best fitness: 0.308333
Current global best relays: 155.786, 382.798
74.8206, 126.037
73.1958, 269.703
Particle 1 new velocities: 90.9595, 220.472
42.1266, 65.3857
39.9077, 151.853
Particle 2 new velocities: 137.996, 361.057
45.9431, 132.832
73.8983, 149.234
Particle 3 new velocities: 209.584, 459.017
313.139, 293.475
134.38, 414.804
Particle 4 new velocities: 79.8624, 192.478
40.8782, 69.1348
41.331, 157.715
Particle 5 new velocities: 114.129, 313.535
52.6718, 79.4352
64.803, 160.677
Particle 6 new velocities: -3.82735, 0.0114466
-1.61799, -0.0267704
-0.0320501, -0.434826
Particle 7 new velocities: 73.4571, 96.8667
27.7837, 27.0548
20.6311, 86.0428
Particle 8 new velocities: 80.3101, 94.4931
46.249, 92.7161
34.3545, 85.0628
Particle 9 new velocities: 154.29, 445.03
67.8099, 142.721
66.4913, 302.575
Particle 10 new velocities: 125.892, 226.691
67.0482, 139.677
68.9313, 308.454
Particle 11 new velocities: 154.465, 511.94
290.581, 188.373
178.532, 410.78
Particle 12 new velocities: 103.421, 234.086
44.2339, 78.8899
42.4641, 141.983
Particle 13 new velocities: 81.3486, 215.523
32.6442, 79.744
43.9022, 155.498
Particle 14 new velocities: 412.911, 316.049
266.302, 295.761
174.646, 182.671
Particle 15 new velocities: 111.784, 278.277
49.5034, 124.924
55.5162, 176.671
Particle 16 new velocities: 79.7339, 168.094
31.8079, 64.841
29.3435, 118.889
Particle 17 new velocities: 108.457, 281.533
45.1313, 89.6208
43.0452, 111.737
Particle 18 new velocities: 81.404, 258.517
55.0253, 68.2773
34.7072, 158.764
Particle 19 new velocities: 157.916, 386.023
68.7708, 112.637
58.2987, 212.383
Particle 20 new velocities: 132.966, 318.045
59.4275, 104.073
55.9703, 210.615
-- ITERATION 8 --
-------------
Particle: 1:
Relays Coordinates:
151.414, 373.182
71.1053, 121.671
68.2709, 273.994
Evaluation Time: 2.41039 seconds
Resulting Fitness: 0.275
New local best!
-------------
Particle: 2:
Relays Coordinates:
115.839, 255.563
38.0722, 83.6281
55.4584, 125.401
Evaluation Time: 2.12954 seconds
Resulting Fitness: 0.216667
-------------
Particle: 3:
Relays Coordinates:
74.9441, 149.645
106.57, 98.9926
50.966, 139.28
Evaluation Time: 1.96971 seconds
Resulting Fitness: 0.185417
-------------
Particle: 4:
Relays Coordinates:
176.071, 307.172
69.9851, 133.835
72.5826, 280.678
Evaluation Time: 2.27829 seconds
Resulting Fitness: 0.252083
New local best!
-------------
Particle: 5:
Relays Coordinates:
124.588, 310.249
58.8786, 93.7104
53.4929, 186.306
Evaluation Time: 2.15433 seconds
Resulting Fitness: 0.235417
-------------
Particle: 6:
Relays Coordinates:
161.959, 382.943
74.385, 126.029
72.7668, 270.754
Evaluation Time: 2.49092 seconds
Resulting Fitness: 0.31875
New local best!
New global best!
-------------
Particle: 7:
Relays Coordinates:
153.494, 276.094
63.2826, 113.95
86.3474, 263.132
Evaluation Time: 2.20272 seconds
Resulting Fitness: 0.2375
New local best!
-------------
Particle: 8:
Relays Coordinates:
153.676, 193.349
74.4048, 130.109
66.1362, 231.308
Evaluation Time: 2.14769 seconds
Resulting Fitness: 0.220833
-------------
Particle: 9:
Relays Coordinates:
128.303, 298.593
60.3156, 128.942
55.0961, 260.131
Evaluation Time: 2.14236 seconds
Resulting Fitness: 0.23125
-------------
Particle: 10:
Relays Coordinates:
124.875, 191.824
63.9542, 132.632
67.7577, 181.336
Evaluation Time: 2.09246 seconds
Resulting Fitness: 0.2
-------------
Particle: 11:
Relays Coordinates:
76.4248, 202.535
131.634, 80.2919
77.1696, 181.049
Evaluation Time: 2.10009 seconds
Resulting Fitness: 0.195833
-------------
Particle: 12:
Relays Coordinates:
136.536, 320.217
62.8631, 113.031
59.8361, 203.231
Evaluation Time: 2.32909 seconds
Resulting Fitness: 0.239583
-------------
Particle: 13:
Relays Coordinates:
136.528, 371.936
64.0784, 127.861
71.6502, 269.408
Evaluation Time: 2.36554 seconds
Resulting Fitness: 0.285417
-------------
Particle: 14:
Relays Coordinates:
196.723, 171.904
131.503, 144.907
92.6056, 107.321
Evaluation Time: 2.17975 seconds
Resulting Fitness: 0.2125
-------------
Particle: 15:
Relays Coordinates:
143.847, 345.536
51.8716, 133.047
64.6044, 252.725
Evaluation Time: 2.31626 seconds
Resulting Fitness: 0.260417
-------------
Particle: 16:
Relays Coordinates:
139.894, 342.67
67.1839, 122.609
65.1397, 238.309
Evaluation Time: 2.34571 seconds
Resulting Fitness: 0.2625
-------------
Particle: 17:
Relays Coordinates:
150.103, 314.503
81.0954, 121.154
58.6015, 200.587
Evaluation Time: 2.25267 seconds
Resulting Fitness: 0.2375
-------------
Particle: 18:
Relays Coordinates:
163.838, 384.474
91.3322, 118.294
69.0249, 269.769
Evaluation Time: 2.55993 seconds
Resulting Fitness: 0.297917
New local best!
-------------
Particle: 19:
Relays Coordinates:
115.073, 247.597
55.72, 87.4125
47.62, 121.135
Evaluation Time: 2.16761 seconds
Resulting Fitness: 0.216667
-------------
Particle: 20:
Relays Coordinates:
129.035, 345.143
65.678, 119.33
63.4079, 213.424
Evaluation Time: 2.4999 seconds
Resulting Fitness: 0.254167
Current global best fitness: 0.31875
Current global best relays: 161.959, 382.943
74.385, 126.029
72.7668, 270.754
Particle 1 new velocities: 81.3542, 180.483
36.2023, 55.0987
37.6924, 120.474
Particle 2 new velocities: 215.585, 426.861
97.3688, 85.8982
66.2396, 268.492
Particle 3 new velocities: 259.425, 479.071
378.044, 338.823
165.145, 409.479
Particle 4 new velocities: 58.9718, 162.097
35.3498, 50.3547
33.2821, 124.988
Particle 5 new velocities: 134.368, 298.377
66.3425, 110.545
54.6363, 261.567
Particle 6 new velocities: -3.06188, 0.00915725
-1.29439, -0.0214163
-0.0256401, -0.347861
Particle 7 new velocities: 60.0944, 111.123
26.3175, 31.6214
8.94051, 75.9044
Particle 8 new velocities: 78.2824, 467.865
31.6484, 44.8326
35.3088, 102.703
Particle 9 new velocities: 147.235, 447.426
57.7709, 114.203
45.948, 256.34
Particle 10 new velocities: 138.717, 381.172
110.82, 152.907
134.335, 67.1913
Particle 11 new velocities: 118.777, 493.908
188.124, 164.774
179.511, 434.887
Particle 12 new velocities: 123.509, 288.622
47.9021, 82.619
45.3086, 222.865
Particle 13 new velocities: 107.72, 195.09
51.4024, 64.558
31.1382, 124.977
Particle 14 new velocities: 358.448, 257.243
215.766, 285.425
122.029, 171.276
Particle 15 new velocities: 101.068, 279.094
27.7651, 96.1658
53.2022, 156.365
Particle 16 new velocities: 103.741, 191.926
30.8674, 63.7308
43.2974, 165.412
Particle 17 new velocities: 97.612, 188.724
79.0592, 76.9806
34.9422, -75.5258
Particle 18 new velocities: 64.2706, 206.585
31.1662, 55.6017
31.5895, 127.842
Particle 19 new velocities: 195.272, 444.728
79.5363, 143.339
68.1391, 228.811
Particle 20 new velocities: 145.293, 290.491
62.9751, 95.1257
53.6732, 195.455
-- ITERATION 9 --
-------------
Particle: 1:
Relays Coordinates:
152.719, 363.26
70.4045, 115.979
69.5225, 258.81
Evaluation Time: 2.82695 seconds
Resulting Fitness: 0.295833
New local best!
-------------
Particle: 2:
Relays Coordinates:
142.667, 293.761
58.3029, 72.9755
52.387, 169.558
Evaluation Time: 2.16247 seconds
Resulting Fitness: 0.229167
-------------
Particle: 3:
Relays Coordinates:
84.9921, 159.811
123.182, 111.287
54.9326, 139.487
Evaluation Time: 2.03722 seconds
Resulting Fitness: 0.19375
-------------
Particle: 4:
Relays Coordinates:
154.212, 307.887
69.1102, 120.847
69.4578, 266.157
Evaluation Time: 2.2247 seconds
Resulting Fitness: 0.2375
-------------
Particle: 5:
Relays Coordinates:
152.911, 359.388
73.9418, 120.611
63.8492, 264.465
Evaluation Time: 2.43756 seconds
Resulting Fitness: 0.29375
New local best!
-------------
Particle: 6:
Relays Coordinates:
158.897, 382.952
73.0907, 126.008
72.7412, 270.406
Evaluation Time: 2.72835 seconds
Resulting Fitness: 0.3125
-------------
Particle: 7:
Relays Coordinates:
155.706, 282.281
65.3184, 106.122
69.4649, 247.158
Evaluation Time: 2.43372 seconds
Resulting Fitness: 0.2375
-------------
Particle: 8:
Relays Coordinates:
99.8505, 284.631
45.6524, 75.3067
43.6687, 143.781
Evaluation Time: 2.401 seconds
Resulting Fitness: 0.2125
-------------
Particle: 9:
Relays Coordinates:
146.432, 372.009
62.756, 129.217
53.699, 274.474
Evaluation Time: 2.57472 seconds
Resulting Fitness: 0.29375
New local best!
-------------
Particle: 10:
Relays Coordinates:
126.075, 274.062
83.5939, 136.572
96.6605, 118.87
Evaluation Time: 2.26135 seconds
Resulting Fitness: 0.235417
-------------
Particle: 11:
Relays Coordinates:
68.0626, 242.835
111.493, 85.4492
89.499, 214.764
Evaluation Time: 2.05307 seconds
Resulting Fitness: 0.202083
-------------
Particle: 12:
Relays Coordinates:
153.554, 359.513
65.4057, 115.529
62.0869, 251.606
Evaluation Time: 2.36455 seconds
Resulting Fitness: 0.289583
-------------
Particle: 13:
Relays Coordinates:
160.251, 372.026
75.7669, 126.246
67.4395, 258.756
Evaluation Time: 2.5762 seconds
Resulting Fitness: 0.3
-------------
Particle: 14:
Relays Coordinates:
238.983, 184.734
149.488, 185.244
92.3932, 119.927
Evaluation Time: 2.40106 seconds
Resulting Fitness: 0.229167
-------------
Particle: 15:
Relays Coordinates:
144.62, 368.837
47.0247, 135.348
69.5637, 241.563
Evaluation Time: 2.616 seconds
Resulting Fitness: 0.2875
New local best!
-------------
Particle: 16:
Relays Coordinates:
159.849, 350.749
64.3315, 122.258
71.1456, 264.881
Evaluation Time: 2.46827 seconds
Resulting Fitness: 0.289583
-------------
Particle: 17:
Relays Coordinates:
118.481, 240.692
76.6014, 94.7673
44.7416, 59.8164
Evaluation Time: 2.17211 seconds
Resulting Fitness: 0.2125
-------------
Particle: 18:
Relays Coordinates:
149.662, 387.794
80.3711, 114.093
66.0132, 260.872
Evaluation Time: 2.60505 seconds
Resulting Fitness: 0.3
New local best!
-------------
Particle: 19:
Relays Coordinates:
120.234, 268.221
52.4011, 89.3978
44.8474, 135.576
Evaluation Time: 2.34008 seconds
Resulting Fitness: 0.222917
-------------
Particle: 20:
Relays Coordinates:
145.789, 337.802
68.3715, 113.971
62.2217, 217.295
Evaluation Time: 2.48809 seconds
Resulting Fitness: 0.252083
Current global best fitness: 0.31875
Current global best relays: 161.959, 382.943
74.385, 126.029
72.7668, 270.754
Particle 1 new velocities: 70.466, 162.265
33.8945, 52.2386
30.4183, 96.7989
Particle 2 new velocities: 227.53, 282.345
83.7929, 90.322
64.7074, 230.822
Particle 3 new velocities: 258.621, 412.764
289.548, 414.547
170.219, 411.351
Particle 4 new velocities: 49.1942, 155.368
30.2641, 47.297
30.5335, 109.852
Particle 5 new velocities: 108.214, 240.007
53.1438, 91.0443
45.1666, 209.447
Particle 6 new velocities: 4.58858, 0.00622404
1.8356, 0.0128129
0.00823916, 0.0849032
Particle 7 new velocities: 49.2289, 212.05
23.0115, 44.3467
16.2108, 92.3455
Particle 8 new velocities: 172.237, 554.063
72.1809, 62.1803
90.4039, 237.484
Particle 9 new velocities: 136.488, 1.43538
52.414, 87.5211
43.5994, 202.696
Particle 10 new velocities: 161.69, 310.272
120.299, 187.948
86.9048, 129.796
Particle 11 new velocities: 110.267, 299.113
221.832, 137.886
143.879, 378.524
Particle 12 new velocities: 108.965, 258.05
46.2099, 74.4447
56.1144, 175.412
Particle 13 new velocities: 75.0635, 158.038
39.5463, 52.2511
29.2016, 117.821
Particle 14 new velocities: 257.013, 41.1647
163.86, 181.444
86.5507, 247.038
Particle 15 new velocities: 93.5509, 227.141
40.5785, 68.3566
46.0078, 151.146
Particle 16 new velocities: 78.223, 224.479
35.3653, 58.5361
39.5448, 149.096
Particle 17 new velocities: 127.211, 244.504
82.9248, 128.604
56.1552, 200.369
Particle 18 new velocities: 60.3277, 164.921
17.2886, 51.0123
27.2138, 106.234
Particle 19 new velocities: 188.201, 410.378
124.375, 143.542
103.562, 213.225
Particle 20 new velocities: 116.249, 296.483
65.1008, 88.7725
61.1089, 218.86
-- ITERATION 10 --
-------------
Particle: 1:
Relays Coordinates:
162.702, 383.108
76.034, 122.63
72.8568, 259.239
Evaluation Time: 2.75083 seconds
Resulting Fitness: 0.302083
New local best!
-------------
Particle: 2:
Relays Coordinates:
177.064, 275.549
67.964, 78.1047
56.0059, 191.501
Evaluation Time: 2.45597 seconds
Resulting Fitness: 0.235417
-------------
Particle: 3:
Relays Coordinates:
87.3419, 145.541
104.91, 133.66
57.2305, 140.016
Evaluation Time: 2.01015 seconds
Resulting Fitness: 0.177083
-------------
Particle: 4:
Relays Coordinates:
148.283, 337.713
72.4438, 122.577
72.8937, 274.111
Evaluation Time: 2.4621 seconds
Resulting Fitness: 0.254167
New local best!
-------------
Particle: 5:
Relays Coordinates:
138.772, 318.543
67.5385, 112.482
57.9355, 251.856
Evaluation Time: 2.26361 seconds
Resulting Fitness: 0.2375
-------------
Particle: 6:
Relays Coordinates:
163.485, 382.958
74.9263, 126.02
72.7494, 270.491
Evaluation Time: 2.51706 seconds
Resulting Fitness: 0.310417
-------------
Particle: 7:
Relays Coordinates:
149.398, 360.368
64.3925, 109.692
62.4576, 247.498
Evaluation Time: 2.5456 seconds
Resulting Fitness: 0.29375
New local best!
-------------
Particle: 8:
Relays Coordinates:
117.125, 301.327
50.7234, 59.1837
57.7139, 164.122
Evaluation Time: 2.21286 seconds
Resulting Fitness: 0.222917
-------------
Particle: 9:
Relays Coordinates:
167.062, 220.515
68.0067, 127.982
57.4537, 281.764
Evaluation Time: 2.2488 seconds
Resulting Fitness: 0.2375
-------------
Particle: 10:
Relays Coordinates:
137.637, 279.485
97.5214, 155.217
87.7987, 118.936
Evaluation Time: 2.28833 seconds
Resulting Fitness: 0.23125
-------------
Particle: 11:
Relays Coordinates:
62.1797, 188.965
116.223, 77.872
81.374, 206.867
Evaluation Time: 2.10694 seconds
Resulting Fitness: 0.197917
-------------
Particle: 12:
Relays Coordinates:
155.015, 364.665
65.9079, 112.178
69.7966, 252.15
Evaluation Time: 2.39825 seconds
Resulting Fitness: 0.291667
-------------
Particle: 13:
Relays Coordinates:
171.545, 386.417
84.0634, 130.125
70.4513, 274.525
Evaluation Time: 2.56466 seconds
Resulting Fitness: 0.289583
-------------
Particle: 14:
Relays Coordinates:
172.943, 78.7659
109.257, 127.856
62.3939, 127.953
Evaluation Time: 2.06182 seconds
Resulting Fitness: 0.2
-------------
Particle: 15:
Relays Coordinates:
140.637, 351.919
51.7288, 120.286
68.2438, 231.891
Evaluation Time: 2.39204 seconds
Resulting Fitness: 0.275
-------------
Particle: 16:
Relays Coordinates:
156.199, 377.407
65.4111, 118.619
72.6239, 271.611
Evaluation Time: 2.51497 seconds
Resulting Fitness: 0.310417
New local best!
-------------
Particle: 17:
Relays Coordinates:
130.571, 257.853
84.7788, 118.709
53.6207, 138.273
Evaluation Time: 2.27254 seconds
Resulting Fitness: 0.225
-------------
Particle: 18:
Relays Coordinates:
137.774, 362.636
64.0746, 108.326
61.1662, 240.859
Evaluation Time: 2.43382 seconds
Resulting Fitness: 0.289583
-------------
Particle: 19:
Relays Coordinates:
119.494, 262.903
68.4867, 90.2457
57.4969, 135.133
Evaluation Time: 2.20415 seconds
Resulting Fitness: 0.225
-------------
Particle: 20:
Relays Coordinates:
154.731, 374.539
78.8141, 119.718
72.8255, 257.545
Evaluation Time: 2.48864 seconds
Resulting Fitness: 0.302083
New local best!
Current global best fitness: 0.31875
Current global best relays: 161.959, 382.943
74.385, 126.029
72.7668, 270.754
Particle 1 new velocities: 56.2677, 129.621
25.4669, 45.2278
24.313, 87.0795
Particle 2 new velocities: 169.441, 239.549
54.1635, 100.647
77.2767, 200.51
Particle 3 new velocities: 278.416, 307.131
330.555, 341.579
261.142, 484.352
Particle 4 new velocities: 45.7938, 141.418
25.7203, 40.9267
24.2962, 86.9217
Particle 5 new velocities: 125.791, 232.608
47.7771, 91.6116
45.8814, 173.833
Particle 6 new velocities: 0.445788, -0.00554316
0.281036, 0.0225963
0.0576565, 0.169007
Particle 7 new velocities: 47.0081, 189.115
27.0538, 52.2022
13.9236, 82.1839
Particle 8 new velocities: 207.477, 68.6797
92.3494, 113.485
79.5554, 379.166
Particle 9 new velocities: 77.9162, 235.322
42.6504, 70.5325
41.478, 147.211
Particle 10 new velocities: 189.065, 116.838
83.2415, 236.804
94.5313, 242.035
Particle 11 new velocities: 58.3717, 361.062
279.889, 125.519
130.616, 313.251
Particle 12 new velocities: 94.2853, 215.486
51.4862, 110.128
46.3658, 127.474
Particle 13 new velocities: 36.6323, 122.022
16.9378, 37.5045
24.3173, 84.2685
Particle 14 new velocities: 260.435, 141.201
90.1468, 184.107
142.345, 191.452
Particle 15 new velocities: 75.3691, 212.921
47.8344, 69.8348
43.0314, 125.839
Particle 16 new velocities: 64.1218, 182.843
36.3078, 47.3203
31.6741, 118.669
Particle 17 new velocities: 130.179, 281.157
100.541, 106.445
47.7136, 275.194
Particle 18 new velocities: 76.0588, 178.252
30.5334, 71.4143
35.192, 104.037
Particle 19 new velocities: 178.555, 383.971
107.468, 133.031
107.7, 238.316
Particle 20 new velocities: 94.1097, 237.8
51.0563, 76.6723
48.8124, 191.249
-- ITERATION 11 --
-------------
Particle: 1:
Relays Coordinates:
159.629, 373.779
73.9942, 122.369
70.8368, 252.466
Evaluation Time: 2.50811 seconds
Resulting Fitness: 0.30625
New local best!
-------------
Particle: 2:
Relays Coordinates:
204.608, 304.16
72.1151, 105.551
78.702, 231.478
Evaluation Time: 2.44482 seconds
Resulting Fitness: 0.285417
New local best!
-------------
Particle: 3:
Relays Coordinates:
92.9708, 115.063
110.689, 120.799
80.9259, 158.706
Evaluation Time: 1.97495 seconds
Resulting Fitness: 0.1875
-------------
Particle: 4:
Relays Coordinates:
141.482, 349.286
71.5617, 119.194
70.8515, 263.193
Evaluation Time: 2.5296 seconds
Resulting Fitness: 0.275
New local best!
-------------
Particle: 5:
Relays Coordinates:
173.58, 361.61
75.6586, 133.906
68.1142, 279.294
Evaluation Time: 2.50828 seconds
Resulting Fitness: 0.291667
-------------
Particle: 6:
Relays Coordinates:
163.931, 382.953
75.2073, 126.043
72.8071, 270.66
Evaluation Time: 2.6359 seconds
Resulting Fitness: 0.308333
-------------
Particle: 7:
Relays Coordinates:
115.976, 324.464
53.9981, 95.5966
45.1023, 194.674
Evaluation Time: 2.22621 seconds
Resulting Fitness: 0.23125
-------------
Particle: 8:
Relays Coordinates:
172.507, 196.637
76.0347, 91.7634
72.9506, 288.726
Evaluation Time: 2.14495 seconds
Resulting Fitness: 0.247917
-------------
Particle: 9:
Relays Coordinates:
160.73, 299.075
72.6021, 130.245
64.9091, 281.451
Evaluation Time: 2.41431 seconds
Resulting Fitness: 0.235417
-------------
Particle: 10:
Relays Coordinates:
113.914, 138.189
63.0281, 136.689
63.5745, 125.863
Evaluation Time: 2.14917 seconds
Resulting Fitness: 0.177083
-------------
Particle: 11:
Relays Coordinates:
37.8303, 172.604
124.304, 63.8262
66.5248, 163.218
Evaluation Time: 2.0706 seconds
Resulting Fitness: 0.2
-------------
Particle: 12:
Relays Coordinates:
147.209, 342.574
69.32, 131.269
68.5928, 224.164
Evaluation Time: 2.38867 seconds
Resulting Fitness: 0.252083
-------------
Particle: 13:
Relays Coordinates:
151.761, 370.652
73.6299, 122.202
69.0863, 261.561
Evaluation Time: 2.53046 seconds
Resulting Fitness: 0.3
-------------
Particle: 14:
Relays Coordinates:
167.9, 85.2195
77.2533, 120.861
79.32, 123.744
Evaluation Time: 2.09787 seconds
Resulting Fitness: 0.191667
-------------
Particle: 15:
Relays Coordinates:
141.722, 370.591
65.3234, 124.738
73.0077, 234.707
Evaluation Time: 2.55615 seconds
Resulting Fitness: 0.291667
New local best!
-------------
Particle: 16:
Relays Coordinates:
144.552, 367.58
66.7378, 108.873
68.4299, 256.063
Evaluation Time: 2.49116 seconds
Resulting Fitness: 0.297917
-------------
Particle: 17:
Relays Coordinates:
138.573, 286.452
98.4864, 119.656
53.8532, 219.733
Evaluation Time: 2.27038 seconds
Resulting Fitness: 0.235417
-------------
Particle: 18:
Relays Coordinates:
140.296, 354.877
62.0723, 117.927
63.2206, 226.286
Evaluation Time: 2.452 seconds
Resulting Fitness: 0.28125
-------------
Particle: 19:
Relays Coordinates:
142.556, 309.398
84.1586, 106.793
79.0132, 178.619
Evaluation Time: 2.33152 seconds
Resulting Fitness: 0.2375
New local best!
-------------
Particle: 20:
Relays Coordinates:
146.938, 361.58
76.6872, 115.966
71.826, 265.009
Evaluation Time: 2.58451 seconds
Resulting Fitness: 0.289583
Current global best fitness: 0.31875
Current global best relays: 161.959, 382.943
74.385, 126.029
72.7668, 270.754
Particle 1 new velocities: 47.9064, 106.036
20.377, 39.429
21.9188, 81.2624
Particle 2 new velocities: 80.5383, 276.843
44.9547, 90.1819
58.225, 182.824
Particle 3 new velocities: 289.76, 472.248
264.245, 282.098
229.29, 425.058
Particle 4 new velocities: 53.7363, 146.656
24.0897, 40.7502
21.7422, 70.6342
Particle 5 new velocities: 65.2801, 209.176
35.204, 53.038
40.0663, 112.442
Particle 6 new velocities: -0.974877, -0.0207758
-1.31265, -0.00628729
-0.0207084, 0.299084
Particle 7 new velocities: 78.1135, 176.879
34.9862, 59.4489
36.9454, 214.11
Particle 8 new velocities: 152.612, 327.718
62.0053, 118.61
63.0874, 238.604
Particle 9 new velocities: 57.285, 322.525
30.5014, 54.8764
17.7395, 114.336
Particle 10 new velocities: 244.857, 250.321
120.684, 189.386
165.37, 157.946
Particle 11 new velocities: 50.4466, 455.328
284.062, 103.433
144.866, 392.954
Particle 12 new velocities: 88.8035, 241.472
44.38, 86.8827
39.8309, 146.889
Particle 13 new velocities: 43.3767, 122.714
15.8778, 44.2149
19.3464, 86.8476
Particle 14 new velocities: 210.463, 433.948
81.6056, 218.332
139.969, 268.673
Particle 15 new velocities: 85.7757, 172.154
43.6033, 57.4926
34.1271, 109.349
Particle 16 new velocities: 79.4691, 165.638
30.1839, 71.6682
30.8044, 131.526
Particle 17 new velocities: 131.251, 249.89
66.6508, 98.9387
57.2078, 139.995
Particle 18 new velocities: 78.4461, 194.462
42.8649, 57.9242
44.0055, 119.426
Particle 19 new velocities: 160.158, 359.656
85.7841, 116.037
80.119, 272.742
Particle 20 new velocities: 87.3093, 212.887
41.7091, 66.1615
40.8276, 150.398
-- ITERATION 12 --
-------------
Particle: 1:
Relays Coordinates:
168.104, 388.65
76.4407, 131.056
75.132, 270.32
Evaluation Time: 2.64605 seconds
Resulting Fitness: 0.3125
New local best!
-------------
Particle: 2:
Relays Coordinates:
187.084, 381.197
76.8095, 128.42
89.8378, 271.824
Evaluation Time: 2.64376 seconds
Resulting Fitness: 0.322917
New local best!
New global best!
-------------
Particle: 3:
Relays Coordinates:
97.2851, 149.287
95.3034, 102.411
78.8526, 148.385
Evaluation Time: 2.04182 seconds
Resulting Fitness: 0.177083
-------------
Particle: 4:
Relays Coordinates:
142.314, 361.542
69.7298, 116.599
67.5008, 243.36
Evaluation Time: 2.67387 seconds
Resulting Fitness: 0.295833
New local best!
-------------
Particle: 5:
Relays Coordinates:
156.716, 374.493
72.7369, 122.654
70.9772, 257.018
Evaluation Time: 2.7138 seconds
Resulting Fitness: 0.3125
New local best!
-------------
Particle: 6:
Relays Coordinates:
162.956, 382.932
73.8946, 126.037
72.7863, 270.959
Evaluation Time: 2.65744 seconds
Resulting Fitness: 0.310417
-------------
Particle: 7:
Relays Coordinates:
114.608, 296.038
52.5444, 91.5528
48.4484, 241.383
Evaluation Time: 2.33814 seconds
Resulting Fitness: 0.227083
-------------
Particle: 8:
Relays Coordinates:
155.503, 250.797
66.0241, 100.621
65.0665, 252.22
Evaluation Time: 2.34316 seconds
Resulting Fitness: 0.222917
-------------
Particle: 9:
Relays Coordinates:
115.862, 330.344
54.7934, 98.3812
43.9229, 210.337
Evaluation Time: 2.23042 seconds
Resulting Fitness: 0.235417
-------------
Particle: 10:
Relays Coordinates:
138.995, 150.517
71.1737, 126.328
88.6979, 109.953
Evaluation Time: 2.08122 seconds
Resulting Fitness: 0.18125
-------------
Particle: 11:
Relays Coordinates:
30.7802, 218.947
142.388, 58.3198
73.7074, 193.925
Evaluation Time: 2.12059 seconds
Resulting Fitness: 0.19375
-------------
Particle: 12:
Relays Coordinates:
139.363, 344.873
67.1387, 128.817
64.0231, 219.103
Evaluation Time: 2.419 seconds
Resulting Fitness: 0.260417
-------------
Particle: 13:
Relays Coordinates:
158.061, 399.626
72.5012, 134.797
71.6305, 282.211
Evaluation Time: 2.59623 seconds
Resulting Fitness: 0.310417
New local best!
-------------
Particle: 14:
Relays Coordinates:
146.585, 201.136
61.5452, 131.41
84.957, 152.03
Evaluation Time: 2.22258 seconds
Resulting Fitness: 0.225
-------------
Particle: 15:
Relays Coordinates:
149.261, 356.095
71.4668, 119.562
70.2911, 225.735
Evaluation Time: 2.46563 seconds
Resulting Fitness: 0.291667
-------------
Particle: 16:
Relays Coordinates:
163.312, 388.716
70.6559, 131.614
72.3418, 282.552
Evaluation Time: 2.55982 seconds
Resulting Fitness: 0.308333
-------------
Particle: 17:
Relays Coordinates:
143.396, 285.034
87.7607, 116.17
59.0224, 191.174
Evaluation Time: 2.21147 seconds
Resulting Fitness: 0.23125
-------------
Particle: 18:
Relays Coordinates:
143.517, 360.421
68.8493, 115.376
70.351, 226.822
Evaluation Time: 2.63866 seconds
Resulting Fitness: 0.2875
-------------
Particle: 19:
Relays Coordinates:
160.875, 355.563
90.3145, 118.421
84.5694, 239.872
Evaluation Time: 2.81821 seconds
Resulting Fitness: 0.28125
New local best!
-------------
Particle: 20:
Relays Coordinates:
153.69, 376.908
77.6798, 119.494
73.912, 272.548
Evaluation Time: 2.64175 seconds
Resulting Fitness: 0.2875
Current global best fitness: 0.322917
Current global best relays: 187.084, 381.197
76.8095, 128.42
89.8378, 271.824
Particle 1 new velocities: 39.8445, 78.8618
16.5745, 28.174
32.7539, 66.3558
Particle 2 new velocities: 64.4307, 221.475
35.9638, 72.1455
46.58, 146.259
Particle 3 new velocities: 278.473, 453.573
287.767, 370.392
226.201, 450.685
Particle 4 new velocities: 63.3835, 123.103
25.2559, 44.0192
30.8978, 82.2337
Particle 5 new velocities: 60.9098, 169.643
32.3065, 48.1405
36.4232, 94.4446
Particle 6 new velocities: 0.772952, -0.944374
2.20237, 2.61308
5.23498, 0.769379
Particle 7 new velocities: 148.23, 145.66
47.3443, 62.3776
64.4519, 206.697
Particle 8 new velocities: 150.279, 512.959
51.8398, 119.75
87.9986, 198.938
Particle 9 new velocities: 107.17, 296.668
44.3952, 62.251
42.3338, 191.444
Particle 10 new velocities: 259.712, 441.369
121.788, 218.394
167.227, 270.636
Particle 11 new velocities: 67.195, 191.745
222.262, 148.917
135.432, 399.246
Particle 12 new velocities: 76.7715, 238.107
48.5002, 76.9466
49.6153, 152.359
Particle 13 new velocities: 67.993, 88.5897
15.0436, 29.444
23.5677, 68.3321
Particle 14 new velocities: 184.206, 548.048
133.393, 219.745
122.337, 218.155
Particle 15 new velocities: 112.882, 168.371
36.9069, 52.1061
32.2979, 115.673
Particle 16 new velocities: 81.78, 116.096
22.0935, 33.0095
44.6759, 83.1937
Particle 17 new velocities: 142.962, 279.062
78.4866, 93.2359
53.8519, 123.058
Particle 18 new velocities: 80.8038, 214.324
49.0344, 61.286
42.7837, 169.992
Particle 19 new velocities: 152.985, 319.021
52.8521, 97.9429
68.9025, 229.786
Particle 20 new velocities: 93.9044, 172.013
32.6505, 55.7313
52.4624, 104.908
-- ITERATION 13 --
-------------
Particle: 1:
Relays Coordinates:
168.438, 378.685
75.3423, 128.976
87.3876, 272.708
Evaluation Time: 2.75324 seconds
Resulting Fitness: 0.310417
-------------
Particle: 2:
Relays Coordinates:
165.019, 395.413
73.9905, 131.591
89.5037, 274.305
Evaluation Time: 2.67522 seconds
Resulting Fitness: 0.3125
-------------
Particle: 3:
Relays Coordinates:
95.5128, 153.239
97.3714, 120.18
77.5405, 152.276
Evaluation Time: 2.08898 seconds
Resulting Fitness: 0.172917
-------------
Particle: 4:
Relays Coordinates:
149.954, 353.307
69.2446, 117.091
71.7325, 237.358
Evaluation Time: 2.54419 seconds
Resulting Fitness: 0.28125
-------------
Particle: 5:
Relays Coordinates:
142.784, 357.007
68.919, 112.058
70.4655, 230.595
Evaluation Time: 2.4851 seconds
Resulting Fitness: 0.28125
-------------
Particle: 6:
Relays Coordinates:
163.729, 381.987
76.097, 128.65
78.0213, 271.728
Evaluation Time: 2.6809 seconds
Resulting Fitness: 0.314583
-------------
Particle: 7:
Relays Coordinates:
125.715, 211.263
47.7765, 73.6245
53.9998, 214.315
Evaluation Time: 2.35963 seconds
Resulting Fitness: 0.204167
-------------
Particle: 8:
Relays Coordinates:
146.255, 334.808
56.3739, 105.403
73.2106, 215.788
Evaluation Time: 2.53067 seconds
Resulting Fitness: 0.25
-------------
Particle: 9:
Relays Coordinates:
118.529, 333.219
52.7129, 85.3666
45.8404, 213.523
Evaluation Time: 2.49655 seconds
Resulting Fitness: 0.241667
-------------
Particle: 10:
Relays Coordinates:
154.467, 229.309
74.7573, 133.552
99.1507, 147.448
Evaluation Time: 2.45096 seconds
Resulting Fitness: 0.23125
-------------
Particle: 11:
Relays Coordinates:
34.1619, 143.199
127.146, 72.2591
72.9225, 206.826
Evaluation Time: 2.2041 seconds
Resulting Fitness: 0.2
-------------
Particle: 12:
Relays Coordinates:
141.806, 382.493
75.8707, 135.001
74.5581, 243.716
Evaluation Time: 2.61592 seconds
Resulting Fitness: 0.266667
-------------
Particle: 13:
Relays Coordinates:
183.104, 395.455
70.9113, 133.036
77.1106, 283.94
Evaluation Time: 2.65702 seconds
Resulting Fitness: 0.314583
New local best!
-------------
Particle: 14:
Relays Coordinates:
115.34, 244.075
67.9708, 122.44
72.2788, 129.075
Evaluation Time: 2.2391 seconds
Resulting Fitness: 0.216667
-------------
Particle: 15:
Relays Coordinates:
154.793, 309.692
63.9936, 101.368
60.5778, 201.598
Evaluation Time: 2.3886 seconds
Resulting Fitness: 0.2375
-------------
Particle: 16:
Relays Coordinates:
178.672, 368.008
67.6143, 120.011
85.3059, 266.629
Evaluation Time: 2.6103 seconds
Resulting Fitness: 0.310417
-------------
Particle: 17:
Relays Coordinates:
136.964, 269.805
79.5156, 100.158
53.9874, 150.296
Evaluation Time: 2.34067 seconds
Resulting Fitness: 0.227083
-------------
Particle: 18:
Relays Coordinates:
147.177, 377.091
77.3435, 115.908
74.2277, 260.35
Evaluation Time: 2.68641 seconds
Resulting Fitness: 0.302083
New local best!
-------------
Particle: 19:
Relays Coordinates:
185.331, 398.335
84.5384, 127.761
90.6236, 277.329
Evaluation Time: 2.85541 seconds
Resulting Fitness: 0.310417
New local best!
-------------
Particle: 20:
Relays Coordinates:
180.496, 400.163
80.4308, 127.739
92.1269, 275.166
Evaluation Time: 2.68882 seconds
Resulting Fitness: 0.314583
New local best!
Current global best fitness: 0.322917
Current global best relays: 187.084, 381.197
76.8095, 128.42
89.8378, 271.824
Particle 1 new velocities: 53.8388, 73.8495
13.9769, 23.2576
5.91352, 52.8221
Particle 2 new velocities: 88.0642, 141.667
34.9843, 54.2622
37.6901, 113.698
Particle 3 new velocities: 272.399, 489.37
344.661, 322.955
240.365, 521.81
Particle 4 new velocities: 64.3705, 105.722
26.2426, 44.926
42.9253, 117.098
Particle 5 new velocities: 55.0939, 162.79
35.6009, 51.5589
34.7885, 117.22
Particle 6 new velocities: 24.559, -0.101444
0.976133, -0.0497183
7.51094, 0.521601
Particle 7 new velocities: 137.506, 363.897
56.094, 125.266
79.9646, 213.863
Particle 8 new velocities: 188.316, 0.937089
70.7176, 94.2558
79.651, 274.082
Particle 9 new velocities: 152.824, 263.55
83.3371, 86.8975
52.949, 286.883
Particle 10 new velocities: 235.383, 213.646
170.368, 261.385
139.548, 313.508
Particle 11 new velocities: 178.974, 307.492
215.819, 175.416
152.877, 353.59
Particle 12 new velocities: 112.758, 174.395
37.1543, 55.6828
39.3176, 133.802
Particle 13 new velocities: 58.6861, 53.8146
15.8737, 23.4668
30.6338, 45.356
Particle 14 new velocities: 288.086, 0.54784
223.482, 255.468
187.09, 334.361
Particle 15 new velocities: 120.474, 294.951
38.1137, 81.1673
37.2743, 205.392
Particle 16 new velocities: 62.0062, 105.387
18.293, 26.0038
31.2267, 76.5085
Particle 17 new velocities: 145.579, 347.224
105.895, 87.8582
51.2907, 160.337
Particle 18 new velocities: 70.3386, 173.951
38.797, 61.523
53.5425, 136.185
Particle 19 new velocities: 123.864, 253.899
32.8234, 79.0474
55.1087, 176.971
Particle 20 new velocities: 75.5576, 126.294
21.6161, 45.4519
39.2372, 81.9187
-- ITERATION 14 --
-------------
Particle: 1:
Relays Coordinates:
180.044, 366.553
72.3485, 123.309
75.5739, 263.679
Evaluation Time: 2.71129 seconds
Resulting Fitness: 0.308333
-------------
Particle: 2:
Relays Coordinates:
166.048, 352.378
71.4984, 121.938
83.4519, 254.568
Evaluation Time: 2.62132 seconds
Resulting Fitness: 0.28125
-------------
Particle: 3:
Relays Coordinates:
84.1665, 147.008
101.123, 101.375
72.7267, 154.209
Evaluation Time: 2.05313 seconds
Resulting Fitness: 0.185417
-------------
Particle: 4:
Relays Coordinates:
156.242, 334.631
69.6101, 118.11
83.5856, 258.398
Evaluation Time: 2.4828 seconds
Resulting Fitness: 0.2625
-------------
Particle: 5:
Relays Coordinates:
144.253, 378.932
76.195, 119.277
76.7301, 253.557
Evaluation Time: 2.71841 seconds
Resulting Fitness: 0.29375
-------------
Particle: 6:
Relays Coordinates:
188.288, 381.886
77.0731, 128.6
85.5323, 272.25
Evaluation Time: 2.83528 seconds
Resulting Fitness: 0.325
New local best!
New global best!
-------------
Particle: 7:
Relays Coordinates:
172.699, 377.362
68.1494, 130.492
87.894, 280.928
Evaluation Time: 2.7067 seconds
Resulting Fitness: 0.316667
New local best!
-------------
Particle: 8:
Relays Coordinates:
197.561, 198.254
75.0463, 117.896
90.2633, 289.263
Evaluation Time: 2.34027 seconds
Resulting Fitness: 0.25
-------------
Particle: 9:
Relays Coordinates:
116.808, 256.89
58.5651, 74.154
42.5256, 215.408
Evaluation Time: 2.3619 seconds
Resulting Fitness: 0.225
-------------
Particle: 10:
Relays Coordinates:
122.339, 139.004
76.9228, 123.936
74.9063, 144.653
Evaluation Time: 2.19902 seconds
Resulting Fitness: 0.179167
-------------
Particle: 11:
Relays Coordinates:
74.316, 157.146
119.584, 86.3591
78.7314, 195.405
Evaluation Time: 2.27386 seconds
Resulting Fitness: 0.19375
-------------
Particle: 12:
Relays Coordinates:
167.019, 365.375
74.1557, 125.108
74.7139, 247.69
Evaluation Time: 2.66894 seconds
Resulting Fitness: 0.3
New local best!
-------------
Particle: 13:
Relays Coordinates:
195.85, 363.908
70.2959, 126.767
87.273, 266.729
Evaluation Time: 2.73371 seconds
Resulting Fitness: 0.33125
New local best!
New global best!
-------------
Particle: 14:
Relays Coordinates:
126.599, 76.7652
91.461, 118.592
81.3928, 145.431
Evaluation Time: 2.11459 seconds
Resulting Fitness: 0.191667
-------------
Particle: 15:
Relays Coordinates:
146.288, 321.332
54.264, 97.0067
52.0026, 216.291
Evaluation Time: 2.4313 seconds
Resulting Fitness: 0.239583
-------------
Particle: 16:
Relays Coordinates:
175.454, 345.105
62.6264, 106.445
84.9523, 250.147
Evaluation Time: 2.55796 seconds
Resulting Fitness: 0.285417
-------------
Particle: 17:
Relays Coordinates:
121.625, 265.611
79.8133, 80.9349
45.3188, 133.718
Evaluation Time: 2.4112 seconds
Resulting Fitness: 0.225
-------------
Particle: 18:
Relays Coordinates:
142.712, 361.538
76.1998, 116.413
83.8301, 260.166
Evaluation Time: 2.77911 seconds
Resulting Fitness: 0.2875
-------------
Particle: 19:
Relays Coordinates:
182.577, 385.138
69.301, 122.118
86.0535, 268.26
Evaluation Time: 2.91316 seconds
Resulting Fitness: 0.325
New local best!
-------------
Particle: 20:
Relays Coordinates:
186.663, 383.787
74.3922, 126.256
95.7644, 260.314
Evaluation Time: 3.14262 seconds
Resulting Fitness: 0.33125
New local best!
Current global best fitness: 0.33125
Current global best relays: 195.85, 363.908
70.2959, 126.767
87.273, 266.729
Particle 1 new velocities: 56.8719, 68.7655
17.2854, 19.7503
17.3391, 45.5735
Particle 2 new velocities: 142.149, 149.831
33.9242, 49.3046
37.3704, 109.951
Particle 3 new velocities: 256.447, 380.549
387.573, 347.802
264.975, 453.367
Particle 4 new velocities: 79.7509, 131.779
21.9065, 35.6057
28.9138, 84.6228
Particle 5 new velocities: 73.8684, 115.775
22.019, 48.3795
34.6145, 108.352
Particle 6 new velocities: 23.6047, -18.401
-3.93071, -0.72202
6.44123, -5.43757
Particle 7 new velocities: 131.515, 284.492
45.9781, 100.109
63.3281, 164.735
Particle 8 new velocities: 102.407, 80.3951
50.1131, 57.3178
51.0984, 140.314
Particle 9 new velocities: 187.878, 289.095
79.1287, 145.712
86.6358, 315.104
Particle 10 new velocities: 221.82, 265.718
230.744, 352.48
174.818, 224.044
Particle 11 new velocities: 179.638, 213.869
203.42, 160.942
175.036, 351.21
Particle 12 new velocities: 98.6721, 138.657
29.1545, 45.5606
32.9064, 122.708
Particle 13 new velocities: 46.9489, 43.0517
12.699, 18.7734
24.5071, 36.2848
Particle 14 new velocities: 277.818, 291.75
287.473, 319.595
186.241, 304.601
Particle 15 new velocities: 135.99, 317.977
64.4123, 109.145
67.5607, 236.976
Particle 16 new velocities: 52.628, 118.772
24.6729, 39.9549
22.9763, 89.4798
Particle 17 new velocities: 183.438, 375.393
88.3724, 191.203
98.8198, 67.9358
Particle 18 new velocities: 76.8674, 155.815
31.1186, 49.1188
41.0128, 116.337
Particle 19 new velocities: 105.091, 183.252
27.1356, 68.9108
44.399, 141.2
Particle 20 new velocities: 68.6176, 93.582
17.1623, 36.481
24.7688, 71.2295
-- ITERATION 15 --
-------------
Particle: 1:
Relays Coordinates:
172.712, 317.347
65.3431, 104.291
67.7336, 225.445
Evaluation Time: 2.80432 seconds
Resulting Fitness: 0.260417
-------------
Particle: 2:
Relays Coordinates:
202.208, 329.499
69.1677, 112.353
79.2715, 239.161
Evaluation Time: 3.12464 seconds
Resulting Fitness: 0.31875
-------------
Particle: 3:
Relays Coordinates:
77.9214, 120.688
111.798, 102.757
77.2554, 138.994
Evaluation Time: 2.20152 seconds
Resulting Fitness: 0.175
-------------
Particle: 4:
Relays Coordinates:
191.154, 377.793
74.1285, 124.51
91.1245, 277.847
Evaluation Time: 2.83121 seconds
Resulting Fitness: 0.320833
New local best!
-------------
Particle: 5:
Relays Coordinates:
159.011, 360.641
71.598, 122.221
81.1702, 263.832
Evaluation Time: 3.0529 seconds
Resulting Fitness: 0.289583
-------------
Particle: 6:
Relays Coordinates:
211.893, 363.485
73.1424, 127.878
91.9735, 266.812
Evaluation Time: 2.67875 seconds
Resulting Fitness: 0.329167
New local best!
-------------
Particle: 7:
Relays Coordinates:
161.672, 351.736
60.652, 122.551
80.3657, 236.843
Evaluation Time: 2.51278 seconds
Resulting Fitness: 0.289583
-------------
Particle: 8:
Relays Coordinates:
196.809, 182.822
82.1171, 114.958
92.7474, 281.846
Evaluation Time: 2.26812 seconds
Resulting Fitness: 0.247917
-------------
Particle: 9:
Relays Coordinates:
145.731, 261.143
65.8585, 105.161
61.7775, 253.743
Evaluation Time: 2.22084 seconds
Resulting Fitness: 0.225
-------------
Particle: 10:
Relays Coordinates:
108.001, 127.006
96.5492, 149.504
78.366, 115.701
Evaluation Time: 2.13664 seconds
Resulting Fitness: 0.183333
-------------
Particle: 11:
Relays Coordinates:
88.5483, 129.365
112.625, 86.2285
88.4831, 190.593
Evaluation Time: 2.15299 seconds
Resulting Fitness: 0.191667
-------------
Particle: 12:
Relays Coordinates:
193.689, 367.439
75.3131, 124.417
78.4552, 270.02
Evaluation Time: 3.19712 seconds
Resulting Fitness: 0.325
New local best!
-------------
Particle: 13:
Relays Coordinates:
218.519, 366.264
74.6954, 130.986
100.602, 272.713
Evaluation Time: 2.70407 seconds
Resulting Fitness: 0.3375
New local best!
New global best!
-------------
Particle: 14:
Relays Coordinates:
114.219, 104.08
107.022, 123.757
75.5876, 127.102
Evaluation Time: 2.08691 seconds
Resulting Fitness: 0.177083
-------------
Particle: 15:
Relays Coordinates:
166.683, 377.506
70.0772, 121.731
70.6009, 267.65
Evaluation Time: 2.6793 seconds
Resulting Fitness: 0.316667
New local best!
-------------
Particle: 16:
Relays Coordinates:
166.272, 338.166
63.6412, 106.725
78.6799, 247.588
Evaluation Time: 2.49485 seconds
Resulting Fitness: 0.277083
-------------
Particle: 17:
Relays Coordinates:
118.188, 248.338
65.1586, 105.432
55.8422, 78.1247
Evaluation Time: 2.19676 seconds
Resulting Fitness: 0.222917
-------------
Particle: 18:
Relays Coordinates:
160.073, 377.15
78.2351, 120.672
91.0104, 274.471
Evaluation Time: 2.72641 seconds
Resulting Fitness: 0.30625
New local best!
-------------
Particle: 19:
Relays Coordinates:
188.739, 372.921
63.2721, 125.334
85.5899, 268.647
Evaluation Time: 2.63466 seconds
Resulting Fitness: 0.325
-------------
Particle: 20:
Relays Coordinates:
186.1, 348.002
66.7432, 118.636
87.8687, 241.696
Evaluation Time: 2.58693 seconds
Resulting Fitness: 0.310417
Current global best fitness: 0.3375
Current global best relays: 218.519, 366.264
74.6954, 130.986
100.602, 272.713
Particle 1 new velocities: 55.8098, 183.1
19.3881, 30.8741
54.7347, 117.556
Particle 2 new velocities: 112.273, 179.956
42.4417, 41.5966
42.0045, 123.906
Particle 3 new velocities: 342.585, 376.903
338.725, 357.786
234.378, 505.482
Particle 4 new velocities: 74.8812, 90.7652
17.9161, 36.2377
24.9164, 67.3706
Particle 5 new velocities: 81.6982, 94.6773
22.1394, 48.307
36.3247, 83.965
Particle 6 new velocities: 22.4628, -13.4176
-2.97995, 1.47939
15.7693, -0.307473
Particle 7 new velocities: 157.545, 282.134
52.1585, 86.2745
64.6099, 134.775
Particle 8 new velocities: 68.0961, 383.937
33.1169, 34.9175
16.4391, 48.0149
Particle 9 new velocities: 175.791, 402.141
67.2975, 166.863
106.077, 293.155
Particle 10 new velocities: 347.912, 316.53
217.55, 318.736
168.297, 178.815
Particle 11 new velocities: 175.28, 263.806
173.468, 149.139
179.588, 304.145
Particle 12 new velocities: 87.7785, 110.056
23.0849, 44.0509
39.1655, 98.372
Particle 13 new velocities: 37.5591, 34.4413
10.1592, 15.0187
19.6057, 29.0278
Particle 14 new velocities: 456.733, 380.446
304.785, 275.094
211.789, 290.589
Particle 15 new velocities: 137.769, 248.539
53.7362, 91.3095
62.6481, 189.707
Particle 16 new velocities: 74.8751, 119.66
22.5201, 47.2666
37.2536, 98.1519
Particle 17 new velocities: 218.717, 330.391
97.6503, 179.253
102.754, 286.928
Particle 18 new velocities: 67.5449, 112.852
21.6283, 45.8039
34.6435, 92.2107
Particle 19 new velocities: 91.3012, 153.671
34.6332, 52.9618
41.3192, 116.924
Particle 20 new velocities: 65.9985, 130.891
22.4256, 35.6782
47.6997, 67.7154
-- ITERATION 16 --
-------------
Particle: 1:
Relays Coordinates:
166.592, 364.826
61.7691, 98.5351
89.2794, 250.048
Evaluation Time: 2.62849 seconds
Resulting Fitness: 0.289583
-------------
Particle: 2:
Relays Coordinates:
185.698, 300.828
65.9043, 90.9054
71.6122, 214.387
Evaluation Time: 2.38414 seconds
Resulting Fitness: 0.245833
-------------
Particle: 3:
Relays Coordinates:
96.1984, 113.833
103.065, 105.358
71.2918, 147.435
Evaluation Time: 2.12574 seconds
Resulting Fitness: 0.185417
-------------
Particle: 4:
Relays Coordinates:
193.94, 341.579
67.1005, 117.185
84.5938, 251.664
Evaluation Time: 2.65891 seconds
Resulting Fitness: 0.314583
-------------
Particle: 5:
Relays Coordinates:
175.477, 331.927
68.3346, 124.315
85.6538, 253.544
Evaluation Time: 2.56551 seconds
Resulting Fitness: 0.270833
-------------
Particle: 6:
Relays Coordinates:
234.356, 350.067
70.1625, 129.358
107.743, 266.505
Evaluation Time: 2.65156 seconds
Resulting Fitness: 0.333333
New local best!
-------------
Particle: 7:
Relays Coordinates:
152.68, 303.178
53.9569, 99.8806
69.3414, 177.744
Evaluation Time: 2.39811 seconds
Resulting Fitness: 0.2375
-------------
Particle: 8:
Relays Coordinates:
140.781, 301.199
61.2401, 79.65
58.0262, 175.301
Evaluation Time: 2.2616 seconds
Resulting Fitness: 0.235417
-------------
Particle: 9:
Relays Coordinates:
153.783, 317.247
63.6881, 130.108
80.2843, 261.58
Evaluation Time: 2.41222 seconds
Resulting Fitness: 0.24375
-------------
Particle: 10:
Relays Coordinates:
176.63, 171.835
121.688, 181.406
95.5622, 114.102
Evaluation Time: 2.2393 seconds
Resulting Fitness: 0.222917
-------------
Particle: 11:
Relays Coordinates:
102.212, 152.322
110.838, 91.1863
103.856, 191.671
Evaluation Time: 2.14406 seconds
Resulting Fitness: 0.195833
-------------
Particle: 12:
Relays Coordinates:
205.19, 348.093
71.7322, 122.813
85.7455, 268.558
Evaluation Time: 2.70682 seconds
Resulting Fitness: 0.339583
New local best!
New global best!
-------------
Particle: 13:
Relays Coordinates:
230.47, 360.635
76.3691, 131.404
108.187, 271.567
Evaluation Time: 2.76834 seconds
Resulting Fitness: 0.33125
-------------
Particle: 14:
Relays Coordinates:
161.254, 136.844
116.306, 112.647
81.1638, 117.968
Evaluation Time: 2.07694 seconds
Resulting Fitness: 0.1875
-------------
Particle: 15:
Relays Coordinates:
179.776, 369.673
73.1105, 125.798
78.6822, 270.065
Evaluation Time: 2.8816 seconds
Resulting Fitness: 0.316667
-------------
Particle: 16:
Relays Coordinates:
175.796, 333.756
62.8116, 112.26
84.5156, 252.044
Evaluation Time: 2.52823 seconds
Resulting Fitness: 0.279167
-------------
Particle: 17:
Relays Coordinates:
145.026, 249.124
70.0839, 122.548
68.2705, 157.143
Evaluation Time: 2.32789 seconds
Resulting Fitness: 0.225
-------------
Particle: 18:
Relays Coordinates:
165.934, 357.211
72.8004, 121.361
91.6017, 267.311
Evaluation Time: 2.57173 seconds
Resulting Fitness: 0.2875
-------------
Particle: 19:
Relays Coordinates:
204.149, 383.885
71.3729, 129.978
92.5167, 281.081
Evaluation Time: 2.77999 seconds
Resulting Fitness: 0.33125
New local best!
-------------
Particle: 20:
Relays Coordinates:
183.779, 349.113
65.0041, 112.495
98.8294, 225.561
Evaluation Time: 2.67533 seconds
Resulting Fitness: 0.302083
Current global best fitness: 0.339583
Current global best relays: 205.19, 348.093
71.7322, 122.813
85.7455, 268.558
Particle 1 new velocities: 49.0234, 173.352
34.6281, 73.9621
39.341, 139.419
Particle 2 new velocities: 115.825, 233.411
42.011, 85.3743
75.1036, 186.52
Particle 3 new velocities: 347.94, 264.693
303.546, 326.254
237.832, 503.453
Particle 4 new velocities: 58.4381, 126.949
27.5747, 36.9549
21.7076, 105.491
Particle 5 new velocities: 87.6462, 130.066
24.8629, 36.6566
6.17264, 87.754
Particle 6 new velocities: -2.31324, -10.8004
-0.849347, -5.76965
-5.08995, 1.33457
Particle 7 new velocities: 188.54, 334.998
80.1932, 117.329
65.0842, 151.011
Particle 8 new velocities: 111.962, 375.738
33.4872, 39.2006
43.8088, 110.002
Particle 9 new velocities: 163.978, 390.482
56.9735, 128.446
67.0587, 249.517
Particle 10 new velocities: 292.504, 319.917
201.231, 222.728
141.719, 177.71
Particle 11 new velocities: 127.561, 270.852
250.249, 148.572
136.885, 242.294
Particle 12 new velocities: 70.2228, 88.0444
18.4679, 35.2407
31.3324, 78.6976
Particle 13 new velocities: 18.8662, 20.8845
6.98986, 2.6343
-3.03582, 22.9674
Particle 14 new velocities: 435.118, 399.764
238.076, 314.309
188.725, 247.846
Particle 15 new velocities: 124.728, 189.877
41.7531, 65.0121
52.8561, 148.032
Particle 16 new velocities: 62.2721, 110.206
28.3843, 47.0865
29.2029, 103.365
Particle 17 new velocities: 251.798, 314.493
120.966, 145.217
83.023, 331.095
Particle 18 new velocities: 80.984, 107.294
21.3844, 36.8505
25.8292, 80.6327
Particle 19 new velocities: 73.203, 97.1968
27.7938, 41.5623
29.9398, 84.4706
Particle 20 new velocities: 76.1398, 160.94
27.8794, 41.5199
31.5068, 107.015
-- ITERATION 17 --
-------------
Particle: 1:
Relays Coordinates:
141.465, 353.098
63.2462, 113.175
84.3878, 255.529
Evaluation Time: 2.60789 seconds
Resulting Fitness: 0.277083
-------------
Particle: 2:
Relays Coordinates:
197.829, 350.514
70.8032, 115.657
96.2602, 263.036
Evaluation Time: 2.68052 seconds
Resulting Fitness: 0.325
New local best!
-------------
Particle: 3:
Relays Coordinates:
112.894, 96.2161
103.355, 109.71
78.5751, 165.447
Evaluation Time: 2.09067 seconds
Resulting Fitness: 0.1875
-------------
Particle: 4:
Relays Coordinates:
183.984, 341.557
69.0182, 112.368
77.4937, 260.366
Evaluation Time: 2.68672 seconds
Resulting Fitness: 0.289583
-------------
Particle: 5:
Relays Coordinates:
191.817, 336.793
67.9409, 117.348
66.9415, 248.806
Evaluation Time: 2.65487 seconds
Resulting Fitness: 0.3
-------------
Particle: 6:
Relays Coordinates:
232.042, 339.267
69.3131, 123.588
102.653, 267.839
Evaluation Time: 2.70106 seconds
Resulting Fitness: 0.335417
New local best!
-------------
Particle: 7:
Relays Coordinates:
132.196, 247.243
51.9725, 84.1514
52.0792, 127.366
Evaluation Time: 2.40782 seconds
Resulting Fitness: 0.225
-------------
Particle: 8:
Relays Coordinates:
88.126, 236.033
33.0293, 41.4407
35.5077, 99.4792
Evaluation Time: 2.1803 seconds
Resulting Fitness: 0.195833
-------------
Particle: 9:
Relays Coordinates:
168.871, 372.009
64.1245, 137.406
78.3041, 271.617
Evaluation Time: 2.63105 seconds
Resulting Fitness: 0.30625
New local best!
-------------
Particle: 10:
Relays Coordinates:
181.752, 190.515
125.106, 156.57
91.9276, 113.054
Evaluation Time: 2.20007 seconds
Resulting Fitness: 0.225
-------------
Particle: 11:
Relays Coordinates:
80.1172, 147.552
125.903, 83.5985
83.9412, 151.314
Evaluation Time: 2.14378 seconds
Resulting Fitness: 0.197917
-------------
Particle: 12:
Relays Coordinates:
223.084, 353.272
73.0621, 128.024
94.8331, 281.277
Evaluation Time: 2.71663 seconds
Resulting Fitness: 0.333333
-------------
Particle: 13:
Relays Coordinates:
224.403, 343.367
75.0231, 120.635
94.636, 265.081
Evaluation Time: 2.72511 seconds
Resulting Fitness: 0.335417
-------------
Particle: 14:
Relays Coordinates:
187.148, 168.393
111.209, 133.983
84.6939, 114.797
Evaluation Time: 2.21503 seconds
Resulting Fitness: 0.2125
-------------
Particle: 15:
Relays Coordinates:
199.785, 367.121
75.3621, 125.191
86.3023, 274.313
Evaluation Time: 2.78625 seconds
Resulting Fitness: 0.3375
New local best!
-------------
Particle: 16:
Relays Coordinates:
173.552, 323.648
66.4818, 116.164
82.9008, 259.093
Evaluation Time: 2.50973 seconds
Resulting Fitness: 0.264583
-------------
Particle: 17:
Relays Coordinates:
170.82, 242.618
82.2407, 115.264
65.1269, 210.17
Evaluation Time: 2.27521 seconds
Resulting Fitness: 0.2375
-------------
Particle: 18:
Relays Coordinates:
200.003, 376.25
76.2897, 128.151
95.119, 281.834
Evaluation Time: 2.75776 seconds
Resulting Fitness: 0.327083
New local best!
-------------
Particle: 19:
Relays Coordinates:
202.19, 350.709
72.2925, 125.053
89.2708, 266.487
Evaluation Time: 2.83225 seconds
Resulting Fitness: 0.341667
New local best!
New global best!
-------------
Particle: 20:
Relays Coordinates:
170.533, 334.646
60.9409, 101.049
85.5136, 218.203
Evaluation Time: 2.54598 seconds
Resulting Fitness: 0.279167
Current global best fitness: 0.341667
Current global best relays: 202.19, 350.709
72.2925, 125.053
89.2708, 266.487
Particle 1 new velocities: 130.469, 171.411
50.309, 97.3914
19.6798, 143.651
Particle 2 new velocities: 96.9841, 186.831
33.6674, 79.0847
54.7632, 153.081
Particle 3 new velocities: 338.437, 433.251
333.758, 421.388
215.362, 458.672
Particle 4 new velocities: 54.8707, 161.965
28.1078, 43.4322
32.6314, 97.9723
Particle 5 new velocities: 26.1428, 178.284
26.7489, 38.7134
15.6833, 98.28
Particle 6 new velocities: -38.02, 0.889541
0.0283993, -4.25973
-12.7007, 0.184841
Particle 7 new velocities: 220.044, 562.236
75.5799, 140.629
123.89, 453.22
Particle 8 new velocities: 222.2, 466.321
111.499, 134.647
110.503, 429.512
Particle 9 new velocities: 133.022, -10.3033
47.8606, 88.235
61.3317, 194.527
Particle 10 new velocities: 251.049, 244.849
162.432, 245.244
155.752, 113.666
Particle 11 new velocities: 124.114, 333.097
293.438, 116.703
151.966, 258.66
Particle 12 new velocities: 27.7815, 61.3544
13.4743, 19.4683
18.0424, 36.0198
Particle 13 new velocities: 11.6331, 58.8173
3.63033, 6.71249
6.7187, 23.6123
Particle 14 new velocities: 422.405, 347.293
254.822, 282.162
177.229, 202.146
Particle 15 new velocities: 102.156, 142.852
33.3925, 51.9562
42.3663, 116.13
Particle 16 new velocities: 61.6199, 154.969
27.5942, 44.6725
13.7062, 102.346
Particle 17 new velocities: 183.63, 269.221
97.7234, 130.795
77.0405, 197.642
Particle 18 new velocities: 66.8094, 79.5439
14.6245, 26.2446
16.473, 55.5247
Particle 19 new velocities: 58.5624, 77.7575
22.235, 33.2498
23.9519, 67.5765
Particle 20 new velocities: 90.8986, 218.082
46.7969, 61.6094
43.1879, 198.299
-- ITERATION 18 --
-------------
Particle: 1:
Relays Coordinates:
160.575, 309.718
67.0532, 124.338
61.4509, 235.712
Evaluation Time: 2.4051 seconds
Resulting Fitness: 0.2375
-------------
Particle: 2:
Relays Coordinates:
193.427, 352.552
68.5432, 127.77
99.0865, 273.014
Evaluation Time: 2.70939 seconds
Resulting Fitness: 0.325
-------------
Particle: 3:
Relays Coordinates:
92.925, 109.013
89.9978, 109.348
60.519, 128.501
Evaluation Time: 2.09301 seconds
Resulting Fitness: 0.160417
-------------
Particle: 4:
Relays Coordinates:
174.125, 367.068
70.8048, 113.578
80.2812, 261.229
Evaluation Time: 2.69964 seconds
Resulting Fitness: 0.316667
-------------
Particle: 5:
Relays Coordinates:
143.003, 337.942
62.126, 102.392
54.2101, 227.723
Evaluation Time: 2.444 seconds
Resulting Fitness: 0.247917
-------------
Particle: 6:
Relays Coordinates:
194.022, 340.157
69.3415, 119.328
89.9521, 268.024
Evaluation Time: 2.70603 seconds
Resulting Fitness: 0.320833
-------------
Particle: 7:
Relays Coordinates:
151.628, 301.327
54.9071, 96.7606
75.7491, 249.923
Evaluation Time: 2.47019 seconds
Resulting Fitness: 0.235417
-------------
Particle: 8:
Relays Coordinates:
133.585, 301.327
62.2147, 75.8
62.853, 227.713
Evaluation Time: 2.43913 seconds
Resulting Fitness: 0.2375
-------------
Particle: 9:
Relays Coordinates:
178.265, 213.583
66.1261, 133.239
82.4535, 275.254
Evaluation Time: 2.30353 seconds
Resulting Fitness: 0.2375
-------------
Particle: 10:
Relays Coordinates:
186.307, 187.41
123.775, 172.968
106.618, 97.5954
Evaluation Time: 2.27211 seconds
Resulting Fitness: 0.235417
-------------
Particle: 11:
Relays Coordinates:
64.09, 150.833
131.594, 62.8566
74.0303, 128.654
Evaluation Time: 2.20852 seconds
Resulting Fitness: 0.2
-------------
Particle: 12:
Relays Coordinates:
225.779, 373.163
77.8827, 132.743
101.588, 285.567
Evaluation Time: 2.96798 seconds
Resulting Fitness: 0.31875
-------------
Particle: 13:
Relays Coordinates:
191.189, 325.77
63.7093, 103.151
82.0973, 233.841
Evaluation Time: 2.68312 seconds
Resulting Fitness: 0.291667
-------------
Particle: 14:
Relays Coordinates:
212.538, 179.809
127.627, 145.101
91.3269, 110.511
Evaluation Time: 2.29494 seconds
Resulting Fitness: 0.216667
-------------
Particle: 15:
Relays Coordinates:
198.104, 334.593
71.3539, 116.226
84.4195, 256.17
Evaluation Time: 2.65316 seconds
Resulting Fitness: 0.320833
-------------
Particle: 16:
Relays Coordinates:
171.44, 348.912
68.5814, 117.25
70.4265, 263.489
Evaluation Time: 2.55921 seconds
Resulting Fitness: 0.2875
-------------
Particle: 17:
Relays Coordinates:
169.532, 244.811
86.0763, 117.689
67.9982, 195.055
Evaluation Time: 2.27773 seconds
Resulting Fitness: 0.233333
-------------
Particle: 18:
Relays Coordinates:
194.506, 332.274
66.2765, 112.555
81.3506, 245.935
Evaluation Time: 2.59342 seconds
Resulting Fitness: 0.30625
-------------
Particle: 19:
Relays Coordinates:
211.209, 347.058
76.5673, 128.225
91.7104, 270.591
Evaluation Time: 2.75529 seconds
Resulting Fitness: 0.333333
-------------
Particle: 20:
Relays Coordinates:
154.373, 326.38
63.6181, 96.0482
75.9969, 245.94
Evaluation Time: 2.42029 seconds
Resulting Fitness: 0.24375
Current global best fitness: 0.341667
Current global best relays: 202.19, 350.709
72.2925, 125.053
89.2708, 266.487
Particle 1 new velocities: 157.017, 215.779
54.3099, 82.5682
60.0466, 149.613
Particle 2 new velocities: 92.0743, 146.131
30.2514, 50.1838
38.5408, 111.842
Particle 3 new velocities: 314.641, 550.057
351.228, 351.846
211.272, 551.193
Particle 4 new velocities: 52.7236, 139.71
25.1198, 62.4365
38.3996, 96.2701
Particle 5 new velocities: 80.5709, 148.548
21.9729, 69.5355
54.162, 117.785
Particle 6 new velocities: 28.0926, 1.87753
3.62274, -3.07135
9.76018, -0.29127
Particle 7 new velocities: 204.015, 48.1642
89.433, 201.365
119.78, 394.545
Particle 8 new velocities: 187.749, 47.0764
102.01, 142.055
97.4521, 399.032
Particle 9 new velocities: 133.571, 197.393
44.6682, 74.6027
45.0284, 150.397
Particle 10 new velocities: 220.607, 300.406
110.178, 226.219
134.441, 215.778
Particle 11 new velocities: 161.653, 482.532
233.611, 171.161
177.433, 433.791
Particle 12 new velocities: 0.0861175, 1.13662
5.06205, 13.4731
-18.5397, 5.02087
Particle 13 new velocities: 23.2817, 96.1181
19.3393, 18.2594
26.3314, 62.2507
Particle 14 new velocities: 343.588, 326.651
219.305, 279.886
159.925, 341.893
Particle 15 new velocities: 84.2919, 163.617
32.6657, 64.0018
35.5046, 99.3727
Particle 16 new velocities: 65.0938, 161.856
22.3534, 37.2619
30.2609, 85.0257
Particle 17 new velocities: 128.983, 276.103
65.134, 123.095
70.4347, 215.401
Particle 18 new velocities: 67.7616, 135.525
27.9429, 46.3963
38.2632, 82.5033
Particle 19 new velocities: 37.4921, 70.9199
10.8007, 25.7817
16.1906, 51.002
Particle 20 new velocities: 117.558, 242.624
46.3044, 69.4351
79.8344, 190.349
-- ITERATION 19 --
-------------
Particle: 1:
Relays Coordinates:
187.535, 310.3
71.6637, 122.176
71.7431, 227.531
Evaluation Time: 2.54015 seconds
Resulting Fitness: 0.264583
-------------
Particle: 2:
Relays Coordinates:
208.13, 363.54
72.0212, 129.728
100.33, 280.56
Evaluation Time: 2.73118 seconds
Resulting Fitness: 0.335417
New local best!
-------------
Particle: 3:
Relays Coordinates:
93.2381, 150.774
100.938, 105.506
62.1772, 155.492
Evaluation Time: 2.11395 seconds
Resulting Fitness: 0.185417
-------------
Particle: 4:
Relays Coordinates:
165.373, 369.441
69.9291, 128.315
86.5183, 260.617
Evaluation Time: 2.59599 seconds
Resulting Fitness: 0.304167
-------------
Particle: 5:
Relays Coordinates:
162.985, 354.652
61.3081, 125.335
79.0033, 251.876
Evaluation Time: 2.54612 seconds
Resulting Fitness: 0.285417
-------------
Particle: 6:
Relays Coordinates:
222.115, 342.034
72.9643, 116.257
99.7123, 267.733
Evaluation Time: 2.7213 seconds
Resulting Fitness: 0.339583
New local best!
-------------
Particle: 7:
Relays Coordinates:
153.093, 150.445
62.1337, 128.333
84.169, 277.423
Evaluation Time: 2.28072 seconds
Resulting Fitness: 0.2375
-------------
Particle: 8:
Relays Coordinates:
153.693, 166.64
78.5481, 104.199
76.6734, 299.77
Evaluation Time: 2.28989 seconds
Resulting Fitness: 0.23125
-------------
Particle: 9:
Relays Coordinates:
204.596, 269.642
72.6921, 136.365
83.6409, 279.27
Evaluation Time: 2.39364 seconds
Resulting Fitness: 0.23125
-------------
Particle: 10:
Relays Coordinates:
157.647, 188.99
90.6382, 154.653
93.3912, 121.407
Evaluation Time: 2.37096 seconds
Resulting Fitness: 0.229167
-------------
Particle: 11:
Relays Coordinates:
78.7116, 220.84
127.339, 81.597
87.6797, 196.112
Evaluation Time: 2.14305 seconds
Resulting Fitness: 0.20625
-------------
Particle: 12:
Relays Coordinates:
203.279, 336.87
74.6503, 131.594
74.7435, 261.529
Evaluation Time: 2.64348 seconds
Resulting Fitness: 0.314583
-------------
Particle: 13:
Relays Coordinates:
173.721, 341.729
67.2694, 98.3427
87.8272, 239.834
Evaluation Time: 2.45385 seconds
Resulting Fitness: 0.283333
-------------
Particle: 14:
Relays Coordinates:
157.066, 143.039
97.984, 120.029
70.9611, 127.772
Evaluation Time: 2.06779 seconds
Resulting Fitness: 0.1875
-------------
Particle: 15:
Relays Coordinates:
185.28, 326.876
68.2472, 118.247
78.6822, 233.271
Evaluation Time: 2.6236 seconds
Resulting Fitness: 0.285417
-------------
Particle: 16:
Relays Coordinates:
172.433, 372.35
66.2915, 112.639
73.4011, 254.067
Evaluation Time: 2.46307 seconds
Resulting Fitness: 0.297917
-------------
Particle: 17:
Relays Coordinates:
158.643, 276.835
80.3593, 127.963
73.5689, 218.133
Evaluation Time: 2.21938 seconds
Resulting Fitness: 0.23125
-------------
Particle: 18:
Relays Coordinates:
191.193, 341.025
68.6859, 115.875
87.1985, 239.431
Evaluation Time: 2.6536 seconds
Resulting Fitness: 0.3125
-------------
Particle: 19:
Relays Coordinates:
201.448, 338.562
70.7681, 124.745
87.3998, 260.491
Evaluation Time: 2.61794 seconds
Resulting Fitness: 0.325
-------------
Particle: 20:
Relays Coordinates:
144.515, 302.392
58.4173, 87.9446
82.8152, 231.862
Evaluation Time: 2.21682 seconds
Resulting Fitness: 0.2375
Current global best fitness: 0.341667
Current global best relays: 202.19, 350.709
72.2925, 125.053
89.2708, 266.487
Particle 1 new velocities: 116.786, 220.431
51.6374, 73.0478
55.1859, 211.764
Particle 2 new velocities: 72.0999, 114.441
24.4582, 37.9963
29.8998, 71.8989
Particle 3 new velocities: 289.306, 602.878
335.076, 406.256
259.342, 527.91
Particle 4 new velocities: 71.8205, 99.7881
23.2351, 45.3695
38.1709, 94.2475
Particle 5 new velocities: 60.7321, 143.149
23.8837, 52.4407
37.0311, 113.341
Particle 6 new velocities: 14.9279, 1.58664
2.37461, -0.293792
-5.70594, -1.04332
Particle 7 new velocities: 215.34, 309.262
82.8475, 162.399
105.034, 312.969
Particle 8 new velocities: 155.872, 131.983
67.9293, 120.358
80.611, 259.15
Particle 9 new velocities: 52.9514, 317.282
29.0406, 46.3348
33.9256, 92.9794
Particle 10 new velocities: 223.407, 231.341
123.542, 246.544
115.325, 188.782
Particle 11 new velocities: 177.147, 359.675
207.338, 151.061
165.379, 349.718
Particle 12 new velocities: 2.48419, 23.692
0.964253, 2.59986
-5.11889, 13.2518
Particle 13 new velocities: 88.733, 100.212
30.6632, 56.8567
36.3138, 102.697
Particle 14 new velocities: 432.751, 416.768
247.18, 243.258
180.246, 303.94
Particle 15 new velocities: 97.5118, 162.572
32.5035, 54.9712
48.6775, 152.907
Particle 16 new velocities: 57.6862, 130.771
20.3218, 41.3071
27.5232, 100.144
Particle 17 new velocities: 130.786, 197.135
85.2432, 98.2831
54.1644, 152.518
Particle 18 new velocities: 65.071, 126.487
33.2178, 51.6944
33.1957, 151.862
Particle 19 new velocities: 30.464, 68.152
10.6065, 20.8899
16.5084, 48.391
Particle 20 new velocities: 216.583, 202.01
56.4718, 92.8607
76.3934, 220.503
-- ITERATION 20 --
-------------
Particle: 1:
Relays Coordinates:
179.699, 313.391
72.8081, 115.278
74.9503, 259.399
Evaluation Time: 2.40321 seconds
Resulting Fitness: 0.264583
-------------
Particle: 2:
Relays Coordinates:
204.288, 348.448
70.3335, 122.271
94.9378, 256.943
Evaluation Time: 2.62783 seconds
Resulting Fitness: 0.345833
New local best!
New global best!
-------------
Particle: 3:
Relays Coordinates:
87.5139, 160.138
99.7461, 117.075
73.5533, 156.34
Evaluation Time: 2.03442 seconds
Resulting Fitness: 0.179167
-------------
Particle: 4:
Relays Coordinates:
172.914, 342.068
67.9166, 126.616
90.8984, 258.696
Evaluation Time: 2.4546 seconds
Resulting Fitness: 0.28125
-------------
Particle: 5:
Relays Coordinates:
163.09, 362.897
62.1049, 129.599
84.5891, 266.243
Evaluation Time: 2.48467 seconds
Resulting Fitness: 0.297917
-------------
Particle: 6:
Relays Coordinates:
213.339, 309.259
67.805, 104.367
84.6057, 240.021
Evaluation Time: 2.49839 seconds
Resulting Fitness: 0.297917
-------------
Particle: 7:
Relays Coordinates:
158.598, 197.889
62.4097, 125.15
81.4458, 254.144
Evaluation Time: 2.18991 seconds
Resulting Fitness: 0.2375
-------------
Particle: 8:
Relays Coordinates:
148.064, 142.83
70.0597, 107.405
75.2287, 267.33
Evaluation Time: 2.20975 seconds
Resulting Fitness: 0.2375
-------------
Particle: 9:
Relays Coordinates:
152.079, 346.573
60.0721, 107.882
69.4218, 219.809
Evaluation Time: 2.42972 seconds
Resulting Fitness: 0.272917
-------------
Particle: 10:
Relays Coordinates:
147.628, 162.845
82.9778, 155.432
80.8611, 120.174
Evaluation Time: 2.10041 seconds
Resulting Fitness: 0.204167
-------------
Particle: 11:
Relays Coordinates:
89.2124, 202.413
116.695, 81.123
88.236, 190.319
Evaluation Time: 2.05002 seconds
Resulting Fitness: 0.202083
-------------
Particle: 12:
Relays Coordinates:
185.187, 324.506
68.0531, 120.775
62.6622, 247.303
Evaluation Time: 2.48133 seconds
Resulting Fitness: 0.275
-------------
Particle: 13:
Relays Coordinates:
212.588, 357.972
79.3254, 125.711
100.554, 277.451
Evaluation Time: 2.63135 seconds
Resulting Fitness: 0.327083
-------------
Particle: 14:
Relays Coordinates:
166.582, 158.106
97.4845, 102.603
70.9484, 121.928
Evaluation Time: 2.12668 seconds
Resulting Fitness: 0.197917
-------------
Particle: 15:
Relays Coordinates:
185.54, 321.126
66.1025, 113.649
83.5607, 253.372
Evaluation Time: 2.76208 seconds
Resulting Fitness: 0.279167
-------------
Particle: 16:
Relays Coordinates:
167.757, 366.775
63.1411, 112.227
73.5738, 258.22
Evaluation Time: 2.78509 seconds
Resulting Fitness: 0.302083
-------------
Particle: 17:
Relays Coordinates:
153.815, 251.887
88.008, 120.236
67.8827, 196.979
Evaluation Time: 2.34338 seconds
Resulting Fitness: 0.227083
-------------
Particle: 18:
Relays Coordinates:
168.135, 306.735
66.859, 109.942
78.9906, 256.728
Evaluation Time: 2.35651 seconds
Resulting Fitness: 0.24375
-------------
Particle: 19:
Relays Coordinates:
208.721, 366.042
73.2372, 131.072
93.5174, 277.994
Evaluation Time: 2.66745 seconds
Resulting Fitness: 0.327083
-------------
Particle: 20:
Relays Coordinates:
191.902, 268.06
61.0568, 96.0873
84.6099, 240.405
Evaluation Time: 2.3301 seconds
Resulting Fitness: 0.241667
Final Evaluation Time: 993.962 seconds
Final global best fitness: 0.345833
Final global best relays:
204.288, 348.448
70.3335, 122.271
94.9378, 256.943
