PSO EXECUTION
============================
Seed: 60466
Particles: 20
Relays: 6
Iterations: 20
Backend: Simulation
Network Configuration: 1
Area: 400 x 400
Sink: 0, 0
Simulated Relay range: 155
w: 0.8
c1: 1.7
c2: 1.3

Relay Nodes Positions: 
PARTICLE 1: 
366.333, 55.6517
115.311, 33.3555
222.003, 61.8283
92.7386, 40.292
109.908, 157.891
236.174, 123.173
PARTICLE 2: 
163.741, 13.9842
265.334, 29.5154
335.406, 301.769
81.4874, 54.9203
315.72, 170.385
244.621, 269.265
PARTICLE 3: 
301.301, 46.7545
163.772, 58.0555
43.762, 53.3246
367.606, 188.11
249.535, 106.133
165.936, 111.993
PARTICLE 4: 
70.0999, 306.219
55.4702, 196.957
275.432, 249.662
223.142, 229.962
35.067, 43.3472
153.657, 238.502
PARTICLE 5: 
169.765, 348.435
86.4024, 145.934
16.2439, 284.028
18.7608, 26.235
134.761, 350.644
165.703, 205.903
PARTICLE 6: 
165.999, 285.409
101.74, 14.0728
162.615, 391.04
185.157, 215.14
81.2461, 112.513
65.72, 170.906
PARTICLE 7: 
100.125, 366.33
197.897, 142.012
10.4232, 132.993
27.6604, 318.187
193.138, 246.259
139.422, 177.76
PARTICLE 8: 
153.983, 293.253
345.882, 91.9478
121.279, 148.449
372.424, 0.265431
86.0041, 79.5822
208.701, 122.866
PARTICLE 9: 
265.302, 38.3319
203.658, 60.7665
174.56, 58.0222
63.601, 128.768
189.223, 142.279
27.7456, 23.8728
PARTICLE 10: 
85.5578, 44.3493
259.545, 232.475
190.256, 136.62
351.164, 25.8551
290.843, 73.7255
80.7434, 53.0772
PARTICLE 11: 
207.348, 211.091
301.825, 337.738
324.284, 239.642
45.6831, 109.066
90.104, 229.901
99.5112, 181.884
PARTICLE 12: 
214.029, 66.5847
86.044, 171.657
107.372, 227.313
179.85, 250.634
323.607, 266.115
129.702, 81.9602
PARTICLE 13: 
114.153, 57.8056
223.289, 101.688
8.57216, 120.751
367.967, 52.3125
254.854, 222.732
28.6986, 175.141
PARTICLE 14: 
255.364, 31.1238
189.413, 57.2556
57.2402, 245.065
314.645, 102.052
55.4034, 102.921
48.8482, 327.542
PARTICLE 15: 
310.073, 34.5293
398.761, 50.9551
131.56, 136.857
141.369, 34.3593
87.7439, 17.779
184.841, 51.5998
PARTICLE 16: 
282.004, 31.6473
157.312, 1.45821
32.7377, 84.3569
276.286, 238.782
361.297, 149.617
356.001, 39.0075
PARTICLE 17: 
275.679, 116.398
236.011, 285.207
162.774, 49.8606
33.3472, 24.9244
232.228, 185.32
133.82, 57.8171
PARTICLE 18: 
156.387, 250.62
256.188, 358.527
130.75, 11.2802
277.425, 58.5103
246.162, 205.106
287.334, 265.859
PARTICLE 19: 
260.443, 392.059
30.4189, 5.64848
41.6003, 78.0491
176.88, 2.41112
177.921, 274.056
144.782, 145.564
PARTICLE 20: 
355.674, 93.3225
26.1988, 31.6166
123.779, 26.8171
9.14781, 167.233
233.714, 211.16
253.789, 74.0383
Nodes Positions: 
356.813, 14.3382
164.06, 198.554
108.897, 231.96
396.463, 67.0664
33.7606, 373.129
102.45, 57.7478
64.7885, 206.732
193.328, 102.959
300.328, 218.502
177.289, 124.158
269.972, 280.178
246.5, 337.799
139.121, 24.2783
202.764, 240.839
229.141, 308.484
118.803, 90.9964
29.6935, 211.877
341.78, 378.615
310.675, 392.534
81.7874, 171.917
1.31829, 274.501
320.037, 268.526
376.989, 362.645
236.844, 48.7748
328.588, 42.2222
288.883, 256.881
280.423, 108.285
22.6444, 165.897
278.689, 317.807
43.4319, 134.404
349.863, 187.655
127.417, 236.654
313.515, 303.779
252.99, 157.065
391.979, 6.28511
75.355, 18.138
221.739, 331.239
191.966, 146.261
94.9645, 33.6933
151.282, 387.009
62.1365, 83.6142
11.6444, 289.93
210.62, 115.725
373.102, 77.1677
159.411, 182.632
363.439, 248.835
133.256, 356.998
262.851, 351.709
173.979, 325.585
52.8051, 141.419
All particles start with velocity zero
-- ITERATION 0 --
-------------
Particle: 1:
Relays Coordinates:
366.333, 55.6517
115.311, 33.3555
222.003, 61.8283
92.7386, 40.292
109.908, 157.891
236.174, 123.173
Evaluation Time: 1.36018 seconds
Resulting Fitness: 0.64
New local best!
New global best!
-------------
Particle: 2:
Relays Coordinates:
163.741, 13.9842
265.334, 29.5154
335.406, 301.769
81.4874, 54.9203
315.72, 170.385
244.621, 269.265
Evaluation Time: 2.08411 seconds
Resulting Fitness: 0.846667
New local best!
New global best!
-------------
Particle: 3:
Relays Coordinates:
301.301, 46.7545
163.772, 58.0555
43.762, 53.3246
367.606, 188.11
249.535, 106.133
165.936, 111.993
Evaluation Time: 1.6081 seconds
Resulting Fitness: 0.686667
New local best!
-------------
Particle: 4:
Relays Coordinates:
70.0999, 306.219
55.4702, 196.957
275.432, 249.662
223.142, 229.962
35.067, 43.3472
153.657, 238.502
Evaluation Time: 1.80415 seconds
Resulting Fitness: 0.773333
New local best!
-------------
Particle: 5:
Relays Coordinates:
169.765, 348.435
86.4024, 145.934
16.2439, 284.028
18.7608, 26.235
134.761, 350.644
165.703, 205.903
Evaluation Time: 1.61737 seconds
Resulting Fitness: 0.743333
New local best!
-------------
Particle: 6:
Relays Coordinates:
165.999, 285.409
101.74, 14.0728
162.615, 391.04
185.157, 215.14
81.2461, 112.513
65.72, 170.906
Evaluation Time: 1.77269 seconds
Resulting Fitness: 0.773333
New local best!
-------------
Particle: 7:
Relays Coordinates:
100.125, 366.33
197.897, 142.012
10.4232, 132.993
27.6604, 318.187
193.138, 246.259
139.422, 177.76
Evaluation Time: 1.69916 seconds
Resulting Fitness: 0.8
New local best!
-------------
Particle: 8:
Relays Coordinates:
153.983, 293.253
345.882, 91.9478
121.279, 148.449
372.424, 0.265431
86.0041, 79.5822
208.701, 122.866
Evaluation Time: 1.6476 seconds
Resulting Fitness: 0.81
New local best!
-------------
Particle: 9:
Relays Coordinates:
265.302, 38.3319
203.658, 60.7665
174.56, 58.0222
63.601, 128.768
189.223, 142.279
27.7456, 23.8728
Evaluation Time: 1.45501 seconds
Resulting Fitness: 0.623333
New local best!
-------------
Particle: 10:
Relays Coordinates:
85.5578, 44.3493
259.545, 232.475
190.256, 136.62
351.164, 25.8551
290.843, 73.7255
80.7434, 53.0772
Evaluation Time: 1.60065 seconds
Resulting Fitness: 0.806667
New local best!
-------------
Particle: 11:
Relays Coordinates:
207.348, 211.091
301.825, 337.738
324.284, 239.642
45.6831, 109.066
90.104, 229.901
99.5112, 181.884
Evaluation Time: 1.7916 seconds
Resulting Fitness: 0.856667
New local best!
New global best!
-------------
Particle: 12:
Relays Coordinates:
214.029, 66.5847
86.044, 171.657
107.372, 227.313
179.85, 250.634
323.607, 266.115
129.702, 81.9602
Evaluation Time: 1.90082 seconds
Resulting Fitness: 0.823333
New local best!
-------------
Particle: 13:
Relays Coordinates:
114.153, 57.8056
223.289, 101.688
8.57216, 120.751
367.967, 52.3125
254.854, 222.732
28.6986, 175.141
Evaluation Time: 1.63706 seconds
Resulting Fitness: 0.833333
New local best!
-------------
Particle: 14:
Relays Coordinates:
255.364, 31.1238
189.413, 57.2556
57.2402, 245.065
314.645, 102.052
55.4034, 102.921
48.8482, 327.542
Evaluation Time: 1.55988 seconds
Resulting Fitness: 0.663333
New local best!
-------------
Particle: 15:
Relays Coordinates:
310.073, 34.5293
398.761, 50.9551
131.56, 136.857
141.369, 34.3593
87.7439, 17.779
184.841, 51.5998
Evaluation Time: 1.2143 seconds
Resulting Fitness: 0.566667
New local best!
-------------
Particle: 16:
Relays Coordinates:
282.004, 31.6473
157.312, 1.45821
32.7377, 84.3569
276.286, 238.782
361.297, 149.617
356.001, 39.0075
Evaluation Time: 1.93514 seconds
Resulting Fitness: 0.793333
New local best!
-------------
Particle: 17:
Relays Coordinates:
275.679, 116.398
236.011, 285.207
162.774, 49.8606
33.3472, 24.9244
232.228, 185.32
133.82, 57.8171
Evaluation Time: 1.9855 seconds
Resulting Fitness: 0.786667
New local best!
-------------
Particle: 18:
Relays Coordinates:
156.387, 250.62
256.188, 358.527
130.75, 11.2802
277.425, 58.5103
246.162, 205.106
287.334, 265.859
Evaluation Time: 1.86351 seconds
Resulting Fitness: 0.793333
New local best!
-------------
Particle: 19:
Relays Coordinates:
260.443, 392.059
30.4189, 5.64848
41.6003, 78.0491
176.88, 2.41112
177.921, 274.056
144.782, 145.564
Evaluation Time: 1.60999 seconds
Resulting Fitness: 0.786667
New local best!
-------------
Particle: 20:
Relays Coordinates:
355.674, 93.3225
26.1988, 31.6166
123.779, 26.8171
9.14781, 167.233
233.714, 211.16
253.789, 74.0383
Evaluation Time: 1.57067 seconds
Resulting Fitness: 0.856667
New local best!
Current global best fitness: 0.856667
Current global best relays: 207.348, 211.091
301.825, 337.738
324.284, 239.642
45.6831, 109.066
90.104, 229.901
99.5112, 181.884
Particle 1 new velocities: -28.2277, 44.2849
166.038, 340.661
96.667, 204.753
-60.5743, 37.3729
-0.578225, 70.5631
-161.824, 4.36356
Particle 2 new velocities: 13.5902, 92.3791
26.9417, 38.5685
-10.6882, -22.7024
-17.2718, 18.5258
-171.966, 64.3374
-55.026, -11.2488
Particle 3 new velocities: -2.43779, 4.31534
115.014, 16.2204
69.8024, 21.9503
-185.102, -73.7785
-166.811, 124.393
-32.6226, 55.5124
Particle 4 new velocities: 70.5323, -16.4948
282.819, 90.2946
12.8313, -10.3246
-107.874, -81.1238
3.17096, 76.4716
-64.0133, -9.01665
Particle 5 new velocities: 29.1839, -161.006
261.041, 182.343
239.772, -1.21001
33.2505, 15.2284
-54.469, -112.461
-42.7328, -11.9356
Particle 6 new velocities: 46.9815, -49.2341
1.65229, 100.579
47.2812, -171.48
-107.609, -2.3776
6.92904, 94.2867
34.389, 8.82341
Particle 7 new velocities: 28.0042, -132.041
111.601, 188.26
108.939, 59.5283
7.52702, -158.46
-69.4338, -5.34462
-7.22767, 2.08742
Particle 8 new velocities: 36.0982, -43.9425
-11.3956, 309.83
19.2921, 26.8403
-143.046, 69.1286
0.149846, 59.6831
-95.901, 31.3579
Particle 9 new velocities: -48.0019, 31.9661
81.5464, 218.739
2.1021, 70.578
-7.68007, -14.9789
-117.856, 85.4634
34.8289, 62.3469
Particle 10 new velocities: 151.701, 26.0707
11.3661, 81.0189
145.773, 133.255
-200.921, 32.3171
-202.526, 28.8419
24.1988, 30.33
Particle 11 new velocities: 0, 0
0, 0
0, 0
0, 0
0, 0
0, 0
Particle 12 new velocities: -0.295801, 81.9084
48.1677, 34.0088
271.205, 15.9389
-12.5623, -134.847
-125.512, -39.0167
-27.8876, 21.9959
Particle 13 new velocities: 101.262, 85.9726
55.9524, 280.652
352.212, 130.077
-357.84, 32.9593
-148.597, 2.33065
86.4921, 8.57853
Particle 14 new velocities: -41.1805, 196.297
30.3319, 76.569
128.525, -5.99572
-172.768, 5.26189
19.662, 88.3986
56.926, -21.3256
Particle 15 new velocities: -56.2104, 191.487
-79.5209, 185.788
91.6664, 59.4383
-91.7797, 60.1865
2.01032, 259.164
-50.3593, 154.324
Particle 16 new velocities: -72.6287, 55.7049
145.246, 25.3482
116.504, 118.094
-220.949, -91.6566
-99.1205, 94.9934
-299.14, 166.739
Particle 17 new velocities: -9.01663, 20.3678
6.87655, 12.5898
125.1, 15.2007
5.46434, 88.4944
-97.7756, 5.41112
-32.602, 92.7663
Particle 18 new velocities: 43.8096, -44.0586
4.83625, -25.3904
14.4977, 93.1322
-232.42, 47.1296
-31.3482, 12.4991
-107.4, -41.4192
Particle 19 new velocities: -0.601565, -215.9
341.653, 68.1369
32.6082, 47.0221
-57.0839, 52.4755
-29.4545, -16.4094
-42.4922, 29.5892
Particle 20 new velocities: -146.02, 44.8506
107.643, 300.052
40.7026, 147.415
8.72771, -26.5257
-3.26037, 1.12753
-61.0785, 110.054
-- ITERATION 1 --
-------------
Particle: 1:
Relays Coordinates:
221.831, 65.5684
184.594, 245.392
209.08, 174.904
21.103, 50.9559
71.7314, 149.889
48.7816, 83.6769
Evaluation Time: 1.73389 seconds
Resulting Fitness: 0.796667
New local best!
-------------
Particle: 2:
Relays Coordinates:
177.331, 106.363
292.276, 68.0839
324.718, 279.067
64.2156, 73.4461
143.754, 234.722
189.595, 258.016
Evaluation Time: 1.83711 seconds
Resulting Fitness: 0.893333
New local best!
New global best!
-------------
Particle: 3:
Relays Coordinates:
298.863, 51.0698
278.786, 74.2759
113.564, 75.2749
182.504, 114.331
82.7243, 230.526
133.313, 167.505
Evaluation Time: 1.45403 seconds
Resulting Fitness: 0.716667
New local best!
-------------
Particle: 4:
Relays Coordinates:
126.569, 260.752
304.461, 258.527
259.437, 215.404
103.741, 133.954
34.4141, 107.837
80.6796, 206.537
Evaluation Time: 1.78484 seconds
Resulting Fitness: 0.87
New local best!
-------------
Particle: 5:
Relays Coordinates:
179.054, 168.686
312.699, 295.449
230.414, 254.537
46.8102, 37.317
72.2627, 214.364
110.673, 174.571
Evaluation Time: 1.87604 seconds
Resulting Fitness: 0.85
New local best!
-------------
Particle: 6:
Relays Coordinates:
212.98, 236.175
103.393, 114.652
209.897, 219.559
77.5487, 212.763
88.1751, 206.799
100.109, 179.729
Evaluation Time: 1.53217 seconds
Resulting Fitness: 0.71
-------------
Particle: 7:
Relays Coordinates:
93.4062, 170.797
225.624, 240.769
87.0151, 140.348
25.6516, 116.441
90.1804, 175.627
96.3696, 131.109
Evaluation Time: 1.55826 seconds
Resulting Fitness: 0.743333
-------------
Particle: 8:
Relays Coordinates:
138.569, 181.748
243.84, 291.6
102.477, 127.786
167.216, 50.5883
62.8062, 101.524
82.2309, 112.429
Evaluation Time: 1.58501 seconds
Resulting Fitness: 0.796667
-------------
Particle: 9:
Relays Coordinates:
176.013, 56.9414
231.016, 226.399
143.096, 104.166
45.296, 92.1688
57.8071, 184.471
50.6853, 69.8379
Evaluation Time: 1.51868 seconds
Resulting Fitness: 0.77
New local best!
-------------
Particle: 10:
Relays Coordinates:
155.665, 46.2025
177.745, 205.684
220.469, 177.065
98.5742, 38.1668
57.9448, 67.2945
68.8526, 54.7235
Evaluation Time: 1.51336 seconds
Resulting Fitness: 0.68
-------------
Particle: 11:
Relays Coordinates:
207.348, 211.091
301.825, 337.738
324.284, 239.642
45.6831, 109.066
90.104, 229.901
99.5112, 181.884
Evaluation Time: 1.74306 seconds
Resulting Fitness: 0.856667
-------------
Particle: 12:
Relays Coordinates:
173.124, 120.279
108.712, 166.589
306.647, 197.034
135.503, 93.7875
160.457, 183.95
82.4694, 84.2044
Evaluation Time: 1.50043 seconds
Resulting Fitness: 0.77
-------------
Particle: 13:
Relays Coordinates:
174.486, 116.46
226.185, 309.696
292.235, 203.171
8.20258, 69.0702
86.0683, 182.301
93.3045, 148.813
Evaluation Time: 1.77733 seconds
Resulting Fitness: 0.82
-------------
Particle: 14:
Relays Coordinates:
173.489, 184.211
177.994, 108.398
150.47, 193.646
114.921, 86.9242
60.803, 154.969
85.6771, 248.035
Evaluation Time: 1.38943 seconds
Resulting Fitness: 0.69
New local best!
-------------
Particle: 15:
Relays Coordinates:
253.863, 226.017
319.24, 236.743
223.227, 196.295
49.5891, 94.5458
89.7542, 276.943
134.482, 205.924
Evaluation Time: 1.78428 seconds
Resulting Fitness: 0.866667
New local best!
-------------
Particle: 16:
Relays Coordinates:
188.437, 78.617
272.302, 24.1257
134.317, 182.206
49.8038, 132.413
235.959, 220.15
51.1749, 185.172
Evaluation Time: 1.70464 seconds
Resulting Fitness: 0.86
New local best!
-------------
Particle: 17:
Relays Coordinates:
266.662, 136.766
242.887, 297.797
287.873, 65.0613
38.8116, 113.419
134.452, 190.731
101.218, 150.583
Evaluation Time: 1.855 seconds
Resulting Fitness: 0.893333
New local best!
-------------
Particle: 18:
Relays Coordinates:
200.196, 206.562
261.025, 333.137
145.248, 104.412
45.0048, 105.64
214.813, 217.605
179.934, 224.439
Evaluation Time: 1.6939 seconds
Resulting Fitness: 0.81
New local best!
-------------
Particle: 19:
Relays Coordinates:
259.841, 176.158
372.072, 73.7854
74.2086, 125.071
119.796, 54.8866
148.466, 257.646
102.29, 175.153
Evaluation Time: 1.80438 seconds
Resulting Fitness: 0.85
New local best!
-------------
Particle: 20:
Relays Coordinates:
209.654, 138.173
133.841, 331.668
164.481, 174.232
17.8755, 140.707
230.454, 212.288
192.711, 184.093
Evaluation Time: 1.61487 seconds
Resulting Fitness: 0.776667
Current global best fitness: 0.893333
Current global best relays: 177.331, 106.363
292.276, 68.0839
324.718, 279.067
64.2156, 73.4461
143.754, 234.722
189.595, 258.016
Particle 1 new velocities: -34.6709, 66.8014
170.452, 270.129
193.091, 291.257
-35.0824, 38.1827
61.5758, 156.729
-78.2552, 18.905
Particle 2 new velocities: 10.8722, 73.9033
21.5534, 30.8548
-8.55052, -18.1619
-13.8175, 14.8206
-137.572, 51.4699
-44.0208, -8.99906
Particle 3 new velocities: -136.331, 32.3187
97.8356, 7.86245
115.818, 225.396
-210.785, -90.5545
-82.3653, 100.209
34.7025, 79.9263
Particle 4 new velocities: 88.1661, -181.53
225.459, 41.7537
49.5074, 39.3577
-94.958, -133.305
137.759, 136.505
88.6407, 53.4777
Particle 5 new velocities: 23.1785, -131.677
200.961, -48.2071
296.906, 9.51674
27.5031, 45.5088
10.0798, -67.8105
-9.27362, 70.9725
Particle 6 new velocities: -26.6566, -164.919
122.865, -66.667
-13.6248, -16.1365
73.348, -24.1141
11.6339, -13.9935
32.8063, 64.6073
Particle 7 new velocities: 73.6102, -62.1055
113.203, 81.644
269.582, 110.507
41.4205, -148.77
180.256, 98.3966
145.844, 125.775
Particle 8 new velocities: 83.8613, 20.7106
182.089, -232.964
326.469, 235.266
86.0247, 31.9898
80.2767, 93.6076
163.329, 153.223
Particle 9 new velocities: -37.0419, 89.505
73.1007, 103.885
153.642, 266.639
3.87776, -21.0998
-75.3036, 92.4755
170.102, 76.9741
Particle 10 new velocities: 65.8992, 43.9025
30.0587, -16.4169
110.979, 155.936
-88.106, 16.1194
63.3034, 140.142
96.0973, 191.92
Particle 11 new velocities: -2.14391, -93.9405
-1.16751, -36.2424
0.35152, 49.4829
11.3193, -21.996
35.0446, 0.782374
86.7377, 94.5602
Particle 12 new velocities: 16.4881, 3.34844
178.709, -96.4182
107.689, 60.5994
3.55063, 77.5267
-58.5277, 15.7976
51.0922, 116.026
Particle 13 new velocities: 81.9175, -22.492
91.0022, 119.404
236.839, 124.263
267.825, 6.25128
88.3361, 55.3985
164.186, 192.866
Particle 14 new velocities: -30.35, 123.417
41.8228, 21.8373
195.82, 100.36
-200.364, -11.5391
71.0357, 73.459
54.4426, -6.53726
Particle 15 new velocities: -70.7919, 70.3637
-76.0307, -2.67922
131.226, 52.3531
-55.7275, 30.2089
5.82917, 167.852
28.653, 183.242
Particle 16 new velocities: -59.7065, 74.8895
124.519, 35.403
301.275, 100.208
-168.801, -141.189
-168.391, 88.2653
-232.989, 199.787
Particle 17 new velocities: -76.5167, 8.24114
18.5966, -92.2651
128.983, 189.729
15.0214, 36.4443
-67.2669, 17.2985
54.4502, 105.23
Particle 18 new velocities: 31.6348, -150.926
25.9167, -39.5709
65.668, 234.856
-162.381, 11.5179
-101.764, 24.0495
-75.2219, -14.8282
Particle 19 new velocities: -94.0638, -205.832
218.671, 53.3789
159.907, 90.7865
-64.7229, 57.4514
-26.3724, -24.5977
16.398, 39.4886
Particle 20 new velocities: -15.0246, -14.2381
3.17092, -224.792
157.242, 181.974
33.0642, -68.1591
-103.336, 4.80864
0.152659, 32.5738
-- ITERATION 2 --
-------------
Particle: 1:
Relays Coordinates:
110.516, 78.163
209.651, 236.196
236.196, 236.196
0, 52.6354
78.7166, 181.055
0, 60.5736
Evaluation Time: 1.68428 seconds
Resulting Fitness: 0.736667
-------------
Particle: 2:
Relays Coordinates:
169.383, 162.24
282.446, 89.0448
284.551, 234.815
45.3583, 79.44
5.5636, 257.573
131.016, 224.115
Evaluation Time: 1.79578 seconds
Resulting Fitness: 0.87
-------------
Particle: 3:
Relays Coordinates:
106.637, 54.7112
247.101, 53.891
150.498, 197.27
0, 15.5998
0.23554, 216.995
110.235, 162.34
Evaluation Time: 1.43837 seconds
Resulting Fitness: 0.72
New local best!
-------------
Particle: 4:
Relays Coordinates:
140.888, 51.9779
262.44, 197.014
202.699, 167.149
5.76248, 0.426366
112.963, 160.313
111.091, 170.596
Evaluation Time: 1.73128 seconds
Resulting Fitness: 0.74
-------------
Particle: 5:
Relays Coordinates:
107.475, 19.6682
212.576, 131.394
212.576, 140.329
39.4932, 44.0171
43.7602, 77.8848
53.8878, 130.492
Evaluation Time: 1.22558 seconds
Resulting Fitness: 0.563333
-------------
Particle: 6:
Relays Coordinates:
135.83, 51.9456
164.942, 34.9812
143.082, 148.295
110.004, 137.525
72.7608, 140.556
96.8953, 178.121
Evaluation Time: 1.26705 seconds
Resulting Fitness: 0.53
-------------
Particle: 7:
Relays Coordinates:
150.315, 97.8223
304.944, 290.172
320.937, 225.77
60.3649, 0
243.392, 246.621
217.992, 231.195
Evaluation Time: 1.63129 seconds
Resulting Fitness: 0.756667
-------------
Particle: 8:
Relays Coordinates:
131.343, 119.549
236.196, 34.6239
236.196, 214.379
149.536, 48.7615
84.489, 115.224
145.001, 156.865
Evaluation Time: 1.60764 seconds
Resulting Fitness: 0.79
-------------
Particle: 9:
Relays Coordinates:
101.31, 106.759
221.701, 240.777
216.322, 270.317
35.8476, 51.8094
0, 201.894
160.954, 107.026
Evaluation Time: 1.75329 seconds
Resulting Fitness: 0.753333
-------------
Particle: 10:
Relays Coordinates:
179.467, 72.9851
168.321, 153.306
268.473, 269.73
8.4792, 43.9718
98.2111, 168.023
133.609, 199.781
Evaluation Time: 1.76363 seconds
Resulting Fitness: 0.736667
-------------
Particle: 11:
Relays Coordinates:
205.204, 117.15
300.657, 301.496
324.635, 289.125
57.0024, 87.0699
125.149, 230.683
186.249, 276.445
Evaluation Time: 1.87774 seconds
Resulting Fitness: 0.816667
-------------
Particle: 12:
Relays Coordinates:
124.404, 81.1122
188.577, 46.0392
262.44, 169.033
91.233, 112.399
66.8757, 131.054
87.6298, 131.371
Evaluation Time: 1.42149 seconds
Resulting Fitness: 0.69
-------------
Particle: 13:
Relays Coordinates:
136.263, 49.9386
168.566, 212.576
212.576, 174.011
146.692, 40.0289
92.6857, 126.323
136.841, 181.582
Evaluation Time: 1.51562 seconds
Resulting Fitness: 0.683333
-------------
Particle: 14:
Relays Coordinates:
104.348, 224.261
160.246, 94.9415
252.446, 214.331
0, 54.9557
96.1104, 166.524
102.147, 176.052
Evaluation Time: 1.65207 seconds
Resulting Fitness: 0.746667
New local best!
-------------
Particle: 15:
Relays Coordinates:
108.101, 175.01
143.613, 138.212
209.301, 146.824
0, 73.6664
56.441, 236.196
96.3294, 229.798
Evaluation Time: 1.44068 seconds
Resulting Fitness: 0.68
-------------
Particle: 16:
Relays Coordinates:
68.4129, 81.5797
210.887, 31.636
212.576, 150.087
0, 0
35.9081, 163.904
0, 204.583
Evaluation Time: 1.45921 seconds
Resulting Fitness: 0.613333
-------------
Particle: 17:
Relays Coordinates:
171.131, 130.507
235.336, 184.979
360, 229.311
48.4497, 134.877
60.4669, 187.226
140.101, 230.232
Evaluation Time: 1.65169 seconds
Resulting Fitness: 0.84
-------------
Particle: 18:
Relays Coordinates:
169.005, 40.5585
209.18, 214.009
153.758, 247.327
0, 85.408
82.4133, 176.166
76.3349, 152.807
Evaluation Time: 1.58089 seconds
Resulting Fitness: 0.773333
-------------
Particle: 19:
Relays Coordinates:
134.28, 0
324, 103.003
189.633, 174.845
44.6092, 90.9938
98.8959, 188.769
96.1371, 173.86
Evaluation Time: 1.64282 seconds
Resulting Fitness: 0.716667
-------------
Particle: 20:
Relays Coordinates:
157.649, 100.387
110.98, 86.5699
260.595, 288.527
41.2612, 58.7639
102.966, 175.848
156.219, 175.5
Evaluation Time: 1.75186 seconds
Resulting Fitness: 0.79
Current global best fitness: 0.893333
Current global best relays: 177.331, 106.363
292.276, 68.0839
324.718, 279.067
64.2156, 73.4461
143.754, 234.722
189.595, 258.016
Particle 1 new velocities: 25.5737, 72.2944
204.341, -94.3984
39.7227, 20.9707
86.8169, 35.0064
121.111, 192.009
8.51884, 161.068
Particle 2 new velocities: 21.6321, -37.0471
29.1539, 10.8493
42.0628, 62.3705
6.534, -4.58519
165.641, 25.3694
44.3505, 85.3324
Particle 3 new velocities: -33.1241, 36.073
130.167, 21.8743
167.48, 205.922
78.4054, -52.3895
-1.4306, 91.3605
49.9287, 148.279
Particle 4 new velocities: 95.1909, -22.0737
19.1887, -20.3105
138.282, 92.7773
-34.5622, -20.8661
46.2119, 128.497
57.5505, 123.863
Particle 5 new velocities: 156.469, 30.2141
187.822, 162.417
74.8889, 150.328
54.5382, 38.5878
144.202, 330.601
142.27, 108.46
Particle 6 new velocities: 8.84192, 153.86
123.112, -48.5063
133.498, 423.492
24.1561, 8.20358
37.2992, 96.8054
19.8014, 141.162
Particle 7 new velocities: 22.6334, 70.5542
-32.3077, -136.55
-48.3634, 89.1706
-13.3801, 397.144
-35.5784, 73.0941
34.189, 56.5529
Particle 8 new velocities: 108.391, 90.6371
68.8416, -127.339
-55.6867, 210.157
135.837, 43.0881
84.7591, 152.942
151.972, 229.828
Particle 9 new velocities: 123.721, 6.56896
71.2487, -92.7888
215.755, 63.2593
36.1485, 42.564
131.328, 82.445
56.7933, 111.561
Particle 10 new velocities: 35.2234, 66.6888
197.184, 10.4813
-1.00676, 88.9215
184.698, 22.7294
65.2026, 119.784
33.5028, 179.048
Particle 11 new velocities: -28.0958, 5.603
-6.9539, -136.719
-0.237232, -3.68474
-0.152859, -19.3893
8.14105, 0.885368
-51.9689, 38.4018
Particle 12 new velocities: 57.1196, 13.2811
114.848, -53.5676
-136.854, 126.004
25.8507, 236.825
393.038, 284.187
124.065, 31.3791
Particle 13 new velocities: 81.3924, 10.3096
125.732, -100.432
3.16097, 205.342
364.459, 34.0979
140.372, 248.583
133.822, 241.095
Particle 14 new velocities: 22.735, -10.8305
172.75, 4.63925
210.342, 133.088
2.59404, 5.69061
63.2593, 85.2968
126.547, 90.3886
Particle 15 new velocities: 156.985, 63.2547
201.489, 17.8266
153.456, 265.583
120.695, 29.2997
134.366, 51.4236
143.236, 121.309
Particle 16 new velocities: 237.371, 73.5332
162.317, 29.0614
-30.0467, 144.466
61.0737, 130.432
104.535, 178.505
120.485, 211.816
Particle 17 new velocities: 68.5338, -0.222505
72.9849, 44.8328
-107.304, -52.4303
21.2833, -53.5936
116.78, 70.3093
14.0907, -35.0224
Particle 18 new velocities: 54.8772, 152.616
114.829, -39.6403
99.231, 173.991
88.4236, 16.6398
144.567, 101.763
70.3198, 33.2946
Particle 19 new velocities: -4.01521, 200.911
-33.2561, -15.1116
180.438, 142.839
37.5136, -16.5902
29.6335, 82.265
65.505, 50.8552
Particle 20 new velocities: 140.846, -16.0302
165.657, -194.255
-46.376, 92.7408
2.49779, 26.6949
-18.5618, 117.77
24.5172, -12.0381
-- ITERATION 3 --
-------------
Particle: 1:
Relays Coordinates:
110.233, 121.871
324, 114.856
223.494, 208.305
70.3217, 70.9899
161.86, 302.182
6.90026, 179.53
Evaluation Time: 1.80645 seconds
Resulting Fitness: 0.856667
New local best!
-------------
Particle: 2:
Relays Coordinates:
171.913, 112.674
280.44, 89.9047
293.952, 267.467
46.7031, 67.3694
154.084, 254.648
157.83, 278.503
Evaluation Time: 1.81815 seconds
Resulting Fitness: 0.92
New local best!
New global best!
-------------
Particle: 3:
Relays Coordinates:
35.1609, 43.4218
180.446, 36.2383
152.088, 191.319
37.5011, 0
0, 147.486
76.6058, 148.568
Evaluation Time: 1.34801 seconds
Resulting Fitness: 0.643333
-------------
Particle: 4:
Relays Coordinates:
139.402, 17.6581
166.299, 104.342
201.346, 153.484
0, 0
93.9909, 170.539
99.5812, 173.875
Evaluation Time: 1.33282 seconds
Resulting Fitness: 0.56
-------------
Particle: 5:
Relays Coordinates:
213.794, 40.4047
324, 237.988
232.847, 235.432
76.1654, 66.91
152.249, 324
158.888, 193.551
Evaluation Time: 1.74765 seconds
Resulting Fitness: 0.883333
New local best!
-------------
Particle: 6:
Relays Coordinates:
105.466, 150.033
209.992, 0
201.627, 291.6
97.8025, 106.236
80.2338, 173.036
85.0718, 232.758
Evaluation Time: 1.63302 seconds
Resulting Fitness: 0.803333
New local best!
-------------
Particle: 7:
Relays Coordinates:
102.124, 99.4247
160.989, 90.7121
160.952, 185.969
27.744, 234.51
122.712, 188.789
148.91, 169.913
Evaluation Time: 1.31981 seconds
Resulting Fitness: 0.65
-------------
Particle: 8:
Relays Coordinates:
114.664, 100.532
145.899, 0
86.337, 191.319
136.493, 43.9314
80.9508, 128.263
142.041, 184.954
Evaluation Time: 1.25644 seconds
Resulting Fitness: 0.556667
-------------
Particle: 9:
Relays Coordinates:
147.643, 74.3547
192.204, 97.0953
262.44, 218.859
47.2367, 61.9183
86.1642, 186.555
142.864, 143.415
Evaluation Time: 1.69154 seconds
Resulting Fitness: 0.766667
-------------
Particle: 10:
Relays Coordinates:
156.51, 101.822
266.453, 119.401
194.983, 261.457
140.826, 48.6252
119.129, 209.812
121.825, 276.166
Evaluation Time: 1.8415 seconds
Resulting Fitness: 0.83
New local best!
-------------
Particle: 11:
Relays Coordinates:
177.108, 122.753
293.703, 164.777
324.398, 285.44
56.8496, 67.6806
133.29, 231.568
134.28, 314.847
Evaluation Time: 1.80355 seconds
Resulting Fitness: 0.906667
New local best!
-------------
Particle: 12:
Relays Coordinates:
96.4693, 50.1645
161.252, 0
66.7416, 156.795
62.2231, 185.592
212.576, 212.576
112.503, 86.4922
Evaluation Time: 1.59586 seconds
Resulting Fitness: 0.71
-------------
Particle: 13:
Relays Coordinates:
115.671, 32.0183
156.402, 59.5984
114.652, 201.604
212.576, 39.394
123.857, 199.241
143.841, 212.576
Evaluation Time: 1.59084 seconds
Resulting Fitness: 0.676667
-------------
Particle: 14:
Relays Coordinates:
92.6437, 155.591
242.754, 72.5943
291.6, 253.268
1.89106, 44.2112
116.18, 183.577
166.718, 194.235
Evaluation Time: 1.77988 seconds
Resulting Fitness: 0.833333
New local best!
-------------
Particle: 15:
Relays Coordinates:
193.248, 173.695
251.579, 113.752
264.45, 291.6
87.9868, 75.0623
139.098, 209.675
174.643, 255.957
Evaluation Time: 1.79729 seconds
Resulting Fitness: 0.9
New local best!
-------------
Particle: 16:
Relays Coordinates:
222.916, 113.077
272.065, 44.2484
133.064, 214.729
44.5228, 95.0848
102.383, 249.616
87.8339, 291.6
Evaluation Time: 1.61895 seconds
Resulting Fitness: 0.766667
-------------
Particle: 17:
Relays Coordinates:
239.665, 130.284
308.32, 229.811
252.696, 176.881
69.733, 81.2831
177.247, 257.536
154.192, 195.21
Evaluation Time: 1.71288 seconds
Resulting Fitness: 0.816667
-------------
Particle: 18:
Relays Coordinates:
223.882, 193.175
324.009, 174.369
252.989, 400
88.4236, 102.048
226.98, 277.929
146.655, 186.101
Evaluation Time: 1.67045 seconds
Resulting Fitness: 0.86
New local best!
-------------
Particle: 19:
Relays Coordinates:
85.4665, 131.818
190.757, 57.6656
242.804, 208.432
53.8808, 48.8162
84.3282, 177.826
106.053, 147.435
Evaluation Time: 1.67287 seconds
Resulting Fitness: 0.753333
-------------
Particle: 20:
Relays Coordinates:
268.646, 75.9215
248.974, 0
192.797, 343.141
39.3831, 76.9129
75.9635, 264.257
162.663, 147.116
Evaluation Time: 1.78673 seconds
Resulting Fitness: 0.89
New local best!
Current global best fitness: 0.92
Current global best relays: 171.913, 112.674
280.44, 89.9047
293.952, 267.467
46.7031, 67.3694
154.084, 254.648
157.83, 278.503
Particle 1 new velocities: 32.7888, 48.5198
-54.1932, -94.8541
71.46, 32.0059
39.0542, 24.9908
96.0045, 97.8886
49.7854, 138.128
Particle 2 new velocities: 17.3057, -29.6377
23.3231, 8.6794
33.6502, 49.8964
5.2272, -3.66815
132.513, 20.2955
35.4804, 68.2659
Particle 3 new velocities: 53.2064, 93.7979
319.108, 45.0101
293.191, 17.4857
13.6545, 43.3315
141.447, 187.441
92.3416, 195.852
Particle 4 new velocities: 98.9982, 325.417
181.166, 218.604
254.727, 207.028
168.62, 157.298
35.1408, 19.9543
99.969, 175.311
Particle 5 new velocities: 90.4495, 95.4562
-26.5065, 108.865
135.078, 127.082
32.8566, 31.4163
116.452, -43.2877
112.493, 96.192
Particle 6 new velocities: 81.3891, 77.3171
99.1247, 47.1704
159.955, -28.4614
-31.0449, -1.6496
66.8438, 119.745
23.2453, 168.512
Particle 7 new velocities: 76.1028, 304.414
19.8145, -93.9089
23.5628, 123.189
3.82579, 220.62
-14.5206, 129.347
22.9069, 55.157
Particle 8 new velocities: 183.892, 376.372
450.763, 69.0498
272.488, -35.7707
64.3518, -2.43067
163.928, 136.951
187.067, 202.743
Particle 9 new velocities: 117.069, 34.0679
133.337, 40.6368
19.1963, -29.4573
28.7798, 71.0703
135.119, 75.3025
-55.9207, 131.78
Particle 10 new velocities: 44.1061, 64.2334
158.525, -4.22907
69.4399, 77.8697
118.842, 31.5536
55.1233, 114.267
41.4124, 145.438
Particle 11 new velocities: -22.7575, -1.6983
-12.6576, -130.744
-8.22686, -3.71398
-4.47114, -15.5525
26.4809, 24.932
-39.1034, 6.2722
Particle 12 new velocities: 141.021, 54.0975
98.264, 319.413
162.787, 135.719
72.1665, 91.5947
159.652, 78.0469
168.778, 87.1781
Particle 13 new velocities: 82.5781, 114.312
109.942, -8.71767
-59.029, 63.3712
53.8712, 43.7179
337.235, 252.655
64.465, -44.3277
Particle 14 new velocities: 22.986, -15.2457
182.296, 23.2673
0.335985, 117.541
59.858, 23.3395
75.7004, 151.048
100.708, 95.1199
Particle 15 new velocities: 115.305, 42.9484
178.628, -8.78481
152.929, -20.3418
67.4362, 23.3039
118.311, 59.9651
96.2654, 102.655
Particle 16 new velocities: 106.199, 21.6543
139.079, 30.085
108.466, 116.59
57.2759, 110.402
349.127, 93.5072
99.2308, -98.2535
Particle 17 new velocities: 1.60581, -17.6816
-42.2268, 97.2672
12.4911, -118.064
-28.4885, -22.4733
26.8684, 14.1075
-7.15057, -50.1716
Particle 18 new velocities: 38.9002, 84.1711
56.7927, -76.1086
86.8269, -55.7166
48.4162, -10.1883
85.7427, 75.1005
57.9673, 109.529
Particle 19 new velocities: 140.602, 147.944
218.165, 18.9013
26.2608, 78.2857
114.131, 16.1186
176.143, 192.307
50.712, 193.124
Particle 20 new velocities: 19.5798, 17.2457
171.733, 29.4005
78.297, 65.3384
6.63625, 13.1899
13.6772, 88.0414
15.4241, 118.135
-- ITERATION 4 --
-------------
Particle: 1:
Relays Coordinates:
115.847, 138.016
218.543, 16.2015
238.913, 194.652
88.5944, 77.7444
208.871, 324
45.9154, 257.303
Evaluation Time: 1.70559 seconds
Resulting Fitness: 0.863333
New local best!
-------------
Particle: 2:
Relays Coordinates:
153.268, 67.259
246.048, 79.8531
265.358, 257.064
42.0635, 51.598
232.143, 222.704
156.582, 280.883
Evaluation Time: 1.98326 seconds
Resulting Fitness: 0.87
-------------
Particle: 3:
Relays Coordinates:
46.962, 72.9242
212.576, 43.1787
212.576, 110.967
27.1862, 23.0282
75.171, 177.994
89.7856, 183.039
Evaluation Time: 1.31492 seconds
Resulting Fitness: 0.58
-------------
Particle: 4:
Relays Coordinates:
156.414, 225.092
227.972, 211.885
262.44, 236.532
110.632, 103.203
84.7233, 124.983
130.925, 229.101
Evaluation Time: 1.52335 seconds
Resulting Fitness: 0.796667
-------------
Particle: 5:
Relays Coordinates:
221.794, 99.0426
216.873, 252.856
268.217, 264.273
79.4771, 71.6799
195.883, 204.639
197.837, 211.222
Evaluation Time: 1.82185 seconds
Resulting Fitness: 0.85
-------------
Particle: 6:
Relays Coordinates:
122.596, 149.164
202.811, 30.9485
237.234, 172.645
43.7996, 68.6192
96.4976, 192.094
71.0669, 262.44
Evaluation Time: 1.54513 seconds
Resulting Fitness: 0.766667
-------------
Particle: 7:
Relays Coordinates:
116.935, 262.44
118.625, 0
121.06, 202.838
20.713, 262.44
70.9845, 208.729
112.729, 147.668
Evaluation Time: 1.52603 seconds
Resulting Fitness: 0.643333
-------------
Particle: 8:
Relays Coordinates:
217.648, 291.6
291.6, 50.3373
261.584, 113.395
146.416, 30.254
178.516, 193.341
239.92, 282.631
Evaluation Time: 2.03005 seconds
Resulting Fitness: 0.843333
New local best!
-------------
Particle: 9:
Relays Coordinates:
264.712, 108.423
325.541, 137.732
281.636, 189.402
76.0164, 132.989
221.283, 261.858
86.9433, 275.195
Evaluation Time: 1.91188 seconds
Resulting Fitness: 0.853333
New local best!
-------------
Particle: 10:
Relays Coordinates:
118.462, 98.0542
236.196, 68.0078
156.139, 200.369
153.332, 47.3448
102.894, 191.365
96.39, 236.196
Evaluation Time: 1.61191 seconds
Resulting Fitness: 0.716667
-------------
Particle: 11:
Relays Coordinates:
138.915, 108.949
252.941, 30.6297
284.554, 253.554
47.1406, 46.9153
143.794, 230.85
85.6589, 289.007
Evaluation Time: 1.84111 seconds
Resulting Fitness: 0.933333
New local best!
New global best!
-------------
Particle: 12:
Relays Coordinates:
140.236, 61.5657
153.242, 188.61
135.535, 172.727
79.3557, 163.676
219.797, 171.61
166.094, 102.551
Evaluation Time: 1.43819 seconds
Resulting Fitness: 0.64
-------------
Particle: 13:
Relays Coordinates:
94.8221, 69.9895
127.391, 24.3361
26.6042, 126.737
127.441, 39.7522
191.319, 191.319
99.6323, 80.4728
Evaluation Time: 1.38244 seconds
Resulting Fitness: 0.68
-------------
Particle: 14:
Relays Coordinates:
75.8646, 92.0803
262.44, 62.8948
191.539, 243.288
40.5136, 44.32
125.893, 219.548
175.458, 189.846
Evaluation Time: 1.62408 seconds
Resulting Fitness: 0.82
-------------
Particle: 15:
Relays Coordinates:
224.935, 157.933
291.6, 76.5214
291.6, 197.747
113.303, 71.7089
187.651, 196.567
197.492, 261.428
Evaluation Time: 1.68326 seconds
Resulting Fitness: 0.8
-------------
Particle: 16:
Relays Coordinates:
215.932, 88.3974
262.44, 48.7702
158.468, 217.378
66.7901, 134.82
262.44, 225.123
122.733, 126.855
Evaluation Time: 1.74576 seconds
Resulting Fitness: 0.833333
-------------
Particle: 17:
Relays Coordinates:
241.271, 112.603
266.094, 327.079
265.187, 58.817
41.2446, 58.8098
204.115, 271.643
147.041, 145.038
Evaluation Time: 1.85079 seconds
Resulting Fitness: 0.906667
New local best!
-------------
Particle: 18:
Relays Coordinates:
172.411, 181.967
249.844, 64.4687
222.953, 225.884
89.7805, 60.269
205.177, 231.623
134.252, 193.963
Evaluation Time: 1.63202 seconds
Resulting Fitness: 0.836667
-------------
Particle: 19:
Relays Coordinates:
148.324, 183.552
262.44, 50.2355
176.533, 188.116
110.232, 42.6038
170.895, 242.844
102.854, 223.441
Evaluation Time: 1.72523 seconds
Resulting Fitness: 0.83
-------------
Particle: 20:
Relays Coordinates:
189.105, 61.1269
262.44, 19.2897
177.865, 262.44
30.1933, 59.1164
58.8133, 231.143
116.843, 174.031
Evaluation Time: 1.68381 seconds
Resulting Fitness: 0.863333
Current global best fitness: 0.933333
Current global best relays: 138.915, 108.949
252.941, 30.6297
284.554, 253.554
47.1406, 46.9153
143.794, 230.85
85.6589, 289.007
Particle 1 new velocities: 44.235, 18.9979
-30.7983, -74.6815
100.717, 36.6576
31.1159, 11.9283
64.4163, -3.38559
56.3261, 137.669
Particle 2 new velocities: 15.0335, 50.14
70.1881, 9.21389
36.1079, 54.2862
16.0744, 5.74916
-95.5123, 61.3451
25.8923, 60.2066
Particle 3 new velocities: 109.107, 71.3305
77.6568, 31.6675
34.2712, 181.414
-28.4738, 39.9901
152.315, 227.443
93.417, 199.643
Particle 4 new velocities: 24.5544, 246.993
201.934, 162.427
13.6107, 171.961
67.2792, 83.7586
-13.0522, 86.0538
21.789, 196.456
Particle 5 new velocities: 14.1652, 43.0089
30.4989, -12.8411
99.163, 54.6746
2.04666, 8.28649
67.082, -0.39235
-14.6708, 146.208
Particle 6 new velocities: 42.2572, 34.4703
136.092, -5.92532
127.866, 41.2954
49.4038, 10.4176
94.5071, 116.04
28.4574, -17.0474
Particle 7 new velocities: 66.6496, 62.6668
190.034, 78.0918
36.1381, 95.6606
34.6386, -136.893
131.454, 173.122
4.73615, 110.091
Particle 8 new velocities: 125.326, -158.018
-22.3542, 32.3875
235.298, -15.8028
-43.8017, 19.5921
104.986, 140.68
-14.4162, 164.629
Particle 9 new velocities: -31.0799, 27.6401
54.3132, -15.1743
18.1891, 14.4831
0.606808, -43.8827
62.8711, 59.0608
-46.1586, 113.418
Particle 10 new velocities: 51.3393, 62.4242
45.55, 2.04754
230.488, 190.394
-2.87349, 27.0499
105.933, 149.909
32.9362, 29.5559
Particle 11 new velocities: -18.206, -1.35864
-10.1261, -104.595
-6.58149, -2.97118
-3.57691, -12.442
21.1847, 19.9456
-31.2827, 5.01776
Particle 12 new velocities: 225.411, 82.7055
97.4566, 212.305
217.405, 264.745
135.444, 17.8199
108.993, 167.102
122.202, 116.427
Particle 13 new velocities: 96.5549, 77.0505
208.06, 48.0437
221.459, 127.896
300.051, 63.8621
13.2051, 23.5996
-37.8271, 126.969
Particle 14 new velocities: 42.4572, 11.0836
-6.62861, 0.87646
30.5127, 102.481
24.1568, 21.8088
60.7624, 121.726
21.7543, 97.4001
Particle 15 new velocities: -12.9167, 42.1374
-35.43, 42.6385
-9.81374, 69.614
8.6541, -7.90865
17.8389, 70.2578
11.8965, 110.752
Particle 16 new velocities: 26.373, 37.7705
-0.248395, 2.08539
237.883, 95.4699
13.1672, 31.8992
-131.15, 73.1731
-25.2557, 23.3271
Particle 17 new velocities: -122.391, -16.8289
-39.1033, -244.373
33.0777, 153.173
-21.757, -31.9157
-29.0841, 6.18241
-59.9473, 126.075
Particle 18 new velocities: 17.8818, 37.2317
55.6555, 56.6252
107.842, 59.3556
29.8006, 21.1429
11.2668, 86.0418
40.2161, 85.6191
Particle 19 new velocities: 172.288, 14.7644
85.2066, 20.8172
-34.9744, 97.5675
35.7367, 22.6141
92.8962, 166.688
39.0756, 127.748
Particle 20 new velocities: 135.469, 74.4946
-13.1298, 8.52826
113.421, 32.5106
22.9555, 33.6744
133.673, 88.4436
73.7058, 110.974
-- ITERATION 5 --
-------------
Particle: 1:
Relays Coordinates:
116.7, 114.463
136.866, 0
247.59, 168.625
87.2688, 65.3714
199.226, 233.728
74.534, 287.935
Evaluation Time: 1.80821 seconds
Resulting Fitness: 0.796667
-------------
Particle: 2:
Relays Coordinates:
151.471, 105.659
284.613, 80.1603
271.319, 280.215
52.3241, 51.6124
122.968, 255.645
164.227, 306.98
Evaluation Time: 1.86582 seconds
Resulting Fitness: 0.923333
New local best!
-------------
Particle: 3:
Relays Coordinates:
126.416, 116.846
235.089, 60.6254
199.947, 236.828
0, 51.0448
184.263, 324
148.394, 309.973
Evaluation Time: 1.68206 seconds
Resulting Fitness: 0.86
New local best!
-------------
Particle: 4:
Relays Coordinates:
118.734, 262.44
262.44, 245.586
181.117, 262.44
116.727, 122.666
47.0234, 138.461
100.196, 262.44
Evaluation Time: 1.66014 seconds
Resulting Fitness: 0.846667
-------------
Particle: 5:
Relays Coordinates:
212.363, 127.846
222.634, 216.013
330.642, 287.053
73.3714, 71.9697
236.668, 183.822
164.849, 321.687
Evaluation Time: 1.80747 seconds
Resulting Fitness: 0.836667
-------------
Particle: 6:
Relays Coordinates:
120.178, 133.87
247.061, 18.2419
266.158, 155.963
67.9453, 57.6178
139.242, 224.63
72.5532, 178.891
Evaluation Time: 1.70158 seconds
Resulting Fitness: 0.82
New local best!
-------------
Particle: 7:
Relays Coordinates:
108.405, 191.972
182.26, 46.1124
92.8241, 176.261
32.6845, 74.1345
119.538, 225.479
69.3622, 152.204
Evaluation Time: 1.39011 seconds
Resulting Fitness: 0.606667
-------------
Particle: 8:
Relays Coordinates:
250.028, 97.3813
196.28, 60.3064
291.6, 71.1444
74.8058, 36.3379
206.673, 243.502
164.392, 291.6
Evaluation Time: 1.89027 seconds
Resulting Fitness: 0.806667
-------------
Particle: 9:
Relays Coordinates:
137.957, 80.3437
224.3, 72.3692
177.044, 120.392
45.2453, 52.6161
167.79, 189.499
24.083, 229.472
Evaluation Time: 1.50464 seconds
Resulting Fitness: 0.666667
-------------
Particle: 10:
Relays Coordinates:
137.539, 129.988
228.214, 56.7449
313.168, 316.518
121.871, 60.2597
169.149, 276.432
104.754, 215.259
Evaluation Time: 1.87624 seconds
Resulting Fitness: 0.89
New local best!
-------------
Particle: 11:
Relays Coordinates:
108.638, 96.8317
218.534, 0
250.175, 225.524
39.2073, 31.026
148.48, 225.716
48.9386, 264.622
Evaluation Time: 1.73331 seconds
Resulting Fitness: 0.82
-------------
Particle: 12:
Relays Coordinates:
194.32, 76.6716
133.231, 212.576
187.566, 212.576
114.153, 96.4544
174.732, 180.006
153.212, 116.373
Evaluation Time: 1.55834 seconds
Resulting Fitness: 0.736667
-------------
Particle: 13:
Relays Coordinates:
125.562, 96.473
220.09, 47.4884
162.754, 167.065
262.44, 67.9813
134.188, 141.008
40.5504, 136.102
Evaluation Time: 1.42137 seconds
Resulting Fitness: 0.666667
-------------
Particle: 14:
Relays Coordinates:
86.2566, 75.2065
186.487, 46.4893
161.876, 252.066
47.1447, 48.2079
136.072, 248.788
143.768, 209.402
Evaluation Time: 1.56292 seconds
Resulting Fitness: 0.77
-------------
Particle: 15:
Relays Coordinates:
212.018, 200.07
256.17, 119.16
281.786, 267.361
121.957, 63.8003
205.49, 266.825
209.389, 372.18
Evaluation Time: 1.72985 seconds
Resulting Fitness: 0.803333
-------------
Particle: 16:
Relays Coordinates:
143.079, 74.5009
154.822, 30.0297
234.041, 184.734
47.214, 98.446
77.5255, 176.141
57.5595, 88.6808
Evaluation Time: 1.46085 seconds
Resulting Fitness: 0.713333
-------------
Particle: 17:
Relays Coordinates:
118.879, 95.7736
226.99, 82.7055
298.264, 211.99
19.4875, 26.8941
175.031, 277.825
87.0941, 271.113
Evaluation Time: 1.91047 seconds
Resulting Fitness: 0.816667
-------------
Particle: 18:
Relays Coordinates:
190.293, 219.198
305.5, 121.094
330.795, 285.24
119.581, 81.4119
216.444, 317.665
174.469, 279.582
Evaluation Time: 1.66483 seconds
Resulting Fitness: 0.826667
-------------
Particle: 19:
Relays Coordinates:
233.726, 144.573
253.434, 51.7974
103.196, 208.263
106.411, 47.5438
192.304, 291.6
103.466, 256.017
Evaluation Time: 1.8138 seconds
Resulting Fitness: 0.74
-------------
Particle: 20:
Relays Coordinates:
236.614, 98.8681
181.747, 20.2793
212.348, 215.019
38.7455, 67.6445
140.323, 232.978
138.91, 207.769
Evaluation Time: 1.81323 seconds
Resulting Fitness: 0.726667
Current global best fitness: 0.933333
Current global best relays: 138.915, 108.949
252.941, 30.6297
284.554, 253.554
47.1406, 46.9153
143.794, 230.85
85.6589, 289.007
Particle 1 new velocities: 55.4856, 20.3007
150.978, 62.7079
82.5038, 156.33
1.07202, 11.9611
21.3498, 136.247
33.2601, 99.9331
Particle 2 new velocities: -2.35863, 44.0298
20.0247, -26.4143
29.5416, 23.9561
12.4155, 4.1563
-59.2868, 37.1376
-74.7221, 32.633
Particle 3 new velocities: 89.8763, 56.6199
78.5826, 12.3187
99.9992, 163.351
30.1204, 30.5607
86.996, -56.7947
-0.0892657, 136.193
Particle 4 new velocities: 42.9687, -52.3421
8.19551, -44.8431
224.611, -4.50724
-39.889, 5.14902
-13.9109, 117.477
-10.6856, -49.5806
Particle 5 new velocities: -29.4612, -7.85698
47.6898, -5.72444
13.223, -8.11765
-2.30364, -24.0005
-155.378, 138.661
-16.5873, -49.2174
Particle 6 new velocities: 40.9503, 9.06541
112.467, 3.78405
122.085, 143.924
18.804, -1.33239
78.7418, 94.9195
27.6895, 119.184
Particle 7 new velocities: 71.6665, 68.3754
248.177, 116.937
31.8233, 161.358
20.898, 111.449
141.918, 154.248
65.7026, 181.035
Particle 8 new velocities: 80.697, -85.9752
195.113, 8.1563
-5.5207, 116.992
10.4918, 17.7686
1.96321, 28.1792
42.0816, -16.0535
Particle 9 new velocities: 180.166, 38.4169
104.506, 52.5722
175.186, 274.085
45.3212, -1.54635
42.0852, 57.2573
70.9754, 112.346
Particle 10 new velocities: 41.6229, 30.6106
68.4427, -8.87577
180.262, 79.3151
-77.648, 11.6903
83.2676, 89.6189
21.2265, 87.8182
Particle 11 new velocities: 28.3649, 19.9995
56.6553, 22.2205
69.3834, 19.2068
9.92872, 16.5037
10.4328, 25.8856
17.597, 38.6082
Particle 12 new velocities: 134.594, 65.6432
168.738, -146.42
184.309, 51.2976
108.793, 4.80173
248.701, 250.493
33.1853, 169.922
Particle 13 new velocities: 68.0545, 7.88665
208.161, 62.0669
186.1, 108.688
-259.12, 39.8297
218.791, 229.12
-23.4085, 254.272
Particle 14 new velocities: 51.6049, 33.3772
89.4363, -0.661948
236.49, 85.2213
1.01372, 17.1261
43.1649, 21.0685
18.595, 107.955
Particle 15 new velocities: -62.5856, -69.1242
-33.4537, -1.72325
-29.0533, 82.6718
-62.2677, -10.7065
-157.634, 28.2407
-123.285, -60.1744
Particle 16 new velocities: 86.5004, 67.2716
85.7491, -0.789574
74.5172, 123.617
12.0971, -7.48442
-13.9056, 162.642
-1.35165, 212.191
Particle 17 new velocities: -35.7162, 25.5632
-15.4499, 14.0854
-7.37348, -56.2756
16.7192, 22.8444
-26.6866, -1.23867
-25.9131, -69.256
Particle 18 new velocities: 10.5644, -136.622
6.27342, -10.109
26.1658, 40.4538
2.92717, -17.7668
-10.3253, -22.4553
-1.97132, -30.6639
Particle 19 new velocities: 127.411, -14.5293
241.592, 26.5088
90.1686, 63.7334
-9.43683, 27.0579
13.9875, -49.8865
23.1742, 5.88438
Particle 20 new velocities: 153.286, 66.5661
83.0881, -15.0168
98.8374, 138.954
24.5913, 35.5894
4.50565, 95.1507
84.3232, 82.1088
-- ITERATION 6 --
-------------
Particle: 1:
Relays Coordinates:
101.674, 79.5767
169.969, 37.0284
194.917, 191.882
52.1644, 45.6641
130.248, 218.467
63.6514, 229.032
Evaluation Time: 1.59304 seconds
Resulting Fitness: 0.71
-------------
Particle: 2:
Relays Coordinates:
97.8326, 98.2109
199.873, 35.2627
197.395, 199.567
42.4757, 36.5899
41.7813, 192.094
58.7239, 222.82
Evaluation Time: 1.72624 seconds
Resulting Fitness: 0.723333
-------------
Particle: 3:
Relays Coordinates:
157.677, 126.457
228.667, 53.1763
218.661, 291.6
21.9578, 59.4904
197.748, 194.793
108.114, 291.6
Evaluation Time: 1.92499 seconds
Resulting Fitness: 0.876667
New local best!
-------------
Particle: 4:
Relays Coordinates:
161.702, 210.098
270.636, 200.743
400, 257.933
76.8384, 127.815
33.1126, 255.938
89.51, 212.859
Evaluation Time: 1.67282 seconds
Resulting Fitness: 0.83
-------------
Particle: 5:
Relays Coordinates:
182.902, 119.989
270.324, 210.289
343.865, 278.935
71.0677, 47.9692
81.2902, 322.483
148.262, 272.47
Evaluation Time: 1.7509 seconds
Resulting Fitness: 0.863333
-------------
Particle: 6:
Relays Coordinates:
105.716, 93.7796
235.886, 14.4512
254.726, 196.756
56.9162, 36.9288
143.019, 209.656
65.7692, 195.567
Evaluation Time: 1.87095 seconds
Resulting Fitness: 0.806667
-------------
Particle: 7:
Relays Coordinates:
106.33, 153.733
236.196, 96.2788
73.603, 199.361
31.6399, 109.585
154.387, 224.225
79.7544, 196.774
Evaluation Time: 1.52144 seconds
Resulting Fitness: 0.73
-------------
Particle: 8:
Relays Coordinates:
195.29, 6.73522
231.114, 40.4266
168.927, 111.093
50.3674, 31.9493
123.198, 160.425
121.921, 162.707
Evaluation Time: 1.26197 seconds
Resulting Fitness: 0.55
-------------
Particle: 9:
Relays Coordinates:
208.72, 77.9189
215.73, 81.974
231.098, 258.816
59.4206, 33.5069
137.699, 161.897
62.3678, 224.267
Evaluation Time: 1.87672 seconds
Resulting Fitness: 0.853333
-------------
Particle: 10:
Relays Coordinates:
161.245, 144.538
266.991, 43.0822
360, 356.25
39.8008, 64.755
227.175, 329.446
113.383, 272.77
Evaluation Time: 1.9952 seconds
Resulting Fitness: 0.913333
New local best!
-------------
Particle: 11:
Relays Coordinates:
123.303, 105.148
247.67, 19.9985
287.603, 220.258
44.2224, 42.7767
143.022, 226.442
59.882, 272.907
Evaluation Time: 1.78419 seconds
Resulting Fitness: 0.86
-------------
Particle: 12:
Relays Coordinates:
194.22, 84.0355
178.31, 39.0645
219.588, 155.815
131.648, 59.7907
236.196, 236.196
110.066, 169.055
Evaluation Time: 1.65447 seconds
Resulting Fitness: 0.763333
-------------
Particle: 13:
Relays Coordinates:
102.896, 55.461
212.576, 58.2222
185.395, 146.546
1.76457, 57.2952
187.587, 196.701
9.10989, 207.461
Evaluation Time: 1.50386 seconds
Resulting Fitness: 0.72
-------------
Particle: 14:
Relays Coordinates:
90.4509, 71.2418
181.033, 30.0673
261.368, 221.294
31.5967, 42.8656
117.597, 177.053
106.526, 208.218
Evaluation Time: 1.5509 seconds
Resulting Fitness: 0.77
-------------
Particle: 15:
Relays Coordinates:
108.936, 95.4597
162.36, 85.6113
184.242, 255.174
43.5138, 38.7054
34.8873, 215.103
62.7692, 227.452
Evaluation Time: 1.75129 seconds
Resulting Fitness: 0.783333
-------------
Particle: 16:
Relays Coordinates:
167.363, 103.352
175.376, 21.3161
224.939, 224.788
43.2378, 66.311
46.3789, 246.973
40.9755, 219.335
Evaluation Time: 1.63313 seconds
Resulting Fitness: 0.803333
-------------
Particle: 17:
Relays Coordinates:
83.1631, 121.337
211.541, 96.7909
290.891, 155.714
36.2067, 49.7385
148.345, 276.587
61.1811, 201.857
Evaluation Time: 1.79111 seconds
Resulting Fitness: 0.866667
-------------
Particle: 18:
Relays Coordinates:
180.772, 74.3187
280.596, 99.8864
321.264, 293.124
110.257, 57.2805
185.507, 265.688
155.248, 224.026
Evaluation Time: 1.95088 seconds
Resulting Fitness: 0.873333
New local best!
-------------
Particle: 19:
Relays Coordinates:
292.521, 105.335
324, 63.4281
156.626, 220.317
78.5493, 60.4274
167.096, 195.788
102.579, 212.14
Evaluation Time: 1.5868 seconds
Resulting Fitness: 0.693333
-------------
Particle: 20:
Relays Coordinates:
255.813, 108.541
173.758, 3.45269
204.169, 232.242
41.5553, 67.7317
95.0218, 215.286
146.463, 190.189
Evaluation Time: 1.76653 seconds
Resulting Fitness: 0.756667
Current global best fitness: 0.933333
Current global best relays: 138.915, 108.949
252.941, 30.6297
284.554, 253.554
47.1406, 46.9153
143.794, 230.85
85.6589, 289.007
Particle 1 new velocities: 58.6323, 135.25
220.644, 31.4624
156.199, 186.552
13.2968, 42.5429
39.9847, 158.619
38.186, 114.275
Particle 2 new velocities: 65.7719, 54.7925
91.0131, 28.3455
135.537, 88.1357
24.5272, 18.4895
166.896, 55.8146
55.5552, 146.687
Particle 3 new velocities: 50.307, 40.578
85.0359, -18.5129
126.161, -0.555
53.7749, 14.866
66.9063, -18.0451
-13.8992, -1.49137
Particle 4 new velocities: -34.2568, -87.551
21.7007, -61.0655
-154.915, -27.2587
-24.3196, -22.3217
101.276, -123.037
-18.9677, 39.2603
Particle 5 new velocities: 11.4824, -56.818
63.3235, -156.874
-91.2637, -32.3265
-20.1215, -0.977692
-25.3983, 11.7742
-19.1308, -159.023
Particle 6 new velocities: 57.8491, 80.3104
99.8485, 21.587
120.947, 124.357
10.3057, 15.5067
61.6548, 115.914
32.2826, 96.855
Particle 7 new velocities: 75.844, 275.551
-7.64063, 92.0357
-13.6828, 79.3434
19.4838, 404.017
117.25, 140.963
94.5332, 187.461
Particle 8 new velocities: 61.9825, 425.119
192.087, 2.93802
42.3483, 145.543
41.8547, 17.852
100.635, 79.7693
15.3252, 29.3212
Particle 9 new velocities: 219.381, 69.6325
226.924, 34.5498
252.457, 215.06
63.4311, 39.1186
105.788, 126.92
106.158, 139.245
Particle 10 new velocities: 21.6768, 8.93993
52.3034, -7.29751
-35.9322, -6.00521
-60.4059, -11.6603
25.3564, -10.5128
4.90136, 76.6321
Particle 11 new velocities: 49.3752, 23.8344
52.2698, 34.8971
51.2878, 28.6072
11.3563, 22.8059
9.67296, 25.964
54.5191, 40.9778
Particle 12 new velocities: 51.0913, 45.4571
86.8737, 65.8737
38.4337, 97.4366
34.7709, 6.68773
-29.4559, 21.2915
12.2329, 141.639
Particle 13 new velocities: 77.1503, 75.2789
28.6093, 57.8082
114.442, 124.942
86.1799, 28.5179
186.249, 210.77
-9.3573, 226.815
Particle 14 new velocities: 70.2937, 88.9023
130.554, 25.2555
231.289, 132.25
4.2868, 18.9741
57.8755, 65.8229
30.0474, 90.1776
Particle 15 new velocities: 25.9327, -31.2481
89.1144, 3.3886
140.206, 89.1399
26.4259, 24.0375
-36.0277, 23.1753
-18.4207, 20.5068
Particle 16 new velocities: 79.3631, 34.5336
273.429, 7.70878
-28.6864, 103.901
14.3813, 11.5584
218.01, 111.908
59.3609, 195.687
Particle 17 new velocities: 137.672, -2.89963
70.7042, 132.167
-31.0617, -16.5342
31.6638, 21.6794
-12.616, -24.2831
60.1648, -93.6104
Particle 18 new velocities: -23.0433, -74.1272
-17.5951, -92.7333
2.90668, 16.3264
-23.2206, -25.7392
-20.6415, -60.845
-13.6757, 21.6743
Particle 19 new velocities: -92.6852, 111.196
-54.4633, 17.7516
9.47495, -22.6075
57.7708, 9.65115
-48.6479, 22.7197
-0.547554, 20.7803
Particle 20 new velocities: 78.2459, 20.0874
180.05, 14.6434
157.364, 169.751
18.3492, 31.2926
7.17351, 93.8329
73.0826, 64.355
-- ITERATION 7 --
-------------
Particle: 1:
Relays Coordinates:
85.1933, 114.168
207.588, 36.3988
186.597, 201.116
34.7888, 46.8768
90.4686, 200.399
54.1206, 182.448
Evaluation Time: 1.62548 seconds
Resulting Fitness: 0.716667
-------------
Particle: 2:
Relays Coordinates:
147.244, 137.703
261.797, 57.2474
299.639, 258.932
60.3026, 49.5714
187.809, 223.118
102.851, 332.557
Evaluation Time: 1.82628 seconds
Resulting Fitness: 0.953333
New local best!
New global best!
-------------
Particle: 3:
Relays Coordinates:
187.186, 150.331
282.332, 31.1971
310.34, 261.941
68.1594, 66.9208
238.189, 159.073
84.7935, 261.098
Evaluation Time: 1.98473 seconds
Resulting Fitness: 0.92
New local best!
-------------
Particle: 4:
Relays Coordinates:
127.445, 122.547
292.336, 139.677
245.085, 230.674
52.5188, 105.493
134.388, 132.9
70.5423, 252.12
Evaluation Time: 1.70276 seconds
Resulting Fitness: 0.88
New local best!
-------------
Particle: 5:
Relays Coordinates:
127.535, 41.4467
218.906, 35.0452
165.732, 161.8
33.4258, 30.8311
36.6707, 219.306
84.7229, 74.4324
Evaluation Time: 1.42668 seconds
Resulting Fitness: 0.633333
-------------
Particle: 6:
Relays Coordinates:
107.315, 114.22
220.276, 23.6447
246.479, 210.682
44.1043, 34.403
134.287, 213.607
64.3318, 191.858
Evaluation Time: 1.76312 seconds
Resulting Fitness: 0.786667
-------------
Particle: 7:
Relays Coordinates:
96.8148, 212.576
121.464, 100.078
31.844, 148.115
27.1692, 212.576
144.359, 194.076
92.6236, 204.199
Evaluation Time: 1.29179 seconds
Resulting Fitness: 0.606667
-------------
Particle: 8:
Relays Coordinates:
136.725, 212.576
212.576, 23.0457
112.28, 136.387
49.0106, 26.4665
118.954, 127.649
72.9381, 102.052
Evaluation Time: 1.33426 seconds
Resulting Fitness: 0.636667
-------------
Particle: 9:
Relays Coordinates:
236.196, 87.1276
236.196, 68.8061
236.196, 236.196
72.5427, 42.8846
143.777, 170.543
99.5125, 214.65
Evaluation Time: 1.65481 seconds
Resulting Fitness: 0.816667
-------------
Particle: 10:
Relays Coordinates:
133.35, 111.886
232.766, 26.087
236.245, 255.329
0, 38.706
184.096, 232.502
86.229, 254.714
Evaluation Time: 1.81945 seconds
Resulting Fitness: 0.833333
-------------
Particle: 11:
Relays Coordinates:
139.869, 104.476
242.951, 44.4654
274.501, 201.581
45.0188, 53.122
123.683, 204.449
92.6649, 254.247
Evaluation Time: 1.96617 seconds
Resulting Fitness: 0.843333
-------------
Particle: 12:
Relays Coordinates:
198.702, 104.889
214.799, 85
208.998, 205.134
134.799, 53.8475
167.459, 208.565
99.0621, 251.662
Evaluation Time: 1.69166 seconds
Resulting Fitness: 0.81
-------------
Particle: 13:
Relays Coordinates:
86.1156, 62.5325
115.358, 55.497
143.411, 129.852
42.0636, 41.0441
178.805, 191.319
0, 191.319
Evaluation Time: 1.43614 seconds
Resulting Fitness: 0.66
-------------
Particle: 14:
Relays Coordinates:
94.9181, 94.5635
183.989, 32.6676
236.196, 208.764
21.1889, 36.5157
103.615, 143.416
80.6455, 176.2
Evaluation Time: 1.60819 seconds
Resulting Fitness: 0.736667
-------------
Particle: 15:
Relays Coordinates:
71.675, 34.1246
133.644, 47.2982
172.425, 182.983
37.1688, 33.3441
0, 126.631
23.5686, 131.776
Evaluation Time: 1.35983 seconds
Resulting Fitness: 0.613333
-------------
Particle: 16:
Relays Coordinates:
179.864, 100.519
291.6, 21.1591
143.068, 239.614
42.0043, 56.7668
192.739, 261.624
73.1452, 291.6
Evaluation Time: 1.77333 seconds
Resulting Fitness: 0.82
-------------
Particle: 17:
Relays Coordinates:
220.836, 118.437
282.245, 228.958
259.829, 139.18
67.8705, 71.4179
135.729, 252.304
121.346, 108.246
Evaluation Time: 1.82143 seconds
Resulting Fitness: 0.873333
-------------
Particle: 18:
Relays Coordinates:
127.76, 0.155146
213.031, 5.79406
262.579, 250.655
70.4999, 25.5485
133.541, 165.923
114.673, 199.017
Evaluation Time: 1.71805 seconds
Resulting Fitness: 0.776667
-------------
Particle: 19:
Relays Coordinates:
199.836, 216.531
269.537, 81.1796
166.101, 197.71
136.32, 70.0785
118.448, 218.508
102.031, 232.92
Evaluation Time: 1.63386 seconds
Resulting Fitness: 0.806667
-------------
Particle: 20:
Relays Coordinates:
219.176, 84.3933
232.134, 11.8729
237.201, 262.44
39.3033, 64.9699
67.0503, 202.813
144.044, 167.006
Evaluation Time: 1.88434 seconds
Resulting Fitness: 0.843333
Current global best fitness: 0.953333
Current global best relays: 147.244, 137.703
261.797, 57.2474
299.639, 258.932
60.3026, 49.5714
187.809, 223.118
102.851, 332.557
Particle 1 new velocities: 141.377, 134.505
236.533, 38.488
213.823, 213.98
89.8189, 50.4034
238.082, 166.184
27.0634, 252.405
Particle 2 new velocities: 52.6175, 43.834
72.8105, 22.6764
108.43, 70.5085
19.6217, 14.7916
133.516, 44.6517
44.4442, 117.35
Particle 3 new velocities: 13.6451, 22.6546
61.4384, -6.13674
93.7824, -1.92449
37.6128, -10.6438
3.75171, -14.1302
-10.4946, 60.0081
Particle 4 new velocities: -17.1999, -54.487
7.91279, -61.5305
-87.6824, -14.5551
-10.8652, -89.7087
82.5514, -3.73207
-3.5826, 31.6295
Particle 5 new velocities: 40.8265, 56.375
127.548, -40.952
-21.5293, 100.94
22.7385, 20.5447
266.714, 31.8481
58.7232, 316.04
Particle 6 new velocities: 60.4295, 97.194
147.239, 35.6016
129.999, 109.059
41.8778, 52.2913
77.1474, 96.5614
77.0642, 71.6386
Particle 7 new velocities: 83.784, 11.895
147.728, 134.68
259.712, 107.083
45.7232, 31.435
173.813, 195.4
139.045, 126.931
Particle 8 new velocities: 157.36, -38.6621
49.6475, 65.6201
75.5598, 123.921
154.879, 44.4057
116.528, 180.762
128.203, 307.155
Particle 9 new velocities: 5.92133, 85.0906
44.543, 100.566
38.7228, 8.1451
42.0611, 127.779
215.946, 226.611
83.6955, 222.362
Particle 10 new velocities: 47.7034, 73.1905
112.09, 32.3833
148.484, 160.071
92.8455, -0.691237
77.6856, 72.0759
49.6626, 174.013
Particle 11 new velocities: 43.7026, 33.8423
49.0348, 26.5438
72.794, 73.494
15.9248, 10.4127
85.4547, 25.0699
47.238, 109.208
Particle 12 new velocities: 10.142, 57.616
11.734, 49.97
22.7994, 141.532
66.3681, 318.397
-8.61536, 44.3319
55.3211, 207.728
Particle 13 new velocities: 136.726, 116.432
347.52, 87.7256
71.2972, 132.044
486.487, 39.0912
245.19, 71.4778
69.0354, 95.154
Particle 14 new velocities: 59.6196, 207.18
272.189, 69.1579
21.3039, 137.863
-0.096536, 35.5693
107.93, 134.537
58.5426, 115.487
Particle 15 new velocities: 188.163, 140.438
241.358, 117.11
291.401, 233.618
66.4989, 42.3842
156.521, 164.54
30.8211, 177.237
Particle 16 new velocities: 58.9383, 18.1484
-27.4255, 48.1247
-5.59104, 16.0675
39.6115, 55.5804
176.797, 20.7622
22.7747, -21.8372
Particle 17 new velocities: 112.213, 9.4791
47.3813, 49.3593
-21.5467, -68.9741
-11.1375, -0.917317
34.44, -12.0117
59.6636, 51.0717
Particle 18 new velocities: 27.575, 90.46
118.547, -69.5679
65.0811, 44.398
16.7887, 20.2759
127.245, 111.914
1.35353, 138.673
Particle 19 new velocities: -21.7299, -3.36629
-28.7656, -1.63592
14.139, 19.6273
31.7963, -12.4079
44.1016, 75.8762
0.608732, 125.657
Particle 20 new velocities: 103.273, 35.966
183.941, 43.5623
105.939, 53.5535
24.5437, 15.7675
133.744, 173.241
15.2236, 113.252
-- ITERATION 8 --
-------------
Particle: 1:
Relays Coordinates:
133.788, 146.839
236.196, 44.2199
236.196, 236.196
73.5796, 57.443
194.006, 216.464
47.9383, 236.196
Evaluation Time: 1.7496 seconds
Resulting Fitness: 0.866667
New local best!
-------------
Particle: 2:
Relays Coordinates:
131.129, 119.107
219.536, 52.438
262.44, 216.146
52.4383, 42.2286
210.822, 175.684
96.6405, 262.44
Evaluation Time: 1.80857 seconds
Resulting Fitness: 0.843333
-------------
Particle: 3:
Relays Coordinates:
146.406, 126.107
250.609, 18.269
291.6, 189.552
77.108, 41.0259
176.375, 105.663
54.1639, 234.086
Evaluation Time: 1.63899 seconds
Resulting Fitness: 0.816667
-------------
Particle: 4:
Relays Coordinates:
110.246, 68.0598
300.249, 78.1467
157.402, 216.119
41.6536, 15.7842
216.94, 129.168
66.9597, 283.749
Evaluation Time: 1.78365 seconds
Resulting Fitness: 0.776667
-------------
Particle: 5:
Relays Coordinates:
122.736, 71.312
252.565, 0
105.124, 191.537
40.9437, 37.453
221.168, 183.091
104.572, 284.654
Evaluation Time: 1.79908 seconds
Resulting Fitness: 0.806667
-------------
Particle: 6:
Relays Coordinates:
99.0515, 124.838
217.014, 34.9843
222.307, 188.804
50.7716, 51.1921
124.85, 183.151
83.4929, 155.592
Evaluation Time: 1.66536 seconds
Resulting Fitness: 0.733333
-------------
Particle: 7:
Relays Coordinates:
106.642, 132.548
158.955, 138.622
172.161, 150.692
43.0423, 144.086
187.878, 229.982
136.798, 195.529
Evaluation Time: 1.53502 seconds
Resulting Fitness: 0.706667
-------------
Particle: 8:
Relays Coordinates:
192.949, 114.105
172.045, 58.1736
123.242, 170.788
133.772, 46.4992
154.5, 202.348
131.969, 262.44
Evaluation Time: 1.51479 seconds
Resulting Fitness: 0.76
-------------
Particle: 9:
Relays Coordinates:
176.504, 125.547
204.659, 123.472
200.416, 178.125
83.5462, 124.414
262.238, 289.526
133.559, 291.6
Evaluation Time: 1.70799 seconds
Resulting Fitness: 0.873333
New local best!
-------------
Particle: 10:
Relays Coordinates:
131.988, 134.92
251.4, 42.6249
280.468, 291.6
67.6844, 27.7128
190.839, 222.038
99.065, 291.6
Evaluation Time: 1.89176 seconds
Resulting Fitness: 0.93
New local best!
-------------
Particle: 11:
Relays Coordinates:
183.572, 138.318
291.986, 71.0093
347.295, 275.075
60.9436, 63.5347
209.138, 229.519
139.903, 363.455
Evaluation Time: 1.78303 seconds
Resulting Fitness: 0.906667
-------------
Particle: 12:
Relays Coordinates:
110.988, 86.3618
120.389, 71.7286
123.187, 184.233
106.908, 197.826
84.4163, 134.4
82.0455, 212.576
Evaluation Time: 1.21379 seconds
Resulting Fitness: 0.54
-------------
Particle: 13:
Relays Coordinates:
118.427, 95.109
212.576, 76.1144
114.105, 139.183
212.576, 42.5872
212.576, 139.661
36.6882, 152.243
Evaluation Time: 1.34026 seconds
Resulting Fitness: 0.596667
-------------
Particle: 14:
Relays Coordinates:
91.2529, 178.177
236.196, 60.1269
152.051, 204.68
12.4548, 42.5655
124.915, 164.128
82.1891, 172.238
Evaluation Time: 1.55459 seconds
Resulting Fitness: 0.683333
-------------
Particle: 15:
Relays Coordinates:
153.432, 103.078
221.435, 97.0812
236.196, 236.196
61.2148, 44.7168
92.4241, 171.934
32.1166, 182.469
Evaluation Time: 1.72084 seconds
Resulting Fitness: 0.783333
-------------
Particle: 16:
Relays Coordinates:
174.087, 86.5083
192.583, 50.5079
100.221, 186.392
59.4979, 81.9011
269.392, 205.859
69.9257, 196.657
Evaluation Time: 1.62782 seconds
Resulting Fitness: 0.773333
-------------
Particle: 17:
Relays Coordinates:
333.048, 127.916
329.626, 278.317
238.282, 70.2059
56.733, 70.5006
170.169, 240.292
181.009, 159.318
Evaluation Time: 1.8172 seconds
Resulting Fitness: 0.876667
-------------
Particle: 18:
Relays Coordinates:
101.915, 59.4526
217.548, 0
214.978, 193.584
57.27, 30.0654
171.102, 182.289
76.1252, 221.558
Evaluation Time: 1.56763 seconds
Resulting Fitness: 0.773333
-------------
Particle: 19:
Relays Coordinates:
144.266, 172.664
195.025, 64.4304
145.994, 176.043
136.174, 46.7132
131.665, 238.451
83.1385, 290.448
Evaluation Time: 1.47955 seconds
Resulting Fitness: 0.73
-------------
Particle: 20:
Relays Coordinates:
211.559, 78.9678
262.44, 36.371
225.135, 207.323
41.89, 52.9718
131.741, 246.729
104.496, 183.877
Evaluation Time: 1.72463 seconds
Resulting Fitness: 0.856667
Current global best fitness: 0.953333
Current global best relays: 147.244, 137.703
261.797, 57.2474
299.639, 258.932
60.3026, 49.5714
187.809, 223.118
102.851, 332.557
Particle 1 new velocities: 113.763, 100.602
12.1309, 44.151
61.1692, 5.67016
55.0275, 35.3313
190.283, 141.358
66.3591, 107.195
Particle 2 new velocities: 58.193, 71.5952
116.784, 20.3117
28.5184, 132.425
22.2279, 22.1811
57.0908, 80.7009
44.3368, 143.677
Particle 3 new velocities: 72.035, 40.2149
92.3424, 13.2594
14.0619, 78.1645
0.882201, 37.5108
118.187, 76.7246
29.2574, 175.598
Particle 4 new velocities: 45.2984, 78.0199
-53.2629, -28.5876
97.7774, 57.7596
12.9997, 42.3583
-40.9847, 27.6394
26.7355, 12.3233
Particle 5 new velocities: 100.19, 67.6433
205.218, 283.231
272.861, 93.5433
54.618, 22.787
171.312, 95.2302
72.9395, 218.942
Particle 6 new velocities: 130.394, 88.5026
165.202, 6.82658
199.043, 161.116
66.0818, 42.0524
124.366, 139.474
63.373, 92.4516
Particle 7 new velocities: 93.1986, 142.644
270.24, 96.6484
47.9357, 182.355
24.2191, 191.667
139.431, 179.057
96.5026, 193.489
Particle 8 new velocities: 89.0466, 57.1403
193.269, 49.0962
174.784, 63.4599
126.097, 33.4475
148.73, 130.348
212.575, 19.7593
Particle 9 new velocities: -21.2159, 82.1435
63.6747, 63.7939
95.5982, 39.9434
13.4312, 56.5753
107.028, 154.365
65.5345, 7.22691
Particle 10 new velocities: 38.2496, 59.4747
101.552, 38.0679
119.883, -21.7346
70.9877, 8.0656
58.8328, 57.9016
42.4702, 29.1598
Particle 11 new velocities: -20.2295, -0.933393
-41.0562, 0.686798
-7.1179, 20.5313
-5.88804, -3.4797
-2.25583, 15.9703
10.5363, -17.7717
Particle 12 new velocities: 166.497, 70.9463
76.5325, 159.091
210.68, 191.043
81.2453, 131.613
124.87, 149.306
120.707, 60.8274
Particle 13 new velocities: 108.793, 53.9297
63.8683, 64.7651
88.9033, 211.621
-107.262, 50.3387
43.0984, 166.299
116.12, 104.21
Particle 14 new velocities: 82.0769, 140.382
6.41852, 71.3681
264.351, 207.283
-11.7601, 38.1788
160.88, 188.05
134.741, 271.799
Particle 15 new velocities: 204.075, 165.474
232.904, 63.6159
68.2257, 53.7105
89.1148, 81.6796
168.033, 161.472
93.0243, 325.309
Particle 16 new velocities: 20.4367, 14.2089
37.536, 1.61883
275.133, 53.6136
16.6559, 77.8884
20.0654, 24.4536
4.92077, 130.966
Particle 17 new velocities: -284.106, -14.3015
-117.525, -10.2123
91.3197, 136.705
-11.291, -20.8281
71.844, -17.0351
-23.4408, 131.559
Particle 18 new velocities: 117.815, 174.51
180.481, 96.4661
221.158, 199.753
84.8251, 26.264
118.708, 165.033
113.292, 114.999
Particle 19 new velocities: 34.386, -0.877815
187.831, 8.15756
74.069, 54.3329
-30.8603, 2.13624
71.1869, 61.3302
31.0614, -41.0485
Particle 20 new velocities: 115.188, 58.1417
-12.5654, -15.0838
69.4611, 90.4987
38.397, 34.8739
51.9551, 137.213
63.0441, 109.846
-- ITERATION 9 --
-------------
Particle: 1:
Relays Coordinates:
222.796, 222.697
223.494, 79.5338
267.629, 217.68
115.746, 83.4968
345.86, 322.039
102.868, 309.052
Evaluation Time: 1.77617 seconds
Resulting Fitness: 0.896667
New local best!
-------------
Particle: 2:
Relays Coordinates:
153.351, 154.468
272.419, 58.9272
235.676, 282.342
60.4796, 52.1718
217.009, 207.672
114.192, 324
Evaluation Time: 1.83437 seconds
Resulting Fitness: 0.903333
-------------
Particle: 3:
Relays Coordinates:
128.987, 98.2112
202.509, 18.6172
180.49, 158.084
46.0524, 46.3752
173.936, 107.698
49.2594, 236.196
Evaluation Time: 1.43862 seconds
Resulting Fitness: 0.606667
-------------
Particle: 4:
Relays Coordinates:
139.99, 131.472
222.287, 44.6032
229.662, 246.491
49.188, 52.3282
158.359, 141.127
84.3256, 266.465
Evaluation Time: 1.75439 seconds
Resulting Fitness: 0.816667
-------------
Particle: 5:
Relays Coordinates:
146.262, 91.1686
262.44, 185.828
247.996, 187.041
62.6981, 39.5235
257.506, 182.607
116.465, 262.44
Evaluation Time: 1.71027 seconds
Resulting Fitness: 0.8
-------------
Particle: 6:
Relays Coordinates:
150.539, 139.973
250.772, 27.4321
262.44, 229.582
76.6675, 61.1777
163.51, 211.674
96.3587, 162.741
Evaluation Time: 1.71074 seconds
Resulting Fitness: 0.813333
-------------
Particle: 7:
Relays Coordinates:
86.0247, 118.461
172.187, 101.276
94.7445, 143.366
28.9538, 144.531
140.896, 172.187
100.428, 167.46
Evaluation Time: 1.18064 seconds
Resulting Fitness: 0.563333
-------------
Particle: 8:
Relays Coordinates:
149.864, 91.0069
194.143, 57.0076
158.383, 124.489
138.105, 42.487
161.149, 176.808
183.105, 149.972
Evaluation Time: 1.33473 seconds
Resulting Fitness: 0.593333
-------------
Particle: 9:
Relays Coordinates:
113.205, 151.406
195.615, 136.517
215.794, 158.972
70.6965, 131.941
269.195, 291.6
145.139, 217.845
Evaluation Time: 1.66407 seconds
Resulting Fitness: 0.813333
-------------
Particle: 10:
Relays Coordinates:
124.103, 141.714
257.302, 58.825
291.6, 196.732
101.092, 26.0825
182.01, 204.076
103.179, 233.834
Evaluation Time: 1.74895 seconds
Resulting Fitness: 0.853333
-------------
Particle: 11:
Relays Coordinates:
163.342, 137.385
250.93, 71.6961
340.177, 295.606
55.0555, 60.055
206.882, 245.489
150.439, 345.683
Evaluation Time: 1.8032 seconds
Resulting Fitness: 0.936667
New local best!
-------------
Particle: 12:
Relays Coordinates:
132.72, 75.24
94.1869, 110.4
159.687, 179.493
89.9933, 157.57
100.101, 135.696
96.976, 130.768
Evaluation Time: 1.26101 seconds
Resulting Fitness: 0.606667
-------------
Particle: 13:
Relays Coordinates:
227.22, 149.039
276.445, 140.879
203.008, 350.804
105.315, 92.9259
255.675, 305.96
152.808, 256.454
Evaluation Time: 1.76143 seconds
Resulting Fitness: 0.88
New local best!
-------------
Particle: 14:
Relays Coordinates:
102.35, 188.106
143.261, 77.6465
236.196, 236.196
0.410233, 47.6787
168.759, 207.958
128.095, 236.196
Evaluation Time: 2.05583 seconds
Resulting Fitness: 0.753333
-------------
Particle: 15:
Relays Coordinates:
234.561, 176.197
262.44, 105.433
199.731, 190.208
98.6312, 82.9287
170.886, 218.748
82.105, 262.44
Evaluation Time: 1.64408 seconds
Resulting Fitness: 0.843333
-------------
Particle: 16:
Relays Coordinates:
157.564, 81.581
186.397, 42.2226
304.036, 194.405
61.6846, 129.43
234.46, 186.554
60.6256, 265.374
Evaluation Time: 1.60121 seconds
Resulting Fitness: 0.84
-------------
Particle: 17:
Relays Coordinates:
35.6788, 82.8252
154.622, 195.449
240.28, 150.838
33.1273, 36.2112
176.427, 162.754
114.868, 212.049
Evaluation Time: 1.73788 seconds
Resulting Fitness: 0.7
-------------
Particle: 18:
Relays Coordinates:
144.165, 153.503
261.147, 63.2914
262.44, 258.068
93.2286, 36.9577
190.144, 227.878
124.277, 220.815
Evaluation Time: 1.95074 seconds
Resulting Fitness: 0.913333
New local best!
-------------
Particle: 19:
Relays Coordinates:
117.214, 112.709
251.192, 47.6249
144.383, 151.15
69.0966, 32.0501
133.091, 196.686
74.9265, 163.631
Evaluation Time: 1.5848 seconds
Resulting Fitness: 0.646667
-------------
Particle: 20:
Relays Coordinates:
264.665, 111.059
202.398, 17.2427
238.623, 241.236
65.0325, 71.155
148.794, 310.993
135.707, 237.916
Evaluation Time: 1.96545 seconds
Resulting Fitness: 0.846667
Current global best fitness: 0.953333
Current global best relays: 147.244, 137.703
261.797, 57.2474
299.639, 258.932
60.3026, 49.5714
187.809, 223.118
102.851, 332.557
Particle 1 new velocities: 62.957, -25.5653
37.0439, 24.4747
69.7805, 33.9634
8.69355, 6.44767
13.6149, 30.3078
53.0868, 107.014
Particle 2 new velocities: 31.2831, 19.4674
85.8596, 13.9022
86.4009, 94.2053
17.3633, 11.8692
-8.2201, 87.8384
24.1277, 10.3227
Particle 3 new velocities: 150.784, 50.0695
193.076, 15.2033
209.374, 99.3033
18.1024, 62.1801
159.451, 172.656
107.792, 28.5161
Particle 4 new velocities: 19.0731, 55.7843
77.3111, 53.8637
154.666, 44.3052
13.1272, 35.3511
-40.1562, 27.1701
42.4903, 10.958
Particle 5 new velocities: 85.3883, -0.498574
75.0515, 268.745
244.907, 128.03
46.7865, 40.3905
27.2352, 209.977
107.153, 40.405
Particle 6 new velocities: 83.3339, 59.8145
128.798, 26.09
50.0879, 128.826
37.2928, 21.5264
92.6112, 122.305
32.7117, 147.741
Particle 7 new velocities: 82.3232, 315.481
37.3968, 109.665
219.565, 152.521
35.8608, 313.314
170.847, 122.841
97.5137, 285.7
Particle 8 new velocities: 140.348, 283.021
342.415, 38.6814
338.087, 157.995
55.7554, 18.4654
143.875, 120.318
188.481, 182.884
Particle 9 new velocities: 83.5903, 45.8457
126.679, -48.6751
152.557, 58.1461
12.2772, 16.7216
76.2327, -80.9477
32.0557, 156.409
Particle 10 new velocities: 58.1923, 38.0059
85.6716, 5.27262
-5.68621, 35.7005
-36.9404, 13.749
62.2061, 85.2363
30.4742, 32.9282
Particle 11 new velocities: -27.7543, -0.376543
-24.473, -1.64973
-13.1982, -0.80321
-1.06185, -13.3696
-2.51707, 8.09897
-21.3888, -14.877
Particle 12 new velocities: 160.269, 83.229
216.265, 140.489
308.91, 303.284
146.821, 86.2651
172.324, 228.434
148.861, 249.458
Particle 13 new velocities: -11.6899, 38.214
47.5133, -21.6761
80.5974, 139.521
-117.148, 38.6322
-33.3777, 127.921
49.0243, 124.432
Particle 14 new velocities: 113.928, 79.2389
38.6772, 25.1718
66.9899, 19.4732
35.6935, 28.4196
61.248, 136.92
159.602, 62.541
Particle 15 new velocities: -11.2675, 92.7833
-3.12461, 34.3769
200.593, 260.883
32.1017, 28.3527
101.563, 127.999
132.636, 34.1907
Particle 16 new velocities: 19.5708, 29.6343
192.197, 0.0663528
128.977, 117.831
0.598688, -14.3145
12.6626, 72.2307
-10.3094, 102.954
Particle 17 new velocities: -33.8593, 69.3099
136.184, 24.2617
103.899, 1.44896
28.2758, 19.1371
106.848, 162.363
-19.277, 128.661
Particle 18 new velocities: 96.5402, 135.992
145.021, 74.7838
8.68324, 160.703
47.4998, 33.7371
93.6887, 130.033
63.4975, 138.713
Particle 19 new velocities: 68.1557, 59.0196
340.182, 7.61004
107.941, 73.0087
3.38639, 30.8401
85.4825, 127.844
61.8703, 75.5281
Particle 20 new velocities: 76.1853, 35.7055
13.7814, -17.5518
59.1277, 83.8938
-5.46985, 20.5362
-39.697, -29.1165
57.7461, 61.3721
-- ITERATION 10 --
-------------
Particle: 1:
Relays Coordinates:
208.314, 143.709
189.932, 75.8222
245.971, 183.448
90.7167, 65.5695
262.057, 256.861
113.691, 291.6
Evaluation Time: 1.76936 seconds
Resulting Fitness: 0.87
-------------
Particle: 2:
Relays Coordinates:
134.598, 126.799
261.185, 53.0927
234.794, 274.503
56.7475, 46.6859
152.207, 215.427
100.835, 243.721
Evaluation Time: 1.91497 seconds
Resulting Fitness: 0.903333
-------------
Particle: 3:
Relays Coordinates:
226.615, 120.107
320.424, 27.3946
315.79, 208.484
51.9654, 87.9297
270.043, 227.087
127.211, 214.417
Evaluation Time: 1.75421 seconds
Resulting Fitness: 0.81
-------------
Particle: 4:
Relays Coordinates:
115.957, 136.51
218.407, 71.7823
280.175, 211.99
45.4278, 63.9182
86.1702, 122.689
92.4488, 202.242
Evaluation Time: 1.69258 seconds
Resulting Fitness: 0.736667
-------------
Particle: 5:
Relays Coordinates:
168.873, 66.0984
246.031, 291.6
291.6, 229.687
79.8142, 58.2573
207.576, 286.194
163.018, 220.774
Evaluation Time: 1.79872 seconds
Resulting Fitness: 0.77
-------------
Particle: 6:
Relays Coordinates:
170.493, 145.645
276.706, 39.0176
227.833, 261.28
83.0771, 60.2913
186.713, 243.471
94.0924, 226.341
Evaluation Time: 1.8943 seconds
Resulting Fitness: 0.88
New local best!
-------------
Particle: 7:
Relays Coordinates:
80.5203, 191.319
100.243, 100.892
150.333, 141.522
31.0006, 191.319
149.106, 141.111
94.675, 191.319
Evaluation Time: 1.26054 seconds
Resulting Fitness: 0.536667
-------------
Particle: 8:
Relays Coordinates:
211.565, 272.666
291.6, 69.7573
291.6, 205.931
141.324, 44.4343
222.362, 216.605
270.886, 242.652
Evaluation Time: 1.8219 seconds
Resulting Fitness: 0.753333
-------------
Particle: 9:
Relays Coordinates:
159.404, 159.774
261.058, 71.1518
298.364, 175.865
67.2087, 120.417
279.796, 170.628
143.528, 303.145
Evaluation Time: 1.91368 seconds
Resulting Fitness: 0.856667
-------------
Particle: 10:
Relays Coordinates:
147.659, 145.573
277.809, 51.9191
231.59, 188.27
51.9628, 32.2635
197.815, 234.343
108.259, 216.077
Evaluation Time: 1.83429 seconds
Resulting Fitness: 0.823333
-------------
Particle: 11:
Relays Coordinates:
135.588, 137.008
226.457, 70.0464
326.979, 294.803
53.9937, 46.6854
204.365, 253.588
129.05, 330.806
Evaluation Time: 1.89816 seconds
Resulting Fitness: 0.9
-------------
Particle: 12:
Relays Coordinates:
126.122, 68.2157
133.64, 108
172.187, 172.187
101.941, 104.963
117.27, 156.746
105.825, 163.675
Evaluation Time: 1.34859 seconds
Resulting Fitness: 0.59
-------------
Particle: 13:
Relays Coordinates:
141.409, 122.857
212.549, 78.2093
186.074, 262.44
0, 86.3153
145.849, 262.44
132.422, 249.899
Evaluation Time: 1.79545 seconds
Resulting Fitness: 0.81
-------------
Particle: 14:
Relays Coordinates:
194.65, 240.61
163.745, 92.5365
272.867, 230.102
32.4934, 68.4885
207.007, 310.39
258.927, 268.863
Evaluation Time: 1.74272 seconds
Resulting Fitness: 0.773333
-------------
Particle: 15:
Relays Coordinates:
200.964, 242.082
233.384, 125.829
360, 360
117.66, 100.153
245.204, 312.072
193.267, 266.968
Evaluation Time: 1.82679 seconds
Resulting Fitness: 0.813333
-------------
Particle: 16:
Relays Coordinates:
116.218, 72.9683
248.396, 27.7458
262.44, 204.858
40.8641, 75.527
162.137, 169.788
33.0125, 241.66
Evaluation Time: 1.72456 seconds
Resulting Fitness: 0.83
-------------
Particle: 17:
Relays Coordinates:
1.32641, 110.906
211.998, 160.169
250.907, 111.017
44.7629, 40.3489
206.508, 237.011
69.6855, 248.378
Evaluation Time: 1.76232 seconds
Resulting Fitness: 0.806667
-------------
Particle: 18:
Relays Coordinates:
142.134, 170.944
236.196, 81.532
160.096, 236.196
83.0987, 41.7445
167.6, 211.343
110.879, 212.298
Evaluation Time: 1.63265 seconds
Resulting Fitness: 0.796667
-------------
Particle: 19:
Relays Coordinates:
121.621, 112.671
262.44, 36.2397
165.55, 147.07
47.5561, 41.2623
143.406, 212.925
89.7524, 156.912
Evaluation Time: 1.52589 seconds
Resulting Fitness: 0.713333
-------------
Particle: 20:
Relays Coordinates:
248.48, 106.991
157.595, 0
217.06, 237.019
43.4212, 66.8429
79.5317, 205.488
141.027, 218.181
Evaluation Time: 1.82116 seconds
Resulting Fitness: 0.773333
Current global best fitness: 0.953333
Current global best relays: 147.244, 137.703
261.797, 57.2474
299.639, 258.932
60.3026, 49.5714
187.809, 223.118
102.851, 332.557
Particle 1 new velocities: 6.0669, 93.2948
132.88, 22.4847
86.3489, 133.684
14.2852, 27.7875
17.2442, 42.7258
36.3069, 32.9442
Particle 2 new velocities: 59.5302, 35.1027
69.7571, 20.7314
138.556, 47.6974
18.749, 10.5654
57.7506, 89.4568
24.0528, 84.6721
Particle 3 new velocities: 62.3392, 75.1188
79.0376, 24.5603
163.878, 138.054
46.5026, 21.5847
30.5365, 36.5504
12.545, 163.346
Particle 4 new velocities: 17.2809, 37.8474
201.423, 51.2849
120.885, 79.9119
20.2471, 68.0679
100.198, 147.577
19.7289, 129.314
Particle 5 new velocities: 75.8589, 42.1222
140.236, -184.019
-46.0688, 139.677
30.5606, 39.9989
-44.504, 156.933
66.3369, 39.329
Particle 6 new velocities: 66.2577, 42.0206
89.0022, 26.6308
77.914, 101.994
29.7185, 7.41314
75.3287, 92.0468
28.9166, 152.465
Particle 7 new velocities: 95.884, 204.472
374.67, 94.6972
173.326, 251.574
64.5176, 8.4263
179.453, 223.365
148.615, 105.281
Particle 8 new velocities: 72.0869, 247.569
-11.8223, -3.25297
-39.1725, 23.4
-16.1277, 2.46399
44.7615, 82.691
56.1519, 250.28
Particle 9 new velocities: 76.7592, 11.9756
17.6329, 31.0069
86.9191, 82.5446
24.9375, -29.0106
-49.5338, 99.1235
-1.66498, 145.504
Particle 10 new velocities: 28.0898, 19.9427
45.1488, -4.85236
33.8183, 203.623
-9.28307, 9.32973
38.5741, 42.873
19.7928, 99.0283
Particle 11 new velocities: 2.13027, 0.362476
23.3303, 0.470142
-25.8213, -44.1551
6.84995, 0.178052
-5.7454, -19.5842
-35.2643, -0.115659
Particle 12 new velocities: 288.224, 135.53
250.961, 112.071
-38.6394, 129.215
122.685, 247.57
198.985, 370.313
141.002, 126.075
Particle 13 new velocities: 106.825, 81.5966
181.861, 26.9442
189.847, 30.2386
146.898, 29.9883
113.013, 27.6566
48.4819, 195.858
Particle 14 new velocities: -13.4162, -48.7968
206.527, -14.8262
94.8544, 86.5625
43.7201, -23.6593
-35.3906, -17.9272
10.9291, 16.9781
Particle 15 new velocities: -13.7749, -76.4351
46.3463, -61.4486
-99.9173, -230.063
-13.4106, -46.799
-99.9661, -136.004
39.8945, 62.578
Particle 16 new velocities: 50.579, 96.6672
188.496, 6.7069
13.3324, 101.254
3.90909, 50.0839
41.7944, 124.586
34.599, 73.4047
Particle 17 new velocities: 262.856, 69.4626
192.422, 106.42
126.808, 117.991
37.5161, 44.8585
79.4962, 138.865
56.3126, 22.9039
Particle 18 new velocities: 81.8237, 74.4091
25.2772, 45.936
162.412, 54.2994
47.4323, 27.45
84.9664, 123.357
50.1977, 210.731
Particle 19 new velocities: 238.512, 139.775
71.229, 82.0641
169.88, 78.3587
36.8175, 35.956
117.443, 149.219
54.4276, 216.351
Particle 20 new velocities: 34.1524, -3.21153
143.798, 27.894
78.9864, 189.624
-0.111681, 13.9585
-16.0879, 80.4091
33.7213, 79.1742
-- ITERATION 11 --
-------------
Particle: 1:
Relays Coordinates:
173.649, 191.973
261.478, 79.6286
269.179, 256.877
85.0515, 75.6192
226.234, 242.665
121.498, 262.881
Evaluation Time: 1.75309 seconds
Resulting Fitness: 0.933333
New local best!
-------------
Particle: 2:
Relays Coordinates:
174.716, 145.712
297.848, 66.4417
336.015, 289.981
67.9468, 51.5262
188.962, 274.395
112.399, 295.554
Evaluation Time: 1.78816 seconds
Resulting Fitness: 0.923333
-------------
Particle: 3:
Relays Coordinates:
210.647, 142.32
291.207, 37.8751
291.6, 252.626
71.7832, 79.836
219.123, 192.192
101.882, 275.389
Evaluation Time: 1.91327 seconds
Resulting Fitness: 0.896667
-------------
Particle: 4:
Relays Coordinates:
87.4172, 114.396
262.44, 80.7444
262.44, 191.517
43.0893, 86.596
122.276, 177.321
73.5998, 217.534
Evaluation Time: 1.64649 seconds
Resulting Fitness: 0.83
-------------
Particle: 5:
Relays Coordinates:
244.732, 108.221
386.267, 107.581
245.531, 369.364
110.375, 98.2561
163.072, 400
229.355, 260.103
Evaluation Time: 1.65045 seconds
Resulting Fitness: 0.85
-------------
Particle: 6:
Relays Coordinates:
191.768, 152.009
296.224, 53.1753
247.655, 294.252
91.3645, 54.8406
212.253, 271.769
99.6373, 306.833
Evaluation Time: 1.79192 seconds
Resulting Fitness: 0.913333
New local best!
-------------
Particle: 7:
Relays Coordinates:
115.739, 259.678
262.44, 128.326
212.353, 257.91
62.6695, 131.053
215.568, 239.133
159.622, 194.599
Evaluation Time: 1.6341 seconds
Resulting Fitness: 0.86
New local best!
-------------
Particle: 8:
Relays Coordinates:
255.286, 360
251.8, 59.8539
227.185, 206.398
112.677, 42.2085
240.411, 269.366
294.334, 360
Evaluation Time: 1.8071 seconds
Resulting Fitness: 0.82
-------------
Particle: 9:
Relays Coordinates:
212.547, 154.575
250.822, 91.9429
346.755, 232.569
82.9316, 82.2654
207.236, 242.777
127.676, 360
Evaluation Time: 1.80725 seconds
Resulting Fitness: 0.91
New local best!
-------------
Particle: 10:
Relays Coordinates:
142.357, 134.068
261.596, 38.1241
214.981, 317.434
34.5706, 33.6905
191.475, 224.545
103.722, 255.236
Evaluation Time: 1.74088 seconds
Resulting Fitness: 0.866667
-------------
Particle: 11:
Relays Coordinates:
137.718, 137.371
249.787, 70.5165
301.158, 250.648
60.8436, 46.8635
198.619, 234.004
93.7861, 330.69
Evaluation Time: 1.8253 seconds
Resulting Fitness: 0.926667
-------------
Particle: 12:
Relays Coordinates:
172.187, 87.7058
165.558, 94.7332
57.4878, 129.744
96.6939, 151.754
136.138, 172.187
106.251, 124.728
Evaluation Time: 1.19252 seconds
Resulting Fitness: 0.536667
-------------
Particle: 13:
Relays Coordinates:
201.07, 165.607
319.472, 85.1743
304.496, 237.07
118.987, 94.2059
209.679, 234.978
146.532, 324
Evaluation Time: 1.77015 seconds
Resulting Fitness: 0.86
-------------
Particle: 14:
Relays Coordinates:
118.908, 125.849
242.936, 50.9857
241.262, 207.764
50.0037, 29.4124
112.597, 191.885
177.052, 187.541
Evaluation Time: 1.72499 seconds
Resulting Fitness: 0.816667
-------------
Particle: 15:
Relays Coordinates:
168.47, 149.082
251.757, 57.9426
234.074, 116.943
93.8241, 48.0189
130.714, 158.462
209.846, 296.591
Evaluation Time: 1.70677 seconds
Resulting Fitness: 0.836667
-------------
Particle: 16:
Relays Coordinates:
88.6428, 90.1513
212.576, 18.3096
146.557, 162.681
23.7943, 66.7548
108.378, 156.442
35.9315, 167.438
Evaluation Time: 1.21801 seconds
Resulting Fitness: 0.563333
-------------
Particle: 17:
Relays Coordinates:
213.988, 146.099
324, 215.937
305.949, 185.497
66.646, 69.018
231.663, 304.46
102.058, 219.738
Evaluation Time: 1.90094 seconds
Resulting Fitness: 0.8
-------------
Particle: 18:
Relays Coordinates:
223.958, 245.353
261.473, 127.468
322.508, 290.495
130.531, 69.1946
252.567, 334.7
161.076, 400
Evaluation Time: 1.75578 seconds
Resulting Fitness: 0.836667
-------------
Particle: 19:
Relays Coordinates:
212.655, 149.067
197.028, 69.8572
198.068, 133.114
49.8217, 45.5966
154.029, 213.842
85.1368, 220.408
Evaluation Time: 1.60157 seconds
Resulting Fitness: 0.643333
-------------
Particle: 20:
Relays Coordinates:
185.435, 68.0897
197.744, 18.3012
194.236, 262.44
28.4154, 53.0138
41.6255, 187.577
114.653, 195.095
Evaluation Time: 1.71838 seconds
Resulting Fitness: 0.78
Current global best fitness: 0.953333
Current global best relays: 147.244, 137.703
261.797, 57.2474
299.639, 258.932
60.3026, 49.5714
187.809, 223.118
102.851, 332.557
Particle 1 new velocities: -15.0377, 33.9264
106.542, -9.6253
104.949, 106.987
-16.7234, 4.40528
-29.0384, 20.8138
12.2457, 88.9111
Particle 2 new velocities: -8.24062, 16.4737
-27.4662, -1.14103
31.2889, 10.6021
8.36798, 5.56087
43.8425, -35.2002
2.58863, 145.989
Particle 3 new velocities: -3.76434, 64.1259
29.965, 30.4243
28.2958, 127.302
29.8059, -11.5294
6.09735, -8.52081
-8.39334, 159.446
Particle 4 new velocities: 96.4827, 44.6055
43.6741, 59.3467
0.951678, 144.163
24.1924, 12.545
141.541, 108.871
50.4274, 187.56
Particle 5 new velocities: 27.3442, -1.06956
-26.0564, -117.928
25.6397, 8.25432
-45.9579, -41.268
-33.8414, -221.513
-107.941, 13.3967
Particle 6 new velocities: 7.00229, 18.7815
57.4234, 24.7223
120.198, 75.5676
-2.43127, 4.21645
58.0649, 70.2609
26.2929, 148.003
Particle 7 new velocities: 88.1266, 16.5251
-0.0608922, -14.5457
147.954, 201.917
49.0376, -55.3335
121.844, 176.467
114.651, 245.99
Particle 8 new velocities: -37.0678, -198.392
43.9017, -19.898
32.459, 5.77123
-20.9168, -2.42375
-62.4611, -25.1242
-101.688, -141.359
Particle 9 new velocities: 10.3947, -1.42182
15.5315, -17.1404
31.1491, 95.8108
9.54712, -38.6047
-45.1237, 71.8207
-9.24802, -15.0368
Particle 10 new velocities: 22.4694, 19.8301
24.3903, 19.2204
90.3831, 115.431
45.7836, 14.2262
29.3213, 32.2033
11.0802, 135.186
Particle 11 new velocities: 12.1505, 0.456399
31.9731, -12.7872
-17.4014, -15.5813
2.6147, 6.7149
3.3508, -14.0452
51.5729, 3.46724
Particle 12 new velocities: 37.8151, 133.185
280.516, 60.1526
348.328, 178.723
131.295, 222.426
283.589, 83.9925
129.295, 264.716
Particle 13 new velocities: 84.0672, 22.1158
97.3974, 32.3696
114.203, 49.6462
79.1147, -2.58547
98.0335, 63.2659
14.1683, -55.7071
Particle 14 new velocities: -3.56694, 5.57292
189.071, 17.4068
182.111, 133.846
19.8494, 28.9897
12.9823, 14.6001
-76.9148, 47.1311
Particle 15 new velocities: -7.10816, -46.6552
40.1678, 13.9092
-11.9654, 141.267
-46.3964, -0.27723
-32.8924, -34.9924
-82.6514, 41.9524
Particle 16 new velocities: 147.02, 86.8013
132.309, 55.3038
157.314, 207.002
37.6817, 95.9241
186.834, 140.141
55.0462, 249.111
Particle 17 new velocities: 180.852, 18.0173
-127.48, 180.45
56.3419, 168.14
0.447186, 18.5231
25.644, 27.9734
105.843, 112.996
Particle 18 new velocities: -76.0784, -80.528
20.3562, -43.7656
52.2819, -2.51089
-21.0633, -4.85839
-66.8959, -176.002
-62.3991, -279.803
Particle 19 new velocities: 217.558, 123.333
265.248, 64.6421
106.041, 68.2668
40.0418, 36.9159
92.2894, 130.064
77.3243, 257.825
Particle 20 new velocities: 99.5005, 84.5358
167.249, 6.66948
174.123, 101.512
42.7348, 33.5115
155.297, 155.487
91.0193, 60.5949
-- ITERATION 12 --
-------------
Particle: 1:
Relays Coordinates:
93.6581, 133.391
217.312, 41.3363
220.919, 214.858
40.3471, 47.2537
116.442, 155.582
78.9744, 207.73
Evaluation Time: 1.72655 seconds
Resulting Fitness: 0.79
-------------
Particle: 2:
Relays Coordinates:
121.36, 118.233
197.108, 47.6042
267.765, 219.125
55.6335, 41.6165
169.715, 174.373
83.8259, 291.6
Evaluation Time: 1.86341 seconds
Resulting Fitness: 0.81
-------------
Particle: 3:
Relays Coordinates:
135.736, 135.449
210.721, 44.8112
209.884, 249.271
66.6526, 44.816
147.767, 120.507
61.3382, 262.44
Evaluation Time: 1.6062 seconds
Resulting Fitness: 0.806667
-------------
Particle: 4:
Relays Coordinates:
183.9, 159.001
306.114, 140.091
263.392, 335.68
67.2817, 99.141
263.817, 286.192
124.027, 400
Evaluation Time: 1.74986 seconds
Resulting Fitness: 0.91
New local best!
-------------
Particle: 5:
Relays Coordinates:
220.381, 86.7924
291.771, 0
219.648, 305.871
52.1777, 46.1604
104.677, 144.574
98.3451, 221.535
Evaluation Time: 1.85578 seconds
Resulting Fitness: 0.86
-------------
Particle: 6:
Relays Coordinates:
161.004, 138.34
286.454, 63.097
297.961, 299.554
72.0359, 47.8362
218.958, 277.044
102.003, 324
Evaluation Time: 1.80022 seconds
Resulting Fitness: 0.866667
-------------
Particle: 7:
Relays Coordinates:
165.131, 223.725
212.527, 92.1623
291.849, 324
90.4828, 61.3326
273.303, 324
222.162, 324
Evaluation Time: 1.74673 seconds
Resulting Fitness: 0.813333
-------------
Particle: 8:
Relays Coordinates:
176.757, 130.903
239.518, 32.3643
210.311, 171.857
74.3256, 32.2256
144.14, 197.836
156.044, 177.099
Evaluation Time: 1.53238 seconds
Resulting Fitness: 0.74
-------------
Particle: 9:
Relays Coordinates:
146.272, 100.484
174.755, 49.0779
247.943, 215.45
60.6753, 28.6458
106.362, 206.407
77.7009, 226.33
Evaluation Time: 1.79664 seconds
Resulting Fitness: 0.773333
-------------
Particle: 10:
Relays Coordinates:
148.344, 138.508
257.387, 51.61
274.828, 360
72.3188, 43.1251
198.717, 231.073
103.322, 351.379
Evaluation Time: 1.75933 seconds
Resulting Fitness: 0.906667
-------------
Particle: 11:
Relays Coordinates:
149.869, 137.827
281.76, 57.7293
283.756, 235.066
63.4583, 53.5784
201.97, 219.958
145.359, 334.158
Evaluation Time: 1.79446 seconds
Resulting Fitness: 0.883333
-------------
Particle: 12:
Relays Coordinates:
100.443, 105.651
191.319, 74.0814
191.319, 147.539
109.046, 178.969
191.319, 122.53
112.661, 186.27
Evaluation Time: 1.25442 seconds
Resulting Fitness: 0.61
-------------
Particle: 13:
Relays Coordinates:
187.078, 123.165
262.44, 77.1205
262.44, 188.114
129.975, 60.1122
201.89, 195.678
105.436, 176.027
Evaluation Time: 1.53972 seconds
Resulting Fitness: 0.8
-------------
Particle: 14:
Relays Coordinates:
61.2967, 69.8429
212.576, 36.3466
212.576, 181.545
37.1228, 31.0373
66.7381, 109.735
53.2172, 124.714
Evaluation Time: 1.43193 seconds
Resulting Fitness: 0.64
-------------
Particle: 15:
Relays Coordinates:
145.226, 92.1843
262.732, 64.6666
199.898, 232.39
42.685, 42.9675
88.0397, 111.122
114.475, 304.689
Evaluation Time: 1.72044 seconds
Resulting Fitness: 0.866667
-------------
Particle: 16:
Relays Coordinates:
154.618, 116.099
226.279, 48.2978
199.369, 242.549
40.3344, 106.734
193.688, 194.588
59.6905, 262.44
Evaluation Time: 1.75044 seconds
Resulting Fitness: 0.82
-------------
Particle: 17:
Relays Coordinates:
209.834, 87.2181
104.439, 210.657
192.536, 187.937
35.6561, 46.5229
136.744, 176.669
110.487, 176.828
Evaluation Time: 1.66722 seconds
Resulting Fitness: 0.673333
-------------
Particle: 18:
Relays Coordinates:
97.0235, 108.142
184.908, 54.9172
245.9, 188.947
71.8218, 42.211
121.819, 104.122
64.7421, 78.8612
Evaluation Time: 1.43627 seconds
Resulting Fitness: 0.72
-------------
Particle: 19:
Relays Coordinates:
236.196, 160.849
236.196, 79.4205
179.573, 118.913
53.0635, 48.7228
145.449, 203.073
95.9317, 236.196
Evaluation Time: 1.73655 seconds
Resulting Fitness: 0.793333
-------------
Particle: 20:
Relays Coordinates:
186.946, 100.138
239.472, 16.3833
241.681, 238.789
46.6816, 56.7693
129.201, 225.085
134.941, 167.758
Evaluation Time: 1.72773 seconds
Resulting Fitness: 0.843333
Current global best fitness: 0.953333
Current global best relays: 147.244, 137.703
261.797, 57.2474
299.639, 258.932
60.3026, 49.5714
187.809, 223.118
102.851, 332.557
Particle 1 new velocities: 179.78, 103.866
199.648, 15.6276
141.892, 154.255
49.4249, 13.7804
114.028, 119.726
41.9772, 154.185
Particle 2 new velocities: 49.9704, 31.4178
40.1085, 17.3854
55.7041, 83.6652
15.607, 8.17025
58.5408, 9.49735
24.8946, 31.602
Particle 3 new velocities: 93.5644, 54.2299
96.4861, 24.8977
145.161, 116.816
20.3189, 7.21339
54.9724, 148.055
24.0325, 83.0564
Particle 4 new velocities: 49.0367, 31.7109
22.9127, -32.3303
2.5131, 27.8576
17.536, -23.5782
59.3001, 71.9474
17.1868, -41.9789
Particle 5 new velocities: -13.5217, 11.5618
-34.696, 291.583
62.1512, -36.6107
2.00578, -27.9211
51.8964, -147.483
-12.0281, 76.2135
Particle 6 new velocities: -7.48868, 31.7239
47.6606, -0.375186
57.2777, 11.8038
6.08977, 6.9183
26.3316, 7.58995
18.747, -12.219
Particle 7 new velocities: -5.24979, 4.58862
115.211, 24.6026
-1.44171, -93.4259
-39.466, 9.58197
-55.2887, -130.233
-71.2356, -204.45
Particle 8 new velocities: 28.2057, 98.8691
147.095, 14.2534
164.958, -21.4435
61.216, -1.736
-15.0406, 0.406126
-129.155, 37.4534
Particle 9 new velocities: 65.7125, 67.1011
91.848, 41.3658
76.728, 99.3005
19.4333, -3.76733
37.1847, 68.2546
18.1208, 283.384
Particle 10 new velocities: -3.51639, 10.2242
24.4844, 10.8667
81.0048, -112.222
17.1884, 16.9243
3.94827, 16.1611
6.59172, 48.3372
Particle 11 new velocities: 20.791, 0.221757
-1.14869, -6.0333
91.9294, 30.3931
-14.117, 12.8112
0.260185, 28.1675
31.1583, 15.5146
Particle 12 new velocities: 227.401, 99.3822
-47.1323, 171.413
-63.0671, 269.015
190.682, 272.198
48.3787, 419.454
126.756, 258.56
Particle 13 new velocities: 63.2329, 65.4473
6.48943, 105.872
-50.6359, 280.607
6.74753, 14.8675
137.069, 132.588
68.6404, 119.527
Particle 14 new velocities: 50.9633, 91.976
19.8233, 61.8123
122.408, 210.769
-11.6594, 46.9876
140.121, 88.7928
84.2292, 280.436
Particle 15 new velocities: 71.4979, 94.9357
27.8769, 76.287
90.8587, 242.974
53.8919, 54.1589
63.8442, 144.333
3.25381, 31.3852
Particle 16 new velocities: 149.921, 61.9592
189.921, 40.6446
191.2, 130.943
44.635, 109.722
175.612, 168.332
52.8588, -87.3018
Particle 17 new velocities: 142.902, 89.2816
143.206, 139.848
63.2725, 61.3981
15.1221, 21.6719
65.0914, 115.023
118.942, 63.8716
Particle 18 new velocities: -20.0793, 11.6333
117.235, -18.6126
109.057, 85.2482
-7.90359, -4.16856
61.0235, 108.846
61.7683, -126.82
Particle 19 new velocities: -58.5047, 95.6861
145.968, 20.4172
62.1342, 132.544
145.4, 34.5201
105.332, 172.512
67.9042, 46.0484
Particle 20 new velocities: 101.365, 82.5011
161.183, 34.2867
80.3564, 165.689
31.778, 42.6581
87.3711, 128.04
68.5613, 53.9204
-- ITERATION 13 --
-------------
Particle: 1:
Relays Coordinates:
161.462, 140.098
236.196, 33.6366
214.236, 217.957
53.0095, 36.04
136.09, 162.566
71.4207, 213.707
Evaluation Time: 1.65811 seconds
Resulting Fitness: 0.813333
-------------
Particle: 2:
Relays Coordinates:
138.778, 121.217
192.146, 52.6416
262.01, 245.26
57.7048, 40.3272
184.887, 148.935
88.0636, 261.794
Evaluation Time: 1.9466 seconds
Resulting Fitness: 0.846667
-------------
Particle: 3:
Relays Coordinates:
167.16, 138.276
223.954, 50.8178
258.827, 266.877
63.4022, 37.9294
147.797, 195.781
62.2353, 251.867
Evaluation Time: 1.87555 seconds
Resulting Fitness: 0.873333
-------------
Particle: 4:
Relays Coordinates:
188.679, 154.477
266.512, 87.2862
215.383, 294.465
68.7023, 61.2059
261.725, 290.093
114.383, 289.997
Evaluation Time: 1.8127 seconds
Resulting Fitness: 0.923333
New local best!
-------------
Particle: 5:
Relays Coordinates:
167.556, 79.6669
208.231, 236.182
228.258, 218.101
43.8886, 14.7738
126.824, 0
69.9168, 241.176
Evaluation Time: 1.69294 seconds
Resulting Fitness: 0.75
-------------
Particle: 6:
Relays Coordinates:
111.913, 123.977
243.57, 45.7242
258.969, 226.98
56.9536, 39.916
178.816, 207.499
88.027, 227.288
Evaluation Time: 1.79998 seconds
Resulting Fitness: 0.84
-------------
Particle: 7:
Relays Coordinates:
159.881, 228.313
327.738, 116.765
290.407, 230.574
51.0168, 70.9146
218.015, 193.767
150.926, 119.55
Evaluation Time: 1.8238 seconds
Resulting Fitness: 0.88
New local best!
-------------
Particle: 8:
Relays Coordinates:
166.02, 186.115
313.157, 37.7603
303.968, 121.835
109.789, 24.6966
104.57, 160.576
21.7795, 173.788
Evaluation Time: 1.57864 seconds
Resulting Fitness: 0.72
-------------
Particle: 9:
Relays Coordinates:
154.537, 122.169
194.353, 65.9334
236.685, 229.453
58.3992, 18.1364
104.646, 200.228
69.854, 291.6
Evaluation Time: 1.65941 seconds
Resulting Fitness: 0.8
-------------
Particle: 10:
Relays Coordinates:
117.31, 120.473
228.316, 50.6061
288.224, 200.7
72.5008, 48.64
164.159, 200.26
89.0302, 323.77
Evaluation Time: 1.80709 seconds
Resulting Fitness: 0.836667
-------------
Particle: 11:
Relays Coordinates:
138.234, 111.819
227.295, 41.8738
304.306, 215.022
39.9665, 53.7756
163.806, 200.982
142.979, 283.235
Evaluation Time: 1.80626 seconds
Resulting Fitness: 0.866667
-------------
Particle: 12:
Relays Coordinates:
174.23, 108.963
76.6266, 130.466
68.1582, 212.576
159.288, 212.576
127.385, 212.576
127.236, 212.576
Evaluation Time: 1.51767 seconds
Resulting Fitness: 0.673333
-------------
Particle: 13:
Relays Coordinates:
225.28, 169.751
242.036, 164.693
190.624, 360
123.05, 67.4817
305.063, 295.439
156.669, 265.999
Evaluation Time: 1.84244 seconds
Resulting Fitness: 0.833333
-------------
Particle: 14:
Relays Coordinates:
73.6538, 106.169
152.477, 64.402
219.783, 257.397
16.7065, 51.1921
135.72, 130.254
90.1786, 262.44
Evaluation Time: 1.87732 seconds
Resulting Fitness: 0.786667
-------------
Particle: 15:
Relays Coordinates:
175.546, 151.567
235.394, 114.172
235.513, 324
78.2273, 78.6723
123.026, 206.919
95.3601, 272.22
Evaluation Time: 2.00884 seconds
Resulting Fitness: 0.873333
-------------
Particle: 16:
Relays Coordinates:
222.009, 129.804
291.6, 64.839
284.725, 272.276
61.9427, 157.796
269.219, 264.569
82.0484, 127.676
Evaluation Time: 1.80151 seconds
Resulting Fitness: 0.87
New local best!
-------------
Particle: 17:
Relays Coordinates:
208.287, 104.221
146.232, 206.97
151.052, 147.23
29.984, 40.2684
119.182, 172.241
135.476, 142.131
Evaluation Time: 1.51433 seconds
Resulting Fitness: 0.653333
-------------
Particle: 18:
Relays Coordinates:
62.3248, 97.0178
244.736, 29.4067
287.515, 222.098
51.7737, 30.8143
148.102, 172.504
102.473, 0
Evaluation Time: 1.66738 seconds
Resulting Fitness: 0.823333
-------------
Particle: 19:
Relays Coordinates:
116.583, 168.313
250.738, 65.5035
158.584, 164.981
130.212, 54.6157
164.537, 246.421
107.493, 185.181
Evaluation Time: 1.63352 seconds
Resulting Fitness: 0.81
-------------
Particle: 20:
Relays Coordinates:
233.532, 147.937
324, 41.0427
260.85, 324
63.5523, 80.5362
175.424, 286.031
164.837, 179.56
Evaluation Time: 1.86481 seconds
Resulting Fitness: 0.886667
Current global best fitness: 0.953333
Current global best relays: 147.244, 137.703
261.797, 57.2474
299.639, 258.932
60.3026, 49.5714
187.809, 223.118
102.851, 332.557
Particle 1 new velocities: 138.32, 123.267
28.0105, 73.171
256.879, 175.203
66.9699, 51.3603
228.067, 135.326
70.4928, 229.89
Particle 2 new velocities: 57.1347, 60.8047
155.24, 23.9892
113.818, 94.863
16.7209, 23.0498
48.8719, 217.626
49.5769, 131.018
Particle 3 new velocities: 61.6198, 50.71
123.779, -9.40967
168.541, 82.9179
19.7157, 36.5295
113.102, 72.9391
99.2876, 179.219
Particle 4 new velocities: 7.19578, 8.28816
16.1056, -57.5603
99.8437, 4.95516
7.91177, -20.1866
36.3108, -11.4646
10.8945, 10.2444
Particle 5 new velocities: 32.0088, 14.6411
155.276, 218.168
86.5012, -2.26359
28.8148, 79.444
71.2196, 444.391
10.7706, 128.523
Particle 6 new velocities: 21.9304, 80.1146
122.669, 19.9475
56.3367, 142.193
50.5483, 33.7938
32.1666, 116.966
40.025, 140.711
Particle 7 new velocities: -10.2955, -43.6146
27.3536, -50.0386
1.30764, -58.5987
-20.0076, -13.9122
-55.0676, -88.9614
-68.8307, -120.223
Particle 8 new velocities: 69.6659, 182.363
78.9037, 30.1145
126.915, 47.0133
79.4538, 12.2421
177.722, 27.0348
-17.1683, 299.58
Particle 9 new velocities: 107.623, 114.591
168.555, 33.2595
210.318, 91.2312
20.0807, 63.5403
165.402, 104.853
104.718, 137.936
Particle 10 new velocities: 40.0683, 42.3196
72.1217, 12.8673
70.9878, -17.0882
-7.52808, -12.7908
56.519, 63.4347
23.3715, 15.0253
Particle 11 new velocities: 34.8301, 32.141
54.5577, 34.8328
111.979, 60.2191
-2.08645, 9.58694
49.0752, 120.125
33.0281, 90.0942
Particle 12 new velocities: 238.12, 41.8514
194.087, 142.138
261.194, 27.2929
65.591, -57.329
227.293, 17.8818
89.9482, -77.2409
Particle 13 new velocities: -44.3763, 19.2774
20.8083, 0.376763
69.5609, -16.5549
-65.5767, 3.74857
-44.8369, 98.6504
16.0581, 164.705
Particle 14 new velocities: 124.304, 126.578
186.525, 50.258
259.784, 163.622
-19.036, 28.3055
161.28, 224.531
77.0342, -41.9899
Particle 15 new velocities: 84.7215, 110.023
73.4002, 20.1701
120.134, -95.1422
29.4875, 28.7551
141.834, 138.362
46.9674, 69.5488
Particle 16 new velocities: 118.475, 59.2764
-14.6713, 27.5562
162.574, 88.0334
33.904, 38.9432
95.9473, 86.7193
67.9091, 116.599
Particle 17 new velocities: 156.272, 90.2793
315.255, 84.3737
255.679, 87.0166
23.2992, 48.1282
81.2982, 299.005
65.676, 265.685
Particle 18 new velocities: -7.12276, 125.244
135.637, 38.3796
69.8895, 160.269
28.4213, 18.782
117.414, 142.217
72.8436, 317.806
Particle 19 new velocities: 104.223, 51.8201
197.179, 11.7658
109.996, 133.201
41.4221, 24.4448
78.2367, 142.663
46.0097, 48.4722
Particle 20 new velocities: -1.68848, 41.5361
-138.399, -8.81221
41.3559, -68.8036
14.0133, 1.68555
5.60711, 94.059
43.9778, 209.939
-- ITERATION 14 --
-------------
Particle: 1:
Relays Coordinates:
218.541, 191.993
192.607, 77.8628
291.6, 286.614
87.4649, 63.7148
265.471, 217.164
103.455, 291.6
Evaluation Time: 1.76149 seconds
Resulting Fitness: 0.86
-------------
Particle: 2:
Relays Coordinates:
158.689, 147.438
281.382, 62.0709
304.42, 275.5
60.2848, 51.3354
189.345, 296.915
111.489, 318.177
Evaluation Time: 1.86894 seconds
Resulting Fitness: 0.87
-------------
Particle: 3:
Relays Coordinates:
185.312, 153.079
281.664, 33.5406
324, 283.334
67.3255, 60.3117
211.328, 217.664
130.834, 324
Evaluation Time: 1.86966 seconds
Resulting Fitness: 0.906667
-------------
Particle: 4:
Relays Coordinates:
176.287, 146.488
254.356, 26.7533
283.704, 269.478
68.9526, 36.9174
268.232, 250.766
112.75, 270.217
Evaluation Time: 1.8282 seconds
Resulting Fitness: 0.86
-------------
Particle: 5:
Relays Coordinates:
161.648, 76.3895
294.44, 324
254.955, 174.828
58.8897, 76.3165
160.416, 324
65.3568, 299.457
Evaluation Time: 1.80566 seconds
Resulting Fitness: 0.843333
-------------
Particle: 6:
Relays Coordinates:
79.0331, 120.514
216.26, 38.7785
186.185, 217.993
63.4788, 43.5249
124.583, 191.593
75.6134, 217.3
Evaluation Time: 1.74378 seconds
Resulting Fitness: 0.78
-------------
Particle: 7:
Relays Coordinates:
149.586, 184.699
355.092, 66.7263
291.714, 171.975
31.0092, 57.0024
162.947, 104.805
82.0955, 0
Evaluation Time: 1.6561 seconds
Resulting Fitness: 0.756667
-------------
Particle: 8:
Relays Coordinates:
154.633, 241.758
257.231, 44.5327
262.44, 110.781
124.162, 24.2354
185.212, 123.092
3.02541, 262.44
Evaluation Time: 1.70251 seconds
Resulting Fitness: 0.83
-------------
Particle: 9:
Relays Coordinates:
154.802, 139.805
214.293, 58.5725
236.196, 189.361
46.3416, 48.2293
159.461, 180.148
103.083, 236.196
Evaluation Time: 1.65119 seconds
Resulting Fitness: 0.823333
-------------
Particle: 10:
Relays Coordinates:
141.64, 146.514
270.394, 57.1261
323.291, 165.251
58.4755, 32.2642
198.61, 237.325
101.162, 304.916
Evaluation Time: 1.89735 seconds
Resulting Fitness: 0.886667
-------------
Particle: 11:
Relays Coordinates:
126.164, 104.947
205.471, 55.9191
291.6, 200.651
27.6146, 46.1913
155.191, 234.087
128.309, 272.157
Evaluation Time: 1.77767 seconds
Resulting Fitness: 0.85
-------------
Particle: 12:
Relays Coordinates:
236.196, 89.0546
159.854, 160.97
194.479, 141.64
132.789, 91.6721
209.434, 136.083
128.245, 79.9143
Evaluation Time: 1.29604 seconds
Resulting Fitness: 0.606667
-------------
Particle: 13:
Relays Coordinates:
146.532, 153.113
212.904, 133.707
210.75, 278.191
46.5534, 57.6965
210.783, 319.213
139.909, 324
Evaluation Time: 1.77609 seconds
Resulting Fitness: 0.85
-------------
Particle: 14:
Relays Coordinates:
129.88, 152.706
222.419, 75.2285
262.44, 262.44
0, 52.1584
194.862, 232.774
109.708, 144.637
Evaluation Time: 1.80556 seconds
Resulting Fitness: 0.803333
-------------
Particle: 15:
Relays Coordinates:
189.735, 190.699
225.111, 97.9357
259.267, 166.837
78.5241, 78.3146
193.083, 251.71
103.757, 249.15
Evaluation Time: 1.7073 seconds
Resulting Fitness: 0.813333
-------------
Particle: 16:
Relays Coordinates:
223.391, 124.056
181.693, 60.6205
262.44, 236.399
62.885, 129.081
239.586, 230.48
98.3872, 160.269
Evaluation Time: 1.67773 seconds
Resulting Fitness: 0.786667
-------------
Particle: 17:
Relays Coordinates:
156.931, 83.7261
172.187, 125.414
172.187, 100.835
22.9367, 38.0518
86.3, 172.187
86.5892, 172.187
Evaluation Time: 1.25627 seconds
Resulting Fitness: 0.52
-------------
Particle: 18:
Relays Coordinates:
29.3366, 118.119
202.146, 36.0244
189.939, 203.205
42.619, 26.3575
141.106, 167.255
93.1707, 168.895
Evaluation Time: 1.49174 seconds
Resulting Fitness: 0.72
-------------
Particle: 19:
Relays Coordinates:
144.871, 144.429
262.44, 50.6964
176.215, 195.637
112.609, 51.8716
159.284, 255.278
100.713, 153.3
Evaluation Time: 1.57032 seconds
Resulting Fitness: 0.796667
-------------
Particle: 20:
Relays Coordinates:
208.659, 170.526
167.04, 29.0075
271.985, 229.677
69.8091, 73.9995
162.928, 342.081
187.933, 350.548
Evaluation Time: 1.85092 seconds
Resulting Fitness: 0.81
Current global best fitness: 0.953333
Current global best relays: 147.244, 137.703
261.797, 57.2474
299.639, 258.932
60.3026, 49.5714
187.809, 223.118
102.851, 332.557
Particle 1 new velocities: 29.874, 96.4091
31.8976, 32.8345
-19.1837, 97.8059
15.762, 45.5962
79.3076, 152.802
70.864, 21.0422
Particle 2 new velocities: 22.1192, 33.8853
78.3223, 14.5587
84.2827, 59.3129
13.4011, 17.0498
37.7865, 56.4909
28.8222, 123.735
Particle 3 new velocities: 39.3964, 36.9172
81.2039, 12.3173
-35.042, 51.9189
12.622, 31.3337
99.4481, -10.7121
56.5246, -54.496
Particle 4 new velocities: 21.8278, 5.71107
32.6314, -23.5819
16.1174, 17.2282
2.4856, 2.64606
18.3442, 21.0704
-1.27767, 62.9524
Particle 5 new velocities: 63.4063, 0.780464
157.604, -165.652
82.9384, 45.4418
28.6466, 32.0243
69.2869, -78.8537
181.457, 37.2954
Particle 6 new velocities: 152.386, 100.14
242.575, 36.1601
89.6712, 229.703
38.4532, 31.3416
98.3274, 212.849
77.0425, 175.118
Particle 7 new velocities: -2.14125, -35.5929
6.07452, -17.1416
0.702213, 9.80099
24.2338, -5.17949
10.8778, 50.0059
49.8437, 35.2442
Particle 8 new velocities: 94.4212, 133.675
93.315, 34.3273
28.6203, 50.7261
82.3039, 44.9087
134.177, 225.17
81.4503, 84.8644
Particle 9 new velocities: 138.491, 95.6695
217.118, 31.1715
89.1818, 203.33
45.3364, 66.7988
177.484, 239.876
119.225, 112.801
Particle 10 new velocities: 26.8872, 23.9409
23.4263, 2.77333
7.20992, 204.386
-2.40938, 7.26439
32.2396, 9.38343
17.6817, 26.6371
Particle 11 new velocities: 90.955, 95.4535
134.163, 49.3089
37.5765, 183.433
53.7932, 17.9095
152.433, 92.3436
36.2196, 136.653
Particle 12 new velocities: -77.51, 39.0855
123.622, 110.05
185.118, 79.3121
74.351, 131.942
255.827, 236.503
43.4847, 211.654
Particle 13 new velocities: 7.60157, 6.49765
72.7728, -82.8477
76.2842, 85.019
2.86958, 53.6615
-19.442, 47.7729
22.3743, -46.3593
Particle 14 new velocities: 68.8366, 88.6957
200.879, 29.3248
61.1888, -11.9972
45.7786, 11.9153
-0.898424, 147.223
87.675, 261.911
Particle 15 new velocities: 23.978, 82.7298
74.5988, 0.774584
125.074, 85.0936
23.6469, -11.3671
19.6998, 46.8203
106.497, 102.174
Particle 16 new velocities: 34.4944, 69.1218
132.102, 25.8233
51.077, 87.9204
24.0986, 16.7926
117.643, 86.6193
50.9928, 139.207
Particle 17 new velocities: 218.416, 138.23
191.883, 50.1918
135.068, 61.7095
46.7684, 79.0933
264.526, 190.013
128.413, 44.7589
Particle 18 new velocities: 129.412, 173.741
189.791, 96.2402
161.428, 270.177
72.2309, 33.6187
174.053, 180.103
77.641, 512.26
Particle 19 new velocities: 254.853, 51.7558
78.0482, 49.3015
148.006, 73.304
9.77933, 20.1867
84.1177, 82.4975
38.8149, 175.279
Particle 20 new velocities: 1.25129, -138.454
-26.2119, 0.743094
20.3928, 96.8493
-17.576, -11.6686
-101.938, -161.266
-1.0666, 39.0485
-- ITERATION 15 --
-------------
Particle: 1:
Relays Coordinates:
201.216, 233.606
181.848, 89.6648
220.657, 311.38
83.6138, 88.5419
279.271, 299.672
141.198, 253.24
Evaluation Time: 1.73342 seconds
Resulting Fitness: 0.863333
-------------
Particle: 2:
Relays Coordinates:
131.809, 132.185
262.224, 55.863
283.365, 244.078
53.717, 49.8528
165.579, 257.633
102.287, 291.6
Evaluation Time: 1.95521 seconds
Resulting Fitness: 0.903333
-------------
Particle: 3:
Relays Coordinates:
182.013, 153.897
293.923, 37.1449
234.056, 271.555
64.7575, 74.2327
251.728, 167.631
151.76, 218.298
Evaluation Time: 1.81896 seconds
Resulting Fitness: 0.886667
-------------
Particle: 4:
Relays Coordinates:
160.473, 123.282
232.459, 2.5688
242.855, 232.232
57.865, 32.0464
232.127, 220.187
90.2927, 269.868
Evaluation Time: 1.83376 seconds
Resulting Fitness: 0.843333
-------------
Particle: 5:
Relays Coordinates:
202.549, 69.4529
360, 142.513
304.104, 198.243
78.7827, 97.5067
206.732, 220.632
222.132, 303.077
Evaluation Time: 1.73448 seconds
Resulting Fitness: 0.9
New local best!
-------------
Particle: 6:
Relays Coordinates:
151.834, 144.771
262.44, 49.1672
180.989, 262.44
66.8776, 49.1199
146.252, 262.44
100.158, 257.465
Evaluation Time: 1.76648 seconds
Resulting Fitness: 0.836667
-------------
Particle: 7:
Relays Coordinates:
147.444, 149.106
361.166, 49.5848
292.417, 181.776
55.243, 51.8229
173.825, 154.811
131.939, 35.2442
Evaluation Time: 1.72715 seconds
Resulting Fitness: 0.736667
-------------
Particle: 8:
Relays Coordinates:
163.405, 246.322
229.993, 51.74
190.965, 105.965
135.462, 45.3655
209.551, 228.494
55.4245, 227.866
Evaluation Time: 1.84898 seconds
Resulting Fitness: 0.84
-------------
Particle: 9:
Relays Coordinates:
192.43, 154.495
262.44, 58.881
213.48, 257.644
60.1499, 75.4699
221.069, 262.44
145.856, 228.977
Evaluation Time: 1.81846 seconds
Resulting Fitness: 0.843333
-------------
Particle: 10:
Relays Coordinates:
136.507, 138.068
237.995, 48.5185
267.706, 299.406
45.4135, 32.0182
186.988, 199.834
96.263, 268.558
Evaluation Time: 1.97632 seconds
Resulting Fitness: 0.943333
New local best!
-------------
Particle: 11:
Relays Coordinates:
158.28, 146.092
247.593, 76.7112
239.97, 279.998
59.3462, 46.7294
224.258, 237.968
119.941, 291.6
Evaluation Time: 1.79733 seconds
Resulting Fitness: 0.933333
-------------
Particle: 12:
Relays Coordinates:
115.682, 93.4141
206.654, 197.573
276.726, 161.074
151.005, 163.015
291.6, 271.616
125.191, 212.553
Evaluation Time: 1.68724 seconds
Resulting Fitness: 0.853333
New local best!
-------------
Particle: 13:
Relays Coordinates:
138.72, 143.65
257.109, 45.7731
258.33, 326.889
44.4806, 100.222
172.207, 330.287
146.055, 249.877
Evaluation Time: 1.81976 seconds
Resulting Fitness: 0.91
New local best!
-------------
Particle: 14:
Relays Coordinates:
130.378, 158.383
262.44, 68.5974
212.333, 164.316
30.0354, 42.0388
127.259, 249.316
129.503, 262.44
Evaluation Time: 1.81002 seconds
Resulting Fitness: 0.793333
-------------
Particle: 15:
Relays Coordinates:
155.797, 199.33
218.488, 71.9598
280.185, 183.658
74.4826, 48.8047
155.119, 217.628
153.275, 256.115
Evaluation Time: 1.91463 seconds
Resulting Fitness: 0.79
-------------
Particle: 16:
Relays Coordinates:
232.097, 173.86
282.415, 77.7995
282.165, 291.887
78.2852, 131.286
321.506, 285.39
134.442, 269.528
Evaluation Time: 1.90247 seconds
Resulting Fitness: 0.896667
New local best!
-------------
Particle: 17:
Relays Coordinates:
304.031, 179.785
294.896, 142.241
248.876, 131.661
56.4611, 94.8875
284.169, 293.382
174.152, 175.726
Evaluation Time: 1.87776 seconds
Resulting Fitness: 0.86
-------------
Particle: 18:
Relays Coordinates:
104.155, 191.489
257.15, 86.7788
230.532, 262.44
75.353, 39.3504
206.776, 227.902
112.07, 262.44
Evaluation Time: 1.88551 seconds
Resulting Fitness: 0.78
-------------
Particle: 19:
Relays Coordinates:
262.259, 128.717
223.394, 65.6086
212.721, 176.452
80.2989, 47.2775
159.696, 221.615
91.5442, 215.58
Evaluation Time: 1.81138 seconds
Resulting Fitness: 0.76
-------------
Particle: 20:
Relays Coordinates:
123.95, 18.938
83.1578, 17.5674
172.646, 192.81
30.8431, 36.8058
36.0139, 106.77
110.343, 230.053
Evaluation Time: 1.38221 seconds
Resulting Fitness: 0.706667
Current global best fitness: 0.953333
Current global best relays: 147.244, 137.703
261.797, 57.2474
299.639, 258.932
60.3026, 49.5714
187.809, 223.118
102.851, 332.557
Particle 1 new velocities: -44.3789, -29.581
198.896, 6.29067
114.778, -63.6637
12.5557, 2.76151
-83.7206, -17.421
-4.16103, 56.0859
Particle 2 new velocities: 52.9074, 31.3435
62.3874, 13.859
91.4676, 69.3351
26.6026, 13.2392
65.0143, -35.8002
23.8584, 69.8807
Particle 3 new velocities: -1.69361, 23.3178
51.7398, 21.2047
21.5098, 34.4515
8.31444, -9.49098
27.0075, 49.6958
-7.46739, 18.8035
Particle 4 new velocities: 25.2334, 21.2121
66.3451, 156.162
18.8689, 113.58
18.0632, 56.234
-22.0132, 22.1
26.899, 67.5405
Particle 5 new velocities: -12.4649, 21.4938
-2.4345, -175.688
62.6839, 41.0321
6.56827, 1.15378
53.0511, -60.2748
134.43, 37.8783
Particle 6 new velocities: 171.402, 78.5333
8.22866, 41.4613
122.94, 46.1602
41.7561, 33.4895
130.402, 6.65375
61.8882, 216.75
Particle 7 new velocities: 3.27606, -13.7721
-29.9012, 72.1947
5.30176, 155.148
21.0366, 2.66202
34.678, 145.206
41.9471, 240.775
Particle 8 new velocities: 111.97, 122.793
173.228, 32.5118
174.482, 142.052
-9.70842, 18.6257
52.2115, 152.696
405.634, 207.815
Particle 9 new velocities: 72.6136, 65.1827
-14.331, 63.9858
122.067, 124.116
52.8964, 47.7172
119.167, -49.207
58.6789, 237.119
Particle 10 new velocities: 24.235, 18.8066
47.4623, 5.52656
8.59006, 138.411
0.82677, 8.81532
25.8128, 36.3654
15.9279, 25.7623
Particle 11 new velocities: 66.7118, 65.5823
116.617, 35.3855
107.5, 146.561
39.1763, 33.1338
66.4105, 65.9519
39.1372, 86.4441
Particle 12 new velocities: -57.9614, 78.7407
161.857, -36.4726
157.77, 189.467
-21.8118, -5.42205
-28.1466, 153.638
14.5991, 277.85
Particle 13 new velocities: 9.01907, -0.302464
60.1946, -59.2419
108.173, -6.40562
17.6291, 16.675
2.80885, -74.0056
-24.3341, -5.16463
Particle 14 new velocities: 50.8879, 43.9146
-13.5057, 14.1835
140.729, 157.297
24.9293, 11.1086
15.4796, 42.5437
96.4817, 74.999
Particle 15 new velocities: 45.2547, 24.6829
126.049, 13.7191
110.763, 153.033
21.4348, -7.78199
54.7579, 33.9573
38.7582, 123.577
Particle 16 new velocities: -5.54016, 55.1131
92.7241, 17.9852
45.4181, 29.1714
16.345, -72.4844
82.9923, -2.04365
23.5352, 162.009
Particle 17 new velocities: 62.4656, 54.868
126.621, 181.291
152.688, 123.114
18.0174, -13.4729
4.72452, 43.4934
77.7353, 25.0669
Particle 18 new velocities: 200.101, 74.9539
154.543, 24.7246
181.592, -4.676
68.3766, 23.7898
96.7088, 141.355
60.3142, 25.2719
Particle 19 new velocities: 102.264, 78.6582
302.662, 43.5179
42.2783, -1.8046
44.5119, 29.5532
74.602, 91.7188
48.0051, 231.396
Particle 20 new velocities: 256.992, 55.1678
294.638, 24.1995
109.914, 348.102
15.7801, 9.10855
-53.3984, 151.595
58.0216, 157.375
-- ITERATION 16 --
-------------
Particle: 1:
Relays Coordinates:
141.154, 183.623
342.67, 86.3599
301.892, 222.944
86.5526, 82.1731
175.995, 254.026
123.334, 278.393
Evaluation Time: 1.76088 seconds
Resulting Fitness: 0.893333
-------------
Particle: 2:
Relays Coordinates:
149.62, 132.458
262.936, 56.4748
303.614, 253.865
65.0589, 51.1045
186.78, 179.684
102.178, 292.799
Evaluation Time: 1.84661 seconds
Resulting Fitness: 0.903333
-------------
Particle: 3:
Relays Coordinates:
146.059, 143.544
279.987, 47.2632
207.008, 247.865
59.1883, 52.4408
225.776, 176.035
116.877, 192.052
Evaluation Time: 1.66405 seconds
Resulting Fitness: 0.833333
-------------
Particle: 4:
Relays Coordinates:
185.706, 144.494
298.805, 158.731
261.724, 345.813
75.9282, 88.2804
210.114, 242.287
117.192, 337.408
Evaluation Time: 1.71925 seconds
Resulting Fitness: 0.93
New local best!
-------------
Particle: 5:
Relays Coordinates:
153.968, 73.6669
289.628, 0
297.098, 193.813
69.1343, 79.915
210.425, 129.889
288.816, 276.174
Evaluation Time: 1.80107 seconds
Resulting Fitness: 0.843333
-------------
Particle: 6:
Relays Coordinates:
290.912, 200.974
243.602, 81.5656
273.537, 277.74
97.7703, 74.3484
248.989, 242.184
145.841, 360
Evaluation Time: 1.73886 seconds
Resulting Fitness: 0.876667
-------------
Particle: 7:
Relays Coordinates:
122.084, 109.62
268.325, 98.6414
241.152, 272.909
61.7865, 44.1328
168.887, 243.014
140.848, 223.575
Evaluation Time: 1.83548 seconds
Resulting Fitness: 0.88
-------------
Particle: 8:
Relays Coordinates:
146.346, 196.162
212.576, 44.7749
194.213, 131.807
66.8308, 34.0075
139.111, 202.58
212.576, 212.576
Evaluation Time: 1.66114 seconds
Resulting Fitness: 0.696667
-------------
Particle: 9:
Relays Coordinates:
238.539, 197.71
223.298, 110.58
301.993, 343.585
101.742, 110.868
306.212, 191.91
184.081, 360
Evaluation Time: 1.71806 seconds
Resulting Fitness: 0.863333
-------------
Particle: 10:
Relays Coordinates:
130.201, 127.069
231.22, 43.7765
223.799, 324
37.4546, 33.0751
172.369, 191.321
90.8746, 238.399
Evaluation Time: 1.78499 seconds
Resulting Fitness: 0.89
-------------
Particle: 11:
Relays Coordinates:
182.243, 171.456
295.01, 90.7983
281.45, 324
79.8033, 64.6892
235.441, 246.175
128.854, 306.216
Evaluation Time: 1.80223 seconds
Resulting Fitness: 0.943333
New local best!
-------------
Particle: 12:
Relays Coordinates:
34.0835, 101.656
217.602, 95.1284
236.196, 206.991
76.2872, 93.0568
155.567, 236.196
82.5446, 236.196
Evaluation Time: 1.65958 seconds
Resulting Fitness: 0.83
-------------
Particle: 13:
Relays Coordinates:
96.9317, 94.0501
208.183, 0
240.463, 210.269
40.7502, 76.6963
114.828, 168.146
79.8608, 160.556
Evaluation Time: 1.65125 seconds
Resulting Fitness: 0.773333
-------------
Particle: 14:
Relays Coordinates:
132.143, 147.475
181.473, 60.3472
257.382, 234.455
40.0692, 38.7444
104.057, 212.766
164.743, 245.993
Evaluation Time: 1.74715 seconds
Resulting Fitness: 0.793333
-------------
Particle: 15:
Relays Coordinates:
146.567, 163.305
251.167, 62.4599
285.001, 245.447
69.9238, 29.9056
153, 183.406
139.992, 276.795
Evaluation Time: 1.94464 seconds
Resulting Fitness: 0.82
-------------
Particle: 16:
Relays Coordinates:
148.644, 150.229
246.129, 62.8444
214.928, 210.647
62.0869, 38.5798
262.44, 185.903
103.649, 262.44
Evaluation Time: 1.85228 seconds
Resulting Fitness: 0.883333
-------------
Particle: 17:
Relays Coordinates:
240.458, 153.956
262.44, 212.269
262.44, 167.158
48.8654, 53.4161
189.543, 221.024
165.263, 131.74
Evaluation Time: 1.63899 seconds
Resulting Fitness: 0.773333
-------------
Particle: 18:
Relays Coordinates:
199.623, 174.813
262.44, 73.1574
262.44, 169.119
94.3009, 41.4263
199.117, 242.27
113.101, 188.768
Evaluation Time: 1.79141 seconds
Resulting Fitness: 0.836667
-------------
Particle: 19:
Relays Coordinates:
328.07, 186.638
360, 98.2139
229.5, 157.183
112.33, 69.1476
210.868, 282
125.594, 360
Evaluation Time: 1.7091 seconds
Resulting Fitness: 0.89
New local best!
-------------
Particle: 20:
Relays Coordinates:
163.983, 31.9001
162.629, 17.9793
121.633, 172.187
20.0697, 19.7646
0, 111.218
72.4754, 166.775
Evaluation Time: 1.26004 seconds
Resulting Fitness: 0.526667
Current global best fitness: 0.953333
Current global best relays: 147.244, 137.703
261.797, 57.2474
299.639, 258.932
60.3026, 49.5714
187.809, 223.118
102.851, 332.557
Particle 1 new velocities: -25.4006, -61.9398
4.85478, -27.284
88.6853, -26.4027
7.98823, -35.9309
-38.1015, -38.2094
-18.2983, 88.0347
Particle 2 new velocities: 39.9609, 35.2359
48.638, 12.8709
65.1133, 58.7604
12.511, 9.39802
53.4395, 43.0636
20.2548, 99.5352
Particle 3 new velocities: 7.57079, 23.2571
30.666, 13.3877
88.2087, 50.4668
19.4624, 8.56967
24.5553, 64.3496
-26.6456, 154.635
Particle 4 new velocities: -6.33933, 12.6837
42.2958, 60.1779
57.3227, 36.9467
6.57162, 9.16364
-18.6943, 6.56914
5.62411, 52.28
Particle 5 new velocities: 60.4691, 96.855
76.3817, 263.939
53.4399, 81.1253
7.99411, 22.813
29.1311, 73.4707
-192.236, 58.1625
Particle 6 new velocities: -3.61575, -20.5102
76.7521, -3.83182
76.622, 35.4077
-2.46531, -13.763
32.1903, 29.3089
-15.9583, -31.578
Particle 7 new velocities: 33.0623, 116.308
-12.3232, 47.4938
88.9958, 105.368
12.0809, 42.916
86.8845, 69.4318
34.0827, 118.229
Particle 8 new velocities: 196.274, 92.7347
75.6111, 43.0809
258.941, 152.771
60.1274, 26.0585
88.2631, 112.38
-36.4424, 164.512
Particle 9 new velocities: -31.3942, 17.07
43.6943, 5.52712
135.314, -84.3492
31.9316, -69.7361
-146.263, -31.9136
-29.2012, -20.6871
Particle 10 new velocities: 40.5091, 43.4239
63.3035, 18.4516
78.5167, -88.6926
37.6836, 18.5444
46.5492, 42.9587
28.4195, 120.278
Particle 11 new velocities: 26.306, 36.0888
83.1647, 22.5904
108.299, -17.4
6.95504, 18.6377
8.43628, 41.4549
25.5707, 91.6888
Particle 12 new velocities: 137.254, 90.5708
138.329, -11.8447
80.9949, 162.096
85.234, 34.4829
181.715, 45.584
44.0987, 50.5182
Particle 13 new velocities: 79.7639, 102.307
127.707, 99.8544
148.297, 132.415
27.6587, 17.9238
53.8171, 86.718
50.3577, 278.638
Particle 14 new velocities: 39.7572, 33.332
44.1488, 25.471
168.73, 162.092
-35.7633, 13.4171
17.111, -11.5328
58.908, 52.7982
Particle 15 new velocities: 95.0871, 31.8515
103.404, 85.1697
77.0947, 208.715
35.866, 21.2637
47.3445, 113.755
52.0711, 110.666
Particle 16 new velocities: 126.51, 47.9924
155.71, 12.6605
64.3536, 175.749
17.6685, 56.8923
24.7532, 156.763
42.8065, 82.5814
Particle 17 new velocities: -18.7921, -15.4045
3.76681, 73.0795
29.7036, 13.5199
19.6474, -10.4269
8.48111, 89.4902
22.6079, 54.9384
Particle 18 new velocities: 85.2303, 19.2758
-1.12274, -1.72257
44.3993, 63.9959
11.6508, 21.8435
57.2628, 101.018
56.9627, 203.834
Particle 19 new velocities: 40.8717, 21.3406
-0.679065, -15.1079
57.0021, 96.0879
-2.94468, 7.08146
47.8986, 66.949
25.4414, -26.8199
Particle 20 new velocities: 285.478, 192.953
323.562, 4.64051
269.38, 317.715
49.2969, 109.069
62.5292, 234.292
133.855, 308.707
-- ITERATION 17 --
-------------
Particle: 1:
Relays Coordinates:
68.351, 71.8525
205.21, 34.8837
230.632, 116.056
55.8254, 27.3056
81.4247, 127.438
62.0223, 216.372
Evaluation Time: 1.36733 seconds
Resulting Fitness: 0.65
-------------
Particle: 2:
Relays Coordinates:
138.205, 122.249
227.137, 50.553
268.802, 227.904
56.5484, 44.1064
175.12, 162.383
89.2532, 286.012
Evaluation Time: 1.81436 seconds
Resulting Fitness: 0.823333
-------------
Particle: 3:
Relays Coordinates:
124.44, 135.109
251.629, 49.1272
239.126, 241.649
63.707, 49.4185
202.768, 194.711
73.0875, 280.817
Evaluation Time: 1.80218 seconds
Resulting Fitness: 0.853333
-------------
Particle: 4:
Relays Coordinates:
161.43, 141.46
306.99, 197.018
287.142, 344.483
74.2498, 87.6996
172.277, 223.971
110.534, 350.719
Evaluation Time: 1.75774 seconds
Resulting Fitness: 0.896667
-------------
Particle: 5:
Relays Coordinates:
156.325, 124.31
266.821, 192.411
255.542, 200.43
56.2266, 74.8887
174.636, 148.249
70.4068, 243.731
Evaluation Time: 1.65312 seconds
Resulting Fitness: 0.786667
-------------
Particle: 6:
Relays Coordinates:
188.495, 118.402
210.184, 51.0011
229.739, 205.456
62.5296, 39.7501
184.481, 178.127
85.2162, 215.478
Evaluation Time: 1.85122 seconds
Resulting Fitness: 0.693333
-------------
Particle: 7:
Relays Coordinates:
139.631, 203.335
230.401, 131.522
297.133, 340.449
66.4807, 78.3439
230.195, 281.201
157.438, 307.624
Evaluation Time: 1.81338 seconds
Resulting Fitness: 0.906667
New local best!
-------------
Particle: 8:
Relays Coordinates:
249.77, 210.606
210.089, 64.0469
291.6, 207.457
92.5525, 43.7881
165.756, 229.606
128.402, 274.898
Evaluation Time: 2.01054 seconds
Resulting Fitness: 0.823333
-------------
Particle: 9:
Relays Coordinates:
151.009, 156.574
194.637, 84.6422
291.6, 188.983
97.4478, 29.9855
116.603, 116.637
112.908, 247.359
Evaluation Time: 1.76461 seconds
Resulting Fitness: 0.84
-------------
Particle: 10:
Relays Coordinates:
153.639, 153.443
265.071, 56.0053
272.084, 211.777
67.6244, 46.4576
197.026, 210.852
107.365, 322.81
Evaluation Time: 1.90026 seconds
Resulting Fitness: 0.876667
-------------
Particle: 11:
Relays Coordinates:
152.032, 151.3
275.69, 82.6604
284.127, 223.511
63.2468, 60.7453
177.787, 209.682
112.575, 290.072
Evaluation Time: 1.99166 seconds
Resulting Fitness: 0.89
-------------
Particle: 12:
Relays Coordinates:
124.905, 140.133
259.473, 60.7138
231.232, 269.064
117.749, 92.9764
245.879, 205.418
92.323, 209.015
Evaluation Time: 1.81579 seconds
Resulting Fitness: 0.85
-------------
Particle: 13:
Relays Coordinates:
104.337, 115.947
198.34, 58.963
229.559, 202.352
40.3948, 55.8722
99.5831, 150.495
76.8927, 236.196
Evaluation Time: 1.73434 seconds
Resulting Fitness: 0.8
-------------
Particle: 14:
Relays Coordinates:
125.315, 131.809
164.478, 62.5615
291.6, 289.083
3.13899, 38.0258
88.3313, 146.699
163.042, 217.819
Evaluation Time: 1.70408 seconds
Resulting Fitness: 0.8
-------------
Particle: 15:
Relays Coordinates:
176.166, 142.269
258.482, 107.622
263.968, 291.6
77.1207, 37.3024
146.051, 216.63
140.014, 282.459
Evaluation Time: 2.08516 seconds
Resulting Fitness: 0.953333
New local best!
-------------
Particle: 16:
Relays Coordinates:
180.529, 130.053
262.44, 49.5387
183.236, 253.514
52.3275, 62.6392
188.427, 224.823
96.0893, 226.369
Evaluation Time: 1.69943 seconds
Resulting Fitness: 0.846667
-------------
Particle: 17:
Relays Coordinates:
179.55, 112.226
215.628, 231.132
236.636, 146.349
55.4953, 34.8213
160.4, 251.516
152.176, 151.21
Evaluation Time: 1.56917 seconds
Resulting Fitness: 0.786667
-------------
Particle: 18:
Relays Coordinates:
256.368, 174.68
235.186, 64.2914
276.155, 209.803
95.3566, 56.9428
230.741, 308.959
153.057, 353.342
Evaluation Time: 2.01486 seconds
Resulting Fitness: 0.883333
-------------
Particle: 19:
Relays Coordinates:
217.856, 122.809
212.175, 49.0732
169.176, 149.554
64.5908, 45.0125
152.799, 206.051
89.1851, 196.74
Evaluation Time: 1.58877 seconds
Resulting Fitness: 0.663333
-------------
Particle: 20:
Relays Coordinates:
262.44, 147.526
262.44, 14.8408
256.544, 262.44
45.5115, 84.5276
41.0254, 226.689
135.374, 262.44
Evaluation Time: 2.03854 seconds
Resulting Fitness: 0.94
New local best!
Current global best fitness: 0.953333
Current global best relays: 147.244, 137.703
261.797, 57.2474
299.639, 258.932
60.3026, 49.5714
187.809, 223.118
102.851, 332.557
Particle 1 new velocities: 68.56, 105.044
128.086, 7.1199
185.955, 236.974
23.6249, 31.7416
152.538, 18.409
50.408, 129.556
Particle 2 new velocities: 36.664, 52.5743
66.5715, 16.6405
103.381, 102.575
20.7373, 13.539
44.5558, 135.355
33.411, 127.496
Particle 3 new velocities: 23.2814, 44.0395
46.8644, 18.5462
113.587, 91.5469
14.2973, 12.1417
18.9157, 26.9261
2.73624, 182.322
Particle 4 new velocities: 20.6807, 12.154
-8.78175, -117.223
15.1341, -21.5402
-9.36045, -12.6274
29.8082, 20.3628
7.7127, 31.1205
Particle 5 new velocities: 96.6977, 13.9119
211.168, 160.989
134.766, 129.746
31.9608, 22.6679
49.7247, 203.252
-96.7847, 178.468
Particle 6 new velocities: -28.4782, 38.5946
229.13, 4.27536
94.7168, 177.374
26.7549, 11.6277
58.2982, 127.396
1.70312, 60.0371
Particle 7 new velocities: 31.1718, 63.9264
-6.3244, -24.3493
74.1908, 42.4083
6.64523, 29.7115
43.6547, 48.0059
-0.472438, 110.743
Particle 8 new velocities: 124.595, 76.7953
203.592, 16.183
-17.5869, -5.1422
87.3892, 17.8654
98.2852, 74.4055
27.3016, 206.172
Particle 9 new velocities: 38.3187, -6.31249
156.378, -6.3598
12.2809, 56.3669
-15.0508, -8.88147
-68.1363, 2.66717
-10.6186, 85.5526
Particle 10 new velocities: -1.44345, 9.93642
13.6317, 11.1958
82.4653, 112.305
14.2193, 13.3732
25.1085, 44.3102
20.5152, 90.0058
Particle 11 new velocities: 67.9476, 20.8622
68.948, 6.28824
94.0865, 139.531
30.2805, 4.60285
93.763, 67.7877
27.4048, 124.174
Particle 12 new velocities: 120.309, 35.4177
60.557, 83.3017
160.41, -35.5805
81.1878, 21.0868
145.413, 117.92
52.3388, 77.1237
Particle 13 new velocities: 104.571, 100.585
156.441, 57.1404
182.739, 324.931
34.0772, 17.8217
204.159, 193.172
77.1324, 20.941
Particle 14 new velocities: 20.8971, 45.2547
215.884, 18.3054
6.33333, 93.3825
43.6822, 12.7319
109.899, 64.7674
-23.3045, 30.7441
Particle 15 new velocities: 66.0333, 22.7719
85.4428, 56.3145
90.4988, -5.62025
17.0815, 29.9279
64.9617, 94.6354
-3.17204, 152.571
Particle 16 new velocities: 131.881, 108.174
21.0825, 57.9375
224.779, 178.309
43.9908, 139.759
22.5704, 127.87
80.0103, 150.34
Particle 17 new velocities: 10.7001, 15.1178
74.5163, -40.5208
53.1849, -8.45634
-7.6185, 19.7882
97.9463, 67.7623
-7.79991, 159.154
Particle 18 new velocities: -199.798, 13.7585
39.3855, -4.82995
34.5174, 124.203
-21.0829, -10.8095
-10.9905, -21.0246
-31.8981, 59.1941
Particle 19 new velocities: 70.6739, 142.872
95.9688, 51.0767
280.627, 160.987
29.6017, 43.0901
106.783, 135.146
43.2907, 2.46592
Particle 20 new velocities: -29.4649, 144.276
-0.429272, 35.3814
252.584, -2.57143
56.2435, 82.9488
168.91, 187.076
86.008, 64.3677
-- ITERATION 18 --
-------------
Particle: 1:
Relays Coordinates:
72.7601, 94.01
177.127, 22.3224
212.576, 187.614
42.2232, 31.3801
124.338, 77.5089
59.7501, 183.84
Evaluation Time: 1.52573 seconds
Resulting Fitness: 0.736667
-------------
Particle: 2:
Relays Coordinates:
157.382, 157.341
264.338, 60.4741
334.965, 297.431
69.5572, 51.8808
197.708, 267.965
110.398, 360
Evaluation Time: 1.75366 seconds
Resulting Fitness: 0.936667
-------------
Particle: 3:
Relays Coordinates:
96.9202, 117.539
195.841, 44.4006
231.415, 218.61
51.1787, 40.3897
145.447, 145.416
49.7479, 262.44
Evaluation Time: 1.65632 seconds
Resulting Fitness: 0.766667
-------------
Particle: 4:
Relays Coordinates:
163.9, 138.252
268.388, 71.8158
272.049, 290.649
58.4004, 67.565
181.877, 219.9
106.422, 343.656
Evaluation Time: 1.79284 seconds
Resulting Fitness: 0.926667
-------------
Particle: 5:
Relays Coordinates:
166.008, 90.6877
262.44, 231.866
256.081, 216.629
57.8598, 64.0069
147.203, 230.62
0, 262.44
Evaluation Time: 1.69677 seconds
Resulting Fitness: 0.8
-------------
Particle: 6:
Relays Coordinates:
94.4886, 92.705
236.196, 32.6402
191.588, 226.057
52.7216, 30.338
143.359, 180.408
51.325, 162.689
Evaluation Time: 1.68944 seconds
Resulting Fitness: 0.786667
-------------
Particle: 7:
Relays Coordinates:
153.723, 240.536
201.669, 96.4551
334.191, 344.572
65.8133, 97.2498
246.464, 296.286
141.269, 360
Evaluation Time: 1.74191 seconds
Resulting Fitness: 0.856667
-------------
Particle: 8:
Relays Coordinates:
303.235, 232.795
324, 64.9862
221.951, 163.875
145.753, 49.9394
213.873, 246.249
126.12, 324
Evaluation Time: 1.87102 seconds
Resulting Fitness: 0.806667
-------------
Particle: 9:
Relays Coordinates:
138.02, 109.541
255.891, 57.0679
221.529, 178.86
60.0674, 15.3848
35.3323, 86.9729
74.5688, 242.693
Evaluation Time: 1.67015 seconds
Resulting Fitness: 0.826667
-------------
Particle: 10:
Relays Coordinates:
123.279, 132.337
225.749, 54.4329
287.185, 262.506
66.2934, 48.4629
179.929, 206.681
103.583, 324
Evaluation Time: 1.87924 seconds
Resulting Fitness: 0.903333
-------------
Particle: 11:
Relays Coordinates:
178.184, 139.452
279.156, 72.0484
306.353, 294.065
75.7571, 52.932
219.955, 224.751
113.384, 324
Evaluation Time: 1.85005 seconds
Resulting Fitness: 0.95
New local best!
-------------
Particle: 12:
Relays Coordinates:
160.885, 115.179
209.972, 94.4885
256.957, 153.189
130.522, 74.8369
256.726, 212.142
94.9126, 187.735
Evaluation Time: 1.56653 seconds
Resulting Fitness: 0.803333
-------------
Particle: 13:
Relays Coordinates:
152.294, 157.852
258.635, 84.6394
291.6, 291.6
54.2901, 53.7228
221.428, 250.533
112.284, 187.453
Evaluation Time: 1.92093 seconds
Resulting Fitness: 0.916667
New local best!
-------------
Particle: 14:
Relays Coordinates:
95.9299, 116.171
249.556, 53.0568
195.474, 250.935
30.7194, 33.3021
130.059, 138.743
91.6815, 163.082
Evaluation Time: 1.86325 seconds
Resulting Fitness: 0.77
-------------
Particle: 15:
Relays Coordinates:
196.181, 133.683
278.579, 132.789
287.118, 231.644
76.3038, 54.4565
170.92, 252.125
110.842, 324
Evaluation Time: 1.78018 seconds
Resulting Fitness: 0.88
-------------
Particle: 16:
Relays Coordinates:
204.972, 156.301
186.019, 70.5152
262.44, 262.44
63.1945, 132.793
138.436, 231.402
115.539, 247.159
Evaluation Time: 1.63597 seconds
Resulting Fitness: 0.876667
-------------
Particle: 17:
Relays Coordinates:
171.225, 114.61
261.129, 171.55
260.839, 124.103
43.0891, 49.1485
232.511, 287.351
129.938, 279.327
Evaluation Time: 1.9035 seconds
Resulting Fitness: 0.92
New local best!
-------------
Particle: 18:
Relays Coordinates:
41.239, 137.372
200.162, 43.3474
226.48, 243.491
54.1455, 33.6312
160.198, 209.904
88.3251, 291.6
Evaluation Time: 1.70628 seconds
Resulting Fitness: 0.806667
-------------
Particle: 19:
Relays Coordinates:
259.677, 239.113
277.33, 90.135
360, 279.487
84.7733, 79.2923
233.624, 307.077
119.228, 179.285
Evaluation Time: 1.77723 seconds
Resulting Fitness: 0.866667
-------------
Particle: 20:
Relays Coordinates:
169.839, 212.723
191.006, 36.612
291.6, 189.444
74.1794, 122.09
153.043, 291.6
161.387, 238.243
Evaluation Time: 1.62894 seconds
Resulting Fitness: 0.88
Current global best fitness: 0.953333
Current global best relays: 147.244, 137.703
261.797, 57.2474
299.639, 258.932
60.3026, 49.5714
187.809, 223.118
102.851, 332.557
Particle 1 new velocities: 272.877, 162.595
148.868, 55.8805
67.376, 225.035
94.7065, 98.868
255.674, 317.053
133.383, 270.243
Particle 2 new velocities: 19.7389, 0.00247729
50.0339, 5.16272
27.0753, 42.4495
3.60301, 6.73028
15.7051, 91.8031
13.9677, -56.4184
Particle 3 new velocities: 71.4445, 75.6174
224.008, 20.3993
188.262, 138.222
24.7851, 20.1649
143.113, 137.376
80.882, 74.406
Particle 4 new velocities: 26.2411, 12.4283
17.0957, -42.6623
35.1205, 33.5044
16.0094, -25.1875
65.6824, 22.3783
10.2439, 10.9297
Particle 5 new velocities: 91.6836, 26.6951
113.677, 10.8954
183.081, 83.3706
33.0347, 70.0338
116.879, 149.909
252.33, 47.1334
Particle 6 new velocities: 64.9149, 103.91
17.1966, 46.3223
184.319, 243.465
93.5782, 22.2351
163.165, 220.878
80.107, 354.162
Particle 7 new velocities: 3.8451, 9.3135
58.4817, -1.02234
-16.924, 16.6841
-1.13527, -11.7789
-21.3704, -3.92218
24.1634, -93.7588
Particle 8 new velocities: -44.6186, 44.3687
-76.3813, 3.99266
97.3968, 35.3354
-24.1625, -4.03352
46.6669, 56.539
119.294, -5.97773
Particle 9 new velocities: 120.003, 43.1215
118.913, 39.1873
89.8688, 116.272
-10.0134, 85.9737
163.353, 270.762
74.3588, 275.924
Particle 10 new velocities: 1.93603, 12.2106
74.4225, 3.1093
60.7328, 120.661
11.3091, -14.8194
32.4168, 50.9813
10.6192, 7.26798
Particle 11 new velocities: 38.5262, 15.7938
52.1949, -3.98321
66.735, 68.4906
23.096, 1.21248
40.156, 53.6127
14.7845, 9.42672
Particle 12 new velocities: 66.4587, 17.9812
44.3433, 78.5097
186.411, 37.7102
31.344, 86.3509
56.9223, 133.062
53.8937, 208.003
Particle 13 new velocities: 81.0554, 78.4379
128.435, 15.6426
2.59622, -3.50509
31.3859, 9.55479
131.474, 120.393
57.6591, 157.916
Particle 14 new velocities: 28.5615, 74.6815
164.957, 43.506
38.9733, 85.7682
44.9851, 46.2494
118.07, 115.877
67.3833, 156.565
Particle 15 new velocities: 31.3686, 32.1249
32.9305, -8.6643
62.6721, 78.112
4.01071, 16.3214
19.0625, 23.2569
9.11643, -30.2878
Particle 16 new velocities: 74.8793, 73.0764
122.664, 32.3118
37.4868, 12.6494
40.4941, 27.7294
120.299, 115.053
84.994, 142.922
Particle 17 new velocities: -2.8873, 31.4224
59.8614, -69.588
72.2736, 156.382
7.15509, 15.8524
25.7327, -4.64771
-28.177, 172.345
Particle 18 new velocities: 12.3676, 19.2375
190.064, 31.0804
136.644, 110.701
9.16435, 12.9589
8.42134, 10.5736
-10.3225, 5.68259
Particle 19 new velocities: 103.758, 107.485
114.25, 29.6549
-72.7447, 53.9265
31.9394, 1.64745
37.2606, 94.8708
27.7747, 325.938
Particle 20 new velocities: 6.62844, 13.6967
198.765, 37.8296
-45.2994, 95.0937
23.0644, -8.76516
55.5126, -71.6563
-13.4398, 199.285
-- ITERATION 19 --
-------------
Particle: 1:
Relays Coordinates:
251.969, 187.065
237.65, 57.01
204.085, 291.6
99.8217, 94.9509
277.029, 287.635
140.794, 291.6
Evaluation Time: 1.78921 seconds
Resulting Fitness: 0.906667
-------------
Particle: 2:
Relays Coordinates:
159.409, 141.609
282.934, 59.0732
325.836, 305.892
65.8442, 52.75
192.072, 323.791
111.929, 273.223
Evaluation Time: 2.01835 seconds
Resulting Fitness: 0.906667
-------------
Particle: 3:
Relays Coordinates:
99.4177, 114.057
236.196, 38.2637
236.196, 210.706
44.8558, 35.7569
170.392, 166.986
77.1357, 198.904
Evaluation Time: 1.71994 seconds
Resulting Fitness: 0.823333
-------------
Particle: 4:
Relays Coordinates:
154.014, 122.051
231.242, 23.6144
248.807, 262.564
60.272, 34.3258
200.523, 196.246
94.4996, 287.214
Evaluation Time: 1.79696 seconds
Resulting Fitness: 0.89
-------------
Particle: 5:
Relays Coordinates:
208.73, 95.0801
304.655, 196.636
324, 242.999
73.6245, 108.573
213.907, 308.228
204.388, 250.754
Evaluation Time: 1.66096 seconds
Resulting Fitness: 0.873333
-------------
Particle: 6:
Relays Coordinates:
116.205, 143.332
184.723, 57.5637
274.036, 291.6
106.653, 38.3258
223.456, 291.6
95.8139, 291.6
Evaluation Time: 1.98075 seconds
Resulting Fitness: 0.886667
-------------
Particle: 7:
Relays Coordinates:
127.63, 202.378
210.722, 77.3006
256.987, 292.617
52.3892, 69.2315
182.326, 236.815
134, 215.655
Evaluation Time: 1.87792 seconds
Resulting Fitness: 0.826667
-------------
Particle: 8:
Relays Coordinates:
258.617, 277.164
247.619, 68.9788
319.347, 199.211
121.59, 45.9058
260.54, 302.788
245.414, 318.022
Evaluation Time: 1.79005 seconds
Resulting Fitness: 0.833333
-------------
Particle: 9:
Relays Coordinates:
169.288, 100.162
245.908, 63.153
204.308, 193.636
32.8405, 66.5014
130.358, 234.71
97.7114, 262.44
Evaluation Time: 1.80965 seconds
Resulting Fitness: 0.823333
-------------
Particle: 10:
Relays Coordinates:
91.2816, 105.376
218.825, 41.9483
253.632, 279.329
56.5722, 24.5261
154.8, 187.836
83.2532, 241.494
Evaluation Time: 2.0008 seconds
Resulting Fitness: 0.896667
-------------
Particle: 11:
Relays Coordinates:
195.039, 139.721
298.216, 61.2587
335.779, 326.3
88.9678, 48.73
234.1, 250.527
115.352, 300.084
Evaluation Time: 1.92071 seconds
Resulting Fitness: 0.9
-------------
Particle: 12:
Relays Coordinates:
149.16, 87.3663
166.856, 113.504
262.44, 125.249
106.201, 105.755
205.785, 226.488
97.6318, 259.644
Evaluation Time: 1.75146 seconds
Resulting Fitness: 0.846667
-------------
Particle: 13:
Relays Coordinates:
153.101, 155.03
253.957, 65.795
193.022, 189.019
56.212, 41.5165
231.539, 243.364
111.5, 226.596
Evaluation Time: 1.78465 seconds
Resulting Fitness: 0.826667
-------------
Particle: 14:
Relays Coordinates:
81.6788, 125.218
262.44, 63.3549
153.821, 220.911
49.6697, 52.1938
162.797, 167.056
104.362, 209.72
Evaluation Time: 1.6953 seconds
Resulting Fitness: 0.743333
-------------
Particle: 15:
Relays Coordinates:
184.315, 134.305
252.323, 100.541
283.33, 250.902
65.0548, 57.3301
153.886, 223.059
97.1664, 237.907
Evaluation Time: 1.9533 seconds
Resulting Fitness: 0.923333
-------------
Particle: 16:
Relays Coordinates:
226.679, 185.795
250.033, 83.2898
242.941, 222.822
83.9877, 130.024
209.575, 280.628
162.432, 315.965
Evaluation Time: 1.66905 seconds
Resulting Fitness: 0.806667
-------------
Particle: 17:
Relays Coordinates:
122.718, 106.457
234.002, 74.3305
242.839, 204.474
36.628, 47.3857
188.26, 206.091
74.1839, 291.6
Evaluation Time: 1.72479 seconds
Resulting Fitness: 0.85
-------------
Particle: 18:
Relays Coordinates:
28.4888, 83.2286
207.382, 39.554
192.979, 188.232
33.6454, 24.7599
89.6115, 117.171
41.4538, 157.988
Evaluation Time: 1.53813 seconds
Resulting Fitness: 0.713333
-------------
Particle: 19:
Relays Coordinates:
193.145, 184.196
208.101, 63.6613
152.659, 177.19
62.0259, 43.0147
143.959, 212.576
78.1234, 212.576
Evaluation Time: 1.64027 seconds
Resulting Fitness: 0.673333
-------------
Particle: 20:
Relays Coordinates:
115.78, 148.554
255.729, 48.8411
161.598, 186.685
63.8017, 74.3526
136.833, 144.305
97.0682, 262.44
Evaluation Time: 1.6137 seconds
Resulting Fitness: 0.73
Current global best fitness: 0.953333
Current global best relays: 147.244, 137.703
261.797, 57.2474
299.639, 258.932
60.3026, 49.5714
187.809, 223.118
102.851, 332.557
Particle 1 new velocities: 115.698, 88.029
165.737, 82.1735
207.452, -18.7483
21.581, 26.4104
123.055, 155.557
71.5546, 5.94325
Particle 2 new velocities: 1.91945, -7.07
13.1987, 1.38593
-20.2154, -22.4394
-0.737469, 3.3069
9.75821, -41.5186
-5.60426, 51.7969
Particle 3 new velocities: 236.626, 102.198
67.9366, 28.8721
186.274, 156.9
49.7929, 60.6966
138.83, 163.324
69.1893, 273.811
Particle 4 new velocities: 58.8874, 57.638
122.2, 140.392
100.59, 101.941
33.4397, 53.6986
49.5092, 106.314
10.5822, 93.7395
Particle 5 new velocities: -2.99875, 26.0101
130.932, -25.4702
-22.4656, 38.9287
27.6449, -19.4055
58.2069, 50.356
143.497, 139.88
Particle 6 new velocities: 125.404, 81.6072
118.839, 36.898
153.793, -25.7693
9.89224, 49.6906
100.277, -45.9841
74.2979, 17.0489
Particle 7 new velocities: 11.2603, -3.83291
113.04, 30.404
19.3713, 24.1396
13.9275, -5.17662
23.9248, 16.875
13.4985, 40.0232
Particle 8 new velocities: -99.1844, -93.9031
-37.1107, -25.9981
4.69165, 32.774
-85.8327, -7.50966
-59.0427, -153.428
53.0679, -13.3248
Particle 9 new velocities: 113.309, 65.3207
107.484, 51.6612
226.036, 130.709
15.8119, 71.017
253.364, 216.06
81.9413, 94.0624
Particle 10 new velocities: 68.4512, 73.8337
110.671, 29.8198
70.8509, 116.062
-1.46946, 17.049
65.0984, 82.1419
16.8984, 110.963
Particle 11 new velocities: -7.19244, 10.3711
-3.39722, 10.5255
-22.086, -62.8442
-32.6129, 8.54824
8.39539, 0.558003
9.46314, 46.9492
Particle 12 new velocities: 26.4471, 23.1205
126.076, 53.9904
47.6572, 208.56
79.9887, 62.8698
62.2426, 131.815
86.4259, 130.399
Particle 13 new velocities: 63.7323, 60.2901
110.234, 30.3395
229.259, 131.481
25.0031, 34.8669
83.0982, 105.962
42.3225, 171.275
Particle 14 new velocities: 67.3488, 70.9254
-26.7818, 38.7434
258.052, 107.035
-10.3873, 26.3615
61.1224, 129.413
71.8709, 150.332
Particle 15 new velocities: -17.179, 42.0913
38.2119, -30.1547
30.2459, 89.0238
2.82126, -22.7634
8.80071, 16.7629
19.2658, 95.8838
Particle 16 new velocities: 8.18584, 13.2017
145.151, 10.5014
108.521, 156.835
23.4461, -62.9618
168.453, 64.4458
14.8313, 101.606
Particle 17 new velocities: 60.3492, 54.6627
70.8215, 32.9188
102.702, 169.157
22.9431, 15.4037
34.7443, 114.411
27.7709, -0.77122
Particle 18 new velocities: 261.646, 79.9964
196.392, 68.9414
303.879, 178.544
126.018, 60.3348
231.285, 25.6239
152.647, 247.65
Particle 19 new velocities: 207.569, 85.864
249.053, 71.6432
97.0923, 117.534
89.2776, 12.3212
176.819, 32.8409
51.9432, 76.5471
Particle 20 new velocities: 113.497, 8.01978
160.909, 12.2431
180.562, 213.367
3.5406, -35.29
37.7853, 14.9405
44.3903, 87.8232
-- ITERATION 20 --
-------------
Particle: 1:
Relays Coordinates:
268.029, 200.544
291.6, 101.465
291.6, 198.909
88.5026, 88.4723
291.6, 291.6
154.802, 216.909
Evaluation Time: 1.81286 seconds
Resulting Fitness: 0.87
-------------
Particle: 2:
Relays Coordinates:
161.328, 134.539
296.133, 60.4591
305.621, 283.453
65.1067, 56.0569
201.83, 282.272
106.325, 325.02
Evaluation Time: 1.90622 seconds
Resulting Fitness: 0.876667
-------------
Particle: 3:
Relays Coordinates:
244.976, 157.65
221.713, 48.942
291.6, 267.984
68.9989, 70.3146
225.423, 240.796
106.671, 291.6
Evaluation Time: 1.81202 seconds
Resulting Fitness: 0.81
-------------
Particle: 4:
Relays Coordinates:
191.611, 161.72
318.098, 147.606
314.457, 328.054
84.3405, 79.222
225.029, 272.304
94.5736, 342.858
Evaluation Time: 1.7479 seconds
Resulting Fitness: 0.956667
New local best!
New global best!
-------------
Particle: 5:
Relays Coordinates:
166.642, 98.0831
324, 138.645
244.243, 228.362
82.0283, 72.2257
220.412, 290.453
281.787, 316.414
Evaluation Time: 1.80568 seconds
Resulting Fitness: 0.886667
-------------
Particle: 6:
Relays Coordinates:
195.703, 182.201
245.885, 76.5139
324, 215.323
94.4013, 71.2933
262.223, 198.949
137.791, 250.006
Evaluation Time: 1.76903 seconds
Resulting Fitness: 0.856667
-------------
Particle: 7:
Relays Coordinates:
112.501, 160.821
262.247, 87.2407
223.85, 256.573
53.7165, 51.8844
167.063, 205.489
119.474, 207.1
Evaluation Time: 1.85003 seconds
Resulting Fitness: 0.846667
-------------
Particle: 8:
Relays Coordinates:
129.14, 148.441
170.512, 34.8144
262.472, 187.908
28.9636, 31.1009
163.213, 120.982
241.77, 246.805
Evaluation Time: 1.74469 seconds
Resulting Fitness: 0.753333
-------------
Particle: 9:
Relays Coordinates:
185.412, 108.573
231.861, 75.3296
262.44, 212.802
31.9208, 90.2258
251.76, 262.44
117.87, 233.901
Evaluation Time: 1.90482 seconds
Resulting Fitness: 0.763333
-------------
Particle: 10:
Relays Coordinates:
116.445, 130.643
240.203, 52.3189
236.548, 288.24
40.1699, 30.3083
160.306, 196.814
73.0105, 256.942
Evaluation Time: 1.9172 seconds
Resulting Fitness: 0.893333
-------------
Particle: 11:
Relays Coordinates:
169.062, 135.083
265.337, 64.6058
282.324, 237.11
50.7194, 51.5504
218.246, 225.977
112.333, 312.33
Evaluation Time: 1.89626 seconds
Resulting Fitness: 0.923333
-------------
Particle: 12:
Relays Coordinates:
128.018, 80.5449
213.547, 122.104
226.061, 243.347
135.732, 122.928
195.392, 261.203
134.178, 284.341
Evaluation Time: 1.72869 seconds
Resulting Fitness: 0.78
-------------
Particle: 13:
Relays Coordinates:
158.071, 156.968
265.495, 70.0821
291.6, 233.645
59.2058, 55.6834
229.37, 254.659
112.136, 290.049
Evaluation Time: 1.93738 seconds
Resulting Fitness: 0.92
New local best!
-------------
Particle: 14:
Relays Coordinates:
120.712, 158.877
190.883, 82.6996
324, 265.636
31.8188, 63.6297
181.375, 240.14
142.749, 291.642
Evaluation Time: 1.77248 seconds
Resulting Fitness: 0.89
New local best!
-------------
Particle: 15:
Relays Coordinates:
135.38, 142.881
235.333, 57.0126
253.996, 275.34
54.9796, 27.9991
131.776, 194.256
94.3101, 270.37
Evaluation Time: 1.96793 seconds
Resulting Fitness: 0.886667
-------------
Particle: 16:
Relays Coordinates:
171.217, 145.069
288.089, 68.3738
256.215, 276.77
78.3192, 48.888
275.582, 251.559
129.225, 291.6
Evaluation Time: 1.95609 seconds
Resulting Fitness: 0.906667
New local best!
-------------
Particle: 17:
Relays Coordinates:
164.76, 145.008
274.341, 96.5244
310.987, 336.268
53.6141, 56.5104
200.704, 288.451
91.7593, 261.746
Evaluation Time: 1.98385 seconds
Resulting Fitness: 0.906667
-------------
Particle: 18:
Relays Coordinates:
190.357, 107.092
262.44, 71.1838
262.44, 240.642
104.755, 55.8306
210.54, 93.6877
127.35, 262.44
Evaluation Time: 1.84716 seconds
Resulting Fitness: 0.863333
-------------
Particle: 19:
Relays Coordinates:
262.44, 177.186
262.44, 88.7732
163.862, 193.368
99.2703, 36.3059
210.462, 161.018
85.3366, 189.694
Evaluation Time: 1.66274 seconds
Resulting Fitness: 0.736667
-------------
Particle: 20:
Relays Coordinates:
167.143, 114.142
291.6, 44.5304
249.435, 291.6
49.0925, 28.4767
127.297, 116.09
103.123, 255.342
Evaluation Time: 1.87815 seconds
Resulting Fitness: 0.896667
Final Evaluation Time: 718.657 seconds
Final global best fitness: 0.956667
Final global best relays:
191.611, 161.72
318.098, 147.606
314.457, 328.054
84.3405, 79.222
225.029, 272.304
94.5736, 342.858
