PSO EXECUTION
============================
Seed: 38032146
Particles: 20
Relays: 3
Iterations: 20
Backend: Surrogate
Network Configuration: 2
Area: 500 x 500
Sink: 0, 0
Simulated Relay range: 155
w: 0.8
c1: 1.7
c2: 1.3

Relay Nodes Positions: 
PARTICLE 1: 
50.833, 24.9212
26.052, 223.448
85.7034, 138.565
PARTICLE 2: 
60.6514, 274.229
22.8497, 111.683
13.9843, 176.188
PARTICLE 3: 
150.28, 105.524
52.832, 20.4356
96.9928, 248.427
PARTICLE 4: 
68.3886, 49.296
81.4911, 254.076
24.0101, 162.023
PARTICLE 5: 
95.6892, 35.1829
146.488, 118.917
18.3884, 119.145
PARTICLE 6: 
57.5332, 131.599
134.657, 74.1726
111.901, 216.091
PARTICLE 7: 
14.8732, 46.092
141.119, 11.2599
104.819, 93.5025
PARTICLE 8: 
154.968, 170.288
175.485, 122.823
13.5978, 111.475
PARTICLE 9: 
20.2776, 81.3917
15.5301, 112.609
24.7834, 235.644
PARTICLE 10: 
74.1396, 177.442
123.973, 40.8388
237.183, 45.95
PARTICLE 11: 
122.296, 27.6795
103.697, 98.4813
44.4052, 203.744
PARTICLE 12: 
105.07, 100.316
58.6972, 224.221
18.9911, 53.3733
PARTICLE 13: 
109.835, 93.7514
223.374, 154.492
287.584, 121.62
PARTICLE 14: 
121.356, 51.6545
234.08, 138.84
25.2296, 80.7205
PARTICLE 15: 
86.7951, 43.8253
233.566, 103.211
82.5011, 92.9431
PARTICLE 16: 
172.783, 106.232
99.693, 86.8751
139.688, 75.8424
PARTICLE 17: 
55.2349, 46.6534
138.174, 85.7052
97.131, 13.6115
PARTICLE 18: 
139.756, 51.9035
243.742, 51.4686
270.317, 101.623
PARTICLE 19: 
120.017, 19.9784
221.018, 106.604
128.093, 113.216
PARTICLE 20: 
88.2379, 406.116
68.975, 278.927
19.8153, 149.791
Nodes Positions: 
212.828, 222.84
107.363, 153.193
475.283, 68.5636
401.713, 141.699
170.663, 436.535
138.044, 247.146
388.31, 471.686
366.365, 180.139
299.176, 330.097
199.066, 462.497
328.449, 236.039
189.337, 369.215
92.8593, 51.5685
442.629, 124.61
393.852, 478.595
411.305, 382.928
124.667, 58.9531
60.5114, 279.597
47.1227, 491.819
216.776, 484.162
276.369, 78.9104
465.459, 216.409
22.2418, 195.582
487.586, 324.483
203.361, 413.515
454.297, 187.375
322.907, 25.0791
419.439, 16.1993
127.638, 453.108
116.187, 133.31
228.151, 286.784
27.5189, 2.77928
256.876, 295.217
153.965, 337.978
50.0003, 233.236
429.262, 346.488
354.528, 265.833
310.496, 169.881
337, 267.443
381.089, 307.598
258.755, 49.8207
494.287, 87.1463
1.07688, 422.19
373.712, 441.895
88.4086, 96.3657
159.56, 116.463
74.4156, 104.167
439.615, 159.016
176.244, 313.476
307.361, 396.727
468.599, 430.93
343.218, 133.728
245.337, 407.473
77.6845, 41.222
149.57, 387.698
234.896, 366.006
9.83831, 22.8835
274.219, 258.131
284.825, 204.411
33.6105, 352.91
All particles start with velocity zero
-- ITERATION 0 --
-------------
Particle: 1:
Relays Coordinates:
50.833, 24.9212
26.052, 223.448
85.7034, 138.565
Evaluation Time: 0.0661364 seconds
Resulting Fitness: 0.2506
New local best!
New global best!
-------------
Particle: 2:
Relays Coordinates:
60.6514, 274.229
22.8497, 111.683
13.9843, 176.188
Evaluation Time: 0.134857 seconds
Resulting Fitness: 0.266167
New local best!
New global best!
-------------
Particle: 3:
Relays Coordinates:
150.28, 105.524
52.832, 20.4356
96.9928, 248.427
Evaluation Time: 0.168619 seconds
Resulting Fitness: 0.279002
New local best!
New global best!
-------------
Particle: 4:
Relays Coordinates:
68.3886, 49.296
81.4911, 254.076
24.0101, 162.023
Evaluation Time: 0.206741 seconds
Resulting Fitness: 0.27505
New local best!
-------------
Particle: 5:
Relays Coordinates:
95.6892, 35.1829
146.488, 118.917
18.3884, 119.145
Evaluation Time: 0.174326 seconds
Resulting Fitness: 0.240046
New local best!
-------------
Particle: 6:
Relays Coordinates:
57.5332, 131.599
134.657, 74.1726
111.901, 216.091
Evaluation Time: 0.093994 seconds
Resulting Fitness: 0.265346
New local best!
-------------
Particle: 7:
Relays Coordinates:
14.8732, 46.092
141.119, 11.2599
104.819, 93.5025
Evaluation Time: 0.0644493 seconds
Resulting Fitness: 0.199689
New local best!
-------------
Particle: 8:
Relays Coordinates:
154.968, 170.288
175.485, 122.823
13.5978, 111.475
Evaluation Time: 0.0507962 seconds
Resulting Fitness: 0.275887
New local best!
-------------
Particle: 9:
Relays Coordinates:
20.2776, 81.3917
15.5301, 112.609
24.7834, 235.644
Evaluation Time: 0.0511371 seconds
Resulting Fitness: 0.241262
New local best!
-------------
Particle: 10:
Relays Coordinates:
74.1396, 177.442
123.973, 40.8388
237.183, 45.95
Evaluation Time: 0.0841601 seconds
Resulting Fitness: 0.254476
New local best!
-------------
Particle: 11:
Relays Coordinates:
122.296, 27.6795
103.697, 98.4813
44.4052, 203.744
Evaluation Time: 0.109122 seconds
Resulting Fitness: 0.252888
New local best!
-------------
Particle: 12:
Relays Coordinates:
105.07, 100.316
58.6972, 224.221
18.9911, 53.3733
Evaluation Time: 0.0711206 seconds
Resulting Fitness: 0.259749
New local best!
-------------
Particle: 13:
Relays Coordinates:
109.835, 93.7514
223.374, 154.492
287.584, 121.62
Evaluation Time: 0.0989542 seconds
Resulting Fitness: 0.334906
New local best!
New global best!
-------------
Particle: 14:
Relays Coordinates:
121.356, 51.6545
234.08, 138.84
25.2296, 80.7205
Evaluation Time: 0.259331 seconds
Resulting Fitness: 0.293102
New local best!
-------------
Particle: 15:
Relays Coordinates:
86.7951, 43.8253
233.566, 103.211
82.5011, 92.9431
Evaluation Time: 0.130593 seconds
Resulting Fitness: 0.2541
New local best!
-------------
Particle: 16:
Relays Coordinates:
172.783, 106.232
99.693, 86.8751
139.688, 75.8424
Evaluation Time: 0.111626 seconds
Resulting Fitness: 0.247673
New local best!
-------------
Particle: 17:
Relays Coordinates:
55.2349, 46.6534
138.174, 85.7052
97.131, 13.6115
Evaluation Time: 0.0604055 seconds
Resulting Fitness: 0.220148
New local best!
-------------
Particle: 18:
Relays Coordinates:
139.756, 51.9035
243.742, 51.4686
270.317, 101.623
Evaluation Time: 0.0496598 seconds
Resulting Fitness: 0.287298
New local best!
-------------
Particle: 19:
Relays Coordinates:
120.017, 19.9784
221.018, 106.604
128.093, 113.216
Evaluation Time: 0.0597756 seconds
Resulting Fitness: 0.25641
New local best!
-------------
Particle: 20:
Relays Coordinates:
88.2379, 406.116
68.975, 278.927
19.8153, 149.791
Evaluation Time: 0.0618268 seconds
Resulting Fitness: 0.319169
New local best!
Current global best fitness: 0.334906
Current global best relays: 109.835, 93.7514
223.374, 154.492
287.584, 121.62
Particle 1 new velocities: 26.1691, 54.2993
171.953, -64.0888
204.151, -5.67787
Particle 2 new velocities: 0.0377921, -214.005
209.834, 34.4911
159.937, -46.6851
Particle 3 new velocities: -40.4252, -7.03365
56.332, 58.0113
48.5615, -116.23
Particle 4 new velocities: 50.2867, 18.0068
83.7148, -111.455
309.494, -43.2297
Particle 5 new velocities: 3.68858, 71.6705
77.9233, 12.9165
150.209, 2.6596
Particle 6 new velocities: 53.1604, -4.58876
23.1982, 16.0713
52.9913, -16.566
Particle 7 new velocities: 78.0559, 25.8194
33.7032, 33.0896
141.781, 11.6738
Particle 8 new velocities: -58.5454, -33.2176
57.9553, 24.9687
297.482, 10.8911
Particle 9 new velocities: 47.0551, 7.52186
19.9283, 34.8675
133.747, -50.4824
Particle 10 new velocities: 10.3612, -96.7223
19.2415, 119.031
64.1625, 78.6238
Particle 11 new velocities: -1.87291, 41.9204
51.9129, 34.8877
216.155, -99.2395
Particle 12 new velocities: 2.70887, -8.27336
58.0441, -43.0413
178.945, 18.8393
Particle 13 new velocities: 0, 0
0, 0
0, 0
Particle 14 new velocities: -8.42922, 38.2336
-0.806343, 10.7992
302.808, 29.9704
Particle 15 new velocities: 12.9757, 4.36755
-6.39869, 3.43027
250.61, 4.01982
Particle 16 new velocities: -11.1845, -14.5151
42.4078, 0.494684
182.776, 53.0613
Particle 17 new velocities: 16.2652, 32.8888
104.602, 74.052
244.941, 63.9853
Particle 18 new velocities: -22.4908, 12.3464
-19.4245, 43.959
12.6826, 23.2158
Particle 19 new velocities: -8.47783, 26.0865
1.15027, 12.9157
85.3367, 9.95999
Particle 20 new velocities: 9.45679, -238.948
163.336, -93.3987
195.846, -22.0797
-- ITERATION 1 --
-------------
Particle: 1:
Relays Coordinates:
77.0021, 79.2205
198.005, 159.36
289.854, 132.887
Evaluation Time: 0.0516531 seconds
Resulting Fitness: 0.333937
New local best!
-------------
Particle: 2:
Relays Coordinates:
60.6892, 60.2235
232.684, 146.174
173.921, 129.503
Evaluation Time: 0.0558395 seconds
Resulting Fitness: 0.302242
New local best!
-------------
Particle: 3:
Relays Coordinates:
109.855, 98.4908
109.164, 78.4469
145.554, 132.197
Evaluation Time: 0.0475814 seconds
Resulting Fitness: 0.247726
-------------
Particle: 4:
Relays Coordinates:
106.808, 60.5725
148.685, 128.359
300.154, 106.914
Evaluation Time: 0.0440461 seconds
Resulting Fitness: 0.313408
New local best!
-------------
Particle: 5:
Relays Coordinates:
99.3778, 106.853
224.411, 131.834
168.597, 121.804
Evaluation Time: 0.0463814 seconds
Resulting Fitness: 0.291306
New local best!
-------------
Particle: 6:
Relays Coordinates:
99.6242, 114.309
142.07, 81.2195
148.403, 179.573
Evaluation Time: 0.0623755 seconds
Resulting Fitness: 0.275808
New local best!
-------------
Particle: 7:
Relays Coordinates:
92.9291, 71.9114
174.822, 44.3495
246.6, 105.176
Evaluation Time: 0.0885429 seconds
Resulting Fitness: 0.275291
New local best!
-------------
Particle: 8:
Relays Coordinates:
86.7807, 123.363
210.096, 133.013
279.972, 110.13
Evaluation Time: 0.0969634 seconds
Resulting Fitness: 0.311269
New local best!
-------------
Particle: 9:
Relays Coordinates:
67.3327, 88.9136
35.4584, 147.477
158.531, 185.162
Evaluation Time: 0.0550904 seconds
Resulting Fitness: 0.282145
New local best!
-------------
Particle: 10:
Relays Coordinates:
76.0507, 72.6482
128.893, 143.883
271.211, 112.116
Evaluation Time: 0.0438173 seconds
Resulting Fitness: 0.294872
New local best!
-------------
Particle: 11:
Relays Coordinates:
120.423, 69.6
155.61, 133.369
260.561, 104.505
Evaluation Time: 0.0395066 seconds
Resulting Fitness: 0.279813
New local best!
-------------
Particle: 12:
Relays Coordinates:
107.779, 92.0431
116.741, 181.18
197.936, 72.2126
Evaluation Time: 0.0397098 seconds
Resulting Fitness: 0.259822
New local best!
-------------
Particle: 13:
Relays Coordinates:
109.835, 93.7514
223.374, 154.492
287.584, 121.62
Evaluation Time: 0.0435388 seconds
Resulting Fitness: 0.334906
-------------
Particle: 14:
Relays Coordinates:
112.926, 89.8881
233.274, 149.64
328.037, 110.691
Evaluation Time: 0.0458571 seconds
Resulting Fitness: 0.336734
New local best!
New global best!
-------------
Particle: 15:
Relays Coordinates:
99.7709, 48.1928
227.167, 106.641
333.111, 96.963
Evaluation Time: 0.0555763 seconds
Resulting Fitness: 0.314781
New local best!
-------------
Particle: 16:
Relays Coordinates:
145.439, 82.5453
127.891, 78.6328
290.218, 116.013
Evaluation Time: 0.0649168 seconds
Resulting Fitness: 0.302854
New local best!
-------------
Particle: 17:
Relays Coordinates:
57.9151, 64.4292
196.649, 129.403
277.078, 62.8534
Evaluation Time: 0.0793952 seconds
Resulting Fitness: 0.267769
New local best!
-------------
Particle: 18:
Relays Coordinates:
117.266, 64.2498
224.318, 95.4276
282.999, 124.839
Evaluation Time: 0.179628 seconds
Resulting Fitness: 0.315151
New local best!
-------------
Particle: 19:
Relays Coordinates:
111.539, 46.065
222.169, 119.52
213.429, 123.176
Evaluation Time: 0.149638 seconds
Resulting Fitness: 0.278629
New local best!
-------------
Particle: 20:
Relays Coordinates:
71.2194, 121.866
169.355, 135.25
157.217, 93.1018
Evaluation Time: 0.149009 seconds
Resulting Fitness: 0.250445
Current global best fitness: 0.336734
Current global best relays: 112.926, 89.8881
233.274, 149.64
328.037, 110.691
Particle 1 new velocities: 39.4957, 52.297
141.141, -58.7291
186.123, -28.0145
Particle 2 new velocities: 5.77359, -152.778
168.296, 30.4698
178.592, -40.7911
Particle 3 new velocities: 29.1266, 0.0329461
119.55, 67.4607
60.3228, -97.4526
Particle 4 new velocities: 42.8247, 19.4613
152.561, -61.514
253.933, -34.11
Particle 5 new velocities: 15.9017, 56.1457
68.4463, 23.6514
196.684, -11.6809
Particle 6 new velocities: 56.4642, -6.7483
23.7819, 27.8874
149.477, -79.515
Particle 7 new velocities: 73.8942, 38.9759
54.1886, 123.673
116.754, 12.6364
Particle 8 new velocities: -38.097, -43.7515
54.4582, 20.5271
285.736, 8.90208
Particle 9 new velocities: 64.5162, 6.53174
172.12, 28.3245
114.687, -73.498
Particle 10 new velocities: 27.965, -65.4726
130.941, 96.4426
89.2863, 61.5719
Particle 11 new velocities: -6.48469, 56.4003
140.169, 46.1647
209.93, -77.0061
Particle 12 new velocities: 8.06548, -7.82299
134.652, -36.4658
170.903, 56.5159
Particle 13 new velocities: 3.56007, -2.58888
8.62903, -4.17162
38.3278, -13.9139
Particle 14 new velocities: -6.74338, 30.5869
-0.645075, 8.63933
242.246, 23.9763
Particle 15 new velocities: 12.3805, 54.3218
2.36023, 48.8527
195.579, 15.7681
Particle 16 new velocities: -33.257, -3.44271
170.191, 46.2598
186.866, 39.2876
Particle 17 new velocities: 15.2941, 42.0467
124.694, 77.5524
209.109, 57.8025
Particle 18 new velocities: -18.5302, 10.9072
-12.7611, 77.0846
33.5208, 13.9637
Particle 19 new velocities: -5.54321, 48.995
12.9392, 19.1045
196.139, -5.01233
Particle 20 new velocities: 48.0623, 80.1606
95.3404, -53.3304
100.42, 25.7289
-- ITERATION 2 --
-------------
Particle: 1:
Relays Coordinates:
76.4342, 86.2886
222.513, 66.0237
312.289, 68.8072
Evaluation Time: 0.038339 seconds
Resulting Fitness: 0.280102
-------------
Particle: 2:
Relays Coordinates:
31.7889, 0
191.788, 84.4883
168.606, 42.4307
Evaluation Time: 0.030399 seconds
Resulting Fitness: 0.240199
-------------
Particle: 3:
Relays Coordinates:
125.083, 88.6713
205.843, 131.317
185.289, 31.27
Evaluation Time: 0.0413743 seconds
Resulting Fitness: 0.274403
-------------
Particle: 4:
Relays Coordinates:
109.082, 58.3447
219.609, 48.7303
364.5, 53.0744
Evaluation Time: 0.0404352 seconds
Resulting Fitness: 0.278027
-------------
Particle: 5:
Relays Coordinates:
84.0388, 118.826
213.493, 113.349
266.29, 80.28
Evaluation Time: 0.0401237 seconds
Resulting Fitness: 0.269272
-------------
Particle: 6:
Relays Coordinates:
126.432, 87.1243
134.34, 88.3766
241.283, 81.0467
Evaluation Time: 0.0457205 seconds
Resulting Fitness: 0.262535
-------------
Particle: 7:
Relays Coordinates:
121.614, 80.8368
166.949, 122.488
264.885, 85.8854
Evaluation Time: 0.0520577 seconds
Resulting Fitness: 0.266963
-------------
Particle: 8:
Relays Coordinates:
28.7472, 47.0098
156.217, 90.6638
295.245, 70.287
Evaluation Time: 0.063088 seconds
Resulting Fitness: 0.26494
-------------
Particle: 9:
Relays Coordinates:
118.664, 85.9008
186.821, 158.221
245.896, 100.498
Evaluation Time: 0.0758536 seconds
Resulting Fitness: 0.311632
New local best!
-------------
Particle: 10:
Relays Coordinates:
55.2782, 3.81339
138.086, 127.719
191.583, 92.3051
Evaluation Time: 0.0485092 seconds
Resulting Fitness: 0.247313
-------------
Particle: 11:
Relays Coordinates:
74.7551, 82.6688
194.06, 117.792
308.689, 18.0419
Evaluation Time: 0.0413858 seconds
Resulting Fitness: 0.262331
-------------
Particle: 12:
Relays Coordinates:
115.844, 84.2201
251.393, 144.714
368.839, 128.729
Evaluation Time: 0.0399417 seconds
Resulting Fitness: 0.340241
New local best!
New global best!
-------------
Particle: 13:
Relays Coordinates:
113.395, 91.1625
232.003, 150.32
325.912, 107.707
Evaluation Time: 0.0448131 seconds
Resulting Fitness: 0.338173
New local best!
-------------
Particle: 14:
Relays Coordinates:
56.43, 64.0254
123.628, 84.1159
265.721, 71.5677
Evaluation Time: 0.0433453 seconds
Resulting Fitness: 0.259397
-------------
Particle: 15:
Relays Coordinates:
59.6018, 54.4805
121.98, 82.6359
265.721, 59.9099
Evaluation Time: 0.0663914 seconds
Resulting Fitness: 0.254024
-------------
Particle: 16:
Relays Coordinates:
81.7805, 57.6658
217.301, 91.0467
347.794, 113.214
Evaluation Time: 0.0944066 seconds
Resulting Fitness: 0.321673
New local best!
-------------
Particle: 17:
Relays Coordinates:
38.9064, 56.5857
170.775, 109.985
258.38, 64.1215
Evaluation Time: 0.212105 seconds
Resulting Fitness: 0.254848
-------------
Particle: 18:
Relays Coordinates:
98.7354, 75.1571
211.557, 172.512
316.52, 138.802
Evaluation Time: 0.150338 seconds
Resulting Fitness: 0.344411
New local best!
New global best!
-------------
Particle: 19:
Relays Coordinates:
85.8569, 76.9986
190.437, 112.286
331.751, 95.7129
Evaluation Time: 0.104849 seconds
Resulting Fitness: 0.308311
New local best!
-------------
Particle: 20:
Relays Coordinates:
78.2607, 132.55
173.667, 53.7477
169.036, 77.9648
Evaluation Time: 0.0812773 seconds
Resulting Fitness: 0.242093
Current global best fitness: 0.344411
Current global best relays: 98.7354, 75.1571
211.557, 172.512
316.52, 138.802
Particle 1 new velocities: 56.6415, 29.4234
77.9716, 67.1663
139.277, 105.769
Particle 2 new velocities: 53.9902, 116.326
200.398, 105.222
238.23, 142.351
Particle 3 new velocities: 12.8346, 17.9449
-35.454, 28.8093
27.2185, 69.7256
Particle 4 new velocities: 30.8125, 35.555
43.6687, 1.19751
-80.4957, -15.2943
Particle 5 new velocities: 39.7515, 6.20128
55.8879, 84.9098
72.6044, 65.3343
Particle 6 new velocities: -4.2293, -1.19104
113.182, 107.07
121.209, 86.9978
Particle 7 new velocities: 20.7212, 13.0421
62.7626, 10.0354
67.7592, 17.9365
Particle 8 new velocities: 44.104, 37.336
89.5357, 72.7755
-0.100795, 94.5307
Particle 9 new velocities: 25.9988, -2.33699
152.797, 24.7522
106.274, -39.5411
Particle 10 new velocities: 51.0364, 77.53
160.529, 144.683
233.373, 79.009
Particle 11 new velocities: 78.0069, 16.8587
67.5377, 42.296
100.818, 68.0886
Particle 12 new velocities: -0.259747, -7.30821
101.228, -3.77985
74.2981, 50.2196
Particle 13 new velocities: -7.36568, -3.53482
3.39571, 21.4186
24.7615, 9.27212
Particle 14 new velocities: 48.8255, 29.8093
245.232, 55.4238
64.6905, 84.6811
Particle 15 new velocities: 68.1834, 53.2834
150.271, 92.5473
127.304, 113.663
Particle 16 new velocities: -7.45269, 2.17767
135.043, 104.451
140.005, 38.2933
Particle 17 new velocities: 98.36, 59.2806
182.44, 101.803
175.107, 111.603
Particle 18 new velocities: -14.8242, 8.72579
-10.2089, 61.6677
26.8167, 11.171
Particle 19 new velocities: 10.3735, 38.3118
24.369, 60.7401
138.351, 9.55696
Particle 20 new velocities: 60.7093, 114.338
98.2782, 254.415
52.851, 125.928
-- ITERATION 3 --
-------------
Particle: 1:
Relays Coordinates:
107.791, 93.7268
243.393, 107.884
365.769, 141.407
Evaluation Time: 0.120783 seconds
Resulting Fitness: 0.347268
New local best!
New global best!
-------------
Particle: 2:
Relays Coordinates:
41.0279, 55.6384
187.581, 90.738
194.589, 88.3803
Evaluation Time: 0.120913 seconds
Resulting Fitness: 0.241423
-------------
Particle: 3:
Relays Coordinates:
111.714, 86.3592
138.015, 129.702
172.131, 81.8064
Evaluation Time: 0.106869 seconds
Resulting Fitness: 0.247387
-------------
Particle: 4:
Relays Coordinates:
125.905, 84.5097
236.95, 44.9351
255.604, 34.0021
Evaluation Time: 0.209459 seconds
Resulting Fitness: 0.253061
-------------
Particle: 5:
Relays Coordinates:
100.27, 101.272
218.199, 160.589
274.505, 117.948
Evaluation Time: 0.147396 seconds
Resulting Fitness: 0.328197
New local best!
-------------
Particle: 6:
Relays Coordinates:
109.982, 77.3399
222.769, 175.902
326.243, 151.24
Evaluation Time: 0.0835817 seconds
Resulting Fitness: 0.361792
New local best!
New global best!
-------------
Particle: 7:
Relays Coordinates:
128.102, 84.491
206.74, 119.271
299.38, 93.4397
Evaluation Time: 0.0819579 seconds
Resulting Fitness: 0.304633
New local best!
-------------
Particle: 8:
Relays Coordinates:
59.0095, 68.3201
199.059, 132.386
239.067, 133.502
Evaluation Time: 0.0430917 seconds
Resulting Fitness: 0.295124
-------------
Particle: 9:
Relays Coordinates:
105.459, 60.918
247.582, 133.387
256.732, 44.4373
Evaluation Time: 0.0531721 seconds
Resulting Fitness: 0.308276
-------------
Particle: 10:
Relays Coordinates:
56.4999, 43.2292
158.696, 144.765
225.839, 91.0433
Evaluation Time: 0.057577 seconds
Resulting Fitness: 0.252743
-------------
Particle: 11:
Relays Coordinates:
123.737, 80.6173
211.894, 129.671
331.701, 69.7657
Evaluation Time: 0.0510083 seconds
Resulting Fitness: 0.319483
New local best!
-------------
Particle: 12:
Relays Coordinates:
68.2514, 45.4157
208.219, 83.22
261.668, 105.667
Evaluation Time: 0.067742 seconds
Resulting Fitness: 0.282194
-------------
Particle: 13:
Relays Coordinates:
106.029, 87.6277
235.399, 171.739
350.674, 116.979
Evaluation Time: 0.111515 seconds
Resulting Fitness: 0.344038
New local best!
-------------
Particle: 14:
Relays Coordinates:
69.0581, 61.5649
242.009, 91.552
216.783, 102.515
Evaluation Time: 0.0982777 seconds
Resulting Fitness: 0.251634
-------------
Particle: 15:
Relays Coordinates:
115.007, 96.9875
245.026, 157.665
353.722, 156.216
Evaluation Time: 0.0613723 seconds
Resulting Fitness: 0.382109
New local best!
New global best!
-------------
Particle: 16:
Relays Coordinates:
35.5507, 28.623
168.525, 93.5062
233.313, 72.4656
Evaluation Time: 0.0635465 seconds
Resulting Fitness: 0.246315
-------------
Particle: 17:
Relays Coordinates:
81.0544, 68.4179
208.57, 125.058
255.969, 103.764
Evaluation Time: 0.0554319 seconds
Resulting Fitness: 0.280878
New local best!
-------------
Particle: 18:
Relays Coordinates:
67.9681, 67.9451
163.092, 189.686
278.103, 121.478
Evaluation Time: 0.0562452 seconds
Resulting Fitness: 0.328056
-------------
Particle: 19:
Relays Coordinates:
51.1408, 61.2807
114.157, 91.953
249.831, 55.9447
Evaluation Time: 0.0487527 seconds
Resulting Fitness: 0.253761
-------------
Particle: 20:
Relays Coordinates:
73.8543, 131.206
144.523, 163.771
117.92, 108.357
Evaluation Time: 0.0557657 seconds
Resulting Fitness: 0.254218
Current global best fitness: 0.382109
Current global best relays: 115.007, 96.9875
245.026, 157.665
353.722, 156.216
Particle 1 new velocities: 51.4441, 24.7661
62.8336, 71.3188
106.533, 87.7141
Particle 2 new velocities: 127.089, 147.379
250.102, 93.8912
355.396, 224.274
Particle 3 new velocities: 35.3857, 47.087
-71.9226, -118.525
93.4982, 83.7481
Particle 4 new velocities: 11.0258, 1.18884
-56.3442, 119.264
45.6315, 170.792
Particle 5 new velocities: 38.8194, 0.331854
48.6156, 64.4389
119.631, 81.5105
Particle 6 new velocities: 2.3243, 5.02371
116.217, 71.4311
117.285, 71.4051
Particle 7 new velocities: 12.6913, 14.4724
72.7549, 46.9633
102.719, 56.991
Particle 8 new velocities: 76.9377, 121.513
113.362, 83.3325
116.922, 67.871
Particle 9 new velocities: 41.5215, 37.9205
36.0072, 32.6114
178.79, 131.562
Particle 10 new velocities: 131.941, 91.1404
153.455, 119.633
371.57, 149.638
Particle 11 new velocities: 56.4415, 26.2602
88.8443, 61.0158
88.0213, 86.7859
Particle 12 new velocities: 126.263, 18.9098
109.649, 152.098
341.942, 62.6665
Particle 13 new velocities: -3.75255, 8.42554
4.40766, 8.11351
23.5678, 33.8934
Particle 14 new velocities: 83.5282, 54.9909
182.689, 112.588
73.276, 97.1642
Particle 15 new velocities: 54.5467, 42.6267
120.217, 74.0379
101.843, 90.9304
Particle 16 new velocities: 53.7296, 73.7556
170.833, 110.171
342.42, 94.5984
Particle 17 new velocities: 96.5712, 74.1002
164.079, 90.0494
146.285, 114.41
Particle 18 new velocities: 42.1629, 38.0603
4.54138, 4.01142
104.093, 62.1003
Particle 19 new velocities: 49.1227, 88.8291
195.751, 92.5593
186.988, 142.784
Particle 20 new velocities: 86.1279, 144.533
101.111, 319.113
195.85, 186.561
-- ITERATION 4 --
-------------
Particle: 1:
Relays Coordinates:
116.083, 86.3813
223.239, 130.639
344.308, 167.029
Evaluation Time: 0.0618254 seconds
Resulting Fitness: 0.384409
New local best!
New global best!
-------------
Particle: 2:
Relays Coordinates:
89.3443, 107.892
232.603, 98.1195
265.721, 166.157
Evaluation Time: 0.0908863 seconds
Resulting Fitness: 0.335694
New local best!
-------------
Particle: 3:
Relays Coordinates:
147.099, 133.446
66.0921, 11.1776
265.63, 165.555
Evaluation Time: 0.0962506 seconds
Resulting Fitness: 0.312186
New local best!
-------------
Particle: 4:
Relays Coordinates:
123.238, 77.1287
162.545, 147.779
271.112, 184.315
Evaluation Time: 0.0834464 seconds
Resulting Fitness: 0.347871
New local best!
-------------
Particle: 5:
Relays Coordinates:
112.663, 82.2995
216.12, 182.273
319.25, 161.561
Evaluation Time: 0.0705195 seconds
Resulting Fitness: 0.376122
New local best!
-------------
Particle: 6:
Relays Coordinates:
59.6842, 43.7714
180.151, 131.443
235.709, 118.323
Evaluation Time: 0.0545549 seconds
Resulting Fitness: 0.285552
-------------
Particle: 7:
Relays Coordinates:
126.714, 89.0671
251.546, 149.611
361.889, 135.388
Evaluation Time: 0.0685793 seconds
Resulting Fitness: 0.347133
New local best!
-------------
Particle: 8:
Relays Coordinates:
89.1949, 124.55
204.98, 141.533
233.564, 132.121
Evaluation Time: 0.112797 seconds
Resulting Fitness: 0.297222
-------------
Particle: 9:
Relays Coordinates:
119.054, 80.0592
229.707, 134.459
352.773, 142.559
Evaluation Time: 0.169912 seconds
Resulting Fitness: 0.342311
New local best!
-------------
Particle: 10:
Relays Coordinates:
123.636, 88.1599
204.803, 173.471
328.05, 157.911
Evaluation Time: 0.137276 seconds
Resulting Fitness: 0.370959
New local best!
-------------
Particle: 11:
Relays Coordinates:
131.35, 77.9137
219.238, 139.011
305.978, 114.126
Evaluation Time: 0.0751119 seconds
Resulting Fitness: 0.326789
New local best!
-------------
Particle: 12:
Relays Coordinates:
141.801, 46.8933
231.725, 171.547
364.5, 122.715
Evaluation Time: 0.0695952 seconds
Resulting Fitness: 0.342215
New local best!
-------------
Particle: 13:
Relays Coordinates:
92.0489, 86.4479
215.826, 161.867
336.817, 135.785
Evaluation Time: 0.134828 seconds
Resulting Fitness: 0.341022
-------------
Particle: 14:
Relays Coordinates:
111.235, 84.9692
309.605, 148.818
211.453, 145.566
Evaluation Time: 0.1749 seconds
Resulting Fitness: 0.336677
-------------
Particle: 15:
Relays Coordinates:
111.244, 91.6009
239.636, 152.02
298.896, 162.152
Evaluation Time: 0.257484 seconds
Resulting Fitness: 0.345932
-------------
Particle: 16:
Relays Coordinates:
47.4472, 54.4082
180.349, 108.242
265.721, 88.7847
Evaluation Time: 0.28158 seconds
Resulting Fitness: 0.264051
-------------
Particle: 17:
Relays Coordinates:
116.54, 93.5061
244.495, 141.132
263.919, 143.144
Evaluation Time: 0.153746 seconds
Resulting Fitness: 0.327614
New local best!
-------------
Particle: 18:
Relays Coordinates:
72.2569, 69.5501
109.984, 127.085
250.758, 120.446
Evaluation Time: 0.114203 seconds
Resulting Fitness: 0.291179
-------------
Particle: 19:
Relays Coordinates:
73.092, 109.43
225.923, 134.509
318.441, 144.873
Evaluation Time: 0.0985179 seconds
Resulting Fitness: 0.335405
New local best!
-------------
Particle: 20:
Relays Coordinates:
76.519, 131.885
117.486, 230.962
150.075, 141.058
Evaluation Time: 0.080768 seconds
Resulting Fitness: 0.299188
Current global best fitness: 0.384409
Current global best relays: 116.083, 86.3813
223.239, 130.639
344.308, 167.029
Particle 1 new velocities: 41.1553, 19.8129
50.2669, 57.055
85.2264, 70.1713
Particle 2 new velocities: 129.745, 113.504
191.312, 88.8639
49.7527, 179.818
Particle 3 new velocities: 25.5012, -9.86213
144.123, -25.163
176.642, 68.8411
Particle 4 new velocities: 4.07862, 4.4788
16.0231, 81.5416
57.6151, 134.123
Particle 5 new velocities: 33.4185, 2.46123
39.9296, -10.1559
96.8566, 68.9121
Particle 6 new velocities: 94.552, 75.7611
185.372, 105.325
261.825, 143.177
Particle 7 new velocities: -1.60229, 10.9731
24.587, 18.592
71.9752, 57.3629
Particle 8 new velocities: 89.7604, 48.9438
109.108, 56.9048
174.177, 50.3433
Particle 9 new velocities: 31.3628, 36.0878
25.5719, 25.1135
134.364, 127.587
Particle 10 new velocities: 98.1451, 72.6654
131.93, 64.9533
5.59482, 131.504
Particle 11 new velocities: 38.1852, 29.4776
75.0357, 46.8127
105.401, 128.21
Particle 12 new velocities: 81.5623, 44.6065
77.0907, 92.4062
-19.4486, 99.912
Particle 13 new velocities: 12.7701, 8.47181
24.8356, 6.90439
28.6635, 18.4078
Particle 14 new velocities: 72.5289, 44.7427
118.118, 88.4396
85.7375, 34.1802
Particle 15 new velocities: 49.8562, 37.9088
84.9725, 59.1288
150.798, 63.3767
Particle 16 new velocities: 140.727, 79.3906
215.349, 76.4508
114.483, 195.213
Particle 17 new velocities: 76.8794, 50.2235
126.891, 64.0172
184.927, 109.853
Particle 18 new velocities: 95.6968, 35.5652
150.603, 6.57195
203.141, 73.7017
Particle 19 new velocities: 84.2791, 48.6753
155.981, 70.2153
181.685, 118.823
Particle 20 new velocities: 93.6495, 214.471
169.842, 183.008
85.5768, 164.952
-- ITERATION 5 --
-------------
Particle: 1:
Relays Coordinates:
127.363, 86.0173
221.54, 152.032
347.923, 192.132
Evaluation Time: 0.0499682 seconds
Resulting Fitness: 0.391429
New local best!
New global best!
-------------
Particle: 2:
Relays Coordinates:
104.79, 105.893
202.757, 89.4336
150.89, 165.479
Evaluation Time: 0.0645629 seconds
Resulting Fitness: 0.264009
-------------
Particle: 3:
Relays Coordinates:
91.727, 65.6776
111.717, 0
235.041, 124.567
Evaluation Time: 0.101298 seconds
Resulting Fitness: 0.279528
-------------
Particle: 4:
Relays Coordinates:
103.126, 66.1021
144.64, 185.75
266.269, 257.934
Evaluation Time: 0.119547 seconds
Resulting Fitness: 0.380605
New local best!
-------------
Particle: 5:
Relays Coordinates:
131.473, 76.2846
230.444, 154.905
374.496, 207.426
Evaluation Time: 0.0758389 seconds
Resulting Fitness: 0.38996
New local best!
-------------
Particle: 6:
Relays Coordinates:
91.0749, 70.5828
215.838, 139.809
293.789, 154.413
Evaluation Time: 0.0756535 seconds
Resulting Fitness: 0.3323
-------------
Particle: 7:
Relays Coordinates:
112.6, 90.0362
248.519, 151.383
390.478, 173.476
Evaluation Time: 0.0573145 seconds
Resulting Fitness: 0.392003
New local best!
New global best!
-------------
Particle: 8:
Relays Coordinates:
105.671, 102.446
185.466, 117.175
240.767, 107.743
Evaluation Time: 0.0609625 seconds
Resulting Fitness: 0.280337
-------------
Particle: 9:
Relays Coordinates:
88.8198, 68.5837
150.74, 94.226
287.649, 159.518
Evaluation Time: 0.116082 seconds
Resulting Fitness: 0.317273
-------------
Particle: 10:
Relays Coordinates:
117.864, 85.4692
178.953, 126.709
177.313, 153.807
Evaluation Time: 0.16456 seconds
Resulting Fitness: 0.28742
-------------
Particle: 11:
Relays Coordinates:
123.591, 78.2882
214.526, 135.465
299.895, 176.663
Evaluation Time: 0.139848 seconds
Resulting Fitness: 0.372793
New local best!
-------------
Particle: 12:
Relays Coordinates:
131.894, 54.0297
182.353, 155.862
203.749, 131.459
Evaluation Time: 0.0980603 seconds
Resulting Fitness: 0.299512
-------------
Particle: 13:
Relays Coordinates:
104.819, 94.9198
240.662, 168.772
365.481, 154.193
Evaluation Time: 0.0601294 seconds
Resulting Fitness: 0.381908
New local best!
-------------
Particle: 14:
Relays Coordinates:
120.568, 85.1039
280.629, 155.665
194.986, 117.931
Evaluation Time: 0.0548225 seconds
Resulting Fitness: 0.326753
-------------
Particle: 15:
Relays Coordinates:
117.442, 94.4125
236.639, 153.928
327.827, 164.411
Evaluation Time: 0.0457042 seconds
Resulting Fitness: 0.376458
-------------
Particle: 16:
Relays Coordinates:
123.461, 87.7854
259.617, 121.177
249.451, 186.331
Evaluation Time: 0.0412814 seconds
Resulting Fitness: 0.340282
New local best!
-------------
Particle: 17:
Relays Coordinates:
114.212, 84.8709
219.3, 121.139
265.039, 149.392
Evaluation Time: 0.0289998 seconds
Resulting Fitness: 0.32081
-------------
Particle: 18:
Relays Coordinates:
122.438, 76.6291
189.968, 97.4357
330.893, 141.534
Evaluation Time: 0.0316438 seconds
Resulting Fitness: 0.319993
-------------
Particle: 19:
Relays Coordinates:
103.251, 103.733
250.567, 134.32
328.05, 173.011
Evaluation Time: 0.0362831 seconds
Resulting Fitness: 0.375608
New local best!
-------------
Particle: 20:
Relays Coordinates:
65.9267, 134.185
111.317, 160.38
91.2965, 118.555
Evaluation Time: 0.0351067 seconds
Resulting Fitness: 0.237952
Current global best fitness: 0.392003
Current global best relays: 112.6, 90.0362
248.519, 151.383
390.478, 173.476
Particle 1 new velocities: 16.95, 18.0763
68.3772, 45.0835
76.2758, 50.6236
Particle 2 new velocities: 101.709, 82.96
169.406, 122.847
522.399, 146.478
Particle 3 new velocities: 132.52, 49.0753
110.455, 38.2022
209.476, 154.11
Particle 4 new velocities: 7.64884, 6.25025
53.248, 20.9937
80.7012, 97.5989
Particle 5 new velocities: 20.1711, 17.1777
39.8199, -11.0771
96.19, 31.3765
Particle 6 new velocities: 108.726, 68.9931
176.91, 98.4872
366.573, 133.37
Particle 7 new velocities: -1.28183, 8.77851
19.6696, 14.8736
57.5802, 45.8904
Particle 8 new velocities: 67.9061, 40.7585
183.318, 52.912
254.337, 61.2136
Particle 9 new velocities: 65.037, 59.2582
228.419, 92.4563
321.417, 87.4522
Particle 10 new velocities: 76.7306, 62.9289
173.733, 111.964
133.586, 113.661
Particle 11 new velocities: 19.531, 30.5927
75.0634, 50.0775
200.954, 102.461
Particle 12 new velocities: 69.3908, 52.2718
219.631, 76.7935
308.406, 73.3913
Particle 13 new velocities: 13.7588, 5.55933
20.409, -16.6434
27.2949, 35.8817
Particle 14 new velocities: 38.6753, 42.0994
17.868, 58.9309
271.3, 78.7716
Particle 15 new velocities: 35.0087, 27.5185
77.6696, 48.2003
240.49, 44.3586
Particle 16 new velocities: 103.163, 63.8969
166.271, 88.2031
197.674, 141.049
Particle 17 new velocities: 60.9675, 58.4747
116.297, 87.5964
266.891, 92.0314
Particle 18 new velocities: 40.2023, 34.1307
167.18, 98.9487
152.711, 71.5212
Particle 19 new velocities: 79.1172, 38.5118
123.827, 70.4116
60.0547, 95.1685
Particle 20 new velocities: 116.323, 437.989
120.842, 296.237
75.148, 215.504
-- ITERATION 6 --
-------------
Particle: 1:
Relays Coordinates:
116.893, 84.3158
234.833, 159.663
343.601, 196.632
Evaluation Time: 0.027319 seconds
Resulting Fitness: 0.394806
New local best!
New global best!
-------------
Particle: 2:
Relays Coordinates:
109.742, 100.364
197.783, 112.815
265.721, 165.787
Evaluation Time: 0.0403515 seconds
Resulting Fitness: 0.329507
-------------
Particle: 3:
Relays Coordinates:
119.174, 60.9844
118.071, 20.3022
236.235, 148.101
Evaluation Time: 0.038812 seconds
Resulting Fitness: 0.292733
-------------
Particle: 4:
Relays Coordinates:
80.7551, 52.7449
144.26, 150.716
252.941, 259.184
Evaluation Time: 0.0377542 seconds
Resulting Fitness: 0.379552
-------------
Particle: 5:
Relays Coordinates:
99.4937, 61.3206
177.32, 94.3657
308.817, 156.678
Evaluation Time: 0.0445332 seconds
Resulting Fitness: 0.334859
-------------
Particle: 6:
Relays Coordinates:
117.98, 82.4181
231.914, 140.711
295.245, 169.933
Evaluation Time: 0.0433368 seconds
Resulting Fitness: 0.347249
-------------
Particle: 7:
Relays Coordinates:
90.168, 80.0399
217.233, 134.668
362.927, 177.686
Evaluation Time: 0.0282935 seconds
Resulting Fitness: 0.381761
-------------
Particle: 8:
Relays Coordinates:
113.884, 93.9565
241.959, 111.594
324.838, 110.853
Evaluation Time: 0.0413954 seconds
Resulting Fitness: 0.327244
New local best!
-------------
Particle: 9:
Relays Coordinates:
100.945, 83.8771
248.766, 122.482
328.05, 162.037
Evaluation Time: 0.0413189 seconds
Resulting Fitness: 0.369824
New local best!
-------------
Particle: 10:
Relays Coordinates:
114.906, 87.6275
208.258, 140.934
183.583, 157.938
Evaluation Time: 0.0433611 seconds
Resulting Fitness: 0.311444
-------------
Particle: 11:
Relays Coordinates:
93.9026, 71.4367
189.999, 121.735
328.05, 183.133
Evaluation Time: 0.0523175 seconds
Resulting Fitness: 0.370597
-------------
Particle: 12:
Relays Coordinates:
118.856, 62.7699
237.367, 137.38
295.245, 120.962
Evaluation Time: 0.101233 seconds
Resulting Fitness: 0.329196
-------------
Particle: 13:
Relays Coordinates:
106.72, 90.4312
234.964, 136.915
353.498, 171.067
Evaluation Time: 0.0940747 seconds
Resulting Fitness: 0.380519
-------------
Particle: 14:
Relays Coordinates:
116.088, 92.7312
217.604, 156.44
339.923, 143.397
Evaluation Time: 0.0814206 seconds
Resulting Fitness: 0.339253
New local best!
-------------
Particle: 15:
Relays Coordinates:
111.137, 88.8877
229.131, 147.351
364.5, 152.193
Evaluation Time: 0.0538822 seconds
Resulting Fitness: 0.372834
-------------
Particle: 16:
Relays Coordinates:
120.437, 80.6102
226.334, 111.273
237.621, 173.983
Evaluation Time: 0.0644456 seconds
Resulting Fitness: 0.317799
-------------
Particle: 17:
Relays Coordinates:
114.936, 94.049
220.185, 136.951
328.05, 158.398
Evaluation Time: 0.0976773 seconds
Resulting Fitness: 0.369394
New local best!
-------------
Particle: 18:
Relays Coordinates:
118.565, 80.7439
260.361, 143.164
352.547, 155.317
Evaluation Time: 0.069628 seconds
Resulting Fitness: 0.373904
New local best!
-------------
Particle: 19:
Relays Coordinates:
119.652, 93.3268
245.64, 134.324
254.635, 175.952
Evaluation Time: 0.0494056 seconds
Resulting Fitness: 0.334874
-------------
Particle: 20:
Relays Coordinates:
70.6073, 193.71
89.9429, 176.903
64.484, 129.421
Evaluation Time: 0.046915 seconds
Resulting Fitness: 0.244954
Current global best fitness: 0.394806
Current global best relays: 116.893, 84.3158
234.833, 159.663
343.601, 196.632
Particle 1 new velocities: 13.56, 14.461
54.7017, 36.0668
61.0206, 40.4989
Particle 2 new velocities: 65.983, 65.7916
170.828, 136.111
39.454, 120.654
Particle 3 new velocities: 136.111, 91.5685
163.153, 85.5798
311.456, 177.533
Particle 4 new velocities: 32.0514, 29.5043
107.007, 27.7213
124.655, 23.4757
Particle 5 new velocities: 61.5375, 43.3151
134.166, 107.346
101.441, 88.188
Particle 6 new velocities: 77.0992, 52.4792
136.899, 161.511
86.593, 125.038
Particle 7 new velocities: 30.3924, 18.5957
20.1676, 42.1671
79.1841, 54.4693
Particle 8 new velocities: 55.1277, 24.5786
141.449, 56.0686
209.874, 128.842
Particle 9 new velocities: 67.5422, 47.6139
166.041, 119.47
1.5076, 84.0448
Particle 10 new velocities: 67.4081, 50.2588
147.716, 133.169
254.132, 102.959
Particle 11 new velocities: 71.5251, 35.9023
92.5464, 88.945
-28.7223, 83.2309
Particle 12 new velocities: 71.8533, 41.6225
174.627, 143.877
38.4386, 61.2907
Particle 13 new velocities: 13.1868, 6.12688
22.8744, 39.8781
28.9217, 32.3915
Particle 14 new velocities: 31.9423, 22.8258
18.5073, 47.7249
218.385, 64.71
Particle 15 new velocities: 33.469, 25.7049
68.1765, 39.6443
-27.6089, 53.7466
Particle 16 new velocities: 83.021, 59.5151
168.465, 94.877
196.056, 138.054
Particle 17 new velocities: 50.7162, 40.1697
108.71, 72.0575
19.9736, 74.1253
Particle 18 new velocities: 31.5386, 31.8666
124.921, 84.6034
113.874, 104.314
Particle 19 new velocities: 44.2006, 36.0108
99.8379, 79.0677
200.575, 75.5243
Particle 20 new velocities: 123.267, -74.5129
243.588, 228.111
261.977, 269.385
-- ITERATION 7 --
-------------
Particle: 1:
Relays Coordinates:
105.667, 80.0092
234.523, 158.541
327.743, 192.076
Evaluation Time: 0.0499039 seconds
Resulting Fitness: 0.388465
-------------
Particle: 2:
Relays Coordinates:
103.764, 98.1133
217.661, 146.988
180.203, 169.14
Evaluation Time: 0.0536646 seconds
Resulting Fitness: 0.318751
-------------
Particle: 3:
Relays Coordinates:
122.102, 72.9656
134.509, 50.643
239.148, 155.749
Evaluation Time: 0.213 seconds
Resulting Fitness: 0.30101
-------------
Particle: 4:
Relays Coordinates:
101.526, 74.0243
226.14, 160.594
339.837, 254.393
Evaluation Time: 0.201659 seconds
Resulting Fitness: 0.403854
New local best!
New global best!
-------------
Particle: 5:
Relays Coordinates:
117.392, 76.2794
227.073, 147.048
299.078, 178.507
Evaluation Time: 0.200103 seconds
Resulting Fitness: 0.356338
-------------
Particle: 6:
Relays Coordinates:
115.193, 79.6555
217.78, 178.459
225.471, 174.178
Evaluation Time: 0.158087 seconds
Resulting Fitness: 0.324733
-------------
Particle: 7:
Relays Coordinates:
87.8885, 71.9054
173.065, 128.913
322.299, 169.242
Evaluation Time: 0.107807 seconds
Resulting Fitness: 0.3727
-------------
Particle: 8:
Relays Coordinates:
110.889, 77.7709
251.554, 110.004
328.05, 157.264
Evaluation Time: 0.144838 seconds
Resulting Fitness: 0.366898
New local best!
-------------
Particle: 9:
Relays Coordinates:
110.545, 86.2712
272.154, 158.745
216.223, 161.454
Evaluation Time: 0.153069 seconds
Resulting Fitness: 0.332284
-------------
Particle: 10:
Relays Coordinates:
119.616, 90.4673
233.555, 179.839
287.184, 171.174
Evaluation Time: 0.10922 seconds
Resulting Fitness: 0.351567
-------------
Particle: 11:
Relays Coordinates:
120.597, 78.2501
205.976, 153.586
218.21, 194.179
Evaluation Time: 0.0773407 seconds
Resulting Fitness: 0.318838
-------------
Particle: 12:
Relays Coordinates:
125.125, 68.4919
270.309, 184.533
218.93, 119.576
Evaluation Time: 0.0446919 seconds
Resulting Fitness: 0.358852
New local best!
-------------
Particle: 13:
Relays Coordinates:
107.916, 86.9023
232.054, 159.114
344.178, 183.113
Evaluation Time: 0.0402177 seconds
Resulting Fitness: 0.388102
New local best!
-------------
Particle: 14:
Relays Coordinates:
78.6695, 61.4118
125.479, 108.502
265.721, 110.596
Evaluation Time: 0.0461168 seconds
Resulting Fitness: 0.287585
-------------
Particle: 15:
Relays Coordinates:
117.131, 92.8201
240.819, 151.466
272.882, 166.811
Evaluation Time: 0.0467571 seconds
Resulting Fitness: 0.339459
-------------
Particle: 16:
Relays Coordinates:
120.14, 82.7426
233.125, 121.73
256.082, 184.255
Evaluation Time: 0.0462294 seconds
Resulting Fitness: 0.341923
New local best!
-------------
Particle: 17:
Relays Coordinates:
108.684, 88.0609
215.788, 137.13
228.338, 152.558
Evaluation Time: 0.0465099 seconds
Resulting Fitness: 0.308986
-------------
Particle: 18:
Relays Coordinates:
88.6347, 66.4954
227.505, 134.495
275.417, 153.31
Evaluation Time: 0.102581 seconds
Resulting Fitness: 0.325841
-------------
Particle: 19:
Relays Coordinates:
119.448, 94.2871
251.854, 155.563
331.848, 183.327
Evaluation Time: 0.133157 seconds
Resulting Fitness: 0.375741
New local best!
-------------
Particle: 20:
Relays Coordinates:
92.7294, 57.0117
159.527, 193.717
156.145, 190.748
Evaluation Time: 0.121886 seconds
Resulting Fitness: 0.3037
Current global best fitness: 0.403854
Current global best relays: 101.526, 74.0243
226.14, 160.594
339.837, 254.393
Particle 1 new velocities: 10.2934, 14.656
35.0124, 30.5227
52.8337, 106.843
Particle 2 new velocities: 50.0304, 51.8092
140.892, 60.9535
130.555, 184.216
Particle 3 new velocities: 93.2518, 126.438
187.823, 75.3376
114.087, 251.705
Particle 4 new velocities: 25.6412, 23.6035
85.6054, 22.177
99.7243, 18.7805
Particle 5 new velocities: 49.0893, 32.4203
107.921, 103.057
206.671, 165.148
Particle 6 new velocities: 40.4986, 32.5851
115.469, 115.933
208.396, 101.096
Particle 7 new velocities: 45.0022, 41.2741
124.215, 83.8098
150.75, 117.604
Particle 8 new velocities: 35.0679, 17.726
86.7501, 48.3269
7.10482, 178.428
Particle 9 new velocities: 31.7576, 20.3459
92.1575, 62.1077
285.294, 168.261
Particle 10 new velocities: 52.0425, 33.6911
93.7454, 91.5838
219.788, 177.437
Particle 11 new velocities: 41.2363, 28.2169
76.9837, 48.8367
186.81, 66.3831
Particle 12 new velocities: 54.8985, 36.8422
133.556, 99.0742
148.352, 59.9047
Particle 13 new velocities: 2.51531, -0.555088
11.5342, 32.4638
17.8602, 116.968
Particle 14 new velocities: 54.6305, 51.5297
124.23, 122.328
163.081, 146.87
Particle 15 new velocities: 12.1067, 13.7013
40.3674, 41.2849
22.0204, 53.5632
Particle 16 new velocities: 51.0812, 36.5951
128.179, 125.372
214.246, 199.68
Particle 17 new velocities: 33.5119, 27.0095
96.1324, 60.0061
150.023, 177.645
Particle 18 new velocities: 32.1234, 35.0824
102.257, 93.6739
210.706, 154.532
Particle 19 new velocities: 23.6362, 20.6444
56.7831, 68.8899
168.026, 148.988
Particle 20 new velocities: 100.595, 64.5122
252.959, 146.446
161.979, 218.296
-- ITERATION 8 --
-------------
Particle: 1:
Relays Coordinates:
93.9281, 76.6789
218.324, 153.142
308.267, 242.125
Evaluation Time: 0.120575 seconds
Resulting Fitness: 0.397067
New local best!
-------------
Particle: 2:
Relays Coordinates:
100.904, 98.3642
235.246, 136.43
203.888, 231.837
Evaluation Time: 0.16723 seconds
Resulting Fitness: 0.353689
New local best!
-------------
Particle: 3:
Relays Coordinates:
103.003, 95.3741
154.17, 60.2561
168.951, 194.884
Evaluation Time: 0.155819 seconds
Resulting Fitness: 0.300472
-------------
Particle: 4:
Relays Coordinates:
92.7048, 71.1706
227.263, 133.24
320.44, 199.144
Evaluation Time: 0.138956 seconds
Resulting Fitness: 0.388479
-------------
Particle: 5:
Relays Coordinates:
109.228, 71.3179
219.79, 164.094
328.05, 225.473
Evaluation Time: 0.204743 seconds
Resulting Fitness: 0.396376
New local best!
-------------
Particle: 6:
Relays Coordinates:
91.9341, 66.277
196.781, 173.836
256.194, 162.546
Evaluation Time: 0.149999 seconds
Resulting Fitness: 0.324682
-------------
Particle: 7:
Relays Coordinates:
96.8773, 82.5078
216.717, 155.075
344.853, 209.111
Evaluation Time: 0.141936 seconds
Resulting Fitness: 0.391009
-------------
Particle: 8:
Relays Coordinates:
106.402, 69.6172
246.623, 115.423
244.328, 244.719
Evaluation Time: 0.207931 seconds
Resulting Fitness: 0.3883
New local best!
-------------
Particle: 9:
Relays Coordinates:
84.0281, 62.9564
215.123, 130.411
295.245, 194.694
Evaluation Time: 0.181102 seconds
Resulting Fitness: 0.383289
New local best!
-------------
Particle: 10:
Relays Coordinates:
112.625, 81.4603
214.742, 178.08
328.05, 228.724
Evaluation Time: 0.122046 seconds
Resulting Fitness: 0.397954
New local best!
-------------
Particle: 11:
Relays Coordinates:
117.976, 77.6144
206.278, 147.566
295.26, 189.95
Evaluation Time: 0.0947561 seconds
Resulting Fitness: 0.377394
New local best!
-------------
Particle: 12:
Relays Coordinates:
131.237, 76.7885
294.418, 206.75
267.748, 130.841
Evaluation Time: 0.0540722 seconds
Resulting Fitness: 0.36004
New local best!
-------------
Particle: 13:
Relays Coordinates:
99.3883, 77.7125
219.23, 172.42
325.834, 270.073
Evaluation Time: 0.0476329 seconds
Resulting Fitness: 0.405609
New local best!
New global best!
-------------
Particle: 14:
Relays Coordinates:
107.973, 91.4826
202.265, 186.972
347.329, 208.548
Evaluation Time: 0.0437311 seconds
Resulting Fitness: 0.395652
New local best!
-------------
Particle: 15:
Relays Coordinates:
104.682, 86.2823
227.761, 156.129
238.871, 178.503
Evaluation Time: 0.0554747 seconds
Resulting Fitness: 0.33135
-------------
Particle: 16:
Relays Coordinates:
112.338, 78.2975
237.052, 162.124
308.582, 251.9
Evaluation Time: 0.0510924 seconds
Resulting Fitness: 0.40071
New local best!
-------------
Particle: 17:
Relays Coordinates:
115.179, 93.207
252.656, 159.681
306.473, 267.465
Evaluation Time: 0.0601791 seconds
Resulting Fitness: 0.399993
New local best!
-------------
Particle: 18:
Relays Coordinates:
71.3065, 59.9807
194.721, 134.731
287.051, 181.777
Evaluation Time: 0.0516054 seconds
Resulting Fitness: 0.371084
-------------
Particle: 19:
Relays Coordinates:
93.8779, 75.4065
202.497, 147.263
327.967, 218.031
Evaluation Time: 0.0504542 seconds
Resulting Fitness: 0.388478
New local best!
-------------
Particle: 20:
Relays Coordinates:
92.4665, 58.1245
197.291, 162.699
152.158, 195.644
Evaluation Time: 0.0424049 seconds
Resulting Fitness: 0.319424
New local best!
Current global best fitness: 0.405609
Current global best relays: 99.3883, 77.7125
219.23, 172.42
325.834, 270.073
Particle 1 new velocities: 9.98957, 12.3548
28.4445, 39.2483
57.5904, 93.489
Particle 2 new velocities: 38.0947, 23.4935
105.132, 66.9273
124.979, 191.319
Particle 3 new velocities: 120.88, 123.905
158.575, 74.4584
353.833, 239.446
Particle 4 new velocities: 28.1709, 28.6018
63.5378, 39.5748
95.7174, 160.295
Particle 5 new velocities: 37.8107, 33.9638
85.6191, 82.8803
-0.237928, 138.969
Particle 6 new velocities: 36.1538, 36.4413
157.185, 94.566
342.004, 113.009
Particle 7 new velocities: 44.5711, 32.6674
111.593, 71.422
104.577, 150.909
Particle 8 new velocities: 25.5938, 20.586
44.4035, 87.6268
106.858, 156.835
Particle 9 new velocities: 38.332, 26.4645
76.6591, 99.0752
19.5367, 141.206
Particle 10 new velocities: 31.867, 24.5594
80.687, 71.6738
-0.675343, 168.114
Particle 11 new velocities: 31.3736, 22.6078
65.3425, 66.6997
152.656, 156.865
Particle 12 new velocities: 14.728, 30.4604
79.497, 75.3166
122.5, 136.774
Particle 13 new velocities: 2.01225, -0.44407
9.22734, 25.9711
14.2882, 93.5747
Particle 14 new velocities: 37.7195, 38.2259
103.989, 86.6806
129.911, 188.636
Particle 15 new velocities: 17.7507, 19.8817
57.3875, 43.1769
217.681, 143.934
Particle 16 new velocities: 31.6632, 28.8788
80.1895, 109.519
184.658, 172.846
Particle 17 new velocities: 22.8522, 14.9723
42.755, 55.9647
120.21, 145.189
Particle 18 new velocities: 109.746, 53.5207
138.094, 86.4544
325.8, 178.169
Particle 19 new velocities: 23.7609, 17.3956
59.7059, 78.6253
133.902, 148.792
Particle 20 new velocities: 82.8593, 63.2782
202.496, 119.938
176.625, 259.899
-- ITERATION 9 --
-------------
Particle: 1:
Relays Coordinates:
84.1733, 72.1173
199.882, 155.836
296.345, 271.847
Evaluation Time: 0.0509764 seconds
Resulting Fitness: 0.397844
New local best!
-------------
Particle: 2:
Relays Coordinates:
91.1972, 79.9508
223.322, 133.423
215.77, 277.633
Evaluation Time: 0.0483838 seconds
Resulting Fitness: 0.393023
New local best!
-------------
Particle: 3:
Relays Coordinates:
96.3742, 94.3926
134.626, 57.9902
215.234, 186.965
Evaluation Time: 0.0386951 seconds
Resulting Fitness: 0.305998
-------------
Particle: 4:
Relays Coordinates:
79.3065, 65.4607
190.794, 113.384
273.041, 235.828
Evaluation Time: 0.0439112 seconds
Resulting Fitness: 0.378894
-------------
Particle: 5:
Relays Coordinates:
107.191, 76.7503
222.643, 180.044
238.975, 265.678
Evaluation Time: 0.0518979 seconds
Resulting Fitness: 0.384045
-------------
Particle: 6:
Relays Coordinates:
68.0712, 54.5887
188.112, 142.64
265.721, 146.441
Evaluation Time: 0.0581769 seconds
Resulting Fitness: 0.32049
-------------
Particle: 7:
Relays Coordinates:
92.8043, 75.5665
215.404, 148.604
294.871, 236.209
Evaluation Time: 0.052504 seconds
Resulting Fitness: 0.398935
New local best!
-------------
Particle: 8:
Relays Coordinates:
96.2253, 65.7582
212.159, 148.023
256.015, 292.733
Evaluation Time: 0.0464083 seconds
Resulting Fitness: 0.404534
New local best!
-------------
Particle: 9:
Relays Coordinates:
80.2805, 58.669
191.438, 150.566
206.528, 220.384
Evaluation Time: 0.0444543 seconds
Resulting Fitness: 0.326597
-------------
Particle: 10:
Relays Coordinates:
105.335, 77.2884
215.367, 182.071
238.656, 289.295
Evaluation Time: 0.0406018 seconds
Resulting Fitness: 0.402057
New local best!
-------------
Particle: 11:
Relays Coordinates:
97.9885, 65.7558
178.21, 140.58
293.877, 227.545
Evaluation Time: 0.0282706 seconds
Resulting Fitness: 0.380391
New local best!
-------------
Particle: 12:
Relays Coordinates:
77.5718, 56.9965
198.714, 149.901
207.394, 142.222
Evaluation Time: 0.0459954 seconds
Resulting Fitness: 0.290233
-------------
Particle: 13:
Relays Coordinates:
73.921, 56.3287
166.545, 144.627
247.949, 265.099
Evaluation Time: 0.0644672 seconds
Resulting Fitness: 0.379378
-------------
Particle: 14:
Relays Coordinates:
95.5888, 85.1018
200.933, 179.544
313.118, 260.592
Evaluation Time: 0.102606 seconds
Resulting Fitness: 0.399451
New local best!
-------------
Particle: 15:
Relays Coordinates:
89.2535, 77.3936
207.873, 145.294
332.826, 235.056
Evaluation Time: 0.104593 seconds
Resulting Fitness: 0.392706
New local best!
-------------
Particle: 16:
Relays Coordinates:
85.0314, 63.2865
187.328, 160.402
291.253, 250.808
Evaluation Time: 0.0854344 seconds
Resulting Fitness: 0.392084
-------------
Particle: 17:
Relays Coordinates:
81.5059, 63.8788
174.437, 127.336
251.952, 243.668
Evaluation Time: 0.0479571 seconds
Resulting Fitness: 0.38136
-------------
Particle: 18:
Relays Coordinates:
118.788, 74.4683
218.36, 145.12
328.05, 236.161
Evaluation Time: 0.157281 seconds
Resulting Fitness: 0.393252
New local best!
-------------
Particle: 19:
Relays Coordinates:
69.4645, 54.7987
154.828, 133.385
272.729, 216.605
Evaluation Time: 0.146029 seconds
Resulting Fitness: 0.374255
-------------
Particle: 20:
Relays Coordinates:
93.1753, 64.5184
212.463, 150.205
174.729, 242.094
Evaluation Time: 0.117288 seconds
Resulting Fitness: 0.335004
New local best!
Current global best fitness: 0.405609
Current global best relays: 99.3883, 77.7125
219.23, 172.42
325.834, 270.073
Particle 1 new velocities: 10.9416, 10.9549
29.1869, 48.4149
52.1233, 72.5561
Particle 2 new velocities: 34.8951, 17.6546
82.4699, 79.3663
214.469, 149.292
Particle 3 new velocities: 165.305, 140.904
148.8, 1.32816
183.755, 220.31
Particle 4 new velocities: 61.529, 29.2579
108.267, 111.331
143.19, 147.993
Particle 5 new velocities: 26.7596, 20.6353
63.5194, 41.967
56.0519, 94.5785
Particle 6 new velocities: 108.436, 73.3381
184.704, 148.618
77.4786, 139.528
Particle 7 new velocities: 36.9962, 28.6626
90.1006, 71.827
121.97, 128.527
Particle 8 new velocities: 22.4823, 17.0065
38.3715, 99.4768
87.567, 120.401
Particle 9 new velocities: 40.5271, 26.1243
113.334, 60.254
123.935, 115.047
Particle 10 new velocities: 19.227, 19.8612
65.742, 48.5485
97.664, 126.383
Particle 11 new velocities: 26.1975, 25.5363
86.8361, 65.5733
148.856, 143.255
Particle 12 new velocities: 101.952, 45.0323
97.1005, 143.628
164.106, 229.945
Particle 13 new velocities: 55.3324, 42.3711
119.563, 54.112
144.229, 75.46
Particle 14 new velocities: 34.1036, 27.7477
87.0834, 62.9569
106.768, 158.782
Particle 15 new velocities: 23.3416, 15.9711
50.8881, 63.9381
173.662, 150.337
Particle 16 new velocities: 65.1345, 49.8696
120.842, 94.9861
176.267, 153.495
Particle 17 new velocities: 22.3243, 40.4511
116.595, 80.4563
265.802, 147.792
Particle 18 new velocities: 69.4589, 46.9911
110.947, 86.8566
-2.0501, 160.521
Particle 19 new velocities: 58.7841, 28.8908
101.399, 77.2506
213.338, 168.455
Particle 20 new velocities: 70.7192, 64.2235
162.09, 117.077
230.377, 229.908
-- ITERATION 10 --
-------------
Particle: 1:
Relays Coordinates:
77.0431, 67.2884
185.546, 165.443
282.259, 278.967
Evaluation Time: 0.0993207 seconds
Resulting Fitness: 0.394996
-------------
Particle: 2:
Relays Coordinates:
74.4563, 57.635
180.567, 125.65
254.052, 252.095
Evaluation Time: 0.0547404 seconds
Resulting Fitness: 0.379204
-------------
Particle: 3:
Relays Coordinates:
139.067, 125.046
150.625, 31.5242
212.039, 216.443
Evaluation Time: 0.0494193 seconds
Resulting Fitness: 0.329476
New local best!
-------------
Particle: 4:
Relays Coordinates:
102.669, 69.0499
218.016, 163.817
303.433, 279.805
Evaluation Time: 0.0484226 seconds
Resulting Fitness: 0.398704
-------------
Particle: 5:
Relays Coordinates:
97.6503, 70.9941
208.612, 161.846
215.075, 262.627
Evaluation Time: 0.0498512 seconds
Resulting Fitness: 0.386796
-------------
Particle: 6:
Relays Coordinates:
115.806, 83.9328
244.604, 191.094
225.173, 187.624
Evaluation Time: 0.049062 seconds
Resulting Fitness: 0.336264
-------------
Particle: 7:
Relays Coordinates:
94.6246, 75.983
222.713, 160.695
303.877, 265.892
Evaluation Time: 0.0436937 seconds
Resulting Fitness: 0.400342
New local best!
-------------
Particle: 8:
Relays Coordinates:
86.5378, 60.3355
182.636, 180.428
250.471, 301.174
Evaluation Time: 0.0379476 seconds
Resulting Fitness: 0.40347
-------------
Particle: 9:
Relays Coordinates:
79.2618, 55.6329
199.961, 138.319
216.817, 220.076
Evaluation Time: 0.0329828 seconds
Resulting Fitness: 0.343616
-------------
Particle: 10:
Relays Coordinates:
90.8056, 70.822
204.929, 168.122
245.177, 303.029
Evaluation Time: 0.038776 seconds
Resulting Fitness: 0.401832
-------------
Particle: 11:
Relays Coordinates:
73.3306, 53.9071
156.507, 121.731
261.429, 218.954
Evaluation Time: 0.0411057 seconds
Resulting Fitness: 0.37391
-------------
Particle: 12:
Relays Coordinates:
117.786, 66.9411
194.084, 192.585
243.741, 244.179
Evaluation Time: 0.0436681 seconds
Resulting Fitness: 0.353055
-------------
Particle: 13:
Relays Coordinates:
104.695, 79.9468
231.748, 160.979
317.664, 275.853
Evaluation Time: 0.0559815 seconds
Resulting Fitness: 0.403549
-------------
Particle: 14:
Relays Coordinates:
85.0912, 74.0405
188.967, 159.105
275.487, 275.152
Evaluation Time: 0.120642 seconds
Resulting Fitness: 0.388548
-------------
Particle: 15:
Relays Coordinates:
53.8539, 44.656
123.765, 100.075
239.148, 184.333
Evaluation Time: 0.120062 seconds
Resulting Fitness: 0.31028
-------------
Particle: 16:
Relays Coordinates:
98.5239, 74.2417
202.19, 167.56
306.74, 265.263
Evaluation Time: 0.0870632 seconds
Resulting Fitness: 0.401144
New local best!
-------------
Particle: 17:
Relays Coordinates:
55.1796, 55.4452
154.666, 110.43
265.721, 208.038
Evaluation Time: 0.0568217 seconds
Resulting Fitness: 0.361311
-------------
Particle: 18:
Relays Coordinates:
123.509, 79.6895
216.058, 152.2
213.889, 260.263
Evaluation Time: 0.06184 seconds
Resulting Fitness: 0.38259
-------------
Particle: 19:
Relays Coordinates:
68.1566, 44.476
136.169, 111.94
258.316, 204.637
Evaluation Time: 0.0509207 seconds
Resulting Fitness: 0.360029
-------------
Particle: 20:
Relays Coordinates:
96.7781, 76.0208
221.17, 157.827
239.211, 278.712
Evaluation Time: 0.0679952 seconds
Resulting Fitness: 0.397472
New local best!
Current global best fitness: 0.405609
Current global best relays: 99.3883, 77.7125
219.23, 172.42
325.834, 270.073
Particle 1 new velocities: 36.5293, 21.524
57.9388, 46.5159
53.3418, 50.2727
Particle 2 new velocities: 58.1833, 71.2043
146.699, 87.4063
167.086, 177.834
Particle 3 new velocities: 83.3584, 96.8771
181.642, 156.227
277.774, 222.571
Particle 4 new velocities: 44.5338, 28.8734
97.1387, 85.8669
185.145, 90.666
Particle 5 new velocities: 33.3387, 20.835
67.5188, 36.5411
238.081, 18.7591
Particle 6 new velocities: 74.5345, 50.9831
130.377, 89.6758
196.737, 91.2779
Particle 7 new velocities: 34.3984, 23.1968
68.2531, 64.0665
100.779, 103.229
Particle 8 new velocities: 38.8339, 20.1851
61.1307, 28.754
97.2821, 80.6101
Particle 9 new velocities: 54.8783, 49.8399
99.9211, 63.3802
144.599, 110.251
Particle 10 new velocities: 21.1122, 23.2973
83.5482, 57.3742
77.7735, 79.9935
Particle 11 new velocities: 57.1635, 64.868
76.1226, 112.038
207.054, 180.481
Particle 12 new velocities: 80.4158, 64.4623
120.356, 108.681
272.201, 50.2576
Particle 13 new velocities: 33.4292, 31.7183
76.9654, 48.9703
126.869, 47.319
Particle 14 new velocities: 54.1855, 45.1348
94.7112, 54.6538
183.846, 121.124
Particle 15 new velocities: 73.3649, 42.0342
233.701, 136.889
73.8363, 149.049
Particle 16 new velocities: 52.5293, 40.7766
99.5021, 76.9868
163.185, 127.916
Particle 17 new velocities: 78.2054, 110.941
267.318, 160.517
106.233, 200.032
Particle 18 new velocities: 45.5825, 33.4724
91.0412, 80.5453
133.592, 114.466
Particle 19 new velocities: 68.4035, 61.7063
218.599, 93.3666
222.975, 174.811
Particle 20 new velocities: 58.1371, 51.947
127.403, 107.12
208.652, 175.59
-- ITERATION 11 --
-------------
Particle: 1:
Relays Coordinates:
91.9937, 71.938
197.223, 171.687
271.837, 266.684
Evaluation Time: 0.110495 seconds
Resulting Fitness: 0.394275
-------------
Particle: 2:
Relays Coordinates:
78.3223, 76.0783
193.248, 125.808
248.678, 253.869
Evaluation Time: 0.100908 seconds
Resulting Fitness: 0.37567
-------------
Particle: 3:
Relays Coordinates:
106.385, 106.145
158.922, 89.8007
234.276, 209.979
Evaluation Time: 0.0858517 seconds
Resulting Fitness: 0.334536
New local best!
-------------
Particle: 4:
Relays Coordinates:
96.5798, 64.2474
206.773, 163.818
320.555, 243.066
Evaluation Time: 0.109663 seconds
Resulting Fitness: 0.396989
-------------
Particle: 5:
Relays Coordinates:
95.4909, 66.9434
201.3, 144.624
330.35, 205.131
Evaluation Time: 0.142715 seconds
Resulting Fitness: 0.382784
-------------
Particle: 6:
Relays Coordinates:
124.882, 88.5183
246.025, 184.213
276.815, 182.988
Evaluation Time: 0.123127 seconds
Resulting Fitness: 0.338882
-------------
Particle: 7:
Relays Coordinates:
94.0578, 72.3021
212.114, 163.851
294.994, 269.089
Evaluation Time: 0.112579 seconds
Resulting Fitness: 0.394018
-------------
Particle: 8:
Relays Coordinates:
91.396, 58.6995
177.706, 152.493
253.512, 278.321
Evaluation Time: 0.0983108 seconds
Resulting Fitness: 0.383631
-------------
Particle: 9:
Relays Coordinates:
97.7881, 76.8896
218.614, 147.039
263.472, 240.809
Evaluation Time: 0.0808967 seconds
Resulting Fitness: 0.395099
New local best!
-------------
Particle: 10:
Relays Coordinates:
73.4292, 61.7517
189.27, 147.948
211.888, 251.301
Evaluation Time: 0.11335 seconds
Resulting Fitness: 0.374723
-------------
Particle: 11:
Relays Coordinates:
69.3499, 63.1219
123.629, 124.235
248.971, 212.276
Evaluation Time: 0.110918 seconds
Resulting Fitness: 0.358854
-------------
Particle: 12:
Relays Coordinates:
117.036, 77.5924
185.674, 177.894
295.245, 173.862
Evaluation Time: 0.0880767 seconds
Resulting Fitness: 0.372491
New local best!
-------------
Particle: 13:
Relays Coordinates:
100.693, 81.4039
225.052, 153.053
324.065, 235.592
Evaluation Time: 0.0378847 seconds
Resulting Fitness: 0.393563
-------------
Particle: 14:
Relays Coordinates:
82.2415, 70.3719
167.509, 126.222
271.232, 233.997
Evaluation Time: 0.0384427 seconds
Resulting Fitness: 0.380527
-------------
Particle: 15:
Relays Coordinates:
67.6093, 46.0707
189.972, 125.932
166.333, 177.173
Evaluation Time: 0.0433211 seconds
Resulting Fitness: 0.305254
-------------
Particle: 16:
Relays Coordinates:
99.106, 75.4635
197.94, 160.447
308.318, 257.965
Evaluation Time: 0.0405653 seconds
Resulting Fitness: 0.39882
-------------
Particle: 17:
Relays Coordinates:
63.7976, 79.5821
201.834, 129.593
177.904, 195.179
Evaluation Time: 0.0416331 seconds
Resulting Fitness: 0.30863
-------------
Particle: 18:
Relays Coordinates:
123.268, 82.495
223.875, 169.671
253.313, 273.177
Evaluation Time: 0.0705121 seconds
Resulting Fitness: 0.396238
New local best!
-------------
Particle: 19:
Relays Coordinates:
80.6373, 62.6996
209.487, 121.232
284.198, 224.06
Evaluation Time: 0.13276 seconds
Resulting Fitness: 0.381516
-------------
Particle: 20:
Relays Coordinates:
91.4759, 75.5637
205.829, 156.449
264.458, 268.261
Evaluation Time: 0.131449 seconds
Resulting Fitness: 0.395978
Current global best fitness: 0.405609
Current global best relays: 99.3883, 77.7125
219.23, 172.42
325.834, 270.073
Particle 1 new velocities: 18.005, 24.5375
72.6159, 34.257
101.607, 44.8248
Particle 2 new velocities: 85.6991, 61.7591
157.089, 119.498
149.245, 171.028
Particle 3 new velocities: 58.6473, 49.3642
211.139, 187.357
294.823, 237.877
Particle 4 new velocities: 44.2954, 37.7994
113.369, 67.9063
159.895, 100.926
Particle 5 new velocities: 42.6707, 25.9144
84.3212, 55.5963
182.098, 121.499
Particle 6 new velocities: 15.5432, 22.9174
94.2146, 54.6007
253.195, 131.274
Particle 7 new velocities: 29.5302, 22.8804
63.9364, 52.8646
129.564, 81.9892
Particle 8 new velocities: 47.2819, 41.4101
99.6121, 33.1383
94.4278, 71.0077
Particle 9 new velocities: 45.7488, 40.231
80.0044, 65.317
136.927, 96.6529
Particle 10 new velocities: 78.9066, 43.6618
125.11, 82.0397
127.007, 96.8043
Particle 11 new velocities: 65.0897, 60.3615
97.1075, 132.325
213.68, 200.691
Particle 12 new velocities: 55.1173, 51.5873
134.445, 86.6391
31.2123, 92.8365
Particle 13 new velocities: 23.6835, 19.243
49.9491, 83.011
104.072, 69.7942
Particle 14 new velocities: 70.8875, 55.0807
125.724, 102.183
213.078, 152.281
Particle 15 new velocities: 109.614, 85.3698
236.875, 173.873
445.45, 170.609
Particle 16 new velocities: 41.378, 33.5832
97.4382, 77.0309
141.01, 125.218
Particle 17 new velocities: 142.977, 89.5727
244.689, 182.464
264.983, 239.641
Particle 18 new velocities: 21.1046, 20.8023
68.7336, 65.3202
164.375, 88.1007
Particle 19 new velocities: 76.6628, 67.9063
185.404, 148.695
220.059, 139.104
Particle 20 new velocities: 53.5886, 43.4046
118.587, 97.4028
148.139, 156.063
-- ITERATION 12 --
-------------
Particle: 1:
Relays Coordinates:
80.189, 70.3307
196.712, 150.133
272.241, 227.09
Evaluation Time: 0.188221 seconds
Resulting Fitness: 0.390494
-------------
Particle: 2:
Relays Coordinates:
107.614, 90.4351
229.856, 160.945
261.077, 278.775
Evaluation Time: 0.148801 seconds
Resulting Fitness: 0.397384
New local best!
-------------
Particle: 3:
Relays Coordinates:
97.4502, 91.8267
218.517, 163.659
295.245, 264.454
Evaluation Time: 0.122699 seconds
Resulting Fitness: 0.391878
New local best!
-------------
Particle: 4:
Relays Coordinates:
92.4282, 66.9529
210.045, 152.034
315.224, 225.693
Evaluation Time: 0.120632 seconds
Resulting Fitness: 0.391991
-------------
Particle: 5:
Relays Coordinates:
81.583, 54.8316
168.656, 118.228
295.245, 192.871
Evaluation Time: 0.0968594 seconds
Resulting Fitness: 0.37527
-------------
Particle: 6:
Relays Coordinates:
82.92, 65.8017
200.908, 141.017
295.245, 185.569
Evaluation Time: 0.0669693 seconds
Resulting Fitness: 0.379324
New local best!
-------------
Particle: 7:
Relays Coordinates:
90.0956, 69.388
201.241, 157.986
309.503, 255.936
Evaluation Time: 0.0503953 seconds
Resulting Fitness: 0.400918
New local best!
-------------
Particle: 8:
Relays Coordinates:
112.329, 81.0888
224.628, 150.362
281.831, 282.956
Evaluation Time: 0.0522618 seconds
Resulting Fitness: 0.394823
-------------
Particle: 9:
Relays Coordinates:
116.265, 94.8677
241.881, 172.008
324.323, 273.344
Evaluation Time: 0.0712836 seconds
Resulting Fitness: 0.403267
New local best!
-------------
Particle: 10:
Relays Coordinates:
111.053, 76.8464
229.183, 167.661
247.055, 253.769
Evaluation Time: 0.10515 seconds
Resulting Fitness: 0.388214
-------------
Particle: 11:
Relays Coordinates:
71.4467, 65.6242
117.308, 136.347
245.872, 219.467
Evaluation Time: 0.0856371 seconds
Resulting Fitness: 0.368108
-------------
Particle: 12:
Relays Coordinates:
112.95, 84.7548
210.03, 173.56
214.189, 174.981
Evaluation Time: 0.0476012 seconds
Resulting Fitness: 0.324154
-------------
Particle: 13:
Relays Coordinates:
90.6702, 73.3716
200.476, 172.091
312.112, 222.627
Evaluation Time: 0.0412995 seconds
Resulting Fitness: 0.39496
-------------
Particle: 14:
Relays Coordinates:
90.4212, 74.0785
173.151, 134.871
285.98, 228.093
Evaluation Time: 0.0431834 seconds
Resulting Fitness: 0.381831
-------------
Particle: 15:
Relays Coordinates:
84.7653, 62.8676
204.16, 143.396
239.148, 166.343
Evaluation Time: 0.0409399 seconds
Resulting Fitness: 0.317612
-------------
Particle: 16:
Relays Coordinates:
102.413, 79.495
215.331, 173.122
327.56, 279.34
Evaluation Time: 0.0290367 seconds
Resulting Fitness: 0.407085
New local best!
New global best!
-------------
Particle: 17:
Relays Coordinates:
109.888, 89.8958
237.3, 165.84
235.369, 231.081
Evaluation Time: 0.0378627 seconds
Resulting Fitness: 0.352972
-------------
Particle: 18:
Relays Coordinates:
105.247, 75.3037
213.312, 171.309
304.495, 263.372
Evaluation Time: 0.0365473 seconds
Resulting Fitness: 0.398244
New local best!
-------------
Particle: 19:
Relays Coordinates:
83.5958, 69.4093
209.861, 143.45
265.721, 193
Evaluation Time: 0.041679 seconds
Resulting Fitness: 0.353506
-------------
Particle: 20:
Relays Coordinates:
95.1768, 78.0551
212.849, 166.552
270.705, 278.399
Evaluation Time: 0.0451696 seconds
Resulting Fitness: 0.396501
Current global best fitness: 0.407085
Current global best relays: 102.413, 79.495
215.331, 173.122
327.56, 279.34
Particle 1 new velocities: 45.5079, 28.4412
77.3863, 56.2189
138.759, 95.5498
Particle 2 new velocities: 63.14, 47.8873
117.11, 100.536
159.761, 137.279
Particle 3 new velocities: 48.7303, 29.4949
168.691, 153.002
20.4084, 205.387
Particle 4 new velocities: 50.0731, 51.6069
93.8891, 60.7535
184.319, 140.341
Particle 5 new velocities: 72.2543, 72.5219
145.061, 116.876
21.1195, 162.485
Particle 6 new velocities: 22.8001, 25.8001
76.6263, 77.0948
30.4443, 130.941
Particle 7 new velocities: 25.2727, 21.7378
61.097, 51.444
123.217, 83.1436
Particle 8 new velocities: 21.9125, 30.432
62.1428, 28.3033
123.406, 67.8389
Particle 9 new velocities: 21.1354, 22.8281
44.8657, 52.3662
112.738, 79.6016
Particle 10 new velocities: 55.4483, 35.7841
94.8838, 89.497
187.065, 145.703
Particle 11 new velocities: 131.06, 58.4552
185.222, 118.305
230.386, 173.544
Particle 12 new velocities: 42.1503, 35.4326
97.8627, 72.5729
108.036, 105.448
Particle 13 new velocities: 40.8103, 23.5646
65.6312, 67.3808
100.786, 112.24
Particle 14 new velocities: 64.6392, 63.7484
141.343, 125.121
205.819, 193.49
Particle 15 new velocities: 111.521, 103.528
190.388, 146.54
169.855, 346.304
Particle 16 new velocities: 33.1024, 26.8665
77.9505, 61.6247
112.808, 100.174
Particle 17 new velocities: 114.199, 74.84
187.243, 147.396
331.154, 199.061
Particle 18 new velocities: 16.7506, 18.4366
55.501, 53.8494
132.585, 73.1968
Particle 19 new velocities: 85.6771, 64.5882
145.906, 127.207
117.749, 230.481
Particle 20 new velocities: 50.8769, 32.7724
102.555, 72.1374
137.49, 126.026
-- ITERATION 13 --
-------------
Particle: 1:
Relays Coordinates:
101.814, 80.0052
222.02, 167.145
332.91, 261.338
Evaluation Time: 0.0475792 seconds
Resulting Fitness: 0.408761
New local best!
New global best!
-------------
Particle: 2:
Relays Coordinates:
112.032, 90.7534
227.644, 171.558
276.112, 272.973
Evaluation Time: 0.0490447 seconds
Resulting Fitness: 0.396103
-------------
Particle: 3:
Relays Coordinates:
69.9176, 58.0278
185.2, 151.458
150.976, 224.724
Evaluation Time: 0.0946008 seconds
Resulting Fitness: 0.310387
-------------
Particle: 4:
Relays Coordinates:
84.1456, 70.0084
179.47, 125.649
294.975, 216.14
Evaluation Time: 0.0975787 seconds
Resulting Fitness: 0.377481
-------------
Particle: 5:
Relays Coordinates:
112.147, 92.8408
228.7, 171.391
230.63, 259.055
Evaluation Time: 0.0488363 seconds
Resulting Fitness: 0.37766
-------------
Particle: 6:
Relays Coordinates:
69.3629, 60.0999
182.09, 143.103
213.685, 207.662
Evaluation Time: 0.0447782 seconds
Resulting Fitness: 0.325784
-------------
Particle: 7:
Relays Coordinates:
75.6931, 59.7877
172.12, 137.407
283.908, 222.47
Evaluation Time: 0.0444972 seconds
Resulting Fitness: 0.3828
-------------
Particle: 8:
Relays Coordinates:
97.8621, 81.2987
209.056, 130.247
295.418, 255.73
Evaluation Time: 0.0425364 seconds
Resulting Fitness: 0.381197
-------------
Particle: 9:
Relays Coordinates:
100.165, 85.8002
209.038, 163.569
318.617, 257.297
Evaluation Time: 0.0405858 seconds
Resulting Fitness: 0.397411
-------------
Particle: 10:
Relays Coordinates:
109.241, 73.8969
212.62, 168.721
284.826, 262.093
Evaluation Time: 0.0422884 seconds
Resulting Fitness: 0.390821
-------------
Particle: 11:
Relays Coordinates:
119.578, 73.2676
178.641, 150.369
281.226, 232.069
Evaluation Time: 0.0439998 seconds
Resulting Fitness: 0.383234
New local best!
-------------
Particle: 12:
Relays Coordinates:
113.068, 87.6166
224.453, 179.431
234.902, 204.432
Evaluation Time: 0.0465417 seconds
Resulting Fitness: 0.340294
-------------
Particle: 13:
Relays Coordinates:
95.8493, 70.6665
193.992, 174.575
301.002, 244.118
Evaluation Time: 0.0533472 seconds
Resulting Fitness: 0.396861
-------------
Particle: 14:
Relays Coordinates:
91.5616, 81.3854
185.706, 153.523
290.403, 248.94
Evaluation Time: 0.0501702 seconds
Resulting Fitness: 0.38817
-------------
Particle: 15:
Relays Coordinates:
115.905, 98.2551
232.977, 171.205
241.512, 295.245
Evaluation Time: 0.051531 seconds
Resulting Fitness: 0.402029
New local best!
-------------
Particle: 16:
Relays Coordinates:
98.7906, 77.5376
213.802, 171.13
321.029, 276.666
Evaluation Time: 0.060417 seconds
Resulting Fitness: 0.407106
New local best!
-------------
Particle: 17:
Relays Coordinates:
119.089, 87.5474
225.62, 166.467
265.721, 228.595
Evaluation Time: 0.0451762 seconds
Resulting Fitness: 0.3607
-------------
Particle: 18:
Relays Coordinates:
88.9366, 68.3367
195.965, 164.14
318.632, 245.359
Evaluation Time: 0.0445799 seconds
Resulting Fitness: 0.398176
-------------
Particle: 19:
Relays Coordinates:
111.06, 87.9158
233.419, 177.578
251.594, 277.846
Evaluation Time: 0.0452863 seconds
Resulting Fitness: 0.400999
New local best!
-------------
Particle: 20:
Relays Coordinates:
106.473, 80.7933
229.929, 174.004
297.575, 294.825
Evaluation Time: 0.0509231 seconds
Resulting Fitness: 0.399974
New local best!
Current global best fitness: 0.408761
Current global best relays: 101.814, 80.0052
222.02, 167.145
332.91, 261.338
Particle 1 new velocities: 36.4063, 22.7529
61.909, 44.9751
111.007, 76.4399
Particle 2 new velocities: 42.1932, 25.3289
94.624, 67.3799
147.785, 106.945
Particle 3 new velocities: 98.791, 69.6127
185.775, 146.989
159.443, 210.941
Particle 4 new velocities: 47.3704, 51.5192
133.964, 151.327
203.718, 166.639
Particle 5 new velocities: 41.0857, 50.4322
102.128, 84.3729
149.132, 123.05
Particle 6 new velocities: 46.2318, 41.0668
90.3754, 66.1669
42.7663, 109.899
Particle 7 new velocities: 31.7567, 28.1104
90.2802, 80.8319
182.751, 112.704
Particle 8 new velocities: 22.4749, 12.9193
54.8627, 64.2031
97.0767, 102.733
Particle 9 new velocities: 45.6366, 21.2901
71.3048, 48.4256
97.3763, 66.8957
Particle 10 new velocities: 40.9096, 33.3924
84.5728, 75.668
146.626, 120.821
Particle 11 new velocities: 84.0562, 48.1061
169.569, 96.3121
242.398, 155.11
Particle 12 new velocities: 23.9852, 27.417
14.048, 48.7117
279.321, 83.5878
Particle 13 new velocities: 44.5057, 37.5331
103.454, 43.8196
130.062, 95.0758
Particle 14 new velocities: 65.3624, 55.6307
129.879, 118.819
198.425, 169.946
Particle 15 new velocities: 72.9049, 65.6925
138.65, 115.776
253.888, -1.34461
Particle 16 new velocities: 27.5573, 22.879
67.6101, 47.8141
97.3391, 62.0134
Particle 17 new velocities: 90.8568, 63.889
190.843, 112.062
86.7099, 209.953
Particle 18 new velocities: 19.6515, 20.069
76.7914, 53.2412
92.7196, 97.5288
Particle 19 new velocities: 60.2389, 51.4661
108.82, 90.2588
167.415, 168.169
Particle 20 new velocities: 39.469, 25.5792
76.3119, 56.3816
144.882, 84.8252
-- ITERATION 14 --
-------------
Particle: 1:
Relays Coordinates:
100.763, 74.9107
206.984, 154.636
323.616, 246.24
Evaluation Time: 0.0473992 seconds
Resulting Fitness: 0.39496
-------------
Particle: 2:
Relays Coordinates:
112.43, 84.624
234.933, 174.186
309.021, 276.96
Evaluation Time: 0.0482719 seconds
Resulting Fitness: 0.400955
New local best!
-------------
Particle: 3:
Relays Coordinates:
89.6587, 67.8334
197.151, 158.607
164.97, 231.53
Evaluation Time: 0.0573785 seconds
Resulting Fitness: 0.32464
-------------
Particle: 4:
Relays Coordinates:
77.6589, 71.7608
185.08, 163.552
294.473, 226.027
Evaluation Time: 0.0862088 seconds
Resulting Fitness: 0.388673
-------------
Particle: 5:
Relays Coordinates:
111.707, 104.446
241.174, 186.452
276.846, 278.554
Evaluation Time: 0.0554708 seconds
Resulting Fitness: 0.402115
New local best!
-------------
Particle: 6:
Relays Coordinates:
93.6317, 81.945
220.697, 169.509
207.725, 257.224
Evaluation Time: 0.0691809 seconds
Resulting Fitness: 0.373566
-------------
Particle: 7:
Relays Coordinates:
70.4978, 57.6699
172.161, 143.186
306.175, 219.908
Evaluation Time: 0.0942961 seconds
Resulting Fitness: 0.375356
-------------
Particle: 8:
Relays Coordinates:
87.7256, 68.6849
192.397, 141.754
286.129, 261.319
Evaluation Time: 0.061674 seconds
Resulting Fitness: 0.378626
-------------
Particle: 9:
Relays Coordinates:
118.099, 86.7432
227.078, 171.716
336.955, 262.596
Evaluation Time: 0.0576804 seconds
Resulting Fitness: 0.401185
-------------
Particle: 10:
Relays Coordinates:
109.46, 78.2139
216.654, 178.16
314.529, 279.144
Evaluation Time: 0.0485949 seconds
Resulting Fitness: 0.399257
-------------
Particle: 11:
Relays Coordinates:
120.244, 71.6699
205.615, 145.663
295.245, 228.625
Evaluation Time: 0.0455919 seconds
Resulting Fitness: 0.388468
New local best!
-------------
Particle: 12:
Relays Coordinates:
72.8356, 61.1336
126.749, 121.244
265.721, 153.066
Evaluation Time: 0.0365108 seconds
Resulting Fitness: 0.315989
-------------
Particle: 13:
Relays Coordinates:
102.319, 78.8775
216.838, 159.209
314.246, 247.272
Evaluation Time: 0.0268183 seconds
Resulting Fitness: 0.396797
-------------
Particle: 14:
Relays Coordinates:
102.958, 89.8963
207.055, 178.684
320.72, 274.831
Evaluation Time: 0.0278431 seconds
Resulting Fitness: 0.402966
New local best!
-------------
Particle: 15:
Relays Coordinates:
111.49, 96.8094
219.442, 169.459
292.529, 173.545
Evaluation Time: 0.0396077 seconds
Resulting Fitness: 0.353743
-------------
Particle: 16:
Relays Coordinates:
92.1076, 73.2037
205.149, 159.61
304.99, 246.897
Evaluation Time: 0.0384723 seconds
Resulting Fitness: 0.398
-------------
Particle: 17:
Relays Coordinates:
123.971, 89.4217
245.917, 164.469
208.107, 258.959
Evaluation Time: 0.0426792 seconds
Resulting Fitness: 0.390634
-------------
Particle: 18:
Relays Coordinates:
79.1607, 64.4478
198.839, 158.471
299.875, 249.965
Evaluation Time: 0.0422582 seconds
Resulting Fitness: 0.395841
-------------
Particle: 19:
Relays Coordinates:
112.389, 91.4484
224.543, 175.728
274.912, 292.63
Evaluation Time: 0.0420849 seconds
Resulting Fitness: 0.402524
New local best!
-------------
Particle: 20:
Relays Coordinates:
106.392, 77.5455
223.25, 167.951
322.551, 276.765
Evaluation Time: 0.0279974 seconds
Resulting Fitness: 0.407969
New local best!
Current global best fitness: 0.408761
Current global best relays: 101.814, 80.0052
222.02, 167.145
332.91, 261.338
Particle 1 new velocities: 31.5223, 25.0711
67.8168, 52.3385
115.818, 76.4206
Particle 2 new velocities: 27.4961, 20.1329
75.5191, 53.8394
124.252, 68.5233
Particle 3 new velocities: 89.7661, 101.339
181.669, 125.484
468.18, 188.847
Particle 4 new velocities: 95.8575, 46.1794
165.975, 120.746
257.786, 203.793
Particle 5 new velocities: 29.6973, 37.7698
67.6751, 42.8563
174.66, 81.7769
Particle 6 new velocities: 27.1037, 26.6538
60.7575, 20.6754
275.339, 14.0145
Particle 7 new velocities: 67.3616, 44.9091
160.479, 96.5182
181.299, 121.138
Particle 8 new velocities: 26.62, 10.8792
62.3102, 69.1199
89.4197, 113.461
Particle 9 new velocities: 16.8251, 18.7148
72.9175, 32.8998
69.5735, 56.8088
Particle 10 new velocities: 25.0777, 26.1554
74.3048, 54.0984
6.40386, 89.7363
Particle 11 new velocities: 53.9274, 45.4195
140.396, 101.074
29.5669, 149.748
Particle 12 new velocities: 84.6278, 62.3383
173.872, 82.5688
77.9152, 190.229
Particle 13 new velocities: 35.0258, 29.5079
87.3517, 44.239
126.673, 119.303
Particle 14 new velocities: 51.0699, 34.0456
105.689, 82.7912
170.237, 125.179
Particle 15 new velocities: 64.2674, 31.8612
122.339, 93.1016
176.166, 231.401
Particle 16 new velocities: 28.3158, 27.3289
78.0626, 50.149
99.001, 65.894
Particle 17 new velocities: 46.2313, 45.5473
155.976, 87.6466
209.281, 183.217
Particle 18 new velocities: 77.8737, 29.826
73.6027, 53.8582
83.68, 101.409
Particle 19 new velocities: 47.3928, 33.5252
83.83, 66.1174
169.399, 133.713
Particle 20 new velocities: 30.1542, 23.4764
60.7867, 44.4618
123.792, 49.319
-- ITERATION 15 --
-------------
Particle: 1:
Relays Coordinates:
96.436, 72.8868
200.33, 150.884
320.347, 235.22
Evaluation Time: 0.0388602 seconds
Resulting Fitness: 0.39024
-------------
Particle: 2:
Relays Coordinates:
102.006, 76.3678
226.32, 166.23
315.856, 251.858
Evaluation Time: 0.0291201 seconds
Resulting Fitness: 0.396628
-------------
Particle: 3:
Relays Coordinates:
105.949, 99.8947
223.69, 167.753
295.245, 248.229
Evaluation Time: 0.035431 seconds
Resulting Fitness: 0.39983
New local best!
-------------
Particle: 4:
Relays Coordinates:
102.46, 69.6425
207.294, 167.875
295.245, 253.805
Evaluation Time: 0.0572388 seconds
Resulting Fitness: 0.398467
-------------
Particle: 5:
Relays Coordinates:
103.084, 103.675
225.151, 167.166
329.148, 262.681
Evaluation Time: 0.0954415 seconds
Resulting Fitness: 0.398779
-------------
Particle: 6:
Relays Coordinates:
79.2145, 71.2517
184.663, 124.78
316.939, 177.96
Evaluation Time: 0.112931 seconds
Resulting Fitness: 0.373626
-------------
Particle: 7:
Relays Coordinates:
81.4046, 60.5719
196.42, 141.543
287.849, 201.384
Evaluation Time: 0.0961322 seconds
Resulting Fitness: 0.380888
-------------
Particle: 8:
Relays Coordinates:
83.3579, 58.0022
185.681, 153.727
273.775, 273.215
Evaluation Time: 0.0591588 seconds
Resulting Fitness: 0.386711
-------------
Particle: 9:
Relays Coordinates:
98.3598, 76.8789
218.697, 149.165
296.359, 232.846
Evaluation Time: 0.0598197 seconds
Resulting Fitness: 0.398994
-------------
Particle: 10:
Relays Coordinates:
98.078, 76.0852
212.109, 169.316
233.96, 268.914
Evaluation Time: 0.134382 seconds
Resulting Fitness: 0.395017
-------------
Particle: 11:
Relays Coordinates:
114.274, 76.8224
227.018, 161.884
213.109, 248.251
Evaluation Time: 0.17258 seconds
Resulting Fitness: 0.373195
-------------
Particle: 12:
Relays Coordinates:
114.791, 90.011
219.153, 148.58
250.51, 250.262
Evaluation Time: 0.123454 seconds
Resulting Fitness: 0.390442
New local best!
-------------
Particle: 13:
Relays Coordinates:
90.1118, 71.1117
199.579, 133.483
289.287, 240.51
Evaluation Time: 0.100433 seconds
Resulting Fitness: 0.383513
-------------
Particle: 14:
Relays Coordinates:
101.058, 81.3183
205.191, 171.554
322.117, 262.447
Evaluation Time: 0.104189 seconds
Resulting Fitness: 0.400766
-------------
Particle: 15:
Relays Coordinates:
115.315, 84.4208
224.242, 172.266
307.51, 265.685
Evaluation Time: 0.094406 seconds
Resulting Fitness: 0.402914
New local best!
-------------
Particle: 16:
Relays Coordinates:
87.7887, 73.2882
206.462, 152.915
294.509, 228.025
Evaluation Time: 0.073311 seconds
Resulting Fitness: 0.394672
-------------
Particle: 17:
Relays Coordinates:
100.503, 79.6979
237.314, 148.871
246.463, 261.1
Evaluation Time: 0.0985775 seconds
Resulting Fitness: 0.398919
-------------
Particle: 18:
Relays Coordinates:
127.198, 76.3617
220.678, 171.987
310.68, 284.613
Evaluation Time: 0.0500142 seconds
Resulting Fitness: 0.393279
-------------
Particle: 19:
Relays Coordinates:
104.833, 81.9952
202.324, 158.674
291.512, 279.724
Evaluation Time: 0.0569072 seconds
Resulting Fitness: 0.392368
-------------
Particle: 20:
Relays Coordinates:
99.542, 73.645
207.063, 154.849
325.384, 237.715
Evaluation Time: 0.126812 seconds
Resulting Fitness: 0.394715
Current global best fitness: 0.408761
Current global best relays: 101.814, 80.0052
222.02, 167.145
332.91, 261.338
Particle 1 new velocities: 33.7224, 28.5438
105.467, 64.7127
112.012, 121.563
Particle 2 new velocities: 27.5547, 22.0343
65.4223, 45.7022
113.657, 83.8251
Particle 3 new velocities: 70.1745, 64.6177
143.165, 99.7361
13.4605, 159.018
Particle 4 new velocities: 76.2713, 48.9307
173.756, 90.1648
42.7187, 163.526
Particle 5 new velocities: 32.7917, 19.7202
75.3155, 61.1765
117.665, 89.8612
Particle 6 new velocities: 55.6845, 24.1582
79.0172, 63.2809
201.923, 35.0038
Particle 7 new velocities: 69.3253, 47.6925
140.927, 80.9544
218.06, 178.222
Particle 8 new velocities: 35.2818, 41.1448
125.584, 50.7504
107.992, 99.3442
Particle 9 new velocities: 18.9361, 18.1645
83.7146, 50.1771
85.0223, 118.624
Particle 10 new velocities: 33.9254, 23.4424
66.3322, 59.8541
110.499, 75.2139
Particle 11 new velocities: 41.7313, 35.14
92.7767, 77.9746
176.85, 103.384
Particle 12 new velocities: 63.7671, 47.4126
140.446, 66.4252
68.4923, 163.083
Particle 13 new velocities: 49.5083, 29.809
102.587, 127.819
132.273, 144.568
Particle 14 new velocities: 42.3381, 35.6682
91.9107, 66.2898
139.839, 118.6
Particle 15 new velocities: 38.6891, 21.3914
96.0738, 72.0439
166.846, 180.576
Particle 16 new velocities: 48.2595, 32.0303
78.1676, 63.2435
160.815, 93.5804
Particle 17 new velocities: 47.3282, 49.7754
124.181, 98.2652
258.633, 154.002
Particle 18 new velocities: 18.7923, 23.7064
53.6065, 42.0789
71.3054, 46.0336
Particle 19 new velocities: 46.2214, 30.1502
123.656, 57.2041
139.392, 101.553
Particle 20 new velocities: 35.5049, 24.1737
72.9039, 57.157
106.172, 66.5682
-- ITERATION 16 --
-------------
Particle: 1:
Relays Coordinates:
94.8854, 73.9429
222.926, 157.17
315.19, 260.095
Evaluation Time: 0.13742 seconds
Resulting Fitness: 0.399939
-------------
Particle: 2:
Relays Coordinates:
94.4499, 71.7351
212.68, 154.499
313.115, 244.713
Evaluation Time: 0.0734075 seconds
Resulting Fitness: 0.39707
-------------
Particle: 3:
Relays Coordinates:
103.999, 97.1429
216.624, 157.95
182.288, 240.475
Evaluation Time: 0.073569 seconds
Resulting Fitness: 0.337134
-------------
Particle: 4:
Relays Coordinates:
105.539, 70.0163
225.007, 152.37
199.564, 246.43
Evaluation Time: 0.105614 seconds
Resulting Fitness: 0.365239
-------------
Particle: 5:
Relays Coordinates:
99.0531, 89.9554
219.04, 166.461
325.727, 257.004
Evaluation Time: 0.0648803 seconds
Resulting Fitness: 0.399476
-------------
Particle: 6:
Relays Coordinates:
79.6565, 56.3386
155.7, 111.048
295.245, 125.753
Evaluation Time: 0.0623943 seconds
Resulting Fitness: 0.319595
-------------
Particle: 7:
Relays Coordinates:
98.8939, 71.0322
221.334, 145.981
328.05, 249.059
Evaluation Time: 0.103963 seconds
Resulting Fitness: 0.39868
-------------
Particle: 8:
Relays Coordinates:
77.8395, 65.0503
204.221, 134.158
250.477, 244.436
Evaluation Time: 0.10831 seconds
Resulting Fitness: 0.382511
-------------
Particle: 9:
Relays Coordinates:
85.5087, 69.2866
220.458, 145.32
278.027, 256.222
Evaluation Time: 0.11658 seconds
Resulting Fitness: 0.39225
-------------
Particle: 10:
Relays Coordinates:
96.2305, 72.5556
202.983, 167.065
251.111, 250.869
Evaluation Time: 0.126722 seconds
Resulting Fitness: 0.392054
-------------
Particle: 11:
Relays Coordinates:
113.728, 81.6206
233.13, 174.857
284.28, 256.342
Evaluation Time: 0.155651 seconds
Resulting Fitness: 0.396566
New local best!
-------------
Particle: 12:
Relays Coordinates:
117.152, 90.1636
235.933, 141.065
209.298, 271.195
Evaluation Time: 0.208117 seconds
Resulting Fitness: 0.387032
-------------
Particle: 13:
Relays Coordinates:
91.6048, 66.2141
198.251, 171.44
276.585, 252.65
Evaluation Time: 0.156331 seconds
Resulting Fitness: 0.393557
-------------
Particle: 14:
Relays Coordinates:
94.0819, 76.7548
194.929, 156.049
303.089, 250.005
Evaluation Time: 0.120102 seconds
Resulting Fitness: 0.395104
-------------
Particle: 15:
Relays Coordinates:
90.9377, 62.481
189.143, 144.263
280.103, 263.513
Evaluation Time: 0.138017 seconds
Resulting Fitness: 0.378788
-------------
Particle: 16:
Relays Coordinates:
99.1791, 76.7772
207.495, 157.579
331.931, 234.45
Evaluation Time: 0.109245 seconds
Resulting Fitness: 0.394323
-------------
Particle: 17:
Relays Coordinates:
87.2927, 76.4527
213.459, 145.932
295.245, 245.114
Evaluation Time: 0.0534646 seconds
Resulting Fitness: 0.398428
-------------
Particle: 18:
Relays Coordinates:
118.252, 81.0552
222.17, 173.393
309.408, 267.824
Evaluation Time: 0.0504482 seconds
Resulting Fitness: 0.401613
New local best!
-------------
Particle: 19:
Relays Coordinates:
110.119, 81.754
237.639, 157.375
314.13, 277.951
Evaluation Time: 0.175723 seconds
Resulting Fitness: 0.40451
New local best!
-------------
Particle: 20:
Relays Coordinates:
109.388, 79.2331
226.773, 171.725
349.56, 246.47
Evaluation Time: 0.124264 seconds
Resulting Fitness: 0.403182
Current global best fitness: 0.408761
Current global best relays: 101.814, 80.0052
222.02, 167.145
332.91, 261.338
Particle 1 new velocities: 44.1067, 35.3186
82.3761, 57.4028
116.871, 99.3943
Particle 2 new velocities: 42.6599, 27.2823
64.2197, 55.3044
94.0556, 92.0059
Particle 3 new velocities: 56.2351, 53.0253
128.41, 101.661
225.449, 144.738
Particle 4 new velocities: 53.4624, 46.709
138.433, 100.859
239.343, 143.162
Particle 5 new velocities: 35.1021, 32.3043
84.0598, 58.2009
37.5431, 86.718
Particle 6 new velocities: 52.2614, 40.8281
155.822, 121.089
13.849, 244.501
Particle 7 new velocities: 57.8141, 44.6736
108.472, 77.8597
-15.351, 164.568
Particle 8 new velocities: 72.8465, 41.2828
106.025, 68.5388
192.143, 166.276
Particle 9 new velocities: 66.9793, 23.8515
77.5695, 51.4885
121.899, 120.989
Particle 10 new velocities: 45.9011, 23.9139
68.6339, 60.9775
172.213, 110.028
Particle 11 new velocities: 29.1044, 28.0248
72.1408, 52.6855
157.81, 85.1045
Particle 12 new velocities: 38.8086, 36.3585
91.1578, 83.9887
175.034, 114.505
Particle 13 new velocities: 48.3925, 45.9418
110.743, 101.288
133.734, 145.941
Particle 14 new velocities: 44.0873, 38.7222
113.296, 61.2249
137.014, 116.032
Particle 15 new velocities: 66.2485, 32.6885
104.425, 99.7306
230.027, 147.25
Particle 16 new velocities: 40.2955, 27.354
73.1485, 69.8528
121.627, 112.406
Particle 17 new velocities: 78.3604, 52.4061
148.17, 91.2621
9.33345, 159.555
Particle 18 new velocities: 4.92939, 18.0551
42.7417, 32.2288
69.1457, 34.0837
Particle 19 new velocities: 32.1879, 22.4354
85.1127, 51.3859
128.888, 73.6644
Particle 20 new velocities: 19.1078, 19.4831
49.4157, 40.286
69.0511, 82.3596
-- ITERATION 17 --
-------------
Particle: 1:
Relays Coordinates:
101.325, 79.6516
222.565, 156.424
314.972, 262.067
Evaluation Time: 0.130502 seconds
Resulting Fitness: 0.400591
-------------
Particle: 2:
Relays Coordinates:
111.059, 80.2041
224.289, 169.941
329.808, 272.742
Evaluation Time: 0.0571259 seconds
Resulting Fitness: 0.408437
New local best!
-------------
Particle: 3:
Relays Coordinates:
105.13, 98.5254
226.377, 170.33
267.516, 252.738
Evaluation Time: 0.0906528 seconds
Resulting Fitness: 0.386797
-------------
Particle: 4:
Relays Coordinates:
93.8887, 68.9251
214.608, 149.529
259.17, 230.05
Evaluation Time: 0.0982311 seconds
Resulting Fitness: 0.38509
-------------
Particle: 5:
Relays Coordinates:
97.7992, 89.1273
220.96, 163.779
264.824, 250.573
Evaluation Time: 0.0857325 seconds
Resulting Fitness: 0.389228
-------------
Particle: 6:
Relays Coordinates:
86.5513, 63.751
204.39, 152.305
202.797, 242.923
Evaluation Time: 0.109428 seconds
Resulting Fitness: 0.35865
-------------
Particle: 7:
Relays Coordinates:
114.24, 84.3495
240.429, 163.18
227.958, 301.534
Evaluation Time: 0.0902161 seconds
Resulting Fitness: 0.407849
New local best!
-------------
Particle: 8:
Relays Coordinates:
88.9786, 62.7887
183.197, 119.69
261.363, 242.521
Evaluation Time: 0.0926981 seconds
Resulting Fitness: 0.376813
-------------
Particle: 9:
Relays Coordinates:
111.164, 67.8976
217.262, 143.473
291.546, 274.987
Evaluation Time: 0.103367 seconds
Resulting Fitness: 0.393363
-------------
Particle: 10:
Relays Coordinates:
103.614, 70.3263
198.009, 166.243
308.603, 263.094
Evaluation Time: 0.113799 seconds
Resulting Fitness: 0.400063
-------------
Particle: 11:
Relays Coordinates:
104.125, 79.9314
222.542, 165.878
322.284, 248.914
Evaluation Time: 0.0617053 seconds
Resulting Fitness: 0.397186
New local best!
-------------
Particle: 12:
Relays Coordinates:
113.695, 92.2346
238.449, 164.064
280.178, 281.175
Evaluation Time: 0.0538867 seconds
Resulting Fitness: 0.40458
New local best!
-------------
Particle: 13:
Relays Coordinates:
91.8522, 73.5855
202.731, 178.937
269.211, 261.516
Evaluation Time: 0.0451897 seconds
Resulting Fitness: 0.394565
-------------
Particle: 14:
Relays Coordinates:
100.725, 84.1827
224.695, 158.393
320.835, 266.841
Evaluation Time: 0.0645092 seconds
Resulting Fitness: 0.402118
-------------
Particle: 15:
Relays Coordinates:
83.5352, 50.577
156.014, 129.668
265.721, 218.296
Evaluation Time: 0.0996289 seconds
Resulting Fitness: 0.378379
-------------
Particle: 16:
Relays Coordinates:
101.677, 75.9117
204.589, 165.798
330.644, 252.858
Evaluation Time: 0.0673068 seconds
Resulting Fitness: 0.398992
-------------
Particle: 17:
Relays Coordinates:
108.685, 84.5442
237.265, 155.623
199.834, 265.503
Evaluation Time: 0.0568882 seconds
Resulting Fitness: 0.390702
-------------
Particle: 18:
Relays Coordinates:
99.777, 80.2794
214.579, 166.554
306.628, 244.545
Evaluation Time: 0.0651744 seconds
Resulting Fitness: 0.398033
-------------
Particle: 19:
Relays Coordinates:
103.741, 75.9541
235.286, 152.187
322.96, 256.328
Evaluation Time: 0.0665443 seconds
Resulting Fitness: 0.395433
-------------
Particle: 20:
Relays Coordinates:
104.082, 79.9601
223.713, 171.729
339.075, 266.352
Evaluation Time: 0.0543876 seconds
Resulting Fitness: 0.407209
Current global best fitness: 0.408761
Current global best relays: 101.814, 80.0052
222.02, 167.145
332.91, 261.338
Particle 1 new velocities: 35.9984, 28.6322
64.879, 58.6085
140.838, 78.7396
Particle 2 new velocities: 26.8095, 21.5967
48.8153, 42.9622
79.206, 73.0359
Particle 3 new velocities: 44.5255, 30.4693
96.1547, 75.929
250.471, 110.919
Particle 4 new velocities: 53.0279, 47.7752
120.005, 120.329
351.706, 147.17
Particle 5 new velocities: 44.1483, 35.0411
93.1664, 54.1992
86.8169, 119.551
Particle 6 new velocities: 42.435, 46.9359
132.196, 101.472
266.25, 203.964
Particle 7 new velocities: 36.7252, 34.7365
63.748, 65.22
92.1731, 101.199
Particle 8 new velocities: 61.6028, 46.1646
125.014, 127.073
185.017, 215.267
Particle 9 new velocities: 50.9324, 48.398
101.197, 93.5489
131.119, 83.6129
Particle 10 new velocities: 37.3641, 29.586
85.9565, 52.7406
92.3625, 102.979
Particle 11 new velocities: 21.9076, 22.4251
57.4666, 43.3727
136.322, 77.5828
Particle 12 new velocities: 24.0147, 21.6531
59.2639, 69.9062
183.493, 79.818
Particle 13 new velocities: 48.9856, 40.3471
130.835, 70.6002
140.539, 117.711
Particle 14 new velocities: 37.97, 36.3242
60.0602, 71.0547
117.385, 93.4021
Particle 15 new velocities: 90.9256, 71.7292
207.351, 158.268
86.1156, 172.036
Particle 16 new velocities: 30.9645, 25.833
74.2623, 60.7111
91.1004, 121.195
Particle 17 new velocities: 62.7986, 38.4076
117.738, 90.8046
54.661, 127.652
Particle 18 new velocities: 16.051, 15.2912
38.6868, 35.5848
87.5261, 54.3364
Particle 19 new velocities: 27.5668, 25.3
67.8708, 63.2433
99.3749, 94.9105
Particle 20 new velocities: 18.7048, 15.108
37.4647, 24.5466
33.4748, 80.5049
-- ITERATION 18 --
-------------
Particle: 1:
Relays Coordinates:
100.109, 78.9389
209.547, 156.758
332.286, 248.448
Evaluation Time: 0.120321 seconds
Resulting Fitness: 0.39683
-------------
Particle: 2:
Relays Coordinates:
111.673, 82.4586
221.214, 172.451
331.302, 280.08
Evaluation Time: 0.144732 seconds
Resulting Fitness: 0.406726
-------------
Particle: 3:
Relays Coordinates:
98.1887, 84.6334
211.613, 161.571
328.05, 238.595
Evaluation Time: 0.135714 seconds
Resulting Fitness: 0.39501
-------------
Particle: 4:
Relays Coordinates:
86.7528, 68.9104
197.586, 159.349
295.245, 222.744
Evaluation Time: 0.219727 seconds
Resulting Fitness: 0.391743
-------------
Particle: 5:
Relays Coordinates:
103.48, 90.5188
228.998, 158.906
256.346, 269.821
Evaluation Time: 0.168839 seconds
Resulting Fitness: 0.395064
-------------
Particle: 6:
Relays Coordinates:
76.1651, 65.3595
198.75, 149.852
276.967, 263.882
Evaluation Time: 0.125334 seconds
Resulting Fitness: 0.387482
New local best!
-------------
Particle: 7:
Relays Coordinates:
110.054, 86.8137
221.745, 166.503
233.375, 293.593
Evaluation Time: 0.11873 seconds
Resulting Fitness: 0.397725
-------------
Particle: 8:
Relays Coordinates:
88.9168, 64.3358
181.996, 145.711
263.583, 270.319
Evaluation Time: 0.122391 seconds
Resulting Fitness: 0.380494
-------------
Particle: 9:
Relays Coordinates:
118.168, 84.7795
232.157, 172.789
308.123, 261.419
Evaluation Time: 0.126875 seconds
Resulting Fitness: 0.400965
-------------
Particle: 10:
Relays Coordinates:
114.192, 80.929
230.012, 177.377
324.782, 296.519
Evaluation Time: 0.102409 seconds
Resulting Fitness: 0.402074
New local best!
-------------
Particle: 11:
Relays Coordinates:
82.6898, 67.1561
183.714, 137.29
300.891, 214.215
Evaluation Time: 0.0459612 seconds
Resulting Fitness: 0.38016
-------------
Particle: 12:
Relays Coordinates:
100.39, 83.0242
217.033, 170.564
338.016, 263.164
Evaluation Time: 0.0435319 seconds
Resulting Fitness: 0.403977
-------------
Particle: 13:
Relays Coordinates:
92.4037, 74.7512
218.853, 163.721
268.837, 248.81
Evaluation Time: 0.0354367 seconds
Resulting Fitness: 0.391809
-------------
Particle: 14:
Relays Coordinates:
101.109, 87.8495
207.587, 167.267
319.462, 262.617
Evaluation Time: 0.0424772 seconds
Resulting Fitness: 0.400568
-------------
Particle: 15:
Relays Coordinates:
103.017, 72.2205
214.563, 170.023
207.756, 230.487
Evaluation Time: 0.0442314 seconds
Resulting Fitness: 0.343541
-------------
Particle: 16:
Relays Coordinates:
96.6957, 74.1719
203.283, 165.125
307.452, 272.685
Evaluation Time: 0.0415507 seconds
Resulting Fitness: 0.401191
-------------
Particle: 17:
Relays Coordinates:
112.51, 80.6687
232.918, 161.681
166.974, 257.949
Evaluation Time: 0.0310366 seconds
Resulting Fitness: 0.347649
-------------
Particle: 18:
Relays Coordinates:
93.8207, 77.4121
205.145, 163.732
319.265, 242.094
Evaluation Time: 0.039087 seconds
Resulting Fitness: 0.395929
-------------
Particle: 19:
Relays Coordinates:
95.7237, 73.8142
221.001, 157.049
307.882, 256.053
Evaluation Time: 0.0420578 seconds
Resulting Fitness: 0.399943
-------------
Particle: 20:
Relays Coordinates:
99.457, 77.0052
211.554, 158.983
301.765, 280.954
Evaluation Time: 0.0402494 seconds
Resulting Fitness: 0.395702
Current global best fitness: 0.408761
Current global best relays: 101.814, 80.0052
222.02, 167.145
332.91, 261.338
Particle 1 new velocities: 31.0306, 24.5861
73.4305, 56.656
114.135, 88.9539
Particle 2 new velocities: 11.6139, 12.1217
43.3141, 27.2579
63.1221, 35.8702
Particle 3 new velocities: 51.7258, 27.8263
90.2927, 67.7837
-41.1096, 95.9595
Particle 4 new velocities: 61.5524, 51.3373
153.161, 105.505
122.832, 172.923
Particle 5 new velocities: 34.2564, 29.9015
81.2096, 64.056
103.024, 107.628
Particle 6 new velocities: 56.2989, 50.6621
112.941, 83.971
264.233, 162.616
Particle 7 new velocities: 27.4787, 16.4954
67.7498, 47.6653
101.565, 83.6915
Particle 8 new velocities: 70.0639, 55.7591
177.304, 104.319
201.027, 187.892
Particle 9 new velocities: 35.8843, 45.1559
81.7464, 69.5334
114.616, 83.6236
Particle 10 new velocities: 28.5653, 23.6489
62.9324, 36.4989
76.0462, 71.3681
Particle 11 new velocities: 42.0747, 36.9058
73.3772, 97.2719
159.428, 155.889
Particle 12 new velocities: 21.0086, 16.2582
83.5426, 47.7709
137.917, 87.0851
Particle 13 new velocities: 51.8653, 35.3717
107.516, 61.4196
206.967, 130.86
Particle 14 new velocities: 31.5331, 23.9617
47.9557, 64.6027
103.868, 75.5554
Particle 15 new velocities: 80.9898, 77.478
181.361, 126.175
189.115, 154.901
Particle 16 new velocities: 28.4957, 29.7077
95.8664, 56.2366
90.7157, 88.0355
Particle 17 new velocities: 42.0231, 49.2141
123.801, 77.9472
278.235, 106.692
Particle 18 new velocities: 49.2444, 20.4124
47.6695, 31.9111
71.9045, 78.484
Particle 19 new velocities: 29.0013, 27.9698
58.8015, 63.6065
115.316, 115.708
Particle 20 new velocities: 28.8809, 15.8915
39.857, 29.7204
59.441, 62.3258
-- ITERATION 19 --
-------------
Particle: 1:
Relays Coordinates:
95.6007, 75.4698
206.29, 155.579
325.441, 245.966
Evaluation Time: 0.0467513 seconds
Resulting Fitness: 0.397416
-------------
Particle: 2:
Relays Coordinates:
99.8628, 76.61
214.268, 161.764
319.483, 255.92
Evaluation Time: 0.0531631 seconds
Resulting Fitness: 0.401563
-------------
Particle: 3:
Relays Coordinates:
109.288, 81.9831
220.089, 167.199
209.18, 243.891
Evaluation Time: 0.0512681 seconds
Resulting Fitness: 0.351485
-------------
Particle: 4:
Relays Coordinates:
87.5727, 71.005
207.112, 156.394
246.87, 233.637
Evaluation Time: 0.0442564 seconds
Resulting Fitness: 0.380505
-------------
Particle: 5:
Relays Coordinates:
100.41, 87.7864
226.141, 162.539
261.98, 275.16
Evaluation Time: 0.0453427 seconds
Resulting Fitness: 0.393446
-------------
Particle: 6:
Relays Coordinates:
70.3968, 61.6586
165.646, 124.263
265.721, 226.658
Evaluation Time: 0.0485761 seconds
Resulting Fitness: 0.380019
-------------
Particle: 7:
Relays Coordinates:
111.401, 83.6804
234.491, 173.477
271.301, 305.6
Evaluation Time: 0.047811 seconds
Resulting Fitness: 0.408652
New local best!
-------------
Particle: 8:
Relays Coordinates:
93.8765, 70.9148
212.163, 147.64
274.347, 270.569
Evaluation Time: 0.0489002 seconds
Resulting Fitness: 0.393334
-------------
Particle: 9:
Relays Coordinates:
112.304, 94.7229
228.835, 176.653
308.176, 251.536
Evaluation Time: 0.0438358 seconds
Resulting Fitness: 0.403251
-------------
Particle: 10:
Relays Coordinates:
115.634, 84.7081
237.285, 173.239
324.671, 297.989
Evaluation Time: 0.0418144 seconds
Resulting Fitness: 0.408732
New local best!
-------------
Particle: 11:
Relays Coordinates:
73.6722, 61.4475
151.81, 138.506
271.814, 218.543
Evaluation Time: 0.0466844 seconds
Resulting Fitness: 0.381419
-------------
Particle: 12:
Relays Coordinates:
79.6499, 65.1391
197.208, 143.25
312.259, 229.799
Evaluation Time: 0.0442926 seconds
Resulting Fitness: 0.387282
-------------
Particle: 13:
Relays Coordinates:
94.6549, 72.2516
214.13, 147.715
312.175, 249.102
Evaluation Time: 0.0458685 seconds
Resulting Fitness: 0.39956
-------------
Particle: 14:
Relays Coordinates:
96.696, 81.5104
186.291, 169.033
308.608, 246.528
Evaluation Time: 0.0997549 seconds
Resulting Fitness: 0.394942
-------------
Particle: 15:
Relays Coordinates:
108.654, 88.3955
233.789, 174.902
234.348, 227.568
Evaluation Time: 0.191192 seconds
Resulting Fitness: 0.347543
-------------
Particle: 16:
Relays Coordinates:
91.2645, 75.7282
218.08, 161.373
290.264, 262.965
Evaluation Time: 0.177423 seconds
Resulting Fitness: 0.391393
-------------
Particle: 17:
Relays Coordinates:
101.389, 85.2161
234.043, 157.22
292.102, 239.241
Evaluation Time: 0.252286 seconds
Resulting Fitness: 0.393332
-------------
Particle: 18:
Relays Coordinates:
115.883, 79.2379
204.78, 158.471
316.847, 259.668
Evaluation Time: 0.211239 seconds
Resulting Fitness: 0.398798
-------------
Particle: 19:
Relays Coordinates:
90.9245, 74.2005
203.976, 160.858
308.511, 271.014
Evaluation Time: 0.13898 seconds
Resulting Fitness: 0.40194
-------------
Particle: 20:
Relays Coordinates:
103.954, 75.2463
203.643, 152.85
292.577, 278.057
Evaluation Time: 0.106528 seconds
Resulting Fitness: 0.389065
Current global best fitness: 0.408761
Current global best relays: 101.814, 80.0052
222.02, 167.145
332.91, 261.338
Particle 1 new velocities: 33.2384, 30.8331
83.5456, 58.6578
94.4214, 98.332
Particle 2 new velocities: 26.6786, 16.7067
46.6125, 33.5293
75.3107, 54.2596
Particle 3 new velocities: 34.5683, 28.9829
77.326, 54.4872
168.078, 92.0901
Particle 4 new velocities: 76.1662, 56.2843
161.933, 96.701
270.597, 166.691
Particle 5 new velocities: 29.2484, 50.2132
65.2291, 91.0398
169.664, 88.2956
Particle 6 new velocities: 82.9829, 46.4857
199.969, 124.476
14.0349, 189.55
Particle 7 new velocities: 9.63053, 8.82894
44.4728, 34.9097
108.812, 55.669
Particle 8 new velocities: 59.7309, 48.9418
152.583, 86.7608
165.007, 161.098
Particle 9 new velocities: 24.6943, 27.9958
68.0184, 43.0723
111.158, 80.2245
Particle 10 new velocities: 7.37087, 18.9064
31.2679, 22.5441
63.3026, 35.8151
Particle 11 new velocities: 53.74, 42.2972
184.437, 151.727
247.289, 184.225
Particle 12 new velocities: 63.4245, 45.6403
125.478, 88.5459
100.805, 167.334
Particle 13 new velocities: 44.9301, 40.4599
87.7425, 59.0683
179.688, 116.001
Particle 14 new velocities: 31.0864, 22.8287
107.017, 55.5604
118.931, 72.648
Particle 15 new velocities: 67.3119, 53.9545
136.637, 93.2862
225.279, 145.9
Particle 16 new velocities: 25.8385, 28.1576
75.6485, 52.3879
127.236, 91.1272
Particle 17 new velocities: 45.1924, 40.5936
110.747, 67.9113
269.022, 150.323
Particle 18 new velocities: 37.6809, 18.9142
71.2152, 41.0008
72.6807, 65.5046
Particle 19 new velocities: 40.5888, 34.2833
72.8987, 46.1521
119.448, 89.3966
Particle 20 new velocities: 22.195, 19.2332
45.0363, 55.0503
75.6119, 31.5214
-- ITERATION 20 --
-------------
Particle: 1:
Relays Coordinates:
93.9237, 77.4948
211.29, 156.179
306.08, 250.993
Evaluation Time: 0.137512 seconds
Resulting Fitness: 0.399214
-------------
Particle: 2:
Relays Coordinates:
102.499, 75.5865
211.313, 158.188
319.783, 251.245
Evaluation Time: 0.141435 seconds
Resulting Fitness: 0.398813
-------------
Particle: 3:
Relays Coordinates:
116.523, 89.8825
240.906, 179.566
305.579, 272.144
Evaluation Time: 0.137061 seconds
Resulting Fitness: 0.400429
New local best!
-------------
Particle: 4:
Relays Coordinates:
96.6862, 75.1631
217.917, 149.45
295.245, 236.39
Evaluation Time: 0.131367 seconds
Resulting Fitness: 0.400083
-------------
Particle: 5:
Relays Coordinates:
94.5207, 100.602
212.409, 184.859
314.669, 264.959
Evaluation Time: 0.0869989 seconds
Resulting Fitness: 0.401456
-------------
Particle: 6:
Relays Coordinates:
90.5692, 63.8581
215.892, 146.878
165.193, 245.767
Evaluation Time: 0.0585702 seconds
Resulting Fitness: 0.337695
-------------
Particle: 7:
Relays Coordinates:
88.2322, 67.4393
203.364, 151.914
277.102, 263.365
Evaluation Time: 0.0488114 seconds
Resulting Fitness: 0.390205
-------------
Particle: 8:
Relays Coordinates:
90.7036, 70.7741
215.379, 138.411
259.434, 254.895
Evaluation Time: 0.0518339 seconds
Resulting Fitness: 0.388812
-------------
Particle: 9:
Relays Coordinates:
110.969, 99.4022
240.452, 177.978
339.66, 268.726
Evaluation Time: 0.0503125 seconds
Resulting Fitness: 0.402907
-------------
Particle: 10:
Relays Coordinates:
99.6336, 83.9277
217.528, 158.585
314.258, 270.381
Evaluation Time: 0.0332347 seconds
Resulting Fitness: 0.401932
-------------
Particle: 11:
Relays Coordinates:
67.7121, 55.1342
178.695, 154.242
265.721, 214.048
Evaluation Time: 0.0459927 seconds
Resulting Fitness: 0.37124
-------------
Particle: 12:
Relays Coordinates:
93.8712, 72.6824
211.714, 152.081
271.012, 260.559
Evaluation Time: 0.0465474 seconds
Resulting Fitness: 0.392046
-------------
Particle: 13:
Relays Coordinates:
82.4236, 66.555
178.253, 122.104
290.44, 215.59
Evaluation Time: 0.0631286 seconds
Resulting Fitness: 0.379872
-------------
Particle: 14:
Relays Coordinates:
93.1534, 76.0632
213.821, 163.729
311.676, 232.679
Evaluation Time: 0.162165 seconds
Resulting Fitness: 0.395679
-------------
Particle: 15:
Relays Coordinates:
115.451, 93.3959
243.037, 175.958
301.562, 245.033
Evaluation Time: 0.12756 seconds
Resulting Fitness: 0.393031
-------------
Particle: 16:
Relays Coordinates:
85.368, 75.7327
214.128, 155.831
304.358, 258.134
Evaluation Time: 0.0853031 seconds
Resulting Fitness: 0.400241
-------------
Particle: 17:
Relays Coordinates:
96.1724, 82.5437
226.217, 147.709
328.05, 255.593
Evaluation Time: 0.103762 seconds
Resulting Fitness: 0.400017
New local best!
-------------
Particle: 18:
Relays Coordinates:
124.387, 79.5032
223.556, 161.572
315.518, 263.39
Evaluation Time: 0.210509 seconds
Resulting Fitness: 0.395854
-------------
Particle: 19:
Relays Coordinates:
86.2859, 71.1763
181.658, 135.819
280.784, 236.465
Evaluation Time: 0.167814 seconds
Resulting Fitness: 0.380414
-------------
Particle: 20:
Relays Coordinates:
113.534, 85.0315
223.811, 187.11
331.37, 278.62
Evaluation Time: 0.108768 seconds
Resulting Fitness: 0.409122
New local best!
New global best!
Simulation of the best surrogate solution results: 0.358333
Final Evaluation Time: 36.9104 seconds
Final global best fitness: 0.409122
Final global best relays:
113.534, 85.0315
223.811, 187.11
331.37, 278.62
