PSO EXECUTION
============================
Seed: 864365
Particles: 20
Relays: 3
Iterations: 20
Backend: Surrogate
Network Configuration: 2
Area: 500 x 500
Sink: 0, 0
Simulated Relay range: 155
w: 0.8
c1: 1.7
c2: 1.3

Relay Nodes Positions: 
PARTICLE 1: 
67.2545, 68.7725
169.054, 274.259
136.702, 179.994
PARTICLE 2: 
192.93, 156.789
89.3496, 85.8042
240.878, 279.066
PARTICLE 3: 
88.949, 65.4833
25.5696, 7.34448
99.5474, 193.683
PARTICLE 4: 
34.6651, 324.033
17.6967, 153.458
84.8753, 279.22
PARTICLE 5: 
202.434, 31.2469
88.7612, 85.4977
3.50477, 39.8457
PARTICLE 6: 
81.2238, 241.653
123.578, 301.93
19.8347, 139.338
PARTICLE 7: 
171.763, 115.473
110.87, 53.5001
287.233, 48.88
PARTICLE 8: 
254.849, 156.823
135.347, 65.9148
208.242, 239.625
PARTICLE 9: 
97.334, 257.035
60.2896, 136.994
52.0424, 387.278
PARTICLE 10: 
14.6072, 36.6792
24.1189, 172.793
14.9236, 64.4468
PARTICLE 11: 
114.308, 62.9454
204.409, 84.0159
175.726, 73.4039
PARTICLE 12: 
114.195, 68.8828
44.8285, 79.1764
203.482, 27.8067
PARTICLE 13: 
74.4479, 121.278
178.538, 127.936
302.856, 109.689
PARTICLE 14: 
92.1614, 114.716
198.82, 182.757
204.946, 119.343
PARTICLE 15: 
70.3513, 92.8393
167.915, 224.806
204.623, 98.4321
PARTICLE 16: 
286.991, 216.893
196.121, 166.493
68.9864, 106.793
PARTICLE 17: 
138.474, 59.065
118.274, 163.828
246.459, 10.1928
PARTICLE 18: 
120.29, 39.8244
129.567, 82.172
13.5507, 124.057
PARTICLE 19: 
139.958, 7.53287
70.0637, 162.831
98.3098, 104.635
PARTICLE 20: 
240.497, 184.891
98.0826, 93.2225
182.471, 111.04
Nodes Positions: 
340.941, 320.921
136.972, 406.758
294.487, 93.4682
283.875, 394.714
383.552, 469.634
444.6, 150.742
477.708, 457.739
432.665, 227.009
347.284, 16.1759
56.4057, 84.613
130.385, 222.569
464.578, 349.718
378.327, 33.6746
162.395, 313.584
62.4952, 448.254
263.181, 295.509
276.629, 58.6751
369.943, 201.524
3.63932, 82.8761
400.622, 43.0024
167.946, 410.518
364.658, 136.432
353.825, 26.9107
212.225, 428.05
457.463, 214.542
254.723, 21.6133
474.997, 118.068
439.983, 350.45
219.234, 171.427
48.2754, 488.877
302.952, 460.737
490.268, 482.804
411.069, 147.288
496.614, 252.714
185.59, 380.87
151.438, 132.464
96.3357, 494.02
30.2244, 290.201
198.926, 435.482
106.657, 244.696
118.004, 238.841
179.094, 330.305
314.523, 162.383
36.2019, 115.438
396.757, 100.227
75.9704, 269.386
332.481, 338.088
200.745, 7.89586
239.937, 194.044
15.1343, 419.606
244.634, 360.003
228.589, 175.068
267.876, 190.615
24.7857, 262.767
421.023, 280.513
143.161, 56.6772
324.369, 66.8494
73.2756, 387.819
115.059, 304.733
83.4577, 370.117
All particles start with velocity zero
-- ITERATION 0 --
-------------
Particle: 1:
Relays Coordinates:
67.2545, 68.7725
169.054, 274.259
136.702, 179.994
Evaluation Time: 0.101226 seconds
Resulting Fitness: 0.316417
New local best!
New global best!
-------------
Particle: 2:
Relays Coordinates:
192.93, 156.789
89.3496, 85.8042
240.878, 279.066
Evaluation Time: 0.103634 seconds
Resulting Fitness: 0.355056
New local best!
New global best!
-------------
Particle: 3:
Relays Coordinates:
88.949, 65.4833
25.5696, 7.34448
99.5474, 193.683
Evaluation Time: 0.0772813 seconds
Resulting Fitness: 0.227278
New local best!
-------------
Particle: 4:
Relays Coordinates:
34.6651, 324.033
17.6967, 153.458
84.8753, 279.22
Evaluation Time: 0.301658 seconds
Resulting Fitness: 0.277583
New local best!
-------------
Particle: 5:
Relays Coordinates:
202.434, 31.2469
88.7612, 85.4977
3.50477, 39.8457
Evaluation Time: 0.2035 seconds
Resulting Fitness: 0.196361
New local best!
-------------
Particle: 6:
Relays Coordinates:
81.2238, 241.653
123.578, 301.93
19.8347, 139.338
Evaluation Time: 0.17142 seconds
Resulting Fitness: 0.297833
New local best!
-------------
Particle: 7:
Relays Coordinates:
171.763, 115.473
110.87, 53.5001
287.233, 48.88
Evaluation Time: 0.241348 seconds
Resulting Fitness: 0.303833
New local best!
-------------
Particle: 8:
Relays Coordinates:
254.849, 156.823
135.347, 65.9148
208.242, 239.625
Evaluation Time: 0.173861 seconds
Resulting Fitness: 0.33425
New local best!
-------------
Particle: 9:
Relays Coordinates:
97.334, 257.035
60.2896, 136.994
52.0424, 387.278
Evaluation Time: 0.130968 seconds
Resulting Fitness: 0.310333
New local best!
-------------
Particle: 10:
Relays Coordinates:
14.6072, 36.6792
24.1189, 172.793
14.9236, 64.4468
Evaluation Time: 0.171221 seconds
Resulting Fitness: 0.167972
New local best!
-------------
Particle: 11:
Relays Coordinates:
114.308, 62.9454
204.409, 84.0159
175.726, 73.4039
Evaluation Time: 0.250439 seconds
Resulting Fitness: 0.251
New local best!
-------------
Particle: 12:
Relays Coordinates:
114.195, 68.8828
44.8285, 79.1764
203.482, 27.8067
Evaluation Time: 0.165453 seconds
Resulting Fitness: 0.196028
New local best!
-------------
Particle: 13:
Relays Coordinates:
74.4479, 121.278
178.538, 127.936
302.856, 109.689
Evaluation Time: 0.193648 seconds
Resulting Fitness: 0.325028
New local best!
-------------
Particle: 14:
Relays Coordinates:
92.1614, 114.716
198.82, 182.757
204.946, 119.343
Evaluation Time: 0.18382 seconds
Resulting Fitness: 0.282861
New local best!
-------------
Particle: 15:
Relays Coordinates:
70.3513, 92.8393
167.915, 224.806
204.623, 98.4321
Evaluation Time: 0.168009 seconds
Resulting Fitness: 0.324611
New local best!
-------------
Particle: 16:
Relays Coordinates:
286.991, 216.893
196.121, 166.493
68.9864, 106.793
Evaluation Time: 0.13205 seconds
Resulting Fitness: 0.348944
New local best!
-------------
Particle: 17:
Relays Coordinates:
138.474, 59.065
118.274, 163.828
246.459, 10.1928
Evaluation Time: 0.125524 seconds
Resulting Fitness: 0.308444
New local best!
-------------
Particle: 18:
Relays Coordinates:
120.29, 39.8244
129.567, 82.172
13.5507, 124.057
Evaluation Time: 0.3002 seconds
Resulting Fitness: 0.188111
New local best!
-------------
Particle: 19:
Relays Coordinates:
139.958, 7.53287
70.0637, 162.831
98.3098, 104.635
Evaluation Time: 0.258024 seconds
Resulting Fitness: 0.211139
New local best!
-------------
Particle: 20:
Relays Coordinates:
240.497, 184.891
98.0826, 93.2225
182.471, 111.04
Evaluation Time: 0.152424 seconds
Resulting Fitness: 0.308278
New local best!
Current global best fitness: 0.355056
Current global best relays: 192.93, 156.789
89.3496, 85.8042
240.878, 279.066
Particle 1 new velocities: 4.05468, 90.1734
-48.8802, -178.113
118.265, 27.2617
Particle 2 new velocities: 0, 0
0, 0
0, 0
Particle 3 new velocities: 102.99, 81.4738
43.2492, 15.4405
5.72635, 108.141
Particle 4 new velocities: 105.65, -77.2792
72.7528, -36.0371
28.0148, -0.0347175
Particle 5 new velocities: -3.75039, 139.195
0.0113359, 0.244194
133.232, 59.5934
Particle 6 new velocities: 7.33904, -66.8346
-36.4554, -89.213
4.94381, 127.924
Particle 7 new velocities: 17.6831, 38.3195
-9.36443, 26.6005
-41.2125, 11.9396
Particle 8 new velocities: -73.8355, -0.0217645
-48.0307, 24.5845
3.40086, 35.7639
Particle 9 new velocities: 120.677, -82.2126
17.4092, -45.1402
104.953, -28.7941
Particle 10 new velocities: 231.459, 15.8608
77.3273, -32.7095
17.1016, 255.046
Particle 11 new velocities: 85.1925, 50.9952
-15.2387, 0.174475
81.5265, 261.922
Particle 12 new velocities: 78.093, 16.9922
38.9526, 3.26921
9.71992, 241.63
Particle 13 new velocities: 46.2708, 14.4314
-105.666, -32.3125
-1.29887, 78.1317
Particle 14 new velocities: 124.695, 38.6446
-141.225, -51.3916
35.9231, 75.2585
Particle 15 new velocities: 105.198, 56.7535
-38.9699, -162.395
7.58319, 218.766
Particle 16 new velocities: -39.1997, -37.1658
-84.3207, -15.5684
104.582, 62.4306
Particle 17 new velocities: 64.0024, 33.8527
-29.4671, -55.7645
-1.93155, 59.177
Particle 18 new velocities: 0.528892, 68.0158
-28.8576, 1.53496
51.3042, 195.75
Particle 19 new velocities: 10.5909, 96.6034
17.9503, -42.5315
27.7957, 141.853
Particle 20 new velocities: -53.1157, -26.5888
-0.940908, -8.18262
41.8408, 170.986
-- ITERATION 1 --
-------------
Particle: 1:
Relays Coordinates:
57.7604, 128.746
97.3404, 77.8783
206.523, 167.877
Evaluation Time: 0.113929 seconds
Resulting Fitness: 0.272556
-------------
Particle: 2:
Relays Coordinates:
192.93, 156.789
89.3496, 85.8042
240.878, 279.066
Evaluation Time: 0.104911 seconds
Resulting Fitness: 0.355056
New local best!
New global best!
-------------
Particle: 3:
Relays Coordinates:
155.471, 119.035
55.7433, 18.4558
85.2718, 244.477
Evaluation Time: 0.125788 seconds
Resulting Fitness: 0.283722
New local best!
-------------
Particle: 4:
Relays Coordinates:
140.315, 246.754
90.4496, 117.421
112.89, 279.186
Evaluation Time: 0.240265 seconds
Resulting Fitness: 0.296333
New local best!
-------------
Particle: 5:
Relays Coordinates:
198.683, 170.442
88.7726, 85.7419
136.737, 99.4391
Evaluation Time: 0.140885 seconds
Resulting Fitness: 0.272167
New local best!
-------------
Particle: 6:
Relays Coordinates:
64.5623, 127.443
63.5126, 155.07
18.0635, 194.834
Evaluation Time: 0.125067 seconds
Resulting Fitness: 0.171389
-------------
Particle: 7:
Relays Coordinates:
189.446, 153.793
101.505, 80.1006
246.021, 60.8196
Evaluation Time: 0.145758 seconds
Resulting Fitness: 0.303917
New local best!
-------------
Particle: 8:
Relays Coordinates:
181.014, 156.801
87.3162, 90.4993
211.643, 275.389
Evaluation Time: 0.200126 seconds
Resulting Fitness: 0.346639
New local best!
-------------
Particle: 9:
Relays Coordinates:
158.93, 127.446
56.6425, 66.9617
114.449, 261.335
Evaluation Time: 0.13396 seconds
Resulting Fitness: 0.305111
-------------
Particle: 10:
Relays Coordinates:
179.382, 38.3016
73.9543, 102.121
23.3464, 232.91
Evaluation Time: 0.124074 seconds
Resulting Fitness: 0.261056
New local best!
-------------
Particle: 11:
Relays Coordinates:
130.893, 74.7564
124.115, 55.2373
168.783, 220.007
Evaluation Time: 0.0998327 seconds
Resulting Fitness: 0.288555
New local best!
-------------
Particle: 12:
Relays Coordinates:
155.754, 69.5588
67.8627, 66.7809
172.694, 218.244
Evaluation Time: 0.255048 seconds
Resulting Fitness: 0.298278
New local best!
-------------
Particle: 13:
Relays Coordinates:
97.7822, 109.925
59.0262, 77.4546
244.262, 152.135
Evaluation Time: 0.245766 seconds
Resulting Fitness: 0.296278
-------------
Particle: 14:
Relays Coordinates:
195.171, 138.025
51.8359, 118.229
216.782, 175.141
Evaluation Time: 0.145311 seconds
Resulting Fitness: 0.285139
New local best!
-------------
Particle: 15:
Relays Coordinates:
157.994, 134.634
116.051, 56.1697
190.985, 285.478
Evaluation Time: 0.144961 seconds
Resulting Fitness: 0.330611
New local best!
-------------
Particle: 16:
Relays Coordinates:
200.711, 145.579
90.5581, 122.249
140.591, 137.071
Evaluation Time: 0.149008 seconds
Resulting Fitness: 0.272111
-------------
Particle: 17:
Relays Coordinates:
202.476, 92.9177
88.8074, 108.064
244.527, 69.3697
Evaluation Time: 0.100149 seconds
Resulting Fitness: 0.284639
-------------
Particle: 18:
Relays Coordinates:
79.2692, 70.7539
66.0753, 54.9202
42.5513, 209.825
Evaluation Time: 0.0818651 seconds
Resulting Fitness: 0.201167
New local best!
-------------
Particle: 19:
Relays Coordinates:
150.549, 104.136
88.014, 120.3
126.106, 246.488
Evaluation Time: 0.084469 seconds
Resulting Fitness: 0.28925
New local best!
-------------
Particle: 20:
Relays Coordinates:
187.381, 158.302
97.1417, 85.0399
224.312, 282.026
Evaluation Time: 0.0907994 seconds
Resulting Fitness: 0.356056
New local best!
New global best!
Current global best fitness: 0.356056
Current global best relays: 187.381, 158.302
97.1417, 85.0399
224.312, 282.026
Particle 1 new velocities: 40.7089, 5.69986
-11.4363, 191.504
6.51375, 42.3505
Particle 2 new velocities: -0.518562, 1.85203
7.56603, -0.216272
-16.348, 2.66438
Particle 3 new velocities: 100.04, 68.4642
64.3287, 68.2399
180.659, 111.497
Particle 4 new velocities: 99.7677, -106.621
64.9714, -58.3634
52.3367, 1.06768
Particle 5 new velocities: -14.5369, 96.7674
7.10246, 0.0475577
214.339, 156.455
Particle 6 new velocities: 158.9, 53.223
35.1543, 117.529
204.149, 32.3831
Particle 7 new velocities: 12.2496, 32.555
-8.21872, 26.8921
-35.9154, 174.611
Particle 8 new velocities: -55.7386, 1.23309
-38.2341, 19.0442
3.57346, 29.9513
Particle 9 new velocities: 44.0533, 155.439
59.6293, 31.7705
122.894, -8.51158
Particle 10 new velocities: 190.032, 15.7445
72.5914, -44.9316
226.589, 211.177
Particle 11 new velocities: 117.034, 110.709
-32.1499, 10.3411
126.572, 229.021
Particle 12 new velocities: 91.0056, 44.8977
48.915, 13.8717
51.761, 240.55
Particle 13 new velocities: 30.7488, 85.9615
83.1947, -17.4025
37.6419, 106.87
Particle 14 new velocities: 91.1878, 32.857
-73.8767, -66.9987
36.4498, 117.39
Particle 15 new velocities: 90.421, 50.2034
-55.5225, -109.6
24.8345, 173.173
Particle 16 new velocities: 16.4528, 93.7326
-60.5273, 27.9239
109.428, 11.9665
Particle 17 new velocities: -7.61701, 11.1983
25.4361, 7.24591
-0.807022, 95.8785
Particle 18 new velocities: 31.9157, 85.0904
-9.48664, 23.5679
218.471, 174.408
Particle 19 new velocities: 53.16, 78.1378
18.6988, -75.3758
82.8921, 136.779
Particle 20 new velocities: -42.4926, -21.2711
-0.752726, -6.54609
33.4726, 136.789
-- ITERATION 2 --
-------------
Particle: 1:
Relays Coordinates:
88.6224, 121.001
77.3137, 242.444
191.733, 189.205
Evaluation Time: 0.103196 seconds
Resulting Fitness: 0.285111
-------------
Particle: 2:
Relays Coordinates:
192.411, 158.641
96.9156, 85.5879
224.53, 281.73
Evaluation Time: 0.139991 seconds
Resulting Fitness: 0.357639
New local best!
New global best!
-------------
Particle: 3:
Relays Coordinates:
229.96, 168.749
108.065, 78.0262
239.338, 320.377
Evaluation Time: 0.0906868 seconds
Resulting Fitness: 0.364889
New local best!
New global best!
-------------
Particle: 4:
Relays Coordinates:
216.074, 126.12
139.879, 53.1522
148.704, 252.228
Evaluation Time: 0.0825028 seconds
Resulting Fitness: 0.324
New local best!
-------------
Particle: 5:
Relays Coordinates:
134.243, 194.796
69.8929, 62.5405
255.934, 186.547
Evaluation Time: 0.0655031 seconds
Resulting Fitness: 0.329528
New local best!
-------------
Particle: 6:
Relays Coordinates:
118.757, 96.0132
52.4357, 144.871
118.093, 120.752
Evaluation Time: 0.0766361 seconds
Resulting Fitness: 0.219778
-------------
Particle: 7:
Relays Coordinates:
201.696, 186.348
93.2865, 106.993
210.105, 235.431
Evaluation Time: 0.073318 seconds
Resulting Fitness: 0.311111
New local best!
-------------
Particle: 8:
Relays Coordinates:
101.473, 128.007
39.7565, 88.7303
174.325, 247.326
Evaluation Time: 0.0923063 seconds
Resulting Fitness: 0.294917
-------------
Particle: 9:
Relays Coordinates:
147.975, 206.223
84.7621, 71.9757
173.024, 184.308
Evaluation Time: 0.14964 seconds
Resulting Fitness: 0.281278
-------------
Particle: 10:
Relays Coordinates:
128.807, 18.8447
51.0973, 19.9406
87.1469, 154.844
Evaluation Time: 0.115969 seconds
Resulting Fitness: 0.224667
-------------
Particle: 11:
Relays Coordinates:
131.758, 98.5639
48.874, 34.851
156.964, 238.632
Evaluation Time: 0.218563 seconds
Resulting Fitness: 0.294389
New local best!
-------------
Particle: 12:
Relays Coordinates:
106.222, 49.2698
50.269, 34.7183
96.6203, 197.496
Evaluation Time: 0.142243 seconds
Resulting Fitness: 0.227861
-------------
Particle: 13:
Relays Coordinates:
115.678, 176.298
127.999, 54.0469
253.713, 233.105
Evaluation Time: 0.0807052 seconds
Resulting Fitness: 0.343
New local best!
-------------
Particle: 14:
Relays Coordinates:
136.964, 81.7322
0, 24.5034
121.12, 139.917
Evaluation Time: 0.0684737 seconds
Resulting Fitness: 0.235806
-------------
Particle: 15:
Relays Coordinates:
132.018, 98.2299
32.1671, 0
114.695, 243.746
Evaluation Time: 0.210289 seconds
Resulting Fitness: 0.27875
-------------
Particle: 16:
Relays Coordinates:
158.313, 174.458
21.8924, 109.476
182.264, 108.649
Evaluation Time: 0.0576454 seconds
Resulting Fitness: 0.286694
-------------
Particle: 17:
Relays Coordinates:
175.373, 93.7044
102.819, 103.779
219.348, 148.723
Evaluation Time: 0.196254 seconds
Resulting Fitness: 0.28525
-------------
Particle: 18:
Relays Coordinates:
59.0882, 82.8221
30.0736, 41.7118
138.718, 204.197
Evaluation Time: 0.200348 seconds
Resulting Fitness: 0.259361
New local best!
-------------
Particle: 19:
Relays Coordinates:
148.504, 132.878
77.7937, 32.7497
152.359, 279.401
Evaluation Time: 0.147169 seconds
Resulting Fitness: 0.321111
New local best!
-------------
Particle: 20:
Relays Coordinates:
69.2997, 65.5415
46.1025, 37.5434
123.298, 200.318
Evaluation Time: 0.126084 seconds
Resulting Fitness: 0.255389
Current global best fitness: 0.364889
Current global best relays: 229.96, 168.749
108.065, 78.0262
239.338, 320.377
Particle 1 new velocities: 97.377, -18.0361
65.4073, -8.80361
0.965377, 163.725
Particle 2 new velocities: 6.89449, 6.85183
15.1482, -5.70802
-5.43395, 17.2432
Particle 3 new velocities: 80.032, 54.7713
51.463, 54.5919
144.527, 89.1977
Particle 4 new velocities: 95.4349, -34.7477
44.5622, -34.1416
87.238, 71.1874
Particle 5 new velocities: 79.3374, 59.5927
12.8083, 17.8639
150.305, 252.871
Particle 6 new velocities: 125.685, 188.2
51.1542, 309.871
302.905, 88.5903
Particle 7 new velocities: 27.8826, 25.2645
-0.803567, -5.38436
-20.1523, 169.68
Particle 8 new velocities: 1.75481, 39.928
95.9323, 11.8252
82.7544, 120.906
Particle 9 new velocities: 25.9649, 161.81
31.7833, 133.757
130.109, 67.7563
Particle 10 new velocities: 265.14, 65.7143
86.8299, 82.9038
202.283, 287.167
Particle 11 new velocities: 100.441, 92.6492
-14.0058, 11.2337
184.005, 265.627
Particle 12 new velocities: 201.211, 121.001
106.089, 21.8712
127.728, 258.41
Particle 13 new velocities: 53.0979, 64.5147
50.0451, 8.2251
21.4745, 196.554
Particle 14 new velocities: 119.56, 201.323
156.129, 162.145
63.5521, 329.831
Particle 15 new velocities: 172.034, 80.0523
68.1212, 143.752
157.101, 248.914
Particle 16 new velocities: 296.75, 96.2865
62.5654, 38.0643
-18.516, 212.206
Particle 17 new velocities: 5.90635, 25.2163
45.3856, 57.6936
55.051, 236.7
Particle 18 new velocities: 170.183, 118.97
79.1159, 42.0547
256.442, 203.082
Particle 19 new velocities: 52.1344, 89.0192
41.6107, -39.5589
98.6875, 135.391
Particle 20 new velocities: 77.2959, 173.249
79.1408, 46.8715
258.275, 234.165
-- ITERATION 3 --
-------------
Particle: 1:
Relays Coordinates:
135.594, 75.0617
104.044, 170.324
140.477, 257.286
Evaluation Time: 0.128642 seconds
Resulting Fitness: 0.315417
-------------
Particle: 2:
Relays Coordinates:
199.306, 165.493
112.064, 79.8799
219.096, 298.974
Evaluation Time: 0.152614 seconds
Resulting Fitness: 0.361083
New local best!
-------------
Particle: 3:
Relays Coordinates:
225.984, 162.947
116.296, 96.6786
279.837, 298.58
Evaluation Time: 0.123996 seconds
Resulting Fitness: 0.374417
New local best!
New global best!
-------------
Particle: 4:
Relays Coordinates:
183.943, 53.9546
108.911, 11.2256
139.321, 190.974
Evaluation Time: 0.111656 seconds
Resulting Fitness: 0.296583
-------------
Particle: 5:
Relays Coordinates:
113.505, 135.192
43.9508, 42.7302
215.892, 233.525
Evaluation Time: 0.0532849 seconds
Resulting Fitness: 0.307528
-------------
Particle: 6:
Relays Coordinates:
94.7017, 110.11
40.1328, 176.176
163.103, 81.1037
Evaluation Time: 0.0620383 seconds
Resulting Fitness: 0.263389
-------------
Particle: 7:
Relays Coordinates:
167.363, 154.265
67.4201, 74.0724
138.476, 295.325
Evaluation Time: 0.0604738 seconds
Resulting Fitness: 0.328056
New local best!
-------------
Particle: 8:
Relays Coordinates:
60.955, 99.1642
80.1229, 59.377
151.803, 217.437
Evaluation Time: 0.0558231 seconds
Resulting Fitness: 0.268278
-------------
Particle: 9:
Relays Coordinates:
102.71, 217.319
68.8189, 121.483
178.997, 148.841
Evaluation Time: 0.0582351 seconds
Resulting Fitness: 0.288083
-------------
Particle: 10:
Relays Coordinates:
152.623, 32.7599
53.4358, 39.844
112.131, 171.244
Evaluation Time: 0.0523876 seconds
Resulting Fitness: 0.273556
New local best!
-------------
Particle: 11:
Relays Coordinates:
99.9541, 82.311
15.0096, 19.838
146.776, 215.234
Evaluation Time: 0.054219 seconds
Resulting Fitness: 0.271611
-------------
Particle: 12:
Relays Coordinates:
147.044, 81.4401
74.7855, 27.0666
107.305, 218.058
Evaluation Time: 0.0590416 seconds
Resulting Fitness: 0.270278
-------------
Particle: 13:
Relays Coordinates:
110.734, 157.997
116.815, 40.8567
180.551, 281.899
Evaluation Time: 0.0543765 seconds
Resulting Fitness: 0.321
-------------
Particle: 14:
Relays Coordinates:
151.475, 167.141
92.1925, 110.214
109.047, 277.381
Evaluation Time: 0.0639297 seconds
Resulting Fitness: 0.295222
New local best!
-------------
Particle: 15:
Relays Coordinates:
145.427, 85.2719
47.9676, 68.756
129.999, 235.638
Evaluation Time: 0.063075 seconds
Resulting Fitness: 0.287361
-------------
Particle: 16:
Relays Coordinates:
217.655, 129.496
40.3959, 70.568
78.32, 153.464
Evaluation Time: 0.0641676 seconds
Resulting Fitness: 0.282556
-------------
Particle: 17:
Relays Coordinates:
107.044, 70.2214
87.5134, 95.3479
162.03, 227.588
Evaluation Time: 0.0577231 seconds
Resulting Fitness: 0.27575
-------------
Particle: 18:
Relays Coordinates:
121.844, 107.241
58.0277, 44.517
210.004, 216.445
Evaluation Time: 0.0706035 seconds
Resulting Fitness: 0.297583
New local best!
-------------
Particle: 19:
Relays Coordinates:
118.475, 131.028
70.507, 0
148.241, 244.931
Evaluation Time: 0.0630104 seconds
Resulting Fitness: 0.2935
-------------
Particle: 20:
Relays Coordinates:
70.1162, 114.213
59.9035, 40.3754
182.505, 207.812
Evaluation Time: 0.0486191 seconds
Resulting Fitness: 0.268306
Current global best fitness: 0.374417
Current global best relays: 225.984, 162.947
116.296, 96.6786
279.837, 298.58
Particle 1 new velocities: 138.952, -14.5384
127.102, 135.387
22.7987, 56.8071
Particle 2 new velocities: 25.9023, 3.00336
16.5139, -0.502777
37.3756, 13.4859
Particle 3 new velocities: 64.0256, 43.8171
41.1704, 43.6736
115.622, 71.3582
Particle 4 new velocities: 98.303, 81.7811
41.1114, 84.153
111.106, 129.02
Particle 5 new velocities: 135.887, 97.7228
68.2366, 62.8047
216.399, 171.47
Particle 6 new velocities: 170.327, 229.09
157.696, 254.356
138.458, 139.006
Particle 7 new velocities: 85.3263, 27.9789
6.17582, -1.31114
115.713, 137.159
Particle 8 new velocities: 250.656, 78.389
126.585, 17.7372
185.691, 212.407
Particle 9 new velocities: 76.828, 154.277
26.0794, 104.452
-74.7515, 328.596
Particle 10 new velocities: 284.283, 178.278
72.6233, 134.889
254.892, 234.631
Particle 11 new velocities: 201.685, 148.7
134.561, 79.9896
236.333, 80.1538
Particle 12 new velocities: 210.579, 97.4513
127.44, 76.3436
351.171, 233.741
Particle 13 new velocities: 151.008, 76.6778
45.5192, 69.2741
200.587, 151.704
Particle 14 new velocities: 160.089, 158.26
133.536, 124.91
209.742, 277.907
Particle 15 new velocities: 158.435, 166.693
129.255, 126.493
182.389, 241.746
Particle 16 new velocities: 312.348, 252.672
348.166, 191.559
94.5814, 261.961
Particle 17 new velocities: 191.892, 92.6972
104.07, 156.974
238.569, 149.699
Particle 18 new velocities: 221.331, 97.5953
127.636, 42.3468
241.309, 247.097
Particle 19 new velocities: 116.174, 112.527
100.107, 135.388
241.122, 178.974
Particle 20 new velocities: 298.998, 192.44
149.868, 97.4031
257.996, 413.615
-- ITERATION 4 --
-------------
Particle: 1:
Relays Coordinates:
145.905, 32.1645
122.84, 162.468
86.7715, 166.922
Evaluation Time: 0.0609629 seconds
Resulting Fitness: 0.275167
-------------
Particle: 2:
Relays Coordinates:
225.208, 168.496
128.578, 79.3771
256.472, 312.46
Evaluation Time: 0.0545404 seconds
Resulting Fitness: 0.365444
New local best!
-------------
Particle: 3:
Relays Coordinates:
211.417, 150.731
114.793, 102.317
288.29, 269.685
Evaluation Time: 0.0530187 seconds
Resulting Fitness: 0.363528
-------------
Particle: 4:
Relays Coordinates:
228.619, 109.946
121.518, 77.2567
202.846, 259.195
Evaluation Time: 0.054234 seconds
Resulting Fitness: 0.336278
New local best!
-------------
Particle: 5:
Relays Coordinates:
147.264, 137.534
66.2455, 62.3173
255.263, 239.145
Evaluation Time: 0.0564805 seconds
Resulting Fitness: 0.330278
New local best!
-------------
Particle: 6:
Relays Coordinates:
102.678, 131.413
76.6428, 166.797
116.831, 85.275
Evaluation Time: 0.0577867 seconds
Resulting Fitness: 0.236278
-------------
Particle: 7:
Relays Coordinates:
149.21, 107.613
43.4576, 42.9648
150.096, 255.378
Evaluation Time: 0.0588538 seconds
Resulting Fitness: 0.304361
-------------
Particle: 8:
Relays Coordinates:
184.003, 104.843
122.059, 45.5352
199.287, 253.818
Evaluation Time: 0.0731442 seconds
Resulting Fitness: 0.324111
-------------
Particle: 9:
Relays Coordinates:
106.015, 219.424
56.0365, 133.412
61.5557, 281.922
Evaluation Time: 0.0659108 seconds
Resulting Fitness: 0.27625
-------------
Particle: 10:
Relays Coordinates:
208.971, 100.939
60.2937, 83.5743
175.546, 194.129
Evaluation Time: 0.0731127 seconds
Resulting Fitness: 0.310722
New local best!
-------------
Particle: 11:
Relays Coordinates:
219.895, 168.407
109.037, 72.7743
279.287, 215.337
Evaluation Time: 0.0889202 seconds
Resulting Fitness: 0.345306
New local best!
-------------
Particle: 12:
Relays Coordinates:
190.055, 95.0702
107.471, 54.9564
243.653, 240.105
Evaluation Time: 0.122583 seconds
Resulting Fitness: 0.330972
New local best!
-------------
Particle: 13:
Relays Coordinates:
171.729, 153.97
106.507, 72.2568
250.064, 284.487
Evaluation Time: 0.0866845 seconds
Resulting Fitness: 0.343194
New local best!
-------------
Particle: 14:
Relays Coordinates:
134.118, 140.074
97.1686, 101.213
137.228, 215.234
Evaluation Time: 0.106384 seconds
Resulting Fitness: 0.283
-------------
Particle: 15:
Relays Coordinates:
161.485, 133.904
94.1834, 103.764
166.016, 253.701
Evaluation Time: 0.0576525 seconds
Resulting Fitness: 0.308
-------------
Particle: 16:
Relays Coordinates:
156.905, 119.929
121.935, 82.2581
54.2583, 130.365
Evaluation Time: 0.0578648 seconds
Resulting Fitness: 0.229111
-------------
Particle: 17:
Relays Coordinates:
142.98, 77.9235
91.634, 120.685
191.605, 180.455
Evaluation Time: 0.130316 seconds
Resulting Fitness: 0.277083
-------------
Particle: 18:
Relays Coordinates:
182.378, 108.858
98.6693, 46.163
239.846, 246.345
Evaluation Time: 0.167396 seconds
Resulting Fitness: 0.339278
New local best!
-------------
Particle: 19:
Relays Coordinates:
138.558, 143.817
100.746, 79.9453
229.915, 250.311
Evaluation Time: 0.130676 seconds
Resulting Fitness: 0.329611
New local best!
-------------
Particle: 20:
Relays Coordinates:
217.958, 181.075
123.868, 81.3568
260.111, 295.245
Evaluation Time: 0.0919101 seconds
Resulting Fitness: 0.370139
New local best!
Current global best fitness: 0.374417
Current global best relays: 225.984, 162.947
116.296, 96.6786
279.837, 298.58
Particle 1 new velocities: 150.718, 97.8361
122.881, 122.878
30.1783, 189.593
Particle 2 new velocities: 21.0871, -4.60603
1.52899, 0.583402
47.3713, 6.85655
Particle 3 new velocities: 62.9656, 54.8376
36.9526, 22.4501
86.1346, 127.541
Particle 4 new velocities: 77.5927, 123.69
27.5538, 87.8822
106.184, 113.074
Particle 5 new velocities: 184.152, 94.7396
77.5711, 80.7937
201.938, 179.904
Particle 6 new velocities: 199.211, 317.46
212.215, 197.117
73.2386, 169.213
Particle 7 new velocities: 157.354, 56.464
99.8026, 91.4474
162.402, 161.667
Particle 8 new velocities: 202.474, 163.007
50.4473, 98.3557
254.385, 227.333
Particle 9 new velocities: 49.5775, 61.959
90.6926, 39.2989
91.1019, 443.87
Particle 10 new velocities: 231.382, 200.161
82.1916, 123.877
330.69, 236.678
Particle 11 new velocities: 164.698, 118.153
109.818, 83.0549
189.366, 87.6999
Particle 12 new velocities: 184.349, 128.687
107.661, 79.5379
294.438, 197.829
Particle 13 new velocities: 148.44, 66.2556
37.785, 68.1997
181.475, 127.697
Particle 14 new velocities: 266.657, 153.825
125.102, 102.312
168.219, 78.0081
Particle 15 new velocities: 129.591, 134.155
145.793, 76.9522
267.396, 243.152
Particle 16 new velocities: 213.105, 284.585
286.293, 306.831
362.585, 408.82
Particle 17 new velocities: 199.543, 128.601
146.874, 186.498
290.218, -15.3688
Particle 18 new velocities: 193.422, 84.8581
116.93, 54.0005
225.874, 232.908
Particle 19 new velocities: 150.046, 94.4603
82.7851, 112.137
253.55, 180.075
Particle 20 new velocities: 248.619, 150.658
112.627, 82.2851
229.198, 2.02462
-- ITERATION 5 --
-------------
Particle: 1:
Relays Coordinates:
141.874, 62.1789
117.527, 136.48
55.9367, 170.52
Evaluation Time: 0.169743 seconds
Resulting Fitness: 0.256917
-------------
Particle: 2:
Relays Coordinates:
221.666, 147.501
117.096, 71.9645
273.459, 287.385
Evaluation Time: 0.128972 seconds
Resulting Fitness: 0.372833
New local best!
-------------
Particle: 3:
Relays Coordinates:
180.022, 134.873
99.5601, 81.8596
245.66, 260.62
Evaluation Time: 0.119134 seconds
Resulting Fitness: 0.349694
-------------
Particle: 4:
Relays Coordinates:
200.906, 153.289
97.8059, 108.348
202.755, 244.246
Evaluation Time: 0.107218 seconds
Resulting Fitness: 0.325056
-------------
Particle: 5:
Relays Coordinates:
217.442, 152.395
94.3581, 93.8951
299.97, 274.938
Evaluation Time: 0.0618355 seconds
Resulting Fitness: 0.367889
New local best!
-------------
Particle: 6:
Relays Coordinates:
144.392, 214.694
138.16, 174.059
90.9098, 121.721
Evaluation Time: 0.0749542 seconds
Resulting Fitness: 0.273222
-------------
Particle: 7:
Relays Coordinates:
181.023, 96.886
84.5937, 79.3691
184.527, 246.261
Evaluation Time: 0.114848 seconds
Resulting Fitness: 0.317472
-------------
Particle: 8:
Relays Coordinates:
228.211, 158.163
101.863, 84.9661
267.889, 284.115
Evaluation Time: 0.208591 seconds
Resulting Fitness: 0.376889
New local best!
New global best!
-------------
Particle: 9:
Relays Coordinates:
102.084, 184.616
96.269, 113.316
100.159, 328.05
Evaluation Time: 0.140919 seconds
Resulting Fitness: 0.315389
New local best!
-------------
Particle: 10:
Relays Coordinates:
210.619, 144.015
68.1503, 99.2235
239.148, 206.054
Evaluation Time: 0.137125 seconds
Resulting Fitness: 0.315583
New local best!
-------------
Particle: 11:
Relays Coordinates:
204.389, 152.29
116.309, 82.814
249.061, 161.046
Evaluation Time: 0.0975117 seconds
Resulting Fitness: 0.302944
-------------
Particle: 12:
Relays Coordinates:
221.082, 132.126
127.034, 79.4176
295.245, 258.595
Evaluation Time: 0.0890917 seconds
Resulting Fitness: 0.364278
New local best!
-------------
Particle: 13:
Relays Coordinates:
210.063, 144.49
94.6701, 92.1535
283.133, 270.434
Evaluation Time: 0.0660343 seconds
Resulting Fitness: 0.365528
New local best!
-------------
Particle: 14:
Relays Coordinates:
191.689, 140.571
106.312, 97.3456
146.094, 140.257
Evaluation Time: 0.0853375 seconds
Resulting Fitness: 0.272111
-------------
Particle: 15:
Relays Coordinates:
139.221, 128.212
114.78, 86.4358
207.3, 237.643
Evaluation Time: 0.119609 seconds
Resulting Fitness: 0.304528
-------------
Particle: 16:
Relays Coordinates:
104.502, 114.246
115.295, 109.89
117.729, 141.215
Evaluation Time: 0.10417 seconds
Resulting Fitness: 0.222444
-------------
Particle: 17:
Relays Coordinates:
132.7, 80.0117
92.4029, 119.009
186.668, 63.958
Evaluation Time: 0.0804191 seconds
Resulting Fitness: 0.22225
-------------
Particle: 18:
Relays Coordinates:
179.744, 92.6539
103.121, 47.9079
222.752, 229.226
Evaluation Time: 0.0633325 seconds
Resulting Fitness: 0.317917
-------------
Particle: 19:
Relays Coordinates:
153.376, 126.63
97.5358, 102.081
256.933, 228.725
Evaluation Time: 0.0686195 seconds
Resulting Fitness: 0.32725
-------------
Particle: 20:
Relays Coordinates:
247.958, 176.297
125.683, 86.966
260.039, 157.981
Evaluation Time: 0.0903565 seconds
Resulting Fitness: 0.301222
Current global best fitness: 0.376889
Current global best relays: 228.211, 158.163
101.863, 84.9661
267.889, 284.115
Particle 1 new velocities: 100.435, 171.082
163.441, 265.01
116.705, 213.219
Particle 2 new velocities: 22.6633, 1.49709
-11.633, 15.0413
33.7738, 3.40201
Particle 3 new velocities: 145.658, 78.7535
31.6965, 38.8729
95.9215, 168.808
Particle 4 new velocities: 96.5159, 42.1801
41.8534, -2.11266
128.826, 129.102
Particle 5 new velocities: 153.051, 81.5396
65.921, 54.1125
123.638, 149.724
Particle 6 new velocities: 109.241, 244.024
149.071, 212.5
243.625, 345.354
Particle 7 new velocities: 171.573, 136.019
75.1528, 72.2507
163.534, 233.514
Particle 8 new velocities: 161.979, 130.405
40.3578, 78.6845
203.508, 181.867
Particle 9 new velocities: 75.8888, 22.0561
78.4486, 6.55884
248.754, -38.0927
Particle 10 new velocities: 196.828, 172.298
97.2923, 97.2954
33.6376, 216.642
Particle 11 new velocities: 164.648, 102.739
74.6101, 61.9934
199.234, 251.123
Particle 12 new velocities: 156.531, 125.989
61.2195, 67.1069
-0.711764, 168.27
Particle 13 new velocities: 141.859, 60.9299
39.0463, 51.5351
140.331, 109.503
Particle 14 new velocities: 223.264, 159.443
85.0855, 75.7527
206.933, 383.197
Particle 15 new velocities: 169.53, 125.195
112.191, 47.8955
222.24, 275.506
Particle 16 new velocities: 222.26, 369.582
337.897, 299.772
237.521, -7.99463
Particle 17 new velocities: 250.862, 142.742
136.029, 155.018
274.682, 193.617
Particle 18 new velocities: 158.775, 122.901
84.8071, 76.6295
224.491, 251.012
Particle 19 new velocities: 193.161, 139.352
66.6374, 67.1703
177.744, 194.824
Particle 20 new velocities: 143.949, 105.596
82.427, 60.9817
190.874, 189.022
-- ITERATION 6 --
-------------
Particle: 1:
Relays Coordinates:
104.306, 100.411
120.948, 172.828
74.3167, 165.187
Evaluation Time: 0.134187 seconds
Resulting Fitness: 0.2405
-------------
Particle: 2:
Relays Coordinates:
219.896, 134.098
94.9168, 78.3052
276.509, 261.708
Evaluation Time: 0.14462 seconds
Resulting Fitness: 0.362306
-------------
Particle: 3:
Relays Coordinates:
213.679, 140.161
86.1175, 79.2126
224.111, 281.748
Evaluation Time: 0.133186 seconds
Resulting Fitness: 0.353833
-------------
Particle: 4:
Relays Coordinates:
240.912, 158.33
113.124, 86.0503
268.58, 302.411
Evaluation Time: 0.105955 seconds
Resulting Fitness: 0.368111
New local best!
-------------
Particle: 5:
Relays Coordinates:
243.081, 153.484
105.159, 97.1078
277.929, 278.621
Evaluation Time: 0.0789698 seconds
Resulting Fitness: 0.373583
New local best!
-------------
Particle: 6:
Relays Coordinates:
79.5929, 143.951
90.136, 121.306
104.981, 146.573
Evaluation Time: 0.071197 seconds
Resulting Fitness: 0.220028
-------------
Particle: 7:
Relays Coordinates:
208.204, 137.528
94.3287, 89.53
205.527, 283.302
Evaluation Time: 0.141825 seconds
Resulting Fitness: 0.350306
New local best!
-------------
Particle: 8:
Relays Coordinates:
207.363, 153.357
75.582, 86.9707
250.52, 247.642
Evaluation Time: 0.14478 seconds
Resulting Fitness: 0.347167
-------------
Particle: 9:
Relays Coordinates:
129.742, 150.664
127.369, 87.3886
254.358, 211.379
Evaluation Time: 0.163741 seconds
Resulting Fitness: 0.321167
New local best!
-------------
Particle: 10:
Relays Coordinates:
240.593, 186.78
97.6922, 116.042
161.077, 249.597
Evaluation Time: 0.190678 seconds
Resulting Fitness: 0.321306
New local best!
-------------
Particle: 11:
Relays Coordinates:
217.912, 150.592
112.736, 85.5073
264.714, 243.382
Evaluation Time: 0.168173 seconds
Resulting Fitness: 0.360806
New local best!
-------------
Particle: 12:
Relays Coordinates:
222.977, 152.414
111.161, 86.5212
173.919, 252.06
Evaluation Time: 0.157141 seconds
Resulting Fitness: 0.332778
-------------
Particle: 13:
Relays Coordinates:
230.896, 134.776
87.7313, 94.2741
277.834, 249.276
Evaluation Time: 0.116919 seconds
Resulting Fitness: 0.360611
-------------
Particle: 14:
Relays Coordinates:
245.026, 177.155
113.018, 102.213
208.459, 295.245
Evaluation Time: 0.0957978 seconds
Resulting Fitness: 0.358611
New local best!
-------------
Particle: 15:
Relays Coordinates:
164.083, 134.671
120.622, 71.3891
228.275, 265.721
Evaluation Time: 0.075196 seconds
Resulting Fitness: 0.336111
New local best!
-------------
Particle: 16:
Relays Coordinates:
126.594, 187.445
175.576, 158.712
137.631, 51.6122
Evaluation Time: 0.0685116 seconds
Resulting Fitness: 0.285417
-------------
Particle: 17:
Relays Coordinates:
165.111, 95.8883
98.3325, 117.96
198.596, 110.878
Evaluation Time: 0.0783336 seconds
Resulting Fitness: 0.257722
-------------
Particle: 18:
Relays Coordinates:
179.903, 114.555
99.8725, 66.1843
237.684, 255.218
Evaluation Time: 0.167568 seconds
Resulting Fitness: 0.346222
New local best!
-------------
Particle: 19:
Relays Coordinates:
227.363, 174.511
107.714, 111.046
285.191, 277.891
Evaluation Time: 0.118519 seconds
Resulting Fitness: 0.376056
New local best!
-------------
Particle: 20:
Relays Coordinates:
231.417, 166.455
122.887, 87.3616
266.26, 204.902
Evaluation Time: 0.0804836 seconds
Resulting Fitness: 0.328806
Current global best fitness: 0.376889
Current global best relays: 228.211, 158.163
101.863, 84.9661
267.889, 284.115
Particle 1 new velocities: 97.6552, 128.953
163.31, 136.162
349.7, 217.312
Particle 2 new velocities: 20.4936, 32.9125
-8.5064, 14.6278
13.7776, 42.9102
Particle 3 new velocities: 140.237, 80.8737
48.6756, 49.5204
146.798, 165.669
Particle 4 new velocities: 65.9978, 33.6293
23.4945, -2.56517
102.918, 89.353
Particle 5 new velocities: 113.66, 71.1773
48.4818, 29.1319
92.7367, 122.082
Particle 6 new velocities: 157.816, 339.62
165.943, 384.868
228.802, 419.379
Particle 7 new velocities: 157.832, 131.961
69.6209, 52.8762
168.404, 187.803
Particle 8 new velocities: 169.078, 113.486
91.5738, 61.0639
197.391, 198.677
Particle 9 new velocities: 166.314, 21.2764
33.5649, 3.42879
206.019, 29.2783
Particle 10 new velocities: 150.714, 110.391
81.3668, 50.4026
75.4664, 201.735
Particle 11 new velocities: 137.501, 84.0421
55.2403, 49.3613
161.793, 218.399
Particle 12 new velocities: 130.117, 99.9526
52.4462, 44.496
308.429, 177.707
Particle 13 new velocities: 76.5423, 71.0093
45.9249, 34.1524
118.991, 129.505
Particle 14 new velocities: 162.845, 118.631
56.3164, 40.5576
235.195, -3.59712
Particle 15 new velocities: 196.548, 109.717
82.3939, 52.2273
208.042, 0.374038
Particle 16 new velocities: 431.832, 269.925
255.83, 221.508
241.008, 154.184
Particle 17 new velocities: 203.608, 121.255
135.192, 175.801
308.26, 170.096
Particle 18 new velocities: 152.269, 140.462
68.1751, 64.3184
183.299, 237.248
Particle 19 new velocities: 154.554, 90.9369
47.4686, 34.2823
141.397, 162.631
Particle 20 new velocities: 94.1486, 99.6887
53.7161, 38.2338
154.474, 357.405
-- ITERATION 7 --
-------------
Particle: 1:
Relays Coordinates:
96.5974, 109.704
135.96, 147.789
202.806, 182.948
Evaluation Time: 0.12066 seconds
Resulting Fitness: 0.277333
-------------
Particle: 2:
Relays Coordinates:
216.351, 150.31
77.7693, 83.6398
261.258, 274.156
Evaluation Time: 0.198747 seconds
Resulting Fitness: 0.36225
-------------
Particle: 3:
Relays Coordinates:
208.984, 130.519
79.594, 76.0155
219.018, 264.195
Evaluation Time: 0.16693 seconds
Resulting Fitness: 0.343861
-------------
Particle: 4:
Relays Coordinates:
223.737, 139.938
99.5949, 60.8607
270.822, 285.596
Evaluation Time: 0.087877 seconds
Resulting Fitness: 0.362861
-------------
Particle: 5:
Relays Coordinates:
234.057, 147.4
100.804, 82.8258
243.194, 262.901
Evaluation Time: 0.210011 seconds
Resulting Fitness: 0.365861
-------------
Particle: 6:
Relays Coordinates:
67.0513, 136.575
72.3244, 141.215
94.27, 141.215
Evaluation Time: 0.169779 seconds
Resulting Fitness: 0.204806
-------------
Particle: 7:
Relays Coordinates:
216.141, 159.13
96.8106, 84.0894
220.802, 278.183
Evaluation Time: 0.122983 seconds
Resulting Fitness: 0.359667
New local best!
-------------
Particle: 8:
Relays Coordinates:
222.284, 157.568
98.7039, 87.4129
264.487, 263.547
Evaluation Time: 0.0599178 seconds
Resulting Fitness: 0.365722
-------------
Particle: 9:
Relays Coordinates:
239.806, 139.271
130.357, 73.5621
372.905, 194.932
Evaluation Time: 0.0706285 seconds
Resulting Fitness: 0.369806
New local best!
-------------
Particle: 10:
Relays Coordinates:
231.063, 175.476
105.733, 98.2841
139.677, 266.507
Evaluation Time: 0.0761563 seconds
Resulting Fitness: 0.332472
New local best!
-------------
Particle: 11:
Relays Coordinates:
209.868, 138.549
99.1881, 79.6385
251.848, 272.677
Evaluation Time: 0.069994 seconds
Resulting Fitness: 0.357583
-------------
Particle: 12:
Relays Coordinates:
231.665, 165.578
107.343, 85.9604
316.469, 281.97
Evaluation Time: 0.0704422 seconds
Resulting Fitness: 0.373194
New local best!
-------------
Particle: 13:
Relays Coordinates:
224.122, 150.018
97.4354, 93.6229
289.286, 276.132
Evaluation Time: 0.111408 seconds
Resulting Fitness: 0.370028
New local best!
-------------
Particle: 14:
Relays Coordinates:
216.759, 157.193
89.9913, 75.874
235.776, 154.994
Evaluation Time: 0.0964308 seconds
Resulting Fitness: 0.297167
-------------
Particle: 15:
Relays Coordinates:
212.949, 144.308
119.879, 72.9942
257.641, 157.126
Evaluation Time: 0.133864 seconds
Resulting Fitness: 0.304611
-------------
Particle: 16:
Relays Coordinates:
174.339, 159.475
150.422, 132.574
132.023, 71.7566
Evaluation Time: 0.123365 seconds
Resulting Fitness: 0.269194
-------------
Particle: 17:
Relays Coordinates:
142.849, 84.1258
90.4723, 113.809
193.71, 108.855
Evaluation Time: 0.123523 seconds
Resulting Fitness: 0.257
-------------
Particle: 18:
Relays Coordinates:
196.144, 150.585
99.2304, 77.0605
248.586, 290.796
Evaluation Time: 0.125076 seconds
Resulting Fitness: 0.357861
New local best!
-------------
Particle: 19:
Relays Coordinates:
225.518, 156.744
91.6338, 85.8146
251.896, 260.124
Evaluation Time: 0.186495 seconds
Resulting Fitness: 0.355528
-------------
Particle: 20:
Relays Coordinates:
192.243, 157.155
104.282, 74.1628
248.439, 295.245
Evaluation Time: 0.119081 seconds
Resulting Fitness: 0.354556
Current global best fitness: 0.376889
Current global best relays: 228.211, 158.163
101.863, 84.9661
267.889, 284.115
Particle 1 new velocities: 126.68, 126.569
120.02, 250.972
244.516, 245.806
Particle 2 new velocities: 31.9726, 32.7166
44.0731, -5.46846
16.0391, 61.1074
Particle 3 new velocities: 163.863, 123.981
74.928, 63.3663
178.137, 197.854
Particle 4 new velocities: 70.0643, 44.7895
40.9006, 22.467
79.4704, 88.3668
Particle 5 new velocities: 86.4976, 69.9172
42.9147, 37.9707
114.411, 122.055
Particle 6 new velocities: 243.393, 317.575
172.538, 183.458
289.48, 66.956
Particle 7 new velocities: 129.696, 105.534
59.4526, 43.2767
155.74, 152.007
Particle 8 new velocities: 144.595, 92.3847
76.5954, 45.5163
162.086, 202.121
Particle 9 new velocities: 122.546, 25.4986
7.41355, 15.3871
67.7082, 40.3912
Particle 10 new velocities: 120.206, 87.1305
64.459, 36.4849
138.473, 176.489
Particle 11 new velocities: 122.607, 99.1632
47.8499, 46.1408
165.111, 140.455
Particle 12 new velocities: 101.225, 76.8612
41.4005, 35.4194
184.148, 143.275
Particle 13 new velocities: 63.7352, 58.7754
37.8535, 18.3534
67.6751, 112.2
Particle 14 new velocities: 177.644, 105.269
82.7468, 42.9588
151.66, 196.752
Particle 15 new velocities: 108.809, 78.3572
64.0101, 44.1143
164.856, 233.4
Particle 16 new velocities: 106.621, 292.691
250.411, 151.179
165.609, 292.379
Particle 17 new velocities: 230.565, 172.846
160.862, 160.571
80.4593, 126.931
Particle 18 new velocities: 126.589, 114.42
56.6381, 59.0268
167.995, 185.616
Particle 19 new velocities: 125.742, 88.8526
56.8795, 59.7372
148.556, 169.336
Particle 20 new velocities: 123.744, 85.3836
56.0813, 47.0734
156.428, -1.4735
-- ITERATION 8 --
-------------
Particle: 1:
Relays Coordinates:
96.1134, 101.708
110.191, 171.653
192.557, 184.565
Evaluation Time: 0.0972642 seconds
Resulting Fitness: 0.278167
-------------
Particle: 2:
Relays Coordinates:
223.491, 164.724
109.658, 70.3542
249.568, 301.737
Evaluation Time: 0.0709079 seconds
Resulting Fitness: 0.363417
-------------
Particle: 3:
Relays Coordinates:
220.162, 150.279
91.2436, 82.3036
234.516, 272.835
Evaluation Time: 0.111508 seconds
Resulting Fitness: 0.363083
-------------
Particle: 4:
Relays Coordinates:
214.181, 134.666
102.421, 60.7459
255.363, 272.619
Evaluation Time: 0.132831 seconds
Resulting Fitness: 0.360056
-------------
Particle: 5:
Relays Coordinates:
233.684, 158.425
104.771, 88.0607
260.694, 280.633
Evaluation Time: 0.204447 seconds
Resulting Fitness: 0.370528
-------------
Particle: 6:
Relays Coordinates:
108.245, 158.352
85.3781, 113.206
133.805, 72.5847
Evaluation Time: 0.20102 seconds
Resulting Fitness: 0.245306
-------------
Particle: 7:
Relays Coordinates:
226.904, 173.647
102.524, 83.5649
247.05, 282.248
Evaluation Time: 0.182899 seconds
Resulting Fitness: 0.36025
New local best!
-------------
Particle: 8:
Relays Coordinates:
240.71, 163.994
115.014, 87.2149
279.875, 305.525
Evaluation Time: 0.146435 seconds
Resulting Fitness: 0.36425
-------------
Particle: 9:
Relays Coordinates:
213.965, 97.2951
81.3519, 52.5236
260.178, 138.956
Evaluation Time: 0.133063 seconds
Resulting Fitness: 0.306
-------------
Particle: 10:
Relays Coordinates:
230.468, 172.296
111.663, 88.422
182.494, 290.649
Evaluation Time: 0.143244 seconds
Resulting Fitness: 0.353667
New local best!
-------------
Particle: 11:
Relays Coordinates:
218.137, 155.963
96.4716, 82.5238
273.567, 271.056
Evaluation Time: 0.137667 seconds
Resulting Fitness: 0.366528
New local best!
-------------
Particle: 12:
Relays Coordinates:
196.568, 143.158
87.8315, 71.6735
295.245, 251.103
Evaluation Time: 0.144206 seconds
Resulting Fitness: 0.358083
-------------
Particle: 13:
Relays Coordinates:
209.848, 152.21
98.6256, 81.6307
260.224, 283.094
Evaluation Time: 0.207376 seconds
Resulting Fitness: 0.36775
-------------
Particle: 14:
Relays Coordinates:
209.602, 139.483
91.8001, 63.1526
205.899, 186.932
Evaluation Time: 0.124368 seconds
Resulting Fitness: 0.287639
-------------
Particle: 15:
Relays Coordinates:
211.105, 146.091
120.649, 76.8349
277.2, 256.224
Evaluation Time: 0.156435 seconds
Resulting Fitness: 0.359861
New local best!
-------------
Particle: 16:
Relays Coordinates:
88.1684, 141.895
125.786, 89.0448
93.4, 114.269
Evaluation Time: 0.0537814 seconds
Resulting Fitness: 0.218806
-------------
Particle: 17:
Relays Coordinates:
144.669, 99.5561
97.372, 106.301
106.219, 91.3482
Evaluation Time: 0.0630244 seconds
Resulting Fitness: 0.209583
-------------
Particle: 18:
Relays Coordinates:
211.745, 173.87
102.265, 89.2868
273.319, 312.574
Evaluation Time: 0.0738185 seconds
Resulting Fitness: 0.366944
New local best!
-------------
Particle: 19:
Relays Coordinates:
230.462, 161.136
97.4396, 95.4966
262.736, 281.769
Evaluation Time: 0.249669 seconds
Resulting Fitness: 0.367528
-------------
Particle: 20:
Relays Coordinates:
230.354, 176.811
116.905, 88.3812
295.148, 214.159
Evaluation Time: 0.230948 seconds
Resulting Fitness: 0.343056
Current global best fitness: 0.376889
Current global best relays: 228.211, 158.163
101.863, 84.9661
267.889, 284.115
Particle 1 new velocities: 245.402, 85.6046
142.127, 257.084
126.652, 253.14
Particle 2 new velocities: 29.3843, 11.5854
28.2765, 6.4327
55.3643, 15.6244
Particle 3 new velocities: 141.343, 113.66
91.9826, 68.6477
204.483, 173.79
Particle 4 new velocities: 78.0434, 80.6308
34.8825, 66.4488
78.0359, 112.398
Particle 5 new velocities: 74.0599, 51.6626
32.2053, 38.4295
126.178, 101.426
Particle 6 new velocities: 308.039, 368.445
149.717, 424.836
259.773, 305.327
Particle 7 new velocities: 104.11, 73.3119
47.4939, 35.0785
140.254, 122.441
Particle 8 new velocities: 110.96, 69.7668
34.3313, 30.5877
116.062, 131.893
Particle 9 new velocities: 112.37, 106.668
20.4829, 58.1184
196.351, 213.92
Particle 10 new velocities: 93.3383, 58.4241
49.1512, 25.4701
145.878, 134.456
Particle 11 new velocities: 102.457, 82.0354
41.6508, 37.4217
127.932, 118.058
Particle 12 new velocities: 95.8893, 71.4354
82.7846, 64.1819
26.6969, 186.866
Particle 13 new velocities: 76.1494, 51.5263
31.2756, 32.8573
99.7287, 79.2735
Particle 14 new velocities: 168.473, 115.774
109.073, 107.664
135.503, 287.539
Particle 15 new velocities: 107.95, 66.4565
47.2036, 37.8151
129.711, 211.011
Particle 16 new velocities: 361.181, 353.449
270.161, 247.004
293.811, 314.953
Particle 17 new velocities: 258.429, 129.428
136.984, 163.045
206.193, 175.077
Particle 18 new velocities: 118.878, 76.7233
45.0589, 46.7805
131.165, 133.958
Particle 19 new velocities: 95.3939, 71.5397
51.3103, 53.6102
148.606, 135.326
Particle 20 new velocities: 81.741, 48.1803
27.5933, 28.3352
68.5506, 122.793
-- ITERATION 9 --
-------------
Particle: 1:
Relays Coordinates:
132.31, 72.5686
97.7529, 166.102
123.668, 169.576
Evaluation Time: 0.278027 seconds
Resulting Fitness: 0.257806
-------------
Particle: 2:
Relays Coordinates:
227.588, 158.678
124.141, 69.1082
274.439, 285.626
Evaluation Time: 0.155883 seconds
Resulting Fitness: 0.381556
New local best!
New global best!
-------------
Particle: 3:
Relays Coordinates:
213.465, 155.853
108.193, 89.1352
259.225, 263.728
Evaluation Time: 0.213424 seconds
Resulting Fitness: 0.367722
-------------
Particle: 4:
Relays Coordinates:
236.702, 174.391
111.216, 103.028
270.053, 311.864
Evaluation Time: 0.160571 seconds
Resulting Fitness: 0.3635
-------------
Particle: 5:
Relays Coordinates:
249.273, 170.171
110.951, 102.457
313.366, 309.468
Evaluation Time: 0.13538 seconds
Resulting Fitness: 0.367583
-------------
Particle: 6:
Relays Coordinates:
117.571, 141.215
66.3979, 141.215
111.158, 106.734
Evaluation Time: 0.0664054 seconds
Resulting Fitness: 0.223611
-------------
Particle: 7:
Relays Coordinates:
217.178, 162.029
98.4269, 77.8419
254.11, 265.516
Evaluation Time: 0.0665329 seconds
Resulting Fitness: 0.358194
-------------
Particle: 8:
Relays Coordinates:
230.731, 153.37
97.9854, 77.2903
259.774, 286.99
Evaluation Time: 0.140704 seconds
Resulting Fitness: 0.370167
-------------
Particle: 9:
Relays Coordinates:
192.698, 120.438
60.1324, 65.333
269.576, 208.37
Evaluation Time: 0.208544 seconds
Resulting Fitness: 0.335833
-------------
Particle: 10:
Relays Coordinates:
236.055, 168.195
117.233, 83.0273
239.383, 309.902
Evaluation Time: 0.133135 seconds
Resulting Fitness: 0.361833
New local best!
-------------
Particle: 11:
Relays Coordinates:
210.342, 156.151
90.6221, 78.6963
263.423, 255.298
Evaluation Time: 0.0894024 seconds
Resulting Fitness: 0.357778
-------------
Particle: 12:
Relays Coordinates:
191.881, 140.795
111.941, 89.1348
211.226, 287.351
Evaluation Time: 0.112172 seconds
Resulting Fitness: 0.346139
-------------
Particle: 13:
Relays Coordinates:
231.658, 165.026
105.22, 92.7353
291.562, 293.518
Evaluation Time: 0.132419 seconds
Resulting Fitness: 0.3685
-------------
Particle: 14:
Relays Coordinates:
200.925, 135.654
106.752, 90.7789
181.435, 252.153
Evaluation Time: 0.123647 seconds
Resulting Fitness: 0.330056
-------------
Particle: 15:
Relays Coordinates:
169.559, 112.956
89.204, 60.9297
216.249, 248.308
Evaluation Time: 0.207448 seconds
Resulting Fitness: 0.330306
-------------
Particle: 16:
Relays Coordinates:
126.909, 139.9
111.827, 94.9101
109.36, 121.225
Evaluation Time: 0.163127 seconds
Resulting Fitness: 0.219889
-------------
Particle: 17:
Relays Coordinates:
173.52, 98.5701
100.883, 115.944
134.483, 114.687
Evaluation Time: 0.171186 seconds
Resulting Fitness: 0.23175
-------------
Particle: 18:
Relays Coordinates:
216.922, 164.414
96.6594, 89.2738
265.381, 292.969
Evaluation Time: 0.195472 seconds
Resulting Fitness: 0.371667
New local best!
-------------
Particle: 19:
Relays Coordinates:
237.549, 169.621
108.439, 108.699
299.869, 304.062
Evaluation Time: 0.144025 seconds
Resulting Fitness: 0.371528
-------------
Particle: 20:
Relays Coordinates:
227.518, 164.018
105.339, 85.0863
265.136, 245.638
Evaluation Time: 0.114599 seconds
Resulting Fitness: 0.354861
Current global best fitness: 0.381556
Current global best relays: 227.588, 158.678
124.141, 69.1082
274.439, 285.626
Particle 1 new velocities: 214.65, 117.235
167.233, 268.255
302.808, 298.576
Particle 2 new velocities: 23.5075, 9.26834
22.6212, 5.14616
44.2915, 12.4995
Particle 3 new velocities: 136.307, 95.5598
96.0001, 51.828
204.195, 203.039
Particle 4 new velocities: 63.0239, 25.2766
39.8958, 35.8576
60.9885, 81.9793
Particle 5 new velocities: 24.683, 24.8276
35.5291, 14.5084
46.3321, 21.7432
Particle 6 new velocities: 246.627, 116.028
179.366, 12.2518
305.652, 448.963
Particle 7 new velocities: 101.015, 74.8255
43.5351, 20.3419
124.898, 110.667
Particle 8 new velocities: 84.0199, 63.7613
44.8396, 21.2274
99.4538, 105.392
Particle 9 new velocities: 128.625, 140.993
65.4939, 52.7324
336.532, 191.483
Particle 10 new velocities: 73.7617, 43.844
40.5476, 17.8912
139.037, 106.181
Particle 11 new velocities: 101.507, 65.8532
50.13, 30.4974
113.126, 133.848
Particle 12 new velocities: 154.205, 71.1199
78.5516, 31.868
171.039, 141.421
Particle 13 new velocities: 55.6884, 35.2641
46.4086, 18.2237
76.127, 28.5097
Particle 14 new velocities: 212.762, 129.698
104.084, 96.2603
188.632, 314.738
Particle 15 new velocities: 163.847, 107.779
96.818, 39.4712
226.853, 204.211
Particle 16 new velocities: 491.214, 328.225
365.268, 270.418
324.262, 441.854
Particle 17 new velocities: 191.922, 94.9203
142.92, 116.477
415.717, 149.132
Particle 18 new velocities: 107.342, 57.6456
38.3976, 32.3392
105.646, 97.9022
Particle 19 new velocities: 63.4651, 55.2303
51.7149, 18.5789
83.9068, 44.3029
Particle 20 new velocities: 60.3356, 60.3906
57.4308, 9.65413
61.9983, 185.485
-- ITERATION 10 --
-------------
Particle: 1:
Relays Coordinates:
134.42, 73.5338
102.661, 168.279
165.226, 181.372
Evaluation Time: 0.168921 seconds
Resulting Fitness: 0.284306
-------------
Particle: 2:
Relays Coordinates:
225.986, 151.152
132.086, 66.8289
286.857, 268.313
Evaluation Time: 0.166063 seconds
Resulting Fitness: 0.373806
-------------
Particle: 3:
Relays Coordinates:
206.537, 148.457
120.574, 83.2374
273.645, 275.621
Evaluation Time: 0.078988 seconds
Resulting Fitness: 0.359444
-------------
Particle: 4:
Relays Coordinates:
218.5, 145.557
110.16, 101.247
241.33, 287.111
Evaluation Time: 0.129234 seconds
Resulting Fitness: 0.36825
New local best!
-------------
Particle: 5:
Relays Coordinates:
221.904, 157.949
118.649, 94.7421
291.356, 268.281
Evaluation Time: 0.184681 seconds
Resulting Fitness: 0.375028
New local best!
-------------
Particle: 6:
Relays Coordinates:
193.55, 136.71
130.609, 81.5584
221.51, 265.721
Evaluation Time: 0.281269 seconds
Resulting Fitness: 0.339639
New local best!
-------------
Particle: 7:
Relays Coordinates:
208.767, 155.401
93.1413, 64.4184
248.667, 246.814
Evaluation Time: 0.25118 seconds
Resulting Fitness: 0.345167
-------------
Particle: 8:
Relays Coordinates:
229.453, 158.289
104.119, 71.8194
261.877, 286.046
Evaluation Time: 0.0699669 seconds
Resulting Fitness: 0.371556
-------------
Particle: 9:
Relays Coordinates:
189.738, 154.373
74.1811, 69.7165
295.245, 236.109
Evaluation Time: 0.0677331 seconds
Resulting Fitness: 0.351167
-------------
Particle: 10:
Relays Coordinates:
203.27, 139.119
103.52, 66.2126
248.282, 272.992
Evaluation Time: 0.055096 seconds
Resulting Fitness: 0.353583
-------------
Particle: 11:
Relays Coordinates:
227.338, 161.841
102.608, 79.6022
274.504, 283.687
Evaluation Time: 0.0560154 seconds
Resulting Fitness: 0.376083
New local best!
-------------
Particle: 12:
Relays Coordinates:
227.067, 139.037
124.982, 79.3899
250.804, 281.318
Evaluation Time: 0.0552903 seconds
Resulting Fitness: 0.368167
-------------
Particle: 13:
Relays Coordinates:
232.751, 162.235
122.819, 89.8768
297.828, 260.842
Evaluation Time: 0.0547681 seconds
Resulting Fitness: 0.375472
New local best!
-------------
Particle: 14:
Relays Coordinates:
219.85, 141.019
112.047, 99.4003
196.669, 265.721
Evaluation Time: 0.0827302 seconds
Resulting Fitness: 0.343861
-------------
Particle: 15:
Relays Coordinates:
196.873, 130.342
109.844, 59.2858
261.648, 267.208
Evaluation Time: 0.0614971 seconds
Resulting Fitness: 0.349
-------------
Particle: 16:
Relays Coordinates:
127.093, 118.991
121.271, 92.8616
110.221, 127.093
Evaluation Time: 0.0767082 seconds
Resulting Fitness: 0.204389
-------------
Particle: 17:
Relays Coordinates:
157.311, 83.2913
104.949, 100.05
215.234, 113.566
Evaluation Time: 0.116739 seconds
Resulting Fitness: 0.260833
-------------
Particle: 18:
Relays Coordinates:
212.749, 145.693
88.6109, 79.7903
243.431, 256.451
Evaluation Time: 0.0570134 seconds
Resulting Fitness: 0.348833
-------------
Particle: 19:
Relays Coordinates:
219.439, 163.916
116.752, 92.7855
279.772, 253.958
Evaluation Time: 0.113494 seconds
Resulting Fitness: 0.36325
-------------
Particle: 20:
Relays Coordinates:
209.845, 163.594
118.659, 69.0658
238.481, 314.289
Evaluation Time: 0.161307 seconds
Resulting Fitness: 0.36375
Current global best fitness: 0.381556
Current global best relays: 227.588, 158.678
124.141, 69.1082
274.439, 285.626
Particle 1 new velocities: 204.795, 117.043
241.215, 220.305
340.003, 259.584
Particle 2 new velocities: 22.6473, 18.958
3.99311, 8.54019
16.4574, 36.207
Particle 3 new velocities: 119.783, 107.917
78.3483, 57.5907
167.324, 200.505
Particle 4 new velocities: 56.3961, 32.615
46.5216, 10.8287
53.3454, 65.1824
Particle 5 new velocities: 24.0303, 20.2896
32.2903, -6.61601
32.3697, 26.362
Particle 6 new velocities: 226.784, 115.854
136.488, -1.36965
291.263, 24.2362
Particle 7 new velocities: 102.415, 75.6988
76.1943, 30.1332
124.835, 161.554
Particle 8 new velocities: 65.5714, 51.274
56.5374, 24.2073
89.607, 83.1601
Particle 9 new velocities: 195.305, 106.216
136.532, 45.0592
78.8669, 170.386
Particle 10 new velocities: 69.433, 48.4256
56.7452, 28.2449
125.483, 119.239
Particle 11 new velocities: 81.4028, 51.3086
45.8468, 16.2066
90.4255, 107.296
Particle 12 new velocities: 129.745, 72.2023
60.5878, 31.0859
249.456, 118.415
Particle 13 new velocities: 42.9166, 24.514
37.7364, -0.225247
32.477, 45.2173
Particle 14 new velocities: 211.863, 116.323
99.3679, 56.2976
215.502, 45.9164
Particle 15 new velocities: 152.889, 95.1995
95.1639, 54.4592
187.132, 172.056
Particle 16 new velocities: 270.71, 424.867
382.646, 237.206
300.798, 11.5343
Particle 17 new velocities: 213.267, 135.428
134.233, 149.589
67.1984, 160.019
Particle 18 new velocities: 90.7128, 84.9165
56.6748, 34.1854
120.659, 113.106
Particle 19 new velocities: 59.0592, 57.7685
41.7973, 16.5478
75.4684, 88.2953
Particle 20 new velocities: 60.394, 55.8333
53.2737, 12.5472
83.2554, 102.321
-- ITERATION 11 --
-------------
Particle: 1:
Relays Coordinates:
131.419, 73.8332
133.225, 150.545
193.71, 170.835
Evaluation Time: 0.205024 seconds
Resulting Fitness: 0.278778
-------------
Particle: 2:
Relays Coordinates:
223.77, 153.099
122.471, 67.8322
272.983, 274.068
Evaluation Time: 0.167619 seconds
Resulting Fitness: 0.372139
-------------
Particle: 3:
Relays Coordinates:
192.689, 151.386
117.462, 83.1576
260.388, 281.148
Evaluation Time: 0.101191 seconds
Resulting Fitness: 0.356722
-------------
Particle: 4:
Relays Coordinates:
200.399, 129.888
114.221, 81.7035
214.818, 256.822
Evaluation Time: 0.0688998 seconds
Resulting Fitness: 0.340194
-------------
Particle: 5:
Relays Coordinates:
199.207, 144.373
122.26, 71.3821
262.217, 238.661
Evaluation Time: 0.110013 seconds
Resulting Fitness: 0.349694
-------------
Particle: 6:
Relays Coordinates:
223.383, 134.223
141.946, 42.6156
265.721, 154.095
Evaluation Time: 0.184621 seconds
Resulting Fitness: 0.302306
-------------
Particle: 7:
Relays Coordinates:
226.851, 168.471
123.446, 68.9281
272.283, 297.7
Evaluation Time: 0.163702 seconds
Resulting Fitness: 0.376694
New local best!
-------------
Particle: 8:
Relays Coordinates:
238.97, 169.746
130.132, 77.7816
284.702, 299.057
Evaluation Time: 0.131165 seconds
Resulting Fitness: 0.367861
-------------
Particle: 9:
Relays Coordinates:
227.364, 153.875
124.424, 67.7739
220.909, 240.032
Evaluation Time: 0.119019 seconds
Resulting Fitness: 0.329528
-------------
Particle: 10:
Relays Coordinates:
178.921, 123.048
105.15, 61.9736
245.227, 257.343
Evaluation Time: 0.105401 seconds
Resulting Fitness: 0.345278
-------------
Particle: 11:
Relays Coordinates:
225.072, 155.386
108.224, 69.8446
266.034, 285.026
Evaluation Time: 0.0951256 seconds
Resulting Fitness: 0.367917
-------------
Particle: 12:
Relays Coordinates:
210.694, 124.735
109.577, 65.2349
295.245, 236.038
Evaluation Time: 0.0846802 seconds
Resulting Fitness: 0.348333
-------------
Particle: 13:
Relays Coordinates:
223.29, 151.267
130.05, 72.6177
267.547, 247.908
Evaluation Time: 0.131165 seconds
Resulting Fitness: 0.361361
-------------
Particle: 14:
Relays Coordinates:
229.43, 136.762
112.355, 82.7443
219.045, 165.617
Evaluation Time: 0.1434 seconds
Resulting Fitness: 0.28175
-------------
Particle: 15:
Relays Coordinates:
229.479, 147.978
134.506, 74.6281
294.444, 288.201
Evaluation Time: 0.15947 seconds
Resulting Fitness: 0.372778
New local best!
-------------
Particle: 16:
Relays Coordinates:
138.706, 174.339
174.339, 115.087
143.313, 48.3364
Evaluation Time: 0.171531 seconds
Resulting Fitness: 0.278667
-------------
Particle: 17:
Relays Coordinates:
159.522, 94.1513
102.96, 107.461
121.578, 117.769
Evaluation Time: 0.0787575 seconds
Resulting Fitness: 0.219611
-------------
Particle: 18:
Relays Coordinates:
221.224, 168.115
105.913, 83.0883
265.422, 269.407
Evaluation Time: 0.0747086 seconds
Resulting Fitness: 0.364111
-------------
Particle: 19:
Relays Coordinates:
203.025, 161.608
115.582, 79.704
258.971, 249.503
Evaluation Time: 0.06822 seconds
Resulting Fitness: 0.356111
-------------
Particle: 20:
Relays Coordinates:
197.004, 159.963
125.339, 59.4958
234.546, 303.709
Evaluation Time: 0.0585913 seconds
Resulting Fitness: 0.359028
Current global best fitness: 0.381556
Current global best relays: 227.588, 158.678
124.141, 69.1082
274.439, 285.626
Particle 1 new velocities: 261.59, 166.486
238.877, 260.93
20.6134, 219.681
Particle 2 new velocities: 21.6669, 22.8009
6.24499, 8.86013
15.4473, 43.5841
Particle 3 new velocities: 124.966, 107.575
68.3725, 42.4892
166.417, 173.111
Particle 4 new velocities: 80.6266, 55.3787
42.1715, 37.3931
118.508, 102.685
Particle 5 new velocities: 57.4817, 54.6375
22.0433, 33.6346
57.5818, 72.707
Particle 6 new velocities: 142.953, 102.707
97.3651, 53.8525
0.00486954, 181.109
Particle 7 new velocities: 82.4598, 52.7956
61.7548, 24.2884
100.761, 119.641
Particle 8 new velocities: 40.65, 32.3642
11.3941, 26.9981
50.3038, 24.4662
Particle 9 new velocities: 166.818, 74.8323
111.919, 44.0284
349.937, 140.738
Particle 10 new velocities: 99.6753, 85.4926
51.4463, 38.3883
120.017, 111.489
Particle 11 new velocities: 67.4344, 45.0497
40.7677, 14.8748
89.5408, 85.0695
Particle 12 new velocities: 137.217, 111.018
47.66, 54.8713
-2.49793, 156.494
Particle 13 new velocities: 49.7362, 38.9697
21.0079, 5.1956
62.1906, 79.1704
Particle 14 new velocities: 175.277, 133.483
90.1295, 41.2402
185.147, 243.406
Particle 15 new velocities: 120.107, 83.3783
70.0443, 42.9768
136.414, 135.125
Particle 16 new velocities: 411.054, 49.2701
28.0812, 212.163
234.836, 113.378
Particle 17 new velocities: 215.811, 102.688
134.223, 129.189
225.626, 246.077
Particle 18 new velocities: 73.7772, 52.1014
41.5888, 32.0851
101.378, 101.086
Particle 19 new velocities: 102.801, 49.4275
42.6631, 37.7694
114.265, 128.396
Particle 20 new velocities: 103.935, 71.196
41.733, 23.3955
105.774, 75.9124
-- ITERATION 12 --
-------------
Particle: 1:
Relays Coordinates:
123.33, 75.4146
116.769, 129.125
67.257, 122.548
Evaluation Time: 0.0626546 seconds
Resulting Fitness: 0.205639
-------------
Particle: 2:
Relays Coordinates:
245.437, 175.9
128.716, 76.6923
288.43, 317.652
Evaluation Time: 0.0680606 seconds
Resulting Fitness: 0.361833
-------------
Particle: 3:
Relays Coordinates:
208.413, 169.904
121.926, 82.4369
280.027, 298.039
Evaluation Time: 0.0612556 seconds
Resulting Fitness: 0.372611
-------------
Particle: 4:
Relays Coordinates:
204.868, 135.059
114.01, 86.8214
242.995, 262.081
Evaluation Time: 0.0607504 seconds
Resulting Fitness: 0.351222
-------------
Particle: 5:
Relays Coordinates:
207.918, 161.198
116.886, 85.0635
259.037, 252.208
Evaluation Time: 0.0727252 seconds
Resulting Fitness: 0.355222
-------------
Particle: 6:
Relays Coordinates:
216.317, 139.905
141.311, 56.9634
156.908, 197.935
Evaluation Time: 0.0555326 seconds
Resulting Fitness: 0.305028
-------------
Particle: 7:
Relays Coordinates:
225.488, 161.304
135.011, 67.9548
271.949, 304.241
Evaluation Time: 0.0695995 seconds
Resulting Fitness: 0.369306
-------------
Particle: 8:
Relays Coordinates:
226.492, 163.709
114.636, 84.8715
271.355, 262.054
Evaluation Time: 0.05883 seconds
Resulting Fitness: 0.363611
-------------
Particle: 9:
Relays Coordinates:
232.76, 135.049
139.558, 66.0181
295.245, 224.841
Evaluation Time: 0.0921501 seconds
Resulting Fitness: 0.360556
-------------
Particle: 10:
Relays Coordinates:
225.663, 168.918
126.843, 81.2931
295.847, 298.754
Evaluation Time: 0.0921333 seconds
Resulting Fitness: 0.373694
New local best!
-------------
Particle: 11:
Relays Coordinates:
236.93, 162.353
120.683, 68.6227
288.016, 299.778
Evaluation Time: 0.0728761 seconds
Resulting Fitness: 0.370305
-------------
Particle: 12:
Relays Coordinates:
228.264, 154.678
103.163, 78.8016
192.071, 257.541
Evaluation Time: 0.065919 seconds
Resulting Fitness: 0.335944
-------------
Particle: 13:
Relays Coordinates:
245.724, 171.213
135.952, 70.032
296.764, 294.371
Evaluation Time: 0.0562656 seconds
Resulting Fitness: 0.370972
-------------
Particle: 14:
Relays Coordinates:
238.976, 159.577
119.565, 73.2116
238.671, 241.524
Evaluation Time: 0.0698377 seconds
Resulting Fitness: 0.338222
-------------
Particle: 15:
Relays Coordinates:
229.363, 151.793
134.205, 77.1606
282.686, 277.744
Evaluation Time: 0.0576485 seconds
Resulting Fitness: 0.3755
New local best!
-------------
Particle: 16:
Relays Coordinates:
193.71, 86.6308
78.4218, 126.784
146.503, 62.6514
Evaluation Time: 0.0706285 seconds
Resulting Fitness: 0.244611
-------------
Particle: 17:
Relays Coordinates:
161.568, 84.7331
102.1, 101.87
149.46, 156.624
Evaluation Time: 0.0801455 seconds
Resulting Fitness: 0.265028
-------------
Particle: 18:
Relays Coordinates:
238.951, 178.375
119.477, 93.2904
297.108, 300.099
Evaluation Time: 0.0789636 seconds
Resulting Fitness: 0.370417
-------------
Particle: 19:
Relays Coordinates:
222.947, 153.845
115.361, 85.6381
272.089, 275.488
Evaluation Time: 0.0969486 seconds
Resulting Fitness: 0.372528
-------------
Particle: 20:
Relays Coordinates:
219.385, 168.515
121.796, 60.4278
248.093, 276.744
Evaluation Time: 0.121308 seconds
Resulting Fitness: 0.360806
Current global best fitness: 0.381556
Current global best relays: 227.588, 158.678
124.141, 69.1082
274.439, 285.626
Particle 1 new velocities: 202.773, 165.018
260.38, 217.29
307.97, 308.963
Particle 2 new velocities: 3.57596, -0.262193
-4.80166, -10.4117
-10.1477, -27.1386
Particle 3 new velocities: 134.092, 78.3226
50.8117, 50.7327
128.248, 135.484
Particle 4 new velocities: 98.4485, 71.6082
35.6595, 21.2809
132.317, 111.66
Particle 5 new velocities: 69.0558, 42.2694
27.0588, 30.0823
100.814, 106.05
Particle 6 new velocities: 110.423, 97.8931
74.8422, 67.5302
159.339, 290.572
Particle 7 new velocities: 69.3331, 42.0704
17.8471, 21.8319
82.0837, 81.0171
Particle 8 new velocities: 33.9341, 21.3061
9.2144, 4.9412
38.5946, 71.638
Particle 9 new velocities: 136.03, 81.2603
83.1453, 50.2873
81.8311, 152.445
Particle 10 new velocities: 80.552, 63.8088
39.1506, 17.8689
91.9178, 82.9372
Particle 11 new velocities: 47.1033, 31.8252
25.92, 18.5025
39.922, 32.6915
Particle 12 new velocities: 111.713, 100.176
58.6072, 46.1229
126.733, 154.122
Particle 13 new velocities: 19.0692, 9.67225
-17.9591, 29.1721
26.3124, 25.8431
Particle 14 new velocities: 135.649, 125.799
69.9979, 42.3737
138.334, 248.587
Particle 15 new velocities: 94.932, 73.4846
44.9827, 33.9591
107.894, 117.019
Particle 16 new velocities: 37.4621, 177.526
78.9695, 120.311
254.434, 237.286
Particle 17 new velocities: 213.778, 105.179
146.226, 165.387
342.112, 54.9404
Particle 18 new velocities: 17.5315, 10.2424
10.8677, 15.4627
47.3684, 69.9531
Particle 19 new velocities: 85.789, 65.6285
34.4013, 31.004
105.646, 108.431
Particle 20 new velocities: 81.9963, 68.2708
34.9696, 36.7955
105.169, 79.3812
-- ITERATION 13 --
-------------
Particle: 1:
Relays Coordinates:
113.705, 83.8337
131.504, 120.788
130.833, 150.459
Evaluation Time: 0.111967 seconds
Resulting Fitness: 0.241639
-------------
Particle: 2:
Relays Coordinates:
224.111, 158.074
111.523, 59.6525
250.454, 261.462
Evaluation Time: 0.0704626 seconds
Resulting Fitness: 0.357667
-------------
Particle: 3:
Relays Coordinates:
224.718, 162.862
113.333, 87.3725
267.869, 284.435
Evaluation Time: 0.0991725 seconds
Resulting Fitness: 0.375444
New local best!
-------------
Particle: 4:
Relays Coordinates:
245.686, 167.401
121.233, 87.5629
304.003, 302.73
Evaluation Time: 0.0589158 seconds
Resulting Fitness: 0.370111
New local best!
-------------
Particle: 5:
Relays Coordinates:
224.349, 164.809
116.595, 93.2681
291.479, 290.189
Evaluation Time: 0.0601426 seconds
Resulting Fitness: 0.370167
-------------
Particle: 6:
Relays Coordinates:
192.937, 140.417
127.636, 73.5122
186.741, 288.458
Evaluation Time: 0.184493 seconds
Resulting Fitness: 0.343389
New local best!
-------------
Particle: 7:
Relays Coordinates:
238.805, 164.733
123.815, 72.7272
286.767, 312.059
Evaluation Time: 0.21052 seconds
Resulting Fitness: 0.366194
-------------
Particle: 8:
Relays Coordinates:
234.384, 166.514
111.466, 80.8315
278.954, 300.323
Evaluation Time: 0.206995 seconds
Resulting Fitness: 0.368278
-------------
Particle: 9:
Relays Coordinates:
217.767, 127.729
131.504, 68.6772
222.66, 222.783
Evaluation Time: 0.167608 seconds
Resulting Fitness: 0.326861
-------------
Particle: 10:
Relays Coordinates:
223.231, 169.658
121.009, 72.2891
282.681, 278.253
Evaluation Time: 0.191978 seconds
Resulting Fitness: 0.377889
New local best!
-------------
Particle: 11:
Relays Coordinates:
230.067, 157.284
118.749, 70.5714
265.629, 269.3
Evaluation Time: 0.208942 seconds
Resulting Fitness: 0.371917
-------------
Particle: 12:
Relays Coordinates:
223.059, 167.21
106.138, 81.963
209.168, 270.092
Evaluation Time: 0.279876 seconds
Resulting Fitness: 0.346
-------------
Particle: 13:
Relays Coordinates:
238.314, 162.797
106.194, 89.2837
290.769, 288.192
Evaluation Time: 0.206804 seconds
Resulting Fitness: 0.370944
-------------
Particle: 14:
Relays Coordinates:
221.212, 168.512
111.935, 68.252
222.618, 289.406
Evaluation Time: 0.305225 seconds
Resulting Fitness: 0.360111
New local best!
-------------
Particle: 15:
Relays Coordinates:
236.411, 164.227
130.628, 81.0063
284.733, 287.783
Evaluation Time: 0.177875 seconds
Resulting Fitness: 0.369667
-------------
Particle: 16:
Relays Coordinates:
110.569, 126.346
75.2798, 118.185
191.767, 143.459
Evaluation Time: 0.129767 seconds
Resulting Fitness: 0.26625
-------------
Particle: 17:
Relays Coordinates:
145.417, 73.5757
96.2064, 103.541
190.445, 81.9643
Evaluation Time: 0.0580256 seconds
Resulting Fitness: 0.230611
-------------
Particle: 18:
Relays Coordinates:
186.976, 137.502
95.0211, 79.281
251.123, 269.768
Evaluation Time: 0.0536686 seconds
Resulting Fitness: 0.348306
-------------
Particle: 19:
Relays Coordinates:
250.076, 177.774
121.307, 94.4801
305.965, 310.974
Evaluation Time: 0.0785964 seconds
Resulting Fitness: 0.368917
-------------
Particle: 20:
Relays Coordinates:
219.707, 172.617
114.282, 70.8758
257.528, 259.615
Evaluation Time: 0.11189 seconds
Resulting Fitness: 0.35725
Current global best fitness: 0.381556
Current global best relays: 227.588, 158.678
124.141, 69.1082
274.439, 285.626
Particle 1 new velocities: 175.854, 174.914
233.21, 225.083
348.986, 408.209
Particle 2 new velocities: 7.87905, 0.442334
17.2092, 2.0053
55.3792, 25.3819
Particle 3 new velocities: 110.139, 61.0083
47.6506, 28.3803
108.399, 108.478
Particle 4 new velocities: 70.617, 46.4675
32.0907, 1.07869
88.6036, 88.8306
Particle 5 new velocities: 57.7815, 25.7476
29.2596, 13.9014
74.5896, 52.3457
Particle 6 new velocities: 101.68, 93.1038
56.5774, 53.6851
148.46, 231.65
Particle 7 new velocities: 48.3265, 31.2776
14.0715, 13.0979
42.3442, 31.3731
Particle 8 new velocities: 18.4781, -6.33288
13.2838, -4.7299
21.2972, 26.5226
Particle 9 new velocities: 124.209, 81.441
55.7384, 42.143
256.106, 169.054
Particle 10 new velocities: 68.4116, 49.0153
32.6675, 12.6767
66.6981, 68.8798
Particle 11 new velocities: 33.9537, 27.3194
-1.77049, 24.3443
51.4942, 36.1339
Particle 12 new velocities: 99.5445, 72.906
52.1477, 34.0882
298.487, 143.496
Particle 13 new velocities: 6.5892, 5.96329
24.5348, -0.289405
10.1615, 13.8927
Particle 14 new velocities: 110.682, 99.9801
70.6701, 34.5786
142.392, 194.557
Particle 15 new velocities: 69.5475, 49.308
31.1452, 8.34111
80.0518, 77.3032
Particle 16 new velocities: 437.232, 246.697
136.755, 93.1371
144.597, 265.107
Particle 17 new velocities: 181.366, 71.182
151.218, 164.54
413.692, 128.999
Particle 18 new velocities: 60.6603, 67.6334
39.4176, 22.4501
81.0915, 74.1048
Particle 19 new velocities: 18.2328, 41.3282
18.4623, 33.5387
72.2871, 25.1211
Particle 20 new velocities: 69.9701, 58.7669
42.3589, 31.5798
99.7888, 82.2541
-- ITERATION 14 --
-------------
Particle: 1:
Relays Coordinates:
112.181, 100.244
141.298, 133.998
185.892, 193.71
Evaluation Time: 0.112196 seconds
Resulting Fitness: 0.277417
-------------
Particle: 2:
Relays Coordinates:
231.99, 158.516
128.732, 61.6578
305.834, 286.844
Evaluation Time: 0.126612 seconds
Resulting Fitness: 0.373333
-------------
Particle: 3:
Relays Coordinates:
244.111, 163.201
117.357, 84.3838
274.299, 286.433
Evaluation Time: 0.14483 seconds
Resulting Fitness: 0.371028
-------------
Particle: 4:
Relays Coordinates:
230.585, 155.91
111.773, 64.6197
286.21, 285.447
Evaluation Time: 0.110197 seconds
Resulting Fitness: 0.368861
-------------
Particle: 5:
Relays Coordinates:
228.525, 154.351
118.143, 86.8073
296.516, 277.453
Evaluation Time: 0.124852 seconds
Resulting Fitness: 0.374806
-------------
Particle: 6:
Relays Coordinates:
156.571, 124.103
97.8987, 67.5979
178.14, 265.721
Evaluation Time: 0.0720988 seconds
Resulting Fitness: 0.321778
-------------
Particle: 7:
Relays Coordinates:
232.576, 158.769
111.688, 69.5184
266.58, 278.18
Evaluation Time: 0.0600108 seconds
Resulting Fitness: 0.371278
-------------
Particle: 8:
Relays Coordinates:
204.818, 129.747
101.047, 61.6423
243.204, 264.745
Evaluation Time: 0.0562738 seconds
Resulting Fitness: 0.350778
-------------
Particle: 9:
Relays Coordinates:
224.37, 137.236
122.85, 72.7091
314.118, 257.084
Evaluation Time: 0.0642044 seconds
Resulting Fitness: 0.370333
New local best!
-------------
Particle: 10:
Relays Coordinates:
212.607, 159.413
112.03, 61.9401
254.697, 253.06
Evaluation Time: 0.0745105 seconds
Resulting Fitness: 0.3545
-------------
Particle: 11:
Relays Coordinates:
213.857, 149.529
94.7522, 76.8817
256.87, 247.401
Evaluation Time: 0.0666266 seconds
Resulting Fitness: 0.354806
-------------
Particle: 12:
Relays Coordinates:
190.494, 141.786
93.466, 68.527
295.245, 244.219
Evaluation Time: 0.155849 seconds
Resulting Fitness: 0.353555
-------------
Particle: 13:
Relays Coordinates:
220.413, 151.884
117.656, 80.0949
270.837, 271.877
Evaluation Time: 0.215735 seconds
Resulting Fitness: 0.370278
-------------
Particle: 14:
Relays Coordinates:
217.755, 176.157
119.807, 67.4671
239.483, 317.528
Evaluation Time: 0.224221 seconds
Resulting Fitness: 0.367861
New local best!
-------------
Particle: 15:
Relays Coordinates:
247.827, 172.964
131.036, 72.3714
295.476, 295.719
Evaluation Time: 0.14159 seconds
Resulting Fitness: 0.367417
-------------
Particle: 16:
Relays Coordinates:
239.148, 178.425
101.416, 101.075
160.882, 195.416
Evaluation Time: 0.0956639 seconds
Resulting Fitness: 0.304556
-------------
Particle: 17:
Relays Coordinates:
140.669, 62.3134
106.508, 115.4
215.234, 90.8126
Evaluation Time: 0.108838 seconds
Resulting Fitness: 0.26075
-------------
Particle: 18:
Relays Coordinates:
222.872, 184.622
120.995, 91.558
298.993, 309.485
Evaluation Time: 0.181427 seconds
Resulting Fitness: 0.369806
-------------
Particle: 19:
Relays Coordinates:
217.33, 177.472
113.213, 103.695
306.384, 272.237
Evaluation Time: 0.251398 seconds
Resulting Fitness: 0.372833
-------------
Particle: 20:
Relays Coordinates:
234.638, 187.421
126.879, 82.989
289.427, 276.914
Evaluation Time: 0.145949 seconds
Resulting Fitness: 0.358583
Current global best fitness: 0.381556
Current global best relays: 227.588, 158.678
124.141, 69.1082
274.439, 285.626
Particle 1 new velocities: 175.327, 155.382
211.955, 282.202
293.321, 5.04645
Particle 2 new velocities: 1.26964, 0.475952
4.36151, 14.4799
-37.8508, 18.5768
Particle 3 new velocities: 60.9184, 47.9659
38.5974, 12.1849
76.3465, 82.5124
Particle 4 new velocities: 75.1414, 43.644
36.0965, 27.6086
83.3123, 90.3952
Particle 5 new velocities: 38.816, 25.7275
29.9398, -5.79764
41.3401, 40.5215
Particle 6 new velocities: 120.231, 110.399
81.0229, 51.3956
148.316, 29.0498
Particle 7 new velocities: 30.6528, 38.8859
29.148, 10.296
39.8406, 62.0896
Particle 8 new velocities: 46.9133, 9.72238
33.7306, 38.554
66.0249, 40.4767
Particle 9 new velocities: 101.277, 76.3064
45.5454, 29.6431
193.832, 156.567
Particle 10 new velocities: 70.708, 45.9656
46.5377, 21.2772
90.9874, 80.6977
Particle 11 new velocities: 46.4977, 35.6637
10.3099, 14.0325
86.6961, 95.1873
Particle 12 new velocities: 181.353, 75.9712
103.599, 36.0837
9.09975, 144.219
Particle 13 new velocities: 32.6624, 8.95925
29.4458, 0.674835
39.7511, 13.0192
Particle 14 new velocities: 91.3268, 78.5226
59.716, 28.1876
145.028, 131.285
Particle 15 new velocities: 29.8436, 4.83791
20.4768, 9.47813
43.8634, 40.4125
Particle 16 new velocities: 13.0386, 249.78
174.954, 124.959
80.6551, 165.284
Particle 17 new velocities: 161.709, 66.8511
133.081, 180.451
117.18, 181.73
Particle 18 new velocities: 46.0127, 46.714
-5.55212, -4.71227
41.5609, 23.6315
Particle 19 new velocities: 31.7414, 19.0833
16.7699, -10.5257
15.0993, 30.6323
Particle 20 new velocities: 46.4178, 27.5703
28.1918, 7.5183
30.1165, 97.7612
-- ITERATION 15 --
-------------
Particle: 1:
Relays Coordinates:
111.387, 99.0348
136.857, 161.244
185.657, 77.0024
Evaluation Time: 0.107877 seconds
Resulting Fitness: 0.269167
-------------
Particle: 2:
Relays Coordinates:
233.26, 158.992
133.094, 76.1377
267.983, 305.421
Evaluation Time: 0.116825 seconds
Resulting Fitness: 0.368
-------------
Particle: 3:
Relays Coordinates:
247.074, 171.045
126.323, 78.2207
284.023, 298.846
Evaluation Time: 0.12604 seconds
Resulting Fitness: 0.368889
-------------
Particle: 4:
Relays Coordinates:
247.638, 161.639
119.774, 74.7049
299.313, 304.432
Evaluation Time: 0.127378 seconds
Resulting Fitness: 0.372139
New local best!
-------------
Particle: 5:
Relays Coordinates:
240.607, 162.07
133.274, 72.9087
304.07, 286.177
Evaluation Time: 0.123307 seconds
Resulting Fitness: 0.372639
-------------
Particle: 6:
Relays Coordinates:
181.61, 153.857
117.39, 78.0716
214.188, 193.399
Evaluation Time: 0.226873 seconds
Resulting Fitness: 0.299
-------------
Particle: 7:
Relays Coordinates:
236.906, 177.889
126.753, 71.8329
275.778, 306.243
Evaluation Time: 0.150582 seconds
Resulting Fitness: 0.364889
-------------
Particle: 8:
Relays Coordinates:
203.902, 112.97
109.17, 81.159
250.475, 247.229
Evaluation Time: 0.120198 seconds
Resulting Fitness: 0.343639
-------------
Particle: 9:
Relays Coordinates:
173.062, 113.485
89.4922, 54.3942
265.721, 219.831
Evaluation Time: 0.128414 seconds
Resulting Fitness: 0.334611
-------------
Particle: 10:
Relays Coordinates:
229.485, 166.356
128.44, 67.406
280.005, 270.343
Evaluation Time: 0.107188 seconds
Resulting Fitness: 0.375083
-------------
Particle: 11:
Relays Coordinates:
210.887, 150.006
85.1003, 73.6406
278.289, 277.497
Evaluation Time: 0.0765861 seconds
Resulting Fitness: 0.366167
-------------
Particle: 12:
Relays Coordinates:
243.969, 142.87
129.294, 68.6351
199.681, 254.855
Evaluation Time: 0.0756528 seconds
Resulting Fitness: 0.345111
-------------
Particle: 13:
Relays Coordinates:
227.768, 144.759
132.391, 72.6927
279.529, 256.406
Evaluation Time: 0.0907749 seconds
Resulting Fitness: 0.370972
-------------
Particle: 14:
Relays Coordinates:
225.321, 185.662
130.872, 69.7323
280.309, 327.185
Evaluation Time: 0.0674051 seconds
Resulting Fitness: 0.36375
-------------
Particle: 15:
Relays Coordinates:
249.903, 160.021
136.362, 73.6646
305.405, 302.519
Evaluation Time: 0.071357 seconds
Resulting Fitness: 0.373417
-------------
Particle: 16:
Relays Coordinates:
108.558, 184.328
118.968, 97.3
103.974, 155.27
Evaluation Time: 0.102402 seconds
Resulting Fitness: 0.244028
-------------
Particle: 17:
Relays Coordinates:
130.164, 55.6011
103.135, 127.354
143.093, 117.321
Evaluation Time: 0.0680942 seconds
Resulting Fitness: 0.213889
-------------
Particle: 18:
Relays Coordinates:
196.017, 168.644
84.1578, 63.3106
248.264, 242.842
Evaluation Time: 0.0979619 seconds
Resulting Fitness: 0.340417
-------------
Particle: 19:
Relays Coordinates:
224.165, 176.9
116.985, 83.8526
289.335, 272.583
Evaluation Time: 0.129893 seconds
Resulting Fitness: 0.373361
-------------
Particle: 20:
Relays Coordinates:
227.655, 174.143
125.607, 73.3109
258.83, 303.487
Evaluation Time: 0.131409 seconds
Resulting Fitness: 0.371833
New local best!
Current global best fitness: 0.381556
Current global best relays: 227.588, 158.678
124.141, 69.1082
274.439, 285.626
Particle 1 new velocities: 142.877, 165.397
197.621, 333.821
266.554, 48.3634
Particle 2 new velocities: -3.16768, -0.359557
-7.91697, -1.87497
-14.6227, -6.38953
Particle 3 new velocities: 24.9347, 20.6872
21.3263, 14.4692
38.6037, 29.7942
Particle 4 new velocities: 35.483, 34.0438
32.8672, 19.9003
50.6908, 71.2017
Particle 5 new velocities: 14.802, 11.8454
9.18342, -4.33308
32.1433, 24.9353
Particle 6 new velocities: 117.85, 91.0162
86.7278, 38.8577
120.832, 58.2578
Particle 7 new velocities: 10.6534, 7.57748
21.7395, 2.69993
29.9085, 45.1826
Particle 8 new velocities: 74.0717, 105.279
43.3497, 24.9789
85.5921, 113.93
Particle 9 new velocities: 196.008, 94.5086
70.7257, 64.1173
87.6816, 184.712
Particle 10 new velocities: 50.2127, 36.935
26.9339, 21.8365
71.8023, 93.4114
Particle 11 new velocities: 57.0031, 46.3785
32.1623, 14.475
64.153, 85.3661
Particle 12 new velocities: 118.975, 76.7382
69.9428, 31.9637
78.7694, 157.263
Particle 13 new velocities: 28.8962, 31.8637
2.54337, 3.47993
61.5479, 20.687
Particle 14 new velocities: 67.8995, 48.7606
30.2979, 20.6273
55.0473, 64.8446
Particle 15 new velocities: -11.2717, -3.75821
0.673406, 3.68943
-5.02804, 1.9555
Particle 16 new velocities: 199.212, 247.218
252.409, 194.862
105.354, 244.755
Particle 17 new velocities: 136.693, 136.449
155.445, 166.041
257.171, 257.094
Particle 18 new velocities: 76.6353, 28.8225
24.1533, 21.844
70.4463, 55.2143
Particle 19 new velocities: 28.9947, 10.5349
11.757, 23.3281
-4.75102, 32.7567
Particle 20 new velocities: 37.1185, 5.58564
22.4596, 4.70513
40.4184, 56.1287
-- ITERATION 16 --
-------------
Particle: 1:
Relays Coordinates:
98.5069, 102.446
129.584, 191.798
175.196, 48.5693
Evaluation Time: 0.121 seconds
Resulting Fitness: 0.284611
-------------
Particle: 2:
Relays Coordinates:
230.092, 158.633
125.177, 74.2627
253.36, 299.031
Evaluation Time: 0.10789 seconds
Resulting Fitness: 0.3735
-------------
Particle: 3:
Relays Coordinates:
220.327, 155.303
119.596, 75.0788
261.328, 266.198
Evaluation Time: 0.123832 seconds
Resulting Fitness: 0.368111
-------------
Particle: 4:
Relays Coordinates:
206.396, 142.653
111.275, 68.9672
255.153, 273.837
Evaluation Time: 0.262486 seconds
Resulting Fitness: 0.357028
-------------
Particle: 5:
Relays Coordinates:
229.868, 156.524
128.212, 61.718
302.592, 280.001
Evaluation Time: 0.0890761 seconds
Resulting Fitness: 0.377278
New local best!
-------------
Particle: 6:
Relays Coordinates:
196.476, 160.661
133.922, 76.7173
219.807, 165.112
Evaluation Time: 0.114983 seconds
Resulting Fitness: 0.283167
-------------
Particle: 7:
Relays Coordinates:
200.523, 150.228
120.279, 60.3716
247.606, 284.655
Evaluation Time: 0.0737824 seconds
Resulting Fitness: 0.358556
-------------
Particle: 8:
Relays Coordinates:
225.159, 176.782
123.541, 85.9717
272.215, 292.539
Evaluation Time: 0.0510587 seconds
Resulting Fitness: 0.37125
-------------
Particle: 9:
Relays Coordinates:
242.147, 136.465
105.119, 77.7554
231.867, 265.42
Evaluation Time: 0.0380403 seconds
Resulting Fitness: 0.359944
-------------
Particle: 10:
Relays Coordinates:
226.555, 164.666
125.853, 72.2864
284.964, 294.641
Evaluation Time: 0.0512309 seconds
Resulting Fitness: 0.373806
-------------
Particle: 11:
Relays Coordinates:
216.991, 159.072
94.9827, 71.3736
277.378, 293.919
Evaluation Time: 0.0725798 seconds
Resulting Fitness: 0.365194
-------------
Particle: 12:
Relays Coordinates:
238.128, 144.085
130.719, 66.0029
182.691, 270.391
Evaluation Time: 0.115232 seconds
Resulting Fitness: 0.345778
-------------
Particle: 13:
Relays Coordinates:
230.997, 158.96
121.441, 68.5554
306.97, 249.384
Evaluation Time: 0.0862449 seconds
Resulting Fitness: 0.376444
New local best!
-------------
Particle: 14:
Relays Coordinates:
213.758, 170.894
117.493, 65.8722
244.475, 285.79
Evaluation Time: 0.0960143 seconds
Resulting Fitness: 0.3685
New local best!
-------------
Particle: 15:
Relays Coordinates:
214.768, 140.637
123.332, 69.6186
270.339, 274.027
Evaluation Time: 0.124475 seconds
Resulting Fitness: 0.363861
-------------
Particle: 16:
Relays Coordinates:
96.5816, 135.424
116.542, 91.6834
65.6893, 125.532
Evaluation Time: 0.121262 seconds
Resulting Fitness: 0.204
-------------
Particle: 17:
Relays Coordinates:
114.873, 82.6714
111.31, 126.297
172.301, 161.173
Evaluation Time: 0.106107 seconds
Resulting Fitness: 0.261417
-------------
Particle: 18:
Relays Coordinates:
198.764, 143.953
78.9588, 62.0777
232.34, 217.283
Evaluation Time: 0.0794013 seconds
Resulting Fitness: 0.315917
-------------
Particle: 19:
Relays Coordinates:
227.843, 168.692
115.868, 96.4626
256.126, 274.805
Evaluation Time: 0.0910304 seconds
Resulting Fitness: 0.36075
-------------
Particle: 20:
Relays Coordinates:
214.467, 145.58
119.934, 63.193
242.391, 291.289
Evaluation Time: 0.073871 seconds
Resulting Fitness: 0.358667
Current global best fitness: 0.381556
Current global best relays: 227.588, 158.678
124.141, 69.1082
274.439, 285.626
Particle 1 new velocities: 202.581, 181.223
154.024, 343.147
212.602, 182.476
Particle 2 new velocities: -7.41833, -0.16096
-8.34184, -8.62188
48.7628, -14.1831
Particle 3 new velocities: 28.6265, 28.1112
18.6478, 9.94328
49.3272, 44.1806
Particle 4 new velocities: 66.9666, 73.274
32.9257, 21.5521
115.617, 69.8712
Particle 5 new velocities: 11.1968, 10.5006
5.21323, 1.30811
6.67052, 25.6386
Particle 6 new velocities: 117.942, 64.4333
59.4885, 24.8984
120.123, 164.045
Particle 7 new velocities: 37.877, 24.5976
22.2519, 18.4313
79.39, 51.5435
Particle 8 new velocities: 65.6649, 59.0167
32.0655, 2.18392
62.553, 79.667
Particle 9 new velocities: 114.493, 88.4219
84.6392, 50.1791
221.835, 147.587
Particle 10 new velocities: 39.4974, 23.5427
15.7211, 17.0319
53.2591, 40.2806
Particle 11 new velocities: 72.5688, 40.3674
65.8886, 14.6329
45.5761, 61.0018
Particle 12 new velocities: 91.376, 104.643
34.4361, 54.7114
389.867, 155.516
Particle 13 new velocities: 22.7519, 25.1675
5.07507, 3.27134
31.8473, 17.6907
Particle 14 new velocities: 57.5818, 32.783
24.9377, 18.533
77.4173, 51.7562
Particle 15 new velocities: 3.58628, 18.2167
4.86124, 11.9499
12.4685, 12.3128
Particle 16 new velocities: 424.657, 355.566
254.967, 251.881
341.206, 308.714
Particle 17 new velocities: 275.909, 142.475
143.079, 161.72
362.007, 286.806
Particle 18 new velocities: 99.6987, 64.3318
62.0117, 26.4345
71.4094, 186.61
Particle 19 new velocities: 22.6308, 6.18332
5.80263, 17.2071
25.9775, 32.6365
Particle 20 new velocities: 51.8052, 57.1445
30.8734, 12.1508
89.3051, 60.8601
-- ITERATION 17 --
-------------
Particle: 1:
Relays Coordinates:
104.983, 98.9095
98.888, 174.339
135.217, 80.5606
Evaluation Time: 0.088016 seconds
Resulting Fitness: 0.254583
-------------
Particle: 2:
Relays Coordinates:
222.674, 158.472
116.835, 65.6408
302.123, 284.848
Evaluation Time: 0.129969 seconds
Resulting Fitness: 0.371222
-------------
Particle: 3:
Relays Coordinates:
224.058, 165.073
124.419, 76.5198
279.589, 279.341
Evaluation Time: 0.119849 seconds
Resulting Fitness: 0.376972
New local best!
-------------
Particle: 4:
Relays Coordinates:
221.423, 174.9
116.803, 73.3206
300.323, 278.404
Evaluation Time: 0.0785047 seconds
Resulting Fitness: 0.374417
New local best!
-------------
Particle: 5:
Relays Coordinates:
241.065, 167.025
133.425, 63.0261
309.263, 305.64
Evaluation Time: 0.0640082 seconds
Resulting Fitness: 0.370194
-------------
Particle: 6:
Relays Coordinates:
206.289, 147.684
126.897, 66.67
223.028, 215.96
Evaluation Time: 0.1205 seconds
Resulting Fitness: 0.311833
-------------
Particle: 7:
Relays Coordinates:
193.104, 141.609
115.45, 63.8304
264.867, 272.32
Evaluation Time: 0.201545 seconds
Resulting Fitness: 0.351972
-------------
Particle: 8:
Relays Coordinates:
212.011, 171.897
113.437, 64.2654
244.046, 271.338
Evaluation Time: 0.206853 seconds
Resulting Fitness: 0.35425
-------------
Particle: 9:
Relays Coordinates:
233.992, 147.548
124.5, 83.9378
297.674, 270.974
Evaluation Time: 0.209117 seconds
Resulting Fitness: 0.375028
New local best!
-------------
Particle: 10:
Relays Coordinates:
239.447, 169.388
127.417, 80.3865
304.4, 301.43
Evaluation Time: 0.143698 seconds
Resulting Fitness: 0.371583
-------------
Particle: 11:
Relays Coordinates:
234.544, 161.546
130.306, 69.6653
261.593, 287.486
Evaluation Time: 0.157317 seconds
Resulting Fitness: 0.375139
-------------
Particle: 12:
Relays Coordinates:
194.569, 146.871
97.5227, 71.2806
295.245, 251.494
Evaluation Time: 0.140413 seconds
Resulting Fitness: 0.362528
-------------
Particle: 13:
Relays Coordinates:
228.374, 165.715
113.865, 64.6441
304.935, 240.367
Evaluation Time: 0.0838243 seconds
Resulting Fitness: 0.359833
-------------
Particle: 14:
Relays Coordinates:
219.785, 164.978
115.369, 68.3682
260.732, 273.412
Evaluation Time: 0.0566102 seconds
Resulting Fitness: 0.368083
-------------
Particle: 15:
Relays Coordinates:
218.355, 158.853
128.193, 81.5684
282.808, 286.34
Evaluation Time: 0.0542887 seconds
Resulting Fitness: 0.373194
-------------
Particle: 16:
Relays Coordinates:
141.215, 138.67
104.925, 97.0327
114.919, 122.644
Evaluation Time: 0.0643415 seconds
Resulting Fitness: 0.2215
-------------
Particle: 17:
Relays Coordinates:
151.397, 87.2261
98.5556, 111.584
193.71, 173.556
Evaluation Time: 0.0967688 seconds
Resulting Fitness: 0.275861
-------------
Particle: 18:
Relays Coordinates:
217.579, 151.84
102.767, 64.5254
221.433, 294.438
Evaluation Time: 0.0825446 seconds
Resulting Fitness: 0.360444
-------------
Particle: 19:
Relays Coordinates:
225.427, 157.387
109.503, 102.303
253.893, 276.698
Evaluation Time: 0.0916173 seconds
Resulting Fitness: 0.373667
-------------
Particle: 20:
Relays Coordinates:
239.645, 182.452
135.727, 67.8094
298.527, 316.934
Evaluation Time: 0.0677412 seconds
Resulting Fitness: 0.364389
Current global best fitness: 0.381556
Current global best relays: 227.588, 158.678
124.141, 69.1082
274.439, 285.626
Particle 1 new velocities: 172.25, 146.782
149.767, 40.8183
253.698, 332.005
Particle 2 new velocities: 1.70606, 0.217409
2.32065, -1.34379
-8.05564, -10.3411
Particle 3 new velocities: 27.4411, 14.4743
14.9118, 0.207316
36.0796, 41.6129
Particle 4 new velocities: 55.466, 51.4012
28.4341, 12.6645
80.0633, 64.3193
Particle 5 new velocities: -22.0796, 5.89927
-3.47889, 0.964595
-0.550749, -31.9533
Particle 6 new velocities: 85.1247, 61.0396
46.6294, 27.0516
116.599, 291.886
Particle 7 new velocities: 77.5209, 46.4346
30.0992, 14.8855
83.543, 69.8274
Particle 8 new velocities: 84.8005, 26.4765
32.4774, 23.0132
110.076, 74.4825
Particle 9 new velocities: 83.4801, 78.9945
67.684, 21.3147
163.056, 129.014
Particle 10 new velocities: 9.76674, 12.195
6.18603, 5.75082
4.26029, 11.9159
Particle 11 new velocities: 46.9226, 31.072
6.23921, 15.7473
45.2808, 46.63
Particle 12 new velocities: 171.976, 113.133
63.7292, 63.1544
19.2862, 144.473
Particle 13 new velocities: 19.0863, 9.24777
20.5952, 5.21135
23.036, 25.9762
Particle 14 new velocities: 48.1686, 32.1071
24.1383, 12.9647
77.517, 65.1157
Particle 15 new velocities: 16.1947, 13.7385
8.14666, 6.11936
3.46782, 7.07568
Particle 16 new velocities: 224.964, 383.853
353.526, 244.691
319.328, 244.454
Particle 17 new velocities: 268.741, 164.223
140.808, 189.714
164.679, 195.713
Particle 18 new velocities: 87.9941, 68.5604
44.3153, 52.037
86.1913, 142.225
Particle 19 new velocities: 22.9078, 7.00141
19.8641, 13.1594
38.9541, 27.9681
Particle 20 new velocities: 21.8905, 30.2074
9.09197, 12.9129
21.3235, 29.0405
-- ITERATION 18 --
-------------
Particle: 1:
Relays Coordinates:
119.34, 105.762
107.038, 92.6183
167.415, 177.596
Evaluation Time: 0.058671 seconds
Resulting Fitness: 0.265389
-------------
Particle: 2:
Relays Coordinates:
224.38, 158.689
119.156, 64.2971
294.067, 274.507
Evaluation Time: 0.0641757 seconds
Resulting Fitness: 0.375722
-------------
Particle: 3:
Relays Coordinates:
226.349, 161.593
125.398, 69.0544
284.102, 288.859
Evaluation Time: 0.0960155 seconds
Resulting Fitness: 0.378944
New local best!
-------------
Particle: 4:
Relays Coordinates:
201.852, 164.974
105.878, 62.6831
277.302, 249.845
Evaluation Time: 0.151063 seconds
Resulting Fitness: 0.357028
-------------
Particle: 5:
Relays Coordinates:
218.986, 172.924
129.946, 63.9907
308.712, 273.687
Evaluation Time: 0.124397 seconds
Resulting Fitness: 0.376083
-------------
Particle: 6:
Relays Coordinates:
139.382, 99.832
82.9969, 44.8268
162.443, 239.148
Evaluation Time: 0.0956945 seconds
Resulting Fitness: 0.305556
-------------
Particle: 7:
Relays Coordinates:
219.207, 152.315
117.895, 63.7598
282.212, 277.14
Evaluation Time: 0.0868299 seconds
Resulting Fitness: 0.368028
-------------
Particle: 8:
Relays Coordinates:
240.417, 160.683
118.191, 70.6957
286.839, 280.115
Evaluation Time: 0.0983609 seconds
Resulting Fitness: 0.373806
-------------
Particle: 9:
Relays Coordinates:
208.293, 148.635
126.092, 69.0562
302.285, 262.432
Evaluation Time: 0.0766613 seconds
Resulting Fitness: 0.370583
-------------
Particle: 10:
Relays Coordinates:
224.293, 163.425
120.242, 77.5236
277.795, 282.011
Evaluation Time: 0.0737912 seconds
Resulting Fitness: 0.375472
-------------
Particle: 11:
Relays Coordinates:
227.988, 156.02
110.601, 69.1842
248.567, 270.634
Evaluation Time: 0.0918512 seconds
Resulting Fitness: 0.365056
-------------
Particle: 12:
Relays Coordinates:
216.441, 153.53
95.2176, 79.3825
185.728, 233.814
Evaluation Time: 0.0694813 seconds
Resulting Fitness: 0.317806
-------------
Particle: 13:
Relays Coordinates:
247.461, 174.963
134.46, 69.8554
327.971, 266.343
Evaluation Time: 0.0904649 seconds
Resulting Fitness: 0.365972
-------------
Particle: 14:
Relays Coordinates:
217.042, 159.639
113.001, 65.8796
273.982, 274.208
Evaluation Time: 0.0694064 seconds
Resulting Fitness: 0.368861
New local best!
-------------
Particle: 15:
Relays Coordinates:
211.094, 155.333
122.706, 78.919
257.648, 264.074
Evaluation Time: 0.0607598 seconds
Resulting Fitness: 0.364333
-------------
Particle: 16:
Relays Coordinates:
93.0777, 127.093
116.532, 86.8616
110.38, 93.3113
Evaluation Time: 0.0642705 seconds
Resulting Fitness: 0.185556
-------------
Particle: 17:
Relays Coordinates:
162.77, 97.4165
92.7345, 116.729
138.848, 143.062
Evaluation Time: 0.213818 seconds
Resulting Fitness: 0.239278
-------------
Particle: 18:
Relays Coordinates:
200.487, 144.604
96.501, 76.4766
201.832, 286.495
Evaluation Time: 0.171022 seconds
Resulting Fitness: 0.345917
-------------
Particle: 19:
Relays Coordinates:
201.151, 133.155
104.788, 93.5243
237.206, 246.779
Evaluation Time: 0.144482 seconds
Resulting Fitness: 0.342639
-------------
Particle: 20:
Relays Coordinates:
211.844, 172.254
117.303, 65.385
259.079, 280.239
Evaluation Time: 0.1226 seconds
Resulting Fitness: 0.370139
Current global best fitness: 0.381556
Current global best relays: 227.588, 158.678
124.141, 69.1082
274.439, 285.626
Particle 1 new velocities: 162.358, 91.6889
214.923, 195.831
215.331, 324.704
Particle 2 new velocities: 7.88393, 0.147348
9.23164, 5.02513
-27.1068, 3.18421
Particle 3 new velocities: 23.0576, 10.1811
11.0498, 0.181027
27.4405, 30.1136
Particle 4 new velocities: 99.0645, 44.9294
39.4101, 19.9608
102.191, 107.542
Particle 5 new velocities: 6.1922, -6.45931
-10.3372, -0.00156343
-41.6768, -12.2151
Particle 6 new velocities: 201.998, 69.9003
69.5426, 90.2179
180.99, 117.68
Particle 7 new velocities: 70.2072, 47.6258
31.1304, 17.8911
58.185, 96.246
Particle 8 new velocities: 45.3056, 17.3419
22.122, 30.8159
45.5547, 66.7714
Particle 9 new velocities: 78.3344, 66.6914
52.1911, 34.1802
112.769, 115.035
Particle 10 new velocities: 11.5085, 5.13703
8.95067, 1.5877
2.71789, 4.61865
Particle 11 new velocities: 37.2055, 30.5679
7.11665, 16.5645
71.3797, 49.1253
Particle 12 new velocities: 163.049, 95.885
94.5119, 48.3971
201.948, 149.35
Particle 13 new velocities: -14.7358, -26.4877
-14.4129, 3.06866
-2.58378, -0.826081
Particle 14 new velocities: 39.8581, 24.4392
24.8721, 12.2227
62.2516, 62.5332
Particle 15 new velocities: 49.7005, 9.38142
11.636, 2.94247
23.1334, 45.2391
Particle 16 new velocities: 210.748, 87.2714
328.412, 234.686
403.02, 263.946
Particle 17 new velocities: 219.933, 128.006
148.655, 174.385
314.702, -30.2323
Particle 18 new velocities: 103.712, 67.5185
56.4844, 54.6188
164.872, 124.089
Particle 19 new velocities: 61.7722, 74.2224
36.0126, 1.65101
149.959, 59.8413
Particle 20 new velocities: 35.0849, 10.2633
20.0951, 13.5854
23.5362, 60.4342
-- ITERATION 19 --
-------------
Particle: 1:
Relays Coordinates:
121.261, 84.9963
138.594, 124.168
164.76, 215.234
Evaluation Time: 0.157198 seconds
Resulting Fitness: 0.284806
-------------
Particle: 2:
Relays Coordinates:
232.264, 158.836
128.387, 69.3222
266.96, 277.691
Evaluation Time: 0.158717 seconds
Resulting Fitness: 0.374222
-------------
Particle: 3:
Relays Coordinates:
224.466, 154.596
122.803, 62.3119
280.388, 287.075
Evaluation Time: 0.123846 seconds
Resulting Fitness: 0.372333
-------------
Particle: 4:
Relays Coordinates:
219.368, 153.02
105.915, 60.2474
276.65, 260.536
Evaluation Time: 0.131873 seconds
Resulting Fitness: 0.365194
-------------
Particle: 5:
Relays Coordinates:
225.178, 166.465
119.609, 63.9892
267.035, 261.472
Evaluation Time: 0.153603 seconds
Resulting Fitness: 0.355889
-------------
Particle: 6:
Relays Coordinates:
248.867, 123.735
111.201, 98.4476
250.363, 260.128
Evaluation Time: 0.147304 seconds
Resulting Fitness: 0.36525
New local best!
-------------
Particle: 7:
Relays Coordinates:
234.425, 161.952
120.71, 66.1373
275.722, 302.442
Evaluation Time: 0.143664 seconds
Resulting Fitness: 0.370417
-------------
Particle: 8:
Relays Coordinates:
231.435, 144.2
113.653, 82.2244
269.239, 280.978
Evaluation Time: 0.136275 seconds
Resulting Fitness: 0.371472
-------------
Particle: 9:
Relays Coordinates:
208.952, 156.973
129.968, 75.2594
302.574, 275.174
Evaluation Time: 0.120783 seconds
Resulting Fitness: 0.368917
-------------
Particle: 10:
Relays Coordinates:
235.801, 168.562
129.193, 79.1113
280.513, 286.63
Evaluation Time: 0.104444 seconds
Resulting Fitness: 0.371194
-------------
Particle: 11:
Relays Coordinates:
214.806, 151.136
95.3517, 69.4565
259.157, 259.005
Evaluation Time: 0.0790287 seconds
Resulting Fitness: 0.358861
-------------
Particle: 12:
Relays Coordinates:
248.983, 163.641
124.482, 83.8362
254.354, 251.394
Evaluation Time: 0.0785727 seconds
Resulting Fitness: 0.345778
-------------
Particle: 13:
Relays Coordinates:
232.725, 148.475
120.047, 72.9241
325.387, 265.517
Evaluation Time: 0.0760673 seconds
Resulting Fitness: 0.373667
-------------
Particle: 14:
Relays Coordinates:
231.211, 165.671
124.086, 70.2921
302.61, 303.067
Evaluation Time: 0.107157 seconds
Resulting Fitness: 0.375667
New local best!
-------------
Particle: 15:
Relays Coordinates:
234.715, 148.243
120.907, 73.6753
252.703, 278.382
Evaluation Time: 0.16744 seconds
Resulting Fitness: 0.367444
-------------
Particle: 16:
Relays Coordinates:
117.708, 83.0493
172.38, 124.574
193.71, 138.409
Evaluation Time: 0.0519075 seconds
Resulting Fitness: 0.2685
-------------
Particle: 17:
Relays Coordinates:
148.267, 87.3331
93.5193, 112.783
175.714, 43.7127
Evaluation Time: 0.0917099 seconds
Resulting Fitness: 0.216139
-------------
Particle: 18:
Relays Coordinates:
221.761, 154.638
111.526, 95.5685
267.328, 299.316
Evaluation Time: 0.147871 seconds
Resulting Fitness: 0.371111
-------------
Particle: 19:
Relays Coordinates:
236.631, 186.64
126.72, 85.6578
348.449, 275.959
Evaluation Time: 0.176447 seconds
Resulting Fitness: 0.371833
-------------
Particle: 20:
Relays Coordinates:
222.236, 164.266
123.659, 71.0734
254.353, 306.606
Evaluation Time: 0.159942 seconds
Resulting Fitness: 0.371278
Current global best fitness: 0.381556
Current global best relays: 227.588, 158.678
124.141, 69.1082
274.439, 285.626
Particle 1 new velocities: 182.761, 99.475
193.186, 332.89
178.852, 9.92633
Particle 2 new velocities: -6.59126, -0.0637715
-2.22598, 3.80816
-7.3153, 13.3892
Particle 3 new velocities: 21.4401, 23.7014
12.3091, 14.3962
20.0013, 23.9151
Particle 4 new velocities: 87.4625, 45.1961
48.7792, 24.3876
108.057, 101.637
Particle 5 new velocities: 11.5879, -17.5908
4.27099, 6.15562
10.7068, 40.3155
Particle 6 new velocities: 141.388, 77.6394
57.6209, 66.8801
155.988, 124.087
Particle 7 new velocities: 40.9056, 44.1763
27.9758, 16.3954
42.6657, 54.721
Particle 8 new velocities: 31.9067, 33.5188
5.13555, 25.1488
38.5779, 57.6055
Particle 9 new velocities: 80.4592, 41.8353
30.7154, 26.4561
78.6938, 88.8748
Particle 10 new velocities: -10.706, 3.97955
-5.35455, -14.256
-2.422, -9.61903
Particle 11 new velocities: 44.4916, 24.701
7.39296, 20.6318
91.9394, 71.1157
Particle 12 new velocities: 95.1857, 77.7189
54.4032, 35.5381
185.588, 146.83
Particle 13 new velocities: -15.9203, -8.09521
-5.82583, -4.59247
-44.3076, -19.3523
Particle 14 new velocities: 30.8851, 11.4258
19.9255, 8.87175
16.1368, 28.6651
Particle 15 new velocities: 32.522, 19.7363
32.6703, -1.45116
46.6386, 41.7707
Particle 16 new velocities: 391.633, 303.217
257.332, 188.367
7.55516, 228.591
Particle 17 new velocities: 194.766, 125.84
167.377, 125.623
287.532, -42.4712
Particle 18 new velocities: 83.3081, 61.4953
48.3592, 18.0559
132.289, 76.3821
Particle 19 new velocities: 33.9453, 12.4172
19.4906, 12.0505
30.2708, 50.5399
Particle 20 new velocities: 41.1326, 3.56715
19.0921, 12.9669
26.3503, 35.2181
-- ITERATION 20 --
-------------
Particle: 1:
Relays Coordinates:
130.872, 79.4089
142.82, 196.749
147.913, 96.924
Evaluation Time: 0.118375 seconds
Resulting Fitness: 0.279528
-------------
Particle: 2:
Relays Coordinates:
225.673, 158.773
126.161, 73.1303
259.645, 291.08
Evaluation Time: 0.081015 seconds
Resulting Fitness: 0.378806
-------------
Particle: 3:
Relays Coordinates:
221.315, 160.468
121.601, 69.0373
270.351, 279.891
Evaluation Time: 0.176703 seconds
Resulting Fitness: 0.377
-------------
Particle: 4:
Relays Coordinates:
248.533, 160.555
125.302, 68.5544
311.613, 293.36
Evaluation Time: 0.232529 seconds
Resulting Fitness: 0.374944
New local best!
-------------
Particle: 5:
Relays Coordinates:
213.089, 133.987
111.492, 63.1303
249.968, 271.608
Evaluation Time: 0.168479 seconds
Resulting Fitness: 0.356639
-------------
Particle: 6:
Relays Coordinates:
230.441, 118.91
99.6879, 97.6244
239.946, 226.875
Evaluation Time: 0.247695 seconds
Resulting Fitness: 0.339667
-------------
Particle: 7:
Relays Coordinates:
223.018, 166.964
120.436, 66.8515
257.894, 289.302
Evaluation Time: 0.27468 seconds
Resulting Fitness: 0.372306
-------------
Particle: 8:
Relays Coordinates:
237.008, 159.947
106.91, 96.6358
277.035, 304.725
Evaluation Time: 0.148285 seconds
Resulting Fitness: 0.370417
-------------
Particle: 9:
Relays Coordinates:
234.423, 161.034
130.154, 82.3895
308.827, 294.879
Evaluation Time: 0.136225 seconds
Resulting Fitness: 0.374472
-------------
Particle: 10:
Relays Coordinates:
225.095, 172.541
123.839, 64.8553
278.091, 277.011
Evaluation Time: 0.240113 seconds
Resulting Fitness: 0.373639
-------------
Particle: 11:
Relays Coordinates:
210.031, 142.428
83.2231, 72.9715
284.388, 267.398
Evaluation Time: 0.198243 seconds
Resulting Fitness: 0.360361
-------------
Particle: 12:
Relays Coordinates:
225.809, 158.356
117.366, 78.3215
288.646, 261.275
Evaluation Time: 0.230569 seconds
Resulting Fitness: 0.378028
New local best!
-------------
Particle: 13:
Relays Coordinates:
216.805, 140.38
114.221, 68.3316
281.08, 246.165
Evaluation Time: 0.0539473 seconds
Resulting Fitness: 0.358389
-------------
Particle: 14:
Relays Coordinates:
235.886, 159.387
129.61, 71.2474
286.872, 298.559
Evaluation Time: 0.0488248 seconds
Resulting Fitness: 0.373333
-------------
Particle: 15:
Relays Coordinates:
240.514, 151.181
138.22, 65.0018
269.408, 288.137
Evaluation Time: 0.0637734 seconds
Resulting Fitness: 0.373778
-------------
Particle: 16:
Relays Coordinates:
174.339, 134.683
149.832, 109.116
70.1769, 127.965
Evaluation Time: 0.0691349 seconds
Resulting Fitness: 0.254278
-------------
Particle: 17:
Relays Coordinates:
147.664, 91.7642
112.307, 102.626
199.413, 0.534433
Evaluation Time: 0.084342 seconds
Resulting Fitness: 0.216806
-------------
Particle: 18:
Relays Coordinates:
222.395, 157.561
116.557, 82.8322
291.32, 273.884
Evaluation Time: 0.107686 seconds
Resulting Fitness: 0.378306
New local best!
-------------
Particle: 19:
Relays Coordinates:
219.167, 161.236
118.431, 79.1437
306.763, 264.464
Evaluation Time: 0.0630784 seconds
Resulting Fitness: 0.375694
-------------
Particle: 20:
Relays Coordinates:
213.328, 135.945
115.628, 68.0726
227.37, 276.878
Evaluation Time: 0.0705942 seconds
Resulting Fitness: 0.356861
Simulation of the best surrogate solution results: 0.352778
Final Evaluation Time: 52.965 seconds
Final global best fitness: 0.381556
Final global best relays:
227.588, 158.678
124.141, 69.1082
274.439, 285.626
