PSO EXECUTION
============================
Seed: 864365
Particles: 20
Relays: 3
Iterations: 20
Backend: Surrogate
Network Configuration: 2
Area: 500 x 500
Sink: 0, 0
Simulated Relay range: 155
w: 0.8
c1: 1.3
c2: 1.7

Relay Nodes Positions: 
PARTICLE 1: 
67.2545, 68.7725
169.054, 274.259
136.702, 179.994
PARTICLE 2: 
192.93, 156.789
89.3496, 85.8042
240.878, 279.066
PARTICLE 3: 
88.949, 65.4833
25.5696, 7.34448
99.5474, 193.683
PARTICLE 4: 
34.6651, 324.033
17.6967, 153.458
84.8753, 279.22
PARTICLE 5: 
202.434, 31.2469
88.7612, 85.4977
3.50477, 39.8457
PARTICLE 6: 
81.2238, 241.653
123.578, 301.93
19.8347, 139.338
PARTICLE 7: 
171.763, 115.473
110.87, 53.5001
287.233, 48.88
PARTICLE 8: 
254.849, 156.823
135.347, 65.9148
208.242, 239.625
PARTICLE 9: 
97.334, 257.035
60.2896, 136.994
52.0424, 387.278
PARTICLE 10: 
14.6072, 36.6792
24.1189, 172.793
14.9236, 64.4468
PARTICLE 11: 
114.308, 62.9454
204.409, 84.0159
175.726, 73.4039
PARTICLE 12: 
114.195, 68.8828
44.8285, 79.1764
203.482, 27.8067
PARTICLE 13: 
74.4479, 121.278
178.538, 127.936
302.856, 109.689
PARTICLE 14: 
92.1614, 114.716
198.82, 182.757
204.946, 119.343
PARTICLE 15: 
70.3513, 92.8393
167.915, 224.806
204.623, 98.4321
PARTICLE 16: 
286.991, 216.893
196.121, 166.493
68.9864, 106.793
PARTICLE 17: 
138.474, 59.065
118.274, 163.828
246.459, 10.1928
PARTICLE 18: 
120.29, 39.8244
129.567, 82.172
13.5507, 124.057
PARTICLE 19: 
139.958, 7.53287
70.0637, 162.831
98.3098, 104.635
PARTICLE 20: 
240.497, 184.891
98.0826, 93.2225
182.471, 111.04
Nodes Positions: 
340.941, 320.921
136.972, 406.758
294.487, 93.4682
283.875, 394.714
383.552, 469.634
444.6, 150.742
477.708, 457.739
432.665, 227.009
347.284, 16.1759
56.4057, 84.613
130.385, 222.569
464.578, 349.718
378.327, 33.6746
162.395, 313.584
62.4952, 448.254
263.181, 295.509
276.629, 58.6751
369.943, 201.524
3.63932, 82.8761
400.622, 43.0024
167.946, 410.518
364.658, 136.432
353.825, 26.9107
212.225, 428.05
457.463, 214.542
254.723, 21.6133
474.997, 118.068
439.983, 350.45
219.234, 171.427
48.2754, 488.877
302.952, 460.737
490.268, 482.804
411.069, 147.288
496.614, 252.714
185.59, 380.87
151.438, 132.464
96.3357, 494.02
30.2244, 290.201
198.926, 435.482
106.657, 244.696
118.004, 238.841
179.094, 330.305
314.523, 162.383
36.2019, 115.438
396.757, 100.227
75.9704, 269.386
332.481, 338.088
200.745, 7.89586
239.937, 194.044
15.1343, 419.606
244.634, 360.003
228.589, 175.068
267.876, 190.615
24.7857, 262.767
421.023, 280.513
143.161, 56.6772
324.369, 66.8494
73.2756, 387.819
115.059, 304.733
83.4577, 370.117
All particles start with velocity zero
-- ITERATION 0 --
-------------
Particle: 1:
Relays Coordinates:
67.2545, 68.7725
169.054, 274.259
136.702, 179.994
Evaluation Time: 0.0436496 seconds
Resulting Fitness: 0.330388
New local best!
New global best!
-------------
Particle: 2:
Relays Coordinates:
192.93, 156.789
89.3496, 85.8042
240.878, 279.066
Evaluation Time: 0.0785546 seconds
Resulting Fitness: 0.38048
New local best!
New global best!
-------------
Particle: 3:
Relays Coordinates:
88.949, 65.4833
25.5696, 7.34448
99.5474, 193.683
Evaluation Time: 0.0531355 seconds
Resulting Fitness: 0.250501
New local best!
-------------
Particle: 4:
Relays Coordinates:
34.6651, 324.033
17.6967, 153.458
84.8753, 279.22
Evaluation Time: 0.0979916 seconds
Resulting Fitness: 0.289334
New local best!
-------------
Particle: 5:
Relays Coordinates:
202.434, 31.2469
88.7612, 85.4977
3.50477, 39.8457
Evaluation Time: 0.11085 seconds
Resulting Fitness: 0.244277
New local best!
-------------
Particle: 6:
Relays Coordinates:
81.2238, 241.653
123.578, 301.93
19.8347, 139.338
Evaluation Time: 0.107815 seconds
Resulting Fitness: 0.313675
New local best!
-------------
Particle: 7:
Relays Coordinates:
171.763, 115.473
110.87, 53.5001
287.233, 48.88
Evaluation Time: 0.127611 seconds
Resulting Fitness: 0.31111
New local best!
-------------
Particle: 8:
Relays Coordinates:
254.849, 156.823
135.347, 65.9148
208.242, 239.625
Evaluation Time: 0.0926369 seconds
Resulting Fitness: 0.366368
New local best!
-------------
Particle: 9:
Relays Coordinates:
97.334, 257.035
60.2896, 136.994
52.0424, 387.278
Evaluation Time: 0.0668702 seconds
Resulting Fitness: 0.313972
New local best!
-------------
Particle: 10:
Relays Coordinates:
14.6072, 36.6792
24.1189, 172.793
14.9236, 64.4468
Evaluation Time: 0.0783466 seconds
Resulting Fitness: 0.183976
New local best!
-------------
Particle: 11:
Relays Coordinates:
114.308, 62.9454
204.409, 84.0159
175.726, 73.4039
Evaluation Time: 0.0701979 seconds
Resulting Fitness: 0.291414
New local best!
-------------
Particle: 12:
Relays Coordinates:
114.195, 68.8828
44.8285, 79.1764
203.482, 27.8067
Evaluation Time: 0.0505667 seconds
Resulting Fitness: 0.247467
New local best!
-------------
Particle: 13:
Relays Coordinates:
74.4479, 121.278
178.538, 127.936
302.856, 109.689
Evaluation Time: 0.0638601 seconds
Resulting Fitness: 0.340471
New local best!
-------------
Particle: 14:
Relays Coordinates:
92.1614, 114.716
198.82, 182.757
204.946, 119.343
Evaluation Time: 0.097827 seconds
Resulting Fitness: 0.3125
New local best!
-------------
Particle: 15:
Relays Coordinates:
70.3513, 92.8393
167.915, 224.806
204.623, 98.4321
Evaluation Time: 0.0825159 seconds
Resulting Fitness: 0.327205
New local best!
-------------
Particle: 16:
Relays Coordinates:
286.991, 216.893
196.121, 166.493
68.9864, 106.793
Evaluation Time: 0.0702842 seconds
Resulting Fitness: 0.38107
New local best!
New global best!
-------------
Particle: 17:
Relays Coordinates:
138.474, 59.065
118.274, 163.828
246.459, 10.1928
Evaluation Time: 0.0500876 seconds
Resulting Fitness: 0.318462
New local best!
-------------
Particle: 18:
Relays Coordinates:
120.29, 39.8244
129.567, 82.172
13.5507, 124.057
Evaluation Time: 0.0515437 seconds
Resulting Fitness: 0.227625
New local best!
-------------
Particle: 19:
Relays Coordinates:
139.958, 7.53287
70.0637, 162.831
98.3098, 104.635
Evaluation Time: 0.0457696 seconds
Resulting Fitness: 0.241236
New local best!
-------------
Particle: 20:
Relays Coordinates:
240.497, 184.891
98.0826, 93.2225
182.471, 111.04
Evaluation Time: 0.0445395 seconds
Resulting Fitness: 0.324155
New local best!
Current global best fitness: 0.38107
Current global best relays: 286.991, 216.893
196.121, 166.493
68.9864, 106.793
Particle 1 new velocities: 9.27075, 198.442
21.7072, -133.191
-100.526, -26.3406
Particle 2 new velocities: 32.5143, 93.0261
56.6738, 36.0998
-179.616, -143.461
Particle 3 new velocities: 256.511, 176.677
151.236, 40.9564
-1.61926, -143.91
Particle 4 new velocities: 220.269, -64.7397
236.906, 9.07913
-3.73126, -50.7163
Particle 5 new velocities: 43.6353, 269.17
2.70485, 84.389
48.0619, 21.8093
Particle 6 new velocities: 17.6785, -25.5
101.034, -73.108
1.43757, -38.9625
Particle 7 new velocities: 125.884, 123.007
48.5115, 121.671
-253.738, 3.92822
Particle 8 new velocities: 50.1205, 50.8254
82.9871, 162.573
-18.9761, -157.511
Particle 9 new velocities: 313.085, -43.0508
106.412, 34.0158
12.3149, -97.5985
Particle 10 new velocities: 462.333, 31.1199
266.636, -3.09794
5.35082, 65.8073
Particle 11 new velocities: 244.689, 109.396
-1.43553, 10.5226
-174.662, 55.6074
Particle 12 new velocities: 224.123, 37.4134
173.098, 56.3214
-45.7142, 99.3317
Particle 13 new velocities: 108.545, 50.8136
27.2412, 38.6702
-6.40922, -1.74688
Particle 14 new velocities: 315.273, 122.729
-4.55437, -11.2741
-177.747, -7.73256
Particle 15 new velocities: 243.129, 143.969
18.2953, -89.0888
-37.0987, 13.2422
Particle 16 new velocities: 0, 0
0, 0
0, 0
Particle 17 new velocities: 228.262, 71.496
103.708, 2.49002
-80.3266, 27.8029
Particle 18 new velocities: 1.58722, 134.649
62.4493, 46.5983
16.3605, -28.5086
Particle 19 new velocities: 38.4425, 177.198
153.428, 2.64365
-7.47611, 2.29535
Particle 20 new velocities: 67.8935, 39.5954
13.8129, 105.686
-106.312, -5.65139
-- ITERATION 1 --
-------------
Particle: 1:
Relays Coordinates:
68.8727, 240.494
171.685, 126.961
32.558, 138.288
Evaluation Time: 0.0499112 seconds
Resulting Fitness: 0.287673
-------------
Particle: 2:
Relays Coordinates:
225.444, 249.815
146.023, 121.904
61.2626, 135.605
Evaluation Time: 0.0574722 seconds
Resulting Fitness: 0.350704
-------------
Particle: 3:
Relays Coordinates:
203.991, 142.993
104.402, 28.5212
57.8256, 29.3905
Evaluation Time: 0.0506777 seconds
Resulting Fitness: 0.283615
New local best!
-------------
Particle: 4:
Relays Coordinates:
150.536, 153.11
150.34, 95.9768
47.9147, 134.929
Evaluation Time: 0.0496339 seconds
Resulting Fitness: 0.260081
-------------
Particle: 5:
Relays Coordinates:
179.384, 219.004
66.6788, 123.847
37.5921, 44.9465
Evaluation Time: 0.0735515 seconds
Resulting Fitness: 0.290693
New local best!
-------------
Particle: 6:
Relays Coordinates:
98.9023, 216.153
224.613, 228.822
21.2723, 100.375
Evaluation Time: 0.130251 seconds
Resulting Fitness: 0.352896
New local best!
-------------
Particle: 7:
Relays Coordinates:
241.094, 193.169
129.099, 141.889
27.1315, 42.7747
Evaluation Time: 0.112773 seconds
Resulting Fitness: 0.31739
New local best!
-------------
Particle: 8:
Relays Coordinates:
222.323, 151.375
159.165, 166.568
137.975, 59.8616
Evaluation Time: 0.0927163 seconds
Resulting Fitness: 0.314569
-------------
Particle: 9:
Relays Coordinates:
242.348, 126.356
98.4354, 100.98
38.0023, 171.053
Evaluation Time: 0.439479 seconds
Resulting Fitness: 0.322484
New local best!
-------------
Particle: 10:
Relays Coordinates:
253.465, 36.0312
154.519, 90.1829
10.7746, 69.2223
Evaluation Time: 0.175499 seconds
Resulting Fitness: 0.300061
New local best!
-------------
Particle: 11:
Relays Coordinates:
261.709, 125.637
147.968, 68.9186
0.775337, 94.0492
Evaluation Time: 0.203792 seconds
Resulting Fitness: 0.320198
New local best!
-------------
Particle: 12:
Relays Coordinates:
246.634, 77.4899
158.869, 98.7778
115.013, 92.6839
Evaluation Time: 0.168035 seconds
Resulting Fitness: 0.304717
New local best!
-------------
Particle: 13:
Relays Coordinates:
108.055, 101.618
121.51, 98.379
175.049, 63.7389
Evaluation Time: 0.226634 seconds
Resulting Fitness: 0.24423
-------------
Particle: 14:
Relays Coordinates:
267.317, 155.787
127.458, 112.51
17.8451, 73.2276
Evaluation Time: 0.180697 seconds
Resulting Fitness: 0.322359
New local best!
-------------
Particle: 15:
Relays Coordinates:
228.527, 172.633
135.747, 98.9375
122.125, 81.4105
Evaluation Time: 0.125611 seconds
Resulting Fitness: 0.309941
-------------
Particle: 16:
Relays Coordinates:
286.991, 216.893
196.121, 166.493
68.9864, 106.793
Evaluation Time: 0.0786469 seconds
Resulting Fitness: 0.38107
-------------
Particle: 17:
Relays Coordinates:
330.063, 117.505
199.784, 149.687
149.519, 34.1961
Evaluation Time: 0.245045 seconds
Resulting Fitness: 0.350256
New local best!
-------------
Particle: 18:
Relays Coordinates:
121.877, 174.473
192.016, 128.77
29.9112, 95.5482
Evaluation Time: 0.135189 seconds
Resulting Fitness: 0.304672
New local best!
-------------
Particle: 19:
Relays Coordinates:
178.401, 184.731
223.492, 165.475
90.8337, 106.93
Evaluation Time: 0.117982 seconds
Resulting Fitness: 0.316161
New local best!
-------------
Particle: 20:
Relays Coordinates:
224.816, 163.65
81.5718, 145.005
55.5204, 76.8285
Evaluation Time: 0.0919438 seconds
Resulting Fitness: 0.308031
Current global best fitness: 0.38107
Current global best relays: 286.991, 216.893
196.121, 166.493
68.9864, 106.793
Particle 1 new velocities: 71.7481, -56.0423
56.3808, 90.2785
45.9839, -3.67226
Particle 2 new velocities: 1.48453, 12.1093
42.7573, -1.22566
86.9723, -43.2336
Particle 3 new velocities: 265.236, 149.426
207.121, 184.205
17.1871, -47.7786
Particle 4 new velocities: 93.7573, 206.619
171.62, 121.313
33.8597, 81.446
Particle 5 new velocities: 178.542, 212.019
145.632, 79.2523
88.9627, 65.6312
Particle 6 new velocities: 284.527, -20.0894
45.9054, -116.785
61.6501, -30.0688
Particle 7 new velocities: 155.832, 111.473
53.4151, 133.891
-195.564, 65.6102
Particle 8 new velocities: 112.806, 117.081
58.0806, 21.6572
-18.0281, 45.9922
Particle 9 new velocities: 291.986, -7.22144
215.385, 27.3865
44.278, -92.7855
Particle 10 new velocities: 396.532, 30.9188
238.483, 107.145
84.9269, 59.7886
Particle 11 new velocities: 224.36, 187.379
45.4458, 52.0947
-41.1789, 49.7213
Particle 12 new velocities: 226.907, 94.2352
168.016, 99.6465
-87.8588, 93.1324
Particle 13 new velocities: 114.377, 250.267
168.608, 105.858
-13.8681, 48.1831
Particle 14 new velocities: 280.516, 105.833
73.854, 46.0381
-73.7128, 17.2971
Particle 15 new velocities: 164.205, 109.349
140.423, 0.783022
-56.8457, 43.1269
Particle 16 new velocities: 0, 0
0, 0
0, 0
Particle 17 new velocities: 147.869, 130.792
80.4256, 17.6955
-75.6509, 87.1306
Particle 18 new velocities: 64.1661, 127.157
52.3092, 73.8663
62.9685, -19.1798
Particle 19 new velocities: 203.044, 142.423
105.729, 3.67552
-23.6264, 1.71887
Particle 20 new velocities: 152.428, 107.925
162.623, 49.5648
52.0241, 79.6962
-- ITERATION 2 --
-------------
Particle: 1:
Relays Coordinates:
126.559, 166.006
205.259, 195.515
70.6877, 121.154
Evaluation Time: 0.0528711 seconds
Resulting Fitness: 0.309712
-------------
Particle: 2:
Relays Coordinates:
183.812, 212.159
152.912, 97.7495
120.07, 74.8211
Evaluation Time: 0.127881 seconds
Resulting Fitness: 0.308671
-------------
Particle: 3:
Relays Coordinates:
224.43, 139.863
149, 101.746
35.8784, 0
Evaluation Time: 0.147456 seconds
Resulting Fitness: 0.301507
New local best!
-------------
Particle: 4:
Relays Coordinates:
160.281, 236.018
211.238, 142.564
53.6522, 141.964
Evaluation Time: 0.0938546 seconds
Resulting Fitness: 0.327839
New local best!
-------------
Particle: 5:
Relays Coordinates:
190.217, 229.063
112.831, 107.936
67.2564, 58.7655
Evaluation Time: 0.120718 seconds
Resulting Fitness: 0.30771
New local best!
-------------
Particle: 6:
Relays Coordinates:
279.52, 142.93
197.208, 81.6747
60.4504, 51.2533
Evaluation Time: 0.0980265 seconds
Resulting Fitness: 0.322844
-------------
Particle: 7:
Relays Coordinates:
234.381, 179.888
107.773, 162.845
0, 64.0001
Evaluation Time: 0.106453 seconds
Resulting Fitness: 0.312817
-------------
Particle: 8:
Relays Coordinates:
301.616, 241.611
195.521, 169.402
107.952, 95.2684
Evaluation Time: 0.07024 seconds
Resulting Fitness: 0.388035
New local best!
New global best!
-------------
Particle: 9:
Relays Coordinates:
295.245, 70.3476
185.308, 75.799
48.5857, 46.216
Evaluation Time: 0.050339 seconds
Resulting Fitness: 0.313555
-------------
Particle: 10:
Relays Coordinates:
239.148, 32.022
187.972, 94.3811
45.7737, 61.7055
Evaluation Time: 0.054324 seconds
Resulting Fitness: 0.298273
-------------
Particle: 11:
Relays Coordinates:
209.237, 134.743
83.2583, 52.0922
0, 61.8885
Evaluation Time: 0.0492563 seconds
Resulting Fitness: 0.288377
-------------
Particle: 12:
Relays Coordinates:
226.493, 82.1356
156.348, 94.9057
12.9877, 88.8754
Evaluation Time: 0.0486064 seconds
Resulting Fitness: 0.306288
New local best!
-------------
Particle: 13:
Relays Coordinates:
162.153, 256.524
211.496, 148.889
117.501, 81.5912
Evaluation Time: 0.0447184 seconds
Resulting Fitness: 0.33827
-------------
Particle: 14:
Relays Coordinates:
239.148, 125.132
96.2869, 75.8332
0, 43.2977
Evaluation Time: 0.0419705 seconds
Resulting Fitness: 0.296816
-------------
Particle: 15:
Relays Coordinates:
257.672, 185.009
181.196, 65.4267
42.8297, 81.709
Evaluation Time: 0.0436156 seconds
Resulting Fitness: 0.335902
New local best!
-------------
Particle: 16:
Relays Coordinates:
286.991, 216.893
196.121, 166.493
68.9864, 106.793
Evaluation Time: 0.03824 seconds
Resulting Fitness: 0.38107
-------------
Particle: 17:
Relays Coordinates:
313.571, 162.908
183.845, 109.819
48.4648, 79.6025
Evaluation Time: 0.0399501 seconds
Resulting Fitness: 0.355111
New local best!
-------------
Particle: 18:
Relays Coordinates:
135.625, 219.888
178.113, 147.722
67.7093, 55.6726
Evaluation Time: 0.0400971 seconds
Resulting Fitness: 0.304439
-------------
Particle: 19:
Relays Coordinates:
202.715, 173.863
174.962, 89.8936
35.7167, 57.7406
Evaluation Time: 0.0426943 seconds
Resulting Fitness: 0.304483
-------------
Particle: 20:
Relays Coordinates:
305.568, 219.976
197.798, 157.601
87.111, 126.785
Evaluation Time: 0.040847 seconds
Resulting Fitness: 0.388026
New local best!
Current global best fitness: 0.388035
Current global best relays: 301.616, 241.611
195.521, 169.402
107.952, 95.2684
Particle 1 new velocities: 149.666, -63.6282
18.6445, 112.285
62.3953, -14.5879
Particle 2 new velocities: 36.4937, 3.34378
21.9668, 56.6576
123.979, 188.937
Particle 3 new velocities: 270.384, 196.384
181.63, 147.91
33.4706, 22.989
Particle 4 new velocities: 282.931, 173.968
132.506, 114.757
62.6321, 2.13616
Particle 5 new velocities: 281.281, 180.842
136.693, 155.929
139.041, 98.0556
Particle 6 new velocities: 30.2334, 124.004
41.2707, 166.3
124.064, 2.1447
Particle 7 new velocities: 186.154, 92.8865
92.4317, 96.4118
72.5379, 57.8191
Particle 8 new velocities: 90.245, 93.6651
46.4645, 17.3258
-14.4224, 36.7937
Particle 9 new velocities: -53.9607, 174.55
94.4271, 100.214
105.088, -39.0837
Particle 10 new velocities: 45.9551, 97.5981
171.208, 114.989
83.0092, 77.0828
Particle 11 new velocities: 234.245, 147.772
72.4104, 63.1671
142.748, 101.169
Particle 12 new velocities: 222.996, 199.127
186.992, 88.5543
-14.119, 78.9543
Particle 13 new velocities: 130.504, 104.171
81.1649, 101.857
19.0522, 85.9201
Particle 14 new velocities: 31.8305, 267.524
191.376, 235.4
30.7862, 113.291
Particle 15 new velocities: 184.467, 104.119
113.533, 159.084
-13.7129, 49.1943
Particle 16 new velocities: 19.6939, 2.57933
-0.509172, 2.33356
31.7833, -14.4578
Particle 17 new velocities: 106.363, 153.119
66.6649, 88.8759
1.34316, 89.9607
Particle 18 new velocities: 228.619, 98.2712
72.1339, 66.9935
76.9829, 18.9577
Particle 19 new velocities: 146.784, 188.242
127.061, 120.709
60.8056, 48.6817
Particle 20 new velocities: 120.922, 95.7773
128.239, 52.0332
76.2512, 29.7445
-- ITERATION 3 --
-------------
Particle: 1:
Relays Coordinates:
201.368, 74.6335
163.226, 224.386
97.0175, 77.687
Evaluation Time: 0.0385649 seconds
Resulting Fitness: 0.321271
-------------
Particle: 2:
Relays Coordinates:
144.543, 141.391
114.738, 101.307
160.121, 173.051
Evaluation Time: 0.0408502 seconds
Resulting Fitness: 0.272415
-------------
Particle: 3:
Relays Coordinates:
213.001, 144.743
142.326, 107.469
29.8525, 9.89601
Evaluation Time: 0.0440429 seconds
Resulting Fitness: 0.300544
-------------
Particle: 4:
Relays Coordinates:
261.712, 242.092
202.977, 151.945
68.6647, 85.0896
Evaluation Time: 0.0394334 seconds
Resulting Fitness: 0.376395
New local best!
-------------
Particle: 5:
Relays Coordinates:
250.573, 217.84
132.607, 140.228
109.635, 83.3412
Evaluation Time: 0.0378861 seconds
Resulting Fitness: 0.329622
New local best!
-------------
Particle: 6:
Relays Coordinates:
225.81, 194.595
173.851, 180.773
134.511, 38.9271
Evaluation Time: 0.0421086 seconds
Resulting Fitness: 0.32007
-------------
Particle: 7:
Relays Coordinates:
275.913, 178.967
131.354, 170.098
47.5921, 79.9256
Evaluation Time: 0.0421597 seconds
Resulting Fitness: 0.347107
New local best!
-------------
Particle: 8:
Relays Coordinates:
285.667, 244.416
176.408, 136.125
68.1831, 96.2733
Evaluation Time: 0.0424546 seconds
Resulting Fitness: 0.367922
-------------
Particle: 9:
Relays Coordinates:
175.896, 178.53
203.927, 128.313
112.028, 5.19948
Evaluation Time: 0.0440054 seconds
Resulting Fitness: 0.310527
-------------
Particle: 10:
Relays Coordinates:
230.934, 104.992
290.935, 169.589
104.314, 112.419
Evaluation Time: 0.0402689 seconds
Resulting Fitness: 0.360372
New local best!
-------------
Particle: 11:
Relays Coordinates:
212.116, 135.126
74.4559, 55.1282
68.2761, 77.9901
Evaluation Time: 0.0423599 seconds
Resulting Fitness: 0.291212
-------------
Particle: 12:
Relays Coordinates:
193.49, 121.074
147.797, 78.9735
0, 72.2452
Evaluation Time: 0.0465453 seconds
Resulting Fitness: 0.291563
-------------
Particle: 13:
Relays Coordinates:
192.012, 236.652
192.015, 164.514
89.5925, 109.904
Evaluation Time: 0.102125 seconds
Resulting Fitness: 0.333813
-------------
Particle: 14:
Relays Coordinates:
129.608, 187.806
137.588, 148.862
14.725, 74.8958
Evaluation Time: 0.137358 seconds
Resulting Fitness: 0.262637
-------------
Particle: 15:
Relays Coordinates:
234.971, 153.654
156.631, 119.314
15.4739, 69.5674
Evaluation Time: 0.137939 seconds
Resulting Fitness: 0.31567
-------------
Particle: 16:
Relays Coordinates:
306.685, 219.472
195.612, 168.826
100.77, 92.3356
Evaluation Time: 0.117933 seconds
Resulting Fitness: 0.384207
New local best!
-------------
Particle: 17:
Relays Coordinates:
306.132, 230.384
182.622, 144.849
36.31, 123.612
Evaluation Time: 0.0669836 seconds
Resulting Fitness: 0.385516
New local best!
-------------
Particle: 18:
Relays Coordinates:
295.038, 257.709
202.7, 173.92
117.201, 60.4505
Evaluation Time: 0.0504007 seconds
Resulting Fitness: 0.38019
New local best!
-------------
Particle: 19:
Relays Coordinates:
229.307, 237.577
198.157, 138.176
63.3283, 69.8237
Evaluation Time: 0.0636957 seconds
Resulting Fitness: 0.361943
New local best!
-------------
Particle: 20:
Relays Coordinates:
279.82, 207.166
213.913, 137.541
107.182, 102.699
Evaluation Time: 0.129419 seconds
Resulting Fitness: 0.370654
Current global best fitness: 0.388035
Current global best relays: 301.616, 241.611
195.521, 169.402
107.952, 95.2684
Particle 1 new velocities: 207.74, -38.3733
40.299, 125.235
57.9454, 120.867
Particle 2 new velocities: 224.955, 140.95
121.799, 57.6727
109.764, 148.919
Particle 3 new velocities: 347.819, 223.101
192.641, 160.214
96.0653, 22.5765
Particle 4 new velocities: 239.211, 138.931
100.399, 103.417
64.9007, 4.58083
Particle 5 new velocities: 263.536, 153.775
142.327, 145.362
108.971, 80.799
Particle 6 new velocities: 30.0387, 142.087
83.9814, 138.682
-25.2855, 34.8613
Particle 7 new velocities: 185.058, 147.601
85.6519, 77.0088
131.643, 54.9805
Particle 8 new velocities: 100.126, 72.9964
77.6076, 21.6014
39.5286, 27.7988
Particle 9 new velocities: 35.887, 133.987
-25.3813, 102.686
-6.9391, 133.399
Particle 10 new velocities: 127.696, 250.586
130.695, 91.6957
69.0473, 60.8038
Particle 11 new velocities: 313.409, 191.263
287.639, 175.144
91.2865, 108.185
Particle 12 new velocities: 269.559, 160.099
227.631, 105.79
176.539, 74.4095
Particle 13 new velocities: 93.9847, -30.6954
62.0273, 56.8065
279.291, 66.1739
Particle 14 new velocities: 239.67, 220.591
175.914, 189.907
138.475, 107.006
Particle 15 new velocities: 174.943, 215.088
136.905, 148.697
11.4391, 61.6252
Particle 16 new velocities: 12.6839, 34.4414
-0.472898, 1.97235
30.8571, -7.39857
Particle 17 new velocities: 78.3227, 134.185
73.352, 72.7194
79.0311, 68.6417
Particle 18 new velocities: 189.932, 77.7028
47.3408, 52.6092
55.3246, 62.0812
Particle 19 new velocities: 169.834, 157.167
97.3254, 146.519
117.54, 66.5636
Particle 20 new velocities: 138.158, 111.485
70.8908, 70.5502
59.1855, 39.0084
-- ITERATION 4 --
-------------
Particle: 1:
Relays Coordinates:
195.675, 17.3431
97.3452, 167.223
74.1182, 94.9679
Evaluation Time: 0.760888 seconds
Resulting Fitness: 0.2612
-------------
Particle: 2:
Relays Coordinates:
196.366, 150.048
125.705, 84.4881
143.428, 171.108
Evaluation Time: 0.120124 seconds
Resulting Fitness: 0.31083
-------------
Particle: 3:
Relays Coordinates:
239.148, 175.939
160.213, 128.032
60.2261, 15.5315
Evaluation Time: 0.100948 seconds
Resulting Fitness: 0.313686
New local best!
-------------
Particle: 4:
Relays Coordinates:
295.245, 224.99
179.141, 150.789
78.8691, 52.9495
Evaluation Time: 0.1018 seconds
Resulting Fitness: 0.376755
New local best!
-------------
Particle: 5:
Relays Coordinates:
265.721, 197.492
146.111, 151.774
116.176, 87.2308
Evaluation Time: 0.130347 seconds
Resulting Fitness: 0.334057
New local best!
-------------
Particle: 6:
Relays Coordinates:
135.969, 178.927
137.023, 169.772
58.0469, 39.2142
Evaluation Time: 0.119138 seconds
Resulting Fitness: 0.258912
-------------
Particle: 7:
Relays Coordinates:
272.199, 192.836
128.14, 145.914
105.837, 79.6607
Evaluation Time: 0.151011 seconds
Resulting Fitness: 0.33484
-------------
Particle: 8:
Relays Coordinates:
281.243, 231.394
185.177, 114.982
78.5218, 90.4485
Evaluation Time: 0.120897 seconds
Resulting Fitness: 0.368054
-------------
Particle: 9:
Relays Coordinates:
171.544, 253.139
144.622, 187.109
85.1223, 112.265
Evaluation Time: 0.0899253 seconds
Resulting Fitness: 0.312626
-------------
Particle: 10:
Relays Coordinates:
211.767, 209.966
248.969, 154.286
102.368, 102.286
Evaluation Time: 0.108043 seconds
Resulting Fitness: 0.338532
-------------
Particle: 11:
Relays Coordinates:
295.245, 192.729
213.813, 135.973
94.2202, 109.935
Evaluation Time: 0.116442 seconds
Resulting Fitness: 0.367444
New local best!
-------------
Particle: 12:
Relays Coordinates:
303.807, 184.478
246.318, 121.223
115.827, 96.2201
Evaluation Time: 0.122223 seconds
Resulting Fitness: 0.366651
New local best!
-------------
Particle: 13:
Relays Coordinates:
123.112, 88.6576
109.357, 95.2713
158.792, 75.7958
Evaluation Time: 0.117666 seconds
Resulting Fitness: 0.241887
-------------
Particle: 14:
Relays Coordinates:
218.055, 241.154
185.12, 200.04
90.4628, 107.411
Evaluation Time: 0.0969714 seconds
Resulting Fitness: 0.342985
New local best!
-------------
Particle: 15:
Relays Coordinates:
196.06, 176.368
140.397, 128.189
12.8724, 62.749
Evaluation Time: 0.0647511 seconds
Resulting Fitness: 0.29581
-------------
Particle: 16:
Relays Coordinates:
287.432, 228.522
175.625, 153.719
118.464, 76.4433
Evaluation Time: 0.0476826 seconds
Resulting Fitness: 0.363302
-------------
Particle: 17:
Relays Coordinates:
252.241, 239.194
167.945, 142.747
75.6753, 126.137
Evaluation Time: 0.0452619 seconds
Resulting Fitness: 0.358908
-------------
Particle: 18:
Relays Coordinates:
286.37, 198.057
147.647, 133.763
101.875, 72.3538
Evaluation Time: 0.0438717 seconds
Resulting Fitness: 0.345238
-------------
Particle: 19:
Relays Coordinates:
261.876, 258.991
193.866, 186.789
118.668, 89.4837
Evaluation Time: 0.0561475 seconds
Resulting Fitness: 0.374778
New local best!
-------------
Particle: 20:
Relays Coordinates:
274.236, 209.067
186.86, 136.529
109.154, 92.9742
Evaluation Time: 0.0478263 seconds
Resulting Fitness: 0.359378
Current global best fitness: 0.388035
Current global best relays: 301.616, 241.611
195.521, 169.402
107.952, 95.2684
Particle 1 new velocities: 238.936, 199.846
71.3683, 138.112
55.3117, 173.658
Particle 2 new velocities: 243.988, 266.883
143.135, 53.307
73.3135, 152.104
Particle 3 new velocities: 37.4608, 242.86
211.363, 189.408
93.6044, 110.293
Particle 4 new velocities: 3.31843, 135.038
102.205, 108.5
60.4659, 17.5161
Particle 5 new velocities: 44.9859, 160.62
143.53, 136.785
74.5643, 72.1953
Particle 6 new velocities: 135.4, 217.817
204.349, 111.289
-21.9687, 62.4429
Particle 7 new velocities: 188.731, 119.834
170.263, 115.492
43.6826, 51.0733
Particle 8 new velocities: 103.012, 77.4384
84.4474, 109.69
95.3014, 31.3438
Particle 9 new velocities: 120.598, 60.1482
41.7903, 17.75
6.01957, 161.518
Particle 10 new velocities: 144.526, 211.084
121.6, 111.481
65.7187, 54.7841
Particle 11 new velocities: 4.58412, 162.458
222.963, 174.977
82.793, 81.1162
Particle 12 new velocities: 214.381, 183.914
139.13, 112.513
137.389, 59.297
Particle 13 new velocities: 155.039, 100.207
125.096, 136.23
260.572, 85.5658
Particle 14 new velocities: 332.796, 176.61
156.45, 148.414
111.752, 74.5706
Particle 15 new velocities: 203.934, 176.153
196.769, 172.311
139.637, 84.768
Particle 16 new velocities: 43.7463, 32.9587
12.1895, 43.1278
-11.5505, 25.0454
Particle 17 new velocities: 162.493, 99.1979
110.712, 68.9972
104.304, 14.7803
Particle 18 new velocities: 161.32, 73.679
113.706, 88.0615
68.2545, 69.6894
Particle 19 new velocities: 169.813, 120.459
78.2361, 112.016
77.0074, 59.0333
Particle 20 new velocities: 154.802, 110.255
78.0886, 82.7959
33.6941, 64.6234
-- ITERATION 5 --
-------------
Particle: 1:
Relays Coordinates:
207.873, 103.881
80.6951, 146.04
61.9059, 128.483
Evaluation Time: 0.0478948 seconds
Resulting Fitness: 0.305178
-------------
Particle: 2:
Relays Coordinates:
210.62, 199.417
128.586, 65.907
103.667, 154.592
Evaluation Time: 0.0455239 seconds
Resulting Fitness: 0.318494
-------------
Particle: 3:
Relays Coordinates:
147.001, 222.567
197.471, 168.701
81.7518, 66.8684
Evaluation Time: 0.047234 seconds
Resulting Fitness: 0.315554
New local best!
-------------
Particle: 4:
Relays Coordinates:
176.299, 212.593
166.132, 153.108
82.2759, 41.6093
Evaluation Time: 0.0505184 seconds
Resulting Fitness: 0.310633
-------------
Particle: 5:
Relays Coordinates:
183.469, 211.461
171.03, 170.391
112.63, 94.1395
Evaluation Time: 0.0479046 seconds
Resulting Fitness: 0.315536
-------------
Particle: 6:
Relays Coordinates:
116.815, 170.785
146.949, 120.987
15.5305, 43.76
Evaluation Time: 0.0457219 seconds
Resulting Fitness: 0.254466
-------------
Particle: 7:
Relays Coordinates:
336.018, 227.937
217.536, 190.566
109, 95.3051
Evaluation Time: 0.0432043 seconds
Resulting Fitness: 0.398029
New local best!
New global best!
-------------
Particle: 8:
Relays Coordinates:
280.122, 225.139
196.556, 163.786
126.717, 88.7866
Evaluation Time: 0.0393944 seconds
Resulting Fitness: 0.374167
-------------
Particle: 9:
Relays Coordinates:
155.256, 166.493
99.067, 108.871
48.4365, 145.499
Evaluation Time: 0.0396195 seconds
Resulting Fitness: 0.264847
-------------
Particle: 10:
Relays Coordinates:
233.764, 276.251
243.13, 174.37
110.282, 103.054
Evaluation Time: 0.0461664 seconds
Resulting Fitness: 0.385788
New local best!
-------------
Particle: 11:
Relays Coordinates:
177.046, 209.735
257.912, 183.613
104.524, 112.814
Evaluation Time: 0.0404668 seconds
Resulting Fitness: 0.343319
-------------
Particle: 12:
Relays Coordinates:
239.148, 176.201
184.359, 111.795
121.112, 74.3834
Evaluation Time: 0.0282953 seconds
Resulting Fitness: 0.318264
-------------
Particle: 13:
Relays Coordinates:
119.735, 81.3001
100.924, 99.6538
180.522, 69.4609
Evaluation Time: 0.0385032 seconds
Resulting Fitness: 0.247855
-------------
Particle: 14:
Relays Coordinates:
265.721, 222.017
181.524, 185.183
107.465, 96.7125
Evaluation Time: 0.0405425 seconds
Resulting Fitness: 0.368152
New local best!
-------------
Particle: 15:
Relays Coordinates:
236.193, 208.16
199.093, 177.442
90.055, 87.1073
Evaluation Time: 0.0424517 seconds
Resulting Fitness: 0.335438
-------------
Particle: 16:
Relays Coordinates:
298.061, 235.333
169.033, 177.162
96.2223, 91.3398
Evaluation Time: 0.044045 seconds
Resulting Fitness: 0.379523
-------------
Particle: 17:
Relays Coordinates:
272.107, 222.019
182.827, 138.925
118.085, 92.4561
Evaluation Time: 0.0526299 seconds
Resulting Fitness: 0.345624
-------------
Particle: 18:
Relays Coordinates:
293.729, 178.286
171.474, 145.539
111.622, 93.1945
Evaluation Time: 0.0486226 seconds
Resulting Fitness: 0.352126
-------------
Particle: 19:
Relays Coordinates:
254.908, 224.062
160.674, 176.441
115.544, 87.6978
Evaluation Time: 0.0481427 seconds
Resulting Fitness: 0.359607
-------------
Particle: 20:
Relays Coordinates:
281.491, 209.507
173.832, 143.899
93.7224, 103.4
Evaluation Time: 0.0506222 seconds
Resulting Fitness: 0.359384
Current global best fitness: 0.398029
Current global best relays: 336.018, 227.937
217.536, 190.566
109, 95.3051
Particle 1 new velocities: 214.567, 302.067
282.261, 343.175
80.8692, 180.576
Particle 2 new velocities: 332.462, 217.729
197.04, 246.238
133.492, 202.69
Particle 3 new velocities: 222.305, 198.154
185.634, 175.627
79.0511, 131.634
Particle 4 new velocities: 152.459, 122.839
134.339, 131.776
68.8223, 55.0596
Particle 5 new velocities: 247.847, 148.52
128.961, 132.076
58.4202, 50.7197
Particle 6 new velocities: 244.174, 290.028
243.379, 269.724
131.635, 185.233
Particle 7 new velocities: 150.985, 95.8676
136.21, 92.394
34.9461, 40.8586
Particle 8 new velocities: 140.516, 65.0445
87.3287, 89.2051
59.8705, 33.3717
Particle 9 new velocities: 172.762, 81.2145
196.279, 99.1315
77.202, 92.4056
Particle 10 new velocities: 204.726, 114.523
65.9684, 91.8686
50.6125, 40.2837
Particle 11 new velocities: 226.572, 133.591
119.582, 125.134
58.2303, 34.5233
Particle 12 new velocities: 175.131, 213.789
213.417, 155.338
108.557, 84.1935
Particle 13 new velocities: 430.364, 206.125
331.969, 187.547
285.704, 116.117
Particle 14 new velocities: 48.6239, 150.621
148.62, 124.414
91.0475, 57.9373
Particle 15 new velocities: 252.845, 141.195
163.829, 124.649
85.5543, 66.8148
Particle 16 new velocities: 43.4652, 8.46233
64.4282, 38.9876
-2.84907, 20.9863
Particle 17 new velocities: 224.321, 94.3275
133.918, 109.146
76.0764, 46.411
Particle 18 new velocities: 132.962, 126.948
193.055, 152.296
54.4745, 58.7124
Particle 19 new velocities: 279.218, 146.575
67.3066, 106.785
61.674, 54.2773
Particle 20 new velocities: 226.99, 126.512
104.417, 91.6846
40.5144, 48.1325
-- ITERATION 6 --
-------------
Particle: 1:
Relays Coordinates:
181.846, 174.747
156.241, 210.591
61.46, 133.04
Evaluation Time: 0.211382 seconds
Resulting Fitness: 0.305016
-------------
Particle: 2:
Relays Coordinates:
174.339, 145.45
113.539, 108.838
82.692, 124.576
Evaluation Time: 0.164083 seconds
Resulting Fitness: 0.282375
-------------
Particle: 3:
Relays Coordinates:
196.265, 223.589
203.598, 182.99
85.4573, 105.492
Evaluation Time: 0.136398 seconds
Resulting Fitness: 0.323931
New local best!
-------------
Particle: 4:
Relays Coordinates:
194.128, 198.069
177.425, 168.221
89.222, 57.082
Evaluation Time: 0.209449 seconds
Resulting Fitness: 0.309978
-------------
Particle: 5:
Relays Coordinates:
282.987, 236.184
196.824, 198.449
112.226, 95.0421
Evaluation Time: 0.196966 seconds
Resulting Fitness: 0.373683
New local best!
-------------
Particle: 6:
Relays Coordinates:
172.66, 220.406
186.693, 186.876
70.3887, 109.527
Evaluation Time: 0.15151 seconds
Resulting Fitness: 0.318234
-------------
Particle: 7:
Relays Coordinates:
287.57, 191.203
208.883, 167.085
84.9985, 80.4033
Evaluation Time: 0.0941087 seconds
Resulting Fitness: 0.366256
-------------
Particle: 8:
Relays Coordinates:
275.98, 190.389
186.257, 165.988
122.42, 80.148
Evaluation Time: 0.111678 seconds
Resulting Fitness: 0.361221
-------------
Particle: 9:
Relays Coordinates:
174.322, 131.642
156.959, 110.541
66.7695, 126.432
Evaluation Time: 0.133463 seconds
Resulting Fitness: 0.271291
-------------
Particle: 10:
Relays Coordinates:
287.693, 256.387
202.8, 174.679
105.563, 94.0437
Evaluation Time: 0.0910697 seconds
Resulting Fitness: 0.380089
-------------
Particle: 11:
Relays Coordinates:
214.499, 182.457
200.616, 164.081
86.4946, 78.3009
Evaluation Time: 0.0661011 seconds
Resulting Fitness: 0.317489
-------------
Particle: 12:
Relays Coordinates:
220.165, 207.256
211.394, 141.966
122.056, 84.2743
Evaluation Time: 0.16238 seconds
Resulting Fitness: 0.326085
-------------
Particle: 13:
Relays Coordinates:
141.215, 81.1774
122.262, 81.1139
131.676, 52.4128
Evaluation Time: 0.189487 seconds
Resulting Fitness: 0.231151
-------------
Particle: 14:
Relays Coordinates:
185.617, 220.039
194.947, 182.814
117.22, 91.3192
Evaluation Time: 0.146455 seconds
Resulting Fitness: 0.325671
-------------
Particle: 15:
Relays Coordinates:
288.772, 206.291
214.302, 178.382
103.696, 90.8895
Evaluation Time: 0.10721 seconds
Resulting Fitness: 0.359886
New local best!
-------------
Particle: 16:
Relays Coordinates:
276.636, 197.474
189.104, 175.081
75.6323, 90.9842
Evaluation Time: 0.0750304 seconds
Resulting Fitness: 0.364093
-------------
Particle: 17:
Relays Coordinates:
293.136, 186.799
187.035, 146.484
114.65, 81.9997
Evaluation Time: 0.0757685 seconds
Resulting Fitness: 0.364293
-------------
Particle: 18:
Relays Coordinates:
251.957, 180.238
215.251, 175.869
98.0781, 89.6995
Evaluation Time: 0.109609 seconds
Resulting Fitness: 0.328413
-------------
Particle: 19:
Relays Coordinates:
265.721, 196.971
121.158, 150.518
94.1811, 75.4514
Evaluation Time: 0.122231 seconds
Resulting Fitness: 0.336211
-------------
Particle: 20:
Relays Coordinates:
295.245, 198.416
164.304, 139.11
79.2655, 89.4783
Evaluation Time: 0.0897564 seconds
Resulting Fitness: 0.363173
Current global best fitness: 0.398029
Current global best relays: 336.018, 227.937
217.536, 190.566
109, 95.3051
Particle 1 new velocities: 197.14, 166.54
242.627, 253.236
210.328, 171.763
Particle 2 new velocities: 56.3758, 279.437
163.978, 256.846
327.652, 301.934
Particle 3 new velocities: 357.485, 162.051
167.348, 141.629
63.3554, 93.2671
Particle 4 new velocities: 345.215, 132.607
156.16, 127.202
59.0048, 80.7087
Particle 5 new velocities: 239.232, 105.11
138.133, 93.6399
44.1417, 40.7199
Particle 6 new velocities: 292.887, 238.511
242.04, 257.564
97.2854, 117.314
Particle 7 new velocities: 244.965, 152.76
125.694, 126.841
47.9157, 75.3776
Particle 8 new velocities: 175.009, 138.044
114.012, 82.6692
19.8132, 52.2034
Particle 9 new velocities: 433.84, 120.342
198.997, 149.535
63.8933, 86.2477
Particle 10 new velocities: 193.058, 81.1803
84.836, 91.7199
47.2998, 39.6634
Particle 11 new velocities: 310.855, 125.442
118.344, 82.5929
78.8978, 77.4458
Particle 12 new velocities: 396.914, 177.34
192.789, 123.605
59.9285, 92.2408
Particle 13 new velocities: 88.5786, 318.724
388.66, 263.305
398.981, 166.987
Particle 14 new velocities: 232.372, 125.693
135.767, 113.974
47.9835, 53.8888
Particle 15 new velocities: 260.973, 124.476
132.722, 116.043
73.7401, 53.5693
Particle 16 new velocities: 128.597, 46.2865
78.8707, 35.9909
81.8715, 20.3889
Particle 17 new velocities: 184.256, 134.915
140.875, 91.7686
-12.6726, 57.0034
Particle 18 new velocities: 217.373, 182.592
151.923, 123.991
56.2174, 36.3113
Particle 19 new velocities: 1.23552, 194.579
194.718, 132.378
76.2013, 72.5204
Particle 20 new velocities: 65.4426, 156.387
133.19, 174.93
77.35, 82.0101
-- ITERATION 7 --
-------------
Particle: 1:
Relays Coordinates:
132.144, 119
139.076, 161.727
94.7666, 106.278
Evaluation Time: 0.0780179 seconds
Resulting Fitness: 0.250989
-------------
Particle: 2:
Relays Coordinates:
72.4008, 133.334
87.0878, 114.755
128.77, 133.843
Evaluation Time: 0.0883172 seconds
Resulting Fitness: 0.240522
-------------
Particle: 3:
Relays Coordinates:
295.245, 227.716
219.04, 191.684
87.8724, 117.365
Evaluation Time: 0.212648 seconds
Resulting Fitness: 0.379259
New local best!
-------------
Particle: 4:
Relays Coordinates:
295.245, 195.261
196.978, 174.444
87.5264, 81.364
Evaluation Time: 0.175369 seconds
Resulting Fitness: 0.376287
-------------
Particle: 5:
Relays Coordinates:
295.245, 201.531
197.789, 172.476
92.3337, 80.1661
Evaluation Time: 0.176281 seconds
Resulting Fitness: 0.376487
New local best!
-------------
Particle: 6:
Relays Coordinates:
200.403, 197.548
184.555, 191.317
72.1782, 97.6476
Evaluation Time: 0.206689 seconds
Resulting Fitness: 0.315398
-------------
Particle: 7:
Relays Coordinates:
295.245, 203.107
197.565, 173.56
78.4845, 91.987
Evaluation Time: 0.144544 seconds
Resulting Fitness: 0.382065
-------------
Particle: 8:
Relays Coordinates:
328.771, 239.428
218.896, 181.271
103.688, 96.4842
Evaluation Time: 0.30548 seconds
Resulting Fitness: 0.390165
New local best!
-------------
Particle: 9:
Relays Coordinates:
295.245, 148.794
210.188, 153.572
77.1551, 125.585
Evaluation Time: 0.278704 seconds
Resulting Fitness: 0.344323
New local best!
-------------
Particle: 10:
Relays Coordinates:
350.467, 246.087
209.686, 194.205
111.437, 97.4725
Evaluation Time: 0.167952 seconds
Resulting Fitness: 0.398643
New local best!
New global best!
-------------
Particle: 11:
Relays Coordinates:
328.05, 202.013
209.27, 161.843
108.514, 102.185
Evaluation Time: 0.12756 seconds
Resulting Fitness: 0.392107
New local best!
-------------
Particle: 12:
Relays Coordinates:
295.245, 227.101
238.666, 156.816
107.46, 104.23
Evaluation Time: 0.191726 seconds
Resulting Fitness: 0.37852
New local best!
-------------
Particle: 13:
Relays Coordinates:
72.1116, 125.493
156.905, 108.082
156.905, 68.8498
Evaluation Time: 0.208834 seconds
Resulting Fitness: 0.250318
-------------
Particle: 14:
Relays Coordinates:
274.243, 226.835
216.981, 194.722
108.39, 95.271
Evaluation Time: 0.204596 seconds
Resulting Fitness: 0.346279
-------------
Particle: 15:
Relays Coordinates:
328.05, 217.016
227.682, 193.173
116.415, 94.7794
Evaluation Time: 0.162545 seconds
Resulting Fitness: 0.388422
New local best!
-------------
Particle: 16:
Relays Coordinates:
295.415, 177.701
195.353, 153.871
114.82, 81.191
Evaluation Time: 0.386634 seconds
Resulting Fitness: 0.369193
-------------
Particle: 17:
Relays Coordinates:
281.895, 189.969
193.628, 140.685
60.2168, 82.0799
Evaluation Time: 0.123469 seconds
Resulting Fitness: 0.364196
-------------
Particle: 18:
Relays Coordinates:
249.421, 192.823
195.131, 159.358
81.999, 66.9673
Evaluation Time: 0.111469 seconds
Resulting Fitness: 0.335551
-------------
Particle: 19:
Relays Coordinates:
175.15, 256.896
207.246, 185.608
111.788, 97.0843
Evaluation Time: 0.141329 seconds
Resulting Fitness: 0.342684
-------------
Particle: 20:
Relays Coordinates:
236.647, 232.786
195.185, 206.041
102.755, 112.514
Evaluation Time: 0.139304 seconds
Resulting Fitness: 0.344838
Current global best fitness: 0.398643
Current global best relays: 350.467, 246.087
209.686, 194.205
111.437, 97.4725
Particle 1 new velocities: 269.583, 299.478
335.611, 368.317
224.073, 131.491
Particle 2 new velocities: 453.473, 356.71
146.743, 269.886
270.229, 345.743
Particle 3 new velocities: 88.9019, 133.984
120.549, 115.446
86.7694, 53.534
Particle 4 new velocities: 90.2558, 163.404
109.496, 103.061
65.2805, 63.9506
Particle 5 new velocities: 84.1231, 115.367
130.379, 81.5162
37.2933, 48.1226
Particle 6 new velocities: 261.007, 260.036
219.846, 251.097
83.857, 95.62
Particle 7 new velocities: 29.0811, 150.942
124.655, 142.086
69.7466, 65.1514
Particle 8 new velocities: 145.671, 120.159
82.4724, 69.9312
21.1863, 42.6626
Particle 9 new velocities: 65.4267, 153.367
158.75, 178.541
92.5682, 62.0034
Particle 10 new velocities: 154.446, 64.9442
67.8688, 73.3759
37.8399, 31.7307
Particle 11 new velocities: 9.02914, 154.056
94.7231, 110.453
67.1837, 56.1217
Particle 12 new velocities: 59.9748, 152.255
150.383, 107.606
54.6439, 69.2222
Particle 13 new velocities: 296.323, 292.296
22.8639, 351.479
47.3682, 214.084
Particle 14 new velocities: 229.384, 114.346
67.3013, 89.3847
37.9069, 46.2274
Particle 15 new velocities: 2.02703, 105.298
103.07, 93.3143
56.3766, 47.3984
Particle 16 new velocities: 156.424, 98.447
69.3878, 97.7308
56.2744, 38.9008
Particle 17 new velocities: 235.357, 196.056
116.806, 81.4364
56.3936, 84.0734
Particle 18 new velocities: 206.347, 238.237
146.243, 149.982
107.044, 47.3125
Particle 19 new velocities: 115.371, 150.669
152.209, 118.006
63.3194, 48.336
Particle 20 new velocities: 163.406, 142.666
126.243, 83.2867
59.7674, 71.8075
-- ITERATION 8 --
-------------
Particle: 1:
Relays Coordinates:
155.638, 162.127
183.903, 193.71
123.525, 92.1167
Evaluation Time: 0.130003 seconds
Resulting Fitness: 0.305065
-------------
Particle: 2:
Relays Coordinates:
156.905, 153.781
73.3786, 120.704
125.21, 150.499
Evaluation Time: 0.153038 seconds
Resulting Fitness: 0.253405
-------------
Particle: 3:
Relays Coordinates:
226.835, 213.581
200.524, 181.357
103.124, 100.914
Evaluation Time: 0.125563 seconds
Resulting Fitness: 0.331486
-------------
Particle: 4:
Relays Coordinates:
281.03, 261.466
223.42, 202.301
111.396, 105.934
Evaluation Time: 0.0939985 seconds
Resulting Fitness: 0.372107
-------------
Particle: 5:
Relays Coordinates:
248.903, 207.916
215.311, 166.644
85.0483, 84.1702
Evaluation Time: 0.161352 seconds
Resulting Fitness: 0.338479
-------------
Particle: 6:
Relays Coordinates:
198.622, 196.975
174.081, 190.445
67.1681, 83.1954
Evaluation Time: 0.207385 seconds
Resulting Fitness: 0.313768
-------------
Particle: 7:
Relays Coordinates:
212.79, 232.292
211.408, 207.096
97.2544, 103.099
Evaluation Time: 0.155389 seconds
Resulting Fitness: 0.335257
-------------
Particle: 8:
Relays Coordinates:
345.869, 262.139
219.697, 183.126
91.0334, 101.438
Evaluation Time: 0.245491 seconds
Resulting Fitness: 0.398202
New local best!
-------------
Particle: 9:
Relays Coordinates:
212.973, 178.423
217.854, 196.11
100.22, 110.769
Evaluation Time: 0.189864 seconds
Resulting Fitness: 0.324762
-------------
Particle: 10:
Relays Coordinates:
328.05, 204.067
182.104, 175.56
97.9404, 84.7702
Evaluation Time: 0.155998 seconds
Resulting Fitness: 0.389975
-------------
Particle: 11:
Relays Coordinates:
199.042, 210.255
179.505, 160.788
103.748, 93.4787
Evaluation Time: 0.11598 seconds
Resulting Fitness: 0.317246
-------------
Particle: 12:
Relays Coordinates:
209.754, 224.006
229.73, 156.139
95.7206, 102.422
Evaluation Time: 0.0965082 seconds
Resulting Fitness: 0.339329
-------------
Particle: 13:
Relays Coordinates:
158.599, 179.845
77.3847, 197.826
87.9331, 121.794
Evaluation Time: 0.0666184 seconds
Resulting Fitness: 0.279393
-------------
Particle: 14:
Relays Coordinates:
328.05, 223.849
186.518, 186.403
95.9854, 92.8371
Evaluation Time: 0.0741198 seconds
Resulting Fitness: 0.389596
New local best!
-------------
Particle: 15:
Relays Coordinates:
216.564, 211.47
217.007, 187.964
113.369, 93.2828
Evaluation Time: 0.10522 seconds
Resulting Fitness: 0.332479
-------------
Particle: 16:
Relays Coordinates:
329.391, 201.312
192.996, 183.418
124.728, 87.5469
Evaluation Time: 0.154161 seconds
Resulting Fitness: 0.389881
New local best!
-------------
Particle: 17:
Relays Coordinates:
295.245, 227.944
183.308, 131.161
68.8573, 98.1119
Evaluation Time: 0.125245 seconds
Resulting Fitness: 0.373962
-------------
Particle: 18:
Relays Coordinates:
269.127, 254.536
201.578, 182.662
111.628, 67.4811
Evaluation Time: 0.0873395 seconds
Resulting Fitness: 0.37262
-------------
Particle: 19:
Relays Coordinates:
171.55, 240.663
212.255, 179.281
103.399, 85.8693
Evaluation Time: 0.0832915 seconds
Resulting Fitness: 0.329291
-------------
Particle: 20:
Relays Coordinates:
236.227, 221.701
189.8, 170.845
95.9681, 108.84
Evaluation Time: 0.048431 seconds
Resulting Fitness: 0.340733
Current global best fitness: 0.398643
Current global best relays: 350.467, 246.087
209.686, 194.205
111.437, 97.4725
Particle 1 new velocities: 482.234, 198.571
260.671, 90.9066
191.652, 150.089
Particle 2 new velocities: 359.599, 391.456
277.209, 284.069
333.192, 259.122
Particle 3 new velocities: 214.857, 128.463
120.001, 106.606
57.7601, 44.7364
Particle 4 new velocities: 182.447, 86.505
79.3978, 30.6419
44.2675, -2.63148
Particle 5 new velocities: 111.712, 103.13
76.9338, 70.5206
65.9994, 58.6157
Particle 6 new velocities: 352.676, 284.53
191.54, 253.955
95.3278, 106.315
Particle 7 new velocities: 228.773, 130.288
105.292, 88.4049
69.8954, 43.0351
Particle 8 new velocities: 116.766, 88.8553
50.3819, 73.8835
28.4943, 31.84
Particle 9 new velocities: 162.467, 169.657
123.254, 93.669
53.994, 37.5549
Particle 10 new velocities: 64.726, 107.113
92.4357, 107.3
43.8904, 46.7059
Particle 11 new velocities: 214.289, 178.26
100.683, 98.6468
64.7911, 55.7565
Particle 12 new velocities: 99.872, 123.641
100.94, 148.44
65.7173, 52.5031
Particle 13 new velocities: 206.94, 284.026
303.305, 212.863
294.369, 129.15
Particle 14 new velocities: 21.1577, 117.949
88.3876, 84.1241
33.5832, 43.4883
Particle 15 new velocities: 320.48, 101.11
80.6536, 78.6643
47.495, 42.8477
Particle 16 new velocities: 136.223, 142.495
56.4777, 82.1003
25.6865, 37.8329
Particle 17 new velocities: 86.5137, 165.021
109.15, 179.884
91.3844, 72.5225
Particle 18 new velocities: 302.511, 182.314
124.736, 115.902
87.6103, 54.9115
Particle 19 new velocities: 315.156, 128.705
117.291, 112.041
71.8353, 47.2041
Particle 20 new velocities: 285.74, 153.695
132.356, 60.6367
46.6879, 71.6179
-- ITERATION 9 --
-------------
Particle: 1:
Relays Coordinates:
193.71, 139.742
172.237, 110.266
122.106, 93.8353
Evaluation Time: 0.0520091 seconds
Resulting Fitness: 0.299554
-------------
Particle: 2:
Relays Coordinates:
141.215, 141.215
99.0163, 114.32
129.466, 115.689
Evaluation Time: 0.0530998 seconds
Resulting Fitness: 0.248796
-------------
Particle: 3:
Relays Coordinates:
289.794, 224.415
210.296, 188.932
105.556, 95.5615
Evaluation Time: 0.0593424 seconds
Resulting Fitness: 0.374478
-------------
Particle: 4:
Relays Coordinates:
337.874, 253.671
220.754, 169.816
113.479, 75.3078
Evaluation Time: 0.0551971 seconds
Resulting Fitness: 0.391476
New local best!
-------------
Particle: 5:
Relays Coordinates:
262.889, 226.753
213.046, 172.893
110.114, 104.091
Evaluation Time: 0.0433941 seconds
Resulting Fitness: 0.354214
-------------
Particle: 6:
Relays Coordinates:
215.234, 207.272
157.388, 191.299
69.9491, 81.5782
Evaluation Time: 0.0337581 seconds
Resulting Fitness: 0.320065
-------------
Particle: 7:
Relays Coordinates:
289.709, 237.889
207.787, 193.878
109.667, 95.8783
Evaluation Time: 0.039083 seconds
Resulting Fitness: 0.37615
-------------
Particle: 8:
Relays Coordinates:
303.534, 230.287
177.199, 168.624
78.4222, 87.4437
Evaluation Time: 0.0332089 seconds
Resulting Fitness: 0.381501
-------------
Particle: 9:
Relays Coordinates:
246.326, 228.375
223.801, 190.124
101.18, 97.3156
Evaluation Time: 0.0382618 seconds
Resulting Fitness: 0.337953
-------------
Particle: 10:
Relays Coordinates:
286.334, 226.851
200.139, 206.205
103.395, 95.8461
Evaluation Time: 0.0373612 seconds
Resulting Fitness: 0.377722
-------------
Particle: 11:
Relays Coordinates:
271.187, 254.905
183.831, 170.215
110.578, 97.9132
Evaluation Time: 0.0312356 seconds
Resulting Fitness: 0.372198
-------------
Particle: 12:
Relays Coordinates:
203.145, 228.091
216.952, 199.834
105.919, 101.646
Evaluation Time: 0.0385359 seconds
Resulting Fitness: 0.330393
-------------
Particle: 13:
Relays Coordinates:
114.71, 145.568
119.464, 128.879
119.971, 78.7486
Evaluation Time: 0.0379009 seconds
Resulting Fitness: 0.246018
-------------
Particle: 14:
Relays Coordinates:
254.572, 249.171
200.406, 197.214
94.4555, 99.3812
Evaluation Time: 0.0384081 seconds
Resulting Fitness: 0.353738
-------------
Particle: 15:
Relays Coordinates:
364.5, 227.871
216.995, 194.372
117.27, 99.2392
Evaluation Time: 0.0387909 seconds
Resulting Fitness: 0.399783
New local best!
New global best!
-------------
Particle: 16:
Relays Coordinates:
305.489, 225.572
163.68, 174.207
98.687, 82.2617
Evaluation Time: 0.0436108 seconds
Resulting Fitness: 0.377433
-------------
Particle: 17:
Relays Coordinates:
250.472, 257.824
191.882, 204.077
105.135, 111.953
Evaluation Time: 0.0316986 seconds
Resulting Fitness: 0.35993
-------------
Particle: 18:
Relays Coordinates:
328.05, 286.618
214.095, 195.888
130.72, 80.3018
Evaluation Time: 0.0383642 seconds
Resulting Fitness: 0.388838
New local best!
-------------
Particle: 19:
Relays Coordinates:
319.328, 242.343
216.215, 191.136
114.971, 87.3095
Evaluation Time: 0.0404141 seconds
Resulting Fitness: 0.390572
New local best!
-------------
Particle: 20:
Relays Coordinates:
328.05, 246.298
211.367, 151.875
93.5966, 118.398
Evaluation Time: 0.0399743 seconds
Resulting Fitness: 0.389962
New local best!
Current global best fitness: 0.399783
Current global best relays: 364.5, 227.871
216.995, 194.372
117.27, 99.2392
Particle 1 new velocities: 123.998, 170.777
210.852, 404.806
154.183, 229.497
Particle 2 new velocities: 381.286, 104.932
243.617, 296.062
385.711, 302.937
Particle 3 new velocities: 238.925, 107.552
110.427, 91.5922
38.6179, 62.7266
Particle 4 new velocities: 161.634, 38.6376
59.1366, 38.2024
35.6998, 6.54004
Particle 5 new velocities: 283.828, 64.3828
57.2789, 69.484
36.0118, 20.4256
Particle 6 new velocities: -0.380366, 267.429
210.794, 210.662
111.962, 128.523
Particle 7 new velocities: 264.804, 88.3548
87.8516, 70.6999
65.5967, 34.6674
Particle 8 new velocities: 169.604, 87.4989
106.824, 79.0688
39.2304, 26.4817
Particle 9 new velocities: 228.247, 88.1383
91.7318, 77.1854
35.5628, 62.9327
Particle 10 new velocities: 141.569, 105.027
83.3458, 68.8623
55.993, 38.498
Particle 11 new velocities: 297.448, 89.7917
104.422, 78.3546
54.4248, 48.1328
Particle 12 new velocities: 368.812, 98.6064
81.8791, 58.9123
68.0137, 42.8993
Particle 13 new velocities: 548.119, 279.158
403.485, 203.484
343.687, 170.65
Particle 14 new velocities: 234.991, 62.8563
82.3708, 59.0587
49.062, 27.6024
Particle 15 new velocities: 0, 80.8877
64.5229, 62.9314
37.996, 34.2782
Particle 16 new velocities: 156.18, 111.543
142.188, 89.1791
36.9543, 61.1161
Particle 17 new velocities: 91.2916, 62.1423
101.924, 137.501
-4.76059, 55.1478
Particle 18 new velocities: 54.6972, 95.8534
100.113, 92.2217
68.7003, 75.1682
Particle 19 new velocities: 295.314, 87.7795
94.5709, 92.2505
59.939, 57.3344
Particle 20 new velocities: 60.7652, 112.579
112.006, 89.8136
65.1475, 50.3754
-- ITERATION 10 --
-------------
Particle: 1:
Relays Coordinates:
110.778, 108.271
133.575, 174.339
96.3359, 112.739
Evaluation Time: 0.0382242 seconds
Resulting Fitness: 0.254296
-------------
Particle: 2:
Relays Coordinates:
141.215, 69.519
96.7697, 115.904
141.215, 118.233
Evaluation Time: 0.028755 seconds
Resulting Fitness: 0.244604
-------------
Particle: 3:
Relays Coordinates:
328.05, 217.803
210.426, 184.052
94.5926, 103.853
Evaluation Time: 0.041462 seconds
Resulting Fitness: 0.391458
New local best!
-------------
Particle: 4:
Relays Coordinates:
327.727, 191.784
183.636, 136.481
97.8762, 53.7004
Evaluation Time: 0.0403629 seconds
Resulting Fitness: 0.377267
-------------
Particle: 5:
Relays Coordinates:
328.05, 191.014
177.361, 159.024
95.873, 81.6953
Evaluation Time: 0.0639635 seconds
Resulting Fitness: 0.3819
New local best!
-------------
Particle: 6:
Relays Coordinates:
114.182, 252.276
195.667, 213.619
96.675, 111.657
Evaluation Time: 0.113771 seconds
Resulting Fitness: 0.325701
-------------
Particle: 7:
Relays Coordinates:
328.05, 214.048
193.968, 173.589
114.99, 85.651
Evaluation Time: 0.127157 seconds
Resulting Fitness: 0.390737
-------------
Particle: 8:
Relays Coordinates:
310.426, 208.5
186.348, 162.511
77.1918, 74.7465
Evaluation Time: 0.176559 seconds
Resulting Fitness: 0.385874
-------------
Particle: 9:
Relays Coordinates:
345.964, 230.738
230.023, 194.868
99.6853, 116.821
Evaluation Time: 0.183886 seconds
Resulting Fitness: 0.39841
New local best!
-------------
Particle: 10:
Relays Coordinates:
311.941, 241.939
206.661, 200.524
116.194, 97.9368
Evaluation Time: 0.164751 seconds
Resulting Fitness: 0.390998
-------------
Particle: 11:
Relays Coordinates:
328.05, 226.155
189.123, 163.087
108.259, 95.8208
Evaluation Time: 0.123453 seconds
Resulting Fitness: 0.385944
-------------
Particle: 12:
Relays Coordinates:
328.05, 214.346
196.063, 169.763
114.118, 94.8364
Evaluation Time: 0.124143 seconds
Resulting Fitness: 0.389533
New local best!
-------------
Particle: 13:
Relays Coordinates:
141.215, 119.955
141.215, 93.869
130.951, 70.4375
Evaluation Time: 0.125346 seconds
Resulting Fitness: 0.240418
-------------
Particle: 14:
Relays Coordinates:
321.203, 204.721
185.53, 168.14
94.1618, 83.3139
Evaluation Time: 0.111752 seconds
Resulting Fitness: 0.385435
-------------
Particle: 15:
Relays Coordinates:
265.721, 225.085
205.226, 187.574
113.189, 97.3342
Evaluation Time: 0.114342 seconds
Resulting Fitness: 0.351966
-------------
Particle: 16:
Relays Coordinates:
336.557, 245.757
222.978, 192.008
98.8825, 104.522
Evaluation Time: 0.101885 seconds
Resulting Fitness: 0.395693
New local best!
-------------
Particle: 17:
Relays Coordinates:
201.808, 188.937
173.49, 201.698
59.2698, 98.6715
Evaluation Time: 0.0578177 seconds
Resulting Fitness: 0.318916
-------------
Particle: 18:
Relays Coordinates:
226.008, 225.845
185.537, 170.126
117.756, 91.8035
Evaluation Time: 0.0690889 seconds
Resulting Fitness: 0.340264
-------------
Particle: 19:
Relays Coordinates:
328.05, 216.593
203.907, 185.93
114.759, 94.9008
Evaluation Time: 0.0744765 seconds
Resulting Fitness: 0.392199
New local best!
-------------
Particle: 20:
Relays Coordinates:
255.102, 235.459
212.165, 158.572
104.152, 110.732
Evaluation Time: 0.0563927 seconds
Resulting Fitness: 0.371449
Current global best fitness: 0.399783
Current global best relays: 364.5, 227.871
216.995, 194.372
117.27, 99.2392
Particle 1 new velocities: 367.217, 154.554
293.922, 104.022
152.989, 224.423
Particle 2 new velocities: 383.145, 321.227
390.329, 338.049
-22.3149, 416.047
Particle 3 new velocities: 16.1192, 101.111
96.0609, 75.2432
31.0804, 48.1503
Particle 4 new velocities: 163.376, 111.535
106.427, 74.2155
44.2457, 41.6443
Particle 5 new velocities: 35.928, 79.7429
82.3132, 88.4478
36.5766, 28.2022
Particle 6 new velocities: 282.951, 154.967
199.798, 156.34
89.9041, 76.8738
Particle 7 new velocities: 26.4912, 94.9714
113.248, 68.7968
51.6331, 55.0254
Particle 8 new velocities: 196.457, 150.508
163.819, 92.5318
65.8808, 54.5733
Particle 9 new velocities: 205.946, 69.7089
52.5221, 60.9326
33.8639, 40.6197
Particle 10 new velocities: 136.199, 73.085
73.9277, 49.0646
40.5669, 31.189
Particle 11 new velocities: 37.6183, 61.9634
111.273, 93.0263
57.2441, 46.6157
Particle 12 new velocities: 60.717, 85.3254
73.4919, 56.1106
55.126, 40.1715
Particle 13 new velocities: 72.1976, 370.674
46.2412, 292.814
424.203, 171.051
Particle 14 new velocities: 263.31, 71.3974
117.082, 91.3551
64.3135, 37.3244
Particle 15 new velocities: 98.5371, 65.887
67.6627, 59.4653
32.1345, 29.6818
Particle 16 new velocities: 171.991, 68.3074
109.37, 72.0184
45.609, 47.2956
Particle 17 new velocities: 325.664, 129.296
128.909, 39.4438
21.7943, 61.4148
Particle 18 new velocities: 131.915, 140.179
118.273, 125.72
59.8339, 70.8465
Particle 19 new velocities: 1.3147, 75.1275
97.8659, 81.8127
48.3797, 49.2152
Particle 20 new velocities: 139.712, 85.911
97.4092, 94.1061
66.1865, 31.3103
-- ITERATION 11 --
-------------
Particle: 1:
Relays Coordinates:
166.667, 91.6414
149.059, 97.0587
86.9343, 117.561
Evaluation Time: 0.0519942 seconds
Resulting Fitness: 0.251108
-------------
Particle: 2:
Relays Coordinates:
141.215, 110.358
137.571, 128.21
33.5808, 141.215
Evaluation Time: 0.0471873 seconds
Resulting Fitness: 0.240562
-------------
Particle: 3:
Relays Coordinates:
250.899, 232.488
223.429, 189.026
91.6156, 110.81
Evaluation Time: 0.0450324 seconds
Resulting Fitness: 0.346756
-------------
Particle: 4:
Relays Coordinates:
322.213, 199.007
190.31, 138.238
93.2462, 62.5556
Evaluation Time: 0.0430047 seconds
Resulting Fitness: 0.378507
-------------
Particle: 5:
Relays Coordinates:
294.822, 219.313
210.336, 200.452
107.284, 89.017
Evaluation Time: 0.0394626 seconds
Resulting Fitness: 0.38368
New local best!
-------------
Particle: 6:
Relays Coordinates:
211.053, 216.425
210.166, 196.611
99.1558, 100.193
Evaluation Time: 0.038829 seconds
Resulting Fitness: 0.326443
-------------
Particle: 7:
Relays Coordinates:
232.614, 202.748
201.565, 159.03
109.322, 92.2978
Evaluation Time: 0.0304139 seconds
Resulting Fitness: 0.327829
-------------
Particle: 8:
Relays Coordinates:
295.245, 211.99
206.77, 150.6
84.4829, 76.362
Evaluation Time: 0.047641 seconds
Resulting Fitness: 0.383184
-------------
Particle: 9:
Relays Coordinates:
328.05, 197.123
185.378, 167.831
87.6216, 103.297
Evaluation Time: 0.0479361 seconds
Resulting Fitness: 0.390122
-------------
Particle: 10:
Relays Coordinates:
326.694, 229.652
204.549, 181.95
114.278, 94.1327
Evaluation Time: 0.0463274 seconds
Resulting Fitness: 0.392501
-------------
Particle: 11:
Relays Coordinates:
239.915, 189.035
197.09, 168.036
108.586, 93.4526
Evaluation Time: 0.0518214 seconds
Resulting Fitness: 0.322211
-------------
Particle: 12:
Relays Coordinates:
255.07, 196.614
176.855, 148.196
111.041, 88.5787
Evaluation Time: 0.041929 seconds
Resulting Fitness: 0.346857
-------------
Particle: 13:
Relays Coordinates:
74.4123, 171.072
65.3619, 134.828
174.339, 84.2017
Evaluation Time: 0.0319963 seconds
Resulting Fitness: 0.269254
-------------
Particle: 14:
Relays Coordinates:
364.5, 201.29
220.604, 189.172
115.528, 87.9453
Evaluation Time: 0.0384678 seconds
Resulting Fitness: 0.398309
New local best!
-------------
Particle: 15:
Relays Coordinates:
265.544, 212.118
198.936, 180.092
105.941, 92.5946
Evaluation Time: 0.0385121 seconds
Resulting Fitness: 0.34946
-------------
Particle: 16:
Relays Coordinates:
328.05, 206.058
218.053, 173.228
94.8008, 99.6078
Evaluation Time: 0.0269047 seconds
Resulting Fitness: 0.391916
-------------
Particle: 17:
Relays Coordinates:
328.05, 208.793
198.404, 158.213
53.1862, 105.033
Evaluation Time: 0.0262164 seconds
Resulting Fitness: 0.39397
New local best!
-------------
Particle: 18:
Relays Coordinates:
211.35, 216.134
179.397, 174.694
104.865, 96.0432
Evaluation Time: 0.0408495 seconds
Resulting Fitness: 0.322964
-------------
Particle: 19:
Relays Coordinates:
216.096, 191.398
197.993, 175.666
107.035, 94.5546
Evaluation Time: 0.0296873 seconds
Resulting Fitness: 0.322665
-------------
Particle: 20:
Relays Coordinates:
259.037, 210.851
203.111, 165.782
111.759, 93.1942
Evaluation Time: 0.0283445 seconds
Resulting Fitness: 0.345321
Current global best fitness: 0.399783
Current global best relays: 364.5, 227.871
216.995, 194.372
117.27, 99.2392
Particle 1 new velocities: 578.988, 265.488
296.492, 246.402
143.449, 220.292
Particle 2 new velocities: 107.008, 451.46
389.78, 337.175
215.458, 87.2729
Particle 3 new velocities: 96.9952, 60.7698
60.8669, 64.8243
61.1305, 23.541
Particle 4 new velocities: 195.648, 131.086
133.157, 107.931
77.6339, 54.0187
Particle 5 new velocities: 97.8477, 76.319
67.7223, 69.817
39.9313, 30.3872
Particle 6 new velocities: 332.39, 127.368
170.045, 147.718
78.5022, 61.2091
Particle 7 new velocities: 275.183, 103.949
115.548, 122.533
45.4518, 53.5772
Particle 8 new velocities: 70.1195, 145.691
153.542, 124.658
69.1025, 113.756
Particle 9 new velocities: 31.6388, 97.5658
103.958, 79.1292
71.9635, 34.5419
Particle 10 new velocities: 130.032, 68.7664
63.1507, 46.7739
34.6287, 26.2217
Particle 11 new velocities: 168.993, 105.357
96.8042, 77.8857
52.332, 43.7833
Particle 12 new velocities: 234.72, 96.6778
85.8591, 78.9143
55.703, 40.0979
Particle 13 new velocities: 445.059, 278.898
152.595, 304.28
0.0906809, 170.752
Particle 14 new velocities: 0, 97.5674
89.8129, 78.7478
52.3668, 43.5221
Particle 15 new velocities: 300.311, 68.8443
85.2665, 56.8163
40.0206, 33.4365
Particle 16 new velocities: 21.1123, 136.035
92.6357, 71.9669
52.3725, 41.4293
Particle 17 new velocities: 51.1733, 110.247
118.243, 39.126
66.0228, 40.582
Particle 18 new velocities: 475.967, 197.695
119.452, 114.632
76.4266, 53.9045
Particle 19 new velocities: 321.944, 91.907
106.029, 84.8801
60.5929, 41.6147
Particle 20 new velocities: 316.008, 129.354
90.731, 85.7068
45.3762, 32.1697
-- ITERATION 12 --
-------------
Particle: 1:
Relays Coordinates:
174.339, 124.523
155.354, 119.757
80.3298, 117.802
Evaluation Time: 0.0276645 seconds
Resulting Fitness: 0.255046
-------------
Particle: 2:
Relays Coordinates:
106.852, 215.234
215.234, 200.333
107.203, 98.3564
Evaluation Time: 0.0386585 seconds
Resulting Fitness: 0.324993
-------------
Particle: 3:
Relays Coordinates:
253.615, 213.785
207.252, 185.057
111.352, 97.9421
Evaluation Time: 0.040579 seconds
Resulting Fitness: 0.345414
-------------
Particle: 4:
Relays Coordinates:
364.5, 240.638
235.808, 179.457
124.572, 84.9827
Evaluation Time: 0.0298545 seconds
Resulting Fitness: 0.397314
New local best!
-------------
Particle: 5:
Relays Coordinates:
286.256, 215.516
202.704, 197.026
107.32, 87.0456
Evaluation Time: 0.0529054 seconds
Resulting Fitness: 0.376325
-------------
Particle: 6:
Relays Coordinates:
265.721, 182.706
202.06, 182.991
94.4147, 85.7755
Evaluation Time: 0.0552452 seconds
Resulting Fitness: 0.340017
-------------
Particle: 7:
Relays Coordinates:
328.05, 201.224
208.058, 184.733
101.547, 95.7086
Evaluation Time: 0.0618595 seconds
Resulting Fitness: 0.391331
-------------
Particle: 8:
Relays Coordinates:
215.744, 211.207
212.76, 162.537
90.6907, 112.263
Evaluation Time: 0.0571946 seconds
Resulting Fitness: 0.325199
-------------
Particle: 9:
Relays Coordinates:
262.213, 214.828
210.926, 180.034
116.338, 100.484
Evaluation Time: 0.0738462 seconds
Resulting Fitness: 0.347565
-------------
Particle: 10:
Relays Coordinates:
332.954, 217.547
195.153, 166.74
108.553, 87.7384
Evaluation Time: 0.2133 seconds
Resulting Fitness: 0.389924
-------------
Particle: 11:
Relays Coordinates:
298.094, 214.612
214.249, 179.277
117.309, 100.045
Evaluation Time: 0.130846 seconds
Resulting Fitness: 0.377266
-------------
Particle: 12:
Relays Coordinates:
289.216, 173.186
155.13, 134.106
98.4605, 75.9822
Evaluation Time: 0.115706 seconds
Resulting Fitness: 0.348285
-------------
Particle: 13:
Relays Coordinates:
239.148, 215.219
104.248, 210.024
83.4293, 121.944
Evaluation Time: 0.114773 seconds
Resulting Fitness: 0.348647
New local best!
-------------
Particle: 14:
Relays Coordinates:
239.148, 196.081
203.664, 175.782
110.156, 86.2558
Evaluation Time: 0.103453 seconds
Resulting Fitness: 0.327389
-------------
Particle: 15:
Relays Coordinates:
328.05, 184.34
186.465, 155.435
95.7652, 82.689
Evaluation Time: 0.137916 seconds
Resulting Fitness: 0.381361
-------------
Particle: 16:
Relays Coordinates:
254.539, 249.386
226.492, 178.747
107.289, 102.816
Evaluation Time: 0.205246 seconds
Resulting Fitness: 0.354416
-------------
Particle: 17:
Relays Coordinates:
276.454, 232.58
230.835, 143.86
86.9033, 106.153
Evaluation Time: 0.143402 seconds
Resulting Fitness: 0.375387
-------------
Particle: 18:
Relays Coordinates:
295.245, 244.362
176.467, 170.844
107.051, 88.5426
Evaluation Time: 0.159111 seconds
Resulting Fitness: 0.373614
-------------
Particle: 19:
Relays Coordinates:
328.05, 185.876
199.469, 170.944
109.981, 89.3406
Evaluation Time: 0.128936 seconds
Resulting Fitness: 0.385585
-------------
Particle: 20:
Relays Coordinates:
328.05, 223.208
192.79, 165.002
103.096, 82.2513
Evaluation Time: 0.0899044 seconds
Resulting Fitness: 0.387704
Current global best fitness: 0.399783
Current global best relays: 364.5, 227.871
216.995, 194.372
117.27, 99.2392
Particle 1 new velocities: 37.5376, 252.853
273.522, 302.404
214.669, 240.198
Particle 2 new velocities: 274.084, -19.121
-94.3378, 154.117
319.479, 167.971
Particle 3 new velocities: 248.367, 56.2871
57.9426, 56.2781
50.6247, 23.0807
Particle 4 new velocities: 0, 93.1698
97.0247, 96.7866
50.5173, 51.3716
Particle 5 new velocities: 90.6613, 64.9839
78.5095, 56.7379
32.3329, 39.6337
Particle 6 new velocities: -14.4549, 156.248
140.118, 151.909
7.99172, 74.446
Particle 7 new velocities: 60.6792, 94.9099
118.246, 117.197
50.2988, 45.5269
Particle 8 new velocities: 269.799, 147.789
130.586, 149.908
76.3361, 64.8923
Particle 9 new velocities: 257.619, 106.142
91.4143, 102.688
43.3523, 35.3282
Particle 10 new velocities: 137.821, 79.1367
80.8559, 82.9559
30.97, 32.2332
Particle 11 new velocities: 188.065, 93.9993
79.3468, 74.0817
32.4939, 36.7451
Particle 12 new velocities: 277.54, 142.429
162.232, 91.1931
60.8345, 62.908
Particle 13 new velocities: 87.9192, 239.571
306.451, 228.331
47.9853, 125.466
Particle 14 new velocities: 142.155, 135.409
84.17, 76.7905
44.0222, 44.0003
Particle 15 new velocities: 33.8504, 167.312
114.845, 88.875
55.1576, 70.9628
Particle 16 new velocities: 101.453, 94.0958
72.3064, 83.9957
50.2771, 32.8755
Particle 17 new velocities: 197.554, 69.6981
43.3074, 100.25
60.5397, 24.0218
Particle 18 new velocities: 131.871, 163.116
161.036, 107.052
80.752, 40.0336
Particle 19 new velocities: 32.1885, 123.383
98.7814, 95.8137
60.8821, 40.7458
Particle 20 new velocities: 3.37818, 130.493
85.6467, 97.1108
26.0235, 62.6618
-- ITERATION 13 --
-------------
Particle: 1:
Relays Coordinates:
73.8769, 131.583
149.54, 147.199
102.86, 124.827
Evaluation Time: 0.0544144 seconds
Resulting Fitness: 0.248655
-------------
Particle: 2:
Relays Coordinates:
147.582, 75.978
46.8375, 137.321
165.305, 103.181
Evaluation Time: 0.0715593 seconds
Resulting Fitness: 0.249947
-------------
Particle: 3:
Relays Coordinates:
295.245, 159.475
156.595, 142.506
95.6455, 71.4627
Evaluation Time: 0.0718202 seconds
Resulting Fitness: 0.341192
-------------
Particle: 4:
Relays Coordinates:
239.148, 219.011
218.371, 181.244
114.876, 89.462
Evaluation Time: 0.139683 seconds
Resulting Fitness: 0.338831
-------------
Particle: 5:
Relays Coordinates:
305.303, 227.205
227.783, 205.549
113.119, 102.61
Evaluation Time: 0.142498 seconds
Resulting Fitness: 0.367888
-------------
Particle: 6:
Relays Coordinates:
164.855, 222.388
224.503, 219.728
67.1889, 105.121
Evaluation Time: 0.0924433 seconds
Resulting Fitness: 0.341185
-------------
Particle: 7:
Relays Coordinates:
229.541, 174.864
192.679, 178.287
89.6633, 83.3981
Evaluation Time: 0.0654491 seconds
Resulting Fitness: 0.320449
-------------
Particle: 8:
Relays Coordinates:
286.709, 211.983
202.743, 184.496
98.6276, 104.608
Evaluation Time: 0.0489081 seconds
Resulting Fitness: 0.372816
-------------
Particle: 9:
Relays Coordinates:
364.5, 233.987
220.406, 206.104
116.414, 99.0074
Evaluation Time: 0.148591 seconds
Resulting Fitness: 0.39834
-------------
Particle: 10:
Relays Coordinates:
343.195, 216.283
201.211, 182.028
101.712, 87.4593
Evaluation Time: 0.13544 seconds
Resulting Fitness: 0.395791
-------------
Particle: 11:
Relays Coordinates:
354.41, 224.978
214.031, 184.698
109.207, 99.7199
Evaluation Time: 0.11897 seconds
Resulting Fitness: 0.399299
New local best!
-------------
Particle: 12:
Relays Coordinates:
364.5, 230.083
231.357, 164.243
116.126, 101.251
Evaluation Time: 0.0490465 seconds
Resulting Fitness: 0.395394
New local best!
-------------
Particle: 13:
Relays Coordinates:
173.817, 241.694
218.263, 232.96
69.8391, 131.484
Evaluation Time: 0.208488 seconds
Resulting Fitness: 0.343254
-------------
Particle: 14:
Relays Coordinates:
277.97, 241.656
209.831, 184.126
112.396, 94.9567
Evaluation Time: 0.319921 seconds
Resulting Fitness: 0.370907
-------------
Particle: 15:
Relays Coordinates:
237.443, 230.719
197.69, 160.292
99.0204, 100.811
Evaluation Time: 0.161011 seconds
Resulting Fitness: 0.3439
-------------
Particle: 16:
Relays Coordinates:
259.519, 250.398
217.824, 191.539
114.866, 98.9191
Evaluation Time: 0.122298 seconds
Resulting Fitness: 0.353904
-------------
Particle: 17:
Relays Coordinates:
345.552, 220.361
199.85, 177.957
107.486, 94.8974
Evaluation Time: 0.0988715 seconds
Resulting Fitness: 0.394799
New local best!
-------------
Particle: 18:
Relays Coordinates:
280.231, 267.347
221.436, 182.328
123.217, 84.3588
Evaluation Time: 0.138531 seconds
Resulting Fitness: 0.373149
-------------
Particle: 19:
Relays Coordinates:
236.353, 202.905
195.682, 175.02
112.103, 85.3497
Evaluation Time: 0.181886 seconds
Resulting Fitness: 0.332425
-------------
Particle: 20:
Relays Coordinates:
241.611, 257.848
202.98, 191.08
94.1284, 105.642
Evaluation Time: 0.135896 seconds
Resulting Fitness: 0.357109
Current global best fitness: 0.399783
Current global best relays: 364.5, 227.871
216.995, 194.372
117.27, 99.2392
Particle 1 new velocities: 142.135, 260.624
269.026, 282.228
204.784, 233.508
Particle 2 new velocities: 550.365, 140.773
182.888, 117.47
293.591, 304.263
Particle 3 new velocities: 101.103, 133.453
126.677, 132.719
65.1402, 61.9569
Particle 4 new velocities: 204.905, 112.856
77.6158, 90.9033
50.5718, 39.1703
Particle 5 new velocities: 166.632, 51.0294
38.7988, 37.3701
22.7013, 15.7764
Particle 6 new velocities: 76.346, 129.537
102.865, 128.045
1.67691, 51.3776
Particle 7 new velocities: 143.173, 135.623
163.791, 109.498
87.0389, 59.847
Particle 8 new velocities: 287.726, 206.106
127.172, 132.514
63.0832, 44.466
Particle 9 new velocities: -4.19038, 81.3327
75.1172, 74.8034
22.2822, 42.2798
Particle 10 new velocities: 136.647, 86.5484
81.518, 83.0923
44.5377, 34.8217
Particle 11 new velocities: 154.297, 78.1569
64.3488, 68.9829
32.7759, 29.2214
Particle 12 new velocities: 0, 111.749
125.607, 99.2969
49.9139, 49.7365
Particle 13 new velocities: 198.613, 174.324
114.416, 94.4537
90.9758, 65.9729
Particle 14 new velocities: 153.655, 85.4926
81.352, 72.8037
41.5777, 41.2021
Particle 15 new velocities: 138.917, 130.714
121.819, 154.907
64.6039, 53.3427
Particle 16 new velocities: 327.041, 68.7614
57.6454, 67.674
28.3674, 27.7992
Particle 17 new velocities: 163.288, 56.4689
55.302, 106.819
61.389, 22.4286
Particle 18 new velocities: 226.038, 99.1066
122.519, 107.506
67.6873, 52.5594
Particle 19 new velocities: 273.198, 117.938
84.0601, 97.3384
50.1742, 57.8642
Particle 20 new velocities: 183.057, 96.0669
81.2892, 71.2524
44.6733, 46.2519
-- ITERATION 14 --
-------------
Particle: 1:
Relays Coordinates:
67.7869, 123.079
131.35, 134.759
96.542, 112.449
Evaluation Time: 0.12468 seconds
Resulting Fitness: 0.241445
-------------
Particle: 2:
Relays Coordinates:
215.234, 93.3042
98.8891, 109.679
197.54, 175.391
Evaluation Time: 0.10322 seconds
Resulting Fitness: 0.322244
-------------
Particle: 3:
Relays Coordinates:
288.938, 213.544
206.505, 200.639
117.213, 97.2629
Evaluation Time: 0.0628197 seconds
Resulting Fitness: 0.378042
-------------
Particle: 4:
Relays Coordinates:
323.715, 241.932
215.775, 198.395
120.611, 93.773
Evaluation Time: 0.0470163 seconds
Resulting Fitness: 0.392367
-------------
Particle: 5:
Relays Coordinates:
344.041, 202.833
194.338, 177.088
99.0129, 86.3038
Evaluation Time: 0.0398532 seconds
Resulting Fitness: 0.393656
New local best!
-------------
Particle: 6:
Relays Coordinates:
142.427, 207.808
193.307, 205.357
40.6645, 92.4111
Evaluation Time: 0.0400471 seconds
Resulting Fitness: 0.31451
-------------
Particle: 7:
Relays Coordinates:
244.537, 203.711
233.88, 188.815
115.934, 93.9832
Evaluation Time: 0.0407076 seconds
Resulting Fitness: 0.338156
-------------
Particle: 8:
Relays Coordinates:
295.245, 246.877
194.811, 187.191
95.4886, 88.0269
Evaluation Time: 0.0450652 seconds
Resulting Fitness: 0.383427
-------------
Particle: 9:
Relays Coordinates:
262.666, 229.868
215.436, 204.782
101.109, 102.998
Evaluation Time: 0.0442625 seconds
Resulting Fitness: 0.346492
-------------
Particle: 10:
Relays Coordinates:
349.805, 220.764
206.109, 193.273
106.616, 89.1428
Evaluation Time: 0.0418586 seconds
Resulting Fitness: 0.399991
New local best!
New global best!
-------------
Particle: 11:
Relays Coordinates:
328.05, 198.886
182.645, 166.44
93.1547, 84.5984
Evaluation Time: 0.0438382 seconds
Resulting Fitness: 0.386674
-------------
Particle: 12:
Relays Coordinates:
239.148, 224.276
234.204, 172.909
108.939, 99.0629
Evaluation Time: 0.0466047 seconds
Resulting Fitness: 0.342859
-------------
Particle: 13:
Relays Coordinates:
219.916, 245.654
196.444, 193.334
94.9596, 116.596
Evaluation Time: 0.0474669 seconds
Resulting Fitness: 0.341963
-------------
Particle: 14:
Relays Coordinates:
314.655, 238.491
212.273, 187.301
112.247, 99.2597
Evaluation Time: 0.0599842 seconds
Resulting Fitness: 0.386876
-------------
Particle: 15:
Relays Coordinates:
246.929, 237.136
209.63, 206.802
107.354, 101.14
Evaluation Time: 0.0862529 seconds
Resulting Fitness: 0.34184
-------------
Particle: 16:
Relays Coordinates:
328.05, 209.4
180.736, 170.07
93.9754, 83.1399
Evaluation Time: 0.211215 seconds
Resulting Fitness: 0.386229
-------------
Particle: 17:
Relays Coordinates:
295.245, 163.465
150.665, 168.157
99.719, 69.2799
Evaluation Time: 0.13989 seconds
Resulting Fitness: 0.348349
-------------
Particle: 18:
Relays Coordinates:
328.05, 240.43
225.669, 190.16
125.253, 89.8321
Evaluation Time: 0.123527 seconds
Resulting Fitness: 0.392968
New local best!
-------------
Particle: 19:
Relays Coordinates:
328.05, 210.505
183.539, 178.694
106.47, 93.9627
Evaluation Time: 0.121744 seconds
Resulting Fitness: 0.389201
-------------
Particle: 20:
Relays Coordinates:
309.583, 258.004
207.233, 191.24
101.186, 110.73
Evaluation Time: 0.107792 seconds
Resulting Fitness: 0.387678
Current global best fitness: 0.399991
Current global best relays: 349.805, 220.764
206.109, 193.273
106.616, 89.1428
Particle 1 new velocities: 466.508, 268.223
296.28, 358.901
209.869, 232.358
Particle 2 new velocities: 32.7087, 155.145
272.21, 220.542
130.896, 254.985
Particle 3 new velocities: 124.269, 112.067
101.752, 95.0336
23.9808, 45.1877
Particle 4 new velocities: 216.059, 81.4816
60.4871, 54.0922
31.5715, 21.3306
Particle 5 new velocities: 137.749, 55.6041
47.7211, 55.0237
25.8703, 14.7524
Particle 6 new velocities: 136.423, 120.47
105.404, 121.609
26.8424, 46.4645
Particle 7 new velocities: 227.453, 144.629
89.5475, 88.2018
63.1201, 45.0248
Particle 8 new velocities: 89.514, 160.257
146.659, 104.723
63.2039, 42.1216
Particle 9 new velocities: 95.3875, 59.0415
54.1322, 36.803
19.7464, 29.0051
Particle 10 new velocities: 109.317, 69.2387
65.2144, 66.4738
35.6302, 27.8573
Particle 11 new velocities: 37.2479, 93.9432
78.1406, 98.9392
63.2981, 36.5196
Particle 12 new velocities: 297.271, 86.0243
50.7885, 106.997
43.5431, 32.1732
Particle 13 new velocities: 393.971, 128.579
-25.4199, 87.0945
63.1628, 26.1959
Particle 14 new velocities: 151.469, 34.3977
63.9169, 61.3692
28.6458, 12.7606
Particle 15 new velocities: 281.41, 88.6435
98.1225, 98.237
53.628, 30.835
Particle 16 new velocities: 33.074, 108.361
74.2051, 98.6407
42.8982, 58.4404
Particle 17 new velocities: 41.0149, 99.1781
87.3847, 94.5056
68.8909, 30.2338
Particle 18 new velocities: 30.0546, 77.2809
89.7142, 89.562
34.4436, 41.0051
Particle 19 new velocities: 24.9539, 106.705
79.4677, 99.0232
46.0155, 44.876
Particle 20 new velocities: 206.024, 46.4015
68.9675, 45.7935
38.0076, 29.1215
-- ITERATION 15 --
-------------
Particle: 1:
Relays Coordinates:
156.905, 122.794
134.195, 154.916
96.1549, 108.204
Evaluation Time: 0.095048 seconds
Resulting Fitness: 0.259154
-------------
Particle: 2:
Relays Coordinates:
106.731, 106.949
159.746, 142.149
141.381, 185.263
Evaluation Time: 0.168887 seconds
Resulting Fitness: 0.281818
-------------
Particle: 3:
Relays Coordinates:
271.105, 213.633
202.247, 193.991
92.6371, 93.4618
Evaluation Time: 0.120953 seconds
Resulting Fitness: 0.347602
-------------
Particle: 4:
Relays Coordinates:
328.05, 212.191
181.255, 165.657
99.8472, 75.5195
Evaluation Time: 0.0699124 seconds
Resulting Fitness: 0.387151
-------------
Particle: 5:
Relays Coordinates:
284.492, 152.604
142.934, 137.06
73.7423, 59.6727
Evaluation Time: 0.0638391 seconds
Resulting Fitness: 0.332885
-------------
Particle: 6:
Relays Coordinates:
148.192, 174.46
158.747, 173.763
35.876, 73.8042
Evaluation Time: 0.0599043 seconds
Resulting Fitness: 0.261889
-------------
Particle: 7:
Relays Coordinates:
309.673, 228.546
212.201, 181.751
117.478, 91.2031
Evaluation Time: 0.057027 seconds
Resulting Fitness: 0.386868
-------------
Particle: 8:
Relays Coordinates:
227.196, 240.409
201.635, 172.372
93.7063, 76.8513
Evaluation Time: 0.0430284 seconds
Resulting Fitness: 0.343774
-------------
Particle: 9:
Relays Coordinates:
290.023, 234.017
218.351, 195.684
97.8933, 106.923
Evaluation Time: 0.0414019 seconds
Resulting Fitness: 0.3686
-------------
Particle: 10:
Relays Coordinates:
334.7, 211.412
197.795, 189.355
103.698, 85.2931
Evaluation Time: 0.0698098 seconds
Resulting Fitness: 0.393713
-------------
Particle: 11:
Relays Coordinates:
266.302, 213.473
190.113, 193.462
114.054, 88.295
Evaluation Time: 0.144546 seconds
Resulting Fitness: 0.353296
-------------
Particle: 12:
Relays Coordinates:
328.05, 203.588
186.984, 183.646
100.043, 86.104
Evaluation Time: 0.13962 seconds
Resulting Fitness: 0.39164
-------------
Particle: 13:
Relays Coordinates:
215.234, 161.095
73.6201, 120.715
68.0665, 61.4673
Evaluation Time: 0.119216 seconds
Resulting Fitness: 0.307242
-------------
Particle: 14:
Relays Coordinates:
339.805, 198.936
201.342, 181.281
102.711, 81.6628
Evaluation Time: 0.0770288 seconds
Resulting Fitness: 0.394088
-------------
Particle: 15:
Relays Coordinates:
328.05, 213.744
201.916, 200.136
105.62, 86.589
Evaluation Time: 0.0848137 seconds
Resulting Fitness: 0.396326
-------------
Particle: 16:
Relays Coordinates:
263.259, 231.648
185.852, 195.89
99.7809, 103.212
Evaluation Time: 0.0958699 seconds
Resulting Fitness: 0.366234
-------------
Particle: 17:
Relays Coordinates:
245.133, 191.467
173.538, 191.481
122.917, 72.5455
Evaluation Time: 0.0768788 seconds
Resulting Fitness: 0.333412
-------------
Particle: 18:
Relays Coordinates:
234.952, 208.45
206.923, 183.525
104.777, 85.8423
Evaluation Time: 0.119293 seconds
Resulting Fitness: 0.335088
-------------
Particle: 19:
Relays Coordinates:
257.34, 231.246
191.732, 202.456
111.162, 101.213
Evaluation Time: 0.13761 seconds
Resulting Fitness: 0.354246
-------------
Particle: 20:
Relays Coordinates:
328.05, 199.721
181.215, 155.518
91.3252, 91.7568
Evaluation Time: 0.130289 seconds
Resulting Fitness: 0.382675
Current global best fitness: 0.399991
Current global best relays: 349.805, 220.764
206.109, 193.273
106.616, 89.1428
Particle 1 new velocities: 17.3456, 302.935
266.341, 435.829
173.15, 188.485
Particle 2 new velocities: 237.719, 305.394
248.617, 128.773
162.072, 244.882
Particle 3 new velocities: 148.363, 101.544
86.0551, 71.8664
33.9942, 44.5253
Particle 4 new velocities: 48.8619, 89.0205
97.6588, 62.9982
49.6634, 29.8287
Particle 5 new velocities: 186.677, 178.838
137.578, 94.9529
22.0473, 58.3932
Particle 6 new velocities: 160.594, 173.715
224.449, 108.206
46.6548, 44.6784
Particle 7 new velocities: 248.522, 103.794
73.4424, 93.6845
41.8522, 37.0258
Particle 8 new velocities: 236.629, 118.847
129.292, 125.461
51.2651, 72.7082
Particle 9 new velocities: 189.266, 43.4723
45.5264, 25.3528
30.6008, 19.0193
Particle 10 new velocities: 112.483, 62.2047
70.1663, 58.6659
29.938, 32.218
Particle 11 new velocities: 141.048, 90.9185
84.0936, 73.5244
40.7204, 40.2442
Particle 12 new velocities: 52.7611, 83.1904
66.2283, 94.5161
42.5164, 36.7646
Particle 13 new velocities: 146.13, 164.579
121.639, 128.18
79.8997, 43.1407
Particle 14 new velocities: 150.142, 38.0197
72.0047, 57.3508
41.11, 23.2855
Particle 15 new velocities: 46.0868, 83.5867
89.531, 65.2273
48.3552, 36.403
Particle 16 new velocities: 175.809, 102.294
108.652, 74.2916
37.7856, 28.5216
Particle 17 new velocities: 47.9042, 121.959
153.8, 63.7696
33.5313, 48.1326
Particle 18 new velocities: 200.719, 104.591
81.734, 85.9084
52.6091, 35.057
Particle 19 new velocities: 138.662, 76.8064
83.8122, 60.637
35.5703, 28.0379
Particle 20 new velocities: 6.60726, 89.395
59.4981, 48.4624
51.9904, 46.8352
-- ITERATION 16 --
-------------
Particle: 1:
Relays Coordinates:
60.7575, 148.443
139.658, 174.339
93.9007, 103.449
Evaluation Time: 0.103144 seconds
Resulting Fitness: 0.25774
-------------
Particle: 2:
Relays Coordinates:
108.092, 129.398
128.149, 85.0182
95.2268, 134.984
Evaluation Time: 0.0967737 seconds
Resulting Fitness: 0.244235
-------------
Particle: 3:
Relays Coordinates:
305.792, 229.764
210.172, 193.81
92.3142, 100.593
Evaluation Time: 0.129811 seconds
Resulting Fitness: 0.38667
-------------
Particle: 4:
Relays Coordinates:
305.299, 243.982
225.92, 185.211
121.104, 85.332
Evaluation Time: 0.155622 seconds
Resulting Fitness: 0.381965
-------------
Particle: 5:
Relays Coordinates:
309.134, 217.459
184.044, 152.223
62.8475, 77.463
Evaluation Time: 0.171863 seconds
Resulting Fitness: 0.380316
-------------
Particle: 6:
Relays Coordinates:
147.692, 166.531
183.282, 134.865
39.4742, 56.6698
Evaluation Time: 0.223529 seconds
Resulting Fitness: 0.291829
-------------
Particle: 7:
Relays Coordinates:
328.05, 218.048
187.411, 180.713
104.536, 84.131
Evaluation Time: 0.144911 seconds
Resulting Fitness: 0.389727
-------------
Particle: 8:
Relays Coordinates:
273.884, 212.137
195.409, 175.868
85.6042, 88.3134
Evaluation Time: 0.130501 seconds
Resulting Fitness: 0.367879
-------------
Particle: 9:
Relays Coordinates:
314.461, 182.061
173.13, 145.022
84.305, 82.6306
Evaluation Time: 0.125418 seconds
Resulting Fitness: 0.366634
-------------
Particle: 10:
Relays Coordinates:
362.218, 221.629
217.049, 200.897
108.245, 95.184
Evaluation Time: 0.207915 seconds
Resulting Fitness: 0.400804
New local best!
New global best!
-------------
Particle: 11:
Relays Coordinates:
296.958, 221.901
199.896, 194.633
112.831, 93.705
Evaluation Time: 0.183964 seconds
Resulting Fitness: 0.381312
-------------
Particle: 12:
Relays Coordinates:
308.457, 232.291
205.102, 225.311
115.473, 99.5236
Evaluation Time: 0.191482 seconds
Resulting Fitness: 0.388874
-------------
Particle: 13:
Relays Coordinates:
292.704, 263.796
158.16, 201.605
119.853, 84.7324
Evaluation Time: 0.12687 seconds
Resulting Fitness: 0.379126
New local best!
-------------
Particle: 14:
Relays Coordinates:
321.454, 155.467
179.343, 156.566
94.3607, 68.8566
Evaluation Time: 0.104482 seconds
Resulting Fitness: 0.350214
-------------
Particle: 15:
Relays Coordinates:
272.746, 216.754
212.465, 193.45
112.248, 89.6612
Evaluation Time: 0.0958541 seconds
Resulting Fitness: 0.34366
-------------
Particle: 16:
Relays Coordinates:
320.081, 243.444
214.694, 196.962
100.286, 96.0338
Evaluation Time: 0.0648005 seconds
Resulting Fitness: 0.394605
-------------
Particle: 17:
Relays Coordinates:
192.262, 205.639
214.766, 167.47
102.645, 79.1768
Evaluation Time: 0.0530962 seconds
Resulting Fitness: 0.32094
-------------
Particle: 18:
Relays Coordinates:
317.604, 228.207
210.431, 196.417
114.734, 88.1356
Evaluation Time: 0.0962449 seconds
Resulting Fitness: 0.392796
-------------
Particle: 19:
Relays Coordinates:
288.686, 224.57
200.872, 191.795
106.968, 94.2242
Evaluation Time: 0.123737 seconds
Resulting Fitness: 0.374571
-------------
Particle: 20:
Relays Coordinates:
243.965, 210.765
175.48, 148.702
104.477, 101.034
Evaluation Time: 0.130427 seconds
Resulting Fitness: 0.345448
Current global best fitness: 0.400804
Current global best relays: 362.218, 221.629
217.049, 200.897
108.245, 95.184
Particle 1 new velocities: 403.516, 323.171
299.017, 114.793
139.557, 171.852
Particle 2 new velocities: 621.739, 425.5
227.743, 152.088
337.491, 204.135
Particle 3 new velocities: 184.423, 61.9009
80.0455, 65.0004
43.7027, 31.8233
Particle 4 new velocities: 131.245, 32.7885
73.6483, 68.438
33.3228, 36.2577
Particle 5 new velocities: 180.95, 143.36
141.338, 124.594
81.1037, 76.5147
Particle 6 new velocities: 341.333, 177.95
227.531, 207.221
81.5171, 68.1158
Particle 7 new velocities: 14.4604, 92.2488
107.432, 99.2817
42.069, 46.6474
Particle 8 new velocities: 366.285, 138.684
133.823, 137.175
64.4412, 72.0776
Particle 9 new velocities: 254.945, 114.444
105.717, 29.0057
54.5349, 33.6297
Particle 10 new velocities: 89.9863, 49.7637
56.133, 46.9327
23.9504, 25.7744
Particle 11 new velocities: 275.365, 75.4818
104.024, 56.0818
25.1247, 34.279
Particle 12 new velocities: 67.5539, 56.214
79.8075, -20.081
23.1321, 27.458
Particle 13 new velocities: 126.636, 68.465
184.029, 101.728
55.8049, 34.9429
Particle 14 new velocities: 147.954, 132.197
66.77, 106.785
54.1061, 53.9606
Particle 15 new velocities: 135.166, 77.2868
77.6019, 64.6526
39.0522, 42.2707
Particle 16 new velocities: 215.836, 50.0174
92.977, 59.5075
41.1523, 25.1059
Particle 17 new velocities: 479.227, 112.943
106.915, 88.881
35.5384, 66.177
Particle 18 new velocities: 195.323, 94.0027
87.5037, 68.9777
42.9986, 33.8307
Particle 19 new velocities: 248.487, 49.688
88.6201, 49.4268
33.575, 23.3284
Particle 20 new velocities: 214.352, 123.789
152.16, 84.2341
39.7369, 54.8107
-- ITERATION 17 --
-------------
Particle: 1:
Relays Coordinates:
179.869, 182.713
169.952, 112.016
90.4465, 106.657
Evaluation Time: 0.219311 seconds
Resulting Fitness: 0.306526
-------------
Particle: 2:
Relays Coordinates:
174.339, 174.339
124.092, 82.674
150.879, 118.244
Evaluation Time: 0.161988 seconds
Resulting Fitness: 0.292266
-------------
Particle: 3:
Relays Coordinates:
357.366, 212.624
211.569, 188.673
99.1563, 96.5312
Evaluation Time: 0.112797 seconds
Resulting Fitness: 0.398492
New local best!
-------------
Particle: 4:
Relays Coordinates:
318.24, 201.765
218.386, 184.91
112.577, 88.6389
Evaluation Time: 0.180276 seconds
Resulting Fitness: 0.382589
-------------
Particle: 5:
Relays Coordinates:
321.544, 236.734
213.483, 181.62
94.4464, 101.025
Evaluation Time: 0.144681 seconds
Resulting Fitness: 0.389187
-------------
Particle: 6:
Relays Coordinates:
189.458, 133.459
159.157, 132.531
46.8745, 48.3445
Evaluation Time: 0.104448 seconds
Resulting Fitness: 0.291159
-------------
Particle: 7:
Relays Coordinates:
249.69, 226.206
214.94, 204.116
106.875, 95.3374
Evaluation Time: 0.0897269 seconds
Resulting Fitness: 0.336676
-------------
Particle: 8:
Relays Coordinates:
328.05, 230.174
216.009, 205.388
98.4448, 105.233
Evaluation Time: 0.0542029 seconds
Resulting Fitness: 0.395705
-------------
Particle: 9:
Relays Coordinates:
295.245, 175.083
164.656, 102.762
81.9835, 68.6506
Evaluation Time: 0.0753059 seconds
Resulting Fitness: 0.359291
-------------
Particle: 10:
Relays Coordinates:
366.285, 219.828
221.277, 200.742
107.078, 97.9763
Evaluation Time: 0.127201 seconds
Resulting Fitness: 0.400973
New local best!
New global best!
-------------
Particle: 11:
Relays Coordinates:
364.5, 216.792
221.558, 182.771
100.569, 93.3004
Evaluation Time: 0.0997972 seconds
Resulting Fitness: 0.399914
New local best!
-------------
Particle: 12:
Relays Coordinates:
304.569, 233.689
230.777, 166.237
112.27, 102.855
Evaluation Time: 0.124147 seconds
Resulting Fitness: 0.381305
-------------
Particle: 13:
Relays Coordinates:
247.616, 196.197
202.059, 179.115
103.724, 70.6671
Evaluation Time: 0.250814 seconds
Resulting Fitness: 0.336525
-------------
Particle: 14:
Relays Coordinates:
307.979, 188.736
161.475, 172.785
97.4091, 80.5804
Evaluation Time: 0.169859 seconds
Resulting Fitness: 0.370498
-------------
Particle: 15:
Relays Coordinates:
297.367, 214.356
211.459, 188.157
110.298, 96.1783
Evaluation Time: 0.3057 seconds
Resulting Fitness: 0.377722
-------------
Particle: 16:
Relays Coordinates:
328.05, 192.54
201.863, 168.27
92.7977, 79.4798
Evaluation Time: 0.181829 seconds
Resulting Fitness: 0.389711
-------------
Particle: 17:
Relays Coordinates:
328.05, 209.022
211.055, 168.192
90.6625, 95.3667
Evaluation Time: 0.13909 seconds
Resulting Fitness: 0.390027
-------------
Particle: 18:
Relays Coordinates:
364.5, 234.891
217.194, 193.473
114.987, 88.9134
Evaluation Time: 0.202547 seconds
Resulting Fitness: 0.402015
New local best!
New global best!
-------------
Particle: 19:
Relays Coordinates:
328.05, 179.941
189.935, 158.266
92.2102, 77.1262
Evaluation Time: 0.249632 seconds
Resulting Fitness: 0.377563
-------------
Particle: 20:
Relays Coordinates:
334.113, 243.89
238.849, 169.81
105.132, 113.61
Evaluation Time: 0.143926 seconds
Resulting Fitness: 0.392603
New local best!
Current global best fitness: 0.402015
Current global best relays: 364.5, 234.891
217.194, 193.473
114.987, 88.9134
Particle 1 new velocities: 333.668, 255.449
273.756, 209.65
181.163, 157.618
Particle 2 new velocities: 286.624, 95.9481
260.735, 294.108
318.926, 177.831
Particle 3 new velocities: 159.536, 86.0142
64.2077, 58.5618
48.5561, 15.5224
Particle 4 new velocities: 161.377, 47.1754
63.0535, 61.5315
29.5025, 28.5261
Particle 5 new velocities: 233.105, 110.039
116.18, 99.4437
68.9596, 33.7163
Particle 6 new velocities: 271.218, 275.884
219.78, 310.75
111.901, 158.771
Particle 7 new velocities: 184.306, 86.0069
89.6236, 79.0664
44.6574, 35.9019
Particle 8 new velocities: 68.4921, 143.859
108.247, 83.2705
71.7793, 52.5366
Particle 9 new velocities: 120.16, 219.926
145.051, 280.3
72.8203, 100.648
Particle 10 new velocities: 71.1465, 52.2858
40.7421, 35.3389
28.802, 17.84
Particle 11 new velocities: 0, 71.3406
82.5186, 55.9558
31.0138, 24.0502
Particle 12 new velocities: 223.301, 44.353
44.1151, -4.68333
25.731, 11.89
Particle 13 new velocities: 162.561, 137.331
146.699, 92.3649
47.9323, 40.2033
Particle 14 new velocities: 222.645, 162.08
126.701, 97.3239
73.3065, 57.8317
Particle 15 new velocities: 203.51, 76.1105
75.0176, 53.8799
39.4684, 30.6391
Particle 16 new velocities: 38.896, 138.687
110.836, 93.7837
47.8258, 45.2426
Particle 17 new velocities: 56.9185, 140.511
77.609, 98.6414
82.3681, 44.0508
Particle 18 new velocities: 0, 75.2021
70.003, 55.1822
34.3989, 27.0646
Particle 19 new velocities: 38.7926, 50.0217
108.34, 95.6423
44.2922, 26.0942
Particle 20 new velocities: 209.396, 94.1835
119.019, 86.6666
39.9693, 43.4628
-- ITERATION 18 --
-------------
Particle: 1:
Relays Coordinates:
193.71, 169.753
171.901, 124.62
105.227, 102.386
Evaluation Time: 0.123341 seconds
Resulting Fitness: 0.304831
-------------
Particle: 2:
Relays Coordinates:
130.19, 76.3371
108.687, 106.414
132.687, 83.6202
Evaluation Time: 0.0866415 seconds
Resulting Fitness: 0.234603
-------------
Particle: 3:
Relays Coordinates:
328.05, 195.936
180.937, 162.211
96.9141, 73.5183
Evaluation Time: 0.0742928 seconds
Resulting Fitness: 0.384348
-------------
Particle: 4:
Relays Coordinates:
349.641, 181.478
205.169, 179.656
103.576, 85.4133
Evaluation Time: 0.0681295 seconds
Resulting Fitness: 0.391017
-------------
Particle: 5:
Relays Coordinates:
328.05, 227.518
216.292, 184.406
107.211, 88.4036
Evaluation Time: 0.0918582 seconds
Resulting Fitness: 0.39364
-------------
Particle: 6:
Relays Coordinates:
220.34, 195.788
181.245, 212.02
75.9418, 99.0625
Evaluation Time: 0.0808999 seconds
Resulting Fitness: 0.321407
-------------
Particle: 7:
Relays Coordinates:
284.745, 204.843
199.824, 185.796
99.4206, 86.1061
Evaluation Time: 0.0737003 seconds
Resulting Fitness: 0.365778
-------------
Particle: 8:
Relays Coordinates:
260.171, 245.403
212.744, 189.389
111.684, 103.512
Evaluation Time: 0.0578366 seconds
Resulting Fitness: 0.35417
-------------
Particle: 9:
Relays Coordinates:
220.763, 209.924
164.591, 203.575
82.2691, 89.9724
Evaluation Time: 0.0532478 seconds
Resulting Fitness: 0.324997
-------------
Particle: 10:
Relays Coordinates:
354.32, 220.412
212.236, 191.226
110.063, 93.8112
Evaluation Time: 0.0606791 seconds
Resulting Fitness: 0.400281
-------------
Particle: 11:
Relays Coordinates:
265.721, 210.049
221.672, 174.032
95.9242, 85.5486
Evaluation Time: 0.0784814 seconds
Resulting Fitness: 0.343678
-------------
Particle: 12:
Relays Coordinates:
295.245, 164.181
162.321, 95.3956
81.4885, 67.7558
Evaluation Time: 0.198952 seconds
Resulting Fitness: 0.343171
-------------
Particle: 13:
Relays Coordinates:
242.206, 196.945
205.939, 160.306
89.5516, 65.4679
Evaluation Time: 0.148151 seconds
Resulting Fitness: 0.333306
-------------
Particle: 14:
Relays Coordinates:
328.05, 230.17
189.072, 177.218
112.006, 90.8121
Evaluation Time: 0.0962581 seconds
Resulting Fitness: 0.389989
-------------
Particle: 15:
Relays Coordinates:
328.05, 190.575
187.957, 158.8
98.2617, 83.2049
Evaluation Time: 0.0723287 seconds
Resulting Fitness: 0.385318
-------------
Particle: 16:
Relays Coordinates:
240.753, 217.318
205.162, 171.933
92.2631, 81.8304
Evaluation Time: 0.0661443 seconds
Resulting Fitness: 0.339056
-------------
Particle: 17:
Relays Coordinates:
252.578, 229.329
189.393, 175.069
113.525, 91.4718
Evaluation Time: 0.0640644 seconds
Resulting Fitness: 0.366138
-------------
Particle: 18:
Relays Coordinates:
295.245, 251.175
232.63, 201.411
121.003, 93.9422
Evaluation Time: 0.0683856 seconds
Resulting Fitness: 0.363676
-------------
Particle: 19:
Relays Coordinates:
240.685, 150.878
195.699, 166.589
89.5592, 67.723
Evaluation Time: 0.0671334 seconds
Resulting Fitness: 0.319516
-------------
Particle: 20:
Relays Coordinates:
328.05, 221.81
234.797, 168.274
95.2009, 103.056
Evaluation Time: 0.096693 seconds
Resulting Fitness: 0.390503
Current global best fitness: 0.402015
Current global best relays: 364.5, 234.891
217.194, 193.473
114.987, 88.9134
Particle 1 new velocities: 65.4389, 145.02
251.945, 339.082
186.083, 179.368
Particle 2 new velocities: 587.951, 413.741
318.647, 244.412
316.731, 183.799
Particle 3 new velocities: 60.5576, 107.335
115.737, 61.2348
43.2732, 52.9635
Particle 4 new velocities: 165.548, 144.895
83.7292, 52.1456
53.8101, 28.5528
Particle 5 new velocities: 53.3493, 85.7881
70.1197, 77.4797
54.3823, 25.3881
Particle 6 new velocities: 235.332, 230.526
207.223, 239.163
73.5052, 115.81
Particle 7 new velocities: 190.044, 80.5111
90.2111, 68.8925
55.4741, 43.3131
Particle 8 new velocities: 230.155, 106.705
94.9979, 68.1056
37.4238, 29.5117
Particle 9 new velocities: 163.173, 217.701
183.768, 202.808
94.357, 80.6662
Particle 10 new velocities: 79.114, 60.8223
45.0957, 29.6776
27.8119, 18.3616
Particle 11 new velocities: 54.6591, 69.0526
64.7594, 53.1045
56.0147, 22.9111
Particle 12 new velocities: 150.506, 110.013
166.886, 175.391
81.6596, 27.5192
Particle 13 new velocities: 267.369, 216.357
71.3005, 118.805
57.6593, 57.1626
Particle 14 new velocities: 42.188, 115.259
147.641, 93.356
62.4452, 41.9407
Particle 15 new velocities: 74.4465, 175.523
114.494, 59.6401
50.6658, 46.9545
Particle 16 new velocities: 50.348, 148.5
105.398, 121.99
65.6098, 67.115
Particle 17 new velocities: 77.98, 109.095
84.725, 82.4554
61.2907, 38.8977
Particle 18 new velocities: 108.694, 49.3151
21.1296, 28.1663
19.7689, 13.0677
Particle 19 new velocities: 198.176, 167.477
118.919, 111.925
105.969, 46.9463
Particle 20 new velocities: 47.7649, 108.083
95.0314, 78.5841
55.994, 25.7877
-- ITERATION 19 --
-------------
Particle: 1:
Relays Coordinates:
90.3597, 109.754
147.786, 161.683
101.574, 98.2414
Evaluation Time: 0.0949869 seconds
Resulting Fitness: 0.245948
-------------
Particle: 2:
Relays Coordinates:
141.215, 138.413
120.692, 99.0836
126.929, 75.5271
Evaluation Time: 0.0526649 seconds
Resulting Fitness: 0.248013
-------------
Particle: 3:
Relays Coordinates:
314.772, 245.65
240.306, 180.991
113.552, 102.45
Evaluation Time: 0.0362032 seconds
Resulting Fitness: 0.387551
-------------
Particle: 4:
Relays Coordinates:
328.05, 214.134
189.546, 152.085
103.261, 74.7732
Evaluation Time: 0.0305558 seconds
Resulting Fitness: 0.386986
-------------
Particle: 5:
Relays Coordinates:
278.04, 228.4
208.794, 190.915
117.801, 82.9542
Evaluation Time: 0.0284433 seconds
Resulting Fitness: 0.359856
-------------
Particle: 6:
Relays Coordinates:
196.152, 183.514
167.222, 194.22
64.332, 92.4955
Evaluation Time: 0.0394767 seconds
Resulting Fitness: 0.310729
-------------
Particle: 7:
Relays Coordinates:
346.121, 208.023
211.436, 185.668
112.918, 94.3466
Evaluation Time: 0.0286898 seconds
Resulting Fitness: 0.39505
-------------
Particle: 8:
Relays Coordinates:
357.448, 256.687
224.344, 187.713
108.7, 96.9745
Evaluation Time: 0.0312628 seconds
Resulting Fitness: 0.405151
New local best!
New global best!
-------------
Particle: 9:
Relays Coordinates:
183.635, 204.532
166.619, 194.372
84.4797, 81.6159
Evaluation Time: 0.0301629 seconds
Resulting Fitness: 0.310709
-------------
Particle: 10:
Relays Coordinates:
351.082, 227.8
208.438, 178.932
111.679, 90.86
Evaluation Time: 0.0610967 seconds
Resulting Fitness: 0.397202
-------------
Particle: 11:
Relays Coordinates:
259.507, 226.072
232.009, 183.98
123.07, 87.8523
Evaluation Time: 0.218412 seconds
Resulting Fitness: 0.345989
-------------
Particle: 12:
Relays Coordinates:
263.212, 161.909
194.393, 159.897
96.3373, 56.259
Evaluation Time: 0.144977 seconds
Resulting Fitness: 0.333091
-------------
Particle: 13:
Relays Coordinates:
295.245, 244.051
163.707, 164.812
86.9265, 72.4121
Evaluation Time: 0.175645 seconds
Resulting Fitness: 0.367355
-------------
Particle: 14:
Relays Coordinates:
242.913, 226.636
220.918, 177.524
114.458, 87.0991
Evaluation Time: 0.110396 seconds
Resulting Fitness: 0.344819
-------------
Particle: 15:
Relays Coordinates:
293.42, 266.885
220.487, 159.243
108.568, 94.8862
Evaluation Time: 0.0974871 seconds
Resulting Fitness: 0.381437
-------------
Particle: 16:
Relays Coordinates:
190.992, 240.013
203.758, 192.843
103.58, 97.723
Evaluation Time: 0.059408 seconds
Resulting Fitness: 0.333104
-------------
Particle: 17:
Relays Coordinates:
216.879, 222.04
179.848, 168.962
114.697, 85.5354
Evaluation Time: 0.0448172 seconds
Resulting Fitness: 0.333138
-------------
Particle: 18:
Relays Coordinates:
327.191, 243.397
205.545, 185.957
114.025, 86.678
Evaluation Time: 0.0369107 seconds
Resulting Fitness: 0.39256
-------------
Particle: 19:
Relays Coordinates:
287.937, 208.873
206.421, 182.733
128.286, 75.2345
Evaluation Time: 0.0415357 seconds
Resulting Fitness: 0.371104
-------------
Particle: 20:
Relays Coordinates:
246.572, 216.443
216.401, 161.964
99.199, 84.5342
Evaluation Time: 0.0439895 seconds
Resulting Fitness: 0.339898
Current global best fitness: 0.405151
Current global best relays: 357.448, 256.687
224.344, 187.713
108.7, 96.9745
Particle 1 new velocities: 313.957, 202.634
275.679, 403.223
175.42, 244.183
Particle 2 new velocities: 420.525, 386.949
313.17, 244.6
284.968, 214.258
Particle 3 new velocities: 101.78, 57.4191
53.9104, 64.6194
26.4399, 29.7906
Particle 4 new velocities: 49.2761, 186
119.789, 69.1159
67.1794, 30.9985
Particle 5 new velocities: 124.107, 81.5936
47.7944, 56.2772
20.4262, 40.5676
Particle 6 new velocities: 310.905, 280.324
207.046, 212.725
45.2343, 107.009
Particle 7 new velocities: 162.612, 98.1352
79.0558, 57.8204
35.717, 39.119
Particle 8 new velocities: 184.124, 85.364
75.9983, 54.4845
29.939, 23.6094
Particle 9 new velocities: 337.973, 227.267
268.008, 152.474
95.9986, 98.8384
Particle 10 new velocities: 82.6137, 47.5432
58.7473, 56.2186
19.1354, 28.531
Particle 11 new velocities: 150.032, 55.6761
50.0459, 44.7585
3.8759, 24.6968
Particle 12 new velocities: 298.42, 170.599
191.349, 154.457
82.4933, 57.6272
Particle 13 new velocities: 20.6515, 192.16
150.694, 144.937
78.3389, 67.8013
Particle 14 new velocities: 139.289, 129.242
120.087, 98.1381
42.2533, 49.8785
Particle 15 new velocities: 135.536, 111.272
92.7875, 90.2207
40.9614, 42.926
Particle 16 new velocities: 266.841, 143.589
122.033, 94.0301
57.248, 54.9892
Particle 17 new velocities: 196.505, 108.19
116.892, 92.8365
46.1962, 35.0846
Particle 18 new velocities: 170.125, 51.6377
30.4717, 28.9768
14.8895, 26.0719
Particle 19 new velocities: 244.758, 217.311
120.068, 100.582
65.307, 55.4856
Particle 20 new velocities: 259.896, 143.539
110.253, 98.0543
49.817, 37.2567
-- ITERATION 20 --
-------------
Particle: 1:
Relays Coordinates:
140.977, 108.923
147.653, 174.339
96.5817, 119.396
Evaluation Time: 0.0576474 seconds
Resulting Fitness: 0.273043
-------------
Particle: 2:
Relays Coordinates:
141.215, 141.215
122.535, 97.0663
116.332, 81.844
Evaluation Time: 0.097715 seconds
Resulting Fitness: 0.246844
-------------
Particle: 3:
Relays Coordinates:
303.666, 220.937
214.484, 179.05
102.054, 96.4036
Evaluation Time: 0.257827 seconds
Resulting Fitness: 0.382102
-------------
Particle: 4:
Relays Coordinates:
275.071, 291.697
225.505, 161.255
124.251, 77.1075
Evaluation Time: 0.255107 seconds
Resulting Fitness: 0.380622
-------------
Particle: 5:
Relays Coordinates:
325.739, 251.095
207.837, 200.225
111.964, 100.053
Evaluation Time: 0.135366 seconds
Resulting Fitness: 0.393109
-------------
Particle: 6:
Relays Coordinates:
215.234, 199.667
161.11, 175.176
47.1647, 85.88
Evaluation Time: 0.140228 seconds
Resulting Fitness: 0.316008
-------------
Particle: 7:
Relays Coordinates:
328.05, 200.871
190.591, 159.753
97.5196, 87.5668
Evaluation Time: 0.134721 seconds
Resulting Fitness: 0.389235
-------------
Particle: 8:
Relays Coordinates:
328.05, 224.419
197.055, 158.906
90.9608, 79.1151
Evaluation Time: 0.133979 seconds
Resulting Fitness: 0.389988
-------------
Particle: 9:
Relays Coordinates:
239.148, 206.528
207.881, 165.895
86.3222, 86.3107
Evaluation Time: 0.135379 seconds
Resulting Fitness: 0.337792
-------------
Particle: 10:
Relays Coordinates:
351.293, 223.028
216.42, 190.472
105.959, 96.7067
Evaluation Time: 0.0929386 seconds
Resulting Fitness: 0.398937
-------------
Particle: 11:
Relays Coordinates:
298.554, 205.395
205.618, 166.751
92.5439, 82.0483
Evaluation Time: 0.106072 seconds
Resulting Fitness: 0.379655
-------------
Particle: 12:
Relays Coordinates:
265.721, 176.708
204.999, 167.06
95.0379, 60.5238
Evaluation Time: 0.208938 seconds
Resulting Fitness: 0.331068
-------------
Particle: 13:
Relays Coordinates:
207.26, 286.198
206.278, 203.227
108.431, 91.994
Evaluation Time: 0.146532 seconds
Resulting Fitness: 0.382895
New local best!
-------------
Particle: 14:
Relays Coordinates:
250.763, 233.492
223.733, 180.862
102.818, 89.871
Evaluation Time: 0.142104 seconds
Resulting Fitness: 0.34506
-------------
Particle: 15:
Relays Coordinates:
312.709, 275.676
228.377, 181.859
109.007, 100.465
Evaluation Time: 0.116835 seconds
Resulting Fitness: 0.391767
-------------
Particle: 16:
Relays Coordinates:
300.384, 251.681
213.751, 188.218
105.519, 100.194
Evaluation Time: 0.0787076 seconds
Resulting Fitness: 0.382492
-------------
Particle: 17:
Relays Coordinates:
301.357, 240.737
216.324, 190.851
117.291, 87.932
Evaluation Time: 0.046994 seconds
Resulting Fitness: 0.381443
-------------
Particle: 18:
Relays Coordinates:
264.294, 156.794
125.429, 114.225
68.5104, 59.9199
Evaluation Time: 0.0410242 seconds
Resulting Fitness: 0.3247
-------------
Particle: 19:
Relays Coordinates:
328.05, 279.619
214.209, 185.883
127.016, 85.7655
Evaluation Time: 0.0420367 seconds
Resulting Fitness: 0.389219
-------------
Particle: 20:
Relays Coordinates:
328.05, 236.184
214.317, 170.598
97.7694, 79.907
Evaluation Time: 0.183658 seconds
Resulting Fitness: 0.390423
Simulation of the best surrogate solution results: 0.275
Final Evaluation Time: 44.2681 seconds
Final global best fitness: 0.405151
Final global best relays:
357.448, 256.687
224.344, 187.713
108.7, 96.9745
