PSO EXECUTION
============================
Seed: 37283284
Particles: 4
Relays: 4
Iterations: 100
Backend: Hybrid
Network Configuration: 1
Area: 350 x 350
Sink: 0, 0
Simulated Relay range: 150
w: 0.8
c1: 1.2
c2: 1.8

Relay Nodes Positions: 
PARTICLE 1: 
275.329, 237.264
55.1603, 70.5482
174.729, 147.528
233.639, 291.97
PARTICLE 2: 
40.055, 81.5476
224.301, 199.151
110.853, 149.62
272.266, 314.487
PARTICLE 3: 
297.906, 295.214
186.482, 258.919
86.9459, 11.324
145.35, 123.044
PARTICLE 4: 
73.9804, 114.147
217.941, 176.875
318.999, 268.521
137.822, 75.1121
Nodes Positions: 
113.001, 64.9085
181.518, 42.4974
259.72, 235.093
5.93922, 165.152
218.843, 196.614
43.8501, 154.006
342.894, 112.562
135.299, 264.825
160.705, 129.493
320.689, 29.082
66.3196, 338.242
274.557, 21.4516
145.756, 59.7172
241.415, 100.345
295.924, 11.2715
25.1297, 240.231
266.996, 301.547
78.6802, 0.0960066
33.8658, 322.513
194.589, 80.2092
35.2156, 345.646
93.5407, 277.9
228.31, 254.557
83.905, 146.848
11.8064, 282.277
309.66, 183.221
248.038, 309.633
184.06, 331.718
155.543, 206.21
326.013, 186.774
96.357, 221.721
127.426, 135.973
333.221, 48.074
299.525, 173.964
167.55, 121.328
55.7011, 89.2967
287.293, 296.992
213.183, 218.342
201.98, 72.2107
121.839, 250.472
All particles start with velocity zero
-- ITERATION 0 --
-------------
Particle: 1:
Relays Coordinates:
275.329, 237.264
55.1603, 70.5482
174.729, 147.528
233.639, 291.97
Evaluation Time: 0.138653 seconds
Resulting Fitness: 0.7815
New local best!
New global best!
-------------
Particle: 2:
Relays Coordinates:
40.055, 81.5476
224.301, 199.151
110.853, 149.62
272.266, 314.487
Evaluation Time: 0.0772903 seconds
Resulting Fitness: 0.785167
New local best!
New global best!
-------------
Particle: 3:
Relays Coordinates:
297.906, 295.214
186.482, 258.919
86.9459, 11.324
145.35, 123.044
Evaluation Time: 0.0449989 seconds
Resulting Fitness: 0.774667
New local best!
-------------
Particle: 4:
Relays Coordinates:
73.9804, 114.147
217.941, 176.875
318.999, 268.521
137.822, 75.1121
Evaluation Time: 0.0368969 seconds
Resulting Fitness: 0.801875
New local best!
New global best!
Current global best fitness: 0.801875
Current global best relays: 73.9804, 114.147
217.941, 176.875
318.999, 268.521
137.822, 75.1121
Particle 1 new velocities: -123.422, -35.9008
106.829, 80.2972
2.09062, 150.627
-29.9687, -24.0356
Particle 2 new velocities: 56.2225, 49.1583
-5.06239, -17.6146
373.522, 114.539
-185.651, -57.8246
Particle 3 new velocities: -372.631, -81.8013
2.33638, -75.5172
352.785, 232.951
-9.25319, -55.1203
Particle 4 new velocities: 0, 0
0, 0
0, 0
0, 0
-- ITERATION 1 --
-------------
Particle: 1:
Relays Coordinates:
151.906, 201.363
161.989, 150.845
176.82, 298.154
203.67, 267.934
Evaluation Time: 0.000149784 seconds
Resulting Fitness: 0
-------------
Particle: 2:
Relays Coordinates:
96.2775, 130.706
219.239, 181.537
350, 264.159
86.6158, 256.663
Evaluation Time: 0.000109618 seconds
Resulting Fitness: 0
-------------
Particle: 3:
Relays Coordinates:
0, 213.413
188.818, 183.402
350, 244.275
136.097, 67.9239
Evaluation Time: 9.8442e-05 seconds
Resulting Fitness: 0
-------------
Particle: 4:
Relays Coordinates:
73.9804, 114.147
217.941, 176.875
318.999, 268.521
137.822, 75.1121
Evaluation Time: 0.0452178 seconds
Resulting Fitness: 0.801875
Current global best fitness: 0.801875
Current global best relays: 73.9804, 114.147
217.941, 176.875
318.999, 268.521
137.822, 75.1121
Particle 1 new velocities: -143.478, -49.8073
72.8627, 51.0436
130.31, -50.7753
-57.7901, -49.648
Particle 2 new velocities: -8.16982, 16.8509
-0.973374, -7.11747
-188.312, 62.5136
-41.321, -200.118
Particle 3 new velocities: 201.73, -107.627
37.3481, -21.1264
-315.858, 129.993
3.18905, -41.6275
Particle 4 new velocities: 0, 0
0, 0
0, 0
0, 0
-- ITERATION 2 --
-------------
Particle: 1:
Relays Coordinates:
8.42884, 151.556
234.852, 201.889
307.13, 247.379
145.88, 218.286
Evaluation Time: 9.9289e-05 seconds
Resulting Fitness: 0
-------------
Particle: 2:
Relays Coordinates:
88.1077, 147.557
218.266, 174.419
161.688, 326.672
45.2948, 56.5445
Evaluation Time: 6.9954e-05 seconds
Resulting Fitness: 0
-------------
Particle: 3:
Relays Coordinates:
201.73, 105.786
226.166, 162.276
34.142, 350
139.286, 26.2964
Evaluation Time: 8.865e-05 seconds
Resulting Fitness: 0
-------------
Particle: 4:
Relays Coordinates:
73.9804, 114.147
217.941, 176.875
318.999, 268.521
137.822, 75.1121
Evaluation Time: 0.0454563 seconds
Resulting Fitness: 0.801875
Current global best fitness: 0.801875
Current global best relays: 73.9804, 114.147
217.941, 176.875
318.999, 268.521
137.822, 75.1121
Particle 1 new velocities: 49.9692, 46.3484
30.6559, -81.4915
103.257, -52.604
-36.8228, -96.0414
Particle 2 new velocities: -30.2005, -67.1518
0.475812, -0.287381
-81.8964, -74.5193
167.448, -70.4884
Particle 3 new velocities: 107.824, -62.9804
-18.6745, 16.59
240.22, -374.937
5.06744, 87.5522
Particle 4 new velocities: 0, 0
0, 0
0, 0
0, 0
-- ITERATION 3 --
-------------
Particle: 1:
Relays Coordinates:
58.3981, 197.904
265.508, 120.398
350, 194.775
109.057, 122.245
Evaluation Time: 0.000171779 seconds
Resulting Fitness: 0
-------------
Particle: 2:
Relays Coordinates:
57.9072, 80.405
218.741, 174.132
79.7917, 252.153
212.742, 0
Evaluation Time: 0.00013115 seconds
Resulting Fitness: 0
-------------
Particle: 3:
Relays Coordinates:
309.554, 42.806
207.492, 178.866
274.362, 0
144.354, 113.849
Evaluation Time: 0.000143063 seconds
Resulting Fitness: 0
-------------
Particle: 4:
Relays Coordinates:
73.9804, 114.147
217.941, 176.875
318.999, 268.521
137.822, 75.1121
Evaluation Time: 0.063449 seconds
Resulting Fitness: 0.801875
New local best!
New global best!
Current global best fitness: 0.801875
Current global best relays: 73.9804, 114.147
217.941, 176.875
318.999, 268.521
137.822, 75.1121
Particle 1 new velocities: 128.981, 25.4825
-51.4543, -49.4638
-114.969, 49.657
14.4525, -75.2599
Particle 2 new velocities: -19.1203, 2.00403
-0.243325, 21.0842
76.0809, -119.727
161.773, 284.978
Particle 3 new velocities: -129.866, 128.302
-6.24347, 66.926
163.307, 321.045
-1.98987, 79.7712
Particle 4 new velocities: 0, 0
0, 0
0, 0
0, 0
-- ITERATION 4 --
-------------
Particle: 1:
Relays Coordinates:
187.38, 223.387
214.053, 70.9338
235.031, 244.432
123.51, 46.9847
Evaluation Time: 0.0002007 seconds
Resulting Fitness: 0
-------------
Particle: 2:
Relays Coordinates:
38.7868, 82.409
218.498, 195.216
155.873, 132.426
350, 284.978
Evaluation Time: 0.00024148 seconds
Resulting Fitness: 0
-------------
Particle: 3:
Relays Coordinates:
179.688, 171.108
201.248, 245.792
350, 321.045
142.364, 193.62
Evaluation Time: 0.000257996 seconds
Resulting Fitness: 0
-------------
Particle: 4:
Relays Coordinates:
73.9804, 114.147
217.941, 176.875
318.999, 268.521
137.822, 75.1121
Evaluation Time: 0.0789244 seconds
Resulting Fitness: 0.801875
Current global best fitness: 0.801875
Current global best relays: 73.9804, 114.147
217.941, 176.875
318.999, 268.521
137.822, 75.1121
Particle 1 new velocities: -14.3393, -143.25
-210.988, -20.2639
-10.7073, -44.0935
128.423, 253.853
Particle 2 new velocities: 16.8227, 16.4848
1.71691, -3.26565
170.96, -56.9915
-178.109, 225.833
Particle 3 new velocities: -281.104, 82.8137
-1.04916, 43.6076
-274.756, 85.3111
-4.35712, -130.865
Particle 4 new velocities: 0, 0
0, 0
0, 0
0, 0
-- ITERATION 5 --
-------------
Particle: 1:
Relays Coordinates:
173.04, 80.1364
3.0659, 50.6699
224.323, 200.338
251.933, 300.837
Evaluation Time: 0.000320143 seconds
Resulting Fitness: 0
-------------
Particle: 2:
Relays Coordinates:
55.6096, 98.8938
220.215, 191.95
326.832, 75.4343
171.891, 350
Evaluation Time: 0.000370424 seconds
Resulting Fitness: 0
-------------
Particle: 3:
Relays Coordinates:
0, 253.922
200.199, 289.4
75.2445, 350
138.007, 62.7546
Evaluation Time: 0.000265847 seconds
Resulting Fitness: 0
-------------
Particle: 4:
Relays Coordinates:
73.9804, 114.147
217.941, 176.875
318.999, 268.521
137.822, 75.1121
Evaluation Time: 0.0783976 seconds
Resulting Fitness: 0.801875
Current global best fitness: 0.801875
Current global best relays: 73.9804, 114.147
217.941, 176.875
318.999, 268.521
137.822, 75.1121
Particle 1 new velocities: 25.112, 9.12531
159.647, 161.519
26.5759, 11.7682
-68.4055, -106.264
Particle 2 new velocities: 11.6758, 18.7913
1.47354, -16.8877
47.5545, 243.154
-99.3021, -349.815
Particle 3 new velocities: 314.486, -158.77
5.63439, -168.555
-212.683, -424.96
4.27968, -55.2365
Particle 4 new velocities: 0, 0
0, 0
0, 0
0, 0
-- ITERATION 6 --
-------------
Particle: 1:
Relays Coordinates:
198.152, 89.2617
162.713, 212.189
250.899, 212.107
183.527, 194.573
Evaluation Time: 0.00013297 seconds
Resulting Fitness: 0
-------------
Particle: 2:
Relays Coordinates:
67.2854, 117.685
221.689, 175.063
350, 318.588
72.5894, 0.184797
Evaluation Time: 9.1216e-05 seconds
Resulting Fitness: 0
-------------
Particle: 3:
Relays Coordinates:
314.486, 95.1523
205.834, 120.845
0, 0
142.286, 7.51812
Evaluation Time: 0.0493552 seconds
Resulting Fitness: 0.801833
New local best!
-------------
Particle: 4:
Relays Coordinates:
73.9804, 114.147
217.941, 176.875
318.999, 268.521
137.822, 75.1121
Evaluation Time: 0.0302069 seconds
Resulting Fitness: 0.801875
Current global best fitness: 0.801875
Current global best relays: 73.9804, 114.147
217.941, 176.875
318.999, 268.521
137.822, 75.1121
Particle 1 new velocities: -81.5974, 218.276
94.2269, 58.5335
4.17259, -6.33982
-123.409, -93.687
Particle 2 new velocities: 5.8386, -13.2178
-0.177022, 8.56408
-53.8575, -6.60243
170.175, -185.128
Particle 3 new velocities: 8.66715, -92.9351
16.553, -64.6891
388.257, 292.285
1.81481, 56.3759
Particle 4 new velocities: 0, 0
0, 0
0, 0
0, 0
-- ITERATION 7 --
-------------
Particle: 1:
Relays Coordinates:
116.555, 307.537
256.94, 270.723
255.072, 205.767
60.1178, 100.886
Evaluation Time: 0.000159394 seconds
Resulting Fitness: 0
-------------
Particle: 2:
Relays Coordinates:
73.124, 104.467
221.512, 183.627
296.142, 311.986
242.764, 0
Evaluation Time: 7.6195e-05 seconds
Resulting Fitness: 0
-------------
Particle: 3:
Relays Coordinates:
323.153, 2.21712
222.387, 56.1555
350, 292.285
144.101, 63.8941
Evaluation Time: 7.258e-05 seconds
Resulting Fitness: 0
-------------
Particle: 4:
Relays Coordinates:
73.9804, 114.147
217.941, 176.875
318.999, 268.521
137.822, 75.1121
Evaluation Time: 0.0410782 seconds
Resulting Fitness: 0.801875
Current global best fitness: 0.801875
Current global best relays: 73.9804, 114.147
217.941, 176.875
318.999, 268.521
137.822, 75.1121
Particle 1 new velocities: 79.539, -96.7425
4.52907, -133.864
-45.1144, 21.7581
60.0324, -48.2146
Particle 2 new velocities: -31.032, -17.8175
-0.430152, -1.57218
-68.3348, -112.617
113.342, 263.082
Particle 3 new velocities: -59.1805, 181.919
1.43978, 83.9311
-23.0398, 41.3028
-6.3565, -2.49831
Particle 4 new velocities: 0, 0
0, 0
0, 0
0, 0
-- ITERATION 8 --
-------------
Particle: 1:
Relays Coordinates:
196.094, 210.795
261.469, 136.859
209.958, 227.525
120.15, 52.6715
Evaluation Time: 0.000102657 seconds
Resulting Fitness: 0
-------------
Particle: 2:
Relays Coordinates:
42.0919, 86.6498
221.081, 182.054
227.808, 199.369
350, 263.082
Evaluation Time: 8.1417e-05 seconds
Resulting Fitness: 0
-------------
Particle: 3:
Relays Coordinates:
263.973, 184.136
223.826, 140.087
326.96, 333.588
137.745, 61.3957
Evaluation Time: 8.0692e-05 seconds
Resulting Fitness: 0
-------------
Particle: 4:
Relays Coordinates:
73.9804, 114.147
217.941, 176.875
318.999, 268.521
137.822, 75.1121
Evaluation Time: 0.067969 seconds
Resulting Fitness: 0.801875
Current global best fitness: 0.801875
Current global best relays: 73.9804, 114.147
217.941, 176.875
318.999, 268.521
137.822, 75.1121
Particle 1 new velocities: 44.7784, -205.279
-115.107, -111.592
22.5644, 17.0244
75.0931, -7.08073
Particle 2 new velocities: -23.0891, 1.0375
-2.69507, 12.2906
-33.6302, -91.651
-314.847, 92.1411
Particle 3 new velocities: -359.342, 40.9637
-11.8555, 89.4987
-337.763, -127.343
-0.85527, 0.0430548
Particle 4 new velocities: 0, 0
0, 0
0, 0
0, 0
-- ITERATION 9 --
-------------
Particle: 1:
Relays Coordinates:
240.872, 5.51602
146.362, 25.2668
232.522, 244.549
195.243, 45.5908
Evaluation Time: 0.946461 seconds
Resulting Fitness: 0.479167
-------------
Particle: 2:
Relays Coordinates:
19.0028, 87.6873
218.386, 194.345
194.177, 107.718
35.1534, 350
Evaluation Time: 1.10019 seconds
Resulting Fitness: 0.270833
-------------
Particle: 3:
Relays Coordinates:
0, 225.1
211.971, 229.585
0, 206.245
136.889, 61.4388
Evaluation Time: 0.967744 seconds
Resulting Fitness: 0.4
-------------
Particle: 4:
Relays Coordinates:
73.9804, 114.147
217.941, 176.875
318.999, 268.521
137.822, 75.1121
Evaluation Time: 1.12374 seconds
Resulting Fitness: 0.7875
Current global best fitness: 0.801875
Current global best relays: 73.9804, 114.147
217.941, 176.875
318.999, 268.521
137.822, 75.1121
Particle 1 new velocities: 21.9933, 8.39405
-102.474, 142.308
112.035, -84.622
7.007, 80.2178
Particle 2 new velocities: 50.1754, 17.0201
2.96752, -5.26785
132.378, -0.932288
-69.3093, -308.28
Particle 3 new velocities: 369.643, -171.854
-2.35284, -124.768
110.967, -243.18
3.77991, -10.4986
Particle 4 new velocities: 0, 0
0, 0
0, 0
0, 0
-- ITERATION 10 --
-------------
Particle: 1:
Relays Coordinates:
262.865, 13.9101
43.8878, 167.575
344.557, 159.927
202.25, 125.809
Evaluation Time: 0.000112483 seconds
Resulting Fitness: 0
-------------
Particle: 2:
Relays Coordinates:
69.1783, 104.707
221.354, 189.077
326.555, 106.786
0, 41.7198
Evaluation Time: 8.7527e-05 seconds
Resulting Fitness: 0
-------------
Particle: 3:
Relays Coordinates:
350, 53.2456
209.618, 104.817
110.967, 0
140.669, 50.9402
Evaluation Time: 0.0690676 seconds
Resulting Fitness: 0.82725
New local best!
New global best!
-------------
Particle: 4:
Relays Coordinates:
73.9804, 114.147
217.941, 176.875
318.999, 268.521
137.822, 75.1121
Evaluation Time: 0.0411313 seconds
Resulting Fitness: 0.801875
Current global best fitness: 0.82725
Current global best relays: 350, 53.2456
209.618, 104.817
110.967, 0
140.669, 50.9402
Particle 1 new velocities: 80.3475, 220.702
-62.0403, -10.1974
-125.264, -347.044
-16.0369, 158.593
Particle 2 new velocities: 219.23, -63.9125
-1.6815, -147.274
-461.297, 21.3471
524.705, -44.5338
Particle 3 new velocities: 0, -137.483
-1.88227, -99.8143
88.774, 0
3.02393, -8.39891
Particle 4 new velocities: 97.5093, -9.24138
-12.0105, -61.2586
-0.710141, -244.291
1.05037, -7.87576
-- ITERATION 11 --
-------------
Particle: 1:
Relays Coordinates:
343.213, 234.612
0, 157.377
219.293, 0
186.213, 284.402
Evaluation Time: 0.000106531 seconds
Resulting Fitness: 0
-------------
Particle: 2:
Relays Coordinates:
288.408, 40.7949
219.672, 41.8037
0, 128.133
350, 0
Evaluation Time: 7.5363e-05 seconds
Resulting Fitness: 0
-------------
Particle: 3:
Relays Coordinates:
350, 0
207.736, 5.00315
199.741, 0
143.693, 42.5413
Evaluation Time: 0.0444266 seconds
Resulting Fitness: 0.833375
New local best!
New global best!
-------------
Particle: 4:
Relays Coordinates:
171.49, 104.906
205.93, 115.616
318.289, 24.2301
138.872, 67.2364
Evaluation Time: 9.8467e-05 seconds
Resulting Fitness: 0
Current global best fitness: 0.833375
Current global best relays: 350, 0
207.736, 5.00315
199.741, 0
143.693, 42.5413
Particle 1 new velocities: -12.0856, -4.64779
300.05, -134.94
-135.761, 116.265
-49.3201, -191.551
Particle 2 new velocities: 145.114, -67.3076
-10.1637, -81.9872
302.125, -115.867
-325.503, 128.757
Particle 3 new velocities: 0, 0
-1.50582, -79.8514
71.0192, 0
2.41915, -6.71913
Particle 4 new velocities: 314.037, -77.1768
3.62075, -225.626
-12.7267, 24.3988
3.00028, -36.6854
-- ITERATION 12 --
-------------
Particle: 1:
Relays Coordinates:
331.127, 229.964
300.05, 22.4378
83.5319, 116.265
136.893, 92.8507
Evaluation Time: 7.21e-05 seconds
Resulting Fitness: 0
-------------
Particle: 2:
Relays Coordinates:
350, 0
209.509, 0
302.125, 12.2657
24.4971, 128.757
Evaluation Time: 6.9854e-05 seconds
Resulting Fitness: 0
-------------
Particle: 3:
Relays Coordinates:
350, 0
206.23, 0
270.761, 0
146.112, 35.8221
Evaluation Time: 6.9854e-05 seconds
Resulting Fitness: 0
-------------
Particle: 4:
Relays Coordinates:
350, 27.7287
209.551, 0
305.562, 48.6289
141.873, 30.551
Evaluation Time: 0.047733 seconds
Resulting Fitness: 0.831375
New local best!
Current global best fitness: 0.833375
Current global best relays: 350, 0
207.736, 5.00315
199.741, 0
143.693, 42.5413
Particle 1 new velocities: -7.35927, -290.836
174.437, -87.7429
19.7605, 51.7838
74.7309, -149.238
Particle 2 new velocities: -287.788, 54.9619
7.59428, 241.508
203.613, 12.9538
-27.2642, 56.9677
Particle 3 new velocities: 0, 0
0.137087, 5.06281
-123.396, 0
0.879619, 9.09509
Particle 4 new velocities: 0, -85.5975
0.128947, 0.432761
-122.426, -43.8751
4.78143, -21.2232
-- ITERATION 13 --
-------------
Particle: 1:
Relays Coordinates:
323.768, 0
350, 0
103.292, 168.049
211.624, 0
Evaluation Time: 9.4622e-05 seconds
Resulting Fitness: 0
-------------
Particle: 2:
Relays Coordinates:
62.212, 54.9619
217.103, 241.508
350, 25.2195
0, 185.725
Evaluation Time: 8.8256e-05 seconds
Resulting Fitness: 0
-------------
Particle: 3:
Relays Coordinates:
350, 0
206.367, 5.06281
147.365, 0
146.992, 44.9172
Evaluation Time: 0.0371592 seconds
Resulting Fitness: 0.828583
-------------
Particle: 4:
Relays Coordinates:
350, 0
209.68, 0.432761
183.136, 4.75379
146.654, 9.32779
Evaluation Time: 0.0560378 seconds
Resulting Fitness: 0.82475
Current global best fitness: 0.833375
Current global best relays: 350, 0
207.736, 5.00315
199.741, 0
143.693, 42.5413
Particle 1 new velocities: 12.6616, 185.464
-430.144, 6.54833
87.3163, -100.092
41.0036, 238.042
Particle 2 new velocities: 255.469, 31.8201
-3.3266, 119.847
-231.258, 102.22
236.924, 133.988
Particle 3 new velocities: 0, 0
2.14006, 4.01216
-46.0123, 0
-2.59323, 3.95872
Particle 4 new velocities: 0, 8.50058
-2.15763, 5.25457
-6.72118, 4.40079
1.165, 39.2817
-- ITERATION 14 --
-------------
Particle: 1:
Relays Coordinates:
336.43, 185.464
0, 6.54833
190.609, 67.9565
252.628, 238.042
Evaluation Time: 0.000150508 seconds
Resulting Fitness: 0
-------------
Particle: 2:
Relays Coordinates:
317.681, 86.7819
213.776, 350
118.742, 127.44
236.924, 319.713
Evaluation Time: 8.7486e-05 seconds
Resulting Fitness: 0
-------------
Particle: 3:
Relays Coordinates:
350, 0
208.507, 9.07497
101.352, 0
144.399, 48.8759
Evaluation Time: 0.0317785 seconds
Resulting Fitness: 0.828292
-------------
Particle: 4:
Relays Coordinates:
350, 8.50058
207.522, 5.68733
176.414, 9.15458
147.819, 48.6095
Evaluation Time: 0.000167436 seconds
Resulting Fitness: 0
Current global best fitness: 0.833375
Current global best relays: 350, 0
207.736, 5.00315
199.741, 0
143.693, 42.5413
Particle 1 new velocities: 0.445764, 14.6512
237.039, 76.3468
77.0789, -50.2133
-125.442, 106.633
Particle 2 new velocities: 58.5256, -11.2148
-2.59547, -641.765
-182.966, 73.0671
160.133, 71.6891
Particle 3 new velocities: 0, 0
0.35276, -1.71499
253.124, 0
-2.85791, 1.35703
Particle 4 new velocities: 0, 13.1974
-0.833808, -2.06094
137.473, -3.67983
-1.44635, 7.02105
-- ITERATION 15 --
-------------
Particle: 1:
Relays Coordinates:
336.875, 200.115
237.039, 82.8951
267.688, 17.7432
127.186, 344.675
Evaluation Time: 6.8619e-05 seconds
Resulting Fitness: 0
-------------
Particle: 2:
Relays Coordinates:
350, 75.5671
211.181, 0
0, 200.507
350, 350
Evaluation Time: 6.6701e-05 seconds
Resulting Fitness: 0
-------------
Particle: 3:
Relays Coordinates:
350, 0
208.86, 7.35997
350, 0
141.541, 50.233
Evaluation Time: 7.4967e-05 seconds
Resulting Fitness: 0
-------------
Particle: 4:
Relays Coordinates:
350, 21.698
206.689, 3.62639
313.888, 5.47475
146.373, 55.6306
Evaluation Time: 7.1974e-05 seconds
Resulting Fitness: 0
Current global best fitness: 0.833375
Current global best relays: 350, 0
207.736, 5.00315
199.741, 0
143.693, 42.5413
Particle 1 new velocities: -30.7652, -18.5943
55.7585, 17.5236
-19.9275, -51.5461
-30.2422, -196.927
Particle 2 new velocities: -19.3015, -43.8457
8.31801, 226.398
97.7042, -101.749
-368.629, -553.418
Particle 3 new velocities: 0, 0
-0.829726, -3.23208
-163.066, 0
3.79097, -15.5204
Particle 4 new velocities: 0, -9.18662
2.68333, -2.90244
-95.5969, -2.85074
-7.42621, -24.8101
-- ITERATION 16 --
-------------
Particle: 1:
Relays Coordinates:
306.11, 181.52
292.798, 100.419
247.76, 0
96.9438, 147.748
Evaluation Time: 6.5316e-05 seconds
Resulting Fitness: 0
-------------
Particle: 2:
Relays Coordinates:
330.698, 31.7214
219.499, 226.398
97.7042, 98.7573
0, 0
Evaluation Time: 6.8768e-05 seconds
Resulting Fitness: 0
-------------
Particle: 3:
Relays Coordinates:
350, 0
208.03, 4.1279
186.934, 0
145.332, 34.7126
Evaluation Time: 0.0459214 seconds
Resulting Fitness: 0.832542
-------------
Particle: 4:
Relays Coordinates:
350, 12.5114
209.372, 0.723952
218.291, 2.624
138.946, 30.8205
Evaluation Time: 0.0439686 seconds
Resulting Fitness: 0.841333
New local best!
New global best!
Current global best fitness: 0.841333
Current global best relays: 350, 12.5114
209.372, 0.723952
218.291, 2.624
138.946, 30.8205
Particle 1 new velocities: -9.01177, -241.581
-144.785, 4.01078
-87.4251, 90.4041
80.3722, -252.961
Particle 2 new velocities: -31.4222, -34.2583
0.910997, -120.983
283.44, -145.808
471.11, 343.87
Particle 3 new velocities: 0, 14.7915
0.40192, -2.98071
-122.448, 1.35365
-0.949394, -11.558
Particle 4 new velocities: 0, -7.3493
2.14666, -2.32195
-76.4775, -2.2806
-5.94097, -19.8481
-- ITERATION 17 --
-------------
Particle: 1:
Relays Coordinates:
297.098, 0
148.013, 104.429
160.335, 90.4041
177.316, 0
Evaluation Time: 0.000126174 seconds
Resulting Fitness: 0
-------------
Particle: 2:
Relays Coordinates:
299.276, 0
220.41, 105.415
350, 0
350, 343.87
Evaluation Time: 7.2938e-05 seconds
Resulting Fitness: 0
-------------
Particle: 3:
Relays Coordinates:
350, 14.7915
208.432, 1.14718
64.4866, 1.35365
144.383, 23.1546
Evaluation Time: 0.0486638 seconds
Resulting Fitness: 0.807625
-------------
Particle: 4:
Relays Coordinates:
350, 5.16211
211.519, 0
141.813, 0.343406
133.005, 10.9724
Evaluation Time: 0.0508725 seconds
Resulting Fitness: 0.82125
Current global best fitness: 0.841333
Current global best relays: 350, 12.5114
209.372, 0.723952
218.291, 2.624
138.946, 30.8205
Particle 1 new velocities: 55.4668, 183.142
-68.5105, -59.23
14.5447, -30.0595
63.401, 198.916
Particle 2 new velocities: -75.3676, 62.3438
0.588011, -45.0682
-99.5926, 142.344
-78.5651, -196.275
Particle 3 new velocities: 0, -1.37254
1.29848, -0.751342
165.657, 1.60522
-2.68435, 8.8833
Particle 4 new velocities: 0, 5.77017
-0.506528, 1.09106
102.505, 1.56412
5.02676, 11.5644
-- ITERATION 18 --
-------------
Particle: 1:
Relays Coordinates:
350, 183.142
79.5024, 45.1995
174.88, 60.3446
240.717, 198.916
Evaluation Time: 9.3791e-05 seconds
Resulting Fitness: 0
-------------
Particle: 2:
Relays Coordinates:
223.909, 62.3438
220.998, 60.3468
250.407, 142.344
271.435, 147.594
Evaluation Time: 7.3254e-05 seconds
Resulting Fitness: 0
-------------
Particle: 3:
Relays Coordinates:
350, 13.4189
209.731, 0.395839
230.143, 2.95887
141.698, 32.0379
Evaluation Time: 0.0596658 seconds
Resulting Fitness: 0.841167
New local best!
-------------
Particle: 4:
Relays Coordinates:
350, 10.9323
211.012, 1.09106
244.319, 1.90752
138.032, 22.5368
Evaluation Time: 0.0849902 seconds
Resulting Fitness: 0.84025
Current global best fitness: 0.841333
Current global best relays: 350, 12.5114
209.372, 0.723952
218.291, 2.624
138.946, 30.8205
Particle 1 new velocities: -54.8301, 192.76
69.7998, -30.0032
70.4738, -32.5556
-136.697, 35.2404
Particle 2 new velocities: -74.4411, -9.95703
1.79845, 11.5573
-153.68, 41.7906
-267.487, -92.1165
Particle 3 new velocities: 0, -1.63202
0.898793, -0.57759
120.35, 0.744703
-4.68942, 5.47456
Particle 4 new velocities: 0, 6.52073
-4.18649, 0.411099
54.98, 2.0474
4.95372, 17.8099
-- ITERATION 19 --
-------------
Particle: 1:
Relays Coordinates:
295.17, 350
149.302, 15.1962
245.353, 27.789
104.021, 234.157
Evaluation Time: 0.868787 seconds
Resulting Fitness: 0.479167
-------------
Particle: 2:
Relays Coordinates:
149.468, 52.3868
222.796, 71.9041
96.7271, 184.135
3.94807, 55.4779
Evaluation Time: 1.15568 seconds
Resulting Fitness: 0.7625
-------------
Particle: 3:
Relays Coordinates:
350, 11.7869
210.629, 0
350, 3.70358
137.009, 37.5124
Evaluation Time: 0.817191 seconds
Resulting Fitness: 0.458333
-------------
Particle: 4:
Relays Coordinates:
350, 17.453
206.826, 1.50215
299.299, 3.95492
142.986, 40.3467
Evaluation Time: 0.843717 seconds
Resulting Fitness: 0.475
Current global best fitness: 0.841333
Current global best relays: 350, 12.5114
209.372, 0.723952
218.291, 2.624
138.946, 30.8205
Particle 1 new velocities: -19.1085, -671.135
27.6563, 5.99985
10.0604, 10.8558
0.131634, -187.038
Particle 2 new velocities: 174.433, -2.32306
-1.83462, 117.334
-64.6922, -19.4228
-16.4155, 135.107
Particle 3 new velocities: 0, 0.0266046
-0.922199, 0.527796
-155.117, -0.491572
-0.607776, -5.24622
Particle 4 new velocities: 0, 1.85127
-1.27072, -0.518756
-13.168, -0.765107
2.65926, 4.49242
-- ITERATION 20 --
-------------
Particle: 1:
Relays Coordinates:
276.061, 0
176.959, 21.1961
255.414, 38.6448
104.152, 47.1182
Evaluation Time: 0.0746927 seconds
Resulting Fitness: 0.841833
New local best!
New global best!
-------------
Particle: 2:
Relays Coordinates:
323.901, 50.0638
220.962, 189.238
32.0349, 164.712
0, 190.585
Evaluation Time: 0.000365671 seconds
Resulting Fitness: 0
-------------
Particle: 3:
Relays Coordinates:
350, 11.8135
209.707, 0.527796
194.883, 3.212
136.401, 32.2662
Evaluation Time: 0.0449067 seconds
Resulting Fitness: 0.837375
-------------
Particle: 4:
Relays Coordinates:
350, 19.3043
205.555, 0.983398
286.131, 3.18982
145.645, 44.8392
Evaluation Time: 0.000121369 seconds
Resulting Fitness: 0
Current global best fitness: 0.841833
Current global best relays: 276.061, 0
176.959, 21.1961
255.414, 38.6448
104.152, 47.1182
Particle 1 new velocities: -15.2868, 0
22.125, 4.79988
8.0483, 8.68462
0.105307, -149.631
Particle 2 new velocities: -7.03475, -65.0809
-4.84988, 23.6446
371.89, -178.155
275.375, -8.83174
Particle 3 new velocities: -50.3548, -11.7841
-15.4441, 25.8499
-33.4809, 12.0973
-27.4852, -1.03173
Particle 4 new velocities: -71.1897, -35.3668
-5.24413, 12.8782
-94.5113, 12.9134
-74.4102, -7.66498
-- ITERATION 21 --
-------------
Particle: 1:
Relays Coordinates:
260.775, 0
199.084, 25.9959
263.462, 47.3294
104.257, 0
Evaluation Time: 0.0314673 seconds
Resulting Fitness: 0.835333
-------------
Particle: 2:
Relays Coordinates:
316.866, 0
216.112, 212.882
350, 0
275.375, 181.754
Evaluation Time: 0.000115617 seconds
Resulting Fitness: 0
-------------
Particle: 3:
Relays Coordinates:
299.645, 0.0293718
194.263, 26.3777
161.402, 15.3093
108.916, 31.2345
Evaluation Time: 0.0409683 seconds
Resulting Fitness: 0.836208
-------------
Particle: 4:
Relays Coordinates:
278.81, 0
200.311, 13.8616
191.619, 16.1032
71.235, 37.1742
Evaluation Time: 0.266791 seconds
Resulting Fitness: 0.835833
Current global best fitness: 0.841833
Current global best relays: 276.061, 0
176.959, 21.1961
255.414, 38.6448
104.152, 47.1182
Particle 1 new velocities: 17.3304, 0
-14.4181, -6.75598
-7.8356, -3.38448
0.0600911, 34.4022
Particle 2 new velocities: -241.645, 38.9034
-54.1509, -285.369
-333.01, 234.768
163.463, -20.1158
Particle 3 new velocities: -40.6186, -1.70873
-15.4958, 6.32625
30.7464, 25.9877
-18.8046, 1.49768
Particle 4 new velocities: -14.642, 11.8764
-12.9286, 15.3669
-15.2525, 18.4773
-46.6557, -4.41578
-- ITERATION 22 --
-------------
Particle: 1:
Relays Coordinates:
278.105, 0
184.665, 19.24
255.627, 43.9449
104.318, 34.4022
Evaluation Time: 0.0963016 seconds
Resulting Fitness: 0.839292
-------------
Particle: 2:
Relays Coordinates:
75.221, 38.9034
161.961, 0
16.9905, 234.768
350, 161.638
Evaluation Time: 0.000142167 seconds
Resulting Fitness: 0
-------------
Particle: 3:
Relays Coordinates:
259.027, 0
178.767, 32.7039
192.148, 41.297
90.1112, 32.7322
Evaluation Time: 0.0487316 seconds
Resulting Fitness: 0.831708
-------------
Particle: 4:
Relays Coordinates:
264.168, 11.8764
187.382, 29.2285
176.367, 34.5804
24.5793, 32.7584
Evaluation Time: 0.000146117 seconds
Resulting Fitness: 0
Current global best fitness: 0.841833
Current global best relays: 276.061, 0
176.959, 21.1961
255.414, 38.6448
104.152, 47.1182
Particle 1 new velocities: 11.1006, 0
-22.117, -4.34656
-6.81033, -14.0343
-0.175186, 45.729
Particle 2 new velocities: 38.8633, -14.8828
-9.2302, 141.033
100.509, 177.559
-275.346, -48.6512
Particle 3 new velocities: 31.0697, 11.2737
-6.11229, -7.40466
155.551, -6.88938
29.9385, 5.47261
Particle 4 new velocities: 43.6588, -4.64891
-8.30672, -8.27744
78.1884, -14.9876
193.152, 9.92101
-- ITERATION 23 --
-------------
Particle: 1:
Relays Coordinates:
289.206, 0
162.549, 14.8934
248.816, 29.9106
104.142, 80.1312
Evaluation Time: 0.0611522 seconds
Resulting Fitness: 0.847833
New local best!
New global best!
-------------
Particle: 2:
Relays Coordinates:
114.084, 24.0205
152.731, 141.033
117.5, 350
74.6541, 112.987
Evaluation Time: 0.000244151 seconds
Resulting Fitness: 0
-------------
Particle: 3:
Relays Coordinates:
290.096, 11.2737
172.655, 25.2993
347.699, 34.4077
120.05, 38.2048
Evaluation Time: 0.183088 seconds
Resulting Fitness: 0.833208
-------------
Particle: 4:
Relays Coordinates:
307.827, 7.22744
179.075, 20.9511
254.555, 19.5928
217.731, 42.6794
Evaluation Time: 0.000396546 seconds
Resulting Fitness: 0
Current global best fitness: 0.847833
Current global best relays: 289.206, 0
162.549, 14.8934
248.816, 29.9106
104.142, 80.1312
Particle 1 new velocities: 8.8805, 0
-17.6936, -3.47725
-5.44826, -11.2274
-0.140149, 36.5832
Particle 2 new velocities: 60.2229, 17.4166
67.4482, -37.8774
123.047, -604.968
44.7668, 114.222
Particle 3 new velocities: 66.6135, 1.15724
16.2414, -29.2937
10.5843, -20.5298
18.0349, 32.4996
Particle 4 new velocities: 28.0095, -14.8815
-28.9321, -13.5031
39.941, -18.3129
41.7634, 54.995
-- ITERATION 24 --
-------------
Particle: 1:
Relays Coordinates:
298.086, 0
144.855, 11.4162
243.368, 18.6832
104.002, 116.714
Evaluation Time: 0.112792 seconds
Resulting Fitness: 0.82575
-------------
Particle: 2:
Relays Coordinates:
174.307, 41.4372
220.179, 103.156
240.547, 0
119.421, 227.209
Evaluation Time: 0.000479146 seconds
Resulting Fitness: 0
-------------
Particle: 3:
Relays Coordinates:
350, 12.431
188.896, 0
350, 13.8778
138.085, 70.7044
Evaluation Time: 0.000362114 seconds
Resulting Fitness: 0
-------------
Particle: 4:
Relays Coordinates:
335.837, 0
150.143, 7.44796
294.496, 1.27994
259.495, 97.6744
Evaluation Time: 0.000328685 seconds
Resulting Fitness: 0
Current global best fitness: 0.847833
Current global best relays: 289.206, 0
162.549, 14.8934
248.816, 29.9106
104.142, 80.1312
Particle 1 new velocities: -13.0519, 0
32.8584, 3.32053
0.129784, 2.89656
0.205968, -65.005
Particle 2 new velocities: 163.46, 45.2144
-31.6272, -32.955
64.1515, 121.912
115.625, -144.826
Particle 3 new velocities: -46.5701, -11.9022
-28.17, 20.0962
-131.829, -9.74791
-26.9149, -5.45984
Particle 4 new velocities: -25.3857, 13.1512
23.0831, -7.49233
-20.2329, 30.2662
-220.68, -0.515661
-- ITERATION 25 --
-------------
Particle: 1:
Relays Coordinates:
285.034, 0
177.713, 14.7367
243.498, 21.5798
104.208, 51.7093
Evaluation Time: 0.134969 seconds
Resulting Fitness: 0.841792
-------------
Particle: 2:
Relays Coordinates:
337.767, 86.6516
188.552, 70.2007
304.698, 121.912
235.046, 82.3822
Evaluation Time: 0.00052914 seconds
Resulting Fitness: 0
-------------
Particle: 3:
Relays Coordinates:
303.43, 0.528779
160.726, 20.0962
218.171, 4.12992
111.17, 65.2446
Evaluation Time: 0.104668 seconds
Resulting Fitness: 0.841625
New local best!
-------------
Particle: 4:
Relays Coordinates:
310.451, 13.1512
173.226, 0
274.263, 31.5462
38.8147, 97.1588
Evaluation Time: 0.000237026 seconds
Resulting Fitness: 0
Current global best fitness: 0.847833
Current global best relays: 289.206, 0
162.549, 14.8934
248.816, 29.9106
104.142, 80.1312
Particle 1 new velocities: -3.94586, 0
-6.49484, 2.85932
7.44893, 17.4269
-0.0102472, -4.40623
Particle 2 new velocities: -113.646, -71.644
-49.6922, -93.1939
-121.872, 92.1462
60.2379, -46.4425
Particle 3 new velocities: -62.6771, -9.55423
-22.2196, 8.87637
-54.9341, 22.4285
-25.012, 2.37619
Particle 4 new velocities: 6.06185, 8.20157
20.4001, 25.2425
-79.4681, -6.63288
-44.594, -60.8429
-- ITERATION 26 --
-------------
Particle: 1:
Relays Coordinates:
281.088, 0
171.219, 17.596
250.947, 39.0066
104.198, 47.3031
Evaluation Time: 0.057771 seconds
Resulting Fitness: 0.841125
-------------
Particle: 2:
Relays Coordinates:
224.121, 15.0076
138.86, 0
182.827, 214.058
295.284, 35.9397
Evaluation Time: 0.000106083 seconds
Resulting Fitness: 0
-------------
Particle: 3:
Relays Coordinates:
240.753, 0
138.507, 28.9726
163.237, 26.5584
86.1577, 67.6207
Evaluation Time: 0.0825054 seconds
Resulting Fitness: 0.835333
-------------
Particle: 4:
Relays Coordinates:
316.513, 21.3528
193.626, 25.2425
194.795, 24.9133
0, 36.3159
Evaluation Time: 0.000501597 seconds
Resulting Fitness: 0
Current global best fitness: 0.847833
Current global best relays: 289.206, 0
162.549, 14.8934
248.816, 29.9106
104.142, 80.1312
Particle 1 new velocities: 15.6959, 0
-6.29282, 2.14546
2.23326, 3.65956
-0.145439, 64.3082
Particle 2 new velocities: -23.6771, -23.3083
82.4262, 124.753
-107.787, -50.128
-35.2147, 295.912
Particle 3 new velocities: 33.8012, 0.482188
28.5179, 0.189295
96.3892, 0.462579
2.56494, 9.2314
Particle 4 new velocities: 30.4645, -25.4749
26.6553, -3.88624
25.6881, -3.0395
48.1833, -0.686936
-- ITERATION 27 --
-------------
Particle: 1:
Relays Coordinates:
296.784, 0
164.926, 19.7415
253.18, 42.6662
104.053, 111.611
Evaluation Time: 0.000501341 seconds
Resulting Fitness: 0
-------------
Particle: 2:
Relays Coordinates:
200.444, 0
221.286, 124.753
75.0397, 163.93
260.069, 331.852
Evaluation Time: 0.00037357 seconds
Resulting Fitness: 0
-------------
Particle: 3:
Relays Coordinates:
274.554, 0.482188
167.025, 29.1619
259.626, 27.021
88.7226, 76.8521
Evaluation Time: 0.107635 seconds
Resulting Fitness: 0.840417
-------------
Particle: 4:
Relays Coordinates:
346.977, 0
220.282, 21.3563
220.483, 21.8738
48.1833, 35.6289
Evaluation Time: 0.00044495 seconds
Resulting Fitness: 0
Current global best fitness: 0.847833
Current global best relays: 289.206, 0
162.549, 14.8934
248.816, 29.9106
104.142, 80.1312
Particle 1 new velocities: 4.37235, 0
-9.39191, -6.2131
-6.60702, -20.9784
-0.00252946, -0.994852
Particle 2 new velocities: 29.8353, 44.009
20.3855, 28.0837
119.769, -212.643
-18.7246, 179.73
Particle 3 new velocities: 54.9899, 0.191526
19.3195, -25.3058
47.7462, 1.23862
40.5192, 0.905058
Particle 4 new velocities: -32.6698, 1.45047
-72.1979, -20.5667
68.9765, 2.16686
158.325, 73.6025
-- ITERATION 28 --
-------------
Particle: 1:
Relays Coordinates:
301.157, 0
155.534, 13.5284
246.573, 21.6877
104.05, 110.616
Evaluation Time: 0.000327007 seconds
Resulting Fitness: 0
-------------
Particle: 2:
Relays Coordinates:
230.279, 44.009
241.671, 152.837
194.809, 0
241.345, 350
Evaluation Time: 0.000322823 seconds
Resulting Fitness: 0
-------------
Particle: 3:
Relays Coordinates:
329.544, 0.673714
186.344, 3.85612
307.372, 28.2596
129.242, 77.7572
Evaluation Time: 0.000323933 seconds
Resulting Fitness: 0
-------------
Particle: 4:
Relays Coordinates:
314.307, 1.45047
148.084, 0.789567
289.46, 24.0406
206.508, 109.231
Evaluation Time: 0.138395 seconds
Resulting Fitness: 0.833583
Current global best fitness: 0.847833
Current global best relays: 289.206, 0
162.549, 14.8934
248.816, 29.9106
104.142, 80.1312
Particle 1 new velocities: -20.0149, 0
-0.155772, -2.03126
-3.94083, -11.5779
0.0958443, -68.0915
Particle 2 new velocities: 51.9483, 73.0584
-92.1195, 10.4692
80.4009, 160.708
-110.917, -60.9549
Particle 3 new velocities: -20.4567, -0.403536
-37.186, 6.27986
-96.8884, -14.2836
-5.28982, -8.53042
Particle 4 new velocities: -14.9299, 4.13342
-17.8287, -6.68223
37.9233, -3.35266
78.6922, -8.8798
-- ITERATION 29 --
-------------
Particle: 1:
Relays Coordinates:
281.142, 0
155.378, 11.4971
242.632, 10.1098
104.146, 42.5249
Evaluation Time: 0.856809 seconds
Resulting Fitness: 0.466667
-------------
Particle: 2:
Relays Coordinates:
282.228, 117.067
149.552, 163.306
275.21, 160.708
130.427, 289.045
Evaluation Time: 0.631512 seconds
Resulting Fitness: 0.1125
-------------
Particle: 3:
Relays Coordinates:
309.087, 0.270178
149.158, 10.136
210.484, 13.9759
123.952, 69.2268
Evaluation Time: 0.89901 seconds
Resulting Fitness: 0.529167
-------------
Particle: 4:
Relays Coordinates:
299.377, 5.58389
130.255, 0
327.383, 20.688
285.201, 100.352
Evaluation Time: 0.948976 seconds
Resulting Fitness: 0.354167
Current global best fitness: 0.847833
Current global best relays: 289.206, 0
162.549, 14.8934
248.816, 29.9106
104.142, 80.1312
Particle 1 new velocities: -13.1359, 0
4.23289, 5.15459
10.0604, 42.1699
0.0727818, 6.80154
Particle 2 new velocities: 23.9458, -57.5269
4.33197, -177.611
-79.5809, -23.8845
0.898223, -60.7553
Particle 3 new velocities: -25.1366, -0.508829
-0.833232, 11.0184
-20.6067, 9.41555
-28.0703, 3.38715
Particle 4 new velocities: -26.9576, -1.98484
17.7083, 14.4204
-149.282, -2.28452
-247.354, -32.8741
-- ITERATION 30 --
-------------
Particle: 1:
Relays Coordinates:
268.006, 0
159.611, 16.6517
252.692, 52.2797
104.219, 49.3264
Evaluation Time: 0.0531078 seconds
Resulting Fitness: 0.840417
-------------
Particle: 2:
Relays Coordinates:
306.174, 59.5405
153.884, 0
195.629, 136.823
131.326, 228.29
Evaluation Time: 0.000135787 seconds
Resulting Fitness: 0
-------------
Particle: 3:
Relays Coordinates:
283.951, 0
148.325, 21.1544
189.877, 23.3915
95.8818, 72.6139
Evaluation Time: 0.0503145 seconds
Resulting Fitness: 0.837458
-------------
Particle: 4:
Relays Coordinates:
272.42, 3.59905
147.963, 14.4204
178.101, 18.4035
37.847, 67.4776
Evaluation Time: 0.0584848 seconds
Resulting Fitness: 0.8295
Current global best fitness: 0.847833
Current global best relays: 289.206, 0
162.549, 14.8934
248.816, 29.9106
104.142, 80.1312
Particle 1 new velocities: 39.4478, 0
10.1884, 0.332654
6.49636, 12.4297
-0.0733479, 32.1628
Particle 2 new velocities: -156.936, -58.0407
43.6478, 202.212
-14.4853, -181.818
15.0056, -87.5492
Particle 3 new velocities: 8.56426, 0.368837
17.0959, 0.726691
72.7291, -0.831771
8.0246, 3.46083
Particle 4 new velocities: 68.354, -1.79307
24.8757, 10.6656
0.34887, -2.70194
-99.5938, -44.272
-- ITERATION 31 --
-------------
Particle: 1:
Relays Coordinates:
307.454, 0
169.799, 16.9843
259.189, 64.7094
104.145, 81.4892
Evaluation Time: 0.0436766 seconds
Resulting Fitness: 0.850208
New local best!
New global best!
-------------
Particle: 2:
Relays Coordinates:
149.238, 1.49985
197.532, 202.212
181.144, 0
146.331, 140.741
Evaluation Time: 0.180506 seconds
Resulting Fitness: 0.811
New local best!
-------------
Particle: 3:
Relays Coordinates:
292.515, 0.368837
165.421, 21.8811
262.606, 22.5597
103.906, 76.0748
Evaluation Time: 0.0449859 seconds
Resulting Fitness: 0.844375
New local best!
-------------
Particle: 4:
Relays Coordinates:
340.774, 1.80598
172.839, 25.086
178.45, 15.7015
0, 23.2056
Evaluation Time: 0.000341468 seconds
Resulting Fitness: 0
Current global best fitness: 0.850208
Current global best relays: 307.454, 0
169.799, 16.9843
259.189, 64.7094
104.145, 81.4892
Particle 1 new velocities: 31.5583, 0
8.15071, 0.266124
5.19709, 9.94374
-0.0586783, 25.7303
Particle 2 new velocities: 37.6895, -48.6931
10.3684, -64.1004
123.007, 39.4466
5.9837, -114.223
Particle 3 new velocities: 13.646, -0.337374
21.4924, -1.18042
56.0525, 22.878
6.67529, 11.2457
Particle 4 new velocities: 35.4926, 7.37109
57.3083, -8.02345
97.4276, 10.4293
241.016, 6.22031
-- ITERATION 32 --
-------------
Particle: 1:
Relays Coordinates:
339.012, 0
177.95, 17.2505
264.386, 74.6531
104.087, 107.219
Evaluation Time: 0.090066 seconds
Resulting Fitness: 0.847042
-------------
Particle: 2:
Relays Coordinates:
186.927, 0
207.9, 138.112
304.15, 39.4466
152.315, 26.5178
Evaluation Time: 0.000454692 seconds
Resulting Fitness: 0
-------------
Particle: 3:
Relays Coordinates:
306.161, 0.0314635
186.913, 20.7006
318.658, 45.4377
110.582, 87.3205
Evaluation Time: 0.0940642 seconds
Resulting Fitness: 0.850583
New local best!
New global best!
-------------
Particle: 4:
Relays Coordinates:
350, 9.17707
230.147, 17.0626
275.877, 26.1308
241.016, 29.4259
Evaluation Time: 0.00041729 seconds
Resulting Fitness: 0
Current global best fitness: 0.850583
Current global best relays: 306.161, 0.0314635
186.913, 20.7006
318.658, 45.4377
110.582, 87.3205
Particle 1 new velocities: -15.1879, 0.0240178
11.7287, 0.535527
48.1402, -45.2051
6.44033, -12.7961
Particle 2 new velocities: 144.277, 0.141282
0.350866, -117.244
63.5845, -0.434641
-57.3964, 91.0735
Particle 3 new velocities: 10.9168, -0.269899
17.194, -0.944339
44.842, 18.3024
5.34023, 8.99657
Particle 4 new velocities: -68.7364, -3.41692
-3.1162, -16.4417
130.283, 8.45945
70.0452, 70.6803
-- ITERATION 33 --
-------------
Particle: 1:
Relays Coordinates:
323.824, 0.0240178
189.679, 17.786
312.526, 29.448
110.527, 94.4234
Evaluation Time: 0.150537 seconds
Resulting Fitness: 0.846875
-------------
Particle: 2:
Relays Coordinates:
331.205, 0.141282
208.251, 20.8681
350, 39.012
94.9185, 117.591
Evaluation Time: 0.000367897 seconds
Resulting Fitness: 0
-------------
Particle: 3:
Relays Coordinates:
317.078, 0
204.107, 19.7563
350, 63.74
115.922, 96.317
Evaluation Time: 0.0003198 seconds
Resulting Fitness: 0
-------------
Particle: 4:
Relays Coordinates:
281.264, 5.76016
227.031, 0.620907
350, 34.5902
311.061, 100.106
Evaluation Time: 0.000253433 seconds
Resulting Fitness: 0
Current global best fitness: 0.850583
Current global best relays: 306.161, 0.0314635
186.913, 20.7006
318.658, 45.4377
110.582, 87.3205
Particle 1 new velocities: -37.7211, 0.00456994
-2.41586, 1.24548
32.1767, -15.4222
0.758111, -22.6432
Particle 2 new velocities: -53.3581, 0.373356
-29.5183, 49.8198
-31.8899, -3.92661
-11.5068, 64.7237
Particle 3 new velocities: -12.1233, 0.0330306
-6.36922, 0.374521
-75.1862, -12.5055
-1.18009, -4.04075
Particle 4 new velocities: 9.32572, -6.01352
-18.8283, 4.94647
-137.453, -10.6368
-377.498, -6.73967
-- ITERATION 34 --
-------------
Particle: 1:
Relays Coordinates:
286.103, 0.0285878
187.263, 19.0315
344.703, 14.0258
111.285, 71.7801
Evaluation Time: 0.143716 seconds
Resulting Fitness: 0.838125
-------------
Particle: 2:
Relays Coordinates:
277.847, 0.514637
178.733, 70.6879
318.11, 35.0854
83.4118, 182.315
Evaluation Time: 0.000437043 seconds
Resulting Fitness: 0
-------------
Particle: 3:
Relays Coordinates:
304.954, 0.0330306
197.738, 20.1308
274.814, 51.2345
114.742, 92.2763
Evaluation Time: 0.208984 seconds
Resulting Fitness: 0.850583
-------------
Particle: 4:
Relays Coordinates:
290.589, 0
208.203, 5.56738
212.547, 23.9534
0, 93.3665
Evaluation Time: 0.000430076 seconds
Resulting Fitness: 0
Current global best fitness: 0.850583
Current global best relays: 306.161, 0.0314635
186.913, 20.7006
318.658, 45.4377
110.582, 87.3205
Particle 1 new velocities: -19.4143, -0.0186443
-15.4481, 1.77044
-79.3694, 55.9987
-0.505272, 9.99885
Particle 2 new velocities: -89.4241, 0.761639
0.270113, 164.593
-93.2605, -39.3751
96.4187, 4.01994
Particle 3 new velocities: -8.60488, 0.0245982
-26.6706, 1.48424
-11.5351, -20.518
-8.86391, -11.0007
Particle 4 new velocities: 60.4804, 6.54403
-46.9787, 20.9256
-57.094, 10.7219
130.75, -47.4547
-- ITERATION 35 --
-------------
Particle: 1:
Relays Coordinates:
266.689, 0.00994342
171.815, 20.8019
265.333, 70.0246
110.78, 81.779
Evaluation Time: 0.291163 seconds
Resulting Fitness: 0.8575
New local best!
New global best!
-------------
Particle: 2:
Relays Coordinates:
188.422, 1.27628
179.003, 235.281
224.85, 0
179.831, 186.335
Evaluation Time: 0.000394976 seconds
Resulting Fitness: 0
-------------
Particle: 3:
Relays Coordinates:
296.349, 0.0576288
171.067, 21.6151
263.279, 30.7165
105.878, 81.2756
Evaluation Time: 0.142763 seconds
Resulting Fitness: 0.849917
-------------
Particle: 4:
Relays Coordinates:
350, 6.54403
161.224, 26.493
155.453, 34.6754
130.75, 45.9119
Evaluation Time: 0.000406392 seconds
Resulting Fitness: 0
Current global best fitness: 0.8575
Current global best relays: 266.689, 0.00994342
171.815, 20.8019
265.333, 70.0246
110.78, 81.779
Particle 1 new velocities: -15.5314, -0.0149155
-12.3585, 1.41635
-63.4955, 44.799
-0.404218, 7.99908
Particle 2 new velocities: -72.2468, -1.27789
-4.98108, 20.1912
-58.2504, 14.944
-35.9685, -136.887
Particle 3 new velocities: -23.2577, -0.0652874
-11.9813, -0.677764
37.0076, 54.6352
5.90277, -7.13598
Particle 4 new velocities: -83.4547, 0.661114
-19.9447, -19.8063
43.6456, 49.5917
93.8955, -49.6977
-- ITERATION 36 --
-------------
Particle: 1:
Relays Coordinates:
251.157, 0
159.456, 22.2183
201.838, 114.824
110.376, 89.7781
Evaluation Time: 0.0684643 seconds
Resulting Fitness: 0.8485
-------------
Particle: 2:
Relays Coordinates:
116.176, 0
174.022, 255.472
166.599, 14.944
143.862, 49.4483
Evaluation Time: 0.000106848 seconds
Resulting Fitness: 0
-------------
Particle: 3:
Relays Coordinates:
273.092, 0
159.086, 20.9373
300.286, 85.3517
111.781, 74.1396
Evaluation Time: 0.104233 seconds
Resulting Fitness: 0.847583
-------------
Particle: 4:
Relays Coordinates:
266.545, 7.20515
141.28, 6.68672
199.099, 84.2671
224.646, 0
Evaluation Time: 0.183112 seconds
Resulting Fitness: 0.831583
Current global best fitness: 0.8575
Current global best relays: 266.689, 0.00994342
171.815, 20.8019
265.333, 70.0246
110.78, 81.779
Particle 1 new velocities: 17.6863, 0.00979405
-1.50499, -0.505484
62.0378, 17.9372
0.536307, -4.35958
Particle 2 new velocities: 83.141, 1.19329
14.3076, -200.899
139.192, 1.97879
-27.5084, -19.2949
Particle 3 new velocities: -1.05859, 0.0231233
18.3452, -0.649648
20.571, 20.0855
3.48217, 16.8571
Particle 4 new velocities: -46.613, 0.858331
85.3889, -2.69416
120.549, -16.7356
-23.3406, 133.264
-- ITERATION 37 --
-------------
Particle: 1:
Relays Coordinates:
268.844, 0.00979405
157.951, 21.7128
263.876, 132.761
110.912, 85.4185
Evaluation Time: 0.249313 seconds
Resulting Fitness: 0.851333
-------------
Particle: 2:
Relays Coordinates:
199.317, 1.19329
188.329, 54.5731
305.791, 16.9228
116.354, 30.1534
Evaluation Time: 0.206443 seconds
Resulting Fitness: 0.843667
New local best!
-------------
Particle: 3:
Relays Coordinates:
272.033, 0.0231233
177.431, 20.2877
320.857, 105.437
115.263, 90.9967
Evaluation Time: 0.119994 seconds
Resulting Fitness: 0.852792
New local best!
-------------
Particle: 4:
Relays Coordinates:
219.932, 8.06348
226.668, 3.99256
319.648, 67.5315
201.305, 133.264
Evaluation Time: 0.000360655 seconds
Resulting Fitness: 0
Current global best fitness: 0.8575
Current global best relays: 266.689, 0.00994342
171.815, 20.8019
265.333, 70.0246
110.78, 81.779
Particle 1 new velocities: 10.5934, 0.00800867
16.2597, -1.29476
51.6311, -50.0872
0.2247, -11.115
Particle 2 new velocities: 69.8954, 0.0357159
5.66016, -163.929
59.9172, 54.1414
-24.8014, 1.43157
Particle 3 new velocities: -3.39261, 0.000817713
9.75897, -0.00262207
-23.307, 4.94621
-0.499888, 8.2292
Particle 4 new velocities: 120.81, -3.06666
-17.8889, 8.48985
-26.8502, -74.8748
-32.2465, -5.32804
-- ITERATION 38 --
-------------
Particle: 1:
Relays Coordinates:
279.437, 0.0178027
174.211, 20.418
315.507, 82.6736
111.137, 74.3035
Evaluation Time: 0.0759595 seconds
Resulting Fitness: 0.846208
-------------
Particle: 2:
Relays Coordinates:
269.212, 1.22901
193.989, 0
350, 71.0642
91.5523, 31.585
Evaluation Time: 0.0971088 seconds
Resulting Fitness: 0.833833
-------------
Particle: 3:
Relays Coordinates:
268.641, 0.0239411
187.19, 20.285
297.55, 110.383
114.763, 99.2259
Evaluation Time: 0.000407166 seconds
Resulting Fitness: 0
-------------
Particle: 4:
Relays Coordinates:
340.742, 4.99682
208.779, 12.4824
292.797, 0
169.058, 127.936
Evaluation Time: 0.000370436 seconds
Resulting Fitness: 0
Current global best fitness: 0.8575
Current global best relays: 266.689, 0.00994342
171.815, 20.8019
265.333, 70.0246
110.78, 81.779
Particle 1 new velocities: -21.0738, -0.0064299
9.19557, -0.32143
-22.5593, -70.8035
-0.462484, -7.34268
Particle 2 new velocities: 26.7897, -1.22572
-13.978, 15.3847
-18.1101, 13.8622
-10.9081, 59.2668
Particle 3 new velocities: -1.05786, -0.0183208
-9.09588, 0.838636
-54.4322, -66.3282
-1.57737, -3.22295
Particle 4 new velocities: 99.9328, 0.534546
-40.6608, 2.02994
-104.46, 89.1576
-135.424, -105.328
-- ITERATION 39 --
-------------
Particle: 1:
Relays Coordinates:
258.363, 0.0113728
183.407, 20.0966
292.947, 11.8701
110.674, 66.9608
Evaluation Time: 0.908625 seconds
Resulting Fitness: 0.533333
-------------
Particle: 2:
Relays Coordinates:
296.002, 0.00328629
180.011, 15.3847
331.89, 84.9264
80.6442, 90.8518
Evaluation Time: 0.942403 seconds
Resulting Fitness: 0.629167
-------------
Particle: 3:
Relays Coordinates:
267.583, 0.00562026
178.094, 21.1237
243.118, 44.0551
113.186, 96.003
Evaluation Time: 0.941061 seconds
Resulting Fitness: 0.645833
-------------
Particle: 4:
Relays Coordinates:
350, 5.53137
168.119, 14.5124
188.338, 89.1576
33.6342, 22.6085
Evaluation Time: 0.986602 seconds
Resulting Fitness: 0.604167
Current global best fitness: 0.8575
Current global best relays: 266.689, 0.00994342
171.815, 20.8019
265.333, 70.0246
110.78, 81.779
Particle 1 new velocities: 1.53268, -0.00861346
-10.8563, 0.780131
-48.4898, 15.6869
-0.266924, 22.0452
Particle 2 new velocities: -117.474, -0.623929
-17.8267, 62.0359
-34.9567, -22.1348
72.0192, 36.3433
Particle 3 new velocities: 3.69964, -0.00716779
-9.33473, -0.137868
68.8935, -36.287
-2.43981, -12.1918
Particle 4 new velocities: -8.88897, 0.135105
10.0638, 5.65414
32.3546, -18.3498
115.123, 4.01006
-- ITERATION 40 --
-------------
Particle: 1:
Relays Coordinates:
259.896, 0.00275935
172.55, 20.8767
244.458, 27.5569
110.407, 89.006
Evaluation Time: 0.150052 seconds
Resulting Fitness: 0.844875
-------------
Particle: 2:
Relays Coordinates:
178.527, 0
162.185, 77.4206
296.933, 62.7916
152.663, 127.195
Evaluation Time: 0.000363171 seconds
Resulting Fitness: 0
-------------
Particle: 3:
Relays Coordinates:
271.282, 0
168.76, 20.9858
312.012, 7.76816
110.746, 83.8111
Evaluation Time: 0.0915897 seconds
Resulting Fitness: 0.845708
-------------
Particle: 4:
Relays Coordinates:
341.111, 5.66647
178.182, 20.1665
220.692, 70.8078
148.757, 26.6186
Evaluation Time: 0.000194944 seconds
Resulting Fitness: 0
Current global best fitness: 0.8575
Current global best relays: 266.689, 0.00994342
171.815, 20.8019
265.333, 70.0246
110.78, 81.779
Particle 1 new velocities: 11.9834, 0.00816727
-9.72757, 0.563091
-20.8016, 63.9325
0.0685032, 3.92308
Particle 2 new velocities: -16.3742, 0.12757
14.1546, 10.9864
-28.5274, -22.3525
-20.3488, -40.3209
Particle 3 new velocities: 1.80415, 0.035419
1.63999, -0.269237
-5.41274, 57.5229
2.78195, -3.96836
Particle 4 new velocities: -18.7538, -4.79436
25.0957, -7.18239
88.596, -64.7783
22.3929, 24.707
-- ITERATION 41 --
-------------
Particle: 1:
Relays Coordinates:
271.879, 0.0109266
162.823, 21.4398
223.656, 91.4895
110.476, 92.9291
Evaluation Time: 0.0437023 seconds
Resulting Fitness: 0.850167
-------------
Particle: 2:
Relays Coordinates:
162.153, 0.12757
176.339, 88.407
268.406, 40.4391
132.315, 86.8741
Evaluation Time: 0.000116047 seconds
Resulting Fitness: 0
-------------
Particle: 3:
Relays Coordinates:
273.086, 0.035419
170.4, 20.7166
306.599, 65.2911
113.528, 79.8428
Evaluation Time: 0.0689241 seconds
Resulting Fitness: 0.851375
-------------
Particle: 4:
Relays Coordinates:
322.357, 0.872109
203.278, 12.9841
309.288, 6.02944
171.15, 51.3256
Evaluation Time: 0.000225954 seconds
Resulting Fitness: 0
Current global best fitness: 0.8575
Current global best relays: 266.689, 0.00994342
171.815, 20.8019
265.333, 70.0246
110.78, 81.779
Particle 1 new velocities: 5.5579, 0.00513392
-5.56164, -0.433273
69.9071, 10.7801
0.390931, -10.4556
Particle 2 new velocities: 74.1727, 0.953537
7.90128, -20.5664
-21.3138, 9.13797
-57.9415, -96.1895
Particle 3 new velocities: -0.436538, 0.00233368
7.771, -0.59898
-0.856295, 66.3644
2.51593, 7.41482
Particle 4 new velocities: -93.5939, -3.0804
-9.8273, -5.05617
-45.1047, -35.7596
-20.8291, 32.9339
-- ITERATION 42 --
-------------
Particle: 1:
Relays Coordinates:
277.437, 0.0160605
157.261, 21.0065
293.563, 102.27
110.867, 82.4735
Evaluation Time: 0.0553213 seconds
Resulting Fitness: 0.849417
-------------
Particle: 2:
Relays Coordinates:
236.326, 1.08111
184.241, 67.8406
247.092, 49.577
74.373, 0
Evaluation Time: 0.0339455 seconds
Resulting Fitness: 0.829958
-------------
Particle: 3:
Relays Coordinates:
272.65, 0.0377527
178.171, 20.1176
305.743, 131.656
116.044, 87.2576
Evaluation Time: 0.0321188 seconds
Resulting Fitness: 0.854083
New local best!
-------------
Particle: 4:
Relays Coordinates:
228.763, 0
193.451, 7.92793
264.183, 0
150.321, 84.2595
Evaluation Time: 0.000103958 seconds
Resulting Fitness: 0
Current global best fitness: 0.8575
Current global best relays: 266.689, 0.00994342
171.815, 20.8019
265.333, 70.0246
110.78, 81.779
Particle 1 new velocities: -8.56165, -0.00936905
22.3544, -0.451132
-2.90377, -44.9118
0.274764, -9.1662
Particle 2 new velocities: 56.5376, -0.0015455
6.83317, -48.8039
27.7425, -1.1972
22.0177, 96.7537
Particle 3 new velocities: -11.0203, -0.00799977
-3.32059, -0.370769
-45.5295, -40.9575
-5.35778, 4.17615
Particle 4 new velocities: 103.855, 11.6056
-20.1872, -1.43398
-40.9269, 62.5351
-22.4024, -21.2956
-- ITERATION 43 --
-------------
Particle: 1:
Relays Coordinates:
268.875, 0.0066915
179.615, 20.5554
290.659, 57.3578
111.141, 73.3073
Evaluation Time: 0.0442584 seconds
Resulting Fitness: 0.847167
-------------
Particle: 2:
Relays Coordinates:
292.864, 1.07956
191.074, 19.0366
274.835, 48.3798
96.3907, 96.7537
Evaluation Time: 0.0511415 seconds
Resulting Fitness: 0.847708
New local best!
-------------
Particle: 3:
Relays Coordinates:
261.63, 0.0297529
174.85, 19.7468
260.213, 90.6981
110.686, 91.4338
Evaluation Time: 0.0365074 seconds
Resulting Fitness: 0.852417
-------------
Particle: 4:
Relays Coordinates:
332.618, 11.6056
173.264, 6.49395
223.257, 62.5351
127.919, 62.9639
Evaluation Time: 0.0492973 seconds
Resulting Fitness: 0.84325
New local best!
Current global best fitness: 0.8575
Current global best relays: 266.689, 0.00994342
171.815, 20.8019
265.333, 70.0246
110.78, 81.779
Particle 1 new velocities: -8.68776, -0.0058671
14.5849, -0.292082
-70.9974, -24.7653
-0.501874, 0.702838
Particle 2 new velocities: 28.6469, -0.179531
0.386315, -37.6665
5.85504, 25.4677
41.2966, 75.3099
Particle 3 new velocities: 3.56459, -0.0220746
-2.27491, 0.480641
9.31048, -26.1995
-2.19169, -13.2866
Particle 4 new velocities: -1.90826, -7.02308
-16.2137, 2.29298
1.44066, 50.8554
-26.43, 14.3195
-- ITERATION 44 --
-------------
Particle: 1:
Relays Coordinates:
260.188, 0.000824396
194.2, 20.2633
219.662, 32.5925
110.639, 74.0101
Evaluation Time: 0.0453488 seconds
Resulting Fitness: 0.841333
-------------
Particle: 2:
Relays Coordinates:
321.511, 0.900031
191.46, 0
280.69, 73.8475
137.687, 172.064
Evaluation Time: 0.000166673 seconds
Resulting Fitness: 0
-------------
Particle: 3:
Relays Coordinates:
265.194, 0.00767834
172.575, 20.2275
269.523, 64.4985
108.494, 78.1472
Evaluation Time: 0.046405 seconds
Resulting Fitness: 0.855583
New local best!
-------------
Particle: 4:
Relays Coordinates:
330.71, 4.58248
157.05, 8.78693
224.697, 113.391
101.489, 77.2834
Evaluation Time: 0.000134245 seconds
Resulting Fitness: 0
Current global best fitness: 0.8575
Current global best relays: 266.689, 0.00994342
171.815, 20.8019
265.333, 70.0246
110.78, 81.779
Particle 1 new velocities: 0.957479, 0.0113003
-9.6742, 1.11434
24.1689, 22.4544
-0.304111, 9.90677
Particle 2 new velocities: -6.83368, -0.575527
-14.1472, 30.0454
-3.67412, -11.0634
-15.5985, -2.19769
Particle 3 new velocities: 4.94211, -0.0146486
-3.00316, 1.34204
1.50039, -14.4723
2.2636, -8.65132
Particle 4 new velocities: -96.222, -6.42086
-0.669862, 15.5559
50.4001, 12.9714
2.47896, -0.604745
-- ITERATION 45 --
-------------
Particle: 1:
Relays Coordinates:
261.145, 0.0121247
184.526, 21.3777
243.831, 55.0469
110.335, 83.9169
Evaluation Time: 0.0421262 seconds
Resulting Fitness: 0.846542
-------------
Particle: 2:
Relays Coordinates:
314.677, 0.324504
177.313, 30.0454
277.015, 62.7841
122.089, 169.866
Evaluation Time: 0.000112736 seconds
Resulting Fitness: 0
-------------
Particle: 3:
Relays Coordinates:
270.136, 0
169.572, 21.5695
271.024, 50.0262
110.758, 69.4958
Evaluation Time: 0.0302648 seconds
Resulting Fitness: 0.846875
-------------
Particle: 4:
Relays Coordinates:
234.488, 0
156.38, 24.3428
275.097, 126.362
103.968, 76.6787
Evaluation Time: 0.0509561 seconds
Resulting Fitness: 0.849667
New local best!
Current global best fitness: 0.8575
Current global best relays: 266.689, 0.00994342
171.815, 20.8019
265.333, 70.0246
110.78, 81.779
Particle 1 new velocities: 15.1902, 0.0071976
-28.0226, -0.116797
58.964, 56.6286
-0.0182591, 4.09934
Particle 2 new velocities: -17.8672, -0.269997
-1.08857, 11.2961
-18.8426, -6.92346
-60.6706, -55.5952
Particle 3 new velocities: 1.48, 0.0211555
4.0772, -0.436044
-6.18806, 19.9324
1.81459, 4.19962
Particle 4 new velocities: -36.6825, 0.0157194
21.7216, 8.21414
27.6999, -4.6287
5.3958, 6.92732
-- ITERATION 46 --
-------------
Particle: 1:
Relays Coordinates:
276.335, 0.0193223
156.504, 21.2609
302.795, 111.675
110.317, 88.0162
Evaluation Time: 0.0465463 seconds
Resulting Fitness: 0.849375
-------------
Particle: 2:
Relays Coordinates:
296.81, 0.0545066
176.224, 41.3415
258.173, 55.8607
61.4182, 114.271
Evaluation Time: 0.0517688 seconds
Resulting Fitness: 0.841
-------------
Particle: 3:
Relays Coordinates:
271.616, 0.0211555
173.649, 21.1335
264.836, 69.9586
112.572, 73.6955
Evaluation Time: 0.0306356 seconds
Resulting Fitness: 0.852333
-------------
Particle: 4:
Relays Coordinates:
197.806, 0.0157194
178.102, 32.557
302.797, 121.733
109.363, 83.606
Evaluation Time: 0.000125437 seconds
Resulting Fitness: 0
Current global best fitness: 0.8575
Current global best relays: 266.689, 0.00994342
171.815, 20.8019
265.333, 70.0246
110.78, 81.779
Particle 1 new velocities: -9.64735, -0.0157701
-2.65301, -1.20463
-37.3123, -19.9697
0.819129, 1.68217
Particle 2 new velocities: -61.4827, 0.0627914
5.95004, -29.6008
-1.2753, 8.03646
9.80968, -111.093
Particle 3 new velocities: -5.41246, 0.013219
0.899028, -1.59768
-0.752026, 9.95298
-2.6599, 14.1503
Particle 4 new velocities: 17.6315, -0.0108293
10.2347, -15.6933
4.14876, -39.9867
1.41638, -4.36314
-- ITERATION 47 --
-------------
Particle: 1:
Relays Coordinates:
266.688, 0.00355228
153.851, 20.0562
265.482, 91.7058
111.136, 89.6984
Evaluation Time: 0.032441 seconds
Resulting Fitness: 0.85275
-------------
Particle: 2:
Relays Coordinates:
235.327, 0.117298
182.174, 11.7407
256.898, 63.8971
71.2279, 3.17786
Evaluation Time: 0.0357319 seconds
Resulting Fitness: 0.834083
-------------
Particle: 3:
Relays Coordinates:
266.204, 0.0343745
174.548, 19.5358
264.084, 79.9116
109.912, 87.8457
Evaluation Time: 0.0317786 seconds
Resulting Fitness: 0.856042
New local best!
-------------
Particle: 4:
Relays Coordinates:
215.437, 0.00489003
188.336, 16.8637
306.946, 81.7465
110.78, 79.2429
Evaluation Time: 0.042639 seconds
Resulting Fitness: 0.851208
New local best!
Current global best fitness: 0.8575
Current global best relays: 266.689, 0.00994342
171.815, 20.8019
265.333, 70.0246
110.78, 81.779
Particle 1 new velocities: -7.71685, 0.000678115
33.0207, 0.451163
-29.9845, -42.2359
-0.0382877, -11.2601
Particle 2 new velocities: -13.1545, 0.564108
5.53687, -5.37284
25.9549, 3.4375
75.2874, 8.30432
Particle 3 new velocities: -4.25854, -0.00360141
-2.97366, -1.08899
1.35029, 4.10099
-1.51108, 7.31279
Particle 4 new velocities: 32.8452, 3.3821e-05
-2.92939, -9.26584
-36.8223, -52.3298
1.133, -1.15478
-- ITERATION 48 --
-------------
Particle: 1:
Relays Coordinates:
258.971, 0.0042304
186.871, 20.5074
235.498, 49.4699
111.098, 78.4383
Evaluation Time: 0.0359107 seconds
Resulting Fitness: 0.844917
-------------
Particle: 2:
Relays Coordinates:
222.172, 0.681406
187.711, 6.36787
282.852, 67.3346
146.515, 11.4822
Evaluation Time: 0.0442005 seconds
Resulting Fitness: 0.833333
-------------
Particle: 3:
Relays Coordinates:
261.945, 0.0307731
171.575, 18.4468
265.434, 84.0126
108.401, 95.1585
Evaluation Time: 0.0622678 seconds
Resulting Fitness: 0.853583
-------------
Particle: 4:
Relays Coordinates:
248.282, 0.00492385
185.407, 7.59785
270.124, 29.4167
111.913, 78.0881
Evaluation Time: 0.137906 seconds
Resulting Fitness: 0.84275
Current global best fitness: 0.8575
Current global best relays: 266.689, 0.00994342
171.815, 20.8019
265.333, 70.0246
110.78, 81.779
Particle 1 new velocities: 4.59938, 0.0101955
0.684607, 0.553807
8.62622, -13.852
-0.615644, -6.61993
Particle 2 new velocities: 72.5062, -0.210077
-18.2774, 9.61827
-10.5398, -6.53097
-6.00983, 121.199
Particle 3 new velocities: 0.307201, -0.0108873
-1.88588, 2.55808
-0.626903, -12.842
0.936085, -21.4508
Particle 4 new velocities: 18.2743, 0.00730832
-12.1098, 6.19078
-13.544, 29.6442
-1.1961, 6.66446
-- ITERATION 49 --
-------------
Particle: 1:
Relays Coordinates:
263.571, 0.0144259
187.556, 21.0612
244.124, 35.6178
110.482, 71.8184
Evaluation Time: 0.942928 seconds
Resulting Fitness: 0.570833
-------------
Particle: 2:
Relays Coordinates:
294.679, 0.471328
169.434, 15.9861
272.313, 60.8037
140.505, 132.681
Evaluation Time: 1.07238 seconds
Resulting Fitness: 0.120833
-------------
Particle: 3:
Relays Coordinates:
262.253, 0.0198857
169.689, 21.0049
264.807, 71.1706
109.337, 73.7078
Evaluation Time: 0.95608 seconds
Resulting Fitness: 0.645833
-------------
Particle: 4:
Relays Coordinates:
266.557, 0.0122322
173.297, 13.7886
256.58, 59.0609
110.717, 84.7525
Evaluation Time: 0.937602 seconds
Resulting Fitness: 0.6375
Current global best fitness: 0.8575
Current global best relays: 266.689, 0.00994342
171.815, 20.8019
265.333, 70.0246
110.78, 81.779
Particle 1 new velocities: 7.95568, -0.000807145
-20.7575, 0.00055664
20.2716, 41.3119
0.00372204, 11.504
Particle 2 new velocities: 49.7651, -0.250819
7.83457, 19.3595
-8.29197, 1.20809
-59.3065, 26.4811
Particle 3 new velocities: 11.3253, -0.00782834
4.23656, 0.434847
-0.866978, -4.13504
3.06116, -1.82469
Particle 4 new velocities: -14.0031, -0.00118113
3.25625, 18.9711
49.0593, 46.5369
-0.889395, 0.266108
-- ITERATION 50 --
-------------
Particle: 1:
Relays Coordinates:
271.526, 0.0136187
166.798, 21.0618
264.396, 76.9297
110.486, 83.3224
Evaluation Time: 0.190559 seconds
Resulting Fitness: 0.854458
-------------
Particle: 2:
Relays Coordinates:
344.444, 0.220509
177.268, 35.3456
264.021, 62.0117
81.1989, 159.162
Evaluation Time: 0.000468056 seconds
Resulting Fitness: 0
-------------
Particle: 3:
Relays Coordinates:
273.578, 0.0120574
173.925, 21.4397
263.94, 67.0355
112.399, 71.8831
Evaluation Time: 0.0445031 seconds
Resulting Fitness: 0.845708
-------------
Particle: 4:
Relays Coordinates:
252.554, 0.011051
176.553, 32.7597
305.639, 105.598
109.827, 85.0186
Evaluation Time: 0.404811 seconds
Resulting Fitness: 0.854375
New local best!
Current global best fitness: 0.8575
Current global best relays: 266.689, 0.00994342
171.815, 20.8019
265.333, 70.0246
110.78, 81.779
Particle 1 new velocities: 5.4813, -0.00572907
-14.5758, -0.292166
17.9682, 21.3243
0.662303, 5.88829
Particle 2 new velocities: -124.505, 0.098407
12.7005, 0.206762
0.790578, -5.62668
13.501, -13.567
Particle 3 new velocities: -3.15635, 0.0129708
0.410451, -1.11852
1.65636, 11.1619
1.29038, 9.89922
Particle 4 new velocities: -4.20552, -0.00178494
-0.671972, -5.52561
13.1945, -9.98853
-0.396305, -1.51192
-- ITERATION 51 --
-------------
Particle: 1:
Relays Coordinates:
277.008, 0.00788964
152.223, 20.7696
282.364, 98.2541
111.148, 89.2106
Evaluation Time: 0.0724887 seconds
Resulting Fitness: 0.85125
-------------
Particle: 2:
Relays Coordinates:
219.939, 0.318916
189.969, 35.5524
264.811, 56.3851
94.6999, 145.595
Evaluation Time: 0.000108016 seconds
Resulting Fitness: 0
-------------
Particle: 3:
Relays Coordinates:
270.422, 0.0250282
174.336, 20.3212
265.597, 78.1974
113.689, 81.7823
Evaluation Time: 0.0659665 seconds
Resulting Fitness: 0.857125
New local best!
-------------
Particle: 4:
Relays Coordinates:
248.348, 0.0092661
175.881, 27.2341
318.833, 95.6093
109.431, 83.5067
Evaluation Time: 0.0427271 seconds
Resulting Fitness: 0.854042
Current global best fitness: 0.8575
Current global best relays: 266.689, 0.00994342
171.815, 20.8019
265.333, 70.0246
110.78, 81.779
Particle 1 new velocities: -0.48264, -7.43401e-05
21.5579, -0.163408
-6.1856, -9.17674
0.394955, -1.48356
Particle 2 new velocities: -3.53135, 0.724094
-19.2011, -38.4048
1.12475, -4.3091
18.4025, -74.8512
Particle 3 new velocities: -7.34251, -0.00389719
-3.75149, -0.570337
1.2951, 4.38448
-2.83803, 7.91358
Particle 4 new velocities: 3.77622, 0.00129476
-5.07279, -4.74445
-45.737, -27.549
1.54406, -0.901951
-- ITERATION 52 --
-------------
Particle: 1:
Relays Coordinates:
276.525, 0.0078153
173.78, 20.6062
276.178, 89.0773
111.543, 87.7271
Evaluation Time: 0.0363304 seconds
Resulting Fitness: 0.853208
-------------
Particle: 2:
Relays Coordinates:
216.408, 1.04301
170.768, 0
265.936, 52.076
113.102, 70.7438
Evaluation Time: 0.0458806 seconds
Resulting Fitness: 0.84475
-------------
Particle: 3:
Relays Coordinates:
263.079, 0.021131
170.584, 19.7509
266.892, 82.5818
110.851, 89.6959
Evaluation Time: 0.0560017 seconds
Resulting Fitness: 0.854667
-------------
Particle: 4:
Relays Coordinates:
252.124, 0.0105609
170.809, 22.4896
273.096, 68.0602
110.975, 82.6048
Evaluation Time: 0.0526394 seconds
Resulting Fitness: 0.854583
New local best!
Current global best fitness: 0.8575
Current global best relays: 266.689, 0.00994342
171.815, 20.8019
265.333, 70.0246
110.78, 81.779
Particle 1 new velocities: -27.217, 0.00120739
14.4979, 0.299372
-26.9318, -50.6683
-0.56527, -2.75299
Particle 2 new velocities: 58.182, 0.156564
6.14051, 32.3209
4.72511, 11.8791
4.63642, -45.2996
Particle 3 new velocities: 6.33665, -0.0129843
-1.65697, 1.40785
-1.20782, -14.0417
-0.314256, 0.470432
Particle 4 new velocities: 12.2494, 0.000248554
-3.44119, -6.04349
-41.5857, -21.3359
1.05465, -1.44949
-- ITERATION 53 --
-------------
Particle: 1:
Relays Coordinates:
249.308, 0.00902269
188.278, 20.9056
249.247, 38.409
110.978, 84.9741
Evaluation Time: 0.0311976 seconds
Resulting Fitness: 0.846667
-------------
Particle: 2:
Relays Coordinates:
274.59, 1.19957
176.908, 32.3209
270.661, 63.9551
117.739, 25.4441
Evaluation Time: 0.114683 seconds
Resulting Fitness: 0.842875
-------------
Particle: 3:
Relays Coordinates:
269.416, 0.00814669
168.927, 21.1587
265.684, 68.5402
110.537, 90.1663
Evaluation Time: 0.0982783 seconds
Resulting Fitness: 0.854167
-------------
Particle: 4:
Relays Coordinates:
264.374, 0.0108094
167.367, 16.4462
231.511, 46.7243
112.03, 81.1553
Evaluation Time: 0.0818321 seconds
Resulting Fitness: 0.84525
Current global best fitness: 0.8575
Current global best relays: 266.689, 0.00994342
171.815, 20.8019
265.333, 70.0246
110.78, 81.779
Particle 1 new velocities: -5.37279, 0.00255739
-3.00912, 0.179515
0.404921, 38.0821
-0.886196, -8.24307
Particle 2 new velocities: 66.0886, -1.50004
8.22145, 17.4075
2.61239, -6.40884
-19.981, 78.7447
Particle 3 new velocities: 5.01682, 0.00521668
3.04101, -0.216892
-1.05977, -2.33692
0.507039, -9.63644
Particle 4 new velocities: 9.88633, -0.000100556
3.11103, 4.93586
8.9238, 46.2854
-1.08936, 0.669686
-- ITERATION 54 --
-------------
Particle: 1:
Relays Coordinates:
243.935, 0.0115801
185.269, 21.0851
249.651, 76.4911
110.092, 76.731
Evaluation Time: 0.210659 seconds
Resulting Fitness: 0.85
-------------
Particle: 2:
Relays Coordinates:
340.678, 0
185.13, 49.7284
273.274, 57.5462
97.7578, 104.189
Evaluation Time: 0.110305 seconds
Resulting Fitness: 0.847333
-------------
Particle: 3:
Relays Coordinates:
274.432, 0.0133634
171.968, 20.9418
264.624, 66.2032
111.044, 80.5299
Evaluation Time: 0.0824952 seconds
Resulting Fitness: 0.85125
-------------
Particle: 4:
Relays Coordinates:
274.26, 0.0107089
170.478, 21.382
240.434, 93.0097
110.94, 81.825
Evaluation Time: 0.240436 seconds
Resulting Fitness: 0.851375
Current global best fitness: 0.8575
Current global best relays: 266.689, 0.00994342
171.815, 20.8019
265.333, 70.0246
110.78, 81.779
Particle 1 new velocities: 46.2656, -0.00103844
-8.0242, -0.437179
13.1886, 22.1391
0.0744198, 0.901679
Particle 2 new velocities: -76.1096, 0.396148
11.51, -25.428
2.88443, -11.7992
-15.4678, 43.7738
Particle 3 new velocities: -2.08892, -0.00169242
4.21104, -0.410396
0.23868, 8.72819
0.339322, -6.51418
Particle 4 new velocities: -11.8072, -0.00135266
4.15368, 4.30976
55.7933, -28.9814
-1.02404, 1.16957
-- ITERATION 55 --
-------------
Particle: 1:
Relays Coordinates:
290.201, 0.0105416
177.245, 20.6479
262.84, 98.6302
110.166, 77.6327
Evaluation Time: 0.197038 seconds
Resulting Fitness: 0.850208
-------------
Particle: 2:
Relays Coordinates:
264.569, 0.396148
196.64, 24.3004
276.158, 45.747
82.29, 147.963
Evaluation Time: 0.000324014 seconds
Resulting Fitness: 0
-------------
Particle: 3:
Relays Coordinates:
272.344, 0.011671
176.179, 20.5314
264.863, 74.9314
111.383, 74.0157
Evaluation Time: 0.208925 seconds
Resulting Fitness: 0.852583
-------------
Particle: 4:
Relays Coordinates:
262.453, 0.00935621
174.632, 25.6918
296.228, 64.0283
109.916, 82.9945
Evaluation Time: 0.112041 seconds
Resulting Fitness: 0.850833
Current global best fitness: 0.8575
Current global best relays: 266.689, 0.00994342
171.815, 20.8019
265.333, 70.0246
110.78, 81.779
Particle 1 new velocities: 28.037, -0.00239214
-12.1663, -0.0846625
14.2699, -3.38784
0.864574, 4.66519
Particle 2 new velocities: -36.8906, 0.873294
-20.7471, -29.9211
-17.586, 5.79364
13.5511, -67.97
Particle 3 new velocities: -11.2017, 0.00666416
1.53198, -0.026857
0.987519, 4.35622
2.50687, 9.20634
Particle 4 new velocities: -9.89882, 3.16199e-06
-1.98058, -5.40597
7.35652, -15.4388
0.163698, 0.584153
-- ITERATION 56 --
-------------
Particle: 1:
Relays Coordinates:
318.238, 0.0081495
165.079, 20.5632
277.11, 95.2424
111.031, 82.2979
Evaluation Time: 0.12338 seconds
Resulting Fitness: 0.849125
-------------
Particle: 2:
Relays Coordinates:
227.678, 1.26944
175.893, 0
258.572, 51.5407
95.8411, 79.9925
Evaluation Time: 0.0929781 seconds
Resulting Fitness: 0.84625
-------------
Particle: 3:
Relays Coordinates:
261.142, 0.0183351
177.711, 20.5046
265.85, 79.2876
113.89, 83.222
Evaluation Time: 0.0950652 seconds
Resulting Fitness: 0.855042
-------------
Particle: 4:
Relays Coordinates:
252.554, 0.00935937
172.652, 20.2858
303.584, 48.5895
110.08, 83.5787
Evaluation Time: 0.0698901 seconds
Resulting Fitness: 0.850042
Current global best fitness: 0.8575
Current global best relays: 266.689, 0.00994342
171.815, 20.8019
265.333, 70.0246
110.78, 81.779
Particle 1 new velocities: -106.722, 0.00187015
-6.76659, 0.34323
-7.59495, -56.5895
0.443454, 3.53418
Particle 2 new velocities: 84.8441, -1.13791
0.73862, 39.7801
-6.31974, 33.9975
27.8489, -42.5936
Particle 3 new velocities: -3.15265, 0.0037685
-8.56564, 0.34453
0.41084, -3.89854
-1.60384, 6.06797
Particle 4 new velocities: 16.6811, 0.00125909
-3.12175, -0.934925
-38.2436, 38.3932
0.844185, -3.26764
-- ITERATION 57 --
-------------
Particle: 1:
Relays Coordinates:
211.516, 0.0100196
158.312, 20.9065
269.515, 38.6529
111.474, 85.8321
Evaluation Time: 0.122777 seconds
Resulting Fitness: 0.847167
-------------
Particle: 2:
Relays Coordinates:
312.522, 0.131529
176.631, 39.7801
252.252, 85.5382
123.69, 37.3989
Evaluation Time: 0.0800946 seconds
Resulting Fitness: 0.840708
-------------
Particle: 3:
Relays Coordinates:
257.989, 0.0221036
169.146, 20.8491
266.261, 75.3891
112.286, 89.29
Evaluation Time: 0.0710917 seconds
Resulting Fitness: 0.85425
-------------
Particle: 4:
Relays Coordinates:
269.235, 0.0106185
169.53, 19.3509
265.341, 86.9827
110.924, 80.311
Evaluation Time: 0.0902841 seconds
Resulting Fitness: 0.856917
New local best!
Current global best fitness: 0.8575
Current global best relays: 266.689, 0.00994342
171.815, 20.8019
265.333, 70.0246
110.78, 81.779
Particle 1 new velocities: -20.1959, 0.00132707
22.2133, 0.0616714
-10.606, 10.2039
0.0415978, -7.66657
Particle 2 new velocities: 12.1594, -1.03305
0.819375, -7.05463
15.8714, -20.8258
1.38743, 14.9243
Particle 3 new velocities: 23.8783, -0.00118507
-1.29011, -0.172442
-1.91514, -0.38626
-0.184552, -2.25608
Particle 4 new velocities: 8.95939, -0.000200682
0.385707, 1.34919
-30.6066, 15.3203
0.439416, -2.33179
-- ITERATION 58 --
-------------
Particle: 1:
Relays Coordinates:
191.32, 0.0113467
180.525, 20.9681
258.909, 48.8568
111.516, 78.1655
Evaluation Time: 0.0573317 seconds
Resulting Fitness: 0.850583
-------------
Particle: 2:
Relays Coordinates:
324.681, 0
177.451, 32.7255
268.124, 64.7124
125.077, 52.3232
Evaluation Time: 0.0925109 seconds
Resulting Fitness: 0.838958
-------------
Particle: 3:
Relays Coordinates:
281.867, 0.0209185
167.856, 20.6766
264.346, 75.0028
112.102, 87.0339
Evaluation Time: 0.343937 seconds
Resulting Fitness: 0.850833
-------------
Particle: 4:
Relays Coordinates:
278.194, 0.0104178
169.916, 20.7001
234.734, 102.303
111.364, 77.9793
Evaluation Time: 0.114462 seconds
Resulting Fitness: 0.84975
Current global best fitness: 0.8575
Current global best relays: 266.689, 0.00994342
171.815, 20.8019
265.333, 70.0246
110.78, 81.779
Particle 1 new velocities: 168.912, -0.00146771
7.59231, -0.0359074
-1.49424, 19.4915
-1.17288, -3.91006
Particle 2 new velocities: -92.3685, 0.017906
6.7505, -15.804
12.125, -28.7037
-34.156, 39.9416
Particle 3 new velocities: -8.58368, -0.000598983
8.64382, -0.205091
-0.372345, -2.99258
1.29915, -8.98131
Particle 4 new velocities: -14.6846, -1.95097e-05
0.143114, 0.418644
10.0714, -4.67884
-0.00398421, 2.27528
-- ITERATION 59 --
-------------
Particle: 1:
Relays Coordinates:
350, 0.00987901
188.118, 20.9322
257.415, 68.3482
110.343, 74.2554
Evaluation Time: 0.89539 seconds
Resulting Fitness: 0.65
-------------
Particle: 2:
Relays Coordinates:
232.313, 0.017906
184.201, 16.9214
280.249, 36.0087
90.9215, 92.2648
Evaluation Time: 0.897345 seconds
Resulting Fitness: 0.633333
-------------
Particle: 3:
Relays Coordinates:
273.284, 0.0203196
176.499, 20.4716
263.974, 72.0103
113.401, 78.0526
Evaluation Time: 0.916367 seconds
Resulting Fitness: 0.65
-------------
Particle: 4:
Relays Coordinates:
263.51, 0.0103983
170.059, 21.1187
244.806, 97.6242
111.36, 80.2545
Evaluation Time: 1.01857 seconds
Resulting Fitness: 0.695833
Current global best fitness: 0.8575
Current global best relays: 266.689, 0.00994342
171.815, 20.8019
265.333, 70.0246
110.78, 81.779
Particle 1 new velocities: -98.5436, -0.00104356
-17.3478, -0.317362
2.07362, 18.609
-0.818083, 9.97284
Particle 2 new velocities: -30.7647, 1.0217
-5.83161, -4.57328
-0.891499, 42.8051
0.5301, 23.5376
Particle 3 new velocities: -10.8085, -0.00401463
-0.55085, -0.223068
0.264815, -0.0496652
-0.80287, 1.33716
Particle 4 new velocities: -2.98486, -9.38643e-05
1.11099, -1.73458
25.1656, -14.8829
-0.789384, 1.91943
-- ITERATION 60 --
-------------
Particle: 1:
Relays Coordinates:
251.456, 0.00883545
170.77, 20.6149
259.488, 86.9572
109.525, 84.2283
Evaluation Time: 0.0408171 seconds
Resulting Fitness: 0.856833
-------------
Particle: 2:
Relays Coordinates:
201.548, 1.03961
178.369, 12.3482
279.357, 78.8138
91.4516, 115.802
Evaluation Time: 0.0503415 seconds
Resulting Fitness: 0.8525
New local best!
-------------
Particle: 3:
Relays Coordinates:
262.475, 0.0163049
175.949, 20.2485
264.238, 71.9606
112.598, 79.3898
Evaluation Time: 0.0381377 seconds
Resulting Fitness: 0.854875
-------------
Particle: 4:
Relays Coordinates:
260.525, 0.0103044
171.17, 19.3841
269.971, 82.7413
110.57, 82.174
Evaluation Time: 0.0631073 seconds
Resulting Fitness: 0.85575
Current global best fitness: 0.8575
Current global best relays: 266.689, 0.00994342
171.815, 20.8019
265.333, 70.0246
110.78, 81.779
Particle 1 new velocities: -56.5252, 0.00132689
-12.4359, -0.0860167
9.70276, -6.00793
0.724615, 5.65177
Particle 2 new velocities: 56.2319, -0.893376
-6.89479, 0.372556
-8.1688, 28.5186
28.1818, -38.9944
Particle 3 new velocities: -5.36493, -0.00393598
-4.86511, 0.394139
1.38389, 4.22557
-1.11844, 4.78952
Particle 4 new velocities: 15.1783, -0.000364061
-0.783454, 0.467088
15.6422, -17.6875
-0.144151, -1.02181
-- ITERATION 61 --
-------------
Particle: 1:
Relays Coordinates:
194.931, 0.0101623
158.334, 20.5288
269.191, 80.9493
110.249, 89.88
Evaluation Time: 0.036092 seconds
Resulting Fitness: 0.851042
-------------
Particle: 2:
Relays Coordinates:
257.78, 0.146231
171.475, 12.7207
271.188, 107.332
119.633, 76.808
Evaluation Time: 0.0336959 seconds
Resulting Fitness: 0.855083
New local best!
-------------
Particle: 3:
Relays Coordinates:
257.11, 0.0123689
171.083, 20.6426
265.622, 76.1862
111.479, 84.1793
Evaluation Time: 0.028268 seconds
Resulting Fitness: 0.855042
-------------
Particle: 4:
Relays Coordinates:
275.703, 0.00994034
170.386, 19.8512
285.613, 65.0538
110.426, 81.1522
Evaluation Time: 0.0536647 seconds
Resulting Fitness: 0.852292
Current global best fitness: 0.8575
Current global best relays: 266.689, 0.00994342
171.815, 20.8019
265.333, 70.0246
110.78, 81.779
Particle 1 new velocities: 111.384, 0.000939598
13.6075, 0.204213
-0.107014, -18.5078
1.93151, -2.98868
Particle 2 new velocities: 46.1489, -0.918113
-5.13273, 4.13948
-12.2842, 17.2256
19.7866, -27.6701
Particle 3 new velocities: 0.963478, -0.00110196
-2.64063, 0.390306
0.640218, -6.96652
-1.01964, -2.02784
Particle 4 new velocities: 1.19929, -0.000123691
0.500655, 0.31571
-9.61295, 12.5922
0.869469, -0.279475
-- ITERATION 62 --
-------------
Particle: 1:
Relays Coordinates:
306.315, 0.0111019
171.942, 20.7331
269.084, 62.4415
112.181, 86.8914
Evaluation Time: 0.043826 seconds
Resulting Fitness: 0.852
-------------
Particle: 2:
Relays Coordinates:
303.929, 0
166.342, 16.8602
258.904, 124.558
139.42, 49.1379
Evaluation Time: 0.0702391 seconds
Resulting Fitness: 0.838833
-------------
Particle: 3:
Relays Coordinates:
258.074, 0.011267
168.443, 21.0329
266.263, 69.2196
110.46, 82.1514
Evaluation Time: 0.0513218 seconds
Resulting Fitness: 0.856042
-------------
Particle: 4:
Relays Coordinates:
276.903, 0.00981664
170.887, 20.1669
276, 77.646
111.296, 80.8727
Evaluation Time: 0.0369251 seconds
Resulting Fitness: 0.856583
Current global best fitness: 0.8575
Current global best relays: 266.689, 0.00994342
171.815, 20.8019
265.333, 70.0246
110.78, 81.779
Particle 1 new velocities: 36.913, 0.000661269
10.6179, 0.248528
-7.36829, -1.20466
1.35144, -12.4623
Particle 2 new velocities: -62.4599, 0.181936
0.128995, 3.61592
11.7546, -54.1134
1.0468, -13.0847
Particle 3 new velocities: 8.46229, 0.00464575
7.05178, -0.292672
-0.0183751, 3.31789
2.36643, -2.012
Particle 4 new velocities: -19.2712, 0.000507834
1.27871, 1.34874
-14.4502, 18.6374
0.294203, 1.10387
-- ITERATION 63 --
-------------
Particle: 1:
Relays Coordinates:
343.228, 0.0117632
182.559, 20.9816
261.716, 61.2368
113.532, 74.4291
Evaluation Time: 0.027312 seconds
Resulting Fitness: 0.84525
-------------
Particle: 2:
Relays Coordinates:
241.469, 0.181936
166.471, 20.4761
270.659, 70.4447
140.467, 36.0531
Evaluation Time: 0.0306723 seconds
Resulting Fitness: 0.826417
-------------
Particle: 3:
Relays Coordinates:
266.536, 0.0159127
175.495, 20.7403
266.244, 72.5375
112.826, 80.1394
Evaluation Time: 0.0327058 seconds
Resulting Fitness: 0.857375
New local best!
-------------
Particle: 4:
Relays Coordinates:
257.631, 0.0103245
172.166, 21.5157
261.55, 96.2834
111.59, 81.9766
Evaluation Time: 0.0617672 seconds
Resulting Fitness: 0.855458
Current global best fitness: 0.8575
Current global best relays: 266.689, 0.00994342
171.815, 20.8019
265.333, 70.0246
110.78, 81.779
Particle 1 new velocities: -38.6075, -0.0026759
-7.73112, -0.00427218
0.754707, 13.3542
-4.37652, 11.0703
Particle 2 new velocities: -20.1564, -0.0154286
11.3724, -5.22356
9.1206, -26.6426
-62.6273, 42.4749
Particle 3 new velocities: 6.94334, -0.00196405
3.72343, -0.209559
-0.498156, 0.785399
1.11455, -1.33001
Particle 4 new velocities: -3.24501, -8.42732e-05
-0.395431, 0.148336
-3.85479, -33.212
-0.764305, -0.57978
-- ITERATION 64 --
-------------
Particle: 1:
Relays Coordinates:
304.62, 0.00908731
174.828, 20.9773
262.471, 74.591
109.156, 85.4993
Evaluation Time: 0.0617885 seconds
Resulting Fitness: 0.852417
-------------
Particle: 2:
Relays Coordinates:
221.313, 0.166507
177.843, 15.2526
279.779, 43.802
77.8395, 78.528
Evaluation Time: 0.0452426 seconds
Resulting Fitness: 0.841417
-------------
Particle: 3:
Relays Coordinates:
273.48, 0.0139487
179.218, 20.5307
265.746, 73.3229
113.941, 78.8094
Evaluation Time: 0.0351684 seconds
Resulting Fitness: 0.855917
-------------
Particle: 4:
Relays Coordinates:
254.386, 0.0102402
171.77, 21.664
257.695, 63.0714
110.825, 81.3968
Evaluation Time: 0.0355046 seconds
Resulting Fitness: 0.855042
Current global best fitness: 0.8575
Current global best relays: 266.689, 0.00994342
171.815, 20.8019
265.333, 70.0246
110.78, 81.779
Particle 1 new velocities: -87.8242, -0.00162882
-8.06666, -0.26457
7.20714, 8.75772
-0.620226, 4.79443
Particle 2 new velocities: 63.9465, -0.0550082
-0.799098, -3.5012
-4.01985, 36.7765
9.66124, 34.0493
Particle 3 new velocities: -4.13845, -0.00625308
-5.19389, 0.459424
-0.442381, -1.65771
-1.36066, 1.9862
Particle 4 new velocities: 13.859, -2.3661e-05
-2.63664, -2.89566
9.74415, -14.9019
-0.586931, -0.438066
-- ITERATION 65 --
-------------
Particle: 1:
Relays Coordinates:
216.796, 0.00745849
166.762, 20.7127
269.678, 83.3488
108.536, 90.2938
Evaluation Time: 0.0617029 seconds
Resulting Fitness: 0.849333
-------------
Particle: 2:
Relays Coordinates:
285.259, 0.111499
177.044, 11.7514
275.759, 80.5785
87.5007, 112.577
Evaluation Time: 0.0446674 seconds
Resulting Fitness: 0.8525
-------------
Particle: 3:
Relays Coordinates:
269.341, 0.00769562
174.024, 20.9901
265.304, 71.6652
112.58, 80.7956
Evaluation Time: 0.0349046 seconds
Resulting Fitness: 0.857292
-------------
Particle: 4:
Relays Coordinates:
268.245, 0.0102165
169.133, 18.7683
267.44, 48.1694
110.239, 80.9587
Evaluation Time: 0.0425766 seconds
Resulting Fitness: 0.851042
Current global best fitness: 0.8575
Current global best relays: 266.689, 0.00994342
171.815, 20.8019
265.333, 70.0246
110.78, 81.779
Particle 1 new velocities: 24.9377, 0.00475332
-0.445396, -0.0892691
1.21493, -15.2856
1.24778, -16.4009
Particle 2 new velocities: 15.5625, -0.190614
-7.58101, 11.271
-13.5207, 34.5708
37.2382, -27.8861
Particle 3 new velocities: -5.81893, 0.00265691
-6.58796, -0.143547
0.235563, -3.05371
-4.24874, 2.43918
Particle 4 new velocities: 10.4681, -7.96504e-05
0.637564, -0.679228
3.03161, 55.1429
0.536102, 0.190049
-- ITERATION 66 --
-------------
Particle: 1:
Relays Coordinates:
241.734, 0.0122118
166.316, 20.6235
270.893, 68.0632
109.783, 73.8928
Evaluation Time: 0.121001 seconds
Resulting Fitness: 0.848458
-------------
Particle: 2:
Relays Coordinates:
300.822, 0
169.463, 23.0223
262.239, 115.149
124.739, 84.6913
Evaluation Time: 0.000378324 seconds
Resulting Fitness: 0
-------------
Particle: 3:
Relays Coordinates:
263.522, 0.0103525
167.436, 20.8466
265.539, 68.6115
108.331, 83.2348
Evaluation Time: 0.10067 seconds
Resulting Fitness: 0.855958
-------------
Particle: 4:
Relays Coordinates:
278.713, 0.0101369
169.771, 18.0891
270.471, 103.312
110.775, 81.1488
Evaluation Time: 0.0605018 seconds
Resulting Fitness: 0.858125
New local best!
New global best!
Current global best fitness: 0.858125
Current global best relays: 278.713, 0.0101369
169.771, 18.0891
270.471, 103.312
110.775, 81.1488
Particle 1 new velocities: 36.3182, -5.59862e-05
5.25621, -3.72086
-3.01678, 5.08652
1.88368, 6.96856
Particle 2 new velocities: -68.2405, 0.184521
-5.50149, -0.806816
1.95965, 9.82067
12.2667, -35.4607
Particle 3 new velocities: 13.4077, 0.00606954
1.19636, -4.82321
8.59117, 5.20317
1.2806, -2.5742
Particle 4 new velocities: 8.37445, -6.37203e-05
0.510051, -0.543382
2.42529, 44.1143
0.428881, 0.152039
-- ITERATION 67 --
-------------
Particle: 1:
Relays Coordinates:
278.052, 0.0121558
171.573, 16.9026
267.876, 73.1497
111.667, 80.8614
Evaluation Time: 0.116212 seconds
Resulting Fitness: 0.852958
-------------
Particle: 2:
Relays Coordinates:
232.581, 0.184521
163.962, 22.2155
264.198, 124.97
137.006, 49.2306
Evaluation Time: 0.105227 seconds
Resulting Fitness: 0.834833
-------------
Particle: 3:
Relays Coordinates:
276.93, 0.0164221
168.633, 16.0234
274.13, 73.8147
109.612, 80.6606
Evaluation Time: 0.0944775 seconds
Resulting Fitness: 0.856208
-------------
Particle: 4:
Relays Coordinates:
287.088, 0.0100732
170.281, 17.5457
272.897, 147.427
111.204, 81.3008
Evaluation Time: 0.201382 seconds
Resulting Fitness: 0.854292
Current global best fitness: 0.858125
Current global best relays: 278.713, 0.0101369
169.771, 18.0891
270.471, 103.312
110.775, 81.1488
Particle 1 new velocities: 28.9566, -0.00281466
1.18273, -1.25828
-4.34389, 50.9634
-0.591353, 6.26783
Particle 2 new velocities: -42.8887, -0.175283
-1.78544, -9.24262
10.7094, -8.59977
-29.8662, 20.3575
Particle 3 new velocities: 3.64006, -0.000371017
5.59834, 2.52736
-0.944522, 11.992
5.01348, -1.94687
Particle 4 new velocities: 1.18746, 3.79413e-05
-0.755341, 0.0624699
-2.04637, -32.8045
0.249322, -0.129195
-- ITERATION 68 --
-------------
Particle: 1:
Relays Coordinates:
307.009, 0.00934117
172.755, 15.6443
263.532, 124.113
111.076, 87.1292
Evaluation Time: 0.20265 seconds
Resulting Fitness: 0.856208
-------------
Particle: 2:
Relays Coordinates:
189.693, 0.00923788
162.176, 12.9729
274.908, 116.37
107.139, 69.5881
Evaluation Time: 0.164169 seconds
Resulting Fitness: 0.847292
-------------
Particle: 3:
Relays Coordinates:
280.57, 0.0160511
174.231, 18.5507
273.186, 85.8067
114.625, 78.7137
Evaluation Time: 0.118559 seconds
Resulting Fitness: 0.854792
-------------
Particle: 4:
Relays Coordinates:
288.275, 0.0101111
169.526, 17.6082
270.85, 114.622
111.453, 81.1716
Evaluation Time: 0.0845853 seconds
Resulting Fitness: 0.857083
Current global best fitness: 0.858125
Current global best relays: 278.713, 0.0101369
169.771, 18.0891
270.471, 103.312
110.775, 81.1488
Particle 1 new velocities: -5.41316, -0.00102383
-0.554581, 4.70807
10.3084, -0.862953
-1.1272, -6.56248
Particle 2 new velocities: 52.9285, -0.130807
12.9715, -4.35569
0.878425, -31.5135
-20.2179, 37.232
Particle 3 new velocities: -2.3522, -0.00960769
3.8292, 3.40667
-11.8143, 25.7274
1.58411, 1.11746
Particle 4 new velocities: -17.1564, 6.68038e-05
-0.00614271, 0.507177
-2.36547, -34.996
-0.814577, -0.126949
-- ITERATION 69 --
-------------
Particle: 1:
Relays Coordinates:
301.595, 0.00831733
172.201, 20.3524
273.84, 123.25
109.949, 80.5667
Evaluation Time: 1.00094 seconds
Resulting Fitness: 0.7
-------------
Particle: 2:
Relays Coordinates:
242.621, 0
175.148, 8.6172
275.786, 84.8568
86.9215, 106.82
Evaluation Time: 1.01609 seconds
Resulting Fitness: 0.666667
-------------
Particle: 3:
Relays Coordinates:
278.218, 0.00644337
178.06, 21.9574
261.372, 111.534
116.21, 79.8312
Evaluation Time: 1.03496 seconds
Resulting Fitness: 0.683333
-------------
Particle: 4:
Relays Coordinates:
271.119, 0.0101779
169.52, 18.1154
268.485, 79.6262
110.638, 81.0447
Evaluation Time: 1.00066 seconds
Resulting Fitness: 0.670833
Current global best fitness: 0.858125
Current global best relays: 278.713, 0.0101369
169.771, 18.0891
270.471, 103.312
110.775, 81.1488
Particle 1 new velocities: -46.4179, -0.000140594
-4.4663, 0.743951
0.599852, -53.8551
-0.704885, -4.59402
Particle 2 new velocities: 82.1097, 0.139866
0.974573, 1.12275
-3.90248, -1.10318
22.0309, -10.967
Particle 3 new velocities: -9.0751, -0.00747494
-2.12486, 0.649412
-2.66657, -19.4759
-2.45586, 1.59732
Particle 4 new velocities: -2.7251, 1.70291e-05
0.550556, 0.377322
2.79383, 13.3699
-0.347075, 0.0972497
-- ITERATION 70 --
-------------
Particle: 1:
Relays Coordinates:
255.178, 0.00817674
167.734, 21.0964
274.44, 69.3951
109.244, 75.9727
Evaluation Time: 0.0291826 seconds
Resulting Fitness: 0.852458
-------------
Particle: 2:
Relays Coordinates:
324.731, 0.139866
176.122, 9.73995
271.884, 83.7536
108.952, 95.8531
Evaluation Time: 0.0351087 seconds
Resulting Fitness: 0.850917
-------------
Particle: 3:
Relays Coordinates:
269.143, 0
175.935, 22.6068
258.705, 92.0582
113.754, 81.4285
Evaluation Time: 0.0506199 seconds
Resulting Fitness: 0.858375
New local best!
New global best!
-------------
Particle: 4:
Relays Coordinates:
268.394, 0.0101949
170.07, 18.4927
271.279, 92.9961
110.291, 81.1419
Evaluation Time: 0.449039 seconds
Resulting Fitness: 0.856042
Current global best fitness: 0.858375
Current global best relays: 269.143, 0
175.935, 22.6068
258.705, 92.0582
113.754, 81.4285
Particle 1 new velocities: -4.37408, -0.0106638
8.2573, 0.732213
-29.5367, -39.4704
4.69055, 6.90949
Particle 2 new velocities: -56.7104, 0.111818
-2.52386, 19.8717
-22.4868, 24.0801
30.6811, -37.7983
Particle 3 new velocities: -7.26008, 0
-1.69989, 0.51953
-2.13325, -15.5807
-1.96469, 1.27786
Particle 4 new velocities: 3.99161, -0.00156336
3.25516, 6.2643
-17.9432, 19.1057
1.45521, 0.259285
-- ITERATION 71 --
-------------
Particle: 1:
Relays Coordinates:
250.803, 0
175.992, 21.8286
244.904, 29.9247
113.934, 82.8822
Evaluation Time: 0.0595401 seconds
Resulting Fitness: 0.843417
-------------
Particle: 2:
Relays Coordinates:
268.021, 0.251684
173.598, 29.6117
249.397, 107.834
139.634, 58.0548
Evaluation Time: 9.84e-05 seconds
Resulting Fitness: 0
-------------
Particle: 3:
Relays Coordinates:
261.882, 0
174.235, 23.1263
256.572, 76.4774
111.789, 82.7064
Evaluation Time: 0.0566452 seconds
Resulting Fitness: 0.855125
-------------
Particle: 4:
Relays Coordinates:
272.385, 0.00863159
173.325, 24.757
253.335, 112.102
111.746, 81.4012
Evaluation Time: 0.0538628 seconds
Resulting Fitness: 0.856542
Current global best fitness: 0.858375
Current global best relays: 269.143, 0
175.935, 22.6068
258.705, 92.0582
113.754, 81.4285
Particle 1 new velocities: 31.0137, 0.00390891
1.6529, 1.5169
-0.514063, 118.502
2.48748, 4.5121
Particle 2 new velocities: -44.7809, -0.458597
1.37699, 4.86967
12.613, -2.43666
-20.3826, 3.89283
Particle 3 new velocities: 12.2968, 0
2.11988, -0.402303
-1.00482, 13.4915
2.2996, -2.4991
Particle 4 new velocities: 2.50668, -0.0113543
3.66498, -1.78219
14.2791, 1.63842
3.45773, 0.198539
-- ITERATION 72 --
-------------
Particle: 1:
Relays Coordinates:
281.817, 0.00390891
177.645, 23.3455
244.39, 148.426
116.422, 87.3943
Evaluation Time: 0.167075 seconds
Resulting Fitness: 0.858042
New local best!
-------------
Particle: 2:
Relays Coordinates:
223.24, 0
174.975, 34.4813
262.01, 105.397
119.251, 61.9476
Evaluation Time: 0.183518 seconds
Resulting Fitness: 0.845583
-------------
Particle: 3:
Relays Coordinates:
274.179, 0
176.355, 22.724
255.567, 89.9689
114.089, 80.2073
Evaluation Time: 0.113647 seconds
Resulting Fitness: 0.851833
-------------
Particle: 4:
Relays Coordinates:
274.892, 0
176.99, 22.9748
267.614, 113.74
115.204, 81.5997
Evaluation Time: 0.0752585 seconds
Resulting Fitness: 0.857792
Current global best fitness: 0.858375
Current global best relays: 269.143, 0
175.935, 22.6068
258.705, 92.0582
113.754, 81.4285
Particle 1 new velocities: 11.7687, 0.0020904
-0.661442, 0.480534
3.25853, 29.1754
1.61004, -0.944491
Particle 2 new velocities: 20.1658, 0.0811247
1.86227, -10.3779
16.8218, -7.71814
-16.8028, 37.0016
Particle 3 new velocities: 6.45625, 0
0.725173, -0.51186
3.78234, 13.6017
1.18141, -0.774624
Particle 4 new velocities: 0.77033, 0.00100142
-2.95075, -4.24345
-1.09519, -32.1254
-2.73533, -0.238635
-- ITERATION 73 --
-------------
Particle: 1:
Relays Coordinates:
293.586, 0.00599931
176.983, 23.826
247.648, 177.602
118.032, 86.4498
Evaluation Time: 0.000105011 seconds
Resulting Fitness: 0
-------------
Particle: 2:
Relays Coordinates:
243.405, 0.0811247
176.838, 24.1035
278.832, 97.6789
102.448, 98.9492
Evaluation Time: 0.0326008 seconds
Resulting Fitness: 0.85275
-------------
Particle: 3:
Relays Coordinates:
280.636, 0
177.08, 22.2122
259.349, 103.571
115.27, 79.4326
Evaluation Time: 0.0584093 seconds
Resulting Fitness: 0.85525
-------------
Particle: 4:
Relays Coordinates:
275.662, 0.00100142
174.04, 18.7314
266.519, 81.6148
112.469, 81.3611
Evaluation Time: 0.303382 seconds
Resulting Fitness: 0.856875
Current global best fitness: 0.858375
Current global best relays: 269.143, 0
175.935, 22.6068
258.705, 92.0582
113.754, 81.4285
Particle 1 new velocities: -23.8643, 0.000217239
-0.145776, -0.608386
9.40773, -97.7655
-1.18956, -1.65888
Particle 2 new velocities: 60.8213, 0.0230265
-4.7213, -18.3375
-28.8943, 2.87209
10.9079, -22.364
Particle 3 new velocities: 0.0832315, 0
-0.11191, 0.233886
1.97013, -0.527628
-1.4179, 2.19104
Particle 4 new velocities: -6.64942, 0.00792586
-0.909226, -0.222935
-2.79385, -14.5257
-3.34345, -0.363869
-- ITERATION 74 --
-------------
Particle: 1:
Relays Coordinates:
269.722, 0.00621655
176.837, 23.2176
257.056, 79.8363
116.842, 84.7909
Evaluation Time: 0.123274 seconds
Resulting Fitness: 0.851583
-------------
Particle: 2:
Relays Coordinates:
304.227, 0.104151
172.116, 5.76599
249.938, 100.551
113.356, 76.5852
Evaluation Time: 0.0752798 seconds
Resulting Fitness: 0.851125
-------------
Particle: 3:
Relays Coordinates:
280.719, 0
176.968, 22.4461
261.319, 103.043
113.852, 81.6237
Evaluation Time: 0.313377 seconds
Resulting Fitness: 0.8575
-------------
Particle: 4:
Relays Coordinates:
269.013, 0.00892728
173.13, 18.5084
263.725, 67.0891
109.125, 80.9972
Evaluation Time: 0.180036 seconds
Resulting Fitness: 0.854875
Current global best fitness: 0.858375
Current global best relays: 269.143, 0
175.935, 22.6068
258.705, 92.0582
113.754, 81.4285
Particle 1 new velocities: -9.99526, -0.00092665
-0.188967, -1.33957
6.42238, -55.8316
-5.41971, 0.707213
Particle 2 new velocities: -0.44821, -0.00873819
-3.69579, -3.02909
2.83306, 6.38558
8.95943, -13.0057
Particle 3 new velocities: -13.1867, 0
-1.78353, 0.265567
-0.918742, -11.0664
-1.26604, 1.51026
Particle 4 new velocities: -3.93621, 0.00164108
1.06975, 3.63779
-1.90485, 11.1209
0.576357, 0.296488
-- ITERATION 75 --
-------------
Particle: 1:
Relays Coordinates:
259.726, 0.0052899
176.648, 21.878
263.478, 24.0048
111.423, 85.4981
Evaluation Time: 0.111147 seconds
Resulting Fitness: 0.84325
-------------
Particle: 2:
Relays Coordinates:
303.779, 0.095413
168.421, 2.7369
252.771, 106.937
122.316, 63.5795
Evaluation Time: 0.0411107 seconds
Resulting Fitness: 0.847
-------------
Particle: 3:
Relays Coordinates:
267.532, 0
175.185, 22.7116
260.401, 91.9765
112.586, 83.1339
Evaluation Time: 0.0490742 seconds
Resulting Fitness: 0.856125
-------------
Particle: 4:
Relays Coordinates:
265.077, 0.0105684
174.2, 22.1462
261.821, 78.21
109.702, 81.2937
Evaluation Time: 0.0564322 seconds
Resulting Fitness: 0.858042
Current global best fitness: 0.858375
Current global best relays: 269.143, 0
175.935, 22.6068
258.705, 92.0582
113.754, 81.4285
Particle 1 new velocities: 33.6179, -0.00357897
-0.0520805, 0.952043
-16.0712, 107.782
-0.419097, 2.63825
Particle 2 new velocities: -97.9729, -0.018025
10.3717, 31.3773
21.456, -18.0426
-4.31846, 12.8204
Particle 3 new velocities: -7.63759, 0
0.129892, -0.0103373
-3.4173, -8.69715
0.350144, -0.704163
Particle 4 new velocities: 8.79248, -0.010879
-1.57507, 1.42779
-1.85355, 29.0562
6.24133, 0.225315
-- ITERATION 76 --
-------------
Particle: 1:
Relays Coordinates:
293.344, 0.00171093
176.596, 22.8301
247.407, 131.787
111.003, 88.1364
Evaluation Time: 0.0754317 seconds
Resulting Fitness: 0.856
-------------
Particle: 2:
Relays Coordinates:
205.806, 0.077388
178.792, 34.1142
274.227, 88.894
117.997, 76.3999
Evaluation Time: 0.0545213 seconds
Resulting Fitness: 0.853375
-------------
Particle: 3:
Relays Coordinates:
259.895, 0
175.315, 22.7013
256.983, 83.2794
112.936, 82.4298
Evaluation Time: 0.0555205 seconds
Resulting Fitness: 0.855042
-------------
Particle: 4:
Relays Coordinates:
273.869, 0
172.625, 23.574
259.967, 107.266
115.943, 81.519
Evaluation Time: 0.0589958 seconds
Resulting Fitness: 0.855917
Current global best fitness: 0.858375
Current global best relays: 269.143, 0
175.935, 22.6068
258.705, 92.0582
113.754, 81.4285
Particle 1 new velocities: -11.8354, -0.0021879
0.764382, 0.969368
-12.0442, 54.867
8.90899, -1.80882
Particle 2 new velocities: 35.6506, 0.00179283
-0.731514, -3.78991
-4.76076, 3.40805
-8.88306, 16.5842
Particle 3 new velocities: -2.26559, 0
1.145, -0.153324
-0.532781, 9.88151
1.28974, -0.703927
Particle 4 new velocities: 2.3368, 0.008326
3.58437, -2.46276
-3.02129, 15.0411
-2.04617, -0.321479
-- ITERATION 77 --
-------------
Particle: 1:
Relays Coordinates:
281.509, 0
177.361, 23.7995
235.363, 186.654
119.912, 86.3276
Evaluation Time: 0.000387137 seconds
Resulting Fitness: 0
-------------
Particle: 2:
Relays Coordinates:
241.456, 0.0791808
178.061, 30.3243
269.466, 92.302
109.114, 92.9841
Evaluation Time: 0.081139 seconds
Resulting Fitness: 0.851083
-------------
Particle: 3:
Relays Coordinates:
257.629, 0
176.46, 22.548
256.451, 93.1609
114.226, 81.7258
Evaluation Time: 0.0669155 seconds
Resulting Fitness: 0.85575
-------------
Particle: 4:
Relays Coordinates:
276.206, 0.008326
176.209, 21.1112
256.946, 122.307
113.897, 81.1975
Evaluation Time: 0.0588038 seconds
Resulting Fitness: 0.85625
Current global best fitness: 0.858375
Current global best relays: 269.143, 0
175.935, 22.6068
258.705, 92.0582
113.754, 81.4285
Particle 1 new velocities: -27.5644, 0.00394064
-0.272444, -0.270107
23.3875, -120.632
0.809602, -9.52756
Particle 2 new velocities: 32.9015, -0.0972148
-7.32398, -23.8788
-10.8241, 10.6853
-2.45333, -5.58331
Particle 3 new velocities: 2.74825, 0
-0.216726, -0.0634901
3.92945, 6.92818
-0.0260556, -1.2096
Particle 4 new velocities: -8.66493, 0.00368024
-1.78928, -0.833006
8.31276, -35.3721
-4.19465, -0.13803
-- ITERATION 78 --
-------------
Particle: 1:
Relays Coordinates:
253.944, 0.00394064
177.088, 23.5294
258.75, 66.0218
120.722, 76.8
Evaluation Time: 0.0580129 seconds
Resulting Fitness: 0.854042
-------------
Particle: 2:
Relays Coordinates:
274.358, 0
170.737, 6.44542
258.642, 102.987
106.661, 87.4008
Evaluation Time: 0.05002 seconds
Resulting Fitness: 0.857167
New local best!
-------------
Particle: 3:
Relays Coordinates:
260.377, 0
176.243, 22.4845
260.38, 100.089
114.2, 80.5162
Evaluation Time: 0.0786222 seconds
Resulting Fitness: 0.854833
-------------
Particle: 4:
Relays Coordinates:
267.541, 0.0120062
174.42, 20.2782
265.258, 86.9353
109.702, 81.0595
Evaluation Time: 0.069068 seconds
Resulting Fitness: 0.855875
Current global best fitness: 0.858375
Current global best relays: 269.143, 0
175.935, 22.6068
258.705, 92.0582
113.754, 81.4285
Particle 1 new velocities: 12.7523, -0.00121912
-1.50228, -1.69071
9.46031, -29.1535
-8.40989, -3.95457
Particle 2 new velocities: 23.873, 0
-1.69169, -1.76718
-8.64251, -1.24117
8.3094, -8.21235
Particle 3 new velocities: 23.2771, 0
-0.590079, 0.0848544
0.586508, -7.36218
-0.204642, 0.583219
Particle 4 new velocities: 5.69826, -0.0127134
-4.66561, 1.15713
-3.48684, -20.2873
-1.53952, 0.300034
-- ITERATION 79 --
-------------
Particle: 1:
Relays Coordinates:
266.697, 0.00272152
175.586, 21.8386
268.211, 36.8683
112.312, 72.8454
Evaluation Time: 0.901029 seconds
Resulting Fitness: 0.6
-------------
Particle: 2:
Relays Coordinates:
298.231, 0
169.045, 4.67824
249.999, 101.746
114.97, 79.1885
Evaluation Time: 0.98081 seconds
Resulting Fitness: 0.6875
-------------
Particle: 3:
Relays Coordinates:
283.654, 0
175.653, 22.5693
260.966, 92.7269
113.995, 81.0995
Evaluation Time: 0.952217 seconds
Resulting Fitness: 0.679167
-------------
Particle: 4:
Relays Coordinates:
273.239, 0
169.754, 21.4354
261.772, 66.648
108.163, 81.3595
Evaluation Time: 0.936533 seconds
Resulting Fitness: 0.641667
Current global best fitness: 0.858375
Current global best relays: 269.143, 0
175.935, 22.6068
258.705, 92.0582
113.754, 81.4285
Particle 1 new velocities: 16.1453, -0.00238557
0.350039, 0.0779103
-21.5143, 107.599
-0.81875, 13.9452
Particle 2 new velocities: -34.6199, 0
5.56766, 26.3622
-6.04295, -8.05727
4.41721, -4.4285
Particle 3 new velocities: 8.66917, 0
-0.306294, 0.145878
-3.37075, -6.53285
-0.499087, 1.16814
Particle 4 new velocities: 4.11731, 0.00361509
6.28284, 0.510664
7.06827, 31.3096
9.9573, 0.187861
-- ITERATION 80 --
-------------
Particle: 1:
Relays Coordinates:
282.842, 0.000335945
175.936, 21.9166
246.696, 144.467
111.493, 86.7906
Evaluation Time: 0.0300273 seconds
Resulting Fitness: 0.856417
-------------
Particle: 2:
Relays Coordinates:
263.611, 0
174.613, 31.0404
243.956, 93.6889
119.387, 74.76
Evaluation Time: 0.0403319 seconds
Resulting Fitness: 0.845583
-------------
Particle: 3:
Relays Coordinates:
292.323, 0
175.347, 22.7152
257.596, 86.194
113.496, 82.2676
Evaluation Time: 0.0420928 seconds
Resulting Fitness: 0.853083
-------------
Particle: 4:
Relays Coordinates:
277.357, 0.00361509
176.037, 21.946
268.84, 97.9576
118.12, 81.5474
Evaluation Time: 0.457832 seconds
Resulting Fitness: 0.8555
Current global best fitness: 0.858375
Current global best relays: 269.143, 0
175.935, 22.6068
258.705, 92.0582
113.754, 81.4285
Particle 1 new velocities: 10.1122, 0.000568312
1.3794, 1.55332
-0.578665, 22.5291
3.80111, 10.6203
Particle 2 new velocities: -19.6619, 0
3.3432, -5.27093
27.5885, -2.71548
-9.55282, 7.81343
Particle 3 new velocities: -4.1392, 0
1.27446, -0.0284623
-1.62069, 1.86766
-0.0280851, -0.24782
Particle 4 new velocities: -3.60736, 0.00367843
-2.15314, 1.40727
3.28549, 19.4733
-2.7631, 0.0132486
-- ITERATION 81 --
-------------
Particle: 1:
Relays Coordinates:
292.954, 0.000904257
177.315, 23.4699
246.118, 166.996
115.294, 97.4109
Evaluation Time: 0.000443335 seconds
Resulting Fitness: 0
-------------
Particle: 2:
Relays Coordinates:
243.949, 0
177.956, 25.7695
271.545, 90.9734
109.834, 82.5734
Evaluation Time: 0.0700566 seconds
Resulting Fitness: 0.852208
-------------
Particle: 3:
Relays Coordinates:
288.184, 0
176.621, 22.6867
255.975, 88.0617
113.468, 82.0198
Evaluation Time: 0.0463197 seconds
Resulting Fitness: 0.852917
-------------
Particle: 4:
Relays Coordinates:
273.749, 0.00729352
173.884, 23.3533
272.125, 117.431
115.357, 81.5607
Evaluation Time: 0.0709195 seconds
Resulting Fitness: 0.857625
Current global best fitness: 0.858375
Current global best relays: 269.143, 0
175.935, 22.6068
258.705, 92.0582
113.754, 81.4285
Particle 1 new velocities: -13.7135, 0.000956708
0.772325, 1.03852
20.0011, -111.331
2.53312, -5.55436
Particle 2 new velocities: 20.1271, 0
-8.20166, -19.3217
5.97795, 7.05593
-4.51183, 4.48285
Particle 3 new velocities: -53.3185, 0
-0.106197, -0.105257
4.26387, 11.7407
0.431027, -0.944286
Particle 4 new velocities: -2.96826, -0.0060684
1.10293, -0.726797
-3.83571, -31.0837
-5.37556, -0.355119
-- ITERATION 82 --
-------------
Particle: 1:
Relays Coordinates:
279.241, 0.00186097
178.088, 24.5084
266.119, 55.6652
117.828, 91.8565
Evaluation Time: 0.250018 seconds
Resulting Fitness: 0.848583
-------------
Particle: 2:
Relays Coordinates:
264.076, 0
169.754, 6.44779
277.523, 98.0294
105.323, 87.0563
Evaluation Time: 0.123288 seconds
Resulting Fitness: 0.854
-------------
Particle: 3:
Relays Coordinates:
234.866, 0
176.515, 22.5815
260.239, 99.8024
113.899, 81.0755
Evaluation Time: 0.158731 seconds
Resulting Fitness: 0.85275
-------------
Particle: 4:
Relays Coordinates:
270.781, 0.00122512
174.987, 22.6265
268.29, 86.3472
109.981, 81.2055
Evaluation Time: 0.191196 seconds
Resulting Fitness: 0.855333
Current global best fitness: 0.858375
Current global best relays: 269.143, 0
175.935, 22.6068
258.705, 92.0582
113.754, 81.4285
Particle 1 new velocities: -22.1655, 0.000862299
-1.855, -1.13114
-5.18373, -39.9723
-0.836613, -23.1592
Particle 2 new velocities: 32.0748, 0
-1.90346, -4.36011
-36.4733, 8.23925
-0.918439, -3.64459
Particle 3 new velocities: 8.92021, 0
-0.502131, -0.0243908
2.43486, -2.64731
0.019068, -0.0849771
Particle 4 new velocities: 5.23251, 0.00369071
-3.12246, -5.16835
-16.5926, -11.0359
-1.79138, -0.0278171
-- ITERATION 83 --
-------------
Particle: 1:
Relays Coordinates:
257.075, 0.00272326
176.233, 23.3773
260.935, 15.6928
116.991, 68.6973
Evaluation Time: 0.116028 seconds
Resulting Fitness: 0.831042
-------------
Particle: 2:
Relays Coordinates:
296.151, 0
167.851, 2.08768
241.049, 106.269
104.404, 83.4117
Evaluation Time: 0.0738527 seconds
Resulting Fitness: 0.852208
-------------
Particle: 3:
Relays Coordinates:
243.786, 0
176.013, 22.5571
262.674, 97.1551
113.918, 80.9905
Evaluation Time: 0.0495625 seconds
Resulting Fitness: 0.852042
-------------
Particle: 4:
Relays Coordinates:
276.014, 0.00491583
171.865, 17.4582
251.697, 75.3114
108.19, 81.1777
Evaluation Time: 0.0446887 seconds
Resulting Fitness: 0.851583
Current global best fitness: 0.858375
Current global best relays: 269.143, 0
175.935, 22.6068
258.705, 92.0582
113.754, 81.4285
Particle 1 new velocities: 4.24267, -0.000127602
-0.521797, -1.14667
-11.9217, 65.5179
-6.59603, 6.5199
Particle 2 new velocities: -10.5168, 0
4.18779, 21.2486
0.907211, -18.3995
10.4286, -2.5976
Particle 3 new velocities: 35.97, 0
-0.519335, 0.0420911
0.625691, -8.04686
-0.119552, 0.528194
Particle 4 new velocities: 6.96667, -0.00129815
-1.83194, 3.12725
-7.25379, 42.6887
9.08338, 0.0345889
-- ITERATION 84 --
-------------
Particle: 1:
Relays Coordinates:
261.318, 0.00259566
175.711, 22.2306
249.013, 81.2108
110.395, 75.2172
Evaluation Time: 0.0495854 seconds
Resulting Fitness: 0.853833
-------------
Particle: 2:
Relays Coordinates:
285.634, 0
172.039, 23.3363
241.957, 87.8691
114.833, 80.8141
Evaluation Time: 0.0472732 seconds
Resulting Fitness: 0.84925
-------------
Particle: 3:
Relays Coordinates:
279.756, 0
175.494, 22.5992
263.299, 89.1082
113.799, 81.5187
Evaluation Time: 0.122998 seconds
Resulting Fitness: 0.853208
-------------
Particle: 4:
Relays Coordinates:
282.98, 0.00361768
170.033, 20.5854
244.443, 118
117.273, 81.2123
Evaluation Time: 0.107104 seconds
Resulting Fitness: 0.853542
Current global best fitness: 0.858375
Current global best relays: 269.143, 0
175.935, 22.6068
258.705, 92.0582
113.754, 81.4285
Particle 1 new velocities: 9.04274, -0.00168621
0.413653, -0.196836
2.3696, 131.415
0.297406, 14.245
Particle 2 new velocities: -18.7672, 0
4.95183, 5.61148
12.9628, -0.0755993
6.1446, 3.34209
Particle 3 new velocities: 13.8451, 0
-0.158153, 0.047172
-6.03488, -2.32898
-0.189442, 0.392711
Particle 4 new velocities: -16.9515, -0.00432105
4.05178, 3.05267
18.6179, 7.94815
4.52289, 0.216994
-- ITERATION 85 --
-------------
Particle: 1:
Relays Coordinates:
270.361, 0.000909456
176.125, 22.0338
251.383, 212.626
110.692, 89.4622
Evaluation Time: 9.7804e-05 seconds
Resulting Fitness: 0
-------------
Particle: 2:
Relays Coordinates:
266.867, 0
176.991, 28.9478
254.919, 87.7935
120.977, 84.1562
Evaluation Time: 0.0265899 seconds
Resulting Fitness: 0.856375
-------------
Particle: 3:
Relays Coordinates:
293.601, 0
175.335, 22.6464
257.265, 86.7793
113.609, 81.9114
Evaluation Time: 0.0337866 seconds
Resulting Fitness: 0.853333
-------------
Particle: 4:
Relays Coordinates:
266.029, 0
174.085, 23.6381
263.061, 125.948
121.796, 81.4293
Evaluation Time: 0.0369136 seconds
Resulting Fitness: 0.851708
Current global best fitness: 0.858375
Current global best relays: 269.143, 0
175.935, 22.6068
258.705, 92.0582
113.754, 81.4285
Particle 1 new velocities: 15.5211, -0.0026774
0.625139, 1.37261
5.35318, 43.9997
0.972597, 7.89663
Particle 2 new velocities: -11.2856, 0
1.18879, -9.40187
16.908, 3.85717
-17.1449, 5.7699
Particle 3 new velocities: -3.15973, 0
0.71537, 0.0135899
-1.63061, 4.48267
-0.0362197, -0.4812
Particle 4 new velocities: -9.14677, 0.00482606
5.78158, 0.0830552
21.9277, -56.4662
-10.0576, 0.155276
-- ITERATION 86 --
-------------
Particle: 1:
Relays Coordinates:
285.882, 0
176.75, 23.4064
256.736, 256.626
111.665, 97.3589
Evaluation Time: 0.000160315 seconds
Resulting Fitness: 0
-------------
Particle: 2:
Relays Coordinates:
255.581, 0
178.179, 19.5459
271.827, 91.6507
103.832, 89.9261
Evaluation Time: 0.0426818 seconds
Resulting Fitness: 0.852875
-------------
Particle: 3:
Relays Coordinates:
290.441, 0
176.051, 22.66
255.634, 91.2619
113.573, 81.4302
Evaluation Time: 0.044467 seconds
Resulting Fitness: 0.852375
-------------
Particle: 4:
Relays Coordinates:
256.882, 0.00482606
179.866, 23.7211
284.989, 69.4821
111.739, 81.5846
Evaluation Time: 0.0495661 seconds
Resulting Fitness: 0.851333
Current global best fitness: 0.858375
Current global best relays: 269.143, 0
175.935, 22.6068
258.705, 92.0582
113.754, 81.4285
Particle 1 new velocities: -2.74174, 0.00447909
-0.16401, 0.220134
-8.54953, -75.5759
4.97356, -2.16979
Particle 2 new velocities: 18.4493, 0
-9.51417, -10.217
-23.8269, 4.66932
-9.02803, -6.25051
Particle 3 new velocities: -55.8716, 0
0.335514, -0.0727093
1.85789, 4.71364
0.295635, -0.387388
Particle 4 new velocities: 15.683, 0.00827415
2.06657, -5.14638
-11.4105, -15.1276
-6.59062, -0.119658
-- ITERATION 87 --
-------------
Particle: 1:
Relays Coordinates:
283.14, 0.00447909
176.586, 23.6265
248.187, 181.05
116.639, 95.1891
Evaluation Time: 0.00013182 seconds
Resulting Fitness: 0
-------------
Particle: 2:
Relays Coordinates:
274.03, 0
168.665, 9.32892
248.001, 96.32
94.8045, 83.6756
Evaluation Time: 0.055414 seconds
Resulting Fitness: 0.852083
-------------
Particle: 3:
Relays Coordinates:
234.57, 0
176.386, 22.5872
257.492, 95.9756
113.869, 81.0428
Evaluation Time: 0.039677 seconds
Resulting Fitness: 0.852542
-------------
Particle: 4:
Relays Coordinates:
272.565, 0.0131002
181.933, 18.5748
273.578, 54.3545
105.148, 81.4649
Evaluation Time: 0.0413076 seconds
Resulting Fitness: 0.851083
Current global best fitness: 0.858375
Current global best relays: 269.143, 0
175.935, 22.6068
258.705, 92.0582
113.754, 81.4285
Particle 1 new velocities: -24.7944, -0.00470027
0.0125839, -0.0426046
-4.12704, -112.422
3.31191, -17.7598
Particle 2 new velocities: 11.0301, 0
2.74994, 6.70761
-2.59791, 5.46099
28.348, -4.06078
Particle 3 new velocities: 27.9943, 0
-0.401782, -0.0284667
3.25535, -2.39969
-0.0694439, 0.475956
Particle 4 new velocities: 13.1874, 0.00120931
-14.3109, 0.594909
-27.6066, 73.5187
4.09989, -0.295238
-- ITERATION 88 --
-------------
Particle: 1:
Relays Coordinates:
258.346, 0
176.598, 23.5839
244.06, 68.6278
119.95, 77.4293
Evaluation Time: 0.0374064 seconds
Resulting Fitness: 0.84725
-------------
Particle: 2:
Relays Coordinates:
285.061, 0
171.415, 16.0365
245.403, 101.781
123.153, 79.6148
Evaluation Time: 0.0250781 seconds
Resulting Fitness: 0.850083
-------------
Particle: 3:
Relays Coordinates:
262.564, 0
175.984, 22.5588
260.747, 93.5759
113.799, 81.5188
Evaluation Time: 0.0457219 seconds
Resulting Fitness: 0.856625
-------------
Particle: 4:
Relays Coordinates:
285.752, 0.0143095
167.622, 19.1697
245.972, 127.873
109.248, 81.1697
Evaluation Time: 0.059968 seconds
Resulting Fitness: 0.856292
Current global best fitness: 0.858375
Current global best relays: 269.143, 0
175.935, 22.6068
258.705, 92.0582
113.754, 81.4285
Particle 1 new velocities: 0.776292, 0.000265101
-0.490794, -0.952309
3.1302, -22.7858
-10.9574, 1.38968
Particle 2 new velocities: -1.0522, 0
3.82199, 3.72633
21.6579, 4.84378
3.53666, -0.637093
Particle 3 new velocities: 34.8645, 0
-0.393326, 0.08365
2.16192, -5.07487
-0.130786, 0.33744
Particle 4 new velocities: -8.86255, -0.00806524
3.21129, 2.95447
12.0065, 39.8253
4.60862, -0.0780564
-- ITERATION 89 --
-------------
Particle: 1:
Relays Coordinates:
259.122, 0.000265101
176.107, 22.6316
247.19, 45.8421
108.993, 78.819
Evaluation Time: 0.936094 seconds
Resulting Fitness: 0.620833
-------------
Particle: 2:
Relays Coordinates:
284.008, 0
175.237, 19.7629
267.061, 106.625
126.689, 78.9777
Evaluation Time: 1.00859 seconds
Resulting Fitness: 0.679167
-------------
Particle: 3:
Relays Coordinates:
297.428, 0
175.591, 22.6424
262.909, 88.501
113.668, 81.8562
Evaluation Time: 0.997188 seconds
Resulting Fitness: 0.675
-------------
Particle: 4:
Relays Coordinates:
276.89, 0.00624429
170.833, 22.1241
257.978, 167.698
113.857, 81.0916
Evaluation Time: 0.996353 seconds
Resulting Fitness: 0.5625
Current global best fitness: 0.858375
Current global best relays: 269.143, 0
175.935, 22.6068
258.705, 92.0582
113.754, 81.4285
Particle 1 new velocities: 33.5665, -0.000134131
1.0112, -0.0972272
2.86636, 38.9691
-1.81678, 5.84577
Particle 2 new velocities: -36.9469, 0
-1.00127, -3.36431
2.78352, -20.9748
-20.4671, 10.0825
Particle 3 new velocities: 10.4909, 0
0.619146, -0.00340776
-3.51858, -1.33747
-0.00137715, -0.631583
Particle 4 new velocities: -13.3522, -0.0123891
4.49432, 2.57755
22.0437, -35.599
3.46486, 0.119186
-- ITERATION 90 --
-------------
Particle: 1:
Relays Coordinates:
292.688, 0.00013097
177.119, 22.5344
250.056, 84.8112
107.176, 84.6648
Evaluation Time: 0.0273699 seconds
Resulting Fitness: 0.85175
-------------
Particle: 2:
Relays Coordinates:
247.061, 0
174.236, 16.3986
269.844, 85.65
106.222, 89.0602
Evaluation Time: 0.0460814 seconds
Resulting Fitness: 0.854
-------------
Particle: 3:
Relays Coordinates:
307.919, 0
176.21, 22.639
259.391, 87.1635
113.667, 81.2246
Evaluation Time: 0.0361632 seconds
Resulting Fitness: 0.851458
-------------
Particle: 4:
Relays Coordinates:
263.538, 0
175.327, 24.7017
280.022, 132.099
117.321, 81.2108
Evaluation Time: 0.0502568 seconds
Resulting Fitness: 0.85325
Current global best fitness: 0.858375
Current global best relays: 269.143, 0
175.935, 22.6068
258.705, 92.0582
113.754, 81.4285
Particle 1 new velocities: 15.5669, 0.00289791
0.923308, 0.0264895
15.2685, 87.5942
9.03628, 0.376948
Particle 2 new velocities: -5.62278, 0
-3.64989, -1.36172
-13.5108, -5.13784
-8.693, -4.67373
Particle 3 new velocities: -6.80663, 0
0.0363873, -0.0880808
-3.67894, 4.52185
0.0771031, -0.14585
Particle 4 new velocities: -2.59698, 0.00457816
1.46842, -5.53043
-6.24431, -124.159
-7.33395, 0.342057
-- ITERATION 91 --
-------------
Particle: 1:
Relays Coordinates:
308.255, 0.00302888
178.042, 22.5608
265.325, 172.405
116.213, 85.0417
Evaluation Time: 0.000119317 seconds
Resulting Fitness: 0
-------------
Particle: 2:
Relays Coordinates:
241.439, 0
170.586, 15.0368
256.333, 80.5122
97.5291, 84.3864
Evaluation Time: 0.0331001 seconds
Resulting Fitness: 0.851792
-------------
Particle: 3:
Relays Coordinates:
301.113, 0
176.247, 22.5509
255.712, 91.6854
113.744, 81.0788
Evaluation Time: 0.0262387 seconds
Resulting Fitness: 0.850833
-------------
Particle: 4:
Relays Coordinates:
260.941, 0.00457816
176.796, 19.1713
273.778, 7.94088
109.987, 81.5529
Evaluation Time: 0.0418523 seconds
Resulting Fitness: 0.836833
Current global best fitness: 0.858375
Current global best relays: 269.143, 0
175.935, 22.6068
258.705, 92.0582
113.754, 81.4285
Particle 1 new velocities: 2.07874, 0.00101475
-3.08932, 0.0952633
-17.2914, -85.9819
4.02547, -0.285507
Particle 2 new velocities: 26.1215, 0
-0.335686, -4.35735
-5.16418, 37.2139
21.107, -1.14272
Particle 3 new velocities: -36.6997, 0
-0.760841, -0.0519736
-0.211026, 4.02827
0.0836219, 0.787054
Particle 4 new velocities: 12.9499, 0.00339324
-2.14359, 1.37355
-26.8044, 21.965
-1.92455, -0.111782
-- ITERATION 92 --
-------------
Particle: 1:
Relays Coordinates:
310.334, 0.00404363
174.953, 22.6561
248.033, 86.4236
120.238, 84.7562
Evaluation Time: 0.0607191 seconds
Resulting Fitness: 0.853208
-------------
Particle: 2:
Relays Coordinates:
267.56, 0
170.25, 10.6795
251.169, 117.726
118.636, 83.2437
Evaluation Time: 0.0551715 seconds
Resulting Fitness: 0.854042
-------------
Particle: 3:
Relays Coordinates:
264.413, 0
175.486, 22.499
255.501, 95.7137
113.828, 81.8659
Evaluation Time: 0.0634904 seconds
Resulting Fitness: 0.857625
-------------
Particle: 4:
Relays Coordinates:
273.89, 0.0079714
174.652, 20.5448
246.973, 29.9059
108.063, 81.4411
Evaluation Time: 0.0596069 seconds
Resulting Fitness: 0.845917
Current global best fitness: 0.858375
Current global best relays: 269.143, 0
175.935, 22.6068
258.705, 92.0582
113.754, 81.4285
Particle 1 new velocities: -69.8168, -0.00548174
-0.337526, 0.746094
-7.43979, -8.15881
0.774243, -3.79144
Particle 2 new velocities: 25.3809, 0
7.23397, 5.35375
1.34275, 8.20455
10.8417, 0.73845
Particle 3 new velocities: -27.4057, 0
-0.0392794, 0.0552564
4.83406, -3.03946
-0.108315, -0.128286
Particle 4 new velocities: 4.16138, -0.00852821
-3.88184, 3.43686
3.78089, 153.964
9.17157, -0.221247
-- ITERATION 93 --
-------------
Particle: 1:
Relays Coordinates:
240.517, 0
174.615, 23.4022
240.593, 78.2647
121.012, 80.9648
Evaluation Time: 0.0532474 seconds
Resulting Fitness: 0.853708
-------------
Particle: 2:
Relays Coordinates:
292.941, 0
177.484, 16.0332
252.512, 125.931
129.478, 83.9822
Evaluation Time: 0.00013769 seconds
Resulting Fitness: 0
-------------
Particle: 3:
Relays Coordinates:
237.007, 0
175.447, 22.5542
260.335, 92.6742
113.719, 81.7376
Evaluation Time: 0.204862 seconds
Resulting Fitness: 0.851667
-------------
Particle: 4:
Relays Coordinates:
278.052, 0
170.77, 23.9817
250.754, 183.87
117.234, 81.2198
Evaluation Time: 0.000468286 seconds
Resulting Fitness: 0
Current global best fitness: 0.858375
Current global best relays: 269.143, 0
175.935, 22.6068
258.705, 92.0582
113.754, 81.4285
Particle 1 new velocities: 32.4987, 0.0046408
4.96024, -0.386185
-3.04143, 9.89022
-5.65687, 2.63511
Particle 2 new velocities: -20.5859, 0
-0.331311, -1.48055
2.65893, -40.1478
-16.8904, 3.13829
Particle 3 new velocities: 5.49197, 0
1.09559, 0.116186
0.212807, -3.66491
-0.0106767, -0.739996
Particle 4 new velocities: -1.0874, 0.0101613
1.39794, 1.46505
12.0222, 73.7063
-0.0164729, -0.0610285
-- ITERATION 94 --
-------------
Particle: 1:
Relays Coordinates:
273.016, 0.0046408
179.575, 23.016
237.552, 88.155
115.355, 83.5999
Evaluation Time: 0.128003 seconds
Resulting Fitness: 0.850167
-------------
Particle: 2:
Relays Coordinates:
272.355, 0
177.153, 14.5527
255.171, 85.7829
112.587, 87.1204
Evaluation Time: 0.110215 seconds
Resulting Fitness: 0.85175
-------------
Particle: 3:
Relays Coordinates:
242.499, 0
176.542, 22.6704
260.547, 89.0093
113.709, 80.9976
Evaluation Time: 0.088066 seconds
Resulting Fitness: 0.853167
-------------
Particle: 4:
Relays Coordinates:
276.964, 0.0101613
172.168, 25.4467
262.776, 257.577
117.218, 81.1588
Evaluation Time: 0.000282839 seconds
Resulting Fitness: 0
Current global best fitness: 0.858375
Current global best relays: 269.143, 0
175.935, 22.6068
258.705, 92.0582
113.754, 81.4285
Particle 1 new velocities: 29.3337, -0.0012045
-3.54289, -0.824274
24.837, 56.4195
-6.56962, 2.67924
Particle 2 new velocities: -18.2252, 0
-5.91925, 1.61193
9.15538, -11.5061
-18.7958, 0.675012
Particle 3 new velocities: 8.90237, 0
0.596701, -0.037184
-2.68642, 1.05876
0.00399907, -0.0755826
Particle 4 new velocities: -6.23838, -0.00342811
1.37329, -5.85095
13.4598, -84.1352
-3.96488, 0.282127
-- ITERATION 95 --
-------------
Particle: 1:
Relays Coordinates:
302.35, 0.0034363
176.032, 22.1917
262.389, 144.574
108.786, 86.2791
Evaluation Time: 0.0505505 seconds
Resulting Fitness: 0.854375
-------------
Particle: 2:
Relays Coordinates:
254.13, 0
171.234, 16.1646
264.326, 74.2768
93.7916, 87.7955
Evaluation Time: 0.0262803 seconds
Resulting Fitness: 0.854042
-------------
Particle: 3:
Relays Coordinates:
251.402, 0
177.139, 22.6332
257.861, 90.068
113.713, 80.922
Evaluation Time: 0.0496463 seconds
Resulting Fitness: 0.856458
-------------
Particle: 4:
Relays Coordinates:
270.726, 0.00673317
173.542, 19.5958
276.236, 173.442
113.253, 81.4409
Evaluation Time: 0.000152721 seconds
Resulting Fitness: 0
Current global best fitness: 0.858375
Current global best relays: 269.143, 0
175.935, 22.6068
258.705, 92.0582
113.754, 81.4285
Particle 1 new velocities: -4.54224, -0.00502627
-2.92337, 0.321307
2.60661, -44.6555
9.5765, -0.663972
Particle 2 new velocities: 5.31072, 0
-1.19059, 0.68572
-0.810511, 18.8937
-1.04256, -4.16466
Particle 3 new velocities: 46.0625, 0
-1.79822, -0.0723914
-0.342515, 2.03743
0.0782345, 1.00154
Particle 4 new velocities: -7.12033, -0.0118524
0.152411, -5.79397
3.75149, -255.13
-3.84155, -0.0132677
-- ITERATION 96 --
-------------
Particle: 1:
Relays Coordinates:
297.807, 0
173.109, 22.5131
264.996, 99.919
118.362, 85.6152
Evaluation Time: 0.0456998 seconds
Resulting Fitness: 0.850042
-------------
Particle: 2:
Relays Coordinates:
259.441, 0
170.043, 16.8503
263.516, 93.1705
92.7491, 83.6308
Evaluation Time: 0.0370249 seconds
Resulting Fitness: 0.852333
-------------
Particle: 3:
Relays Coordinates:
297.464, 0
175.341, 22.5608
257.519, 92.1055
113.791, 81.9235
Evaluation Time: 0.0319811 seconds
Resulting Fitness: 0.853125
-------------
Particle: 4:
Relays Coordinates:
263.606, 0
173.694, 13.8018
279.988, 0
109.412, 81.4277
Evaluation Time: 0.0408283 seconds
Resulting Fitness: 0.838792
Current global best fitness: 0.858375
Current global best relays: 269.143, 0
175.935, 22.6068
258.705, 92.0582
113.754, 81.4285
Particle 1 new velocities: -25.6325, 0.000171941
1.68699, 0.781266
-20.0059, -27.9848
4.05097, -6.14096
Particle 2 new velocities: 17.2813, 0
8.59312, -2.92639
-6.61677, 25.3799
16.3201, -2.40899
Particle 3 new velocities: 24.0444, 0
-1.287, -0.00755937
1.75539, 1.55269
-0.0128941, 0.0298569
Particle 4 new velocities: 6.43399, 0.00434208
-0.542213, -2.58069
-17.3373, 80.7617
3.32486, -0.157796
-- ITERATION 97 --
-------------
Particle: 1:
Relays Coordinates:
272.175, 0.000171941
174.796, 23.2943
244.99, 71.9342
122.413, 79.4742
Evaluation Time: 0.0400665 seconds
Resulting Fitness: 0.849708
-------------
Particle: 2:
Relays Coordinates:
276.722, 0
178.636, 13.924
256.899, 118.55
109.069, 81.2218
Evaluation Time: 0.0316289 seconds
Resulting Fitness: 0.856333
-------------
Particle: 3:
Relays Coordinates:
321.509, 0
174.054, 22.5533
259.274, 93.6582
113.778, 81.9534
Evaluation Time: 0.0298822 seconds
Resulting Fitness: 0.852292
-------------
Particle: 4:
Relays Coordinates:
270.04, 0.00434208
173.152, 11.2211
262.65, 80.7617
112.736, 81.2699
Evaluation Time: 0.0439943 seconds
Resulting Fitness: 0.856
Current global best fitness: 0.858375
Current global best relays: 269.143, 0
175.935, 22.6068
258.705, 92.0582
113.754, 81.4285
Particle 1 new velocities: -23.6403, 0.00199878
2.95573, 0.27574
-4.0078, 40.886
-14.9049, -1.0875
Particle 2 new velocities: 3.19366, 0
2.30897, 8.66773
-3.07364, -1.05787
15.0671, 3.00764
Particle 3 new velocities: -32.8008, 0
1.09771, 0.0401736
0.331728, 1.08545
-0.0594299, -0.315111
Particle 4 new velocities: 5.42317, 0.00555475
3.50887, 3.53461
-15.7928, 87.6735
3.06377, 0.0825708
-- ITERATION 98 --
-------------
Particle: 1:
Relays Coordinates:
248.535, 0.00217072
177.752, 23.5701
240.982, 112.82
107.508, 78.3867
Evaluation Time: 0.0570545 seconds
Resulting Fitness: 0.854708
-------------
Particle: 2:
Relays Coordinates:
279.916, 0
180.945, 22.5917
253.825, 117.493
124.136, 84.2294
Evaluation Time: 0.000116314 seconds
Resulting Fitness: 0
-------------
Particle: 3:
Relays Coordinates:
288.708, 0
175.151, 22.5934
259.606, 94.7436
113.719, 81.6383
Evaluation Time: 0.0702622 seconds
Resulting Fitness: 0.851792
-------------
Particle: 4:
Relays Coordinates:
275.463, 0.00989682
176.661, 14.7557
246.858, 168.435
115.8, 81.3524
Evaluation Time: 0.000317534 seconds
Resulting Fitness: 0
Current global best fitness: 0.858375
Current global best relays: 269.143, 0
175.935, 22.6068
258.705, 92.0582
113.754, 81.4285
Particle 1 new velocities: 34.954, 0.00220068
0.60151, 0.0391938
0.822886, 50.9201
5.60258, 3.93222
Particle 2 new velocities: -10.8508, 0
-12.754, 3.65598
5.55494, -7.70183
-6.55539, 2.27972
Particle 3 new velocities: -67.7274, 0
1.35531, 0.0688306
-0.416705, -6.18013
0.00836733, -0.52933
Particle 4 new velocities: -2.47016, 0.00287739
1.67023, 11.1831
28.703, 15.2028
1.06894, 0.014231
-- ITERATION 99 --
-------------
Particle: 1:
Relays Coordinates:
283.489, 0.0043714
178.353, 23.6093
241.805, 163.74
113.111, 82.3189
Evaluation Time: 1.12315 seconds
Resulting Fitness: 0.775
-------------
Particle: 2:
Relays Coordinates:
269.065, 0
168.191, 26.2477
259.38, 109.791
117.581, 86.5092
Evaluation Time: 1.00144 seconds
Resulting Fitness: 0.691667
-------------
Particle: 3:
Relays Coordinates:
220.98, 0
176.507, 22.6623
259.189, 88.5635
113.727, 81.1089
Evaluation Time: 0.996428 seconds
Resulting Fitness: 0.679167
-------------
Particle: 4:
Relays Coordinates:
272.993, 0.0127742
178.331, 25.9388
275.561, 183.638
116.869, 81.3667
Evaluation Time: 1.03395 seconds
Resulting Fitness: 0.554167
Current global best fitness: 0.858375
Current global best relays: 269.143, 0
175.935, 22.6068
258.705, 92.0582
113.754, 81.4285
Particle 1 new velocities: 9.76714, 0.000631626
-1.98446, -0.838045
4.80576, -21.9167
7.84089, 5.74565
Particle 2 new velocities: -2.43216, 0
-2.19539, -12.4104
3.98879, -33.4376
-9.60507, -2.91546
Particle 3 new velocities: -1.1127, 0
0.243423, 0.0351744
-0.699124, 0.852282
0.0400682, -0.195664
Particle 4 new velocities: -0.308464, -0.00304869
-3.5891, 3.35122
10.486, -109.538
-11.397, 0.00359193
-- ITERATION 100 --
-------------
Particle: 1:
Relays Coordinates:
293.256, 0.00500303
176.369, 22.7712
246.611, 141.824
120.952, 88.0646
Evaluation Time: 0.0474978 seconds
Resulting Fitness: 0.858292
New local best!
-------------
Particle: 2:
Relays Coordinates:
266.633, 0
165.996, 13.8373
263.369, 76.3531
107.976, 83.5937
Evaluation Time: 0.0351988 seconds
Resulting Fitness: 0.856292
-------------
Particle: 3:
Relays Coordinates:
219.868, 0
176.75, 22.6975
258.49, 89.4158
113.767, 80.9133
Evaluation Time: 0.0471841 seconds
Resulting Fitness: 0.852125
-------------
Particle: 4:
Relays Coordinates:
272.684, 0.00972552
174.742, 29.29
286.047, 74.1
105.472, 81.3703
Evaluation Time: 0.0534158 seconds
Resulting Fitness: 0.853667
Final global best fitness: 0.858375
Final global best relays:
269.143, 0
175.935, 22.6068
258.705, 92.0582
113.754, 81.4285
