PSO EXECUTION
============================
Seed: 76126870
Particles: 20
Relays: 3
Iterations: 20
Backend: Surrogate
Network Configuration: 1
Area: 500 x 500
Sink: 0, 0
Simulated Relay range: 155
w: 0.8
c1: 1.7
c2: 1.3

Relay Nodes Positions: 
PARTICLE 1: 
25.6653, 89.1222
161.147, 139.321
246.274, 247.558
PARTICLE 2: 
240.262, 69.5245
128.891, 64.6611
230.859, 54.5185
PARTICLE 3: 
145.13, 4.75322
239.836, 206.567
213.209, 66.3198
PARTICLE 4: 
45.3256, 141.674
77.3416, 150.022
138.892, 147.081
PARTICLE 5: 
127.287, 52.6595
167.288, 147.983
208.629, 25.0133
PARTICLE 6: 
41.6942, 144.883
95.1148, 158.534
80.374, 231.754
PARTICLE 7: 
90.078, 138.999
25.2198, 28.7358
198.897, 109.191
PARTICLE 8: 
76.0223, 115.654
100.721, 128.622
202.768, 82.3996
PARTICLE 9: 
57.3047, 183.22
48.1913, 229.802
13.2464, 109.067
PARTICLE 10: 
77.7321, 191.706
8.03728, 91.7184
87.1094, 295.922
PARTICLE 11: 
19.7814, 181.633
80.6431, 52.5176
72.758, 136.478
PARTICLE 12: 
96.9794, 31.0598
235.605, 59.6237
66.8921, 70.7473
PARTICLE 13: 
75.1479, 104.937
116.797, 170.599
39.6338, 35.2397
PARTICLE 14: 
30.1831, 169.295
122.632, 222.683
132.456, 60.8713
PARTICLE 15: 
50.0182, 101.952
52.113, 226.181
179.099, 259.463
PARTICLE 16: 
91.374, 113.003
126.305, 4.41234
8.3412, 144.176
PARTICLE 17: 
131.489, 33.7996
120.418, 50.2065
183.033, 39.4395
PARTICLE 18: 
166.371, 126.345
167.686, 262.196
145.126, 48.7365
PARTICLE 19: 
89.7913, 144.348
196.818, 81.0407
105.572, 53.1384
PARTICLE 20: 
73.1732, 58.9878
174.396, 118.762
316.751, 99.2676
Nodes Positions: 
492.75, 339.271
79.6762, 117.392
249.176, 444.063
474.184, 226.863
136.292, 164.592
38.5038, 497.023
61.9974, 297.024
282.31, 215.409
462.323, 258.288
325.002, 153.533
374.726, 110.851
260.815, 380.091
71.7435, 411.722
407.612, 144.379
214.274, 326.561
144.894, 372.908
309.892, 301.493
478.936, 405.154
111.121, 272.437
257.687, 395.238
97.6127, 439.633
132.208, 93.0053
414.466, 78.1166
223.717, 310.518
190.678, 190.26
436.632, 386.382
458.076, 320.475
418.042, 241.138
399.857, 466.228
9.71356, 364.724
490.761, 20.3539
354.149, 178.497
29.9794, 135.917
199.614, 202.147
382.209, 224.682
88.9995, 61.0201
169.571, 349.774
360.098, 287.354
322.839, 107.707
299.053, 5.1358
150.435, 450.534
57.1167, 36.7956
303.067, 9.78322
165.492, 85.3571
441.761, 473.475
267.54, 172.213
41.9489, 54.011
286.64, 431.454
428.442, 477.156
238.624, 43.9022
21.5816, 33.1746
387.294, 424.871
203.133, 259.358
180.989, 129.66
0.625409, 278.494
336.548, 355.646
101.971, 489.268
117.112, 248.788
232.581, 72.3478
349.642, 198.983
All particles start with velocity zero
-- ITERATION 0 --
-------------
Particle: 1:
Relays Coordinates:
25.6653, 89.1222
161.147, 139.321
246.274, 247.558
Evaluation Time: 0.0642245 seconds
Resulting Fitness: 0.488155
New local best!
New global best!
-------------
Particle: 2:
Relays Coordinates:
240.262, 69.5245
128.891, 64.6611
230.859, 54.5185
Evaluation Time: 0.0716269 seconds
Resulting Fitness: 0.336054
New local best!
-------------
Particle: 3:
Relays Coordinates:
145.13, 4.75322
239.836, 206.567
213.209, 66.3198
Evaluation Time: 0.0698773 seconds
Resulting Fitness: 0.456728
New local best!
-------------
Particle: 4:
Relays Coordinates:
45.3256, 141.674
77.3416, 150.022
138.892, 147.081
Evaluation Time: 0.144273 seconds
Resulting Fitness: 0.323434
New local best!
-------------
Particle: 5:
Relays Coordinates:
127.287, 52.6595
167.288, 147.983
208.629, 25.0133
Evaluation Time: 0.129344 seconds
Resulting Fitness: 0.344415
New local best!
-------------
Particle: 6:
Relays Coordinates:
41.6942, 144.883
95.1148, 158.534
80.374, 231.754
Evaluation Time: 0.166184 seconds
Resulting Fitness: 0.315846
New local best!
-------------
Particle: 7:
Relays Coordinates:
90.078, 138.999
25.2198, 28.7358
198.897, 109.191
Evaluation Time: 0.208682 seconds
Resulting Fitness: 0.349093
New local best!
-------------
Particle: 8:
Relays Coordinates:
76.0223, 115.654
100.721, 128.622
202.768, 82.3996
Evaluation Time: 0.17291 seconds
Resulting Fitness: 0.332981
New local best!
-------------
Particle: 9:
Relays Coordinates:
57.3047, 183.22
48.1913, 229.802
13.2464, 109.067
Evaluation Time: 0.129078 seconds
Resulting Fitness: 0.281052
New local best!
-------------
Particle: 10:
Relays Coordinates:
77.7321, 191.706
8.03728, 91.7184
87.1094, 295.922
Evaluation Time: 0.19362 seconds
Resulting Fitness: 0.349051
New local best!
-------------
Particle: 11:
Relays Coordinates:
19.7814, 181.633
80.6431, 52.5176
72.758, 136.478
Evaluation Time: 0.171607 seconds
Resulting Fitness: 0.264417
New local best!
-------------
Particle: 12:
Relays Coordinates:
96.9794, 31.0598
235.605, 59.6237
66.8921, 70.7473
Evaluation Time: 0.175166 seconds
Resulting Fitness: 0.309823
New local best!
-------------
Particle: 13:
Relays Coordinates:
75.1479, 104.937
116.797, 170.599
39.6338, 35.2397
Evaluation Time: 0.143276 seconds
Resulting Fitness: 0.303278
New local best!
-------------
Particle: 14:
Relays Coordinates:
30.1831, 169.295
122.632, 222.683
132.456, 60.8713
Evaluation Time: 0.114079 seconds
Resulting Fitness: 0.358178
New local best!
-------------
Particle: 15:
Relays Coordinates:
50.0182, 101.952
52.113, 226.181
179.099, 259.463
Evaluation Time: 0.0496407 seconds
Resulting Fitness: 0.470455
New local best!
-------------
Particle: 16:
Relays Coordinates:
91.374, 113.003
126.305, 4.41234
8.3412, 144.176
Evaluation Time: 0.0503723 seconds
Resulting Fitness: 0.269469
New local best!
-------------
Particle: 17:
Relays Coordinates:
131.489, 33.7996
120.418, 50.2065
183.033, 39.4395
Evaluation Time: 0.0779107 seconds
Resulting Fitness: 0.270796
New local best!
-------------
Particle: 18:
Relays Coordinates:
166.371, 126.345
167.686, 262.196
145.126, 48.7365
Evaluation Time: 0.105379 seconds
Resulting Fitness: 0.434913
New local best!
-------------
Particle: 19:
Relays Coordinates:
89.7913, 144.348
196.818, 81.0407
105.572, 53.1384
Evaluation Time: 0.167828 seconds
Resulting Fitness: 0.328863
New local best!
-------------
Particle: 20:
Relays Coordinates:
73.1732, 58.9878
174.396, 118.762
316.751, 99.2676
Evaluation Time: 0.137483 seconds
Resulting Fitness: 0.379617
New local best!
Current global best fitness: 0.488155
Current global best relays: 25.6653, 89.1222
161.147, 139.321
246.274, 247.558
Particle 1 new velocities: 0, 0
0, 0
0, 0
Particle 2 new velocities: -127.284, 10.355
18.7722, 70.0633
8.86085, 169.71
Particle 3 new velocities: -90.201, 83.3173
-66.4603, -9.88241
18.06, 16.3218
Particle 4 new velocities: -6.81692, -59.0695
20.5252, -11.1749
96.9411, 4.12961
Particle 5 new velocities: -24.8839, 10.4948
-6.12164, -0.473387
27.903, 227.317
Particle 6 new velocities: -3.23592, -20.4466
56.6204, -23.9097
117.312, 10.3731
Particle 7 new velocities: -51.0816, -20.9704
166.827, 112.198
1.06712, 77.4383
Particle 8 new velocities: -17.5928, -11.8419
28.1426, 0.0856068
31.0252, 184.17
Particle 9 new velocities: -10.4029, -48.6019
90.8152, -59.0184
174.092, 20.1536
Particle 10 new velocities: -10.7021, -47.808
70.3348, 39.8299
23.1907, -31.6782
Particle 11 new velocities: 1.97386, -43.5026
70.6466, 33.9918
59.7714, 95.0045
Particle 12 new velocities: -44.2628, 26.3433
-50.4707, 88.7178
132.577, 66.9897
Particle 13 new velocities: -61.2998, -9.88622
40.8576, -9.24275
76.0603, 216.116
Particle 14 new velocities: -5.56482, -80.8361
19.3633, -97.6227
135.183, 95.6808
Particle 15 new velocities: -24.5413, -6.69967
136.379, -105.903
7.86037, -11.8539
Particle 16 new velocities: -21.7645, -16.5186
13.9467, 141.802
253.536, 50.8461
Particle 17 new velocities: -17.9905, 26.8932
0.224915, 24.5087
6.01554, 229.442
Particle 18 new velocities: -144.857, -17.2433
-3.37126, -111.002
22.6461, 184.615
Particle 19 new velocities: -55.7195, -45.0868
-24.3896, 20.4398
110.867, 188.953
Particle 20 new velocities: -7.73608, 34.2833
-3.90053, 10.6531
-32.6308, 1.78202
-- ITERATION 1 --
-------------
Particle: 1:
Relays Coordinates:
25.6653, 89.1222
161.147, 139.321
246.274, 247.558
Evaluation Time: 0.156007 seconds
Resulting Fitness: 0.488155
New local best!
New global best!
-------------
Particle: 2:
Relays Coordinates:
112.977, 79.8795
147.663, 134.724
239.72, 224.228
Evaluation Time: 0.150376 seconds
Resulting Fitness: 0.461697
New local best!
-------------
Particle: 3:
Relays Coordinates:
49.4364, 79.2635
156.038, 177.016
208.142, 74.3775
Evaluation Time: 0.0933347 seconds
Resulting Fitness: 0.358438
-------------
Particle: 4:
Relays Coordinates:
38.5086, 82.6046
97.8668, 138.847
235.833, 151.211
Evaluation Time: 0.160189 seconds
Resulting Fitness: 0.378809
New local best!
-------------
Particle: 5:
Relays Coordinates:
102.404, 63.1543
161.166, 147.51
236.532, 252.33
Evaluation Time: 0.180153 seconds
Resulting Fitness: 0.47731
New local best!
-------------
Particle: 6:
Relays Coordinates:
38.4582, 124.436
151.735, 134.624
197.686, 242.127
Evaluation Time: 0.143931 seconds
Resulting Fitness: 0.458025
New local best!
-------------
Particle: 7:
Relays Coordinates:
38.9963, 118.028
192.047, 140.934
199.964, 186.629
Evaluation Time: 0.208127 seconds
Resulting Fitness: 0.385481
New local best!
-------------
Particle: 8:
Relays Coordinates:
47.3279, 84.0875
104.379, 104.253
189.372, 215.921
Evaluation Time: 0.182481 seconds
Resulting Fitness: 0.415963
New local best!
-------------
Particle: 9:
Relays Coordinates:
46.9018, 134.618
139.006, 170.784
187.338, 129.22
Evaluation Time: 0.176999 seconds
Resulting Fitness: 0.348878
New local best!
-------------
Particle: 10:
Relays Coordinates:
67.03, 143.898
78.372, 131.548
110.3, 264.244
Evaluation Time: 0.20755 seconds
Resulting Fitness: 0.349179
New local best!
-------------
Particle: 11:
Relays Coordinates:
21.7553, 138.13
151.29, 86.5094
132.529, 231.483
Evaluation Time: 0.2091 seconds
Resulting Fitness: 0.368909
New local best!
-------------
Particle: 12:
Relays Coordinates:
47.445, 51.6629
166.621, 133.507
179.522, 123.963
Evaluation Time: 0.150293 seconds
Resulting Fitness: 0.339834
New local best!
-------------
Particle: 13:
Relays Coordinates:
12.4633, 85.546
141.889, 145.221
104.125, 226.22
Evaluation Time: 0.141845 seconds
Resulting Fitness: 0.360615
New local best!
-------------
Particle: 14:
Relays Coordinates:
24.6182, 88.4594
141.995, 125.06
267.64, 156.552
Evaluation Time: 0.138485 seconds
Resulting Fitness: 0.415295
New local best!
-------------
Particle: 15:
Relays Coordinates:
22.9292, 85.7274
169.643, 108.25
168.264, 222.848
Evaluation Time: 0.15184 seconds
Resulting Fitness: 0.384736
-------------
Particle: 16:
Relays Coordinates:
69.6095, 96.4843
140.252, 146.214
261.877, 195.022
Evaluation Time: 0.15315 seconds
Resulting Fitness: 0.453343
New local best!
-------------
Particle: 17:
Relays Coordinates:
82.7402, 44.245
87.9484, 54.4674
137.817, 196.015
Evaluation Time: 0.110248 seconds
Resulting Fitness: 0.325669
New local best!
-------------
Particle: 18:
Relays Coordinates:
21.5145, 109.102
164.315, 151.194
167.772, 233.352
Evaluation Time: 0.0756075 seconds
Resulting Fitness: 0.400111
-------------
Particle: 19:
Relays Coordinates:
34.0718, 99.2614
172.428, 101.481
216.439, 242.091
Evaluation Time: 0.205681 seconds
Resulting Fitness: 0.47039
New local best!
-------------
Particle: 20:
Relays Coordinates:
65.4371, 93.2711
170.495, 129.415
284.12, 101.05
Evaluation Time: 0.208008 seconds
Resulting Fitness: 0.378641
Current global best fitness: 0.488155
Current global best relays: 25.6653, 89.1222
161.147, 139.321
246.274, 247.558
Particle 1 new velocities: 0, 0
0, 0
0, 0
Particle 2 new velocities: -179.261, 12.8265
28.3834, 60.1923
7.77841, 165.613
Particle 3 new velocities: -49.358, 7.9928
3.49991, -34.5967
58.0049, 55.6627
Particle 4 new velocities: -13.4748, -46.8037
38.8687, -8.80621
83.5258, 97.9219
Particle 5 new velocities: -61.1698, 21.6118
-4.91186, -8.62665
27.7031, 176.722
Particle 6 new velocities: -4.87536, -17.8543
53.7897, -13.5706
150.212, 8.9664
Particle 7 new velocities: -49.9782, -19.7748
117.302, 88.1185
19.6349, 84.8521
Particle 8 new velocities: -27.1985, -4.37043
36.688, 17.9335
25.1771, 160.824
Particle 9 new velocities: -32.361, -43.3762
92.4111, -72.131
175.33, 40.0222
Particle 10 new velocities: -62.2137, -72.0861
101.082, 41.4884
128.904, -37.3395
Particle 11 new velocities: 3.92193, -68.7423
63.0799, 62.5575
116.873, 83.8689
Particle 12 new velocities: -43.2928, 46.8096
-43.5632, 74.8918
184.128, 170.153
Particle 13 new velocities: -34.9679, -7.75333
55.0625, -9.05494
181.004, 173.525
Particle 14 new velocities: -3.17754, -63.8189
24.1035, -63.7518
107.749, 130.476
Particle 15 new velocities: -12.5706, 0.0300124
-75.9942, 4.34728
19.9932, 51.424
Particle 16 new velocities: -71.7466, -21.0578
30.4279, 112.054
202.625, 80.4687
Particle 17 new velocities: -20.9482, 40.5385
7.93367, 68.662
86.6928, 217.84
Particle 18 new velocities: -92.7625, -5.38692
-4.26919, 79.2966
58.5928, -10.9412
Particle 19 new velocities: -50.8126, -36.4445
-33.8811, 52.3651
108.69, 154.033
Particle 20 new velocities: -8.59941, 4.86841
-0.517946, 9.53471
-41.2766, 5.74578
-- ITERATION 2 --
-------------
Particle: 1:
Relays Coordinates:
25.6653, 89.1222
161.147, 139.321
246.274, 247.558
Evaluation Time: 0.200102 seconds
Resulting Fitness: 0.488155
New local best!
New global best!
-------------
Particle: 2:
Relays Coordinates:
0, 67.5826
128.338, 142.094
180.427, 284.194
Evaluation Time: 0.18377 seconds
Resulting Fitness: 0.477739
New local best!
-------------
Particle: 3:
Relays Coordinates:
0.0705826, 78.5306
143.584, 128.178
239.532, 117.036
Evaluation Time: 0.205501 seconds
Resulting Fitness: 0.368256
-------------
Particle: 4:
Relays Coordinates:
16.4247, 23.4889
89.7121, 85.3199
209.531, 163.456
Evaluation Time: 0.143374 seconds
Resulting Fitness: 0.362818
-------------
Particle: 5:
Relays Coordinates:
19.722, 40.5434
74.7359, 66.4275
126.383, 205.215
Evaluation Time: 0.0816261 seconds
Resulting Fitness: 0.319969
-------------
Particle: 6:
Relays Coordinates:
24.4819, 77.6982
149.828, 88.2478
253.618, 183.047
Evaluation Time: 0.097224 seconds
Resulting Fitness: 0.448624
-------------
Particle: 7:
Relays Coordinates:
0, 52.216
164.401, 121.728
116.704, 144.276
Evaluation Time: 0.144112 seconds
Resulting Fitness: 0.326983
-------------
Particle: 8:
Relays Coordinates:
10.6976, 42.3649
74.9689, 64.935
114.02, 200.218
Evaluation Time: 0.156833 seconds
Resulting Fitness: 0.314852
-------------
Particle: 9:
Relays Coordinates:
9.54021, 59.8634
151.833, 64.7262
237.947, 111.04
Evaluation Time: 0.403437 seconds
Resulting Fitness: 0.361871
New local best!
-------------
Particle: 10:
Relays Coordinates:
3.51108, 52.3509
130.822, 126.144
174.38, 165.414
Evaluation Time: 0.170671 seconds
Resulting Fitness: 0.34737
-------------
Particle: 11:
Relays Coordinates:
18.7187, 50.5838
156.275, 108.67
181.815, 229.891
Evaluation Time: 0.275873 seconds
Resulting Fitness: 0.418751
New local best!
-------------
Particle: 12:
Relays Coordinates:
2.45185, 58.147
72.6642, 123.058
214.731, 173.673
Evaluation Time: 0.215814 seconds
Resulting Fitness: 0.380863
New local best!
-------------
Particle: 13:
Relays Coordinates:
0, 41.3422
104.668, 72.3642
151.529, 212.441
Evaluation Time: 0.174232 seconds
Resulting Fitness: 0.347327
-------------
Particle: 14:
Relays Coordinates:
10.255, 11.7854
79.4444, 29.3237
179.547, 137.285
Evaluation Time: 0.143766 seconds
Resulting Fitness: 0.334727
-------------
Particle: 15:
Relays Coordinates:
8.39049, 69.4635
75.8553, 91.2036
152.488, 222.16
Evaluation Time: 0.10917 seconds
Resulting Fitness: 0.337723
-------------
Particle: 16:
Relays Coordinates:
0, 36.0763
81.6357, 123.529
222.17, 131.766
Evaluation Time: 0.0855931 seconds
Resulting Fitness: 0.362693
-------------
Particle: 17:
Relays Coordinates:
29.5549, 40.5517
45.8601, 58.8924
107.382, 197.945
Evaluation Time: 0.222116 seconds
Resulting Fitness: 0.301804
-------------
Particle: 18:
Relays Coordinates:
0, 75.6081
116.673, 168.028
165.02, 162.137
Evaluation Time: 0.258823 seconds
Resulting Fitness: 0.348238
-------------
Particle: 19:
Relays Coordinates:
0, 30.0451
66.2665, 73.5839
155.508, 189.465
Evaluation Time: 0.156953 seconds
Resulting Fitness: 0.33977
-------------
Particle: 20:
Relays Coordinates:
56.8377, 98.1395
169.977, 138.95
242.843, 106.795
Evaluation Time: 0.130251 seconds
Resulting Fitness: 0.362812
Current global best fitness: 0.488155
Current global best relays: 25.6653, 89.1222
161.147, 139.321
246.274, 247.558
Particle 1 new velocities: 0, 0
0, 0
0, 0
Particle 2 new velocities: 15.5356, 37.458
48.4311, 45.0812
16.9993, 103.846
Particle 3 new velocities: 123.496, -108.133
115.866, 42.5397
30.6969, 22.5213
Particle 4 new velocities: 5.20313, 68.0293
105.774, 42.6078
94.7091, 179.799
Particle 5 new velocities: 28.5799, 58.6187
66.4307, 127.166
100.64, 175.798
Particle 6 new velocities: 7.16886, 57.05
47.9495, 57.9404
77.8497, 116.963
Particle 7 new velocities: 11.52, 110.278
124.808, 106.502
100.847, 234.169
Particle 8 new velocities: -3.73606, 15.9988
128.694, 109.142
123.804, 194.446
Particle 9 new velocities: -9.11569, -21.4042
76.9479, 27.7847
150.319, 113.593
Particle 10 new velocities: 41.1864, 13.7766
68.5677, 51.6164
186.643, 0.62144
Particle 11 new velocities: 11.4522, -9.93084
55.7986, 85.0142
171.731, 70.8768
Particle 12 new velocities: -31.5834, 50.2514
17.1847, 62.014
152.429, 185.393
Particle 13 new velocities: 19.2998, 22.9358
146.788, 90.6423
201.014, 174.664
Particle 14 new velocities: 17.5818, 67.6516
89.6057, -34.1205
217.982, 154.359
Particle 15 new velocities: 46.1743, 59.391
-27.0452, 40.3875
21.2545, 117.473
Particle 16 new velocities: 102.57, 22.874
123.878, 103.756
225.296, 166.65
Particle 17 new velocities: 14.1211, 88.132
108.267, 155.776
208.922, 192.54
Particle 18 new velocities: 165.905, 26.1546
21.3076, 141.54
38.5038, -68.5468
Particle 19 new velocities: 62.8738, 57.7735
198.612, 123.597
147.55, 206.256
Particle 20 new velocities: -2.11874, -36.5496
-6.48103, 2.8096
78.2492, 77.9736
-- ITERATION 3 --
-------------
Particle: 1:
Relays Coordinates:
25.6653, 89.1222
161.147, 139.321
246.274, 247.558
Evaluation Time: 0.201741 seconds
Resulting Fitness: 0.488155
-------------
Particle: 2:
Relays Coordinates:
11.3254, 76.5746
128.865, 136.451
143.923, 282.881
Evaluation Time: 0.138278 seconds
Resulting Fitness: 0.412444
-------------
Particle: 3:
Relays Coordinates:
90.0802, 0
189.139, 124.453
196.997, 101.737
Evaluation Time: 0.135355 seconds
Resulting Fitness: 0.340051
-------------
Particle: 4:
Relays Coordinates:
12.771, 54.0406
115.433, 75.54
179.651, 202.689
Evaluation Time: 0.116234 seconds
Resulting Fitness: 0.364809
-------------
Particle: 5:
Relays Coordinates:
35.212, 72.2892
102.91, 141.13
165.5, 277.758
Evaluation Time: 0.115011 seconds
Resulting Fitness: 0.459978
-------------
Particle: 6:
Relays Coordinates:
23.0734, 98.2314
144.18, 106.571
241.64, 218.707
Evaluation Time: 0.0928589 seconds
Resulting Fitness: 0.467048
New local best!
-------------
Particle: 7:
Relays Coordinates:
6.12218, 86.3562
153.697, 121.291
115.616, 201.121
Evaluation Time: 0.0820713 seconds
Resulting Fitness: 0.354316
-------------
Particle: 8:
Relays Coordinates:
4.56746, 38.2925
133.624, 114.212
156.037, 258.939
Evaluation Time: 0.0522402 seconds
Resulting Fitness: 0.40926
-------------
Particle: 9:
Relays Coordinates:
0.27853, 25.2331
150.103, 60.6964
254.741, 147.382
Evaluation Time: 0.0486183 seconds
Resulting Fitness: 0.385925
New local best!
-------------
Particle: 10:
Relays Coordinates:
36.2049, 53.5633
161.505, 143.986
292.428, 134.488
Evaluation Time: 0.0500968 seconds
Resulting Fitness: 0.407158
New local best!
-------------
Particle: 11:
Relays Coordinates:
17.8156, 24.0052
125.228, 114.368
208.765, 177.601
Evaluation Time: 0.0582 seconds
Resulting Fitness: 0.383932
-------------
Particle: 12:
Relays Coordinates:
0, 46.662
38.677, 79.6672
158.051, 154.566
Evaluation Time: 0.076653 seconds
Resulting Fitness: 0.324912
-------------
Particle: 13:
Relays Coordinates:
11.3964, 37.9555
148.482, 96.2537
208.173, 228.582
Evaluation Time: 0.0977934 seconds
Resulting Fitness: 0.455724
New local best!
-------------
Particle: 14:
Relays Coordinates:
10.7845, 30.7756
65.4935, 0
154.011, 112.989
Evaluation Time: 0.124965 seconds
Resulting Fitness: 0.285554
-------------
Particle: 15:
Relays Coordinates:
32.22, 76.0873
28.8218, 77.7032
102.593, 200.55
Evaluation Time: 0.124223 seconds
Resulting Fitness: 0.299766
-------------
Particle: 16:
Relays Coordinates:
60.5668, 34.8096
121.354, 134.209
264.224, 176.212
Evaluation Time: 0.160755 seconds
Resulting Fitness: 0.447649
-------------
Particle: 17:
Relays Coordinates:
25.7902, 75.9864
91.0107, 126.759
186.774, 230.578
Evaluation Time: 0.130903 seconds
Resulting Fitness: 0.417165
New local best!
-------------
Particle: 18:
Relays Coordinates:
120.945, 74.185
100.588, 225.675
148.369, 68.2274
Evaluation Time: 0.151192 seconds
Resulting Fitness: 0.347891
-------------
Particle: 19:
Relays Coordinates:
41.2515, 57.6178
173.787, 129.371
198.836, 259.632
Evaluation Time: 0.148406 seconds
Resulting Fitness: 0.476885
New local best!
-------------
Particle: 20:
Relays Coordinates:
49.2471, 55.431
147.147, 127.583
288.983, 166.292
Evaluation Time: 0.14377 seconds
Resulting Fitness: 0.439793
New local best!
Current global best fitness: 0.488155
Current global best relays: 25.6653, 89.1222
161.147, 139.321
246.274, 247.558
Particle 1 new velocities: 0, 0
0, 0
0, 0
Particle 2 new velocities: 15.0928, 45.4348
59.658, 40.7555
81.5432, 39.7436
Particle 3 new velocities: 118.693, 56.0281
87.9665, 121.964
56.1092, 146.968
Particle 4 new velocities: 46.829, 101.276
78.8352, 113.889
170.036, 110.494
Particle 5 new velocities: 110.674, 35.218
90.7897, 102.064
179.873, 74.7652
Particle 6 new velocities: 6.57306, 41.9395
55.5239, 88.714
63.7045, 130.569
Particle 7 new velocities: 46.8063, 122.726
156.623, 119.887
166.598, 236.241
Particle 8 new velocities: 62.0813, 64.8881
98.2227, 81.7065
203.662, 107.741
Particle 9 new velocities: 4.97524, -12.8025
68.5017, 23.4118
114.776, 166.014
Particle 10 new velocities: 21.0674, 31.1327
54.7423, 40.997
124.509, 132.959
Particle 11 new velocities: 11.4004, 25.6194
136.889, 75.561
132.923, 230.723
Particle 12 new velocities: 15.1568, 75.4555
91.3337, 127.018
173.442, 246.755
Particle 13 new velocities: 20.327, 74.4944
121.848, 108.223
174.383, 149.446
Particle 14 new velocities: 37.199, 177.857
205.438, 137.549
262.393, 206.042
Particle 15 new velocities: 41.1298, 78.6755
144.409, 197.3
196.706, 189.811
Particle 16 new velocities: 58.4348, 119.192
145.319, 100.423
176.445, 201.277
Particle 17 new velocities: 11.2149, 86.5375
87.3722, 136.273
209.896, 162.332
Particle 18 new velocities: 178.367, 80.8872
133.11, 97.7795
56.8473, 70.4674
Particle 19 new velocities: 49.1916, 49.4708
145.36, 107.411
176.399, 153.782
Particle 20 new velocities: -8.8052, 4.53008
1.48471, 13.7818
14.72, 113.095
-- ITERATION 4 --
-------------
Particle: 1:
Relays Coordinates:
25.6653, 89.1222
161.147, 139.321
246.274, 247.558
Evaluation Time: 0.112392 seconds
Resulting Fitness: 0.488155
-------------
Particle: 2:
Relays Coordinates:
23.7764, 109.808
169.67, 159.486
202.92, 290.362
Evaluation Time: 0.102537 seconds
Resulting Fitness: 0.487828
New local best!
-------------
Particle: 3:
Relays Coordinates:
136.976, 36.7601
181.809, 161.674
166.063, 163.176
Evaluation Time: 0.126777 seconds
Resulting Fitness: 0.356491
-------------
Particle: 4:
Relays Coordinates:
43.4484, 113.226
141.621, 138.094
254.921, 228.31
Evaluation Time: 0.104876 seconds
Resulting Fitness: 0.478459
New local best!
-------------
Particle: 5:
Relays Coordinates:
118.167, 87.0809
156.897, 196.987
279.752, 285.544
Evaluation Time: 0.10867 seconds
Resulting Fitness: 0.502316
New local best!
New global best!
-------------
Particle: 6:
Relays Coordinates:
24.0136, 113.538
161.76, 158.181
247.329, 282.913
Evaluation Time: 0.0871985 seconds
Resulting Fitness: 0.493349
New local best!
-------------
Particle: 7:
Relays Coordinates:
31.2537, 123.461
183.241, 142.413
166.644, 258.258
Evaluation Time: 0.071458 seconds
Resulting Fitness: 0.429865
New local best!
-------------
Particle: 8:
Relays Coordinates:
43.7283, 67.6968
152.114, 128.542
235.999, 240.579
Evaluation Time: 0.05026 seconds
Resulting Fitness: 0.477783
New local best!
-------------
Particle: 9:
Relays Coordinates:
2.79207, 6.60612
116.176, 44.6986
196.377, 166.552
Evaluation Time: 0.0553992 seconds
Resulting Fitness: 0.356386
-------------
Particle: 10:
Relays Coordinates:
37.5764, 55.569
141.88, 121.367
273.553, 175.472
Evaluation Time: 0.0689392 seconds
Resulting Fitness: 0.449456
New local best!
-------------
Particle: 11:
Relays Coordinates:
15.5266, 26.3726
139.3, 100.936
181.587, 217
Evaluation Time: 0.056203 seconds
Resulting Fitness: 0.401944
-------------
Particle: 12:
Relays Coordinates:
8.05495, 64.8982
69.093, 109.841
176.169, 213.278
Evaluation Time: 0.0615336 seconds
Resulting Fitness: 0.373394
-------------
Particle: 13:
Relays Coordinates:
18.7323, 66.4006
159.627, 120.741
225.896, 223.222
Evaluation Time: 0.0698983 seconds
Resulting Fitness: 0.465901
New local best!
-------------
Particle: 14:
Relays Coordinates:
31.482, 136.884
177.758, 90.2459
273.203, 209.316
Evaluation Time: 0.294149 seconds
Resulting Fitness: 0.471636
New local best!
-------------
Particle: 15:
Relays Coordinates:
66.0148, 139.287
155.908, 247.502
269.37, 351.325
Evaluation Time: 0.137603 seconds
Resulting Fitness: 0.519512
New local best!
New global best!
-------------
Particle: 16:
Relays Coordinates:
78.0769, 101.04
174.964, 153.942
289.123, 247.67
Evaluation Time: 0.0812708 seconds
Resulting Fitness: 0.498425
New local best!
-------------
Particle: 17:
Relays Coordinates:
21.8512, 95.9688
105.333, 155.318
234.23, 232.009
Evaluation Time: 0.0529665 seconds
Resulting Fitness: 0.475556
New local best!
-------------
Particle: 18:
Relays Coordinates:
176.74, 91.5686
137.996, 190.997
121.178, 81.8979
Evaluation Time: 0.213336 seconds
Resulting Fitness: 0.346429
-------------
Particle: 19:
Relays Coordinates:
48.0652, 56.9113
169.608, 125.836
199.416, 219.705
Evaluation Time: 0.206668 seconds
Resulting Fitness: 0.42416
-------------
Particle: 20:
Relays Coordinates:
29.4821, 43.7116
108.352, 103.055
221.4, 203.673
Evaluation Time: 0.182804 seconds
Resulting Fitness: 0.442765
New local best!
Current global best fitness: 0.519512
Current global best relays: 66.0148, 139.287
155.908, 247.502
269.37, 351.325
Particle 1 new velocities: 46.4978, 40.2389
-2.98197, 70.3025
26.8004, 69.2222
Particle 2 new velocities: 21.5149, 48.7009
33.5258, 118.471
149.811, 59.867
Particle 3 new velocities: 69.6195, 149.897
153.358, 264.773
137.561, 237.179
Particle 4 new velocities: 55.8259, 102.664
72.924, 116.092
138.671, 247.049
Particle 5 new velocities: 35.3513, 33.6372
72.1765, 99.2249
138.627, 109.186
Particle 6 new velocities: 13.036, 33.9098
41.585, 156.305
68.5071, 193.362
Particle 7 new velocities: 56.1408, 101.715
98.0912, 216.814
187.811, 225.816
Particle 8 new velocities: 55.0364, 123.898
82.0222, 186.252
173.485, 149.726
Particle 9 new velocities: 9.57665, 168.43
110.88, 267.791
175.182, 276.892
Particle 10 new velocities: 50.3461, 83.5383
56.2257, 50.8887
96.6084, 263.342
Particle 11 new velocities: 34.2944, 73.6464
153.643, 77.7812
161.471, 349.391
Particle 12 new velocities: 6.89141, 57.0863
180.328, 145.586
269.877, 287.968
Particle 13 new velocities: 19.4783, 80.8207
92.9366, 247.776
174.869, 212.684
Particle 14 new velocities: 71.9026, 144.88
156.226, 196.674
209.878, 179.393
Particle 15 new velocities: 32.9039, 62.9404
115.527, 157.84
157.365, 151.849
Particle 16 new velocities: 33.5461, 114.127
110.661, 145.722
138.241, 271.392
Particle 17 new velocities: 59.8123, 89.8709
97.2831, 157.746
210.73, 183.971
Particle 18 new velocities: 88.5905, 121.343
154.022, 229.454
176.202, 110.226
Particle 19 new velocities: 52.0379, 101.015
106.654, 177.694
190.986, 253.431
Particle 20 new velocities: 30.868, 121.013
26.7607, 97.5834
16.2121, 263.058
-- ITERATION 5 --
-------------
Particle: 1:
Relays Coordinates:
64.9468, 116.425
142.349, 188.661
245.767, 285.102
Evaluation Time: 0.207274 seconds
Resulting Fitness: 0.495967
New local best!
-------------
Particle: 2:
Relays Coordinates:
33.0174, 115.553
148.13, 202.631
257.141, 255.317
Evaluation Time: 0.207548 seconds
Resulting Fitness: 0.498982
New local best!
-------------
Particle: 3:
Relays Coordinates:
109.793, 99.1974
178.121, 226.631
161.358, 212.765
Evaluation Time: 0.150858 seconds
Resulting Fitness: 0.418641
-------------
Particle: 4:
Relays Coordinates:
52.7585, 114.733
114.018, 135.085
209.171, 252.625
Evaluation Time: 0.106621 seconds
Resulting Fitness: 0.478055
-------------
Particle: 5:
Relays Coordinates:
100.724, 79.2031
150.295, 194.345
274.498, 258.982
Evaluation Time: 0.107266 seconds
Resulting Fitness: 0.502327
New local best!
-------------
Particle: 6:
Relays Coordinates:
24.3083, 96.7408
133.415, 206.334
207.22, 312.484
Evaluation Time: 0.113442 seconds
Resulting Fitness: 0.504188
New local best!
-------------
Particle: 7:
Relays Coordinates:
51.6056, 132.964
166.124, 212.12
209.303, 285.841
Evaluation Time: 0.116909 seconds
Resulting Fitness: 0.487857
New local best!
-------------
Particle: 8:
Relays Coordinates:
64.7995, 125.705
153.617, 206.537
268.662, 256.079
Evaluation Time: 0.139012 seconds
Resulting Fitness: 0.497901
New local best!
-------------
Particle: 9:
Relays Coordinates:
7.30361, 103.357
134.074, 184.522
219.402, 261.849
Evaluation Time: 0.146052 seconds
Resulting Fitness: 0.484167
New local best!
-------------
Particle: 10:
Relays Coordinates:
42.0531, 66.5346
94.7534, 82.3895
177.047, 209.883
Evaluation Time: 0.117932 seconds
Resulting Fitness: 0.355058
-------------
Particle: 11:
Relays Coordinates:
21.4463, 43.0549
126.102, 76.932
147.675, 215.234
Evaluation Time: 0.103228 seconds
Resulting Fitness: 0.35315
-------------
Particle: 12:
Relays Coordinates:
7.1488, 58.3448
119.297, 122.17
213.342, 239.148
Evaluation Time: 0.0581976 seconds
Resulting Fitness: 0.467651
New local best!
-------------
Particle: 13:
Relays Coordinates:
18.276, 70.4155
120.8, 176.26
191.684, 208.492
Evaluation Time: 0.101966 seconds
Resulting Fitness: 0.405126
-------------
Particle: 14:
Relays Coordinates:
49.4485, 134.767
159.744, 137.233
231.056, 185.918
Evaluation Time: 0.28335 seconds
Resulting Fitness: 0.425569
-------------
Particle: 15:
Relays Coordinates:
52.5694, 107.472
144.252, 215.415
226.784, 265.721
Evaluation Time: 0.25048 seconds
Resulting Fitness: 0.488335
-------------
Particle: 16:
Relays Coordinates:
65.9123, 127.054
168.659, 176.949
252.355, 295.245
Evaluation Time: 0.208721 seconds
Resulting Fitness: 0.501654
New local best!
-------------
Particle: 17:
Relays Coordinates:
43.3993, 98.7628
107.679, 166.375
236.47, 221.069
Evaluation Time: 0.21206 seconds
Resulting Fitness: 0.471347
-------------
Particle: 18:
Relays Coordinates:
114.216, 91.6513
125.704, 180.99
128.012, 82.703
Evaluation Time: 0.156138 seconds
Resulting Fitness: 0.333188
-------------
Particle: 19:
Relays Coordinates:
65.6776, 103.616
181.256, 199.146
256.142, 310.425
Evaluation Time: 0.168309 seconds
Resulting Fitness: 0.502494
New local best!
-------------
Particle: 20:
Relays Coordinates:
32.0726, 87.5412
71.8046, 106.628
126.277, 248.04
Evaluation Time: 0.13306 seconds
Resulting Fitness: 0.336715
Current global best fitness: 0.519512
Current global best relays: 66.0148, 139.287
155.908, 247.502
269.37, 351.325
Particle 1 new velocities: 37.4691, 59.9609
-0.311355, 125.1
37.2921, 139.846
Particle 2 new velocities: 22.9991, 66.3369
32.3737, 134.302
127.338, 110.389
Particle 3 new velocities: 41.8855, 57.322
102.553, 219.939
209.239, 175.197
Particle 4 new velocities: 44.7165, 104.417
81.7466, 161.296
149.943, 305.968
Particle 5 new velocities: 10.1718, 51.3584
61.3174, 83.1625
105.447, 159.242
Particle 6 new velocities: 64.2794, 41.255
47.8022, 156.688
91.7864, 159.642
Particle 7 new velocities: 44.9382, 84.5862
75.8347, 190.394
198.453, 256.384
Particle 8 new velocities: 44.5279, 105.099
67.8009, 150.074
139.358, 190.782
Particle 9 new velocities: 74.662, 147.692
113.17, 273.498
164.94, 254.211
Particle 10 new velocities: 55.2167, 119.868
131.757, 188.815
163.253, 387.833
Particle 11 new velocities: 37.6956, 137.023
177.681, 96.9193
180.785, 97.5323
Particle 12 new velocities: 48.0929, 79.3189
173.406, 143.923
282.011, 125.411
Particle 13 new velocities: 58.4481, 135.833
180.109, 168.505
184.814, 200.739
Particle 14 new velocities: 44.4513, 120.239
150.142, 181.665
248.265, 331.548
Particle 15 new velocities: 54.0763, 122.252
111.61, 164.639
169.531, 174.165
Particle 16 new velocities: 26.958, 101.93
75.1825, 172.228
130.645, 22.6151
Particle 17 new velocities: 63.4897, 92.0078
123.276, 185.3
191.813, 165.711
Particle 18 new velocities: 153.524, 157.233
176.66, 277.61
196.181, 259.353
Particle 19 new velocities: 41.9463, 83.9397
68.2282, 157.792
161.356, 234.845
Particle 20 new velocities: 47.1959, 92.2051
108.05, 101.738
153.495, 219.864
-- ITERATION 6 --
-------------
Particle: 1:
Relays Coordinates:
74.6612, 128.585
103.545, 228.732
206.35, 309.787
Evaluation Time: 0.134246 seconds
Resulting Fitness: 0.499478
New local best!
-------------
Particle: 2:
Relays Coordinates:
40.836, 132.598
131.587, 245.624
280.285, 266.6
Evaluation Time: 0.0769506 seconds
Resulting Fitness: 0.507279
New local best!
-------------
Particle: 3:
Relays Coordinates:
72.5475, 74.8627
134.246, 213.593
177.255, 185.561
Evaluation Time: 0.0590217 seconds
Resulting Fitness: 0.370227
-------------
Particle: 4:
Relays Coordinates:
57.558, 129.406
115.597, 175.009
212.053, 295.245
Evaluation Time: 0.0546482 seconds
Resulting Fitness: 0.495918
New local best!
-------------
Particle: 5:
Relays Coordinates:
72.7585, 85.6614
138.839, 182.073
249.282, 274.397
Evaluation Time: 0.0615434 seconds
Resulting Fitness: 0.493789
-------------
Particle: 6:
Relays Coordinates:
52.3101, 81.4851
107.007, 214.361
176.56, 278.786
Evaluation Time: 0.0612368 seconds
Resulting Fitness: 0.483395
-------------
Particle: 7:
Relays Coordinates:
57.0082, 128.461
142.874, 237.68
240.775, 295.245
Evaluation Time: 0.0511069 seconds
Resulting Fitness: 0.501886
New local best!
-------------
Particle: 8:
Relays Coordinates:
64.5568, 136.288
130.745, 210.575
240.932, 263.867
Evaluation Time: 0.0566456 seconds
Resulting Fitness: 0.49074
-------------
Particle: 9:
Relays Coordinates:
43.5599, 133.418
131.396, 243.41
204.255, 265.721
Evaluation Time: 0.0480131 seconds
Resulting Fitness: 0.4874
New local best!
-------------
Particle: 10:
Relays Coordinates:
57.4368, 110.069
133.752, 160.144
200.944, 295.245
Evaluation Time: 0.0662952 seconds
Resulting Fitness: 0.485743
New local best!
-------------
Particle: 11:
Relays Coordinates:
34.9227, 106.334
179.381, 102.657
193.952, 184.685
Evaluation Time: 0.117135 seconds
Resulting Fitness: 0.374011
-------------
Particle: 12:
Relays Coordinates:
29.3577, 73.1601
155.554, 141.413
263.251, 193.742
Evaluation Time: 0.10277 seconds
Resulting Fitness: 0.458445
-------------
Particle: 13:
Relays Coordinates:
40.7744, 109.609
159.916, 183.222
200.086, 217.482
Evaluation Time: 0.0619416 seconds
Resulting Fitness: 0.429622
-------------
Particle: 14:
Relays Coordinates:
49.9022, 135.521
164.686, 169.475
254.731, 265.721
Evaluation Time: 0.039919 seconds
Resulting Fitness: 0.494207
New local best!
-------------
Particle: 15:
Relays Coordinates:
62.9732, 135.65
151.084, 224.419
234.02, 259.748
Evaluation Time: 0.039446 seconds
Resulting Fitness: 0.489075
-------------
Particle: 16:
Relays Coordinates:
54.839, 135.212
143.986, 206.185
226.157, 187.693
Evaluation Time: 0.0304757 seconds
Resulting Fitness: 0.426119
-------------
Particle: 17:
Relays Coordinates:
70.1299, 125.165
151.529, 230.734
280.997, 253.767
Evaluation Time: 0.0282081 seconds
Resulting Fitness: 0.501234
New local best!
-------------
Particle: 18:
Relays Coordinates:
103.728, 96.423
117.142, 177.671
125.599, 132.52
Evaluation Time: 0.058889 seconds
Resulting Fitness: 0.33188
-------------
Particle: 19:
Relays Coordinates:
70.6121, 123.055
163.686, 234.187
273.921, 328.05
Evaluation Time: 0.0876145 seconds
Resulting Fitness: 0.516683
New local best!
-------------
Particle: 20:
Relays Coordinates:
42.1265, 95.5246
95.5819, 110.734
148.682, 248.663
Evaluation Time: 0.111507 seconds
Resulting Fitness: 0.362959
Current global best fitness: 0.519512
Current global best relays: 66.0148, 139.287
155.908, 247.502
269.37, 351.325
Particle 1 new velocities: 23.9406, 49.1309
31.2287, 103.453
90.1857, 137.438
Particle 2 new velocities: 40.417, 55.404
53.1327, 107.551
91.4781, 104.907
Particle 3 new velocities: 75.8549, 36.1402
190.248, 191.166
313.388, 64.7344
Particle 4 new velocities: 42.4105, 92.3468
110.981, 155.146
154.336, 65.7888
Particle 5 new velocities: 27.5411, 37.188
58.2805, 104.666
121.733, 218.408
Particle 6 new velocities: 42.8984, 68.9329
128.146, 126.594
101.872, 245.019
Particle 7 new velocities: 41.8083, 80.4972
63.3265, 164.244
188.839, 21.4221
Particle 8 new velocities: 37.0852, 69.1141
122.226, 144.043
146.592, 143.423
Particle 9 new velocities: 69.0748, 119.653
119.513, 221.074
203.81, 45.9504
Particle 10 new velocities: 54.9268, 118.694
118.046, 257.298
153.377, 57.1559
Particle 11 new velocities: 27.6252, 35.5693
113.548, 128.708
148.835, 231.082
Particle 12 new velocities: 70.1331, 125.857
110.852, 146.41
202.189, 190.507
Particle 13 new velocities: 43.4136, 98.0971
138.968, 202.028
238.674, 271.274
Particle 14 new velocities: 42.654, 97.3181
113.575, 194.104
206.079, 87.7531
Particle 15 new velocities: 48.0979, 105.519
100.029, 169.524
206.673, 357.691
Particle 16 new velocities: 31.7297, 80.7757
69.0039, 150.877
151.306, 152.133
Particle 17 new velocities: 49.3104, 77.2052
104.075, 150.8
149.016, 204.887
Particle 18 new velocities: 176.379, 179.665
177.941, 439.315
266.204, 233.714
Particle 19 new velocities: 30.0792, 77.9299
44.8444, 133.793
124.487, 21.6708
Particle 20 new velocities: 49.353, 107.31
164.243, 81.3137
192.641, 135.198
-- ITERATION 7 --
-------------
Particle: 1:
Relays Coordinates:
71.8807, 129.555
98.2503, 242.163
216.175, 326.027
Evaluation Time: 0.0962924 seconds
Resulting Fitness: 0.503654
New local best!
-------------
Particle: 2:
Relays Coordinates:
59.2334, 137.053
134.661, 257.465
271.015, 270.829
Evaluation Time: 0.0572962 seconds
Resulting Fitness: 0.510201
New local best!
-------------
Particle: 3:
Relays Coordinates:
63.8824, 47.7831
139.684, 174.235
211.206, 107.744
Evaluation Time: 0.103188 seconds
Resulting Fitness: 0.359351
-------------
Particle: 4:
Relays Coordinates:
59.0304, 130.943
133.792, 194.953
216.35, 213.187
Evaluation Time: 0.0923045 seconds
Resulting Fitness: 0.451311
-------------
Particle: 5:
Relays Coordinates:
53.3033, 65.2872
104.757, 152.385
197.173, 261.897
Evaluation Time: 0.0557347 seconds
Resulting Fitness: 0.481235
-------------
Particle: 6:
Relays Coordinates:
56.2197, 88.8204
138.855, 201.33
164.411, 295.245
Evaluation Time: 0.0705572 seconds
Resulting Fitness: 0.480352
-------------
Particle: 7:
Relays Coordinates:
58.3502, 123.388
121.759, 237.332
253.683, 186.989
Evaluation Time: 0.0504038 seconds
Resulting Fitness: 0.458957
-------------
Particle: 8:
Relays Coordinates:
66.6873, 134.764
165.974, 232.665
254.255, 267.223
Evaluation Time: 0.0461549 seconds
Resulting Fitness: 0.501778
New local best!
-------------
Particle: 9:
Relays Coordinates:
59.8587, 134.492
133.343, 246.846
216.862, 165.635
Evaluation Time: 0.0470489 seconds
Resulting Fitness: 0.40163
-------------
Particle: 10:
Relays Coordinates:
66.3496, 135.082
148.685, 246.495
209.223, 208.089
Evaluation Time: 0.0453265 seconds
Resulting Fitness: 0.434894
-------------
Particle: 11:
Relays Coordinates:
36.9339, 83.7926
172.972, 136.619
202.413, 245.506
Evaluation Time: 0.0320066 seconds
Resulting Fitness: 0.467407
New local best!
-------------
Particle: 12:
Relays Coordinates:
65.2759, 130.575
174.789, 188.84
305.375, 252.106
Evaluation Time: 0.0269445 seconds
Resulting Fitness: 0.502937
New local best!
-------------
Particle: 13:
Relays Coordinates:
44.741, 110.384
158.839, 204.738
233.175, 259.745
Evaluation Time: 0.0277225 seconds
Resulting Fitness: 0.495192
New local best!
-------------
Particle: 14:
Relays Coordinates:
54.6535, 137.489
164.311, 214.69
272.103, 208.723
Evaluation Time: 0.0404705 seconds
Resulting Fitness: 0.472661
-------------
Particle: 15:
Relays Coordinates:
59.0278, 128.167
133.452, 209.357
234.202, 265.721
Evaluation Time: 0.0403167 seconds
Resulting Fitness: 0.487941
-------------
Particle: 16:
Relays Coordinates:
56.7977, 141.71
139.743, 234.268
247.653, 222.96
Evaluation Time: 0.0417677 seconds
Resulting Fitness: 0.46738
-------------
Particle: 17:
Relays Coordinates:
78.3648, 132.775
167.702, 250.325
282.131, 300.923
Evaluation Time: 0.0390183 seconds
Resulting Fitness: 0.514693
New local best!
-------------
Particle: 18:
Relays Coordinates:
108.519, 106.962
114.321, 193.71
151.792, 141.887
Evaluation Time: 0.103238 seconds
Resulting Fitness: 0.347491
-------------
Particle: 19:
Relays Coordinates:
66.0635, 131.866
136.817, 241.432
261.395, 229.452
Evaluation Time: 0.154773 seconds
Resulting Fitness: 0.489519
-------------
Particle: 20:
Relays Coordinates:
60.0197, 133.08
170.471, 126.003
223.942, 251.851
Evaluation Time: 0.161489 seconds
Resulting Fitness: 0.4724
New local best!
Current global best fitness: 0.519512
Current global best relays: 66.0148, 139.287
155.908, 247.502
269.37, 351.325
Particle 1 new velocities: 18.0277, 44.436
26.6789, 87.2122
94.7538, 128.418
Particle 2 new velocities: 34.0488, 44.5314
61.7837, 75.9799
71.6477, 93.0556
Particle 3 new velocities: 90.6444, 105.177
178.368, 236.756
282.986, 236.474
Particle 4 new velocities: 38.5315, 82.9238
92.4857, 175.829
123.744, 87.466
Particle 5 new velocities: 40.6359, 130.534
148.803, 180.509
209.32, 176.81
Particle 6 new velocities: 4.78595, 91.9451
110.748, 134.784
233.504, 23.4161
Particle 7 new velocities: 36.0858, 82.6705
100.469, 139.596
147.755, 139.275
Particle 8 new velocities: 29.3569, 60.661
90.51, 120.44
128.913, 167.611
Particle 9 new velocities: 51.9534, 98.0098
97.3302, 174.545
207.736, 346.699
Particle 10 new velocities: 42.4986, 77.9987
98.029, 199.769
136.361, 212.617
Particle 11 new velocities: 58.4598, 73.375
84.3988, 211.17
177.175, 259.595
Particle 12 new velocities: 56.119, 103.382
69.3992, 184.206
117.073, 254.027
Particle 13 new velocities: 43.1827, 114.915
107.681, 193.717
236.355, 295.046
Particle 14 new velocities: 37.5256, 77.5412
88.6593, 169.35
138.73, 146.794
Particle 15 new velocities: 48.4766, 91.0022
133.685, 208.049
167.425, 60.4135
Particle 16 new velocities: 48.9962, 57.3457
87.4377, 96.9792
127.711, 179.793
Particle 17 new velocities: 34.8527, 67.0116
78.2879, 117.332
117.978, 183.722
Particle 18 new velocities: 139.094, 160.961
200.505, 87.8768
289.981, 372.631
Particle 19 new velocities: 24.4905, 51.4748
83.6386, 99.1825
120.018, 183.255
Particle 20 new velocities: 45.8173, 88.0329
126.907, 67.5407
180.254, 156.87
-- ITERATION 8 --
-------------
Particle: 1:
Relays Coordinates:
58.9889, 114.156
81.966, 216.103
204, 298.161
Evaluation Time: 0.139596 seconds
Resulting Fitness: 0.487851
-------------
Particle: 2:
Relays Coordinates:
68.0028, 132.375
143.208, 243.081
249.801, 265.272
Evaluation Time: 0.108465 seconds
Resulting Fitness: 0.498297
-------------
Particle: 3:
Relays Coordinates:
73.9097, 73.1605
152.123, 196.576
236.371, 164.638
Evaluation Time: 0.0994985 seconds
Resulting Fitness: 0.410211
-------------
Particle: 4:
Relays Coordinates:
64.0103, 140.318
148.461, 243.27
223.135, 197.258
Evaluation Time: 0.0673938 seconds
Resulting Fitness: 0.449648
-------------
Particle: 5:
Relays Coordinates:
61.6335, 128.478
166.361, 218.411
266.7, 287.835
Evaluation Time: 0.207983 seconds
Resulting Fitness: 0.505338
New local best!
-------------
Particle: 6:
Relays Coordinates:
36.0232, 106.74
147.388, 198.472
234.965, 188.166
Evaluation Time: 0.152082 seconds
Resulting Fitness: 0.444093
-------------
Particle: 7:
Relays Coordinates:
61.9594, 135.195
145.804, 247.303
263.384, 214.062
Evaluation Time: 0.0757499 seconds
Resulting Fitness: 0.475922
-------------
Particle: 8:
Relays Coordinates:
63.0146, 128.218
168.279, 231.672
251.396, 285.295
Evaluation Time: 0.0527659 seconds
Resulting Fitness: 0.504397
New local best!
-------------
Particle: 9:
Relays Coordinates:
66.0239, 137.29
136.21, 248.827
250.721, 295.245
Evaluation Time: 0.0527943 seconds
Resulting Fitness: 0.511335
New local best!
-------------
Particle: 10:
Relays Coordinates:
57.8464, 113.24
131.114, 237.163
183.657, 223.581
Evaluation Time: 0.0487041 seconds
Resulting Fitness: 0.423992
-------------
Particle: 11:
Relays Coordinates:
56.329, 92.8059
151.975, 205.366
224.143, 295.245
Evaluation Time: 0.0373221 seconds
Resulting Fitness: 0.499746
New local best!
-------------
Particle: 12:
Relays Coordinates:
64.5142, 124.334
129.772, 198.252
224.507, 265.721
Evaluation Time: 0.0367881 seconds
Resulting Fitness: 0.479446
-------------
Particle: 13:
Relays Coordinates:
51.9181, 133.036
157.378, 235.284
277.253, 295.245
Evaluation Time: 0.0296281 seconds
Resulting Fitness: 0.509523
New local best!
-------------
Particle: 14:
Relays Coordinates:
60.4787, 141.081
165.973, 251.969
269.548, 233.255
Evaluation Time: 0.0410525 seconds
Resulting Fitness: 0.494041
-------------
Particle: 15:
Relays Coordinates:
63.4803, 129.417
157.742, 246.474
237.157, 192.579
Evaluation Time: 0.0391547 seconds
Resulting Fitness: 0.455276
-------------
Particle: 16:
Relays Coordinates:
69.4114, 130.6
149.053, 217.332
246.276, 264.246
Evaluation Time: 0.0418093 seconds
Resulting Fitness: 0.493404
-------------
Particle: 17:
Relays Coordinates:
74.282, 131.08
161.394, 241.219
262.512, 317.975
Evaluation Time: 0.0545933 seconds
Resulting Fitness: 0.514141
-------------
Particle: 18:
Relays Coordinates:
95.9303, 103.799
121.97, 109.093
171.152, 193.71
Evaluation Time: 0.0464452 seconds
Resulting Fitness: 0.359233
-------------
Particle: 19:
Relays Coordinates:
66.0139, 133.656
160.712, 248.308
278.05, 300.863
Evaluation Time: 0.0458305 seconds
Resulting Fitness: 0.516774
New local best!
-------------
Particle: 20:
Relays Coordinates:
62.4957, 130.565
175.599, 114.285
238.674, 241.346
Evaluation Time: 0.0482187 seconds
Resulting Fitness: 0.472116
Current global best fitness: 0.519512
Current global best relays: 66.0148, 139.287
155.908, 247.502
269.37, 351.325
Particle 1 new velocities: 37.691, 67.5712
70.5948, 128.377
150.413, 143.721
Particle 2 new velocities: 9.97016, 37.3985
40.7248, 80.244
83.6213, 132.187
Particle 3 new velocities: 152.739, 135.291
221.065, 234.653
224.151, 99.3349
Particle 4 new velocities: 21.7492, 65.1299
51.3135, 59.3511
118.474, 147.559
Particle 5 new velocities: 35.6526, 107.066
108.858, 152.443
170.58, 152.476
Particle 6 new velocities: 18.8085, 71.9517
78.5546, 165.639
184.977, 292.106
Particle 7 new velocities: 25.0753, 60.8028
86.9448, 103.997
106.792, 215.468
Particle 8 new velocities: 23.9361, 54.6886
62.3984, 100.414
119.172, 209.626
Particle 9 new velocities: 41.5546, 79.014
80.8051, 138.241
185.98, 7.53822
Particle 10 new velocities: 39.5184, 89.1364
100.326, 114.348
146.412, 337.657
Particle 11 new velocities: 51.1424, 105.693
68.2294, 169.456
148.332, 72.5598
Particle 12 new velocities: 45.9496, 103.102
124.991, 176.932
254.578, 36.1159
Particle 13 new velocities: 34.8303, 95.064
85.9702, 159.198
183.187, 63.7415
Particle 14 new velocities: 24.4765, 51.7271
68.7323, 18.1138
109.495, 249.354
Particle 15 new velocities: 43.5893, 81.1948
104.627, 168.067
169.056, 273.336
Particle 16 new velocities: 34.7664, 50.7861
75.7962, 75.5495
134.51, 237.027
Particle 17 new velocities: 26.5334, 57.7217
62.3942, 114.41
117.48, 161.486
Particle 18 new velocities: 205.291, 167.539
213.072, 172.076
236.313, -105.897
Particle 19 new velocities: 19.5932, 47.7904
63.0516, 79.2229
91.4044, 210.083
Particle 20 new velocities: 36.0179, 75.1366
90.9612, 83.7959
159.877, 168.432
-- ITERATION 9 --
-------------
Particle: 1:
Relays Coordinates:
63.4317, 119.231
100.095, 226.013
232.531, 289.919
Evaluation Time: 0.0451459 seconds
Resulting Fitness: 0.499073
-------------
Particle: 2:
Relays Coordinates:
63.1581, 137.517
148.986, 261.893
270.072, 321.942
Evaluation Time: 0.0266566 seconds
Resulting Fitness: 0.519004
New local best!
-------------
Particle: 3:
Relays Coordinates:
108.406, 99.7016
178.495, 206.255
220.266, 126.257
Evaluation Time: 0.0447509 seconds
Resulting Fitness: 0.389171
-------------
Particle: 4:
Relays Coordinates:
56.2668, 134.794
131.072, 198.55
224.13, 226.235
Evaluation Time: 0.0487621 seconds
Resulting Fitness: 0.46877
-------------
Particle: 5:
Relays Coordinates:
57.4465, 139.086
162.514, 218.986
258.21, 260
Evaluation Time: 0.0457052 seconds
Resulting Fitness: 0.49498
-------------
Particle: 6:
Relays Coordinates:
32.3776, 105.516
133.417, 215.004
247.972, 283.596
Evaluation Time: 0.0458252 seconds
Resulting Fitness: 0.498567
-------------
Particle: 7:
Relays Coordinates:
57.1035, 128.594
152.707, 230.488
242.872, 281.815
Evaluation Time: 0.0478416 seconds
Resulting Fitness: 0.500888
-------------
Particle: 8:
Relays Coordinates:
57.0483, 120.005
151.348, 217.882
243.13, 324.718
Evaluation Time: 0.0475935 seconds
Resulting Fitness: 0.504915
New local best!
-------------
Particle: 9:
Relays Coordinates:
63.524, 127.725
128.145, 228.56
257.867, 178.79
Evaluation Time: 0.0476592 seconds
Resulting Fitness: 0.455708
-------------
Particle: 10:
Relays Coordinates:
63.881, 132.779
151.848, 230.626
216.558, 328.05
Evaluation Time: 0.0467518 seconds
Resulting Fitness: 0.503186
New local best!
-------------
Particle: 11:
Relays Coordinates:
70.512, 130.235
144.476, 245.92
244.381, 241.317
Evaluation Time: 0.0459802 seconds
Resulting Fitness: 0.494966
-------------
Particle: 12:
Relays Coordinates:
65.2278, 134.299
150.435, 221.542
282.895, 178.231
Evaluation Time: 0.0448485 seconds
Resulting Fitness: 0.458757
-------------
Particle: 13:
Relays Coordinates:
51.2241, 134.691
143.694, 232.937
271.885, 211.978
Evaluation Time: 0.0440542 seconds
Resulting Fitness: 0.48352
-------------
Particle: 14:
Relays Coordinates:
50.1652, 113.851
138.591, 159.481
223.821, 284.975
Evaluation Time: 0.0582054 seconds
Resulting Fitness: 0.493208
-------------
Particle: 15:
Relays Coordinates:
63.2235, 124.364
154.926, 244.782
239.865, 275.118
Evaluation Time: 0.115683 seconds
Resulting Fitness: 0.501552
-------------
Particle: 16:
Relays Coordinates:
61.516, 107.107
132.771, 172.943
224.851, 295.245
Evaluation Time: 0.152397 seconds
Resulting Fitness: 0.493885
-------------
Particle: 17:
Relays Coordinates:
66.145, 123.873
146.827, 233.329
249.312, 314.575
Evaluation Time: 0.112058 seconds
Resulting Fitness: 0.505468
-------------
Particle: 18:
Relays Coordinates:
105.029, 94.6096
116.822, 98.0373
142.074, 30.6186
Evaluation Time: 0.111284 seconds
Resulting Fitness: 0.287286
-------------
Particle: 19:
Relays Coordinates:
56.1668, 119.047
146.811, 214.893
242.399, 328.05
Evaluation Time: 0.125706 seconds
Resulting Fitness: 0.503623
-------------
Particle: 20:
Relays Coordinates:
58.1713, 121.465
157.401, 116.965
235.341, 241.97
Evaluation Time: 0.200849 seconds
Resulting Fitness: 0.470564
Current global best fitness: 0.519512
Current global best relays: 66.0148, 139.287
155.908, 247.502
269.37, 351.325
Particle 1 new velocities: 40.592, 70.5549
123.426, 124.364
139.582, 212.211
Particle 2 new velocities: 9.24706, 30.6602
34.7066, 60.204
66.5571, 136.866
Particle 3 new velocities: 142.706, 44.656
187.497, 199.389
173.483, 193.682
Particle 4 new velocities: 26.1861, 52.9529
33.769, 67.5081
130.769, 328.476
Particle 5 new velocities: 42.1511, 69.0179
90.2281, 143.219
152.317, 189.612
Particle 6 new velocities: 14.0264, 46.424
72.9579, 136.938
144.291, 337.802
Particle 7 new velocities: 20.7729, 59.4544
55.5269, 105.003
100.948, 256.732
Particle 8 new velocities: 26.8032, 56.3538
50.4535, 113.199
120.714, 181.307
Particle 9 new velocities: 36.3121, 74.3157
82.4659, 145.637
153.773, 168.596
Particle 10 new velocities: 31.6709, 74.8465
80.3655, 97.4444
131.046, 16.0937
Particle 11 new velocities: 30.7317, 66.0383
72.1872, 132.486
117.263, 146.26
Particle 12 new velocities: 37.2097, 84.4353
127.595, 118.363
220.999, 201.607
Particle 13 new velocities: 42.9712, 78.6149
70.1165, 140.63
152.092, 340.202
Particle 14 new velocities: 37.3394, 72.6656
115.007, 29.5323
127.388, 193.994
Particle 15 new velocities: 40.0682, 74.7108
86.0396, 136.565
170.569, 341.282
Particle 16 new velocities: 30.7582, 92.7167
122.426, 88.6833
176.153, 57.5955
Particle 17 new velocities: 36.5069, 58.3779
70.3638, 126.699
160.369, 158.185
Particle 18 new velocities: 171.654, 170.384
195.697, 380.372
335.326, 153.205
Particle 19 new velocities: 30.175, 55.5915
62.3372, 123.657
111.001, -1.36467
Particle 20 new velocities: 39.8438, 80.0013
77.174, 226.557
135.747, 159.396
-- ITERATION 10 --
-------------
Particle: 1:
Relays Coordinates:
68.2499, 124.518
146.652, 229.883
244.143, 328.05
Evaluation Time: 0.163553 seconds
Resulting Fitness: 0.505582
New local best!
-------------
Particle: 2:
Relays Coordinates:
52.7833, 122.601
133.912, 234.809
245.403, 334.471
Evaluation Time: 0.105526 seconds
Resulting Fitness: 0.507886
-------------
Particle: 3:
Relays Coordinates:
133.451, 76.7176
194.503, 215.576
209.254, 170.029
Evaluation Time: 0.0961599 seconds
Resulting Fitness: 0.424894
-------------
Particle: 4:
Relays Coordinates:
39.437, 89.7989
78.8429, 127.255
169.747, 239.148
Evaluation Time: 0.18234 seconds
Resulting Fitness: 0.403154
-------------
Particle: 5:
Relays Coordinates:
65.346, 136.537
165.824, 237.643
269.347, 294.99
Evaluation Time: 0.147331 seconds
Resulting Fitness: 0.513012
New local best!
-------------
Particle: 6:
Relays Coordinates:
27.4011, 89.7189
121.862, 207.818
231.627, 295.245
Evaluation Time: 0.190622 seconds
Resulting Fitness: 0.493583
-------------
Particle: 7:
Relays Coordinates:
51.0947, 123.379
136.622, 220.115
225.581, 328.05
Evaluation Time: 0.143327 seconds
Resulting Fitness: 0.502027
New local best!
-------------
Particle: 8:
Relays Coordinates:
55.015, 115.709
132.402, 217.222
238.718, 328.05
Evaluation Time: 0.0866193 seconds
Resulting Fitness: 0.50158
-------------
Particle: 9:
Relays Coordinates:
65.5025, 132.559
138.182, 245.511
270.077, 227.921
Evaluation Time: 0.0942371 seconds
Resulting Fitness: 0.49147
-------------
Particle: 10:
Relays Coordinates:
62.6916, 136.223
152.355, 215.247
228.063, 225.793
Evaluation Time: 0.10008 seconds
Resulting Fitness: 0.468073
-------------
Particle: 11:
Relays Coordinates:
66.426, 128.775
142.153, 248.273
237.274, 254.289
Evaluation Time: 0.0716968 seconds
Resulting Fitness: 0.496404
-------------
Particle: 12:
Relays Coordinates:
60.4883, 129.16
164.174, 200.711
295.245, 224.291
Evaluation Time: 0.0534259 seconds
Resulting Fitness: 0.488995
-------------
Particle: 13:
Relays Coordinates:
55.6214, 125.955
126.253, 220.588
250.354, 295.245
Evaluation Time: 0.0449749 seconds
Resulting Fitness: 0.503117
-------------
Particle: 14:
Relays Coordinates:
41.8532, 89.2105
121.295, 90.4046
167.982, 229.09
Evaluation Time: 0.0416409 seconds
Resulting Fitness: 0.384207
-------------
Particle: 15:
Relays Coordinates:
67.7697, 130.613
158.098, 250.202
269.285, 328.05
Evaluation Time: 0.0281165 seconds
Resulting Fitness: 0.519116
-------------
Particle: 16:
Relays Coordinates:
60.5411, 131.104
167.435, 171.653
263.098, 231.499
Evaluation Time: 0.0410963 seconds
Resulting Fitness: 0.477233
-------------
Particle: 17:
Relays Coordinates:
67.3499, 119.575
142.499, 236.214
268.792, 310.178
Evaluation Time: 0.0288435 seconds
Resulting Fitness: 0.51065
-------------
Particle: 18:
Relays Coordinates:
107.193, 102.664
121.076, 185.346
184.955, 71.2172
Evaluation Time: 0.0283426 seconds
Resulting Fitness: 0.351955
-------------
Particle: 19:
Relays Coordinates:
62.9432, 127.311
152.469, 246.803
257.629, 238.154
Evaluation Time: 0.0399558 seconds
Resulting Fitness: 0.490997
-------------
Particle: 20:
Relays Coordinates:
64.3077, 132.182
153.905, 225.385
243.47, 263.336
Evaluation Time: 0.0396183 seconds
Resulting Fitness: 0.494399
New local best!
Current global best fitness: 0.519512
Current global best relays: 66.0148, 139.287
155.908, 247.502
269.37, 351.325
Particle 1 new velocities: 31.6144, 61.4166
103.986, 110.767
135.486, 11.7047
Particle 2 new velocities: 26.0302, 61.9988
40.6373, 67.9445
110.32, 104.537
Particle 3 new velocities: 77.7762, 30.9585
201.14, 166.336
150.809, 164.918
Particle 4 new velocities: 70.1081, 150.988
151.511, 211.814
191.041, 173.455
Particle 5 new velocities: 34.0529, 56.0795
60.7138, 123.775
121.867, 167.279
Particle 6 new velocities: 42.9126, 106.204
74.7801, 128.433
118.754, 21.7591
Particle 7 new velocities: 17.3313, 50.9486
49.0355, 112.014
109.954, 0.465821
Particle 8 new velocities: 28.1202, 74.8463
59.3797, 122.798
130.05, 6.50235
Particle 9 new velocities: 29.2486, 68.9283
84.7688, 121.098
91.4787, 304.138
Particle 10 new velocities: 30.623, 62.7989
66.2363, 126.608
107.554, 214.847
Particle 11 new velocities: 7.73325, 54.3452
77.1655, 103.019
118.881, 230.267
Particle 12 new velocities: 36.3814, 75.6382
101.954, 113.592
-1.84176, 286.722
Particle 13 new velocities: 37.9983, 70.6149
83.9508, 141.31
143.36, 23.921
Particle 14 new velocities: 40.5181, 97.0576
131.812, 315.884
213.108, 217.055
Particle 15 new velocities: 29.4789, 76.3643
68.3108, 103.887
136.477, 27.984
Particle 16 new velocities: 29.5959, 77.1586
93.5511, 79.9149
126.547, 253.429
Particle 17 new velocities: 40.8375, 79.8867
101.053, 113.317
134.816, 130.902
Particle 18 new velocities: 142.472, 183.155
181.808, 388.136
294.018, 181.388
Particle 19 new velocities: 26.1746, 51.3969
53.8033, 101.113
129.015, 81.825
Particle 20 new velocities: 32.3823, 66.6807
63.0089, 189.727
138.215, 204.338
-- ITERATION 11 --
-------------
Particle: 1:
Relays Coordinates:
65.521, 121.992
164.444, 223.5
249.075, 222.913
Evaluation Time: 0.0315141 seconds
Resulting Fitness: 0.467867
-------------
Particle: 2:
Relays Coordinates:
51.7095, 121.116
114.522, 198.637
233.39, 288.033
Evaluation Time: 0.0286636 seconds
Resulting Fitness: 0.493128
-------------
Particle: 3:
Relays Coordinates:
112.255, 57.2235
210.261, 202.964
191.352, 178.005
Evaluation Time: 0.0398585 seconds
Resulting Fitness: 0.417882
-------------
Particle: 4:
Relays Coordinates:
58.2168, 127.964
122.419, 180.195
191.738, 219.275
Evaluation Time: 0.0410891 seconds
Resulting Fitness: 0.415459
-------------
Particle: 5:
Relays Coordinates:
65.2156, 126.376
148.631, 237.126
256.675, 303.295
Evaluation Time: 0.0298264 seconds
Resulting Fitness: 0.508644
-------------
Particle: 6:
Relays Coordinates:
51.2587, 142.828
143.352, 245.127
255.428, 231.096
Evaluation Time: 0.0405053 seconds
Resulting Fitness: 0.48921
-------------
Particle: 7:
Relays Coordinates:
49.8826, 127.085
135.344, 242.123
244.605, 239.488
Evaluation Time: 0.0367896 seconds
Resulting Fitness: 0.490011
-------------
Particle: 8:
Relays Coordinates:
60.6056, 138.915
139.809, 247.874
268.832, 243.889
Evaluation Time: 0.0419768 seconds
Resulting Fitness: 0.496802
-------------
Particle: 9:
Relays Coordinates:
62.1662, 132.196
146.278, 240.532
237.217, 328.05
Evaluation Time: 0.040586 seconds
Resulting Fitness: 0.506939
-------------
Particle: 10:
Relays Coordinates:
61.2237, 130.578
143.418, 224.291
220.198, 289.104
Evaluation Time: 0.0380533 seconds
Resulting Fitness: 0.494615
-------------
Particle: 11:
Relays Coordinates:
48.6559, 120.145
143.895, 230.483
233.674, 317.917
Evaluation Time: 0.0448796 seconds
Resulting Fitness: 0.501482
New local best!
-------------
Particle: 12:
Relays Coordinates:
63.5562, 134.368
174.606, 206.214
192.502, 328.05
Evaluation Time: 0.0654284 seconds
Resulting Fitness: 0.492932
-------------
Particle: 13:
Relays Coordinates:
61.4238, 128.969
137.915, 237.441
258.316, 209.405
Evaluation Time: 0.0999063 seconds
Resulting Fitness: 0.470976
-------------
Particle: 14:
Relays Coordinates:
43.7755, 98.9905
134.512, 215.918
202.527, 237.099
Evaluation Time: 0.0607119 seconds
Resulting Fitness: 0.465047
-------------
Particle: 15:
Relays Coordinates:
63.8048, 135.798
148.547, 232.318
266.22, 233.594
Evaluation Time: 0.0528504 seconds
Resulting Fitness: 0.487772
-------------
Particle: 16:
Relays Coordinates:
47.9025, 110.679
138.699, 133.694
207.073, 257.71
Evaluation Time: 0.0498447 seconds
Resulting Fitness: 0.475811
-------------
Particle: 17:
Relays Coordinates:
70.9818, 130.867
159.795, 229.327
264.807, 289.392
Evaluation Time: 0.0487094 seconds
Resulting Fitness: 0.508551
-------------
Particle: 18:
Relays Coordinates:
96.7252, 110.732
117.344, 193.71
185.564, 97.8643
Evaluation Time: 0.0513832 seconds
Resulting Fitness: 0.358619
-------------
Particle: 19:
Relays Coordinates:
64.9668, 130.278
150.373, 253.631
281.863, 233.264
Evaluation Time: 0.0720711 seconds
Resulting Fitness: 0.499988
-------------
Particle: 20:
Relays Coordinates:
57.0945, 117.426
128.085, 245.119
225.381, 276.157
Evaluation Time: 0.113293 seconds
Resulting Fitness: 0.496905
New local best!
Current global best fitness: 0.519512
Current global best relays: 66.0148, 139.287
155.908, 247.502
269.37, 351.325
Particle 1 new velocities: 28.5329, 63.8805
65.6383, 122.006
131.818, 96.2644
Particle 2 new velocities: 50.3592, 77.103
80.582, 152.757
152.884, 199.645
Particle 3 new velocities: 90.4194, 24.0268
119.734, 156.172
151.216, 195.359
Particle 4 new velocities: 63.522, 132.215
127.411, 198.582
250.438, 265.843
Particle 5 new velocities: 27.6915, 65.8013
55.5133, 99.5782
112.388, 136.094
Particle 6 new velocities: 19.1396, 14.7631
58.5937, 88.1852
65.451, 128.184
Particle 7 new velocities: 17.5823, 49.2227
46.167, 70.435
97.9426, 60.7733
Particle 8 new velocities: 23.3167, 45.3024
59.3243, 47.8409
92.1357, 185.397
Particle 9 new velocities: 34.2354, 56.5445
69.6947, 106.341
93.0162, 7.71509
Particle 10 new velocities: 32.258, 57.7917
71.0767, 123.565
126.074, 233.126
Particle 11 new velocities: 14.7161, 51.1601
63.7135, 96.9933
115.267, 191.391
Particle 12 new velocities: 31.1406, 59.6943
62.2328, 68.8523
139.049, -90.4223
Particle 13 new velocities: 21.774, 75.4415
98.4453, 122.65
125.623, 124.848
Particle 14 new velocities: 65.4416, 119.162
129.167, 233.708
278.312, 243.841
Particle 15 new velocities: 26.4321, 67.3375
67.1406, 89.6949
113.464, 138.96
Particle 16 new velocities: 45.5209, 88.6341
94.734, 208.592
130.08, 323.98
Particle 17 new velocities: 39.7631, 72.741
89.14, 139.297
141.607, 145.769
Particle 18 new velocities: 115.531, 197.287
203.381, 52.4044
265.972, 247.819
Particle 19 new velocities: 23.5504, 47.6669
47.2698, 78.5428
92.9548, 156.248
Particle 20 new velocities: 28.7707, 65.4324
57.7154, 154.86
116.928, 223.835
-- ITERATION 12 --
-------------
Particle: 1:
Relays Coordinates:
68.5653, 135.501
167.73, 251.874
277.671, 232.68
Evaluation Time: 0.207075 seconds
Resulting Fitness: 0.497494
-------------
Particle: 2:
Relays Coordinates:
66.9673, 130.051
128.007, 230.549
253.434, 319.965
Evaluation Time: 0.164345 seconds
Resulting Fitness: 0.506858
-------------
Particle: 3:
Relays Coordinates:
96.9384, 38.8618
157.836, 171.774
163.849, 178.579
Evaluation Time: 0.123676 seconds
Resulting Fitness: 0.353808
-------------
Particle: 4:
Relays Coordinates:
64.697, 138.27
132.77, 201.297
234.99, 257.811
Evaluation Time: 0.159111 seconds
Resulting Fitness: 0.483429
-------------
Particle: 5:
Relays Coordinates:
60.9563, 126.087
133.939, 220.912
242.142, 288.283
Evaluation Time: 0.161679 seconds
Resulting Fitness: 0.500639
-------------
Particle: 6:
Relays Coordinates:
46.1883, 103.395
132.497, 218.686
210.529, 235.724
Evaluation Time: 0.0965424 seconds
Resulting Fitness: 0.476223
-------------
Particle: 7:
Relays Coordinates:
54.6465, 142.809
147.024, 253.172
277.464, 243.212
Evaluation Time: 0.061356 seconds
Resulting Fitness: 0.50309
New local best!
-------------
Particle: 8:
Relays Coordinates:
61.1793, 134.294
145.168, 215.576
263.145, 312.949
Evaluation Time: 0.0348899 seconds
Resulting Fitness: 0.504983
New local best!
-------------
Particle: 9:
Relays Coordinates:
70.2768, 137.592
157.444, 252.87
240.74, 244.773
Evaluation Time: 0.0411431 seconds
Resulting Fitness: 0.495511
-------------
Particle: 10:
Relays Coordinates:
68.1482, 137.322
156.366, 253.587
252.432, 364.5
Evaluation Time: 0.0399432 seconds
Resulting Fitness: 0.517784
New local best!
-------------
Particle: 11:
Relays Coordinates:
41.5784, 112.393
136.212, 214.857
228.94, 328.05
Evaluation Time: 0.0311215 seconds
Resulting Fitness: 0.500685
-------------
Particle: 12:
Relays Coordinates:
62.1306, 127.324
155.39, 180.471
217.531, 155.908
Evaluation Time: 0.0301479 seconds
Resulting Fitness: 0.378871
-------------
Particle: 13:
Relays Coordinates:
54.5861, 134.114
155.076, 236.256
251.902, 219.303
Evaluation Time: 0.0390209 seconds
Resulting Fitness: 0.472443
-------------
Particle: 14:
Relays Coordinates:
58.0424, 115.935
140.13, 238.95
255.538, 255.591
Evaluation Time: 0.0615243 seconds
Resulting Fitness: 0.500649
New local best!
-------------
Particle: 15:
Relays Coordinates:
59.2045, 133.277
141.512, 211.273
249.111, 244.433
Evaluation Time: 0.0817012 seconds
Resulting Fitness: 0.486279
-------------
Particle: 16:
Relays Coordinates:
61.2951, 130.77
153.155, 224.574
221.206, 328.05
Evaluation Time: 0.0458187 seconds
Resulting Fitness: 0.503496
New local best!
-------------
Particle: 17:
Relays Coordinates:
72.6597, 133.587
163.326, 241.854
266.648, 285.509
Evaluation Time: 0.0650669 seconds
Resulting Fitness: 0.511431
-------------
Particle: 18:
Relays Coordinates:
82.2323, 119.333
124.255, 95.3499
174.934, 133.925
Evaluation Time: 0.120234 seconds
Resulting Fitness: 0.342282
-------------
Particle: 19:
Relays Coordinates:
64.5291, 129.722
144.081, 242.154
273.243, 283.955
Evaluation Time: 0.129815 seconds
Resulting Fitness: 0.509536
-------------
Particle: 20:
Relays Coordinates:
50.7026, 107.976
109.713, 236.184
202.13, 295.24
Evaluation Time: 0.147159 seconds
Resulting Fitness: 0.49386
Current global best fitness: 0.519512
Current global best relays: 66.0148, 139.287
155.908, 247.502
269.37, 351.325
Particle 1 new velocities: 21.687, 49.6519
25.1981, 75.3841
52.26, 140.149
Particle 2 new velocities: 38.187, 75.5254
94.1135, 178.832
140.761, 200.455
Particle 3 new velocities: 81.2553, 21.2928
232.298, 206.506
147.701, 47.8123
Particle 4 new velocities: 47.8815, 104.65
108.958, 198.368
192.116, 313.58
Particle 5 new velocities: 28.9795, 72.0808
109.761, 122.11
139.122, 118.668
Particle 6 new velocities: 16.7491, 8.38651
48.1441, 72.225
57.3835, 246.852
Particle 7 new velocities: 16.8313, 38.9188
43.4025, 55.6635
75.3865, 96.6636
Particle 8 new velocities: 23.4769, 36.885
61.247, 45.5759
78.1786, 149.298
Particle 9 new velocities: 20.37, 45.8976
33.2323, 80.9918
110.273, 135.205
Particle 10 new velocities: 23.9189, 47.0472
56.5002, 98.2339
122.728, -6.51373
Particle 11 new velocities: 14.884, 78.7312
71.7862, 137.995
139.981, 17.8761
Particle 12 new velocities: 31.2953, 59.5579
69.2416, 137.172
172.987, 29.5592
Particle 13 new velocities: 23.0548, 63.8336
79.6615, 102.368
140.309, 127.924
Particle 14 new velocities: 55.443, 121.239
116.272, 187.556
233.993, 258.945
Particle 15 new velocities: 36.5352, 66.8307
74.8397, 86.5883
119.849, 345.615
Particle 16 new velocities: 40.0351, 76.2799
79.0758, 185.918
110.796, 0.953719
Particle 17 new velocities: 28.0387, 61.4368
66.3579, 126.056
137.704, 153.182
Particle 18 new velocities: 218.061, 170.34
202.885, 281.153
175.284, 281.276
Particle 19 new velocities: 19.7621, 51.1194
69.5114, 78.4788
71.7031, 186.232
Particle 20 new velocities: 50.3662, 99.2308
87.9978, 139.157
175.873, 187.059
-- ITERATION 13 --
-------------
Particle: 1:
Relays Coordinates:
65.7939, 134.976
140.645, 238.571
240.52, 271.792
Evaluation Time: 0.190918 seconds
Resulting Fitness: 0.499506
-------------
Particle: 2:
Relays Coordinates:
68.9917, 134.879
145.734, 268.595
258.631, 328.05
Evaluation Time: 0.142913 seconds
Resulting Fitness: 0.515731
-------------
Particle: 3:
Relays Coordinates:
116.913, 39.4674
255.967, 248.189
204.408, 148.535
Evaluation Time: 0.118683 seconds
Resulting Fitness: 0.490843
New local best!
-------------
Particle: 4:
Relays Coordinates:
59.8288, 129.098
128.464, 212.399
226.982, 265.721
Evaluation Time: 0.207418 seconds
Resulting Fitness: 0.483307
-------------
Particle: 5:
Relays Coordinates:
59.0069, 130.018
159.892, 225.056
250.147, 267.001
Evaluation Time: 0.192223 seconds
Resulting Fitness: 0.493718
-------------
Particle: 6:
Relays Coordinates:
41.2932, 73.3401
118.518, 190.867
175.777, 316.618
Evaluation Time: 0.202476 seconds
Resulting Fitness: 0.492827
-------------
Particle: 7:
Relays Coordinates:
52.1073, 132.479
138.821, 225.141
257.228, 247.769
Evaluation Time: 0.145629 seconds
Resulting Fitness: 0.493762
-------------
Particle: 8:
Relays Coordinates:
49.9886, 101.08
121.886, 154.208
201.548, 272.952
Evaluation Time: 0.0754667 seconds
Resulting Fitness: 0.481497
-------------
Particle: 9:
Relays Coordinates:
66.0815, 133.764
139.003, 243.385
255.888, 277.003
Evaluation Time: 0.0938565 seconds
Resulting Fitness: 0.505854
-------------
Particle: 10:
Relays Coordinates:
67.1169, 134.405
155.18, 256.478
273.492, 260.972
Evaluation Time: 0.0511073 seconds
Resulting Fitness: 0.510418
-------------
Particle: 11:
Relays Coordinates:
37.045, 125.397
136.467, 231.506
242.049, 226.962
Evaluation Time: 0.0471115 seconds
Resulting Fitness: 0.474945
-------------
Particle: 12:
Relays Coordinates:
68.1075, 136.237
163.757, 231.562
284.687, 135.205
Evaluation Time: 0.0462489 seconds
Resulting Fitness: 0.435439
-------------
Particle: 13:
Relays Coordinates:
50.9402, 129.873
154.011, 222.171
257.33, 227.816
Evaluation Time: 0.129635 seconds
Resulting Fitness: 0.483097
-------------
Particle: 14:
Relays Coordinates:
60.3108, 126.044
136.263, 226.663
260.156, 265.721
Evaluation Time: 0.148931 seconds
Resulting Fitness: 0.497715
-------------
Particle: 15:
Relays Coordinates:
56.5333, 118.162
127.754, 175.884
217.867, 295.245
Evaluation Time: 0.113283 seconds
Resulting Fitness: 0.495598
-------------
Particle: 16:
Relays Coordinates:
59.8344, 122.261
137.13, 242.391
196.044, 194.273
Evaluation Time: 0.114745 seconds
Resulting Fitness: 0.399262
-------------
Particle: 17:
Relays Coordinates:
66.0682, 127.955
150.696, 241.386
265.295, 287.826
Evaluation Time: 0.13082 seconds
Resulting Fitness: 0.509318
-------------
Particle: 18:
Relays Coordinates:
104.706, 101.003
114.067, 131.278
122.114, 144.772
Evaluation Time: 0.14067 seconds
Resulting Fitness: 0.313563
-------------
Particle: 19:
Relays Coordinates:
61.4483, 131.833
155.709, 233.742
251.465, 342.767
Evaluation Time: 0.0792146 seconds
Resulting Fitness: 0.509371
-------------
Particle: 20:
Relays Coordinates:
66.3112, 135.949
129.718, 246.261
248.008, 316.437
Evaluation Time: 0.0567733 seconds
Resulting Fitness: 0.509227
New local best!
Current global best fitness: 0.519512
Current global best relays: 66.0148, 139.287
155.908, 247.502
269.37, 351.325
Particle 1 new velocities: 20.1101, 25.818
36.0725, 56.8757
51.7586, 253.274
Particle 2 new velocities: 24.5794, 65.8609
79.2837, 113.46
141.541, 12.6354
Particle 3 new velocities: 37.1671, 80.2778
92.4823, 164.542
193.809, 85.903
Particle 4 new velocities: 42.9937, 91.6737
106.445, 170.716
181.735, 24.5011
Particle 5 new velocities: 34.1941, 59.4795
88.84, 115.86
148.451, 219.138
Particle 6 new velocities: 19.172, 67.7604
99.082, 149.277
55.8036, 212.537
Particle 7 new velocities: 19.7139, 47.4904
42.1477, 94.2341
90.6533, 133.717
Particle 8 new velocities: 31.5084, 94.08
89.0956, 113.472
124.104, 161.312
Particle 9 new velocities: 16.2258, 42.1495
34.7989, 73.1636
89.4984, 160.373
Particle 10 new velocities: 19.092, 46.2699
45.9423, 77.2982
66.7896, 172.207
Particle 11 new velocities: 41.2354, 59.3969
69.7812, 127.192
105.694, 231.68
Particle 12 new velocities: 23.2682, 47.9973
56.1092, 67.7486
134.558, 294.584
Particle 13 new velocities: 30.4652, 58.35
66.6506, 115.367
130.826, 265.941
Particle 14 new velocities: 49.8321, 90.3385
96.5008, 173.277
195.867, -4.11801
Particle 15 new velocities: 38.7739, 83.3887
136.943, 107.532
178.967, 79.9163
Particle 16 new velocities: 32.8131, 95.8821
98.1765, 148.427
132.234, 298.346
Particle 17 new velocities: 25.6426, 70.3053
60.3144, 104.885
123.807, 205.733
Particle 18 new velocities: 171.356, 158.837
223.403, 434.19
307.083, 305.387
Particle 19 new velocities: 18.8512, 42.8353
62.8956, 91.0005
89.5231, 142.92
Particle 20 new velocities: 40.2021, 81.221
92.7389, 111.56
146.116, 182.497
-- ITERATION 14 --
-------------
Particle: 1:
Relays Coordinates:
56.3616, 105.497
115.944, 193.843
191.764, 328.05
Evaluation Time: 0.206285 seconds
Resulting Fitness: 0.489138
-------------
Particle: 2:
Relays Coordinates:
61.392, 131.705
147.634, 250.666
262.553, 223.524
Evaluation Time: 0.136636 seconds
Resulting Fitness: 0.490044
-------------
Particle: 3:
Relays Coordinates:
81.8844, 63.6375
185.18, 219.342
211.629, 124.59
Evaluation Time: 0.16809 seconds
Resulting Fitness: 0.42263
-------------
Particle: 4:
Relays Coordinates:
60.7157, 130.363
138.711, 226.225
241.343, 171.373
Evaluation Time: 0.135207 seconds
Resulting Fitness: 0.423076
-------------
Particle: 5:
Relays Coordinates:
61.1492, 124.329
163.193, 223.675
261.521, 318.956
Evaluation Time: 0.115466 seconds
Resulting Fitness: 0.509003
-------------
Particle: 6:
Relays Coordinates:
35.7041, 83.3185
128.491, 200.851
136.746, 295.245
Evaluation Time: 0.101167 seconds
Resulting Fitness: 0.408159
-------------
Particle: 7:
Relays Coordinates:
52.3577, 131.198
131.926, 232.824
253.605, 278.104
Evaluation Time: 0.0484819 seconds
Resulting Fitness: 0.503065
-------------
Particle: 8:
Relays Coordinates:
59.4113, 142.271
153.806, 195.139
237.4, 316.579
Evaluation Time: 0.0476671 seconds
Resulting Fitness: 0.50067
-------------
Particle: 9:
Relays Coordinates:
60.002, 128.241
126.702, 230.764
251.787, 318.847
Evaluation Time: 0.060192 seconds
Resulting Fitness: 0.505958
-------------
Particle: 10:
Relays Coordinates:
62.8462, 131.712
146.618, 243.323
248.065, 315.788
Evaluation Time: 0.0543762 seconds
Resulting Fitness: 0.50823
-------------
Particle: 11:
Relays Coordinates:
51.3598, 121.243
135.32, 235.342
228.154, 300.915
Evaluation Time: 0.0522503 seconds
Resulting Fitness: 0.501061
-------------
Particle: 12:
Relays Coordinates:
53.9564, 108.789
129.829, 176.74
247.56, 253.786
Evaluation Time: 0.0570947 seconds
Resulting Fitness: 0.491394
-------------
Particle: 13:
Relays Coordinates:
53.4101, 123.493
144.776, 221.458
254.669, 323.954
Evaluation Time: 0.112863 seconds
Resulting Fitness: 0.503387
-------------
Particle: 14:
Relays Coordinates:
58.5345, 114.995
123.7, 212.544
242.35, 139.026
Evaluation Time: 0.128644 seconds
Resulting Fitness: 0.391276
-------------
Particle: 15:
Relays Coordinates:
62.5311, 132.237
173.667, 185.949
260.363, 246.143
Evaluation Time: 0.10768 seconds
Resulting Fitness: 0.486277
-------------
Particle: 16:
Relays Coordinates:
54.7075, 128.811
138.946, 230.774
193.845, 290.887
Evaluation Time: 0.061836 seconds
Resulting Fitness: 0.490784
-------------
Particle: 17:
Relays Coordinates:
60.1715, 130.079
138.444, 227.188
255.29, 323.824
Evaluation Time: 0.0486424 seconds
Resulting Fitness: 0.50362
-------------
Particle: 18:
Relays Coordinates:
106.952, 100.667
130.743, 193.71
166.279, 174.401
Evaluation Time: 0.0602003 seconds
Resulting Fitness: 0.363573
-------------
Particle: 19:
Relays Coordinates:
58.5383, 127.333
159.363, 236.737
248.581, 354.066
Evaluation Time: 0.079215 seconds
Resulting Fitness: 0.513373
-------------
Particle: 20:
Relays Coordinates:
62.8951, 128.236
131.359, 211.29
232.726, 294.615
Evaluation Time: 0.0795248 seconds
Resulting Fitness: 0.495074
Current global best fitness: 0.519512
Current global best relays: 66.0148, 139.287
155.908, 247.502
269.37, 351.325
Particle 1 new velocities: 32.1242, 60.1515
61.6514, 145.414
71.4302, 4.12391
Particle 2 new velocities: 23.8448, 56.7323
73.5903, 96.6866
126.006, 66.8269
Particle 3 new velocities: 46.3083, 145.729
107.815, 182.645
181.584, 375.091
Particle 4 new velocities: 33.9917, 76.3869
70.7283, 78.9023
128.706, 352.99
Particle 5 new velocities: 38.0059, 57.9841
64.4282, 127.774
130.436, 187.464
Particle 6 new velocities: 15.0746, 76.0967
92.0823, 172.526
183.147, 79.2005
Particle 7 new velocities: 31.287, 53.7499
83.2385, 98.9585
84.4702, 87.4652
Particle 8 new velocities: 29.8034, 63.8828
67.2357, 188.868
118.162, 146.774
Particle 9 new velocities: 16.2907, 46.8755
51.5438, 110.062
80.7477, 125.683
Particle 10 new velocities: 23.1948, 49.0967
52.0917, 68.0511
62.5414, 223.83
Particle 11 new velocities: 42.5115, 61.6545
69.6709, 114.522
86.4147, 265.28
Particle 12 new velocities: 25.7429, 69.0623
141.704, 108.579
149.636, 311.199
Particle 13 new velocities: 30.1684, 66.7383
68.1828, 130.371
131.134, 230.137
Particle 14 new velocities: 41.3852, 92.2877
130.038, 161.662
171.386, 348.774
Particle 15 new velocities: 37.0126, 84.1869
89.4768, 188.711
156.786, 284.591
Particle 16 new velocities: 41.7077, 90.1472
98.3724, 116.872
151.133, 340.195
Particle 17 new velocities: 33.9377, 69.7764
105.551, 124.594
145.887, 161.7
Particle 18 new velocities: 185.118, 164.255
185.618, 101.514
238.308, 266.392
Particle 19 new velocities: 24.0273, 46.6189
48.436, 90.8286
75.0063, 90.0847
Particle 20 new velocities: 36.5238, 77.7092
89.4137, 162.41
128.255, 164.937
-- ITERATION 15 --
-------------
Particle: 1:
Relays Coordinates:
64.5062, 120.758
129.467, 247.318
191.868, 242.155
Evaluation Time: 0.149642 seconds
Resulting Fitness: 0.466018
-------------
Particle: 2:
Relays Coordinates:
62.1376, 137.371
161.272, 253.22
283.26, 211.666
Evaluation Time: 0.209612 seconds
Resulting Fitness: 0.491402
-------------
Particle: 3:
Relays Coordinates:
75.6965, 123.629
173.01, 237.369
232.189, 295.057
Evaluation Time: 0.149306 seconds
Resulting Fitness: 0.499346
New local best!
-------------
Particle: 4:
Relays Coordinates:
55.9238, 122.084
123.672, 180.175
218.51, 295.245
Evaluation Time: 0.109562 seconds
Resulting Fitness: 0.49527
-------------
Particle: 5:
Relays Coordinates:
65.0557, 119.616
149.342, 230.586
257.163, 328.05
Evaluation Time: 0.0899644 seconds
Resulting Fitness: 0.507808
-------------
Particle: 6:
Relays Coordinates:
26.9859, 84.7198
117.222, 198.428
170.004, 198.996
Evaluation Time: 0.0533564 seconds
Resulting Fitness: 0.362887
-------------
Particle: 7:
Relays Coordinates:
60.977, 134.827
156.855, 241.87
246.457, 266.5
Evaluation Time: 0.0455997 seconds
Resulting Fitness: 0.500602
-------------
Particle: 8:
Relays Coordinates:
58.5338, 135.258
145.025, 251.947
233.284, 304.006
Evaluation Time: 0.06302 seconds
Resulting Fitness: 0.50667
New local best!
-------------
Particle: 9:
Relays Coordinates:
55.6174, 127.66
129.941, 248.462
242.418, 324.063
Evaluation Time: 0.102331 seconds
Resulting Fitness: 0.509991
-------------
Particle: 10:
Relays Coordinates:
56.4516, 118.629
130.373, 204.292
203.789, 328.05
Evaluation Time: 0.0655464 seconds
Resulting Fitness: 0.501076
-------------
Particle: 11:
Relays Coordinates:
68.4322, 133.332
149.438, 255.051
229.321, 364.5
Evaluation Time: 0.0634042 seconds
Resulting Fitness: 0.516119
New local best!
-------------
Particle: 12:
Relays Coordinates:
47.0617, 105.019
160.337, 168.478
234.54, 295.245
Evaluation Time: 0.0481813 seconds
Resulting Fitness: 0.494329
-------------
Particle: 13:
Relays Coordinates:
54.8359, 124.811
139.722, 230.835
253.125, 328.05
Evaluation Time: 0.116381 seconds
Resulting Fitness: 0.505832
-------------
Particle: 14:
Relays Coordinates:
65.5573, 135.998
166.477, 245.517
271.452, 320.046
Evaluation Time: 0.146819 seconds
Resulting Fitness: 0.51833
New local best!
-------------
Particle: 15:
Relays Coordinates:
58.7795, 127.796
155.384, 221.233
246.322, 295.245
Evaluation Time: 0.0997721 seconds
Resulting Fitness: 0.503896
-------------
Particle: 16:
Relays Coordinates:
56.9322, 129.293
140.134, 205.282
203.706, 295.245
Evaluation Time: 0.0754055 seconds
Resulting Fitness: 0.487896
-------------
Particle: 17:
Relays Coordinates:
61.745, 131.125
160.085, 230.804
263.212, 318.552
Evaluation Time: 0.142402 seconds
Resulting Fitness: 0.510343
-------------
Particle: 18:
Relays Coordinates:
113.154, 102.636
122.565, 114.376
156.746, 170.772
Evaluation Time: 0.161181 seconds
Resulting Fitness: 0.349996
-------------
Particle: 19:
Relays Coordinates:
60.1904, 126.811
151.485, 238.795
235.895, 323.786
Evaluation Time: 0.217393 seconds
Resulting Fitness: 0.508754
-------------
Particle: 20:
Relays Coordinates:
65.2287, 135.121
144.849, 245.184
236.84, 301.512
Evaluation Time: 0.281311 seconds
Resulting Fitness: 0.506769
Current global best fitness: 0.519512
Current global best relays: 66.0148, 139.287
155.908, 247.502
269.37, 351.325
Particle 1 new velocities: 28.0679, 55.3164
95.2022, 108.622
146.248, 112.126
Particle 2 new velocities: 22.551, 47.3103
39.3803, 83.645
84.225, 78.656
Particle 3 new velocities: 35.7729, 127.93
66.879, 149.474
164.485, 334.081
Particle 4 new velocities: 32.5449, 77.9063
63.2266, 142.835
99.7275, 15.8252
Particle 5 new velocities: 31.8697, 59.7884
68.952, 121.55
123.809, -2.23838
Particle 6 new velocities: 24.8883, 120.609
129.414, 148.07
268.354, 251.866
Particle 7 new velocities: 24.4692, 57.9454
49.1289, 86.8546
89.5332, 94.4466
Particle 8 new velocities: 27.6097, 52.5994
57.1183, 149.541
127.123, 118.551
Particle 9 new velocities: 39.6345, 44.1656
52.3474, 87.4946
87.9955, 114.685
Particle 10 new velocities: 31.7226, 79.6912
85.4201, 76.9186
138.569, 54.1556
Particle 11 new velocities: 32.7388, 53.4415
63.8712, 83.9201
98.2157, -12.5049
Particle 12 new velocities: 37.5097, 92.4527
116.638, 202.433
251.27, -21.3658
Particle 13 new velocities: 20.5206, 56.5676
83.4314, 122.486
139.596, -0.789888
Particle 14 new velocities: 33.2338, 73.8325
93.6467, 129.941
135.412, 314.415
Particle 15 new velocities: 43.3818, 82.9412
72.3639, 194.466
143.899, 101.806
Particle 16 new velocities: 48.4736, 76.4239
107.22, 111.141
201.662, 81.208
Particle 17 new velocities: 43.4486, 61.2582
86.975, 112.538
130.662, 165.996
Particle 18 new velocities: 159.027, 161.134
197.35, 441.666
218.257, 167.219
Particle 19 new velocities: 29.4636, 53.345
51.6673, 80.4657
103.197, 74.7162
Particle 20 new velocities: 30.231, 63.3523
65.6209, 131.968
125.764, 210.01
-- ITERATION 16 --
-------------
Particle: 1:
Relays Coordinates:
60.7378, 115.522
147.406, 233.532
221.838, 232.443
Evaluation Time: 0.152168 seconds
Resulting Fitness: 0.472465
-------------
Particle: 2:
Relays Coordinates:
61.738, 134.633
146.276, 245.575
267.896, 211.644
Evaluation Time: 0.100702 seconds
Resulting Fitness: 0.47693
-------------
Particle: 3:
Relays Coordinates:
59.2394, 133.689
127.487, 205.584
210.808, 265.721
Evaluation Time: 0.0936193 seconds
Resulting Fitness: 0.479647
-------------
Particle: 4:
Relays Coordinates:
58.0443, 131.214
122.624, 211.927
208.796, 204.093
Evaluation Time: 0.0907588 seconds
Resulting Fitness: 0.422231
-------------
Particle: 5:
Relays Coordinates:
70.6586, 130.786
159.136, 256.707
277.728, 237.517
Evaluation Time: 0.06801 seconds
Resulting Fitness: 0.501391
-------------
Particle: 6:
Relays Coordinates:
30.6312, 121.245
145.636, 204.604
258.846, 266.229
Evaluation Time: 0.0472297 seconds
Resulting Fitness: 0.498529
-------------
Particle: 7:
Relays Coordinates:
62.2903, 140.531
150.162, 239.64
244.937, 263.13
Evaluation Time: 0.0510423 seconds
Resulting Fitness: 0.49997
-------------
Particle: 8:
Relays Coordinates:
50.8669, 110.928
119.364, 237.074
212.817, 249.515
Evaluation Time: 0.068089 seconds
Resulting Fitness: 0.482356
-------------
Particle: 9:
Relays Coordinates:
69.4387, 125.261
132.888, 244.912
240.871, 319.847
Evaluation Time: 0.095787 seconds
Resulting Fitness: 0.506677
-------------
Particle: 10:
Relays Coordinates:
57.8511, 130.118
141.582, 184.502
224.621, 250.765
Evaluation Time: 0.0666036 seconds
Resulting Fitness: 0.473123
-------------
Particle: 11:
Relays Coordinates:
73.7537, 136.158
155.503, 247.11
238.774, 256.604
Evaluation Time: 0.0814402 seconds
Resulting Fitness: 0.496452
-------------
Particle: 12:
Relays Coordinates:
49.9386, 116.605
163.551, 219.019
286.866, 161.723
Evaluation Time: 0.0497206 seconds
Resulting Fitness: 0.457746
-------------
Particle: 13:
Relays Coordinates:
49.4414, 119.003
146.411, 231.814
257.665, 214.715
Evaluation Time: 0.0505843 seconds
Resulting Fitness: 0.471224
-------------
Particle: 14:
Relays Coordinates:
64.8168, 137.67
170.667, 246.338
266.943, 328.05
Evaluation Time: 0.0411731 seconds
Resulting Fitness: 0.515744
-------------
Particle: 15:
Relays Coordinates:
60.3252, 124.438
134.483, 245.466
230.422, 234.455
Evaluation Time: 0.0304595 seconds
Resulting Fitness: 0.480583
-------------
Particle: 16:
Relays Coordinates:
69.1567, 134.971
162.289, 207.605
265.962, 246.991
Evaluation Time: 0.0285242 seconds
Resulting Fitness: 0.487315
-------------
Particle: 17:
Relays Coordinates:
69.0175, 126.223
162.096, 225.267
258.421, 317.912
Evaluation Time: 0.0281461 seconds
Resulting Fitness: 0.506857
-------------
Particle: 18:
Relays Coordinates:
105.449, 102.19
123.942, 193.71
145.284, 130.944
Evaluation Time: 0.0270101 seconds
Resulting Fitness: 0.347608
-------------
Particle: 19:
Relays Coordinates:
65.3577, 131.334
148.098, 232.741
247.198, 290.508
Evaluation Time: 0.0387323 seconds
Resulting Fitness: 0.503707
-------------
Particle: 20:
Relays Coordinates:
62.6311, 130.218
138.089, 247.45
237.905, 328.05
Evaluation Time: 0.0388071 seconds
Resulting Fitness: 0.510056
New local best!
Current global best fitness: 0.519512
Current global best relays: 66.0148, 139.287
155.908, 247.502
269.37, 351.325
Particle 1 new velocities: 40.2683, 82.2145
87.0858, 87.4081
144.348, 234.529
Particle 2 new velocities: 20.9049, 40.8406
43.8912, 79.4967
70.0905, 298.221
Particle 3 new velocities: 52.8636, 89.2579
135.225, 184.271
198.943, 118.189
Particle 4 new velocities: 34.4522, 64.5468
89.1072, 81.8148
150.978, 122.463
Particle 5 new velocities: 16.6027, 57.876
64.6498, 82.3801
92.6034, 185.089
Particle 6 new velocities: 19.0022, 93.467
104.601, 125.763
135.278, 363.958
Particle 7 new velocities: 10.3803, 48.4463
38.913, 98.5297
102.38, 87.7376
Particle 8 new velocities: 41.0449, 103.382
73.0289, 140.985
138.367, 144.765
Particle 9 new velocities: 26.4741, 61.9121
70.075, 71.9827
92.218, 86.0309
Particle 10 new velocities: 38.9748, 73.5007
99.7165, 202.255
197.599, 271.134
Particle 11 new velocities: 17.3445, 43.7955
42.0407, 70.7311
97.4463, 124.62
Particle 12 new velocities: 51.6858, 101.607
99.3785, 150.805
201.161, 228.807
Particle 13 new velocities: 22.716, 69.8562
80.4939, 104.141
137.037, 133.185
Particle 14 new velocities: 27.4338, 59.6618
71.3372, 104.254
116.763, 1.80729
Particle 15 new velocities: 43.7646, 84.0399
121.272, 156.711
160.259, 242.053
Particle 16 new velocities: 37.2086, 61.1708
73.7818, 133.969
145.074, 129.171
Particle 17 new velocities: 38.5996, 57.1447
70.0388, 148.56
125.811, 134.233
Particle 18 new velocities: 94.751, 206.657
260.395, 130.197
327.944, 84.2026
Particle 19 new velocities: 25.0342, 45.1975
64.5823, 87.6898
92.7421, 120.119
Particle 20 new velocities: 26.8708, 59.1834
61.7962, 105.602
101.731, 16.1966
-- ITERATION 17 --
-------------
Particle: 1:
Relays Coordinates:
66.2701, 129.735
153.85, 210.569
240.255, 306.38
Evaluation Time: 0.0498215 seconds
Resulting Fitness: 0.50335
-------------
Particle: 2:
Relays Coordinates:
54.2221, 115.128
124.769, 213.279
221.753, 328.05
Evaluation Time: 0.0509409 seconds
Resulting Fitness: 0.502464
-------------
Particle: 3:
Relays Coordinates:
66.1957, 131.648
155.129, 230.206
241.954, 226.695
Evaluation Time: 0.0390655 seconds
Resulting Fitness: 0.471981
-------------
Particle: 4:
Relays Coordinates:
60.6869, 128.438
138.917, 192.724
236.048, 214.254
Evaluation Time: 0.04078 seconds
Resulting Fitness: 0.464034
-------------
Particle: 5:
Relays Coordinates:
63.6134, 137.534
163.14, 247.194
269.972, 308.079
Evaluation Time: 0.0433412 seconds
Resulting Fitness: 0.517526
New local best!
-------------
Particle: 6:
Relays Coordinates:
32.5644, 140.872
164.18, 216.754
258.585, 328.05
Evaluation Time: 0.0488079 seconds
Resulting Fitness: 0.506523
New local best!
-------------
Particle: 7:
Relays Coordinates:
52.9769, 137.765
137.836, 246.526
253.194, 255.782
Evaluation Time: 0.047857 seconds
Resulting Fitness: 0.502165
-------------
Particle: 8:
Relays Coordinates:
60.3033, 140.609
126.229, 248.045
230.412, 258.687
Evaluation Time: 0.0470529 seconds
Resulting Fitness: 0.491849
-------------
Particle: 9:
Relays Coordinates:
69.9204, 136.449
147.96, 231.017
242.822, 295.885
Evaluation Time: 0.0515415 seconds
Resulting Fitness: 0.500945
-------------
Particle: 10:
Relays Coordinates:
63.5274, 133.594
158.316, 253.751
277.018, 328.05
Evaluation Time: 0.0940728 seconds
Resulting Fitness: 0.519101
New local best!
-------------
Particle: 11:
Relays Coordinates:
66.4106, 131.186
144.009, 231.706
245.105, 277.912
Evaluation Time: 0.183299 seconds
Resulting Fitness: 0.497483
-------------
Particle: 12:
Relays Coordinates:
60.0082, 128.852
155.257, 218.377
288.175, 230.604
Evaluation Time: 0.125793 seconds
Resulting Fitness: 0.494344
-------------
Particle: 13:
Relays Coordinates:
47.3424, 123.91
148.872, 220.42
258.964, 228.257
Evaluation Time: 0.0745893 seconds
Resulting Fitness: 0.485438
-------------
Particle: 14:
Relays Coordinates:
60.5256, 129.469
158.779, 230.023
251.75, 216.419
Evaluation Time: 0.0657985 seconds
Resulting Fitness: 0.470128
-------------
Particle: 15:
Relays Coordinates:
61.464, 123.104
151.021, 237.482
230.693, 281.373
Evaluation Time: 0.184378 seconds
Resulting Fitness: 0.499904
-------------
Particle: 16:
Relays Coordinates:
69.7863, 128.688
154.886, 224.107
269.68, 246.8
Evaluation Time: 0.2151 seconds
Resulting Fitness: 0.492364
-------------
Particle: 17:
Relays Coordinates:
70.6076, 120.307
152.304, 245.268
252.094, 296.652
Evaluation Time: 0.147574 seconds
Resulting Fitness: 0.510168
-------------
Particle: 18:
Relays Coordinates:
77.5614, 119.654
148.9, 125.488
183.338, 83.3524
Evaluation Time: 0.205198 seconds
Resulting Fitness: 0.330881
-------------
Particle: 19:
Relays Coordinates:
65.8957, 128.691
155.044, 233.594
247.817, 299.347
Evaluation Time: 0.118719 seconds
Resulting Fitness: 0.504874
-------------
Particle: 20:
Relays Coordinates:
65.2469, 138.074
145.716, 257.375
247.594, 250.956
Evaluation Time: 0.0993877 seconds
Resulting Fitness: 0.500287
Current global best fitness: 0.519512
Current global best relays: 66.0148, 139.287
155.908, 247.502
269.37, 351.325
Particle 1 new velocities: 33.7564, 68.6837
66.0986, 107.038
147.045, 194.214
Particle 2 new velocities: 34.2845, 64.3665
76.2012, 136.206
133.771, 16.8537
Particle 3 new velocities: 57.6618, 78.3085
110.383, 168.435
175.557, 210.955
Particle 4 new velocities: 27.8981, 67.1299
54.4542, 99.4424
100.249, 160.156
Particle 5 new velocities: 14.988, 47.208
48.7329, 66.2667
73.8076, 199.475
Particle 6 new velocities: 25.7852, 72.8112
81.9386, 105.936
119.686, 24.294
Particle 7 new velocities: 9.45902, 42.7821
46.0491, 85.6205
104.253, 174.82
Particle 8 new velocities: 32.6142, 77.4333
79.9266, 119.252
119.733, 181.47
Particle 9 new velocities: 16.6252, 49.7271
57.0564, 67.7369
79.0318, 82.1266
Particle 10 new velocities: 31.5252, 63.2605
78.5983, 156.264
157.639, 23.3483
Particle 11 new velocities: 14.7499, 39.0046
46.0911, 86.1469
75.3578, 138.086
Particle 12 new velocities: 49.1602, 90.2043
97.0039, 103.371
167.648, 198.058
Particle 13 new velocities: 26.6794, 81.4738
69.2394, 102.886
149.134, 284.3
Particle 14 new velocities: 32.5156, 62.3951
66.1918, 94.3458
118.776, 283.3
Particle 15 new velocities: 44.8411, 100.403
105.475, 147.806
148.97, 228.788
Particle 16 new velocities: 22.2783, 62.1343
58.4584, 118.463
34.1286, 206.943
Particle 17 new velocities: 33.0403, 69.526
57.9524, 119.924
124.485, 113.345
Particle 18 new velocities: 84.7198, 185.353
220.53, 223.572
225.262, 246.489
Particle 19 new velocities: 20.0424, 44.2103
54.585, 75.6301
126.946, 125.085
Particle 20 new velocities: 17.6389, 39.3995
44.2062, 66.0453
89.6947, 246.408
-- ITERATION 18 --
-------------
Particle: 1:
Relays Coordinates:
59.0647, 117.164
129.877, 187.544
228.696, 295.245
Evaluation Time: 0.0838697 seconds
Resulting Fitness: 0.492857
-------------
Particle: 2:
Relays Coordinates:
64.5212, 130.852
146.507, 254.775
259.177, 251.435
Evaluation Time: 0.088798 seconds
Resulting Fitness: 0.497852
-------------
Particle: 3:
Relays Coordinates:
73.1366, 123.977
156.782, 235.393
246.536, 258.428
Evaluation Time: 0.102853 seconds
Resulting Fitness: 0.498898
-------------
Particle: 4:
Relays Coordinates:
58.1207, 128.312
126.871, 191.69
220.645, 245.65
Evaluation Time: 0.0976757 seconds
Resulting Fitness: 0.471654
-------------
Particle: 5:
Relays Coordinates:
51.5704, 121.209
139.01, 205.662
225.554, 328.05
Evaluation Time: 0.0972866 seconds
Resulting Fitness: 0.502439
-------------
Particle: 6:
Relays Coordinates:
38.2832, 140.198
161.479, 211.716
248.184, 231.173
Evaluation Time: 0.0625484 seconds
Resulting Fitness: 0.477818
-------------
Particle: 7:
Relays Coordinates:
45.5158, 131.618
134.052, 242.135
260.579, 313.909
Evaluation Time: 0.0421991 seconds
Resulting Fitness: 0.508026
New local best!
-------------
Particle: 8:
Relays Coordinates:
54.8668, 128.752
121.733, 216.885
206.757, 259.908
Evaluation Time: 0.0473459 seconds
Resulting Fitness: 0.482088
-------------
Particle: 9:
Relays Coordinates:
63.0918, 135.722
149.457, 217.791
234.631, 275.571
Evaluation Time: 0.0804374 seconds
Resulting Fitness: 0.493443
-------------
Particle: 10:
Relays Coordinates:
56.1276, 116.241
139.896, 242.11
256.661, 207.497
Evaluation Time: 0.0379493 seconds
Resulting Fitness: 0.466278
-------------
Particle: 11:
Relays Coordinates:
65.74, 137.855
153.981, 257.461
259.575, 336.959
Evaluation Time: 0.0448119 seconds
Resulting Fitness: 0.516438
New local best!
-------------
Particle: 12:
Relays Coordinates:
64.4628, 129.351
148.958, 189.989
269.159, 253.121
Evaluation Time: 0.0396944 seconds
Resulting Fitness: 0.492056
-------------
Particle: 13:
Relays Coordinates:
43.7091, 121.277
128.793, 190.909
240.978, 295.245
Evaluation Time: 0.0423914 seconds
Resulting Fitness: 0.495477
-------------
Particle: 14:
Relays Coordinates:
61.0443, 125.882
147.604, 212.818
243.102, 327.866
Evaluation Time: 0.0446994 seconds
Resulting Fitness: 0.505382
-------------
Particle: 15:
Relays Coordinates:
62.7721, 131.979
151.458, 227.509
224.187, 295.245
Evaluation Time: 0.051672 seconds
Resulting Fitness: 0.498994
-------------
Particle: 16:
Relays Coordinates:
67.1151, 139.11
155.528, 249.733
221.477, 330.778
Evaluation Time: 0.0545047 seconds
Resulting Fitness: 0.510184
New local best!
-------------
Particle: 17:
Relays Coordinates:
68.0034, 124.55
137.949, 239.602
247.073, 268.999
Evaluation Time: 0.0670728 seconds
Resulting Fitness: 0.497469
-------------
Particle: 18:
Relays Coordinates:
69.8567, 131.295
159.027, 150.259
175.889, 141.986
Evaluation Time: 0.100144 seconds
Resulting Fitness: 0.353828
-------------
Particle: 19:
Relays Coordinates:
62.6489, 126.045
152.82, 225.425
273.202, 309.411
Evaluation Time: 0.120806 seconds
Resulting Fitness: 0.507933
-------------
Particle: 20:
Relays Coordinates:
54.3814, 116.44
124.608, 212.196
221.295, 326.32
Evaluation Time: 0.116421 seconds
Resulting Fitness: 0.502299
Current global best fitness: 0.519512
Current global best relays: 66.0148, 139.287
155.908, 247.502
269.37, 351.325
Particle 1 new velocities: 43.359, 75.7594
78.178, 153.325
143.035, 62.1192
Particle 2 new velocities: 27.6807, 54.2569
73.9607, 116.226
120.456, 83.5761
Particle 3 new velocities: 41.3096, 66.3578
89.8166, 151.962
136.807, 180.561
Particle 4 new velocities: 22.3691, 67.1431
34.3988, 117.377
100.692, 211.527
Particle 5 new velocities: 20.0134, 74.7042
78.8801, 128.667
155.221, 14.9942
Particle 6 new velocities: 34.2961, 58.7588
63.4823, 103.025
97.4904, 209.617
Particle 7 new velocities: 29.4133, 43.9792
52.9587, 71.8875
88.195, 166.447
Particle 8 new velocities: 29.7896, 69.8178
83.4481, 136.2
185.133, 190.608
Particle 9 new velocities: 20.8417, 45.5324
35.7056, 98.854
85.0418, 165.101
Particle 10 new velocities: 34.3811, 75.5357
74.8908, 141.221
157.93, 233.997
Particle 11 new velocities: 12.0253, 31.7066
38.5664, 68.0131
63.7668, 124.703
Particle 12 new velocities: 41.2488, 73.157
88.7426, 85.2006
187.207, 258.861
Particle 13 new velocities: 47.2456, 86.1277
134.181, 136.493
144.807, 43.3285
Particle 14 new velocities: 33.857, 77.9409
61.2776, 82.4207
126.215, 250.105
Particle 15 new velocities: 38.933, 93.4369
87.5215, 122.999
243.908, 90.9322
Particle 16 new velocities: 17.0506, 49.937
46.8789, 93.1043
37.9665, 189.897
Particle 17 new velocities: 37.2938, 71.3013
81.2829, 102.033
158.292, 113.814
Particle 18 new velocities: 180.876, 150.47
188.657, 229.551
238.064, 316.762
Particle 19 new velocities: 20.8463, 40.0673
55.5769, 109.672
107.778, 114.169
Particle 20 new velocities: 36.0418, 47.4987
68.152, 109.445
100.974, 200.777
-- ITERATION 19 --
-------------
Particle: 1:
Relays Coordinates:
67.2001, 126.577
136.505, 223.644
243.893, 234.467
Evaluation Time: 0.111819 seconds
Resulting Fitness: 0.477271
-------------
Particle: 2:
Relays Coordinates:
60.4937, 121.45
144.649, 243.413
249.078, 219.801
Evaluation Time: 0.0907399 seconds
Resulting Fitness: 0.470634
-------------
Particle: 3:
Relays Coordinates:
67.5794, 112.391
145.614, 228.729
226.36, 259.218
Evaluation Time: 0.106338 seconds
Resulting Fitness: 0.483737
-------------
Particle: 4:
Relays Coordinates:
52.8093, 128.238
105.809, 202.779
210.829, 299.954
Evaluation Time: 0.043059 seconds
Resulting Fitness: 0.495134
-------------
Particle: 5:
Relays Coordinates:
52.1846, 142.821
158.842, 243.726
277.585, 250.079
Evaluation Time: 0.0730536 seconds
Resulting Fitness: 0.508322
-------------
Particle: 6:
Relays Coordinates:
52.9103, 145.039
163.997, 229.447
251.996, 321.336
Evaluation Time: 0.101436 seconds
Resulting Fitness: 0.507824
New local best!
-------------
Particle: 7:
Relays Coordinates:
49.161, 115.21
122.698, 206.03
228.831, 315.162
Evaluation Time: 0.116632 seconds
Resulting Fitness: 0.492974
-------------
Particle: 8:
Relays Coordinates:
55.5431, 130.281
134.619, 231.659
257.119, 295.584
Evaluation Time: 0.113718 seconds
Resulting Fitness: 0.504796
-------------
Particle: 9:
Relays Coordinates:
61.1875, 132.135
134.984, 230.834
233.042, 321.25
Evaluation Time: 0.140194 seconds
Resulting Fitness: 0.501745
-------------
Particle: 10:
Relays Coordinates:
59.3828, 125.824
140.921, 251.503
272.013, 289.665
Evaluation Time: 0.134844 seconds
Resulting Fitness: 0.514559
-------------
Particle: 11:
Relays Coordinates:
56.6908, 123.61
140.367, 237.27
235.716, 336.551
Evaluation Time: 0.108294 seconds
Resulting Fitness: 0.507675
-------------
Particle: 12:
Relays Coordinates:
50.5615, 96.8588
113.691, 131.622
218.278, 239.148
Evaluation Time: 0.0861825 seconds
Resulting Fitness: 0.47345
-------------
Particle: 13:
Relays Coordinates:
59.6754, 136.078
172.537, 214.809
253.114, 222.138
Evaluation Time: 0.0551492 seconds
Resulting Fitness: 0.47359
-------------
Particle: 14:
Relays Coordinates:
56.0383, 120.355
123.342, 174.336
218.078, 295.245
Evaluation Time: 0.046508 seconds
Resulting Fitness: 0.492135
-------------
Particle: 15:
Relays Coordinates:
60.0558, 133.106
141.115, 206.972
276.406, 228.034
Evaluation Time: 0.0443155 seconds
Resulting Fitness: 0.49089
-------------
Particle: 16:
Relays Coordinates:
61.3568, 137.815
147.555, 249.929
189.134, 364.5
Evaluation Time: 0.0487574 seconds
Resulting Fitness: 0.508715
-------------
Particle: 17:
Relays Coordinates:
69.0855, 128.498
143.838, 224.147
265.96, 251.164
Evaluation Time: 0.0439568 seconds
Resulting Fitness: 0.49339
-------------
Particle: 18:
Relays Coordinates:
97.1389, 109.162
134.7, 147.146
160.374, 177.729
Evaluation Time: 0.0564154 seconds
Resulting Fitness: 0.353951
-------------
Particle: 19:
Relays Coordinates:
60.868, 121.096
151.921, 244.286
277.734, 308.79
Evaluation Time: 0.0735915 seconds
Resulting Fitness: 0.517354
New local best!
-------------
Particle: 20:
Relays Coordinates:
59.3267, 107.56
126.47, 211.029
211.441, 328.05
Evaluation Time: 0.0493317 seconds
Resulting Fitness: 0.505257
Current global best fitness: 0.519512
Current global best relays: 66.0148, 139.287
155.908, 247.502
269.37, 351.325
Particle 1 new velocities: 35.2604, 66.8941
94.0227, 137.624
137.772, 193.338
Particle 2 new velocities: 24.682, 81.2892
63.7982, 122.275
111.644, 344.262
Particle 3 new velocities: 35.4611, 73.0359
84.3174, 137.64
142.457, 247.297
Particle 4 new velocities: 36.5969, 67.8273
81.1986, 95.8641
151.212, 197.053
Particle 5 new velocities: 27.1473, 51.1507
65.2202, 106.902
111.089, 137.488
Particle 6 new velocities: 37.8506, 46.9391
44.47, 86.9726
99.0307, 189.403
Particle 7 new velocities: 31.4784, 51.3096
60.6856, 83.8572
99.8678, 167.59
Particle 8 new velocities: 32.2278, 64.086
103.122, 137.614
116.145, 223.24
Particle 9 new velocities: 24.9343, 47.4926
49.3493, 101.131
118.19, 144.045
Particle 10 new velocities: 34.6306, 82.9452
73.8665, 111.684
124.478, 229.692
Particle 11 new velocities: 24.0339, 41.2623
49.8616, 81.1974
121.475, 101.771
Particle 12 new velocities: 48.6233, 116.603
146.553, 174.63
227.106, 142.104
Particle 13 new velocities: 34.2358, 70.5937
97.0554, 143.285
141.545, 168.094
Particle 14 new velocities: 50.3, 89.6604
109.487, 121.454
236.875, 63.6809
Particle 15 new velocities: 42.3111, 89.0737
80.5487, 163.441
185.373, 211.289
Particle 16 new velocities: 18.7985, 40.3818
48.8213, 72.9302
92.4258, -45.3671
Particle 17 new velocities: 42.8069, 62.3319
76.2234, 135.686
135.315, 197.53
Particle 18 new velocities: 201.225, 163.789
206.157, 383.591
281.72, 232.666
Particle 19 new velocities: 17.2024, 51.9887
46.201, 91.6409
79.3793, 121.102
Particle 20 new velocities: 35.6459, 65.5688
88.8231, 147.334
176.911, 26.3345
-- ITERATION 20 --
-------------
Particle: 1:
Relays Coordinates:
67.2244, 126.937
151.249, 237.028
250.41, 280.683
Evaluation Time: 0.0458694 seconds
Resulting Fitness: 0.500972
-------------
Particle: 2:
Relays Coordinates:
55.8838, 133.017
136.762, 239.928
236.669, 328.05
Evaluation Time: 0.0449253 seconds
Resulting Fitness: 0.504724
-------------
Particle: 3:
Relays Coordinates:
67.6048, 121.658
150.858, 240.375
241.981, 328.05
Evaluation Time: 0.0479523 seconds
Resulting Fitness: 0.509206
New local best!
-------------
Particle: 4:
Relays Coordinates:
47.5141, 104.197
99.3835, 158.711
192.403, 264.13
Evaluation Time: 0.0444436 seconds
Resulting Fitness: 0.476738
-------------
Particle: 5:
Relays Coordinates:
52.0497, 127.265
147.007, 230.047
255.009, 254.283
Evaluation Time: 0.0485652 seconds
Resulting Fitness: 0.499628
-------------
Particle: 6:
Relays Coordinates:
59.5482, 125.957
136.775, 207.603
230.309, 328.05
Evaluation Time: 0.0459126 seconds
Resulting Fitness: 0.500471
-------------
Particle: 7:
Relays Coordinates:
47.6167, 98.3279
108.286, 171.175
194.093, 285.06
Evaluation Time: 0.0486819 seconds
Resulting Fitness: 0.48438
-------------
Particle: 8:
Relays Coordinates:
57.5865, 127.524
155.982, 242.28
244.898, 328.05
Evaluation Time: 0.0549202 seconds
Resulting Fitness: 0.514108
New local best!
-------------
Particle: 9:
Relays Coordinates:
56.5045, 117.853
120.941, 217.802
230.443, 305.28
Evaluation Time: 0.0456841 seconds
Resulting Fitness: 0.501533
-------------
Particle: 10:
Relays Coordinates:
61.6822, 136.974
140.922, 238.287
260.138, 328.05
Evaluation Time: 0.0425148 seconds
Resulting Fitness: 0.509407
-------------
Particle: 11:
Relays Coordinates:
58.8483, 120.192
138.677, 232.163
260.392, 319.537
Evaluation Time: 0.0414991 seconds
Resulting Fitness: 0.508392
-------------
Particle: 12:
Relays Coordinates:
65.0752, 140.052
170.746, 200.932
292.216, 250.14
Evaluation Time: 0.051287 seconds
Resulting Fitness: 0.50166
-------------
Particle: 13:
Relays Coordinates:
61.6152, 135.598
176.88, 234.945
258.936, 256.031
Evaluation Time: 0.0432621 seconds
Resulting Fitness: 0.492354
-------------
Particle: 14:
Relays Coordinates:
69.7686, 137.791
152.759, 194.068
298.495, 235.491
Evaluation Time: 0.0551943 seconds
Resulting Fitness: 0.498635
-------------
Particle: 15:
Relays Coordinates:
60.4467, 131.195
130.89, 218.725
272.676, 259.416
Evaluation Time: 0.0808262 seconds
Resulting Fitness: 0.49916
-------------
Particle: 16:
Relays Coordinates:
58.4332, 129.906
143.158, 235.364
205.257, 232.648
Evaluation Time: 0.101504 seconds
Resulting Fitness: 0.462338
-------------
Particle: 17:
Relays Coordinates:
73.4126, 125.203
144.382, 236.086
263.277, 294.388
Evaluation Time: 0.152161 seconds
Resulting Fitness: 0.507291
-------------
Particle: 18:
Relays Coordinates:
104.033, 95.1721
118.85, 174.339
154.148, 143.096
Evaluation Time: 0.189983 seconds
Resulting Fitness: 0.337046
-------------
Particle: 19:
Relays Coordinates:
56.9133, 126.179
144.431, 244.89
260.336, 313.391
Evaluation Time: 0.20651 seconds
Resulting Fitness: 0.512528
-------------
Particle: 20:
Relays Coordinates:
62.3115, 113.59
141.254, 235.122
254.798, 232.512
Evaluation Time: 0.187915 seconds
Resulting Fitness: 0.490661
Simulation of the best surrogate solution results: 0.508333
Final Evaluation Time: 43.6989 seconds
Final global best fitness: 0.519512
Final global best relays:
66.0148, 139.287
155.908, 247.502
269.37, 351.325
