PSO EXECUTION
============================
Seed: 37283284
Particles: 4
Relays: 4
Iterations: 100
Backend: Hybrid
Network Configuration: 1
Area: 350 x 350
Sink: 0, 0
Simulated Relay range: 150
w: 0.8
c1: 1.2
c2: 1.8

Relay Nodes Positions: 
PARTICLE 1: 
275.329, 237.264
55.1603, 70.5482
174.729, 147.528
233.639, 291.97
PARTICLE 2: 
40.055, 81.5476
224.301, 199.151
110.853, 149.62
272.266, 314.487
PARTICLE 3: 
297.906, 295.214
186.482, 258.919
86.9459, 11.324
145.35, 123.044
PARTICLE 4: 
73.9804, 114.147
217.941, 176.875
318.999, 268.521
137.822, 75.1121
Nodes Positions: 
113.001, 64.9085
181.518, 42.4974
259.72, 235.093
5.93922, 165.152
218.843, 196.614
43.8501, 154.006
342.894, 112.562
135.299, 264.825
160.705, 129.493
320.689, 29.082
66.3196, 338.242
274.557, 21.4516
145.756, 59.7172
241.415, 100.345
295.924, 11.2715
25.1297, 240.231
266.996, 301.547
78.6802, 0.0960066
33.8658, 322.513
194.589, 80.2092
35.2156, 345.646
93.5407, 277.9
228.31, 254.557
83.905, 146.848
11.8064, 282.277
309.66, 183.221
248.038, 309.633
184.06, 331.718
155.543, 206.21
326.013, 186.774
96.357, 221.721
127.426, 135.973
333.221, 48.074
299.525, 173.964
167.55, 121.328
55.7011, 89.2967
287.293, 296.992
213.183, 218.342
201.98, 72.2107
121.839, 250.472
All particles start with velocity zero
-- ITERATION 0 --
-------------
Particle: 1:
Relays Coordinates:
275.329, 237.264
55.1603, 70.5482
174.729, 147.528
233.639, 291.97
Evaluation Time: 0.0441677 seconds
Resulting Fitness: 0.742959
New local best!
New global best!
-------------
Particle: 2:
Relays Coordinates:
40.055, 81.5476
224.301, 199.151
110.853, 149.62
272.266, 314.487
Evaluation Time: 0.0304854 seconds
Resulting Fitness: 0.740625
New local best!
-------------
Particle: 3:
Relays Coordinates:
297.906, 295.214
186.482, 258.919
86.9459, 11.324
145.35, 123.044
Evaluation Time: 0.0157668 seconds
Resulting Fitness: 0.661542
New local best!
-------------
Particle: 4:
Relays Coordinates:
73.9804, 114.147
217.941, 176.875
318.999, 268.521
137.822, 75.1121
Evaluation Time: 0.0159589 seconds
Resulting Fitness: 0.685292
New local best!
Current global best fitness: 0.742959
Current global best relays: 275.329, 237.264
55.1603, 70.5482
174.729, 147.528
233.639, 291.97
Particle 1 new velocities: 0, 0
0, 0
0, 0
0, 0
Particle 2 new velocities: 389.905, 234.813
-134.62, -101.689
114.628, -2.01549
-53.3398, -5.4395
Particle 3 new velocities: -37.571, -26.1803
-9.7529, -173.384
133.455, 123.364
108.514, 194.259
Particle 4 new velocities: 42.8459, 220.802
-99.6619, -104.342
-235.905, -161.992
107.877, 130.238
-- ITERATION 1 --
-------------
Particle: 1:
Relays Coordinates:
275.329, 237.264
55.1603, 70.5482
174.729, 147.528
233.639, 291.97
Evaluation Time: 0.017826 seconds
Resulting Fitness: 0.742959
-------------
Particle: 2:
Relays Coordinates:
350, 316.361
89.6814, 97.4617
225.481, 147.605
218.927, 309.048
Evaluation Time: 0.000155549 seconds
Resulting Fitness: 0
-------------
Particle: 3:
Relays Coordinates:
260.335, 269.034
176.729, 85.5356
220.401, 134.688
253.865, 317.303
Evaluation Time: 0.000111647 seconds
Resulting Fitness: 0
-------------
Particle: 4:
Relays Coordinates:
116.826, 334.949
118.279, 72.5322
83.0942, 106.529
245.699, 205.35
Evaluation Time: 0.000110892 seconds
Resulting Fitness: 0
Current global best fitness: 0.742959
Current global best relays: 275.329, 237.264
55.1603, 70.5482
174.729, 147.528
233.639, 291.97
Particle 1 new velocities: 0, 0
0, 0
0, 0
0, 0
Particle 2 new velocities: -289.411, 80.4911
-25.8842, -41.0892
-34.0932, -1.10002
-11.8721, -18.8249
Particle 3 new velocities: 4.06742, -34.4456
-155.905, -48.5052
-101.859, 68.8405
-37.3988, 146.707
Particle 4 new velocities: 48.8632, 71.3848
-36.4833, 0.0354823
60.9211, 11.5041
16.1719, -3.46331
-- ITERATION 2 --
-------------
Particle: 1:
Relays Coordinates:
275.329, 237.264
55.1603, 70.5482
174.729, 147.528
233.639, 291.97
Evaluation Time: 0.0298113 seconds
Resulting Fitness: 0.742959
-------------
Particle: 2:
Relays Coordinates:
60.5893, 350
63.7973, 56.3725
191.388, 146.505
207.055, 290.223
Evaluation Time: 0.000159259 seconds
Resulting Fitness: 0
-------------
Particle: 3:
Relays Coordinates:
264.403, 234.588
20.8241, 37.0305
118.543, 203.528
216.466, 350
Evaluation Time: 0.000119866 seconds
Resulting Fitness: 0
-------------
Particle: 4:
Relays Coordinates:
165.689, 350
81.7957, 72.5677
144.015, 118.033
261.871, 201.887
Evaluation Time: 0.000113646 seconds
Resulting Fitness: 0
Current global best fitness: 0.742959
Current global best relays: 275.329, 237.264
55.1603, 70.5482
174.729, 147.528
233.639, 291.97
Particle 1 new velocities: 0, 0
0, 0
0, 0
0, 0
Particle 2 new velocities: -179.741, -286.373
12.6529, -1.65905
-84.995, 1.31128
48.1098, -6.63077
Particle 3 new velocities: 21.9022, -20.1567
77.9543, 38.0898
2.21462, -160.32
-59.4271, -269.071
Particle 4 new velocities: -47.3814, -319.39
73.4703, 116.17
78.0772, 187.235
-25.3003, 5.6634
-- ITERATION 3 --
-------------
Particle: 1:
Relays Coordinates:
275.329, 237.264
55.1603, 70.5482
174.729, 147.528
233.639, 291.97
Evaluation Time: 0.0154776 seconds
Resulting Fitness: 0.742959
-------------
Particle: 2:
Relays Coordinates:
0, 63.6274
76.4501, 54.7134
106.392, 147.816
255.164, 283.592
Evaluation Time: 0.00014764 seconds
Resulting Fitness: 0
-------------
Particle: 3:
Relays Coordinates:
286.305, 214.432
98.7783, 75.1203
120.757, 43.2085
157.039, 80.9286
Evaluation Time: 0.000116531 seconds
Resulting Fitness: 0
-------------
Particle: 4:
Relays Coordinates:
118.308, 30.6103
155.266, 188.738
222.093, 305.268
236.571, 207.55
Evaluation Time: 0.000112694 seconds
Resulting Fitness: 0
Current global best fitness: 0.742959
Current global best relays: 275.329, 237.264
55.1603, 70.5482
174.729, 147.528
233.639, 291.97
Particle 1 new velocities: 0, 0
0, 0
0, 0
0, 0
Particle 2 new velocities: 142.195, 66.8516
-6.47055, 121.719
-31.9488, 2.10679
46.4794, 23.5522
Particle 3 new velocities: 19.8641, 41.0628
26.0625, 153.659
17.2905, -46.8851
23.3357, -168.771
Particle 4 new velocities: 155.514, -196.206
-9.40243, -107.948
50.6946, -60.8091
-103.123, 47.085
-- ITERATION 4 --
-------------
Particle: 1:
Relays Coordinates:
275.329, 237.264
55.1603, 70.5482
174.729, 147.528
233.639, 291.97
Evaluation Time: 0.0156599 seconds
Resulting Fitness: 0.742959
-------------
Particle: 2:
Relays Coordinates:
142.195, 130.479
69.9796, 176.433
74.4436, 149.923
301.644, 307.144
Evaluation Time: 0.000140845 seconds
Resulting Fitness: 0
-------------
Particle: 3:
Relays Coordinates:
306.169, 255.494
124.841, 228.779
138.048, 0
180.375, 0
Evaluation Time: 0.000113642 seconds
Resulting Fitness: 0
-------------
Particle: 4:
Relays Coordinates:
273.822, 0
145.864, 80.7893
272.787, 244.459
133.448, 254.635
Evaluation Time: 0.000108811 seconds
Resulting Fitness: 0
Current global best fitness: 0.742959
Current global best relays: 275.329, 237.264
55.1603, 70.5482
174.729, 147.528
233.639, 291.97
Particle 1 new velocities: 0, 0
0, 0
0, 0
0, 0
Particle 2 new velocities: 189.651, 58.0159
45.6563, -18.8526
45.3421, 1.00285
-21.9153, 22.0848
Particle 3 new velocities: -40.2413, 26.5043
4.37957, 100.121
35.9058, 199.498
51.097, 438.842
Particle 4 new velocities: 7.52895, 407.864
-121.207, -4.59548
-75.9224, -214.529
43.2647, 77.1627
-- ITERATION 5 --
-------------
Particle: 1:
Relays Coordinates:
275.329, 237.264
55.1603, 70.5482
174.729, 147.528
233.639, 291.97
Evaluation Time: 0.0153445 seconds
Resulting Fitness: 0.742959
-------------
Particle: 2:
Relays Coordinates:
331.846, 188.495
115.636, 157.58
119.786, 150.925
279.728, 329.229
Evaluation Time: 0.000327291 seconds
Resulting Fitness: 0
-------------
Particle: 3:
Relays Coordinates:
265.928, 281.999
129.22, 328.9
173.954, 199.498
231.472, 350
Evaluation Time: 0.000119961 seconds
Resulting Fitness: 0
-------------
Particle: 4:
Relays Coordinates:
281.351, 350
24.6566, 76.1938
196.865, 29.9297
176.712, 331.798
Evaluation Time: 0.000129172 seconds
Resulting Fitness: 0
Current global best fitness: 0.742959
Current global best relays: 275.329, 237.264
55.1603, 70.5482
174.729, 147.528
233.639, 291.97
Particle 1 new velocities: 0, 0
0, 0
0, 0
0, 0
Particle 2 new velocities: -241.033, 25.6925
39.1846, -97.4928
117.092, -4.27866
-95.2461, -40.2218
Particle 3 new velocities: 4.149, -50.8138
-23.52, -386.994
18.203, -82.3115
-50.1889, -195.975
Particle 4 new velocities: -163.21, -337.907
154.995, 36.2508
48.6511, 264.891
11.9334, 33.6119
-- ITERATION 6 --
-------------
Particle: 1:
Relays Coordinates:
275.329, 237.264
55.1603, 70.5482
174.729, 147.528
233.639, 291.97
Evaluation Time: 0.014622 seconds
Resulting Fitness: 0.742959
-------------
Particle: 2:
Relays Coordinates:
90.8128, 214.187
154.82, 60.0874
236.878, 146.647
184.482, 289.007
Evaluation Time: 0.000197074 seconds
Resulting Fitness: 0
-------------
Particle: 3:
Relays Coordinates:
270.077, 231.185
105.7, 0
192.157, 117.187
181.283, 154.025
Evaluation Time: 0.0144092 seconds
Resulting Fitness: 0.696792
New local best!
-------------
Particle: 4:
Relays Coordinates:
118.141, 12.093
179.652, 112.445
245.516, 294.821
188.646, 350
Evaluation Time: 0.000143862 seconds
Resulting Fitness: 0
Current global best fitness: 0.742959
Current global best relays: 275.329, 237.264
55.1603, 70.5482
174.729, 147.528
233.639, 291.97
Particle 1 new velocities: 0, 0
0, 0
0, 0
0, 0
Particle 2 new velocities: -105.769, -30.53
-4.70739, 49.4405
52.7836, 0.11618
41.8177, -27.8461
Particle 3 new velocities: 8.62388, -29.7437
-69.0985, 88.3331
-6.6484, -32.8229
-21.2828, 48.4515
Particle 4 new velocities: 79.4586, -94.0245
33.8786, -29.6307
-33.3542, 105.399
20.6422, -240.878
-- ITERATION 7 --
-------------
Particle: 1:
Relays Coordinates:
275.329, 237.264
55.1603, 70.5482
174.729, 147.528
233.639, 291.97
Evaluation Time: 0.0149658 seconds
Resulting Fitness: 0.742959
-------------
Particle: 2:
Relays Coordinates:
0, 183.657
150.113, 109.528
289.661, 146.763
226.3, 261.161
Evaluation Time: 0.000182087 seconds
Resulting Fitness: 0
-------------
Particle: 3:
Relays Coordinates:
278.7, 201.441
36.6019, 88.3331
185.508, 84.3638
160, 202.476
Evaluation Time: 0.0149652 seconds
Resulting Fitness: 0.7355
New local best!
-------------
Particle: 4:
Relays Coordinates:
197.6, 0
213.53, 82.8139
212.162, 350
209.288, 109.122
Evaluation Time: 0.000139419 seconds
Resulting Fitness: 0
Current global best fitness: 0.742959
Current global best relays: 275.329, 237.264
55.1603, 70.5482
174.729, 147.528
233.639, 291.97
Particle 1 new velocities: 0, 0
0, 0
0, 0
0, 0
Particle 2 new velocities: 112.423, -56.1594
-11.4387, -9.07623
-214.24, 1.98166
69.1988, 43.5191
Particle 3 new velocities: 6.09957, 40.6438
-49.1278, 56.5184
-11.2542, 57.4574
64.4725, 76.5881
Particle 4 new velocities: 100.409, 298.387
-171.989, 1.18567
-64.5839, -384.882
35.2254, -62.6965
-- ITERATION 8 --
-------------
Particle: 1:
Relays Coordinates:
275.329, 237.264
55.1603, 70.5482
174.729, 147.528
233.639, 291.97
Evaluation Time: 0.0140576 seconds
Resulting Fitness: 0.742959
-------------
Particle: 2:
Relays Coordinates:
112.423, 127.498
138.674, 100.452
75.4215, 148.745
295.499, 304.68
Evaluation Time: 0.000133684 seconds
Resulting Fitness: 0
-------------
Particle: 3:
Relays Coordinates:
284.8, 242.085
0, 144.851
174.254, 141.821
224.473, 279.064
Evaluation Time: 0.000112447 seconds
Resulting Fitness: 0
-------------
Particle: 4:
Relays Coordinates:
298.009, 298.387
41.5414, 83.9996
147.578, 0
244.513, 46.4256
Evaluation Time: 0.000121883 seconds
Resulting Fitness: 0
Current global best fitness: 0.742959
Current global best relays: 275.329, 237.264
55.1603, 70.5482
174.729, 147.528
233.639, 291.97
Particle 1 new velocities: 0, 0
0, 0
0, 0
0, 0
Particle 2 new velocities: 91.0462, -3.00779
-71.6679, 70.954
-103.48, 1.61274
-36.6149, 28.5878
Particle 3 new velocities: -13.2194, -0.552655
95.9677, -88.6793
2.0242, 37.3106
3.31877, 59.3146
Particle 4 new velocities: -102.637, 111.69
4.86019, -1.8817
94.2286, 440.891
5.07494, 265.452
-- ITERATION 9 --
-------------
Particle: 1:
Relays Coordinates:
275.329, 237.264
55.1603, 70.5482
174.729, 147.528
233.639, 291.97
Evaluation Time: 1.5118 seconds
Resulting Fitness: 0.766667
New local best!
New global best!
-------------
Particle: 2:
Relays Coordinates:
203.469, 124.49
67.0064, 171.406
0, 150.357
258.884, 333.268
Evaluation Time: 1.75981 seconds
Resulting Fitness: 0.7125
-------------
Particle: 3:
Relays Coordinates:
271.581, 241.532
95.9677, 56.1722
176.278, 179.132
227.791, 338.379
Evaluation Time: 1.61281 seconds
Resulting Fitness: 0.766667
New local best!
-------------
Particle: 4:
Relays Coordinates:
195.372, 350
46.4016, 82.1179
241.806, 350
249.588, 311.878
Evaluation Time: 1.03205 seconds
Resulting Fitness: 0.366667
Current global best fitness: 0.766667
Current global best relays: 275.329, 237.264
55.1603, 70.5482
174.729, 147.528
233.639, 291.97
Particle 1 new velocities: 0, 0
0, 0
0, 0
0, 0
Particle 2 new velocities: 18.0931, 59.864
78.9128, -30.4114
333.297, 0.016405
-52.6432, -24.572
Particle 3 new velocities: -5.19932, -6.13007
21.0275, -48.7186
1.08059, -8.08193
8.16622, 28.5735
Particle 4 new velocities: -62.2147, -29.6921
147.109, 41.6326
57.9816, -337.144
-53.13, 13.5275
-- ITERATION 10 --
-------------
Particle: 1:
Relays Coordinates:
275.329, 237.264
55.1603, 70.5482
174.729, 147.528
233.639, 291.97
Evaluation Time: 0.0206377 seconds
Resulting Fitness: 0.742959
-------------
Particle: 2:
Relays Coordinates:
221.563, 184.354
145.919, 140.994
333.297, 150.374
206.241, 308.696
Evaluation Time: 0.000237457 seconds
Resulting Fitness: 0
-------------
Particle: 3:
Relays Coordinates:
266.381, 235.402
116.995, 7.45353
177.359, 171.05
235.958, 350
Evaluation Time: 0.000199082 seconds
Resulting Fitness: 0
-------------
Particle: 4:
Relays Coordinates:
133.157, 320.308
193.511, 123.75
299.788, 12.8556
196.458, 325.406
Evaluation Time: 0.000181965 seconds
Resulting Fitness: 0
Current global best fitness: 0.766667
Current global best relays: 275.329, 237.264
55.1603, 70.5482
174.729, 147.528
233.639, 291.97
Particle 1 new velocities: 0, 0
0, 0
0, 0
0, 0
Particle 2 new velocities: -146.044, 117.517
75.0832, -115.801
-210.033, -1.63009
74.4566, -37.9896
Particle 3 new velocities: 8.35889, 2.66234
-23.0712, 4.63041
-1.72957, -45.9313
-4.96801, -59.5966
Particle 4 new velocities: -8.98899, -115.569
-81.6259, -10.6479
54.2161, -137.205
-69.9106, -88.0721
-- ITERATION 11 --
-------------
Particle: 1:
Relays Coordinates:
275.329, 237.264
55.1603, 70.5482
174.729, 147.528
233.639, 291.97
Evaluation Time: 0.0240326 seconds
Resulting Fitness: 0.742959
-------------
Particle: 2:
Relays Coordinates:
75.519, 301.871
221.002, 25.1938
123.264, 148.744
280.697, 270.707
Evaluation Time: 0.000246077 seconds
Resulting Fitness: 0
-------------
Particle: 3:
Relays Coordinates:
274.74, 238.065
93.924, 12.0839
175.629, 125.119
230.99, 290.403
Evaluation Time: 0.000220467 seconds
Resulting Fitness: 0
-------------
Particle: 4:
Relays Coordinates:
124.168, 204.738
111.885, 113.103
350, 0
126.548, 237.333
Evaluation Time: 0.00020164 seconds
Resulting Fitness: 0
Current global best fitness: 0.766667
Current global best relays: 275.329, 237.264
55.1603, 70.5482
174.729, 147.528
233.639, 291.97
Particle 1 new velocities: 0, 0
0, 0
0, 0
0, 0
Particle 2 new velocities: 161.438, -76.3438
-92.1521, -26.4737
-94.8966, -1.94723
-3.71331, -11.6669
Particle 3 new velocities: 5.30113, 4.90725
-60.7736, 98.6241
-1.70767, 6.4177
-3.13969, 5.70804
Particle 4 new velocities: 196.072, -88.8827
1.96385, -71.9262
-33.9054, 463.193
-3.95071, -28.4893
-- ITERATION 12 --
-------------
Particle: 1:
Relays Coordinates:
275.329, 237.264
55.1603, 70.5482
174.729, 147.528
233.639, 291.97
Evaluation Time: 0.0226177 seconds
Resulting Fitness: 0.742959
-------------
Particle: 2:
Relays Coordinates:
236.957, 225.528
128.85, 0
28.3673, 146.796
276.984, 259.04
Evaluation Time: 0.000221467 seconds
Resulting Fitness: 0
-------------
Particle: 3:
Relays Coordinates:
280.041, 242.972
33.1503, 110.708
173.922, 131.536
227.85, 296.111
Evaluation Time: 0.00089702 seconds
Resulting Fitness: 0
-------------
Particle: 4:
Relays Coordinates:
320.24, 115.856
113.849, 41.1764
316.095, 350
122.597, 208.844
Evaluation Time: 0.000270508 seconds
Resulting Fitness: 0
Current global best fitness: 0.766667
Current global best relays: 275.329, 237.264
55.1603, 70.5482
174.729, 147.528
233.639, 291.97
Particle 1 new velocities: 0, 0
0, 0
0, 0
0, 0
Particle 2 new velocities: -2.10597, -144.374
-30.5783, 292.223
-34.8036, 0.775198
-78.4306, 29.1073
Particle 3 new velocities: -3.54222, -0.361156
-15.7047, 28.6258
2.29379, 30.2894
-0.745095, 20.8574
Particle 4 new velocities: 36.8241, 31.8467
-16.7829, 48.9848
-174.909, -332.578
150.135, -96.058
-- ITERATION 13 --
-------------
Particle: 1:
Relays Coordinates:
275.329, 237.264
55.1603, 70.5482
174.729, 147.528
233.639, 291.97
Evaluation Time: 0.0217822 seconds
Resulting Fitness: 0.742959
-------------
Particle: 2:
Relays Coordinates:
234.851, 81.1532
98.272, 292.223
0, 147.572
198.554, 288.147
Evaluation Time: 0.00147032 seconds
Resulting Fitness: 0
-------------
Particle: 3:
Relays Coordinates:
276.499, 242.611
17.4456, 139.334
176.215, 161.826
227.105, 316.969
Evaluation Time: 0.000292402 seconds
Resulting Fitness: 0
-------------
Particle: 4:
Relays Coordinates:
350, 147.702
97.0658, 90.1612
141.185, 17.4223
272.732, 112.786
Evaluation Time: 0.000127438 seconds
Resulting Fitness: 0
Current global best fitness: 0.766667
Current global best relays: 275.329, 237.264
55.1603, 70.5482
174.729, 147.528
233.639, 291.97
Particle 1 new velocities: 0, 0
0, 0
0, 0
0, 0
Particle 2 new velocities: 44.327, -36.7772
1.06635, 113.778
200.164, 2.51383
-3.38624, 54.4004
Particle 3 new velocities: -4.97864, -10.0141
50.3374, -23.8975
1.30491, 17.9805
4.56438, -16.1384
Particle 4 new velocities: -143.875, 101.961
-20.0535, 81.594
9.10005, 145.293
74.5748, 166.271
-- ITERATION 14 --
-------------
Particle: 1:
Relays Coordinates:
275.329, 237.264
55.1603, 70.5482
174.729, 147.528
233.639, 291.97
Evaluation Time: 0.0249181 seconds
Resulting Fitness: 0.742959
-------------
Particle: 2:
Relays Coordinates:
279.178, 44.376
99.3384, 350
200.164, 150.085
195.167, 342.547
Evaluation Time: 0.000173142 seconds
Resulting Fitness: 0
-------------
Particle: 3:
Relays Coordinates:
271.52, 232.597
67.7831, 115.436
177.52, 179.806
231.669, 300.83
Evaluation Time: 0.0272838 seconds
Resulting Fitness: 0.7565
-------------
Particle: 4:
Relays Coordinates:
206.125, 249.663
77.0123, 171.755
150.285, 162.715
347.306, 279.058
Evaluation Time: 0.000183456 seconds
Resulting Fitness: 0
Current global best fitness: 0.766667
Current global best relays: 275.329, 237.264
55.1603, 70.5482
174.729, 147.528
233.639, 291.97
Particle 1 new velocities: 0, 0
0, 0
0, 0
0, 0
Particle 2 new velocities: -92.6739, 75.5662
21.4165, -548.168
70.5211, 1.10304
27.0032, 13.1837
Particle 3 new velocities: -2.87705, 6.55044
62.7524, -75.9623
-5.35183, -9.03775
-0.22034, -9.82565
Particle 4 new velocities: -139.721, 24.7148
39.2796, -54.3919
186.589, 108.657
-17.6602, -10.7041
-- ITERATION 15 --
-------------
Particle: 1:
Relays Coordinates:
275.329, 237.264
55.1603, 70.5482
174.729, 147.528
233.639, 291.97
Evaluation Time: 0.0250436 seconds
Resulting Fitness: 0.742959
-------------
Particle: 2:
Relays Coordinates:
186.504, 119.942
120.755, 0
270.685, 151.189
222.17, 350
Evaluation Time: 0.000182045 seconds
Resulting Fitness: 0
-------------
Particle: 3:
Relays Coordinates:
268.643, 239.147
130.535, 39.4741
172.169, 170.768
231.449, 291.005
Evaluation Time: 0.0258184 seconds
Resulting Fitness: 0.755792
-------------
Particle: 4:
Relays Coordinates:
66.4033, 274.378
116.292, 117.363
336.875, 271.373
329.646, 268.353
Evaluation Time: 0.000197675 seconds
Resulting Fitness: 0
Current global best fitness: 0.766667
Current global best relays: 275.329, 237.264
55.1603, 70.5482
174.729, 147.528
233.639, 291.97
Particle 1 new velocities: 0, 0
0, 0
0, 0
0, 0
Particle 2 new velocities: 26.1567, 111.443
61.2868, 304.005
-82.9797, -2.36477
57.1408, -138.886
Particle 3 new velocities: 9.36492, 4.7244
-23.1542, -44.611
-1.13724, -32.4088
-0.308937, 35.9146
Particle 4 new velocities: -43.4991, -110.255
4.41583, -44.8184
-148.48, -2.33842
-249.832, -230.927
-- ITERATION 16 --
-------------
Particle: 1:
Relays Coordinates:
275.329, 237.264
55.1603, 70.5482
174.729, 147.528
233.639, 291.97
Evaluation Time: 0.021927 seconds
Resulting Fitness: 0.742959
-------------
Particle: 2:
Relays Coordinates:
212.661, 231.386
182.042, 304.005
187.705, 148.824
279.311, 211.114
Evaluation Time: 0.000166897 seconds
Resulting Fitness: 0
-------------
Particle: 3:
Relays Coordinates:
278.008, 243.871
107.381, 0
171.031, 138.36
231.14, 326.919
Evaluation Time: 0.000179986 seconds
Resulting Fitness: 0
-------------
Particle: 4:
Relays Coordinates:
22.9042, 164.123
120.708, 72.545
188.395, 269.034
79.8143, 37.4268
Evaluation Time: 0.000180168 seconds
Resulting Fitness: 0
Current global best fitness: 0.766667
Current global best relays: 275.329, 237.264
55.1603, 70.5482
174.729, 147.528
233.639, 291.97
Particle 1 new velocities: 0, 0
0, 0
0, 0
0, 0
Particle 2 new velocities: 26.2149, 74.2802
-29.085, -85.7875
-151.256, -2.68339
-34.8072, 126.643
Particle 3 new velocities: 2.25986, -5.14893
-86.6557, 90.922
0.297562, -18.3033
-0.384439, -16.1637
Particle 4 new velocities: 77.8747, -107.452
73.2626, 19.6906
-68.6932, -79.5035
17.1037, 109.83
-- ITERATION 17 --
-------------
Particle: 1:
Relays Coordinates:
275.329, 237.264
55.1603, 70.5482
174.729, 147.528
233.639, 291.97
Evaluation Time: 0.024436 seconds
Resulting Fitness: 0.742959
-------------
Particle: 2:
Relays Coordinates:
238.876, 305.666
152.957, 218.218
36.4489, 146.14
244.504, 337.757
Evaluation Time: 0.000203674 seconds
Resulting Fitness: 0
-------------
Particle: 3:
Relays Coordinates:
280.268, 238.722
20.7256, 90.922
171.329, 120.056
230.755, 310.756
Evaluation Time: 0.000270472 seconds
Resulting Fitness: 0
-------------
Particle: 4:
Relays Coordinates:
100.779, 56.6713
193.97, 92.2356
119.702, 189.531
96.918, 147.256
Evaluation Time: 0.0384979 seconds
Resulting Fitness: 0.69025
New local best!
Current global best fitness: 0.766667
Current global best relays: 275.329, 237.264
55.1603, 70.5482
174.729, 147.528
233.639, 291.97
Particle 1 new velocities: 0, 0
0, 0
0, 0
0, 0
Particle 2 new velocities: -17.724, -129.604
-14.11, -141.463
-47.4939, 3.54186
-27.1802, 15.5373
Particle 3 new velocities: -14.5482, -2.20346
23.4426, 55.5537
8.03006, 68.8797
0.441077, -7.09827
Particle 4 new velocities: 277.049, 178.885
-62.0298, -5.51832
0.734238, -83.4128
88.9797, 220.263
-- ITERATION 18 --
-------------
Particle: 1:
Relays Coordinates:
275.329, 237.264
55.1603, 70.5482
174.729, 147.528
233.639, 291.97
Evaluation Time: 0.0268067 seconds
Resulting Fitness: 0.742959
-------------
Particle: 2:
Relays Coordinates:
221.152, 176.061
138.847, 76.7546
0, 149.682
217.324, 350
Evaluation Time: 0.000745788 seconds
Resulting Fitness: 0
-------------
Particle: 3:
Relays Coordinates:
265.72, 236.519
44.1682, 146.476
179.359, 188.936
231.197, 303.658
Evaluation Time: 0.000282094 seconds
Resulting Fitness: 0
-------------
Particle: 4:
Relays Coordinates:
350, 235.557
131.941, 86.7172
120.436, 106.118
185.898, 350
Evaluation Time: 0.000174197 seconds
Resulting Fitness: 0
Current global best fitness: 0.766667
Current global best relays: 275.329, 237.264
55.1603, 70.5482
174.729, 147.528
233.639, 291.97
Particle 1 new velocities: 0, 0
0, 0
0, 0
0, 0
Particle 2 new velocities: -142.05, -37.6983
32.1151, -30.39
90.5618, 1.63261
29.3542, -96.3548
Particle 3 new velocities: 1.1932, 4.19172
76.4573, 28.1158
-0.493846, -16.0055
-0.622818, 11.7827
Particle 4 new velocities: -320.918, 111.756
-123.663, -0.918852
21.5525, 17.7069
63.3037, -148.833
-- ITERATION 19 --
-------------
Particle: 1:
Relays Coordinates:
275.329, 237.264
55.1603, 70.5482
174.729, 147.528
233.639, 291.97
Evaluation Time: 1.46748 seconds
Resulting Fitness: 0.766667
-------------
Particle: 2:
Relays Coordinates:
79.1018, 138.363
170.962, 46.3646
90.5618, 151.315
246.678, 253.645
Evaluation Time: 1.5599 seconds
Resulting Fitness: 0.45
-------------
Particle: 3:
Relays Coordinates:
266.913, 240.711
120.625, 174.591
178.865, 172.931
230.574, 315.44
Evaluation Time: 0.889663 seconds
Resulting Fitness: 0.108333
-------------
Particle: 4:
Relays Coordinates:
29.0815, 347.312
8.27723, 85.7984
141.988, 123.825
249.201, 201.167
Evaluation Time: 1.47792 seconds
Resulting Fitness: 0.758333
New local best!
Current global best fitness: 0.766667
Current global best relays: 275.329, 237.264
55.1603, 70.5482
174.729, 147.528
233.639, 291.97
Particle 1 new velocities: 0, 0
0, 0
0, 0
0, 0
Particle 2 new velocities: 193.271, -34.5217
23.0002, 156.555
113.192, -0.711264
37.1413, 18.397
Particle 3 new velocities: 16.3857, 0.0741698
-9.64126, -104.529
-4.71745, -36.0667
-1.40174, 2.21827
Particle 4 new velocities: -44.9411, 45.2069
-88.3305, -3.33832
25.294, 38.9057
49.3359, -59.5648
-- ITERATION 20 --
-------------
Particle: 1:
Relays Coordinates:
275.329, 237.264
55.1603, 70.5482
174.729, 147.528
233.639, 291.97
Evaluation Time: 0.0157052 seconds
Resulting Fitness: 0.742959
-------------
Particle: 2:
Relays Coordinates:
272.373, 103.842
193.962, 202.92
203.753, 150.604
283.819, 272.042
Evaluation Time: 0.000131732 seconds
Resulting Fitness: 0
-------------
Particle: 3:
Relays Coordinates:
283.299, 240.785
110.984, 70.062
174.148, 136.864
229.172, 317.658
Evaluation Time: 0.00012855 seconds
Resulting Fitness: 0
-------------
Particle: 4:
Relays Coordinates:
0, 350
0, 82.4601
167.282, 162.73
298.537, 141.603
Evaluation Time: 0.000126858 seconds
Resulting Fitness: 0
Current global best fitness: 0.766667
Current global best relays: 275.329, 237.264
55.1603, 70.5482
174.729, 147.528
233.639, 291.97
Particle 1 new velocities: 0, 0
0, 0
0, 0
0, 0
Particle 2 new velocities: 106.088, 174.099
26.25, 57.9661
7.30571, -5.00893
-0.797922, 35.6974
Particle 3 new velocities: 0.287299, -3.38601
-46.6992, -91.8438
-1.05956, 6.54358
2.28909, 8.44463
Particle 4 new velocities: 290.428, -175.61
11.5912, -8.98655
18.9421, -4.4684
-119.461, 145.277
-- ITERATION 21 --
-------------
Particle: 1:
Relays Coordinates:
275.329, 237.264
55.1603, 70.5482
174.729, 147.528
233.639, 291.97
Evaluation Time: 0.0151056 seconds
Resulting Fitness: 0.742959
-------------
Particle: 2:
Relays Coordinates:
350, 277.941
220.212, 260.886
211.059, 145.595
283.021, 307.74
Evaluation Time: 0.000141643 seconds
Resulting Fitness: 0
-------------
Particle: 3:
Relays Coordinates:
283.586, 237.399
64.285, 0
173.088, 143.407
231.461, 326.103
Evaluation Time: 0.000114873 seconds
Resulting Fitness: 0
-------------
Particle: 4:
Relays Coordinates:
290.428, 174.39
11.5912, 73.4735
186.224, 158.262
179.077, 286.88
Evaluation Time: 0.00010854 seconds
Resulting Fitness: 0
Current global best fitness: 0.766667
Current global best relays: 275.329, 237.264
55.1603, 70.5482
174.729, 147.528
233.639, 291.97
Particle 1 new velocities: 0, 0
0, 0
0, 0
0, 0
Particle 2 new velocities: -297.75, -0.778855
-208.286, -296.744
-130.221, 3.67604
-24.4461, 25.1696
Particle 3 new velocities: -6.19283, -0.419141
-24.5145, 128.263
1.69465, 19.1686
4.28596, 12.4362
Particle 4 new velocities: 75.8708, 35.0749
29.2534, -6.4963
-21.587, -34.8259
-76.32, 36.165
-- ITERATION 22 --
-------------
Particle: 1:
Relays Coordinates:
275.329, 237.264
55.1603, 70.5482
174.729, 147.528
233.639, 291.97
Evaluation Time: 0.0145312 seconds
Resulting Fitness: 0.742959
-------------
Particle: 2:
Relays Coordinates:
52.25, 277.162
11.9256, 0
80.8381, 149.271
258.575, 332.909
Evaluation Time: 0.000147364 seconds
Resulting Fitness: 0
-------------
Particle: 3:
Relays Coordinates:
277.393, 236.98
39.7705, 128.263
174.783, 162.576
235.747, 338.539
Evaluation Time: 0.0146153 seconds
Resulting Fitness: 0.709125
-------------
Particle: 4:
Relays Coordinates:
350, 209.465
40.8446, 66.9772
164.637, 123.436
102.757, 323.045
Evaluation Time: 0.000168982 seconds
Resulting Fitness: 0
Current global best fitness: 0.766667
Current global best relays: 275.329, 237.264
55.1603, 70.5482
174.729, 147.528
233.639, 291.97
Particle 1 new velocities: 0, 0
0, 0
0, 0
0, 0
Particle 2 new velocities: 30.8413, -174.305
-61.9762, 216
33.6686, 2.86905
-34.4064, -0.818479
Particle 3 new velocities: -10.1448, 3.63478
10.923, 64.669
2.89568, 10.6599
-3.50186, -5.70459
Particle 4 new velocities: -221.945, 106.327
18.8245, 6.01996
-33.1347, 8.73591
282.183, -110.942
-- ITERATION 23 --
-------------
Particle: 1:
Relays Coordinates:
275.329, 237.264
55.1603, 70.5482
174.729, 147.528
233.639, 291.97
Evaluation Time: 0.0144019 seconds
Resulting Fitness: 0.742959
-------------
Particle: 2:
Relays Coordinates:
83.0912, 102.857
0, 216
114.507, 152.14
224.169, 332.091
Evaluation Time: 0.000130491 seconds
Resulting Fitness: 0
-------------
Particle: 3:
Relays Coordinates:
267.249, 240.615
50.6935, 192.932
177.678, 173.236
232.245, 332.835
Evaluation Time: 0.000106581 seconds
Resulting Fitness: 0
-------------
Particle: 4:
Relays Coordinates:
128.055, 315.791
59.6691, 72.9972
131.503, 132.172
350, 212.103
Evaluation Time: 0.000136894 seconds
Resulting Fitness: 0
Current global best fitness: 0.766667
Current global best relays: 275.329, 237.264
55.1603, 70.5482
174.729, 147.528
233.639, 291.97
Particle 1 new velocities: 0, 0
0, 0
0, 0
0, 0
Particle 2 new velocities: 89.1518, 12.081
247.456, -25.0787
46.45, -6.03493
40.5805, -47.982
Particle 3 new velocities: 3.33901, 0.612238
37.0885, -106.407
0.299283, 7.28268
-4.79343, -32.3447
Particle 4 new velocities: -91.2444, -39.5328
2.62245, 6.71115
12.9316, 6.23876
-126.363, 19.9399
-- ITERATION 24 --
-------------
Particle: 1:
Relays Coordinates:
275.329, 237.264
55.1603, 70.5482
174.729, 147.528
233.639, 291.97
Evaluation Time: 0.0143533 seconds
Resulting Fitness: 0.742959
-------------
Particle: 2:
Relays Coordinates:
172.243, 114.938
247.456, 190.922
160.957, 146.105
264.749, 284.109
Evaluation Time: 0.000152059 seconds
Resulting Fitness: 0
-------------
Particle: 3:
Relays Coordinates:
270.588, 241.227
87.7819, 86.5247
177.978, 180.519
227.452, 300.49
Evaluation Time: 0.0144838 seconds
Resulting Fitness: 0.758708
-------------
Particle: 4:
Relays Coordinates:
36.8109, 276.259
62.2915, 79.7083
144.434, 138.411
223.637, 232.043
Evaluation Time: 0.000151397 seconds
Resulting Fitness: 0
Current global best fitness: 0.766667
Current global best relays: 275.329, 237.264
55.1603, 70.5482
174.729, 147.528
233.639, 291.97
Particle 1 new velocities: 0, 0
0, 0
0, 0
0, 0
Particle 2 new velocities: 167.895, -11.62
-117.273, -37.5155
34.9236, -1.36135
-5.46511, -22.5917
Particle 3 new velocities: 6.4727, -3.60674
-25.4918, -107.989
-2.22085, -19.1352
3.95527, 5.50121
Particle 4 new velocities: 199.803, -20.5468
-38.6126, 0.84658
34.9556, 5.89636
-73.1719, 23.7986
-- ITERATION 25 --
-------------
Particle: 1:
Relays Coordinates:
275.329, 237.264
55.1603, 70.5482
174.729, 147.528
233.639, 291.97
Evaluation Time: 0.0142604 seconds
Resulting Fitness: 0.742959
-------------
Particle: 2:
Relays Coordinates:
340.138, 103.318
130.183, 153.406
195.88, 144.743
259.284, 261.517
Evaluation Time: 0.000125938 seconds
Resulting Fitness: 0
-------------
Particle: 3:
Relays Coordinates:
277.06, 237.62
62.2901, 0
175.757, 161.383
231.407, 305.991
Evaluation Time: 0.000144324 seconds
Resulting Fitness: 0
-------------
Particle: 4:
Relays Coordinates:
236.614, 255.712
23.679, 80.5549
179.39, 144.307
150.465, 255.841
Evaluation Time: 0.000150056 seconds
Resulting Fitness: 0
Current global best fitness: 0.766667
Current global best relays: 275.329, 237.264
55.1603, 70.5482
174.729, 147.528
233.639, 291.97
Particle 1 new velocities: 0, 0
0, 0
0, 0
0, 0
Particle 2 new velocities: -137.155, 148.763
-167.972, -139.415
-45.4965, 4.00293
-9.97977, 13.8598
Particle 3 new velocities: 1.05241, -2.84394
6.81969, 104.08
-3.41631, -28.545
1.92733, 15.755
Particle 4 new velocities: -12.2885, -13.3722
8.45862, -11.9143
-11.2457, -14.1197
86.9063, 18.9415
-- ITERATION 26 --
-------------
Particle: 1:
Relays Coordinates:
275.329, 237.264
55.1603, 70.5482
174.729, 147.528
233.639, 291.97
Evaluation Time: 0.0143578 seconds
Resulting Fitness: 0.742959
-------------
Particle: 2:
Relays Coordinates:
202.983, 252.081
0, 13.9917
150.384, 148.746
249.304, 275.377
Evaluation Time: 0.000136896 seconds
Resulting Fitness: 0
-------------
Particle: 3:
Relays Coordinates:
278.113, 234.776
69.1098, 104.08
172.34, 132.838
233.334, 321.746
Evaluation Time: 0.0144814 seconds
Resulting Fitness: 0.729583
-------------
Particle: 4:
Relays Coordinates:
224.325, 242.34
32.1376, 68.6406
168.144, 130.188
237.371, 274.783
Evaluation Time: 0.0167091 seconds
Resulting Fitness: 0.715625
Current global best fitness: 0.766667
Current global best relays: 275.329, 237.264
55.1603, 70.5482
174.729, 147.528
233.639, 291.97
Particle 1 new velocities: 0, 0
0, 0
0, 0
0, 0
Particle 2 new velocities: -30.1135, -30.241
314.782, 22.7924
-43.2584, 2.67942
-0.838224, 63.7386
Particle 3 new velocities: -4.99759, 4.6673
-9.21349, 48.9681
1.84465, 36.8322
-0.0775647, 7.06355
Particle 4 new velocities: -175.879, 66.3471
-14.0424, -1.15782
-6.33432, 3.78188
71.4389, -16.2621
-- ITERATION 27 --
-------------
Particle: 1:
Relays Coordinates:
275.329, 237.264
55.1603, 70.5482
174.729, 147.528
233.639, 291.97
Evaluation Time: 0.0149206 seconds
Resulting Fitness: 0.742959
-------------
Particle: 2:
Relays Coordinates:
172.87, 221.84
314.782, 36.784
107.126, 151.426
248.466, 339.115
Evaluation Time: 0.000171803 seconds
Resulting Fitness: 0
-------------
Particle: 3:
Relays Coordinates:
273.115, 239.443
59.8963, 153.048
174.185, 169.671
233.257, 328.81
Evaluation Time: 0.0001129 seconds
Resulting Fitness: 0
-------------
Particle: 4:
Relays Coordinates:
48.4464, 308.687
18.0952, 67.4828
161.81, 133.969
308.81, 258.521
Evaluation Time: 0.000108181 seconds
Resulting Fitness: 0
Current global best fitness: 0.766667
Current global best relays: 275.329, 237.264
55.1603, 70.5482
174.729, 147.528
233.639, 291.97
Particle 1 new velocities: 0, 0
0, 0
0, 0
0, 0
Particle 2 new velocities: 37.985, -80.0379
22.2828, 241.984
37.7409, -3.02705
19.0608, 39.6586
Particle 3 new velocities: -0.970113, 4.29323
4.454, -136.941
2.95632, -5.29469
-5.36209, -26.0808
Particle 4 new velocities: 82.757, 8.3998
36.6574, 10.5681
13.0172, 13.2678
-71.0188, 25.8906
-- ITERATION 28 --
-------------
Particle: 1:
Relays Coordinates:
275.329, 237.264
55.1603, 70.5482
174.729, 147.528
233.639, 291.97
Evaluation Time: 0.015414 seconds
Resulting Fitness: 0.742959
-------------
Particle: 2:
Relays Coordinates:
210.855, 141.802
337.064, 278.768
144.866, 148.399
267.527, 350
Evaluation Time: 0.000241406 seconds
Resulting Fitness: 0
-------------
Particle: 3:
Relays Coordinates:
272.145, 243.737
64.3503, 16.1071
177.141, 164.376
227.895, 302.729
Evaluation Time: 0.000174945 seconds
Resulting Fitness: 0
-------------
Particle: 4:
Relays Coordinates:
131.203, 317.086
54.7526, 78.0509
174.827, 147.237
237.791, 284.411
Evaluation Time: 0.000136464 seconds
Resulting Fitness: 0
Current global best fitness: 0.766667
Current global best relays: 275.329, 237.264
55.1603, 70.5482
174.729, 147.528
233.639, 291.97
Particle 1 new velocities: 0, 0
0, 0
0, 0
0, 0
Particle 2 new velocities: 71.4551, -122.954
-381.538, 114.098
24.0807, -2.32249
-10.3455, -40.3795
Particle 3 new velocities: 3.40087, -2.16856
26.8664, -1.02818
-0.367681, -17.3812
-0.661984, -0.940342
Particle 4 new velocities: 105.412, -52.8829
6.25628, 7.81778
7.7477, 0.699661
-54.5231, 6.01253
-- ITERATION 29 --
-------------
Particle: 1:
Relays Coordinates:
275.329, 237.264
55.1603, 70.5482
174.729, 147.528
233.639, 291.97
Evaluation Time: 1.50621 seconds
Resulting Fitness: 0.766667
-------------
Particle: 2:
Relays Coordinates:
282.31, 18.8484
0, 350
168.947, 146.076
257.182, 309.621
Evaluation Time: 0.858098 seconds
Resulting Fitness: 0.120833
-------------
Particle: 3:
Relays Coordinates:
275.546, 241.568
91.2167, 15.0789
176.774, 146.995
227.233, 301.789
Evaluation Time: 1.54708 seconds
Resulting Fitness: 0.666667
-------------
Particle: 4:
Relays Coordinates:
236.615, 264.204
61.0089, 85.8687
182.575, 147.937
183.268, 290.424
Evaluation Time: 1.95483 seconds
Resulting Fitness: 0.8
New local best!
New global best!
Current global best fitness: 0.8
Current global best relays: 236.615, 264.204
61.0089, 85.8687
182.575, 147.937
183.268, 290.424
Particle 1 new velocities: -9.74197, 8.53467
2.38348, 17.7875
8.29846, 0.666696
-48.62, -0.669734
Particle 2 new velocities: 6.09177, 143.83
259.479, -396.707
-25.7486, 0.555204
-78.526, -31.0427
Particle 3 new velocities: -8.42834, 25.3898
-16.8769, 45.9979
6.97541, -5.2901
-52.202, 14.5265
Particle 4 new velocities: 84.3293, -42.3063
5.00503, 6.25423
6.19816, 0.559729
-43.6185, 4.81002
-- ITERATION 30 --
-------------
Particle: 1:
Relays Coordinates:
265.587, 245.799
57.5438, 88.3357
183.028, 148.194
185.019, 291.3
Evaluation Time: 0.0222144 seconds
Resulting Fitness: 0.758542
-------------
Particle: 2:
Relays Coordinates:
288.402, 162.678
259.479, 0
143.199, 146.631
178.656, 278.578
Evaluation Time: 0.000215136 seconds
Resulting Fitness: 0
-------------
Particle: 3:
Relays Coordinates:
267.117, 266.958
74.3398, 61.0769
183.749, 141.705
175.031, 316.315
Evaluation Time: 0.000206034 seconds
Resulting Fitness: 0
-------------
Particle: 4:
Relays Coordinates:
320.944, 221.897
66.0139, 92.1229
188.773, 148.497
139.65, 295.234
Evaluation Time: 0.000190751 seconds
Resulting Fitness: 0
Current global best fitness: 0.8
Current global best relays: 236.615, 264.204
61.0089, 85.8687
182.575, 147.937
183.268, 290.424
Particle 1 new velocities: -34.689, 8.14467
6.4934, 1.63253
5.12224, 0.122099
-34.9894, -0.146206
Particle 2 new velocities: -181.848, 105.974
-109.33, 286.555
21.4294, 5.8257
-31.9788, -8.01679
Particle 3 new velocities: -55.4005, 2.03216
-26.5353, 60.0763
-1.8437, 41.2856
33.2228, 8.69282
Particle 4 new velocities: -92.6067, 55.0185
0.381415, -5.55319
-6.70533, -0.895362
16.2059, -0.207877
-- ITERATION 31 --
-------------
Particle: 1:
Relays Coordinates:
230.898, 253.943
64.0372, 89.9682
188.15, 148.317
150.029, 291.154
Evaluation Time: 0.0258688 seconds
Resulting Fitness: 0.758667
-------------
Particle: 2:
Relays Coordinates:
106.553, 268.652
150.148, 286.555
164.628, 152.457
146.677, 270.561
Evaluation Time: 0.000236234 seconds
Resulting Fitness: 0
-------------
Particle: 3:
Relays Coordinates:
211.717, 268.99
47.8045, 121.153
181.905, 182.99
208.253, 325.008
Evaluation Time: 0.0250275 seconds
Resulting Fitness: 0.718625
-------------
Particle: 4:
Relays Coordinates:
228.338, 276.916
66.3953, 86.5697
182.067, 147.601
155.856, 295.026
Evaluation Time: 0.024462 seconds
Resulting Fitness: 0.710458
Current global best fitness: 0.8
Current global best relays: 236.615, 264.204
61.0089, 85.8687
182.575, 147.937
183.268, 290.424
Particle 1 new velocities: -5.79319, 4.03063
2.40234, -9.35539
3.81355, -0.790207
-8.89544, 0.257842
Particle 2 new velocities: -31.6691, -95.1114
-156.188, -90.8632
0.568106, 0.601933
94.2375, 56.868
Particle 3 new velocities: -25.7572, -35.8007
29.516, -30.0209
-6.96562, 11.6677
14.8168, -42.0946
Particle 4 new velocities: -60.1069, 11.7149
-11.2593, -5.65727
-4.69315, -0.239806
67.3069, -6.64655
-- ITERATION 32 --
-------------
Particle: 1:
Relays Coordinates:
225.104, 257.974
66.4396, 80.6128
191.964, 147.526
141.134, 291.411
Evaluation Time: 0.0261373 seconds
Resulting Fitness: 0.758875
-------------
Particle: 2:
Relays Coordinates:
74.8842, 173.541
0, 195.691
165.196, 153.059
240.914, 327.429
Evaluation Time: 0.000218934 seconds
Resulting Fitness: 0
-------------
Particle: 3:
Relays Coordinates:
185.96, 233.189
77.3205, 91.1322
174.94, 194.658
223.07, 282.913
Evaluation Time: 0.0199366 seconds
Resulting Fitness: 0.783625
New local best!
-------------
Particle: 4:
Relays Coordinates:
168.231, 288.631
55.136, 80.9124
177.374, 147.361
223.163, 288.379
Evaluation Time: 0.025063 seconds
Resulting Fitness: 0.698875
Current global best fitness: 0.8
Current global best relays: 236.615, 264.204
61.0089, 85.8687
182.575, 147.937
183.268, 290.424
Particle 1 new velocities: 28.3812, -4.3755
-19.4935, -16.2594
-11.1151, 0.00144078
79.8195, 0.0580794
Particle 2 new velocities: 147.143, -66.972
65.521, -179.516
-13.4435, -2.61291
30.6312, -7.85853
Particle 3 new velocities: -4.41912, -6.12719
15.2532, -32.7953
-0.118637, -4.76184
9.99199, -23.291
Particle 4 new velocities: 105.419, -36.4886
-0.464426, 3.4802
6.52561, 1.15115
10.3452, -1.10887
-- ITERATION 33 --
-------------
Particle: 1:
Relays Coordinates:
253.486, 253.598
46.946, 64.3534
180.849, 147.528
220.953, 291.47
Evaluation Time: 0.000205599 seconds
Resulting Fitness: 0
-------------
Particle: 2:
Relays Coordinates:
222.027, 106.569
65.521, 16.1757
151.753, 150.446
271.545, 319.571
Evaluation Time: 0.000191491 seconds
Resulting Fitness: 0
-------------
Particle: 3:
Relays Coordinates:
181.541, 227.062
92.5738, 58.337
174.821, 189.896
233.062, 259.622
Evaluation Time: 0.00019376 seconds
Resulting Fitness: 0
-------------
Particle: 4:
Relays Coordinates:
273.649, 252.142
54.6716, 84.3926
183.9, 148.513
233.508, 287.271
Evaluation Time: 0.0351935 seconds
Resulting Fitness: 0.744458
Current global best fitness: 0.8
Current global best relays: 236.615, 264.204
61.0089, 85.8687
182.575, 147.937
183.268, 290.424
Particle 1 new velocities: 9.04566, -8.69666
-8.20295, 2.50005
-8.79267, 0.344305
14.1188, -1.74606
Particle 2 new velocities: 6.71394, 205.477
60.3153, 91.4539
8.25541, -6.83875
6.79402, -22.7853
Particle 3 new velocities: 51.9581, 21.0919
-21.8264, 8.75098
12.054, -43.084
-41.6827, 13.449
Particle 4 new velocities: 15.3108, -7.51331
4.74136, 5.61441
3.81316, -0.384682
-103.943, 2.12905
-- ITERATION 34 --
-------------
Particle: 1:
Relays Coordinates:
262.531, 244.902
38.7431, 66.8535
172.056, 147.872
235.072, 289.723
Evaluation Time: 0.000217051 seconds
Resulting Fitness: 0
-------------
Particle: 2:
Relays Coordinates:
228.741, 312.047
125.836, 107.63
160.008, 143.607
278.34, 296.785
Evaluation Time: 0.000213363 seconds
Resulting Fitness: 0
-------------
Particle: 3:
Relays Coordinates:
233.499, 248.154
70.7474, 67.0879
186.875, 146.812
191.38, 273.071
Evaluation Time: 0.0199322 seconds
Resulting Fitness: 0.781083
-------------
Particle: 4:
Relays Coordinates:
288.96, 244.629
59.413, 90.007
187.713, 148.128
129.564, 289.4
Evaluation Time: 0.000373273 seconds
Resulting Fitness: 0
Current global best fitness: 0.8
Current global best relays: 236.615, 264.204
61.0089, 85.8687
182.575, 147.937
183.268, 290.424
Particle 1 new velocities: -6.62665, 18.5518
8.9532, 29.1774
1.48612, 0.225477
-7.11873, 0.14209
Particle 2 new velocities: -64.971, 41.9286
-15.834, 168.325
16.3995, 2.8187
-132.712, -11.6894
Particle 3 new velocities: 40.2063, 9.58185
-19.977, 51.0482
0.874125, 8.07369
-5.13628, 36.8693
Particle 4 new velocities: -38.3417, 6.53779
7.79882, -2.15938
-0.599678, -0.499882
-31.0956, 3.60776
-- ITERATION 35 --
-------------
Particle: 1:
Relays Coordinates:
255.905, 263.454
47.6963, 96.0309
173.542, 148.098
227.953, 289.866
Evaluation Time: 0.0238688 seconds
Resulting Fitness: 0.693
-------------
Particle: 2:
Relays Coordinates:
163.77, 350
110.002, 275.954
176.408, 146.426
145.627, 285.096
Evaluation Time: 0.000172239 seconds
Resulting Fitness: 0
-------------
Particle: 3:
Relays Coordinates:
273.705, 257.736
50.7704, 118.136
187.749, 154.886
186.243, 309.941
Evaluation Time: 0.0139348 seconds
Resulting Fitness: 0.727292
-------------
Particle: 4:
Relays Coordinates:
250.619, 251.167
67.2118, 87.8477
187.113, 147.628
98.4688, 293.007
Evaluation Time: 0.000137759 seconds
Resulting Fitness: 0
Current global best fitness: 0.8
Current global best relays: 236.615, 264.204
61.0089, 85.8687
182.575, 147.937
183.268, 290.424
Particle 1 new velocities: 14.5031, -12.5428
13.1688, -9.44847
7.79706, -0.0609896
-13.5796, 1.83306
Particle 2 new velocities: -155.746, -229.662
-49.5318, 4.51394
-36.5094, 4.43503
-26.3769, 23.8684
Particle 3 new velocities: -98.6476, -8.55605
7.63108, -25.6952
-11.4394, 32.3015
30.8073, 17.6889
Particle 4 new velocities: -51.9425, 41.0307
1.47507, -6.13817
-6.43376, 0.367105
79.1451, 0.214275
-- ITERATION 36 --
-------------
Particle: 1:
Relays Coordinates:
270.408, 250.911
60.8651, 86.5824
181.339, 148.037
214.374, 291.699
Evaluation Time: 0.0184855 seconds
Resulting Fitness: 0.74925
-------------
Particle: 2:
Relays Coordinates:
8.02433, 120.338
60.4706, 280.468
139.898, 150.861
119.25, 308.964
Evaluation Time: 0.000147605 seconds
Resulting Fitness: 0
-------------
Particle: 3:
Relays Coordinates:
175.057, 249.18
58.4015, 92.441
176.31, 187.187
217.051, 327.629
Evaluation Time: 0.000110219 seconds
Resulting Fitness: 0
-------------
Particle: 4:
Relays Coordinates:
198.676, 292.197
68.6869, 81.7095
180.68, 147.995
177.614, 293.222
Evaluation Time: 0.0157663 seconds
Resulting Fitness: 0.707333
Current global best fitness: 0.8
Current global best relays: 236.615, 264.204
61.0089, 85.8687
182.575, 147.937
183.268, 290.424
Particle 1 new velocities: -11.0445, -17.1848
7.19399, -15.01
3.23863, -0.13733
-17.1284, 0.562103
Particle 2 new velocities: 87.2057, -133.497
110.555, -217.524
13.8829, 1.92473
82.5927, 17.6558
Particle 3 new velocities: 27.1476, -12.2148
21.379, -25.6295
-6.13681, -0.964867
30.6702, -75.1697
Particle 4 new velocities: 11.0652, -22.63
-15.9189, 4.35218
-1.23689, 0.205804
68.7326, -4.52111
-- ITERATION 37 --
-------------
Particle: 1:
Relays Coordinates:
259.363, 233.726
68.0591, 71.5725
184.578, 147.899
197.245, 292.261
Evaluation Time: 0.0425511 seconds
Resulting Fitness: 0.767875
New local best!
-------------
Particle: 2:
Relays Coordinates:
95.23, 0
171.026, 62.9441
153.781, 152.786
201.843, 326.62
Evaluation Time: 0.000170372 seconds
Resulting Fitness: 0
-------------
Particle: 3:
Relays Coordinates:
202.205, 236.965
79.7804, 66.8115
170.173, 186.222
247.721, 252.46
Evaluation Time: 0.0260008 seconds
Resulting Fitness: 0.763167
-------------
Particle: 4:
Relays Coordinates:
209.741, 269.567
52.7679, 86.0617
179.443, 148.201
246.347, 288.701
Evaluation Time: 0.0198712 seconds
Resulting Fitness: 0.72225
Current global best fitness: 0.8
Current global best relays: 236.615, 264.204
61.0089, 85.8687
182.575, 147.937
183.268, 290.424
Particle 1 new velocities: -27.2305, -4.76362
2.30733, -6.62174
0.420741, -0.0799651
-34.7806, -2.04785
Particle 2 new velocities: 17.6621, 215.728
106.752, -128.354
44.2825, -6.7183
126.742, 1.38548
Particle 3 new velocities: 23.2392, 24.6942
-1.10914, 23.9125
4.45977, -2.71977
-41.5529, -33.9663
Particle 4 new velocities: 55.6521, -28.3433
5.64047, 3.30194
5.41668, -0.559787
44.9168, -1.11997
-- ITERATION 38 --
-------------
Particle: 1:
Relays Coordinates:
232.133, 228.962
70.3664, 64.9507
184.999, 147.819
162.465, 290.213
Evaluation Time: 0.0181183 seconds
Resulting Fitness: 0.776792
New local best!
-------------
Particle: 2:
Relays Coordinates:
112.892, 215.728
277.778, 0
198.064, 146.068
328.585, 328.006
Evaluation Time: 0.00017044 seconds
Resulting Fitness: 0
-------------
Particle: 3:
Relays Coordinates:
225.444, 261.659
78.6713, 90.724
174.633, 183.503
206.168, 218.493
Evaluation Time: 0.0183915 seconds
Resulting Fitness: 0.785792
New local best!
-------------
Particle: 4:
Relays Coordinates:
265.394, 241.224
58.4084, 89.3636
184.859, 147.641
291.263, 287.581
Evaluation Time: 0.0158622 seconds
Resulting Fitness: 0.727625
Current global best fitness: 0.8
Current global best relays: 236.615, 264.204
61.0089, 85.8687
182.575, 147.937
183.268, 290.424
Particle 1 new velocities: -13.9591, 12.2858
-4.68198, 29.1012
-0.910433, 0.140248
5.2224, -1.6082
Particle 2 new velocities: 165.542, 99.8417
-93.5577, 61.0485
3.77618, -2.80146
64.614, -53.1004
Particle 3 new velocities: 22.4313, 23.1937
-14.8334, 11.238
15.7994, -60.2448
-41.0759, 3.5006
Particle 4 new velocities: 26.668, 12.2817
8.46904, -0.52789
1.14335, 0.261795
-190.461, 2.39975
-- ITERATION 39 --
-------------
Particle: 1:
Relays Coordinates:
218.174, 241.248
65.6844, 94.0519
184.088, 147.96
167.687, 288.605
Evaluation Time: 1.69852 seconds
Resulting Fitness: 0.85
New local best!
New global best!
-------------
Particle: 2:
Relays Coordinates:
278.435, 315.57
184.22, 61.0485
201.84, 143.266
350, 274.905
Evaluation Time: 0.912957 seconds
Resulting Fitness: 0.120833
-------------
Particle: 3:
Relays Coordinates:
247.876, 284.853
63.8379, 101.962
190.432, 123.258
165.092, 221.994
Evaluation Time: 1.60599 seconds
Resulting Fitness: 0.833333
New local best!
-------------
Particle: 4:
Relays Coordinates:
292.062, 253.506
66.8774, 88.8357
186.003, 147.903
100.802, 289.98
Evaluation Time: 1.44091 seconds
Resulting Fitness: 0.729167
Current global best fitness: 0.85
Current global best relays: 218.174, 241.248
65.6844, 94.0519
184.088, 147.96
167.687, 288.605
Particle 1 new velocities: -11.1673, 9.82866
-3.74558, 23.281
-0.728346, 0.112198
4.17792, -1.28656
Particle 2 new velocities: -193.049, -70.8085
-194.409, 234.413
-55.4702, 4.17933
-354.029, -34.8283
Particle 3 new velocities: 3.98115, -44.7487
-11.3466, -1.74715
1.27065, -34.52
-31.5297, 27.178
Particle 4 new velocities: -50.4915, 5.86926
0.454268, 6.52016
-2.10949, 0.293015
32.4722, 0.296302
-- ITERATION 40 --
-------------
Particle: 1:
Relays Coordinates:
207.006, 251.077
61.9389, 117.333
183.36, 148.072
171.865, 287.318
Evaluation Time: 0.016248 seconds
Resulting Fitness: 0.763958
-------------
Particle: 2:
Relays Coordinates:
85.3853, 244.762
0, 295.462
146.37, 147.445
0, 240.077
Evaluation Time: 0.000147141 seconds
Resulting Fitness: 0
-------------
Particle: 3:
Relays Coordinates:
251.857, 240.104
52.4913, 100.215
191.703, 88.7379
133.562, 249.172
Evaluation Time: 0.000111365 seconds
Resulting Fitness: 0
-------------
Particle: 4:
Relays Coordinates:
241.57, 259.375
67.3317, 95.3559
183.893, 148.196
133.274, 290.277
Evaluation Time: 0.0162552 seconds
Resulting Fitness: 0.749583
Current global best fitness: 0.85
Current global best relays: 218.174, 241.248
65.6844, 94.0519
184.088, 147.96
167.687, 288.605
Particle 1 new velocities: 8.75087, -12.7383
2.31296, -0.363408
0.0449943, -0.045994
0.179986, 1.41197
Particle 2 new velocities: -117.394, -75.9168
221.704, 42.8505
-56.4612, 3.94747
324.988, 28.5196
Particle 3 new velocities: -8.833, 13.7694
12.2713, -4.86516
-11.1843, 53.6442
52.4346, 27.3819
Particle 4 new velocities: -46.1069, -12.5262
-7.01538, -1.96867
-2.81757, -0.156324
113.639, -0.113034
-- ITERATION 41 --
-------------
Particle: 1:
Relays Coordinates:
215.757, 238.339
64.2518, 116.97
183.405, 148.026
172.045, 288.73
Evaluation Time: 0.0162002 seconds
Resulting Fitness: 0.769208
-------------
Particle: 2:
Relays Coordinates:
0, 168.845
221.704, 338.312
89.9083, 151.393
324.988, 268.596
Evaluation Time: 0.000166469 seconds
Resulting Fitness: 0
-------------
Particle: 3:
Relays Coordinates:
243.024, 253.874
64.7626, 95.3497
180.519, 142.382
185.997, 276.554
Evaluation Time: 0.0142997 seconds
Resulting Fitness: 0.773375
-------------
Particle: 4:
Relays Coordinates:
195.463, 246.849
60.3163, 93.3872
181.076, 148.04
246.914, 290.164
Evaluation Time: 0.0207876 seconds
Resulting Fitness: 0.754542
Current global best fitness: 0.85
Current global best relays: 218.174, 241.248
65.6844, 94.0519
184.088, 147.96
167.687, 288.605
Particle 1 new velocities: 8.87627, -6.04787
2.20413, -32.0408
1.45506, -0.161296
-4.67265, 0.976677
Particle 2 new velocities: 168.9, -64.5933
-25.8462, -79.2286
107.452, -0.482152
-3.66784, 93.2208
Particle 3 new velocities: -11.1848, 32.3576
10.7939, 2.03442
2.63759, 36.1159
20.5624, -2.4466
Particle 4 new velocities: 12.5717, -12.3905
-0.430344, -1.54612
2.07945, -0.162624
34.9925, -0.782114
-- ITERATION 42 --
-------------
Particle: 1:
Relays Coordinates:
224.633, 232.291
66.4559, 84.9287
184.86, 147.864
167.373, 289.707
Evaluation Time: 0.0148391 seconds
Resulting Fitness: 0.781875
-------------
Particle: 2:
Relays Coordinates:
168.9, 104.251
195.858, 259.084
197.36, 150.911
321.321, 350
Evaluation Time: 0.000140545 seconds
Resulting Fitness: 0
-------------
Particle: 3:
Relays Coordinates:
231.839, 286.231
75.5566, 97.3841
183.156, 178.498
206.559, 274.107
Evaluation Time: 0.0165439 seconds
Resulting Fitness: 0.715083
-------------
Particle: 4:
Relays Coordinates:
208.035, 234.458
59.886, 91.8411
183.155, 147.877
281.906, 289.382
Evaluation Time: 0.0152105 seconds
Resulting Fitness: 0.739
Current global best fitness: 0.85
Current global best relays: 218.174, 241.248
65.6844, 94.0519
184.088, 147.96
167.687, 288.605
Particle 1 new velocities: -0.716819, 14.8953
0.342417, -20.9729
-0.444161, 0.0288422
-3.60042, -0.49094
Particle 2 new velocities: 86.9107, 42.9794
-27.167, -187.162
28.7956, -2.11971
-260.158, -73.9651
Particle 3 new velocities: -14.5381, 9.83628
-16.4434, 3.8085
8.1344, -26.1491
-55.4184, -12.0712
Particle 4 new velocities: 53.9394, 28.9945
6.33043, -2.95283
1.65592, -0.0462879
-16.1817, -0.695464
-- ITERATION 43 --
-------------
Particle: 1:
Relays Coordinates:
223.917, 247.186
66.7984, 63.9558
184.416, 147.893
163.772, 289.216
Evaluation Time: 0.0160283 seconds
Resulting Fitness: 0.765917
-------------
Particle: 2:
Relays Coordinates:
255.81, 147.231
168.691, 71.9214
226.156, 148.791
61.1623, 276.035
Evaluation Time: 0.000146358 seconds
Resulting Fitness: 0
-------------
Particle: 3:
Relays Coordinates:
217.301, 296.068
59.1132, 101.193
191.291, 152.349
151.141, 262.036
Evaluation Time: 0.0140033 seconds
Resulting Fitness: 0.697
-------------
Particle: 4:
Relays Coordinates:
261.974, 263.453
66.2164, 88.8883
184.811, 147.831
265.725, 288.686
Evaluation Time: 0.0187497 seconds
Resulting Fitness: 0.728292
Current global best fitness: 0.85
Current global best relays: 218.174, 241.248
65.6844, 94.0519
184.088, 147.96
167.687, 288.605
Particle 1 new velocities: -5.40156, 8.94335
-0.197106, -8.37559
-1.24352, 0.0814641
4.93405, -0.972453
Particle 2 new velocities: -49.4854, 42.8861
-38.0948, -56.6467
-79.6441, -1.79282
162.248, -33.7598
Particle 3 new velocities: 0.227532, -59.1767
-5.90489, -0.215029
3.58881, -37.382
-35.2368, 15.0536
Particle 4 new velocities: -40.8266, -7.80874
3.95234, -1.56847
0.408697, 0.00013369
-142.721, -0.0633533
-- ITERATION 44 --
-------------
Particle: 1:
Relays Coordinates:
218.515, 256.129
66.6013, 55.5803
183.172, 147.975
168.706, 288.243
Evaluation Time: 0.0156044 seconds
Resulting Fitness: 0.770042
-------------
Particle: 2:
Relays Coordinates:
206.325, 190.117
130.596, 15.2748
146.512, 146.998
223.41, 242.275
Evaluation Time: 0.0178373 seconds
Resulting Fitness: 0.717375
-------------
Particle: 3:
Relays Coordinates:
217.528, 236.891
53.2083, 100.978
194.879, 114.967
115.904, 277.09
Evaluation Time: 0.0153762 seconds
Resulting Fitness: 0.779167
-------------
Particle: 4:
Relays Coordinates:
221.148, 255.644
70.1688, 87.3198
185.22, 147.831
123.004, 288.623
Evaluation Time: 0.016006 seconds
Resulting Fitness: 0.764375
Current global best fitness: 0.85
Current global best relays: 218.174, 241.248
65.6844, 94.0519
184.088, 147.96
167.687, 288.605
Particle 1 new velocities: -4.73664, -18.9456
-1.03177, 89.5881
0.629025, 0.0479915
3.23996, -0.343382
Particle 2 new velocities: -199.794, 13.8244
25.6171, 161.907
-93.1366, 2.76112
119.715, 16.3238
Particle 3 new velocities: 7.316, 9.19628
22.7857, -11.5102
-13.4904, 12.6174
108.661, 2.68698
Particle 4 new velocities: -32.981, -11.937
-2.54838, 6.31021
-2.85092, 0.0745843
-55.0824, 1.68145
-- ITERATION 45 --
-------------
Particle: 1:
Relays Coordinates:
213.778, 237.184
65.5695, 145.168
183.801, 148.023
171.946, 287.9
Evaluation Time: 0.000142927 seconds
Resulting Fitness: 0
-------------
Particle: 2:
Relays Coordinates:
6.53078, 203.941
156.213, 177.181
53.375, 149.759
343.125, 258.599
Evaluation Time: 0.000145446 seconds
Resulting Fitness: 0
-------------
Particle: 3:
Relays Coordinates:
224.844, 246.087
75.994, 89.4674
181.389, 127.584
224.565, 279.777
Evaluation Time: 0.0150566 seconds
Resulting Fitness: 0.76725
-------------
Particle: 4:
Relays Coordinates:
188.167, 243.707
67.6204, 93.63
182.369, 147.905
67.9217, 290.304
Evaluation Time: 0.0161737 seconds
Resulting Fitness: 0.752125
Current global best fitness: 0.85
Current global best relays: 218.174, 241.248
65.6844, 94.0519
184.088, 147.96
167.687, 288.605
Particle 1 new velocities: 7.64696, -11.723
-0.641989, -17.846
1.03206, -0.124774
0.43546, 0.986443
Particle 2 new velocities: -122.742, -41.9076
70.6266, 135.476
103.701, -0.136639
-263.337, 33.9273
Particle 3 new velocities: 2.37862, 28.2749
-9.98283, 2.19479
-2.28499, 40.4223
77.1395, -59.5386
Particle 4 new velocities: 42.2603, 10.7053
-6.31141, 0.360027
0.104727, 0.102929
47.891, -1.11791
-- ITERATION 46 --
-------------
Particle: 1:
Relays Coordinates:
221.425, 225.461
64.9275, 127.322
184.833, 147.898
172.382, 288.886
Evaluation Time: 0.016828 seconds
Resulting Fitness: 0.7695
-------------
Particle: 2:
Relays Coordinates:
0, 162.034
226.84, 312.657
157.076, 149.623
79.7884, 292.526
Evaluation Time: 0.000177959 seconds
Resulting Fitness: 0
-------------
Particle: 3:
Relays Coordinates:
227.223, 274.362
66.0111, 91.6622
179.104, 168.007
301.705, 220.238
Evaluation Time: 0.0167602 seconds
Resulting Fitness: 0.704417
-------------
Particle: 4:
Relays Coordinates:
230.427, 254.412
61.309, 93.99
182.474, 148.008
115.813, 289.186
Evaluation Time: 0.0221917 seconds
Resulting Fitness: 0.741333
Current global best fitness: 0.85
Current global best relays: 218.174, 241.248
65.6844, 94.0519
184.088, 147.96
167.687, 288.605
Particle 1 new velocities: -1.23083, 26.8598
0.46353, -94.83
-0.854738, -0.00333381
-8.11091, 0.716999
Particle 2 new velocities: 349.336, 31.9463
-227.716, -193.082
87.7382, -2.06609
-19.4012, 31.5501
Particle 3 new velocities: 2.60789, 23.7099
-9.64167, 14.5279
13.6527, -18.0337
-117.748, 39.4986
Particle 4 new velocities: 30.6929, -6.69424
-2.42163, -7.00989
0.776711, 0.0262104
152.893, -0.14208
-- ITERATION 47 --
-------------
Particle: 1:
Relays Coordinates:
220.195, 252.321
65.391, 32.4924
183.978, 147.895
164.271, 289.603
Evaluation Time: 0.000165894 seconds
Resulting Fitness: 0
-------------
Particle: 2:
Relays Coordinates:
349.336, 193.98
0, 119.576
244.814, 147.557
60.3872, 324.076
Evaluation Time: 0.000137761 seconds
Resulting Fitness: 0
-------------
Particle: 3:
Relays Coordinates:
229.831, 298.072
56.3695, 106.19
192.757, 149.973
183.957, 259.737
Evaluation Time: 0.0156799 seconds
Resulting Fitness: 0.710417
-------------
Particle: 4:
Relays Coordinates:
261.12, 247.718
58.8873, 86.9801
183.25, 148.035
268.705, 289.044
Evaluation Time: 0.0195445 seconds
Resulting Fitness: 0.750083
Current global best fitness: 0.85
Current global best relays: 218.174, 241.248
65.6844, 94.0519
184.088, 147.96
167.687, 288.605
Particle 1 new velocities: -4.25769, -1.5436
0.944813, 40.9401
-0.584772, 0.0759418
0.159143, -1.01618
Particle 2 new velocities: 126.044, 3.09817
95.2894, -133.879
-129.59, 0.54273
324.266, -18.389
Particle 3 new velocities: 17.3608, -24.5352
11.5307, 7.64302
-5.36469, -35.6446
-113.359, 48.006
Particle 4 new velocities: -11.9141, -11.4801
3.87766, -0.948234
1.36429, -0.206666
-67.3898, 1.09396
-- ITERATION 48 --
-------------
Particle: 1:
Relays Coordinates:
215.937, 250.777
66.3358, 73.4325
183.394, 147.971
164.43, 288.587
Evaluation Time: 0.0186051 seconds
Resulting Fitness: 0.764208
-------------
Particle: 2:
Relays Coordinates:
350, 197.078
95.2894, 0
115.223, 148.099
350, 305.687
Evaluation Time: 0.000217951 seconds
Resulting Fitness: 0
-------------
Particle: 3:
Relays Coordinates:
247.192, 273.537
67.9002, 113.833
187.392, 114.328
70.598, 307.743
Evaluation Time: 0.000145009 seconds
Resulting Fitness: 0
-------------
Particle: 4:
Relays Coordinates:
249.206, 236.238
62.765, 86.0319
184.615, 147.828
201.316, 290.138
Evaluation Time: 0.0199404 seconds
Resulting Fitness: 0.769833
Current global best fitness: 0.85
Current global best relays: 218.174, 241.248
65.6844, 94.0519
184.088, 147.96
167.687, 288.605
Particle 1 new velocities: -0.283936, -17.335
-0.357422, 46.2555
0.291249, 0.0500457
6.11663, -0.800488
Particle 2 new velocities: -341.148, 34.2971
141.718, 163.948
7.45472, 1.28005
-315.729, -15.921
Particle 3 new velocities: 3.20848, -27.8848
7.742, -23.9371
-6.06219, 9.14546
34.8434, -58.4139
Particle 4 new velocities: -56.8909, 25.2642
4.25888, 2.32703
-0.0825528, 0.0141021
-108.777, -1.43864
-- ITERATION 49 --
-------------
Particle: 1:
Relays Coordinates:
215.653, 233.442
65.9784, 119.688
183.685, 148.021
170.546, 287.787
Evaluation Time: 1.53938 seconds
Resulting Fitness: 0.845833
-------------
Particle: 2:
Relays Coordinates:
8.85169, 231.375
237.007, 163.948
122.678, 149.379
34.2706, 289.766
Evaluation Time: 0.80823 seconds
Resulting Fitness: 0.120833
-------------
Particle: 3:
Relays Coordinates:
250.4, 245.652
75.6422, 89.8959
181.33, 123.474
105.441, 249.329
Evaluation Time: 1.57693 seconds
Resulting Fitness: 0.866667
New local best!
New global best!
-------------
Particle: 4:
Relays Coordinates:
192.315, 261.502
67.0239, 88.3589
184.532, 147.842
92.5383, 288.699
Evaluation Time: 1.55231 seconds
Resulting Fitness: 0.85
New local best!
Current global best fitness: 0.866667
Current global best relays: 250.4, 245.652
75.6422, 89.8959
181.33, 123.474
105.441, 249.329
Particle 1 new velocities: 10.0058, 9.14807
8.20772, -10.2886
0.303469, -23.9939
-56.1817, -31.7346
Particle 2 new velocities: -199.506, -62.6078
-14.8181, 40.6565
5.89104, -32.0444
-49.7975, -58.0383
Particle 3 new velocities: 2.56678, -22.3078
6.1936, -19.1497
-4.84975, 7.31637
27.8747, -46.7311
Particle 4 new velocities: 31.6819, -0.903615
17.2517, 4.41568
-2.12973, -26.5153
-79.3094, -14.5979
-- ITERATION 50 --
-------------
Particle: 1:
Relays Coordinates:
225.659, 242.59
74.1861, 109.399
183.988, 124.027
114.365, 256.052
Evaluation Time: 0.0482716 seconds
Resulting Fitness: 0.764333
-------------
Particle: 2:
Relays Coordinates:
0, 168.768
222.189, 204.605
128.569, 117.335
0, 231.728
Evaluation Time: 0.000192135 seconds
Resulting Fitness: 0
-------------
Particle: 3:
Relays Coordinates:
252.967, 223.344
81.8358, 70.7462
176.48, 130.79
133.316, 202.598
Evaluation Time: 0.0191666 seconds
Resulting Fitness: 0.772
-------------
Particle: 4:
Relays Coordinates:
223.997, 260.599
84.2756, 92.7746
182.402, 121.327
13.2289, 274.102
Evaluation Time: 0.00016928 seconds
Resulting Fitness: 0
Current global best fitness: 0.866667
Current global best relays: 250.4, 245.652
75.6422, 89.8959
181.33, 123.474
105.441, 249.329
Particle 1 new velocities: 8.62815, 8.48627
4.80428, -27.6688
-2.59063, -4.70942
-11.2775, -3.07101
Particle 2 new velocities: 383.336, -70.5913
-246.07, -51.1369
-0.329262, -1.11502
446.886, -1.1013
Particle 3 new velocities: -2.40676, 31.6007
-8.39592, 13.2425
9.2547, -4.04546
4.11382, 8.67035
Particle 4 new velocities: 1.22743, -11.791
-0.153299, -4.23958
0.112878, 12.6505
16.7418, -17.8485
-- ITERATION 51 --
-------------
Particle: 1:
Relays Coordinates:
234.287, 251.076
78.9904, 81.7305
181.398, 119.317
103.087, 252.981
Evaluation Time: 0.0176988 seconds
Resulting Fitness: 0.766167
-------------
Particle: 2:
Relays Coordinates:
350, 98.1762
0, 153.468
128.24, 116.22
350, 230.627
Evaluation Time: 0.000309979 seconds
Resulting Fitness: 0
-------------
Particle: 3:
Relays Coordinates:
250.56, 254.945
73.4399, 83.9887
185.735, 126.745
137.43, 211.268
Evaluation Time: 0.015871 seconds
Resulting Fitness: 0.76475
-------------
Particle: 4:
Relays Coordinates:
225.224, 248.808
84.1223, 88.535
182.515, 133.977
29.9706, 256.253
Evaluation Time: 0.000163485 seconds
Resulting Fitness: 0
Current global best fitness: 0.866667
Current global best relays: 250.4, 245.652
75.6422, 89.8959
181.33, 123.474
105.441, 249.329
Particle 1 new velocities: 11.2229, -8.34298
-7.52579, -2.64374
0.844344, 8.18336
-3.21924, 24.7375
Particle 2 new velocities: -288.064, 24.0827
254.767, -118.548
18.1955, 30.2564
-152.862, 37.5657
Particle 3 new velocities: -2.17712, 12.9951
-2.08927, 17.1283
2.17002, -7.75613
-72.729, 112.887
Particle 4 new velocities: -24.1964, 1.96615
-24.6274, -2.43094
0.702271, 11.9328
129.374, -7.00647
-- ITERATION 52 --
-------------
Particle: 1:
Relays Coordinates:
245.51, 242.733
71.4646, 79.0868
182.242, 127.501
99.868, 277.719
Evaluation Time: 0.0197083 seconds
Resulting Fitness: 0.761167
-------------
Particle: 2:
Relays Coordinates:
61.9364, 122.259
254.767, 34.9201
146.435, 146.476
197.138, 268.192
Evaluation Time: 0.000134218 seconds
Resulting Fitness: 0
-------------
Particle: 3:
Relays Coordinates:
248.383, 267.94
71.3506, 101.117
187.905, 118.989
64.7009, 324.155
Evaluation Time: 0.000107955 seconds
Resulting Fitness: 0
-------------
Particle: 4:
Relays Coordinates:
201.028, 250.774
59.495, 86.1041
183.217, 145.91
159.345, 249.247
Evaluation Time: 0.0158927 seconds
Resulting Fitness: 0.755292
Current global best fitness: 0.866667
Current global best relays: 250.4, 245.652
75.6422, 89.8959
181.33, 123.474
105.441, 249.329
Particle 1 new velocities: -15.094, -6.07104
-11.7707, 24.9406
-0.434763, 23.1062
33.04, 19.0534
Particle 2 new velocities: -132.794, 33.9936
3.61364, 84.1332
14.5306, 3.5926
-100.556, 36.0732
Particle 3 new velocities: 3.09662, -13.9948
2.86194, -11.4024
-8.5972, 0.257581
8.56292, 34.9128
Particle 4 new velocities: 4.68801, 5.39013
-8.20795, 3.55052
0.822535, 3.6551
42.999, -2.97299
-- ITERATION 53 --
-------------
Particle: 1:
Relays Coordinates:
230.416, 236.662
59.6939, 104.027
181.807, 150.607
132.908, 296.772
Evaluation Time: 0.0200161 seconds
Resulting Fitness: 0.729667
-------------
Particle: 2:
Relays Coordinates:
0, 156.252
258.381, 119.053
160.966, 150.069
96.5821, 304.266
Evaluation Time: 0.000225915 seconds
Resulting Fitness: 0
-------------
Particle: 3:
Relays Coordinates:
251.479, 253.945
74.2125, 89.7146
179.308, 119.246
73.2638, 350
Evaluation Time: 0.00017085 seconds
Resulting Fitness: 0
-------------
Particle: 4:
Relays Coordinates:
205.716, 256.164
51.287, 89.6546
184.04, 149.565
202.344, 246.274
Evaluation Time: 0.0145521 seconds
Resulting Fitness: 0.74725
Current global best fitness: 0.866667
Current global best relays: 250.4, 245.652
75.6422, 89.8959
181.33, 123.474
105.441, 249.329
Particle 1 new velocities: -15.9135, 6.47765
0.75181, 12.1863
1.75619, -32.0233
34.706, -37.8354
Particle 2 new velocities: 45.7997, 78.7824
-82.6519, 90.6227
-15.6912, -0.0717126
59.2265, -67.8836
Particle 3 new velocities: 1.0945, -19.9061
3.85856, -8.64654
-5.29066, 7.01202
22.4387, -120.226
Particle 4 new velocities: 49.3394, 6.43742
25.1846, 1.60091
-2.44597, -44.652
-121.169, 26.2177
-- ITERATION 54 --
-------------
Particle: 1:
Relays Coordinates:
214.502, 243.14
60.4457, 116.214
183.564, 118.584
167.614, 258.937
Evaluation Time: 0.0167748 seconds
Resulting Fitness: 0.763792
-------------
Particle: 2:
Relays Coordinates:
45.7997, 235.035
175.729, 209.676
145.275, 149.997
155.809, 236.382
Evaluation Time: 0.000147567 seconds
Resulting Fitness: 0
-------------
Particle: 3:
Relays Coordinates:
252.574, 234.039
78.0711, 81.068
174.017, 126.258
95.7025, 229.774
Evaluation Time: 0.0154933 seconds
Resulting Fitness: 0.78
-------------
Particle: 4:
Relays Coordinates:
255.055, 262.601
76.4716, 91.2555
181.594, 104.913
81.1748, 272.491
Evaluation Time: 0.000144282 seconds
Resulting Fitness: 0
Current global best fitness: 0.866667
Current global best relays: 250.4, 245.652
75.6422, 89.8959
181.33, 123.474
105.441, 249.329
Particle 1 new velocities: 34.0775, 6.66521
5.06144, -41.4172
1.60375, -5.13031
16.0689, -22.5652
Particle 2 new velocities: 254.998, 9.66885
-24.3827, 38.4637
-38.7117, -7.47614
88.2667, 10.6826
Particle 3 new velocities: -1.55067, 4.51144
0.705089, 7.74371
4.24914, 0.235149
34.8693, -77.4959
Particle 4 new velocities: 1.92537, -21.9385
15.8089, -0.841543
-0.585202, 40.0949
-54.1208, 18.8648
-- ITERATION 55 --
-------------
Particle: 1:
Relays Coordinates:
248.58, 249.805
65.5072, 74.7965
185.167, 113.453
183.683, 236.371
Evaluation Time: 0.0181218 seconds
Resulting Fitness: 0.774625
-------------
Particle: 2:
Relays Coordinates:
300.798, 244.704
151.346, 248.14
106.563, 142.521
244.075, 247.065
Evaluation Time: 0.000133515 seconds
Resulting Fitness: 0
-------------
Particle: 3:
Relays Coordinates:
251.023, 238.55
78.7762, 88.8117
178.266, 126.493
130.572, 152.278
Evaluation Time: 0.0142235 seconds
Resulting Fitness: 0.777958
-------------
Particle: 4:
Relays Coordinates:
256.98, 240.663
92.2805, 90.414
181.009, 145.008
27.054, 291.356
Evaluation Time: 0.00014469 seconds
Resulting Fitness: 0
Current global best fitness: 0.866667
Current global best relays: 250.4, 245.652
75.6422, 89.8959
181.33, 123.474
105.441, 249.329
Particle 1 new velocities: 16.9587, -10.4002
4.61771, -6.25865
-3.73334, 11.2664
-54.0731, 7.43397
Particle 2 new velocities: -64.6118, -180.633
-12.0337, -268.854
104.349, -11.8937
-10.3362, 54.936
Particle 3 new velocities: -2.37498, 21.511
-1.80713, 7.70401
7.79476, -4.79146
-12.6016, 118.23
Particle 4 new velocities: -31.5485, -1.2623
-19.5225, -3.65387
-0.0132923, 7.41564
42.312, 11.4644
-- ITERATION 56 --
-------------
Particle: 1:
Relays Coordinates:
265.538, 239.405
70.1249, 68.5379
181.434, 124.72
129.61, 243.805
Evaluation Time: 0.0183032 seconds
Resulting Fitness: 0.762708
-------------
Particle: 2:
Relays Coordinates:
236.186, 64.071
139.312, 0
210.912, 130.627
233.739, 302.001
Evaluation Time: 0.000196835 seconds
Resulting Fitness: 0
-------------
Particle: 3:
Relays Coordinates:
248.648, 260.061
76.9691, 96.5157
186.061, 121.702
117.97, 270.509
Evaluation Time: 0.000143496 seconds
Resulting Fitness: 0
-------------
Particle: 4:
Relays Coordinates:
225.432, 239.401
72.7581, 86.7601
180.995, 152.424
69.366, 302.821
Evaluation Time: 0.000112772 seconds
Resulting Fitness: 0
Current global best fitness: 0.866667
Current global best relays: 250.4, 245.652
75.6422, 89.8959
181.33, 123.474
105.441, 249.329
Particle 1 new velocities: -58.1561, 2.93392
4.76, 32.1114
-2.65203, 33.6262
-33.1789, 21.7737
Particle 2 new velocities: -229.905, 119.242
84.8723, 189.074
36.3185, -19.05
-117.942, -14.7423
Particle 3 new velocities: -0.309619, 7.3146
-3.67733, -2.73125
1.39696, -1.83543
-33.5732, 75.5208
Particle 4 new velocities: 6.16298, 18.3365
-19.4905, 3.74032
1.7065, -38.6094
66.9707, -94.1451
-- ITERATION 57 --
-------------
Particle: 1:
Relays Coordinates:
207.382, 242.339
74.8849, 100.649
178.782, 158.346
96.4309, 265.579
Evaluation Time: 0.0172185 seconds
Resulting Fitness: 0.776833
-------------
Particle: 2:
Relays Coordinates:
6.2817, 183.313
224.185, 189.074
247.23, 111.577
115.797, 287.258
Evaluation Time: 0.000138947 seconds
Resulting Fitness: 0
-------------
Particle: 3:
Relays Coordinates:
248.339, 267.376
73.2917, 93.7845
187.458, 119.866
84.397, 346.03
Evaluation Time: 0.000123974 seconds
Resulting Fitness: 0
-------------
Particle: 4:
Relays Coordinates:
231.595, 257.737
53.2676, 90.5004
182.702, 113.814
136.337, 208.675
Evaluation Time: 0.0157163 seconds
Resulting Fitness: 0.761
Current global best fitness: 0.866667
Current global best relays: 250.4, 245.652
75.6422, 89.8959
181.33, 123.474
105.441, 249.329
Particle 1 new velocities: -22.5893, 5.31802
-0.760771, 5.23563
0.940069, -21.3036
2.1164, 21.7017
Particle 2 new velocities: 54.2832, 191.833
-115.291, 32.385
-79.1172, 31.8768
-49.3028, -32.6368
Particle 3 new velocities: 5.0938, -2.20025
0.51494, -10.3323
-15.2174, 2.92773
2.01582, -31.1593
Particle 4 new velocities: 36.7905, -6.72153
26.238, 1.05485
1.26723, -2.37014
-26.1506, -14.2646
-- ITERATION 58 --
-------------
Particle: 1:
Relays Coordinates:
184.793, 247.657
74.1241, 105.885
179.722, 137.042
98.5473, 287.281
Evaluation Time: 0.0173001 seconds
Resulting Fitness: 0.770583
-------------
Particle: 2:
Relays Coordinates:
60.5649, 350
108.893, 221.459
168.113, 143.454
66.4944, 254.622
Evaluation Time: 0.000185457 seconds
Resulting Fitness: 0
-------------
Particle: 3:
Relays Coordinates:
253.433, 265.176
73.8067, 83.4522
172.241, 122.794
86.4128, 314.87
Evaluation Time: 0.000150862 seconds
Resulting Fitness: 0
-------------
Particle: 4:
Relays Coordinates:
268.385, 251.016
79.5055, 91.5553
183.969, 111.444
110.186, 194.411
Evaluation Time: 0.000143696 seconds
Resulting Fitness: 0
Current global best fitness: 0.866667
Current global best relays: 250.4, 245.652
75.6422, 89.8959
181.33, 123.474
105.441, 249.329
Particle 1 new velocities: 113.109, -4.41272
-0.26928, -2.67741
4.22638, -13.0088
36.2376, 3.98792
Particle 2 new velocities: 251.016, -33.9498
-15.5104, -69.8099
-65.6309, 11.9527
206.129, -23.3983
Particle 3 new velocities: -2.25258, -8.6787
3.78522, -6.599
-2.44425, 3.18503
22.4473, -114.468
Particle 4 new velocities: -34.2394, 5.49796
6.29401, -3.4787
-1.70455, 16.9343
-30.8317, 94.1123
-- ITERATION 59 --
-------------
Particle: 1:
Relays Coordinates:
297.902, 243.244
73.8548, 103.207
183.948, 124.033
134.785, 291.269
Evaluation Time: 1.37698 seconds
Resulting Fitness: 0.65
-------------
Particle: 2:
Relays Coordinates:
311.581, 316.05
93.3829, 151.649
102.482, 155.407
272.623, 231.223
Evaluation Time: 1.24385 seconds
Resulting Fitness: 0.1125
-------------
Particle: 3:
Relays Coordinates:
251.18, 256.497
77.5919, 76.8532
169.796, 125.979
108.86, 200.402
Evaluation Time: 1.47032 seconds
Resulting Fitness: 0.804167
-------------
Particle: 4:
Relays Coordinates:
234.146, 256.513
85.7995, 88.0766
182.265, 128.378
79.3544, 288.523
Evaluation Time: 1.54158 seconds
Resulting Fitness: 0.804167
Current global best fitness: 0.866667
Current global best relays: 250.4, 245.652
75.6422, 89.8959
181.33, 123.474
105.441, 249.329
Particle 1 new velocities: 25.1574, -0.950693
-1.99704, -27.5427
3.01673, 6.5777
34.9734, -27.3347
Particle 2 new velocities: 70.2405, -319.158
43.5703, -101.222
-11.2402, -45.9449
-52.2718, 66.427
Particle 3 new velocities: -2.703, -19.7893
-0.491673, 14.0146
2.57737, -2.37075
11.9017, 20.2856
Particle 4 new velocities: -34.8744, 2.38729
-24.655, -1.24868
-1.86618, 22.0198
8.94271, 73.7849
-- ITERATION 60 --
-------------
Particle: 1:
Relays Coordinates:
323.06, 242.293
71.8578, 75.6648
186.965, 130.611
169.758, 263.934
Evaluation Time: 0.000155295 seconds
Resulting Fitness: 0
-------------
Particle: 2:
Relays Coordinates:
350, 0
136.953, 50.4277
91.2419, 109.462
220.351, 297.65
Evaluation Time: 0.000131248 seconds
Resulting Fitness: 0
-------------
Particle: 3:
Relays Coordinates:
248.477, 236.708
77.1002, 90.8679
172.374, 123.609
120.762, 220.687
Evaluation Time: 0.0160907 seconds
Resulting Fitness: 0.78875
-------------
Particle: 4:
Relays Coordinates:
199.272, 258.901
61.1445, 86.8279
180.398, 150.398
88.2972, 350
Evaluation Time: 0.016475 seconds
Resulting Fitness: 0.679417
Current global best fitness: 0.866667
Current global best relays: 250.4, 245.652
75.6422, 89.8959
181.33, 123.474
105.441, 249.329
Particle 1 new velocities: -114.283, 3.6408
-4.1452, -5.96826
-4.89373, 24.8674
19.4336, -33.6748
Particle 2 new velocities: -464.784, 469.682
24.1614, 23.6479
50.6019, -7.48656
-145.238, -9.21357
Particle 3 new velocities: -1.10045, -7.5866
-2.7849, 9.44936
11.2413, -2.05618
-4.03998, 60.8185
Particle 4 new velocities: 57.6215, -11.3877
-10.8912, 3.09176
2.35261, -2.009
26.2113, -210.567
-- ITERATION 61 --
-------------
Particle: 1:
Relays Coordinates:
208.777, 245.934
67.7126, 69.6965
182.071, 155.479
189.192, 230.259
Evaluation Time: 0.016629 seconds
Resulting Fitness: 0.783958
-------------
Particle: 2:
Relays Coordinates:
0, 350
161.115, 74.0756
141.844, 101.975
75.1138, 288.437
Evaluation Time: 0.000145488 seconds
Resulting Fitness: 0
-------------
Particle: 3:
Relays Coordinates:
247.376, 229.121
74.3153, 100.317
183.615, 121.552
116.722, 281.506
Evaluation Time: 0.0152173 seconds
Resulting Fitness: 0.789083
-------------
Particle: 4:
Relays Coordinates:
256.893, 247.513
50.2533, 89.9197
182.751, 148.389
114.508, 139.433
Evaluation Time: 0.0161561 seconds
Resulting Fitness: 0.75275
Current global best fitness: 0.866667
Current global best relays: 250.4, 245.652
75.6422, 89.8959
181.33, 123.474
105.441, 249.329
Particle 1 new velocities: -25.9568, 1.78813
2.688, 17.5584
-2.58055, 7.56126
-124.413, 20.6344
Particle 2 new velocities: 49.774, -331.215
-13.1895, 83.8466
74.8769, 51.4975
63.3587, -16.6764
Particle 3 new velocities: 0.611551, -2.92908
9.85814e-05, 0.00352252
5.02989, 1.83143
-11.8168, -29.9323
Particle 4 new velocities: 30.436, -7.78603
36.7378, 0.778711
1.5607, -15.1886
-13.2798, 64.4789
-- ITERATION 62 --
-------------
Particle: 1:
Relays Coordinates:
182.82, 247.722
70.4006, 87.2549
179.491, 163.04
64.7791, 250.894
Evaluation Time: 0.0148073 seconds
Resulting Fitness: 0.752375
-------------
Particle: 2:
Relays Coordinates:
49.774, 18.7852
147.925, 157.922
216.721, 153.473
138.472, 271.76
Evaluation Time: 0.000209464 seconds
Resulting Fitness: 0
-------------
Particle: 3:
Relays Coordinates:
247.988, 226.192
74.3154, 100.321
188.645, 123.384
104.905, 251.574
Evaluation Time: 0.0153955 seconds
Resulting Fitness: 0.792833
-------------
Particle: 4:
Relays Coordinates:
287.329, 239.727
86.9911, 90.6984
184.312, 133.201
101.229, 203.912
Evaluation Time: 0.0153903 seconds
Resulting Fitness: 0.7585
Current global best fitness: 0.866667
Current global best relays: 250.4, 245.652
75.6422, 89.8959
181.33, 123.474
105.441, 249.329
Particle 1 new velocities: 54.3529, 0.945078
4.54391, 21.2428
3.99677, -63.1618
-93.5247, 24.3619
Particle 2 new velocities: 271.613, 168.128
-57.0331, 58.7234
-95.7607, 9.50706
66.9012, -9.1077
Particle 3 new velocities: 2.56671, 25.4266
2.4644, -15.3744
-1.61545, 1.596
-8.47157, -26.2998
Particle 4 new velocities: -123.382, 11.4729
10.3107, -0.771653
0.686794, 1.60192
-12.7998, 129.889
-- ITERATION 63 --
-------------
Particle: 1:
Relays Coordinates:
237.173, 248.667
74.9445, 108.498
183.488, 99.878
0, 275.256
Evaluation Time: 0.00016699 seconds
Resulting Fitness: 0
-------------
Particle: 2:
Relays Coordinates:
321.387, 186.913
90.8921, 216.646
120.96, 162.98
205.374, 262.653
Evaluation Time: 0.000135951 seconds
Resulting Fitness: 0
-------------
Particle: 3:
Relays Coordinates:
250.555, 251.619
76.7798, 84.9464
187.029, 124.98
96.4335, 225.274
Evaluation Time: 0.014546 seconds
Resulting Fitness: 0.784375
-------------
Particle: 4:
Relays Coordinates:
163.947, 251.2
97.3018, 89.9267
184.999, 134.803
88.4288, 333.801
Evaluation Time: 0.0166316 seconds
Resulting Fitness: 0.7245
Current global best fitness: 0.866667
Current global best relays: 250.4, 245.652
75.6422, 89.8959
181.33, 123.474
105.441, 249.329
Particle 1 new velocities: 52.6531, -7.58815
2.85377, -1.57236
-0.412781, 11.7735
257.019, -8.21175
Particle 2 new velocities: -133.938, 49.8541
71.0383, -58.831
-73.4753, -13.7504
-3.99936, 5.92092
Particle 3 new velocities: 1.86268, 13.9908
0.625993, -5.77912
-6.87037, -0.968671
3.53061, -3.6342
Particle 4 new velocities: -19.4848, 2.12382
-26.7016, -0.898973
-4.14664, -16.7869
0.625729, -42.1305
-- ITERATION 64 --
-------------
Particle: 1:
Relays Coordinates:
289.826, 241.079
77.7983, 106.925
183.075, 111.651
257.019, 267.044
Evaluation Time: 0.000198005 seconds
Resulting Fitness: 0
-------------
Particle: 2:
Relays Coordinates:
187.449, 236.767
161.93, 157.815
47.4847, 149.23
201.374, 268.574
Evaluation Time: 0.000138535 seconds
Resulting Fitness: 0
-------------
Particle: 3:
Relays Coordinates:
252.417, 265.61
77.4058, 79.1673
180.159, 124.011
99.9641, 221.64
Evaluation Time: 0.000135395 seconds
Resulting Fitness: 0
-------------
Particle: 4:
Relays Coordinates:
144.462, 253.324
70.6002, 89.0277
180.852, 118.016
89.0546, 291.671
Evaluation Time: 0.0175589 seconds
Resulting Fitness: 0.761833
Current global best fitness: 0.866667
Current global best relays: 250.4, 245.652
75.6422, 89.8959
181.33, 123.474
105.441, 249.329
Particle 1 new velocities: -42.2518, -3.61683
-3.48244, -21.7564
-2.81532, 18.1057
-7.78321, -12.0329
Particle 2 new velocities: -47.5034, -82.0938
-40.0119, -52.9305
43.1619, -22.0904
29.7384, 36.7812
Particle 3 new velocities: -1.35026, -46.6369
-2.19493, 22.5334
-3.45112, -1.24529
8.54973, 25.6383
Particle 4 new velocities: 96.3676, 1.2008
-18.7774, -0.845163
-1.24796, 0.534085
25.0088, -95.7346
-- ITERATION 65 --
-------------
Particle: 1:
Relays Coordinates:
247.574, 237.462
74.3158, 85.169
180.259, 129.757
249.236, 255.011
Evaluation Time: 0.0178574 seconds
Resulting Fitness: 0.782375
-------------
Particle: 2:
Relays Coordinates:
139.945, 154.673
121.919, 104.884
90.6466, 127.139
231.113, 305.355
Evaluation Time: 0.000253766 seconds
Resulting Fitness: 0
-------------
Particle: 3:
Relays Coordinates:
251.067, 218.973
75.2109, 101.701
176.708, 122.766
108.514, 247.278
Evaluation Time: 0.015202 seconds
Resulting Fitness: 0.791375
-------------
Particle: 4:
Relays Coordinates:
240.83, 254.525
51.8228, 88.1826
179.604, 118.55
114.063, 195.936
Evaluation Time: 0.0204867 seconds
Resulting Fitness: 0.762458
Current global best fitness: 0.866667
Current global best relays: 250.4, 245.652
75.6422, 89.8959
181.33, 123.474
105.441, 249.329
Particle 1 new velocities: -53.9836, 13.8211
-9.5561, -8.94412
-1.0209, 22.0518
-101.249, 3.33802
Particle 2 new velocities: 71.7911, 52.3954
-56.2073, 12.5637
122.889, -6.49476
-14.641, -22.9688
Particle 3 new velocities: -1.69454, 14.8463
-1.08224, -10.4833
7.94792, 0.896519
0.428594, 24.4431
Particle 4 new velocities: 37.8648, -5.94109
13.8919, 0.480129
6.45676, 33.522
-6.20127, 4.13234
-- ITERATION 66 --
-------------
Particle: 1:
Relays Coordinates:
193.591, 251.284
64.7597, 76.2248
179.239, 151.809
147.986, 258.349
Evaluation Time: 0.0149721 seconds
Resulting Fitness: 0.761542
-------------
Particle: 2:
Relays Coordinates:
211.736, 207.068
65.7113, 117.448
213.536, 120.644
216.472, 282.386
Evaluation Time: 0.0201291 seconds
Resulting Fitness: 0.793458
New local best!
-------------
Particle: 3:
Relays Coordinates:
249.373, 233.819
74.1286, 91.2174
184.656, 123.662
108.942, 271.721
Evaluation Time: 0.0153621 seconds
Resulting Fitness: 0.790167
-------------
Particle: 4:
Relays Coordinates:
278.695, 248.583
65.7147, 88.6627
186.061, 152.072
107.862, 200.068
Evaluation Time: 0.0159521 seconds
Resulting Fitness: 0.764542
Current global best fitness: 0.866667
Current global best relays: 250.4, 245.652
75.6422, 89.8959
181.33, 123.474
105.441, 249.329
Particle 1 new velocities: -20.3676, -3.03771
-2.62477, 17.1561
5.08154, 2.41453
-83.2043, 22.118
Particle 2 new velocities: 121.392, 109.974
-36.073, -17.6314
81.1553, -1.83465
-134.088, -65.6516
Particle 3 new velocities: 0.400951, 38.4122
0.663849, -11.177
0.0529872, 0.525614
-4.31841, -24.206
Particle 4 new velocities: -19.3328, -0.276733
13.1736, 0.749292
3.39217, -27.8081
-19.9925, 97.0735
-- ITERATION 67 --
-------------
Particle: 1:
Relays Coordinates:
173.223, 248.246
62.135, 93.3809
184.32, 154.223
64.7822, 280.467
Evaluation Time: 0.0157001 seconds
Resulting Fitness: 0.744667
-------------
Particle: 2:
Relays Coordinates:
333.128, 317.042
29.6383, 99.8163
294.691, 118.81
82.384, 216.734
Evaluation Time: 0.000166976 seconds
Resulting Fitness: 0
-------------
Particle: 3:
Relays Coordinates:
249.774, 272.231
74.7925, 80.0404
184.709, 124.188
104.624, 247.515
Evaluation Time: 0.0160283 seconds
Resulting Fitness: 0.733
-------------
Particle: 4:
Relays Coordinates:
259.362, 248.307
78.8882, 89.412
189.453, 124.264
87.8696, 297.142
Evaluation Time: 0.000130463 seconds
Resulting Fitness: 0
Current global best fitness: 0.866667
Current global best relays: 250.4, 245.652
75.6422, 89.8959
181.33, 123.474
105.441, 249.329
Particle 1 new velocities: 2.52182, -10.7869
23.4424, 10.8942
3.49059, -54.4014
98.7655, -21.7822
Particle 2 new velocities: 55.3165, -76.7615
-13.8375, 0.492525
-93.7786, 0.381547
-71.983, 11.9287
Particle 3 new velocities: 1.16349, -16.1116
2.33309, 10.4422
-4.38413, -0.465225
-1.94341, -18.4133
Particle 4 new velocities: -27.8803, 14.5911
-1.04358, 0.931073
-8.6123, -0.667353
-12.6, 23.0678
-- ITERATION 68 --
-------------
Particle: 1:
Relays Coordinates:
175.745, 237.459
85.5773, 104.275
187.811, 99.822
163.548, 258.685
Evaluation Time: 0.016478 seconds
Resulting Fitness: 0.780375
-------------
Particle: 2:
Relays Coordinates:
350, 240.281
15.8008, 100.309
200.912, 119.191
10.401, 228.663
Evaluation Time: 0.000172355 seconds
Resulting Fitness: 0
-------------
Particle: 3:
Relays Coordinates:
250.937, 256.12
77.1256, 90.4826
180.325, 123.723
102.681, 229.102
Evaluation Time: 0.000132201 seconds
Resulting Fitness: 0
-------------
Particle: 4:
Relays Coordinates:
231.481, 262.898
77.8446, 90.3431
180.841, 123.596
75.2696, 320.21
Evaluation Time: 0.000129988 seconds
Resulting Fitness: 0
Current global best fitness: 0.866667
Current global best relays: 250.4, 245.652
75.6422, 89.8959
181.33, 123.474
105.441, 249.329
Particle 1 new velocities: 57.4775, 2.05364
3.25261, -2.83354
-11.8688, -3.31745
-16.3049, -5.00235
Particle 2 new velocities: -150.214, -54.8514
82.0114, 0.0993618
-108.459, 7.60818
26.2359, 69.1821
Particle 3 new velocities: 0.288233, -41.1713
-0.399458, 6.92086
-1.0205, -0.801748
1.93953, 9.32074
Particle 4 new velocities: -48.054, 5.66087
-15.5394, -0.220095
-4.99731, 9.26404
31.6407, -50.103
-- ITERATION 69 --
-------------
Particle: 1:
Relays Coordinates:
233.222, 239.513
88.83, 101.442
175.942, 96.5045
147.243, 253.682
Evaluation Time: 1.47239 seconds
Resulting Fitness: 0.779167
-------------
Particle: 2:
Relays Coordinates:
199.786, 185.429
97.8122, 100.408
92.4533, 126.8
36.6369, 297.845
Evaluation Time: 1.47364 seconds
Resulting Fitness: 0.75
-------------
Particle: 3:
Relays Coordinates:
251.225, 214.948
76.7261, 97.4035
179.304, 122.921
104.62, 238.423
Evaluation Time: 1.5404 seconds
Resulting Fitness: 0.858333
-------------
Particle: 4:
Relays Coordinates:
183.427, 268.559
62.3052, 90.123
175.843, 132.86
106.91, 270.107
Evaluation Time: 1.6725 seconds
Resulting Fitness: 0.841667
Current global best fitness: 0.866667
Current global best relays: 250.4, 245.652
75.6422, 89.8959
181.33, 123.474
105.441, 249.329
Particle 1 new velocities: 43.7781, 2.83574
-25.9137, -21.6642
-1.48207, 50.3685
-13.5991, 14.0838
Particle 2 new velocities: -66.382, 78.7439
15.6799, -3.4836
31.8059, 0.743639
133.324, 7.64735
Particle 3 new velocities: -0.831538, -31.3718
-1.49684, -4.11885
0.946762, -0.0313303
2.22805, 23.1664
Particle 4 new velocities: -8.74675, -13.0794
10.1712, -1.44593
11.6782, 7.1405
15.2584, -52.1281
-- ITERATION 70 --
-------------
Particle: 1:
Relays Coordinates:
277.001, 242.348
62.9163, 79.7774
174.46, 146.873
133.644, 267.766
Evaluation Time: 0.0163166 seconds
Resulting Fitness: 0.751708
-------------
Particle: 2:
Relays Coordinates:
133.404, 264.173
113.492, 96.9246
124.259, 127.543
169.961, 305.493
Evaluation Time: 0.0183838 seconds
Resulting Fitness: 0.723625
-------------
Particle: 3:
Relays Coordinates:
250.394, 183.576
75.2293, 93.2846
180.251, 122.89
106.848, 261.589
Evaluation Time: 0.0001694 seconds
Resulting Fitness: 0
-------------
Particle: 4:
Relays Coordinates:
174.681, 255.479
72.4764, 88.6771
187.522, 140.001
122.169, 217.978
Evaluation Time: 0.0174232 seconds
Resulting Fitness: 0.777875
Current global best fitness: 0.866667
Current global best relays: 250.4, 245.652
75.6422, 89.8959
181.33, 123.474
105.441, 249.329
Particle 1 new velocities: -52.6159, 6.1322
-4.50103, -15.3812
15.4269, 37.6901
-43.4173, -4.18928
Particle 2 new velocities: 169.668, 20.1336
-23.6939, 4.72335
136.926, -8.13715
122.242, -83.4695
Particle 3 new velocities: -0.652612, 18.4472
-0.72666, -11.8184
2.82008, 0.857656
-1.24418, -7.0136
Particle 4 new velocities: 136.75, -7.32405
7.99118, 0.429612
-2.00419, 8.46545
-21.4921, 61.9385
-- ITERATION 71 --
-------------
Particle: 1:
Relays Coordinates:
224.385, 248.481
58.4152, 64.3962
189.887, 184.563
90.2264, 263.577
Evaluation Time: 0.000140601 seconds
Resulting Fitness: 0
-------------
Particle: 2:
Relays Coordinates:
303.072, 284.307
89.7982, 101.648
261.185, 119.406
292.203, 222.023
Evaluation Time: 0.000100184 seconds
Resulting Fitness: 0
-------------
Particle: 3:
Relays Coordinates:
249.741, 202.024
74.5026, 81.4662
183.071, 123.747
105.604, 254.575
Evaluation Time: 9.7708e-05 seconds
Resulting Fitness: 0
-------------
Particle: 4:
Relays Coordinates:
311.431, 248.155
80.4676, 89.1067
185.517, 148.466
100.677, 279.917
Evaluation Time: 9.8972e-05 seconds
Resulting Fitness: 0
Current global best fitness: 0.866667
Current global best relays: 250.4, 245.652
75.6422, 89.8959
181.33, 123.474
105.441, 249.329
Particle 1 new velocities: -17.6031, -1.38288
29.1149, 27.6245
3.11232, -114.423
12.2925, 12.8996
Particle 2 new velocities: 33.4109, -124.762
-50.8392, -13.1153
-2.44033, 0.251808
-222.774, -9.14815
Particle 3 new velocities: 1.12086, 63.0993
1.75146, 3.81665
1.68328, 0.230635
-1.31567, -20.0689
Particle 4 new velocities: 81.9865, 0.612361
-1.60023, 0.875866
-9.94958, -3.69134
-14.6771, 29.454
-- ITERATION 72 --
-------------
Particle: 1:
Relays Coordinates:
206.782, 247.098
87.5301, 92.0207
192.999, 70.14
102.519, 276.476
Evaluation Time: 0.000123681 seconds
Resulting Fitness: 0
-------------
Particle: 2:
Relays Coordinates:
336.483, 159.545
38.959, 88.5327
258.744, 119.658
69.4292, 212.875
Evaluation Time: 0.000123642 seconds
Resulting Fitness: 0
-------------
Particle: 3:
Relays Coordinates:
250.862, 265.123
76.2541, 85.2829
184.754, 123.978
104.288, 234.506
Evaluation Time: 0.0214755 seconds
Resulting Fitness: 0.758708
-------------
Particle: 4:
Relays Coordinates:
350, 248.768
78.8673, 89.9825
175.568, 144.775
85.9995, 309.371
Evaluation Time: 0.000136287 seconds
Resulting Fitness: 0
Current global best fitness: 0.866667
Current global best relays: 250.4, 245.652
75.6422, 89.8959
181.33, 123.474
105.441, 249.329
Particle 1 new velocities: 30.8179, -7.37082
-14.0118, 20.2351
-2.8684, -9.17708
34.4231, -6.82019
Particle 2 new velocities: -108.333, -56.0223
21.1521, -6.76875
-70.8517, 3.66458
-44.0911, 95.9758
Particle 3 new velocities: 0.58652, 39.158
-0.013085, 10.5308
-3.65805, -0.493063
1.21391, -1.19139
Particle 4 new velocities: -52.4956, 0.877358
-12.4074, -0.22692
4.01814, -32.352
1.38148, -18.1395
-- ITERATION 73 --
-------------
Particle: 1:
Relays Coordinates:
237.6, 239.727
73.5183, 112.256
190.131, 60.963
136.942, 269.656
Evaluation Time: 0.000202739 seconds
Resulting Fitness: 0
-------------
Particle: 2:
Relays Coordinates:
228.151, 103.523
60.1111, 81.7639
187.893, 123.322
25.3381, 308.851
Evaluation Time: 0.000155081 seconds
Resulting Fitness: 0
-------------
Particle: 3:
Relays Coordinates:
251.449, 304.281
76.241, 95.8137
181.096, 123.485
105.502, 233.315
Evaluation Time: 0.000110841 seconds
Resulting Fitness: 0
-------------
Particle: 4:
Relays Coordinates:
297.504, 249.645
66.4599, 89.7556
179.586, 112.423
87.381, 291.231
Evaluation Time: 0.000109718 seconds
Resulting Fitness: 0
Current global best fitness: 0.866667
Current global best relays: 250.4, 245.652
75.6422, 89.8959
181.33, 123.474
105.441, 249.329
Particle 1 new velocities: 27.985, -4.82209
-19.5384, -7.6442
-8.04615, 121.275
16.1105, -2.52853
Particle 2 new velocities: -54.1284, 30.2006
24.6809, 31.8533
-47.3265, -0.0464707
180.193, -49.3762
Particle 3 new velocities: 0.00558408, -61.1384
-0.372337, -1.22314
-2.54359, -0.405342
0.876378, 21.5986
Particle 4 new velocities: -137.381, 8.07155
1.51805, -1.11742
7.13948, -13.4236
12.8916, -59.4268
-- ITERATION 74 --
-------------
Particle: 1:
Relays Coordinates:
265.585, 234.905
53.98, 104.612
182.085, 182.238
153.053, 267.128
Evaluation Time: 0.0159785 seconds
Resulting Fitness: 0.744833
-------------
Particle: 2:
Relays Coordinates:
174.022, 133.723
84.792, 113.617
140.566, 123.276
205.531, 259.475
Evaluation Time: 0.0184508 seconds
Resulting Fitness: 0.732708
-------------
Particle: 3:
Relays Coordinates:
251.454, 243.143
75.8687, 94.5905
178.553, 123.08
106.379, 254.914
Evaluation Time: 0.0165791 seconds
Resulting Fitness: 0.778875
-------------
Particle: 4:
Relays Coordinates:
160.123, 257.717
67.9779, 88.6382
186.725, 98.9993
100.273, 231.805
Evaluation Time: 0.0158842 seconds
Resulting Fitness: 0.759125
Current global best fitness: 0.866667
Current global best relays: 250.4, 245.652
75.6422, 89.8959
181.33, 123.474
105.441, 249.329
Particle 1 new velocities: -44.3525, -1.18453
-1.06996, -32.7191
-6.91791, -0.80202
-46.4432, 16.6565
Particle 2 new velocities: 35.6254, 159.725
9.15249, 22.2433
52.2819, -2.74898
143.096, -27.6492
Particle 3 new velocities: -1.20239, -45.5478
-0.669157, -3.26989
0.615358, 0.0578549
-0.553151, 10.3375
Particle 4 new velocities: 42.1059, 1.82105
10.8352, 0.101236
0.300557, 18.1989
12.4413, -3.4477
-- ITERATION 75 --
-------------
Particle: 1:
Relays Coordinates:
221.232, 233.72
52.91, 71.8925
175.167, 181.436
106.609, 283.784
Evaluation Time: 0.000155637 seconds
Resulting Fitness: 0
-------------
Particle: 2:
Relays Coordinates:
209.648, 293.448
93.9445, 135.861
192.848, 120.527
348.627, 231.825
Evaluation Time: 0.000141887 seconds
Resulting Fitness: 0
-------------
Particle: 3:
Relays Coordinates:
250.252, 197.595
75.1995, 91.3207
179.168, 123.137
105.825, 265.251
Evaluation Time: 0.000186184 seconds
Resulting Fitness: 0
-------------
Particle: 4:
Relays Coordinates:
202.229, 259.538
78.8132, 88.7394
187.026, 117.198
112.714, 228.357
Evaluation Time: 0.0223539 seconds
Resulting Fitness: 0.773917
Current global best fitness: 0.866667
Current global best relays: 250.4, 245.652
75.6422, 89.8959
181.33, 123.474
105.441, 249.329
Particle 1 new velocities: 9.68458, 10.6894
7.7173, 15.8868
8.72914, -103.036
-26.8024, 17.962
Particle 2 new velocities: 83.0684, 13.827
-42.1691, -54.7834
57.8365, 2.50984
-246.49, 1.9046
Particle 3 new velocities: -0.693876, -14.6413
0.3832, -5.64415
3.91208, 0.689302
-0.890796, -9.58452
Particle 4 new velocities: 104.963, -12.3348
-0.861637, 1.89033
-8.97695, 32.0321
-11.1471, 45.4492
-- ITERATION 76 --
-------------
Particle: 1:
Relays Coordinates:
230.917, 244.41
60.6273, 87.7793
183.896, 78.4004
79.8069, 301.746
Evaluation Time: 0.0001883 seconds
Resulting Fitness: 0
-------------
Particle: 2:
Relays Coordinates:
292.716, 307.275
51.7754, 81.0772
250.685, 123.037
102.137, 233.73
Evaluation Time: 0.000137015 seconds
Resulting Fitness: 0
-------------
Particle: 3:
Relays Coordinates:
249.558, 182.953
75.5827, 85.6765
183.08, 123.827
104.935, 255.667
Evaluation Time: 0.000129403 seconds
Resulting Fitness: 0
-------------
Particle: 4:
Relays Coordinates:
307.192, 247.203
77.9515, 90.6298
178.049, 149.23
101.567, 273.806
Evaluation Time: 0.000128394 seconds
Resulting Fitness: 0
Current global best fitness: 0.866667
Current global best relays: 250.4, 245.652
75.6422, 89.8959
181.33, 123.474
105.441, 249.329
Particle 1 new velocities: 31.5702, 7.1234
11.2764, 16.4802
6.34295, 2.40094
104.219, -16.7833
Particle 2 new velocities: -45.9315, -24.9756
4.81083, -8.88184
-70.1591, 1.1382
-137.478, 53.7801
Particle 3 new velocities: -0.205025, 109.562
0.406393, 1.96253
0.892081, -0.125302
-0.0867512, -8.55758
Particle 4 new velocities: -10.242, -0.558571
-4.94402, -0.379379
-1.01166, 16.8983
-9.9268, 12.5488
-- ITERATION 77 --
-------------
Particle: 1:
Relays Coordinates:
262.487, 251.533
71.9037, 104.26
190.239, 80.8013
184.026, 284.963
Evaluation Time: 0.00013101 seconds
Resulting Fitness: 0
-------------
Particle: 2:
Relays Coordinates:
246.785, 282.299
56.5863, 72.1953
180.526, 124.175
0, 287.51
Evaluation Time: 0.000152732 seconds
Resulting Fitness: 0
-------------
Particle: 3:
Relays Coordinates:
249.353, 292.516
75.9891, 87.639
183.972, 123.701
104.848, 247.109
Evaluation Time: 0.000156083 seconds
Resulting Fitness: 0
-------------
Particle: 4:
Relays Coordinates:
296.95, 246.644
73.0075, 90.2504
177.037, 166.129
91.64, 286.355
Evaluation Time: 0.0232684 seconds
Resulting Fitness: 0.749333
Current global best fitness: 0.866667
Current global best relays: 250.4, 245.652
75.6422, 89.8959
181.33, 123.474
105.441, 249.329
Particle 1 new velocities: -35.8925, -13.4021
6.17716, -4.47279
-9.54879, 110.895
29.321, -74.3265
Particle 2 new velocities: -38.579, -134.035
29.8112, 45.3161
-22.8087, -2.32029
100.65, 35.2886
Particle 3 new velocities: 0.25077, -34.2293
-0.423897, 3.83947
-4.39139, -0.30181
1.26007, -2.02032
Particle 4 new velocities: -122.539, 12.818
-4.48016, -1.16192
9.70061, -49.7821
1.40688, -12.2908
-- ITERATION 78 --
-------------
Particle: 1:
Relays Coordinates:
226.594, 238.131
78.0809, 99.7867
180.69, 191.696
213.347, 210.637
Evaluation Time: 0.0222425 seconds
Resulting Fitness: 0.769375
-------------
Particle: 2:
Relays Coordinates:
208.206, 148.264
86.3974, 117.511
157.717, 121.855
100.65, 322.799
Evaluation Time: 0.000185636 seconds
Resulting Fitness: 0
-------------
Particle: 3:
Relays Coordinates:
249.604, 258.287
75.5652, 91.4785
179.581, 123.4
106.108, 245.089
Evaluation Time: 0.0144126 seconds
Resulting Fitness: 0.770042
-------------
Particle: 4:
Relays Coordinates:
174.411, 259.462
68.5273, 89.0885
186.738, 116.347
93.0469, 274.064
Evaluation Time: 0.0152503 seconds
Resulting Fitness: 0.766958
Current global best fitness: 0.866667
Current global best relays: 250.4, 245.652
75.6422, 89.8959
181.33, 123.474
105.441, 249.329
Particle 1 new velocities: 6.87995, 0.948881
-3.83704, -20.2019
-5.01288, -6.14634
-99.2256, -30.5022
Particle 2 new velocities: -9.92119, 17.6709
4.70653, 6.56722
34.6365, -1.8221
209.99, -45.4458
Particle 3 new velocities: 2.11569, -38.2326
-0.234914, 1.31674
-0.842982, -0.122047
0.733496, 5.59186
Particle 4 new velocities: -62.4778, -7.17501
-3.91879, -0.284812
-2.11361, -26.2025
3.23485, -16.0887
-- ITERATION 79 --
-------------
Particle: 1:
Relays Coordinates:
233.474, 239.08
74.2438, 79.5848
175.677, 185.55
114.122, 180.134
Evaluation Time: 1.43834 seconds
Resulting Fitness: 0.779167
-------------
Particle: 2:
Relays Coordinates:
198.284, 165.935
91.104, 124.079
192.353, 120.033
310.64, 277.353
Evaluation Time: 1.60289 seconds
Resulting Fitness: 0.754167
-------------
Particle: 3:
Relays Coordinates:
251.719, 220.054
75.3303, 92.7952
178.738, 123.278
106.841, 250.681
Evaluation Time: 1.64081 seconds
Resulting Fitness: 0.895833
New local best!
New global best!
-------------
Particle: 4:
Relays Coordinates:
111.933, 252.287
64.6085, 88.8036
184.624, 90.1441
96.2817, 257.975
Evaluation Time: 1.46252 seconds
Resulting Fitness: 0.583333
Current global best fitness: 0.895833
Current global best relays: 251.719, 220.054
75.3303, 92.7952
178.738, 123.278
106.841, 250.681
Particle 1 new velocities: 2.48575, -15.3847
-5.82858, 0.344663
6.00249, -72.155
-37.0203, 110.62
Particle 2 new velocities: 74.5876, 109.24
-31.1296, -44.5113
27.289, 1.40085
99.4947, -40.9046
Particle 3 new velocities: 1.69256, -30.5861
-0.187931, 1.05339
-0.674385, -0.0976375
0.586797, 4.47349
Particle 4 new velocities: -23.9612, -47.3584
15.0239, 4.65608
-1.91681, 45.0046
18.3391, -3.53016
-- ITERATION 80 --
-------------
Particle: 1:
Relays Coordinates:
235.96, 223.695
68.4152, 79.9295
181.68, 113.395
77.1013, 290.755
Evaluation Time: 0.000160204 seconds
Resulting Fitness: 0
-------------
Particle: 2:
Relays Coordinates:
272.872, 275.175
59.9743, 79.5674
219.642, 121.433
350, 236.448
Evaluation Time: 0.000134827 seconds
Resulting Fitness: 0
-------------
Particle: 3:
Relays Coordinates:
253.412, 189.468
75.1423, 93.8486
178.063, 123.18
107.428, 255.154
Evaluation Time: 0.0237451 seconds
Resulting Fitness: 0.79225
-------------
Particle: 4:
Relays Coordinates:
87.9723, 204.929
79.6324, 93.4597
182.708, 135.149
114.621, 254.445
Evaluation Time: 0.0283108 seconds
Resulting Fitness: 0.760708
Current global best fitness: 0.895833
Current global best relays: 251.719, 220.054
75.3303, 92.7952
178.738, 123.278
106.841, 250.681
Particle 1 new velocities: -13.789, -2.28346
-3.55957, 21.3913
2.30706, -21.1951
50.983, 79.156
Particle 2 new velocities: 22.8124, -10.1905
-12.9274, 5.23141
-35.0601, 2.19718
-310.148, 4.22815
Particle 3 new velocities: 0.545435, 58.9197
0.334906, -0.567934
0.114626, 0.0400041
-0.376343, -2.72461
Particle 4 new velocities: 220.894, 21.0126
-7.04309, 2.67515
-2.332, 26.3216
-11.7275, 1.3465
-- ITERATION 81 --
-------------
Particle: 1:
Relays Coordinates:
222.171, 221.412
64.8557, 101.321
183.987, 92.1998
128.084, 350
Evaluation Time: 0.000168946 seconds
Resulting Fitness: 0
-------------
Particle: 2:
Relays Coordinates:
295.684, 264.984
47.047, 84.7988
184.582, 123.631
39.8518, 240.676
Evaluation Time: 0.000146371 seconds
Resulting Fitness: 0
-------------
Particle: 3:
Relays Coordinates:
253.957, 248.388
75.4772, 93.2807
178.178, 123.22
107.052, 252.43
Evaluation Time: 0.0205443 seconds
Resulting Fitness: 0.779125
-------------
Particle: 4:
Relays Coordinates:
308.866, 225.941
72.5893, 96.1349
180.376, 161.47
102.893, 255.792
Evaluation Time: 0.0200149 seconds
Resulting Fitness: 0.752042
Current global best fitness: 0.895833
Current global best relays: 251.719, 220.054
75.3303, 92.7952
178.738, 123.278
106.841, 250.681
Particle 1 new velocities: 8.65159, 8.71799
3.19666, 12.7637
-7.18525, 69.471
53.0855, -86.8309
Particle 2 new velocities: -45.1779, -64.8276
57.2188, 33.7358
-2.48198, -0.581472
-114.596, 23.0906
Particle 3 new velocities: -5.44106, 13.6304
0.026724, -0.955279
1.23185, 0.17977
-0.635235, -4.38631
Particle 4 new velocities: 63.1968, 14.7556
-1.86127, -3.49934
0.749622, -47.0048
-7.88365, 3.53594
-- ITERATION 82 --
-------------
Particle: 1:
Relays Coordinates:
230.822, 230.13
68.0523, 114.085
176.801, 161.671
181.17, 263.169
Evaluation Time: 0.0157356 seconds
Resulting Fitness: 0.777333
-------------
Particle: 2:
Relays Coordinates:
250.506, 200.157
104.266, 118.535
182.1, 123.049
0, 263.767
Evaluation Time: 0.000174644 seconds
Resulting Fitness: 0
-------------
Particle: 3:
Relays Coordinates:
248.516, 262.018
75.504, 92.3254
179.41, 123.4
106.417, 248.043
Evaluation Time: 0.015689 seconds
Resulting Fitness: 0.767625
-------------
Particle: 4:
Relays Coordinates:
350, 240.697
70.728, 92.6355
181.125, 114.466
95.0097, 259.328
Evaluation Time: 0.000177137 seconds
Resulting Fitness: 0
Current global best fitness: 0.895833
Current global best relays: 251.719, 220.054
75.3303, 92.7952
178.738, 123.278
106.841, 250.681
Particle 1 new velocities: 21.4567, 7.50996
6.79399, -13.8395
0.65652, 29.3832
-5.61276, -78.8237
Particle 2 new velocities: -61.8424, -26.7247
-9.50607, 8.47681
31.5129, -2.26309
257.312, 23.0093
Particle 3 new velocities: 0.466681, -76.0161
-0.103602, 0.345735
0.557753, -0.0460684
0.443379, 1.50003
Particle 4 new velocities: -182.374, 17.1333
-0.74902, -6.85061
-0.0595146, -14.6561
-1.24539, 12.8893
-- ITERATION 83 --
-------------
Particle: 1:
Relays Coordinates:
252.279, 237.64
74.8463, 100.245
177.458, 191.054
175.557, 184.345
Evaluation Time: 0.0185569 seconds
Resulting Fitness: 0.779583
-------------
Particle: 2:
Relays Coordinates:
188.664, 173.432
94.7597, 127.011
213.613, 120.786
257.312, 286.776
Evaluation Time: 0.000172476 seconds
Resulting Fitness: 0
-------------
Particle: 3:
Relays Coordinates:
248.983, 186.002
75.4004, 92.6712
179.968, 123.354
106.86, 249.543
Evaluation Time: 0.02621 seconds
Resulting Fitness: 0.79425
-------------
Particle: 4:
Relays Coordinates:
167.626, 257.83
69.979, 85.7849
181.066, 99.8094
93.7643, 272.217
Evaluation Time: 0.000302273 seconds
Resulting Fitness: 0
Current global best fitness: 0.895833
Current global best relays: 251.719, 220.054
75.3303, 92.7952
178.738, 123.278
106.841, 250.681
Particle 1 new velocities: 6.14012, 0.0241888
-2.89484, -19.6375
3.68161, -40.4084
-128.301, 74.1395
Particle 2 new velocities: 19.2044, 1.41308
-26.963, -35.5799
-15.5101, 2.1937
22.3134, 6.26641
Particle 3 new velocities: 3.48498, -5.73116
-0.189063, 0.430369
0.036485, -0.125342
0.339462, 2.74821
Particle 4 new velocities: -118.433, -43.0381
0.251194, 4.97269
1.03167, 67.3989
18.8979, 15.4082
-- ITERATION 84 --
-------------
Particle: 1:
Relays Coordinates:
258.419, 237.664
71.9515, 80.6075
181.139, 150.646
47.2561, 258.485
Evaluation Time: 0.000191646 seconds
Resulting Fitness: 0
-------------
Particle: 2:
Relays Coordinates:
207.868, 174.845
67.7967, 91.4315
198.103, 122.98
279.625, 293.043
Evaluation Time: 0.0155256 seconds
Resulting Fitness: 0.789542
-------------
Particle: 3:
Relays Coordinates:
252.468, 180.271
75.2113, 93.1015
180.004, 123.228
107.2, 252.292
Evaluation Time: 0.0184523 seconds
Resulting Fitness: 0.79175
-------------
Particle: 4:
Relays Coordinates:
49.1933, 214.792
70.2302, 90.7576
182.097, 167.208
112.662, 287.625
Evaluation Time: 0.0187835 seconds
Resulting Fitness: 0.747625
Current global best fitness: 0.895833
Current global best relays: 251.719, 220.054
75.3303, 92.7952
178.738, 123.278
106.841, 250.681
Particle 1 new velocities: -2.89213, -13.809
2.22579, -1.6274
0.566211, -36.4699
1.74004, 54.3715
Particle 2 new velocities: 29.6789, 87.3425
-18.2214, -10.6208
-3.52095, 1.15829
-174.373, -56.6244
Particle 3 new velocities: 1.73486, 19.9136
-0.0819426, -0.198437
-1.77209, -0.0316483
-0.475888, 1.66562
Particle 4 new velocities: 306.769, -19.9343
4.89226, 4.61889
-4.41837, 14.6287
8.58777, -28.0117
-- ITERATION 85 --
-------------
Particle: 1:
Relays Coordinates:
255.527, 223.855
74.1773, 78.9801
181.706, 114.176
48.9961, 312.856
Evaluation Time: 0.000185496 seconds
Resulting Fitness: 0
-------------
Particle: 2:
Relays Coordinates:
237.547, 262.188
49.5753, 80.8107
194.582, 124.138
105.252, 236.418
Evaluation Time: 0.00015225 seconds
Resulting Fitness: 0
-------------
Particle: 3:
Relays Coordinates:
254.203, 200.184
75.1294, 92.9031
178.232, 123.197
106.724, 253.957
Evaluation Time: 0.0197078 seconds
Resulting Fitness: 0.7915
-------------
Particle: 4:
Relays Coordinates:
350, 194.858
75.1225, 95.3765
177.679, 181.837
121.25, 259.613
Evaluation Time: 0.000159324 seconds
Resulting Fitness: 0
Current global best fitness: 0.895833
Current global best relays: 251.719, 220.054
75.3303, 92.7952
178.738, 123.278
106.841, 250.681
Particle 1 new velocities: -33.7763, -16.1968
0.282034, 26.8018
-1.0327, -15.8187
15.9161, 6.54651
Particle 2 new velocities: 32.6772, -23.8212
-1.43346, 15.5109
-16.8111, 0.0796187
-50.5108, 2.92277
Particle 3 new velocities: -0.0575794, 55.4329
0.216431, -0.224588
-0.29499, 0.0719581
-0.286669, -4.06384
Particle 4 new velocities: -75.8342, 49.3935
3.57872, -0.535434
4.3316, -92.7109
-18.5371, -22.7149
-- ITERATION 86 --
-------------
Particle: 1:
Relays Coordinates:
221.751, 207.658
74.4593, 105.782
180.673, 98.3569
64.9122, 319.403
Evaluation Time: 0.000159437 seconds
Resulting Fitness: 0
-------------
Particle: 2:
Relays Coordinates:
270.224, 238.366
48.1418, 96.3216
177.771, 124.218
54.7416, 239.341
Evaluation Time: 0.0199912 seconds
Resulting Fitness: 0.72575
-------------
Particle: 3:
Relays Coordinates:
254.145, 255.617
75.3458, 92.6785
177.937, 123.269
106.437, 249.893
Evaluation Time: 0.0156378 seconds
Resulting Fitness: 0.774167
-------------
Particle: 4:
Relays Coordinates:
274.166, 244.251
78.7012, 94.8411
182.011, 89.1261
102.713, 236.899
Evaluation Time: 0.000149699 seconds
Resulting Fitness: 0
Current global best fitness: 0.895833
Current global best relays: 251.719, 220.054
75.3303, 92.7952
178.738, 123.278
106.841, 250.681
Particle 1 new velocities: -5.61173, 36.4527
-0.584562, -2.14256
2.19892, 15.2698
97.6503, -25.3306
Particle 2 new velocities: -43.0879, -45.4411
44.2121, 17.2576
29.3512, -0.772181
115.669, 51.0679
Particle 3 new velocities: -6.12179, -15.2674
0.141335, 0.00393671
0.588593, 0.0702588
0.497197, -2.1365
Particle 4 new velocities: -117.452, 52.6965
0.432692, -6.57568
4.23164, -25.7418
-16.6878, 10.284
-- ITERATION 87 --
-------------
Particle: 1:
Relays Coordinates:
216.139, 244.111
73.8747, 103.639
182.872, 113.627
162.563, 294.072
Evaluation Time: 0.0155499 seconds
Resulting Fitness: 0.778167
-------------
Particle: 2:
Relays Coordinates:
227.136, 192.925
92.3539, 113.579
207.122, 123.446
170.411, 290.409
Evaluation Time: 0.0241951 seconds
Resulting Fitness: 0.786125
-------------
Particle: 3:
Relays Coordinates:
248.023, 240.35
75.4871, 92.6824
178.526, 123.339
106.934, 247.757
Evaluation Time: 0.0143918 seconds
Resulting Fitness: 0.781375
-------------
Particle: 4:
Relays Coordinates:
156.713, 296.948
79.1339, 88.2654
186.242, 63.3843
86.0251, 247.183
Evaluation Time: 0.000182546 seconds
Resulting Fitness: 0
Current global best fitness: 0.895833
Current global best relays: 251.719, 220.054
75.3303, 92.7952
178.738, 123.278
106.841, 250.681
Particle 1 new velocities: 52.777, -15.1608
-3.15817, -4.43378
0.585945, 32.4348
75.7836, -58.9974
Particle 2 new velocities: -16.7083, 17.2864
-1.91898, -10.0781
-0.246216, -3.59551
66.9799, -22.4759
Particle 3 new velocities: 2.87346, -42.3019
-0.119997, 0.174394
0.780266, -0.0403443
0.150939, 4.24869
Particle 4 new velocities: 43.8023, -3.93834
-11.7565, 0.274663
-5.9515, 119.663
9.03935, 33.1179
-- ITERATION 88 --
-------------
Particle: 1:
Relays Coordinates:
268.916, 228.95
70.7166, 99.2056
183.458, 146.062
238.346, 235.075
Evaluation Time: 0.0239531 seconds
Resulting Fitness: 0.787708
-------------
Particle: 2:
Relays Coordinates:
210.428, 210.212
90.4349, 103.501
206.876, 119.85
237.391, 267.933
Evaluation Time: 0.0147843 seconds
Resulting Fitness: 0.785875
-------------
Particle: 3:
Relays Coordinates:
250.897, 198.048
75.3671, 92.8568
179.306, 123.298
107.085, 252.006
Evaluation Time: 0.0158936 seconds
Resulting Fitness: 0.791583
-------------
Particle: 4:
Relays Coordinates:
200.516, 293.01
67.3774, 88.54
180.291, 183.047
95.0645, 280.3
Evaluation Time: 0.0202186 seconds
Resulting Fitness: 0.713083
Current global best fitness: 0.895833
Current global best relays: 251.719, 220.054
75.3303, 92.7952
178.738, 123.278
106.841, 250.681
Particle 1 new velocities: 6.83809, -23.5061
1.23368, -9.61519
-1.16468, 2.25293
-224.868, 26.4664
Particle 2 new velocities: -7.31106, 13.2476
-12.9261, -5.73292
-43.1194, -2.43783
-4.21968, -18.7095
Particle 3 new velocities: 3.85766, -9.43379
-0.149789, 0.00305861
0.50116, -0.0758302
-0.282412, 2.76321
Particle 4 new velocities: 61.9844, -61.4346
4.05932, 4.43563
-0.272718, 66.4948
9.24265, 12.3412
-- ITERATION 89 --
-------------
Particle: 1:
Relays Coordinates:
275.754, 205.444
71.9503, 89.5904
182.293, 148.315
13.4784, 261.541
Evaluation Time: 1.52025 seconds
Resulting Fitness: 0.7875
-------------
Particle: 2:
Relays Coordinates:
203.117, 223.459
77.5088, 97.7681
163.757, 117.412
233.171, 249.224
Evaluation Time: 1.4673 seconds
Resulting Fitness: 0.791667
-------------
Particle: 3:
Relays Coordinates:
254.754, 188.614
75.2173, 92.8599
179.807, 123.223
106.803, 254.769
Evaluation Time: 1.56295 seconds
Resulting Fitness: 0.879167
-------------
Particle: 4:
Relays Coordinates:
262.5, 231.575
71.4367, 92.9757
180.018, 249.542
104.307, 292.642
Evaluation Time: 0.962838 seconds
Resulting Fitness: 0.4
Current global best fitness: 0.895833
Current global best relays: 251.719, 220.054
75.3303, 92.7952
178.738, 123.278
106.841, 250.681
Particle 1 new velocities: -75.8927, 2.51972
-3.98176, -3.27414
-0.73111, -21.5141
-42.9806, 15.5178
Particle 2 new velocities: 87.3402, 8.65209
-23.0802, 4.52131
-5.32961, 9.1042
-77.6865, 18.6814
Particle 3 new velocities: 1.21896, 54.091
0.186672, -0.125196
-0.933844, -0.0186632
-0.179007, -6.40594
Particle 4 new velocities: 27.203, -35.221
3.9961, 2.69251
3.51585, -55.293
6.8336, -10.1067
-- ITERATION 90 --
-------------
Particle: 1:
Relays Coordinates:
199.861, 207.964
67.9685, 86.3162
181.562, 126.8
0, 277.059
Evaluation Time: 0.000263292 seconds
Resulting Fitness: 0
-------------
Particle: 2:
Relays Coordinates:
290.457, 232.111
54.4286, 102.289
158.427, 126.516
155.484, 267.905
Evaluation Time: 0.0217047 seconds
Resulting Fitness: 0.748542
-------------
Particle: 3:
Relays Coordinates:
255.973, 242.705
75.404, 92.7347
178.873, 123.204
106.624, 248.363
Evaluation Time: 0.0154339 seconds
Resulting Fitness: 0.779125
-------------
Particle: 4:
Relays Coordinates:
289.703, 196.354
75.4328, 95.6682
183.534, 194.249
111.141, 282.535
Evaluation Time: 0.0179949 seconds
Resulting Fitness: 0.761625
Current global best fitness: 0.895833
Current global best relays: 251.719, 220.054
75.3303, 92.7952
178.738, 123.278
106.841, 250.681
Particle 1 new velocities: -38.4887, 48.5214
-2.85968, 3.51083
-4.58343, -1.40657
184.252, -27.5605
Particle 2 new velocities: 16.9241, -20.8312
-3.14009, 1.53179
56.9186, 1.64947
-81.9102, -2.34451
Particle 3 new velocities: -0.692337, 14.2888
0.026314, 0.0602965
-0.917749, 0.0690872
0.0532369, -1.03811
Particle 4 new velocities: -32.2853, 15.5394
-1.6141, -6.5885
0.775433, -209.666
-14.4549, -45.7195
-- ITERATION 91 --
-------------
Particle: 1:
Relays Coordinates:
161.373, 256.485
65.1088, 89.8271
176.979, 125.394
184.252, 249.499
Evaluation Time: 0.0165493 seconds
Resulting Fitness: 0.764125
-------------
Particle: 2:
Relays Coordinates:
307.381, 211.28
51.2885, 103.821
215.346, 128.166
73.5742, 265.561
Evaluation Time: 0.000134517 seconds
Resulting Fitness: 0
-------------
Particle: 3:
Relays Coordinates:
255.281, 256.994
75.4303, 92.795
177.956, 123.273
106.677, 247.325
Evaluation Time: 0.01588 seconds
Resulting Fitness: 0.773958
-------------
Particle: 4:
Relays Coordinates:
257.418, 211.893
73.8187, 89.0797
184.309, 0
96.6858, 236.815
Evaluation Time: 0.000132868 seconds
Resulting Fitness: 0
Current global best fitness: 0.895833
Current global best relays: 251.719, 220.054
75.3303, 92.7952
178.738, 123.278
106.841, 250.681
Particle 1 new velocities: -6.98709, 17.7655
15.2826, 5.56647
5.88744, 19.8988
33.1697, 8.23126
Particle 2 new velocities: -70.7586, -10.5495
9.93945, 6.96045
-21.1531, -14.0381
38.4856, 12.6623
Particle 3 new velocities: -4.03594, -67.3521
-0.232706, 0.0483212
-0.0201396, 0.060179
0.418753, 7.84232
Particle 4 new velocities: -64.3069, 67.769
-3.49365, 1.0504
-6.61451, 178.229
-1.00762, 11.3362
-- ITERATION 92 --
-------------
Particle: 1:
Relays Coordinates:
154.386, 274.251
80.3914, 95.3935
182.866, 145.293
217.421, 257.73
Evaluation Time: 0.0168644 seconds
Resulting Fitness: 0.728417
-------------
Particle: 2:
Relays Coordinates:
236.623, 200.731
61.228, 110.782
194.192, 114.128
112.06, 278.223
Evaluation Time: 0.0158755 seconds
Resulting Fitness: 0.790708
-------------
Particle: 3:
Relays Coordinates:
251.245, 189.642
75.1976, 92.8433
177.935, 123.333
107.096, 255.167
Evaluation Time: 0.0142281 seconds
Resulting Fitness: 0.792
-------------
Particle: 4:
Relays Coordinates:
193.111, 279.662
70.325, 90.1301
177.695, 178.229
95.6782, 248.152
Evaluation Time: 0.0206014 seconds
Resulting Fitness: 0.719458
Current global best fitness: 0.895833
Current global best relays: 251.719, 220.054
75.3303, 92.7952
178.738, 123.278
106.841, 250.681
Particle 1 new velocities: 160.19, -106.018
1.06796, 0.430656
2.21157, -16.392
-7.56876, 6.62287
Particle 2 new velocities: -52.2073, 13.5416
26.8717, -7.73085
-26.981, -2.74594
48.7883, -0.115176
Particle 3 new velocities: -3.03287, -43.6519
-0.018083, -0.00450376
1.23676, -0.0473151
-0.266692, -1.50099
Particle 4 new velocities: 35.8865, -52.7663
0.541408, 4.35879
1.19885, 46.0629
17.5705, 28.252
-- ITERATION 93 --
-------------
Particle: 1:
Relays Coordinates:
314.576, 168.233
81.4593, 95.8242
185.078, 128.901
209.853, 264.353
Evaluation Time: 0.0184402 seconds
Resulting Fitness: 0.734333
-------------
Particle: 2:
Relays Coordinates:
184.415, 214.272
88.0997, 103.051
167.211, 111.382
160.848, 278.108
Evaluation Time: 0.0201216 seconds
Resulting Fitness: 0.787792
-------------
Particle: 3:
Relays Coordinates:
248.212, 145.99
75.1795, 92.8388
179.172, 123.286
106.829, 253.666
Evaluation Time: 0.02078 seconds
Resulting Fitness: 0.79075
-------------
Particle: 4:
Relays Coordinates:
228.997, 226.896
70.8664, 94.4889
178.894, 224.292
113.249, 276.404
Evaluation Time: 0.000249691 seconds
Resulting Fitness: 0
Current global best fitness: 0.895833
Current global best relays: 251.719, 220.054
75.3303, 92.7952
178.738, 123.278
106.841, 250.681
Particle 1 new velocities: -71.4056, 3.57062
-25.3357, -3.97421
0.782588, -14.7593
-77.6023, 9.47495
Particle 2 new velocities: 55.344, 9.80382
-0.359515, 2.24406
-12.2484, 15.054
40.7883, -4.70944
Particle 3 new velocities: 0.565735, 40.6478
0.333187, -0.0632322
0.0155513, -0.0546872
-0.185693, -7.35732
Particle 4 new velocities: 39.7028, -15.7692
1.19077, 1.91409
1.88815, -15.9273
-7.81552, 9.74764
-- ITERATION 94 --
-------------
Particle: 1:
Relays Coordinates:
243.17, 171.803
56.1236, 91.85
185.86, 114.141
132.25, 273.828
Evaluation Time: 0.000146992 seconds
Resulting Fitness: 0
-------------
Particle: 2:
Relays Coordinates:
239.759, 224.076
87.7401, 105.295
154.963, 126.436
201.636, 273.398
Evaluation Time: 0.0185323 seconds
Resulting Fitness: 0.773375
-------------
Particle: 3:
Relays Coordinates:
248.778, 186.638
75.5127, 92.7756
179.188, 123.231
106.643, 246.309
Evaluation Time: 0.0163837 seconds
Resulting Fitness: 0.794417
-------------
Particle: 4:
Relays Coordinates:
268.7, 211.127
72.0572, 96.403
180.782, 208.364
105.433, 286.151
Evaluation Time: 0.000175501 seconds
Resulting Fitness: 0
Current global best fitness: 0.895833
Current global best relays: 251.719, 220.054
75.3303, 92.7952
178.738, 123.278
106.841, 250.681
Particle 1 new velocities: -70.0892, 107.384
19.0121, -0.406926
-8.09049, 27.0778
-87.7512, -3.80246
Particle 2 new velocities: 36.2746, -1.27494
-31.5751, -2.82079
70.9429, 5.01645
-67.4147, -4.77633
Particle 3 new velocities: 0.950332, 108.436
0.182447, -0.0103408
-0.685007, 0.0168242
-0.0932862, -0.646635
Particle 4 new velocities: 16.3923, 43.7824
-2.21189, -6.95836
3.35889, -82.561
-14.1555, -35.0795
-- ITERATION 95 --
-------------
Particle: 1:
Relays Coordinates:
173.081, 279.187
75.1357, 91.4431
177.77, 141.219
44.4991, 270.025
Evaluation Time: 0.0145459 seconds
Resulting Fitness: 0.699542
-------------
Particle: 2:
Relays Coordinates:
276.034, 222.801
56.1651, 102.474
225.906, 131.452
134.222, 268.622
Evaluation Time: 0.00101244 seconds
Resulting Fitness: 0
-------------
Particle: 3:
Relays Coordinates:
249.728, 295.074
75.6952, 92.7652
178.503, 123.248
106.55, 245.662
Evaluation Time: 0.000113155 seconds
Resulting Fitness: 0
-------------
Particle: 4:
Relays Coordinates:
285.092, 254.909
69.8453, 89.4446
184.141, 125.803
91.2777, 251.072
Evaluation Time: 0.000111248 seconds
Resulting Fitness: 0
Current global best fitness: 0.895833
Current global best relays: 251.719, 220.054
75.3303, 92.7952
178.738, 123.278
106.841, 250.681
Particle 1 new velocities: 9.44744, -24.9633
15.3026, 2.21889
-0.831214, -4.08223
146.009, -10.441
Particle 2 new velocities: -19.0699, -23.6198
-4.66234, -1.30475
28.1925, -7.33368
7.1794, -0.914897
Particle 3 new velocities: 5.13027, -97.3343
-0.543912, 0.0401751
-0.0445758, 0.0310778
0.459207, 10.0052
Particle 4 new velocities: -41.3757, -21.5211
2.74163, -6.27506
1.68256, -50.9122
2.68456, 0.625791
-- ITERATION 96 --
-------------
Particle: 1:
Relays Coordinates:
182.529, 254.224
90.4384, 93.6619
176.939, 137.137
190.508, 259.584
Evaluation Time: 0.0183985 seconds
Resulting Fitness: 0.7735
-------------
Particle: 2:
Relays Coordinates:
256.964, 199.181
51.5027, 101.169
254.098, 124.119
141.401, 267.707
Evaluation Time: 0.000160465 seconds
Resulting Fitness: 0
-------------
Particle: 3:
Relays Coordinates:
254.859, 197.74
75.1513, 92.8054
178.458, 123.279
107.009, 255.667
Evaluation Time: 0.000146538 seconds
Resulting Fitness: 0
-------------
Particle: 4:
Relays Coordinates:
243.717, 233.388
72.5869, 83.1695
185.823, 74.891
93.9623, 251.698
Evaluation Time: 0.000179916 seconds
Resulting Fitness: 0
Current global best fitness: 0.895833
Current global best relays: 251.719, 220.054
75.3303, 92.7952
178.738, 123.278
106.841, 250.681
Particle 1 new velocities: 58.6979, -81.7793
-9.54468, 1.35753
6.48869, -20.235
62.0643, 5.30511
Particle 2 new velocities: -44.3866, -5.58909
35.0949, 5.21451
-35.1447, -10.4004
39.1191, -2.48131
Particle 3 new velocities: 2.68476, -62.6353
-0.389494, 0.0210065
0.442837, 0.0222111
0.0276107, 0.233801
Particle 4 new velocities: -72.1407, -10.768
0.485624, -2.57928
-5.2501, 6.3079
18.9693, 19.4418
-- ITERATION 97 --
-------------
Particle: 1:
Relays Coordinates:
241.227, 172.444
80.8937, 95.0195
183.427, 116.902
252.572, 264.889
Evaluation Time: 0.0185362 seconds
Resulting Fitness: 0.788834
-------------
Particle: 2:
Relays Coordinates:
212.578, 193.592
86.5977, 106.384
218.954, 113.718
180.52, 265.226
Evaluation Time: 0.0167042 seconds
Resulting Fitness: 0.786875
-------------
Particle: 3:
Relays Coordinates:
257.543, 135.104
74.7618, 92.8264
178.901, 123.301
107.037, 255.901
Evaluation Time: 0.000173051 seconds
Resulting Fitness: 0
-------------
Particle: 4:
Relays Coordinates:
171.576, 222.62
73.0726, 80.5903
180.573, 81.1989
112.932, 271.139
Evaluation Time: 0.0152566 seconds
Resulting Fitness: 0.780083
Current global best fitness: 0.895833
Current global best relays: 251.719, 220.054
75.3303, 92.7952
178.738, 123.278
106.841, 250.681
Particle 1 new velocities: 58.4557, -1.25225
-16.207, -0.936052
1.29007, 8.19975
-242.657, -15.1196
Particle 2 new velocities: 5.5092, 22.6158
14.987, -13.3623
-65.5417, 0.787018
-2.1973, -13.4474
Particle 3 new velocities: -3.63962, 170.832
0.331157, -0.0101077
0.0468038, 0.0154346
-0.37158, -3.18455
Particle 4 new velocities: -23.3269, 7.76762
2.57593, 4.07637
-4.96003, 79.73
2.18976, -11.0552
-- ITERATION 98 --
-------------
Particle: 1:
Relays Coordinates:
299.682, 171.192
64.6867, 94.0834
184.717, 125.102
9.91545, 249.77
Evaluation Time: 0.000179625 seconds
Resulting Fitness: 0
-------------
Particle: 2:
Relays Coordinates:
218.087, 216.208
101.585, 93.0216
153.412, 114.505
178.323, 251.778
Evaluation Time: 0.0175056 seconds
Resulting Fitness: 0.779625
-------------
Particle: 3:
Relays Coordinates:
253.904, 305.936
75.0929, 92.8163
178.948, 123.317
106.665, 252.716
Evaluation Time: 0.00021411 seconds
Resulting Fitness: 0
-------------
Particle: 4:
Relays Coordinates:
148.249, 230.388
75.6485, 84.6666
175.613, 160.929
115.121, 260.084
Evaluation Time: 0.0165047 seconds
Resulting Fitness: 0.763167
Current global best fitness: 0.895833
Current global best relays: 251.719, 220.054
75.3303, 92.7952
178.738, 123.278
106.841, 250.681
Particle 1 new velocities: -82.9158, 100.758
-2.56917, -0.812817
-0.22086, 24.228
92.1446, -10.407
Particle 2 new velocities: 28.186, 19.2058
-44.1752, -5.7913
0.103745, 3.32497
-33.8795, 10.1152
Particle 3 new velocities: -7.54374, 80.4346
0.4094, -0.0659261
-0.121514, -0.0907226
-0.0162096, -5.23826
Particle 4 new velocities: 117.279, 18.107
0.651319, 12.1818
9.4209, 51.0057
-3.84957, -1.02025
-- ITERATION 99 --
-------------
Particle: 1:
Relays Coordinates:
216.766, 271.951
62.1175, 93.2706
184.496, 149.33
102.06, 239.363
Evaluation Time: 1.46026 seconds
Resulting Fitness: 0.8375
-------------
Particle: 2:
Relays Coordinates:
246.273, 235.414
57.4094, 87.2303
153.516, 117.83
144.443, 261.894
Evaluation Time: 1.52151 seconds
Resulting Fitness: 0.833333
New local best!
-------------
Particle: 3:
Relays Coordinates:
246.36, 350
75.5023, 92.7504
178.826, 123.226
106.649, 247.478
Evaluation Time: 1.47928 seconds
Resulting Fitness: 0.775
-------------
Particle: 4:
Relays Coordinates:
265.529, 248.495
76.2998, 96.8484
185.034, 211.935
111.272, 259.064
Evaluation Time: 1.42287 seconds
Resulting Fitness: 0.695833
Current global best fitness: 0.895833
Current global best relays: 251.719, 220.054
75.3303, 92.7952
178.738, 123.278
106.841, 250.681
Particle 1 new velocities: -24.8992, 51.6256
11.2285, -0.582657
-1.40648, -0.381218
127.18, 41.1257
Particle 2 new velocities: 23.2964, -6.29621
-21.9985, -3.03483
3.68689, 9.84675
-32.8878, -3.48417
Particle 3 new velocities: -0.129696, -286.981
0.0743611, -0.0366541
-0.164008, 0.0127638
0.227662, -1.90773
Particle 4 new velocities: 37.8542, 20.294
-4.32848, 3.02095
3.66149, -63.1004
-32.1016, 0.284223
-- ITERATION 100 --
-------------
Particle: 1:
Relays Coordinates:
191.867, 323.576
73.346, 92.688
183.09, 148.948
229.241, 280.488
Evaluation Time: 0.0187985 seconds
Resulting Fitness: 0.71525
-------------
Particle: 2:
Relays Coordinates:
269.569, 229.117
35.4109, 84.1955
157.203, 127.677
111.556, 258.409
Evaluation Time: 0.00031046 seconds
Resulting Fitness: 0
-------------
Particle: 3:
Relays Coordinates:
246.23, 63.0186
75.5767, 92.7137
178.662, 123.239
106.877, 245.571
Evaluation Time: 0.0210902 seconds
Resulting Fitness: 0.750042
-------------
Particle: 4:
Relays Coordinates:
303.383, 268.789
71.9713, 99.8694
188.695, 148.834
79.1702, 259.348
Evaluation Time: 0.000132218 seconds
Resulting Fitness: 0
Final global best fitness: 0.895833
Final global best relays:
251.719, 220.054
75.3303, 92.7952
178.738, 123.278
106.841, 250.681
