PSO EXECUTION
============================
Seed: 1555680
Particles: 20
Relays: 8
Iterations: 20
Backend: Simulation
Network Configuration: 1
Area: 700 x 700
Sink: 0, 0
Simulated Relay range: 155
w: 0.8
c1: 1.7
c2: 1.3

Relay Nodes Positions: 
PARTICLE 1: 
3.1819, 243.373
144.468, 434.807
52.7047, 49.445
114.831, 101.243
122.203, 42.7406
103.484, 150.614
254.207, 540.149
22.8002, 339.579
PARTICLE 2: 
281.274, 101.517
171.925, 280.469
137.447, 134.832
17.153, 18.5268
197.23, 36.7472
179.693, 112.493
85.7718, 139.37
381.69, 72.8967
PARTICLE 3: 
115.331, 25.06
68.4389, 262.842
361.162, 456.286
436.74, 365.835
244.101, 165.043
150.569, 237.768
73.5585, 122.449
344.561, 257.082
PARTICLE 4: 
108.066, 423.962
246.315, 129.869
218.965, 220.745
158.981, 293.502
56.029, 120.529
105.304, 251.87
258.943, 228.972
120.316, 17.9172
PARTICLE 5: 
369.949, 202.566
121.678, 153.586
234.227, 153.348
405.249, 279.13
472.707, 96.3039
105.062, 30.4404
602.774, 191.589
603.912, 104.202
PARTICLE 6: 
216.512, 246.277
99.4234, 80.6376
284.59, 527.272
182.306, 321.71
347.175, 163.494
122.253, 118.934
254.251, 447.329
212.114, 243.802
PARTICLE 7: 
165.632, 454.588
115.29, 8.58776
139.176, 141.304
257.328, 572.014
19.3153, 166.26
237.464, 229.759
193.74, 304.698
222.98, 199.826
PARTICLE 8: 
639.879, 184.1
13.5193, 123.723
67.1168, 55.8033
389.456, 247.373
288.187, 161.606
352.679, 190.236
152.669, 175.394
511.347, 178.545
PARTICLE 9: 
162.454, 51.4882
18.9683, 145.491
244.773, 285.38
144.099, 237.54
243.525, 159.82
211.994, 279.917
141.554, 160.514
204.118, 250.297
PARTICLE 10: 
97.5637, 207.079
124.896, 405.783
43.607, 11.7033
53.3581, 285.977
115.229, 120.658
236.593, 461.637
388.107, 460.632
200.206, 480.088
PARTICLE 11: 
678.657, 181.2
463.068, 137.45
527.187, 213.964
81.5187, 17.3895
594.226, 286.711
208.174, 44.1072
314.706, 87.4075
393.905, 95.1106
PARTICLE 12: 
94.2958, 79.6513
306.24, 248.661
561.836, 489.352
121.514, 111.71
499.727, 262.124
616.098, 347.331
377.041, 242.179
231.212, 171.487
PARTICLE 13: 
71.8092, 172.477
180.193, 405.993
142.069, 62.2204
24.0873, 10.4684
87.1979, 190.756
143.836, 5.54389
38.9256, 380.313
99.5828, 277.826
PARTICLE 14: 
477.11, 368.502
365.6, 325.236
79.8283, 13.08
329.637, 472.798
122.047, 135.543
269.962, 212.392
233.115, 190.998
227.136, 280.64
PARTICLE 15: 
88.8893, 206.855
190.533, 270.172
318.763, 517.909
108, 101.858
287.271, 255.698
275.96, 530.152
204.627, 418.618
424.287, 427.164
PARTICLE 16: 
300.449, 158.024
135.001, 4.82479
258.1, 71.7543
304.155, 289.847
25.0125, 288.109
35.7239, 315.214
371.5, 64.4656
168.323, 292.878
PARTICLE 17: 
255.052, 103.404
272.295, 297.195
88.9922, 186.735
14.9697, 108.205
326.754, 227.327
255.02, 260.982
406.39, 172.332
191.793, 157.844
PARTICLE 18: 
128.416, 289.674
68.9731, 131.4
82.2378, 351.354
116.02, 208.234
8.62917, 278.471
12.5106, 33.7259
36.7368, 497.248
192.917, 246.843
PARTICLE 19: 
168.592, 492.777
21.6291, 38.2435
287.396, 508.904
323.3, 177.065
67.9331, 126.55
180.523, 189.277
152.544, 377.187
174.089, 272.556
PARTICLE 20: 
303.803, 178.471
203.157, 103.699
422.493, 89.0432
265.986, 266.306
20.8587, 37.2991
415.118, 66.5485
189.041, 298.558
73.6201, 93.0825
Nodes Positions: 
454.652, 695.868
43.3659, 635.289
203.189, 665.411
620.168, 230.517
397.41, 304.299
408.054, 127.34
569.341, 466.921
421.215, 312.879
528.587, 557.328
238.082, 140.352
28.6074, 219.825
357.981, 335.64
124.992, 441.401
5.77871, 65.8809
686.379, 194.02
201.204, 106.036
429.329, 587.933
189.581, 499.286
171.873, 396.962
22.5075, 237.206
629.099, 157.412
44.2754, 212.117
10.2652, 84.8608
147.449, 78.0907
567.067, 1.88332
465.888, 121.41
511.609, 597.58
698.314, 539.201
366.541, 521.628
318.347, 476.333
544.623, 565.246
383.105, 260.194
253.591, 325.754
338.26, 431.882
176.832, 606.063
89.9921, 685.818
535.634, 357.779
593.975, 192.272
678.093, 459.059
641.315, 454.081
137.404, 360.291
458.229, 30.2413
553.95, 674.216
214.003, 17.1409
673.181, 48.7413
602.85, 654.229
439.697, 287.5
270.606, 245.793
222.593, 176.277
375.688, 158.265
474.496, 38.3805
99.9611, 488.459
585.235, 417.31
482.685, 615.979
660.303, 374.737
649.997, 529.046
305.849, 95.8748
63.5298, 577.544
158.68, 550.215
521.715, 509.779
329.045, 642.645
58.0543, 492.166
348.587, 386.991
70.8839, 574.319
81.7679, 427.058
106.504, 205.047
284.986, 378.753
293.223, 135.83
157.459, 25.9248
391.073, 405.34
306.512, 291.326
114.754, 274.591
272.331, 270.808
491.231, 52.6014
253.875, 319.045
636.554, 96.8909
413.447, 171.394
499.354, 659.178
605.213, 347.798
232.307, 629.942
All particles start with velocity zero
-- ITERATION 0 --
-------------
Particle: 1:
Relays Coordinates:
3.1819, 243.373
144.468, 434.807
52.7047, 49.445
114.831, 101.243
122.203, 42.7406
103.484, 150.614
254.207, 540.149
22.8002, 339.579
Evaluation Time: 2.67221 seconds
Resulting Fitness: 0.360417
New local best!
New global best!
-------------
Particle: 2:
Relays Coordinates:
281.274, 101.517
171.925, 280.469
137.447, 134.832
17.153, 18.5268
197.23, 36.7472
179.693, 112.493
85.7718, 139.37
381.69, 72.8967
Evaluation Time: 2.51302 seconds
Resulting Fitness: 0.366667
New local best!
New global best!
-------------
Particle: 3:
Relays Coordinates:
115.331, 25.06
68.4389, 262.842
361.162, 456.286
436.74, 365.835
244.101, 165.043
150.569, 237.768
73.5585, 122.449
344.561, 257.082
Evaluation Time: 3.02879 seconds
Resulting Fitness: 0.45
New local best!
New global best!
-------------
Particle: 4:
Relays Coordinates:
108.066, 423.962
246.315, 129.869
218.965, 220.745
158.981, 293.502
56.029, 120.529
105.304, 251.87
258.943, 228.972
120.316, 17.9172
Evaluation Time: 2.71552 seconds
Resulting Fitness: 0.4
New local best!
-------------
Particle: 5:
Relays Coordinates:
369.949, 202.566
121.678, 153.586
234.227, 153.348
405.249, 279.13
472.707, 96.3039
105.062, 30.4404
602.774, 191.589
603.912, 104.202
Evaluation Time: 3.04665 seconds
Resulting Fitness: 0.5
New local best!
New global best!
-------------
Particle: 6:
Relays Coordinates:
216.512, 246.277
99.4234, 80.6376
284.59, 527.272
182.306, 321.71
347.175, 163.494
122.253, 118.934
254.251, 447.329
212.114, 243.802
Evaluation Time: 3.24816 seconds
Resulting Fitness: 0.4
New local best!
-------------
Particle: 7:
Relays Coordinates:
165.632, 454.588
115.29, 8.58776
139.176, 141.304
257.328, 572.014
19.3153, 166.26
237.464, 229.759
193.74, 304.698
222.98, 199.826
Evaluation Time: 3.03604 seconds
Resulting Fitness: 0.427083
New local best!
-------------
Particle: 8:
Relays Coordinates:
639.879, 184.1
13.5193, 123.723
67.1168, 55.8033
389.456, 247.373
288.187, 161.606
352.679, 190.236
152.669, 175.394
511.347, 178.545
Evaluation Time: 2.84274 seconds
Resulting Fitness: 0.472917
New local best!
-------------
Particle: 9:
Relays Coordinates:
162.454, 51.4882
18.9683, 145.491
244.773, 285.38
144.099, 237.54
243.525, 159.82
211.994, 279.917
141.554, 160.514
204.118, 250.297
Evaluation Time: 2.23658 seconds
Resulting Fitness: 0.347917
New local best!
-------------
Particle: 10:
Relays Coordinates:
97.5637, 207.079
124.896, 405.783
43.607, 11.7033
53.3581, 285.977
115.229, 120.658
236.593, 461.637
388.107, 460.632
200.206, 480.088
Evaluation Time: 3.19256 seconds
Resulting Fitness: 0.4375
New local best!
-------------
Particle: 11:
Relays Coordinates:
678.657, 181.2
463.068, 137.45
527.187, 213.964
81.5187, 17.3895
594.226, 286.711
208.174, 44.1072
314.706, 87.4075
393.905, 95.1106
Evaluation Time: 2.65556 seconds
Resulting Fitness: 0.38125
New local best!
-------------
Particle: 12:
Relays Coordinates:
94.2958, 79.6513
306.24, 248.661
561.836, 489.352
121.514, 111.71
499.727, 262.124
616.098, 347.331
377.041, 242.179
231.212, 171.487
Evaluation Time: 3.76913 seconds
Resulting Fitness: 0.541667
New local best!
New global best!
-------------
Particle: 13:
Relays Coordinates:
71.8092, 172.477
180.193, 405.993
142.069, 62.2204
24.0873, 10.4684
87.1979, 190.756
143.836, 5.54389
38.9256, 380.313
99.5828, 277.826
Evaluation Time: 2.54952 seconds
Resulting Fitness: 0.29375
New local best!
-------------
Particle: 14:
Relays Coordinates:
477.11, 368.502
365.6, 325.236
79.8283, 13.08
329.637, 472.798
122.047, 135.543
269.962, 212.392
233.115, 190.998
227.136, 280.64
Evaluation Time: 2.98502 seconds
Resulting Fitness: 0.470833
New local best!
-------------
Particle: 15:
Relays Coordinates:
88.8893, 206.855
190.533, 270.172
318.763, 517.909
108, 101.858
287.271, 255.698
275.96, 530.152
204.627, 418.618
424.287, 427.164
Evaluation Time: 3.21243 seconds
Resulting Fitness: 0.485417
New local best!
-------------
Particle: 16:
Relays Coordinates:
300.449, 158.024
135.001, 4.82479
258.1, 71.7543
304.155, 289.847
25.0125, 288.109
35.7239, 315.214
371.5, 64.4656
168.323, 292.878
Evaluation Time: 2.90016 seconds
Resulting Fitness: 0.4625
New local best!
-------------
Particle: 17:
Relays Coordinates:
255.052, 103.404
272.295, 297.195
88.9922, 186.735
14.9697, 108.205
326.754, 227.327
255.02, 260.982
406.39, 172.332
191.793, 157.844
Evaluation Time: 2.72824 seconds
Resulting Fitness: 0.4375
New local best!
-------------
Particle: 18:
Relays Coordinates:
128.416, 289.674
68.9731, 131.4
82.2378, 351.354
116.02, 208.234
8.62917, 278.471
12.5106, 33.7259
36.7368, 497.248
192.917, 246.843
Evaluation Time: 2.46396 seconds
Resulting Fitness: 0.347917
New local best!
-------------
Particle: 19:
Relays Coordinates:
168.592, 492.777
21.6291, 38.2435
287.396, 508.904
323.3, 177.065
67.9331, 126.55
180.523, 189.277
152.544, 377.187
174.089, 272.556
Evaluation Time: 3.35047 seconds
Resulting Fitness: 0.50625
New local best!
-------------
Particle: 20:
Relays Coordinates:
303.803, 178.471
203.157, 103.699
422.493, 89.0432
265.986, 266.306
20.8587, 37.2991
415.118, 66.5485
189.041, 298.558
73.6201, 93.0825
Evaluation Time: 2.6341 seconds
Resulting Fitness: 0.420833
New local best!
Current global best fitness: 0.541667
Current global best relays: 94.2958, 79.6513
306.24, 248.661
561.836, 489.352
121.514, 111.71
499.727, 262.124
616.098, 347.331
377.041, 242.179
231.212, 171.487
Particle 1 new velocities: 66.5384, -145.589
196.558, -23.521
110.35, 272.982
0.0627009, 5.63633
114.814, 179.927
401.667, 174.309
65.9448, -207.606
225.638, -73.5285
Particle 2 new velocities: -151.535, -12.5034
52.8033, -8.85092
249.124, 423.783
4.9574, 13.4111
8.44746, 232.331
79.2335, 87.3913
120.028, 92.499
-163.234, 71.076
Particle 3 new velocities: -21.1779, 70.1662
289.979, -15.6672
239.669, 27.8111
-140.693, -104.145
128.037, 1.31692
265.357, 63.076
367.012, 70.322
-17.9636, -14.697
Particle 4 new velocities: -16.8055, -404.671
52.0191, 26.2771
401.724, 276.131
-7.38326, -14.1643
473.545, 36.905
89.9511, 16.2992
16.9759, 15.4601
142.483, 138.163
Particle 5 new velocities: -166.204, -73.1685
199.343, 95.2338
402.237, 280.872
-142.594, -163.087
12.1646, 148.712
283.265, 95.0209
-229.096, 24.3719
-318.784, 49.3376
Particle 6 new velocities: -75.7226, -96.0396
8.52763, 80.8309
354.096, -24.2312
-67.8817, -158.366
31.1489, 26.5556
374.429, 239.717
49.357, -142.298
1.51656, -0.262061
Particle 7 new velocities: -54.3858, -181.418
47.6157, 42.4748
223.122, 81.5297
-32.4999, -25.4347
315.884, 120.735
363.128, 27.3407
232.341, -59.2936
2.47604, -1.37104
Particle 8 new velocities: -292.868, -104.776
48.0764, 80.9395
230.658, 36.1751
-8.97882, -141.475
240.97, 14.2977
304.915, 15.0967
254.683, 1.66986
-243.508, -7.27009
Particle 9 new velocities: -75.9014, 20.9164
311.354, 132.841
177.93, 225.884
-23.9311, -66.4342
324.255, 128.858
401.552, 41.2511
123.348, 92.3263
18.9253, -95.0836
Particle 10 new velocities: -2.97912, -85.4315
106.779, -103.943
233.51, 325.041
53.198, -211.748
22.2096, 96.5176
311.203, -3.8463
-3.02835, -182.836
10.1218, -166.391
Particle 11 new velocities: -52.853, -48.5628
-69.6489, 88.1973
31.448, 87.0067
27.8129, 109.695
-69.3209, -29.1879
285.088, 114.211
49.2764, 193.034
-43.7245, 72.3139
Particle 12 new velocities: 0, 0
0, 0
0, 0
0, 0
0, 0
0, 0
0, 0
0, 0
Particle 13 new velocities: 12.9409, -106.934
74.6061, -98.6255
477.015, 55.1677
125.514, 105.881
431.979, 51.7068
519.569, 91.3886
423.48, -169.359
72.8699, -76.8596
Particle 14 new velocities: -121.193, -274.473
-35.7914, -56.7801
59.2285, 412.137
-41.8154, -374.539
136.551, 6.41691
266.11, 82.9843
143.608, 65.7752
0.467428, -139.758
Particle 15 new velocities: 3.05636, -89.631
142.473, -0.982333
283.892, -9.85067
0.957693, 5.27948
225.432, 7.25578
244.66, -53.1311
101.87, -140.132
-221.144, -298.352
Particle 16 new velocities: -264.706, -7.27566
95.6619, 220.317
99.9645, 30.2764
-231.061, -173.399
504.707, -17.8508
30.6118, 17.7687
0.0513437, 53.4759
28.4033, -145.021
Particle 17 new velocities: -186.756, -23.2628
42.4921, -58.3804
140.989, 165.501
22.8536, 2.44109
35.4151, 38.839
37.9759, 43.0904
-19.4196, 83.6938
28.4406, 4.36779
Particle 18 new velocities: -36.2058, -155.469
230.583, 75.3209
569.486, 87.6325
2.71005, -3.34516
173.93, -0.231414
681.142, 30.79
112.527, -309.625
32.8855, -18.4641
Particle 19 new velocities: -47.5638, -123.622
209.487, 72.3965
58.8598, -22.1842
-211.267, -48.6004
169.517, 15.1035
427.77, 178.089
233.154, -88.8053
61.4934, -34.4403
Particle 20 new velocities: -229.367, -109.572
72.1676, 12.8336
51.198, 374.626
-111.565, -82.9007
81.3464, 40.1839
27.4331, 306.69
179.738, -37.5538
146.138, 57.8877
-- ITERATION 1 --
-------------
Particle: 1:
Relays Coordinates:
56.4734, 79.2054
276.231, 333.142
132.074, 261.166
93.0642, 86.5724
191.984, 180.361
409.172, 263.187
259.323, 269.359
201.235, 215.501
Evaluation Time: 2.47875 seconds
Resulting Fitness: 0.44375
New local best!
-------------
Particle: 2:
Relays Coordinates:
55.8481, 38.3173
96.7382, 116.923
166.406, 240.465
9.5178, 13.7482
88.5372, 115.829
111.459, 86.0435
88.59, 99.8122
94.0384, 61.9755
Evaluation Time: 1.85321 seconds
Resulting Fitness: 0.252083
-------------
Particle: 3:
Relays Coordinates:
55.5964, 56.2301
211.642, 145.954
354.785, 285.854
174.813, 154.525
219.743, 98.2341
245.6, 177.645
260.153, 113.829
192.852, 143.126
Evaluation Time: 2.48616 seconds
Resulting Fitness: 0.329167
-------------
Particle: 4:
Relays Coordinates:
39.2847, 8.30437
128.423, 67.2157
267.186, 213.889
65.2577, 120.246
227.964, 67.7702
84.051, 115.438
118.774, 105.22
113.126, 67.1873
Evaluation Time: 2.04843 seconds
Resulting Fitness: 0.289583
-------------
Particle: 5:
Relays Coordinates:
120.31, 76.4082
189.559, 146.925
375.826, 256.402
155.095, 68.5224
286.312, 144.679
229.303, 74.0836
220.653, 127.523
168.365, 90.6637
Evaluation Time: 2.36978 seconds
Resulting Fitness: 0.35
-------------
Particle: 6:
Relays Coordinates:
102.636, 109.523
78.6963, 117.711
465.602, 366.717
83.4152, 119.077
275.798, 138.546
362.081, 261.456
221.33, 222.368
155.737, 177.541
Evaluation Time: 2.65106 seconds
Resulting Fitness: 0.435417
New local best!
-------------
Particle: 7:
Relays Coordinates:
59.1206, 145.174
86.5749, 27.1367
192.54, 118.423
119.483, 290.474
178.139, 152.521
319.179, 136.633
226.437, 130.418
119.816, 105.467
Evaluation Time: 2.3871 seconds
Resulting Fitness: 0.34375
-------------
Particle: 8:
Relays Coordinates:
227.674, 52.0447
40.413, 134.279
195.37, 60.347
249.631, 69.48
347.18, 115.411
431.448, 134.719
267.264, 116.172
175.729, 112.374
Evaluation Time: 2.26169 seconds
Resulting Fitness: 0.314583
-------------
Particle: 9:
Relays Coordinates:
51.1087, 42.7542
195.052, 164.352
249.602, 301.896
70.9581, 101.036
335.268, 170.462
362.293, 189.647
156.422, 149.3
131.705, 91.6521
Evaluation Time: 2.4052 seconds
Resulting Fitness: 0.397917
New local best!
-------------
Particle: 10:
Relays Coordinates:
55.8512, 71.8317
136.802, 178.234
163.635, 198.844
62.9203, 43.8313
81.1561, 128.24
323.468, 270.321
227.385, 164.036
124.196, 185.235
Evaluation Time: 2.6489 seconds
Resulting Fitness: 0.377083
-------------
Particle: 11:
Relays Coordinates:
369.531, 78.3211
232.31, 133.243
329.868, 177.72
64.5592, 75.0424
309.951, 152.065
291.266, 93.4854
214.928, 165.598
206.778, 98.8625
Evaluation Time: 2.32979 seconds
Resulting Fitness: 0.341667
-------------
Particle: 12:
Relays Coordinates:
94.2958, 79.6513
306.24, 248.661
561.836, 489.352
121.514, 111.71
499.727, 262.124
616.098, 347.331
377.041, 242.179
231.212, 171.487
Evaluation Time: 3.77191 seconds
Resulting Fitness: 0.541667
-------------
Particle: 13:
Relays Coordinates:
55.6045, 43.0027
167.173, 201.664
406.181, 77.0183
98.1532, 76.337
340.632, 159.08
435.26, 63.5974
303.384, 138.407
113.146, 131.854
Evaluation Time: 2.53197 seconds
Resulting Fitness: 0.36875
New local best!
-------------
Particle: 14:
Relays Coordinates:
189.149, 49.9713
175.274, 142.668
73.9005, 225.977
152.96, 52.2187
137.43, 75.4435
284.891, 156.975
200.206, 136.46
120.958, 74.8704
Evaluation Time: 1.93936 seconds
Resulting Fitness: 0.289583
-------------
Particle: 15:
Relays Coordinates:
60.3255, 76.9105
218.485, 176.616
395.402, 333.337
71.4875, 70.293
336.385, 172.524
341.579, 312.973
201.092, 182.715
133.282, 84.5133
Evaluation Time: 2.65456 seconds
Resulting Fitness: 0.397917
-------------
Particle: 16:
Relays Coordinates:
23.4515, 98.9063
151.338, 147.716
234.926, 66.9423
47.9572, 76.4014
347.549, 177.316
43.5229, 218.47
243.775, 77.3814
129.072, 97.0084
Evaluation Time: 2.31384 seconds
Resulting Fitness: 0.320833
-------------
Particle: 17:
Relays Coordinates:
55.3197, 64.914
254.978, 193.44
186.284, 285.311
30.6369, 89.6233
293.357, 215.595
237.327, 246.298
313.446, 207.38
178.389, 131.392
Evaluation Time: 2.30864 seconds
Resulting Fitness: 0.370833
-------------
Particle: 18:
Relays Coordinates:
32.1516, 46.7946
104.449, 72.0792
227.242, 153.065
41.3988, 71.4404
63.6543, 97.016
241.862, 22.4953
52.0452, 65.4203
78.7325, 79.6307
Evaluation Time: 1.84993 seconds
Resulting Fitness: 0.216667
-------------
Particle: 19:
Relays Coordinates:
79.4067, 242.203
151.635, 72.5909
227.179, 319.337
73.5047, 84.2856
155.791, 92.9387
399.101, 241.029
253.056, 189.207
154.565, 156.228
Evaluation Time: 2.6728 seconds
Resulting Fitness: 0.4125
-------------
Particle: 20:
Relays Coordinates:
66.9923, 62.0092
247.792, 104.88
426.322, 417.302
138.979, 165.065
91.9846, 69.7347
398.296, 335.915
331.9, 234.904
197.782, 135.873
Evaluation Time: 2.6634 seconds
Resulting Fitness: 0.414583
Current global best fitness: 0.541667
Current global best relays: 94.2958, 79.6513
306.24, 248.661
561.836, 489.352
121.514, 111.71
499.727, 262.124
616.098, 347.331
377.041, 242.179
231.212, 171.487
Particle 1 new velocities: 56.389, -116.18
159.552, -111.354
148.478, 351.509
23.6306, 9.15695
382.267, 196.383
344.938, 234.406
54.6774, -191.336
206.052, -73.3353
Particle 2 new velocities: 216.384, 25.0376
266.244, 350.404
304.931, 463.937
30.0473, 127.18
360.756, 190.415
684.251, 250.925
368.058, 271.077
300.081, 162.503
Particle 3 new velocities: 96.7057, 27.9406
210.883, 285.908
273.249, 261.187
80.1804, 222.341
180.798, 55.9657
182.356, 257.229
288.445, 86.6072
200.501, 24.0656
Particle 4 new velocities: 111.384, 254.418
115.671, 223.106
459.627, 302.581
134.082, 57.1666
388.445, 90.6489
597.96, 107.412
335.41, 282.043
212.258, 88.0545
Particle 5 new velocities: -88.7082, 143.999
130.838, 169.322
195.115, 288.793
-24.4608, -93.3775
267.187, 70.5488
482.563, 40.1482
206.225, 28.4713
54.0511, 111.71
Particle 6 new velocities: -71.2201, -77.8492
155.429, 95.4754
305.999, 115.061
-29.332, -132.278
49.4467, 113.939
343.293, 237.41
145.055, -96.5535
74.7512, -7.41619
Particle 7 new velocities: 22.9208, 130.896
85.3302, 254.98
514.036, 383.283
106.038, 67.2825
507.973, 180.638
415.47, 123.379
237.23, 147.709
116.435, 50.3173
Particle 8 new velocities: -190.045, 20.0672
57.5259, 73.8782
366.083, 293.363
65.5427, 13.8107
109.719, 218.329
349.146, 236.324
264.176, 130.116
265.412, 29.1861
Particle 9 new velocities: -51.6984, 47.409
335.872, 144.977
266.444, 199.756
3.91592, -39.6352
315.414, 185.502
472.143, 128.964
147.842, 172.207
70.0946, -48.6671
Particle 10 new velocities: 109.002, 0.253235
94.4503, 322.175
359.707, 237.752
108.6, 10.6969
436.171, 105.513
344.904, 288.514
167.874, -92.4003
101.956, 67.5751
Particle 11 new velocities: -212.671, 22.5596
136.562, 208.463
245.162, 347.784
45.8064, 58.8394
251.994, 223.26
361.358, 178.094
89.6965, 86.5116
191.777, 72.2077
Particle 12 new velocities: 0, 0
0, 0
0, 0
0, 0
0, 0
0, 0
0, 0
0, 0
Particle 13 new velocities: 25.4611, -46.9033
119.903, -68.8708
402.471, 301.599
129.477, 109.619
451.711, 126.946
437.093, 185.577
380.612, -132.681
152.91, -25.7178
Particle 14 new velocities: -75.6719, -74.7788
93.1791, 71.224
626.819, 178.598
150.536, -123.229
139.636, 130.405
341.455, 263.522
261.366, 122.283
277.333, 231.629
Particle 15 new velocities: 35.2776, 63.0322
134.765, 56.8938
257.95, 244.467
63.0804, 15.0212
319.011, 212.9
521.974, 179.457
310.098, 56.9172
56.0227, -83.4327
Particle 16 new velocities: -4.97949, 20.5464
111.231, 148.148
272.312, 508.049
-57.1501, 64.3445
334.954, 131.658
662.245, 212.592
288.374, 228.414
137.138, 225.232
Particle 17 new velocities: 36.5838, 51.2962
118.565, 65.7505
391.676, 229.039
61.7626, 29.7563
294.511, 77.599
529.68, 162.46
27.9623, 45.0539
59.4727, 95.3247
Particle 18 new velocities: 103.584, 156.471
341.277, 177.078
721.57, 503.557
101.836, 97.0004
345.118, 497.955
863.528, 206.926
147.078, -172.958
160.496, 301.204
Particle 19 new velocities: -2.90589, -256.738
192.878, 236.313
306.679, 343.377
32.8638, 64.5464
505.473, 226.364
504.04, 172.209
266.934, 205.414
105.865, 1.59478
Particle 20 new velocities: -48.2644, 35.0843
22.4698, 97.973
148.778, 6.29454
-86.854, 31.4379
432.787, 81.5432
152.267, -186.583
2.17969, -18.1224
93.8944, 65.7662
-- ITERATION 2 --
-------------
Particle: 1:
Relays Coordinates:
43.7252, 0
168.832, 85.925
108.692, 237.363
45.2099, 37.0875
222.477, 145.958
271.194, 192.778
121.65, 30.2278
157.791, 55.0779
Evaluation Time: 2.14682 seconds
Resulting Fitness: 0.30625
-------------
Particle: 2:
Relays Coordinates:
160.751, 37.4104
214.338, 275.952
278.32, 413.343
23.3628, 83.2167
265.303, 180.834
413.343, 198.976
269.646, 219.006
232.723, 132.552
Evaluation Time: 2.8634 seconds
Resulting Fitness: 0.43125
New local best!
-------------
Particle: 3:
Relays Coordinates:
89.9328, 49.702
249.497, 255.01
370.848, 323.022
150.571, 222.536
236.516, 91.0534
252.704, 256.789
323.941, 118.356
232.271, 98.7249
Evaluation Time: 2.61868 seconds
Resulting Fitness: 0.391667
-------------
Particle: 4:
Relays Coordinates:
80.0715, 139.622
129.721, 154.289
372.009, 274.474
105.938, 94.2843
327.585, 84.1904
362.448, 118.432
241.372, 205.807
172.923, 82.5019
Evaluation Time: 2.60248 seconds
Resulting Fitness: 0.395833
-------------
Particle: 5:
Relays Coordinates:
13.6034, 94.878
137.921, 136.134
245.771, 234.689
56.2336, 0
238.263, 92.6486
301.327, 49.1731
183.757, 67.1504
95.7429, 87.1152
Evaluation Time: 2.44278 seconds
Resulting Fitness: 0.31875
-------------
Particle: 6:
Relays Coordinates:
10.9539, 11.044
81.6346, 74.3333
244.075, 167.986
18.8576, 0
113.406, 88.0361
244.075, 173.944
127.75, 43.8687
80.3661, 59.3188
Evaluation Time: 2.03012 seconds
Resulting Fitness: 0.241667
-------------
Particle: 7:
Relays Coordinates:
43.6001, 146.715
91.3574, 149.929
372.009, 266.627
119.851, 190.127
364.628, 177.054
372.009, 138.181
246.411, 147.808
125.553, 82.7901
Evaluation Time: 2.71695 seconds
Resulting Fitness: 0.395833
-------------
Particle: 8:
Relays Coordinates:
22.2192, 42.5814
57.8319, 122.915
331.533, 208.862
186.107, 49.1823
269.794, 197.07
413.343, 219.097
313.81, 145.431
260.49, 83.5896
Evaluation Time: 2.5721 seconds
Resulting Fitness: 0.3375
-------------
Particle: 9:
Relays Coordinates:
0, 43.1248
253.939, 147.951
246.823, 239.939
35.812, 29.3679
311.219, 170.256
334.808, 152.39
145.529, 153.776
96.5202, 20.5596
Evaluation Time: 2.26333 seconds
Resulting Fitness: 0.339583
-------------
Particle: 10:
Relays Coordinates:
97.3443, 42.5654
136.552, 295.487
309.028, 257.805
101.281, 32.1983
305.476, 138.029
394.667, 329.986
233.397, 42.2999
133.541, 149.282
Evaluation Time: 2.56363 seconds
Resulting Fitness: 0.439583
New local best!
-------------
Particle: 11:
Relays Coordinates:
114.351, 73.5421
268.907, 249.103
419.197, 383.093
80.4566, 97.5998
409.659, 273.612
475.763, 197.982
222.071, 183.788
290.546, 124.71
Evaluation Time: 2.9469 seconds
Resulting Fitness: 0.420833
New local best!
-------------
Particle: 12:
Relays Coordinates:
94.2958, 79.6513
306.24, 248.661
561.836, 489.352
121.514, 111.71
499.727, 262.124
616.098, 347.331
377.041, 242.179
231.212, 171.487
Evaluation Time: 3.59879 seconds
Resulting Fitness: 0.541667
-------------
Particle: 13:
Relays Coordinates:
28.2659, 0
100.097, 46.3021
244.075, 132.016
79.3696, 64.8389
244.075, 99.7311
244.075, 86.8818
238.495, 1.99662
92.7682, 37.0075
Evaluation Time: 1.75361 seconds
Resulting Fitness: 0.2
-------------
Particle: 14:
Relays Coordinates:
74.4523, 0
176.132, 140.335
459.27, 265.442
199.124, 0
181.783, 135.057
410.945, 275.888
302.838, 169.762
261.319, 201.094
Evaluation Time: 2.64699 seconds
Resulting Fitness: 0.377083
-------------
Particle: 15:
Relays Coordinates:
50.8074, 74.3713
187.732, 124.096
347.218, 307.069
71.5149, 45.3395
348.304, 204.83
372.009, 261.698
271.668, 127.35
100.604, 0.574282
Evaluation Time: 2.39117 seconds
Resulting Fitness: 0.375
-------------
Particle: 16:
Relays Coordinates:
8.83511, 57.1338
125.586, 141.511
242.61, 275.016
0, 67.3183
326.439, 147.782
334.808, 206.176
254.525, 146.261
127.327, 154.126
Evaluation Time: 2.47634 seconds
Resulting Fitness: 0.39375
-------------
Particle: 17:
Relays Coordinates:
60.2979, 76.2455
245.081, 170.055
379.2, 337.465
60.6233, 78.325
385.701, 192.364
459.27, 268.186
223.998, 165.622
156.061, 148.749
Evaluation Time: 2.78188 seconds
Resulting Fitness: 0.435417
-------------
Particle: 18:
Relays Coordinates:
64.9219, 97.2211
213.189, 119.171
334.808, 314.061
68.5088, 80.5647
195.514, 284.573
334.808, 109.731
95.2398, 0
114.422, 182.152
Evaluation Time: 2.5379 seconds
Resulting Fitness: 0.445833
New local best!
-------------
Particle: 19:
Relays Coordinates:
40.6556, 0
183.088, 164.164
283.714, 352.193
56.5286, 79.0954
351.423, 169.69
372.009, 219.612
276.344, 209.718
138.404, 83.8735
Evaluation Time: 2.62728 seconds
Resulting Fitness: 0.4125
-------------
Particle: 20:
Relays Coordinates:
9.95273, 51.5995
143.628, 107.804
305.631, 225.117
27.7011, 104.43
278.885, 80.3953
292.591, 79.361
177.544, 115.207
155.009, 107.159
Evaluation Time: 2.35515 seconds
Resulting Fitness: 0.3375
Current global best fitness: 0.541667
Current global best relays: 94.2958, 79.6513
306.24, 248.661
561.836, 489.352
121.514, 111.71
499.727, 262.124
616.098, 347.331
377.041, 242.179
231.212, 171.487
Particle 1 new velocities: 103.979, 58.2388
454.634, 269.423
619.459, 464.397
81.4141, 35.9863
352.72, 279.991
560.866, 443.142
369.261, 140.741
242.585, 115.151
Particle 2 new velocities: 138.609, 25.6754
306.685, 276.605
381.609, 73.3421
70.179, 124.893
298.873, 181.523
86.898, 336.436
332.528, 228.164
239.063, 166.372
Particle 3 new velocities: 82.9695, 23.3951
-0.888397, 228.542
282.143, 295.244
523.628, 255.962
230.71, 141.819
232.825, 258.441
-0.180057, 212.612
267.416, 162.2
Particle 4 new velocities: 119.885, 238.835
328.119, 219.479
-251.505, 245.327
115.801, 96.981
304.152, 218.529
476.758, 288.176
408.682, 254.222
126.419, -12.2672
Particle 5 new velocities: 522.426, 258.12
120.329, 263.856
282.762, 236.181
138.75, 190.084
482.836, 134.134
-212.183, 85.7884
521.145, 94.6876
642.232, 127.763
Particle 6 new velocities: 83.3855, 139.168
236.643, 175.341
102.784, 496.078
47.3019, 203.728
545.737, 264.477
377.166, 358.499
305.854, 185.027
141.311, 287.28
Particle 7 new velocities: 124.63, 331.631
109.333, 102.703
-91.1109, 227.173
247.953, 36.1082
270.853, 176.301
141.164, 503.5
264.331, 243.122
140.896, 245.857
Particle 8 new velocities: 625.078, 187.219
135.267, 211.563
356.76, 365.205
251.969, 331.083
147.333, 134.919
122.489, 149.673
61.1141, 159.839
438.15, 45.3417
Particle 9 new velocities: 72.6597, 45.4269
236.077, 196.454
392.259, 375.181
99.2914, 127.651
500.801, 221.002
347.751, 334.239
129.846, 243.191
138.643, 234.09
Particle 10 new velocities: 83.9698, 36.029
166.76, 243.51
544.97, 239.625
93.0754, 19.7661
566.35, 122.741
502.228, 250.781
142.02, -72.8683
136.255, 55.6364
Particle 11 new velocities: -184.297, 23.5199
145.602, 166.389
307.742, 302.452
45.1592, 54.9103
235.79, 172.856
456.606, 312.584
216.712, 85.3455
110.439, 70.119
Particle 12 new velocities: 0, 0
0, 0
0, 0
0, 0
0, 0
0, 0
0, 0
0, 0
Particle 13 new velocities: 76.1957, 61.7459
334.678, 89.7523
107.212, 430.387
163.973, 125.15
233.846, 235.507
197.547, 396.766
411.075, 145.905
153.479, 256.597
Particle 14 new velocities: 408.926, 592.57
231.985, 235.017
-106.359, -176.836
151.984, 192.007
410.878, 183.928
526.681, 209.514
135.488, 155.448
175.466, 290.034
Particle 15 new velocities: 69.6828, 60.3022
187.934, 171.972
250.387, 491.086
125.04, 86.9122
197.663, 195.287
197.49, 485.544
195.472, 589.644
631.958, 833.741
Particle 16 new velocities: 462.588, 86.0969
265.187, -42.5429
351.624, 266.923
593.237, 437.272
210.162, 271.492
241.218, 264.835
351.893, 227.784
254.661, 201.193
Particle 17 new velocities: 118.929, 50.0196
197.698, 218.827
-21.4659, 84.2985
72.898, 52.6057
294.451, 122.987
11.1871, 139.734
216.492, 113.011
166.605, 93.0415
Particle 18 new velocities: 107.489, 122.428
349.442, 216.276
137.332, 594.894
144.829, 89.4931
491.577, 384.437
114.768, 194.029
311.067, 310.237
245.895, 228.702
Particle 19 new velocities: 195.017, 531.537
106.844, 163.21
474.202, 560.704
362.179, 154.835
388.557, 177.463
3.46626, 243.693
150.301, 447.599
229.191, 62.5645
Particle 20 new velocities: 367.539, 80.433
172.626, 162.305
354.824, 96.071
-3.37193, 119.84
46.3808, 52.9976
470.036, 128.575
253.19, 273.235
37.5802, 84.5702
-- ITERATION 3 --
-------------
Particle: 1:
Relays Coordinates:
78.4962, 30.9505
331.335, 188.846
372.009, 372.009
67.2932, 38.8344
305.683, 226.367
372.009, 337.954
260.89, 90.8598
212.776, 90.4664
Evaluation Time: 2.68387 seconds
Resulting Fitness: 0.377083
-------------
Particle: 2:
Relays Coordinates:
143.183, 30.1738
249.203, 264.286
315.642, 232.78
44.7408, 99.5381
269.844, 173.314
239.264, 256.086
288.018, 213.88
225.654, 142.974
Evaluation Time: 2.37057 seconds
Resulting Fitness: 0.36875
-------------
Particle: 3:
Relays Coordinates:
82.6987, 34.9621
118.909, 231.281
312.323, 295.715
322.467, 228.864
223.472, 111.382
232.227, 246.433
154.854, 158.301
238.999, 124.8
Evaluation Time: 2.37887 seconds
Resulting Fitness: 0.402083
-------------
Particle: 4:
Relays Coordinates:
95.6384, 181.015
218.984, 178.772
57.6366, 248.619
106.057, 91.4816
302.158, 144.79
334.808, 194.479
310.919, 220.03
143.174, 33.593
Evaluation Time: 2.39166 seconds
Resulting Fitness: 0.372917
-------------
Particle: 5:
Relays Coordinates:
284.868, 187.597
137.244, 212.571
280.884, 250.24
103.622, 101.018
372.009, 120.522
47.375, 71.724
372.009, 86.0074
372.009, 114.195
Evaluation Time: 2.6776 seconds
Resulting Fitness: 0.389583
-------------
Particle: 6:
Relays Coordinates:
45.1222, 71.8461
152.231, 119.418
165.902, 317.62
31.6439, 97.4423
315.266, 168.606
297.137, 254.666
207.392, 109.48
106.027, 165.777
Evaluation Time: 2.66931 seconds
Resulting Fitness: 0.385417
-------------
Particle: 7:
Relays Coordinates:
80.464, 228.791
95.9898, 120.833
134.353, 236.183
175.919, 108.207
303.949, 169.008
245.449, 306.914
244.286, 186.98
127.442, 157.191
Evaluation Time: 2.44004 seconds
Resulting Fitness: 0.35
-------------
Particle: 8:
Relays Coordinates:
250.776, 89.0293
74.8105, 129.583
266.659, 222.405
169.719, 147.323
161.604, 128.619
207.592, 142.869
145.253, 118.268
270.668, 49.9506
Evaluation Time: 2.01744 seconds
Resulting Fitness: 0.302083
-------------
Particle: 9:
Relays Coordinates:
47.672, 58.0988
321.5, 225.964
419.302, 403.58
88.6414, 103.02
459.27, 256.704
447.827, 319.277
180.673, 260.45
154.29, 167.076
Evaluation Time: 3.10471 seconds
Resulting Fitness: 0.45625
New local best!
-------------
Particle: 10:
Relays Coordinates:
70.2448, 30.4491
117.509, 208.818
271.194, 192.715
75.2977, 20.1321
271.194, 101.027
271.194, 225.001
145.444, 0
104.524, 79.3895
Evaluation Time: 2.36199 seconds
Resulting Fitness: 0.31875
-------------
Particle: 11:
Relays Coordinates:
0, 51.5827
220.287, 220.81
372.009, 364.327
66.7574, 81.0501
343.018, 237.271
372.009, 271.335
233.187, 143.028
213.1, 103.54
Evaluation Time: 2.5793 seconds
Resulting Fitness: 0.38125
-------------
Particle: 12:
Relays Coordinates:
94.2958, 79.6513
306.24, 248.661
561.836, 489.352
121.514, 111.71
499.727, 262.124
616.098, 347.331
377.041, 242.179
231.212, 171.487
Evaluation Time: 3.69035 seconds
Resulting Fitness: 0.541667
-------------
Particle: 13:
Relays Coordinates:
68.5372, 40.5115
285.256, 89.2653
230.48, 368.992
159.657, 124.652
313.564, 219.95
289.748, 317.322
426.183, 97.038
161.563, 192.634
Evaluation Time: 3.04186 seconds
Resulting Fitness: 0.475
New local best!
-------------
Particle: 14:
Relays Coordinates:
187.27, 229.574
158.113, 145.419
136.725, 34.3278
136.026, 74.3876
229.609, 123.581
271.194, 188.055
169.817, 125.993
169.219, 190.273
Evaluation Time: 2.15395 seconds
Resulting Fitness: 0.297917
-------------
Particle: 15:
Relays Coordinates:
57.6301, 64.4139
179.68, 141.609
285.832, 334.808
94.0114, 63.2555
261.134, 191.375
272.389, 334.808
223.431, 334.808
334.808, 334.808
Evaluation Time: 2.43846 seconds
Resulting Fitness: 0.395833
-------------
Particle: 16:
Relays Coordinates:
164.375, 49.9415
136.254, 34.508
207.197, 188.963
206.849, 175.94
187.101, 146.192
200.848, 164.231
211.445, 130.421
133.191, 123.892
Evaluation Time: 1.85255 seconds
Resulting Fitness: 0.25
-------------
Particle: 17:
Relays Coordinates:
117.591, 82.8425
290.507, 255.145
234.709, 276.719
87.6034, 85.9036
446.248, 206.902
308.667, 267.636
289.005, 182.812
211.701, 158.638
Evaluation Time: 2.80537 seconds
Resulting Fitness: 0.41875
-------------
Particle: 18:
Relays Coordinates:
82.4637, 105.058
269.105, 160.443
225.823, 334.808
102.039, 81.3381
328.634, 319.985
215.031, 145.288
194.335, 148.385
172.339, 196.51
Evaluation Time: 2.4642 seconds
Resulting Fitness: 0.40625
-------------
Particle: 19:
Relays Coordinates:
91.3044, 205.928
112.326, 126.831
271.194, 271.194
162.216, 90.6294
271.194, 134.494
145.467, 179.494
165.291, 254.658
142.414, 56.7331
Evaluation Time: 2.46796 seconds
Resulting Fitness: 0.35625
-------------
Particle: 20:
Relays Coordinates:
222.905, 77.9638
186.745, 159.497
389.992, 189.658
14.3662, 132.429
192.066, 78.7672
413.343, 122.784
254.344, 229.371
113.722, 113.214
Evaluation Time: 2.60658 seconds
Resulting Fitness: 0.38125
Current global best fitness: 0.541667
Current global best relays: 94.2958, 79.6513
306.24, 248.661
561.836, 489.352
121.514, 111.71
499.727, 262.124
616.098, 347.331
377.041, 242.179
231.212, 171.487
Particle 1 new velocities: 84.0644, 94.2074
349.689, 276.085
-167.307, -43.0891
158.125, 83.584
194.007, 212.171
155.936, 284.255
404.165, 353.287
195.436, 168.426
Particle 2 new velocities: 96.4065, 35.7247
240.613, 225.478
454.294, 390.908
84.9243, 80.7013
497.605, 264.981
299.644, 247.759
257.461, 202.63
200.517, 152.86
Particle 3 new velocities: 124.453, 15.2451
-57.5265, 209.315
508.827, 468.552
387.578, 274.562
548.336, 308.057
507.139, 207.126
139.58, 187.339
239.73, 205.506
Particle 4 new velocities: 99.3132, 550.056
344.366, 130.417
385.062, 366.465
167.025, 357.616
340.068, 197.463
-76.7619, 454.944
271.785, 212.805
63.162, 94.5261
Particle 5 new velocities: 389.085, 166.003
223.87, 210.728
472.206, 154.98
329.071, 252.039
158.512, 229.774
93.0744, 344.399
274.581, 242.065
361.561, 145
Particle 6 new velocities: 142.595, 168.67
291.46, 141.397
152.131, 608.515
172.439, 181.164
465.118, 283.568
675.225, 318.619
355.351, 201.672
281.265, 234.017
Particle 7 new velocities: 242.255, 243.171
252.406, -30.8003
144.283, 373.589
227.083, 59.7273
103.588, 254.296
127.121, 390.879
261.86, 337.651
295.667, 209.775
Particle 8 new velocities: 414.078, 223.875
191.566, 284.879
488.989, 232.623
404.671, 240.547
221.326, 265.708
500.737, 262.986
187.08, 255.843
594.95, 321.153
Particle 9 new velocities: 59.8175, 57.5057
187.203, 168.616
376.34, 312.894
84.4235, 102.81
19.862, 180.613
374.237, 298.823
274.847, 190.36
115.753, 192.576
Particle 10 new velocities: 94.6852, 98.6259
354.933, 214.83
297.795, 457.329
107.572, 74.5444
138.247, 283.713
333.741, 409.981
439.241, 268.658
178.864, 66.3739
Particle 11 new velocities: 142.851, 48.0849
261.103, 171.585
142.563, 307.492
66.1066, 59.7341
431.002, 211.27
202.448, 258
283.476, 141.729
114.859, 141.051
Particle 12 new velocities: 0, 0
0, 0
0, 0
0, 0
0, 0
0, 0
0, 0
0, 0
Particle 13 new velocities: 66.5352, 83.2661
283.506, 231.521
406.153, 380.663
116.447, 98.5994
204.416, 195.8
526.299, 348.829
308.356, 143.922
170.417, 195.406
Particle 14 new velocities: 346.425, 434.341
603.589, 444.729
347.137, 45.9734
290.969, 283.181
352.395, 305.606
387.451, 325.414
227.137, 283.586
282.401, 309.829
Particle 15 new velocities: 82.5925, 208.057
195.832, 347.075
535.252, 153.784
128.722, 138.602
342.329, 194.063
170.458, 242.697
219.56, -44.1161
65.9047, 85.7331
Particle 16 new velocities: 484.4, 170.87
411.366, 152.254
600.857, 209.646
453.524, 389.455
80.7092, 573.975
205.794, 512.423
415.004, 233.403
245.792, 228.602
Particle 17 new velocities: 219.295, 61.0505
150.522, 197.491
156.518, 168.199
46.2616, 86.0434
105.588, 138.488
96.5658, 150.555
407.999, 164.675
117.596, 85.3285
Particle 18 new velocities: 83.2738, 74.2306
204.179, 237.939
472.243, 76.7791
111.093, 100.017
421.378, 210.93
705.223, 123.122
392.97, 12.6087
158.424, 161.583
Particle 19 new velocities: 197.134, 768.095
122.983, 195.418
42.6876, 290.006
533.921, 192.652
-239.308, 157.198
487.283, 246.355
342.775, 362.487
221.875, 259.809
Particle 20 new velocities: 244.965, 159.871
185.634, 165.329
417.392, 71.2403
426.294, 118.264
135.82, 265.704
45.7731, 272.892
162.22, 318.023
53.8005, 59.1909
-- ITERATION 4 --
-------------
Particle: 1:
Relays Coordinates:
106.656, 82.1161
446.82, 305.041
134.305, 215.804
147.897, 80.3187
327.847, 287.725
346.384, 408.231
436.343, 291.405
267.828, 169.86
Evaluation Time: 2.76639 seconds
Resulting Fitness: 0.395833
-------------
Particle: 2:
Relays Coordinates:
114.595, 31.519
234.278, 234.253
334.808, 298.308
62.0184, 86.2079
334.808, 209.635
257.758, 240.988
260.901, 199.216
203.836, 141.496
Evaluation Time: 2.50576 seconds
Resulting Fitness: 0.402083
-------------
Particle: 3:
Relays Coordinates:
99.08, 24.014
29.3589, 210.736
334.808, 334.808
334.808, 240.787
334.808, 200.616
334.808, 216.936
140.827, 165.319
228.974, 157.984
Evaluation Time: 2.56704 seconds
Resulting Fitness: 0.397917
-------------
Particle: 4:
Relays Coordinates:
83.9203, 301.327
242.504, 133.096
190.567, 264.773
117.553, 193.322
276.457, 147.329
111.08, 279.555
250.835, 186.321
88.8211, 55.1511
Evaluation Time: 2.16207 seconds
Resulting Fitness: 0.35
-------------
Particle: 5:
Relays Coordinates:
234.993, 123.293
125.913, 147.595
244.075, 141.292
150.871, 123.103
184.981, 122.14
48.9717, 145.093
225.452, 114.392
244.075, 90.3757
Evaluation Time: 1.88108 seconds
Resulting Fitness: 0.233333
-------------
Particle: 6:
Relays Coordinates:
89.7846, 115.038
212.216, 124.747
152.114, 334.808
97.6123, 133.256
334.808, 216.274
334.808, 274.2
269.158, 148.823
185.241, 191.22
Evaluation Time: 2.59564 seconds
Resulting Fitness: 0.435417
-------------
Particle: 7:
Relays Coordinates:
138.92, 203.164
149.973, 38.7561
119.943, 262.487
173.479, 72.2904
175.431, 182.219
160.379, 300.377
217.879, 225.836
182.135, 157.967
Evaluation Time: 2.12893 seconds
Resulting Fitness: 0.3
-------------
Particle: 8:
Relays Coordinates:
208.638, 98.1927
83.5918, 130.063
219.667, 142.793
180.25, 121.718
120.167, 123.744
219.667, 127.362
104.29, 117.4
219.667, 116.456
Evaluation Time: 1.7589 seconds
Resulting Fitness: 0.21875
-------------
Particle: 9:
Relays Coordinates:
57.1244, 61.437
270.345, 209.696
372.009, 372.009
91.9738, 109.386
254.63, 232.408
372.009, 328.484
242.082, 239.579
143.512, 191.134
Evaluation Time: 2.73493 seconds
Resulting Fitness: 0.391667
-------------
Particle: 10:
Relays Coordinates:
87.6506, 68.5958
251.075, 225.144
302.384, 345.46
97.1845, 50.315
217.594, 204.467
321.487, 337.456
310.726, 142.776
150.604, 77.4646
Evaluation Time: 2.52026 seconds
Resulting Fitness: 0.391667
-------------
Particle: 11:
Relays Coordinates:
93.7247, 65.3919
315.84, 257.45
337.61, 440.78
87.172, 92.3685
459.27, 294.288
376.901, 347.297
338.983, 186.829
215.174, 160.476
Evaluation Time: 2.76479 seconds
Resulting Fitness: 0.445833
New local best!
-------------
Particle: 12:
Relays Coordinates:
94.2958, 79.6513
306.24, 248.661
561.836, 489.352
121.514, 111.71
499.727, 262.124
616.098, 347.331
377.041, 242.179
231.212, 171.487
Evaluation Time: 3.88159 seconds
Resulting Fitness: 0.541667
-------------
Particle: 13:
Relays Coordinates:
64.6047, 59.2024
272.037, 153.431
304.5, 334.808
132.06, 106.78
247.748, 198.852
334.808, 318.618
334.808, 115.25
158.785, 185.598
Evaluation Time: 2.84305 seconds
Resulting Fitness: 0.395833
-------------
Particle: 14:
Relays Coordinates:
167.479, 208.343
219.667, 185.195
151.841, 25.1994
133.996, 112.209
182.639, 134.684
206.69, 161.132
124.568, 128.53
141.723, 156.937
Evaluation Time: 2.00965 seconds
Resulting Fitness: 0.258333
-------------
Particle: 15:
Relays Coordinates:
67.068, 130.322
179.606, 233.736
334.808, 233.692
106.533, 96.5478
288.634, 184.354
211.813, 276.219
211.881, 139.037
191.66, 201.143
Evaluation Time: 2.31581 seconds
Resulting Fitness: 0.39375
-------------
Particle: 16:
Relays Coordinates:
183.233, 62.3636
154.664, 52.7471
197.701, 112.579
186.509, 159.684
75.6376, 197.701
114.848, 191.107
176.928, 102.755
107.036, 99.5547
Evaluation Time: 1.82694 seconds
Resulting Fitness: 0.214583
-------------
Particle: 17:
Relays Coordinates:
221.031, 94.4082
289.359, 296.975
256.684, 291.91
87.8288, 112.814
362.059, 226.61
265.873, 274.375
457.305, 227.986
216.052, 160.067
Evaluation Time: 2.88046 seconds
Resulting Fitness: 0.445833
New local best!
-------------
Particle: 18:
Relays Coordinates:
97.8663, 105.868
279.47, 235.241
412.201, 243.038
125.852, 107.088
413.343, 313.5
413.343, 158.493
346.798, 95.0653
195.312, 211.45
Evaluation Time: 2.79567 seconds
Resulting Fitness: 0.433333
-------------
Particle: 19:
Relays Coordinates:
137.959, 334.808
112.548, 154.131
150.129, 268.42
332.96, 135.493
15.2512, 139.516
302.642, 203.682
243.006, 295.179
174.238, 151.401
Evaluation Time: 2.79421 seconds
Resulting Fitness: 0.404167
-------------
Particle: 20:
Relays Coordinates:
276.273, 140.439
219.886, 191.806
413.343, 154.058
260.205, 148.031
193.614, 203.407
271.103, 233.643
245.977, 323.231
98.9203, 101.804
Evaluation Time: 2.74874 seconds
Resulting Fitness: 0.4375
New local best!
Current global best fitness: 0.541667
Current global best relays: 94.2958, 79.6513
306.24, 248.661
561.836, 489.352
121.514, 111.71
499.727, 262.124
616.098, 347.331
377.041, 242.179
231.212, 171.487
Particle 1 new velocities: 55.9494, 69.7553
37.7288, 220.999
391.527, 159.411
12.9547, 97.259
128.583, 60.628
498.7, 65.2545
169.088, 224.94
47.2442, 155.693
Particle 2 new velocities: 133.03, 81.2294
231.786, 187.919
192.623, 572.416
41.993, 81.1647
0.83229, 251.122
624.301, 223.539
272.476, 203.783
206.577, 144.261
Particle 3 new velocities: 113.984, 44
229.653, 249.387
239.305, 290.22
12.2597, 174.461
-57.1425, 253.684
82.7738, 217.691
218.603, 179.201
275.395, 231.114
Particle 4 new velocities: 108.76, -86.7555
334.065, 124.965
682.739, 279.17
189.795, 390.281
483.737, 169.038
150.656, 415.512
378.019, 299.237
260.229, 164.409
Particle 5 new velocities: 155.161, 168.273
303.884, 253.226
299.219, 557.752
664.727, 238.981
742.851, 212.61
518.489, 155.642
889.043, 453.331
599.008, 170.159
Particle 6 new velocities: 137.474, 103.749
217.215, 201.125
454.352, 86.0344
139.906, 107.078
33.7832, 149.6
48.645, 345.82
374.011, 201.063
263.364, 168.6
Particle 7 new velocities: 167.26, 285.05
306.976, 212.946
655.027, 422.624
162.638, 752.134
119.179, 243.708
193.838, 310.24
277.272, 318.122
287.428, 206.883
Particle 8 new velocities: 815.868, 208.419
91.8282, 283.534
386.867, 162.264
614.475, 350.193
500.77, 363.837
528.292, 352.049
267.918, 372.734
203.349, 354.809
Particle 9 new velocities: 47.9549, 60.3124
166.881, 161.047
78.5381, 133.932
89.0451, 83.9472
134.041, 207.959
245.794, 247.236
151.498, 180.343
191.013, 98.6642
Particle 10 new velocities: 94.179, 78.6824
177.831, 266.169
262.722, 401.134
107.687, 108.462
282.428, 208.45
381.035, 322.826
311.741, 217.262
221.384, 160.071
Particle 11 new velocities: 114.807, 56.7387
207.211, 128.867
345.939, 299.013
70.0803, 60.191
30.9201, 131.488
244.209, 206.403
262.167, 171.865
102.922, 118.127
Particle 12 new velocities: 0, 0
0, 0
0, 0
0, 0
0, 0
0, 0
0, 0
0, 0
Particle 13 new velocities: 95.7189, 53.6168
277.944, 203.855
451.578, 133.447
121.667, 86.1037
362.832, 230.723
224.152, 293.889
89.0472, 186.678
158.874, 158.482
Particle 14 new velocities: 283.107, 332.706
174.409, 530.045
285.797, 575.062
460.739, 788.374
220.633, 364.449
389.943, 448.365
451.249, 341.518
317.785, 327.196
Particle 15 new velocities: 107.804, 225.904
196.965, 302.355
84.5354, 272.831
108.725, 117.148
344.99, 257.527
557.019, 631.312
188.161, 358.706
480.037, 401.354
Particle 16 new velocities: 428.38, 286.61
474.789, 201.446
480.686, 360.537
426.6, 325.125
477.846, 89.3423
572.626, 685.261
436.33, 327.645
329.168, 281.789
Particle 17 new velocities: 174.199, 48.0288
125.683, 129.257
168.61, 144.666
53.3543, 67.9216
205.743, 117.441
96.1825, 184.012
241.439, 135.351
94.9357, 69.5539
Particle 18 new velocities: 60.4433, 40.4127
106.592, 82.6773
312.793, 84.6502
67.9814, 75.8434
-320.968, 130.402
15.4172, 84.6574
236.942, -18.9314
52.4848, 78.0943
Particle 19 new velocities: 149.28, -227.256
205.217, 147.156
729.589, 650.456
151.518, 130.151
154.403, 176.522
575.456, 309.798
190.81, 370.863
210.711, 403.706
Particle 20 new velocities: 19.1438, 73.006
239.401, 137.167
46.0035, 214.628
210.224, 58.4743
500.481, 216.096
168.373, 315.043
217.589, 243.833
95.6083, 134.486
-- ITERATION 5 --
-------------
Particle: 1:
Relays Coordinates:
106.685, 99.6429
317.912, 345.135
344.998, 246.179
105.535, 116.509
299.463, 228.554
459.27, 310.654
397.223, 338.774
206.719, 213.595
Evaluation Time: 2.7305 seconds
Resulting Fitness: 0.41875
-------------
Particle: 2:
Relays Coordinates:
131.598, 59.9191
247.686, 224.359
280.298, 372.009
55.2759, 88.9487
178.373, 244.866
372.009, 246.868
283.458, 214.17
218.11, 151.863
Evaluation Time: 2.81819 seconds
Resulting Fitness: 0.420833
-------------
Particle: 3:
Relays Coordinates:
101.908, 32.5308
123.884, 220.075
274.596, 298.949
166.001, 198.612
132.806, 217.29
199.728, 207.881
171.914, 164.782
241.238, 186.104
Evaluation Time: 2.57926 seconds
Resulting Fitness: 0.379167
-------------
Particle: 4:
Relays Coordinates:
82.9426, 92.366
248.194, 111.086
301.327, 234.15
132.303, 251.222
301.327, 136.185
112.669, 299.204
270.701, 209.017
150.255, 94.5132
Evaluation Time: 2.62954 seconds
Resulting Fitness: 0.391667
-------------
Particle: 5:
Relays Coordinates:
122.434, 91.4965
134.875, 125.782
170.492, 219.367
219.667, 113.626
219.667, 105.048
178.075, 94.3738
219.667, 178.158
219.667, 81.7586
Evaluation Time: 2.02645 seconds
Resulting Fitness: 0.26875
-------------
Particle: 6:
Relays Coordinates:
108.697, 104.645
205.395, 155.864
290.071, 201.288
113.604, 114.951
176.296, 174.996
183.404, 296.554
307.626, 167.349
214.566, 172.101
Evaluation Time: 2.307 seconds
Resulting Fitness: 0.360417
-------------
Particle: 7:
Relays Coordinates:
86.4744, 137.886
129.056, 71.0881
197.701, 193.496
94.9295, 197.701
83.2065, 120.294
100.041, 172.456
139.845, 153.63
132.618, 103.044
Evaluation Time: 1.85556 seconds
Resulting Fitness: 0.25
-------------
Particle: 8:
Relays Coordinates:
219.667, 96.218
55.0487, 129.791
190.337, 95.7299
219.667, 148.091
194.857, 153.008
219.667, 150.444
116.803, 153.809
132.747, 147.888
Evaluation Time: 1.79426 seconds
Resulting Fitness: 0.225
-------------
Particle: 9:
Relays Coordinates:
85.1142, 98.6169
354.153, 300.302
364.943, 409.812
146.625, 156.6
314.824, 356.698
500.42, 466.333
318.8, 340.137
270.965, 234.737
Evaluation Time: 3.04455 seconds
Resulting Fitness: 0.5
New local best!
-------------
Particle: 10:
Relays Coordinates:
107.369, 86.9663
253.265, 290.115
333.69, 413.343
120.974, 93.7562
295.258, 243.823
413.343, 389.89
367.56, 212.598
219.655, 140.263
Evaluation Time: 2.84676 seconds
Resulting Fitness: 0.435417
-------------
Particle: 11:
Relays Coordinates:
136.818, 80.1299
343.174, 253.463
448.476, 459.27
103.173, 100.094
321.614, 279.352
407.511, 363.283
394.415, 235.339
208.703, 182.791
Evaluation Time: 3.21072 seconds
Resulting Fitness: 0.470833
New local best!
-------------
Particle: 12:
Relays Coordinates:
94.2958, 79.6513
306.24, 248.661
561.836, 489.352
121.514, 111.71
499.727, 262.124
616.098, 347.331
377.041, 242.179
231.212, 171.487
Evaluation Time: 3.82797 seconds
Resulting Fitness: 0.541667
-------------
Particle: 13:
Relays Coordinates:
116.876, 82.2452
400.936, 260.462
510.3, 341.358
184.967, 140.612
445.113, 313.161
407.482, 446.517
308.99, 220.106
231.574, 250.834
Evaluation Time: 3.26801 seconds
Resulting Fitness: 0.514583
New local best!
-------------
Particle: 14:
Relays Coordinates:
103.08, 123.775
90.1521, 160.138
100.118, 137.321
136.056, 160.138
92.2558, 114.186
136.49, 139.433
131.728, 107.532
105.121, 110.754
Evaluation Time: 1.67687 seconds
Resulting Fitness: 0.18125
-------------
Particle: 15:
Relays Coordinates:
83.6409, 170.382
180.113, 256.411
200.571, 242.268
102.957, 102.21
303.061, 211.35
334.808, 334.808
191.339, 238.069
321.27, 288.173
Evaluation Time: 2.68071 seconds
Resulting Fitness: 0.4
-------------
Particle: 16:
Relays Coordinates:
155.464, 88.7043
159.999, 64.6126
172.437, 120.26
155.844, 123.232
140.688, 72.9625
174.747, 177.931
155.882, 109.402
110.877, 96.9325
Evaluation Time: 1.79901 seconds
Resulting Fitness: 0.227083
-------------
Particle: 17:
Relays Coordinates:
259.31, 93.4529
272.309, 279.65
279.036, 286.438
92.6302, 118.581
372.535, 225.732
237.545, 300.748
458.446, 238.385
204.039, 150.654
Evaluation Time: 2.72839 seconds
Resulting Fitness: 0.435417
-------------
Particle: 18:
Relays Coordinates:
84.1322, 77.7395
205.169, 168.955
372.009, 174.147
103.011, 97.2174
49.0919, 235.908
227.861, 129.22
310.223, 40.4607
131.689, 153.876
Evaluation Time: 2.42507 seconds
Resulting Fitness: 0.347917
-------------
Particle: 19:
Relays Coordinates:
137.386, 51.4416
151.986, 144.105
334.808, 334.808
231.724, 127.056
81.1452, 151.16
334.808, 245.596
207.493, 318.566
184.12, 265.506
Evaluation Time: 2.92925 seconds
Resulting Fitness: 0.422917
-------------
Particle: 20:
Relays Coordinates:
141.297, 102.09
219.676, 157.347
219.704, 176.341
225.005, 98.7711
331.983, 200.647
210.2, 262.435
221.722, 271.225
93.0424, 113.017
Evaluation Time: 2.40846 seconds
Resulting Fitness: 0.38125
Current global best fitness: 0.541667
Current global best relays: 94.2958, 79.6513
306.24, 248.661
561.836, 489.352
121.514, 111.71
499.727, 262.124
616.098, 347.331
377.041, 242.179
231.212, 171.487
Particle 1 new velocities: -0.765395, 42.7127
-31.6029, 89.5599
274.953, 179.907
-5.32546, 27.1408
299.896, 5.81495
45.1539, 84.1184
27.7737, 2.36741
43.7817, 79.8611
Particle 2 new velocities: 134.829, 48.7059
152.32, 238.998
454.946, 148.004
46.8956, 58.5727
268.512, 140.472
233.147, 182.903
268.536, 198.443
183.237, 97.3633
Particle 3 new velocities: 113.227, 85.1474
312.485, 236.701
400.312, 428.275
320.894, 244.188
228.007, 161.48
355.053, 256.667
148.563, 94.5311
289.196, 278.617
Particle 4 new velocities: 136.679, 354.907
284.782, 278.783
80.7129, 423.103
183.733, 339.216
-147.107, 253.61
511.989, 359.248
324.385, 281.284
247.074, 76.7831
Particle 5 new velocities: 336.5, 146.888
377.293, 345.86
302.96, 580.493
129.906, 258.281
353.592, 368.248
744.289, 103.419
365.715, 399.981
410.311, 217.715
Particle 6 new velocities: 100.315, 56.3047
166.693, 236.201
813.642, 454.595
83.2662, 89.1887
387.903, 185.909
637.62, 312.139
244.228, 297.552
148.831, 141.199
Particle 7 new velocities: 190.451, 706.67
248.702, 216.393
38.532, 464.093
269.377, 113.38
398.421, 278.608
197.231, 326.616
424.594, 470.399
233.069, 248.556
Particle 8 new velocities: 154.546, 237.562
373.671, 295.336
117.873, 320.36
193.575, 290.917
752.132, 423.61
553.687, 520.714
312.875, 393.573
319.185, 301.348
Particle 9 new velocities: 41.8766, 25.2095
86.6352, 122.522
89.643, 203.39
55.4209, 19.235
225.533, 153.514
235.425, 86.6085
187.586, 95.7907
115.925, 63.2276
Particle 10 new velocities: 53.4347, 38.5389
159.667, 174.049
451.364, -32.4629
83.3921, 70.6687
403.426, 11.3786
3.55958, 172.371
189.476, 22.7191
55.5743, 153.352
Particle 11 new velocities: 57.1685, 45.2582
135.903, 98.8831
409.858, 14.039
78.3062, 55.1505
87.1132, 102.188
457.27, 148.144
192.533, 144.511
87.3462, 88.8638
Particle 12 new velocities: 0, 0
0, 0
0, 0
0, 0
0, 0
0, 0
0, 0
0, 0
Particle 13 new velocities: 50.5985, 41.463
178.398, 150.7
54.9613, 129.058
73.5597, 36.7414
360.284, 180.979
356.318, 129.06
135.941, 173.24
126.834, 52.4294
Particle 14 new velocities: 468.681, 564.818
508.964, 193.702
263.527, 356.291
593.501, -8.21152
616.659, 380.415
889.64, 555.922
625.849, 463.782
475.578, 330.73
Particle 15 new velocities: 104.426, 237.066
218.301, 261.629
503.184, 520.555
107.653, 104.059
284.667, 277.955
32.2933, 135.592
238.13, 453.187
465.075, 326.721
Particle 16 new velocities: 454.482, 327.432
479.814, 253.415
852.317, 646.883
413.791, 423.466
548.508, 151.681
331.768, 115.013
597.548, 352.448
381.327, 276.455
Particle 17 new velocities: 39.3841, 35.4696
131.1, 115.167
456.773, 133.07
57.8629, 42.3611
288.228, 101.301
237.657, 141.47
91.8855, 98.7398
111.991, 76.8068
Particle 18 new velocities: 23.7586, 33.9426
200.414, 146.773
63.8211, 311.673
38.8647, 55.9951
292.697, 146.404
230.908, 84.3609
133.768, 42.0238
41.9429, 79.0206
Particle 19 new velocities: 106.416, 73.226
265.973, 134.692
112.187, 232.072
19.6434, 167.08
410.35, 189.034
-212.347, 286.927
195.511, 333.705
178.606, 261.302
Particle 20 new velocities: 92.7135, 55.5833
245.174, 247.748
527.305, 450.258
82.0796, 95.6774
316.97, 246.815
260.994, 280.684
226.87, 237.356
210.492, 125.052
-- ITERATION 6 --
-------------
Particle: 1:
Relays Coordinates:
77.2157, 103.777
208.72, 316.893
451.944, 310.617
73.0524, 104.721
436.933, 170.855
367.725, 287.789
309.823, 248.692
182.615, 213.93
Evaluation Time: 2.98289 seconds
Resulting Fitness: 0.447917
New local best!
-------------
Particle: 2:
Relays Coordinates:
194.226, 79.1876
291.604, 337.788
510.3, 379.089
74.483, 107.543
325.779, 280.911
441.159, 313.303
402.404, 300.795
292.582, 181.686
Evaluation Time: 2.95822 seconds
Resulting Fitness: 0.485417
New local best!
-------------
Particle: 3:
Relays Coordinates:
114.331, 62.539
231.905, 242.75
358.674, 372.009
258.756, 235.322
191.751, 201.294
294.834, 246.879
170.315, 137.81
281.895, 246.972
Evaluation Time: 2.53394 seconds
Resulting Fitness: 0.389583
-------------
Particle: 4:
Relays Coordinates:
76.5774, 155.955
185.837, 135.939
133.209, 229.17
110.195, 205.873
53.7733, 135.913
217.805, 229.588
207.494, 170.957
138.54, 59.7273
Evaluation Time: 1.92062 seconds
Resulting Fitness: 0.266667
-------------
Particle: 5:
Relays Coordinates:
129.617, 67.3268
144.651, 133.205
133.717, 197.701
98.73, 105.038
161.905, 133.673
197.701, 55.8625
165.329, 163.284
177.925, 84.5801
Evaluation Time: 1.79663 seconds
Resulting Fitness: 0.220833
-------------
Particle: 6:
Relays Coordinates:
111.077, 85.5354
197.743, 208.359
372.009, 348.563
104.625, 108.488
299.838, 191.8
372.009, 323.484
293.278, 247.068
193.124, 166.5
Evaluation Time: 2.36674 seconds
Resulting Fitness: 0.402083
-------------
Particle: 7:
Relays Coordinates:
86.9021, 219.667
118.544, 90.2147
74.1323, 206.358
114.323, 97.6203
151.14, 125.18
93.2871, 156.614
177.127, 195.827
114.757, 110.336
Evaluation Time: 1.77686 seconds
Resulting Fitness: 0.25625
-------------
Particle: 8:
Relays Coordinates:
105.689, 94.2692
121.083, 120.068
87.0477, 117.516
116.712, 123.989
197.701, 162.854
197.701, 189.555
121.354, 154.597
127.639, 126.878
Evaluation Time: 1.86273 seconds
Resulting Fitness: 0.247917
-------------
Particle: 9:
Relays Coordinates:
83.3187, 81.2426
289.201, 277.415
298.254, 402.322
132.563, 115.365
354.528, 334.75
459.27, 362.785
332.24, 286.012
253.838, 195.494
Evaluation Time: 2.84261 seconds
Resulting Fitness: 0.460417
-------------
Particle: 10:
Relays Coordinates:
85.4574, 66.6986
219.449, 246.676
372.009, 202.415
108.609, 87.3821
371.309, 135.625
221.559, 298.808
296.032, 125.057
146.268, 156.039
Evaluation Time: 2.6108 seconds
Resulting Fitness: 0.425
-------------
Particle: 11:
Relays Coordinates:
127.274, 82.2671
314.322, 231.174
459.27, 310.538
119.069, 101.856
268.166, 250.328
459.27, 335.547
385.096, 249.22
194.238, 178.233
Evaluation Time: 2.5938 seconds
Resulting Fitness: 0.414583
-------------
Particle: 12:
Relays Coordinates:
94.2958, 79.6513
306.24, 248.661
561.836, 489.352
121.514, 111.71
499.727, 262.124
616.098, 347.331
377.041, 242.179
231.212, 171.487
Evaluation Time: 3.63232 seconds
Resulting Fitness: 0.541667
-------------
Particle: 13:
Relays Coordinates:
122.089, 90.1833
422.334, 299.737
412.075, 342.934
188.466, 129.291
510.3, 360.228
510.3, 419.596
324.355, 286.749
261.279, 221.079
Evaluation Time: 3.00454 seconds
Resulting Fitness: 0.452083
-------------
Particle: 14:
Relays Coordinates:
130.8, 157.528
137.058, 80.9471
83.1903, 112.923
160.138, 34.7558
160.138, 113.149
160.138, 159.075
160.138, 130.698
132.845, 100.998
Evaluation Time: 1.65691 seconds
Resulting Fitness: 0.210417
-------------
Particle: 15:
Relays Coordinates:
89.9519, 194.881
190.56, 247.777
334.808, 334.808
100.734, 98.6576
281.108, 234.033
175.583, 224.991
205.414, 330.625
334.808, 294.102
Evaluation Time: 2.64837 seconds
Resulting Fitness: 0.41875
-------------
Particle: 16:
Relays Coordinates:
155.04, 105.776
162.632, 80.8383
177.931, 177.931
144.794, 138.963
175.184, 57.1014
128.749, 74.4624
177.931, 117.396
125.112, 94.91
Evaluation Time: 1.72645 seconds
Resulting Fitness: 0.227083
-------------
Particle: 17:
Relays Coordinates:
195.973, 84.5861
264.677, 259.04
459.27, 275.239
98.7385, 105.594
433.527, 214.567
311.78, 290.139
361.072, 221.188
207.347, 149.237
Evaluation Time: 2.63221 seconds
Resulting Fitness: 0.433333
-------------
Particle: 18:
Relays Coordinates:
70.7871, 73.2746
266.103, 207.149
285.948, 318.746
93.0847, 100.523
224.248, 250.835
300.998, 140.13
291.302, 54.1181
113.92, 152.803
Evaluation Time: 2.43654 seconds
Resulting Fitness: 0.39375
-------------
Particle: 19:
Relays Coordinates:
129.566, 66.2535
222.12, 148.164
237.551, 301.263
133.587, 156.316
261.201, 180.793
65.0806, 283.004
214.173, 346.644
192.767, 279.967
Evaluation Time: 2.45217 seconds
Resulting Fitness: 0.395833
-------------
Particle: 20:
Relays Coordinates:
124.363, 83.7941
247.04, 215.284
372.009, 333
163.197, 103.338
344.88, 237.799
250.412, 288.636
238.4, 270.281
161.311, 126.519
Evaluation Time: 2.51223 seconds
Resulting Fitness: 0.391667
Current global best fitness: 0.541667
Current global best relays: 94.2958, 79.6513
306.24, 248.661
561.836, 489.352
121.514, 111.71
499.727, 262.124
616.098, 347.331
377.041, 242.179
231.212, 171.487
Particle 1 new velocities: 18.3318, 10.7349
13.3952, 32.5362
328.025, 283.805
17.8706, 28.6397
259.59, 111.59
36.3628, 72.9428
52.2301, 0.966703
69.8936, 35.7811
Particle 2 new velocities: 29.064, 39.3462
140.119, 164.874
43.2536, 121.898
76.7999, 47.3733
313.726, 99.3676
290.471, 167.477
192.98, 96.9903
94.0138, 77.045
Particle 3 new velocities: 69.2501, 33.5948
234.889, 220.805
402.411, 212.962
257.57, 281.193
375.189, 133.46
209.542, 211.065
108.206, 93.4575
234.302, 223.686
Particle 4 new velocities: 133.304, 310.069
348.875, 226.516
387.92, 662.605
220.629, 361.693
7.95003, 355.529
708.13, 448.951
362.454, 345.357
201.55, 147.517
Particle 5 new velocities: 246.706, 143.356
292.137, 319.16
903.022, 156.789
409.035, 289.36
795.758, 345.07
123.82, 139.206
550.194, 404.409
929.169, 182.57
Particle 6 new velocities: 67.1739, 62.9551
72.4322, 132.253
258.765, 400.733
79.263, 81.5695
471.361, 160.572
92.3072, 231.06
180.253, 201.79
125.601, 135.294
Particle 7 new velocities: 286.564, -126.962
437.37, 123.592
394.996, 493.089
442.562, 689.113
554.572, 410.75
876.78, 543.717
560.543, 544.771
324.518, 381.866
Particle 8 new velocities: 251.432, 261.582
409.842, 333.97
351.607, 646.613
200.243, 336.398
293.678, 456.861
507.875, 425.872
476.13, 433.489
343.741, 350.954
Particle 9 new velocities: 40.1759, 42.9023
141.467, 120.154
154.704, 226.446
49.6932, 55.7166
231.454, 127.209
177.773, 159.623
194.685, 123.274
91.3755, 31.984
Particle 10 new velocities: 51.6157, 30.1415
54.2891, 199.357
139.606, 103.878
68.4048, 3.89183
264.311, 137.966
361.626, 187.776
158.067, 30.5663
76.2109, 130.643
Particle 11 new velocities: 32.5852, 31.5967
145.197, 115.364
6.42314, 315.271
36.9087, 49.5885
307.743, 102.885
109.32, 142.436
159.479, 101.776
89.0954, 70.9312
Particle 12 new velocities: 0, 0
0, 0
0, 0
0, 0
0, 0
0, 0
0, 0
0, 0
Particle 13 new velocities: 24.8711, 22.1654
79.527, 58.3234
241.69, 244.921
17.6755, 16.5867
-74.761, -14.3664
17.3954, 73.9488
127.4, 88.5267
29.8604, 37.7507
Particle 14 new velocities: 660.299, 542.774
965.726, 460.504
287.061, 298.987
6.59457, 777.804
100.174, 383.567
609.726, 696.993
273.799, 563.84
541.481, 618.195
Particle 15 new velocities: 88.2965, 150.806
202.338, 216.904
74.0116, 302.88
111.227, 99.072
414.316, 250.774
582.693, 443.806
299.13, 322.873
-35.2845, 131.366
Particle 16 new velocities: 436.106, 336.782
481.007, 131.453
237.758, -62.4306
307.965, 559.02
341.062, 312.947
607.626, 510.239
512.49, 224.682
422.413, 470.913
Particle 17 new velocities: 42.2008, 32.4563
152.511, 83.4509
-82.0579, 266.475
61.5027, 35.6655
181.232, 158.433
525.976, 149.239
209.097, 92.4065
118.275, 106.593
Particle 18 new velocities: 31.6007, 51.7427
155.455, 48.5692
391.69, 423.34
42.4413, 13.7795
331.042, 145.941
220.13, 145.281
110.46, 55.8204
138.901, 91.5669
Particle 19 new velocities: 67.3638, 234.158
57.2882, 114.921
357.275, 387.828
146.342, 114.871
340.323, 156.556
17.3545, 82.6921
235.943, 302.832
147.086, 194.778
Particle 20 new velocities: 218.982, 63.3425
169.439, 201.159
165.578, 416.823
62.7249, 98.2099
208.519, 194.546
379.22, 214.579
241.133, 209.404
131.055, 68.8196
-- ITERATION 7 --
-------------
Particle: 1:
Relays Coordinates:
45.7001, 54.7708
106.237, 167.131
334.808, 284.31
43.4882, 63.7858
333.145, 135.093
193.274, 172.537
173.169, 119.411
120.774, 119.436
Evaluation Time: 2.68416 seconds
Resulting Fitness: 0.395833
-------------
Particle: 2:
Relays Coordinates:
131.85, 69.9931
254.928, 296.817
326.868, 295.828
89.3311, 91.4766
377.622, 224.551
413.343, 283.896
351.568, 234.888
228.281, 152.778
Evaluation Time: 2.78447 seconds
Resulting Fitness: 0.402083
-------------
Particle: 3:
Relays Coordinates:
87.8065, 45.9805
223.266, 221.717
334.808, 279.79
246.957, 247.047
271.166, 160.112
241.241, 219.033
133.215, 110.614
246.895, 225.114
Evaluation Time: 2.47158 seconds
Resulting Fitness: 0.38125
-------------
Particle: 4:
Relays Coordinates:
81.3125, 180.547
207.159, 140.423
201.896, 271.194
128.168, 219.886
23.9129, 190.395
271.194, 262.88
220.809, 200.031
131.758, 80.2909
Evaluation Time: 2.37534 seconds
Resulting Fitness: 0.339583
-------------
Particle: 5:
Relays Coordinates:
145.795, 81.6229
169.221, 175.256
271.194, 137.337
196.718, 152.798
271.194, 185.475
124.564, 75.5734
271.194, 219.936
271.194, 103.499
Evaluation Time: 2.15692 seconds
Resulting Fitness: 0.3125
-------------
Particle: 6:
Relays Coordinates:
105.256, 87.6821
159.536, 201.128
372.465, 413.343
108.584, 112.227
413.343, 208.072
274.174, 327.453
279.615, 265.046
188.204, 178.207
Evaluation Time: 2.6015 seconds
Resulting Fitness: 0.447917
New local best!
-------------
Particle: 7:
Relays Coordinates:
144.688, 35.9159
215.372, 82.8332
181.75, 270.98
215.749, 271.194
271.194, 207.63
271.194, 271.194
271.194, 271.194
170.184, 190.689
Evaluation Time: 2.55068 seconds
Resulting Fitness: 0.366667
-------------
Particle: 8:
Relays Coordinates:
100.861, 100.503
149.949, 128.234
123.889, 197.701
89.5175, 130.027
138.78, 175.026
197.701, 173.815
168.747, 166.093
133.132, 134.954
Evaluation Time: 1.75484 seconds
Resulting Fitness: 0.241667
-------------
Particle: 9:
Relays Coordinates:
90.0276, 90.5016
313.957, 289.828
330.206, 458.372
132.864, 124.719
427.181, 336.768
464.404, 380.836
384.128, 298.37
251.661, 165.832
Evaluation Time: 2.94561 seconds
Resulting Fitness: 0.439583
-------------
Particle: 10:
Relays Coordinates:
72.8463, 51.4648
145.475, 237.04
271.893, 162.777
94.0723, 48.5067
337.795, 145.397
309.929, 258.591
241.327, 82.7048
118.235, 152.354
Evaluation Time: 2.53428 seconds
Resulting Fitness: 0.391667
-------------
Particle: 11:
Relays Coordinates:
116.538, 83.0067
334.989, 252.626
339.49, 456.215
113.707, 110.403
419.837, 257.492
414.502, 348.449
396.996, 255.876
206.55, 181.641
Evaluation Time: 2.7243 seconds
Resulting Fitness: 0.433333
-------------
Particle: 12:
Relays Coordinates:
94.2958, 79.6513
306.24, 248.661
561.836, 489.352
121.514, 111.71
499.727, 262.124
616.098, 347.331
377.041, 242.179
231.212, 171.487
Evaluation Time: 3.69314 seconds
Resulting Fitness: 0.541667
-------------
Particle: 13:
Relays Coordinates:
119.037, 91.0025
406.508, 290.029
529.55, 476.162
166.975, 118.161
352.787, 280.148
427.433, 399.771
365.922, 303.973
235.823, 209.652
Evaluation Time: 3.42888 seconds
Resulting Fitness: 0.50625
-------------
Particle: 14:
Relays Coordinates:
177.931, 177.931
177.931, 137.63
94.1128, 104.702
42.3811, 177.931
66.1677, 126.259
177.931, 177.931
110.301, 176.542
171.405, 177.931
Evaluation Time: 1.78573 seconds
Resulting Fitness: 0.225
-------------
Particle: 15:
Relays Coordinates:
94.7285, 183.712
208.802, 246.951
217.263, 338.893
112.645, 105.082
369.577, 257.646
372.009, 355.426
268.136, 347.296
159.179, 226.111
Evaluation Time: 2.81891 seconds
Resulting Fitness: 0.379167
-------------
Particle: 16:
Relays Coordinates:
206.12, 154.311
224.423, 74.0215
144.942, 40.2724
157.867, 243.372
180.004, 129.028
244.075, 203.873
240.735, 119.275
190.91, 197.29
Evaluation Time: 2.11235 seconds
Resulting Fitness: 0.285417
-------------
Particle: 17:
Relays Coordinates:
156.266, 76.7915
273.717, 224.708
247.489, 355.418
105.134, 92.6804
403.344, 244.725
459.27, 288.276
374.088, 205.749
213.641, 167.85
Evaluation Time: 2.85438 seconds
Resulting Fitness: 0.460417
New local best!
-------------
Particle: 18:
Relays Coordinates:
44.0746, 53.8159
181.467, 110.078
291.701, 301.327
58.3395, 49.2034
239.034, 170.799
224.329, 122.86
172.945, 47.3249
108.831, 105.193
Evaluation Time: 2.58765 seconds
Resulting Fitness: 0.354167
-------------
Particle: 19:
Relays Coordinates:
84.7718, 129.317
120.276, 113.249
256.053, 296.631
120.5, 116.737
258.936, 145.218
35.4856, 157.42
193.76, 279.578
146.296, 204.362
Evaluation Time: 2.44957 seconds
Resulting Fitness: 0.364583
-------------
Particle: 20:
Relays Coordinates:
164.221, 70.375
199.201, 199.183
257.126, 334.808
108.058, 96.3997
264.689, 206.789
301.151, 240.686
229.359, 229.432
139.838, 93.4301
Evaluation Time: 2.63587 seconds
Resulting Fitness: 0.39375
Current global best fitness: 0.541667
Current global best relays: 94.2958, 79.6513
306.24, 248.661
561.836, 489.352
121.514, 111.71
499.727, 262.124
616.098, 347.331
377.041, 242.179
231.212, 171.487
Particle 1 new velocities: 19.4144, 37.7436
157.117, 204.724
170.012, 275.189
88.2284, 109.708
512.19, 294.921
550.784, 221.531
428.432, 134.981
242.232, 184.677
Particle 2 new velocities: 71.5798, 55.5351
174.973, 80.8016
295.559, 280.762
74.0505, 63.0872
226.094, 161.631
167.503, 227.112
203.08, 141.501
80.4106, 94.5792
Particle 3 new velocities: 96.1011, 58.0895
226.356, 200.301
272.369, 372.14
336.043, 215.735
288.56, 241.099
453.893, 217.217
105.498, 168.709
203.01, 175.362
Particle 4 new velocities: 119.711, 368.892
293.596, 250.505
711.449, 146.245
206.025, 230.784
503.083, 233.844
360.43, 374.983
472.63, 314.739
223.469, 126.171
Particle 5 new velocities: 542.983, 117.14
276.42, 292.688
294.299, 470.959
515.912, 336.271
224.447, 367.45
155.456, 209.929
323.717, 346.743
-8.03382, 188.354
Particle 6 new velocities: 53.3421, 47.2976
155.336, 160.675
232.848, 51.311
71.733, 65.1804
14.658, 184.998
470.438, 205.33
161.247, 137.538
139.144, 106.362
Particle 7 new velocities: 190.78, 4.85517
363.799, 225.276
571.58, 334.597
336.815, -95.9896
-21.0704, 382.243
107.208, 36.2745
7.18261, 48.1162
335.859, 296.336
Particle 8 new velocities: 840.149, 204.202
342.815, 337.705
687.839, 148.663
379.145, 391.773
803.125, 405.774
168.695, 399.631
451.209, 398.186
790.068, 365.923
Particle 9 new velocities: 31.6732, 26.5634
115.602, 62.8641
434.464, 118.122
45.938, 33.4672
168.557, 49.5154
257.343, 231.624
92.0065, 108.142
79.2557, 100.824
Particle 10 new velocities: 85.4204, 50.2118
151.887, 191.588
512.644, 527.465
76.0285, 69.6638
202.11, 158.882
454.276, 302.578
130.887, -7.45131
141.13, 108.003
Particle 11 new velocities: 10.2963, 18.4605
120.05, 89.2568
274.56, 278.729
23.2467, 27.6735
249.772, 107.735
215.656, 130.314
103.443, 35.0783
92.8082, 53.0244
Particle 12 new velocities: 0, 0
0, 0
0, 0
0, 0
0, 0
0, 0
0, 0
0, 0
Particle 13 new velocities: 15.2749, -4.69954
-28.4733, 0.842437
171.985, 101.559
-9.6536, 18.9595
205.711, 21.6732
79.5024, 46.2878
104.239, -26.8979
13.4852, 58.2837
Particle 14 new velocities: 192.881, 151.899
370.816, 650.408
332.838, 444.212
330.962, 266.735
637.352, 410.248
610.511, 144.659
688.125, 528.691
575.399, 113.668
Particle 15 new velocities: 65.3662, 16.9236
247.062, 208.376
428.114, 519.987
86.8099, 74.6722
344.706, 204.908
62.8167, 551.452
283.739, 249.421
54.6685, 65.8769
Particle 16 new velocities: 305.744, 210.221
337.261, 198.024
541.968, 138.002
419.279, 399.162
318.707, 623.77
-32.0149, 637.576
519.754, 298.544
358.083, 508.752
Particle 17 new velocities: 16.0665, 26.2664
137.552, 90.8017
-14.4424, 347.953
64.2798, 34.9923
190.951, 131.654
113.744, 154.84
168.333, 86.767
95.4511, 88.6561
Particle 18 new velocities: 57.5931, 122.871
318.958, 127.675
591.843, 68.8314
101.605, 106.077
367.376, 366.361
355.584, 357.269
104.135, 1.98078
196.938, 247.115
Particle 19 new velocities: 178.284, 683.688
102.715, 121.326
456.456, 361.251
321.469, 151.754
206.363, 276.067
757.839, 273.14
256.893, 303.324
178.61, 189.515
Particle 20 new velocities: 149.745, 74.425
186.59, 179.639
490.622, 51.0972
148.425, 128.685
162.211, 185.492
576.541, 201.184
285.459, 267.163
147.787, 112.731
-- ITERATION 8 --
-------------
Particle: 1:
Relays Coordinates:
38.4494, 54.6288
155.508, 219.576
298.091, 330.378
77.7773, 102.446
413.343, 253.919
413.343, 232.693
355.239, 150.216
214.352, 179.575
Evaluation Time: 2.75973 seconds
Resulting Fitness: 0.4125
-------------
Particle: 2:
Relays Coordinates:
133.47, 82.359
282.058, 247.755
408.374, 378.3
107.195, 101.409
396.098, 253.374
381.093, 335.272
363.905, 246.949
202.532, 162.291
Evaluation Time: 2.65276 seconds
Resulting Fitness: 0.427083
-------------
Particle: 3:
Relays Coordinates:
108.596, 61.4523
265.497, 249.197
358.532, 384.958
344.256, 273.268
330.513, 236.911
410.47, 257.601
140.958, 164.938
265.664, 236.477
Evaluation Time: 2.64406 seconds
Resulting Fitness: 0.410417
-------------
Particle: 4:
Relays Coordinates:
70.0924, 191.578
174.602, 136.308
244.075, 145.552
116.526, 157.139
183.752, 147.923
220.234, 222.409
241.787, 179.489
123.86, 71.9889
Evaluation Time: 1.98856 seconds
Resulting Fitness: 0.26875
-------------
Particle: 5:
Relays Coordinates:
266.847, 77.0048
172.65, 181.291
219.084, 235.666
271.194, 189.475
192.022, 214.214
108.485, 110.609
230.481, 219.543
101.954, 113.07
Evaluation Time: 2.15922 seconds
Resulting Fitness: 0.285417
-------------
Particle: 6:
Relays Coordinates:
115.618, 98.4002
229.542, 263.754
441.273, 338.733
131.451, 129.33
312.013, 286.548
510.3, 388.399
321.389, 293.484
238.636, 207.451
Evaluation Time: 2.94554 seconds
Resulting Fitness: 0.454167
New local best!
-------------
Particle: 7:
Relays Coordinates:
144.408, 17.5506
249.314, 132.631
301.327, 260.681
237.861, 75.4199
107.67, 253.921
162.89, 132.355
119.832, 137.453
217.835, 209.648
Evaluation Time: 2.31417 seconds
Resulting Fitness: 0.366667
-------------
Particle: 8:
Relays Coordinates:
144.124, 62.7359
101.456, 95.9327
144.124, 71.3132
96.4935, 107.434
144.124, 119.582
75.4377, 118.067
127.643, 116.18
144.124, 103.126
Evaluation Time: 1.62569 seconds
Resulting Fitness: 0.183333
-------------
Particle: 9:
Relays Coordinates:
79.8479, 76.8063
281.834, 231.401
459.27, 378.238
117.312, 103.786
390.863, 253.44
459.27, 401.835
312.392, 266.712
217.114, 174.952
Evaluation Time: 2.99944 seconds
Resulting Fitness: 0.46875
-------------
Particle: 10:
Relays Coordinates:
75.6985, 48.6316
142.227, 205.012
334.808, 330.14
81.3586, 56.5206
258.235, 145.536
334.808, 268.405
178.029, 35.9935
124.053, 124.528
Evaluation Time: 2.55639 seconds
Resulting Fitness: 0.383333
-------------
Particle: 11:
Relays Coordinates:
83.2157, 66.5727
298.552, 224.309
402.878, 459.27
89.8557, 90.5921
439.33, 239.625
413.447, 314.117
328.338, 190.895
196.409, 153.964
Evaluation Time: 2.83378 seconds
Resulting Fitness: 0.464583
-------------
Particle: 12:
Relays Coordinates:
94.2958, 79.6513
306.24, 248.661
561.836, 489.352
121.514, 111.71
499.727, 262.124
616.098, 347.331
377.041, 242.179
231.212, 171.487
Evaluation Time: 3.57033 seconds
Resulting Fitness: 0.541667
-------------
Particle: 13:
Relays Coordinates:
88.1224, 56.6234
248.028, 190.841
459.27, 379.043
103.218, 89.9646
366.43, 198.025
332.6, 292.659
308.473, 181.789
163.571, 175.793
Evaluation Time: 2.92392 seconds
Resulting Fitness: 0.439583
-------------
Particle: 14:
Relays Coordinates:
104.728, 93.1535
154.982, 197.701
120.584, 155.029
105.443, 125.587
197.701, 151.525
197.701, 91.1089
197.701, 197.701
197.701, 82.3559
Evaluation Time: 1.80718 seconds
Resulting Fitness: 0.25625
-------------
Particle: 15:
Relays Coordinates:
76.5728, 95.9635
218.038, 217.781
308.682, 334.808
95.3986, 85.9757
334.808, 221.238
207.976, 334.808
263.96, 285.408
102.283, 139.657
Evaluation Time: 2.52385 seconds
Resulting Fitness: 0.427083
-------------
Particle: 16:
Relays Coordinates:
117.098, 83.3932
128.495, 62.2352
157.143, 40.7835
132.033, 146.991
114.089, 160.138
48.5125, 160.138
160.138, 95.5835
125.592, 160.138
Evaluation Time: 1.6512 seconds
Resulting Fitness: 0.19375
-------------
Particle: 17:
Relays Coordinates:
60.0886, 35.9341
143.401, 110.011
81.2583, 244.075
59.071, 44.5167
207.218, 131.235
199.798, 154.505
189.131, 101.994
107.774, 89.4382
Evaluation Time: 1.87117 seconds
Resulting Fitness: 0.220833
-------------
Particle: 18:
Relays Coordinates:
60.0338, 104.332
295.496, 140.391
413.343, 218.575
94.4457, 91.6915
358.079, 317.188
342.432, 283.511
163.613, 29.1145
180.554, 208.034
Evaluation Time: 2.5697 seconds
Resulting Fitness: 0.40625
-------------
Particle: 19:
Relays Coordinates:
125.819, 334.808
106.656, 112.196
334.808, 314.663
211.393, 128.418
222.551, 201.499
334.808, 205.936
215.546, 278.8
155.401, 188.391
Evaluation Time: 2.82824 seconds
Resulting Fitness: 0.3875
-------------
Particle: 20:
Relays Coordinates:
135.152, 62.3316
166.07, 163.071
301.327, 166.119
110.407, 96.8914
183.767, 168.864
301.327, 190.21
221.612, 213.768
123.813, 88.7457
Evaluation Time: 2.06818 seconds
Resulting Fitness: 0.308333
Current global best fitness: 0.541667
Current global best relays: 94.2958, 79.6513
306.24, 248.661
561.836, 489.352
121.514, 111.71
499.727, 262.124
616.098, 347.331
377.041, 242.179
231.212, 171.487
Particle 1 new velocities: 68.7535, 80.7873
348.883, 200.207
355.883, 325.924
122.522, 96.5409
45.2543, 212.507
95.1985, 363.08
334.673, 143.036
194.157, 198.435
Particle 2 new velocities: 83.9187, 42.7436
176.41, 95.1499
432.108, 268.229
19.6591, 67.0291
178.864, 171.879
346.625, 154.322
224.402, 195.335
173.142, 86.9333
Particle 3 new velocities: 61.874, 24.6952
-105.156, 172.59
269.79, 420.032
272.946, 157.972
274.926, 183.94
36.1716, 183.839
88.4523, 77.68
287.639, 155.203
Particle 4 new velocities: 174.157, 428.291
417.247, 320.98
239.632, 276.945
220.231, 155.073
456.274, 304.947
301.99, 356.735
457.497, 342.808
232.239, 81.8333
Particle 5 new velocities: 360.128, 119.639
212.238, 277.916
663.937, 491.575
-81.1918, 334.155
228.893, 218.564
227.36, 348.336
664.81, 285.146
193.781, 174.253
Particle 6 new velocities: 25.5096, 20.5764
215.926, 118.934
251.541, 59.4912
54.4936, 31.4731
224.4, 126.974
81.0911, 156.662
165.084, 75.4617
106.281, 61.7802
Particle 7 new velocities: 102.657, 151.946
136.413, 258.798
50.6322, 283.486
187.004, 523.678
-22.9463, 207.433
598.733, 256.169
163.934, 354.126
272.205, 222.321
Particle 8 new velocities: 540.761, 216.608
179.862, 432.591
81.6368, 603.824
623.789, 337.078
365.904, 361.624
1107.02, 368.074
439.126, 376.737
565.596, 357.767
Particle 9 new velocities: 30.9842, 45.4853
120.46, 79.3349
3.79591, 130.825
47.0558, 41.9374
117.164, 116.063
119.64, 230.257
113.385, 180.448
153.22, 148.539
Particle 10 new velocities: 77.4254, 70.8974
290.907, 291.733
138.536, 547.146
92.2819, 109.66
239.759, 170.532
290.069, 386.697
242.032, 250.35
241.279, 164.629
Particle 11 new velocities: 57.6032, 26.3777
134.022, 120.232
326.222, 23.3331
48.9447, 57.9445
188.713, 103.459
344.743, 161.123
206.389, 99.4508
94.2626, 99.514
Particle 12 new velocities: 0, 0
0, 0
0, 0
0, 0
0, 0
0, 0
0, 0
0, 0
Particle 13 new velocities: 40.1716, 39.9399
17.3528, 104.574
118.68, 93.2343
110.257, 92.624
260.218, 198.666
118.317, 110.714
172.74, 41.3801
94.3598, 154.773
Particle 14 new velocities: 183.907, 280.546
466.51, 155.281
362.878, 233.645
323.616, 541.342
8.3358, 397.52
293.52, 410.04
168.004, 23.0476
12.8334, 283.78
Particle 15 new velocities: 76.0961, 121.564
228.366, 217.846
596.261, 245.452
103.157, 84.233
-17.8634, 227.884
256.52, 242.802
217.012, 359.285
206.136, 214.531
Particle 16 new velocities: 238.042, 192.078
304.322, 220.979
515.194, 341.606
381.238, 502.204
542.473, 307.97
259.627, 207.836
147.954, 235.764
408.083, 122.301
Particle 17 new velocities: 113.948, 83.6566
182.849, 434.006
396.93, 160.207
129.212, 177.358
488.358, 381.321
603.474, 311.811
599.396, 321.998
327.119, 155.465
Particle 18 new velocities: 83.2686, 85.198
189.951, 114.621
-26.5892, 217.143
66.3361, 89.4142
242.573, 258.896
369.925, 87.5359
-17.7567, 77.1292
132.788, 149.392
Particle 19 new velocities: 145.485, 3.48628
322.951, -0.335854
232.304, 413.358
247.571, 109.488
405.803, 214.145
-12.3113, 367.875
279.048, 313.044
184.856, 281.02
Particle 20 new velocities: 260.048, 151.698
365.242, 200.819
60.8237, 105.898
315.684, 148.346
157.842, 275.197
366.859, 357.718
348.672, 331.468
94.0855, 192.836
-- ITERATION 9 --
-------------
Particle: 1:
Relays Coordinates:
56.972, 71.9657
268.054, 223.09
347.548, 348.786
106.447, 105.75
243.717, 247.878
270.26, 316.618
366.648, 155.846
217.098, 200.89
Evaluation Time: 2.81397 seconds
Resulting Fitness: 0.41875
-------------
Particle: 2:
Relays Coordinates:
158.477, 91.1998
334.223, 249.978
510.3, 471.32
92.4764, 122.792
419.148, 310.009
510.3, 356.914
428.875, 322.425
273.867, 181.685
Evaluation Time: 3.55219 seconds
Resulting Fitness: 0.4625
-------------
Particle: 3:
Relays Coordinates:
90.5945, 45.7823
85.212, 224.155
333.916, 372.009
328.006, 229.179
321.755, 223.658
237.364, 234.599
121.918, 128.937
294.048, 208.155
Evaluation Time: 2.81297 seconds
Resulting Fitness: 0.385417
-------------
Particle: 4:
Relays Coordinates:
94.6274, 240.15
229.295, 177.163
187.398, 163.684
130.467, 120.957
247.959, 175.451
202.32, 224.372
270.917, 202.349
137.96, 59.5938
Evaluation Time: 2.04549 seconds
Resulting Fitness: 0.302083
-------------
Particle: 5:
Relays Coordinates:
218.613, 68.5654
134.202, 160.115
244.075, 244.075
66.2498, 182.579
146.764, 150.901
117.102, 160.025
244.075, 175.974
103.116, 100.183
Evaluation Time: 2.07439 seconds
Resulting Fitness: 0.310417
-------------
Particle: 6:
Relays Coordinates:
102.882, 86.734
324.746, 278.98
505.061, 290.305
135.554, 117.226
391.045, 301.458
431.124, 397.349
354.639, 268.961
251.445, 196.269
Evaluation Time: 2.95416 seconds
Resulting Fitness: 0.479167
New local best!
-------------
Particle: 7:
Relays Coordinates:
118.17, 81.0698
184.492, 187.219
168.341, 260.274
203.212, 286.547
40.5231, 220.664
334.808, 185.83
135.724, 235.121
234.385, 206.61
Evaluation Time: 2.31531 seconds
Resulting Fitness: 0.383333
-------------
Particle: 8:
Relays Coordinates:
174.088, 71.0054
71.5072, 134.344
57.3853, 171.611
177.931, 112.989
129.642, 122.316
177.931, 123.571
144.065, 125.293
177.931, 117.153
Evaluation Time: 1.66614 seconds
Resulting Fitness: 0.197917
-------------
Particle: 9:
Relays Coordinates:
58.9007, 64.9908
213.796, 165.138
246.092, 270.537
87.3519, 77.4433
269.987, 196.369
307.656, 335.92
226.275, 237.64
196.811, 171.917
Evaluation Time: 2.47494 seconds
Resulting Fitness: 0.4
-------------
Particle: 10:
Relays Coordinates:
100.465, 78.423
284.18, 325.914
310.561, 459.27
113.926, 109.031
326.734, 207.372
409.982, 429.813
275.602, 187.87
239.695, 189.716
Evaluation Time: 3.02488 seconds
Resulting Fitness: 0.458333
New local best!
-------------
Particle: 11:
Relays Coordinates:
114.063, 75.2898
350.385, 279.078
567, 390.908
112.428, 120.315
508.715, 277.898
567, 384.944
433.129, 235.18
235.444, 205.317
Evaluation Time: 3.21026 seconds
Resulting Fitness: 0.525
New local best!
-------------
Particle: 12:
Relays Coordinates:
94.2958, 79.6513
306.24, 248.661
561.836, 489.352
121.514, 111.71
499.727, 262.124
616.098, 347.331
377.041, 242.179
231.212, 171.487
Evaluation Time: 3.59649 seconds
Resulting Fitness: 0.541667
-------------
Particle: 13:
Relays Coordinates:
93.5263, 70.3946
193.463, 215.357
421.325, 344.29
155.624, 133.107
456.827, 289.188
328.719, 294.059
350.804, 162.69
188.032, 240.982
Evaluation Time: 2.81319 seconds
Resulting Fitness: 0.4125
-------------
Particle: 14:
Relays Coordinates:
100.641, 130.301
216.701, 123.077
168.573, 135.523
149.604, 232.544
71.8405, 191.44
171.278, 174.74
127.513, 76.9702
73.4087, 127.664
Evaluation Time: 1.8461 seconds
Resulting Fitness: 0.2625
-------------
Particle: 15:
Relays Coordinates:
90.1495, 128.448
263.597, 257.233
413.343, 342.637
117.245, 100.507
187.152, 265.203
274.28, 341.073
284.009, 380.685
182.118, 209.144
Evaluation Time: 2.57645 seconds
Resulting Fitness: 0.3875
-------------
Particle: 16:
Relays Coordinates:
111.447, 86.4457
135.823, 88.8756
210.986, 119.998
161.07, 203.724
206.036, 146.897
96.6975, 115.474
96.6823, 103.98
167.473, 88.6321
Evaluation Time: 1.80448 seconds
Resulting Fitness: 0.252083
-------------
Particle: 17:
Relays Coordinates:
102.767, 70.6171
192.647, 321.237
282.365, 238.725
111.18, 131.015
410.731, 302.66
413.343, 275.355
413.343, 250.363
256.8, 144.613
Evaluation Time: 2.83842 seconds
Resulting Fitness: 0.445833
-------------
Particle: 18:
Relays Coordinates:
84.6186, 111.915
286.651, 150.582
228.374, 257.287
94.9401, 106.941
354.679, 340.172
413.343, 219.1
86.127, 62.7358
185.025, 211.056
Evaluation Time: 2.64656 seconds
Resulting Fitness: 0.416667
-------------
Particle: 19:
Relays Coordinates:
94.5977, 117.956
149.795, 39.0034
197.74, 244.075
160.031, 82.9528
219.093, 144.926
112.448, 200.075
172.454, 206.363
118.64, 163.673
Evaluation Time: 1.93931 seconds
Resulting Fitness: 0.283333
-------------
Particle: 20:
Relays Coordinates:
170.12, 92.1329
228.713, 156.642
155.894, 117.095
183.418, 105.567
147.051, 191.154
287.632, 235.865
245.489, 234.706
93.7981, 121.212
Evaluation Time: 2.31504 seconds
Resulting Fitness: 0.341667
Current global best fitness: 0.541667
Current global best relays: 94.2958, 79.6513
306.24, 248.661
561.836, 489.352
121.514, 111.71
499.727, 262.124
616.098, 347.331
377.041, 242.179
231.212, 171.487
Particle 1 new velocities: 110.012, 95.036
219.936, 305.632
397.984, 295.348
96.6434, 81.0948
364.874, 148.949
306.862, 304.462
271.824, 190.399
110.407, 158.514
Particle 2 new velocities: 37.4182, 22.6962
69.604, 166.276
59.6744, 127.776
29.5031, 27.859
149.144, 75.6173
0.273772, 77.3236
151.52, 119.288
132.067, 57.6463
Particle 3 new velocities: 63.5571, 28.5125
-50.6058, 222.104
393.243, 48.7385
304.379, 266.17
338.888, 107.754
142.187, 210.123
128.209, 162.109
204.35, 175.764
Particle 4 new velocities: 150.459, 503.107
392.556, 214.651
546.885, 577.122
182.599, 145.548
259.329, 181.466
462.993, 437.727
493.499, 322.069
169.282, 180.243
Particle 5 new velocities: 270.435, 180.184
281.957, 285.481
181.713, 99.5194
381.977, 333.285
945.54, 137.607
603.338, 312.85
506.452, 331.036
909.877, 168.389
Particle 6 new velocities: 19.0676, 9.12534
157.735, 83.0384
206.308, 254.806
35.7563, 22.2086
244.831, 87.3672
176.702, 105.608
140.406, 38.6272
70.0106, 19.444
Particle 7 new velocities: 91.2856, 235.085
209.767, 54.8095
375.68, 360.482
166.092, 408.781
274.739, 161.037
307.837, 223.062
202.671, 340.708
214.355, 151.223
Particle 8 new velocities: 761.344, 255.585
177.8, 420.043
98.4478, 466.014
298.41, 479.257
691.423, 422.396
169.967, 533.769
472.053, 470.16
549.849, 314.31
Particle 9 new velocities: 69.6731, 67.4466
299.176, 338.811
327.816, 453.808
144.213, 66.8105
446.34, 113.536
363.381, 254.892
292.741, 269.746
176.257, 168.29
Particle 10 new velocities: 60.2608, 58.0275
235.863, 143.482
249.533, 28.0963
74.6916, 88.2434
197.969, 186.456
267.378, 212.582
236.693, 218.272
190.711, 131.049
Particle 11 new velocities: 41.6622, 21.3198
53.3295, 65.0351
-6.38767, 64.6144
41.4977, 46.1234
148.702, 62.8795
20.3651, 95.459
108.499, 82.6747
73.1308, 66.6586
Particle 12 new velocities: 0, 0
0, 0
0, 0
0, 0
0, 0
0, 0
0, 0
0, 0
Particle 13 new velocities: 60.652, 40.1953
399.594, 136.814
305.66, 216.479
66.9456, 81.9263
222.882, 158.077
374.798, 140.835
92.1925, 176.191
142.198, 52.106
Particle 14 new velocities: 497.979, 210.745
541.206, 331.843
272.22, 247.818
253.951, 446.813
256.013, 333.826
637.468, 575.483
489.531, 330.197
248.227, 267.3
Particle 15 new velocities: 62.9635, 160.716
233.445, 186.264
49.5378, 315.57
73.1358, 74.5103
405.849, 175.461
504.186, 346.454
203.026, 255.096
218.028, 230.628
Particle 16 new velocities: 322.023, 158.45
297.519, 320.102
865.668, 327.416
392.692, 445.484
520.768, 463.582
410.196, 414.572
710.659, 300.226
328.011, 367.563
Particle 17 new velocities: 105.104, 69.8599
407.866, 146.733
416.226, 398.125
107.008, 116.155
449.501, 242.517
43.2162, 268.523
-80.0724, 194.196
209.813, 155.953
Particle 18 new velocities: 61.7433, 47.017
107.508, 142.266
230.974, 281.748
76.194, 33.729
195.773, 114.573
44.369, 67.3366
163.99, 185.88
20.1949, 56.0105
Particle 19 new velocities: 161.304, 158.12
69.3481, 89.8304
402.699, 372.283
396.138, 248.746
471.418, 296.334
245.724, 420.134
260.565, 518.432
293.349, 275.478
Particle 20 new velocities: 300.282, 133.425
380.243, 294.3
315.852, 608.558
215.903, 136.011
217.397, 240.133
413.483, 397.134
320.311, 291.198
173.936, 167.666
-- ITERATION 10 --
-------------
Particle: 1:
Relays Coordinates:
109.558, 109.57
320.17, 346.895
459.27, 422.616
133.248, 122.589
399.297, 260.358
378.65, 407.491
418.901, 227.172
214.876, 235.805
Evaluation Time: 3.23842 seconds
Resulting Fitness: 0.3875
-------------
Particle: 2:
Relays Coordinates:
115.674, 67.2545
238.456, 245.794
336.564, 353.76
72.0277, 88.9577
335.57, 227.709
301.489, 256.413
342.717, 260.827
239.7, 141.323
Evaluation Time: 2.75873 seconds
Resulting Fitness: 0.404167
-------------
Particle: 3:
Relays Coordinates:
81.9225, 39.4833
18.3912, 237.16
372.009, 223.602
336.075, 263.249
351.093, 176.126
201.709, 236.344
132.928, 154.674
264.869, 204.03
Evaluation Time: 2.59936 seconds
Resulting Fitness: 0.408333
-------------
Particle: 4:
Relays Coordinates:
85.4563, 244.075
216.826, 136.617
244.075, 244.075
109.159, 92.9247
176.881, 124.449
231.98, 230.86
244.075, 182.853
107.129, 83.6261
Evaluation Time: 2.17049 seconds
Resulting Fitness: 0.314583
-------------
Particle: 5:
Relays Coordinates:
138.121, 70.2543
117.536, 125.85
120.255, 97.0412
126.593, 145.695
197.701, 81.483
197.701, 133.554
197.701, 143.195
197.701, 75.8528
Evaluation Time: 1.70664 seconds
Resulting Fitness: 0.210417
-------------
Particle: 6:
Relays Coordinates:
88.9012, 69.8814
351.728, 263.911
510.3, 397.386
124.885, 101.648
463.553, 283.453
443.105, 366.656
360.887, 224.232
234.341, 157.255
Evaluation Time: 3.01386 seconds
Resulting Fitness: 0.470833
-------------
Particle: 7:
Relays Coordinates:
81.1475, 122.485
152.744, 93.7669
210.765, 240.493
143.076, 269.384
122.139, 147.879
248.974, 158.413
131.101, 223.088
173.851, 138.632
Evaluation Time: 2.10418 seconds
Resulting Fitness: 0.3
-------------
Particle: 8:
Relays Coordinates:
177.931, 83.0148
63.3705, 140.918
39.6107, 162.076
121.079, 150.541
177.931, 138.458
88.4308, 167.087
156.609, 151.356
177.931, 109.672
Evaluation Time: 1.71373 seconds
Resulting Fitness: 0.204167
-------------
Particle: 9:
Relays Coordinates:
68.3294, 70.3827
272.614, 267.819
304.998, 372.009
123.063, 76.6624
372.009, 164.696
356.617, 313.982
275.826, 269.645
198.264, 180.8
Evaluation Time: 2.79453 seconds
Resulting Fitness: 0.429167
-------------
Particle: 10:
Relays Coordinates:
85.416, 72.5154
276.372, 249.457
297.657, 259.006
100.239, 104.84
278.849, 209.297
359.977, 341.395
272.254, 215.841
228.735, 170.468
Evaluation Time: 2.50084 seconds
Resulting Fitness: 0.366667
-------------
Particle: 11:
Relays Coordinates:
126.138, 78.2538
327.008, 278.732
454.096, 368.974
124.68, 134.815
532.508, 276.03
475.766, 389.126
438.719, 257.462
249.946, 220.3
Evaluation Time: 3.10995 seconds
Resulting Fitness: 0.470833
-------------
Particle: 12:
Relays Coordinates:
94.2958, 79.6513
306.24, 248.661
561.836, 489.352
121.514, 111.71
499.727, 262.124
616.098, 347.331
377.041, 242.179
231.212, 171.487
Evaluation Time: 3.58089 seconds
Resulting Fitness: 0.541667
-------------
Particle: 13:
Relays Coordinates:
124.884, 89.5778
480.376, 285.259
567, 454.223
180.281, 174.177
550.564, 362.284
567, 352.264
358.827, 274.494
267.486, 237.401
Evaluation Time: 3.37222 seconds
Resulting Fitness: 0.485417
-------------
Particle: 14:
Relays Coordinates:
169.068, 96.3215
197.701, 128.483
124.493, 108.267
113.976, 191.87
92.5955, 148.351
197.701, 197.701
174.272, 114.996
90.8393, 111.549
Evaluation Time: 1.80431 seconds
Resulting Fitness: 0.247917
-------------
Particle: 15:
Relays Coordinates:
81.3705, 153.674
264.149, 235.693
245.994, 349.798
101.176, 93.0111
315.145, 234.187
372.009, 365.38
258.83, 337.88
212.654, 233.713
Evaluation Time: 2.65744 seconds
Resulting Fitness: 0.429167
-------------
Particle: 16:
Relays Coordinates:
122.425, 69.1657
122.388, 115.507
197.701, 126.363
156.399, 183.356
197.701, 172.417
143.162, 149.701
197.701, 114.16
139.939, 128.843
Evaluation Time: 1.75606 seconds
Resulting Fitness: 0.229167
-------------
Particle: 17:
Relays Coordinates:
122.746, 82.9503
354.597, 276.332
412.511, 376.053
128.837, 145.951
413.343, 321.921
269.594, 321.155
196.793, 262.508
275.53, 177.481
Evaluation Time: 2.8908 seconds
Resulting Fitness: 0.4375
-------------
Particle: 18:
Relays Coordinates:
96.028, 104.276
258.608, 192.138
301.378, 353.661
112.281, 92.2937
361.152, 298.358
300.305, 187.931
164.102, 163.117
134.645, 175.223
Evaluation Time: 2.65968 seconds
Resulting Fitness: 0.402083
-------------
Particle: 19:
Relays Coordinates:
151.107, 163.02
129.402, 76.0751
354.553, 363.953
328.412, 195.865
407.74, 260.56
211.497, 366.227
255.693, 413.343
243.276, 259.314
Evaluation Time: 2.95103 seconds
Resulting Fitness: 0.441667
-------------
Particle: 20:
Relays Coordinates:
182.243, 87.3857
235.922, 174.704
182.764, 271.194
154.705, 93.592
141.195, 167.089
271.194, 245.237
219.203, 203.746
103.726, 111.917
Evaluation Time: 2.33126 seconds
Resulting Fitness: 0.33125
Current global best fitness: 0.541667
Current global best relays: 94.2958, 79.6513
306.24, 248.661
561.836, 489.352
121.514, 111.71
499.727, 262.124
616.098, 347.331
377.041, 242.179
231.212, 171.487
Particle 1 new velocities: 77.5294, 71.0521
83.0355, 99.5258
30.7301, 86.4903
-9.19959, 40.3866
432.7, 5.94766
379.557, 40.0148
15.576, 205.635
85.8359, 55.291
Particle 2 new velocities: 19.6316, 44.3134
219.341, 282.498
161.982, 278.784
51.7596, 75.7762
317.905, 101.559
437.708, 142.673
146.623, 156.453
128.154, 108.821
Particle 3 new velocities: 66.8345, 64.28
236.839, 214.669
70.9172, 605.385
101.109, 311.992
232.048, 172.705
159.894, 216.472
357.216, 142.519
169.351, 201.26
Particle 4 new velocities: 126.761, -52.0837
334.136, 237.963
302.126, 81.7476
174.225, 316.108
386.572, 258.968
506.098, 455.257
46.0562, 299.591
223.213, 138.358
Particle 5 new velocities: 535.502, 282.154
331.332, 308.239
385.874, 384.856
663.698, 413.252
487.715, 111.668
192.074, 279.089
138.207, 415.366
534.986, 182.897
Particle 6 new velocities: 40.0034, 21.8014
111.292, 64.5207
57.5102, 178.224
44.4495, 37.6377
116.2, 66.4917
332.103, 87.9708
113.605, 81.6837
72.4875, 72.9342
Particle 7 new velocities: 126.593, 609.51
302.052, 212.495
584.092, 253.404
138.337, 194.806
538.172, 260.199
238.389, 255.365
323.331, 358.776
221.559, 130.898
Particle 8 new velocities: 69.3421, 304.311
133.378, 397.924
237.827, 765.426
600.686, 460.413
430.918, 501.435
948.373, 550.235
458.082, 489.2
519.533, 385.656
Particle 9 new velocities: 99.8882, 103.76
291.214, 272.905
604.152, 152.042
146.752, 147.242
43.8479, 402.221
679.612, 343.395
391.967, 215.482
259.147, 142.079
Particle 10 new velocities: 69.2834, 47.1574
223.793, 170.56
272.75, 252.085
98.8652, 78.1834
370.803, 202.201
234.313, 203.724
233.6, 149.075
157.126, 131.822
Particle 11 new velocities: -4.23282, 14.1229
71.7227, 32.7289
180.445, 175
16.5709, 7.8449
63.9962, 50.135
108.164, 41.1946
53.8633, 20.6175
33.2704, 0.215647
Particle 12 new velocities: 0, 0
0, 0
0, 0
0, 0
0, 0
0, 0
0, 0
0, 0
Particle 13 new velocities: 42.3493, 27.876
91.9554, 29.1382
-55.2888, 75.4538
-9.01171, 5.30599
92.6172, 77.4993
-154.009, 242.418
19.3192, 96.7894
42.1455, -7.41708
Particle 14 new velocities: 633.171, 405.7
53.9357, 423.564
429.998, 338.828
289.599, 493.686
508.16, 271.873
183.493, 25.1627
424.104, 366.467
342.915, 373.5
Particle 15 new velocities: 65.8245, 161.32
100.305, 200.845
257.68, 386.223
79.606, 87.3344
357.945, 202.644
-143.157, 463.4
135.858, 201.25
273.71, 342.614
Particle 16 new velocities: 468.01, 169.249
382.879, 318.692
517.013, 251.298
410.465, 402.128
214.127, 566.238
592.115, 472.871
519.324, 247.339
385.288, 510.892
Particle 17 new velocities: 91.1576, 50.1354
274.784, 18.1716
352.556, 346.437
45.298, 14.2289
43.2203, 103.857
448.72, 176.75
269.072, 63.6447
66.2755, 105.411
Particle 18 new velocities: 6.0274, 13.6514
50.6473, 30.689
315.155, 259.226
-6.50748, 39.044
114.406, 87.2951
119.746, 45.5852
188.286, 176.767
79.5731, 45.8964
Particle 19 new velocities: 135.932, 254.671
-15.5929, 172.48
263.484, 373.035
118.143, 162.65
250.451, 119.723
617.971, 42.5826
266.46, -194.198
174.306, 130.612
Particle 20 new velocities: 212.352, 134.352
337.632, 302.124
764.683, -71.0622
244.665, 162.251
622.724, 321.602
414.43, 350.025
407.21, 389.023
267.709, 193.451
-- ITERATION 11 --
-------------
Particle: 1:
Relays Coordinates:
122.748, 118.506
264.543, 292.897
321.489, 334.025
81.388, 106.928
459.27, 174.723
459.27, 293.608
285.061, 283.964
197.297, 190.988
Evaluation Time: 3.07467 seconds
Resulting Fitness: 0.489583
New local best!
-------------
Particle: 2:
Relays Coordinates:
79.8966, 65.8797
270.325, 311.951
294.387, 373.511
73.0951, 97.2737
385.871, 194.429
413.343, 235.656
288.951, 246.4
217.214, 147.707
Evaluation Time: 2.61431 seconds
Resulting Fitness: 0.416667
-------------
Particle: 3:
Relays Coordinates:
57.6315, 40.2
98.8813, 175.048
171.599, 271.194
169.374, 222.86
225.921, 135.144
140.092, 175.43
189.892, 115.138
168.226, 157.018
Evaluation Time: 2.00308 seconds
Resulting Fitness: 0.29375
-------------
Particle: 4:
Relays Coordinates:
91.3525, 82.6459
237.171, 161.245
235.122, 140.256
121.987, 176.075
242.548, 165.048
301.327, 295.351
124.892, 207.677
142.201, 95.5571
Evaluation Time: 2.34084 seconds
Resulting Fitness: 0.377083
-------------
Particle: 5:
Relays Coordinates:
171.226, 89.5774
114.096, 110.339
128.651, 122.492
177.931, 142.077
174.224, 49.0965
99.0755, 104.888
85.3832, 141.979
177.931, 65.7707
Evaluation Time: 1.67155 seconds
Resulting Fitness: 0.204167
-------------
Particle: 6:
Relays Coordinates:
104.413, 74.2631
375.046, 266.03
459.926, 466.244
137.161, 112.821
469.6, 283.455
567, 368.247
384.339, 247.792
248.531, 186.453
Evaluation Time: 3.49819 seconds
Resulting Fitness: 0.525
New local best!
-------------
Particle: 7:
Relays Coordinates:
65.1911, 219.667
142.72, 96.1084
219.667, 154.99
88.3103, 145.668
207.213, 128.059
152.94, 129.848
142.606, 182.595
124.084, 84.5812
Evaluation Time: 1.87417 seconds
Resulting Fitness: 0.241667
-------------
Particle: 8:
Relays Coordinates:
77.5968, 121.547
61.7417, 169.094
87.0628, 219.667
219.667, 191.724
191.063, 200.805
219.667, 219.667
192.897, 201.013
218.871, 155.439
Evaluation Time: 2.05487 seconds
Resulting Fitness: 0.275
-------------
Particle: 9:
Relays Coordinates:
99.3308, 102.83
332.935, 319.292
413.343, 309.447
159.323, 132.213
245.559, 334.759
413.343, 388.174
394.325, 286.463
270.096, 190.657
Evaluation Time: 2.78008 seconds
Resulting Fitness: 0.427083
-------------
Particle: 10:
Relays Coordinates:
101.498, 78.5173
328.159, 275.573
374.244, 335.327
130.632, 120.082
426.237, 269.983
389.914, 357.652
331.891, 239.421
253.164, 198.332
Evaluation Time: 2.48908 seconds
Resulting Fitness: 0.408333
-------------
Particle: 11:
Relays Coordinates:
109.714, 83.139
358.858, 280.315
571.087, 489.576
127.126, 128.394
536.854, 293.548
525.537, 387.289
443.324, 250.272
254.894, 198.464
Evaluation Time: 3.59773 seconds
Resulting Fitness: 0.554167
New local best!
New global best!
-------------
Particle: 12:
Relays Coordinates:
94.2958, 79.6513
306.24, 248.661
561.836, 489.352
121.514, 111.71
499.727, 262.124
616.098, 347.331
377.041, 242.179
231.212, 171.487
Evaluation Time: 3.93027 seconds
Resulting Fitness: 0.541667
-------------
Particle: 13:
Relays Coordinates:
121.913, 85.6238
417.23, 229.195
373.037, 386.134
124.855, 130.843
468.879, 320.602
301.071, 433.523
275.669, 270.665
225.722, 167.659
Evaluation Time: 3.1968 seconds
Resulting Fitness: 0.447917
-------------
Particle: 14:
Relays Coordinates:
244.075, 175.044
87.7402, 192.487
193.339, 155.892
140.718, 239.039
209.47, 146.523
132.914, 77.7076
208.641, 167.876
151.241, 169.126
Evaluation Time: 2.00347 seconds
Resulting Fitness: 0.279167
-------------
Particle: 15:
Relays Coordinates:
86.9172, 186.001
215.206, 257.771
297.414, 413.343
106.75, 106.492
397.453, 257.944
135.135, 413.343
233.06, 318.351
287.193, 340.315
Evaluation Time: 3.09611 seconds
Resulting Fitness: 0.460417
-------------
Particle: 16:
Relays Coordinates:
135.072, 54.5416
115.589, 99.3308
160.138, 86.3966
129.68, 133.94
94.2129, 160.138
160.138, 142.425
160.138, 82.6995
120.155, 146.351
Evaluation Time: 1.72724 seconds
Resulting Fitness: 0.197917
-------------
Particle: 17:
Relays Coordinates:
126.308, 78.5857
371.644, 173.901
413.343, 413.343
102.825, 94.5847
269.596, 251.418
413.343, 294.008
275.089, 192.59
201.833, 167.045
Evaluation Time: 2.87716 seconds
Resulting Fitness: 0.445833
-------------
Particle: 18:
Relays Coordinates:
54.2365, 62.6712
164.351, 118.419
327.651, 325.713
56.2124, 69.7982
252.731, 204.952
223.232, 124.1
187.273, 180.628
113.844, 117.512
Evaluation Time: 2.38212 seconds
Resulting Fitness: 0.3625
-------------
Particle: 19:
Relays Coordinates:
137.29, 199.781
54.4344, 118.883
295.605, 334.808
213.586, 171.476
314.811, 181.888
334.808, 195.532
249.744, 104.816
199.728, 186.5
Evaluation Time: 2.60913 seconds
Resulting Fitness: 0.41875
-------------
Particle: 20:
Relays Coordinates:
123.828, 69.5837
179.987, 149.634
219.667, 62.8036
125.327, 80.2864
219.667, 153.357
215.156, 186.799
196.575, 186.017
116.56, 95.8277
Evaluation Time: 1.92012 seconds
Resulting Fitness: 0.247917
Current global best fitness: 0.554167
Current global best relays: 109.714, 83.139
358.858, 280.315
571.087, 489.576
127.126, 128.394
536.854, 293.548
525.537, 387.289
443.324, 250.272
254.894, 198.464
Particle 1 new velocities: 48.9616, 53.0763
134.763, 77.9757
63.7335, 115.314
21.2941, 42.5147
75.8501, 146.693
23.7755, 85.8918
213.215, 142.135
92.6368, 51.5953
Particle 2 new velocities: 23.9307, 57.4293
261.542, 258.581
433.161, 313.792
112.515, 98.7119
285.248, 195.611
169.633, 273.174
340.499, 191.239
192.137, 171.741
Particle 3 new velocities: 201.753, 70.2752
470.438, 344.062
618.48, 182.311
202.359, 432.309
222.351, 250.529
349.05, 473.508
136.536, 274.446
315.618, 222.249
Particle 4 new velocities: 127.691, 295.815
279.442, 274.256
404.644, 598.616
178.592, 335.589
309.631, 250.609
220.686, 419.209
214.754, 303.953
249.248, 104.994
Particle 5 new velocities: 563.255, 370.73
304.648, 440.539
689.965, 737.25
19.5325, 375.798
740.702, 207.456
470.36, 537.969
920.842, 409.148
556.713, 254.517
Particle 6 new velocities: 35.6333, 22.3293
77.0314, 67.9743
118.077, 149.577
31.4583, 48.8855
163.38, 64.8543
-23.6821, 93.0693
147.206, 66.9488
65.7553, 70.5694
Particle 7 new velocities: 279.156, 46.1263
458.645, 196.478
52.0032, 533.705
317.411, 446.706
344.925, 431.909
380.118, 689.086
340.289, 395.209
456.844, 355.829
Particle 8 new velocities: 131.393, 242.197
226.632, 402.909
744.022, -43.604
191.942, 330.514
609.32, 454.476
245.621, 147.785
594.959, 442.535
502.91, 387.279
Particle 9 new velocities: 76.3405, 57.4975
257.829, 178.297
65.5122, 387.442
104.024, 114.742
203.5, 303.348
109.744, 370.048
249.462, 223.126
202.286, 173.791
Particle 10 new velocities: 58.1471, 40.138
137.897, 214.991
296.715, 444.395
61.1711, 49.1255
293.211, 119.107
350.423, 251.585
201.972, 116.119
113.849, 99.8533
Particle 11 new velocities: -3.38625, 11.2983
57.3782, 26.1831
144.356, 140
13.2567, 6.27592
51.197, 40.108
86.5316, 32.9557
43.0907, 16.494
26.6163, 0.172518
Particle 12 new velocities: 17.6687, 4.36366
8.91833, 21.8044
10.3161, 0.11315
6.05061, 19.5466
37.9847, 37.2453
-85.0853, 18.1719
71.6214, 9.53852
30.6267, 25.6978
Particle 13 new velocities: 21.1675, 18.7525
51.743, 74.8428
227.825, 82.2443
87.6674, 2.30738
90.716, 35.0249
67.6768, 187.288
214.011, -17.5381
47.9283, 80.7774
Particle 14 new velocities: 175.722, 488.607
396.048, 478.759
224.964, 566.661
251.52, 333.328
451.807, 230.957
505.427, 526.258
442.806, 405.028
472.674, 509.332
Particle 15 new velocities: 82.6319, 143.968
254.466, 173.69
258.769, 201.101
80.3687, 71.8691
219.787, 195.838
66.7834, 117.202
113.844, 235.57
373.833, 210.396
Particle 16 new velocities: 532.42, 280.508
630.274, 292.882
198.715, 450.677
519.143, 566.461
586.361, 112.637
248.763, 610.449
453.15, 300.715
422.723, 641.937
Particle 17 new velocities: 66.0719, 39.0823
155.895, 84.8565
119.656, -18.5524
41.7741, 31.8473
353.864, 101.33
37.4531, 220.326
384.087, 74.9036
126.88, 98.6468
Particle 18 new velocities: 17.399, 90.3178
277.246, 62.8056
316.354, 296.196
20.7851, 89.5086
161.499, 213.231
493.499, 362.189
109.107, 119.453
242.488, 184.29
Particle 19 new velocities: 116.623, 531.218
234.203, 194.093
402.397, 174.183
59.4768, 100.757
-72.5971, 200.807
-57.0671, 184.185
230.468, 475.089
195.307, 250.928
Particle 20 new velocities: 332.978, 152.828
341.569, 418.32
53.5319, 554.736
394.618, 257.696
257.413, 411.252
410.173, 513.962
528.605, 494.906
212.146, 284.257
-- ITERATION 12 --
-------------
Particle: 1:
Relays Coordinates:
139.085, 138.982
323.438, 300.407
312.03, 363.965
83.1726, 121.049
433.447, 260.347
391.267, 307.395
403.603, 345.14
234.847, 196.493
Evaluation Time: 2.69443 seconds
Resulting Fitness: 0.427083
-------------
Particle: 2:
Relays Coordinates:
61.3089, 72.8127
314.062, 336.893
413.343, 405.846
109.601, 115.728
396.289, 230.315
344.242, 300.459
371.684, 258.421
241.718, 188.631
Evaluation Time: 2.80951 seconds
Resulting Fitness: 0.408333
-------------
Particle: 3:
Relays Coordinates:
137.848, 58.7111
302.559, 275.876
372.009, 241.011
197.554, 348.184
238.23, 204.963
259.95, 344.872
173.477, 207.041
257.135, 201.558
Evaluation Time: 2.80909 seconds
Resulting Fitness: 0.402083
-------------
Particle: 4:
Relays Coordinates:
76.3759, 131.961
180.132, 151.85
223.073, 244.075
104.806, 178.406
192.533, 144.931
182.015, 244.075
118.427, 178.394
136.49, 69.928
Evaluation Time: 1.95533 seconds
Resulting Fitness: 0.2875
-------------
Particle: 5:
Relays Coordinates:
177.931, 117.004
106.439, 140.026
177.931, 177.931
50.1925, 131.637
177.931, 65.2121
144.743, 163.406
177.931, 140.089
177.931, 81.4128
Evaluation Time: 1.8154 seconds
Resulting Fitness: 0.229167
-------------
Particle: 6:
Relays Coordinates:
113.437, 78.2398
366.183, 270.543
468.183, 498.815
136.582, 130.982
512.714, 282.131
440.088, 373.667
430.551, 254.94
254.572, 208.188
Evaluation Time: 3.47701 seconds
Resulting Fitness: 0.539583
New local best!
-------------
Particle: 7:
Relays Coordinates:
120.067, 92.6765
209.683, 102.018
94.7257, 240.133
141.466, 206.548
192.519, 195.249
185.866, 244.075
168.375, 201.468
202.557, 153.562
Evaluation Time: 1.93921 seconds
Resulting Fitness: 0.26875
-------------
Particle: 8:
Relays Coordinates:
72.8704, 126.83
100.55, 199.445
244.075, 61.3895
143.519, 182.093
244.075, 228.482
162.236, 128.123
244.075, 224.391
244.075, 189.234
Evaluation Time: 2.11207 seconds
Resulting Fitness: 0.297917
-------------
Particle: 9:
Relays Coordinates:
103.732, 94.6717
348.84, 293.821
282.759, 411.506
155.504, 145.824
265.165, 376.796
308.878, 413.343
380.15, 300.907
278.937, 215.203
Evaluation Time: 2.61879 seconds
Resulting Fitness: 0.435417
-------------
Particle: 10:
Relays Coordinates:
104.743, 77.8497
305.779, 321.859
440.216, 459.27
125.842, 111.017
459.27, 255.282
459.27, 399.721
350.268, 233.27
240.797, 195.639
Evaluation Time: 3.31147 seconds
Resulting Fitness: 0.53125
New local best!
-------------
Particle: 11:
Relays Coordinates:
69.7619, 61.9603
273.093, 201.093
459.27, 413.064
92.105, 88.3568
385.82, 218.912
401.578, 275.723
319.136, 175.025
184.699, 130.326
Evaluation Time: 2.83226 seconds
Resulting Fitness: 0.470833
-------------
Particle: 12:
Relays Coordinates:
111.964, 84.0149
315.159, 270.465
572.152, 489.466
127.565, 131.257
537.712, 299.369
531.012, 365.503
448.662, 251.718
261.838, 197.185
Evaluation Time: 3.6754 seconds
Resulting Fitness: 0.5375
-------------
Particle: 13:
Relays Coordinates:
76.039, 55.4699
249.231, 161.578
319.323, 248.916
112.943, 70.7617
297.392, 188.995
195.968, 329.924
260.236, 134.522
145.429, 132.029
Evaluation Time: 2.59346 seconds
Resulting Fitness: 0.383333
-------------
Particle: 14:
Relays Coordinates:
86.4324, 136.64
99.6076, 138.204
86.125, 144.124
80.7584, 117.845
136.151, 77.7199
131.429, 124.351
134.127, 117.956
128.458, 139.689
Evaluation Time: 1.62019 seconds
Resulting Fitness: 0.170833
-------------
Particle: 15:
Relays Coordinates:
100.117, 194.843
277.337, 254.773
328.421, 362.823
110.492, 105.321
364.474, 267.954
119.231, 313.281
204.843, 327.085
390.329, 325.19
Evaluation Time: 2.89232 seconds
Resulting Fitness: 0.414583
-------------
Particle: 16:
Relays Coordinates:
152.701, 76.6487
160.138, 89.7257
82.0939, 122.865
148.43, 160.138
155.694, 62.402
93.5433, 160.138
140.301, 87.7129
124.193, 160.138
Evaluation Time: 1.73116 seconds
Resulting Fitness: 0.202083
-------------
Particle: 17:
Relays Coordinates:
140.245, 85.78
384.576, 188.634
388.556, 287.802
105.413, 92.1689
454.503, 257.153
328.63, 374.949
480.539, 195.003
239.632, 193.689
Evaluation Time: 2.91372 seconds
Resulting Fitness: 0.458333
-------------
Particle: 18:
Relays Coordinates:
34.263, 73.1742
211.214, 86.6793
308.026, 297.457
36.8277, 76.1959
198.125, 200.016
334.808, 232.591
141.758, 143.528
170.433, 144.351
Evaluation Time: 2.44429 seconds
Resulting Fitness: 0.3875
-------------
Particle: 19:
Relays Coordinates:
98.3709, 271.194
111.824, 121.253
270.42, 197.194
105.79, 105.469
93.8387, 148.264
107.602, 147.11
186.044, 224.667
153.045, 169.469
Evaluation Time: 2.15509 seconds
Resulting Fitness: 0.31875
-------------
Particle: 20:
Relays Coordinates:
129.016, 62.8157
147.303, 160.407
77.1595, 174.411
146.848, 95.4561
134.741, 159.462
176.611, 197.701
197.701, 192.313
92.8364, 107.347
Evaluation Time: 1.8156 seconds
Resulting Fitness: 0.252083
Current global best fitness: 0.554167
Current global best relays: 109.714, 83.139
358.858, 280.315
571.087, 489.576
127.126, 128.394
536.854, 293.548
525.537, 387.289
443.324, 250.272
254.894, 198.464
Particle 1 new velocities: -2.89466, -24.047
88.753, 39.7023
326.063, 106.338
34.2829, 19.2117
169.272, 14.5175
121.838, 146.703
100.722, -39.73
46.8617, 42.2371
Particle 2 new velocities: 106.856, 60.5886
223.214, 147.131
279.725, 244.142
51.1767, 81.6862
226.107, 295.759
357.616, 294.385
356.822, 164.19
220.174, 129.846
Particle 3 new velocities: 115.935, 39.6737
132.386, 274.556
17.9252, 184.533
460.425, 350.412
470.994, 217.541
501.439, 387.046
-54.6965, 136.378
306.827, 243.958
Particle 4 new velocities: 143.378, 422.41
520.237, 346.362
352.235, 20.8402
204.742, 420.6
398.486, 365.168
279.899, 157.87
632.938, 322.089
258.999, 140.89
Particle 5 new velocities: 131.576, 268.923
512.084, 418.381
115.174, 121.037
521.378, 521.181
271.873, 465.219
410.536, 313.321
683.557, 348.274
459.883, 252.662
Particle 6 new velocities: 24.4626, 18.799
60.779, 56.2868
109.15, 114.058
16.5227, 39.0918
150.747, 55.745
60.3698, 89.0846
119.046, 47.6992
52.6055, 52.6403
Particle 7 new velocities: 231.617, 303.84
292.68, 244.151
409.649, 555.19
339.374, 762.123
378.635, 393.661
707.219, 41.5772
646.739, 462.894
445.22, 335.331
Particle 8 new velocities: 358.545, 223.078
381.088, 312.304
78.7154, 83.0346
357.58, 323.751
265.946, 371.053
658.054, 389.286
-36.1857, 292.99
60.1187, 311.289
Particle 9 new velocities: 65.8385, 39.214
223.261, 142.97
379.518, 399.112
58.7406, 83.8588
397.762, 176.388
377.875, 13.9387
173.47, 151.119
141.515, 138.419
Particle 10 new velocities: 51.7466, 37.1194
142.342, 144.201
321.15, 20.5373
49.197, 50.673
67.3539, 100.437
58.5449, 188.938
263.749, 109.627
102.074, 82.2991
Particle 11 new velocities: 83.3127, 28.853
256.17, 70.7152
175.258, 258.039
36.6689, 77.1692
212.437, 114.083
392.706, 248.125
355.16, 112.378
82.4744, 23.8829
Particle 12 new velocities: -12.1704, -1.72147
36.5726, 23.5889
0.235929, -0.0118882
2.55746, -11.1903
7.28305, -21.3188
-63.3327, 22.3629
46.3778, 3.70146
-17.9693, -5.50209
Particle 13 new velocities: 88.4561, 66.392
161.508, 177.523
196.924, 378.996
120.911, 97.3558
385.231, 140.327
361.094, 360.592
258.577, 133.566
181.63, 248.824
Particle 14 new velocities: 452.054, 634.33
681.874, 569.693
585.978, -62.3974
504.85, 564.02
605.984, 360.612
709.737, 666.384
841.066, 375.284
443.047, 652.607
Particle 15 new velocities: 52.5266, 113.337
176.374, 167.64
346.885, 506.129
82.3373, 79.6405
314.003, 146.534
624.32, 366.172
285.126, 212.863
326.716, 166.854
Particle 16 new velocities: 475.432, 243.304
-19.121, 155.454
476.012, 625.36
611.749, 33.3245
478.487, 468.985
383.47, 158.718
825.95, 263.229
528.186, 101.39
Particle 17 new velocities: 60.9888, 18.7727
-62.7242, 71.6071
-83.378, 305.253
37.4935, 67.4612
278.46, 117.307
183.545, 91.9224
224.343, 136.582
88.6903, 76.6959
Particle 18 new velocities: 30.8091, 104.418
279.787, 317.634
361.477, 422.114
117.072, 97.2856
457.77, 304.877
113.948, 160.898
83.1448, 47.3446
134.665, 176.594
Particle 19 new velocities: 179.279, 234.351
163.886, 216.431
430.948, 836.684
296.034, 189.956
411.787, 148.766
265.267, 169.874
313.228, 459.714
256.892, 376.939
Particle 20 new velocities: 411.004, 192.816
428.912, 401
328.381, 451.315
369.033, 298.104
591.183, 474.306
824.429, 215.908
105.975, 606.976
249.958, 252.563
-- ITERATION 13 --
-------------
Particle: 1:
Relays Coordinates:
110.314, 93.0971
333.875, 275.488
516.855, 380.945
95.1389, 113.611
488.202, 222.64
415.615, 367.819
408.504, 247.382
228.184, 193.371
Evaluation Time: 2.93061 seconds
Resulting Fitness: 0.491667
New local best!
-------------
Particle: 2:
Relays Coordinates:
72.3895, 57.4249
231.279, 208.357
298.343, 279.799
69.2095, 84.9802
267.921, 226.457
301.327, 256.061
301.327, 181.92
198.829, 137.094
Evaluation Time: 2.28164 seconds
Resulting Fitness: 0.360417
-------------
Particle: 3:
Relays Coordinates:
134.87, 52.2857
231.148, 292.522
207.227, 226.152
349.677, 371.263
372.009, 224.536
372.009, 372.009
63.125, 182.507
299.712, 236.765
Evaluation Time: 2.69484 seconds
Resulting Fitness: 0.4
-------------
Particle: 4:
Relays Coordinates:
68.961, 173.967
219.667, 156.344
180.538, 83.1332
97.1392, 187.974
185.468, 160.074
144.953, 126.134
219.667, 157.057
124.109, 66.1569
Evaluation Time: 1.77167 seconds
Resulting Fitness: 0.23125
-------------
Particle: 5:
Relays Coordinates:
107.918, 134.564
215.666, 194.704
102.199, 104.244
199.294, 227.623
156.837, 184.95
193.614, 166.224
244.075, 170.282
222.392, 116.485
Evaluation Time: 1.93978 seconds
Resulting Fitness: 0.283333
-------------
Particle: 6:
Relays Coordinates:
111.699, 78.6014
345.839, 264.732
467.64, 496.427
124.014, 137.76
537.404, 273.679
405.37, 374.828
445.174, 245.138
248.814, 211.271
Evaluation Time: 3.60852 seconds
Resulting Fitness: 0.564583
New local best!
New global best!
-------------
Particle: 7:
Relays Coordinates:
99.3259, 111.988
141.882, 97.7685
142.45, 197.701
135.804, 197.701
161.311, 166.326
197.701, 80.6766
197.701, 187.635
182.951, 138.078
Evaluation Time: 1.95964 seconds
Resulting Fitness: 0.260417
-------------
Particle: 8:
Relays Coordinates:
185.71, 150.624
207.329, 220.291
138.951, 62.1699
215.707, 217.749
219.547, 258.08
301.327, 222.727
89.4895, 222.715
130.945, 215.459
Evaluation Time: 2.51152 seconds
Resulting Fitness: 0.358333
-------------
Particle: 9:
Relays Coordinates:
100.13, 79.0581
337.82, 257.921
391.068, 413.343
126.509, 135.626
391.452, 326.65
405.521, 252.306
326.907, 266.917
248.273, 208.81
Evaluation Time: 2.54898 seconds
Resulting Fitness: 0.439583
-------------
Particle: 10:
Relays Coordinates:
114.081, 83.8125
326.68, 339.758
510.3, 349.779
127.604, 117.872
383.909, 259.32
377.487, 429.133
447.618, 249.972
249.954, 202.617
Evaluation Time: 3.01331 seconds
Resulting Fitness: 0.472917
-------------
Particle: 11:
Relays Coordinates:
81.3501, 48.2619
281.272, 144.45
337.214, 356.652
68.4357, 87.9673
317.938, 176.967
372.009, 278.394
358.349, 152.738
141.987, 81.9527
Evaluation Time: 2.69343 seconds
Resulting Fitness: 0.391667
-------------
Particle: 12:
Relays Coordinates:
99.7941, 82.2935
351.731, 294.054
572.388, 489.454
130.122, 120.066
544.995, 278.05
467.679, 387.866
495.04, 255.419
243.869, 191.683
Evaluation Time: 3.49299 seconds
Resulting Fitness: 0.502083
-------------
Particle: 13:
Relays Coordinates:
78.6775, 58.2861
196.455, 162.191
246.919, 300.328
111.852, 80.41
326.496, 157.514
266.441, 330.272
248.146, 128.226
156.431, 182.161
Evaluation Time: 2.70032 seconds
Resulting Fitness: 0.385417
-------------
Particle: 14:
Relays Coordinates:
123.188, 160.138
160.138, 160.138
153.756, 18.6964
133.968, 155.989
160.138, 100.276
160.138, 160.138
160.138, 112.837
130.742, 160.138
Evaluation Time: 1.82657 seconds
Resulting Fitness: 0.19375
-------------
Particle: 15:
Relays Coordinates:
73.009, 147.402
217.008, 202.039
322.997, 334.808
92.2296, 88.4663
324.513, 198.248
334.808, 324.981
234.351, 258.256
334.808, 235.343
Evaluation Time: 2.44323 seconds
Resulting Fitness: 0.391667
-------------
Particle: 16:
Relays Coordinates:
270.391, 137.729
60.703, 105.542
240.246, 301.327
301.327, 83.2791
272.994, 228.745
205.339, 137.257
301.327, 151.069
280.828, 112.579
Evaluation Time: 2.41955 seconds
Resulting Fitness: 0.360417
-------------
Particle: 17:
Relays Coordinates:
106.944, 55.5636
171.045, 138.303
162.184, 315.174
75.9463, 84.834
372.009, 199.003
272.191, 248.115
372.009, 176.218
174.484, 143.694
Evaluation Time: 2.40115 seconds
Resulting Fitness: 0.404167
-------------
Particle: 18:
Relays Coordinates:
47.4376, 129.465
357.94, 294.744
488.067, 510.3
112.193, 126.468
478.147, 368.067
327.143, 286.853
163.954, 139.146
222.416, 233.969
Evaluation Time: 3.23748 seconds
Resulting Fitness: 0.529167
New local best!
-------------
Particle: 19:
Relays Coordinates:
96.8105, 176.273
96.1343, 117.743
244.075, 244.075
140.107, 103.008
176.301, 103.568
130.012, 110.526
174.085, 238.629
142.936, 190.52
Evaluation Time: 2.04318 seconds
Resulting Fitness: 0.30625
-------------
Particle: 20:
Relays Coordinates:
152.517, 72.1979
162.74, 158.558
114.537, 176.723
145.7, 111.153
197.701, 178.995
197.701, 116.815
85.767, 197.701
96.8153, 101.649
Evaluation Time: 1.75814 seconds
Resulting Fitness: 0.239583
Current global best fitness: 0.564583
Current global best relays: 111.699, 78.6014
345.839, 264.732
467.64, 496.427
124.014, 137.76
537.404, 273.679
405.37, 374.828
445.174, 245.138
248.814, 211.271
Particle 1 new velocities: -1.19761, -25.9944
81.2921, 29.7828
245.603, 106.428
61.1642, 20.4348
149.512, 14.7381
94.134, 126.012
119.384, -32.185
53.3446, 37.368
Particle 2 new velocities: 203.15, 75.108
252.067, 165.116
384.485, 548.839
89.0357, 126.492
351.182, 359.704
203.173, 342.257
220.084, 340.703
325.532, 161.373
Particle 3 new velocities: 53.5575, 30.5556
88.2461, 174.133
338.289, 675.499
358.882, 265.564
59.0208, 156.411
-146.376, -66.2234
299.34, 116.871
237.306, 202.259
Particle 4 new velocities: 149.953, 640.693
145.681, 283.303
594.746, 292.38
246.904, 440.227
686.29, 405.772
364.109, 306.454
200.836, 353.793
284.997, 118.635
Particle 5 new velocities: 179.028, 248.562
334.794, 355.29
340.549, 248.212
604.704, 399.788
584.714, 263.036
275.947, 49.1959
216.946, 346.369
598.121, 282.534
Particle 6 new velocities: 19.5701, 15.0392
48.6232, 45.0294
87.3199, 91.2461
13.2181, 31.2734
120.598, 44.596
48.2958, 71.2677
95.237, 38.1594
42.0844, 42.1122
Particle 7 new velocities: 241.429, 555.332
372.3, 336.008
434.742, 280.202
407.905, 514.726
484.761, 407.599
186.893, 249.925
132.431, 599.358
477.281, 335.6
Particle 8 new velocities: 533.659, 178.158
210.486, 150.192
235.393, 403.431
496.968, 212.602
595.952, 219.004
47.2825, 482.549
121.255, 258.926
344.011, 192.269
Particle 9 new velocities: 51.4395, 44.6784
195.523, 120.578
374.28, 64.7372
60.6513, 81.9268
331.465, 123.838
416.495, 119.229
201.243, 229.272
137.445, 145.846
Particle 10 new velocities: 25.2772, 15.7879
128.513, 83.2248
-91.6862, 251.186
35.6714, 51.4794
109.143, 80.382
132.308, 93.371
112.149, 79.0056
67.1359, 67.43
Particle 11 new velocities: 124.195, 89.6987
320.546, 286.281
440.06, 351.286
132.552, 94.3733
461.826, 255.881
88.5161, 448.878
318.995, 237.533
160.252, 43.1546
Particle 12 new velocities: -6.90257, -5.43677
-32.7909, -53.6251
-104.327, 8.36784
-13.1071, -16.2858
-50.6612, -35.6339
166.219, -9.15964
-171.415, -14.3467
-14.9444, -4.64444
Particle 13 new velocities: 109.356, 78.2174
351.363, 313.486
770.793, 386.093
209.898, 201.596
600.572, 443.672
543.122, 359.052
402.645, 238.927
321.378, 230.668
Particle 14 new velocities: 369.714, 41.6124
121.588, 261.485
725.097, 133.829
424.746, 597.143
413.347, 489.689
356.394, 82.1572
176.056, 428.724
481.256, 181.054
Particle 15 new velocities: 69.2873, 110.994
209.634, 192.526
328.195, 196.744
107.245, 128.377
352.542, 139.533
17.2983, 497.13
351.905, 180.573
82.7915, 437.029
Particle 16 new velocities: 309.719, 147.885
288.67, 228.821
631.477, -255.47
-208.608, 361.892
479.996, 434.523
219.085, 644.504
143.944, 233.945
337.704, 361.522
Particle 17 new velocities: 73.5929, 72.8387
206.141, 242.979
157.204, 325.493
106.13, 123.718
102.077, 156.017
304.365, 293.151
23.6733, 195.748
131.15, 142.007
Particle 18 new velocities: 38.9885, 18.2361
220.172, 240.292
281.255, -3.31531
101.15, 80.8872
406.792, 122.377
106.855, 143.618
197.887, 72.1246
132.577, 139.289
Particle 19 new velocities: 267.899, 307.378
158.849, 321.075
235.699, 518.833
480.08, 248.301
460.659, 267.598
461.817, 215.247
431.239, 602.445
380.568, 352.502
Particle 20 new velocities: 517.464, 268.705
591.434, 436.835
367.683, 764.139
486.245, 306.509
263.325, 449.387
238.336, 412.21
467.764, 42.2065
240.111, 286.192
-- ITERATION 14 --
-------------
Particle: 1:
Relays Coordinates:
79.5459, 48.9178
302.657, 222.542
510.3, 355.295
113.945, 97.7193
464.894, 173.049
371.607, 360.003
384.83, 156.879
205.234, 168.209
Evaluation Time: 3.1733 seconds
Resulting Fitness: 0.4875
-------------
Particle: 2:
Relays Coordinates:
131.79, 63.39
231.183, 178.631
326.595, 334.808
75.6882, 101.146
296.115, 280.359
241.301, 286.173
249.389, 249.969
250.801, 142.756
Evaluation Time: 2.53253 seconds
Resulting Fitness: 0.395833
-------------
Particle: 3:
Relays Coordinates:
111.265, 48.917
188.599, 275.555
322.122, 413.343
413.343, 376.039
254.519, 224.945
133.234, 180.563
214.032, 176.78
317.104, 259.239
Evaluation Time: 2.72382 seconds
Resulting Fitness: 0.425
-------------
Particle: 4:
Relays Coordinates:
68.6977, 219.667
114.65, 137.966
219.667, 117.84
107.964, 197.136
219.667, 177.569
159.749, 135.751
131.958, 160.31
128.382, 57.9897
Evaluation Time: 1.86534 seconds
Resulting Fitness: 0.270833
-------------
Particle: 5:
Relays Coordinates:
90.0466, 120.229
172.74, 172.594
138.939, 110.604
219.667, 196.888
219.667, 140.583
147.353, 67.6012
144.673, 162.13
219.667, 125.216
Evaluation Time: 1.83488 seconds
Resulting Fitness: 0.260417
-------------
Particle: 6:
Relays Coordinates:
106.328, 75.8489
319.515, 250.907
449.517, 476.015
111.158, 136.917
532.981, 257.803
367.47, 361.338
437.733, 229.471
235.628, 205.241
Evaluation Time: 3.32366 seconds
Resulting Fitness: 0.558333
-------------
Particle: 7:
Relays Coordinates:
96.2392, 188.471
145.22, 122.511
163.016, 134.974
153.559, 197.701
182.47, 162.093
108.621, 93.3717
93.2388, 197.701
186.469, 133.781
Evaluation Time: 1.7565 seconds
Resulting Fitness: 0.241667
-------------
Particle: 8:
Relays Coordinates:
197.701, 92.8576
118.003, 104.635
105.726, 131.499
197.701, 121.544
197.701, 134.743
98.4576, 197.701
59.5206, 136.03
134.142, 115.154
Evaluation Time: 1.82591 seconds
Resulting Fitness: 0.214583
-------------
Particle: 9:
Relays Coordinates:
89.5001, 73.0652
314.934, 223.5
413.343, 282.302
110.516, 128.463
413.343, 266.008
413.343, 219.388
311.867, 292.994
227.763, 209.421
Evaluation Time: 2.64829 seconds
Resulting Fitness: 0.40625
-------------
Particle: 10:
Relays Coordinates:
112.88, 80.6763
368.706, 342.616
339.077, 486.782
132.253, 137.174
399.372, 275.158
412.934, 423.228
453.411, 266.472
256.842, 218.738
Evaluation Time: 3.07929 seconds
Resulting Fitness: 0.44375
-------------
Particle: 11:
Relays Coordinates:
71.6692, 48.1039
209.841, 150.187
244.075, 244.075
70.0801, 63.5782
244.075, 150.925
160.575, 244.075
236.175, 136.079
105.384, 43.6222
Evaluation Time: 2.05735 seconds
Resulting Fitness: 0.310417
-------------
Particle: 12:
Relays Coordinates:
67.7179, 56.0285
232.508, 175.273
341.217, 362.912
85.3042, 75.6561
360.369, 176.722
462.112, 276.077
235.922, 175.742
166.886, 136.351
Evaluation Time: 2.90734 seconds
Resulting Fitness: 0.439583
-------------
Particle: 13:
Relays Coordinates:
123.368, 89.56
359.424, 312.092
459.27, 450.361
211.1, 185.024
459.27, 394.438
459.27, 452.265
426.984, 240.889
313.491, 270.857
Evaluation Time: 2.95965 seconds
Resulting Fitness: 0.49375
-------------
Particle: 14:
Relays Coordinates:
139.21, 56.9801
79.5676, 119.079
197.701, 43.0776
157.797, 197.701
161.969, 166.624
145.884, 68.4312
94.9509, 152.953
172.846, 96.3626
Evaluation Time: 1.8309 seconds
Resulting Fitness: 0.239583
-------------
Particle: 15:
Relays Coordinates:
68.0599, 123.59
204.062, 188.719
311.463, 254.24
95.408, 103.715
323.833, 161.56
168.411, 334.808
280.405, 209.891
199.736, 321.593
Evaluation Time: 2.5329 seconds
Resulting Fitness: 0.422917
-------------
Particle: 16:
Relays Coordinates:
182.045, 89.6288
109.637, 104.926
219.667, 14.3904
29.0963, 139.699
219.667, 208.14
133.189, 219.667
139.731, 120.821
194.102, 148.778
Evaluation Time: 2.01401 seconds
Resulting Fitness: 0.26875
-------------
Particle: 17:
Relays Coordinates:
95.9446, 68.2382
200.452, 202.629
169.736, 340.477
96.7626, 110.833
251.948, 188.672
306.405, 287.651
210.282, 197.678
162.427, 151.833
Evaluation Time: 2.48509 seconds
Resulting Fitness: 0.429167
-------------
Particle: 18:
Relays Coordinates:
70.0051, 119.638
468.271, 433.379
567, 410.658
172.808, 167.958
567, 397.26
351.539, 348.682
293.091, 171.129
287.545, 302.339
Evaluation Time: 3.2528 seconds
Resulting Fitness: 0.5375
New local best!
-------------
Particle: 19:
Relays Coordinates:
103.005, 136.597
72.0148, 123.935
135.502, 197.701
175.159, 99.2201
179.896, 104.828
167.15, 92.0078
170.962, 197.701
147.853, 153.366
Evaluation Time: 1.74247 seconds
Resulting Fitness: 0.252083
-------------
Particle: 20:
Relays Coordinates:
189.223, 96.2811
197.701, 168.156
136.193, 197.701
178.48, 117.96
130.207, 177.474
123.15, 149.412
156.334, 67.7569
95.158, 109.538
Evaluation Time: 1.75087 seconds
Resulting Fitness: 0.233333
Current global best fitness: 0.564583
Current global best relays: 111.699, 78.6014
345.839, 264.732
467.64, 496.427
124.014, 137.76
537.404, 273.679
405.37, 374.828
445.174, 245.138
248.814, 211.271
Particle 1 new velocities: 58.6763, -2.08462
112.384, 112.083
-25.8871, 141.852
33.5176, 77.5223
193.296, 158.854
132.94, 113.323
172.077, 216.059
59.8024, 97.1344
Particle 2 new velocities: 231.383, 89.908
391.956, 276.26
526.858, 51.3426
131.704, 123.516
431.086, 285.733
497.827, 394.877
370.268, 295.627
270.532, 149.44
Particle 3 new velocities: 49.4547, 49.8036
71.9326, 131.097
378.65, 79.2133
-307.602, 41.6096
328.99, 96.8367
-62.6167, 4.82858
45.7648, 72.7674
167.159, 153.053
Particle 4 new velocities: 160.585, 215.206
607.608, 360.631
170.228, 523.871
261.72, 444.757
186.851, 292.618
300.582, 565.489
326.152, 368.761
344.747, 271.408
Particle 5 new velocities: 171.004, 310.101
392.119, 327.245
627.461, 314.914
-3.08761, 408.816
395.153, 238.436
515.604, 116.006
873.963, 327.123
35.123, 244.9
Particle 6 new velocities: 28.4896, 19.1961
96.277, 69.062
109.658, 111.054
31.2102, 25.6394
102.654, 60.6768
87.5048, 80.8077
90.7454, 45.2769
55.1237, 40.0042
Particle 7 new velocities: 288.605, 473.696
494.512, 267.993
696.639, 322.42
330.567, 596.73
478.344, 357.018
354.696, 603.2
494.028, 79.8154
444.76, 462.9
Particle 8 new velocities: 125.905, 195.536
65.8423, 274.291
510.99, 352.765
290.297, 225.802
182.921, 296.264
194.841, 175.117
636.292, 282.336
444.891, 270.479
Particle 9 new velocities: 64.4048, 37.9563
203.638, 205.1
-53.9642, 117.948
107.178, 87.6162
53.2403, 251.362
43.3374, 263.751
315.826, 241.07
164.663, 142.579
Particle 10 new velocities: 10.2059, 9.0395
57.7568, -24.0079
110.149, 165.94
13.8458, 22.1373
165.718, 61.7058
141.319, -8.78934
48.0488, -9.56622
26.175, 22.3001
Particle 11 new velocities: 143.652, 91.5858
369.865, 380.161
632.437, 184.56
213.154, 155.833
444.505, 446.555
435.767, 318.145
624.131, 402.548
294.253, 498.174
Particle 12 new velocities: 46.7975, 5.02628
49.5346, 106.835
-49.5918, 85.2274
64.4195, 57.0523
260.891, 79.4199
240.978, 54.6419
217.854, 8.84164
126.364, 97.1601
Particle 13 new velocities: 73.5409, 45.2483
314.351, 191.145
65.1284, 241.356
83.9488, 44.4235
43.403, 251.167
-10.6824, 233.237
171.785, 181.054
104.071, 92.1471
Particle 14 new velocities: 562.846, 165.352
518.01, 597.687
93.8985, 157.649
622.075, 57.4008
556.066, 472.303
370.504, 427.296
469.727, 477.418
501.676, 200.427
Particle 15 new velocities: 96.665, 138.969
180.647, 221.01
357.093, 598.61
100.312, 139.065
502.656, 260.903
331.139, 133.403
264.965, 525.46
428.349, 345.452
Particle 16 new velocities: 282.813, 119.014
300.62, 37.439
239.236, 450.308
102.11, 493.134
95.4461, 517.965
154.12, 68.974
287.741, 117.001
305.887, 336.631
Particle 17 new velocities: 66.9287, 69.1156
455.77, 294.714
500.892, 398.91
109.05, 89.0127
413.021, 223.961
407.2, 253.098
220.985, 209.074
185.413, 151.499
Particle 18 new velocities: 37.7252, -31.4548
30.3147, 147.6
-53.1578, 26.0227
60.4288, 35.9505
-15.4344, 26.9785
137.921, 125.275
281.993, 89.477
81.8298, 100.109
Particle 19 new velocities: 283.343, 771.46
282.099, 329.022
467.382, 687.42
615.694, 243.974
306.348, 368.438
622.363, 337.428
564.626, 205.21
437.275, 498.029
Particle 20 new velocities: 425.896, 244.807
41.745, 417.491
609.279, 63.7106
382.803, 271.288
612.388, 498.422
653.877, 378.768
530.148, 259.018
264.82, 269.454
-- ITERATION 15 --
-------------
Particle: 1:
Relays Coordinates:
124.4, 42.1499
373.537, 301.163
435.972, 447.432
132.716, 157.717
592.371, 298.713
454.092, 425.994
501.216, 335.644
238.533, 238.809
Evaluation Time: 3.34576 seconds
Resulting Fitness: 0.483333
-------------
Particle: 2:
Relays Coordinates:
173.705, 73.322
298.046, 217.573
334.808, 184.695
99.195, 107.455
334.808, 270.76
334.808, 325.744
296.38, 260.957
249.352, 139.756
Evaluation Time: 2.53157 seconds
Resulting Fitness: 0.383333
-------------
Particle: 3:
Relays Coordinates:
105.448, 64.7706
170.935, 266.805
459.27, 323.166
69.3767, 274.02
382.84, 211.121
46.3319, 121.636
170.453, 163.728
317.725, 270.505
Evaluation Time: 2.71069 seconds
Resulting Fitness: 0.45
-------------
Particle: 4:
Relays Coordinates:
71.9512, 136.468
219.667, 156.465
122.353, 201.376
116.011, 201.433
127.57, 147.549
144.457, 219.667
143.76, 166.028
148.473, 103.369
Evaluation Time: 1.8803 seconds
Resulting Fitness: 0.245833
-------------
Particle: 5:
Relays Coordinates:
81.9204, 135.042
177.259, 156.855
219.667, 133.532
67.965, 190.076
192.937, 118.94
208.043, 57.6179
219.667, 153.533
79.9559, 116.147
Evaluation Time: 1.87292 seconds
Resulting Fitness: 0.229167
-------------
Particle: 6:
Relays Coordinates:
109.202, 76.9864
336.791, 259.175
452.932, 475.526
115.319, 131.671
514.864, 257.969
368.529, 358.138
428.067, 222.545
235.508, 198.648
Evaluation Time: 3.26798 seconds
Resulting Fitness: 0.545833
-------------
Particle: 7:
Relays Coordinates:
88.04, 151.483
146.35, 89.3349
160.138, 104.637
110.753, 160.138
151.173, 118.756
105.992, 159.353
134.348, 63.4868
144.405, 136.501
Evaluation Time: 1.7494 seconds
Resulting Fitness: 0.185417
-------------
Particle: 8:
Relays Coordinates:
112.834, 100.557
64.103, 132.123
215.035, 168.852
170.154, 121.112
132.714, 150.283
102.267, 129.993
242.615, 145.875
201.896, 134.462
Evaluation Time: 1.84763 seconds
Resulting Fitness: 0.254167
-------------
Particle: 9:
Relays Coordinates:
100.977, 72.8412
340.235, 281.205
235.788, 262.604
142.829, 141.769
306.125, 339.447
299.628, 316.987
411.829, 350.399
257.471, 230.947
Evaluation Time: 2.41892 seconds
Resulting Fitness: 0.4
-------------
Particle: 10:
Relays Coordinates:
72.6812, 52.9763
251.822, 188.135
265.264, 385.425
86.2697, 94.072
333.68, 198.915
327.281, 244.722
296.107, 151.7
167.119, 142.331
Evaluation Time: 2.7168 seconds
Resulting Fitness: 0.44375
-------------
Particle: 11:
Relays Coordinates:
92.6887, 60.1318
249.545, 228.297
301.327, 184.513
121.923, 94.4492
296.411, 257.196
256.706, 242.017
301.327, 231.861
172.031, 233.225
Evaluation Time: 2.4391 seconds
Resulting Fitness: 0.379167
-------------
Particle: 12:
Relays Coordinates:
92.7575, 49.4544
228.454, 228.507
236.216, 362.993
121.276, 107.494
503.221, 207.475
567, 267.882
367.559, 149.513
237.533, 189.144
Evaluation Time: 3.25751 seconds
Resulting Fitness: 0.525
-------------
Particle: 13:
Relays Coordinates:
116.273, 79.6029
397.857, 297.156
309.652, 408.452
174.223, 135.486
296.823, 381.223
264.886, 404.782
353.567, 249.153
246.566, 214.35
Evaluation Time: 2.86839 seconds
Resulting Fitness: 0.447917
-------------
Particle: 14:
Relays Coordinates:
271.194, 86.136
231.514, 271.194
112.971, 77.7656
271.194, 98.8316
271.194, 247.533
200.059, 192.055
218.768, 244.219
261.324, 114.982
Evaluation Time: 2.1677 seconds
Resulting Fitness: 0.347917
-------------
Particle: 15:
Relays Coordinates:
78.7874, 125.581
184.005, 195.972
319.768, 334.808
93.6121, 116.121
334.808, 202.063
238.933, 223.944
260.848, 334.808
300.412, 319.046
Evaluation Time: 2.53999 seconds
Resulting Fitness: 0.43125
-------------
Particle: 16:
Relays Coordinates:
162.086, 72.7491
143.048, 49.6398
160.01, 162.031
45.7488, 220.656
109.873, 244.075
100.178, 100.643
149.05, 82.9234
174.335, 169.252
Evaluation Time: 1.84301 seconds
Resulting Fitness: 0.239583
-------------
Particle: 17:
Relays Coordinates:
106.861, 90.1178
430.547, 326.307
439.999, 459.27
135.034, 131.119
436.287, 270.729
459.27, 354.785
282.954, 266.87
228.217, 199.016
Evaluation Time: 3.08576 seconds
Resulting Fitness: 0.470833
New local best!
-------------
Particle: 18:
Relays Coordinates:
63.6137, 52.071
294.41, 343.063
303.419, 257.855
137.724, 120.406
325.694, 250.509
289.021, 279.867
339.582, 153.885
218.112, 237.641
Evaluation Time: 2.59838 seconds
Resulting Fitness: 0.404167
-------------
Particle: 19:
Relays Coordinates:
98.2045, 177.931
90.011, 115.136
153.245, 177.931
177.931, 87.2354
123.597, 120.298
177.931, 109.157
177.931, 102.415
148.732, 165.576
Evaluation Time: 1.74539 seconds
Resulting Fitness: 0.2125
-------------
Particle: 20:
Relays Coordinates:
173.728, 96.3332
67.6265, 165.404
197.701, 73.8303
158.523, 109.935
197.701, 190.893
197.701, 149.174
193.883, 92.291
101.668, 107.038
Evaluation Time: 1.81522 seconds
Resulting Fitness: 0.247917
Current global best fitness: 0.564583
Current global best relays: 111.699, 78.6014
345.839, 264.732
467.64, 496.427
124.014, 137.76
537.404, 273.679
405.37, 374.828
445.174, 245.138
248.814, 211.271
Particle 1 new velocities: 24.2904, 123.15
28.4047, 33.7109
109.369, 141.513
-41.3737, -24.8769
97.4617, 67.9153
93.4683, -42.8209
6.1952, 16.0924
42.2561, 41.0368
Particle 2 new velocities: 154.898, 84.376
329.222, 273.651
203.734, 519.495
94.1901, 129.793
-1.92686, 243.31
119.968, 335.185
435.183, 273.995
264.344, 205.582
Particle 3 new velocities: 44.9584, -8.94623
-81.7268, 101.582
-148.705, 300.715
288.87, 65.2775
325.529, 146.657
49.8633, 249.108
137.824, 49.5218
134.166, 106.451
Particle 4 new velocities: 168.43, 378.631
66.575, 320.153
455.92, 650.736
219.606, 478.328
229.744, 348.872
489.398, 115.869
513.346, 445.178
311.188, 245.476
Particle 5 new velocities: 643.256, 320.543
307.379, 339.067
142.204, 288.172
596.613, 331.159
540.236, 305.244
618.431, 267.431
577.689, 383.2
628.204, 268.074
Particle 6 new velocities: 24.5563, 16.211
87.5483, 63.7659
106.231, 114.522
33.9509, 34.7562
133.814, 66.5182
167.387, 99.5797
100.989, 77.1622
49.219, 62.4288
Particle 7 new velocities: 266.053, 787.286
561.191, 193.057
104.361, 327.172
278.755, 495.863
485.301, 391.481
474.727, 554.472
850.052, 355.972
572.81, 444.975
Particle 8 new velocities: 803.771, 225.102
109.809, 365.25
296.349, 426.686
562.501, 197.863
648.457, 293.379
631.728, 350.339
508.228, 286.971
514.898, 253.708
Particle 9 new velocities: 39.2783, 62.9477
182.942, 165.601
22.8196, 292.973
71.0103, 80.1333
132.134, 166.091
400.443, 406.821
195.862, 94.6784
129.968, 90.9695
Particle 10 new velocities: 47.8119, 72.6859
148.639, 212.331
468.377, 286.844
109.195, 54.3869
415.754, 204.571
159.018, 234.258
247.2, 155.554
120.17, 114.02
Particle 11 new velocities: 137.754, 115.923
455.908, 361.811
148.515, 930.632
174.563, 181.007
641.389, 397.325
889.909, 561.436
229.788, 338.477
308.811, 347.725
Particle 12 new velocities: 62.5159, 44.0943
175.931, 139.808
508.5, 309.609
52.8431, 64.2817
248.455, 143.166
42.0492, 162.774
253.804, 123.446
101.381, 77.8313
Particle 13 new velocities: 55.2158, 37.3152
196.349, 118.718
289.968, 177.232
52.0081, 45.4073
467.792, 112.305
352.179, 182.168
80.3268, 111.7
74.8162, 99.8543
Particle 14 new velocities: 39.8985, 349.329
545.214, 9.71374
33.1772, 122.419
-65.1294, 640.569
-122.82, 328.181
403.043, 540.618
480.519, 380.906
357.505, 177.88
Particle 15 new velocities: 97.1795, 127.133
151.806, 304.858
452.784, 216.783
117.736, 109.406
103.081, 285.803
374.3, 481.229
304.258, -110.466
442.041, 332.786
Particle 16 new velocities: 413.123, 167.275
432.028, 33.7274
490.362, 414.484
356.09, 385.872
340.18, 33.975
417.176, 456.446
913.938, 120.721
237.282, 391.34
Particle 17 new velocities: 58.6535, 45.7397
302.658, 212.036
417.587, 32.668
81.7772, 73.2578
372.024, 179.89
-2.34514, 204.301
283.062, 163.067
157.579, 124.456
Particle 18 new velocities: 63.1784, 89.083
123.557, 186.406
265.125, 397.764
77.5578, 102.675
392.035, 237.33
205.729, 262.834
278.075, 183.812
139.593, 149.309
Particle 19 new velocities: 251.899, 341.938
368.398, 368.453
797.819, 647.181
76.1929, 309.464
700.883, 447.559
273.894, 545.168
150.131, 338.375
412.267, 473.951
Particle 20 new velocities: 487.292, 226.262
447.447, 488.843
517.732, 324.912
336.505, 295.64
139.288, 478.245
166.487, 482.414
503.018, 547.427
216.933, 273.645
-- ITERATION 16 --
-------------
Particle: 1:
Relays Coordinates:
108.395, 120.503
293.015, 244.123
397.554, 429.341
66.5888, 96.8407
502.888, 267.272
399.172, 279.333
369.903, 256.416
204.695, 204.007
Evaluation Time: 2.99782 seconds
Resulting Fitness: 0.472917
-------------
Particle: 2:
Relays Coordinates:
157.17, 75.4265
300.02, 234.951
257.583, 334.808
92.4955, 113.475
159.216, 245.878
217.518, 316.12
334.808, 255.866
245.699, 165.174
Evaluation Time: 2.6822 seconds
Resulting Fitness: 0.422917
-------------
Particle: 3:
Relays Coordinates:
79.9321, 29.6673
47.4088, 195.776
165.047, 331.556
190.387, 180.316
372.009, 190.138
51.1221, 197.028
163.831, 113.33
240.154, 200.33
Evaluation Time: 2.57881 seconds
Resulting Fitness: 0.385417
-------------
Particle: 4:
Relays Coordinates:
61.1016, 130.931
72.759, 121.15
146.989, 177.931
85.3092, 172.786
90.8242, 126.184
161.117, 85.2889
167.028, 155.36
116.84, 88.6718
Evaluation Time: 1.68103 seconds
Resulting Fitness: 0.2125
-------------
Particle: 5:
Relays Coordinates:
177.931, 115.803
123.188, 126.057
91.9828, 107.191
168.927, 132.491
177.931, 107.822
177.931, 82.6231
177.931, 136.43
177.931, 97.6637
Evaluation Time: 1.64377 seconds
Resulting Fitness: 0.208333
-------------
Particle: 6:
Relays Coordinates:
120.383, 83.8777
381.905, 290.647
503.246, 531.043
134.342, 149.784
583.811, 292.038
482.324, 411.946
476.151, 269.737
256.255, 234.969
Evaluation Time: 4.08621 seconds
Resulting Fitness: 0.570833
New local best!
New global best!
-------------
Particle: 7:
Relays Coordinates:
100.006, 197.701
197.701, 79.7559
74.7022, 121.956
110.008, 185.274
179.759, 144.106
164.012, 197.701
197.701, 118.467
197.701, 164.226
Evaluation Time: 1.73107 seconds
Resulting Fitness: 0.24375
-------------
Particle: 8:
Relays Coordinates:
197.701, 91.9755
49.1179, 140.473
144.43, 168.198
197.701, 90.088
197.701, 125.303
197.701, 135.66
197.701, 122.248
197.701, 109.631
Evaluation Time: 1.76686 seconds
Resulting Fitness: 0.2125
-------------
Particle: 9:
Relays Coordinates:
74.5374, 72.1638
278.038, 237.451
137.435, 295.256
113.643, 117.928
232.909, 268.663
372.009, 372.009
322.952, 236.533
205.901, 171.08
Evaluation Time: 2.96703 seconds
Resulting Fitness: 0.44375
-------------
Particle: 10:
Relays Coordinates:
64.035, 66.782
212.822, 212.824
372.009, 357.272
103.878, 78.8972
372.009, 214.429
258.439, 254.549
288.735, 163.288
152.677, 136.235
Evaluation Time: 2.57634 seconds
Resulting Fitness: 0.410417
-------------
Particle: 11:
Relays Coordinates:
99.1982, 75.7858
301.327, 254.022
193.642, 301.327
127.627, 118.575
301.327, 281.75
301.327, 301.327
228.628, 245.512
206.987, 250.08
Evaluation Time: 2.4269 seconds
Resulting Fitness: 0.377083
-------------
Particle: 12:
Relays Coordinates:
91.6874, 55.2396
238.785, 217.486
413.343, 397.165
102.816, 101.432
413.343, 207.05
359.637, 254.298
366.909, 161.179
200.125, 157.646
Evaluation Time: 2.86788 seconds
Resulting Fitness: 0.435417
-------------
Particle: 13:
Relays Coordinates:
125.015, 85.2333
433.176, 303.172
437.123, 426.963
164.923, 131.872
510.3, 359.783
449.841, 427.887
316.309, 263.062
234.288, 229.055
Evaluation Time: 3.07038 seconds
Resulting Fitness: 0.48125
-------------
Particle: 14:
Relays Coordinates:
133.915, 187.453
301.327, 120.922
62.9122, 86.1729
88.7042, 301.327
63.8701, 247.826
259.616, 301.327
301.02, 269.096
266.386, 126.068
Evaluation Time: 2.5299 seconds
Resulting Fitness: 0.414583
-------------
Particle: 15:
Relays Coordinates:
84.1644, 120.872
160.618, 239.545
334.808, 263.824
101.087, 107.869
209.441, 233.345
293.308, 334.808
270.289, 107.302
334.808, 311.769
Evaluation Time: 2.4395 seconds
Resulting Fitness: 0.402083
-------------
Particle: 16:
Relays Coordinates:
162.456, 67.7899
162.418, 23.5453
183.684, 162.825
113.491, 171.301
127.108, 78.5295
146.116, 157.338
197.701, 57.5153
116.253, 158.328
Evaluation Time: 1.71232 seconds
Resulting Fitness: 0.2125
-------------
Particle: 17:
Relays Coordinates:
108.594, 89.1361
459.27, 353.207
459.27, 322.761
142.25, 134.091
459.27, 295.651
299.788, 366.816
371.363, 282.082
253.121, 212.23
Evaluation Time: 2.72188 seconds
Resulting Fitness: 0.44375
-------------
Particle: 18:
Relays Coordinates:
83.1883, 92.6112
274.228, 347.385
373.022, 430.152
141.246, 146.363
459.27, 320.071
324.605, 356.066
405.244, 221.563
234.69, 253.878
Evaluation Time: 2.96799 seconds
Resulting Fitness: 0.460417
-------------
Particle: 19:
Relays Coordinates:
109.866, 163.14
143.854, 151.755
219.667, 219.667
79.7467, 124.489
219.667, 178.2
141.787, 205.334
102.949, 138.325
176.047, 200.69
Evaluation Time: 1.91289 seconds
Resulting Fitness: 0.272917
-------------
Particle: 20:
Relays Coordinates:
186.692, 91.1104
145.472, 184.779
197.701, 112.617
139.811, 114.546
95.1754, 188.984
102.857, 178.379
196.825, 180.675
89.9823, 107.516
Evaluation Time: 1.80538 seconds
Resulting Fitness: 0.247917
Current global best fitness: 0.570833
Current global best relays: 120.383, 83.8777
381.905, 290.647
503.246, 531.043
134.342, 149.784
583.811, 292.038
482.324, 411.946
476.151, 269.737
256.255, 234.969
Particle 1 new velocities: 29.8172, 53.6788
107.116, 75.9634
236.678, 207.521
-23.0417, 25.5103
116.856, 23.1107
157.086, 115.54
146.928, 19.63
79.9534, 39.577
Particle 2 new velocities: 105.366, 73.4177
311.778, 393.88
556.59, 211.745
88.4324, 144.912
308.004, 239.87
244.342, 361.739
148.275, 232.591
218.859, 230.214
Particle 3 new velocities: 128.734, -6.18959
67.1084, 183.039
143.834, 342.248
491.953, 333.431
50.2591, 184.425
454.773, 248.144
95.8181, 90.2467
258.966, 164.761
Particle 4 new velocities: 238.528, 445.631
486.625, 346.218
544.672, 319.207
233.508, 414.944
778.752, 444.269
708.41, 571.777
839.129, 429.636
297.585, 325.639
Particle 5 new velocities: -17.9064, 287.764
566.013, 425.497
292.921, 540.511
739.631, 417.961
661.734, 481.67
266.431, 471.184
571.061, 513.105
57.1229, 381.963
Particle 6 new velocities: 19.6451, 12.9688
70.0387, 51.0127
84.9845, 91.6174
27.1607, 27.805
107.052, 53.2146
133.909, 79.6638
80.7914, 61.7298
39.3752, 49.9431
Particle 7 new velocities: 322.511, 82.5494
-45.4852, 176.622
354.48, 671.053
426.741, 988.232
655.523, 399.164
567.237, 243.54
160.232, 503.305
97.4176, 431.885
Particle 8 new velocities: 593.194, 207.63
90.3873, 378.946
177.752, 756.406
65.3826, 339.325
469.24, 295.495
345.569, 548.733
189.959, 419.41
330.03, 308.061
Particle 9 new velocities: 72.4364, 82.3706
324.993, 259.807
417, 261.255
119.386, 147.525
314.086, 279.815
222.758, 95.0364
191.974, 101.578
198.87, 164.699
Particle 10 new velocities: 62.9066, 69.6737
409.875, 274.832
41.9429, 478.702
103.716, 108.097
322.968, 189.337
371.722, 417.454
285.542, 239.159
261.534, 220.407
Particle 11 new velocities: 118.897, 96.3495
82.8191, 340.65
553.405, 152.004
146.997, 175.06
488.951, 348.694
282.868, 31.0791
493.909, 298.053
313.07, 259.95
Particle 12 new velocities: 59.5862, 94.683
267.741, 199.492
70.3638, 424.068
65.2858, 105.728
156.696, 208.133
452.413, 385.115
239.437, 172.36
127.066, 114.152
Particle 13 new velocities: 36.5145, 24.444
120.125, 87.6053
401.392, 35.5868
38.0005, 49.6107
-6.50875, -5.50818
304.635, 148.955
190.56, 78.7091
66.6981, 85.7004
Particle 14 new velocities: 114.232, 232.675
154.049, 305.762
249.156, 269.767
190.776, 68.2305
263.971, 204.597
504.286, -25.1071
546.23, 283.479
262.814, 238.479
Particle 15 new velocities: 114.262, 162.806
328.034, 296.474
94.7999, 855.518
113.865, 110.405
357.913, 257.961
456.27, 298.164
441.424, 257.72
-46.3528, 421.013
Particle 16 new velocities: 483.093, 286.332
561.497, 228.883
778.575, 762.212
533.024, 480.226
290.347, 137.629
632.373, 731.877
309.837, 154.809
332.051, 371.546
Particle 17 new velocities: 53.6222, 31.5948
-69.4811, 117.072
24.594, 279.911
57.5202, 71.3513
26.4807, 106.231
138.083, 189.75
149.196, 115.171
87.829, 100.904
Particle 18 new velocities: 48.8833, 103.751
329.999, 119.044
585.957, 356.279
108.172, 107.844
182.269, 250.844
374.19, 234.346
60.7491, 96.6142
214.401, 172.229
Particle 19 new velocities: 277.62, 479.274
520.759, 151.176
131.33, 603.002
337.893, 363.638
226.85, 376.005
583.305, 648.167
276.074, 423.334
335.309, 436.125
Particle 20 new velocities: 368.856, 200.868
458.579, 518
255.243, 763.003
407.494, 305.674
799.967, 501.817
778.179, 674.296
481.174, 637.918
355.084, 281.076
-- ITERATION 17 --
-------------
Particle: 1:
Relays Coordinates:
81.6131, 102.853
236.273, 189.008
374.507, 376.061
25.7141, 72.2471
365.952, 171.468
328.465, 233.168
305.183, 163.002
168.082, 143.834
Evaluation Time: 2.87617 seconds
Resulting Fitness: 0.427083
-------------
Particle: 2:
Relays Coordinates:
125.57, 71.1917
292.621, 300.768
334.808, 261.414
86.5372, 123.586
223.47, 232.332
220.906, 324.218
231.057, 233.627
222.197, 189.113
Evaluation Time: 2.76755 seconds
Resulting Fitness: 0.408333
-------------
Particle: 3:
Relays Coordinates:
99.8041, 11.2293
54.7732, 181.186
147.737, 322.278
326.361, 245.724
201.969, 179.153
241.968, 212.925
124.189, 97.3699
238.727, 174.622
Evaluation Time: 2.68354 seconds
Resulting Fitness: 0.4
-------------
Particle: 4:
Relays Coordinates:
76.1617, 146.554
142.188, 118.799
175.811, 126.366
81.0391, 149.393
177.931, 145.001
177.931, 167.017
177.931, 148.698
105.341, 105.312
Evaluation Time: 1.83788 seconds
Resulting Fitness: 0.214583
-------------
Particle: 5:
Relays Coordinates:
55.797, 140.715
240.31, 192.315
134.208, 225.84
244.075, 191.931
244.075, 205.543
154.939, 193.1
244.075, 226.479
81.9581, 167.235
Evaluation Time: 2.1622 seconds
Resulting Fitness: 0.2875
-------------
Particle: 6:
Relays Coordinates:
126.025, 87.1618
406.75, 307.494
529.408, 560.395
145.353, 159.83
621.776, 310.728
554.61, 442.449
501.248, 298.32
266.067, 256.421
Evaluation Time: 4.13061 seconds
Resulting Fitness: 0.452083
-------------
Particle: 7:
Relays Coordinates:
202.089, 134.043
72.8042, 122.625
205.277, 334.808
256.725, 334.808
334.808, 259.844
334.808, 211.044
171.198, 297.392
141.154, 285.118
Evaluation Time: 2.64969 seconds
Resulting Fitness: 0.40625
-------------
Particle: 8:
Relays Coordinates:
197.701, 84.6174
39.4004, 146.699
90.9938, 197.701
74.3025, 121.279
188.364, 118.846
153.435, 193.293
109.487, 152.98
149.047, 117.968
Evaluation Time: 1.71267 seconds
Resulting Fitness: 0.222917
-------------
Particle: 9:
Relays Coordinates:
96.4295, 101.39
395.649, 326.251
363.765, 365.127
152.89, 174.164
358.883, 359.857
390.227, 306.428
337.843, 221.834
265.57, 220.305
Evaluation Time: 2.6767 seconds
Resulting Fitness: 0.41875
-------------
Particle: 10:
Relays Coordinates:
67.462, 72.5182
330.926, 259.16
219.991, 372.009
110.324, 99.3765
369.339, 214.578
334.894, 357.13
305.195, 213.877
220.128, 189.534
Evaluation Time: 2.92514 seconds
Resulting Fitness: 0.439583
-------------
Particle: 11:
Relays Coordinates:
104.314, 82.3318
183.736, 284.43
334.808, 216.827
131.352, 140.445
334.808, 301.539
279.419, 158.989
334.808, 259.985
248.742, 243.946
Evaluation Time: 2.58188 seconds
Resulting Fitness: 0.395833
-------------
Particle: 12:
Relays Coordinates:
89.3255, 88.5278
299.099, 246.221
285.624, 413.343
99.2622, 122.326
336.602, 245.161
413.343, 377.567
358.041, 196.951
193.203, 160.494
Evaluation Time: 2.6747 seconds
Resulting Fitness: 0.460417
-------------
Particle: 13:
Relays Coordinates:
117.755, 79.9548
403.356, 284.877
510.3, 337.199
147.931, 132.3
367.264, 258.266
510.3, 420.517
369.507, 249.151
219.419, 229.457
Evaluation Time: 3.2143 seconds
Resulting Fitness: 0.460417
-------------
Particle: 14:
Relays Coordinates:
77.8713, 131.841
142.902, 133.898
97.9303, 111.698
87.7037, 115.971
102.88, 141.975
219.667, 86.6808
219.667, 173.404
166.069, 114.399
Evaluation Time: 1.86912 seconds
Resulting Fitness: 0.260417
-------------
Particle: 15:
Relays Coordinates:
76.8746, 109.903
189.314, 207.665
166.439, 271.194
83.2767, 84.5638
219.805, 190.342
271.194, 245.226
271.194, 141.417
111.753, 271.194
Evaluation Time: 2.53327 seconds
Resulting Fitness: 0.352083
-------------
Particle: 16:
Relays Coordinates:
202.58, 111.127
219.667, 79.2148
219.667, 219.667
202.883, 204.456
131.002, 67.8329
219.667, 219.667
159.271, 66.6296
140.682, 166.28
Evaluation Time: 1.91666 seconds
Resulting Fitness: 0.25625
-------------
Particle: 17:
Relays Coordinates:
118.256, 88.0128
284.156, 342.833
352.737, 439.347
145.632, 149.768
354.112, 292.972
319.208, 405.737
379.488, 289.597
248.553, 228.275
Evaluation Time: 2.59482 seconds
Resulting Fitness: 0.427083
-------------
Particle: 18:
Relays Coordinates:
77.9869, 115.95
356.79, 275.421
413.343, 413.343
147.279, 150.107
378.822, 337.12
412.632, 348.632
275.164, 187.881
265.184, 251.612
Evaluation Time: 2.62415 seconds
Resulting Fitness: 0.435417
-------------
Particle: 19:
Relays Coordinates:
88.6444, 146.964
152.042, 69.3009
80.297, 160.138
95.5426, 111.668
102.149, 126.784
160.138, 160.138
86.7085, 128.49
116.982, 145.683
Evaluation Time: 1.67491 seconds
Resulting Fitness: 0.210417
-------------
Particle: 20:
Relays Coordinates:
141.213, 74.2171
153.542, 177.931
115.132, 177.931
139.117, 106.814
177.931, 175.592
177.931, 177.931
172.338, 177.931
113.13, 98.7749
Evaluation Time: 1.82482 seconds
Resulting Fitness: 0.23125
Current global best fitness: 0.570833
Current global best relays: 120.383, 83.8777
381.905, 290.647
503.246, 531.043
134.342, 149.784
583.811, 292.038
482.324, 411.946
476.151, 269.737
256.255, 234.969
Particle 1 new velocities: 42.8468, 31.8228
332.687, 74.3607
319.863, 312.727
82.5382, 124.613
115.345, 186.26
398.682, 293.941
371.88, 93.6194
188.413, 134.915
Particle 2 new velocities: 134.458, 76.6926
322.922, 371.822
259.473, 601.045
116.729, 113.163
577.961, 318.09
344.483, 315.54
386.511, 308.4
221.039, 224.716
Particle 3 new velocities: 124.14, 28.7337
85.0952, 270.279
554.498, 528.025
292.943, 198.964
538.327, 268.246
506.963, 296.283
257.255, 275.257
343.403, 186.218
Particle 4 new velocities: 268.718, 395.491
396.054, 411.51
643.541, 671.03
232.419, 570.641
-41.7753, 474.767
-64.3983, 743.166
126.458, 443.646
310.012, 236.031
Particle 5 new velocities: 409.53, 202.001
375.444, 317.063
313.484, 733.199
234.19, 339.242
678.643, 339.449
429.997, 472.037
473.785, 411.891
251.636, 330.818
Particle 6 new velocities: 5.7027, 8.01868
6.62905, 8.2012
35.8405, 35.2996
-2.40754, 5.14058
-21.2004, 10.6562
32.5829, 41.8438
30.2635, 36.3096
21.8296, 0.602555
Particle 7 new velocities: 126.999, 330.937
183.061, 167.214
325.369, 95.2218
330.712, 104.768
150.244, 294.997
-64.4719, 379.116
325.171, 384.922
183.425, 328.596
Particle 8 new velocities: 458.95, 232.47
343.764, 420.414
228.172, 186.291
556.071, 309.334
693.387, 262.261
630.512, 470.868
313.169, 368.227
839.046, 303.081
Particle 9 new velocities: 68.4247, 52.0254
199.743, 154.526
381.941, 240.14
78.3254, 84.1229
297.016, 198.432
243.585, 152.819
174.464, 201.5
156.193, 171.055
Particle 10 new velocities: 114.631, 72.059
337.967, 242.411
287.401, 247.033
126.659, 145.667
592.824, 255.196
552.778, 396.879
351.469, 242.181
279.44, 206.827
Particle 11 new velocities: 118.052, 77.9828
381.864, 271.581
503.309, 428.762
113.841, 122.511
391.526, 264.059
438.596, 460.617
319.062, 234.838
263.09, 198.193
Particle 12 new velocities: 52.8042, 63.8713
311.411, 190.837
630.567, 48.9007
79.0384, 70.564
453.159, 212.183
300.215, 304.286
346.404, 185.456
141.242, 108.855
Particle 13 new velocities: 28.8342, 24.1622
71.4964, 42.1063
-6.14237, 148.685
84.892, 54.371
134.772, 80.6391
-54.0779, 119.836
187.266, 37.8663
79.2637, 82.6951
Particle 14 new velocities: 565.629, 257.566
436.881, 565.725
336.296, 265.866
387.471, 351.059
749.525, 210.485
280.653, 173.083
180.949, 317.178
262.768, 445.22
Particle 15 new velocities: 139.159, 112.074
284.807, 426.027
668.435, 474.22
142.171, 185.583
328.568, 381.888
177.301, 360.78
72.5839, 332.505
455.321, 124.306
Particle 16 new velocities: 447.924, 283.452
-4.94776, 330.956
222.89, 154.744
379.79, 462.292
586.648, 478.616
205.332, 205.165
705.437, 221.178
398.008, 395.698
Particle 17 new velocities: 30.9062, 25.2413
102.084, 62.0526
243.276, 322.424
27.8362, 38.1396
308.111, 79.751
245.702, 154.646
148.723, 54.5605
72.2514, 43.4285
Particle 18 new velocities: 83.7162, 59.4801
340.974, 292.115
145.05, 53.3383
110.34, 100.642
184.745, 177.328
303.917, 258.113
243.397, 160.371
181.891, 161.758
Particle 19 new velocities: 380.657, 538.778
540.845, 233.151
740.502, 626.622
457.66, 391.665
581.749, 509.948
141.695, 210.54
439.873, 541.136
379.467, 519.519
Particle 20 new velocities: 500.391, 249.041
512.313, 49.4605
654.359, 307.745
475.859, 343.337
395.622, 470.074
177.402, 162.856
554.354, 225.766
374.141, 237.02
-- ITERATION 18 --
-------------
Particle: 1:
Relays Coordinates:
66.1431, 71.5721
302.369, 139.965
369.017, 366.05
57.5297, 104.62
255.781, 190.111
372.009, 280.128
359.819, 136.379
189.456, 148.139
Evaluation Time: 2.60676 seconds
Resulting Fitness: 0.447917
-------------
Particle: 2:
Relays Coordinates:
124.371, 70.7326
294.412, 321.698
284.243, 334.808
97.2216, 113.236
334.808, 263.265
270.424, 305.994
295.381, 259.25
211.998, 197.933
Evaluation Time: 2.5937 seconds
Resulting Fitness: 0.3875
-------------
Particle: 3:
Relays Coordinates:
86.7607, 15.4825
54.1879, 174.907
271.194, 271.194
239.931, 172.281
271.194, 173.331
271.194, 197.278
147.779, 144.363
225.529, 139.797
Evaluation Time: 2.3443 seconds
Resulting Fitness: 0.36875
-------------
Particle: 4:
Relays Coordinates:
97.4041, 153.09
152.015, 149.775
197.701, 197.701
88.5299, 197.701
38.4543, 175.041
32.0649, 197.701
85.9683, 167.295
117.308, 96.4054
Evaluation Time: 1.84022 seconds
Resulting Fitness: 0.254167
-------------
Particle: 5:
Relays Coordinates:
118.28, 87.114
156.516, 129.477
113.797, 177.931
121.568, 135.017
177.931, 138.53
148.683, 169.069
177.931, 162.265
84.7951, 126.599
Evaluation Time: 1.72721 seconds
Resulting Fitness: 0.2125
-------------
Particle: 6:
Relays Coordinates:
118.555, 85.6625
372.041, 284.125
508.723, 536.125
128.651, 148.474
540.518, 289.245
528.474, 435.863
478.361, 301.167
259.107, 231.321
Evaluation Time: 3.73961 seconds
Resulting Fitness: 0.527083
-------------
Particle: 7:
Relays Coordinates:
127.495, 180.143
99.1273, 112.289
205.583, 166.602
227.585, 170.301
187.919, 214.957
104.734, 228.64
192.304, 264.342
125.749, 237.765
Evaluation Time: 2.04039 seconds
Resulting Fitness: 0.3
-------------
Particle: 8:
Relays Coordinates:
185.458, 89.5549
108.217, 160.17
90.1419, 108.451
178.036, 121.618
197.701, 107.636
197.701, 187.579
119.37, 147.204
197.701, 118.917
Evaluation Time: 1.83604 seconds
Resulting Fitness: 0.247917
-------------
Particle: 9:
Relays Coordinates:
108.161, 100.656
390.636, 315.437
459.27, 397.116
151.7, 169.462
430.336, 366.293
415.844, 301.312
336.125, 277.75
276.719, 256.771
Evaluation Time: 2.73296 seconds
Resulting Fitness: 0.416667
-------------
Particle: 10:
Relays Coordinates:
87.0944, 69.1508
319.93, 239.9
242.684, 296.086
113.348, 117.203
334.808, 224.691
334.808, 334.808
314.08, 218.131
238.942, 189.578
Evaluation Time: 2.49603 seconds
Resulting Fitness: 0.395833
-------------
Particle: 11:
Relays Coordinates:
106.357, 76.678
270.525, 265.938
334.808, 308.783
117.275, 125.771
334.808, 270.524
334.808, 296.355
312.744, 236.673
244.808, 211.474
Evaluation Time: 2.39031 seconds
Resulting Fitness: 0.370833
-------------
Particle: 12:
Relays Coordinates:
67.9802, 72.892
292.005, 209.044
334.808, 221.09
85.2806, 92.2586
334.808, 218.746
334.808, 326.128
334.808, 182.904
159.964, 128.829
Evaluation Time: 2.42563 seconds
Resulting Fitness: 0.36875
-------------
Particle: 13:
Relays Coordinates:
118.737, 84.3348
384.631, 264.856
408.368, 393.566
188.587, 151.204
406.649, 274.513
369.54, 437.686
450.986, 232.484
241.933, 252.843
Evaluation Time: 2.79674 seconds
Resulting Fitness: 0.429167
-------------
Particle: 14:
Relays Coordinates:
163.569, 98.9819
147.373, 177.835
110.375, 95.9715
120.783, 118.713
177.931, 89.5906
127.175, 66.0286
101.831, 124.699
109.004, 142.247
Evaluation Time: 1.69619 seconds
Resulting Fitness: 0.210417
-------------
Particle: 15:
Relays Coordinates:
103.328, 106.171
226.77, 303.093
334.808, 334.808
107.831, 129.21
262.285, 273.696
214.514, 289.851
164.428, 226.676
271.23, 189.167
Evaluation Time: 2.6562 seconds
Resulting Fitness: 0.40625
-------------
Particle: 16:
Relays Coordinates:
204.135, 123.823
67.3813, 128.716
138.879, 117.494
182.849, 209.233
219.667, 171.482
133.369, 133.317
219.667, 90.317
169.047, 176.355
Evaluation Time: 1.91889 seconds
Resulting Fitness: 0.26875
-------------
Particle: 17:
Relays Coordinates:
108.739, 82.5623
281.569, 295.162
434.494, 510.3
126.458, 136.984
482.761, 271.715
411.82, 408.519
385.065, 250.891
233.866, 198.072
Evaluation Time: 3.43916 seconds
Resulting Fitness: 0.535417
New local best!
-------------
Particle: 18:
Relays Coordinates:
95.4841, 103.59
412.023, 335.125
329.725, 275.571
152.122, 148.065
332.781, 303.776
413.343, 358.277
306.205, 205.639
263.993, 244.091
Evaluation Time: 2.63182 seconds
Resulting Fitness: 0.377083
-------------
Particle: 19:
Relays Coordinates:
147.272, 215.193
217.435, 94.9125
219.667, 219.667
173.601, 157.951
214.615, 199.813
94.7183, 116.322
165.247, 210.136
155.791, 208.747
Evaluation Time: 2.04441 seconds
Resulting Fitness: 0.266667
-------------
Particle: 20:
Relays Coordinates:
201.342, 101.442
208.952, 71.3577
219.667, 152.41
192.986, 141.262
179.987, 202.617
111.507, 106.942
219.667, 126.684
152.911, 105.376
Evaluation Time: 1.88318 seconds
Resulting Fitness: 0.254167
Current global best fitness: 0.570833
Current global best relays: 120.383, 83.8777
381.905, 290.647
503.246, 531.043
134.342, 149.784
583.811, 292.038
482.324, 411.946
476.151, 269.737
256.255, 234.969
Particle 1 new velocities: 66.5291, 33.8242
350.048, 242.433
497.075, 349.445
87.0956, 169.72
670.953, 163.384
48.6254, 437.56
440.292, 332.362
214.287, 263.07
Particle 2 new velocities: 165.729, 76.6708
290.357, 273.984
565.997, 200.347
111.985, 136.119
223.096, 289.277
539.003, 316.861
388.244, 303.031
336.996, 198.425
Particle 3 new velocities: 162.909, 87.3654
333.955, 448.897
281.772, 558.316
432.516, 264.639
59.4034, 358.532
-161.253, 357.254
464.67, 344.964
507.299, 265.158
Particle 4 new velocities: 239.708, 493.88
473.226, 450.519
195.426, 413.126
251.292, 35.2587
204.181, 409.158
450.494, 264.328
844.946, 514.513
293.162, 230.133
Particle 5 new velocities: 478.645, 294.511
329.977, 475.382
875.661, 243.069
577.064, 516.102
587.705, 300.057
343.155, 320.463
410.595, 464.578
705.874, 268.876
Particle 6 new velocities: 8.73622, 3.31767
18.6382, 13.6014
21.3492, 16.0679
2.28161, 4.81201
25.4445, 11.8408
-55.0848, -4.3062
20.1559, -14.7396
13.1556, 2.82592
Particle 7 new velocities: 112.045, 440.621
290.092, 190.056
604.597, 185.499
257.919, 634.707
387.834, 239.096
283.175, 424.936
401.817, 344.417
385.467, 257.856
Particle 8 new velocities: 826.36, 268.856
437.649, 398.386
559.204, 643.695
733.765, 434.019
258.852, 371.811
179.428, 667.907
562.981, 426.191
104.669, 364.141
Particle 9 new velocities: 34.2509, 27.8586
144.039, 104.533
-69.6728, 273.116
50.993, 36.8675
73.3084, 132.663
253.998, 327.41
180.89, 204.771
92.1868, 107.73
Particle 10 new velocities: 136.595, 72.7866
331.859, 248.215
658.872, 508.068
137.315, 138.031
396.241, 293.602
172.208, 109.232
499.63, 282.011
236.045, 177.614
Particle 11 new velocities: 101.795, 76.8118
520.595, 248.488
286.33, 678.672
91.8569, 124.74
309.415, 261.305
214.733, 621.443
456.753, 208.56
216.71, 175.008
Particle 12 new velocities: 66.5113, 65.7403
268.88, 251.894
281.343, 603.246
100.787, 155.167
128.154, 264.415
198.38, 297.219
50.6328, 257.564
268.794, 150.375
Particle 13 new velocities: 23.5721, 16.8574
73.2941, 35.2651
109.045, 173.415
19.0379, 35.1877
203.266, 90.0954
154.398, 84.0452
89.0475, 67.0734
59.257, 60.042
Particle 14 new velocities: 843.369, 210.702
445.724, 739.554
429.27, 387.142
604.406, 548.013
-4.66953, 295.872
565.753, 289.004
542.445, 476.215
474.04, 492.353
Particle 15 new velocities: 105.066, 160.774
240.205, 278.572
188.585, 311.6
132.794, 165.445
566.766, 307.649
432.893, 708.624
230.255, 606.899
412.446, 378.353
Particle 16 new velocities: 332.992, 278.429
305.415, 137.12
410.07, 182.442
431.583, 394.992
-25.1679, 592.677
321.033, 494.043
155.182, 361.309
348.998, 479.75
Particle 17 new velocities: 26.7018, 20.9991
127.437, 46.4391
213.327, 5.55949
25.178, 34.3882
372.834, 78.9404
237.671, 125.59
156.071, 47.6662
70.5225, 74.491
Particle 18 new velocities: 58.5431, 60.317
271.951, 322.704
277.146, 201.392
71.6556, 107.33
376.447, 232.65
-16.8044, 251.953
311.81, 140.229
169.455, 183.128
Particle 19 new velocities: 334.445, 574.984
214.774, 391.977
440.808, 656.501
423.465, 326.171
871.94, 465.756
524.395, 406.951
638.502, 619.908
428.322, 509.259
Particle 20 new velocities: 481.602, 196.832
564.366, 252.385
358.904, 670.98
470.152, 291.388
841.403, 487.981
489.416, 426.236
241.52, 543.62
284.824, 213.783
-- ITERATION 19 --
-------------
Particle: 1:
Relays Coordinates:
63.4567, 50.4107
312.049, 182.9
334.808, 334.808
69.1738, 131.216
334.808, 169.076
201.188, 334.808
334.808, 224.197
193.109, 196.68
Evaluation Time: 3.08958 seconds
Resulting Fitness: 0.452083
-------------
Particle: 2:
Relays Coordinates:
124.878, 63.4523
251.724, 256.422
301.327, 230.367
90.0564, 107.339
240.159, 237.851
301.327, 268.119
294.278, 242.043
236.324, 170.619
Evaluation Time: 2.29986 seconds
Resulting Fitness: 0.345833
-------------
Particle: 3:
Relays Coordinates:
87.0546, 35.8608
135.337, 217.507
192.808, 244.075
234.468, 152.345
115.272, 185.449
38.3342, 193.353
213.548, 170.618
244.075, 141.199
Evaluation Time: 2.08062 seconds
Resulting Fitness: 0.2875
-------------
Particle: 4:
Relays Coordinates:
117.544, 225.584
218.008, 209.309
137.075, 212.982
118.489, 81.2279
84.6017, 203.698
168.258, 161.1
244.075, 237.732
143.122, 113.857
Evaluation Time: 2.10671 seconds
Resulting Fitness: 0.310417
-------------
Particle: 5:
Relays Coordinates:
122.902, 78.5733
100.165, 124.535
144.124, 86.6801
143.842, 134.06
144.124, 90.3011
101.265, 100.79
121.172, 129.061
144.124, 81.4247
Evaluation Time: 1.60979 seconds
Resulting Fitness: 0.185417
-------------
Particle: 6:
Relays Coordinates:
114.562, 80.0821
351.611, 267.954
477.065, 496.974
117.839, 137.957
509.366, 270.978
426.05, 388.401
448.665, 257.784
245.036, 210.733
Evaluation Time: 3.71711 seconds
Resulting Fitness: 0.53125
-------------
Particle: 7:
Relays Coordinates:
75.1701, 194.802
122.141, 94.8791
219.667, 110.493
152.356, 219.667
180.677, 142.487
121.73, 205.099
186.441, 191.035
160.425, 155.531
Evaluation Time: 1.9055 seconds
Resulting Fitness: 0.252083
-------------
Particle: 8:
Relays Coordinates:
177.931, 91.1032
138.752, 141.977
165.055, 177.931
177.931, 141.235
116.05, 121.869
95.8611, 177.931
173.445, 145.749
76.8583, 122.787
Evaluation Time: 1.7775 seconds
Resulting Fitness: 0.214583
-------------
Particle: 9:
Relays Coordinates:
93.4363, 84.3183
350.801, 275.543
255.615, 439.739
132.987, 135.373
330.441, 327.365
439.483, 412.505
339.213, 316.582
242.039, 239.149
Evaluation Time: 2.94311 seconds
Resulting Fitness: 0.45625
-------------
Particle: 10:
Relays Coordinates:
118.878, 75.4314
346.387, 259.404
372.009, 372.009
133.212, 135.642
372.009, 275.442
269.449, 235.981
372.009, 265.796
252.428, 195.141
Evaluation Time: 2.50852 seconds
Resulting Fitness: 0.397917
-------------
Particle: 11:
Relays Coordinates:
110.621, 81.5708
372.009, 273.387
330.098, 372.009
111.141, 133.132
342.366, 282.636
292.048, 372.009
372.009, 236.615
245.269, 205.392
Evaluation Time: 2.71476 seconds
Resulting Fitness: 0.410417
-------------
Particle: 12:
Relays Coordinates:
79.4159, 81.861
331.197, 272.179
363.831, 413.343
109.871, 146.102
273.374, 285.302
314.842, 368.08
227.599, 260.092
253.177, 164.867
Evaluation Time: 2.60585 seconds
Resulting Fitness: 0.408333
-------------
Particle: 13:
Relays Coordinates:
115.271, 81.9656
370.919, 243.098
419.104, 459.255
168.176, 150.977
494.031, 295.333
424.389, 422.603
437.427, 242.641
243.964, 253.437
Evaluation Time: 3.26117 seconds
Resulting Fitness: 0.533333
New local best!
-------------
Particle: 14:
Relays Coordinates:
244.075, 107.98
206.8, 244.075
188.163, 168.451
244.075, 232.473
60.4124, 134.402
241.609, 123.792
224.645, 209.526
203.295, 221.272
Evaluation Time: 2.17729 seconds
Resulting Fitness: 0.314583
-------------
Particle: 15:
Relays Coordinates:
80.7361, 103.42
180.916, 225.349
202.773, 250.432
93.223, 114.156
271.194, 225.225
250.819, 271.194
152.908, 271.194
264.87, 219.869
Evaluation Time: 2.27873 seconds
Resulting Fitness: 0.35625
-------------
Particle: 16:
Relays Coordinates:
168.556, 126.231
116.988, 83.4221
172.266, 94.1233
192.815, 189.612
61.036, 219.667
142.596, 196.872
117.632, 141.725
162.568, 205.892
Evaluation Time: 1.83317 seconds
Resulting Fitness: 0.258333
-------------
Particle: 17:
Relays Coordinates:
109.707, 83.8847
331.295, 276.697
524.735, 417.846
122.825, 138.812
567, 284.031
526.087, 432.628
438.32, 241.831
246.555, 220.776
Evaluation Time: 3.40429 seconds
Resulting Fitness: 0.541667
New local best!
-------------
Particle: 18:
Relays Coordinates:
81.8563, 87.1066
363.492, 349.597
322.516, 253.478
118.924, 135.727
372.009, 285.079
210.737, 324.301
328.439, 183.809
230.352, 227.042
Evaluation Time: 2.749 seconds
Resulting Fitness: 0.43125
-------------
Particle: 19:
Relays Coordinates:
110.201, 160.138
98.8756, 111.385
151.096, 160.138
136.59, 110.751
160.138, 152.261
141.633, 119.708
160.138, 160.138
133.626, 160.138
Evaluation Time: 1.80716 seconds
Resulting Fitness: 0.2125
-------------
Particle: 20:
Relays Coordinates:
192.884, 84.2413
197.701, 91.4344
163.406, 197.701
187.29, 122.193
197.701, 195.045
169.719, 150.585
130.253, 189.314
123.629, 90.14
Evaluation Time: 1.85054 seconds
Resulting Fitness: 0.239583
Current global best fitness: 0.570833
Current global best relays: 120.383, 83.8777
381.905, 290.647
503.246, 531.043
134.342, 149.784
583.811, 292.038
482.324, 411.946
476.151, 269.737
256.255, 234.969
Particle 1 new velocities: 134.554, 78.6971
326.741, 302.444
332.899, 194.314
76.0554, 137.468
172.61, 306.272
187.869, 73.3743
196.797, 292.467
251.151, 210.579
Particle 2 new velocities: 195.132, 83.8955
411.143, 268.465
411.828, 475.234
89.0603, 121.675
384.154, 254.534
97.1028, 471.328
536.684, 283.317
313.233, 206.106
Particle 3 new velocities: 174.148, 118.872
408.55, 421.014
496.385, 345.745
513.395, 272.523
304.152, 323.874
330.973, 496.374
567.292, 367.45
83.6661, 328.319
Particle 4 new velocities: 178.983, 407.698
452.198, 448.231
359.904, 658.181
230.496, 219.612
162.195, 320.166
334.507, 497.659
214.634, 416.164
244.05, 206.794
Particle 5 new velocities: 542.598, 308.658
444.901, 538.999
578.057, 785.847
546.973, 446.077
294.658, 477.407
686.808, 407.204
998.978, 522.893
218.793, 430.396
Particle 6 new velocities: 17.5128, 12.5697
76.5829, 64.7629
35.0511, 64.9197
11.0339, 27.7028
157.961, 47.375
21.8556, 26.2133
35.7576, -1.55573
14.2588, 33.5996
Particle 7 new velocities: 197.791, 556.943
306.258, 246.655
224.627, 594.485
308.406, 402.233
293.501, 258.865
599.906, 610.534
663.026, 347.365
404.713, 342.333
Particle 8 new velocities: 125.359, 297.854
466.87, 339.291
471.53, 121.154
132.544, 379.952
684.227, 311.063
370.936, 218.763
620.385, 390.502
585.27, 421.143
Particle 9 new velocities: 27.8688, 22.2077
154.856, 103.214
111.74, 238.802
48.366, 53.3869
298.525, 123.014
245.997, 285.897
284.389, 178.67
98.8171, 84.3392
Particle 10 new velocities: 97.5585, 68.6187
277.911, 234.687
95.4165, 182.181
107.475, 78.2984
119.501, 235.278
324.124, 489.173
95.8104, 185.422
179.91, 183.66
Particle 11 new velocities: 91.1842, 66.0672
-3.65849, 208.674
494.991, 96.9693
106.587, 108.055
534.423, 225.308
434.392, 34.516
225.355, 190.944
178.057, 171.837
Particle 12 new velocities: 78.9983, 52.8441
275.668, 165.669
519.913, 88.1036
92.5751, 72.0676
883.549, 202.052
643.415, 286.697
339.262, 179.98
183.991, 194.547
Particle 13 new velocities: 25.226, 14.7694
71.9999, 76.489
116.848, 174.682
-9.06161, 27.9212
169.142, 68.6319
191.835, 59.6817
87.5385, 81.6086
59.4265, 25.4793
Particle 14 new velocities: -74.8223, 390.935
648.664, 132.331
298.422, 304.654
-26.3127, 555.885
133.603, 437.552
730.571, 363.569
585.01, 421.622
454.044, 435.688
Particle 15 new velocities: 109.132, 130.766
433.981, 310.55
412.972, 710.841
121.685, 130.335
220.797, 274.585
579.544, 316.868
393.619, 71.1505
550.708, 567.131
Particle 16 new velocities: 282.67, 239.279
300.435, 167.916
580.603, 235.662
349.076, 329.966
248.226, 49.5091
635.918, 675.091
696.092, 284.092
403.762, 408.725
Particle 17 new velocities: 33.7723, 16.7923
127.898, 45.7212
149.032, 80.2392
31.2792, 38.0606
5.68545, 67.4276
158.876, 93.3714
171.373, 45.0025
56.5495, 74.7286
Particle 18 new velocities: 33.2097, 98.0367
329.042, 208.721
548.533, 528.601
151.273, 112.785
210.903, 292.936
375.924, 277.614
253.721, 178.077
230.606, 201.09
Particle 19 new velocities: 302.437, 403.154
297.772, 450.118
658.662, 853.815
636.187, 389.838
256.344, 356.297
867.539, 609.411
290.866, 236.958
443.189, 218.529
Particle 20 new velocities: 493.374, 240.955
156.426, 508.168
703.933, 45.6252
425.191, 263.088
252.934, 507.211
800.58, 613.38
410.673, 562.693
324.863, 292.96
-- ITERATION 20 --
-------------
Particle: 1:
Relays Coordinates:
105.231, 68.6132
339.479, 257.932
354.847, 281.197
77.1807, 142.789
269.662, 252.619
206.761, 216.925
282.517, 274.577
236.098, 216.434
Evaluation Time: 2.4582 seconds
Resulting Fitness: 0.391667
-------------
Particle: 2:
Relays Coordinates:
137.754, 63.4284
285.342, 225.947
301.327, 301.327
77.1039, 98.5831
268.747, 211.955
171.511, 301.327
301.327, 226.15
236.567, 162.168
Evaluation Time: 2.58055 seconds
Resulting Fitness: 0.408333
-------------
Particle: 3:
Relays Coordinates:
124.932, 74.0081
260.14, 305.403
329.638, 282.109
334.808, 203.213
200.609, 243.608
176.639, 329.894
334.808, 257.356
156.757, 224.569
Evaluation Time: 2.71449 seconds
Resulting Fitness: 0.39375
-------------
Particle: 4:
Relays Coordinates:
93.0533, 198.731
210.318, 206.343
155.957, 219.667
109.515, 94.4068
77.4475, 164.394
157.773, 206.725
143.948, 205.199
121.499, 100.624
Evaluation Time: 1.87521 seconds
Resulting Fitness: 0.258333
-------------
Particle: 5:
Relays Coordinates:
152.245, 88.5861
124.694, 151.795
160.138, 160.138
158.036, 132.717
100.379, 129.873
160.138, 116.213
160.138, 149.146
83.0236, 117.088
Evaluation Time: 1.73795 seconds
Resulting Fitness: 0.2125
-------------
Particle: 6:
Relays Coordinates:
96.2826, 67.5432
312.154, 242.551
373.333, 409.62
93.9484, 120.766
486.482, 232.079
326.523, 302.254
353.144, 186.791
189.026, 178.118
Evaluation Time: 3.24192 seconds
Resulting Fitness: 0.464583
-------------
Particle: 7:
Relays Coordinates:
77.0924, 197.701
120.992, 96.4593
125.482, 197.701
130.133, 175.643
133.922, 113.354
197.701, 197.701
197.701, 152.06
159.612, 140.612
Evaluation Time: 1.91933 seconds
Resulting Fitness: 0.247917
-------------
Particle: 8:
Relays Coordinates:
95.1755, 122.059
190.05, 151.027
199.767, 93.856
97.4303, 163.554
219.667, 135.859
146.486, 124.487
219.667, 168.281
207.783, 170.691
Evaluation Time: 1.94156 seconds
Resulting Fitness: 0.25
-------------
Particle: 9:
Relays Coordinates:
58.0199, 50.9511
241.854, 181.158
175.705, 324.544
86.7407, 90.2832
300.833, 215.415
327.863, 334.043
298.267, 236.878
163.03, 154.723
Evaluation Time: 2.70068 seconds
Resulting Fitness: 0.4125
-------------
Particle: 10:
Relays Coordinates:
127.803, 85.0602
368.642, 291.756
276.01, 327.243
142.123, 126.33
290.232, 301.575
350.499, 413.343
276.243, 266.44
255.291, 223.678
Evaluation Time: 2.65726 seconds
Resulting Fitness: 0.35625
-------------
Particle: 11:
Relays Coordinates:
119.164, 87.1787
217.507, 284.653
413.343, 276.927
128.567, 142.418
413.343, 299.936
413.343, 240.049
352.738, 252.469
249.97, 222.75
Evaluation Time: 2.67763 seconds
Resulting Fitness: 0.414583
-------------
Particle: 12:
Relays Coordinates:
84.1878, 71.5878
322.513, 232.691
372.009, 266.489
107.588, 115.944
372.009, 259
372.009, 347.976
301.253, 233.873
232.329, 191.008
Evaluation Time: 2.46495 seconds
Resulting Fitness: 0.375
-------------
Particle: 13:
Relays Coordinates:
113.802, 78.3554
358.765, 258.866
434.121, 513.488
128.883, 144.908
537.171, 294.812
499.142, 390.65
425.222, 262.642
245.746, 225.922
Evaluation Time: 3.6608 seconds
Resulting Fitness: 0.560417
New local best!
-------------
Particle: 14:
Relays Coordinates:
47.8019, 140.908
197.701, 106.308
137.426, 133.619
61.5025, 197.701
54.7956, 161.537
197.701, 137.645
197.701, 178.255
185.652, 185.545
Evaluation Time: 1.81896 seconds
Resulting Fitness: 0.2375
-------------
Particle: 15:
Relays Coordinates:
81.7321, 100.809
264.693, 230.687
265.058, 301.327
92.511, 105.245
211.786, 215.152
301.327, 253.141
235.262, 147.368
301.327, 301.327
Evaluation Time: 2.66204 seconds
Resulting Fitness: 0.38125
-------------
Particle: 16:
Relays Coordinates:
157.333, 127.446
145.546, 87.6362
244.075, 114.989
188.946, 181.166
107.833, 93.856
244.075, 244.075
244.075, 148.473
197.467, 214.304
Evaluation Time: 2.11994 seconds
Resulting Fitness: 0.295833
-------------
Particle: 17:
Relays Coordinates:
116.218, 81.5483
371.947, 261.158
545.751, 403.449
124.825, 143.267
463.875, 284.681
554.82, 426.06
493.851, 232.335
245.514, 239.359
Evaluation Time: 3.51169 seconds
Resulting Fitness: 0.475
-------------
Particle: 18:
Relays Coordinates:
67.9453, 109.325
408.934, 329.681
413.343, 413.343
159.549, 146.744
344.203, 341.312
346.418, 355.425
343.759, 213.69
272.191, 252.808
Evaluation Time: 2.75123 seconds
Resulting Fitness: 0.425
-------------
Particle: 19:
Relays Coordinates:
104.887, 143.181
100.823, 142.726
177.931, 177.931
177.931, 127.243
105.864, 129.269
177.931, 177.931
114.639, 100.936
146.619, 96.2519
Evaluation Time: 1.76699 seconds
Resulting Fitness: 0.229167
-------------
Particle: 20:
Relays Coordinates:
174.437, 82.6606
90.0143, 152.411
177.931, 61.8502
155.684, 97.9333
114.545, 177.931
177.931, 177.931
137.496, 177.931
114.001, 97.3788
Evaluation Time: 1.76569 seconds
Resulting Fitness: 0.229167
Final Evaluation Time: 1057.78 seconds
Final global best fitness: 0.570833
Final global best relays:
120.383, 83.8777
381.905, 290.647
503.246, 531.043
134.342, 149.784
583.811, 292.038
482.324, 411.946
476.151, 269.737
256.255, 234.969
