PSO EXECUTION
============================
Seed: 37283284
Particles: 20
Relays: 5
Iterations: 20
Backend: Simulation
Network Configuration: 1
Area: 500 x 500
Sink: 0, 0
Simulated Relay range: 155
w: 0.8
c1: 1.7
c2: 1.3

Relay Nodes Positions: 
PARTICLE 1: 
199.087, 150.315
18.3666, 219.054
232.752, 95.9476
54.379, 174.815
127.563, 6.28995
PARTICLE 2: 
135.171, 99.8848
329.405, 248.384
221.612, 191.009
304.929, 332.848
12.0158, 12.6159
PARTICLE 3: 
117.905, 88.0095
411.842, 426.913
222.551, 231.121
93.0123, 160.897
334.936, 315.433
PARTICLE 4: 
281.803, 249.143
189.712, 151.798
80.5781, 87.5928
312.276, 399.088
401.115, 428.439
PARTICLE 5: 
191.776, 108.18
274.536, 171.152
22.0245, 275.486
144.618, 186.119
80.568, 15.0041
PARTICLE 6: 
140.555, 48.6177
66.3855, 19.0958
18.308, 159.014
199.916, 127.511
168.469, 217.125
PARTICLE 7: 
88.4176, 98.063
405.806, 468.252
137.652, 192.264
336.848, 397.531
237.289, 281.49
PARTICLE 8: 
109.574, 171.451
213.492, 41.2729
140.331, 190.944
83.3306, 96.1105
15.302, 51.1016
PARTICLE 9: 
318.624, 334.252
196.583, 108.402
59.7974, 59.5494
400.807, 444.856
218.719, 253.162
PARTICLE 10: 
147.701, 61.4573
188.217, 113.771
105.613, 3.78259
33.6886, 173.937
44.0936, 166.791
PARTICLE 11: 
149.713, 212.11
220.272, 42.8633
167.005, 226.647
31.4851, 134.515
103.585, 77.4324
PARTICLE 12: 
281.963, 284.347
419.182, 440.746
75.4905, 98.2978
304.445, 398.098
185.772, 173.564
PARTICLE 13: 
75.7671, 42.3524
106.966, 166.527
206.777, 249.764
307.631, 339.03
439.334, 417.673
PARTICLE 14: 
192.368, 198.95
55.6459, 280.523
129.036, 60.8122
250.16, 45.2601
96.5914, 174.231
PARTICLE 15: 
160.283, 43.1228
87.2288, 242.458
249.805, 110.264
122.157, 73.3406
44.5098, 159.725
PARTICLE 16: 
42.1765, 212.836
138.38, 107.846
253.755, 178.949
73.3415, 3.20412
161.627, 78.7872
PARTICLE 17: 
445.785, 431.071
279.303, 209.469
12.9782, 59.6829
332.332, 336.708
148.223, 127.9
PARTICLE 18: 
162.772, 123.093
119.411, 199.828
247.074, 258.414
22.9216, 28.5547
96.6424, 67.0749
PARTICLE 19: 
272.397, 94.6903
179.438, 218.419
69.9195, 142.873
166.867, 291.647
46.3718, 53.8948
PARTICLE 20: 
255.939, 234.559
131.086, 107.439
102.723, 42.0589
181.198, 246.29
28.3237, 158.738
Nodes Positions: 
100.095, 455.006
409.899, 340.535
245.523, 260.548
3.05226, 39.9931
213.752, 269.364
379.828, 155.468
328.149, 70.4301
130.482, 415.207
496.585, 228.9
306.833, 110.735
340.6, 370.458
420.948, 220.521
491.6, 8.42477
407.253, 365.489
276.989, 18.0564
16.872, 87.5204
372.42, 98.0003
67.438, 25.7687
396.576, 64.8555
186.244, 377.168
36.5812, 207.829
86.2271, 436.556
216.962, 124.255
481.469, 254.723
468.822, 327.88
291.769, 302.829
438.025, 321.165
175.687, 487.451
143.595, 7.3464
309.572, 290.55
453.049, 51.7111
123.612, 432.849
319.698, 466.278
284.028, 102.105
166.037, 405.211
56.5571, 292.359
268.743, 171.625
206.823, 354.383
359.528, 48.1077
444.102, 236.997
387.114, 211.962
258.92, 309.863
140.594, 279.089
195.989, 397.628
257.775, 498.704
42.4623, 125.302
65.5796, 442.948
28.1001, 345.949
227.716, 159.065
172.039, 471.057
342.841, 143.403
426.33, 389.391
238.318, 183.608
112.013, 477.151
91.7667, 196.359
9.88312, 75.1092
459.694, 176.006
78.5309, 243.462
353.447, 135.932
152.144, 416.787
All particles start with velocity zero
-- ITERATION 0 --
-------------
Particle: 1:
Relays Coordinates:
199.087, 150.315
18.3666, 219.054
232.752, 95.9476
54.379, 174.815
127.563, 6.28995
Evaluation Time: 2.09208 seconds
Resulting Fitness: 0.45
New local best!
New global best!
-------------
Particle: 2:
Relays Coordinates:
135.171, 99.8848
329.405, 248.384
221.612, 191.009
304.929, 332.848
12.0158, 12.6159
Evaluation Time: 3.05539 seconds
Resulting Fitness: 0.636111
New local best!
New global best!
-------------
Particle: 3:
Relays Coordinates:
117.905, 88.0095
411.842, 426.913
222.551, 231.121
93.0123, 160.897
334.936, 315.433
Evaluation Time: 2.62734 seconds
Resulting Fitness: 0.572222
New local best!
-------------
Particle: 4:
Relays Coordinates:
281.803, 249.143
189.712, 151.798
80.5781, 87.5928
312.276, 399.088
401.115, 428.439
Evaluation Time: 2.6697 seconds
Resulting Fitness: 0.638889
New local best!
New global best!
-------------
Particle: 5:
Relays Coordinates:
191.776, 108.18
274.536, 171.152
22.0245, 275.486
144.618, 186.119
80.568, 15.0041
Evaluation Time: 2.43686 seconds
Resulting Fitness: 0.533333
New local best!
-------------
Particle: 6:
Relays Coordinates:
140.555, 48.6177
66.3855, 19.0958
18.308, 159.014
199.916, 127.511
168.469, 217.125
Evaluation Time: 2.23376 seconds
Resulting Fitness: 0.430556
New local best!
-------------
Particle: 7:
Relays Coordinates:
88.4176, 98.063
405.806, 468.252
137.652, 192.264
336.848, 397.531
237.289, 281.49
Evaluation Time: 2.42167 seconds
Resulting Fitness: 0.511111
New local best!
-------------
Particle: 8:
Relays Coordinates:
109.574, 171.451
213.492, 41.2729
140.331, 190.944
83.3306, 96.1105
15.302, 51.1016
Evaluation Time: 1.88359 seconds
Resulting Fitness: 0.375
New local best!
-------------
Particle: 9:
Relays Coordinates:
318.624, 334.252
196.583, 108.402
59.7974, 59.5494
400.807, 444.856
218.719, 253.162
Evaluation Time: 2.65582 seconds
Resulting Fitness: 0.605556
New local best!
-------------
Particle: 10:
Relays Coordinates:
147.701, 61.4573
188.217, 113.771
105.613, 3.78259
33.6886, 173.937
44.0936, 166.791
Evaluation Time: 1.92236 seconds
Resulting Fitness: 0.338889
New local best!
-------------
Particle: 11:
Relays Coordinates:
149.713, 212.11
220.272, 42.8633
167.005, 226.647
31.4851, 134.515
103.585, 77.4324
Evaluation Time: 2.37326 seconds
Resulting Fitness: 0.447222
New local best!
-------------
Particle: 12:
Relays Coordinates:
281.963, 284.347
419.182, 440.746
75.4905, 98.2978
304.445, 398.098
185.772, 173.564
Evaluation Time: 2.73878 seconds
Resulting Fitness: 0.625
New local best!
-------------
Particle: 13:
Relays Coordinates:
75.7671, 42.3524
106.966, 166.527
206.777, 249.764
307.631, 339.03
439.334, 417.673
Evaluation Time: 2.82093 seconds
Resulting Fitness: 0.544444
New local best!
-------------
Particle: 14:
Relays Coordinates:
192.368, 198.95
55.6459, 280.523
129.036, 60.8122
250.16, 45.2601
96.5914, 174.231
Evaluation Time: 2.37467 seconds
Resulting Fitness: 0.536111
New local best!
-------------
Particle: 15:
Relays Coordinates:
160.283, 43.1228
87.2288, 242.458
249.805, 110.264
122.157, 73.3406
44.5098, 159.725
Evaluation Time: 2.16581 seconds
Resulting Fitness: 0.480556
New local best!
-------------
Particle: 16:
Relays Coordinates:
42.1765, 212.836
138.38, 107.846
253.755, 178.949
73.3415, 3.20412
161.627, 78.7872
Evaluation Time: 2.28762 seconds
Resulting Fitness: 0.447222
New local best!
-------------
Particle: 17:
Relays Coordinates:
445.785, 431.071
279.303, 209.469
12.9782, 59.6829
332.332, 336.708
148.223, 127.9
Evaluation Time: 2.76207 seconds
Resulting Fitness: 0.538889
New local best!
-------------
Particle: 18:
Relays Coordinates:
162.772, 123.093
119.411, 199.828
247.074, 258.414
22.9216, 28.5547
96.6424, 67.0749
Evaluation Time: 2.31856 seconds
Resulting Fitness: 0.466667
New local best!
-------------
Particle: 19:
Relays Coordinates:
272.397, 94.6903
179.438, 218.419
69.9195, 142.873
166.867, 291.647
46.3718, 53.8948
Evaluation Time: 2.76838 seconds
Resulting Fitness: 0.569444
New local best!
-------------
Particle: 20:
Relays Coordinates:
255.939, 234.559
131.086, 107.439
102.723, 42.0589
181.198, 246.29
28.3237, 158.738
Evaluation Time: 2.40227 seconds
Resulting Fitness: 0.483333
New local best!
Current global best fitness: 0.638889
Current global best relays: 281.803, 249.143
189.712, 151.798
80.5781, 87.5928
312.276, 399.088
401.115, 428.439
Particle 1 new velocities: 97.0455, 21.1777
114.036, -34.9982
-17.0317, -10.4499
314.942, 209.837
164.629, 245.447
Particle 2 new velocities: 32.0574, 88.8154
-46.4038, -4.90671
-44.9105, -125.2
5.0173, 5.63298
4.04007, 58.3425
Particle 3 new velocities: 148.491, 143.826
-194.321, -41.135
-177.692, -173.385
248.862, 146.668
9.63633, 143.003
Particle 4 new velocities: 0, 0
0, 0
0, 0
0, 0
0, 0
Particle 5 new velocities: 110.78, 24.7946
-96.356, -17.9236
45.2034, -9.44463
151.041, 173.104
226.604, 212.485
Particle 6 new velocities: 108.999, 259.764
120.485, 133.801
13.8166, -15.0187
114.601, 283.371
43.9188, 167.071
Particle 7 new velocities: 77.2326, 165.594
-180.344, -359.601
-57.792, -3.95927
-12.395, 0.788009
165.932, 45.677
Particle 8 new velocities: 31.4194, 35.0155
-22.3164, 10.033
-10.7743, -6.98646
129.039, 59.8537
330.902, 253.201
Particle 9 new velocities: -9.62713, -76.899
-4.93997, 39.6029
18.4646, 33.2395
-103.189, -14.5635
82.1651, 182.204
Particle 10 new velocities: 102.647, 50.7911
0.657661, 47.4278
-6.19116, 63.0434
105.385, 226.003
297.68, 82.5253
Particle 11 new velocities: 52.1135, 15.3771
-5.77406, 98.0347
-52.6148, -165.993
354.025, 47.4247
49.9537, 294.642
Particle 12 new velocities: -0.0478786, -40.8802
-270.266, -147.306
0.781086, -6.6278
1.31557, 1.11328
28.2007, 220.926
Particle 13 new velocities: 60.537, 209.453
8.54483, -4.09324
-46.1896, -147.041
2.84265, 72.2568
-5.33346, 12.0607
Particle 14 new velocities: 82.254, 28.5773
121.532, -162.475
-16.4943, 31.2437
64.5762, 71.6708
230.061, 240.668
Particle 15 new velocities: 54.8427, 126.096
47.8271, -31.4955
-71.1891, -4.27992
170.532, 120.603
111.741, 277.415
Particle 16 new velocities: 292.821, 4.28738
2.33828, 23.9787
-75.0622, -61.0278
291.984, 328.259
100.026, 70.988
Particle 17 new velocities: -2.14941, -68.8881
-39.2007, -21.1042
7.70881, 20.932
-15.1766, 29.9105
195.598, 321.126
Particle 18 new velocities: 33.9273, 126.204
59.0849, -60.9529
-45.1065, -64.1285
84.1873, 453.924
167.405, 434.353
Particle 19 new velocities: 1.61664, 50.0437
6.51427, -61.9052
10.5862, -9.71541
127.517, 84.9426
13.5625, 403.671
Particle 20 new velocities: 1.50057, 15.6318
39.9497, 54.6478
-7.86382, 3.00642
155.164, 195.011
299.743, 50.8637
-- ITERATION 1 --
-------------
Particle: 1:
Relays Coordinates:
194.292, 112.516
86.8691, 120.759
141.534, 56.0951
242.312, 252.37
191.707, 165.164
Evaluation Time: 2.22716 seconds
Resulting Fitness: 0.480556
New local best!
-------------
Particle: 2:
Relays Coordinates:
150.505, 169.83
254.701, 219.13
159.032, 59.2282
278.952, 304.633
14.4503, 63.8626
Evaluation Time: 2.72268 seconds
Resulting Fitness: 0.538889
-------------
Particle: 3:
Relays Coordinates:
141.574, 123.207
115.6, 205.018
23.8399, 30.6831
181.686, 163.453
183.12, 243.632
Evaluation Time: 2.1037 seconds
Resulting Fitness: 0.416667
-------------
Particle: 4:
Relays Coordinates:
281.803, 249.143
189.712, 151.798
80.5781, 87.5928
312.276, 399.088
401.115, 428.439
Evaluation Time: 3.01339 seconds
Resulting Fitness: 0.638889
-------------
Particle: 5:
Relays Coordinates:
198.507, 87.2448
116.904, 100.533
44.1082, 174.55
193.982, 235.687
201.535, 149.256
Evaluation Time: 2.25018 seconds
Resulting Fitness: 0.458333
-------------
Particle: 6:
Relays Coordinates:
224.599, 277.544
168.184, 137.607
28.9122, 129.595
283.066, 369.794
191.149, 345.776
Evaluation Time: 2.83432 seconds
Resulting Fitness: 0.616667
New local best!
-------------
Particle: 7:
Relays Coordinates:
120.759, 192.206
164.362, 79.2071
58.2183, 137.274
236.526, 290.374
293.949, 238.505
Evaluation Time: 2.59889 seconds
Resulting Fitness: 0.577778
New local best!
-------------
Particle: 8:
Relays Coordinates:
102.785, 150.514
139.367, 37.402
94.4465, 134.105
154.817, 113.698
252.383, 221.836
Evaluation Time: 2.15286 seconds
Resulting Fitness: 0.466667
New local best!
-------------
Particle: 9:
Relays Coordinates:
250.287, 208.456
155.231, 119.884
63.3923, 75.159
241.071, 348.537
243.716, 352.646
Evaluation Time: 2.85136 seconds
Resulting Fitness: 0.605556
-------------
Particle: 10:
Relays Coordinates:
147.828, 66.2815
111.528, 95.1863
58.7077, 39.4601
82.1215, 236.16
201.814, 147.219
Evaluation Time: 2.06475 seconds
Resulting Fitness: 0.402778
New local best!
-------------
Particle: 11:
Relays Coordinates:
163.48, 184.265
173.743, 114.127
92.6557, 49.1303
312.263, 147.371
124.366, 301.381
Evaluation Time: 2.77664 seconds
Resulting Fitness: 0.686111
New local best!
New global best!
-------------
Particle: 12:
Relays Coordinates:
184.965, 159.739
97.7039, 192.526
50.0418, 60.1447
200.61, 261.922
140.388, 258.825
Evaluation Time: 2.22826 seconds
Resulting Fitness: 0.466667
-------------
Particle: 13:
Relays Coordinates:
89.4291, 165.21
75.7864, 106.573
105.361, 67.3966
203.701, 269.845
284.748, 281.948
Evaluation Time: 2.43971 seconds
Resulting Fitness: 0.508333
-------------
Particle: 14:
Relays Coordinates:
200.2, 165.868
129.162, 86.057
82.0427, 67.1088
229.443, 85.2427
238.13, 302.461
Evaluation Time: 2.56397 seconds
Resulting Fitness: 0.544444
New local best!
-------------
Particle: 15:
Relays Coordinates:
141.144, 111.024
88.6101, 138.413
117.19, 69.536
192.033, 127.246
102.516, 286.807
Evaluation Time: 2.44937 seconds
Resulting Fitness: 0.541667
New local best!
-------------
Particle: 16:
Relays Coordinates:
244.213, 158.283
102.584, 96.1003
130.267, 85.9646
266.322, 241.637
190.744, 109.186
Evaluation Time: 2.36598 seconds
Resulting Fitness: 0.527778
New local best!
-------------
Particle: 17:
Relays Coordinates:
261.962, 213.866
141.778, 111.228
12.2155, 47.6023
187.277, 216.485
203.023, 265.145
Evaluation Time: 2.61242 seconds
Resulting Fitness: 0.547222
New local best!
-------------
Particle: 18:
Relays Coordinates:
116.149, 147.207
105.4, 82.0042
119.26, 114.724
63.2467, 284.899
155.918, 295.245
Evaluation Time: 2.25335 seconds
Resulting Fitness: 0.472222
New local best!
-------------
Particle: 19:
Relays Coordinates:
161.802, 85.464
109.803, 92.4199
47.5378, 78.6284
173.831, 222.372
35.3906, 270.188
Evaluation Time: 2.06482 seconds
Resulting Fitness: 0.402778
-------------
Particle: 20:
Relays Coordinates:
187.674, 182.389
124.685, 118.161
69.1523, 32.8526
245.208, 321.708
239.161, 152.8
Evaluation Time: 2.84823 seconds
Resulting Fitness: 0.558333
New local best!
Current global best fitness: 0.686111
Current global best relays: 163.48, 184.265
173.743, 114.127
92.6557, 49.1303
312.263, 147.371
124.366, 301.381
Particle 1 new velocities: 66.3053, 34.0306
153.623, -31.1652
-44.6134, -13.2147
334.392, 115.614
69.1213, 322.659
Particle 2 new velocities: 10.5452, 6.39266
-82.4102, -25.3311
-57.7877, 20.4111
51.1426, 9.73559
46.4824, 104.423
Particle 3 new velocities: 117.636, 165.415
169.421, 117.476
202.566, -42.3165
178.892, 112.948
73.1731, 138.593
Particle 4 new velocities: -97.883, -74.1681
-15.0526, -26.1431
7.29975, -37.8154
-0.0024296, -207.594
-112.497, -82.741
Particle 5 new velocities: 43.5707, 166.92
-22.6459, -7.00619
48.3993, -106.887
161.972, 95.1788
-84.4547, 323.577
Particle 6 new velocities: 42.0614, 119.67
102.855, 105.36
18.0104, -52.9293
128.706, -18.4036
15.3249, 97.6568
Particle 7 new velocities: 99.1117, 122.187
-139.847, -251.663
-26.2894, -67.573
-9.05343, -9.3297
-27.4107, 106.66
Particle 8 new velocities: 38.2792, 66.3122
-17.5174, 79.1846
-10.4216, -76.49
225.533, 81.1284
230.193, 287.37
Particle 9 new velocities: -56.8948, 111.182
4.73663, 14.7411
24.9039, -22.4216
31.6772, -222.935
-74.1118, 24.7172
Particle 10 new velocities: 99.711, 117.028
62.1522, 58.5546
36.8229, 51.5733
269.027, 94.3367
151.477, 147.247
Particle 11 new velocities: 41.6908, 12.3016
-4.61925, 78.4278
-42.0918, -132.794
283.22, 37.9398
39.963, 235.714
Particle 12 new velocities: -1.47828, 112.428
96.7655, 77.6984
29.8754, 46.7371
200.332, -42.5047
70.7914, 112.119
Particle 13 new velocities: 76.963, 88.0929
68.454, 12.7886
109.005, 9.03758
282.989, 79.4724
54.9942, 127.219
Particle 14 new velocities: 34.2479, 27.5613
111.541, -107.096
-8.02798, 13.3624
120.634, 93.0784
95.0025, 192.285
Particle 15 new velocities: 53.357, 145.762
50.6719, -46.0163
-61.8225, -19.4449
224.275, 120.204
98.2435, 222.586
Particle 16 new velocities: 148.079, 30.8938
46.1602, 32.1591
-84.2783, -51.4864
254.982, 223.685
69.3867, 265.876
Particle 17 new velocities: -38.423, -77.8327
-30.5687, -15.7715
35.615, 18.014
98.7223, 17.5201
102.546, 267.644
Particle 18 new velocities: 33.9685, 106.889
55.3604, -48.7342
-41.9477, -101.128
110.844, 245.723
119.511, 3.38641
Particle 19 new velocities: 90.3947, 149.746
81.315, 172.238
78.0798, 51.6773
115.573, 89.2711
131.195, -10.4092
Particle 20 new velocities: -13.8182, 14.1671
89.0481, 39.2163
11.0956, 7.69068
155.736, -50.4294
125.906, 218.349
-- ITERATION 2 --
-------------
Particle: 1:
Relays Coordinates:
112.179, 63.0836
103.524, 38.5672
41.7213, 18.4586
215.234, 158.405
112.278, 209.992
Evaluation Time: 2.21493 seconds
Resulting Fitness: 0.413889
-------------
Particle: 2:
Relays Coordinates:
117.406, 128.466
125.6, 141.279
73.8069, 58.0571
240.639, 229.175
44.42, 122.68
Evaluation Time: 2.25955 seconds
Resulting Fitness: 0.441667
-------------
Particle: 3:
Relays Coordinates:
137.755, 153.386
151.471, 171.387
120.321, 0
191.626, 146.891
136.204, 203.13
Evaluation Time: 2.04136 seconds
Resulting Fitness: 0.35
-------------
Particle: 4:
Relays Coordinates:
165.528, 157.478
157.193, 113.089
79.09, 44.7996
281.046, 172.344
259.756, 311.129
Evaluation Time: 3.30994 seconds
Resulting Fitness: 0.6
-------------
Particle: 5:
Relays Coordinates:
142.944, 150.082
55.6585, 55.2267
54.6248, 39.9539
210.187, 195.373
69.1349, 279.203
Evaluation Time: 2.39126 seconds
Resulting Fitness: 0.486111
-------------
Particle: 6:
Relays Coordinates:
141.714, 211.095
144.041, 129.123
24.9366, 40.7435
218.833, 186.743
109.729, 235.659
Evaluation Time: 2.28112 seconds
Resulting Fitness: 0.441667
-------------
Particle: 7:
Relays Coordinates:
116.848, 167.081
13.0282, 0
16.9683, 37.042
120.888, 149.359
141.649, 183.435
Evaluation Time: 1.81295 seconds
Resulting Fitness: 0.288889
-------------
Particle: 8:
Relays Coordinates:
67.4703, 103.707
58.2803, 55.763
40.1888, 27.557
181.92, 93.1848
230.814, 239.148
Evaluation Time: 2.08137 seconds
Resulting Fitness: 0.45
-------------
Particle: 9:
Relays Coordinates:
156.648, 258.906
129.574, 109.047
71.5199, 42.7174
220.926, 101.737
137.379, 305.664
Evaluation Time: 2.57593 seconds
Resulting Fitness: 0.588889
-------------
Particle: 10:
Relays Coordinates:
247.539, 183.31
173.681, 153.741
95.5306, 91.0334
351.148, 330.497
353.292, 294.465
Evaluation Time: 2.61877 seconds
Resulting Fitness: 0.577778
New local best!
-------------
Particle: 11:
Relays Coordinates:
98.1324, 94.017
80.8916, 92.0985
24.1846, 0
239.148, 88.6338
78.5982, 239.148
Evaluation Time: 2.05541 seconds
Resulting Fitness: 0.436111
-------------
Particle: 12:
Relays Coordinates:
120.385, 178.569
127.591, 177.294
52.4337, 70.1252
263.058, 143.96
138.555, 243.376
Evaluation Time: 2.42592 seconds
Resulting Fitness: 0.536111
-------------
Particle: 13:
Relays Coordinates:
109.17, 166.192
94.6361, 78.3129
140.645, 50.1485
319.318, 229.187
222.905, 268.455
Evaluation Time: 2.64096 seconds
Resulting Fitness: 0.616667
New local best!
-------------
Particle: 14:
Relays Coordinates:
112.135, 92.5165
115.128, 0
35.401, 38.4891
167.441, 85.2904
159.336, 236.636
Evaluation Time: 2.04092 seconds
Resulting Fitness: 0.419444
-------------
Particle: 15:
Relays Coordinates:
114.851, 151.63
82.2447, 54.5592
32.6939, 29.5783
245.826, 146.117
118.546, 295.245
Evaluation Time: 2.55122 seconds
Resulting Fitness: 0.6
New local best!
-------------
Particle: 16:
Relays Coordinates:
231.644, 111.707
87.8318, 75.7359
27.1558, 20.359
295.245, 274.768
153.605, 221.471
Evaluation Time: 2.61245 seconds
Resulting Fitness: 0.572222
New local best!
-------------
Particle: 17:
Relays Coordinates:
118.798, 72.2934
59.1012, 50.7293
25.4191, 34.8712
151.992, 124.36
162.392, 265.721
Evaluation Time: 2.01518 seconds
Resulting Fitness: 0.425
-------------
Particle: 18:
Relays Coordinates:
98.4921, 166.712
105.475, 21.8284
50.7244, 8.92016
114.221, 328.05
180.709, 195.932
Evaluation Time: 2.42523 seconds
Resulting Fitness: 0.519444
New local best!
-------------
Particle: 19:
Relays Coordinates:
204.28, 190.52
154.806, 214.373
101.75, 105.548
234.417, 252.431
134.934, 210.421
Evaluation Time: 2.09528 seconds
Resulting Fitness: 0.444444
-------------
Particle: 20:
Relays Coordinates:
114.067, 128.96
140.231, 103.255
52.6506, 26.6004
263.059, 177.986
239.52, 243.511
Evaluation Time: 2.24075 seconds
Resulting Fitness: 0.522222
Current global best fitness: 0.686111
Current global best relays: 163.48, 184.265
173.743, 114.127
92.6557, 49.1303
312.263, 147.371
124.366, 301.381
Particle 1 new velocities: 241.117, 132.867
158.867, 113.787
75.8159, 50.8968
28.9277, 170.235
140.125, 292.451
Particle 2 new velocities: 57.3956, 0.031306
107.344, -5.73513
-23.3878, 133.936
152.02, 31.7783
33.7236, 205.7
Particle 3 new velocities: 95.5149, 119.334
183.641, 107.276
223.936, 358.77
230.786, 94.9165
305.63, 221.395
Particle 4 new velocities: -2.36238, -34.8276
6.43587, 18.101
7.74859, 7.97531
68.5692, 119.163
-72.7058, 114.436
Particle 5 new velocities: 96.4471, 79.7638
257.489, 15.4146
37.9469, 183.863
189.363, 64.8259
-17.4599, 130.836
Particle 6 new velocities: 103.36, 156.029
124.694, 92.3092
23.4391, 63.5932
168.714, 77.2335
75.0872, 293.128
Particle 7 new velocities: 117.413, 111.602
114.749, 113.009
116.18, -45.6931
102.921, 166.218
3.65874, 269.28
Particle 8 new velocities: 147.611, 167.155
90.6555, 96.5532
94.8315, -41.6016
250.547, 109.307
91.804, 5.55894
Particle 9 new velocities: -17.6807, 95.9725
65.578, 17.263
36.68, -2.88952
285.855, 184.513
-25.5586, -59.8812
Particle 10 new velocities: 58.8976, 94.7577
49.7954, 28.1847
27.6667, 11.4788
191.14, 17.8484
-161.172, 118.781
Particle 11 new velocities: 82.4506, 166.351
99.7838, 96.7831
47.7254, 98.4338
113.394, 136.334
73.3611, 88.5828
Particle 12 new velocities: 248.585, 97.517
126.846, 75.9754
92.4039, 33.9301
230.569, 166.489
101.882, 35.6635
Particle 13 new velocities: 72.8914, 78.442
72.7623, 10.8008
53.6791, 6.10062
218.393, 27.7188
35.39, 102.17
Particle 14 new velocities: 149.371, 186.621
137.825, 244.505
53.3191, 25.7658
341.254, 127.175
188.05, 199.806
Particle 15 new velocities: 73.325, 145.508
82.6392, -18.566
-48.2028, 5.15868
246.841, 96.9003
83.8258, 2.51569
Particle 16 new velocities: 105.169, 90.5501
135.137, 26.0759
-34.2928, -6.71241
4.48448, 133.239
46.8852, 231.488
Particle 17 new velocities: 139.309, 29.317
79.8961, 64.382
55.3619, 26.4743
126.757, 42.4944
69.0538, -0.833825
Particle 18 new velocities: 57.9531, 94.4034
91.1462, -21.0095
-28.843, -55.7136
159.02, -122.512
85.7745, 136.114
Particle 19 new velocities: 118.042, -49.5669
120.932, 94.0564
46.2081, 10.1697
133.994, 106.21
20.3508, -123.252
Particle 20 new velocities: 64.0644, 169.689
75.9625, 46.1242
32.2163, 14.0728
166.371, 33.503
70.9103, 93.4121
-- ITERATION 3 --
-------------
Particle: 1:
Relays Coordinates:
317.966, 176.355
236.152, 137.119
105.783, 62.4198
219.745, 295.776
227.163, 450
Evaluation Time: 2.98666 seconds
Resulting Fitness: 0.641667
New local best!
-------------
Particle: 2:
Relays Coordinates:
127.43, 93.6749
169.816, 98.8117
36.7555, 139.963
286.249, 190.235
56.9666, 239.389
Evaluation Time: 2.53373 seconds
Resulting Fitness: 0.513889
-------------
Particle: 3:
Relays Coordinates:
100.415, 117.397
144.255, 119.955
148.191, 154.439
181.834, 104.09
190.195, 182.744
Evaluation Time: 1.87143 seconds
Resulting Fitness: 0.388889
-------------
Particle: 4:
Relays Coordinates:
96.3475, 72.4236
96.6213, 77.4664
51.2773, 31.1631
206.444, 172.132
110.451, 251.292
Evaluation Time: 2.19406 seconds
Resulting Fitness: 0.458333
-------------
Particle: 5:
Relays Coordinates:
141.358, 135.722
184.911, 41.713
54.6626, 132.162
235.93, 153.645
30.5136, 242.124
Evaluation Time: 2.29205 seconds
Resulting Fitness: 0.480556
-------------
Particle: 6:
Relays Coordinates:
144.714, 216.783
158.686, 130.753
28.5654, 61.6098
228.843, 155.876
109.132, 295.245
Evaluation Time: 2.71515 seconds
Resulting Fitness: 0.583333
-------------
Particle: 7:
Relays Coordinates:
170.777, 203.16
93.1495, 82.3838
97.0653, 0
163.157, 230.055
105.929, 330.029
Evaluation Time: 2.50146 seconds
Resulting Fitness: 0.533333
-------------
Particle: 8:
Relays Coordinates:
215.081, 270.862
148.936, 152.316
135.02, 0
432.467, 202.492
322.619, 244.707
Evaluation Time: 3.28175 seconds
Resulting Fitness: 0.644444
New local best!
-------------
Particle: 9:
Relays Coordinates:
59.8209, 152.764
84.0063, 54.3721
46.5765, 17.1446
215.234, 123.222
48.1351, 105.802
Evaluation Time: 2.13063 seconds
Resulting Fitness: 0.408333
-------------
Particle: 10:
Relays Coordinates:
223.392, 202.711
162.914, 132.624
89.8108, 74.7314
364.5, 253.944
140.055, 301.257
Evaluation Time: 3.21299 seconds
Resulting Fitness: 0.655556
New local best!
-------------
Particle: 11:
Relays Coordinates:
146.272, 210.898
146.347, 152.994
58.2471, 79.7314
285.559, 182.224
123.087, 265.462
Evaluation Time: 2.53728 seconds
Resulting Fitness: 0.608333
-------------
Particle: 12:
Relays Coordinates:
298.866, 223.629
206.094, 205.148
117.318, 84.2848
399.838, 251.464
194.754, 226.022
Evaluation Time: 2.75808 seconds
Resulting Fitness: 0.633333
New local best!
-------------
Particle: 13:
Relays Coordinates:
96.7548, 130.008
88.9624, 47.3587
103.272, 29.8931
265.721, 136.53
137.268, 196.965
Evaluation Time: 2.45264 seconds
Resulting Fitness: 0.475
-------------
Particle: 14:
Relays Coordinates:
154.417, 164.828
149.366, 144.378
52.3884, 37.9419
295.245, 125.459
205.128, 257.715
Evaluation Time: 2.63569 seconds
Resulting Fitness: 0.583333
New local best!
-------------
Particle: 15:
Relays Coordinates:
90.004, 142.12
78.8635, 17.2154
0, 16.6146
235.641, 116.234
96.794, 142.418
Evaluation Time: 2.05652 seconds
Resulting Fitness: 0.433333
-------------
Particle: 16:
Relays Coordinates:
198.885, 119.431
131.661, 60.1188
0, 8.0582
176.987, 240.924
118.387, 267.468
Evaluation Time: 2.71428 seconds
Resulting Fitness: 0.533333
-------------
Particle: 17:
Relays Coordinates:
258.107, 101.61
138.997, 115.111
80.7809, 61.3455
278.749, 166.854
231.446, 264.887
Evaluation Time: 2.83225 seconds
Resulting Fitness: 0.547222
-------------
Particle: 18:
Relays Coordinates:
102.644, 171.318
129.003, 0.537301
14.3564, 0
179.273, 134.854
174.84, 217.855
Evaluation Time: 2.23063 seconds
Resulting Fitness: 0.411111
-------------
Particle: 19:
Relays Coordinates:
261.08, 114.172
223.347, 249.828
119.846, 93.731
298.413, 290.499
125.781, 70.6066
Evaluation Time: 2.69536 seconds
Resulting Fitness: 0.605556
New local best!
-------------
Particle: 20:
Relays Coordinates:
144.286, 241.906
175.116, 120.997
68.7422, 32.9453
347.838, 171.306
251.448, 272.908
Evaluation Time: 3.05316 seconds
Resulting Fitness: 0.616667
New local best!
Current global best fitness: 0.686111
Current global best relays: 163.48, 184.265
173.743, 114.127
92.6557, 49.1303
312.263, 147.371
124.366, 301.381
Particle 1 new velocities: 137.76, 106.659
90.8081, 70.1363
48.9398, 34.9613
137.831, 91.8472
31.099, -46.6536
Particle 2 new velocities: 66.3409, 102.31
233.697, 62.0643
312.693, 73.7281
154.058, 133.777
32.9965, -163.005
Particle 3 new velocities: 154.76, 58.8688
467.854, 113.013
226.931, 225.311
134.146, 86.5656
283.583, 232.37
Particle 4 new velocities: 162.334, 231.973
178.75, 106.11
46.997, 94.3688
213.422, 452.535
-42.4713, 287.406
Particle 5 new velocities: 161.613, 64.6444
332.504, 147.748
39.1287, 135.404
146.02, 66.8144
73.3243, 121.904
Particle 6 new velocities: 188.42, 122.198
108.267, 69.416
51.5221, 119.917
156.13, 224.463
201.337, 77.2722
Particle 7 new velocities: 69.5333, 61.9078
236.083, 111.657
25.5729, 103.492
146, 122.672
308.186, 182.33
Particle 8 new velocities: 80.96, 90.8474
99.65, 60.2032
25.3533, 2.26362
54.0363, 49.2315
33.6562, 69.2619
Particle 9 new velocities: 416.352, 263.37
355.595, 140.927
98.8818, 39.2042
321.411, 566.978
132.474, 242.028
Particle 10 new velocities: -22.993, 72.1818
50.123, 7.31923
24.4279, -14.0968
-0.92709, -5.21166
-147.924, 95.0363
Particle 11 new velocities: 88.4484, 69.3963
142.446, 4.76761
131.404, 60.8276
129.213, 50.3639
61.0359, 136.189
Particle 12 new velocities: 38.7588, 39.2601
91.8958, 25.3476
57.893, 24.8455
92.7399, 123.585
32.969, 31.2903
Particle 13 new velocities: 80.8558, 137.394
100.822, 99.2145
31.1367, 48.8494
12.7909, 45.3843
79.2084, 145.959
Particle 14 new velocities: 120.818, 157.694
116.705, 186.656
69.0961, 22.2898
8.58292, 121.088
59.4428, 203.285
Particle 15 new velocities: 149.923, 164.33
150.158, 18.2573
43.5044, 12.6972
288.311, 149.592
110.048, 280.896
Particle 16 new velocities: 98.2267, 116.618
87.1092, 89.9656
59.9506, 31.0652
81.4451, 139.142
97.7945, 173.545
Particle 17 new velocities: 107.861, 56.1465
109.665, 47.7317
0.968503, 19.331
-22.5239, 80.5552
-19.6954, 9.29396
Particle 18 new velocities: 100.4, 86.6075
65.2918, 52.3832
96.5986, 40.2263
280.416, 233.345
59.0504, 92.1406
Particle 19 new velocities: 22.0267, 18.6946
42.8188, -24.1069
5.27512, 4.90627
110.815, -16.9404
15.8294, 66.5714
Particle 20 new velocities: 55.1615, 110.511
60.6957, 30.4022
40.42, 25.7519
95.833, 24.2133
-8.9029, 103.389
-- ITERATION 4 --
-------------
Particle: 1:
Relays Coordinates:
332.224, 206.317
238.354, 151.089
112.793, 70.9908
260.673, 282.578
188.273, 294.04
Evaluation Time: 3.05399 seconds
Resulting Fitness: 0.683333
New local best!
-------------
Particle: 2:
Relays Coordinates:
174.394, 176.386
363.162, 144.788
314.504, 192.322
396.276, 291.611
80.9668, 68.7459
Evaluation Time: 2.90385 seconds
Resulting Fitness: 0.652778
New local best!
-------------
Particle: 3:
Relays Coordinates:
122.049, 84.3074
239.148, 111.428
179.42, 181.633
151.133, 91.1901
226.607, 198.548
Evaluation Time: 2.15403 seconds
Resulting Fitness: 0.491667
-------------
Particle: 4:
Relays Coordinates:
137.474, 161.769
146.344, 97.5598
52.227, 66.7128
223.134, 265.721
36.1273, 265.721
Evaluation Time: 2.26651 seconds
Resulting Fitness: 0.441667
-------------
Particle: 5:
Relays Coordinates:
161.011, 106.483
265.721, 100.687
49.8446, 142.195
202.984, 117.161
55.1837, 193.46
Evaluation Time: 2.13845 seconds
Resulting Fitness: 0.461111
-------------
Particle: 6:
Relays Coordinates:
242.854, 247.117
194.608, 145.923
58.3838, 132.333
280.645, 277.267
226.332, 271.565
Evaluation Time: 2.6098 seconds
Resulting Fitness: 0.580556
-------------
Particle: 7:
Relays Coordinates:
175.186, 193.234
240.011, 141.455
89.4032, 75.4457
225.375, 257.138
301.89, 364.5
Evaluation Time: 2.788 seconds
Resulting Fitness: 0.647222
New local best!
-------------
Particle: 8:
Relays Coordinates:
194.232, 237.317
163.097, 139.434
105.221, 1.48516
319.195, 165.156
233.752, 205.995
Evaluation Time: 2.47713 seconds
Resulting Fitness: 0.6
-------------
Particle: 9:
Relays Coordinates:
227.752, 199.035
210.26, 93.4111
69.5723, 26.9514
239.148, 239.148
86.385, 166.366
Evaluation Time: 2.27193 seconds
Resulting Fitness: 0.519444
-------------
Particle: 10:
Relays Coordinates:
131.482, 180.357
139.774, 91.8166
74.952, 39.7823
238.54, 163.193
0, 260.008
Evaluation Time: 2.14556 seconds
Resulting Fitness: 0.488889
-------------
Particle: 11:
Relays Coordinates:
154, 183.901
189.477, 103.507
124.43, 92.2207
272.132, 152.601
120.803, 263.524
Evaluation Time: 2.45126 seconds
Resulting Fitness: 0.566667
-------------
Particle: 12:
Relays Coordinates:
246.129, 191.646
217.235, 168.031
127.729, 79.556
359.089, 273.411
166.01, 187.581
Evaluation Time: 2.59461 seconds
Resulting Fitness: 0.611111
-------------
Particle: 13:
Relays Coordinates:
159.85, 240.662
170.806, 131.916
120.968, 70.8682
250.66, 163.723
194.829, 308.631
Evaluation Time: 2.64363 seconds
Resulting Fitness: 0.608333
-------------
Particle: 14:
Relays Coordinates:
162.524, 190.446
157.112, 195.472
71.7354, 35.5662
179.407, 145.583
156.226, 272.215
Evaluation Time: 2.21926 seconds
Resulting Fitness: 0.455556
-------------
Particle: 15:
Relays Coordinates:
127.507, 162.86
121.711, 18.8517
23.12, 15.5775
265.721, 141.271
109.924, 224.966
Evaluation Time: 2.18632 seconds
Resulting Fitness: 0.502778
-------------
Particle: 16:
Relays Coordinates:
216.595, 172.08
159.483, 109.412
43.704, 28.521
188.397, 277.068
157.597, 321.498
Evaluation Time: 2.72261 seconds
Resulting Fitness: 0.608333
New local best!
-------------
Particle: 17:
Relays Coordinates:
296.434, 127.783
201.416, 131.903
66.2171, 65.3479
207.542, 200.402
171.518, 222.086
Evaluation Time: 2.2553 seconds
Resulting Fitness: 0.555556
New local best!
-------------
Particle: 18:
Relays Coordinates:
133.217, 169.225
127.477, 34.7212
72.7976, 26.3925
301.602, 241.575
153.455, 203.388
Evaluation Time: 2.40043 seconds
Resulting Fitness: 0.477778
-------------
Particle: 19:
Relays Coordinates:
254.796, 119.58
239.549, 203.149
112.609, 88.7736
368.304, 246.203
127.449, 123.46
Evaluation Time: 2.93185 seconds
Resulting Fitness: 0.625
New local best!
-------------
Particle: 20:
Relays Coordinates:
145.397, 256.912
171.907, 110.37
79.5792, 42.7903
323.436, 142.534
176.816, 274.321
Evaluation Time: 2.82839 seconds
Resulting Fitness: 0.641667
New local best!
Current global best fitness: 0.686111
Current global best relays: 163.48, 184.265
173.743, 114.127
92.6557, 49.1303
312.263, 147.371
124.366, 301.381
Particle 1 new velocities: 94.5645, 58.8261
41.767, 44.5001
26.6096, 17.9107
173.539, -100.493
-35.5436, -29.3125
Particle 2 new velocities: 45.4344, 84.7239
176.395, 46.8882
-22.6817, 2.13302
57.0987, 36.5696
78.1439, 18.5236
Particle 3 new velocities: 168.397, 156.921
-57.8946, 313.633
152.816, 167.496
113.665, 121.929
171.214, 254.771
Particle 4 new velocities: 317.67, 261.331
180.955, 152.87
90.8862, 95.7232
262.118, -28.0567
564.902, 256.245
Particle 5 new velocities: 152.748, 125.82
-88.1152, 225.714
52.1653, 46.3857
67.7663, 93.2558
175.035, -49.2969
Particle 6 new velocities: 93.3745, 64.5473
60.9724, 9.78878
38.041, 7.28125
126.568, 185.773
80.5813, 214.457
Particle 7 new velocities: 46.8787, 45.0462
111.896, 57.7139
22.4291, 63.9735
132.763, 39.5276
105.907, -71.2083
Particle 8 new velocities: 93.522, 36.5236
69.0879, 47.6454
9.05617, 54.6422
142.455, 44.7842
-18.2943, 150.102
Particle 9 new velocities: 450.516, 434.968
235.263, 152.776
93.8506, 69.7575
142.479, 58.1944
160.015, 375.826
Particle 10 new velocities: 39.631, 65.2333
67.5946, 53.8557
64.4892, 30.3716
127.883, 13.7181
231.904, 158.177
Particle 11 new velocities: 76.427, 56.278
96.5892, 19.593
62.5165, 12.5581
173.526, 33.6942
58.3741, 177.241
Particle 12 new velocities: 9.28004, 56.7402
46.269, 30.6669
24.8253, 17.6745
88.4292, -61.3954
56.3613, 151.641
Particle 13 new velocities: 50.7722, 37.7952
17.1484, 29.0511
18.357, 3.06433
92.2468, 94.8785
24.1453, 86.6053
Particle 14 new velocities: 88.3112, 108.609
93.907, 45.9541
53.5415, 28.5096
148.814, 85.4318
73.4576, 162.131
Particle 15 new velocities: 114.634, 128.449
168.757, 85.4273
128.867, 46.7558
2.72797, 130.759
88.7916, 316.255
Particle 16 new velocities: 15.7796, 101.452
77.122, 73.9699
85.4689, 32.5566
200.169, -35.093
60.0083, 123.01
Particle 17 new velocities: 65.8571, 76.3988
83.3089, 37.8471
29.9981, 7.90557
-2.60524, 63.0061
-56.827, 94.1336
Particle 18 new velocities: 40.8717, 80.0927
47.9412, 45.9476
52.6939, 35.3885
156.961, 262.725
37.6522, 169.181
Particle 19 new velocities: -77.4912, 36.3692
30.1763, -71.4216
-14.9956, -43.9586
17.7318, -72.2856
10.7066, 161.498
Particle 20 new velocities: 58.6355, 85.1521
49.8987, 26.7142
42.4138, 22.0301
72.8487, 20.1428
-15.5725, 98.2381
-- ITERATION 5 --
-------------
Particle: 1:
Relays Coordinates:
345.699, 214.766
226.898, 158.427
112.916, 72.0103
351.711, 147.489
123.711, 214.429
Evaluation Time: 2.82705 seconds
Resulting Fitness: 0.638889
-------------
Particle: 2:
Relays Coordinates:
160.255, 190.349
364.5, 139.732
212.738, 141.758
330.51, 239.244
115.992, 63.6195
Evaluation Time: 2.58131 seconds
Resulting Fitness: 0.630556
-------------
Particle: 3:
Relays Coordinates:
125.028, 103.841
78.0239, 182.975
143.017, 150.289
113.987, 91.7406
171.249, 195.139
Evaluation Time: 1.76827 seconds
Resulting Fitness: 0.336111
-------------
Particle: 4:
Relays Coordinates:
298.62, 277.596
214.741, 164.307
93.8966, 106.574
318.374, 155.931
328.05, 328.05
Evaluation Time: 2.89022 seconds
Resulting Fitness: 0.694444
New local best!
New global best!
-------------
Particle: 5:
Relays Coordinates:
205.857, 152.414
116.527, 214.152
66.9287, 123.728
177.639, 138.055
151.046, 94.5852
Evaluation Time: 1.92104 seconds
Resulting Fitness: 0.402778
-------------
Particle: 6:
Relays Coordinates:
272.345, 252.448
207.02, 126.127
78.1041, 113.087
329.843, 375.062
248.599, 393.678
Evaluation Time: 3.09751 seconds
Resulting Fitness: 0.722222
New local best!
New global best!
-------------
Particle: 7:
Relays Coordinates:
179.872, 193.007
285.044, 161.327
90.5842, 112.93
290.092, 240.299
330.316, 237.566
Evaluation Time: 2.56231 seconds
Resulting Fitness: 0.652778
New local best!
-------------
Particle: 8:
Relays Coordinates:
233.081, 221.811
188.07, 151.534
92.5646, 45.4631
373.936, 170.052
174.521, 288.439
Evaluation Time: 2.82427 seconds
Resulting Fitness: 0.666667
New local best!
-------------
Particle: 9:
Relays Coordinates:
239.148, 239.148
213.092, 117.75
78.1647, 46.2556
182.531, 142.218
117.852, 239.148
Evaluation Time: 2.55844 seconds
Resulting Fitness: 0.522222
-------------
Particle: 10:
Relays Coordinates:
138.602, 198.928
167.968, 117.995
112.947, 56.8247
296.803, 143.298
187.842, 338.73
Evaluation Time: 2.88593 seconds
Resulting Fitness: 0.677778
New local best!
-------------
Particle: 11:
Relays Coordinates:
151.183, 157.581
187.688, 80.7662
122.656, 68.7454
292.396, 122.228
117.558, 289.186
Evaluation Time: 2.39479 seconds
Resulting Fitness: 0.619444
-------------
Particle: 12:
Relays Coordinates:
206.881, 201.193
213.438, 160.946
123.569, 78.7567
362.49, 171.732
180.121, 274.77
Evaluation Time: 2.59843 seconds
Resulting Fitness: 0.686111
New local best!
-------------
Particle: 13:
Relays Coordinates:
189.56, 250.612
169.159, 144.87
125.392, 66.5393
308.616, 232.742
197.077, 355.713
Evaluation Time: 2.82563 seconds
Resulting Fitness: 0.691667
New local best!
-------------
Particle: 14:
Relays Coordinates:
164.573, 196.21
164.694, 158.4
82.1942, 42.0401
215.346, 151.569
150.696, 284.974
Evaluation Time: 2.28168 seconds
Resulting Fitness: 0.55
-------------
Particle: 15:
Relays Coordinates:
158.869, 191.128
190.576, 68.4174
99.7186, 40.8968
176.129, 178.479
130.377, 328.05
Evaluation Time: 2.46532 seconds
Resulting Fitness: 0.558333
-------------
Particle: 16:
Relays Coordinates:
209.137, 246.179
212.945, 165.043
116.256, 54.9698
349.71, 217.777
195.844, 400.057
Evaluation Time: 3.04063 seconds
Resulting Fitness: 0.669444
New local best!
-------------
Particle: 17:
Relays Coordinates:
264.11, 148.849
207.565, 123.748
70.1409, 53.4018
149.399, 192.024
83.6095, 230.524
Evaluation Time: 2.06979 seconds
Resulting Fitness: 0.475
-------------
Particle: 18:
Relays Coordinates:
83.2662, 119.248
83.902, 38.5836
60.0222, 29.5497
219.33, 239.148
91.4061, 178.199
Evaluation Time: 2.19165 seconds
Resulting Fitness: 0.413889
-------------
Particle: 19:
Relays Coordinates:
177.305, 155.949
269.725, 131.727
97.6137, 44.8149
386.036, 173.917
138.156, 284.958
Evaluation Time: 2.71493 seconds
Resulting Fitness: 0.713889
New local best!
-------------
Particle: 20:
Relays Coordinates:
148.74, 249.365
161.696, 99.9346
88.9329, 47.2541
288.892, 118.591
117.546, 271.595
Evaluation Time: 2.62427 seconds
Resulting Fitness: 0.591667
Current global best fitness: 0.722222
Current global best relays: 272.345, 252.448
207.02, 126.127
78.1041, 113.087
329.843, 375.062
248.599, 393.678
Particle 1 new velocities: -3.96732, 64.7735
29.2677, 12.1046
-1.96732, 39.8922
115.045, 69.836
78.0395, 125.192
Particle 2 new velocities: 93.3224, 64.7937
-113.598, 39.5694
29.9417, 47.494
64.7423, 146.801
206.413, 390.411
Particle 3 new velocities: 239.366, 290.689
47.4445, 452.487
44.6854, 174.27
104.994, 315.101
428.358, 498.279
Particle 4 new velocities: 249.154, 208.393
144.364, 119.36
65.5521, 77.5825
214.528, 56.2356
-51.4604, 37.5903
Particle 5 new velocities: 157.928, 105.041
238.837, 71.0793
37.5724, 98.3567
92.5253, 351.221
196.019, 48.1664
Particle 6 new velocities: 74.6996, 51.6379
48.7779, 7.83102
30.4328, 5.825
101.255, 148.618
64.465, 171.566
Particle 7 new velocities: 97.3688, 86.0156
57.1681, 37.4727
8.20862, 51.2912
135.823, 39.6505
47.2304, 29.821
Particle 8 new velocities: 104.78, 34.7627
72.0209, 16.8627
6.57172, 112.093
78.8601, 240.039
63.4171, 201.534
Particle 9 new velocities: 57.0773, 63.8499
184.449, 123.464
50.8777, 119.788
367.138, 380.8
395.928, 125.782
Particle 10 new velocities: 68.1585, 93.6281
72.4106, 49.6311
9.10407, 37.8433
113.007, 284.206
227.23, 185.763
Particle 11 new velocities: 159.403, 56.441
74.0602, 55.8921
19.9565, 10.1202
173.39, 134.163
146.524, 204.597
Particle 12 new velocities: 70.729, 110.57
34.1354, 9.11074
1.31079, 53.3028
42.8762, -6.07506
73.8334, 236.975
Particle 13 new velocities: 55.5585, 30.2668
18.2702, 15.0933
-9.06448, 26.3424
96.7575, 158.742
75.7735, 117.015
Particle 14 new velocities: 190.801, 112.139
117.168, -3.44965
24.9213, 31.8232
220.398, 284.457
84.9355, 205.211
Particle 15 new velocities: 189.48, 111.107
99.4306, 70.1243
34.1494, 112.023
113.015, 92.5262
212.287, 29.9186
Particle 16 new velocities: 81.9705, 87.1437
54.3429, 25.8049
55.3871, 36.4622
140.59, 171.948
106.152, 94.3331
Particle 17 new velocities: 80.7646, 94.5343
59.7363, 34.1597
25.2123, 52.1582
67.2553, 261.506
193.845, 115.774
Particle 18 new velocities: 59.8351, 194.862
226.047, 77.9791
46.5924, 5.42276
221.415, 138.799
150.056, 224.485
Particle 19 new velocities: -56.5229, 36.5896
22.0602, -62.2259
-12.5987, 43.247
13.841, 157.484
43.3703, 264.44
Particle 20 new velocities: 187.693, 75.5917
101.422, 61.6064
5.86199, 58.378
121.263, 40.8923
101.981, 205.237
-- ITERATION 6 --
-------------
Particle: 1:
Relays Coordinates:
307.558, 251.586
230.549, 153.479
99.8541, 100.712
420.081, 195.592
181.575, 305.658
Evaluation Time: 2.93942 seconds
Resulting Fitness: 0.741667
New local best!
New global best!
-------------
Particle: 2:
Relays Coordinates:
121.285, 122.034
120.006, 85.7594
116.073, 90.5184
189.048, 184.644
154.205, 217.161
Evaluation Time: 1.86311 seconds
Resulting Fitness: 0.366667
-------------
Particle: 3:
Relays Coordinates:
141.174, 152.849
48.609, 193.71
72.7195, 125.741
84.8375, 157.619
193.71, 193.71
Evaluation Time: 1.86953 seconds
Resulting Fitness: 0.386111
-------------
Particle: 4:
Relays Coordinates:
295.245, 286.971
212.048, 167.503
94.1529, 108.743
295.245, 125.282
163.323, 215.907
Evaluation Time: 2.73741 seconds
Resulting Fitness: 0.636111
-------------
Particle: 5:
Relays Coordinates:
214.812, 152.025
209.839, 168.426
61.7069, 131.139
159.53, 288.912
204.939, 84.2934
Evaluation Time: 2.40794 seconds
Resulting Fitness: 0.483333
-------------
Particle: 6:
Relays Coordinates:
252.996, 221.679
186.477, 97.6553
79.1234, 86.687
314.27, 364.5
228.224, 364.5
Evaluation Time: 2.805 seconds
Resulting Fitness: 0.675
-------------
Particle: 7:
Relays Coordinates:
202.109, 203.408
249.473, 144.925
72.02, 119.717
310.492, 204.083
275.231, 194.925
Evaluation Time: 2.32202 seconds
Resulting Fitness: 0.513889
-------------
Particle: 8:
Relays Coordinates:
221.67, 168.338
170.646, 110.485
65.0434, 103.373
297.08, 269.06
156.111, 321.471
Evaluation Time: 3.06837 seconds
Resulting Fitness: 0.647222
-------------
Particle: 9:
Relays Coordinates:
194.354, 198.797
260.827, 158.261
84.6647, 108.941
328.05, 328.05
328.05, 239.431
Evaluation Time: 3.04266 seconds
Resulting Fitness: 0.705556
New local best!
-------------
Particle: 10:
Relays Coordinates:
122.09, 172.752
141.941, 98.9813
72.0701, 55.9005
241.988, 252.437
245.096, 295.245
Evaluation Time: 2.14342 seconds
Resulting Fitness: 0.508333
-------------
Particle: 11:
Relays Coordinates:
165.058, 113.74
139.104, 72.6258
75.7899, 41.9124
247.538, 136.257
140.344, 262.416
Evaluation Time: 2.58711 seconds
Resulting Fitness: 0.569444
-------------
Particle: 12:
Relays Coordinates:
224.864, 252.528
200.534, 137.746
101.153, 106.968
328.347, 134.183
205.703, 405
Evaluation Time: 2.95774 seconds
Resulting Fitness: 0.744444
New local best!
New global best!
-------------
Particle: 13:
Relays Coordinates:
178.691, 204.76
136.636, 116.613
84.803, 67.7108
295.518, 285.392
198.908, 344.619
Evaluation Time: 2.95838 seconds
Resulting Fitness: 0.6
-------------
Particle: 14:
Relays Coordinates:
259.068, 224.786
205.477, 112.959
78.0872, 53.8464
317.657, 317.863
171.775, 357.345
Evaluation Time: 3.27333 seconds
Resulting Fitness: 0.747222
New local best!
New global best!
-------------
Particle: 15:
Relays Coordinates:
253.946, 220.329
211.415, 100.997
97.5897, 111.478
210.786, 197.563
249.802, 260.959
Evaluation Time: 2.19753 seconds
Resulting Fitness: 0.538889
-------------
Particle: 16:
Relays Coordinates:
212.217, 242.992
194.853, 139.128
125.128, 66.6539
357.429, 284.11
220.156, 360.411
Evaluation Time: 3.00899 seconds
Resulting Fitness: 0.741667
New local best!
-------------
Particle: 17:
Relays Coordinates:
279.349, 197.14
216.514, 127.905
77.236, 85.5036
175.49, 367.36
224.738, 280.502
Evaluation Time: 2.97702 seconds
Resulting Fitness: 0.730556
New local best!
-------------
Particle: 18:
Relays Coordinates:
84.4999, 185.479
183.022, 68.8291
62.9549, 20.6509
260.255, 223.174
142.581, 237.781
Evaluation Time: 2.63541 seconds
Resulting Fitness: 0.491667
-------------
Particle: 19:
Relays Coordinates:
64.1886, 102.323
155.067, 36.9357
45.1804, 46.7997
212.511, 176.12
96.4705, 265.721
Evaluation Time: 2.35547 seconds
Resulting Fitness: 0.519444
-------------
Particle: 20:
Relays Coordinates:
245.26, 236.893
191.813, 117.763
69.1055, 77.0058
299.003, 116.263
160.035, 347.611
Evaluation Time: 2.98206 seconds
Resulting Fitness: 0.736111
New local best!
Current global best fitness: 0.747222
Current global best relays: 259.068, 224.786
205.477, 112.959
78.0872, 53.8464
317.657, 317.863
171.775, 357.345
Particle 1 new velocities: -51.4538, 49.4592
11.6816, -22.3051
-6.18082, 6.1635
65.7198, 161.038
52.2675, 156.771
Particle 2 new velocities: 182.707, 135.402
271.557, 90.3489
121.813, 111.369
322.205, 394.894
147.146, 111.29
Particle 3 new velocities: 220.886, 152.425
183.566, -58.1215
206.393, 143.277
376.065, 275.947
93.0206, 346.14
Particle 4 new velocities: -34.8963, 116.297
112.093, 28.0681
42.1986, 17.4396
36.7723, 156.204
239.102, 200.953
Particle 5 new velocities: 148.018, 75.5931
247.311, 48.3676
31.4395, 186.109
232.998, 148.29
91.9521, 170.709
Particle 6 new velocities: 97.0582, 55.6102
59.1964, 27.3267
23.397, 19.1373
110.664, -39.8814
26.028, 41.2325
Particle 7 new velocities: 74.1185, 68.2305
39.1251, 20.0802
19.1736, -37.1723
96.5514, 77.8542
65.7158, 279.101
Particle 8 new velocities: 123.988, 140.365
72.7771, 19.6143
64.6631, -35.767
176.262, 160.567
78.0843, 130.172
Particle 9 new velocities: 100.114, 72.4436
95.2573, 86.1161
35.9697, 26.6248
-10.919, -0.223555
-151.345, 151.887
Particle 10 new velocities: 70.1254, 166.461
101.245, 78.4767
34.4482, 30.3099
159.727, 85.8711
86.3639, 103.198
Particle 11 new velocities: 160.555, 135.545
101.392, 148.19
23.3637, 20.6349
271.181, 233.156
104.027, 256.796
Particle 12 new velocities: 86.6403, 54.6387
33.0024, -7.88874
-2.01196, 28.8216
29.6533, 43.9626
57.3438, -4.79547
Particle 13 new velocities: 87.1768, 90.915
47.5215, 18.3918
56.2709, 20.2618
118.96, 53.2406
58.3977, 108.575
Particle 14 new velocities: 152.641, 89.7109
93.7341, -2.75972
19.937, 25.4586
176.319, 227.565
67.9484, 164.169
Particle 15 new velocities: -39.1168, 93.7253
-72.9058, -6.68974
-28.3128, -47.7111
222.065, 88.0599
-131.107, 42.7322
Particle 16 new velocities: 98.078, 56.3676
44.0305, 4.68418
32.3273, 27.7511
68.4672, 177.337
78.6117, 72.7495
Particle 17 new velocities: 64.1955, 90.2116
38.7788, 13.1273
20.6281, 25.1784
199.034, 167.164
111.788, 158.07
Particle 18 new velocities: 58.3114, 187.657
85.6323, 22.2478
41.5182, 15.2777
90.9547, 312.286
204.843, 260.646
Particle 19 new velocities: 226.653, 251.988
104.624, 192.237
58.4821, 34.6017
83.0162, 217.995
102.397, 32.1377
Particle 20 new velocities: 156.739, 51.6945
97.0116, 44.3071
13.4334, 22.7566
105.296, 125.407
90.3164, 165.028
-- ITERATION 7 --
-------------
Particle: 1:
Relays Coordinates:
151.227, 177.764
143.035, 77.4567
55.3132, 63.109
286.86, 210.586
138.082, 273.06
Evaluation Time: 2.86953 seconds
Resulting Fitness: 0.575
-------------
Particle: 2:
Relays Coordinates:
145.398, 123.131
187.283, 84.2321
113.78, 96.5623
239.148, 239.148
144.135, 157.097
Evaluation Time: 2.15275 seconds
Resulting Fitness: 0.477778
-------------
Particle: 3:
Relays Coordinates:
192.413, 162.235
123.387, 72.0574
148.332, 142.967
244.943, 230.415
152.381, 265.721
Evaluation Time: 2.28746 seconds
Resulting Fitness: 0.541667
-------------
Particle: 4:
Relays Coordinates:
189.794, 293.982
236.299, 142.571
99.4002, 91.9869
242.041, 205.204
293.368, 303.891
Evaluation Time: 2.79507 seconds
Resulting Fitness: 0.655556
-------------
Particle: 5:
Relays Coordinates:
156.186, 97.982
196.788, 93.3227
40.0964, 136.565
168.97, 188.201
127.802, 109.77
Evaluation Time: 2.01461 seconds
Resulting Fitness: 0.388889
-------------
Particle: 6:
Relays Coordinates:
283.544, 224.604
198.995, 101.235
83.0416, 85.7177
344.196, 262.941
205.944, 328.643
Evaluation Time: 3.12335 seconds
Resulting Fitness: 0.686111
-------------
Particle: 7:
Relays Coordinates:
181.233, 178.222
189.349, 108.26
59.8321, 54.1575
267.061, 184.979
223.695, 311.009
Evaluation Time: 2.61033 seconds
Resulting Fitness: 0.6
-------------
Particle: 8:
Relays Coordinates:
251.985, 225.045
177.455, 94.8426
94.556, 49.2845
345.066, 313.198
170.728, 329.248
Evaluation Time: 3.12914 seconds
Resulting Fitness: 0.736111
New local best!
-------------
Particle: 9:
Relays Coordinates:
193.2, 177.961
233.627, 160.336
79.1482, 88.9449
208.07, 215.087
115.936, 256.744
Evaluation Time: 2.22565 seconds
Resulting Fitness: 0.555556
-------------
Particle: 10:
Relays Coordinates:
172.994, 305.291
218.868, 159.712
95.8665, 77.5894
361.544, 304.477
298.314, 358.598
Evaluation Time: 2.92038 seconds
Resulting Fitness: 0.65
-------------
Particle: 11:
Relays Coordinates:
173.044, 132.481
127.809, 117.351
52.6943, 33.2402
265.721, 196.321
129.869, 265.721
Evaluation Time: 2.5265 seconds
Resulting Fitness: 0.586111
-------------
Particle: 12:
Relays Coordinates:
280.354, 276.45
210.183, 116.871
89.2267, 122.211
322.2, 160.331
236.742, 360.184
Evaluation Time: 2.94868 seconds
Resulting Fitness: 0.727778
-------------
Particle: 13:
Relays Coordinates:
215.353, 239.497
149.168, 109.354
114.27, 71.2578
335.727, 274.292
208.418, 367.087
Evaluation Time: 3.00866 seconds
Resulting Fitness: 0.736111
New local best!
-------------
Particle: 14:
Relays Coordinates:
243.11, 185.707
176.681, 65.0714
57.8823, 46.8288
291.688, 295.245
141.554, 295.245
Evaluation Time: 2.76098 seconds
Resulting Fitness: 0.641667
-------------
Particle: 15:
Relays Coordinates:
140.95, 206.051
90.876, 61.8749
45.4526, 41.8376
283.993, 187.397
77.876, 199.252
Evaluation Time: 2.29715 seconds
Resulting Fitness: 0.505556
-------------
Particle: 16:
Relays Coordinates:
251.339, 242.481
193.495, 116.488
127.538, 76.468
344.976, 373.772
242.002, 350.86
Evaluation Time: 2.75824 seconds
Resulting Fitness: 0.658333
-------------
Particle: 17:
Relays Coordinates:
309.19, 258.617
229.763, 126.929
88.0777, 99.6138
337.072, 450
302.874, 394.715
Evaluation Time: 2.70385 seconds
Resulting Fitness: 0.647222
-------------
Particle: 18:
Relays Coordinates:
68.3062, 178.47
128.496, 43.5618
49.9691, 17.1845
167.983, 239.148
166.172, 238.396
Evaluation Time: 2.09951 seconds
Resulting Fitness: 0.375
-------------
Particle: 19:
Relays Coordinates:
190.821, 232.463
170.383, 150.36
68.013, 53.4075
193.896, 258.579
130.477, 195.425
Evaluation Time: 2.34162 seconds
Resulting Fitness: 0.436111
-------------
Particle: 20:
Relays Coordinates:
237.376, 170.408
170.548, 95.701
48.7384, 58.9087
238.735, 142.704
147.83, 295.245
Evaluation Time: 2.70314 seconds
Resulting Fitness: 0.625
Current global best fitness: 0.747222
Current global best relays: 259.068, 224.786
205.477, 112.959
78.0872, 53.8464
317.657, 317.863
171.775, 357.345
Particle 1 new velocities: 122.78, 153.804
68.0633, 32.9104
69.7694, 60.7121
235.53, 242.15
62.273, 183.024
Particle 2 new velocities: 278.697, 246.991
482.529, 138.939
222.932, 166.047
20.9035, 141.064
34.6392, 198.357
Particle 3 new velocities: 191.373, 81.8006
452.598, 263.105
131.078, 80.8553
123.133, 304.196
162.275, 133.077
Particle 4 new velocities: 128.307, 28.3272
73.4571, 46.4159
22.2935, 0.530887
81.4878, 82.3532
205.491, 254.808
Particle 5 new velocities: 190.544, 202.064
288.809, 62.5432
20.3716, 128.9
334.462, 148.055
100.028, 237.208
Particle 6 new velocities: 33.4822, 87.9082
55.1118, 42.3186
10.8126, 42.6596
66.1737, 150.686
48.0369, 127.088
Particle 7 new velocities: 143.074, 102.095
88.5064, 48.9261
29.9338, -28.2656
124.464, 202.441
87.6641, 158.717
Particle 8 new velocities: 100.073, 112.263
68.1362, 16.6255
34.4759, -25.6313
136.906, 130.355
62.6092, 128.215
Particle 9 new velocities: 116.651, 131.778
85.4851, 23.9891
32.935, 8.95266
189.566, 202.146
269.715, 236.478
Particle 10 new velocities: 115.025, -53.0424
4.23576, 38.82
36.2599, -8.10669
66.8701, -89.403
-157.437, 48.3068
Particle 11 new velocities: 169.644, 280.589
162.508, 113.647
66.7095, 56.5562
113.574, 271.937
87.3481, 85.1714
Particle 12 new velocities: 5.35025, 33.5629
14.1418, 3.82104
10.9168, -55.5233
20.3529, 65.2713
0.674629, 23.3842
Particle 13 new velocities: 122.777, 54.7012
93.2528, 18.673
25.2463, -5.24767
94.1284, 50.4175
9.40803, 74.4923
Particle 14 new velocities: 137.552, 161.251
134.172, 78.9482
34.6961, 34.0571
176.589, 15.6079
99.0008, 104.554
Particle 15 new velocities: -59.8145, 89.6584
22.8375, 3.51782
-36.0254, -27.9968
176.04, 227.922
38.5936, 244.236
Particle 16 new velocities: 32.5193, 25.699
42.9987, 6.38823
-0.0845498, -2.50038
40.1701, 62.6108
-15.14, 64.9208
Particle 17 new velocities: 0.214507, -7.90708
0.886122, 1.01553
15.491, -6.03408
-94.5501, -80.1616
49.9409, -86.3079
Particle 18 new velocities: 180.856, 205.792
140.311, 75.7244
35.4376, 22.9163
62.8124, 127.838
177.541, 215.811
Particle 19 new velocities: 183.24, 153.876
154.179, 104.433
87.0213, 21.2806
153.102, 126.664
116.713, 302.29
Particle 20 new velocities: 135.333, 164.326
114.755, 70.3754
44.4858, 37.0651
147.896, 200.973
83.1356, 117.114
-- ITERATION 8 --
-------------
Particle: 1:
Relays Coordinates:
161.799, 195.788
124.651, 65.1707
73.86, 73.1152
295.245, 267.336
118.308, 269.313
Evaluation Time: 2.63786 seconds
Resulting Fitness: 0.555556
-------------
Particle: 2:
Relays Coordinates:
164.303, 143.393
193.71, 86.4609
130.449, 101.74
100.749, 147.302
69.2608, 137.71
Evaluation Time: 1.78593 seconds
Resulting Fitness: 0.355556
-------------
Particle: 3:
Relays Coordinates:
165.208, 105.049
215.234, 144.276
120.277, 96.3483
158.444, 215.234
135.449, 171.669
Evaluation Time: 1.92841 seconds
Resulting Fitness: 0.411111
-------------
Particle: 4:
Relays Coordinates:
187.836, 190.321
182.908, 111.595
71.8589, 54.6308
191.04, 169.799
294.571, 295.245
Evaluation Time: 2.41999 seconds
Resulting Fitness: 0.525
-------------
Particle: 5:
Relays Coordinates:
184.266, 159.457
258.066, 82.8335
32.1352, 141.079
265.721, 178.7
121.078, 184.399
Evaluation Time: 2.37892 seconds
Resulting Fitness: 0.525
-------------
Particle: 6:
Relays Coordinates:
256.791, 253.135
205.827, 116.279
76.0218, 103.986
332.4, 335.038
205.725, 369.143
Evaluation Time: 3.01168 seconds
Resulting Fitness: 0.733333
New local best!
-------------
Particle: 7:
Relays Coordinates:
212.778, 183.916
182.301, 103.13
58.8954, 16.9877
256.88, 254.186
204.283, 308.187
Evaluation Time: 2.73896 seconds
Resulting Fitness: 0.563889
-------------
Particle: 8:
Relays Coordinates:
207.886, 199.177
145.019, 65.8208
76.192, 13.9669
284.6, 261.914
137.783, 270.127
Evaluation Time: 2.55816 seconds
Resulting Fitness: 0.583333
-------------
Particle: 9:
Relays Coordinates:
203.293, 203.22
209.369, 120.935
73.5378, 64.2306
260.888, 273.747
253.026, 323.603
Evaluation Time: 2.51794 seconds
Resulting Fitness: 0.561111
-------------
Particle: 10:
Relays Coordinates:
188.969, 165.5
146.378, 130.257
86.6881, 45.5876
281.082, 141.11
92.4293, 266.97
Evaluation Time: 2.44249 seconds
Resulting Fitness: 0.563889
-------------
Particle: 11:
Relays Coordinates:
224.838, 271.015
190.477, 151.558
78.3408, 58.9154
248.855, 307.224
142.516, 230.22
Evaluation Time: 2.20184 seconds
Resulting Fitness: 0.494444
-------------
Particle: 12:
Relays Coordinates:
257.134, 279.012
201.892, 108.623
90.1291, 60.0187
308.298, 203.042
213.675, 345.211
Evaluation Time: 2.75223 seconds
Resulting Fitness: 0.661111
-------------
Particle: 13:
Relays Coordinates:
246.497, 214.471
176.724, 93.3319
101.707, 48.1214
313.364, 236.713
158.795, 321.911
Evaluation Time: 3.04008 seconds
Resulting Fitness: 0.683333
-------------
Particle: 14:
Relays Coordinates:
249.752, 227.639
203.95, 94.4912
60.7407, 53.0693
307.236, 203.951
157.828, 262.308
Evaluation Time: 2.91431 seconds
Resulting Fitness: 0.622222
-------------
Particle: 15:
Relays Coordinates:
34.926, 127.293
48.9499, 28.1494
4.05812, 5.95803
198.029, 178.781
50.1363, 190.907
Evaluation Time: 2.15278 seconds
Resulting Fitness: 0.372222
-------------
Particle: 16:
Relays Coordinates:
255.473, 241.362
212.845, 110.589
114.709, 66.5709
346.631, 392.745
204.175, 374.202
Evaluation Time: 3.08159 seconds
Resulting Fitness: 0.719444
-------------
Particle: 17:
Relays Coordinates:
309.404, 250.709
230.649, 127.945
103.569, 93.5797
242.522, 369.838
352.815, 308.407
Evaluation Time: 3.18953 seconds
Resulting Fitness: 0.744444
New local best!
-------------
Particle: 18:
Relays Coordinates:
147.128, 226.903
158.728, 70.4373
50.4319, 23.6792
136.282, 216.702
202.959, 268.205
Evaluation Time: 2.1131 seconds
Resulting Fitness: 0.441667
-------------
Particle: 19:
Relays Coordinates:
220.879, 228.129
191.65, 150.453
91.5462, 44.1026
204.898, 227.482
145.963, 293.896
Evaluation Time: 2.42964 seconds
Resulting Fitness: 0.533333
-------------
Particle: 20:
Relays Coordinates:
271.705, 244.021
207.986, 121.07
67.9604, 69.9649
281.854, 250.54
168.374, 300.61
Evaluation Time: 2.59962 seconds
Resulting Fitness: 0.605556
Current global best fitness: 0.747222
Current global best relays: 259.068, 224.786
205.477, 112.959
78.0872, 53.8464
317.657, 317.863
171.775, 357.345
Particle 1 new velocities: 141.501, 208.083
97.7036, 134.302
85.8438, 59.0395
104.007, 156.022
149.043, 213.334
Particle 2 new velocities: 310.827, 315.94
155.903, 210.833
421.936, 239.014
289.307, 354.807
74.386, 110.174
Particle 3 new velocities: 121.234, 103.759
157.224, 673.445
121.319, 156.768
262.456, 53.7883
352.658, 538.29
Particle 4 new velocities: 278.732, 53.4258
133.533, 113.368
51.9278, 38.1028
297.999, 96.1159
139.588, 44.5755
Particle 5 new velocities: 175.945, 194.754
195.54, 120.181
27.1871, 256.107
-167.371, 264.715
99.6499, 184.353
Particle 6 new velocities: 27.1776, 60.5542
44.0562, 29.9248
9.21403, 24.5442
52.8038, 113.265
-3.90875, 100.646
Particle 7 new velocities: 132.518, 137.28
165.186, 121.96
35.6661, 152.445
150.486, 214.778
76.0243, 116.486
Particle 8 new velocities: 171.308, 133.291
91.5445, 92.3341
37.6649, 13.6338
149.241, 175.658
95.1295, 175.519
Particle 9 new velocities: 112.785, 113.503
99.3639, 28.0286
40.0521, 78.3015
221.806, 211.478
136.031, 71.0544
Particle 10 new velocities: 97.2889, 35.715
62.3256, 17.3785
31.3376, 4.77697
100.845, 52.2159
-67.6003, 198.904
Particle 11 new velocities: 93.4014, 64.0857
130.135, 7.64756
77.5676, 25.2326
146.109, -47.9126
97.7519, 144.511
Particle 12 new velocities: -38.9286, -63.7782
14.0241, 43.5929
14.5772, 12.0172
26.9061, -17.8117
-17.5006, 123.227
Particle 13 new velocities: 97.8612, 82.4903
90.5217, 35.9642
23.2631, 29.9946
100.348, 142.378
66.406, 117.538
Particle 14 new velocities: 119.498, 124.693
108.837, 100.943
57.8579, 27.9375
150.338, 323.01
93.809, 112.448
Particle 15 new velocities: 205.251, 129.181
89.942, 111.776
37.7643, 49.7257
265.673, 268.726
125.203, 336.842
Particle 16 new velocities: 24.5943, 19.4513
21.7071, 29.2997
-28.5877, -11.04
17.5134, -103.31
-4.2929, 33.0978
Particle 17 new velocities: -23.6864, -24.1934
-13.1708, -2.84434
12.2386, -52.5796
-7.84773, -128.527
-152.843, -40.7175
Particle 18 new velocities: 105.298, 88.8416
116.956, 65.443
53.2821, 37.1312
87.5053, 357.05
97.6849, 177.76
Particle 19 new velocities: 119.172, 4.16385
224.498, 20.8058
55.9674, 22.5227
282.804, 38.0473
105.625, 292.582
Particle 20 new velocities: 53.3081, 106.014
67.1901, 47.866
39.683, 26.9653
174.163, 160.526
66.7682, 173.503
-- ITERATION 9 --
-------------
Particle: 1:
Relays Coordinates:
198.995, 264.979
145.887, 130.874
104.782, 86.7067
261.949, 277.766
175.409, 316.665
Evaluation Time: 2.3896 seconds
Resulting Fitness: 0.541667
-------------
Particle: 2:
Relays Coordinates:
252.504, 244.108
185.799, 157.994
265.721, 181.091
207.292, 265.721
76.3398, 131.736
Evaluation Time: 2.345 seconds
Resulting Fitness: 0.552778
-------------
Particle: 3:
Relays Coordinates:
123.304, 89.8852
160.331, 215.234
103.999, 108.958
181.184, 115.805
210.114, 215.234
Evaluation Time: 1.94129 seconds
Resulting Fitness: 0.436111
-------------
Particle: 4:
Relays Coordinates:
306.115, 159.922
207.617, 147.598
81.2165, 60.8426
320.858, 174.467
284.852, 222.956
Evaluation Time: 2.42373 seconds
Resulting Fitness: 0.536111
-------------
Particle: 5:
Relays Coordinates:
125.598, 123.506
158.163, 70.7868
20.6844, 138.49
34.2923, 154.609
76.963, 128.576
Evaluation Time: 1.65852 seconds
Resulting Fitness: 0.297222
-------------
Particle: 6:
Relays Coordinates:
230.015, 254.088
202.405, 118.425
69.0411, 104.109
312.015, 363.125
163.471, 380.529
Evaluation Time: 3.05752 seconds
Resulting Fitness: 0.741667
New local best!
-------------
Particle: 7:
Relays Coordinates:
203.893, 189.663
205.188, 132.913
55.8376, 100.048
240.546, 276.919
165.519, 250.765
Evaluation Time: 2.50562 seconds
Resulting Fitness: 0.511111
-------------
Particle: 8:
Relays Coordinates:
248.79, 218.132
155.209, 103.765
74.7015, 18.1088
284.642, 287.091
152.814, 292.389
Evaluation Time: 2.77816 seconds
Resulting Fitness: 0.591667
-------------
Particle: 9:
Relays Coordinates:
230.421, 230.891
225.067, 108.595
82.807, 103.906
351.884, 353.729
283.623, 287.705
Evaluation Time: 3.01082 seconds
Resulting Fitness: 0.65
-------------
Particle: 10:
Relays Coordinates:
110.902, 77.955
80.8561, 57.197
45.7256, 19.5123
147.966, 74.8985
9.61928, 180.489
Evaluation Time: 1.64668 seconds
Resulting Fitness: 0.277778
-------------
Particle: 11:
Relays Coordinates:
257.774, 271.432
259.696, 128.956
126.286, 68.1599
319.92, 210.042
194.617, 303.532
Evaluation Time: 3.12426 seconds
Resulting Fitness: 0.675
-------------
Particle: 12:
Relays Coordinates:
128.848, 127.093
127.497, 89.882
61.828, 42.5365
197.934, 109.376
115.839, 276.608
Evaluation Time: 2.26729 seconds
Resulting Fitness: 0.516667
-------------
Particle: 13:
Relays Coordinates:
278.93, 240.538
216.469, 104.73
101.226, 63.274
335.107, 307.064
182.413, 355.954
Evaluation Time: 3.10979 seconds
Resulting Fitness: 0.725
-------------
Particle: 14:
Relays Coordinates:
242.265, 231.165
205.22, 128.224
77.8125, 53.1485
300.215, 328.05
165.099, 245.877
Evaluation Time: 2.46528 seconds
Resulting Fitness: 0.588889
-------------
Particle: 15:
Relays Coordinates:
114.876, 122.671
66.4316, 66.9258
20.0035, 26.6333
221.787, 214.041
83.8641, 239.148
Evaluation Time: 2.15144 seconds
Resulting Fitness: 0.436111
-------------
Particle: 16:
Relays Coordinates:
252.06, 234.732
211.097, 125.9
77.5087, 49.9778
327.73, 260.491
179.894, 366.57
Evaluation Time: 3.31062 seconds
Resulting Fitness: 0.663889
-------------
Particle: 17:
Relays Coordinates:
285.718, 226.516
217.479, 125.1
115.807, 41.0001
234.674, 241.311
199.972, 267.689
Evaluation Time: 2.5513 seconds
Resulting Fitness: 0.6
-------------
Particle: 18:
Relays Coordinates:
204.465, 255.753
223.304, 110.063
84.0083, 49.2564
181.268, 405
243.522, 361.231
Evaluation Time: 3.098 seconds
Resulting Fitness: 0.625
New local best!
-------------
Particle: 19:
Relays Coordinates:
180.717, 123.45
221.158, 91.0139
78.3948, 35.4074
259.185, 141.113
133.704, 265.721
Evaluation Time: 2.59127 seconds
Resulting Fitness: 0.594444
-------------
Particle: 20:
Relays Coordinates:
263.261, 283.528
222.892, 136.838
87.1912, 78.5135
369.374, 332.964
190.465, 384.031
Evaluation Time: 3.12366 seconds
Resulting Fitness: 0.702778
Current global best fitness: 0.747222
Current global best relays: 259.068, 224.786
205.477, 112.959
78.0872, 53.8464
317.657, 317.863
171.775, 357.345
Particle 1 new velocities: 258.542, 140.229
192.298, 125.513
26.1979, 25.3469
361.555, 145.96
116.486, 171.954
Particle 2 new velocities: 135.701, 191.525
226.878, 148.728
43.7852, 185.119
470.867, 62.82
132.33, 150.128
Particle 3 new velocities: 156.332, 168.152
256.562, 28.1746
213.62, 144.742
168.487, 173.382
270.931, 261.559
Particle 4 new velocities: 175.528, 154.681
115.24, 70.8583
58.4001, 46.9255
235.603, 247.873
15.3312, 282.65
Particle 5 new velocities: 360.386, 221.577
298.834, 256.542
35.5604, 434.165
98.676, 330.795
193.002, 260.406
Particle 6 new velocities: 52.6681, 46.8429
37.2809, 18.5164
18.2368, -16.0052
48.504, 56.5079
-3.10926, 62.0478
Particle 7 new velocities: 107.617, 140.641
263.917, 109.622
84.5712, 118.308
239.26, 208.213
182.186, 103.942
Particle 8 new velocities: 149.655, 121.798
131.874, 68.4101
41.1211, 63.7488
163.243, 167.617
94.1276, 244.934
Particle 9 new velocities: 76.2956, 65.3223
105.235, 54.1579
27.4459, 57.9507
167.285, 118.379
84.9753, -0.119859
Particle 10 new velocities: 115.985, 178.581
127.176, 97.6227
73.1757, 62.6763
121.412, 104.834
117.103, 434.843
Particle 11 new velocities: -68.0625, -73.4807
-2.08029, -8.52324
-27.3461, 4.56197
104.89, -2.67148
28.2621, 158.402
Particle 12 new velocities: 207.43, 121.854
134.228, 85.0167
31.7239, 26.2105
166.959, 81.505
121.933, 183.038
Particle 13 new velocities: -3.98021, 56.6932
-16.4531, 39.4205
5.14626, 29.1947
69.241, 75.1972
87.1547, 111.914
Particle 14 new velocities: 117.557, 89.2095
87.264, 40.8347
46.8357, 23.8347
161.058, -23.2601
78.9796, 218.071
Particle 15 new velocities: 304.032, 177.591
218.652, 123.705
83.0556, 47.8899
274.051, 199.075
205.467, 157.32
Particle 16 new velocities: -42.0895, 17.9102
7.64533, 45.2787
20.9428, -7.26571
28.356, -38.317
45.547, 14.7749
Particle 17 new velocities: -30.0004, -2.55764
-7.65323, -2.52586
-33.1916, -26.8515
51.4342, 23.7042
-39.663, 32.4584
Particle 18 new velocities: 95.1956, 47.673
77.4433, 54.5624
40.6668, 34.7348
77.0758, -106.363
-4.53512, 137.619
Particle 19 new velocities: 171.124, 71.6324
199.725, 86.2421
45.5701, 43.549
375.748, 288.037
113.36, 83.6558
Particle 20 new velocities: 15.5417, -57.9303
14.827, -14.8486
1.2409, 12.7519
118.574, 89.6847
16.1462, 79.9888
-- ITERATION 10 --
-------------
Particle: 1:
Relays Coordinates:
270.171, 239.272
199.695, 151.394
77.3421, 66.1665
295.245, 250.206
172.361, 288.524
Evaluation Time: 2.81152 seconds
Resulting Fitness: 0.605556
-------------
Particle: 2:
Relays Coordinates:
167.109, 187.526
177.644, 132.034
133.232, 157.641
215.234, 141.426
89.8255, 121.333
Evaluation Time: 1.98848 seconds
Resulting Fitness: 0.402778
-------------
Particle: 3:
Relays Coordinates:
108.336, 99.9691
161.513, 94.3013
123.052, 98.2886
135.469, 112.037
186.367, 184.719
Evaluation Time: 1.94733 seconds
Resulting Fitness: 0.372222
-------------
Particle: 4:
Relays Coordinates:
316.006, 206.411
211.826, 143.329
91.6025, 70.7067
328.05, 277.098
196.95, 328.05
Evaluation Time: 3.26658 seconds
Resulting Fitness: 0.730556
New local best!
-------------
Particle: 5:
Relays Coordinates:
152.507, 108.291
143.411, 102.719
17.6502, 156.905
41.7269, 152.325
84.7179, 122.067
Evaluation Time: 1.77084 seconds
Resulting Fitness: 0.291667
-------------
Particle: 6:
Relays Coordinates:
228.973, 243.754
194.146, 110.922
70.6951, 71.3643
292.02, 339.903
129.893, 358.487
Evaluation Time: 2.92748 seconds
Resulting Fitness: 0.683333
-------------
Particle: 7:
Relays Coordinates:
183.944, 195.041
277.002, 143.214
82.91, 128.937
283.321, 286.465
205.316, 209.451
Evaluation Time: 2.62764 seconds
Resulting Fitness: 0.608333
-------------
Particle: 8:
Relays Coordinates:
290.466, 247.809
209.284, 125.516
84.4347, 59.6742
326.509, 331.482
180.021, 364.5
Evaluation Time: 3.39537 seconds
Resulting Fitness: 0.708333
-------------
Particle: 9:
Relays Coordinates:
201.237, 194.346
216.711, 106.782
72.337, 106.194
328.05, 309.75
241.837, 188.685
Evaluation Time: 2.59027 seconds
Resulting Fitness: 0.608333
-------------
Particle: 10:
Relays Coordinates:
120.577, 136.334
110.557, 82.2775
63.189, 43.6784
143.159, 95.5172
67.3456, 265.721
Evaluation Time: 1.77324 seconds
Resulting Fitness: 0.330556
-------------
Particle: 11:
Relays Coordinates:
100.82, 105.199
136.908, 64.003
52.5806, 38.6474
225.762, 110.205
118.447, 245.49
Evaluation Time: 2.10306 seconds
Resulting Fitness: 0.491667
-------------
Particle: 12:
Relays Coordinates:
220.632, 163.335
171.717, 114.751
61.3794, 45.1049
239.406, 125.237
156.002, 301.574
Evaluation Time: 2.47223 seconds
Resulting Fitness: 0.588889
-------------
Particle: 13:
Relays Coordinates:
247.455, 267.508
180.015, 129.735
95.735, 83.2218
363.913, 344.035
242.611, 421.081
Evaluation Time: 3.00276 seconds
Resulting Fitness: 0.680556
-------------
Particle: 14:
Relays Coordinates:
262.31, 233.553
213.221, 123.244
90.8685, 56.1208
336.268, 222.192
177.933, 338.218
Evaluation Time: 3.30759 seconds
Resulting Fitness: 0.752778
New local best!
New global best!
-------------
Particle: 15:
Relays Coordinates:
274.845, 197.002
187.044, 125.073
67.6171, 48.8947
325.32, 271.046
189.83, 260.123
Evaluation Time: 2.83533 seconds
Resulting Fitness: 0.669444
New local best!
-------------
Particle: 16:
Relays Coordinates:
170.076, 204.64
177.181, 138.654
79.7457, 34.5968
288.43, 179.961
182.607, 308.89
Evaluation Time: 2.94713 seconds
Resulting Fitness: 0.638889
-------------
Particle: 17:
Relays Coordinates:
230.146, 201.563
188.843, 110.317
74.3542, 12.7337
257.497, 238.514
144.278, 270.133
Evaluation Time: 2.70704 seconds
Resulting Fitness: 0.552778
-------------
Particle: 18:
Relays Coordinates:
218.453, 221.198
219.245, 120.012
90.8882, 61.2296
188.333, 217.706
174.221, 363.662
Evaluation Time: 2.85011 seconds
Resulting Fitness: 0.647222
New local best!
-------------
Particle: 19:
Relays Coordinates:
186.983, 103.675
223.675, 94.2011
65.88, 41.9607
265.721, 228.068
131.3, 185.673
Evaluation Time: 2.24324 seconds
Resulting Fitness: 0.519444
-------------
Particle: 20:
Relays Coordinates:
148.167, 119.892
126.334, 64.8301
46.9964, 48.5022
259.316, 224.613
109.802, 246.599
Evaluation Time: 2.40213 seconds
Resulting Fitness: 0.488889
Current global best fitness: 0.752778
Current global best relays: 262.31, 233.553
213.221, 123.244
90.8685, 56.1208
336.268, 222.192
177.933, 338.218
Particle 1 new velocities: 256.455, 125.869
168.48, 83.876
58.3076, 20.1705
54.7812, 103.145
113.5, 153.156
Particle 2 new velocities: 209.249, 181.756
218.017, 126.814
75.6417, 159.531
230.44, 385.016
196.554, 192.526
Particle 3 new velocities: 321.231, 263.24
604.165, 146.936
192.741, 208.437
322.816, 247.47
255.965, 447.013
Particle 4 new velocities: 114.722, 141.62
93.5152, 37.5833
45.7935, 23.0095
6.12171, 148.03
2.32853, 9.27508
Particle 5 new velocities: 450.487, 240.304
314.776, 325.527
88.0231, 81.8906
533.635, 381.726
204.752, 140.622
Particle 6 new velocities: 69.7044, 32.6886
58.2041, 22.5798
33.6934, 12.4325
86.0406, -8.9827
9.49857, 61.1806
Particle 7 new velocities: 89.1479, 119.719
157.244, 91.7296
72.1561, -8.94853
199.494, 112.067
113.504, 213.644
Particle 8 new velocities: 87.1412, 77.9206
88.2705, 31.4981
35.2423, 34.8573
146.869, 109.432
71.2422, -66.9281
Particle 9 new velocities: 92.6655, 80.043
130.513, 86.2712
54.4811, 39.8329
5.89515, 82.6803
149.132, 49.1379
Particle 10 new velocities: 295.93, 241.635
219.593, 142.239
106.844, 73.4815
336.231, 163.305
336.677, 8.74505
Particle 11 new velocities: 38.599, -2.29655
81.9125, 34.2776
11.4724, 22.3717
91.0344, 57.1302
69.7054, 225.027
Particle 12 new velocities: 181.01, 148.85
132.363, 107.958
49.1174, 120.101
386.544, 128.132
108.379, 169.036
Particle 13 new velocities: -8.52631, 5.28682
-16.5561, -3.37724
10.2436, 12.5754
5.15981, -161.301
17.025, -27.8653
Particle 14 new velocities: 94.0458, 71.3676
69.8112, 32.6678
37.4685, 19.0678
128.846, -18.6081
63.1837, 174.457
Particle 15 new velocities: 235.393, 164.419
175.527, 97.9543
70.8249, 43.1929
224.477, 97.7783
159.555, 140.366
Particle 16 new velocities: 60.2299, 64.4025
72.2182, 21.9302
83.8145, 37.1199
110.31, 75.5171
75.5126, 134.231
Particle 17 new velocities: 102.982, 82.1932
49.3576, 18.7436
13.1346, 125.804
130.943, 168.842
301.521, 108.606
Particle 18 new velocities: 125.687, 41.9136
58.319, 47.4723
32.5129, 21.3359
196.346, -79.4419
-0.109523, 85.6785
Particle 19 new velocities: 156.59, 251.386
182.448, 86.4364
60.5919, 55.3571
93.8239, 209.715
139.348, 260.805
Particle 20 new velocities: 113.56, 185.575
186.372, 128.027
77.6146, 36.696
250.864, -34.8878
108.592, 114.092
-- ITERATION 11 --
-------------
Particle: 1:
Relays Coordinates:
265.721, 194.051
195.663, 125.032
72.0898, 45.8831
186.018, 187.785
151.918, 234.727
Evaluation Time: 2.44458 seconds
Resulting Fitness: 0.527778
-------------
Particle: 2:
Relays Coordinates:
145.809, 143.067
153.287, 100.283
80.922, 122.879
172.663, 193.71
110.949, 121.595
Evaluation Time: 1.94465 seconds
Resulting Fitness: 0.369444
-------------
Particle: 3:
Relays Coordinates:
149.781, 126.643
174.339, 84.1143
110.11, 106.949
159.794, 125.352
154.232, 174.339
Evaluation Time: 1.82199 seconds
Resulting Fitness: 0.336111
-------------
Particle: 4:
Relays Coordinates:
348.89, 281.905
247.327, 146.539
111.291, 75.9101
270.679, 344.354
161.416, 273.233
Evaluation Time: 3.36015 seconds
Resulting Fitness: 0.580556
-------------
Particle: 5:
Relays Coordinates:
295.245, 205.842
270.554, 252.875
62.399, 141.007
295.245, 295.245
170.929, 155.115
Evaluation Time: 2.6322 seconds
Resulting Fitness: 0.580556
New local best!
-------------
Particle: 6:
Relays Coordinates:
195.962, 181.374
165.567, 87.5908
68.4893, 54.9791
248.046, 217.117
91.4547, 275.344
Evaluation Time: 2.57008 seconds
Resulting Fitness: 0.544444
-------------
Particle: 7:
Relays Coordinates:
179.175, 206.514
284.909, 154.147
101.739, 78.7248
316.775, 261.477
209.178, 277.593
Evaluation Time: 2.57482 seconds
Resulting Fitness: 0.658333
New local best!
-------------
Particle: 8:
Relays Coordinates:
305.862, 263.841
241.019, 127.181
96.9384, 76.5705
383.435, 357.14
203.523, 241.033
Evaluation Time: 2.60678 seconds
Resulting Fitness: 0.630556
-------------
Particle: 9:
Relays Coordinates:
214.255, 200.029
253.126, 140.736
92.4504, 106.454
243.446, 286.082
285.016, 173.373
Evaluation Time: 2.31075 seconds
Resulting Fitness: 0.577778
-------------
Particle: 10:
Relays Coordinates:
303.634, 275.539
240.679, 163.673
123.954, 85.4096
349.475, 188.682
294.533, 200.085
Evaluation Time: 2.61446 seconds
Resulting Fitness: 0.638889
-------------
Particle: 11:
Relays Coordinates:
60.0154, 44.2963
94.1949, 42.3066
27.5727, 26.2667
136.37, 72.0325
80.9935, 202.542
Evaluation Time: 1.68838 seconds
Resulting Fitness: 0.305556
-------------
Particle: 12:
Relays Coordinates:
292.797, 227.582
221.675, 162.355
80.5522, 120.435
364.5, 184.706
192.734, 343.075
Evaluation Time: 3.12034 seconds
Resulting Fitness: 0.691667
-------------
Particle: 13:
Relays Coordinates:
215.035, 245.516
147.113, 113.722
95.3808, 86.2174
332.165, 164.461
233.672, 353.894
Evaluation Time: 3.05896 seconds
Resulting Fitness: 0.694444
-------------
Particle: 14:
Relays Coordinates:
233.805, 200.059
185.697, 102.294
84.202, 49.3312
305.161, 133.571
158.197, 328.05
Evaluation Time: 2.9263 seconds
Resulting Fitness: 0.694444
-------------
Particle: 15:
Relays Coordinates:
295.245, 213.415
214.094, 131.695
81.7486, 54.3768
295.245, 217.787
206.308, 236.484
Evaluation Time: 2.40014 seconds
Resulting Fitness: 0.511111
-------------
Particle: 16:
Relays Coordinates:
186.548, 217.925
202.013, 130.074
132.484, 58.0905
322.98, 206.937
209.077, 358.928
Evaluation Time: 3.5324 seconds
Resulting Fitness: 0.680556
-------------
Particle: 17:
Relays Coordinates:
269.834, 229.842
192.942, 104.539
70.8659, 112.215
314.637, 329.958
361.097, 306.779
Evaluation Time: 2.83513 seconds
Resulting Fitness: 0.669444
-------------
Particle: 18:
Relays Coordinates:
203.211, 155.365
163.899, 98.8978
72.8671, 48.7541
227.149, 81.6436
102.811, 265.331
Evaluation Time: 2.46212 seconds
Resulting Fitness: 0.5
-------------
Particle: 19:
Relays Coordinates:
164.329, 169.825
194.247, 86.3984
60.4911, 46.5468
171.969, 209.39
129.45, 213.549
Evaluation Time: 1.98711 seconds
Resulting Fitness: 0.413889
-------------
Particle: 20:
Relays Coordinates:
171.719, 200.417
205.167, 126.534
81.7573, 55.8985
328.05, 124.478
143.288, 236.65
Evaluation Time: 2.33765 seconds
Resulting Fitness: 0.566667
Current global best fitness: 0.752778
Current global best relays: 262.31, 233.553
213.221, 123.244
90.8685, 56.1208
336.268, 222.192
177.933, 338.218
Particle 1 new velocities: 8.40641, 136.31
187.642, 89.2462
93.6617, 33.6494
106.954, 105.509
121.107, 285.143
Particle 2 new velocities: 240.142, 179.092
373.655, 158.433
132.13, 206.265
297.923, 53.0778
194.277, 249.593
Particle 3 new velocities: 240.64, 190.969
338.731, 700.037
258.813, 309.668
262.994, 232.424
286.968, 143.662
Particle 4 new velocities: 10.3566, 63.5578
13.8019, 15.5349
24.3884, 0.164816
44.8335, 17.3619
49.3849, 48.7238
Particle 5 new velocities: -5.55289, 212.211
198.972, 135.827
82.0436, -13.4908
23.4395, -89.2986
164.84, 291.32
Particle 6 new velocities: 176.827, 108.716
125.252, 90.7952
43.1041, 29.7113
164.906, 203.768
160.237, 181.299
Particle 7 new velocities: 159.239, 101.591
53.6752, 52.0735
50.3153, -34.183
173.83, 54.2435
57.0206, 228.982
Particle 8 new velocities: 30.4313, 16.9953
17.939, -7.18802
18.8449, -22.6432
31.134, -49.7841
21.7492, 17.4989
Particle 9 new velocities: 97.6312, 65.6306
75.6306, 63.4049
42.2897, 20.6678
226.556, -2.39203
107.853, 95.4144
Particle 10 new velocities: 59.2892, 154.739
125.525, 79.2962
38.2397, -5.08327
208.103, 148.627
225.102, 191.427
Particle 11 new velocities: 283.955, 237.628
113.031, 138.572
162.658, 47.0436
382.588, 164.599
197.95, 271.521
Particle 12 new velocities: 50.9529, 156.352
78.208, 39.3967
62.0702, 22.4308
-12.3549, 127.978
83.3774, 191.565
Particle 13 new velocities: 27.976, -5.12144
36.9014, 2.58071
12.0781, -45.2568
9.73705, -112.159
-41.739, -13.6217
Particle 14 new velocities: 135.555, 142.386
116.676, 48.1717
38.3132, 25.761
154.519, 48.4833
76.21, 10.0983
Particle 15 new velocities: -54.7213, 109.846
109.029, 76.6609
46.1224, 33.7661
60.1816, 129.976
93.5024, 275.937
Particle 16 new velocities: 109.16, 68.889
62.844, 17.3132
11.8094, 38.4937
152.159, 92.7906
43.129, 106.286
Particle 17 new velocities: 117.037, 77.7877
74.2409, 25.1602
77.0333, 26.1287
31.8976, 97.9821
164.272, 110.841
Particle 18 new velocities: 171.51, 140.66
124.025, 70.9095
65.2363, 38.3117
175.734, 237.045
174.82, 231.551
Particle 19 new velocities: 224.745, 240.919
250.117, 148.384
81.4623, 54.3358
163.382, 166.889
119.459, 397.21
Particle 20 new velocities: 293.423, 210.315
139.924, 95.4546
62.3109, 49.615
-2.80962, -23.8469
132.987, 193.994
-- ITERATION 12 --
-------------
Particle: 1:
Relays Coordinates:
161.869, 195.074
226.338, 126.529
97.8746, 46.9631
172.997, 173.187
161.218, 295.245
Evaluation Time: 2.33277 seconds
Resulting Fitness: 0.561111
-------------
Particle: 2:
Relays Coordinates:
149.525, 124.811
193.71, 100.232
82.5406, 127.517
182.314, 95.6108
118.251, 143.806
Evaluation Time: 1.76329 seconds
Resulting Fitness: 0.338889
-------------
Particle: 3:
Relays Coordinates:
110.266, 89.7032
141.215, 141.215
104.195, 117.665
119.408, 101.047
124.608, 89.813
Evaluation Time: 1.57441 seconds
Resulting Fitness: 0.283333
-------------
Particle: 4:
Relays Coordinates:
323.322, 310.917
235.016, 145.867
122.111, 68.4674
283.961, 325.544
189.721, 289.761
Evaluation Time: 2.83071 seconds
Resulting Fitness: 0.638889
-------------
Particle: 5:
Relays Coordinates:
190.067, 274.285
308.056, 255.028
94.7688, 83.6631
209.089, 135.121
220.298, 292.906
Evaluation Time: 2.76005 seconds
Resulting Fitness: 0.622222
New local best!
-------------
Particle: 6:
Relays Coordinates:
271.763, 211.476
212.007, 130.043
81.3516, 61.7393
301.042, 306.825
183.483, 332.893
Evaluation Time: 3.41849 seconds
Resulting Fitness: 0.719444
-------------
Particle: 7:
Relays Coordinates:
199.83, 181.933
199.93, 121.771
89.7865, 26.3015
289.697, 186.43
157.187, 295.245
Evaluation Time: 2.62182 seconds
Resulting Fitness: 0.647222
-------------
Particle: 8:
Relays Coordinates:
302.664, 252.753
233.062, 107.994
104.205, 48.5345
373.112, 276.62
202.745, 232.679
Evaluation Time: 2.73576 seconds
Resulting Fitness: 0.672222
-------------
Particle: 9:
Relays Coordinates:
227.365, 193.666
239.664, 148.819
98.2255, 92.6715
342.631, 206.81
286.402, 195.946
Evaluation Time: 2.33685 seconds
Resulting Fitness: 0.591667
-------------
Particle: 10:
Relays Coordinates:
214.302, 254.075
216.24, 143.471
95.7737, 47.4319
295.245, 199.177
295.245, 231.184
Evaluation Time: 2.43815 seconds
Resulting Fitness: 0.538889
-------------
Particle: 11:
Relays Coordinates:
250.754, 205.523
151.068, 131.86
138.679, 53.4432
364.5, 172.504
203.35, 345.592
Evaluation Time: 3.21428 seconds
Resulting Fitness: 0.694444
New local best!
-------------
Particle: 12:
Relays Coordinates:
250.594, 279.888
218.615, 147.077
103.972, 104.149
256.714, 227.947
201.285, 364.5
Evaluation Time: 3.13846 seconds
Resulting Fitness: 0.683333
-------------
Particle: 13:
Relays Coordinates:
218.71, 216.355
165.613, 104.673
96.713, 36.8646
307.712, 47.0716
172.74, 306.245
Evaluation Time: 2.75901 seconds
Resulting Fitness: 0.616667
-------------
Particle: 14:
Relays Coordinates:
269.264, 249.642
220.43, 109.689
89.3136, 54.7423
335.107, 132.718
170.883, 246.51
Evaluation Time: 2.69392 seconds
Resulting Fitness: 0.633333
-------------
Particle: 15:
Relays Coordinates:
157.808, 212.092
212.001, 136.702
83.8961, 57.8306
233.195, 228.167
196.706, 328.05
Evaluation Time: 2.62355 seconds
Resulting Fitness: 0.575
-------------
Particle: 16:
Relays Coordinates:
239.524, 232.319
214.534, 119.383
116.878, 78.2332
384.862, 242.78
204.287, 376.823
Evaluation Time: 3.09588 seconds
Resulting Fitness: 0.725
-------------
Particle: 17:
Relays Coordinates:
253.826, 201.836
175.299, 85.0957
97.0367, 90.7676
227.361, 280.772
328.05, 274
Evaluation Time: 2.72472 seconds
Resulting Fitness: 0.677778
-------------
Particle: 18:
Relays Coordinates:
245.854, 194.222
188.906, 111.411
90.6096, 57.1238
264.332, 209.091
182.154, 326.004
Evaluation Time: 2.69181 seconds
Resulting Fitness: 0.633333
-------------
Particle: 19:
Relays Coordinates:
167.484, 176.812
191.284, 101.066
61.1063, 43.4266
144.358, 161.976
107.147, 215.234
Evaluation Time: 2.27641 seconds
Resulting Fitness: 0.369444
-------------
Particle: 20:
Relays Coordinates:
305.18, 269.481
226.414, 145.646
94.5231, 69.2274
213.39, 66.0244
181.264, 282.545
Evaluation Time: 2.72975 seconds
Resulting Fitness: 0.597222
Current global best fitness: 0.752778
Current global best relays: 262.31, 233.553
213.221, 123.244
90.8685, 56.1208
336.268, 222.192
177.933, 338.218
Particle 1 new velocities: 236.689, 159.968
144.21, 86.0318
71.6471, 106.379
427.765, 167.781
123.301, 59.8736
Particle 2 new velocities: 332.408, 268.936
143.737, 198.928
490.767, 159.8
578.707, 305.611
153.79, 351.829
Particle 3 new velocities: 227.544, 160.365
352.088, 351.149
313.468, 219.271
201.067, 317.235
319.326, 327.936
Particle 4 new velocities: -27.3833, -45.8356
-41.3704, 6.58954
-39.0593, -1.6781
93.5491, -112.687
33.4784, 84.8586
Particle 5 new velocities: 65.7283, 148.566
96.4077, -14.8754
62.0593, -12.3653
158.684, -2.02999
96.0859, 240.712
Particle 6 new velocities: 82.1021, 182.629
91.0585, 64.0937
27.5136, 81.8439
187.157, 127.691
97.8711, 210.995
Particle 7 new velocities: 119.605, 182.809
189.598, 95.4174
47.2358, 10.8909
175.086, 150.334
113.498, -13.4309
Particle 8 new velocities: -35.2418, -18.1158
-14.5215, -7.1472
-9.34338, -16.1286
-31.48, -75.6887
-59.3051, 162.132
Particle 9 new velocities: 68.3951, 71.5186
38.0564, 36.9577
26.1246, -17.2318
164.357, 118.485
-38.9932, 213.171
Particle 10 new velocities: 38.3326, 81.455
20.0869, 43.633
28.4433, 15.9251
16.6165, 89.6135
-174.355, 254.636
Particle 11 new velocities: 235.128, 221.425
141.549, 100.285
88.9998, 41.0945
-21.409, 164.411
131.166, 212.665
Particle 12 new velocities: 33.913, 98.6647
60.1944, 5.17902
46.2655, 7.86271
52.3732, -16.626
55.2767, 8.14976
Particle 13 new velocities: 34.6749, 25.6528
44.5769, 22.7063
20.9793, -13.7343
55.4428, 160.01
-22.0019, 76.8331
Particle 14 new velocities: 95.4598, 78.1323
87.5067, 63.7548
33.4676, 22.6388
124.967, 193.276
63.9105, 169.104
Particle 15 new velocities: 74.1601, 87.662
58.759, 48.2973
34.5031, 21.5976
218.434, 103.391
67.0704, -96.0027
Particle 16 new velocities: 88.1001, 66.9636
17.2304, 44.0896
-12.8022, 14.396
67.371, 100.127
35.5656, 19.4482
Particle 17 new velocities: 143.137, 162.244
130.706, 82.8993
61.6707, 7.27327
169.144, 132.696
-35.858, 125.891
Particle 18 new velocities: 135.974, 182.909
171.99, 66.008
52.7499, 30.9427
99.2596, 212.681
121.39, 212.261
Particle 19 new velocities: 186.434, 211.253
340.141, 169.815
115.835, 52.8495
542.229, 171.874
181.744, 67.9505
Particle 20 new velocities: 119.994, 110.166
94.8766, 69.0963
23.526, 40.1284
163.768, 212.375
89.8566, 291.002
-- ITERATION 13 --
-------------
Particle: 1:
Relays Coordinates:
261.494, 232.943
243.116, 139.461
111.223, 100.608
328.05, 223.709
186.673, 232.993
Evaluation Time: 2.47496 seconds
Resulting Fitness: 0.636111
-------------
Particle: 2:
Relays Coordinates:
151.236, 123.562
105.895, 93.8794
156.905, 90.1633
156.905, 125.908
85.3693, 155.535
Evaluation Time: 1.67038 seconds
Resulting Fitness: 0.316667
-------------
Particle: 3:
Relays Coordinates:
117.787, 87.1932
172.004, 171.677
145.63, 117.482
111.743, 145.846
154.79, 145.66
Evaluation Time: 1.72175 seconds
Resulting Fitness: 0.327778
-------------
Particle: 4:
Relays Coordinates:
295.938, 265.081
193.645, 152.456
83.0519, 66.7893
377.51, 212.857
223.199, 374.62
Evaluation Time: 3.24549 seconds
Resulting Fitness: 0.716667
-------------
Particle: 5:
Relays Coordinates:
167.827, 277.432
265.369, 157.564
102.895, 46.7785
241.295, 87.3213
207.58, 328.05
Evaluation Time: 2.81513 seconds
Resulting Fitness: 0.594444
-------------
Particle: 6:
Relays Coordinates:
257.968, 287.302
220.935, 141.526
79.3627, 104.672
355.897, 316.762
205.107, 364.5
Evaluation Time: 3.31392 seconds
Resulting Fitness: 0.741667
-------------
Particle: 7:
Relays Coordinates:
169.761, 193.839
207.011, 115.423
72.8192, 19.7655
247.005, 178.97
143.853, 149.768
Evaluation Time: 2.11844 seconds
Resulting Fitness: 0.483333
-------------
Particle: 8:
Relays Coordinates:
194.951, 171.05
159.316, 73.5174
69.1541, 23.6239
249.05, 146.479
104.568, 287.817
Evaluation Time: 2.5396 seconds
Resulting Fitness: 0.613889
-------------
Particle: 9:
Relays Coordinates:
194.048, 173.988
182.212, 121.888
81.5861, 49.496
328.05, 213.426
162.325, 268.422
Evaluation Time: 2.76384 seconds
Resulting Fitness: 0.633333
-------------
Particle: 10:
Relays Coordinates:
184.171, 244.601
172.282, 136.399
90.5542, 46.1873
227.347, 210.529
88.129, 354.163
Evaluation Time: 2.86418 seconds
Resulting Fitness: 0.636111
-------------
Particle: 11:
Relays Coordinates:
286.909, 252.109
172.787, 137.08
134.442, 55.8236
202.592, 198.945
197.528, 295.245
Evaluation Time: 2.61851 seconds
Resulting Fitness: 0.566667
-------------
Particle: 12:
Relays Coordinates:
230.451, 306.628
225.835, 123.327
121.692, 90.7297
250.36, 171.17
207.815, 301.846
Evaluation Time: 2.72155 seconds
Resulting Fitness: 0.583333
-------------
Particle: 13:
Relays Coordinates:
205.242, 196.026
170.254, 103.177
95.3307, 18.7356
294.156, 167.736
122.098, 310.294
Evaluation Time: 2.93272 seconds
Resulting Fitness: 0.675
-------------
Particle: 14:
Relays Coordinates:
265.883, 238.948
224.486, 126.441
89.5074, 56.4108
335.394, 237.65
171.164, 302.983
Evaluation Time: 3.10225 seconds
Resulting Fitness: 0.677778
-------------
Particle: 15:
Relays Coordinates:
169.104, 218.521
197.384, 134.865
86.3131, 57.9031
329.238, 241.706
192.293, 169.162
Evaluation Time: 2.53084 seconds
Resulting Fitness: 0.558333
-------------
Particle: 16:
Relays Coordinates:
294.861, 269.354
208.588, 147.126
93.6678, 83.3663
407.01, 308.616
215.867, 356.644
Evaluation Time: 3.14575 seconds
Resulting Fitness: 0.736111
-------------
Particle: 17:
Relays Coordinates:
260.447, 238.873
200.77, 110.222
104.128, 64.3246
260.147, 271.276
191.707, 262.368
Evaluation Time: 2.56469 seconds
Resulting Fitness: 0.55
-------------
Particle: 18:
Relays Coordinates:
250.517, 247.435
236.784, 116.404
94.0582, 57.7804
238.552, 276.725
199.155, 328.05
Evaluation Time: 2.68371 seconds
Resulting Fitness: 0.577778
-------------
Particle: 19:
Relays Coordinates:
232.205, 254.609
328.05, 177.725
116.091, 63.1668
328.05, 219.039
189.542, 185.797
Evaluation Time: 2.72065 seconds
Resulting Fitness: 0.622222
-------------
Particle: 20:
Relays Coordinates:
278.957, 249.086
210.799, 140.893
77.452, 71.7483
247.454, 182.658
177.882, 328.05
Evaluation Time: 2.75734 seconds
Resulting Fitness: 0.658333
Current global best fitness: 0.752778
Current global best relays: 262.31, 233.553
213.221, 123.244
90.8685, 56.1208
336.268, 222.192
177.933, 338.218
Particle 1 new velocities: 252.484, 141.109
93.2882, 71.8537
42.0327, 53.1858
23.896, 95.0239
81.7191, 260.168
Particle 2 new velocities: 381.718, 263.333
372.233, 233.348
151.549, 133.679
201.581, 579.227
169.428, 409.426
Particle 3 new velocities: 354.583, 220.123
422.054, 267.635
264.364, 134.147
263.399, 328.092
543.317, 342.817
Particle 4 new velocities: -12.4606, -65.0839
6.14752, -25.0717
-15.4902, -4.84835
-53.7579, -64.9804
-32.5094, 24.4169
Particle 5 new velocities: 123.41, 81.7065
134.237, 75.8836
29.0441, 44.6419
189.506, 191.45
67.4555, -21.6004
Particle 6 new velocities: 65.7427, 87.2267
52.3943, 24.21
33.1812, 36.407
106.883, 113.374
56.2004, 1.11334
Particle 7 new velocities: 173.805, 185.323
183.143, 147.305
67.5217, 57.62
231.871, 155.65
121.179, 238.484
Particle 8 new velocities: 82.6447, 67.8452
0.710956, 37.0793
10.4511, 0.99253
207.022, 225.11
1.13341, 141.59
Particle 9 new velocities: 86.2133, 77.1038
109.059, 60.5827
27.7159, 21.6535
7.8041, 225.96
83.6296, 161.007
Particle 10 new velocities: 44.7631, -15.9991
32.3941, 23.1086
31.0593, 33.1324
70.7215, 50.0601
-6.08072, 198.673
Particle 11 new velocities: 155.056, 105.375
126.991, 70.8977
50.517, 32.1554
242.555, 109.813
87.6732, 77.9608
Particle 12 new velocities: 45.5676, 58.0545
3.55793, 19.1879
1.36477, 24.313
95.8929, -3.38226
38.147, 75.024
Particle 13 new velocities: 94.3, 104.211
26.7672, 48.4057
36.6616, 29.9842
119.643, 197.605
110.379, 129.858
Particle 14 new velocities: 71.8298, 54.3563
65.931, 50.4153
29.4423, 17.7638
101.897, 126.535
61.3751, 194.534
Particle 15 new velocities: 154.87, 65.0162
33.8501, 23.1607
11.6777, 3.85863
176.012, 103.466
37.8188, 96.9339
Particle 16 new velocities: 56.7695, 22.5968
-2.92773, 7.97063
8.114, -15.1285
-18.7218, -40.0422
14.2024, -2.77018
Particle 17 new velocities: 127.483, 141.245
112.734, 94.8256
42.7276, 6.04953
152.761, 187.536
63.9025, 184.531
Particle 18 new velocities: 79.7393, 138.408
102.466, 55.3079
36.1745, 26.5994
114.356, 57.2115
63.7563, 63.3487
Particle 19 new velocities: 85.9127, 40.8167
-206.653, 114.739
33.6926, 28.7669
83.8731, 64.4044
115.051, 239.628
Particle 20 new velocities: 63.1308, 64.7827
52.8069, 34.0926
21.9369, 20.1041
202.7, 173.758
69.3099, 14.5463
-- ITERATION 14 --
-------------
Particle: 1:
Relays Coordinates:
328.05, 245.416
220.715, 138.644
100.551, 100.904
230.912, 209.121
176.092, 323.563
Evaluation Time: 3.06125 seconds
Resulting Fitness: 0.716667
-------------
Particle: 2:
Relays Coordinates:
193.71, 149.891
185.236, 126.774
119.501, 86.7211
138.885, 193.71
98.7136, 193.71
Evaluation Time: 1.81466 seconds
Resulting Fitness: 0.366667
-------------
Particle: 3:
Relays Coordinates:
148.235, 96.4389
156.905, 137.861
128.66, 78.964
117.723, 148.727
156.905, 153.289
Evaluation Time: 1.63394 seconds
Resulting Fitness: 0.322222
-------------
Particle: 4:
Relays Coordinates:
185.99, 131.218
131.084, 83.5771
44.3272, 40.6395
212.414, 97.0222
125.111, 261.808
Evaluation Time: 2.37494 seconds
Resulting Fitness: 0.519444
-------------
Particle: 5:
Relays Coordinates:
171.973, 212.068
235.963, 137.848
77.9087, 53.9828
254.384, 164.612
162.406, 180.955
Evaluation Time: 2.31401 seconds
Resulting Fitness: 0.502778
-------------
Particle: 6:
Relays Coordinates:
235.985, 273.032
199.257, 120.821
82.0445, 102.847
337.367, 313.569
190.493, 266.532
Evaluation Time: 2.81602 seconds
Resulting Fitness: 0.638889
-------------
Particle: 7:
Relays Coordinates:
164.326, 181.352
186.61, 125.662
67.1246, 37.0132
229.045, 160.048
126.764, 185.699
Evaluation Time: 2.11961 seconds
Resulting Fitness: 0.45
-------------
Particle: 8:
Relays Coordinates:
163.917, 141.065
94.4945, 65.3062
47.006, 14.5358
269.306, 219.42
62.4154, 253.561
Evaluation Time: 2.24656 seconds
Resulting Fitness: 0.475
-------------
Particle: 9:
Relays Coordinates:
183.88, 164.741
191.103, 119.719
71.7131, 46.6811
220.354, 288.281
161.371, 281.748
Evaluation Time: 2.60103 seconds
Resulting Fitness: 0.522222
-------------
Particle: 10:
Relays Coordinates:
109.498, 109.34
97.896, 76.2918
58.1674, 37.9383
142.565, 124.639
39.2434, 239.148
Evaluation Time: 1.66053 seconds
Resulting Fitness: 0.3
-------------
Particle: 11:
Relays Coordinates:
322.192, 260.605
218.538, 151.616
134.835, 64.1367
324.512, 225.085
207.912, 272.067
Evaluation Time: 2.83704 seconds
Resulting Fitness: 0.655556
-------------
Particle: 12:
Relays Coordinates:
201.217, 265.853
167.228, 103.893
89.7085, 83.8661
252.419, 122.317
179.306, 274.738
Evaluation Time: 2.62976 seconds
Resulting Fitness: 0.594444
-------------
Particle: 13:
Relays Coordinates:
242.629, 243.192
159.587, 122.782
106.914, 39.463
335.177, 295.926
188.306, 356.523
Evaluation Time: 3.08647 seconds
Resulting Fitness: 0.694444
-------------
Particle: 14:
Relays Coordinates:
221.574, 192.437
190.543, 116.035
78.043, 48.666
286.907, 238.942
152.569, 326.421
Evaluation Time: 3.02692 seconds
Resulting Fitness: 0.652778
-------------
Particle: 15:
Relays Coordinates:
262.419, 229.665
187.3, 128.001
79.3725, 50.027
405, 279.589
186.391, 215.538
Evaluation Time: 2.79533 seconds
Resulting Fitness: 0.627778
-------------
Particle: 16:
Relays Coordinates:
256.339, 212.832
149.927, 113.065
74.1989, 49.7453
283.062, 195.79
167.721, 257.974
Evaluation Time: 2.7152 seconds
Resulting Fitness: 0.558333
-------------
Particle: 17:
Relays Coordinates:
254.521, 249.395
205.69, 134.531
96.3519, 46.1725
270.909, 301.026
167.705, 293.21
Evaluation Time: 2.71896 seconds
Resulting Fitness: 0.597222
-------------
Particle: 18:
Relays Coordinates:
216.681, 253.152
222.582, 112.66
85.4457, 55.3616
231.543, 219.095
172.496, 256.797
Evaluation Time: 2.41074 seconds
Resulting Fitness: 0.547222
-------------
Particle: 19:
Relays Coordinates:
231.908, 215.366
88.4985, 213.206
109.192, 67.0196
300.292, 206.63
222.048, 310.135
Evaluation Time: 2.58639 seconds
Resulting Fitness: 0.555556
-------------
Particle: 20:
Relays Coordinates:
277.091, 254.234
213.521, 141.738
80.505, 74.4004
364.624, 288.697
200.226, 277.503
Evaluation Time: 2.99315 seconds
Resulting Fitness: 0.694444
Current global best fitness: 0.752778
Current global best relays: 262.31, 233.553
213.221, 123.244
90.8685, 56.1208
336.268, 222.192
177.933, 338.218
Particle 1 new velocities: -33.9094, 119.732
75.2497, 45.0761
30.4274, -11.5241
205.11, 65.289
67.5034, 188.742
Particle 2 new velocities: 3.025, 301.709
451.522, 195.727
197.562, 111.879
546.659, 142.232
179.241, 26.9933
Particle 3 new velocities: 301.132, 340.073
307.68, 286.191
192.067, 294.958
289.835, 286.908
58.4136, 581.098
Particle 4 new velocities: 28.8381, 51.2649
154.198, 87.9149
31.1472, 23.3472
30.4304, 148.296
74.5365, 193.013
Particle 5 new velocities: 132.701, 122.143
151.775, 113.327
44.1645, 38.6544
106.169, 186.59
141.732, 208.642
Particle 6 new velocities: 63.9242, 39.9652
54.7754, 18.3613
20.4621, -15.735
50.5416, 4.65983
-8.50961, 186.24
Particle 7 new velocities: 156.339, 232.279
256.315, 142.45
89.8981, 101.947
259.661, 318.105
183.852, 402.303
Particle 8 new velocities: 140.273, 196.424
200.21, 85.594
85.6373, 82.338
207.108, 316.352
195.849, 208.319
Particle 9 new velocities: 112.063, 167.602
158.124, 114.28
38.7229, 44.7066
253.243, 216.711
191.806, 154.36
Particle 10 new velocities: 117.532, 193.658
151.665, 99.3699
122.838, 40.7832
499.403, 79.9417
-1.42568, 162.414
Particle 11 new velocities: 13.6285, 41.107
45.1239, 19.7375
16.3804, 6.8856
221.994, 1.2686
50.5775, 96.4812
Particle 12 new velocities: 97.9797, 24.4097
55.3205, 69.2827
10.213, 29.5383
120.478, 101.552
29.116, 157.931
Particle 13 new velocities: 69.5493, 71.6861
13.3232, 25.7597
25.6767, 69.5754
95.7724, 36.5412
82.7385, 91.8523
Particle 14 new velocities: 171.028, 87.8695
93.9804, 54.9692
35.7819, 25.0656
175.775, 73.6756
101.051, 182.776
Particle 15 new velocities: 137.946, 4.81237
41.7397, 12.6884
7.77707, 3.8175
-103.88, 25.54
31.4016, 238.581
Particle 16 new velocities: 13.752, 80.3013
92.5589, 20.6317
88.2687, 9.35527
29.6424, 110.623
36.4538, 203.006
Particle 17 new velocities: 151.121, 108.215
127.724, 60.8077
32.7008, 85.5555
138.792, 182.143
242.586, 209.763
Particle 18 new velocities: 67.7376, 64.9905
77.8694, 56.7301
36.0388, 27.6413
173.7, 45.7404
56.1281, 261.053
Particle 19 new velocities: 69.3532, -55.8779
156.171, -69.9707
2.68345, -16.3376
121.943, 48.4836
-31.1675, 171.763
Particle 20 new velocities: -9.14292, 17.0366
29.594, 16.8003
13.4888, 8.84389
140.446, -78.8364
4.8708, 159.263
-- ITERATION 15 --
-------------
Particle: 1:
Relays Coordinates:
238.254, 295.77
239.731, 148.813
106.093, 72.3976
353.178, 222.272
197.312, 405
Evaluation Time: 3.43316 seconds
Resulting Fitness: 0.663889
-------------
Particle: 2:
Relays Coordinates:
84.6881, 194.399
215.234, 138.826
136.485, 85.4908
215.234, 144.612
119.65, 95.0056
Evaluation Time: 2.11709 seconds
Resulting Fitness: 0.4
-------------
Particle: 3:
Relays Coordinates:
141.016, 136.982
145.792, 133.072
100.648, 117.341
127.896, 136.707
67.5694, 156.905
Evaluation Time: 1.71997 seconds
Resulting Fitness: 0.286111
-------------
Particle: 4:
Relays Coordinates:
140.949, 119.727
187.173, 112.516
49.5187, 41.9817
159.33, 160.953
130.989, 298.408
Evaluation Time: 2.5623 seconds
Resulting Fitness: 0.547222
-------------
Particle: 5:
Relays Coordinates:
145.725, 159.852
185.454, 120.136
58.3872, 44.3081
172.451, 167.979
145.468, 186.343
Evaluation Time: 1.88536 seconds
Resulting Fitness: 0.355556
-------------
Particle: 6:
Relays Coordinates:
242.926, 253.528
205.766, 112.738
83.0304, 70.5604
314.206, 257.765
147.407, 366.745
Evaluation Time: 3.13925 seconds
Resulting Fitness: 0.716667
-------------
Particle: 7:
Relays Coordinates:
153.373, 197.838
211.85, 128.237
75.1035, 66.4641
233.746, 228.699
148.567, 239.148
Evaluation Time: 2.29465 seconds
Resulting Fitness: 0.491667
-------------
Particle: 8:
Relays Coordinates:
199.579, 221.427
193.355, 99.0057
87.0273, 63.5589
312.575, 328.05
169.447, 303.04
Evaluation Time: 2.97604 seconds
Resulting Fitness: 0.647222
-------------
Particle: 9:
Relays Coordinates:
157.276, 176.621
185.593, 124.357
58.6902, 48.5672
251.689, 265.721
187.692, 231.766
Evaluation Time: 2.41282 seconds
Resulting Fitness: 0.494444
-------------
Particle: 10:
Relays Coordinates:
134.059, 178.917
147.363, 103.726
106.882, 46.4843
295.245, 120.803
22.331, 237.119
Evaluation Time: 2.31917 seconds
Resulting Fitness: 0.486111
-------------
Particle: 11:
Relays Coordinates:
272.015, 244.387
213.566, 138.796
122.484, 57.528
405, 183.346
209.377, 298.524
Evaluation Time: 2.94837 seconds
Resulting Fitness: 0.705556
New local best!
-------------
Particle: 12:
Relays Coordinates:
269.277, 261.237
200.293, 155.859
89.9294, 102.064
335.607, 201.482
187.58, 389.402
Evaluation Time: 3.29958 seconds
Resulting Fitness: 0.730556
-------------
Particle: 13:
Relays Coordinates:
204.82, 206.592
113.446, 97.4582
86.9926, 71.5401
282.746, 218.132
177.832, 294.179
Evaluation Time: 2.77814 seconds
Resulting Fitness: 0.586111
-------------
Particle: 14:
Relays Coordinates:
231.827, 165.518
168.008, 100.976
67.2125, 43.5378
273.209, 184.597
149.76, 295.245
Evaluation Time: 3.02623 seconds
Resulting Fitness: 0.594444
-------------
Particle: 15:
Relays Coordinates:
324.296, 189.927
185.522, 113.958
70.5912, 43.6141
243.908, 247.154
176.412, 367.836
Evaluation Time: 3.33283 seconds
Resulting Fitness: 0.691667
New local best!
-------------
Particle: 16:
Relays Coordinates:
218.774, 237.438
196.413, 108.294
131.599, 47.8715
253.291, 248.195
165.381, 373.394
Evaluation Time: 2.96842 seconds
Resulting Fitness: 0.669444
-------------
Particle: 17:
Relays Coordinates:
266.142, 234.628
218.753, 128.162
84.6715, 86.4267
268.805, 317.008
269.192, 328.05
Evaluation Time: 2.62108 seconds
Resulting Fitness: 0.619444
-------------
Particle: 18:
Relays Coordinates:
207.341, 231.926
219.029, 123.486
88.5621, 60.5091
295.422, 193.065
166.667, 364.5
Evaluation Time: 2.95714 seconds
Resulting Fitness: 0.727778
New local best!
-------------
Particle: 19:
Relays Coordinates:
144.092, 76.2824
117.025, 68.5092
53.5099, 24.241
201.954, 122.02
91.2976, 230.49
Evaluation Time: 2.14824 seconds
Resulting Fitness: 0.386111
-------------
Particle: 20:
Relays Coordinates:
158.221, 160.183
143.557, 93.6153
55.5024, 49.1549
295.245, 123.921
121.107, 257.906
Evaluation Time: 2.94512 seconds
Resulting Fitness: 0.572222
Current global best fitness: 0.752778
Current global best relays: 262.31, 233.553
213.221, 123.244
90.8685, 56.1208
336.268, 222.192
177.933, 338.218
Particle 1 new velocities: 52.7187, 13.7879
45.3766, 26.465
14.414, -6.18196
207.981, 46.7174
27.6813, -207.429
Particle 2 new velocities: 125.579, 258.627
180.385, 151.545
367.789, 169.98
242.081, 340.431
196.261, 301.334
Particle 3 new velocities: 275.999, 356.074
521.792, 445.088
158.011, 367.301
352.686, 293.303
499.203, 188.778
Particle 4 new velocities: 331.081, 220.079
139.008, 88.9446
111.809, 69.4964
374.662, 326.69
91.0642, 228.725
Particle 5 new velocities: 246.295, 261.618
236.799, 147.944
78.905, 64.6162
235.478, 154.556
226.025, 214.579
Particle 6 new velocities: 72.0444, 23.7252
39.5728, 31.0256
-2.47548, -25.5048
46.6148, 92.5083
47.4876, 148.245
Particle 7 new velocities: 232.806, 235.402
279.488, 146.642
135.352, 81.7379
322.182, 274.309
231.569, 95.9632
Particle 8 new velocities: 140.699, 163.782
170.465, 66.5066
83.3116, 57.0361
242.854, -114.483
165.795, 214.882
Particle 9 new velocities: 262.165, 163.959
236.39, 134.188
34.5833, 108.991
288.819, 41.3189
323.037, 131.507
Particle 10 new velocities: 215.384, 199.801
164.784, 122.333
84.7054, 58.179
25.6024, 94.4242
170.578, 358.25
Particle 11 new velocities: 5.03671, 32.3434
35.8805, 3.74398
-12.2984, 4.5461
-26.3851, 1.64452
33.8341, 124.883
Particle 12 new velocities: 57.1233, -4.69848
50.8152, 27.0057
27.9255, -1.75824
86.1818, 30.155
12.7947, 106.757
Particle 13 new velocities: 83.106, 101.879
135.907, 38.7718
44.3294, 36.737
103.619, 64.045
73.8649, 126.357
Particle 14 new velocities: 200.976, 112.657
129.549, 88.9122
92.8752, 47.292
213.833, 90.2584
133.165, 100.534
Particle 15 new velocities: 65.4026, 56.1388
55.8803, 22.1092
17.5706, 17.6342
20.0773, -5.00858
25.2008, 179.521
Particle 16 new velocities: 45.7816, 66.0805
76.3429, 51.4209
26.9445, 21.0408
199.969, 127.588
115.012, 131.344
Particle 17 new velocities: 161.625, 104.458
109.639, 43.1852
42.6885, 49.8972
134.128, 121.215
270.678, -10.0945
Particle 18 new velocities: 80.9076, 52.8623
59.8252, 45.251
30.5443, 16.7731
190.975, 69.5654
46.2448, -22.0615
Particle 19 new velocities: 200.261, 88.1291
268.58, 18.9638
77.1254, 22.2004
195.304, 198.572
36.415, 295.059
Particle 20 new velocities: 134.89, 144.246
78.6736, 66.4741
33.231, 24.2886
35.3049, 55.8212
72.4536, 191.597
-- ITERATION 16 --
-------------
Particle: 1:
Relays Coordinates:
190.907, 203.101
187.059, 115
79.0644, 43.4441
328.05, 176.484
147.618, 129.626
Evaluation Time: 2.49033 seconds
Resulting Fitness: 0.566667
-------------
Particle: 2:
Relays Coordinates:
65.984, 142.164
124.149, 91.1217
156.905, 80.1695
143.51, 152.212
99.1363, 124.376
Evaluation Time: 1.68988 seconds
Resulting Fitness: 0.313889
-------------
Particle: 3:
Relays Coordinates:
106, 125.328
127.093, 127.093
65.7475, 123.189
122.158, 109.303
127.093, 87.868
Evaluation Time: 1.62597 seconds
Resulting Fitness: 0.255556
-------------
Particle: 4:
Relays Coordinates:
250.856, 180.587
173.346, 107.064
85.736, 59.244
265.721, 259.154
118.008, 265.721
Evaluation Time: 2.6367 seconds
Resulting Fitness: 0.575
-------------
Particle: 5:
Relays Coordinates:
168.752, 181.429
181.766, 115.4
59.0998, 46.8883
175.6, 138.841
159.916, 172.584
Evaluation Time: 2.0962 seconds
Resulting Fitness: 0.369444
-------------
Particle: 6:
Relays Coordinates:
206.652, 181.906
160.967, 94.3233
52.8521, 29.561
236.734, 229.814
127.87, 328.05
Evaluation Time: 2.76489 seconds
Resulting Fitness: 0.594444
-------------
Particle: 7:
Relays Coordinates:
228.035, 255.824
290.13, 162.314
124.272, 87.5118
295.245, 295.245
224.466, 197.88
Evaluation Time: 2.58941 seconds
Resulting Fitness: 0.602778
-------------
Particle: 8:
Relays Coordinates:
223.257, 252.736
238.702, 108.593
111.759, 79.1224
328.05, 140.122
219.953, 328.05
Evaluation Time: 2.86675 seconds
Resulting Fitness: 0.686111
-------------
Particle: 9:
Relays Coordinates:
180.555, 146.609
181.65, 111.295
40.1512, 67.8236
215.234, 132.17
215.234, 156.377
Evaluation Time: 2.09067 seconds
Resulting Fitness: 0.408333
-------------
Particle: 10:
Relays Coordinates:
229.269, 248.477
204.8, 148.317
125.7, 68.6696
210.508, 141.21
126.568, 328.05
Evaluation Time: 2.77006 seconds
Resulting Fitness: 0.644444
-------------
Particle: 11:
Relays Coordinates:
249.346, 249.057
224.502, 128.286
99.1674, 55.8667
340.753, 166.492
218.89, 381.066
Evaluation Time: 2.91227 seconds
Resulting Fitness: 0.744444
New local best!
-------------
Particle: 12:
Relays Coordinates:
173.463, 136.335
133.449, 97.1815
62.6329, 53.3066
224.156, 123.102
106.487, 263.68
Evaluation Time: 2.64835 seconds
Resulting Fitness: 0.527778
-------------
Particle: 13:
Relays Coordinates:
233.22, 249.862
201.976, 110.346
106.371, 87.7044
312.956, 228.563
203.875, 340.634
Evaluation Time: 3.11324 seconds
Resulting Fitness: 0.691667
-------------
Particle: 14:
Relays Coordinates:
350.571, 225.322
241.021, 153.81
129.671, 73.5721
394.504, 222.633
229.169, 320.581
Evaluation Time: 3.18253 seconds
Resulting Fitness: 0.683333
-------------
Particle: 15:
Relays Coordinates:
207.102, 130.769
128.291, 72.3118
46.8528, 32.5498
140.292, 128.686
107.145, 265.721
Evaluation Time: 2.37262 seconds
Resulting Fitness: 0.494444
-------------
Particle: 16:
Relays Coordinates:
192.861, 221.265
198.839, 116.432
115.578, 50.237
330.426, 273.946
204.407, 364.5
Evaluation Time: 3.17745 seconds
Resulting Fitness: 0.736111
-------------
Particle: 17:
Relays Coordinates:
311.842, 247.194
239.397, 124.912
92.8454, 99.3801
293.738, 319.464
364.5, 231.79
Evaluation Time: 2.89148 seconds
Resulting Fitness: 0.697222
-------------
Particle: 18:
Relays Coordinates:
210.134, 207.61
203.285, 123.009
86.8286, 56.3387
354.584, 191.458
155.213, 249.638
Evaluation Time: 2.8817 seconds
Resulting Fitness: 0.663889
-------------
Particle: 19:
Relays Coordinates:
164.703, 78.6375
184.433, 41.838
62.4824, 22.2128
190.007, 153.338
61.0845, 239.148
Evaluation Time: 1.93509 seconds
Resulting Fitness: 0.355556
-------------
Particle: 20:
Relays Coordinates:
237.42, 246.587
180.007, 129.672
71.874, 59.4892
267.745, 145.591
156.784, 364.097
Evaluation Time: 3.00128 seconds
Resulting Fitness: 0.683333
Current global best fitness: 0.752778
Current global best relays: 262.31, 233.553
213.221, 123.244
90.8685, 56.1208
336.268, 222.192
177.933, 338.218
Particle 1 new velocities: 170.467, 83.854
58.1959, 95.0226
41.9359, 91.9739
31.8844, 91.0561
82.905, 206.128
Particle 2 new velocities: 256.479, 280.802
251.045, 155.747
182.072, 141.196
345.869, 491.645
149.874, 399.77
Particle 3 new velocities: 326.855, 384.934
327.734, 79.3537
195.778, 317.934
288.615, 429.931
238.715, 667.458
Particle 4 new velocities: 332.156, 262.791
138.397, 144.946
93.3016, 61.0859
41.4297, 263.009
207.155, 92.7877
Particle 5 new velocities: 279.92, 344.64
286.756, 126.514
150.395, 85.0709
244.595, 132.975
288.043, 206.016
Particle 6 new velocities: 97.0662, 141.675
116.416, 50.3351
60.9264, 61.7918
126.953, 248.318
108.744, 58.2736
Particle 7 new velocities: 215.634, 158.059
135.034, 103.527
92.1641, 40.2258
25.3384, -83.2785
139.097, 234.388
Particle 8 new velocities: 135.874, 96.1011
65.5992, 60.5569
29.6007, -10.0427
26.731, 89.7692
58.8786, 4.21673
Particle 9 new velocities: 263.169, 224.258
224.651, 168.774
130.394, 139.914
81.5726, 235.397
4.95609, 303.86
Particle 10 new velocities: 97.5267, 84.0892
74.028, 78.3793
10.2262, 22.2166
187.05, 76.5618
186.761, 26.9115
Particle 11 new velocities: 12.7916, 11.5445
14.3105, -0.870835
-10.3914, 3.83459
-24.907, 55.6113
6.33474, 57.8383
Particle 12 new velocities: 204.569, 193.566
163.531, 110.988
104.486, 74.4351
351.82, 164.886
78.1117, 362.895
Particle 13 new velocities: 73.0037, 75.1178
89.3853, 42.5398
26.7507, -28.9712
106.367, 69.5393
54.8421, 109.924
Particle 14 new velocities: 16.9521, 100.373
64.3473, 31.4934
8.79657, 2.52267
63.5356, 71.461
37.5361, 118.63
Particle 15 new velocities: 183.211, 246.209
90.7839, 95.6731
66.4591, 35.405
267.179, 247.038
114.085, 207.429
Particle 16 new velocities: 47.9861, 93.5595
74.4143, 81.8235
9.43641, 35.2497
186.75, 70.9053
86.748, -31.1507
Particle 17 new velocities: 72.8064, 70.259
60.5901, 39.024
37.6221, 3.39066
41.1914, 48.4558
-18.139, 128.907
Particle 18 new velocities: 71.2678, 63.4647
58.8207, 37.2359
32.0995, 15.933
94.8366, 90.2421
66.1362, 114.528
Particle 19 new velocities: 215.312, 196.225
345.783, 162.145
131.751, 74.5271
513.445, 175.935
183.918, 101.118
Particle 20 new velocities: 122.461, 92.9176
69.9812, 33.105
31.184, 45.1978
79.9847, 56.7451
81.8758, 113.376
-- ITERATION 17 --
-------------
Particle: 1:
Relays Coordinates:
292.713, 232.433
198.657, 170.118
98.0102, 109.689
291.547, 216.707
186.724, 271.961
Evaluation Time: 2.63514 seconds
Resulting Fitness: 0.575
-------------
Particle: 2:
Relays Coordinates:
112.436, 147.479
130.822, 86.0778
118.194, 77.1853
170.636, 174.339
86.8244, 174.339
Evaluation Time: 1.72822 seconds
Resulting Fitness: 0.341667
-------------
Particle: 3:
Relays Coordinates:
122.251, 141.215
128.457, 58.3067
73.8626, 124.586
116.014, 141.215
103.315, 141.215
Evaluation Time: 1.63171 seconds
Resulting Fitness: 0.291667
-------------
Particle: 4:
Relays Coordinates:
328.05, 290.901
204.535, 165.344
117.467, 78.9484
201.521, 328.05
213.34, 235.217
Evaluation Time: 3.13773 seconds
Resulting Fitness: 0.680556
-------------
Particle: 5:
Relays Coordinates:
264.936, 295.245
276.658, 142.847
123.705, 77.9206
248.121, 160.504
264.515, 223.559
Evaluation Time: 2.51491 seconds
Resulting Fitness: 0.566667
-------------
Particle: 6:
Relays Coordinates:
246.012, 262.1
224.68, 117.173
92.1606, 73.9958
294.587, 387.287
191.658, 312.922
Evaluation Time: 3.07956 seconds
Resulting Fitness: 0.655556
-------------
Particle: 7:
Relays Coordinates:
261.982, 244.394
251.055, 156.976
127.803, 75.4278
189.301, 125.164
214.68, 255.25
Evaluation Time: 2.49701 seconds
Resulting Fitness: 0.530556
-------------
Particle: 8:
Relays Coordinates:
290.896, 282.558
246.484, 137.011
114.502, 55.9546
287.373, 186.212
225.853, 269.136
Evaluation Time: 2.57649 seconds
Resulting Fitness: 0.575
-------------
Particle: 9:
Relays Coordinates:
235.813, 197.094
215.925, 148.84
90.6348, 110.4
157.735, 195.34
117.018, 244.589
Evaluation Time: 2.25888 seconds
Resulting Fitness: 0.519444
-------------
Particle: 10:
Relays Coordinates:
238.234, 242.441
203.266, 165.262
99.0905, 66.256
289.819, 158.756
228.417, 258.767
Evaluation Time: 2.52702 seconds
Resulting Fitness: 0.566667
-------------
Particle: 11:
Relays Coordinates:
212.332, 211.088
193.438, 103.206
71.9086, 48.3581
255.836, 179.903
182.432, 355.512
Evaluation Time: 3.19812 seconds
Resulting Fitness: 0.686111
-------------
Particle: 12:
Relays Coordinates:
223.224, 194.803
175.364, 122.922
98.6821, 75.4302
295.245, 170.054
109.004, 295.245
Evaluation Time: 2.79167 seconds
Resulting Fitness: 0.652778
-------------
Particle: 13:
Relays Coordinates:
248.041, 263.233
236.002, 123.838
107.828, 47.5739
339.651, 241.463
209.561, 364.952
Evaluation Time: 3.26672 seconds
Resulting Fitness: 0.719444
-------------
Particle: 14:
Relays Coordinates:
267.924, 237.431
222.614, 135.086
100.943, 55.4731
333.911, 214.395
194.428, 320.185
Evaluation Time: 3.16213 seconds
Resulting Fitness: 0.708333
-------------
Particle: 15:
Relays Coordinates:
207.428, 200.342
116.425, 89.2741
60.2186, 36.114
216.547, 199.675
117.571, 251.451
Evaluation Time: 2.42105 seconds
Resulting Fitness: 0.455556
-------------
Particle: 16:
Relays Coordinates:
175.577, 229.507
199.202, 144.529
91.1355, 62.3198
364.5, 251.397
212.252, 243.012
Evaluation Time: 2.6113 seconds
Resulting Fitness: 0.655556
-------------
Particle: 17:
Relays Coordinates:
311.565, 257.137
242.99, 132.788
105.679, 83.2443
271.293, 298.015
280.552, 292.164
Evaluation Time: 2.74602 seconds
Resulting Fitness: 0.594444
-------------
Particle: 18:
Relays Coordinates:
253.261, 243.968
235.895, 144.22
107.035, 65.0446
404.478, 253.53
199.214, 327.75
Evaluation Time: 3.50322 seconds
Resulting Fitness: 0.680556
-------------
Particle: 19:
Relays Coordinates:
224.395, 162.304
295.245, 120.45
114.693, 57.1239
295.245, 194.433
144.672, 200.924
Evaluation Time: 2.66276 seconds
Resulting Fitness: 0.527778
-------------
Particle: 20:
Relays Coordinates:
291.503, 274.999
202.49, 131.85
83.477, 84.7965
281.661, 163.892
193.315, 386.753
Evaluation Time: 3.23629 seconds
Resulting Fitness: 0.730556
Current global best fitness: 0.752778
Current global best relays: 262.31, 233.553
213.221, 123.244
90.8685, 56.1208
336.268, 222.192
177.933, 338.218
Particle 1 new velocities: 129.389, 97.4599
80.4377, 22.5566
32.1334, 29.277
226.232, 49.4602
56.8883, 192.576
Particle 2 new velocities: 347.157, 288.102
642.262, 225.191
241.02, 124.37
757.328, 101.391
187.436, 12.5618
Particle 3 new velocities: 402.218, 72.0358
490.778, 340.977
260.784, 303.027
307.642, 73.8404
596.932, 205.177
Particle 4 new velocities: -36.5041, 33.5508
132.852, 80.8129
16.7432, 15.9011
178.478, -104.427
140.168, 185.604
Particle 5 new velocities: 207.339, -95.1851
221.721, 118.382
89.7543, 68.5561
238.396, 150.746
145.661, 376.409
Particle 6 new velocities: 77.9291, 102.631
79.9975, 46.2518
45.511, 51.2006
108.507, 68.5457
28.2866, 82.8613
Particle 7 new velocities: 125.484, 64.1763
144.202, 65.2446
21.1751, 24.27
259.202, 70.5742
100.901, 238.946
Particle 8 new velocities: 89.3129, -67.9577
-58.6247, 22.1893
-1.24928, -10.2388
98.4838, 173.839
-24.5714, 63.1133
Particle 9 new velocities: 200.835, 202.891
211.55, 120.219
102.218, 85.0269
269.439, 311.566
326.482, 346.766
Particle 10 new velocities: -19.7982, 65.7163
41.5455, -32.9873
9.68823, 11.2614
219.722, 118.611
126.861, 160.481
Particle 11 new velocities: 76.5316, 65.7193
19.0714, 45.6365
23.1734, 15.5881
169.538, 69.513
28.5609, 38.8905
Particle 12 new velocities: 216.104, 250.921
154.102, 95.1857
79.1844, 73.8524
63.4374, 117.881
205.525, 184.797
Particle 13 new velocities: 13.1381, 1.36175
-92.9005, 29.8656
22.0968, -10.061
80.6182, 88.1436
7.87119, 88.7797
Particle 14 new velocities: -0.561556, 73.1778
47.1171, 15.7195
-19.7113, 3.83631
53.49, 71.7429
-2.78115, 133.491
Particle 15 new velocities: 210.489, 209.209
180.589, 123.135
105.434, 50.4289
239.63, 280.427
165.389, 374.653
Particle 16 new velocities: 138.799, 91.1404
57.7743, 35.2388
28.058, 26.0978
-40.4205, 51.7397
47.9042, 131.596
Particle 17 new velocities: 46.6831, 41.3632
19.8273, 22.3846
11.7701, -10.9064
58.4367, 55.0972
-100.813, 172.326
Particle 18 new velocities: -1.27364, 26.5423
19.7326, -2.49054
3.12645, 2.31699
-110.619, -21.3894
12.9859, 111.341
Particle 19 new velocities: 178.758, 173.401
-79.5784, 146.413
84.4209, 50.8315
48.9391, 166.477
146.126, 191.558
Particle 20 new velocities: 86.5891, -7.50126
62.7806, 10.9461
11.533, -7.96897
76.3775, 47.9638
18.9398, -25.707
-- ITERATION 18 --
-------------
Particle: 1:
Relays Coordinates:
276.941, 216.443
183.114, 126.414
85.3872, 91.1753
328.05, 174.633
159.834, 304.783
Evaluation Time: 3.11125 seconds
Resulting Fitness: 0.666667
-------------
Particle: 2:
Relays Coordinates:
197.84, 187.503
215.234, 133.991
154.63, 86.7628
215.234, 118.693
118.06, 80.4548
Evaluation Time: 2.0531 seconds
Resulting Fitness: 0.425
-------------
Particle: 3:
Relays Coordinates:
156.905, 66.9203
156.905, 125.299
105.016, 134.19
132.948, 67.4866
156.905, 108.701
Evaluation Time: 1.67217 seconds
Resulting Fitness: 0.313889
-------------
Particle: 4:
Relays Coordinates:
172.155, 191.585
199.224, 145.353
79.2496, 56.0077
224.386, 132.047
208.743, 248.49
Evaluation Time: 2.20166 seconds
Resulting Fitness: 0.519444
-------------
Particle: 5:
Relays Coordinates:
250.987, 106.32
264.859, 138.828
113.441, 77.8437
258.555, 165.411
217.984, 265.721
Evaluation Time: 2.3578 seconds
Resulting Fitness: 0.555556
-------------
Particle: 6:
Relays Coordinates:
236.153, 265.889
222.11, 119.137
100.363, 91.2682
293.856, 332.302
160.339, 288.526
Evaluation Time: 2.74734 seconds
Resulting Fitness: 0.652778
-------------
Particle: 7:
Relays Coordinates:
205.915, 163.987
210.056, 118.097
79.1731, 52.9835
238.353, 104.023
167.713, 262.636
Evaluation Time: 2.39681 seconds
Resulting Fitness: 0.547222
-------------
Particle: 8:
Relays Coordinates:
307.969, 173.826
152.166, 128.952
91.7344, 37.0298
312.544, 291.641
163.038, 269.122
Evaluation Time: 2.92817 seconds
Resulting Fitness: 0.602778
-------------
Particle: 9:
Relays Coordinates:
232.053, 212.569
227.178, 142.989
102.49, 103.858
227.018, 265.721
235.694, 265.721
Evaluation Time: 2.15344 seconds
Resulting Fitness: 0.530556
-------------
Particle: 10:
Relays Coordinates:
159.24, 224.647
178.467, 96.4282
79.2997, 56.5101
364.5, 202.2
258.997, 305.632
Evaluation Time: 3.2016 seconds
Resulting Fitness: 0.677778
-------------
Particle: 11:
Relays Coordinates:
288.863, 276.807
212.51, 148.843
95.082, 63.9461
425.374, 249.416
210.993, 394.403
Evaluation Time: 3.45516 seconds
Resulting Fitness: 0.716667
-------------
Particle: 12:
Relays Coordinates:
288.243, 292.44
216.163, 143.101
116.698, 97.9443
235.332, 188.914
206.362, 314.955
Evaluation Time: 3.12526 seconds
Resulting Fitness: 0.594444
-------------
Particle: 13:
Relays Coordinates:
190.4, 192.89
104.321, 112.05
94.7155, 27.3469
306.376, 240.283
158.508, 330.771
Evaluation Time: 3.37304 seconds
Resulting Fitness: 0.680556
-------------
Particle: 14:
Relays Coordinates:
194.907, 226.434
196.634, 109.937
59.2178, 43.2366
282.415, 208.594
139.711, 330.73
Evaluation Time: 3.02427 seconds
Resulting Fitness: 0.616667
-------------
Particle: 15:
Relays Coordinates:
274.195, 268.707
194.871, 139.362
108.685, 56.7808
299.298, 314.995
185.65, 328.05
Evaluation Time: 2.82367 seconds
Resulting Fitness: 0.622222
-------------
Particle: 16:
Relays Coordinates:
282.939, 288.583
231.278, 161.791
107.274, 79.5759
291.672, 272.823
234.14, 337.147
Evaluation Time: 2.69743 seconds
Resulting Fitness: 0.630556
-------------
Particle: 17:
Relays Coordinates:
290.181, 241.785
212.882, 125.69
95.1335, 58.5937
267.081, 286.021
145.589, 376.237
Evaluation Time: 2.93672 seconds
Resulting Fitness: 0.65
-------------
Particle: 18:
Relays Coordinates:
204.11, 219.113
207.058, 114.801
89.231, 54.5629
238.026, 188.034
171.882, 355.663
Evaluation Time: 2.70533 seconds
Resulting Fitness: 0.661111
-------------
Particle: 19:
Relays Coordinates:
264.509, 220.256
141.499, 175.089
130.639, 70.8295
225.819, 236.793
190.792, 257.507
Evaluation Time: 2.33023 seconds
Resulting Fitness: 0.544444
-------------
Particle: 20:
Relays Coordinates:
306.255, 216.673
214.869, 115.665
76.9581, 62.2303
290.012, 171.603
171.926, 292.448
Evaluation Time: 2.85771 seconds
Resulting Fitness: 0.6
Current global best fitness: 0.752778
Current global best relays: 262.31, 233.553
213.221, 123.244
90.8685, 56.1208
336.268, 222.192
177.933, 338.218
Particle 1 new velocities: 127.166, 112.752
143.744, 37.1167
50.9915, 21.9917
156.767, 69.7933
87.8608, 160.185
Particle 2 new velocities: 249.445, 274.691
203.657, 185.13
344.854, 245.702
176.348, 168.674
200.543, 235.558
Particle 3 new velocities: 62.7014, 207.177
152.921, 672.975
371.135, 221.926
350.424, 185.754
287.839, 519.843
Particle 4 new velocities: 90.6225, 43.7216
123.839, 50.2608
41.1659, 16.7007
339.104, 142.089
62.2387, 387.862
Particle 5 new velocities: 169.099, 164.347
154.026, 160.281
36.634, 33.9634
167.285, 135.866
88.9764, 36.0148
Particle 6 new velocities: 72.898, 55.3233
24.1425, 36.6167
-7.69829, 20.747
143.716, 41.5622
44.5078, 279.678
Particle 7 new velocities: 153.66, 97.1731
237.956, 105.948
32.9172, 60.4608
332.814, 343.65
131.579, 257.049
Particle 8 new velocities: 12.2799, 46.3673
-21.7829, -39.214
1.99318, -0.93053
137.2, 81.7418
-3.56115, 154.859
Particle 9 new velocities: 171.682, 159.833
192.761, 94.8135
49.7336, 60.5408
316.636, -27.0242
250.895, 29.5271
Particle 10 new velocities: 69.4848, 55.6583
69.3841, -5.56708
56.3338, 8.79963
-112.417, 107.738
-31.3035, 170.518
Particle 11 new velocities: -4.02614, -17.3723
27.7947, -8.2808
14.3248, -2.17357
12.1603, 41.0779
-9.72702, -0.186176
Particle 12 new velocities: 140.496, 136.874
106.487, 62.0646
44.331, 53.2682
284.612, 19.4276
146.877, 202.315
Particle 13 new velocities: 132.794, 62.6863
81.1339, 24.8236
42.9903, 52.1738
112.883, 77.4883
72.8102, 106.183
Particle 14 new velocities: 101.585, 67.4015
62.5991, 31.2768
36.7981, 12.505
83.5948, 72.904
44.34, 125.423
Particle 15 new velocities: 189.05, 12.6844
159.669, 38.1028
57.0562, 36.2855
181.011, 63.4162
125.676, 51.8518
Particle 16 new velocities: 3.03136, 23.2671
-8.36259, -43.5543
35.7894, 2.29107
22.5509, -3.4848
-0.0592181, 116.1
Particle 17 new velocities: 26.4326, 39.6828
42.3986, 16.8407
16.1492, 5.4012
66.9731, 77.14
164.809, 11.6082
Particle 18 new velocities: 31.3961, 41.9727
22.2421, 7.48011
2.16391, 5.29225
39.5289, -2.45209
7.90673, 86.139
Particle 19 new velocities: 6.32202, 59.5814
72.3359, 55.5518
35.0702, 6.1533
182.078, 89.1789
22.5018, 269.527
Particle 20 new velocities: -9.49825, 27.8139
22.1907, 18.357
2.84607, -0.860738
89.8015, 42.825
13.7457, 65.2608
-- ITERATION 19 --
-------------
Particle: 1:
Relays Coordinates:
294.594, 239.983
238.28, 119.214
99.4201, 82.4988
353.432, 178.186
180.569, 338.962
Evaluation Time: 3.14467 seconds
Resulting Fitness: 0.711111
-------------
Particle: 2:
Relays Coordinates:
140.363, 145.041
131.452, 100.144
156.743, 104.331
122.883, 90.1788
99.981, 99.1682
Evaluation Time: 1.64882 seconds
Resulting Fitness: 0.319444
-------------
Particle: 3:
Relays Coordinates:
94.5335, 117.99
133.37, 215.234
204.967, 153.296
208.076, 109.012
191.448, 215.234
Evaluation Time: 2.00074 seconds
Resulting Fitness: 0.466667
-------------
Particle: 4:
Relays Coordinates:
139.651, 125.052
171.689, 103.957
63.9937, 38.6402
265.721, 145.687
144.011, 265.721
Evaluation Time: 2.50064 seconds
Resulting Fitness: 0.613889
-------------
Particle: 5:
Relays Coordinates:
248.056, 159.826
247.347, 176.621
88.6177, 66.021
251.454, 177.901
181.257, 178.172
Evaluation Time: 2.20134 seconds
Resulting Fitness: 0.472222
-------------
Particle: 6:
Relays Coordinates:
225.298, 234.164
179.518, 113.544
67.5523, 81.6591
318.99, 272.547
149.334, 364.5
Evaluation Time: 2.99061 seconds
Resulting Fitness: 0.733333
-------------
Particle: 7:
Relays Coordinates:
191.093, 138.791
238.092, 119.067
59.5694, 60.2889
265.721, 237.912
159.056, 265.721
Evaluation Time: 2.64435 seconds
Resulting Fitness: 0.580556
-------------
Particle: 8:
Relays Coordinates:
189.104, 130.022
76.9901, 52.9896
55.3452, 21.3162
265.569, 220.479
94.1697, 250.357
Evaluation Time: 2.29729 seconds
Resulting Fitness: 0.533333
-------------
Particle: 9:
Relays Coordinates:
214.561, 197.909
223.173, 126.378
80.8978, 87.3683
265.721, 126.853
258.594, 156.907
Evaluation Time: 2.08551 seconds
Resulting Fitness: 0.502778
-------------
Particle: 10:
Relays Coordinates:
185.267, 227.047
200.76, 73.5975
109.863, 52.9009
204.187, 251.05
184.432, 385.682
Evaluation Time: 2.76577 seconds
Resulting Fitness: 0.6
-------------
Particle: 11:
Relays Coordinates:
256.353, 233.491
216.274, 126.506
98.4661, 55.5953
393.78, 261.445
181.139, 354.795
Evaluation Time: 3.18482 seconds
Resulting Fitness: 0.747222
New local best!
-------------
Particle: 12:
Relays Coordinates:
281.295, 281.673
211.691, 134.609
105.651, 99.2106
328.05, 136.693
231.76, 328.05
Evaluation Time: 2.87727 seconds
Resulting Fitness: 0.677778
-------------
Particle: 13:
Relays Coordinates:
235.608, 186.315
135.197, 99.7807
100.388, 57.9706
305.64, 231.655
168.631, 318.539
Evaluation Time: 2.92213 seconds
Resulting Fitness: 0.641667
-------------
Particle: 14:
Relays Coordinates:
216.143, 214.206
188.981, 102.945
69.9956, 40.6356
266.821, 205.212
134.173, 332.536
Evaluation Time: 2.76316 seconds
Resulting Fitness: 0.661111
-------------
Particle: 15:
Relays Coordinates:
337.706, 205.134
258.459, 129.372
120.825, 67.8453
350.145, 275.862
226.957, 276.948
Evaluation Time: 2.97485 seconds
Resulting Fitness: 0.669444
-------------
Particle: 16:
Relays Coordinates:
231.636, 252.598
180.562, 95.7715
115.882, 66.3122
254.52, 218.164
189.606, 367.13
Evaluation Time: 2.96111 seconds
Resulting Fitness: 0.677778
-------------
Particle: 17:
Relays Coordinates:
284.952, 253.321
229.752, 128.278
100.154, 57.5955
300.649, 326.845
279.359, 349.061
Evaluation Time: 2.77127 seconds
Resulting Fitness: 0.652778
-------------
Particle: 18:
Relays Coordinates:
190.76, 211.479
185.733, 99.0479
74.0298, 48.4827
224.82, 150.321
145.629, 357.86
Evaluation Time: 2.84083 seconds
Resulting Fitness: 0.638889
-------------
Particle: 19:
Relays Coordinates:
177.692, 183.601
140.297, 151.323
108.722, 50.5084
267.621, 213.87
139.942, 328.05
Evaluation Time: 2.74283 seconds
Resulting Fitness: 0.613889
-------------
Particle: 20:
Relays Coordinates:
240.373, 198.035
192.019, 108.558
64.6414, 49.7094
307.649, 173.687
150.394, 289.744
Evaluation Time: 2.90225 seconds
Resulting Fitness: 0.663889
Current global best fitness: 0.752778
Current global best relays: 262.31, 233.553
213.221, 123.244
90.8685, 56.1208
336.268, 222.192
177.933, 338.218
Particle 1 new velocities: 111.015, 91.1265
97.9737, 43.9203
35.1226, 16.4255
230.143, 85.0594
70.2386, 116.805
Particle 2 new velocities: 404.726, 301.093
586.222, 202.567
451.764, 281.912
588.007, 480.359
230.047, 308.354
Particle 3 new velocities: 97.7701, 146.834
445.087, -49.2564
296.056, 214.541
297.08, 175.751
416.611, 187.001
Particle 4 new velocities: 466.832, 127.814
133.438, 69.5349
81.1041, 55.7166
33.8447, 216.647
117.106, 48.0882
Particle 5 new velocities: 120.709, 401.174
202.406, 100.011
36.5831, 17.3269
224.248, 96.4418
84.009, 356.658
Particle 6 new velocities: 104.272, 44.9361
55.516, 41.6824
0.135706, 32.8888
127.932, 21.1013
81.1712, -5.41036
Particle 7 new velocities: 206.897, 251.221
217.741, 87.6976
88.3351, 53.4974
155.096, 301.984
142.987, 99.6232
Particle 8 new velocities: 187.251, 160.139
135.33, 38.654
30.9841, 71.7323
189.751, 168.768
117.275, 314.339
Particle 9 new velocities: 151.321, 137.824
160.703, 89.5868
52.7923, 76.8418
34.7058, 187.24
161.69, 220.601
Particle 10 new velocities: 33.8034, 28.6411
16.812, 59.013
36.9826, 15.5132
-19.7841, -31.5754
-24.617, 40.4371
Particle 11 new velocities: 1.54843, -13.8809
18.3768, -6.96656
8.97408, -1.6185
7.73465, -2.47925
-9.67975, -17.0455
Particle 12 new velocities: 46.9618, 72.4541
82.4356, 43.6183
27.6501, 10.5046
2.3647, 83.3357
101.064, 64.3174
Particle 13 new velocities: 120.893, 161.154
166.244, 53.7016
44.9945, 50.541
144.431, 131.359
118.072, 135.327
Particle 14 new velocities: 119.778, 95.9643
78.0731, 30.7672
60.3155, 31.188
189.974, 69.7725
99.6289, 111.116
Particle 15 new velocities: 70.9822, 2.49912
39.3133, 14.9387
-59.9704, -4.08717
74.2779, -7.25417
73.079, 190.721
Particle 16 new velocities: 16.6177, -14.9657
27.1638, 24.0476
5.01858, -7.61756
36.1824, 65.5195
30.9013, 50.4134
Particle 17 new velocities: 23.8858, 8.59066
22.5345, 11.3872
9.84952, 51.2046
-22.1842, 66.1196
170.768, -69.7404
Particle 18 new velocities: 73.8372, 77.0575
30.6721, 62.4454
20.3189, 30.441
153.543, 72.6536
49.0435, 58.6458
Particle 19 new velocities: 80.3834, 58.9407
247.963, 23.7642
0.154189, 2.70041
384.123, 54.8071
21.0434, -3.20599
Particle 20 new velocities: 9.96227, 33.7844
24.4718, 29.8657
25.6979, 45.7108
93.1485, 13.3744
50.2399, 138.526
-- ITERATION 20 --
-------------
Particle: 1:
Relays Coordinates:
295.689, 241.379
245.129, 118.925
98.0816, 72.1158
364.5, 191.906
182.839, 332.254
Evaluation Time: 3.17211 seconds
Resulting Fitness: 0.638889
-------------
Particle: 2:
Relays Coordinates:
141.215, 126.002
141.215, 85.4943
141.215, 109.086
141.215, 141.215
93.2098, 115.096
Evaluation Time: 1.69276 seconds
Resulting Fitness: 0.302778
-------------
Particle: 3:
Relays Coordinates:
82.7804, 113.998
215.234, 71.4478
215.234, 158.342
215.234, 122.581
215.234, 173.149
Evaluation Time: 2.06951 seconds
Resulting Fitness: 0.447222
-------------
Particle: 4:
Relays Coordinates:
364.5, 184.339
222.438, 126.476
105.776, 68.7861
218.383, 264.141
190.354, 228.767
Evaluation Time: 2.7435 seconds
Resulting Fitness: 0.647222
-------------
Particle: 5:
Relays Coordinates:
142.867, 193.71
174.244, 107.173
48.5053, 32.2907
184.297, 106.286
102.77, 193.71
Evaluation Time: 2.06072 seconds
Resulting Fitness: 0.363889
-------------
Particle: 6:
Relays Coordinates:
296.613, 251.19
211.53, 139.704
60.9192, 103.093
402.229, 264.283
207.454, 323.181
Evaluation Time: 3.22354 seconds
Resulting Fitness: 0.622222
-------------
Particle: 7:
Relays Coordinates:
190.358, 186.542
218.023, 98.8947
70.7423, 54.4236
201.275, 239.148
144.466, 174.743
Evaluation Time: 2.35411 seconds
Resulting Fitness: 0.502778
-------------
Particle: 8:
Relays Coordinates:
200.011, 154.204
112.835, 48.7032
45.8789, 49.4498
241.976, 206.862
112.371, 265.721
Evaluation Time: 2.72979 seconds
Resulting Fitness: 0.575
-------------
Particle: 9:
Relays Coordinates:
240.055, 220.274
251.861, 141.694
87.7141, 107.738
197.11, 206.076
275.748, 247.683
Evaluation Time: 2.39137 seconds
Resulting Fitness: 0.552778
-------------
Particle: 10:
Relays Coordinates:
177.447, 207.107
176.233, 107.415
118.945, 55.4155
149.367, 177.774
129.45, 345.156
Evaluation Time: 2.804 seconds
Resulting Fitness: 0.591667
-------------
Particle: 11:
Relays Coordinates:
257.902, 219.61
234.651, 119.539
107.44, 53.9768
401.515, 258.966
171.459, 337.75
Evaluation Time: 3.34893 seconds
Resulting Fitness: 0.727778
-------------
Particle: 12:
Relays Coordinates:
265.888, 286.843
238.242, 144.364
107.974, 88.8693
267.636, 178.223
269.588, 317.818
Evaluation Time: 2.80576 seconds
Resulting Fitness: 0.6
-------------
Particle: 13:
Relays Coordinates:
259.89, 253.305
219.751, 111.889
105.983, 79.105
328.102, 264.638
209.006, 330.869
Evaluation Time: 2.90143 seconds
Resulting Fitness: 0.7
-------------
Particle: 14:
Relays Coordinates:
272.096, 251.238
216.314, 108.307
105.552, 58.1771
370.005, 222.738
189.379, 359.358
Evaluation Time: 3.15125 seconds
Resulting Fitness: 0.738889
-------------
Particle: 15:
Relays Coordinates:
241.326, 122.605
175.832, 85.2138
35.9341, 37.6485
250.617, 158.61
177.168, 276.154
Evaluation Time: 2.43205 seconds
Resulting Fitness: 0.588889
-------------
Particle: 16:
Relays Coordinates:
248.253, 237.633
207.726, 119.819
120.9, 58.6947
290.703, 283.683
220.507, 417.543
Evaluation Time: 2.73925 seconds
Resulting Fitness: 0.644444
-------------
Particle: 17:
Relays Coordinates:
308.838, 261.912
252.287, 139.665
110.004, 108.8
278.464, 392.965
450.127, 279.32
Evaluation Time: 2.84519 seconds
Resulting Fitness: 0.663889
-------------
Particle: 18:
Relays Coordinates:
264.597, 288.537
216.406, 161.493
94.3488, 78.9236
378.363, 222.975
194.672, 416.505
Evaluation Time: 4.20854 seconds
Resulting Fitness: 0.736111
New local best!
-------------
Particle: 19:
Relays Coordinates:
152.391, 143.219
229.264, 103.388
64.2901, 31.4193
295.245, 158.651
95.0604, 191.817
Evaluation Time: 2.36405 seconds
Resulting Fitness: 0.530556
-------------
Particle: 20:
Relays Coordinates:
182.494, 168.996
157.821, 100.911
65.8574, 69.5613
292.181, 136.368
146.262, 312.209
Evaluation Time: 2.90894 seconds
Resulting Fitness: 0.655556
Final Evaluation Time: 1087.69 seconds
Final global best fitness: 0.752778
Final global best relays:
262.31, 233.553
213.221, 123.244
90.8685, 56.1208
336.268, 222.192
177.933, 338.218
