PSO EXECUTION
============================
Seed: 10062002
Particles: 20
Relays: 3
Iterations: 20
Backend: Hybrid
Network Configuration: 1
Area: 500 x 500
Sink: 0, 0
Simulated Relay range: 155
w: 0.8
c1: 1.7
c2: 1.3

Relay Nodes Positions: 
PARTICLE 1: 
49.93, 43.4972
95.5093, 107.663
41.5378, 97.3489
PARTICLE 2: 
132.473, 36.2076
119.797, 83.3815
115.187, 100.262
PARTICLE 3: 
53.3853, 168.184
56.4776, 46.0881
133.057, 198.044
PARTICLE 4: 
140.949, 7.96899
51.399, 39.6223
90.1916, 31.82
PARTICLE 5: 
124.01, 41.5123
239.689, 99.2014
308.455, 161.623
PARTICLE 6: 
33.4527, 135.099
165.901, 265.555
31.705, 242.515
PARTICLE 7: 
29.2713, 158.171
69.8265, 191.817
130.14, 47.293
PARTICLE 8: 
5.69343, 8.65528
113.846, 109.609
64.5532, 150.475
PARTICLE 9: 
141.639, 115.582
41.4803, 119.615
43.2341, 198.672
PARTICLE 10: 
57.2788, 120.106
183.563, 142.628
2.02582, 46.0551
PARTICLE 11: 
4.7603, 221.901
45.6704, 83.7456
63.5354, 60.8738
PARTICLE 12: 
65.8381, 19.6284
114.033, 124.675
130.389, 120.392
PARTICLE 13: 
82.4287, 75.9346
20.5687, 7.30101
31.4781, 124.119
PARTICLE 14: 
132.358, 22.3351
7.41315, 65.4288
92.4691, 52.0693
PARTICLE 15: 
73.8414, 81.9525
149.09, 102.524
199.297, 22.0603
PARTICLE 16: 
209.117, 38.1063
218.781, 9.99356
83.7734, 33.8715
PARTICLE 17: 
54.5692, 91.301
85.8131, 17.1217
84.2164, 162.7
PARTICLE 18: 
107.12, 131.151
31.6094, 74.1328
71.5031, 49.3155
PARTICLE 19: 
116.049, 231.928
41.4676, 129.025
185.608, 340.312
PARTICLE 20: 
133.411, 48.9793
233.726, 112.059
154.055, 217.603
Nodes Positions: 
305.378, 64.7531
410.147, 385.69
259.419, 48.3467
168.545, 93.7158
387.713, 251.692
466.127, 466.665
44.4024, 495.328
377.514, 100.017
314.735, 443.957
374.356, 51.6537
204.621, 132.628
433.597, 361.534
336.765, 195.475
150.261, 115.102
183.186, 231.849
329.345, 190.745
494.554, 122.367
165.525, 322.066
278.681, 367.571
185.442, 294.612
287, 177.006
1.86936, 163.075
417.675, 41.0331
210.217, 6.93513
447.715, 484.036
130.141, 86.4906
67.4399, 306.536
317.671, 233.515
34.7718, 274.961
483.362, 249.404
292.25, 151.137
54.2765, 9.30332
13.801, 216.683
243.919, 264.48
229.356, 332.797
271.787, 31.295
365.788, 67.0967
22.4757, 148.238
137.869, 216.385
401.426, 467.42
28.1303, 139.783
398.104, 451.518
89.2183, 351.359
101.196, 430.152
353.134, 475.606
342.254, 398.149
217.905, 283.939
467.256, 419.703
426.705, 167.905
82.1397, 435.409
233.619, 375.969
61.0404, 347.438
119.13, 341.412
146.068, 278.838
450.294, 204.711
195.579, 23.7374
114.612, 75.9382
478.637, 409.781
252.832, 308.581
94.0071, 400.188
All particles start with velocity zero
-- ITERATION 0 --
-------------
Particle: 1:
Relays Coordinates:
49.93, 43.4972
95.5093, 107.663
41.5378, 97.3489
Evaluation Time: 0.0554281 seconds
Resulting Fitness: 0.22628
New local best!
New global best!
-------------
Particle: 2:
Relays Coordinates:
132.473, 36.2076
119.797, 83.3815
115.187, 100.262
Evaluation Time: 0.0507948 seconds
Resulting Fitness: 0.276969
New local best!
New global best!
-------------
Particle: 3:
Relays Coordinates:
53.3853, 168.184
56.4776, 46.0881
133.057, 198.044
Evaluation Time: 0.0506056 seconds
Resulting Fitness: 0.37824
New local best!
New global best!
-------------
Particle: 4:
Relays Coordinates:
140.949, 7.96899
51.399, 39.6223
90.1916, 31.82
Evaluation Time: 0.0429488 seconds
Resulting Fitness: 0.238223
New local best!
-------------
Particle: 5:
Relays Coordinates:
124.01, 41.5123
239.689, 99.2014
308.455, 161.623
Evaluation Time: 0.053314 seconds
Resulting Fitness: 0.466629
New local best!
New global best!
-------------
Particle: 6:
Relays Coordinates:
33.4527, 135.099
165.901, 265.555
31.705, 242.515
Evaluation Time: 0.0507541 seconds
Resulting Fitness: 0.437348
New local best!
-------------
Particle: 7:
Relays Coordinates:
29.2713, 158.171
69.8265, 191.817
130.14, 47.293
Evaluation Time: 0.0648432 seconds
Resulting Fitness: 0.342992
New local best!
-------------
Particle: 8:
Relays Coordinates:
5.69343, 8.65528
113.846, 109.609
64.5532, 150.475
Evaluation Time: 0.0578084 seconds
Resulting Fitness: 0.278082
New local best!
-------------
Particle: 9:
Relays Coordinates:
141.639, 115.582
41.4803, 119.615
43.2341, 198.672
Evaluation Time: 0.0532778 seconds
Resulting Fitness: 0.346085
New local best!
-------------
Particle: 10:
Relays Coordinates:
57.2788, 120.106
183.563, 142.628
2.02582, 46.0551
Evaluation Time: 0.040136 seconds
Resulting Fitness: 0.386627
New local best!
-------------
Particle: 11:
Relays Coordinates:
4.7603, 221.901
45.6704, 83.7456
63.5354, 60.8738
Evaluation Time: 0.0519317 seconds
Resulting Fitness: 0.259289
New local best!
-------------
Particle: 12:
Relays Coordinates:
65.8381, 19.6284
114.033, 124.675
130.389, 120.392
Evaluation Time: 0.0559625 seconds
Resulting Fitness: 0.281394
New local best!
-------------
Particle: 13:
Relays Coordinates:
82.4287, 75.9346
20.5687, 7.30101
31.4781, 124.119
Evaluation Time: 0.058236 seconds
Resulting Fitness: 0.239545
New local best!
-------------
Particle: 14:
Relays Coordinates:
132.358, 22.3351
7.41315, 65.4288
92.4691, 52.0693
Evaluation Time: 0.0724621 seconds
Resulting Fitness: 0.239332
New local best!
-------------
Particle: 15:
Relays Coordinates:
73.8414, 81.9525
149.09, 102.524
199.297, 22.0603
Evaluation Time: 0.0621172 seconds
Resulting Fitness: 0.313924
New local best!
-------------
Particle: 16:
Relays Coordinates:
209.117, 38.1063
218.781, 9.99356
83.7734, 33.8715
Evaluation Time: 0.0636893 seconds
Resulting Fitness: 0.266007
New local best!
-------------
Particle: 17:
Relays Coordinates:
54.5692, 91.301
85.8131, 17.1217
84.2164, 162.7
Evaluation Time: 0.0518727 seconds
Resulting Fitness: 0.312456
New local best!
-------------
Particle: 18:
Relays Coordinates:
107.12, 131.151
31.6094, 74.1328
71.5031, 49.3155
Evaluation Time: 0.0621647 seconds
Resulting Fitness: 0.263026
New local best!
-------------
Particle: 19:
Relays Coordinates:
116.049, 231.928
41.4676, 129.025
185.608, 340.312
Evaluation Time: 0.055307 seconds
Resulting Fitness: 0.511072
New local best!
New global best!
-------------
Particle: 20:
Relays Coordinates:
133.411, 48.9793
233.726, 112.059
154.055, 217.603
Evaluation Time: 0.0502945 seconds
Resulting Fitness: 0.531301
New local best!
New global best!
Current global best fitness: 0.531301
Current global best relays: 133.411, 48.9793
233.726, 112.059
154.055, 217.603
Particle 1 new velocities: 29.411, 5.13054
150.298, 2.43753
53.8767, 53.9114
Particle 2 new velocities: 0.255373, 6.13938
26.3213, 4.15983
40.2051, 137.252
Particle 3 new velocities: 11.8617, -152.971
190.455, 19.7694
18.9091, 23.1274
Particle 4 new velocities: -3.97702, 2.91961
148.267, 87.5366
17.8789, 2.84001
Particle 5 new velocities: 5.69588, 5.07628
-1.47907, 12.9633
-55.1633, 54.9824
Particle 6 new velocities: 37.39, -88.8645
60.2528, -174.6
44.3948, -6.23783
Particle 7 new velocities: 34.2554, -47.7349
36.8997, -92.9579
6.49042, 133.295
Particle 8 new velocities: 42.9173, 16.2644
78.165, 1.79842
88.8352, 75.8157
Particle 9 new velocities: -8.18183, -47.0219
223.401, -8.45541
141.027, 3.58435
Particle 10 new velocities: 55.0642, -15.8037
42.4557, -15.6194
133.228, 104.358
Particle 11 new velocities: 102.96, -113.451
235.333, 2.57556
12.2251, 73.7454
Particle 12 new velocities: 12.8679, 30.5733
17.8901, -2.45515
25.8306, 56.6062
Particle 13 new velocities: 56.2424, -5.97142
4.27417, 97.8981
104.233, 84.1389
Particle 14 new velocities: 1.22475, 8.2276
235.396, 17.4027
73.5476, 85.3639
Particle 15 new velocities: 52.0886, -0.0679596
39.8014, 2.90533
-32.7189, 55.487
Particle 16 new velocities: -93.0656, 6.78396
15.277, 47.4794
3.34801, 98.0697
Particle 17 new velocities: 57.0028, -3.62481
94.2104, 60.6563
55.497, 43.6781
Particle 18 new velocities: 29.6727, -89.6073
148.215, 40.8829
97.1763, 73.2841
Particle 19 new velocities: 4.48866, -132.286
213.893, -4.20635
-30.5041, -12.4663
Particle 20 new velocities: 0, 0
0, 0
0, 0
-- ITERATION 1 --
-------------
Particle: 1:
Relays Coordinates:
71.4069, 43.7649
221.227, 99.0901
85.873, 136.134
Evaluation Time: 0.0535256 seconds
Resulting Fitness: 0.386742
New local best!
-------------
Particle: 2:
Relays Coordinates:
132.728, 42.3469
146.119, 87.5413
155.392, 237.514
Evaluation Time: 0.0552582 seconds
Resulting Fitness: 0.470284
New local best!
-------------
Particle: 3:
Relays Coordinates:
52.8501, 12.3223
200.015, 53.3446
123.092, 179.148
Evaluation Time: 0.0565427 seconds
Resulting Fitness: 0.428587
New local best!
-------------
Particle: 4:
Relays Coordinates:
136.972, 10.8886
199.666, 127.159
108.07, 34.6601
Evaluation Time: 0.0542272 seconds
Resulting Fitness: 0.344953
New local best!
-------------
Particle: 5:
Relays Coordinates:
129.706, 46.5886
238.21, 112.165
253.292, 216.606
Evaluation Time: 0.0654511 seconds
Resulting Fitness: 0.52095
New local best!
-------------
Particle: 6:
Relays Coordinates:
57.3826, 37.4495
183.185, 73.6737
61.6408, 191.384
Evaluation Time: 0.067958 seconds
Resulting Fitness: 0.383981
-------------
Particle: 7:
Relays Coordinates:
63.5267, 110.436
106.726, 98.8587
136.63, 180.588
Evaluation Time: 0.053221 seconds
Resulting Fitness: 0.372029
New local best!
-------------
Particle: 8:
Relays Coordinates:
43.7496, 22.4277
172.81, 100.267
138.05, 203.662
Evaluation Time: 0.0543826 seconds
Resulting Fitness: 0.449848
New local best!
-------------
Particle: 9:
Relays Coordinates:
133.458, 68.5597
264.881, 111.16
184.261, 202.256
Evaluation Time: 0.0588351 seconds
Resulting Fitness: 0.506003
New local best!
-------------
Particle: 10:
Relays Coordinates:
112.343, 104.302
226.018, 127.009
135.254, 150.413
Evaluation Time: 0.0544711 seconds
Resulting Fitness: 0.423965
New local best!
-------------
Particle: 11:
Relays Coordinates:
87.2533, 87.8447
227.613, 69.9202
61.3661, 109.042
Evaluation Time: 0.0544654 seconds
Resulting Fitness: 0.361216
New local best!
-------------
Particle: 12:
Relays Coordinates:
78.7059, 50.2016
131.923, 122.22
156.219, 176.998
Evaluation Time: 0.0566947 seconds
Resulting Fitness: 0.391251
New local best!
-------------
Particle: 13:
Relays Coordinates:
138.671, 69.9632
24.8429, 105.199
135.712, 208.257
Evaluation Time: 0.0571819 seconds
Resulting Fitness: 0.412937
New local best!
-------------
Particle: 14:
Relays Coordinates:
133.582, 30.5627
242.809, 82.8315
166.017, 137.433
Evaluation Time: 0.0556698 seconds
Resulting Fitness: 0.425101
New local best!
-------------
Particle: 15:
Relays Coordinates:
125.93, 81.8845
188.891, 105.429
166.578, 77.5473
Evaluation Time: 0.0502655 seconds
Resulting Fitness: 0.325766
New local best!
-------------
Particle: 16:
Relays Coordinates:
116.052, 44.8903
234.058, 57.4729
87.1214, 131.941
Evaluation Time: 0.0505975 seconds
Resulting Fitness: 0.386925
New local best!
-------------
Particle: 17:
Relays Coordinates:
111.572, 87.6762
180.024, 77.778
139.713, 206.378
Evaluation Time: 0.0531818 seconds
Resulting Fitness: 0.447907
New local best!
-------------
Particle: 18:
Relays Coordinates:
136.792, 41.5436
179.825, 115.016
168.679, 122.6
Evaluation Time: 0.0397818 seconds
Resulting Fitness: 0.318659
New local best!
-------------
Particle: 19:
Relays Coordinates:
79.0851, 65.3751
167.542, 81.8935
101.764, 215.1
Evaluation Time: 0.0538828 seconds
Resulting Fitness: 0.444342
-------------
Particle: 20:
Relays Coordinates:
133.411, 48.9793
233.726, 112.059
154.055, 217.603
Evaluation Time: 0.0565323 seconds
Resulting Fitness: 0.531301
Current global best fitness: 0.531301
Current global best relays: 133.411, 48.9793
233.726, 112.059
154.055, 217.603
Particle 1 new velocities: 100.255, 4.324
133.133, 4.9779
55.9458, 73.6265
Particle 2 new velocities: 0.519396, 8.46418
73.2203, 15.2996
31.0546, 106.14
Particle 3 new velocities: 16.8589, -107.293
195.424, 24.8948
31.4172, 28.351
Particle 4 new velocities: -4.47253, 8.18208
121.947, 68.3375
19.2206, 158.88
Particle 5 new velocities: 7.58768, 4.28416
-4.90396, 10.3104
-45.7025, 44.5703
Particle 6 new velocities: 68.3045, -69.0649
58.0949, -40.9061
87.3703, 34.8457
Particle 7 new velocities: 66.1075, -46.8674
51.5597, -73.0146
23.6436, 145.798
Particle 8 new velocities: 140.738, 15.3124
112.956, 2.80304
86.0735, 63.5941
Particle 9 new velocities: -6.5762, -53.734
173.056, -5.94148
106.199, 17.8534
Particle 10 new velocities: 64.2031, -36.1149
39.0722, -13.5697
108.988, 101.822
Particle 11 new velocities: 132.438, -100.511
189.004, 30.0589
81.7893, 196.132
Particle 12 new velocities: 66.1008, 23.5351
15.2755, -13.7601
19.6007, 57.4473
Particle 13 new velocities: 44.3521, -13.037
165.03, 85.5999
106.672, 76.6196
Particle 14 new velocities: 0.850142, 18.6646
182.946, 19.5859
45.4626, 71.3412
Particle 15 new velocities: 42.6653, -32.5815
56.18, 4.7632
-29.8897, 166.369
Particle 16 new velocities: -66.4545, 9.32216
12.08, 74.5648
19.8645, 167.547
Particle 17 new velocities: 59.1927, -10.2992
75.8133, 78.3732
59.5482, 48.7782
Particle 18 new velocities: 21.6328, -69.665
182.992, 29.9804
62.0419, 102.632
Particle 19 new velocities: 82.2374, 18.7785
191.618, 35.4263
9.03051, 151.328
Particle 20 new velocities: 0, 0
0, 0
0, 0
-- ITERATION 2 --
-------------
Particle: 1:
Relays Coordinates:
139.046, 38.952
287.031, 84.295
114.873, 169.906
Evaluation Time: 0.0568257 seconds
Resulting Fitness: 0.481823
New local best!
-------------
Particle: 2:
Relays Coordinates:
78.6815, 30.0035
129.517, 60.7265
110.095, 202.924
Evaluation Time: 0.0520294 seconds
Resulting Fitness: 0.420517
-------------
Particle: 3:
Relays Coordinates:
37.0462, 0
210.153, 41.5796
82.1128, 110.274
Evaluation Time: 0.0415281 seconds
Resulting Fitness: 0.31075
-------------
Particle: 4:
Relays Coordinates:
96.5919, 13.9025
234.456, 142.517
92.7952, 141.091
Evaluation Time: 0.0510666 seconds
Resulting Fitness: 0.444009
New local best!
-------------
Particle: 5:
Relays Coordinates:
137.294, 50.8727
233.306, 122.475
207.59, 261.176
Evaluation Time: 0.0504885 seconds
Resulting Fitness: 0.543949
New local best!
New global best!
-------------
Particle: 6:
Relays Coordinates:
82.4633, 0
158.304, 21.4988
97.7662, 148.429
Evaluation Time: 0.05106 seconds
Resulting Fitness: 0.318927
-------------
Particle: 7:
Relays Coordinates:
68.8929, 33.7831
84.1196, 13.7346
85.1761, 173.455
Evaluation Time: 0.0511493 seconds
Resulting Fitness: 0.3138
-------------
Particle: 8:
Relays Coordinates:
149.435, 30.5695
231.47, 83.4866
181.54, 216.477
Evaluation Time: 0.0517327 seconds
Resulting Fitness: 0.491197
New local best!
-------------
Particle: 9:
Relays Coordinates:
74.9221, 8.75442
258.597, 62.1305
171.514, 129.973
Evaluation Time: 0.0725062 seconds
Resulting Fitness: 0.383758
-------------
Particle: 10:
Relays Coordinates:
143.002, 55.2318
214.723, 91.8856
197.836, 204.31
Evaluation Time: 0.0542231 seconds
Resulting Fitness: 0.458097
New local best!
-------------
Particle: 11:
Relays Coordinates:
105.078, 0
199.267, 47.8197
68.4708, 145.964
Evaluation Time: 0.0501267 seconds
Resulting Fitness: 0.339301
-------------
Particle: 12:
Relays Coordinates:
130.326, 66.363
132.479, 97.6138
158.238, 211.001
Evaluation Time: 0.0474774 seconds
Resulting Fitness: 0.469277
New local best!
-------------
Particle: 13:
Relays Coordinates:
133.424, 41.4992
138.417, 139.092
176.698, 207.675
Evaluation Time: 0.05512 seconds
Resulting Fitness: 0.471006
New local best!
-------------
Particle: 14:
Relays Coordinates:
79.381, 29.0682
251.404, 60.4765
124.876, 123.279
Evaluation Time: 0.0409217 seconds
Resulting Fitness: 0.387131
-------------
Particle: 15:
Relays Coordinates:
136.562, 39.9354
198.508, 89.256
110.718, 197.573
Evaluation Time: 0.0553866 seconds
Resulting Fitness: 0.45291
New local best!
-------------
Particle: 16:
Relays Coordinates:
32.5406, 35.5688
161.491, 86.6299
70.1934, 196.494
Evaluation Time: 0.0609488 seconds
Resulting Fitness: 0.378874
-------------
Particle: 17:
Relays Coordinates:
138.319, 62.6754
207.228, 126.482
161.402, 206.676
Evaluation Time: 0.0664161 seconds
Resulting Fitness: 0.501411
New local best!
-------------
Particle: 18:
Relays Coordinates:
93.5484, 0
214.239, 85.6188
136.239, 132.997
Evaluation Time: 0.0612076 seconds
Resulting Fitness: 0.361122
New local best!
-------------
Particle: 19:
Relays Coordinates:
85.7334, 44.7226
190.873, 62.3485
58.8806, 194.735
Evaluation Time: 0.0511032 seconds
Resulting Fitness: 0.386164
-------------
Particle: 20:
Relays Coordinates:
133.411, 48.9793
233.726, 112.059
154.055, 217.603
Evaluation Time: 0.0562366 seconds
Resulting Fitness: 0.531301
Current global best fitness: 0.543949
Current global best relays: 137.294, 50.8727
233.306, 122.475
207.59, 261.176
Particle 1 new velocities: 78.1671, 8.42274
56.6184, 5.29419
99.3036, 82.3916
Particle 2 new velocities: 123.487, 26.9297
186.694, 54.6036
64.4541, 164.471
Particle 3 new velocities: 88.3198, 43.3885
163.831, 113.067
98.7595, 211.41
Particle 4 new velocities: 1.88468, 37.5808
96.6956, 30.1558
101.746, 137.996
Particle 5 new velocities: 6.07014, 3.42733
-3.92317, 8.24832
-36.562, 35.6562
Particle 6 new velocities: 22.4578, 76.3064
107.76, 419.197
100.415, 204.682
Particle 7 new velocities: 111.51, 30.9769
88.6514, 58.6504
100.991, 179.841
Particle 8 new velocities: 101.749, 34.4636
90.6985, 30.2185
70.1491, 92.7116
Particle 9 new velocities: 122.215, 18.5795
125.965, 19.557
110.913, 202.219
Particle 10 new velocities: 44.6629, -33.8518
40.7546, 27.4696
93.8533, 150.645
Particle 11 new velocities: 90.1672, 122.679
205.754, 140.241
176.358, 269.321
Particle 12 new velocities: 56.3382, 13.7956
95.5614, 7.06477
77.9707, 69.6177
Particle 13 new velocities: 39.4457, -9.66888
236.972, 59.5927
116.313, 111.226
Particle 14 new velocities: 127.411, 40.6387
130.595, 114.304
119.769, 192.625
Particle 15 new velocities: 34.2594, -21.422
65.7321, 19.1281
-17.6053, 163.178
Particle 16 new velocities: 89.5445, 27.6789
149.518, 57.2104
116.825, 91.5574
Particle 17 new velocities: 46.0479, -15.0818
85.5873, 61.2316
78.5758, 94.0086
Particle 18 new velocities: 64.3686, 34.9028
156.516, 50.0636
78.3976, 177.337
Particle 19 new velocities: 153.85, 282.644
-29.8397, 59.5329
248.203, 174.12
Particle 20 new velocities: 2.56582, 1.41129
-0.0876764, 10.6394
17.118, 24.4422
-- ITERATION 3 --
-------------
Particle: 1:
Relays Coordinates:
142.514, 31.0826
225.469, 58.7795
140.521, 165.533
Evaluation Time: 0.0710125 seconds
Resulting Fitness: 0.43178
-------------
Particle: 2:
Relays Coordinates:
107.441, 30.2566
168.048, 61.2912
92.7626, 195.249
Evaluation Time: 0.0602428 seconds
Resulting Fitness: 0.403406
-------------
Particle: 3:
Relays Coordinates:
66.6246, 23.0584
198.751, 82.1857
96.123, 170.956
Evaluation Time: 0.0522985 seconds
Resulting Fitness: 0.381432
-------------
Particle: 4:
Relays Coordinates:
58.1494, 30.4004
195.542, 101.962
114.875, 164.798
Evaluation Time: 0.0543163 seconds
Resulting Fitness: 0.406645
-------------
Particle: 5:
Relays Coordinates:
116.125, 43.983
185.8, 105.886
138.532, 240.434
Evaluation Time: 0.0626176 seconds
Resulting Fitness: 0.500755
-------------
Particle: 6:
Relays Coordinates:
50.1835, 36.4971
127.257, 210.783
94.7894, 168.892
Evaluation Time: 0.0556009 seconds
Resulting Fitness: 0.388631
-------------
Particle: 7:
Relays Coordinates:
95.8736, 34.4161
91.8176, 38.4684
98.9367, 187.756
Evaluation Time: 0.0565353 seconds
Resulting Fitness: 0.348909
-------------
Particle: 8:
Relays Coordinates:
148.322, 38.4014
190.237, 67.1417
148.62, 182.573
Evaluation Time: 0.0564538 seconds
Resulting Fitness: 0.441091
-------------
Particle: 9:
Relays Coordinates:
104.767, 14.5264
204.372, 43.4121
150.093, 176.54
Evaluation Time: 0.0530284 seconds
Resulting Fitness: 0.420684
-------------
Particle: 10:
Relays Coordinates:
110.814, 12.6247
150.857, 70.4781
172.239, 209.598
Evaluation Time: 0.0600213 seconds
Resulting Fitness: 0.426803
-------------
Particle: 11:
Relays Coordinates:
103.761, 65.1964
215.245, 99.9429
130.112, 220.699
Evaluation Time: 0.0554818 seconds
Resulting Fitness: 0.510003
New local best!
-------------
Particle: 12:
Relays Coordinates:
136.078, 58.4356
166.241, 76.3106
172.196, 204.571
Evaluation Time: 0.0645943 seconds
Resulting Fitness: 0.447312
-------------
Particle: 13:
Relays Coordinates:
102.078, 18.7955
221.663, 117.322
173.02, 188.308
Evaluation Time: 0.0637866 seconds
Resulting Fitness: 0.424383
-------------
Particle: 14:
Relays Coordinates:
135.676, 45.7347
250.63, 114.674
160.512, 207.264
Evaluation Time: 0.0673751 seconds
Resulting Fitness: 0.530689
New local best!
-------------
Particle: 15:
Relays Coordinates:
81.7035, 8.85492
126.385, 51.8398
44.5354, 172.546
Evaluation Time: 0.0601681 seconds
Resulting Fitness: 0.320714
-------------
Particle: 16:
Relays Coordinates:
89.0001, 46.1076
226.726, 104.86
136.336, 209.989
Evaluation Time: 0.0545403 seconds
Resulting Fitness: 0.509177
New local best!
-------------
Particle: 17:
Relays Coordinates:
149.337, 38.5508
237.18, 152.048
194.382, 243.555
Evaluation Time: 0.0575009 seconds
Resulting Fitness: 0.507977
New local best!
-------------
Particle: 18:
Relays Coordinates:
103.609, 22.8998
243.252, 89.0212
140.823, 203.61
Evaluation Time: 0.0534043 seconds
Resulting Fitness: 0.512859
New local best!
-------------
Particle: 19:
Relays Coordinates:
157.191, 214.785
105.654, 79.9664
201.477, 242.006
Evaluation Time: 0.0517822 seconds
Resulting Fitness: 0.516756
New local best!
-------------
Particle: 20:
Relays Coordinates:
135.976, 50.3906
233.638, 122.699
171.173, 242.045
Evaluation Time: 0.0558672 seconds
Resulting Fitness: 0.534123
New local best!
Current global best fitness: 0.543949
Current global best relays: 137.294, 50.8727
233.306, 122.475
207.59, 261.176
Particle 1 new velocities: 55.3797, 28.3449
86.0421, 40.5687
74.8188, 192.678
Particle 2 new velocities: 126.523, 29.1918
197.397, 87.1452
240.554, 160.219
Particle 3 new velocities: 67.0958, 24.2663
170.078, 85.3148
159.217, 221.453
Particle 4 new velocities: 126.253, 18.3325
131.423, 74.307
69.0006, 155.126
Particle 5 new velocities: 60.4087, 14.5664
55.4619, 41.0845
62.811, 39.6265
Particle 6 new velocities: 94.2628, 212.266
117.777, 327.475
168.211, 196.605
Particle 7 new velocities: 120.445, 70.0393
162.401, 150.87
193.893, 230.071
Particle 8 new velocities: 69.7242, 25.8021
156.863, 62.2215
84.2143, 155.3
Particle 9 new velocities: 122.907, 81.4253
207.883, 108.154
124.036, 228.708
Particle 10 new velocities: 85.4265, 16.0958
109.442, 85.9682
127.736, 161.043
Particle 11 new velocities: 72.4178, 93.9484
168.692, 131.424
171.33, 230.392
Particle 12 new velocities: 40.4959, 8.2414
128.467, 60.9652
83.0727, 114.117
Particle 13 new velocities: 81.8884, 29.7623
149.856, 77.8522
107.729, 175.516
Particle 14 new velocities: 102.86, 39.1145
102.068, 96.1993
126.815, 167.656
Particle 15 new velocities: 140.155, 43.8101
218.426, 42.2881
158.675, 182.007
Particle 16 new velocities: 107.074, 27.4239
126.363, 62.9033
166.876, 99.803
Particle 17 new velocities: 21.5241, -5.11326
63.6694, 15.8416
78.2941, 87.1814
Particle 18 new velocities: 75.3045, 63.6646
122.169, 43.0849
99.3572, 145.971
Particle 19 new velocities: 99.7778, 153.605
67.8011, 51.8792
202.179, 159.373
Particle 20 new velocities: 2.93544, 1.41531
-0.454018, 8.49112
51.8036, 29.3024
-- ITERATION 4 --
-------------
Particle: 1:
Relays Coordinates:
105.169, 31.5822
165.549, 52.7977
114.441, 190.368
Evaluation Time: 1.52272 seconds
Resulting Fitness: 0.427778
-------------
Particle: 2:
Relays Coordinates:
138.153, 35.1037
215.791, 87.6502
196.82, 209.9
Evaluation Time: 1.68429 seconds
Resulting Fitness: 0.477778
New local best!
-------------
Particle: 3:
Relays Coordinates:
71.0646, 25.1503
196.011, 89.0166
135.698, 208.542
Evaluation Time: 1.58025 seconds
Resulting Fitness: 0.513889
New local best!
-------------
Particle: 4:
Relays Coordinates:
134.429, 35.5263
238.357, 128.5
134.045, 233.224
Evaluation Time: 1.73562 seconds
Resulting Fitness: 0.580556
New local best!
New global best!
-------------
Particle: 5:
Relays Coordinates:
142.992, 47.425
195.422, 119.046
163.088, 226.849
Evaluation Time: 1.72174 seconds
Resulting Fitness: 0.519444
-------------
Particle: 6:
Relays Coordinates:
76.7647, 132.203
130.221, 265.721
139.769, 194.24
Evaluation Time: 1.59229 seconds
Resulting Fitness: 0.452778
New local best!
-------------
Particle: 7:
Relays Coordinates:
127.734, 61.6799
150.114, 111.802
172.913, 246.723
Evaluation Time: 1.71403 seconds
Resulting Fitness: 0.544444
New local best!
-------------
Particle: 8:
Relays Coordinates:
128.754, 37.9115
204.959, 76.3877
137.486, 199.511
Evaluation Time: 1.60162 seconds
Resulting Fitness: 0.494444
New local best!
-------------
Particle: 9:
Relays Coordinates:
120.996, 50.9927
219.089, 80.5487
145.683, 215.365
Evaluation Time: 1.63776 seconds
Resulting Fitness: 0.536111
New local best!
-------------
Particle: 10:
Relays Coordinates:
128.754, 18.8435
170.782, 102.644
196.814, 243.177
Evaluation Time: 1.55802 seconds
Resulting Fitness: 0.527778
New local best!
-------------
Particle: 11:
Relays Coordinates:
104.032, 93.9735
226.711, 136.62
177.999, 266.365
Evaluation Time: 1.70898 seconds
Resulting Fitness: 0.619444
New local best!
New global best!
-------------
Particle: 12:
Relays Coordinates:
143.025, 54.0084
238.714, 111.193
206.768, 258.137
Evaluation Time: 1.77417 seconds
Resulting Fitness: 0.536111
New local best!
-------------
Particle: 13:
Relays Coordinates:
108.63, 28.6729
219.378, 115.248
165.78, 214.834
Evaluation Time: 1.66808 seconds
Resulting Fitness: 0.569444
New local best!
-------------
Particle: 14:
Relays Coordinates:
140.853, 50.1026
208.265, 124.518
169.663, 221.387
Evaluation Time: 1.71739 seconds
Resulting Fitness: 0.538889
New local best!
-------------
Particle: 15:
Relays Coordinates:
106.114, 25.1895
164.922, 45.0211
97.1946, 169.581
Evaluation Time: 1.43313 seconds
Resulting Fitness: 0.347222
-------------
Particle: 16:
Relays Coordinates:
142.938, 53.6044
257.401, 122.299
221.042, 225.839
Evaluation Time: 1.73052 seconds
Resulting Fitness: 0.511111
New local best!
-------------
Particle: 17:
Relays Coordinates:
138.398, 27.0844
243.688, 135.991
220.868, 267.896
Evaluation Time: 1.70112 seconds
Resulting Fitness: 0.541667
New local best!
-------------
Particle: 18:
Relays Coordinates:
105.647, 51.1154
215.778, 78.0073
141.824, 206.424
Evaluation Time: 1.68197 seconds
Resulting Fitness: 0.536111
New local best!
-------------
Particle: 19:
Relays Coordinates:
151.737, 217.531
102.423, 77.8535
238.355, 237.01
Evaluation Time: 1.64885 seconds
Resulting Fitness: 0.552778
New local best!
-------------
Particle: 20:
Relays Coordinates:
138.912, 51.8059
233.184, 131.19
222.976, 271.347
Evaluation Time: 1.62366 seconds
Resulting Fitness: 0.547222
New local best!
Current global best fitness: 0.619444
Current global best relays: 104.032, 93.9735
226.711, 136.62
177.999, 266.365
Particle 1 new velocities: 85.3366, 67.0396
217.958, 81.6393
132.237, 181.824
Particle 2 new velocities: 95.0974, 34.3495
166.227, 109.434
175.648, 132.654
Particle 3 new velocities: 95.3782, 32.9103
171.588, 71.9818
167.797, 219.546
Particle 4 new velocities: 66.545, 78.4133
104.793, 61.7589
70.9495, 162.337
Particle 5 new velocities: 5.3288, 47.5667
64.2089, 44.2123
72.1187, 89.8763
Particle 6 new velocities: 99.178, 126.162
218.056, -99.6992
156.348, 214.697
Particle 7 new velocities: 74.5666, 63.1068
214.988, 126.162
156.077, 205.454
Particle 8 new velocities: 30.2704, 24.9578
150.344, 97.1017
83.3504, 171.582
Particle 9 new velocities: 91.5284, 66.5568
175.471, 141.017
121.041, 235.154
Particle 10 new velocities: 57.8038, 33.703
106.608, 88.1146
81.3113, 136.693
Particle 11 new velocities: 57.9343, 75.1588
134.954, 105.139
137.064, 184.314
Particle 12 new velocities: 17.5686, 29.0587
90.5453, 65.6793
61.5805, 94.3786
Particle 13 new velocities: 59.5334, 26.3603
120.38, 86.5432
95.7879, 170.934
Particle 14 new velocities: 81.6702, 85.6006
88.2402, 85.4323
106.918, 185.004
Particle 15 new velocities: 135.467, 60.6075
231.454, 182.769
229.278, 252.447
Particle 16 new velocities: 40.468, 57.0406
92.3605, 54.6648
123.133, 130.533
Particle 17 new velocities: 2.91599, 79.9025
39.6471, 13.3612
23.6662, 69.0577
Particle 18 new velocities: 59.9613, 87.5067
100.215, 52.4864
94.5202, 154.365
Particle 19 new velocities: 21.9378, 122.503
148.514, 88.5163
109.129, 157.941
Particle 20 new velocities: -29.8158, 8.20429
-1.63015, 7.50437
-15.1137, 17.6109
-- ITERATION 5 --
-------------
Particle: 1:
Relays Coordinates:
101.242, 52.4117
203.811, 71.4454
131.094, 197.798
Evaluation Time: 0.0417372 seconds
Resulting Fitness: 0.453472
-------------
Particle: 2:
Relays Coordinates:
137.732, 41.0114
225.578, 116.376
219.939, 202.275
Evaluation Time: 0.0485411 seconds
Resulting Fitness: 0.467138
-------------
Particle: 3:
Relays Coordinates:
88.4545, 30.8558
195.357, 85.5611
161.29, 227.504
Evaluation Time: 0.054082 seconds
Resulting Fitness: 0.484251
-------------
Particle: 4:
Relays Coordinates:
118.673, 67.2802
202.627, 112.346
121.047, 233.575
Evaluation Time: 0.0408912 seconds
Resulting Fitness: 0.508361
-------------
Particle: 5:
Relays Coordinates:
120.14, 76.9433
210.301, 132.239
190.518, 256.548
Evaluation Time: 0.0483946 seconds
Resulting Fitness: 0.541813
-------------
Particle: 6:
Relays Coordinates:
84.1529, 123.575
166.58, 79.4075
141.632, 195.593
Evaluation Time: 0.0418345 seconds
Resulting Fitness: 0.444753
-------------
Particle: 7:
Relays Coordinates:
119.456, 73.6853
215.589, 140.516
194.265, 267.006
Evaluation Time: 0.0512647 seconds
Resulting Fitness: 0.541307
-------------
Particle: 8:
Relays Coordinates:
93.9022, 37.1237
209.803, 102.444
130.402, 219.127
Evaluation Time: 0.0519777 seconds
Resulting Fitness: 0.502186
New local best!
-------------
Particle: 9:
Relays Coordinates:
125.493, 69.4118
232.984, 130.832
157.498, 266.027
Evaluation Time: 0.0482141 seconds
Resulting Fitness: 0.535012
-------------
Particle: 10:
Relays Coordinates:
136, 38.3064
202.217, 139.063
202.754, 276.926
Evaluation Time: 0.0580408 seconds
Resulting Fitness: 0.522877
-------------
Particle: 11:
Relays Coordinates:
106.266, 110.968
237.288, 158.618
206.713, 295.69
Evaluation Time: 0.0532087 seconds
Resulting Fitness: 0.549477
-------------
Particle: 12:
Relays Coordinates:
117.073, 60.5559
240.03, 128.94
195.626, 256.984
Evaluation Time: 0.0545625 seconds
Resulting Fitness: 0.543788
New local best!
-------------
Particle: 13:
Relays Coordinates:
110.332, 36.1073
222.915, 132.395
171.614, 253.103
Evaluation Time: 0.0397788 seconds
Resulting Fitness: 0.534217
-------------
Particle: 14:
Relays Coordinates:
131.398, 80.1314
175.083, 123.974
163.319, 239.97
Evaluation Time: 0.0539415 seconds
Resulting Fitness: 0.484642
-------------
Particle: 15:
Relays Coordinates:
142.651, 50.6622
234.056, 134.508
192.779, 249.203
Evaluation Time: 0.0539195 seconds
Resulting Fitness: 0.538399
New local best!
-------------
Particle: 16:
Relays Coordinates:
120.333, 72.5942
229.479, 116.106
225.813, 233.816
Evaluation Time: 0.0617421 seconds
Resulting Fitness: 0.526485
New local best!
-------------
Particle: 17:
Relays Coordinates:
103.018, 77.9934
206.551, 108.878
178.265, 245.639
Evaluation Time: 0.0722635 seconds
Resulting Fitness: 0.520093
-------------
Particle: 18:
Relays Coordinates:
108.656, 90.95
207.323, 85.6169
155.065, 236.714
Evaluation Time: 0.0633515 seconds
Resulting Fitness: 0.511426
-------------
Particle: 19:
Relays Coordinates:
83.0684, 162.637
120.023, 79.5742
166.201, 188.904
Evaluation Time: 0.0546547 seconds
Resulting Fitness: 0.432447
-------------
Particle: 20:
Relays Coordinates:
109.096, 60.0102
231.554, 138.694
207.863, 288.958
Evaluation Time: 0.0628291 seconds
Resulting Fitness: 0.546854
Current global best fitness: 0.619444
Current global best relays: 104.032, 93.9735
226.711, 136.62
177.999, 266.365
Particle 1 new velocities: 97.9042, 67.4013
317.164, 96.1829
81.0438, 156.864
Particle 2 new velocities: 67.9652, 38.2596
128.063, 84.4107
100.633, 166.972
Particle 3 new velocities: 67.2393, 99.5922
143.487, 90.8811
146.955, 195.314
Particle 4 new velocities: 48.8178, 62.0667
143.403, 83.6443
117.356, 170.698
Particle 5 new velocities: 29.5449, 46.8885
61.6435, 32.1177
54.318, 74.8354
Particle 6 new velocities: 79.5257, 89.5098
158.374, 156.856
142.143, 260.295
Particle 7 new velocities: 50.8557, 57.2812
84.8414, 84.238
107.119, 150.077
Particle 8 new velocities: 31.2015, 27.0016
131.961, 99.1596
74.0067, 190.436
Particle 9 new velocities: 67.9678, 51.6222
134.052, 95.8469
84.4174, 186.052
Particle 10 new velocities: 29.4982, 78.4911
83.7561, 42.2023
47.355, 49.5215
Particle 11 new velocities: 42.8812, 36.4054
99.8329, 67.9334
90.5017, 98.6829
Particle 12 new velocities: 7.3434, 26.554
66.7838, 60.6457
36.5969, 87.1716
Particle 13 new velocities: 37.2695, 61.6249
96.6426, 58.7321
77.5171, 102.809
Particle 14 new velocities: 52.9851, 58.5872
121.383, 81.2444
101.627, 170.69
Particle 15 new velocities: 88.3731, 100.931
182.401, 147.961
171.883, 212.806
Particle 16 new velocities: 18.6105, 53.84
73.5375, 49.9667
68.0037, 126.761
Particle 17 new velocities: 6.60305, 32.8278
94.2, 58.1429
70.3783, 106.082
Particle 18 new velocities: 43.8487, 35.9499
92.1021, 79.0752
77.6308, 89.499
Particle 19 new velocities: 69.1452, 117.775
159.11, 79.4092
156.262, 287.495
Particle 20 new velocities: -23.8225, 22.2698
-0.901691, 2.3622
-21.4913, -23.2251
-- ITERATION 6 --
-------------
Particle: 1:
Relays Coordinates:
95.2512, 57.3062
239.148, 80.1761
101.465, 169.634
Evaluation Time: 0.0754587 seconds
Resulting Fitness: 0.445297
-------------
Particle: 2:
Relays Coordinates:
134.958, 52.0097
232.024, 131.736
210.327, 242.263
Evaluation Time: 0.062714 seconds
Resulting Fitness: 0.524536
New local best!
-------------
Particle: 3:
Relays Coordinates:
91.9357, 77.0282
200.084, 104.187
182.015, 249.67
Evaluation Time: 0.0591366 seconds
Resulting Fitness: 0.516752
New local best!
-------------
Particle: 4:
Relays Coordinates:
109.891, 84.8645
227.03, 128.589
156.416, 265.243
Evaluation Time: 0.0543201 seconds
Resulting Fitness: 0.536642
-------------
Particle: 5:
Relays Coordinates:
109.12, 90.2734
198.248, 119.816
178.485, 241.578
Evaluation Time: 0.0509512 seconds
Resulting Fitness: 0.517612
-------------
Particle: 6:
Relays Coordinates:
86.9855, 113.242
172.694, 125.56
150.81, 242.278
Evaluation Time: 0.075042 seconds
Resulting Fitness: 0.51023
New local best!
-------------
Particle: 7:
Relays Coordinates:
111.742, 85.9271
197.112, 147.461
197.739, 273.648
Evaluation Time: 0.066001 seconds
Resulting Fitness: 0.544104
-------------
Particle: 8:
Relays Coordinates:
73.8725, 37.8653
201.808, 119.045
120.701, 241.842
Evaluation Time: 0.0539607 seconds
Resulting Fitness: 0.515089
New local best!
-------------
Particle: 9:
Relays Coordinates:
114.237, 71.4693
216.731, 133.852
142.849, 266.948
Evaluation Time: 0.0535637 seconds
Resulting Fitness: 0.532316
-------------
Particle: 10:
Relays Coordinates:
120.648, 85.1453
208.475, 132.143
182.329, 237.98
Evaluation Time: 0.0545533 seconds
Resulting Fitness: 0.517384
-------------
Particle: 11:
Relays Coordinates:
108.728, 107.435
245.761, 165.156
216.669, 287.498
Evaluation Time: 0.0541885 seconds
Resulting Fitness: 0.549613
-------------
Particle: 12:
Relays Coordinates:
90.6994, 63.5031
223.667, 138.208
169.29, 250.89
Evaluation Time: 0.059899 seconds
Resulting Fitness: 0.533923
-------------
Particle: 13:
Relays Coordinates:
107.602, 71.2467
232.958, 139.332
181.617, 259.46
Evaluation Time: 0.0550055 seconds
Resulting Fitness: 0.543051
-------------
Particle: 14:
Relays Coordinates:
120.974, 91.0132
194.511, 134.644
173.831, 269.434
Evaluation Time: 0.0427625 seconds
Resulting Fitness: 0.54372
New local best!
-------------
Particle: 15:
Relays Coordinates:
122.776, 80.5629
221.323, 150.115
193.796, 245.531
Evaluation Time: 0.0537815 seconds
Resulting Fitness: 0.536091
-------------
Particle: 16:
Relays Coordinates:
101.29, 92.1706
220.899, 121.067
214.192, 262.86
Evaluation Time: 0.043282 seconds
Resulting Fitness: 0.524104
-------------
Particle: 17:
Relays Coordinates:
79.9136, 80.7887
219.248, 121.758
181.261, 256.405
Evaluation Time: 0.0536717 seconds
Resulting Fitness: 0.540391
-------------
Particle: 18:
Relays Coordinates:
111.176, 92.51
218.281, 120.061
169.635, 237.809
Evaluation Time: 0.0569573 seconds
Resulting Fitness: 0.518374
-------------
Particle: 19:
Relays Coordinates:
72.8033, 134.12
133.508, 76.0413
154.233, 227.86
Evaluation Time: 0.0543314 seconds
Resulting Fitness: 0.469876
-------------
Particle: 20:
Relays Coordinates:
76.7462, 74.052
207.587, 126.951
167.734, 239.16
Evaluation Time: 0.0499989 seconds
Resulting Fitness: 0.515281
Current global best fitness: 0.619444
Current global best relays: 104.032, 93.9735
226.711, 136.62
177.999, 266.365
Particle 1 new velocities: 107.856, 67.9779
24.7171, 105.339
162.227, 189.423
Particle 2 new velocities: 15.7714, 46.4727
96.6278, 72.0895
79.8476, 135.942
Particle 3 new velocities: 64.1216, 97.4846
116.767, 82.2474
115.062, 173.833
Particle 4 new velocities: 46.3423, -28.1127
128.354, 67.071
86.0493, 130.467
Particle 5 new velocities: 54.2025, 4.35864
72.9008, 51.2398
72.7886, 77.4113
Particle 6 new velocities: 66.8669, 66.8697
155.169, 132.94
128.304, 209.782
Particle 7 new velocities: 43.1277, 33.4648
58.9699, 58.7201
64.9888, 118.452
Particle 8 new velocities: 54.2945, 64.0968
111.171, 82.4495
89.3981, 167.409
Particle 9 new velocities: 64.916, 44.759
121.709, 4.05125
86.9479, 131.06
Particle 10 new velocities: 13.0948, 13.7829
53.2018, 15.7334
46.3002, 55.7055
Particle 11 new velocities: 28.694, 15.0573
49.9664, 31.5257
49.6195, 58.2593
Particle 12 new velocities: 34.2769, 45.8902
72.5253, 45.4207
56.9765, 92.053
Particle 13 new velocities: 26.6573, -2.67288
58.7062, 22.6312
39.6829, 41.9871
Particle 14 new velocities: 36.8646, 47.4708
128.141, 66.6933
86.1831, 134.114
Particle 15 new velocities: 71.0057, 69.6718
151.151, 86.8082
134.773, 196.082
Particle 16 new velocities: 42.261, 35.0982
72.453, 41.617
21.1073, 82.4406
Particle 17 new velocities: 43.544, 11.1615
109.982, 68.9986
57.8394, 104.234
Particle 18 new velocities: 29.5269, -29.8699
80.4555, 4.60822
33.4884, 54.4971
Particle 19 new velocities: 182.299, 111.002
185.604, 133.924
159.293, 243.688
Particle 20 new velocities: 116.034, -0.416097
38.8167, 14.354
75.852, 50.9932
-- ITERATION 7 --
-------------
Particle: 1:
Relays Coordinates:
119.933, 73.979
155.81, 109.545
155.707, 212.019
Evaluation Time: 0.0534545 seconds
Resulting Fitness: 0.471142
-------------
Particle: 2:
Relays Coordinates:
109.882, 71.7936
239.587, 148.589
211.538, 275.711
Evaluation Time: 0.0555981 seconds
Resulting Fitness: 0.548375
New local best!
-------------
Particle: 3:
Relays Coordinates:
92.1503, 103.048
187.098, 110.088
175.421, 250.074
Evaluation Time: 0.0595397 seconds
Resulting Fitness: 0.520663
New local best!
-------------
Particle: 4:
Relays Coordinates:
92.2541, 33.5114
209.851, 115.535
143.174, 233.663
Evaluation Time: 0.047972 seconds
Resulting Fitness: 0.513366
-------------
Particle: 5:
Relays Coordinates:
132.291, 76.6519
219.63, 138.555
203.532, 258.382
Evaluation Time: 0.0596489 seconds
Resulting Fitness: 0.52277
-------------
Particle: 6:
Relays Coordinates:
90.8483, 106.354
193.6, 152.642
164.814, 266.937
Evaluation Time: 0.0544177 seconds
Resulting Fitness: 0.538759
New local best!
-------------
Particle: 7:
Relays Coordinates:
112.9, 87.0368
186.684, 150.306
191.528, 285.841
Evaluation Time: 0.0619203 seconds
Resulting Fitness: 0.546348
New local best!
-------------
Particle: 8:
Relays Coordinates:
84.0904, 66.8973
205.345, 132.2
137.846, 268.51
Evaluation Time: 0.0560106 seconds
Resulting Fitness: 0.535207
New local best!
-------------
Particle: 9:
Relays Coordinates:
95.2092, 61.7685
179.861, 73.2874
122.123, 211.518
Evaluation Time: 0.0578053 seconds
Resulting Fitness: 0.480199
-------------
Particle: 10:
Relays Coordinates:
120.369, 89.0354
235.509, 133.088
205.766, 264.317
Evaluation Time: 0.0535127 seconds
Resulting Fitness: 0.545624
New local best!
-------------
Particle: 11:
Relays Coordinates:
111.312, 99.2188
239.539, 159.312
215.694, 280.063
Evaluation Time: 0.056694 seconds
Resulting Fitness: 0.532047
-------------
Particle: 12:
Relays Coordinates:
101.231, 88.6086
239.916, 148.739
183.276, 277.783
Evaluation Time: 0.0568114 seconds
Resulting Fitness: 0.546307
New local best!
-------------
Particle: 13:
Relays Coordinates:
108.75, 55.5448
236.248, 131.19
179.253, 244.172
Evaluation Time: 0.0651251 seconds
Resulting Fitness: 0.535687
-------------
Particle: 14:
Relays Coordinates:
115.064, 100.955
235.213, 146.775
189.55, 294.186
Evaluation Time: 0.0689171 seconds
Resulting Fitness: 0.544656
New local best!
-------------
Particle: 15:
Relays Coordinates:
114.426, 88.7121
219.942, 139.901
194.017, 260.768
Evaluation Time: 0.0573969 seconds
Resulting Fitness: 0.542399
New local best!
-------------
Particle: 16:
Relays Coordinates:
104.648, 92.7789
213.854, 118.597
171.533, 251.724
Evaluation Time: 0.054397 seconds
Resulting Fitness: 0.539111
New local best!
-------------
Particle: 17:
Relays Coordinates:
81.0005, 60.3285
216.008, 125.155
156.874, 236.615
Evaluation Time: 0.050827 seconds
Resulting Fitness: 0.531886
-------------
Particle: 18:
Relays Coordinates:
102.572, 45.6646
217.779, 90.8835
148.077, 213.091
Evaluation Time: 0.0773429 seconds
Resulting Fitness: 0.505025
-------------
Particle: 19:
Relays Coordinates:
109.813, 105.517
137.367, 90.3833
134.963, 202.986
Evaluation Time: 0.0565768 seconds
Resulting Fitness: 0.411104
-------------
Particle: 20:
Relays Coordinates:
140.537, 53.6805
179.629, 103.011
177.574, 211.521
Evaluation Time: 0.0520074 seconds
Resulting Fitness: 0.451793
Current global best fitness: 0.619444
Current global best relays: 104.032, 93.9735
226.711, 136.62
177.999, 266.365
Particle 1 new velocities: 78.3969, 59.8004
144.133, 58.102
156.845, 100.745
Particle 2 new velocities: 12.05, 56.6469
73.9203, 50.3878
59.1402, 103.126
Particle 3 new velocities: 60.0463, 71.7486
116.343, 78.2074
93.2276, 157.459
Particle 4 new velocities: 90.1847, -17.4815
160.255, 62.6034
101.516, 107.365
Particle 5 new velocities: 17.341, -36.8095
77.8379, 13.5763
44.48, 70.6863
Particle 6 new velocities: 57.3524, 53.2955
131.471, 99.6556
103.754, 167.134
Particle 7 new velocities: 23.7793, 30.9413
61.1074, 29.5498
37.4877, 72.1733
Particle 8 new velocities: 43.7631, 66.2992
101.199, 68.5453
116.902, 133.315
Particle 9 new velocities: 88.0073, 37.7474
174.451, 61.6676
148.416, 126.219
Particle 10 new velocities: -8.1506, 17.2417
32.8125, 14.6975
29.6581, 46.6317
Particle 11 new velocities: 9.56073, 1.74993
26.6317, -11.0644
4.91062, 9.52024
Particle 12 new velocities: 29.7711, 37.5652
48.8046, 34.1376
39.0635, 60.3946
Particle 13 new velocities: 20.1586, 23.2361
38.4854, 0.154934
21.7668, 1.17574
Particle 14 new velocities: 17.5495, 35.7886
97.2419, 43.9062
66.8328, 105.773
Particle 15 new velocities: 49.0385, 60.9344
121.088, 68.2245
96.4755, 161.968
Particle 16 new velocities: 33.7622, 29.2638
62.6299, 50.7918
20.7221, 83.4113
Particle 17 new velocities: 48.7838, 4.68679
118.27, 60.6104
91.0372, 165.772
Particle 18 new velocities: 27.5398, 12.1077
72.2398, 18.9446
45.1969, 87.8428
Particle 19 new velocities: 157.95, 158.56
188.522, 144.88
199.464, 277.463
Particle 20 new velocities: 60.9642, 5.03787
161.949, 21.3333
76.8859, 71.0023
-- ITERATION 8 --
-------------
Particle: 1:
Relays Coordinates:
117.112, 78.9954
177.113, 98.9937
184.559, 184.684
Evaluation Time: 0.0502589 seconds
Resulting Fitness: 0.447078
-------------
Particle: 2:
Relays Coordinates:
88.8882, 93.6332
228.547, 145.054
197.324, 276.173
Evaluation Time: 0.0425595 seconds
Resulting Fitness: 0.546098
-------------
Particle: 3:
Relays Coordinates:
99.8562, 114.684
199.087, 123.541
176.261, 267.383
Evaluation Time: 0.0540382 seconds
Resulting Fitness: 0.5464
New local best!
-------------
Particle: 4:
Relays Coordinates:
107.728, 9.46548
218.544, 105.189
144.486, 201.373
Evaluation Time: 0.0559974 seconds
Resulting Fitness: 0.489457
-------------
Particle: 5:
Relays Coordinates:
121.202, 32.2724
240.949, 123.227
200.89, 266.545
Evaluation Time: 0.0510127 seconds
Resulting Fitness: 0.544795
New local best!
-------------
Particle: 6:
Relays Coordinates:
97.2345, 104.746
213.279, 165.532
176.208, 284.794
Evaluation Time: 0.053745 seconds
Resulting Fitness: 0.545071
New local best!
-------------
Particle: 7:
Relays Coordinates:
110.71, 95.5622
200.711, 145.683
185.503, 289.992
Evaluation Time: 0.0613309 seconds
Resulting Fitness: 0.54652
New local best!
-------------
Particle: 8:
Relays Coordinates:
93.2052, 97.1003
223.471, 146.344
185.711, 292.93
Evaluation Time: 0.0799025 seconds
Resulting Fitness: 0.546793
New local best!
-------------
Particle: 9:
Relays Coordinates:
120.208, 65.2924
232.464, 88.544
177.501, 221.589
Evaluation Time: 0.0571793 seconds
Resulting Fitness: 0.519993
-------------
Particle: 10:
Relays Coordinates:
100.996, 95.6495
241.489, 133.007
211.882, 279.854
Evaluation Time: 0.057149 seconds
Resulting Fitness: 0.551839
New local best!
-------------
Particle: 11:
Relays Coordinates:
108.786, 90.8718
239.554, 133.423
198.544, 260.625
Evaluation Time: 0.0625789 seconds
Resulting Fitness: 0.547015
-------------
Particle: 12:
Relays Coordinates:
106.111, 102.201
233.864, 148.13
180.095, 273.924
Evaluation Time: 0.0508951 seconds
Resulting Fitness: 0.54612
-------------
Particle: 13:
Relays Coordinates:
116.018, 70.9029
247.26, 118.21
180.918, 220.813
Evaluation Time: 0.0500842 seconds
Resulting Fitness: 0.535085
-------------
Particle: 14:
Relays Coordinates:
87.0078, 89.7174
218.124, 125.106
168.213, 262.413
Evaluation Time: 0.0514201 seconds
Resulting Fitness: 0.539027
-------------
Particle: 15:
Relays Coordinates:
107.249, 98.1831
223.75, 136.551
190.592, 277.357
Evaluation Time: 0.0546931 seconds
Resulting Fitness: 0.544445
New local best!
-------------
Particle: 16:
Relays Coordinates:
112.113, 98.8546
223.952, 137.205
155.727, 271.46
Evaluation Time: 0.0561423 seconds
Resulting Fitness: 0.537709
-------------
Particle: 17:
Relays Coordinates:
76.6363, 38.3909
197.387, 109.693
146.389, 237.606
Evaluation Time: 0.0539284 seconds
Resulting Fitness: 0.510707
-------------
Particle: 18:
Relays Coordinates:
85.3664, 37.9044
190.281, 72.0583
126.807, 197.443
Evaluation Time: 0.0605674 seconds
Resulting Fitness: 0.449346
-------------
Particle: 19:
Relays Coordinates:
103.737, 102.309
126.256, 91.1457
129.564, 186.136
Evaluation Time: 0.0566507 seconds
Resulting Fitness: 0.3915
-------------
Particle: 20:
Relays Coordinates:
146.894, 42.8057
249.01, 90.6472
185.502, 205.96
Evaluation Time: 0.0525566 seconds
Resulting Fitness: 0.481601
Current global best fitness: 0.619444
Current global best relays: 104.032, 93.9735
226.711, 136.62
177.999, 266.365
Particle 1 new velocities: 76.1871, 20.2072
216.274, 73.1337
26.6791, 114.247
Particle 2 new velocities: 30.8998, 26.8407
77.0986, 36.6317
33.947, 81.643
Particle 3 new velocities: 51.9377, 35.5643
112.492, 73.5347
76.2622, 125.578
Particle 4 new velocities: 81.068, 87.9932
146.184, 62.4472
91.6334, 175.421
Particle 5 new velocities: 5.23899, 24.2239
61.5859, 27.2649
31.8468, 56.5261
Particle 6 new velocities: 53.1326, 29.3836
105.901, 44.2219
84.4962, 118.009
Particle 7 new velocities: 14.179, 24.1021
77.6622, 18.4882
27.8813, 53.6177
Particle 8 new velocities: 38.8346, 52.1079
83.2041, 47.927
93.0933, 73.0512
Particle 9 new velocities: 51.3043, 51.2133
122.968, 66.5955
77.2335, 148.22
Particle 10 new velocities: -5.7386, 13.1816
11.1589, 14.2986
-3.03541, 32.189
Particle 11 new velocities: -0.953154, 6.30743
3.55705, -5.73841
-25.0631, 20.9777
Particle 12 new velocities: 15.0339, 11.9491
34.7274, 14.1544
33.8813, 42.1263
Particle 13 new velocities: 7.76052, -27.4906
19.9266, 2.42395
15.2566, 38.1522
Particle 14 new velocities: 67.0267, 48.3893
112.486, 50.1865
61.1245, 111.605
Particle 15 new velocities: 36.9663, 46.6471
100.089, 54.6466
65.8744, 115.398
Particle 16 new velocities: 12.4675, 20.3508
38.7302, 20.9192
68.2386, 61.0159
Particle 17 new velocities: 67.796, 22.9099
178.64, 92.9618
184.675, 146.17
Particle 18 new velocities: 66.6049, 40.9627
118.276, 32.372
104.485, 133.549
Particle 19 new velocities: 140.023, 243.978
236.422, 117.576
201.466, 307.861
Particle 20 new velocities: -11.0713, 39.6876
96.5358, 113.977
109.29, 158.803
-- ITERATION 9 --
-------------
Particle: 1:
Relays Coordinates:
126.823, 65.0868
258.101, 112.933
138.593, 196.129
Evaluation Time: 1.61431 seconds
Resulting Fitness: 0.563889
New local best!
-------------
Particle: 2:
Relays Coordinates:
87.3254, 87.8254
222.815, 132.449
168.597, 260.848
Evaluation Time: 1.70327 seconds
Resulting Fitness: 0.625
New local best!
New global best!
-------------
Particle: 3:
Relays Coordinates:
99.5919, 98.578
204.427, 129.301
165.68, 257.821
Evaluation Time: 1.66844 seconds
Resulting Fitness: 0.580556
New local best!
-------------
Particle: 4:
Relays Coordinates:
111.482, 57.5484
215.368, 98.9876
139.426, 222.493
Evaluation Time: 1.60294 seconds
Resulting Fitness: 0.566667
-------------
Particle: 5:
Relays Coordinates:
92.1757, 41.1858
220.548, 109.708
169.665, 235.519
Evaluation Time: 1.64106 seconds
Resulting Fitness: 0.561111
New local best!
-------------
Particle: 6:
Relays Coordinates:
109.618, 97.7806
232.682, 152.911
190.053, 293.643
Evaluation Time: 1.72887 seconds
Resulting Fitness: 0.588889
New local best!
-------------
Particle: 7:
Relays Coordinates:
101.16, 96.9281
225.482, 132.979
172.841, 278.324
Evaluation Time: 1.67548 seconds
Resulting Fitness: 0.588889
New local best!
-------------
Particle: 8:
Relays Coordinates:
96.257, 108.773
223.566, 141.623
203.248, 266.8
Evaluation Time: 1.71399 seconds
Resulting Fitness: 0.566667
New local best!
-------------
Particle: 9:
Relays Coordinates:
101.276, 68.7954
209.879, 91.6083
150.418, 218.369
Evaluation Time: 1.67584 seconds
Resulting Fitness: 0.525
-------------
Particle: 10:
Relays Coordinates:
85.7321, 97.948
227.383, 132.575
187.962, 280.838
Evaluation Time: 1.68845 seconds
Resulting Fitness: 0.602778
New local best!
-------------
Particle: 11:
Relays Coordinates:
97.0491, 87.4613
218.8, 114.916
156.133, 253.443
Evaluation Time: 1.6776 seconds
Resulting Fitness: 0.588889
-------------
Particle: 12:
Relays Coordinates:
109.031, 102.735
241.732, 146.056
192.579, 284.446
Evaluation Time: 1.74439 seconds
Resulting Fitness: 0.605556
New local best!
-------------
Particle: 13:
Relays Coordinates:
111.4, 39.071
240.468, 108.571
176.557, 233.068
Evaluation Time: 1.63103 seconds
Resulting Fitness: 0.572222
New local best!
-------------
Particle: 14:
Relays Coordinates:
101.062, 90.6118
216.913, 115.009
150.468, 245.393
Evaluation Time: 1.68904 seconds
Resulting Fitness: 0.594444
New local best!
-------------
Particle: 15:
Relays Coordinates:
105.133, 105.581
236.078, 139.383
186.964, 286.318
Evaluation Time: 1.74245 seconds
Resulting Fitness: 0.588889
New local best!
-------------
Particle: 16:
Relays Coordinates:
100.91, 96.5563
212.772, 128.08
181.412, 269.305
Evaluation Time: 1.67037 seconds
Resulting Fitness: 0.588889
New local best!
-------------
Particle: 17:
Relays Coordinates:
76.7572, 32.5777
199.837, 107.699
175.941, 203.954
Evaluation Time: 1.64549 seconds
Resulting Fitness: 0.488889
-------------
Particle: 18:
Relays Coordinates:
89.7375, 46.5703
182.2, 61.665
136.576, 195.447
Evaluation Time: 1.49515 seconds
Resulting Fitness: 0.466667
-------------
Particle: 19:
Relays Coordinates:
84.9937, 120.743
126.458, 72.7766
115.423, 172.246
Evaluation Time: 1.30439 seconds
Resulting Fitness: 0.361111
-------------
Particle: 20:
Relays Coordinates:
80.202, 48.7115
204.041, 120.829
174.072, 215.389
Evaluation Time: 1.62174 seconds
Resulting Fitness: 0.527778
Current global best fitness: 0.625
Current global best relays: 87.3254, 87.8254
222.815, 132.449
168.597, 260.848
Particle 1 new velocities: 12.9317, 34.9533
153.652, 76.5922
55.3566, 160.188
Particle 2 new velocities: 24.7198, 21.4726
61.6789, 29.3054
27.1576, 65.3144
Particle 3 new velocities: 38.4976, 17.3811
94.4947, 61.3874
63.4759, 102.9
Particle 4 new velocities: 82.7733, 69.862
142.936, 133.105
105.929, 185.474
Particle 5 new velocities: -1.73858, 20.4607
49.4834, 43.1766
24.4615, 69.7485
Particle 6 new velocities: 36.2946, 23.2435
75.9731, 23.8952
47.7547, 62.2283
Particle 7 new velocities: 9.71735, 17.4075
59.509, 14.4637
18.1772, 38.4728
Particle 8 new velocities: 29.3455, 15.2083
65.7138, 36.8369
48.867, 53.9451
Particle 9 new velocities: 54.61, 23.5555
112.472, 66.1385
67.3891, 138.114
Particle 10 new velocities: -3.12546, 4.28286
7.51371, 11.3299
-13.7271, 7.08442
Particle 11 new velocities: -5.37395, 13.286
19.7325, 38.7964
-1.58637, 24.7366
Particle 12 new velocities: 11.4338, -7.48675
24.3543, 4.05696
18.562, 6.98811
Particle 13 new velocities: -17.294, 9.98545
0.86102, 6.51751
3.00784, 55.3034
Particle 14 new velocities: 44.528, 35.3487
91.366, 41.0199
58.9925, 96.2146
Particle 15 new velocities: 16.8699, 26.6441
65.3138, 37.0284
36.2171, 63.0241
Particle 16 new velocities: -0.35656, 5.89827
42.7911, 18.3928
48.8327, 45.004
Particle 17 new velocities: 135.478, 59.6406
163.819, 134.095
157.472, 255.426
Particle 18 new velocities: 68.654, 89.9895
131.211, 90.3039
107.942, 182.145
Particle 19 new velocities: 208.365, 335.046
271.253, 172.848
417.196, 341.006
Particle 20 new velocities: 2.17808, 50.2245
128.077, 108.788
150.099, 200.031
-- ITERATION 10 --
-------------
Particle: 1:
Relays Coordinates:
74.2716, 53.1654
218.822, 100.721
103.073, 189.361
Evaluation Time: 0.0532907 seconds
Resulting Fitness: 0.449355
-------------
Particle: 2:
Relays Coordinates:
90.7567, 88.5314
230.44, 131.021
158.561, 264.191
Evaluation Time: 0.0558115 seconds
Resulting Fitness: 0.537501
-------------
Particle: 3:
Relays Coordinates:
111.852, 93.9268
242.127, 154.458
185.616, 292.184
Evaluation Time: 0.0464602 seconds
Resulting Fitness: 0.547403
-------------
Particle: 4:
Relays Coordinates:
127.451, 83.594
235.083, 152.276
160.978, 267.667
Evaluation Time: 0.0537505 seconds
Resulting Fitness: 0.537524
-------------
Particle: 5:
Relays Coordinates:
65.9287, 44.9403
196.853, 111.453
141.518, 222.54
Evaluation Time: 0.0543144 seconds
Resulting Fitness: 0.508902
-------------
Particle: 6:
Relays Coordinates:
106.37, 88.2266
225.01, 128.892
173.362, 259.43
Evaluation Time: 0.0496048 seconds
Resulting Fitness: 0.538101
-------------
Particle: 7:
Relays Coordinates:
80.8297, 83.3506
207.759, 107.486
139.252, 230.945
Evaluation Time: 0.0533629 seconds
Resulting Fitness: 0.515182
-------------
Particle: 8:
Relays Coordinates:
101.738, 100.425
234.317, 144.553
204.213, 259.804
Evaluation Time: 0.0608524 seconds
Resulting Fitness: 0.547288
-------------
Particle: 9:
Relays Coordinates:
102.277, 60.5914
211.495, 103.498
142.903, 233.889
Evaluation Time: 0.0631181 seconds
Resulting Fitness: 0.514924
-------------
Particle: 10:
Relays Coordinates:
74.346, 92.0078
211.407, 129.515
156.811, 259.131
Evaluation Time: 0.0645026 seconds
Resulting Fitness: 0.537646
-------------
Particle: 11:
Relays Coordinates:
82.5077, 90.6726
214.679, 138.341
139.092, 250.361
Evaluation Time: 0.0616958 seconds
Resulting Fitness: 0.531873
-------------
Particle: 12:
Relays Coordinates:
108.418, 85.7233
239.478, 135.102
190.027, 262.29
Evaluation Time: 0.0591288 seconds
Resulting Fitness: 0.546443
-------------
Particle: 13:
Relays Coordinates:
76.226, 39.7357
195.476, 93.2217
145.447, 233.581
Evaluation Time: 0.0550083 seconds
Resulting Fitness: 0.510062
-------------
Particle: 14:
Relays Coordinates:
106.135, 91.8252
224.735, 113.745
152.697, 249.032
Evaluation Time: 0.0625804 seconds
Resulting Fitness: 0.536245
-------------
Particle: 15:
Relays Coordinates:
98.8224, 107.102
244.128, 142.893
180.777, 282.967
Evaluation Time: 0.0535568 seconds
Resulting Fitness: 0.545843
-------------
Particle: 16:
Relays Coordinates:
90.498, 92.2092
230.007, 131.826
207.22, 282.878
Evaluation Time: 0.0546468 seconds
Resulting Fitness: 0.548661
-------------
Particle: 17:
Relays Coordinates:
139.247, 60.5045
238.595, 158.641
218.752, 301.399
Evaluation Time: 0.0556179 seconds
Resulting Fitness: 0.528031
-------------
Particle: 18:
Relays Coordinates:
103.921, 89.5969
205.629, 99.7068
160.428, 247.739
Evaluation Time: 0.060004 seconds
Resulting Fitness: 0.517703
-------------
Particle: 19:
Relays Coordinates:
92.0592, 143.031
124.806, 77.0795
156.905, 156.905
Evaluation Time: 0.0577514 seconds
Resulting Fitness: 0.388542
-------------
Particle: 20:
Relays Coordinates:
43.7802, 52.5787
176.501, 122.028
172.277, 220.771
Evaluation Time: 0.0512865 seconds
Resulting Fitness: 0.482854
Current global best fitness: 0.625
Current global best relays: 87.3254, 87.8254
222.815, 132.449
168.597, 260.848
Particle 1 new velocities: 112.961, 49.6094
143.407, 83.2315
111.57, 214.911
Particle 2 new velocities: 16.3889, 16.6345
36.9344, 25.2262
45.0705, 46.0434
Particle 3 new velocities: 4.66761, 13.641
29.6037, 26.5341
6.00108, -7.43682
Particle 4 new velocities: 52.5368, 45.4464
113.869, 83.6823
46.9664, 103.032
Particle 5 new velocities: 29.241, 58.9501
86.2002, 38.7126
38.6639, 84.8172
Particle 6 new velocities: 17.1426, 31.8221
63.1216, 60.5869
37.7723, 53.0218
Particle 7 new velocities: 23.134, 36.028
61.825, 66.9186
59.4929, 68.2488
Particle 8 new velocities: 7.52644, 2.58792
29.5441, 26.1983
24.4271, 51.4089
Particle 9 new velocities: 50.3113, 43.3667
110.823, 45.7774
77.487, 124.205
Particle 10 new velocities: 25.6877, 4.47599
30.1511, 12.6351
12.4674, 16.2191
Particle 11 new velocities: 33.6183, 12.3382
30.1416, 28.7499
43.6284, 39.2921
Particle 12 new velocities: -5.72574, 18.8413
19.6438, 14.8212
15.8287, 13.1187
Particle 13 new velocities: 6.06941, 24.3535
99.5247, 40.2571
60.2211, 43.8438
Particle 14 new velocities: 27.1714, 25.531
63.9683, 48.6035
50.204, 81.7275
Particle 15 new velocities: 0.674704, 20.2403
41.0233, 17.023
22.0962, 36.0757
Particle 16 new velocities: 14.9962, 4.61345
7.43539, 10.8668
9.47839, -0.315721
Particle 17 new velocities: 73.2048, 41.0633
118.592, 89.5963
113.63, 160.591
Particle 18 new velocities: 45.333, 22.1196
109.988, 50.8763
84.946, 135.284
Particle 19 new velocities: 195.871, 316.415
274.456, 162.242
77.7023, 231.958
Particle 20 new velocities: 177.122, 43.1645
178.224, 111.146
153.251, 224.739
-- ITERATION 11 --
-------------
Particle: 1:
Relays Coordinates:
99.5032, 54.6188
192.504, 97.7601
114.07, 214.847
Evaluation Time: 0.0539248 seconds
Resulting Fitness: 0.482186
-------------
Particle: 2:
Relays Coordinates:
96.431, 94.6493
240.637, 140.623
183.268, 279.211
Evaluation Time: 0.0705298 seconds
Resulting Fitness: 0.547351
-------------
Particle: 3:
Relays Coordinates:
104.868, 96.8111
244.557, 162.893
172.456, 256.273
Evaluation Time: 0.0574274 seconds
Resulting Fitness: 0.537702
-------------
Particle: 4:
Relays Coordinates:
118.09, 84.6634
228.948, 154.812
136.432, 243.216
Evaluation Time: 0.0602426 seconds
Resulting Fitness: 0.531543
-------------
Particle: 5:
Relays Coordinates:
69.3787, 75.7361
206.346, 109.471
131.353, 224.063
Evaluation Time: 0.052089 seconds
Resulting Fitness: 0.514677
-------------
Particle: 6:
Relays Coordinates:
100.045, 97.2394
233.386, 153.478
171.019, 253.086
Evaluation Time: 0.05383 seconds
Resulting Fitness: 0.537997
-------------
Particle: 7:
Relays Coordinates:
84.2106, 96.6966
218.363, 141.267
160.984, 242.347
Evaluation Time: 0.0539105 seconds
Resulting Fitness: 0.533825
-------------
Particle: 8:
Relays Coordinates:
98.338, 92.7113
237.475, 153.676
205.776, 280.091
Evaluation Time: 0.0568255 seconds
Resulting Fitness: 0.550421
-------------
Particle: 9:
Relays Coordinates:
100.113, 68.207
211.473, 97.9394
144.598, 234.945
Evaluation Time: 0.0598133 seconds
Resulting Fitness: 0.509935
-------------
Particle: 10:
Relays Coordinates:
100.034, 96.4838
241.558, 142.15
169.279, 275.35
Evaluation Time: 0.0654856 seconds
Resulting Fitness: 0.545629
-------------
Particle: 11:
Relays Coordinates:
104.513, 92.7097
220.339, 150.382
164.448, 260.688
Evaluation Time: 0.0558634 seconds
Resulting Fitness: 0.537055
-------------
Particle: 12:
Relays Coordinates:
92.4231, 94.1082
233.209, 134.931
185.27, 247.868
Evaluation Time: 0.0592102 seconds
Resulting Fitness: 0.53946
-------------
Particle: 13:
Relays Coordinates:
53.994, 42.0489
193.55, 87.5754
134.939, 182.019
Evaluation Time: 0.0661401 seconds
Resulting Fitness: 0.445383
-------------
Particle: 14:
Relays Coordinates:
107.978, 95.0585
233.85, 131.502
164.35, 267.915
Evaluation Time: 0.0730675 seconds
Resulting Fitness: 0.541811
-------------
Particle: 15:
Relays Coordinates:
80.5926, 103.148
230.972, 129.532
164.327, 258.425
Evaluation Time: 0.0427907 seconds
Resulting Fitness: 0.537462
-------------
Particle: 16:
Relays Coordinates:
105.494, 96.8226
237.442, 142.693
216.699, 282.563
Evaluation Time: 0.0505337 seconds
Resulting Fitness: 0.550222
-------------
Particle: 17:
Relays Coordinates:
139.39, 66.6386
234.35, 162.869
218.076, 303.112
Evaluation Time: 0.057238 seconds
Resulting Fitness: 0.527158
-------------
Particle: 18:
Relays Coordinates:
88.1328, 65.9674
186.368, 88.9178
144.891, 226.171
Evaluation Time: 0.0442904 seconds
Resulting Fitness: 0.508987
-------------
Particle: 19:
Relays Coordinates:
90.3555, 144.179
125.293, 75.1017
73.6224, 122.03
Evaluation Time: 0.0449932 seconds
Resulting Fitness: 0.314922
-------------
Particle: 20:
Relays Coordinates:
130.441, 56.5354
209.462, 137.687
192.221, 263.069
Evaluation Time: 0.0544864 seconds
Resulting Fitness: 0.52359
Current global best fitness: 0.625
Current global best relays: 87.3254, 87.8254
222.815, 132.449
168.597, 260.848
Particle 1 new velocities: 93.6252, 50.3385
154.399, 132.842
182.469, 176.613
Particle 2 new velocities: -4.2766, 6.11808
-3.65707, 12.4105
-4.49052, -12.4562
Particle 3 new velocities: -12.3509, 9.38868
-49.6356, -39.1155
0.942895, -1.53239
Particle 4 new velocities: 12.8419, -7.90452
89.1865, 24.4939
66.3833, 97.1443
Particle 5 new velocities: 56.8816, -2.29119
92.6749, 44.8384
68.573, 110.656
Particle 6 new velocities: 3.80818, 24.8723
44.4104, 21.5243
31.0729, 62.0148
Particle 7 new velocities: 25.9644, 21.6856
59.1157, 46.0683
70.3489, 131.452
Particle 8 new velocities: -6.37561, -3.93717
-5.81518, 9.49638
-22.7842, 1.37217
Particle 9 new velocities: 26.3664, 30.1216
95.2728, 63.2565
79.1724, 98.6814
Particle 10 new velocities: -5.23232, -1.83798
1.46443, -12.8568
37.6224, -0.631964
Particle 11 new velocities: 25.868, 5.89503
29.778, 6.76454
45.8673, 34.388
Particle 12 new velocities: -7.82907, 19.5664
18.0694, 22.2491
6.95272, 78.7599
Particle 13 new velocities: 17.3047, 46.711
103.541, 104.83
81.9544, 129.739
Particle 14 new velocities: 2.24974, 11.4172
37.3256, 21.3897
35.3145, 45.1412
Particle 15 new velocities: 43.6826, 15.268
30.1652, 19.334
47.3957, 62.263
Particle 16 new velocities: -2.48899, -2.97485
-31.2452, -23.2288
-0.395104, -27.4445
Particle 17 new velocities: 22.4484, -7.49047
92.8333, 21.1369
38.5468, 33.5901
Particle 18 new velocities: 54.1985, 24.9544
139.789, 28.4788
78.4853, 138.68
Particle 19 new velocities: 215.624, 218.067
305.541, 184.004
218.49, 213.835
Particle 20 new velocities: 132.273, 59.0726
196.528, 76.6258
127.284, 184.144
-- ITERATION 12 --
-------------
Particle: 1:
Relays Coordinates:
126.711, 68.8625
227.603, 151.298
194.559, 256.837
Evaluation Time: 0.0782999 seconds
Resulting Fitness: 0.524322
-------------
Particle: 2:
Relays Coordinates:
92.1544, 100.767
236.98, 153.033
178.778, 266.755
Evaluation Time: 0.0510051 seconds
Resulting Fitness: 0.545116
-------------
Particle: 3:
Relays Coordinates:
92.5172, 106.2
194.922, 123.777
173.399, 254.74
Evaluation Time: 0.0572655 seconds
Resulting Fitness: 0.539518
-------------
Particle: 4:
Relays Coordinates:
85.9045, 50.3615
208.728, 117.643
133.067, 223.31
Evaluation Time: 0.0552659 seconds
Resulting Fitness: 0.531917
-------------
Particle: 5:
Relays Coordinates:
92.0438, 53.5414
217.986, 112.491
145.746, 244.01
Evaluation Time: 0.0529403 seconds
Resulting Fitness: 0.532763
-------------
Particle: 6:
Relays Coordinates:
84.1212, 98.9105
225.015, 141.751
163.694, 255.232
Evaluation Time: 0.0535393 seconds
Resulting Fitness: 0.537154
-------------
Particle: 7:
Relays Coordinates:
80.3175, 86.3006
202.282, 136.568
168.641, 272.499
Evaluation Time: 0.0553654 seconds
Resulting Fitness: 0.546304
-------------
Particle: 8:
Relays Coordinates:
82.7661, 79.8968
208.494, 146.855
164.693, 253.317
Evaluation Time: 0.0696652 seconds
Resulting Fitness: 0.536268
-------------
Particle: 9:
Relays Coordinates:
102.448, 79.6462
248.464, 130.569
181.254, 270.238
Evaluation Time: 0.0566704 seconds
Resulting Fitness: 0.544619
New local best!
-------------
Particle: 10:
Relays Coordinates:
94.8014, 94.6458
243.023, 129.293
206.901, 274.718
Evaluation Time: 0.0652986 seconds
Resulting Fitness: 0.550988
-------------
Particle: 11:
Relays Coordinates:
117.343, 88.7443
225.105, 141.432
189.284, 265.569
Evaluation Time: 0.0747908 seconds
Resulting Fitness: 0.541888
-------------
Particle: 12:
Relays Coordinates:
68.5212, 92.0764
203.536, 127.316
155.7, 264.569
Evaluation Time: 0.0502124 seconds
Resulting Fitness: 0.539971
-------------
Particle: 13:
Relays Coordinates:
42.1012, 52.4119
175.429, 113.613
128.073, 184.09
Evaluation Time: 0.0468215 seconds
Resulting Fitness: 0.445412
-------------
Particle: 14:
Relays Coordinates:
89.2847, 86.2453
219.652, 123.843
161.728, 253.576
Evaluation Time: 0.0573874 seconds
Resulting Fitness: 0.536703
-------------
Particle: 15:
Relays Coordinates:
100.663, 95.9167
211.521, 120.582
171.495, 259.757
Evaluation Time: 0.050461 seconds
Resulting Fitness: 0.540681
-------------
Particle: 16:
Relays Coordinates:
103.005, 93.8477
206.197, 119.464
216.304, 255.118
Evaluation Time: 0.0526599 seconds
Resulting Fitness: 0.523915
-------------
Particle: 17:
Relays Coordinates:
117.98, 43.119
238.517, 134.14
187.078, 245.456
Evaluation Time: 0.0603945 seconds
Resulting Fitness: 0.53714
-------------
Particle: 18:
Relays Coordinates:
75.6407, 48.3196
173.333, 62.3893
118.711, 193.897
Evaluation Time: 0.052805 seconds
Resulting Fitness: 0.439401
-------------
Particle: 19:
Relays Coordinates:
96.0196, 113.677
135.2, 81.3101
91.6679, 105.398
Evaluation Time: 0.0536731 seconds
Resulting Fitness: 0.297557
-------------
Particle: 20:
Relays Coordinates:
139.617, 61.4388
215.76, 113.895
169.798, 237.667
Evaluation Time: 0.0546558 seconds
Resulting Fitness: 0.511022
Current global best fitness: 0.625
Current global best relays: 87.3254, 87.8254
222.815, 132.449
168.597, 260.848
Particle 1 new velocities: 53.7318, 52.4875
147.749, 56.6074
43.4687, 135.049
Particle 2 new velocities: -7.13598, -11.1151
-15.7698, -40.7876
-22.8617, -12.8132
Particle 3 new velocities: -5.6875, -0.866275
-3.99128, -18.8122
-7.04782, 0.703605
Particle 4 new velocities: 93.0007, 4.52654
134.72, 38.3528
65.8039, 107.956
Particle 5 new velocities: 41.0584, -8.56746
79.7739, 59.5487
70.5464, 87.8215
Particle 6 new velocities: 31.5976, 17.5316
37.8854, 17.7491
74.4305, 92.7267
Particle 7 new velocities: 57.7082, 28.3448
87.2421, 30.1384
61.7023, 104.046
Particle 8 new velocities: 21.8044, 27.3673
11.6023, 0.99541
-6.27021, 25.943
Particle 9 new velocities: 10.8624, 30.3149
53.2831, 51.9254
52.1961, 67.4729
Particle 10 new velocities: -9.15435, -9.12349
-38.5974, -6.16571
-19.5875, -5.26363
Particle 11 new velocities: -7.80176, 11.7603
23.0964, -7.43432
7.43808, 25.3929
Particle 12 new velocities: 67.8803, 19.4622
63.4486, 36.0233
25.8565, 82.5431
Particle 13 new velocities: 49.4635, 36.2061
168.723, 93.445
144.862, 271.355
Particle 14 new velocities: 14.0273, 14.4526
30.1446, 22.9476
25.0791, 41.2027
Particle 15 new velocities: 31.2103, 11.5088
63.842, 47.9082
37.3668, 60.2666
Particle 16 new velocities: -6.42894, -3.01413
-22.5839, -2.70816
-35.9774, -7.12318
Particle 17 new velocities: 10.4596, -9.67296
71.1493, 16.8309
43.4114, 57.6379
Particle 18 new velocities: 57.0531, 54.9968
193.677, 60.5803
103.052, 174.518
Particle 19 new velocities: 244.583, 273.515
212.081, 154.864
371.142, 311.89
Particle 20 new velocities: 98.7397, 48.5449
161.36, 76.3247
185.568, 196.923
-- ITERATION 13 --
-------------
Particle: 1:
Relays Coordinates:
118.389, 79.6177
246.268, 136.407
156.17, 257.117
Evaluation Time: 0.0617165 seconds
Resulting Fitness: 0.535578
-------------
Particle: 2:
Relays Coordinates:
76.5166, 80.6871
199.089, 101.021
140.324, 228.548
Evaluation Time: 0.0530808 seconds
Resulting Fitness: 0.509757
-------------
Particle: 3:
Relays Coordinates:
86.8297, 105.333
190.931, 104.965
166.351, 255.444
Evaluation Time: 0.0514134 seconds
Resulting Fitness: 0.520605
-------------
Particle: 4:
Relays Coordinates:
117.38, 36.012
225.336, 102.349
130.479, 217.344
Evaluation Time: 0.0504575 seconds
Resulting Fitness: 0.515028
-------------
Particle: 5:
Relays Coordinates:
97.0315, 32.786
217.067, 125.417
157.677, 241.905
Evaluation Time: 0.0533281 seconds
Resulting Fitness: 0.531123
-------------
Particle: 6:
Relays Coordinates:
93.7322, 94.3181
212.95, 129.195
192.881, 281.847
Evaluation Time: 0.0560117 seconds
Resulting Fitness: 0.547673
-------------
Particle: 7:
Relays Coordinates:
90.5587, 75.2189
189.957, 109.376
151.129, 247.051
Evaluation Time: 0.0521242 seconds
Resulting Fitness: 0.512244
-------------
Particle: 8:
Relays Coordinates:
104.571, 107.264
220.096, 147.85
158.423, 279.26
Evaluation Time: 0.0518324 seconds
Resulting Fitness: 0.54357
-------------
Particle: 9:
Relays Coordinates:
82.6037, 80.1616
219.974, 133.038
170.185, 246.191
Evaluation Time: 0.053776 seconds
Resulting Fitness: 0.535221
-------------
Particle: 10:
Relays Coordinates:
85.647, 85.5223
204.425, 123.127
187.314, 269.454
Evaluation Time: 0.0587961 seconds
Resulting Fitness: 0.546527
-------------
Particle: 11:
Relays Coordinates:
98.5874, 90.4541
223.381, 120.598
177.05, 261.865
Evaluation Time: 0.0518735 seconds
Resulting Fitness: 0.546191
-------------
Particle: 12:
Relays Coordinates:
99.4367, 81.3116
194.631, 119.074
132.355, 253.044
Evaluation Time: 0.052171 seconds
Resulting Fitness: 0.510759
-------------
Particle: 13:
Relays Coordinates:
48.6612, 47.0952
182.897, 110.039
145.049, 242.042
Evaluation Time: 0.0405466 seconds
Resulting Fitness: 0.510229
-------------
Particle: 14:
Relays Coordinates:
92.9808, 90.6282
224.817, 132.111
168.126, 265.3
Evaluation Time: 0.054458 seconds
Resulting Fitness: 0.539373
-------------
Particle: 15:
Relays Coordinates:
118.686, 96.683
247.827, 151.641
187.976, 288.021
Evaluation Time: 0.066664 seconds
Resulting Fitness: 0.5464
-------------
Particle: 16:
Relays Coordinates:
96.5763, 90.8336
183.613, 116.756
180.326, 247.995
Evaluation Time: 0.060429 seconds
Resulting Fitness: 0.514573
-------------
Particle: 17:
Relays Coordinates:
84.2693, 21.944
203.172, 99.052
151.224, 198.86
Evaluation Time: 0.0555872 seconds
Resulting Fitness: 0.461428
-------------
Particle: 18:
Relays Coordinates:
70.5189, 54.9066
195.044, 65.3511
117.854, 195.791
Evaluation Time: 0.0541009 seconds
Resulting Fitness: 0.449681
-------------
Particle: 19:
Relays Coordinates:
118.761, 135.005
121.09, 82.3489
161.372, 145.499
Evaluation Time: 0.0570711 seconds
Resulting Fitness: 0.357658
-------------
Particle: 20:
Relays Coordinates:
126.672, 58.4499
200.417, 101.09
188.856, 230.959
Evaluation Time: 0.0626013 seconds
Resulting Fitness: 0.478275
Current global best fitness: 0.625
Current global best relays: 87.3254, 87.8254
222.815, 132.449
168.597, 260.848
Particle 1 new velocities: 20.3897, 37.0404
96.0424, 8.15024
30.3785, 42.5239
Particle 2 new velocities: 23.1323, 9.04725
29.7087, 31.7855
13.9001, 10.6694
Particle 3 new velocities: -4.0313, -13.9106
42.9749, 20.812
-5.35137, 5.44047
Particle 4 new velocities: 88.1418, 38.0103
118.116, 81.4703
73.5129, 96.8882
Particle 5 new velocities: 25.1648, 76.3464
71.3933, 50.4002
66.2828, 76.2741
Particle 6 new velocities: 26.2383, 12.8266
74.9281, 29.0228
33.0303, 71.043
Particle 7 new velocities: 60.8543, 48.0583
148.44, 45.9345
73.6319, 143.034
Particle 8 new velocities: -7.27151, 2.89387
17.9707, -13.3576
59.2219, -10.815
Particle 9 new velocities: 33.7458, 29.283
90.113, 40.1459
50.9215, 81.242
Particle 10 new velocities: -6.24083, 4.63523
25.7761, 8.69094
-25.4452, 0.148692
Particle 11 new velocities: 1.46931, 10.7476
18.7624, 20.8671
2.42671, 24.3707
Particle 12 new velocities: 48.3257, 31.0814
156.49, 71.1207
144.478, 85.4351
Particle 13 new velocities: 143.39, 54.5155
205.252, 97.5959
195.23, 228.474
Particle 14 new velocities: 7.51054, 10.2419
12.7931, -8.31434
1.91465, 18.084
Particle 15 new velocities: -14.8508, 3.41844
31.4401, 30.8905
20.0905, 21.3221
Particle 16 new velocities: -0.885482, -0.940348
-1.8747, 21.0303
-41.634, 5.71754
Particle 17 new velocities: 71.322, 6.00589
100.634, 74.6463
156.925, 101.914
Particle 18 new velocities: 69.8217, 72.8905
172.921, 113.835
159.373, 207.307
Particle 19 new velocities: 173.878, 211.981
191.411, 169.533
360.258, 368.051
Particle 20 new velocities: 39.8977, 64.2448
180.641, 138.674
166.262, 191.104
-- ITERATION 14 --
-------------
Particle: 1:
Relays Coordinates:
101.17, 85.0437
249.544, 105.382
135.994, 218.438
Evaluation Time: 1.55785 seconds
Resulting Fitness: 0.6
New local best!
-------------
Particle: 2:
Relays Coordinates:
99.6488, 89.7343
228.798, 132.806
154.224, 239.217
Evaluation Time: 1.73763 seconds
Resulting Fitness: 0.575
-------------
Particle: 3:
Relays Coordinates:
82.7984, 91.4229
233.905, 125.777
160.999, 260.884
Evaluation Time: 1.80734 seconds
Resulting Fitness: 0.577778
-------------
Particle: 4:
Relays Coordinates:
134.843, 48.566
225.339, 120.604
133.839, 206.167
Evaluation Time: 1.6842 seconds
Resulting Fitness: 0.566667
-------------
Particle: 5:
Relays Coordinates:
98.979, 88.3972
233.653, 142.412
181.407, 257.725
Evaluation Time: 1.65472 seconds
Resulting Fitness: 0.602778
New local best!
-------------
Particle: 6:
Relays Coordinates:
87.4585, 78.1085
209.863, 115.341
164.689, 257.256
Evaluation Time: 1.80671 seconds
Resulting Fitness: 0.6
New local best!
-------------
Particle: 7:
Relays Coordinates:
89.4078, 72.794
199.82, 91.7093
132.719, 230.342
Evaluation Time: 1.69486 seconds
Resulting Fitness: 0.505556
-------------
Particle: 8:
Relays Coordinates:
97.299, 110.158
238.067, 134.493
217.645, 268.445
Evaluation Time: 1.68182 seconds
Resulting Fitness: 0.577778
New local best!
-------------
Particle: 9:
Relays Coordinates:
84.8188, 79.7851
226.053, 126.251
161.187, 238.699
Evaluation Time: 1.78712 seconds
Resulting Fitness: 0.572222
New local best!
-------------
Particle: 10:
Relays Coordinates:
71.4656, 81.1418
207.181, 118.636
145.682, 242.643
Evaluation Time: 1.66679 seconds
Resulting Fitness: 0.558333
-------------
Particle: 11:
Relays Coordinates:
90.051, 91.0816
217.929, 127.319
161.529, 257.612
Evaluation Time: 1.72571 seconds
Resulting Fitness: 0.605556
-------------
Particle: 12:
Relays Coordinates:
96.9469, 73.7411
230.371, 124.787
181.63, 222.076
Evaluation Time: 1.61188 seconds
Resulting Fitness: 0.552778
-------------
Particle: 13:
Relays Coordinates:
102.064, 54.0001
206.278, 110.346
180.838, 250.051
Evaluation Time: 1.73508 seconds
Resulting Fitness: 0.563889
-------------
Particle: 14:
Relays Coordinates:
81.398, 81.7048
192.464, 100.275
137.733, 229.541
Evaluation Time: 1.63373 seconds
Resulting Fitness: 0.505556
-------------
Particle: 15:
Relays Coordinates:
75.6959, 72.9739
203.586, 133.065
151.681, 225.511
Evaluation Time: 1.6046 seconds
Resulting Fitness: 0.55
-------------
Particle: 16:
Relays Coordinates:
95.6908, 89.8933
181.739, 137.786
138.692, 253.713
Evaluation Time: 1.68395 seconds
Resulting Fitness: 0.561111
-------------
Particle: 17:
Relays Coordinates:
113.426, 20.3754
221.474, 126.626
224.64, 219.264
Evaluation Time: 1.57046 seconds
Resulting Fitness: 0.480556
-------------
Particle: 18:
Relays Coordinates:
82.8697, 75.4629
217.28, 105.808
163.7, 238.025
Evaluation Time: 1.77439 seconds
Resulting Fitness: 0.586111
New local best!
-------------
Particle: 19:
Relays Coordinates:
102.037, 120.987
108.962, 87.8259
174.339, 174.339
Evaluation Time: 1.47225 seconds
Resulting Fitness: 0.425
-------------
Particle: 20:
Relays Coordinates:
98.358, 72.4499
225.011, 141.578
209.694, 249.224
Evaluation Time: 1.72388 seconds
Resulting Fitness: 0.552778
New local best!
Current global best fitness: 0.625
Current global best relays: 87.3254, 87.8254
222.815, 132.449
168.597, 260.848
Particle 1 new velocities: 3.57862, 29.755
64.8016, 16.2049
64.929, 52.4079
Particle 2 new velocities: 9.6454, 3.53564
17.2389, 24.8908
39.4034, 33.6943
Particle 3 new velocities: 7.87825, -3.79495
15.6948, 25.2264
7.61124, 2.87451
Particle 4 new velocities: 32.9408, 41.1186
112.382, 71.9983
78.5997, 133.828
Particle 5 new velocities: 16.4343, 60.9435
51.022, 31.9554
48.4858, 62.7829
Particle 6 new velocities: 20.9779, 11.8482
72.9375, 30.2116
26.653, 57.7663
Particle 7 new velocities: 49.0398, 48.0798
141.039, 101.201
142.987, 180.819
Particle 8 new velocities: -17.6601, -9.32265
-4.4363, -11.392
-7.41037, -18.0192
Particle 9 new velocities: 28.9055, 33.7625
71.4266, 34.725
50.0971, 71.0481
Particle 10 new velocities: 10.7142, 29.8694
41.0482, 16.4361
30.5335, 24.9148
Particle 11 new velocities: 18.4452, 9.42028
32.0293, 29.3021
10.2019, 32.7384
Particle 12 new velocities: 49.7596, 42.0165
137.798, 63.1758
125.881, 195.933
Particle 13 new velocities: 109.03, 24.1191
201.782, 79.9516
149.13, 182.459
Particle 14 new velocities: 43.6865, 19.675
53.794, 31.7884
6.24948, 28.5321
Particle 15 new velocities: 22.1061, 45.4834
76.686, 33.7909
73.7245, 138.828
Particle 16 new velocities: 5.38236, 8.80394
47.1374, 6.20473
16.8741, 23.529
Particle 17 new velocities: 42.8394, 67.4516
116.558, 71.7181
125.021, 108.034
Particle 18 new velocities: 59.2757, 68.2374
139.951, 92.2584
129.587, 190.091
Particle 19 new velocities: 197.335, 261.755
233.945, 126.404
32.3775, 186.108
Particle 20 new velocities: 30.7365, 63.0556
144.395, 109.081
114.122, 163.674
-- ITERATION 15 --
-------------
Particle: 1:
Relays Coordinates:
84.8461, 92.9869
254.62, 98.4853
162.748, 219.385
Evaluation Time: 0.0501306 seconds
Resulting Fitness: 0.531993
-------------
Particle: 2:
Relays Coordinates:
109.294, 93.2699
246.037, 157.697
193.628, 272.911
Evaluation Time: 0.0553186 seconds
Resulting Fitness: 0.545622
-------------
Particle: 3:
Relays Coordinates:
81.609, 78.8652
224.64, 135.903
151.75, 237.383
Evaluation Time: 0.0606332 seconds
Resulting Fitness: 0.531482
-------------
Particle: 4:
Relays Coordinates:
122.314, 65.3801
246.198, 140.407
154.868, 247.857
Evaluation Time: 0.0629718 seconds
Resulting Fitness: 0.533598
-------------
Particle: 5:
Relays Coordinates:
93.4848, 120.966
230.587, 141.238
186.214, 259.612
Evaluation Time: 0.0555583 seconds
Resulting Fitness: 0.542214
-------------
Particle: 6:
Relays Coordinates:
79.0501, 65.5784
206.161, 106.108
139.489, 229.652
Evaluation Time: 0.0560931 seconds
Resulting Fitness: 0.514329
-------------
Particle: 7:
Relays Coordinates:
90.8355, 79.3053
223.638, 126.569
180.891, 269.763
Evaluation Time: 0.0554417 seconds
Resulting Fitness: 0.54513
-------------
Particle: 8:
Relays Coordinates:
71.675, 90.7517
210.267, 110.791
189.211, 225.383
Evaluation Time: 0.058857 seconds
Resulting Fitness: 0.510055
-------------
Particle: 9:
Relays Coordinates:
92.1167, 91.9736
240.959, 130.391
171.14, 250.895
Evaluation Time: 0.0580052 seconds
Resulting Fitness: 0.5372
-------------
Particle: 10:
Relays Coordinates:
73.9618, 99.9101
223.407, 121.565
158.594, 240.802
Evaluation Time: 0.0589647 seconds
Resulting Fitness: 0.533595
-------------
Particle: 11:
Relays Coordinates:
108.496, 100.502
249.959, 156.621
171.731, 290.351
Evaluation Time: 0.0611492 seconds
Resulting Fitness: 0.544271
-------------
Particle: 12:
Relays Coordinates:
86.6287, 68.3537
217.4, 110.99
181.582, 246.83
Evaluation Time: 0.0536549 seconds
Resulting Fitness: 0.537421
-------------
Particle: 13:
Relays Coordinates:
124.649, 46.1286
240.955, 112.369
194.843, 255.393
Evaluation Time: 0.0541322 seconds
Resulting Fitness: 0.547455
-------------
Particle: 14:
Relays Coordinates:
112.576, 91.2418
221.632, 118.857
129.585, 232.266
Evaluation Time: 0.0574056 seconds
Resulting Fitness: 0.532179
-------------
Particle: 15:
Relays Coordinates:
71.2976, 86.3554
204.318, 121.638
164.32, 265.603
Evaluation Time: 0.0619217 seconds
Resulting Fitness: 0.540083
-------------
Particle: 16:
Relays Coordinates:
101.073, 98.6972
228.876, 143.991
155.566, 277.242
Evaluation Time: 0.0696705 seconds
Resulting Fitness: 0.543097
-------------
Particle: 17:
Relays Coordinates:
102.526, 57.6233
221.783, 130.134
229.413, 214.741
Evaluation Time: 0.0515031 seconds
Resulting Fitness: 0.482804
-------------
Particle: 18:
Relays Coordinates:
83.9354, 84.8536
210.941, 116.956
173.183, 252.798
Evaluation Time: 0.0583702 seconds
Resulting Fitness: 0.539447
-------------
Particle: 19:
Relays Coordinates:
104.385, 133.454
119.565, 74.6975
72.0777, 125.68
Evaluation Time: 0.0584529 seconds
Resulting Fitness: 0.280752
-------------
Particle: 20:
Relays Coordinates:
68.6061, 72.0132
196.317, 133.211
172.089, 219.431
Evaluation Time: 0.054015 seconds
Resulting Fitness: 0.502809
Current global best fitness: 0.625
Current global best relays: 87.3254, 87.8254
222.815, 132.449
168.597, 260.848
Particle 1 new velocities: 25.3085, 12.3706
36.6266, 43.5514
35.3758, 49.533
Particle 2 new velocities: -15.9737, -1.27332
-28.484, -29.0829
19.2751, 6.66102
Particle 3 new velocities: 16.8576, 9.22453
8.48737, 14.6277
42.4111, 24.7415
Particle 4 new velocities: 9.17177, 36.1549
61.2102, 32.929
62.7919, 103.236
Particle 5 new velocities: 12.3112, -26.4748
35.406, 23.1238
29.7277, 49.964
Particle 6 new velocities: 20.2381, 55.9405
74.1726, 58.2492
53.3859, 55.9874
Particle 7 new velocities: 54.2385, 49.1175
113.549, 96.6273
97.336, 147.702
Particle 8 new velocities: 3.19901, -7.43397
43.7411, 1.78068
15.7014, 19.2365
Particle 9 new velocities: 12.9157, 17.1733
24.0889, 22.8963
33.6514, 49.0531
Particle 10 new velocities: 14.5948, 8.71002
37.3241, 32.7216
44.0807, 51.7109
Particle 11 new velocities: -13.0878, -1.50083
2.87998, 12.5693
8.93011, -23.0984
Particle 12 new velocities: 68.6045, 102.899
134.126, 72.6957
100.988, 211.721
Particle 13 new velocities: 44.3852, 24.4034
159.23, 79.6554
99.1571, 126.162
Particle 14 new velocities: 13.704, 11.699
42.8344, 36.3112
55.1908, 59.2006
Particle 15 new velocities: 72.9413, 38.1959
87.7418, 44.7987
90.6846, 117.795
Particle 16 new velocities: -8.25509, -1.34515
14.5682, -14.4606
48.4113, -1.56366
Particle 17 new velocities: 69.9703, 48.3843
105.979, 60.5043
44.3494, 175.109
Particle 18 new velocities: 51.1283, 44.2706
126.512, 57.9933
91.7267, 130.382
Particle 19 new velocities: 158.462, 227.795
184.168, 131.429
268.862, 340.006
Particle 20 new velocities: 61.7632, 53.1787
153.201, 97.0443
130.885, 198.645
-- ITERATION 16 --
-------------
Particle: 1:
Relays Coordinates:
89.2252, 85.3396
235.91, 115.05
160.48, 217.824
Evaluation Time: 0.05962 seconds
Resulting Fitness: 0.531972
-------------
Particle: 2:
Relays Coordinates:
93.3205, 91.9966
217.553, 128.614
212.903, 279.572
Evaluation Time: 0.0607426 seconds
Resulting Fitness: 0.550628
-------------
Particle: 3:
Relays Coordinates:
98.4666, 88.0897
233.128, 150.531
194.161, 262.125
Evaluation Time: 0.0496852 seconds
Resulting Fitness: 0.544657
-------------
Particle: 4:
Relays Coordinates:
95.8533, 74.019
224.101, 126.362
158.674, 255.947
Evaluation Time: 0.0543267 seconds
Resulting Fitness: 0.535171
-------------
Particle: 5:
Relays Coordinates:
85.6947, 76.5378
215.454, 133.133
174.912, 250.756
Evaluation Time: 0.0508908 seconds
Resulting Fitness: 0.535901
-------------
Particle: 6:
Relays Coordinates:
80.4234, 98.4303
227.071, 133.129
156.228, 231.368
Evaluation Time: 0.0547039 seconds
Resulting Fitness: 0.532281
-------------
Particle: 7:
Relays Coordinates:
95.1831, 84.2582
221.228, 146.439
182.545, 273.899
Evaluation Time: 0.0481645 seconds
Resulting Fitness: 0.545265
-------------
Particle: 8:
Relays Coordinates:
60.648, 67.4874
205.747, 91.1829
165.979, 198.142
Evaluation Time: 0.0549651 seconds
Resulting Fitness: 0.454042
-------------
Particle: 9:
Relays Coordinates:
94.5291, 98.2322
238.543, 137.958
184.312, 269.953
Evaluation Time: 0.0531667 seconds
Resulting Fitness: 0.546922
-------------
Particle: 10:
Relays Coordinates:
71.7309, 87.9823
211.192, 124.972
164.166, 236.935
Evaluation Time: 0.0535247 seconds
Resulting Fitness: 0.518192
-------------
Particle: 11:
Relays Coordinates:
77.2809, 80.1908
204.799, 137.044
146.335, 216.475
Evaluation Time: 0.060193 seconds
Resulting Fitness: 0.530946
-------------
Particle: 12:
Relays Coordinates:
82.4973, 91.0106
186.815, 97.6181
150.169, 243.693
Evaluation Time: 0.0541175 seconds
Resulting Fitness: 0.513239
-------------
Particle: 13:
Relays Coordinates:
99.8128, 41.6484
236.305, 113.388
173.604, 225.304
Evaluation Time: 0.0556427 seconds
Resulting Fitness: 0.515766
-------------
Particle: 14:
Relays Coordinates:
113.652, 92.6467
238.02, 139.652
166.298, 262.32
Evaluation Time: 0.0546495 seconds
Resulting Fitness: 0.539189
-------------
Particle: 15:
Relays Coordinates:
94.6352, 81.7181
191.621, 109.199
167.309, 251.547
Evaluation Time: 0.0479514 seconds
Resulting Fitness: 0.516738
-------------
Particle: 16:
Relays Coordinates:
92.8181, 97.3521
243.444, 129.53
203.978, 275.678
Evaluation Time: 0.059739 seconds
Resulting Fitness: 0.550592
-------------
Particle: 17:
Relays Coordinates:
125.75, 77.2795
238.938, 138.975
199.573, 284.2
Evaluation Time: 0.0536913 seconds
Resulting Fitness: 0.547579
New local best!
-------------
Particle: 18:
Relays Coordinates:
88.6153, 84.7184
221.403, 114.784
173.807, 251.404
Evaluation Time: 0.0532207 seconds
Resulting Fitness: 0.538816
-------------
Particle: 19:
Relays Coordinates:
101.832, 139.955
117.672, 79.8578
132.087, 180.416
Evaluation Time: 0.0531223 seconds
Resulting Fitness: 0.3905
-------------
Particle: 20:
Relays Coordinates:
76.9818, 73.9245
206.387, 135.963
178.903, 246.87
Evaluation Time: 0.0545129 seconds
Resulting Fitness: 0.536101
Current global best fitness: 0.625
Current global best relays: 87.3254, 87.8254
222.815, 132.449
168.597, 260.848
Particle 1 new velocities: 27.7586, 10.465
47.3784, 44.714
2.79085, 66.6127
Particle 2 new velocities: -19.3751, -2.6003
-17.9463, -16.3844
-17.1813, -19.9366
Particle 3 new velocities: 1.67123, 7.87181
-34.3598, -5.13754
-17.9923, 16.6309
Particle 4 new velocities: 15.5513, 35.6805
57.2872, 31.5948
58.6009, 58.8886
Particle 5 new velocities: 12.274, -4.91207
47.8956, 33.2941
21.4108, 58.5271
Particle 6 new velocities: 26.6144, 17.7998
51.1674, 25.1302
47.495, 90.7713
Particle 7 new velocities: 42.3901, 59.7548
94.5781, 48.3129
74.5636, 114.233
Particle 8 new velocities: 61.2139, 25.9592
58.662, 102.363
51.6882, 53.8458
Particle 9 new velocities: -5.0841, -21.4273
-7.59986, 12.4025
3.49119, 5.27315
Particle 10 new velocities: 15.6658, 22.3537
58.7428, 38.6805
78.5257, 79.3212
Particle 11 new velocities: 14.6602, 1.58134
12.4163, 5.63573
62.658, 78.7901
Particle 12 new velocities: 90.4847, 87.2382
161.37, 131.275
149.152, 231.637
Particle 13 new velocities: 49.6016, 67.326
130.016, 81.7708
74.4763, 145.636
Particle 14 new velocities: -13.9566, 7.68882
-14.2874, 18.8097
40.6912, 37.392
Particle 15 new velocities: 57.8672, 69.2499
176.554, 107.893
89.0781, 129.205
Particle 16 new velocities: 3.80585, -8.86216
-54.5139, -10.2995
6.8825, -16.8678
Particle 17 new velocities: 7.4246, 44.8652
81.1055, 48.3504
5.73551, 127.3
Particle 18 new velocities: 34.969, 30.732
94.7455, 59.9973
64.3553, 97.4739
Particle 19 new velocities: 145.872, 189.586
160.913, 164.431
255.182, 343.475
Particle 20 new velocities: 83.8204, 41.8885
153.808, 77.1005
130.214, 164.835
-- ITERATION 17 --
-------------
Particle: 1:
Relays Coordinates:
94.7569, 77.6018
229.464, 129.409
132.249, 230.393
Evaluation Time: 0.0505582 seconds
Resulting Fitness: 0.530345
-------------
Particle: 2:
Relays Coordinates:
73.9453, 89.3963
199.607, 112.23
195.722, 259.636
Evaluation Time: 0.0625641 seconds
Resulting Fitness: 0.528618
-------------
Particle: 3:
Relays Coordinates:
100.138, 95.9615
198.768, 145.393
176.169, 278.755
Evaluation Time: 0.0535555 seconds
Resulting Fitness: 0.545244
-------------
Particle: 4:
Relays Coordinates:
90.2377, 88.8566
227.924, 127.945
175.993, 255.017
Evaluation Time: 0.0505154 seconds
Resulting Fitness: 0.538336
-------------
Particle: 5:
Relays Coordinates:
79.3547, 58.0169
213.313, 134.806
159.022, 250.52
Evaluation Time: 0.041745 seconds
Resulting Fitness: 0.53416
-------------
Particle: 6:
Relays Coordinates:
86.7006, 94.1464
225.373, 128.19
165.016, 260.933
Evaluation Time: 0.0397958 seconds
Resulting Fitness: 0.538644
-------------
Particle: 7:
Relays Coordinates:
100.291, 104.985
230.223, 141.974
187.432, 282.948
Evaluation Time: 0.0521179 seconds
Resulting Fitness: 0.546146
-------------
Particle: 8:
Relays Coordinates:
98.7081, 75.6917
214.171, 156.772
176.31, 204.11
Evaluation Time: 0.0402629 seconds
Resulting Fitness: 0.503292
-------------
Particle: 9:
Relays Coordinates:
80.5005, 69.1244
207.849, 135.325
169.023, 247.704
Evaluation Time: 0.0547051 seconds
Resulting Fitness: 0.535201
-------------
Particle: 10:
Relays Coordinates:
70.7913, 89.3721
218.647, 132.559
196.58, 256.168
Evaluation Time: 0.0630215 seconds
Resulting Fitness: 0.543422
-------------
Particle: 11:
Relays Coordinates:
91.9411, 81.7722
217.216, 142.68
208.993, 295.265
Evaluation Time: 0.0520101 seconds
Resulting Fitness: 0.548549
-------------
Particle: 12:
Relays Coordinates:
102.144, 105.254
205.6, 135.159
176.746, 280.678
Evaluation Time: 0.0527756 seconds
Resulting Fitness: 0.545326
-------------
Particle: 13:
Relays Coordinates:
98.0308, 71.4981
240.344, 128.044
162.766, 243.374
Evaluation Time: 0.0508393 seconds
Resulting Fitness: 0.535363
-------------
Particle: 14:
Relays Coordinates:
99.6954, 100.336
223.733, 158.461
206.989, 299.712
Evaluation Time: 0.0536366 seconds
Resulting Fitness: 0.550228
-------------
Particle: 15:
Relays Coordinates:
100.057, 99.0501
241.559, 142.434
168.215, 249.812
Evaluation Time: 0.0543782 seconds
Resulting Fitness: 0.538158
-------------
Particle: 16:
Relays Coordinates:
96.6239, 88.4899
188.93, 119.231
210.86, 258.81
Evaluation Time: 0.0543849 seconds
Resulting Fitness: 0.521703
-------------
Particle: 17:
Relays Coordinates:
78.638, 72.1253
188.983, 110.614
121.233, 242.987
Evaluation Time: 0.050814 seconds
Resulting Fitness: 0.512115
-------------
Particle: 18:
Relays Coordinates:
90.093, 84.1633
230.472, 127.416
173.62, 254.332
Evaluation Time: 0.053499 seconds
Resulting Fitness: 0.53846
-------------
Particle: 19:
Relays Coordinates:
95.9657, 127.671
107.93, 94.6423
150.036, 193.71
Evaluation Time: 0.0515537 seconds
Resulting Fitness: 0.406225
-------------
Particle: 20:
Relays Coordinates:
105.502, 75.9849
236.324, 139.791
202.812, 270.12
Evaluation Time: 0.0580274 seconds
Resulting Fitness: 0.547235
Current global best fitness: 0.625
Current global best relays: 87.3254, 87.8254
222.815, 132.449
168.597, 260.848
Particle 1 new velocities: 23.1246, 21.749
56.9482, 6.81566
24.7182, 67.4398
Particle 2 new velocities: 10.9833, -4.84954
26.4163, 17.3334
-47.925, -12.7221
Particle 3 new velocities: -11.4856, -0.164512
-22.4977, -24.0598
-20.6976, -19.1746
Particle 4 new velocities: 64.7396, 27.3271
51.497, 26.9541
7.95568, 28.3064
Particle 5 new velocities: 26.4641, 20.362
71.1561, 36.6417
48.4605, 64.4234
Particle 6 new velocities: 22.4235, -5.86205
21.7752, 10.4927
40.7383, 70.0219
Particle 7 new velocities: 28.16, 41.7428
60.9343, 22.178
52.0845, 70.1779
Particle 8 new velocities: 36.8553, 58.1515
92.8734, 45.3545
63.0898, 190.061
Particle 9 new velocities: 4.48938, 18.4776
24.2432, -3.39209
-2.59327, -1.15179
Particle 10 new velocities: 42.1521, 24.7374
62.0674, 30.8562
26.4767, 72.7797
Particle 11 new velocities: 25.6485, 6.2062
30.9438, -0.0864535
-39.2106, -7.92127
Particle 12 new velocities: 54.76, 50.3229
171.356, 122.217
134.795, 176.387
Particle 13 new velocities: 56.1382, 56.3554
86.2118, 37.7881
67.6263, 114.619
Particle 14 new velocities: -17.601, -12.3457
-15.1935, -63.2299
-18.8686, -48.5984
Particle 15 new velocities: 36.3932, 52.7384
117.847, 78.3315
102.234, 113.52
Particle 16 new velocities: 5.16565, -7.00407
-31.1796, 4.46224
-76.3284, 5.87344
Particle 17 new velocities: 56.1669, 50.6467
136.697, 64.6806
133.914, 131.341
Particle 18 new velocities: 16.5277, 20.7146
66.3204, 41.5197
42.8125, 65.8257
Particle 19 new velocities: 178.202, 195.236
241.124, 168.935
263.617, 84.1967
Particle 20 new velocities: 49.282, 40.9758
101.291, 58.0058
70.1082, 88.9267
-- ITERATION 18 --
-------------
Particle: 1:
Relays Coordinates:
85.9356, 72.4267
208.794, 99.3075
114.429, 217.12
Evaluation Time: 0.0530663 seconds
Resulting Fitness: 0.486006
-------------
Particle: 2:
Relays Coordinates:
84.9286, 84.5468
226.023, 129.563
147.797, 246.913
Evaluation Time: 0.0528901 seconds
Resulting Fitness: 0.532327
-------------
Particle: 3:
Relays Coordinates:
88.6522, 95.797
176.27, 121.333
155.471, 259.581
Evaluation Time: 0.0592845 seconds
Resulting Fitness: 0.519597
-------------
Particle: 4:
Relays Coordinates:
112.978, 84.6979
203.698, 112.921
134.098, 206.543
Evaluation Time: 0.0646925 seconds
Resulting Fitness: 0.474561
-------------
Particle: 5:
Relays Coordinates:
77.1419, 57.1382
207.378, 124.985
151.255, 229.593
Evaluation Time: 0.066571 seconds
Resulting Fitness: 0.532399
-------------
Particle: 6:
Relays Coordinates:
79.5515, 64.3593
180.171, 101.1
149.995, 241.266
Evaluation Time: 0.0769314 seconds
Resulting Fitness: 0.512
-------------
Particle: 7:
Relays Coordinates:
93.6407, 106.965
212.253, 119.667
174.607, 257.429
Evaluation Time: 0.0521169 seconds
Resulting Fitness: 0.54056
-------------
Particle: 8:
Relays Coordinates:
98.8257, 97.5717
223.835, 147.351
174.523, 287.351
Evaluation Time: 0.0514426 seconds
Resulting Fitness: 0.545434
-------------
Particle: 9:
Relays Coordinates:
84.9899, 87.602
232.092, 131.933
166.43, 246.552
Evaluation Time: 0.0539028 seconds
Resulting Fitness: 0.536143
-------------
Particle: 10:
Relays Coordinates:
91.4842, 92.4287
227.379, 132.366
180.676, 266.447
Evaluation Time: 0.0545255 seconds
Resulting Fitness: 0.545718
-------------
Particle: 11:
Relays Coordinates:
105.831, 79.1805
223.343, 128.334
152.804, 258.609
Evaluation Time: 0.0542402 seconds
Resulting Fitness: 0.534694
-------------
Particle: 12:
Relays Coordinates:
92.6503, 91.8666
222.589, 151.978
183.962, 269.892
Evaluation Time: 0.0497245 seconds
Resulting Fitness: 0.545898
-------------
Particle: 13:
Relays Coordinates:
101.15, 83.8847
214.253, 108.802
151.16, 234.879
Evaluation Time: 0.0541804 seconds
Resulting Fitness: 0.51602
-------------
Particle: 14:
Relays Coordinates:
73.885, 79.1908
187.685, 85.7084
169.308, 226.002
Evaluation Time: 0.0565039 seconds
Resulting Fitness: 0.502892
-------------
Particle: 15:
Relays Coordinates:
89.5249, 99.5885
235.806, 144.844
177.442, 238.382
Evaluation Time: 0.054353 seconds
Resulting Fitness: 0.536893
-------------
Particle: 16:
Relays Coordinates:
101.79, 81.4858
157.751, 123.693
134.532, 264.684
Evaluation Time: 0.0545616 seconds
Resulting Fitness: 0.51501
-------------
Particle: 17:
Relays Coordinates:
98.2728, 89.5008
237.421, 127.79
186.002, 272.884
Evaluation Time: 0.0545066 seconds
Resulting Fitness: 0.545448
-------------
Particle: 18:
Relays Coordinates:
77.7265, 76.456
216.362, 123.154
157.78, 233.395
Evaluation Time: 0.0518105 seconds
Resulting Fitness: 0.532874
-------------
Particle: 19:
Relays Coordinates:
95.5965, 112.591
121.708, 91.9038
144.232, 96.9002
Evaluation Time: 0.0536185 seconds
Resulting Fitness: 0.297544
-------------
Particle: 20:
Relays Coordinates:
112.838, 85.2643
246.121, 144.194
198.959, 261.745
Evaluation Time: 0.0593392 seconds
Resulting Fitness: 0.547796
Current global best fitness: 0.625
Current global best relays: 87.3254, 87.8254
222.815, 132.449
168.597, 260.848
Particle 1 new velocities: 35.9986, 36.7389
108.896, 30.9298
39.4108, 81.9453
Particle 2 new velocities: 11.4074, -0.471922
19.7535, 17.1687
1.13148, 12.1444
Particle 3 new velocities: 4.46013, -3.12758
53.439, -3.2395
8.7302, -15.4466
Particle 4 new velocities: 71.6133, 14.936
94.3482, 61.8837
50.7114, 74.0963
Particle 5 new velocities: 32.1376, 99.7818
102.455, 50.4947
87.3087, 128.467
Particle 6 new velocities: 26.2384, 14.8625
53.7814, 48.5812
38.2902, 84.0497
Particle 7 new velocities: 26.3081, 9.27606
65.2669, 30.3148
32.0451, 61.7908
Particle 8 new velocities: 18.2126, 52.3394
87.6243, 0.316392
60.7151, 115.961
Particle 9 new velocities: 6.0253, 10.241
16.3248, -10.8734
-7.93835, -2.4221
Particle 10 new velocities: 29.1702, 21.4289
46.4055, 24.9632
15.8115, 75.9893
Particle 11 new velocities: 3.84718, 25.2869
29.1527, 18.0818
-8.03089, -2.48965
Particle 12 new velocities: 62.9279, 46.5557
155.274, 74.951
102.231, 148.001
Particle 13 new velocities: 49.3796, 35.3973
116.982, 56.3752
94.6914, 109.844
Particle 14 new velocities: 32.6596, 6.75463
7.68621, -29.8532
-39.599, -1.78265
Particle 15 new velocities: 47.5998, 30.4537
85.4038, 43.5994
84.6845, 183.324
Particle 16 new velocities: -9.75453, 20.5857
61.5203, 6.32503
-14.1325, 4.84689
Particle 17 new velocities: 49.7532, 34.0728
97.2574, 71.6559
107.034, 117.527
Particle 18 new velocities: 30.8804, 30.0211
54.0634, 17.8107
52.8415, 70.2453
Particle 19 new velocities: 216.738, 310.249
284.902, 161.279
341.398, 305.335
Particle 20 new velocities: -0.155079, 21.869
68.958, 42.4796
59.3832, 50.603
-- ITERATION 19 --
-------------
Particle: 1:
Relays Coordinates:
88.89, 79.5817
231.596, 94.943
112.15, 218.019
Evaluation Time: 1.51339 seconds
Resulting Fitness: 0.575
-------------
Particle: 2:
Relays Coordinates:
86.7025, 75.6674
221.199, 132.059
134.035, 233.152
Evaluation Time: 1.64614 seconds
Resulting Fitness: 0.55
-------------
Particle: 3:
Relays Coordinates:
93.1123, 92.6694
229.709, 118.094
164.201, 244.134
Evaluation Time: 1.69631 seconds
Resulting Fitness: 0.613889
New local best!
-------------
Particle: 4:
Relays Coordinates:
134.567, 72.6331
217.276, 127.433
134.726, 204.586
Evaluation Time: 1.64293 seconds
Resulting Fitness: 0.522222
-------------
Particle: 5:
Relays Coordinates:
79.6647, 114.395
225.868, 127.925
173.913, 261.026
Evaluation Time: 1.68286 seconds
Resulting Fitness: 0.605556
New local best!
-------------
Particle: 6:
Relays Coordinates:
85.6898, 64.1697
189.501, 121.242
152.511, 263.506
Evaluation Time: 1.62514 seconds
Resulting Fitness: 0.552778
-------------
Particle: 7:
Relays Coordinates:
97.1585, 94.1552
224.791, 121.485
167.389, 258.568
Evaluation Time: 1.71779 seconds
Resulting Fitness: 0.625
New local best!
-------------
Particle: 8:
Relays Coordinates:
62.199, 79.6689
165.523, 78.4762
125.015, 214.336
Evaluation Time: 1.47878 seconds
Resulting Fitness: 0.494444
-------------
Particle: 9:
Relays Coordinates:
81.9137, 88.0587
223.575, 108.953
142.642, 219.717
Evaluation Time: 1.59399 seconds
Resulting Fitness: 0.572222
-------------
Particle: 10:
Relays Coordinates:
87.957, 83.0022
199.589, 114.693
143.24, 249.636
Evaluation Time: 1.69026 seconds
Resulting Fitness: 0.572222
-------------
Particle: 11:
Relays Coordinates:
109.678, 104.467
252.496, 146.416
144.774, 256.119
Evaluation Time: 1.6755 seconds
Resulting Fitness: 0.558333
-------------
Particle: 12:
Relays Coordinates:
91.8674, 81.737
223.124, 133.999
168.994, 246.762
Evaluation Time: 1.66784 seconds
Resulting Fitness: 0.586111
-------------
Particle: 13:
Relays Coordinates:
109.736, 86.9566
241.47, 120.414
179.226, 251.303
Evaluation Time: 1.74822 seconds
Resulting Fitness: 0.602778
New local best!
-------------
Particle: 14:
Relays Coordinates:
106.545, 85.9455
195.372, 55.8552
129.709, 224.22
Evaluation Time: 1.46856 seconds
Resulting Fitness: 0.5
-------------
Particle: 15:
Relays Coordinates:
80.9707, 76.7886
189.671, 111.274
154.783, 249.013
Evaluation Time: 1.71664 seconds
Resulting Fitness: 0.544444
-------------
Particle: 16:
Relays Coordinates:
82.8315, 91.8644
197.344, 117.016
108.359, 242.577
Evaluation Time: 1.62869 seconds
Resulting Fitness: 0.555556
-------------
Particle: 17:
Relays Coordinates:
107.911, 90.0851
243.98, 145.396
213.623, 284.61
Evaluation Time: 1.72595 seconds
Resulting Fitness: 0.558333
New local best!
-------------
Particle: 18:
Relays Coordinates:
87.9715, 86.2464
219.045, 114.181
170.603, 245.949
Evaluation Time: 1.73352 seconds
Resulting Fitness: 0.588889
New local best!
-------------
Particle: 19:
Relays Coordinates:
98.0138, 132.692
127.598, 79.4516
152.396, 126.226
Evaluation Time: 1.29726 seconds
Resulting Fitness: 0.341667
-------------
Particle: 20:
Relays Coordinates:
73.9311, 70.2902
206.724, 122.477
169.498, 204.931
Evaluation Time: 1.68087 seconds
Resulting Fitness: 0.536111
Current global best fitness: 0.625
Current global best relays: 87.3254, 87.8254
222.815, 132.449
168.597, 260.848
Particle 1 new velocities: 43.2473, 46.1684
85.3309, 52.8387
74.7092, 113.632
Particle 2 new velocities: 9.87527, 30.6641
16.9331, 14.2728
32.9115, 85.0791
Particle 3 new velocities: -1.73702, -4.04402
39.2148, 10.2189
9.50278, 4.70386
Particle 4 new velocities: 21.9592, -25.927
83.2943, 56.5673
76.4459, 158.599
Particle 5 new velocities: 30.7171, 55.1932
79.627, 45.6238
65.0995, 102.625
Particle 6 new velocities: 24.6485, 47.5331
104.567, 46.157
49.319, 55.136
Particle 7 new velocities: 11.5563, 0.816388
52.0086, 37.0522
25.9416, 50.8619
Particle 8 new velocities: 44.2169, 58.478
242.316, 50.419
170.873, 203.176
Particle 9 new velocities: 11.1859, 7.12136
13.6467, 31.476
32.588, 76.7473
Particle 10 new velocities: 19.7784, 18.4154
79.2746, 40.0128
60.5905, 89.7294
Particle 11 new velocities: -19.7119, 0.078917
5.08762, -6.7949
50.6752, 20.6188
Particle 12 new velocities: 55.6299, 66.381
126.271, 77.0227
113.672, 138.625
Particle 13 new velocities: 22.4302, 29.2526
74.6999, 46.5707
70.8862, 96.3341
Particle 14 new velocities: 20.6221, 9.78226
37.3344, 54.2752
9.26029, 12.3025
Particle 15 new velocities: 82.7235, 32.5273
142.021, 78.1896
86.2958, 198.477
Particle 16 new velocities: 4.8573, 14.913
94.5086, 30.2152
26.2458, 51.3354
Particle 17 new velocities: 29.2114, 25.6054
52.8102, 55.8918
82.7368, 66.377
Particle 18 new velocities: 24.6248, 25.9505
44.8463, 22.9801
40.9451, 60.9119
Particle 19 new velocities: 163.288, 215.516
338.223, 131.851
391.964, 527.456
Particle 20 new velocities: 3.95604, 40.6228
94.7158, 71.8416
79.9693, 147.269
Simulation of the best surrogate solution results: 0.625
Final Evaluation Time: 151.806 seconds
Final global best fitness: 0.625
Final global best relays:
87.3254, 87.8254
222.815, 132.449
168.597, 260.848
