pair,method,file,seed,relays,width,height,iteration,evaluation,best_fitness
1,PSO,2026-09-20_20-48-58.log,37283284,2,500.0,500.0,0,1,0.230556
1,PSO,2026-09-20_20-48-58.log,37283284,2,500.0,500.0,0,4,0.3
1,PSO,2026-09-20_20-48-58.log,37283284,2,500.0,500.0,0,5,0.344444
1,PSO,2026-09-20_20-48-58.log,37283284,2,500.0,500.0,1,39,0.361111
1,PSO,2026-09-20_20-48-58.log,37283284,2,500.0,500.0,3,70,0.372222
1,PSO,2026-09-20_20-48-58.log,37283284,2,500.0,500.0,4,84,0.386111
1,PSO,2026-09-20_20-48-58.log,37283284,2,500.0,500.0,4,90,0.388889
1,PSO,2026-09-20_20-48-58.log,37283284,2,500.0,500.0,4,94,0.402778
1,PSO,2026-09-20_20-48-58.log,37283284,2,500.0,500.0,4,99,0.433333
1,PSO,2026-09-20_20-48-58.log,37283284,2,500.0,500.0,6,132,0.452778
1,PSO,2026-09-20_20-48-58.log,37283284,2,500.0,500.0,7,160,0.461111
1,PSO,2026-09-20_20-48-58.log,37283284,2,500.0,500.0,10,201,0.463889
1,PSO,2026-09-20_20-48-58.log,37283284,2,500.0,500.0,11,236,0.466667
1,PSO,2026-09-20_20-48-58.log,37283284,2,500.0,500.0,12,259,0.469444
1,PSO,2026-09-20_20-48-58.log,37283284,2,500.0,500.0,15,306,0.475
1,Naive,2026-09-20_20-58-31.log,,224,,,0,1,0.230556
1,Naive,2026-09-20_20-58-31.log,,224,,,3,4,0.3
1,Naive,2026-09-20_20-58-31.log,,224,,,4,5,0.344444
1,Naive,2026-09-20_20-58-31.log,,224,,,50,51,0.377778
1,Naive,2026-09-20_20-58-31.log,,224,,,58,59,0.397222
1,Naive,2026-09-20_20-58-31.log,,224,,,227,228,0.444444
2,PSO,2026-09-20_21-06-20.log,37283284,2,500.0,500.0,0,1,0.172222
2,PSO,2026-09-20_21-06-20.log,37283284,2,500.0,500.0,0,4,0.205556
2,PSO,2026-09-20_21-06-20.log,37283284,2,500.0,500.0,0,9,0.230556
2,PSO,2026-09-20_21-06-20.log,37283284,2,500.0,500.0,0,10,0.252778
2,PSO,2026-09-20_21-06-20.log,37283284,2,500.0,500.0,1,37,0.275
2,PSO,2026-09-20_21-06-20.log,37283284,2,500.0,500.0,1,38,0.288889
2,PSO,2026-09-20_21-06-20.log,37283284,2,500.0,500.0,1,39,0.297222
2,PSO,2026-09-20_21-06-20.log,37283284,2,500.0,500.0,3,70,0.305556
2,PSO,2026-09-20_21-06-20.log,37283284,2,500.0,500.0,8,173,0.308333
2,PSO,2026-09-20_21-06-20.log,37283284,2,500.0,500.0,12,245,0.316667
2,Naive,2026-09-20_21-15-06.log,,260,,,0,1,0.172222
2,Naive,2026-09-20_21-15-06.log,,260,,,3,4,0.205556
2,Naive,2026-09-20_21-15-06.log,,260,,,8,9,0.230556
2,Naive,2026-09-20_21-15-06.log,,260,,,9,10,0.252778
2,Naive,2026-09-20_21-15-06.log,,260,,,34,35,0.261111
2,Naive,2026-09-20_21-15-06.log,,260,,,58,59,0.269444
2,Naive,2026-09-20_21-15-06.log,,260,,,157,158,0.286111
3,PSO,2026-09-20_21-22-42.log,37283284,2,500.0,500.0,0,1,0.0972222
3,PSO,2026-09-20_21-22-42.log,37283284,2,500.0,500.0,0,3,0.141667
3,PSO,2026-09-20_21-22-42.log,37283284,2,500.0,500.0,0,10,0.161111
3,PSO,2026-09-20_21-22-42.log,37283284,2,500.0,500.0,1,37,0.172222
3,PSO,2026-09-20_21-22-42.log,37283284,2,500.0,500.0,1,38,0.183333
3,PSO,2026-09-20_21-22-42.log,37283284,2,500.0,500.0,1,39,0.205556
3,PSO,2026-09-20_21-22-42.log,37283284,2,500.0,500.0,8,170,0.211111
3,PSO,2026-09-20_21-22-42.log,37283284,2,500.0,500.0,13,276,0.213889
3,PSO,2026-09-20_21-22-42.log,37283284,2,500.0,500.0,14,290,0.216667
3,Naive,2026-09-20_21-31-17.log,,244,,,0,1,0.0972222
3,Naive,2026-09-20_21-31-17.log,,244,,,2,3,0.141667
3,Naive,2026-09-20_21-31-17.log,,244,,,9,10,0.161111
3,Naive,2026-09-20_21-31-17.log,,244,,,50,51,0.172222
3,Naive,2026-09-20_21-31-17.log,,244,,,75,76,0.183333
3,Naive,2026-09-20_21-31-17.log,,244,,,285,286,0.197222
4,PSO,2026-09-20_21-38-40.log,37283284,2,500.0,500.0,0,1,0.183333
4,PSO,2026-09-20_21-38-40.log,37283284,2,500.0,500.0,0,4,0.2
4,PSO,2026-09-20_21-38-40.log,37283284,2,500.0,500.0,0,5,0.233333
4,PSO,2026-09-20_21-38-40.log,37283284,2,500.0,500.0,2,51,0.25
4,PSO,2026-09-20_21-38-40.log,37283284,2,500.0,500.0,5,119,0.266667
4,PSO,2026-09-20_21-38-40.log,37283284,2,500.0,500.0,15,311,0.283333
4,Naive,2026-09-20_21-46-27.log,,84,,,0,1,0.183333
4,Naive,2026-09-20_21-46-27.log,,84,,,3,4,0.2
4,Naive,2026-09-20_21-46-27.log,,84,,,4,5,0.233333
4,Naive,2026-09-20_21-46-27.log,,84,,,25,26,0.263889
4,Naive,2026-09-20_21-46-27.log,,84,,,47,48,0.277778
5,PSO,2026-09-20_21-53-24.log,37283284,2,500.0,500.0,0,1,0.166667
5,PSO,2026-09-20_21-53-24.log,37283284,2,500.0,500.0,0,3,0.169444
5,PSO,2026-09-20_21-53-24.log,37283284,2,500.0,500.0,0,4,0.172222
5,PSO,2026-09-20_21-53-24.log,37283284,2,500.0,500.0,0,5,0.194444
5,PSO,2026-09-20_21-53-24.log,37283284,2,500.0,500.0,1,23,0.230556
5,PSO,2026-09-20_21-53-24.log,37283284,2,500.0,500.0,3,65,0.233333
5,PSO,2026-09-20_21-53-24.log,37283284,2,500.0,500.0,13,269,0.238889
5,Naive,2026-09-20_22-01-00.log,,214,,,0,1,0.166667
5,Naive,2026-09-20_22-01-00.log,,214,,,2,3,0.169444
5,Naive,2026-09-20_22-01-00.log,,214,,,3,4,0.172222
5,Naive,2026-09-20_22-01-00.log,,214,,,4,5,0.194444
5,Naive,2026-09-20_22-01-00.log,,214,,,47,48,0.219444
5,Naive,2026-09-20_22-01-00.log,,214,,,228,229,0.233333
6,PSO,2026-09-20_22-07-52.log,37283284,2,500.0,500.0,0,1,0.133333
6,PSO,2026-09-20_22-07-52.log,37283284,2,500.0,500.0,1,30,0.144444
6,PSO,2026-09-20_22-07-52.log,37283284,2,500.0,500.0,2,41,0.147222
6,PSO,2026-09-20_22-07-52.log,37283284,2,500.0,500.0,3,79,0.15
6,Naive,2026-09-20_22-15-03.log,,91,,,0,1,0.133333
6,Naive,2026-09-20_22-15-03.log,,91,,,36,37,0.147222
6,Naive,2026-09-20_22-15-03.log,,91,,,92,93,0.15
6,Naive,2026-09-20_22-15-03.log,,91,,,375,376,0.158333
7,PSO,2026-09-20_22-21-45.log,37283284,2,500.0,500.0,0,1,0.1
7,PSO,2026-09-20_22-21-45.log,37283284,2,500.0,500.0,8,176,0.116667
7,PSO,2026-09-20_22-21-45.log,37283284,2,500.0,500.0,10,203,0.133333
7,Naive,2026-09-20_22-28-58.log,,64,,,0,1,0.1
7,Naive,2026-09-20_22-28-58.log,,64,,,20,21,0.116667
7,Naive,2026-09-20_22-28-58.log,,64,,,70,71,0.130556
7,Naive,2026-09-20_22-28-58.log,,64,,,96,97,0.133333
8,PSO,2026-09-20_22-35-49.log,37283284,2,500.0,500.0,0,1,0.1
8,PSO,2026-09-20_22-35-49.log,37283284,2,500.0,500.0,8,176,0.116667
8,PSO,2026-09-20_22-35-49.log,37283284,2,500.0,500.0,10,203,0.133333
8,Naive,2026-09-20_22-42-56.log,,64,,,0,1,0.1
8,Naive,2026-09-20_22-42-56.log,,64,,,20,21,0.116667
8,Naive,2026-09-20_22-42-56.log,,64,,,70,71,0.133333
9,PSO,2026-09-20_22-49-48.log,37283284,2,500.0,500.0,0,1,0.1
9,PSO,2026-09-20_22-49-48.log,37283284,2,500.0,500.0,2,53,0.108333
9,PSO,2026-09-20_22-49-48.log,37283284,2,500.0,500.0,3,67,0.116667
9,PSO,2026-09-20_22-49-48.log,37283284,2,500.0,500.0,5,101,0.130556
9,PSO,2026-09-20_22-49-48.log,37283284,2,500.0,500.0,10,201,0.133333
9,Naive,2026-09-20_22-56-55.log,,64,,,0,1,0.1
9,Naive,2026-09-20_22-56-55.log,,64,,,20,21,0.108333
9,Naive,2026-09-20_22-56-55.log,,64,,,70,71,0.113889
9,Naive,2026-09-20_22-56-55.log,,64,,,81,82,0.116667
9,Naive,2026-09-20_22-56-55.log,,64,,,96,97,0.122222
10,PSO,2026-09-20_23-03-27.log,1555680,2,500.0,500.0,0,1,0.166667
10,PSO,2026-09-20_23-03-27.log,1555680,2,500.0,500.0,0,3,0.175
10,PSO,2026-09-20_23-03-27.log,1555680,2,500.0,500.0,0,5,0.216667
10,PSO,2026-09-20_23-03-27.log,1555680,2,500.0,500.0,0,6,0.383333
10,PSO,2026-09-20_23-03-27.log,1555680,2,500.0,500.0,3,77,0.388889
10,PSO,2026-09-20_23-03-27.log,1555680,2,500.0,500.0,4,86,0.391667
10,PSO,2026-09-20_23-03-27.log,1555680,2,500.0,500.0,6,138,0.408333
10,PSO,2026-09-20_23-03-27.log,1555680,2,500.0,500.0,10,217,0.413889
10,PSO,2026-09-20_23-03-27.log,1555680,2,500.0,500.0,10,218,0.416667
10,PSO,2026-09-20_23-03-27.log,1555680,2,500.0,500.0,12,260,0.419444
10,Naive,2026-09-20_23-13-02.log,,278,,,0,1,0.166667
10,Naive,2026-09-20_23-13-02.log,,278,,,2,3,0.175
10,Naive,2026-09-20_23-13-02.log,,278,,,4,5,0.216667
10,Naive,2026-09-20_23-13-02.log,,278,,,5,6,0.383333
10,Naive,2026-09-20_23-13-02.log,,278,,,128,129,0.405556
11,PSO,2026-09-20_23-20-55.log,1555680,2,500.0,500.0,0,1,0.0972222
11,PSO,2026-09-20_23-20-55.log,1555680,2,500.0,500.0,0,3,0.15
11,PSO,2026-09-20_23-20-55.log,1555680,2,500.0,500.0,0,6,0.283333
11,PSO,2026-09-20_23-20-55.log,1555680,2,500.0,500.0,1,23,0.305556
11,PSO,2026-09-20_23-20-55.log,1555680,2,500.0,500.0,5,114,0.308333
11,PSO,2026-09-20_23-20-55.log,1555680,2,500.0,500.0,7,149,0.313889
11,PSO,2026-09-20_23-20-55.log,1555680,2,500.0,500.0,8,166,0.316667
11,Naive,2026-09-20_23-29-50.log,,96,,,0,1,0.0972222
11,Naive,2026-09-20_23-29-50.log,,96,,,2,3,0.15
11,Naive,2026-09-20_23-29-50.log,,96,,,5,6,0.283333
11,Naive,2026-09-20_23-29-50.log,,96,,,124,125,0.294444
12,PSO,2026-09-20_23-37-22.log,1555680,2,500.0,500.0,0,1,0.0666667
12,PSO,2026-09-20_23-37-22.log,1555680,2,500.0,500.0,0,3,0.1
12,PSO,2026-09-20_23-37-22.log,1555680,2,500.0,500.0,0,6,0.141667
12,PSO,2026-09-20_23-37-22.log,1555680,2,500.0,500.0,1,23,0.163889
12,PSO,2026-09-20_23-37-22.log,1555680,2,500.0,500.0,3,65,0.180556
12,PSO,2026-09-20_23-37-22.log,1555680,2,500.0,500.0,5,101,0.183333
12,PSO,2026-09-20_23-37-22.log,1555680,2,500.0,500.0,19,387,0.186111
12,Naive,2026-09-20_23-45-46.log,,56,,,0,1,0.0666667
12,Naive,2026-09-20_23-45-46.log,,56,,,2,3,0.1
12,Naive,2026-09-20_23-45-46.log,,56,,,5,6,0.141667
12,Naive,2026-09-20_23-45-46.log,,56,,,28,29,0.15
12,Naive,2026-09-20_23-45-46.log,,56,,,36,37,0.186111
13,PSO,2026-09-20_23-53-07.log,1555680,2,500.0,500.0,0,1,0.1
13,PSO,2026-09-20_23-53-07.log,1555680,2,500.0,500.0,0,5,0.15
13,PSO,2026-09-20_23-53-07.log,1555680,2,500.0,500.0,0,9,0.230556
13,PSO,2026-09-20_23-53-07.log,1555680,2,500.0,500.0,1,25,0.233333
13,PSO,2026-09-20_23-53-07.log,1555680,2,500.0,500.0,2,41,0.25
13,PSO,2026-09-20_23-53-07.log,1555680,2,500.0,500.0,3,69,0.266667
13,Naive,2026-09-21_00-00-58.log,,64,,,0,1,0.1
13,Naive,2026-09-21_00-00-58.log,,64,,,4,5,0.15
13,Naive,2026-09-21_00-00-58.log,,64,,,8,9,0.230556
13,Naive,2026-09-21_00-00-58.log,,64,,,28,29,0.244444
13,Naive,2026-09-21_00-00-58.log,,64,,,46,47,0.266667
14,PSO,2026-09-21_00-07-46.log,1555680,2,500.0,500.0,0,1,0.0944444
14,PSO,2026-09-21_00-07-46.log,1555680,2,500.0,500.0,0,7,0.144444
14,PSO,2026-09-21_00-07-46.log,1555680,2,500.0,500.0,0,9,0.2
14,PSO,2026-09-21_00-07-46.log,1555680,2,500.0,500.0,2,58,0.205556
14,PSO,2026-09-21_00-07-46.log,1555680,2,500.0,500.0,3,79,0.216667
14,PSO,2026-09-21_00-07-46.log,1555680,2,500.0,500.0,9,182,0.219444
14,PSO,2026-09-21_00-07-46.log,1555680,2,500.0,500.0,12,251,0.225
14,PSO,2026-09-21_00-07-46.log,1555680,2,500.0,500.0,12,255,0.230556
14,PSO,2026-09-21_00-07-46.log,1555680,2,500.0,500.0,13,271,0.233333
14,PSO,2026-09-21_00-07-46.log,1555680,2,500.0,500.0,16,336,0.241667
14,Naive,2026-09-21_00-15-18.log,,64,,,0,1,0.0944444
14,Naive,2026-09-21_00-15-18.log,,64,,,6,7,0.144444
14,Naive,2026-09-21_00-15-18.log,,64,,,8,9,0.2
14,Naive,2026-09-21_00-15-18.log,,64,,,46,47,0.233333
15,PSO,2026-09-21_00-21-55.log,1555680,2,500.0,500.0,0,1,0.0833333
15,PSO,2026-09-21_00-21-55.log,1555680,2,500.0,500.0,0,19,0.1
15,PSO,2026-09-21_00-21-55.log,1555680,2,500.0,500.0,2,42,0.116667
15,PSO,2026-09-21_00-21-55.log,1555680,2,500.0,500.0,2,46,0.133333
15,PSO,2026-09-21_00-21-55.log,1555680,2,500.0,500.0,5,104,0.141667
15,PSO,2026-09-21_00-21-55.log,1555680,2,500.0,500.0,8,179,0.147222
15,Naive,2026-09-21_00-29-13.log,,99,,,0,1,0.0833333
15,Naive,2026-09-21_00-29-13.log,,99,,,18,19,0.1
15,Naive,2026-09-21_00-29-13.log,,99,,,28,29,0.122222
15,Naive,2026-09-21_00-29-13.log,,99,,,29,30,0.130556
15,Naive,2026-09-21_00-29-13.log,,99,,,94,95,0.133333
15,Naive,2026-09-21_00-29-13.log,,99,,,213,214,0.15
16,PSO,2026-09-21_00-35-39.log,1555680,2,500.0,500.0,0,1,0.0333333
16,PSO,2026-09-21_00-35-39.log,1555680,2,500.0,500.0,0,2,0.0666667
16,PSO,2026-09-21_00-35-39.log,1555680,2,500.0,500.0,0,5,0.0833333
16,PSO,2026-09-21_00-35-39.log,1555680,2,500.0,500.0,5,119,0.1
16,Naive,2026-09-21_00-42-22.log,,153,,,0,1,0.0333333
16,Naive,2026-09-21_00-42-22.log,,153,,,1,2,0.0666667
16,Naive,2026-09-21_00-42-22.log,,153,,,4,5,0.0833333
16,Naive,2026-09-21_00-42-22.log,,153,,,171,172,0.1
17,PSO,2026-09-21_00-48-43.log,1555680,2,500.0,500.0,0,1,0.0333333
17,PSO,2026-09-21_00-48-43.log,1555680,2,500.0,500.0,0,2,0.0666667
17,PSO,2026-09-21_00-48-43.log,1555680,2,500.0,500.0,0,5,0.0833333
17,PSO,2026-09-21_00-48-43.log,1555680,2,500.0,500.0,5,119,0.1
17,Naive,2026-09-21_00-55-18.log,,153,,,0,1,0.0333333
17,Naive,2026-09-21_00-55-18.log,,153,,,1,2,0.0666667
17,Naive,2026-09-21_00-55-18.log,,153,,,4,5,0.0833333
17,Naive,2026-09-21_00-55-18.log,,153,,,171,172,0.0972222
18,PSO,2026-09-21_01-01-37.log,1555680,2,500.0,500.0,0,1,0.0333333
18,PSO,2026-09-21_01-01-37.log,1555680,2,500.0,500.0,0,2,0.0666667
18,PSO,2026-09-21_01-01-37.log,1555680,2,500.0,500.0,0,5,0.0694444
18,PSO,2026-09-21_01-01-37.log,1555680,2,500.0,500.0,3,71,0.0833333
18,PSO,2026-09-21_01-01-37.log,1555680,2,500.0,500.0,7,159,0.0944444
18,PSO,2026-09-21_01-01-37.log,1555680,2,500.0,500.0,14,299,0.0972222
18,Naive,2026-09-21_01-08-12.log,,129,,,0,1,0.0333333
18,Naive,2026-09-21_01-08-12.log,,129,,,1,2,0.0666667
18,Naive,2026-09-21_01-08-12.log,,129,,,4,5,0.0694444
18,Naive,2026-09-21_01-08-12.log,,129,,,26,27,0.0722222
18,Naive,2026-09-21_01-08-12.log,,129,,,27,28,0.0833333
19,PSO,2026-09-21_01-14-29.log,60466,2,500.0,500.0,0,1,0.266667
19,PSO,2026-09-21_01-14-29.log,60466,2,500.0,500.0,0,2,0.344444
19,PSO,2026-09-21_01-14-29.log,60466,2,500.0,500.0,0,8,0.366667
19,PSO,2026-09-21_01-14-29.log,60466,2,500.0,500.0,0,13,0.386111
19,PSO,2026-09-21_01-14-29.log,60466,2,500.0,500.0,0,15,0.408333
19,PSO,2026-09-21_01-14-29.log,60466,2,500.0,500.0,1,22,0.425
19,PSO,2026-09-21_01-14-29.log,60466,2,500.0,500.0,1,29,0.427778
19,PSO,2026-09-21_01-14-29.log,60466,2,500.0,500.0,2,41,0.441667
19,PSO,2026-09-21_01-14-29.log,60466,2,500.0,500.0,2,48,0.461111
19,PSO,2026-09-21_01-14-29.log,60466,2,500.0,500.0,3,76,0.483333
19,PSO,2026-09-21_01-14-29.log,60466,2,500.0,500.0,5,118,0.486111
19,PSO,2026-09-21_01-14-29.log,60466,2,500.0,500.0,10,210,0.488889
19,PSO,2026-09-21_01-14-29.log,60466,2,500.0,500.0,14,281,0.491667
19,PSO,2026-09-21_01-14-29.log,60466,2,500.0,500.0,15,301,0.5
19,PSO,2026-09-21_01-14-29.log,60466,2,500.0,500.0,16,321,0.502778
19,PSO,2026-09-21_01-14-29.log,60466,2,500.0,500.0,18,367,0.505556
19,PSO,2026-09-21_01-14-29.log,60466,2,500.0,500.0,20,401,0.508333
19,Naive,2026-09-21_01-23-23.log,,159,,,0,1,0.266667
19,Naive,2026-09-21_01-23-23.log,,159,,,1,2,0.344444
19,Naive,2026-09-21_01-23-23.log,,159,,,7,8,0.366667
19,Naive,2026-09-21_01-23-23.log,,159,,,12,13,0.386111
19,Naive,2026-09-21_01-23-23.log,,159,,,14,15,0.408333
19,Naive,2026-09-21_01-23-23.log,,159,,,35,36,0.444444
19,Naive,2026-09-21_01-23-23.log,,159,,,88,89,0.466667
19,Naive,2026-09-21_01-23-23.log,,159,,,144,145,0.505556
20,PSO,2026-09-21_01-31-19.log,60466,2,500.0,500.0,0,1,0.205556
20,PSO,2026-09-21_01-31-19.log,60466,2,500.0,500.0,0,2,0.219444
20,PSO,2026-09-21_01-31-19.log,60466,2,500.0,500.0,0,3,0.230556
20,PSO,2026-09-21_01-31-19.log,60466,2,500.0,500.0,0,5,0.241667
20,PSO,2026-09-21_01-31-19.log,60466,2,500.0,500.0,0,8,0.25
20,PSO,2026-09-21_01-31-19.log,60466,2,500.0,500.0,0,13,0.266667
20,PSO,2026-09-21_01-31-19.log,60466,2,500.0,500.0,1,29,0.277778
20,PSO,2026-09-21_01-31-19.log,60466,2,500.0,500.0,2,58,0.3
20,PSO,2026-09-21_01-31-19.log,60466,2,500.0,500.0,3,66,0.336111
20,PSO,2026-09-21_01-31-19.log,60466,2,500.0,500.0,4,90,0.341667
20,PSO,2026-09-21_01-31-19.log,60466,2,500.0,500.0,5,104,0.391667
20,PSO,2026-09-21_01-31-19.log,60466,2,500.0,500.0,5,113,0.413889
20,PSO,2026-09-21_01-31-19.log,60466,2,500.0,500.0,16,332,0.416667
20,PSO,2026-09-21_01-31-19.log,60466,2,500.0,500.0,20,411,0.427778
20,Naive,2026-09-21_01-40-32.log,,159,,,0,1,0.205556
20,Naive,2026-09-21_01-40-32.log,,159,,,1,2,0.219444
20,Naive,2026-09-21_01-40-32.log,,159,,,2,3,0.230556
20,Naive,2026-09-21_01-40-32.log,,159,,,4,5,0.241667
20,Naive,2026-09-21_01-40-32.log,,159,,,7,8,0.25
20,Naive,2026-09-21_01-40-32.log,,159,,,12,13,0.266667
20,Naive,2026-09-21_01-40-32.log,,159,,,32,33,0.283333
20,Naive,2026-09-21_01-40-32.log,,159,,,110,111,0.302778
20,Naive,2026-09-21_01-40-32.log,,159,,,126,127,0.325
20,Naive,2026-09-21_01-40-32.log,,159,,,144,145,0.372222
21,PSO,2026-09-21_01-48-18.log,60466,2,500.0,500.0,0,1,0.0722222
21,PSO,2026-09-21_01-48-18.log,60466,2,500.0,500.0,0,2,0.113889
21,PSO,2026-09-21_01-48-18.log,60466,2,500.0,500.0,1,29,0.116667
21,PSO,2026-09-21_01-48-18.log,60466,2,500.0,500.0,1,36,0.138889
21,PSO,2026-09-21_01-48-18.log,60466,2,500.0,500.0,2,55,0.147222
21,PSO,2026-09-21_01-48-18.log,60466,2,500.0,500.0,5,115,0.152778
21,PSO,2026-09-21_01-48-18.log,60466,2,500.0,500.0,6,124,0.155556
21,PSO,2026-09-21_01-48-18.log,60466,2,500.0,500.0,7,141,0.166667
21,PSO,2026-09-21_01-48-18.log,60466,2,500.0,500.0,7,152,0.175
21,PSO,2026-09-21_01-48-18.log,60466,2,500.0,500.0,11,232,0.180556
21,PSO,2026-09-21_01-48-18.log,60466,2,500.0,500.0,13,264,0.188889
21,PSO,2026-09-21_01-48-18.log,60466,2,500.0,500.0,20,407,0.194444
21,Naive,2026-09-21_01-56-44.log,,66,,,0,1,0.0722222
21,Naive,2026-09-21_01-56-44.log,,66,,,1,2,0.113889
21,Naive,2026-09-21_01-56-44.log,,66,,,20,21,0.127778
21,Naive,2026-09-21_01-56-44.log,,66,,,40,41,0.130556
21,Naive,2026-09-21_01-56-44.log,,66,,,94,95,0.138889
21,Naive,2026-09-21_01-56-44.log,,66,,,150,151,0.141667
21,Naive,2026-09-21_01-56-44.log,,66,,,276,277,0.147222
22,PSO,2026-09-21_02-04-15.log,60466,2,500.0,500.0,0,1,0.183333
22,PSO,2026-09-21_02-04-15.log,60466,2,500.0,500.0,0,3,0.216667
22,PSO,2026-09-21_02-04-15.log,60466,2,500.0,500.0,0,4,0.233333
22,PSO,2026-09-21_02-04-15.log,60466,2,500.0,500.0,0,6,0.266667
22,PSO,2026-09-21_02-04-15.log,60466,2,500.0,500.0,5,108,0.280556
22,PSO,2026-09-21_02-04-15.log,60466,2,500.0,500.0,8,169,0.283333
22,PSO,2026-09-21_02-04-15.log,60466,2,500.0,500.0,16,340,0.297222
22,PSO,2026-09-21_02-04-15.log,60466,2,500.0,500.0,17,341,0.327778
22,PSO,2026-09-21_02-04-15.log,60466,2,500.0,500.0,17,345,0.333333
22,PSO,2026-09-21_02-04-15.log,60466,2,500.0,500.0,17,354,0.347222
22,PSO,2026-09-21_02-04-15.log,60466,2,500.0,500.0,19,381,0.361111
22,Naive,2026-09-21_02-12-21.log,,72,,,0,1,0.183333
22,Naive,2026-09-21_02-12-21.log,,72,,,2,3,0.216667
22,Naive,2026-09-21_02-12-21.log,,72,,,3,4,0.233333
22,Naive,2026-09-21_02-12-21.log,,72,,,5,6,0.266667
22,Naive,2026-09-21_02-12-21.log,,72,,,68,69,0.280556
22,Naive,2026-09-21_02-12-21.log,,72,,,107,108,0.283333
22,Naive,2026-09-21_02-12-21.log,,72,,,180,181,0.297222
22,Naive,2026-09-21_02-12-21.log,,72,,,284,285,0.316667
23,PSO,2026-09-21_02-19-35.log,60466,2,500.0,500.0,0,1,0.175
23,PSO,2026-09-21_02-19-35.log,60466,2,500.0,500.0,0,4,0.233333
23,PSO,2026-09-21_02-19-35.log,60466,2,500.0,500.0,2,41,0.236111
23,PSO,2026-09-21_02-19-35.log,60466,2,500.0,500.0,2,60,0.238889
23,PSO,2026-09-21_02-19-35.log,60466,2,500.0,500.0,3,62,0.241667
23,PSO,2026-09-21_02-19-35.log,60466,2,500.0,500.0,3,64,0.244444
23,PSO,2026-09-21_02-19-35.log,60466,2,500.0,500.0,3,78,0.25
23,PSO,2026-09-21_02-19-35.log,60466,2,500.0,500.0,13,269,0.252778
23,PSO,2026-09-21_02-19-35.log,60466,2,500.0,500.0,18,368,0.258333
23,Naive,2026-09-21_02-27-30.log,,72,,,0,1,0.175
23,Naive,2026-09-21_02-27-30.log,,72,,,3,4,0.233333
23,Naive,2026-09-21_02-27-30.log,,72,,,32,33,0.247222
23,Naive,2026-09-21_02-27-30.log,,72,,,57,58,0.252778
23,Naive,2026-09-21_02-27-30.log,,72,,,284,285,0.261111
24,PSO,2026-09-21_02-34-34.log,60466,2,500.0,500.0,0,1,0.0916667
24,PSO,2026-09-21_02-34-34.log,60466,2,500.0,500.0,0,4,0.116667
24,PSO,2026-09-21_02-34-34.log,60466,2,500.0,500.0,0,15,0.138889
24,PSO,2026-09-21_02-34-34.log,60466,2,500.0,500.0,1,38,0.141667
24,PSO,2026-09-21_02-34-34.log,60466,2,500.0,500.0,3,62,0.144444
24,PSO,2026-09-21_02-34-34.log,60466,2,500.0,500.0,3,72,0.147222
24,PSO,2026-09-21_02-34-34.log,60466,2,500.0,500.0,3,74,0.15
24,PSO,2026-09-21_02-34-34.log,60466,2,500.0,500.0,4,88,0.172222
24,PSO,2026-09-21_02-34-34.log,60466,2,500.0,500.0,8,172,0.175
24,PSO,2026-09-21_02-34-34.log,60466,2,500.0,500.0,9,194,0.177778
24,PSO,2026-09-21_02-34-34.log,60466,2,500.0,500.0,13,265,0.188889
24,PSO,2026-09-21_02-34-34.log,60466,2,500.0,500.0,16,338,0.191667
24,Naive,2026-09-21_02-42-17.log,,156,,,0,1,0.0916667
24,Naive,2026-09-21_02-42-17.log,,156,,,3,4,0.116667
24,Naive,2026-09-21_02-42-17.log,,156,,,14,15,0.138889
24,Naive,2026-09-21_02-42-17.log,,156,,,32,33,0.158333
24,Naive,2026-09-21_02-42-17.log,,156,,,107,108,0.169444
24,Naive,2026-09-21_02-42-17.log,,156,,,194,195,0.172222
25,PSO,2026-09-21_02-49-15.log,60466,2,500.0,500.0,0,1,0.0666667
25,PSO,2026-09-21_02-49-15.log,60466,2,500.0,500.0,0,3,0.1
25,PSO,2026-09-21_02-49-15.log,60466,2,500.0,500.0,0,5,0.116667
25,PSO,2026-09-21_02-49-15.log,60466,2,500.0,500.0,1,26,0.15
25,PSO,2026-09-21_02-49-15.log,60466,2,500.0,500.0,2,52,0.166667
25,PSO,2026-09-21_02-49-15.log,60466,2,500.0,500.0,4,84,0.2
25,Naive,2026-09-21_02-56-37.log,,47,,,0,1,0.0666667
25,Naive,2026-09-21_02-56-37.log,,47,,,2,3,0.1
25,Naive,2026-09-21_02-56-37.log,,47,,,4,5,0.116667
25,Naive,2026-09-21_02-56-37.log,,47,,,68,69,0.133333
25,Naive,2026-09-21_02-56-37.log,,47,,,82,83,0.15
25,Naive,2026-09-21_02-56-37.log,,47,,,105,106,0.163889
26,PSO,2026-09-21_03-03-10.log,60466,2,500.0,500.0,0,1,0.0666667
26,PSO,2026-09-21_03-03-10.log,60466,2,500.0,500.0,0,3,0.1
26,PSO,2026-09-21_03-03-10.log,60466,2,500.0,500.0,0,5,0.116667
26,PSO,2026-09-21_03-03-10.log,60466,2,500.0,500.0,1,26,0.15
26,PSO,2026-09-21_03-03-10.log,60466,2,500.0,500.0,2,52,0.166667
26,PSO,2026-09-21_03-03-10.log,60466,2,500.0,500.0,4,84,0.191667
26,PSO,2026-09-21_03-03-10.log,60466,2,500.0,500.0,12,248,0.197222
26,PSO,2026-09-21_03-03-10.log,60466,2,500.0,500.0,12,254,0.2
26,Naive,2026-09-21_03-10-30.log,,74,,,0,1,0.0666667
26,Naive,2026-09-21_03-10-30.log,,74,,,2,3,0.1
26,Naive,2026-09-21_03-10-30.log,,74,,,4,5,0.116667
26,Naive,2026-09-21_03-10-30.log,,74,,,68,69,0.133333
26,Naive,2026-09-21_03-10-30.log,,74,,,82,83,0.15
26,Naive,2026-09-21_03-10-30.log,,74,,,105,106,0.163889
26,Naive,2026-09-21_03-10-30.log,,74,,,253,254,0.166667
27,PSO,2026-09-21_03-17-03.log,60466,2,500.0,500.0,0,1,0.0638889
27,PSO,2026-09-21_03-17-03.log,60466,2,500.0,500.0,0,3,0.0666667
27,PSO,2026-09-21_03-17-03.log,60466,2,500.0,500.0,0,5,0.0888889
27,PSO,2026-09-21_03-17-03.log,60466,2,500.0,500.0,0,7,0.113889
27,PSO,2026-09-21_03-17-03.log,60466,2,500.0,500.0,1,24,0.116667
27,PSO,2026-09-21_03-17-03.log,60466,2,500.0,500.0,2,50,0.119444
27,PSO,2026-09-21_03-17-03.log,60466,2,500.0,500.0,3,76,0.122222
27,PSO,2026-09-21_03-17-03.log,60466,2,500.0,500.0,4,84,0.125
27,PSO,2026-09-21_03-17-03.log,60466,2,500.0,500.0,5,107,0.136111
27,PSO,2026-09-21_03-17-03.log,60466,2,500.0,500.0,6,128,0.15
27,PSO,2026-09-21_03-17-03.log,60466,2,500.0,500.0,12,248,0.152778
27,Naive,2026-09-21_03-24-08.log,,44,,,0,1,0.0638889
27,Naive,2026-09-21_03-24-08.log,,44,,,2,3,0.0666667
27,Naive,2026-09-21_03-24-08.log,,44,,,4,5,0.0888889
27,Naive,2026-09-21_03-24-08.log,,44,,,6,7,0.113889
27,Naive,2026-09-21_03-24-08.log,,44,,,68,69,0.127778
27,Naive,2026-09-21_03-24-08.log,,44,,,82,83,0.138889
28,PSO,2026-09-21_03-30-40.log,37283284,3,500.0,500.0,0,1,0.461111
28,PSO,2026-09-21_03-30-40.log,37283284,3,500.0,500.0,0,13,0.477778
28,PSO,2026-09-21_03-30-40.log,37283284,3,500.0,500.0,0,14,0.497222
28,PSO,2026-09-21_03-30-40.log,37283284,3,500.0,500.0,1,39,0.505556
28,PSO,2026-09-21_03-30-40.log,37283284,3,500.0,500.0,2,43,0.508333
28,PSO,2026-09-21_03-30-40.log,37283284,3,500.0,500.0,3,66,0.55
28,PSO,2026-09-21_03-30-40.log,37283284,3,500.0,500.0,3,79,0.558333
28,PSO,2026-09-21_03-30-40.log,37283284,3,500.0,500.0,6,136,0.577778
28,PSO,2026-09-21_03-30-40.log,37283284,3,500.0,500.0,9,200,0.588889
28,PSO,2026-09-21_03-30-40.log,37283284,3,500.0,500.0,10,220,0.616667
28,Naive,2026-09-21_03-41-22.log,,336,,,0,1,0.461111
28,Naive,2026-09-21_03-41-22.log,,336,,,12,13,0.477778
28,Naive,2026-09-21_03-41-22.log,,336,,,13,14,0.497222
28,Naive,2026-09-21_03-41-22.log,,336,,,27,28,0.511111
28,Naive,2026-09-21_03-41-22.log,,336,,,56,57,0.541667
28,Naive,2026-09-21_03-41-22.log,,336,,,74,75,0.55
28,Naive,2026-09-21_03-41-22.log,,336,,,236,237,0.575
29,PSO,2026-09-21_03-50-22.log,37283284,3,500.0,500.0,0,1,0.366667
29,PSO,2026-09-21_03-50-22.log,37283284,3,500.0,500.0,2,59,0.380556
29,PSO,2026-09-21_03-50-22.log,37283284,3,500.0,500.0,5,102,0.4
29,PSO,2026-09-21_03-50-22.log,37283284,3,500.0,500.0,12,249,0.402778
29,PSO,2026-09-21_03-50-22.log,37283284,3,500.0,500.0,12,252,0.405556
29,PSO,2026-09-21_03-50-22.log,37283284,3,500.0,500.0,13,276,0.413889
29,PSO,2026-09-21_03-50-22.log,37283284,3,500.0,500.0,14,281,0.436111
29,Naive,2026-09-21_03-59-44.log,,190,,,0,1,0.366667
29,Naive,2026-09-21_03-59-44.log,,190,,,23,24,0.369444
29,Naive,2026-09-21_03-59-44.log,,190,,,46,47,0.377778
29,Naive,2026-09-21_03-59-44.log,,190,,,47,48,0.383333
29,Naive,2026-09-21_03-59-44.log,,190,,,119,120,0.394444
29,Naive,2026-09-21_03-59-44.log,,190,,,166,167,0.416667
30,PSO,2026-09-21_04-08-18.log,37283284,3,500.0,500.0,0,1,0.130556
30,PSO,2026-09-21_04-08-18.log,37283284,3,500.0,500.0,0,3,0.194444
30,PSO,2026-09-21_04-08-18.log,37283284,3,500.0,500.0,1,33,0.211111
30,PSO,2026-09-21_04-08-18.log,37283284,3,500.0,500.0,3,72,0.236111
30,PSO,2026-09-21_04-08-18.log,37283284,3,500.0,500.0,4,93,0.238889
30,PSO,2026-09-21_04-08-18.log,37283284,3,500.0,500.0,5,110,0.247222
30,PSO,2026-09-21_04-08-18.log,37283284,3,500.0,500.0,6,132,0.261111
30,PSO,2026-09-21_04-08-18.log,37283284,3,500.0,500.0,11,238,0.272222
30,PSO,2026-09-21_04-08-18.log,37283284,3,500.0,500.0,14,282,0.275
30,PSO,2026-09-21_04-08-18.log,37283284,3,500.0,500.0,20,402,0.280556
30,Naive,2026-09-21_04-17-25.log,,332,,,0,1,0.130556
30,Naive,2026-09-21_04-17-25.log,,332,,,2,3,0.194444
30,Naive,2026-09-21_04-17-25.log,,332,,,46,47,0.219444
30,Naive,2026-09-21_04-17-25.log,,332,,,74,75,0.230556
30,Naive,2026-09-21_04-17-25.log,,332,,,166,167,0.236111
30,Naive,2026-09-21_04-17-25.log,,332,,,245,246,0.244444
30,Naive,2026-09-21_04-17-25.log,,332,,,368,369,0.275
31,PSO,2026-09-21_04-25-27.log,37283284,3,500.0,500.0,0,1,0.2
31,PSO,2026-09-21_04-25-27.log,37283284,3,500.0,500.0,0,5,0.272222
31,PSO,2026-09-21_04-25-27.log,37283284,3,500.0,500.0,0,12,0.316667
31,PSO,2026-09-21_04-25-27.log,37283284,3,500.0,500.0,1,21,0.366667
31,PSO,2026-09-21_04-25-27.log,37283284,3,500.0,500.0,3,63,0.391667
31,PSO,2026-09-21_04-25-27.log,37283284,3,500.0,500.0,4,93,0.416667
31,PSO,2026-09-21_04-25-27.log,37283284,3,500.0,500.0,6,134,0.425
31,PSO,2026-09-21_04-25-27.log,37283284,3,500.0,500.0,7,142,0.455556
31,PSO,2026-09-21_04-25-27.log,37283284,3,500.0,500.0,11,228,0.461111
31,PSO,2026-09-21_04-25-27.log,37283284,3,500.0,500.0,12,259,0.475
31,PSO,2026-09-21_04-25-27.log,37283284,3,500.0,500.0,18,375,0.477778
31,Naive,2026-09-21_04-34-51.log,,75,,,0,1,0.2
31,Naive,2026-09-21_04-34-51.log,,75,,,4,5,0.272222
31,Naive,2026-09-21_04-34-51.log,,75,,,11,12,0.316667
31,Naive,2026-09-21_04-34-51.log,,75,,,21,22,0.325
31,Naive,2026-09-21_04-34-51.log,,75,,,40,41,0.377778
31,Naive,2026-09-21_04-34-51.log,,75,,,88,89,0.4
32,PSO,2026-09-21_04-42-28.log,37283284,3,500.0,500.0,0,1,0.133333
32,PSO,2026-09-21_04-42-28.log,37283284,3,500.0,500.0,0,2,0.152778
32,PSO,2026-09-21_04-42-28.log,37283284,3,500.0,500.0,0,4,0.166667
32,PSO,2026-09-21_04-42-28.log,37283284,3,500.0,500.0,0,5,0.258333
32,PSO,2026-09-21_04-42-28.log,37283284,3,500.0,500.0,0,12,0.269444
32,PSO,2026-09-21_04-42-28.log,37283284,3,500.0,500.0,1,21,0.316667
32,PSO,2026-09-21_04-42-28.log,37283284,3,500.0,500.0,3,80,0.327778
32,PSO,2026-09-21_04-42-28.log,37283284,3,500.0,500.0,5,114,0.347222
32,PSO,2026-09-21_04-42-28.log,37283284,3,500.0,500.0,6,140,0.352778
32,PSO,2026-09-21_04-42-28.log,37283284,3,500.0,500.0,9,188,0.361111
32,PSO,2026-09-21_04-42-28.log,37283284,3,500.0,500.0,10,218,0.363889
32,PSO,2026-09-21_04-42-28.log,37283284,3,500.0,500.0,11,240,0.372222
32,Naive,2026-09-21_04-51-08.log,,145,,,0,1,0.133333
32,Naive,2026-09-21_04-51-08.log,,145,,,1,2,0.152778
32,Naive,2026-09-21_04-51-08.log,,145,,,3,4,0.166667
32,Naive,2026-09-21_04-51-08.log,,145,,,4,5,0.258333
32,Naive,2026-09-21_04-51-08.log,,145,,,11,12,0.269444
32,Naive,2026-09-21_04-51-08.log,,145,,,21,22,0.272222
32,Naive,2026-09-21_04-51-08.log,,145,,,32,33,0.283333
32,Naive,2026-09-21_04-51-08.log,,145,,,40,41,0.327778
32,Naive,2026-09-21_04-51-08.log,,145,,,256,257,0.330556
33,PSO,2026-09-21_04-58-31.log,37283284,3,500.0,500.0,0,1,0.127778
33,PSO,2026-09-21_04-58-31.log,37283284,3,500.0,500.0,0,5,0.158333
33,PSO,2026-09-21_04-58-31.log,37283284,3,500.0,500.0,0,12,0.161111
33,PSO,2026-09-21_04-58-31.log,37283284,3,500.0,500.0,1,28,0.163889
33,PSO,2026-09-21_04-58-31.log,37283284,3,500.0,500.0,1,33,0.175
33,PSO,2026-09-21_04-58-31.log,37283284,3,500.0,500.0,1,40,0.183333
33,PSO,2026-09-21_04-58-31.log,37283284,3,500.0,500.0,3,73,0.186111
33,PSO,2026-09-21_04-58-31.log,37283284,3,500.0,500.0,3,79,0.191667
33,PSO,2026-09-21_04-58-31.log,37283284,3,500.0,500.0,4,100,0.2
33,PSO,2026-09-21_04-58-31.log,37283284,3,500.0,500.0,5,115,0.205556
33,PSO,2026-09-21_04-58-31.log,37283284,3,500.0,500.0,5,120,0.208333
33,PSO,2026-09-21_04-58-31.log,37283284,3,500.0,500.0,6,140,0.244444
33,PSO,2026-09-21_04-58-31.log,37283284,3,500.0,500.0,7,160,0.252778
33,PSO,2026-09-21_04-58-31.log,37283284,3,500.0,500.0,8,167,0.258333
33,PSO,2026-09-21_04-58-31.log,37283284,3,500.0,500.0,9,199,0.261111
33,PSO,2026-09-21_04-58-31.log,37283284,3,500.0,500.0,13,275,0.286111
33,PSO,2026-09-21_04-58-31.log,37283284,3,500.0,500.0,19,395,0.291667
33,Naive,2026-09-21_05-06-36.log,,90,,,0,1,0.127778
33,Naive,2026-09-21_05-06-36.log,,90,,,4,5,0.158333
33,Naive,2026-09-21_05-06-36.log,,90,,,11,12,0.161111
33,Naive,2026-09-21_05-06-36.log,,90,,,21,22,0.197222
33,Naive,2026-09-21_05-06-36.log,,90,,,328,329,0.222222
33,Naive,2026-09-21_05-06-36.log,,90,,,357,358,0.225
34,PSO,2026-09-21_05-13-37.log,37283284,3,500.0,500.0,0,1,0.116667
34,PSO,2026-09-21_05-13-37.log,37283284,3,500.0,500.0,0,7,0.133333
34,PSO,2026-09-21_05-13-37.log,37283284,3,500.0,500.0,0,14,0.15
34,PSO,2026-09-21_05-13-37.log,37283284,3,500.0,500.0,4,81,0.177778
34,PSO,2026-09-21_05-13-37.log,37283284,3,500.0,500.0,5,108,0.180556
34,PSO,2026-09-21_05-13-37.log,37283284,3,500.0,500.0,9,182,0.216667
34,Naive,2026-09-21_05-20-52.log,,56,,,0,1,0.116667
34,Naive,2026-09-21_05-20-52.log,,56,,,6,7,0.133333
34,Naive,2026-09-21_05-20-52.log,,56,,,13,14,0.15
34,Naive,2026-09-21_05-20-52.log,,56,,,163,164,0.155556
34,Naive,2026-09-21_05-20-52.log,,56,,,230,231,0.166667
34,Naive,2026-09-21_05-20-52.log,,56,,,233,234,0.175
35,PSO,2026-09-21_05-27-34.log,37283284,3,500.0,500.0,0,1,0.116667
35,PSO,2026-09-21_05-27-34.log,37283284,3,500.0,500.0,0,7,0.133333
35,PSO,2026-09-21_05-27-34.log,37283284,3,500.0,500.0,0,14,0.15
35,PSO,2026-09-21_05-27-34.log,37283284,3,500.0,500.0,4,81,0.183333
35,PSO,2026-09-21_05-27-34.log,37283284,3,500.0,500.0,6,123,0.197222
35,PSO,2026-09-21_05-27-34.log,37283284,3,500.0,500.0,13,261,0.2
35,Naive,2026-09-21_05-34-46.log,,56,,,0,1,0.116667
35,Naive,2026-09-21_05-34-46.log,,56,,,6,7,0.133333
35,Naive,2026-09-21_05-34-46.log,,56,,,13,14,0.15
35,Naive,2026-09-21_05-34-46.log,,56,,,163,164,0.155556
35,Naive,2026-09-21_05-34-46.log,,56,,,230,231,0.166667
35,Naive,2026-09-21_05-34-46.log,,56,,,233,234,0.172222
36,PSO,2026-09-21_05-41-22.log,37283284,3,500.0,500.0,0,1,0.108333
36,PSO,2026-09-21_05-41-22.log,37283284,3,500.0,500.0,0,7,0.133333
36,PSO,2026-09-21_05-41-22.log,37283284,3,500.0,500.0,0,14,0.15
36,Naive,2026-09-21_05-48-23.log,,73,,,0,1,0.108333
36,Naive,2026-09-21_05-48-23.log,,73,,,6,7,0.133333
36,Naive,2026-09-21_05-48-23.log,,73,,,13,14,0.15
37,PSO,2026-09-21_05-54-59.log,1555680,3,500.0,500.0,0,1,0.166667
37,PSO,2026-09-21_05-54-59.log,1555680,3,500.0,500.0,0,2,0.338889
37,PSO,2026-09-21_05-54-59.log,1555680,3,500.0,500.0,0,5,0.483333
37,PSO,2026-09-21_05-54-59.log,1555680,3,500.0,500.0,1,26,0.519444
37,PSO,2026-09-21_05-54-59.log,1555680,3,500.0,500.0,3,65,0.538889
37,PSO,2026-09-21_05-54-59.log,1555680,3,500.0,500.0,5,103,0.552778
37,PSO,2026-09-21_05-54-59.log,1555680,3,500.0,500.0,6,122,0.558333
37,PSO,2026-09-21_05-54-59.log,1555680,3,500.0,500.0,6,137,0.566667
37,PSO,2026-09-21_05-54-59.log,1555680,3,500.0,500.0,7,157,0.569444
37,PSO,2026-09-21_05-54-59.log,1555680,3,500.0,500.0,8,173,0.586111
37,PSO,2026-09-21_05-54-59.log,1555680,3,500.0,500.0,9,188,0.594444
37,Naive,2026-09-21_06-06-08.log,,175,,,0,1,0.166667
37,Naive,2026-09-21_06-06-08.log,,175,,,1,2,0.338889
37,Naive,2026-09-21_06-06-08.log,,175,,,4,5,0.483333
37,Naive,2026-09-21_06-06-08.log,,175,,,21,22,0.513889
37,Naive,2026-09-21_06-06-08.log,,175,,,45,46,0.538889
37,Naive,2026-09-21_06-06-08.log,,175,,,82,83,0.558333
38,PSO,2026-09-21_06-15-22.log,1555680,3,500.0,500.0,0,1,0.113889
38,PSO,2026-09-21_06-15-22.log,1555680,3,500.0,500.0,0,2,0.25
38,PSO,2026-09-21_06-15-22.log,1555680,3,500.0,500.0,0,3,0.263889
38,PSO,2026-09-21_06-15-22.log,1555680,3,500.0,500.0,0,4,0.266667
38,PSO,2026-09-21_06-15-22.log,1555680,3,500.0,500.0,0,5,0.333333
38,PSO,2026-09-21_06-15-22.log,1555680,3,500.0,500.0,1,27,0.391667
38,PSO,2026-09-21_06-15-22.log,1555680,3,500.0,500.0,7,150,0.413889
38,PSO,2026-09-21_06-15-22.log,1555680,3,500.0,500.0,11,238,0.427778
38,Naive,2026-09-21_06-25-44.log,,361,,,0,1,0.113889
38,Naive,2026-09-21_06-25-44.log,,361,,,1,2,0.25
38,Naive,2026-09-21_06-25-44.log,,361,,,2,3,0.263889
38,Naive,2026-09-21_06-25-44.log,,361,,,3,4,0.266667
38,Naive,2026-09-21_06-25-44.log,,361,,,4,5,0.333333
38,Naive,2026-09-21_06-25-44.log,,361,,,21,22,0.363889
38,Naive,2026-09-21_06-25-44.log,,361,,,22,23,0.380556
38,Naive,2026-09-21_06-25-44.log,,361,,,76,77,0.408333
39,PSO,2026-09-21_06-34-31.log,1555680,3,500.0,500.0,0,1,0.0638889
39,PSO,2026-09-21_06-34-31.log,1555680,3,500.0,500.0,0,2,0.0861111
39,PSO,2026-09-21_06-34-31.log,1555680,3,500.0,500.0,0,3,0.1
39,PSO,2026-09-21_06-34-31.log,1555680,3,500.0,500.0,0,4,0.183333
39,PSO,2026-09-21_06-34-31.log,1555680,3,500.0,500.0,0,13,0.233333
39,PSO,2026-09-21_06-34-31.log,1555680,3,500.0,500.0,2,45,0.236111
39,PSO,2026-09-21_06-34-31.log,1555680,3,500.0,500.0,3,61,0.255556
39,PSO,2026-09-21_06-34-31.log,1555680,3,500.0,500.0,3,72,0.263889
39,PSO,2026-09-21_06-34-31.log,1555680,3,500.0,500.0,7,145,0.266667
39,PSO,2026-09-21_06-34-31.log,1555680,3,500.0,500.0,9,189,0.269444
39,PSO,2026-09-21_06-34-31.log,1555680,3,500.0,500.0,13,269,0.272222
39,PSO,2026-09-21_06-34-31.log,1555680,3,500.0,500.0,14,290,0.277778
39,PSO,2026-09-21_06-34-31.log,1555680,3,500.0,500.0,16,329,0.286111
39,Naive,2026-09-21_06-43-38.log,,75,,,0,1,0.0638889
39,Naive,2026-09-21_06-43-38.log,,75,,,1,2,0.0861111
39,Naive,2026-09-21_06-43-38.log,,75,,,2,3,0.1
39,Naive,2026-09-21_06-43-38.log,,75,,,3,4,0.183333
39,Naive,2026-09-21_06-43-38.log,,75,,,12,13,0.233333
39,Naive,2026-09-21_06-43-38.log,,75,,,42,43,0.25
39,Naive,2026-09-21_06-43-38.log,,75,,,155,156,0.277778
40,PSO,2026-09-21_06-51-45.log,1555680,3,500.0,500.0,0,1,0.15
40,PSO,2026-09-21_06-51-45.log,1555680,3,500.0,500.0,0,2,0.3
40,PSO,2026-09-21_06-51-45.log,1555680,3,500.0,500.0,0,10,0.330556
40,PSO,2026-09-21_06-51-45.log,1555680,3,500.0,500.0,1,31,0.333333
40,PSO,2026-09-21_06-51-45.log,1555680,3,500.0,500.0,2,59,0.35
40,PSO,2026-09-21_06-51-45.log,1555680,3,500.0,500.0,3,62,0.383333
40,PSO,2026-09-21_06-51-45.log,1555680,3,500.0,500.0,10,220,0.391667
40,PSO,2026-09-21_06-51-45.log,1555680,3,500.0,500.0,13,270,0.4
40,PSO,2026-09-21_06-51-45.log,1555680,3,500.0,500.0,16,339,0.405556
40,PSO,2026-09-21_06-51-45.log,1555680,3,500.0,500.0,18,371,0.408333
40,Naive,2026-09-21_07-00-37.log,,77,,,0,1,0.15
40,Naive,2026-09-21_07-00-37.log,,77,,,1,2,0.3
40,Naive,2026-09-21_07-00-37.log,,77,,,9,10,0.330556
40,Naive,2026-09-21_07-00-37.log,,77,,,28,29,0.347222
40,Naive,2026-09-21_07-00-37.log,,77,,,29,30,0.383333
40,Naive,2026-09-21_07-00-37.log,,77,,,208,209,0.413889
41,PSO,2026-09-21_07-08-10.log,1555680,3,500.0,500.0,0,1,0.113889
41,PSO,2026-09-21_07-08-10.log,1555680,3,500.0,500.0,0,2,0.261111
41,PSO,2026-09-21_07-08-10.log,1555680,3,500.0,500.0,0,10,0.283333
41,PSO,2026-09-21_07-08-10.log,1555680,3,500.0,500.0,1,31,0.286111
41,PSO,2026-09-21_07-08-10.log,1555680,3,500.0,500.0,2,59,0.302778
41,PSO,2026-09-21_07-08-10.log,1555680,3,500.0,500.0,3,62,0.316667
41,PSO,2026-09-21_07-08-10.log,1555680,3,500.0,500.0,3,65,0.322222
41,PSO,2026-09-21_07-08-10.log,1555680,3,500.0,500.0,5,108,0.336111
41,PSO,2026-09-21_07-08-10.log,1555680,3,500.0,500.0,6,122,0.361111
41,PSO,2026-09-21_07-08-10.log,1555680,3,500.0,500.0,8,162,0.363889
41,PSO,2026-09-21_07-08-10.log,1555680,3,500.0,500.0,9,184,0.366667
41,PSO,2026-09-21_07-08-10.log,1555680,3,500.0,500.0,13,280,0.369444
41,PSO,2026-09-21_07-08-10.log,1555680,3,500.0,500.0,18,375,0.372222
41,Naive,2026-09-21_07-16-59.log,,84,,,0,1,0.113889
41,Naive,2026-09-21_07-16-59.log,,84,,,1,2,0.261111
41,Naive,2026-09-21_07-16-59.log,,84,,,9,10,0.283333
41,Naive,2026-09-21_07-16-59.log,,84,,,24,25,0.3
41,Naive,2026-09-21_07-16-59.log,,84,,,29,30,0.35
41,Naive,2026-09-21_07-16-59.log,,84,,,68,69,0.352778
42,PSO,2026-09-21_07-24-19.log,1555680,3,500.0,500.0,0,1,0.0833333
42,PSO,2026-09-21_07-24-19.log,1555680,3,500.0,500.0,0,2,0.144444
42,PSO,2026-09-21_07-24-19.log,1555680,3,500.0,500.0,0,17,0.169444
42,PSO,2026-09-21_07-24-19.log,1555680,3,500.0,500.0,1,30,0.175
42,PSO,2026-09-21_07-24-19.log,1555680,3,500.0,500.0,1,32,0.180556
42,PSO,2026-09-21_07-24-19.log,1555680,3,500.0,500.0,2,45,0.191667
42,PSO,2026-09-21_07-24-19.log,1555680,3,500.0,500.0,3,63,0.197222
42,PSO,2026-09-21_07-24-19.log,1555680,3,500.0,500.0,3,68,0.222222
42,PSO,2026-09-21_07-24-19.log,1555680,3,500.0,500.0,6,124,0.236111
42,PSO,2026-09-21_07-24-19.log,1555680,3,500.0,500.0,6,138,0.238889
42,PSO,2026-09-21_07-24-19.log,1555680,3,500.0,500.0,13,276,0.25
42,Naive,2026-09-21_07-32-33.log,,40,,,0,1,0.0833333
42,Naive,2026-09-21_07-32-33.log,,40,,,1,2,0.144444
42,Naive,2026-09-21_07-32-33.log,,40,,,16,17,0.169444
42,Naive,2026-09-21_07-32-33.log,,40,,,24,25,0.177778
42,Naive,2026-09-21_07-32-33.log,,40,,,53,54,0.186111
42,Naive,2026-09-21_07-32-33.log,,40,,,68,69,0.219444
42,Naive,2026-09-21_07-32-33.log,,40,,,323,324,0.255556
43,PSO,2026-09-21_07-39-28.log,1555680,3,500.0,500.0,0,1,0.0666667
43,PSO,2026-09-21_07-39-28.log,1555680,3,500.0,500.0,0,4,0.0833333
43,PSO,2026-09-21_07-39-28.log,1555680,3,500.0,500.0,0,7,0.1
43,PSO,2026-09-21_07-39-28.log,1555680,3,500.0,500.0,4,93,0.116667
43,PSO,2026-09-21_07-39-28.log,1555680,3,500.0,500.0,4,100,0.15
43,PSO,2026-09-21_07-39-28.log,1555680,3,500.0,500.0,10,212,0.163889
43,PSO,2026-09-21_07-39-28.log,1555680,3,500.0,500.0,11,231,0.166667
43,Naive,2026-09-21_07-46-41.log,,110,,,0,1,0.0666667
43,Naive,2026-09-21_07-46-41.log,,110,,,3,4,0.0833333
43,Naive,2026-09-21_07-46-41.log,,110,,,6,7,0.1
43,Naive,2026-09-21_07-46-41.log,,110,,,36,37,0.133333
43,Naive,2026-09-21_07-46-41.log,,110,,,57,58,0.15
43,Naive,2026-09-21_07-46-41.log,,110,,,131,132,0.152778
43,Naive,2026-09-21_07-46-41.log,,110,,,289,290,0.183333
44,PSO,2026-09-21_07-53-13.log,1555680,3,500.0,500.0,0,1,0.0666667
44,PSO,2026-09-21_07-53-13.log,1555680,3,500.0,500.0,0,4,0.0833333
44,PSO,2026-09-21_07-53-13.log,1555680,3,500.0,500.0,0,7,0.1
44,PSO,2026-09-21_07-53-13.log,1555680,3,500.0,500.0,4,93,0.116667
44,PSO,2026-09-21_07-53-13.log,1555680,3,500.0,500.0,4,100,0.15
44,PSO,2026-09-21_07-53-13.log,1555680,3,500.0,500.0,10,212,0.163889
44,PSO,2026-09-21_07-53-13.log,1555680,3,500.0,500.0,11,231,0.166667
44,Naive,2026-09-21_08-00-21.log,,110,,,0,1,0.0666667
44,Naive,2026-09-21_08-00-21.log,,110,,,3,4,0.0833333
44,Naive,2026-09-21_08-00-21.log,,110,,,6,7,0.1
44,Naive,2026-09-21_08-00-21.log,,110,,,36,37,0.133333
44,Naive,2026-09-21_08-00-21.log,,110,,,57,58,0.15
44,Naive,2026-09-21_08-00-21.log,,110,,,131,132,0.163889
44,Naive,2026-09-21_08-00-21.log,,110,,,289,290,0.183333
45,PSO,2026-09-21_08-06-48.log,1555680,3,500.0,500.0,0,1,0.0666667
45,PSO,2026-09-21_08-06-48.log,1555680,3,500.0,500.0,0,4,0.0833333
45,PSO,2026-09-21_08-06-48.log,1555680,3,500.0,500.0,0,7,0.1
45,PSO,2026-09-21_08-06-48.log,1555680,3,500.0,500.0,4,100,0.15
45,Naive,2026-09-21_08-13-50.log,,134,,,0,1,0.0666667
45,Naive,2026-09-21_08-13-50.log,,134,,,3,4,0.0833333
45,Naive,2026-09-21_08-13-50.log,,134,,,6,7,0.1
45,Naive,2026-09-21_08-13-50.log,,134,,,43,44,0.133333
45,Naive,2026-09-21_08-13-50.log,,134,,,134,135,0.147222
46,PSO,2026-09-21_08-20-13.log,60466,3,500.0,500.0,0,1,0.383333
46,PSO,2026-09-21_08-20-13.log,60466,3,500.0,500.0,0,3,0.491667
46,PSO,2026-09-21_08-20-13.log,60466,3,500.0,500.0,0,16,0.502778
46,PSO,2026-09-21_08-20-13.log,60466,3,500.0,500.0,0,20,0.508333
46,PSO,2026-09-21_08-20-13.log,60466,3,500.0,500.0,2,41,0.516667
46,PSO,2026-09-21_08-20-13.log,60466,3,500.0,500.0,4,88,0.533333
46,PSO,2026-09-21_08-20-13.log,60466,3,500.0,500.0,6,121,0.563889
46,PSO,2026-09-21_08-20-13.log,60466,3,500.0,500.0,7,153,0.605556
46,PSO,2026-09-21_08-20-13.log,60466,3,500.0,500.0,11,222,0.616667
46,PSO,2026-09-21_08-20-13.log,60466,3,500.0,500.0,12,258,0.627778
46,PSO,2026-09-21_08-20-13.log,60466,3,500.0,500.0,15,312,0.630556
46,PSO,2026-09-21_08-20-13.log,60466,3,500.0,500.0,17,350,0.638889
46,PSO,2026-09-21_08-20-13.log,60466,3,500.0,500.0,19,387,0.65
46,Naive,2026-09-21_08-30-47.log,,245,,,0,1,0.383333
46,Naive,2026-09-21_08-30-47.log,,245,,,2,3,0.491667
46,Naive,2026-09-21_08-30-47.log,,245,,,15,16,0.502778
46,Naive,2026-09-21_08-30-47.log,,245,,,19,20,0.508333
46,Naive,2026-09-21_08-30-47.log,,245,,,50,51,0.533333
46,Naive,2026-09-21_08-30-47.log,,245,,,112,113,0.538889
46,Naive,2026-09-21_08-30-47.log,,245,,,220,221,0.544444
46,Naive,2026-09-21_08-30-47.log,,245,,,393,394,0.597222
47,PSO,2026-09-21_08-40-02.log,60466,3,500.0,500.0,0,1,0.280556
47,PSO,2026-09-21_08-40-02.log,60466,3,500.0,500.0,0,3,0.405556
47,PSO,2026-09-21_08-40-02.log,60466,3,500.0,500.0,2,60,0.425
47,PSO,2026-09-21_08-40-02.log,60466,3,500.0,500.0,3,61,0.427778
47,PSO,2026-09-21_08-40-02.log,60466,3,500.0,500.0,3,62,0.455556
47,PSO,2026-09-21_08-40-02.log,60466,3,500.0,500.0,8,164,0.466667
47,PSO,2026-09-21_08-40-02.log,60466,3,500.0,500.0,8,171,0.472222
47,PSO,2026-09-21_08-40-02.log,60466,3,500.0,500.0,10,213,0.486111
47,PSO,2026-09-21_08-40-02.log,60466,3,500.0,500.0,15,314,0.488889
47,PSO,2026-09-21_08-40-02.log,60466,3,500.0,500.0,16,321,0.494444
47,Naive,2026-09-21_08-50-17.log,,184,,,0,1,0.280556
47,Naive,2026-09-21_08-50-17.log,,184,,,2,3,0.405556
47,Naive,2026-09-21_08-50-17.log,,184,,,95,96,0.425
47,Naive,2026-09-21_08-50-17.log,,184,,,112,113,0.427778
47,Naive,2026-09-21_08-50-17.log,,184,,,172,173,0.452778
47,Naive,2026-09-21_08-50-17.log,,184,,,220,221,0.480556
48,PSO,2026-09-21_08-59-05.log,60466,3,500.0,500.0,0,1,0.122222
48,PSO,2026-09-21_08-59-05.log,60466,3,500.0,500.0,0,3,0.169444
48,PSO,2026-09-21_08-59-05.log,60466,3,500.0,500.0,0,7,0.183333
48,PSO,2026-09-21_08-59-05.log,60466,3,500.0,500.0,1,31,0.188889
48,PSO,2026-09-21_08-59-05.log,60466,3,500.0,500.0,2,46,0.191667
48,PSO,2026-09-21_08-59-05.log,60466,3,500.0,500.0,2,47,0.208333
48,PSO,2026-09-21_08-59-05.log,60466,3,500.0,500.0,7,146,0.211111
48,PSO,2026-09-21_08-59-05.log,60466,3,500.0,500.0,8,166,0.213889
48,PSO,2026-09-21_08-59-05.log,60466,3,500.0,500.0,10,206,0.216667
48,PSO,2026-09-21_08-59-05.log,60466,3,500.0,500.0,12,245,0.244444
48,PSO,2026-09-21_08-59-05.log,60466,3,500.0,500.0,20,407,0.252778
48,Naive,2026-09-21_09-08-04.log,,168,,,0,1,0.122222
48,Naive,2026-09-21_09-08-04.log,,168,,,2,3,0.169444
48,Naive,2026-09-21_09-08-04.log,,168,,,6,7,0.183333
48,Naive,2026-09-21_09-08-04.log,,168,,,40,41,0.191667
48,Naive,2026-09-21_09-08-04.log,,168,,,46,47,0.208333
48,Naive,2026-09-21_09-08-04.log,,168,,,95,96,0.227778
48,Naive,2026-09-21_09-08-04.log,,168,,,172,173,0.236111
49,PSO,2026-09-21_09-16-23.log,60466,3,500.0,500.0,0,1,0.233333
49,PSO,2026-09-21_09-16-23.log,60466,3,500.0,500.0,0,3,0.244444
49,PSO,2026-09-21_09-16-23.log,60466,3,500.0,500.0,0,11,0.277778
49,PSO,2026-09-21_09-16-23.log,60466,3,500.0,500.0,0,13,0.302778
49,PSO,2026-09-21_09-16-23.log,60466,3,500.0,500.0,0,15,0.383333
49,PSO,2026-09-21_09-16-23.log,60466,3,500.0,500.0,2,44,0.4
49,PSO,2026-09-21_09-16-23.log,60466,3,500.0,500.0,2,45,0.45
49,PSO,2026-09-21_09-16-23.log,60466,3,500.0,500.0,4,82,0.461111
49,PSO,2026-09-21_09-16-23.log,60466,3,500.0,500.0,4,93,0.466667
49,PSO,2026-09-21_09-16-23.log,60466,3,500.0,500.0,8,161,0.483333
49,PSO,2026-09-21_09-16-23.log,60466,3,500.0,500.0,9,188,0.497222
49,PSO,2026-09-21_09-16-23.log,60466,3,500.0,500.0,11,221,0.511111
49,PSO,2026-09-21_09-16-23.log,60466,3,500.0,500.0,14,281,0.513889
49,Naive,2026-09-21_09-26-29.log,,135,,,0,1,0.233333
49,Naive,2026-09-21_09-26-29.log,,135,,,2,3,0.244444
49,Naive,2026-09-21_09-26-29.log,,135,,,10,11,0.277778
49,Naive,2026-09-21_09-26-29.log,,135,,,12,13,0.302778
49,Naive,2026-09-21_09-26-29.log,,135,,,14,15,0.383333
49,Naive,2026-09-21_09-26-29.log,,135,,,77,78,0.427778
49,Naive,2026-09-21_09-26-29.log,,135,,,88,89,0.438889
49,Naive,2026-09-21_09-26-29.log,,135,,,110,111,0.463889
50,PSO,2026-09-21_09-34-32.log,60466,3,500.0,500.0,0,1,0.213889
50,PSO,2026-09-21_09-34-32.log,60466,3,500.0,500.0,0,4,0.222222
50,PSO,2026-09-21_09-34-32.log,60466,3,500.0,500.0,0,13,0.247222
50,PSO,2026-09-21_09-34-32.log,60466,3,500.0,500.0,0,15,0.327778
50,PSO,2026-09-21_09-34-32.log,60466,3,500.0,500.0,2,45,0.408333
50,PSO,2026-09-21_09-34-32.log,60466,3,500.0,500.0,4,88,0.425
50,PSO,2026-09-21_09-34-32.log,60466,3,500.0,500.0,7,149,0.427778
50,PSO,2026-09-21_09-34-32.log,60466,3,500.0,500.0,7,157,0.433333
50,PSO,2026-09-21_09-34-32.log,60466,3,500.0,500.0,8,162,0.45
50,Naive,2026-09-21_09-44-18.log,,27,,,0,1,0.213889
50,Naive,2026-09-21_09-44-18.log,,27,,,3,4,0.222222
50,Naive,2026-09-21_09-44-18.log,,27,,,12,13,0.247222
50,Naive,2026-09-21_09-44-18.log,,27,,,14,15,0.327778
50,Naive,2026-09-21_09-44-18.log,,27,,,74,75,0.330556
50,Naive,2026-09-21_09-44-18.log,,27,,,77,78,0.336111
50,Naive,2026-09-21_09-44-18.log,,27,,,88,89,0.383333
50,Naive,2026-09-21_09-44-18.log,,27,,,110,111,0.388889
50,Naive,2026-09-21_09-44-18.log,,27,,,253,254,0.408333
51,PSO,2026-09-21_09-52-17.log,60466,3,500.0,500.0,0,1,0.125
51,PSO,2026-09-21_09-52-17.log,60466,3,500.0,500.0,0,11,0.147222
51,PSO,2026-09-21_09-52-17.log,60466,3,500.0,500.0,0,13,0.180556
51,PSO,2026-09-21_09-52-17.log,60466,3,500.0,500.0,2,42,0.191667
51,PSO,2026-09-21_09-52-17.log,60466,3,500.0,500.0,2,54,0.219444
51,PSO,2026-09-21_09-52-17.log,60466,3,500.0,500.0,6,130,0.222222
51,PSO,2026-09-21_09-52-17.log,60466,3,500.0,500.0,8,169,0.233333
51,PSO,2026-09-21_09-52-17.log,60466,3,500.0,500.0,8,180,0.238889
51,PSO,2026-09-21_09-52-17.log,60466,3,500.0,500.0,10,220,0.252778
51,Naive,2026-09-21_10-00-20.log,,140,,,0,1,0.125
51,Naive,2026-09-21_10-00-20.log,,140,,,10,11,0.147222
51,Naive,2026-09-21_10-00-20.log,,140,,,12,13,0.180556
51,Naive,2026-09-21_10-00-20.log,,140,,,20,21,0.197222
51,Naive,2026-09-21_10-00-20.log,,140,,,109,110,0.208333
51,Naive,2026-09-21_10-00-20.log,,140,,,159,160,0.213889
51,Naive,2026-09-21_10-00-20.log,,140,,,220,221,0.219444
51,Naive,2026-09-21_10-00-20.log,,140,,,234,235,0.236111
52,PSO,2026-09-21_10-07-52.log,60466,3,500.0,500.0,0,1,0.1
52,PSO,2026-09-21_10-07-52.log,60466,3,500.0,500.0,0,2,0.116667
52,PSO,2026-09-21_10-07-52.log,60466,3,500.0,500.0,0,4,0.15
52,PSO,2026-09-21_10-07-52.log,60466,3,500.0,500.0,0,5,0.166667
52,PSO,2026-09-21_10-07-52.log,60466,3,500.0,500.0,0,7,0.172222
52,PSO,2026-09-21_10-07-52.log,60466,3,500.0,500.0,0,10,0.183333
52,PSO,2026-09-21_10-07-52.log,60466,3,500.0,500.0,3,63,0.2
52,PSO,2026-09-21_10-07-52.log,60466,3,500.0,500.0,3,78,0.233333
52,PSO,2026-09-21_10-07-52.log,60466,3,500.0,500.0,6,135,0.25
52,PSO,2026-09-21_10-07-52.log,60466,3,500.0,500.0,17,359,0.255556
52,PSO,2026-09-21_10-07-52.log,60466,3,500.0,500.0,20,412,0.261111
52,Naive,2026-09-21_10-15-37.log,,55,,,0,1,0.1
52,Naive,2026-09-21_10-15-37.log,,55,,,1,2,0.116667
52,Naive,2026-09-21_10-15-37.log,,55,,,3,4,0.15
52,Naive,2026-09-21_10-15-37.log,,55,,,4,5,0.166667
52,Naive,2026-09-21_10-15-37.log,,55,,,6,7,0.172222
52,Naive,2026-09-21_10-15-37.log,,55,,,9,10,0.183333
52,Naive,2026-09-21_10-15-37.log,,55,,,21,22,0.213889
52,Naive,2026-09-21_10-15-37.log,,55,,,177,178,0.222222
53,PSO,2026-09-21_10-22-41.log,60466,3,500.0,500.0,0,1,0.1
53,PSO,2026-09-21_10-22-41.log,60466,3,500.0,500.0,0,2,0.116667
53,PSO,2026-09-21_10-22-41.log,60466,3,500.0,500.0,0,4,0.15
53,PSO,2026-09-21_10-22-41.log,60466,3,500.0,500.0,0,5,0.166667
53,PSO,2026-09-21_10-22-41.log,60466,3,500.0,500.0,0,7,0.172222
53,PSO,2026-09-21_10-22-41.log,60466,3,500.0,500.0,0,10,0.183333
53,PSO,2026-09-21_10-22-41.log,60466,3,500.0,500.0,3,63,0.2
53,PSO,2026-09-21_10-22-41.log,60466,3,500.0,500.0,3,78,0.233333
53,PSO,2026-09-21_10-22-41.log,60466,3,500.0,500.0,7,149,0.236111
53,PSO,2026-09-21_10-22-41.log,60466,3,500.0,500.0,8,180,0.238889
53,PSO,2026-09-21_10-22-41.log,60466,3,500.0,500.0,10,212,0.25
53,PSO,2026-09-21_10-22-41.log,60466,3,500.0,500.0,11,240,0.258333
53,PSO,2026-09-21_10-22-41.log,60466,3,500.0,500.0,14,292,0.263889
53,PSO,2026-09-21_10-22-41.log,60466,3,500.0,500.0,18,369,0.266667
53,Naive,2026-09-21_10-30-28.log,,113,,,0,1,0.1
53,Naive,2026-09-21_10-30-28.log,,113,,,1,2,0.116667
53,Naive,2026-09-21_10-30-28.log,,113,,,3,4,0.15
53,Naive,2026-09-21_10-30-28.log,,113,,,4,5,0.166667
53,Naive,2026-09-21_10-30-28.log,,113,,,6,7,0.172222
53,Naive,2026-09-21_10-30-28.log,,113,,,9,10,0.183333
53,Naive,2026-09-21_10-30-28.log,,113,,,21,22,0.213889
53,Naive,2026-09-21_10-30-28.log,,113,,,187,188,0.216667
54,PSO,2026-09-21_10-37-31.log,60466,3,500.0,500.0,0,1,0.0833333
54,PSO,2026-09-21_10-37-31.log,60466,3,500.0,500.0,0,2,0.116667
54,PSO,2026-09-21_10-37-31.log,60466,3,500.0,500.0,0,4,0.15
54,PSO,2026-09-21_10-37-31.log,60466,3,500.0,500.0,0,10,0.166667
54,PSO,2026-09-21_10-37-31.log,60466,3,500.0,500.0,3,79,0.169444
54,PSO,2026-09-21_10-37-31.log,60466,3,500.0,500.0,5,105,0.172222
54,PSO,2026-09-21_10-37-31.log,60466,3,500.0,500.0,5,108,0.177778
54,PSO,2026-09-21_10-37-31.log,60466,3,500.0,500.0,5,109,0.183333
54,PSO,2026-09-21_10-37-31.log,60466,3,500.0,500.0,9,183,0.188889
54,PSO,2026-09-21_10-37-31.log,60466,3,500.0,500.0,15,310,0.191667
54,Naive,2026-09-21_10-44-55.log,,62,,,0,1,0.0833333
54,Naive,2026-09-21_10-44-55.log,,62,,,1,2,0.116667
54,Naive,2026-09-21_10-44-55.log,,62,,,3,4,0.15
54,Naive,2026-09-21_10-44-55.log,,62,,,9,10,0.166667
54,Naive,2026-09-21_10-44-55.log,,62,,,21,22,0.180556
54,Naive,2026-09-21_10-44-55.log,,62,,,29,30,0.2
55,PSO,2026-09-21_10-51-57.log,37283284,4,500.0,500.0,0,1,0.469444
55,PSO,2026-09-21_10-51-57.log,37283284,4,500.0,500.0,0,3,0.533333
55,PSO,2026-09-21_10-51-57.log,37283284,4,500.0,500.0,0,4,0.541667
55,PSO,2026-09-21_10-51-57.log,37283284,4,500.0,500.0,0,6,0.597222
55,PSO,2026-09-21_10-51-57.log,37283284,4,500.0,500.0,2,55,0.6
55,PSO,2026-09-21_10-51-57.log,37283284,4,500.0,500.0,3,67,0.652778
55,PSO,2026-09-21_10-51-57.log,37283284,4,500.0,500.0,6,127,0.672222
55,PSO,2026-09-21_10-51-57.log,37283284,4,500.0,500.0,8,174,0.677778
55,PSO,2026-09-21_10-51-57.log,37283284,4,500.0,500.0,10,208,0.680556
55,PSO,2026-09-21_10-51-57.log,37283284,4,500.0,500.0,11,237,0.686111
55,PSO,2026-09-21_10-51-57.log,37283284,4,500.0,500.0,12,248,0.705556
55,PSO,2026-09-21_10-51-57.log,37283284,4,500.0,500.0,18,372,0.711111
55,PSO,2026-09-21_10-51-57.log,37283284,4,500.0,500.0,18,375,0.713889
55,PSO,2026-09-21_10-51-57.log,37283284,4,500.0,500.0,20,415,0.736111
55,Naive,2026-09-21_11-04-03.log,,175,,,0,1,0.469444
55,Naive,2026-09-21_11-04-03.log,,175,,,2,3,0.533333
55,Naive,2026-09-21_11-04-03.log,,175,,,3,4,0.541667
55,Naive,2026-09-21_11-04-03.log,,175,,,5,6,0.597222
55,Naive,2026-09-21_11-04-03.log,,175,,,24,25,0.619444
55,Naive,2026-09-21_11-04-03.log,,175,,,48,49,0.636111
55,Naive,2026-09-21_11-04-03.log,,175,,,110,111,0.644444
55,Naive,2026-09-21_11-04-03.log,,175,,,173,174,0.65
55,Naive,2026-09-21_11-04-03.log,,175,,,208,209,0.669444
56,PSO,2026-09-21_11-14-51.log,37283284,4,500.0,500.0,0,1,0.316667
56,PSO,2026-09-21_11-14-51.log,37283284,4,500.0,500.0,0,3,0.397222
56,PSO,2026-09-21_11-14-51.log,37283284,4,500.0,500.0,0,4,0.408333
56,PSO,2026-09-21_11-14-51.log,37283284,4,500.0,500.0,0,6,0.430556
56,PSO,2026-09-21_11-14-51.log,37283284,4,500.0,500.0,2,55,0.497222
56,PSO,2026-09-21_11-14-51.log,37283284,4,500.0,500.0,5,106,0.502778
56,PSO,2026-09-21_11-14-51.log,37283284,4,500.0,500.0,8,165,0.508333
56,PSO,2026-09-21_11-14-51.log,37283284,4,500.0,500.0,18,371,0.516667
56,Naive,2026-09-21_11-25-26.log,,246,,,0,1,0.316667
56,Naive,2026-09-21_11-25-26.log,,246,,,2,3,0.397222
56,Naive,2026-09-21_11-25-26.log,,246,,,3,4,0.408333
56,Naive,2026-09-21_11-25-26.log,,246,,,5,6,0.430556
56,Naive,2026-09-21_11-25-26.log,,246,,,24,25,0.433333
56,Naive,2026-09-21_11-25-26.log,,246,,,26,27,0.441667
56,Naive,2026-09-21_11-25-26.log,,246,,,27,28,0.452778
56,Naive,2026-09-21_11-25-26.log,,246,,,48,49,0.494444
57,PSO,2026-09-21_11-35-13.log,37283284,4,500.0,500.0,0,1,0.166667
57,PSO,2026-09-21_11-35-13.log,37283284,4,500.0,500.0,0,3,0.186111
57,PSO,2026-09-21_11-35-13.log,37283284,4,500.0,500.0,0,4,0.25
57,PSO,2026-09-21_11-35-13.log,37283284,4,500.0,500.0,2,46,0.272222
57,PSO,2026-09-21_11-35-13.log,37283284,4,500.0,500.0,3,65,0.288889
57,PSO,2026-09-21_11-35-13.log,37283284,4,500.0,500.0,5,118,0.311111
57,PSO,2026-09-21_11-35-13.log,37283284,4,500.0,500.0,10,218,0.327778
57,PSO,2026-09-21_11-35-13.log,37283284,4,500.0,500.0,12,258,0.347222
57,Naive,2026-09-21_11-44-55.log,,140,,,0,1,0.166667
57,Naive,2026-09-21_11-44-55.log,,140,,,2,3,0.186111
57,Naive,2026-09-21_11-44-55.log,,140,,,3,4,0.25
57,Naive,2026-09-21_11-44-55.log,,140,,,62,63,0.272222
57,Naive,2026-09-21_11-44-55.log,,140,,,78,79,0.288889
57,Naive,2026-09-21_11-44-55.log,,140,,,172,173,0.336111
58,PSO,2026-09-21_11-53-51.log,37283284,4,500.0,500.0,0,1,0.366667
58,PSO,2026-09-21_11-53-51.log,37283284,4,500.0,500.0,0,14,0.416667
58,PSO,2026-09-21_11-53-51.log,37283284,4,500.0,500.0,0,19,0.475
58,PSO,2026-09-21_11-53-51.log,37283284,4,500.0,500.0,1,28,0.483333
58,PSO,2026-09-21_11-53-51.log,37283284,4,500.0,500.0,5,102,0.552778
58,PSO,2026-09-21_11-53-51.log,37283284,4,500.0,500.0,11,222,0.555556
58,PSO,2026-09-21_11-53-51.log,37283284,4,500.0,500.0,13,273,0.563889
58,Naive,2026-09-21_12-04-11.log,,322,,,0,1,0.366667
58,Naive,2026-09-21_12-04-11.log,,322,,,13,14,0.416667
58,Naive,2026-09-21_12-04-11.log,,322,,,18,19,0.475
58,Naive,2026-09-21_12-04-11.log,,322,,,213,214,0.530556
59,PSO,2026-09-21_12-12-47.log,37283284,4,500.0,500.0,0,1,0.291667
59,PSO,2026-09-21_12-12-47.log,37283284,4,500.0,500.0,0,4,0.322222
59,PSO,2026-09-21_12-12-47.log,37283284,4,500.0,500.0,0,14,0.355556
59,PSO,2026-09-21_12-12-47.log,37283284,4,500.0,500.0,0,19,0.380556
59,PSO,2026-09-21_12-12-47.log,37283284,4,500.0,500.0,2,51,0.4
59,PSO,2026-09-21_12-12-47.log,37283284,4,500.0,500.0,3,62,0.413889
59,PSO,2026-09-21_12-12-47.log,37283284,4,500.0,500.0,6,128,0.422222
59,PSO,2026-09-21_12-12-47.log,37283284,4,500.0,500.0,7,148,0.430556
59,PSO,2026-09-21_12-12-47.log,37283284,4,500.0,500.0,8,162,0.436111
59,PSO,2026-09-21_12-12-47.log,37283284,4,500.0,500.0,8,166,0.438889
59,PSO,2026-09-21_12-12-47.log,37283284,4,500.0,500.0,9,196,0.461111
59,PSO,2026-09-21_12-12-47.log,37283284,4,500.0,500.0,9,199,0.497222
59,Naive,2026-09-21_12-22-30.log,,322,,,0,1,0.291667
59,Naive,2026-09-21_12-22-30.log,,322,,,3,4,0.322222
59,Naive,2026-09-21_12-22-30.log,,322,,,13,14,0.355556
59,Naive,2026-09-21_12-22-30.log,,322,,,18,19,0.380556
59,Naive,2026-09-21_12-22-30.log,,322,,,66,67,0.391667
59,Naive,2026-09-21_12-22-30.log,,322,,,213,214,0.433333
60,PSO,2026-09-21_12-30-43.log,37283284,4,500.0,500.0,0,1,0.166667
60,PSO,2026-09-21_12-30-43.log,37283284,4,500.0,500.0,0,4,0.230556
60,PSO,2026-09-21_12-30-43.log,37283284,4,500.0,500.0,0,20,0.266667
60,PSO,2026-09-21_12-30-43.log,37283284,4,500.0,500.0,3,73,0.277778
60,PSO,2026-09-21_12-30-43.log,37283284,4,500.0,500.0,6,130,0.297222
60,Naive,2026-09-21_12-39-12.log,,238,,,0,1,0.166667
60,Naive,2026-09-21_12-39-12.log,,238,,,3,4,0.230556
60,Naive,2026-09-21_12-39-12.log,,238,,,19,20,0.266667
60,Naive,2026-09-21_12-39-12.log,,238,,,110,111,0.272222
60,Naive,2026-09-21_12-39-12.log,,238,,,291,292,0.277778
61,PSO,2026-09-21_12-46-51.log,37283284,4,500.0,500.0,0,1,0.133333
61,PSO,2026-09-21_12-46-51.log,37283284,4,500.0,500.0,0,2,0.15
61,PSO,2026-09-21_12-46-51.log,37283284,4,500.0,500.0,0,5,0.183333
61,PSO,2026-09-21_12-46-51.log,37283284,4,500.0,500.0,0,11,0.2
61,PSO,2026-09-21_12-46-51.log,37283284,4,500.0,500.0,5,117,0.233333
61,PSO,2026-09-21_12-46-51.log,37283284,4,500.0,500.0,7,141,0.244444
61,PSO,2026-09-21_12-46-51.log,37283284,4,500.0,500.0,13,274,0.25
61,PSO,2026-09-21_12-46-51.log,37283284,4,500.0,500.0,14,294,0.258333
61,Naive,2026-09-21_20-09-29.log,,,,,0,1,0.133333
61,Naive,2026-09-21_20-09-29.log,,,,,1,2,0.15
61,Naive,2026-09-21_20-09-29.log,,,,,4,5,0.183333
61,Naive,2026-09-21_20-09-29.log,,,,,10,11,0.2
61,Naive,2026-09-21_20-09-29.log,,,,,30,31,0.216667
61,Naive,2026-09-21_20-09-29.log,,,,,59,60,0.233333
61,Naive,2026-09-21_20-09-29.log,,,,,188,189,0.241667
62,PSO,2026-09-21_20-17-13.log,37283284,4,500.0,500.0,0,1,0.133333
62,PSO,2026-09-21_20-17-13.log,37283284,4,500.0,500.0,0,2,0.15
62,PSO,2026-09-21_20-17-13.log,37283284,4,500.0,500.0,0,5,0.183333
62,PSO,2026-09-21_20-17-13.log,37283284,4,500.0,500.0,0,11,0.2
62,PSO,2026-09-21_20-17-13.log,37283284,4,500.0,500.0,5,117,0.233333
62,PSO,2026-09-21_20-17-13.log,37283284,4,500.0,500.0,7,141,0.244444
62,PSO,2026-09-21_20-17-13.log,37283284,4,500.0,500.0,13,274,0.25
62,PSO,2026-09-21_20-17-13.log,37283284,4,500.0,500.0,14,294,0.255556
62,Naive,2026-09-21_20-24-45.log,,,,,0,1,0.133333
62,Naive,2026-09-21_20-24-45.log,,,,,1,2,0.15
62,Naive,2026-09-21_20-24-45.log,,,,,4,5,0.183333
62,Naive,2026-09-21_20-24-45.log,,,,,10,11,0.2
62,Naive,2026-09-21_20-24-45.log,,,,,30,31,0.216667
62,Naive,2026-09-21_20-24-45.log,,,,,59,60,0.233333
62,Naive,2026-09-21_20-24-45.log,,,,,188,189,0.238889
63,PSO,2026-09-21_20-29-07.log,37283284,4,500.0,500.0,0,1,0.133333
63,PSO,2026-09-21_20-29-07.log,37283284,4,500.0,500.0,0,5,0.166667
63,PSO,2026-09-21_20-29-07.log,37283284,4,500.0,500.0,0,11,0.169444
63,PSO,2026-09-21_20-29-07.log,37283284,4,500.0,500.0,4,98,0.194444
63,PSO,2026-09-21_20-29-07.log,37283284,4,500.0,500.0,5,106,0.213889
63,PSO,2026-09-21_20-29-07.log,37283284,4,500.0,500.0,10,206,0.216667
63,Naive,2026-09-21_20-36-33.log,,,,,0,1,0.133333
63,Naive,2026-09-21_20-36-33.log,,,,,4,5,0.166667
63,Naive,2026-09-21_20-36-33.log,,,,,10,11,0.169444
63,Naive,2026-09-21_20-36-33.log,,,,,51,52,0.177778
63,Naive,2026-09-21_20-36-33.log,,,,,59,60,0.205556
63,Naive,2026-09-21_20-36-33.log,,,,,203,204,0.208333
64,PSO,2026-09-21_20-40-50.log,1555680,4,500.0,500.0,0,1,0.366667
64,PSO,2026-09-21_20-40-50.log,1555680,4,500.0,500.0,0,2,0.416667
64,PSO,2026-09-21_20-40-50.log,1555680,4,500.0,500.0,0,8,0.502778
64,PSO,2026-09-21_20-40-50.log,1555680,4,500.0,500.0,0,17,0.516667
64,PSO,2026-09-21_20-40-50.log,1555680,4,500.0,500.0,1,28,0.547222
64,PSO,2026-09-21_20-40-50.log,1555680,4,500.0,500.0,2,46,0.566667
64,PSO,2026-09-21_20-40-50.log,1555680,4,500.0,500.0,2,57,0.575
64,PSO,2026-09-21_20-40-50.log,1555680,4,500.0,500.0,3,71,0.583333
64,PSO,2026-09-21_20-40-50.log,1555680,4,500.0,500.0,4,81,0.605556
64,PSO,2026-09-21_20-40-50.log,1555680,4,500.0,500.0,5,101,0.616667
64,PSO,2026-09-21_20-40-50.log,1555680,4,500.0,500.0,5,117,0.672222
64,PSO,2026-09-21_20-40-50.log,1555680,4,500.0,500.0,11,221,0.697222
64,PSO,2026-09-21_20-40-50.log,1555680,4,500.0,500.0,14,285,0.705556
64,PSO,2026-09-21_20-40-50.log,1555680,4,500.0,500.0,14,291,0.727778
64,Naive,2026-09-21_20-53-31.log,,165,,,0,1,0.366667
64,Naive,2026-09-21_20-53-31.log,,165,,,1,2,0.416667
64,Naive,2026-09-21_20-53-31.log,,165,,,7,8,0.502778
64,Naive,2026-09-21_20-53-31.log,,165,,,16,17,0.516667
64,Naive,2026-09-21_20-53-31.log,,165,,,27,28,0.527778
64,Naive,2026-09-21_20-53-31.log,,165,,,32,33,0.552778
64,Naive,2026-09-21_20-53-31.log,,165,,,46,47,0.619444
64,Naive,2026-09-21_20-53-31.log,,165,,,376,377,0.658333
65,PSO,2026-09-21_21-04-23.log,1555680,4,500.0,500.0,0,1,0.161111
65,PSO,2026-09-21_21-04-23.log,1555680,4,500.0,500.0,0,2,0.333333
65,PSO,2026-09-21_21-04-23.log,1555680,4,500.0,500.0,0,8,0.413889
65,PSO,2026-09-21_21-04-23.log,1555680,4,500.0,500.0,3,61,0.416667
65,PSO,2026-09-21_21-04-23.log,1555680,4,500.0,500.0,3,72,0.419444
65,PSO,2026-09-21_21-04-23.log,1555680,4,500.0,500.0,3,74,0.436111
65,PSO,2026-09-21_21-04-23.log,1555680,4,500.0,500.0,5,114,0.45
65,PSO,2026-09-21_21-04-23.log,1555680,4,500.0,500.0,6,132,0.466667
65,PSO,2026-09-21_21-04-23.log,1555680,4,500.0,500.0,14,298,0.469444
65,PSO,2026-09-21_21-04-23.log,1555680,4,500.0,500.0,17,358,0.472222
65,Naive,2026-09-21_21-14-48.log,,165,,,0,1,0.161111
65,Naive,2026-09-21_21-14-48.log,,165,,,1,2,0.333333
65,Naive,2026-09-21_21-14-48.log,,165,,,7,8,0.413889
65,Naive,2026-09-21_21-14-48.log,,165,,,21,22,0.422222
65,Naive,2026-09-21_21-14-48.log,,165,,,46,47,0.45
65,Naive,2026-09-21_21-14-48.log,,165,,,50,51,0.455556
65,Naive,2026-09-21_21-14-48.log,,165,,,124,125,0.477778
65,Naive,2026-09-21_21-14-48.log,,165,,,228,229,0.491667
65,Naive,2026-09-21_21-14-48.log,,165,,,376,377,0.536111
66,PSO,2026-09-21_21-24-59.log,1555680,4,500.0,500.0,0,1,0.105556
66,PSO,2026-09-21_21-24-59.log,1555680,4,500.0,500.0,0,2,0.205556
66,PSO,2026-09-21_21-24-59.log,1555680,4,500.0,500.0,0,8,0.261111
66,PSO,2026-09-21_21-24-59.log,1555680,4,500.0,500.0,5,112,0.286111
66,PSO,2026-09-21_21-24-59.log,1555680,4,500.0,500.0,7,158,0.297222
66,PSO,2026-09-21_21-24-59.log,1555680,4,500.0,500.0,8,172,0.302778
66,PSO,2026-09-21_21-24-59.log,1555680,4,500.0,500.0,9,198,0.327778
66,PSO,2026-09-21_21-24-59.log,1555680,4,500.0,500.0,11,238,0.355556
66,Naive,2026-09-21_21-34-33.log,,392,,,0,1,0.105556
66,Naive,2026-09-21_21-34-33.log,,392,,,1,2,0.205556
66,Naive,2026-09-21_21-34-33.log,,392,,,7,8,0.261111
66,Naive,2026-09-21_21-34-33.log,,392,,,66,67,0.263889
66,Naive,2026-09-21_21-34-33.log,,392,,,70,71,0.294444
66,Naive,2026-09-21_21-34-33.log,,392,,,161,162,0.322222
67,PSO,2026-09-21_21-43-42.log,1555680,4,500.0,500.0,0,1,0.133333
67,PSO,2026-09-21_21-43-42.log,1555680,4,500.0,500.0,0,2,0.347222
67,PSO,2026-09-21_21-43-42.log,1555680,4,500.0,500.0,0,3,0.366667
67,PSO,2026-09-21_21-43-42.log,1555680,4,500.0,500.0,0,7,0.380556
67,PSO,2026-09-21_21-43-42.log,1555680,4,500.0,500.0,0,16,0.444444
67,PSO,2026-09-21_21-43-42.log,1555680,4,500.0,500.0,1,29,0.458333
67,PSO,2026-09-21_21-43-42.log,1555680,4,500.0,500.0,5,101,0.461111
67,PSO,2026-09-21_21-43-42.log,1555680,4,500.0,500.0,6,121,0.472222
67,PSO,2026-09-21_21-43-42.log,1555680,4,500.0,500.0,6,136,0.486111
67,PSO,2026-09-21_21-43-42.log,1555680,4,500.0,500.0,7,145,0.491667
67,PSO,2026-09-21_21-43-42.log,1555680,4,500.0,500.0,8,166,0.522222
67,PSO,2026-09-21_21-43-42.log,1555680,4,500.0,500.0,11,240,0.525
67,PSO,2026-09-21_21-43-42.log,1555680,4,500.0,500.0,13,280,0.544444
67,Naive,2026-09-21_21-54-22.log,,143,,,0,1,0.133333
67,Naive,2026-09-21_21-54-22.log,,143,,,1,2,0.347222
67,Naive,2026-09-21_21-54-22.log,,143,,,2,3,0.366667
67,Naive,2026-09-21_21-54-22.log,,143,,,6,7,0.380556
67,Naive,2026-09-21_21-54-22.log,,143,,,15,16,0.444444
67,Naive,2026-09-21_21-54-22.log,,143,,,56,57,0.466667
67,Naive,2026-09-21_21-54-22.log,,143,,,174,175,0.488889
68,PSO,2026-09-21_22-03-13.log,1555680,4,500.0,500.0,0,1,0.125
68,PSO,2026-09-21_22-03-13.log,1555680,4,500.0,500.0,0,2,0.263889
68,PSO,2026-09-21_22-03-13.log,1555680,4,500.0,500.0,0,3,0.277778
68,PSO,2026-09-21_22-03-13.log,1555680,4,500.0,500.0,0,7,0.333333
68,PSO,2026-09-21_22-03-13.log,1555680,4,500.0,500.0,0,16,0.4
68,PSO,2026-09-21_22-03-13.log,1555680,4,500.0,500.0,4,84,0.411111
68,PSO,2026-09-21_22-03-13.log,1555680,4,500.0,500.0,4,90,0.416667
68,PSO,2026-09-21_22-03-13.log,1555680,4,500.0,500.0,5,101,0.422222
68,PSO,2026-09-21_22-03-13.log,1555680,4,500.0,500.0,7,144,0.425
68,PSO,2026-09-21_22-03-13.log,1555680,4,500.0,500.0,8,165,0.438889
68,PSO,2026-09-21_22-03-13.log,1555680,4,500.0,500.0,8,173,0.455556
68,PSO,2026-09-21_22-03-13.log,1555680,4,500.0,500.0,14,296,0.463889
68,Naive,2026-09-21_22-12-50.log,,100,,,0,1,0.125
68,Naive,2026-09-21_22-12-50.log,,100,,,1,2,0.263889
68,Naive,2026-09-21_22-12-50.log,,100,,,2,3,0.277778
68,Naive,2026-09-21_22-12-50.log,,100,,,6,7,0.333333
68,Naive,2026-09-21_22-12-50.log,,100,,,15,16,0.4
68,Naive,2026-09-21_22-12-50.log,,100,,,51,52,0.402778
68,Naive,2026-09-21_22-12-50.log,,100,,,56,57,0.405556
68,Naive,2026-09-21_22-12-50.log,,100,,,86,87,0.425
68,Naive,2026-09-21_22-12-50.log,,100,,,174,175,0.427778
68,Naive,2026-09-21_22-12-50.log,,100,,,270,271,0.452778
68,Naive,2026-09-21_22-12-50.log,,100,,,373,374,0.455556
69,PSO,2026-09-21_22-21-13.log,1555680,4,500.0,500.0,0,1,0.0666667
69,PSO,2026-09-21_22-21-13.log,1555680,4,500.0,500.0,0,2,0.15
69,PSO,2026-09-21_22-21-13.log,1555680,4,500.0,500.0,0,3,0.2
69,PSO,2026-09-21_22-21-13.log,1555680,4,500.0,500.0,0,7,0.208333
69,PSO,2026-09-21_22-21-13.log,1555680,4,500.0,500.0,0,16,0.241667
69,PSO,2026-09-21_22-21-13.log,1555680,4,500.0,500.0,2,51,0.272222
69,PSO,2026-09-21_22-21-13.log,1555680,4,500.0,500.0,3,71,0.283333
69,PSO,2026-09-21_22-21-13.log,1555680,4,500.0,500.0,6,124,0.286111
69,PSO,2026-09-21_22-21-13.log,1555680,4,500.0,500.0,7,144,0.291667
69,PSO,2026-09-21_22-21-13.log,1555680,4,500.0,500.0,8,178,0.294444
69,PSO,2026-09-21_22-21-13.log,1555680,4,500.0,500.0,9,191,0.297222
69,PSO,2026-09-21_22-21-13.log,1555680,4,500.0,500.0,10,204,0.313889
69,PSO,2026-09-21_22-21-13.log,1555680,4,500.0,500.0,11,225,0.344444
69,PSO,2026-09-21_22-21-13.log,1555680,4,500.0,500.0,14,286,0.347222
69,PSO,2026-09-21_22-21-13.log,1555680,4,500.0,500.0,14,293,0.361111
69,Naive,2026-09-21_22-29-57.log,,134,,,0,1,0.0666667
69,Naive,2026-09-21_22-29-57.log,,134,,,1,2,0.15
69,Naive,2026-09-21_22-29-57.log,,134,,,2,3,0.2
69,Naive,2026-09-21_22-29-57.log,,134,,,6,7,0.208333
69,Naive,2026-09-21_22-29-57.log,,134,,,15,16,0.241667
69,Naive,2026-09-21_22-29-57.log,,134,,,39,40,0.25
69,Naive,2026-09-21_22-29-57.log,,134,,,49,50,0.286111
70,PSO,2026-09-21_22-37-42.log,1555680,4,500.0,500.0,0,1,0.0666667
70,PSO,2026-09-21_22-37-42.log,1555680,4,500.0,500.0,0,2,0.15
70,PSO,2026-09-21_22-37-42.log,1555680,4,500.0,500.0,0,8,0.183333
70,PSO,2026-09-21_22-37-42.log,1555680,4,500.0,500.0,6,125,0.197222
70,PSO,2026-09-21_22-37-42.log,1555680,4,500.0,500.0,8,165,0.213889
70,PSO,2026-09-21_22-37-42.log,1555680,4,500.0,500.0,9,186,0.216667
70,PSO,2026-09-21_22-37-42.log,1555680,4,500.0,500.0,15,317,0.225
70,PSO,2026-09-21_22-37-42.log,1555680,4,500.0,500.0,16,331,0.230556
70,PSO,2026-09-21_22-37-42.log,1555680,4,500.0,500.0,19,385,0.25
70,Naive,2026-09-21_22-45-11.log,,,,,0,1,0.0666667
70,Naive,2026-09-21_22-45-11.log,,,,,1,2,0.15
70,Naive,2026-09-21_22-45-11.log,,,,,7,8,0.183333
71,PSO,2026-09-21_22-45-31.log,1555680,4,500.0,500.0,0,1,0.0666667
71,PSO,2026-09-21_22-45-31.log,1555680,4,500.0,500.0,0,2,0.15
71,PSO,2026-09-21_22-45-31.log,1555680,4,500.0,500.0,0,8,0.183333
71,PSO,2026-09-21_22-45-31.log,1555680,4,500.0,500.0,6,125,0.197222
71,PSO,2026-09-21_22-45-31.log,1555680,4,500.0,500.0,8,165,0.216667
71,PSO,2026-09-21_22-45-31.log,1555680,4,500.0,500.0,16,334,0.233333
71,Naive,2026-09-21_22-52-58.log,,,,,0,1,0.0666667
71,Naive,2026-09-21_22-52-58.log,,,,,1,2,0.15
71,Naive,2026-09-21_22-52-58.log,,,,,7,8,0.183333
72,PSO,2026-09-21_22-53-18.log,1555680,4,500.0,500.0,0,1,0.0666667
72,PSO,2026-09-21_22-53-18.log,1555680,4,500.0,500.0,0,2,0.15
72,PSO,2026-09-21_22-53-18.log,1555680,4,500.0,500.0,5,114,0.169444
72,PSO,2026-09-21_22-53-18.log,1555680,4,500.0,500.0,7,147,0.2
72,PSO,2026-09-21_22-53-18.log,1555680,4,500.0,500.0,7,154,0.230556
72,PSO,2026-09-21_22-53-18.log,1555680,4,500.0,500.0,8,174,0.238889
72,PSO,2026-09-21_22-53-18.log,1555680,4,500.0,500.0,13,263,0.244444
72,PSO,2026-09-21_22-53-18.log,1555680,4,500.0,500.0,13,279,0.247222
72,PSO,2026-09-21_22-53-18.log,1555680,4,500.0,500.0,14,286,0.269444
72,Naive,2026-09-21_23-00-34.log,,,,,0,1,0.0666667
72,Naive,2026-09-21_23-00-34.log,,,,,1,2,0.15
73,PSO,2026-09-21_23-00-57.log,60466,4,500.0,500.0,0,1,0.461111
73,PSO,2026-09-21_23-00-57.log,60466,4,500.0,500.0,0,2,0.513889
73,PSO,2026-09-21_23-00-57.log,60466,4,500.0,500.0,0,3,0.527778
73,PSO,2026-09-21_23-00-57.log,60466,4,500.0,500.0,0,8,0.536111
73,PSO,2026-09-21_23-00-57.log,60466,4,500.0,500.0,0,18,0.575
73,PSO,2026-09-21_23-00-57.log,60466,4,500.0,500.0,2,49,0.594444
73,PSO,2026-09-21_23-00-57.log,60466,4,500.0,500.0,4,84,0.680556
73,PSO,2026-09-21_23-00-57.log,60466,4,500.0,500.0,7,144,0.705556
73,PSO,2026-09-21_23-00-57.log,60466,4,500.0,500.0,8,163,0.719444
73,PSO,2026-09-21_23-00-57.log,60466,4,500.0,500.0,9,191,0.725
73,PSO,2026-09-21_23-00-57.log,60466,4,500.0,500.0,9,196,0.736111
73,PSO,2026-09-21_23-00-57.log,60466,4,500.0,500.0,10,216,0.738889
73,PSO,2026-09-21_23-00-57.log,60466,4,500.0,500.0,12,247,0.741667
73,Naive,2026-09-21_23-13-07.log,,67,,,0,1,0.461111
73,Naive,2026-09-21_23-13-07.log,,67,,,1,2,0.513889
73,Naive,2026-09-21_23-13-07.log,,67,,,2,3,0.527778
73,Naive,2026-09-21_23-13-07.log,,67,,,7,8,0.536111
73,Naive,2026-09-21_23-13-07.log,,67,,,17,18,0.575
73,Naive,2026-09-21_23-13-07.log,,67,,,20,21,0.577778
73,Naive,2026-09-21_23-13-07.log,,67,,,34,35,0.597222
73,Naive,2026-09-21_23-13-07.log,,67,,,113,114,0.677778
73,Naive,2026-09-21_23-13-07.log,,67,,,156,157,0.708333
74,PSO,2026-09-21_23-23-41.log,60466,4,500.0,500.0,0,1,0.344444
74,PSO,2026-09-21_23-23-41.log,60466,4,500.0,500.0,0,2,0.402778
74,PSO,2026-09-21_23-23-41.log,60466,4,500.0,500.0,0,8,0.408333
74,PSO,2026-09-21_23-23-41.log,60466,4,500.0,500.0,0,20,0.469444
74,PSO,2026-09-21_23-23-41.log,60466,4,500.0,500.0,4,87,0.483333
74,PSO,2026-09-21_23-23-41.log,60466,4,500.0,500.0,9,187,0.491667
74,PSO,2026-09-21_23-23-41.log,60466,4,500.0,500.0,9,190,0.55
74,PSO,2026-09-21_23-23-41.log,60466,4,500.0,500.0,16,333,0.555556
74,Naive,2026-09-21_23-34-52.log,,137,,,0,1,0.344444
74,Naive,2026-09-21_23-34-52.log,,137,,,1,2,0.402778
74,Naive,2026-09-21_23-34-52.log,,137,,,7,8,0.408333
74,Naive,2026-09-21_23-34-52.log,,137,,,19,20,0.469444
74,Naive,2026-09-21_23-34-52.log,,137,,,34,35,0.483333
74,Naive,2026-09-21_23-34-52.log,,137,,,169,170,0.525
75,PSO,2026-09-21_23-44-47.log,60466,4,500.0,500.0,0,1,0.152778
75,PSO,2026-09-21_23-44-47.log,60466,4,500.0,500.0,0,2,0.191667
75,PSO,2026-09-21_23-44-47.log,60466,4,500.0,500.0,0,3,0.213889
75,PSO,2026-09-21_23-44-47.log,60466,4,500.0,500.0,0,20,0.233333
75,PSO,2026-09-21_23-44-47.log,60466,4,500.0,500.0,4,87,0.261111
75,PSO,2026-09-21_23-44-47.log,60466,4,500.0,500.0,6,127,0.263889
75,PSO,2026-09-21_23-44-47.log,60466,4,500.0,500.0,6,134,0.269444
75,PSO,2026-09-21_23-44-47.log,60466,4,500.0,500.0,7,160,0.272222
75,PSO,2026-09-21_23-44-47.log,60466,4,500.0,500.0,8,177,0.277778
75,PSO,2026-09-21_23-44-47.log,60466,4,500.0,500.0,10,220,0.297222
75,PSO,2026-09-21_23-44-47.log,60466,4,500.0,500.0,19,400,0.311111
75,Naive,2026-09-21_23-54-50.log,,246,,,0,1,0.152778
75,Naive,2026-09-21_23-54-50.log,,246,,,1,2,0.191667
75,Naive,2026-09-21_23-54-50.log,,246,,,2,3,0.213889
75,Naive,2026-09-21_23-54-50.log,,246,,,19,20,0.233333
75,Naive,2026-09-21_23-54-50.log,,246,,,93,94,0.236111
75,Naive,2026-09-21_23-54-50.log,,246,,,136,137,0.238889
75,Naive,2026-09-21_23-54-50.log,,246,,,138,139,0.269444
75,Naive,2026-09-21_23-54-50.log,,246,,,219,220,0.283333
76,PSO,2026-09-22_00-03-51.log,60466,4,500.0,500.0,0,1,0.233333
76,PSO,2026-09-22_00-03-51.log,60466,4,500.0,500.0,0,2,0.316667
76,PSO,2026-09-22_00-03-51.log,60466,4,500.0,500.0,0,3,0.341667
76,PSO,2026-09-22_00-03-51.log,60466,4,500.0,500.0,0,4,0.438889
76,PSO,2026-09-22_00-03-51.log,60466,4,500.0,500.0,0,5,0.522222
76,PSO,2026-09-22_00-03-51.log,60466,4,500.0,500.0,2,54,0.527778
76,PSO,2026-09-22_00-03-51.log,60466,4,500.0,500.0,3,65,0.533333
76,PSO,2026-09-22_00-03-51.log,60466,4,500.0,500.0,5,102,0.544444
76,PSO,2026-09-22_00-03-51.log,60466,4,500.0,500.0,5,120,0.572222
76,PSO,2026-09-22_00-03-51.log,60466,4,500.0,500.0,6,126,0.577778
76,PSO,2026-09-22_00-03-51.log,60466,4,500.0,500.0,10,214,0.586111
76,PSO,2026-09-22_00-03-51.log,60466,4,500.0,500.0,11,236,0.588889
76,PSO,2026-09-22_00-03-51.log,60466,4,500.0,500.0,12,249,0.594444
76,PSO,2026-09-22_00-03-51.log,60466,4,500.0,500.0,16,323,0.605556
76,Naive,2026-09-22_00-14-45.log,,210,,,0,1,0.233333
76,Naive,2026-09-22_00-14-45.log,,210,,,1,2,0.316667
76,Naive,2026-09-22_00-14-45.log,,210,,,2,3,0.341667
76,Naive,2026-09-22_00-14-45.log,,210,,,3,4,0.438889
76,Naive,2026-09-22_00-14-45.log,,210,,,4,5,0.522222
76,Naive,2026-09-22_00-14-45.log,,210,,,105,106,0.527778
76,Naive,2026-09-22_00-14-45.log,,210,,,164,165,0.547222
77,PSO,2026-09-22_00-23-49.log,60466,4,500.0,500.0,0,1,0.183333
77,PSO,2026-09-22_00-23-49.log,60466,4,500.0,500.0,0,2,0.258333
77,PSO,2026-09-22_00-23-49.log,60466,4,500.0,500.0,0,3,0.311111
77,PSO,2026-09-22_00-23-49.log,60466,4,500.0,500.0,0,4,0.405556
77,PSO,2026-09-22_00-23-49.log,60466,4,500.0,500.0,0,5,0.422222
77,PSO,2026-09-22_00-23-49.log,60466,4,500.0,500.0,2,54,0.455556
77,PSO,2026-09-22_00-23-49.log,60466,4,500.0,500.0,3,66,0.475
77,PSO,2026-09-22_00-23-49.log,60466,4,500.0,500.0,6,121,0.497222
77,PSO,2026-09-22_00-23-49.log,60466,4,500.0,500.0,7,150,0.502778
77,PSO,2026-09-22_00-23-49.log,60466,4,500.0,500.0,10,220,0.516667
77,PSO,2026-09-22_00-23-49.log,60466,4,500.0,500.0,11,223,0.522222
77,PSO,2026-09-22_00-23-49.log,60466,4,500.0,500.0,13,261,0.525
77,PSO,2026-09-22_00-23-49.log,60466,4,500.0,500.0,15,310,0.530556
77,PSO,2026-09-22_00-23-49.log,60466,4,500.0,500.0,18,368,0.541667
77,Naive,2026-09-22_00-34-04.log,,210,,,0,1,0.183333
77,Naive,2026-09-22_00-34-04.log,,210,,,1,2,0.258333
77,Naive,2026-09-22_00-34-04.log,,210,,,2,3,0.311111
77,Naive,2026-09-22_00-34-04.log,,210,,,3,4,0.405556
77,Naive,2026-09-22_00-34-04.log,,210,,,4,5,0.422222
77,Naive,2026-09-22_00-34-04.log,,210,,,32,33,0.436111
77,Naive,2026-09-22_00-34-04.log,,210,,,34,35,0.458333
77,Naive,2026-09-22_00-34-04.log,,210,,,105,106,0.475
77,Naive,2026-09-22_00-34-04.log,,210,,,120,121,0.477778
77,Naive,2026-09-22_00-34-04.log,,210,,,164,165,0.488889
78,PSO,2026-09-22_00-43-00.log,60466,4,500.0,500.0,0,1,0.113889
78,PSO,2026-09-22_00-43-00.log,60466,4,500.0,500.0,0,2,0.144444
78,PSO,2026-09-22_00-43-00.log,60466,4,500.0,500.0,0,3,0.169444
78,PSO,2026-09-22_00-43-00.log,60466,4,500.0,500.0,0,4,0.225
78,PSO,2026-09-22_00-43-00.log,60466,4,500.0,500.0,0,5,0.241667
78,PSO,2026-09-22_00-43-00.log,60466,4,500.0,500.0,0,10,0.255556
78,PSO,2026-09-22_00-43-00.log,60466,4,500.0,500.0,6,123,0.277778
78,PSO,2026-09-22_00-43-00.log,60466,4,500.0,500.0,7,143,0.297222
78,PSO,2026-09-22_00-43-00.log,60466,4,500.0,500.0,16,332,0.302778
78,PSO,2026-09-22_00-43-00.log,60466,4,500.0,500.0,19,386,0.313889
78,PSO,2026-09-22_00-43-00.log,60466,4,500.0,500.0,20,401,0.341667
78,Naive,2026-09-22_00-51-36.log,,120,,,0,1,0.113889
78,Naive,2026-09-22_00-51-36.log,,120,,,1,2,0.144444
78,Naive,2026-09-22_00-51-36.log,,120,,,2,3,0.169444
78,Naive,2026-09-22_00-51-36.log,,120,,,3,4,0.225
78,Naive,2026-09-22_00-51-36.log,,120,,,4,5,0.241667
78,Naive,2026-09-22_00-51-36.log,,120,,,9,10,0.255556
78,Naive,2026-09-22_00-51-36.log,,120,,,51,52,0.288889
78,Naive,2026-09-22_00-51-36.log,,120,,,80,81,0.308333
78,Naive,2026-09-22_00-51-36.log,,120,,,162,163,0.322222
79,PSO,2026-09-22_00-59-40.log,60466,4,500.0,500.0,0,1,0.133333
79,PSO,2026-09-22_00-59-40.log,60466,4,500.0,500.0,0,3,0.197222
79,PSO,2026-09-22_00-59-40.log,60466,4,500.0,500.0,0,5,0.25
79,PSO,2026-09-22_00-59-40.log,60466,4,500.0,500.0,10,217,0.263889
79,PSO,2026-09-22_00-59-40.log,60466,4,500.0,500.0,14,293,0.266667
79,Naive,2026-09-22_01-07-37.log,,,,,0,1,0.133333
79,Naive,2026-09-22_01-07-37.log,,,,,2,3,0.197222
79,Naive,2026-09-22_01-07-37.log,,,,,4,5,0.25
79,Naive,2026-09-22_01-07-37.log,,,,,147,148,0.266667
80,PSO,2026-09-22_01-14-51.log,60466,4,500.0,500.0,0,1,0.133333
80,PSO,2026-09-22_01-14-51.log,60466,4,500.0,500.0,0,3,0.194444
80,PSO,2026-09-22_01-14-51.log,60466,4,500.0,500.0,0,5,0.247222
80,PSO,2026-09-22_01-14-51.log,60466,4,500.0,500.0,1,38,0.25
80,PSO,2026-09-22_01-14-51.log,60466,4,500.0,500.0,8,176,0.266667
80,PSO,2026-09-22_01-14-51.log,60466,4,500.0,500.0,18,373,0.275
80,Naive,2026-09-22_01-22-44.log,,,,,0,1,0.133333
80,Naive,2026-09-22_01-22-44.log,,,,,2,3,0.194444
80,Naive,2026-09-22_01-22-44.log,,,,,4,5,0.247222
80,Naive,2026-09-22_01-22-44.log,,,,,103,104,0.25
80,Naive,2026-09-22_01-22-44.log,,,,,147,148,0.266667
81,PSO,2026-09-22_01-29-52.log,60466,4,500.0,500.0,0,1,0.119444
81,PSO,2026-09-22_01-29-52.log,60466,4,500.0,500.0,0,3,0.161111
81,PSO,2026-09-22_01-29-52.log,60466,4,500.0,500.0,0,5,0.233333
81,PSO,2026-09-22_01-29-52.log,60466,4,500.0,500.0,15,304,0.238889
81,PSO,2026-09-22_01-29-52.log,60466,4,500.0,500.0,20,408,0.241667
81,Naive,2026-09-22_01-37-35.log,,,,,0,1,0.119444
81,Naive,2026-09-22_01-37-35.log,,,,,2,3,0.161111
81,Naive,2026-09-22_01-37-35.log,,,,,4,5,0.233333
81,Naive,2026-09-22_01-37-35.log,,,,,270,271,0.236111
82,PSO,2026-09-22_01-44-42.log,37283284,6,500.0,500.0,0,1,0.686111
82,PSO,2026-09-22_01-44-42.log,37283284,6,500.0,500.0,0,6,0.738889
82,PSO,2026-09-22_01-44-42.log,37283284,6,500.0,500.0,15,309,0.763889
82,PSO,2026-09-22_01-44-42.log,37283284,6,500.0,500.0,16,324,0.769444
82,PSO,2026-09-22_01-44-42.log,37283284,6,500.0,500.0,17,358,0.780556
82,Naive,2026-09-22_01-58-36.log,,63,,,0,1,0.686111
82,Naive,2026-09-22_01-58-36.log,,63,,,5,6,0.738889
82,Naive,2026-09-22_01-58-36.log,,63,,,22,23,0.763889
82,Naive,2026-09-22_01-58-36.log,,63,,,79,80,0.786111
82,Naive,2026-09-22_01-58-36.log,,63,,,345,346,0.825
83,PSO,2026-09-22_02-12-08.log,37283284,6,500.0,500.0,0,1,0.533333
83,PSO,2026-09-22_02-12-08.log,37283284,6,500.0,500.0,0,6,0.563889
83,PSO,2026-09-22_02-12-08.log,37283284,6,500.0,500.0,2,44,0.580556
83,PSO,2026-09-22_02-12-08.log,37283284,6,500.0,500.0,3,79,0.602778
83,PSO,2026-09-22_02-12-08.log,37283284,6,500.0,500.0,9,189,0.619444
83,PSO,2026-09-22_02-12-08.log,37283284,6,500.0,500.0,12,244,0.655556
83,PSO,2026-09-22_02-12-08.log,37283284,6,500.0,500.0,15,304,0.675
83,PSO,2026-09-22_02-12-08.log,37283284,6,500.0,500.0,20,408,0.7
83,Naive,2026-09-22_02-24-06.log,,384,,,0,1,0.533333
83,Naive,2026-09-22_02-24-06.log,,384,,,5,6,0.563889
83,Naive,2026-09-22_02-24-06.log,,384,,,25,26,0.575
83,Naive,2026-09-22_02-24-06.log,,384,,,92,93,0.602778
83,Naive,2026-09-22_02-24-06.log,,384,,,217,218,0.616667
83,Naive,2026-09-22_02-24-06.log,,384,,,333,334,0.669444
83,Naive,2026-09-22_02-24-06.log,,384,,,352,353,0.686111
84,PSO,2026-09-22_02-36-23.log,37283284,6,500.0,500.0,0,1,0.263889
84,PSO,2026-09-22_02-36-23.log,37283284,6,500.0,500.0,0,4,0.302778
84,PSO,2026-09-22_02-36-23.log,37283284,6,500.0,500.0,0,6,0.311111
84,PSO,2026-09-22_02-36-23.log,37283284,6,500.0,500.0,2,44,0.325
84,PSO,2026-09-22_02-36-23.log,37283284,6,500.0,500.0,5,120,0.375
84,PSO,2026-09-22_02-36-23.log,37283284,6,500.0,500.0,13,277,0.377778
84,Naive,2026-09-22_02-46-49.log,,301,,,0,1,0.263889
84,Naive,2026-09-22_02-46-49.log,,301,,,3,4,0.302778
84,Naive,2026-09-22_02-46-49.log,,301,,,5,6,0.311111
84,Naive,2026-09-22_02-46-49.log,,301,,,28,29,0.369444
84,Naive,2026-09-22_02-46-49.log,,301,,,175,176,0.377778
84,Naive,2026-09-22_02-46-49.log,,301,,,217,218,0.425
85,PSO,2026-09-22_02-57-24.log,37283284,6,500.0,500.0,0,1,0.555556
85,PSO,2026-09-22_02-57-24.log,37283284,6,500.0,500.0,0,7,0.6
85,PSO,2026-09-22_02-57-24.log,37283284,6,500.0,500.0,3,66,0.622222
85,PSO,2026-09-22_02-57-24.log,37283284,6,500.0,500.0,9,187,0.633333
85,Naive,2026-09-22_03-09-15.log,,144,,,0,1,0.555556
85,Naive,2026-09-22_03-09-15.log,,144,,,6,7,0.6
85,Naive,2026-09-22_03-09-15.log,,144,,,92,93,0.611111
85,Naive,2026-09-22_03-09-15.log,,144,,,296,297,0.619444
85,Naive,2026-09-22_03-09-15.log,,144,,,327,328,0.622222
86,PSO,2026-09-22_03-20-25.log,37283284,6,500.0,500.0,0,1,0.511111
86,PSO,2026-09-22_03-20-25.log,37283284,6,500.0,500.0,0,7,0.547222
86,PSO,2026-09-22_03-20-25.log,37283284,6,500.0,500.0,5,106,0.55
86,PSO,2026-09-22_03-20-25.log,37283284,6,500.0,500.0,7,156,0.577778
86,PSO,2026-09-22_03-20-25.log,37283284,6,500.0,500.0,10,207,0.588889
86,PSO,2026-09-22_03-20-25.log,37283284,6,500.0,500.0,10,220,0.591667
86,PSO,2026-09-22_03-20-25.log,37283284,6,500.0,500.0,13,263,0.6
86,Naive,2026-09-22_03-31-26.log,,367,,,0,1,0.511111
86,Naive,2026-09-22_03-31-26.log,,367,,,6,7,0.547222
86,Naive,2026-09-22_03-31-26.log,,367,,,92,93,0.552778
86,Naive,2026-09-22_03-31-26.log,,367,,,135,136,0.566667
87,PSO,2026-09-22_03-41-55.log,37283284,6,500.0,500.0,0,1,0.325
87,PSO,2026-09-22_03-41-55.log,37283284,6,500.0,500.0,0,7,0.344444
87,PSO,2026-09-22_03-41-55.log,37283284,6,500.0,500.0,12,246,0.347222
87,PSO,2026-09-22_03-41-55.log,37283284,6,500.0,500.0,15,315,0.355556
87,Naive,2026-09-22_03-51-06.log,,374,,,0,1,0.325
87,Naive,2026-09-22_03-51-06.log,,374,,,6,7,0.344444
87,Naive,2026-09-22_03-51-06.log,,374,,,36,37,0.372222
87,Naive,2026-09-22_03-51-06.log,,374,,,114,115,0.394444
87,Naive,2026-09-22_03-51-06.log,,374,,,330,331,0.436111
88,PSO,2026-09-22_04-00-30.log,37283284,6,500.0,500.0,0,1,0.280556
88,PSO,2026-09-22_04-00-30.log,37283284,6,500.0,500.0,0,3,0.283333
88,PSO,2026-09-22_04-00-30.log,37283284,6,500.0,500.0,0,13,0.291667
88,PSO,2026-09-22_04-00-30.log,37283284,6,500.0,500.0,4,84,0.305556
88,PSO,2026-09-22_04-00-30.log,37283284,6,500.0,500.0,5,107,0.308333
88,PSO,2026-09-22_04-00-30.log,37283284,6,500.0,500.0,5,111,0.333333
88,PSO,2026-09-22_04-00-30.log,37283284,6,500.0,500.0,7,150,0.347222
88,PSO,2026-09-22_04-00-30.log,37283284,6,500.0,500.0,8,179,0.352778
88,PSO,2026-09-22_04-00-30.log,37283284,6,500.0,500.0,10,210,0.358333
88,PSO,2026-09-22_04-00-30.log,37283284,6,500.0,500.0,10,219,0.366667
88,PSO,2026-09-22_04-00-30.log,37283284,6,500.0,500.0,16,336,0.391667
89,PSO,2026-09-22_04-09-26.log,37283284,6,500.0,500.0,0,1,0.277778
89,PSO,2026-09-22_04-09-26.log,37283284,6,500.0,500.0,0,3,0.283333
89,PSO,2026-09-22_04-09-26.log,37283284,6,500.0,500.0,0,13,0.291667
89,PSO,2026-09-22_04-09-26.log,37283284,6,500.0,500.0,4,87,0.294444
89,PSO,2026-09-22_04-09-26.log,37283284,6,500.0,500.0,5,104,0.333333
89,PSO,2026-09-22_04-09-26.log,37283284,6,500.0,500.0,5,111,0.344444
89,PSO,2026-09-22_04-09-26.log,37283284,6,500.0,500.0,11,230,0.347222
89,PSO,2026-09-22_04-09-26.log,37283284,6,500.0,500.0,12,254,0.35
89,PSO,2026-09-22_04-09-26.log,37283284,6,500.0,500.0,13,270,0.358333
89,PSO,2026-09-22_04-09-26.log,37283284,6,500.0,500.0,14,290,0.375
89,PSO,2026-09-22_04-09-26.log,37283284,6,500.0,500.0,17,357,0.377778
89,PSO,2026-09-22_04-09-26.log,37283284,6,500.0,500.0,19,390,0.380556
90,PSO,2026-09-22_04-18-13.log,37283284,6,500.0,500.0,0,1,0.238889
90,PSO,2026-09-22_04-18-13.log,37283284,6,500.0,500.0,0,3,0.247222
90,PSO,2026-09-22_04-18-13.log,37283284,6,500.0,500.0,4,92,0.263889
90,PSO,2026-09-22_04-18-13.log,37283284,6,500.0,500.0,6,130,0.283333
90,PSO,2026-09-22_04-18-13.log,37283284,6,500.0,500.0,11,226,0.3
90,PSO,2026-09-22_04-18-13.log,37283284,6,500.0,500.0,11,240,0.302778
90,PSO,2026-09-22_04-18-13.log,37283284,6,500.0,500.0,15,316,0.311111
90,PSO,2026-09-22_04-18-13.log,37283284,6,500.0,500.0,17,346,0.333333
91,PSO,2026-09-22_04-26-21.log,1555680,6,500.0,500.0,0,1,0.586111
91,PSO,2026-09-22_04-26-21.log,1555680,6,500.0,500.0,0,4,0.65
91,PSO,2026-09-22_04-26-21.log,1555680,6,500.0,500.0,0,15,0.688889
91,PSO,2026-09-22_04-26-21.log,1555680,6,500.0,500.0,3,70,0.711111
91,PSO,2026-09-22_04-26-21.log,1555680,6,500.0,500.0,4,90,0.719444
91,PSO,2026-09-22_04-26-21.log,1555680,6,500.0,500.0,4,95,0.725
91,PSO,2026-09-22_04-26-21.log,1555680,6,500.0,500.0,7,158,0.738889
91,PSO,2026-09-22_04-26-21.log,1555680,6,500.0,500.0,8,175,0.75
91,PSO,2026-09-22_04-26-21.log,1555680,6,500.0,500.0,9,193,0.775
91,PSO,2026-09-22_04-26-21.log,1555680,6,500.0,500.0,9,196,0.777778
91,PSO,2026-09-22_04-26-21.log,1555680,6,500.0,500.0,12,260,0.816667
91,Naive,2026-09-22_04-40-06.log,,230,,,0,1,0.586111
91,Naive,2026-09-22_04-40-06.log,,230,,,3,4,0.65
91,Naive,2026-09-22_04-40-06.log,,230,,,14,15,0.688889
91,Naive,2026-09-22_04-40-06.log,,230,,,20,21,0.758333
92,PSO,2026-09-22_04-53-29.log,1555680,6,500.0,500.0,0,1,0.458333
92,PSO,2026-09-22_04-53-29.log,1555680,6,500.0,500.0,0,4,0.505556
92,PSO,2026-09-22_04-53-29.log,1555680,6,500.0,500.0,0,15,0.547222
92,PSO,2026-09-22_04-53-29.log,1555680,6,500.0,500.0,1,33,0.552778
92,PSO,2026-09-22_04-53-29.log,1555680,6,500.0,500.0,2,48,0.561111
92,PSO,2026-09-22_04-53-29.log,1555680,6,500.0,500.0,3,75,0.563889
92,PSO,2026-09-22_04-53-29.log,1555680,6,500.0,500.0,4,96,0.588889
92,PSO,2026-09-22_04-53-29.log,1555680,6,500.0,500.0,8,165,0.633333
92,PSO,2026-09-22_04-53-29.log,1555680,6,500.0,500.0,10,213,0.636111
92,PSO,2026-09-22_04-53-29.log,1555680,6,500.0,500.0,13,270,0.641667
92,PSO,2026-09-22_04-53-29.log,1555680,6,500.0,500.0,14,298,0.663889
92,Naive,2026-09-22_05-06-15.log,,230,,,0,1,0.458333
92,Naive,2026-09-22_05-06-15.log,,230,,,3,4,0.505556
92,Naive,2026-09-22_05-06-15.log,,230,,,14,15,0.547222
92,Naive,2026-09-22_05-06-15.log,,230,,,20,21,0.622222
93,PSO,2026-09-22_05-18-25.log,1555680,6,500.0,500.0,0,1,0.191667
93,PSO,2026-09-22_05-18-25.log,1555680,6,500.0,500.0,0,4,0.227778
93,PSO,2026-09-22_05-18-25.log,1555680,6,500.0,500.0,0,6,0.244444
93,PSO,2026-09-22_05-18-25.log,1555680,6,500.0,500.0,0,7,0.286111
93,PSO,2026-09-22_05-18-25.log,1555680,6,500.0,500.0,0,11,0.291667
93,PSO,2026-09-22_05-18-25.log,1555680,6,500.0,500.0,0,16,0.308333
93,PSO,2026-09-22_05-18-25.log,1555680,6,500.0,500.0,2,59,0.313889
93,PSO,2026-09-22_05-18-25.log,1555680,6,500.0,500.0,3,64,0.316667
93,PSO,2026-09-22_05-18-25.log,1555680,6,500.0,500.0,3,79,0.322222
93,PSO,2026-09-22_05-18-25.log,1555680,6,500.0,500.0,4,82,0.327778
93,PSO,2026-09-22_05-18-25.log,1555680,6,500.0,500.0,6,138,0.35
93,PSO,2026-09-22_05-18-25.log,1555680,6,500.0,500.0,7,142,0.369444
93,PSO,2026-09-22_05-18-25.log,1555680,6,500.0,500.0,7,159,0.375
93,PSO,2026-09-22_05-18-25.log,1555680,6,500.0,500.0,8,170,0.383333
93,PSO,2026-09-22_05-18-25.log,1555680,6,500.0,500.0,9,190,0.388889
93,PSO,2026-09-22_05-18-25.log,1555680,6,500.0,500.0,13,279,0.425
93,PSO,2026-09-22_05-18-25.log,1555680,6,500.0,500.0,16,338,0.444444
93,Naive,2026-09-22_05-29-21.log,,232,,,0,1,0.191667
93,Naive,2026-09-22_05-29-21.log,,232,,,3,4,0.227778
93,Naive,2026-09-22_05-29-21.log,,232,,,5,6,0.244444
93,Naive,2026-09-22_05-29-21.log,,232,,,6,7,0.286111
93,Naive,2026-09-22_05-29-21.log,,232,,,10,11,0.291667
93,Naive,2026-09-22_05-29-21.log,,232,,,15,16,0.308333
93,Naive,2026-09-22_05-29-21.log,,232,,,20,21,0.35
93,Naive,2026-09-22_05-29-21.log,,232,,,95,96,0.402778
93,Naive,2026-09-22_05-29-21.log,,232,,,344,345,0.405556
94,PSO,2026-09-22_05-39-43.log,1555680,6,500.0,500.0,0,1,0.422222
94,PSO,2026-09-22_05-39-43.log,1555680,6,500.0,500.0,0,3,0.494444
94,PSO,2026-09-22_05-39-43.log,1555680,6,500.0,500.0,0,9,0.497222
94,PSO,2026-09-22_05-39-43.log,1555680,6,500.0,500.0,0,11,0.547222
94,PSO,2026-09-22_05-39-43.log,1555680,6,500.0,500.0,0,13,0.586111
94,PSO,2026-09-22_05-39-43.log,1555680,6,500.0,500.0,5,101,0.619444
94,PSO,2026-09-22_05-39-43.log,1555680,6,500.0,500.0,8,173,0.627778
94,PSO,2026-09-22_05-39-43.log,1555680,6,500.0,500.0,14,293,0.633333
94,PSO,2026-09-22_05-39-43.log,1555680,6,500.0,500.0,15,313,0.636111
94,PSO,2026-09-22_05-39-43.log,1555680,6,500.0,500.0,20,401,0.647222
94,Naive,2026-09-22_05-50-26.log,,35,,,0,1,0.422222
94,Naive,2026-09-22_05-50-26.log,,35,,,2,3,0.494444
94,Naive,2026-09-22_05-50-26.log,,35,,,8,9,0.497222
94,Naive,2026-09-22_05-50-26.log,,35,,,10,11,0.547222
94,Naive,2026-09-22_05-50-26.log,,35,,,12,13,0.586111
94,Naive,2026-09-22_05-50-26.log,,35,,,89,90,0.588889
94,Naive,2026-09-22_05-50-26.log,,35,,,120,121,0.6
94,Naive,2026-09-22_05-50-26.log,,35,,,180,181,0.602778
94,Naive,2026-09-22_05-50-26.log,,35,,,215,216,0.605556
94,Naive,2026-09-22_05-50-26.log,,35,,,311,312,0.638889
94,Naive,2026-09-22_05-50-26.log,,35,,,350,351,0.647222
95,PSO,2026-09-22_06-01-47.log,1555680,6,500.0,500.0,0,1,0.347222
95,PSO,2026-09-22_06-01-47.log,1555680,6,500.0,500.0,0,3,0.402778
95,PSO,2026-09-22_06-01-47.log,1555680,6,500.0,500.0,0,5,0.430556
95,PSO,2026-09-22_06-01-47.log,1555680,6,500.0,500.0,0,8,0.494444
95,PSO,2026-09-22_06-01-47.log,1555680,6,500.0,500.0,0,11,0.497222
95,PSO,2026-09-22_06-01-47.log,1555680,6,500.0,500.0,0,13,0.527778
95,PSO,2026-09-22_06-01-47.log,1555680,6,500.0,500.0,6,121,0.563889
95,PSO,2026-09-22_06-01-47.log,1555680,6,500.0,500.0,7,141,0.6
95,PSO,2026-09-22_06-01-47.log,1555680,6,500.0,500.0,12,244,0.611111
95,PSO,2026-09-22_06-01-47.log,1555680,6,500.0,500.0,12,253,0.625
95,PSO,2026-09-22_06-01-47.log,1555680,6,500.0,500.0,19,383,0.644444
95,PSO,2026-09-22_06-01-47.log,1555680,6,500.0,500.0,20,403,0.663889
95,Naive,2026-09-22_06-11-58.log,,236,,,0,1,0.347222
95,Naive,2026-09-22_06-11-58.log,,236,,,2,3,0.402778
95,Naive,2026-09-22_06-11-58.log,,236,,,4,5,0.430556
95,Naive,2026-09-22_06-11-58.log,,236,,,7,8,0.494444
95,Naive,2026-09-22_06-11-58.log,,236,,,10,11,0.497222
95,Naive,2026-09-22_06-11-58.log,,236,,,12,13,0.527778
95,Naive,2026-09-22_06-11-58.log,,236,,,89,90,0.561111
95,Naive,2026-09-22_06-11-58.log,,236,,,345,346,0.566667
95,Naive,2026-09-22_06-11-58.log,,236,,,389,390,0.572222
96,PSO,2026-09-22_06-22-44.log,1555680,6,500.0,500.0,0,1,0.169444
96,PSO,2026-09-22_06-22-44.log,1555680,6,500.0,500.0,0,3,0.311111
96,PSO,2026-09-22_06-22-44.log,1555680,6,500.0,500.0,0,8,0.352778
96,PSO,2026-09-22_06-22-44.log,1555680,6,500.0,500.0,0,11,0.375
96,PSO,2026-09-22_06-22-44.log,1555680,6,500.0,500.0,10,202,0.386111
96,PSO,2026-09-22_06-22-44.log,1555680,6,500.0,500.0,11,236,0.4
96,PSO,2026-09-22_06-22-44.log,1555680,6,500.0,500.0,16,327,0.422222
96,Naive,2026-09-22_06-32-26.log,,287,,,0,1,0.169444
96,Naive,2026-09-22_06-32-26.log,,287,,,2,3,0.311111
96,Naive,2026-09-22_06-32-26.log,,287,,,7,8,0.352778
96,Naive,2026-09-22_06-32-26.log,,287,,,10,11,0.375
96,Naive,2026-09-22_06-32-26.log,,287,,,28,29,0.377778
96,Naive,2026-09-22_06-32-26.log,,287,,,259,260,0.388889
96,Naive,2026-09-22_06-32-26.log,,287,,,307,308,0.408333
97,PSO,2026-09-22_06-41-58.log,1555680,6,500.0,500.0,0,1,0.133333
97,PSO,2026-09-22_06-41-58.log,1555680,6,500.0,500.0,0,2,0.2
97,PSO,2026-09-22_06-41-58.log,1555680,6,500.0,500.0,0,3,0.313889
97,PSO,2026-09-22_06-41-58.log,1555680,6,500.0,500.0,6,132,0.316667
97,PSO,2026-09-22_06-41-58.log,1555680,6,500.0,500.0,9,192,0.330556
97,PSO,2026-09-22_06-41-58.log,1555680,6,500.0,500.0,11,232,0.333333
97,PSO,2026-09-22_06-41-58.log,1555680,6,500.0,500.0,12,250,0.347222
97,PSO,2026-09-22_06-41-58.log,1555680,6,500.0,500.0,12,259,0.35
97,PSO,2026-09-22_06-41-58.log,1555680,6,500.0,500.0,13,272,0.358333
98,PSO,2026-09-22_06-50-28.log,1555680,6,500.0,500.0,0,1,0.147222
98,PSO,2026-09-22_06-50-28.log,1555680,6,500.0,500.0,0,2,0.2
98,PSO,2026-09-22_06-50-28.log,1555680,6,500.0,500.0,0,3,0.316667
98,PSO,2026-09-22_06-50-28.log,1555680,6,500.0,500.0,6,132,0.319444
98,PSO,2026-09-22_06-50-28.log,1555680,6,500.0,500.0,9,192,0.333333
98,PSO,2026-09-22_06-50-28.log,1555680,6,500.0,500.0,12,250,0.358333
99,PSO,2026-09-22_06-58-50.log,1555680,6,500.0,500.0,0,1,0.127778
99,PSO,2026-09-22_06-58-50.log,1555680,6,500.0,500.0,0,2,0.152778
99,PSO,2026-09-22_06-58-50.log,1555680,6,500.0,500.0,0,3,0.272222
99,PSO,2026-09-22_06-58-50.log,1555680,6,500.0,500.0,0,18,0.275
99,PSO,2026-09-22_06-58-50.log,1555680,6,500.0,500.0,5,105,0.308333
99,PSO,2026-09-22_06-58-50.log,1555680,6,500.0,500.0,11,239,0.319444
100,PSO,2026-09-22_07-07-19.log,60466,6,500.0,500.0,0,1,0.561111
100,PSO,2026-09-22_07-07-19.log,60466,6,500.0,500.0,0,2,0.680556
100,PSO,2026-09-22_07-07-19.log,60466,6,500.0,500.0,0,7,0.697222
100,PSO,2026-09-22_07-07-19.log,60466,6,500.0,500.0,0,15,0.702778
100,PSO,2026-09-22_07-07-19.log,60466,6,500.0,500.0,4,93,0.711111
100,PSO,2026-09-22_07-07-19.log,60466,6,500.0,500.0,5,109,0.722222
100,PSO,2026-09-22_07-07-19.log,60466,6,500.0,500.0,5,110,0.741667
100,PSO,2026-09-22_07-07-19.log,60466,6,500.0,500.0,6,121,0.744444
100,PSO,2026-09-22_07-07-19.log,60466,6,500.0,500.0,7,150,0.766667
100,PSO,2026-09-22_07-07-19.log,60466,6,500.0,500.0,8,163,0.772222
100,PSO,2026-09-22_07-07-19.log,60466,6,500.0,500.0,10,204,0.791667
100,PSO,2026-09-22_07-07-19.log,60466,6,500.0,500.0,14,289,0.794444
100,Naive,2026-09-22_07-20-36.log,,389,,,0,1,0.561111
100,Naive,2026-09-22_07-20-36.log,,389,,,1,2,0.680556
100,Naive,2026-09-22_07-20-36.log,,389,,,6,7,0.697222
100,Naive,2026-09-22_07-20-36.log,,389,,,14,15,0.702778
100,Naive,2026-09-22_07-20-36.log,,389,,,26,27,0.733333
100,Naive,2026-09-22_07-20-36.log,,389,,,71,72,0.786111
100,Naive,2026-09-22_07-20-36.log,,389,,,396,397,0.813889
101,PSO,2026-09-22_07-33-43.log,60466,6,500.0,500.0,0,1,0.461111
101,PSO,2026-09-22_07-33-43.log,60466,6,500.0,500.0,0,2,0.527778
101,PSO,2026-09-22_07-33-43.log,60466,6,500.0,500.0,0,15,0.594444
101,PSO,2026-09-22_07-33-43.log,60466,6,500.0,500.0,5,101,0.608333
101,PSO,2026-09-22_07-33-43.log,60466,6,500.0,500.0,6,129,0.630556
101,PSO,2026-09-22_07-33-43.log,60466,6,500.0,500.0,11,223,0.633333
101,PSO,2026-09-22_07-33-43.log,60466,6,500.0,500.0,14,292,0.641667
101,Naive,2026-09-22_07-46-13.log,,389,,,0,1,0.461111
101,Naive,2026-09-22_07-46-13.log,,389,,,1,2,0.527778
101,Naive,2026-09-22_07-46-13.log,,389,,,14,15,0.594444
101,Naive,2026-09-22_07-46-13.log,,389,,,71,72,0.625
101,Naive,2026-09-22_07-46-13.log,,389,,,91,92,0.630556
101,Naive,2026-09-22_07-46-13.log,,389,,,396,397,0.638889
102,PSO,2026-09-22_07-58-11.log,60466,6,500.0,500.0,0,1,0.175
102,PSO,2026-09-22_07-58-11.log,60466,6,500.0,500.0,0,2,0.191667
102,PSO,2026-09-22_07-58-11.log,60466,6,500.0,500.0,0,5,0.202778
102,PSO,2026-09-22_07-58-11.log,60466,6,500.0,500.0,0,7,0.216667
102,PSO,2026-09-22_07-58-11.log,60466,6,500.0,500.0,0,13,0.225
102,PSO,2026-09-22_07-58-11.log,60466,6,500.0,500.0,0,15,0.280556
102,PSO,2026-09-22_07-58-11.log,60466,6,500.0,500.0,4,91,0.286111
102,PSO,2026-09-22_07-58-11.log,60466,6,500.0,500.0,6,135,0.308333
102,PSO,2026-09-22_07-58-11.log,60466,6,500.0,500.0,8,168,0.361111
102,Naive,2026-09-22_08-09-08.log,,347,,,0,1,0.175
102,Naive,2026-09-22_08-09-08.log,,347,,,1,2,0.191667
102,Naive,2026-09-22_08-09-08.log,,347,,,4,5,0.202778
102,Naive,2026-09-22_08-09-08.log,,347,,,6,7,0.216667
102,Naive,2026-09-22_08-09-08.log,,347,,,12,13,0.225
102,Naive,2026-09-22_08-09-08.log,,347,,,14,15,0.280556
102,Naive,2026-09-22_08-09-08.log,,347,,,59,60,0.313889
102,Naive,2026-09-22_08-09-08.log,,347,,,91,92,0.366667
102,Naive,2026-09-22_08-09-08.log,,347,,,173,174,0.377778
103,PSO,2026-09-22_08-19-32.log,60466,6,500.0,500.0,0,1,0.447222
103,PSO,2026-09-22_08-19-32.log,60466,6,500.0,500.0,0,2,0.516667
103,PSO,2026-09-22_08-19-32.log,60466,6,500.0,500.0,0,7,0.586111
103,PSO,2026-09-22_08-19-32.log,60466,6,500.0,500.0,2,42,0.6
103,PSO,2026-09-22_08-19-32.log,60466,6,500.0,500.0,6,126,0.627778
103,PSO,2026-09-22_08-19-32.log,60466,6,500.0,500.0,6,135,0.713889
103,Naive,2026-09-22_08-30-33.log,,171,,,0,1,0.447222
103,Naive,2026-09-22_08-30-33.log,,171,,,1,2,0.516667
103,Naive,2026-09-22_08-30-33.log,,171,,,6,7,0.586111
103,Naive,2026-09-22_08-30-33.log,,171,,,41,42,0.588889
103,Naive,2026-09-22_08-30-33.log,,171,,,45,46,0.591667
103,Naive,2026-09-22_08-30-33.log,,171,,,53,54,0.594444
103,Naive,2026-09-22_08-30-33.log,,171,,,60,61,0.644444
103,Naive,2026-09-22_08-30-33.log,,171,,,75,76,0.677778
103,Naive,2026-09-22_08-30-33.log,,171,,,394,395,0.686111
104,PSO,2026-09-22_08-41-53.log,60466,6,500.0,500.0,0,1,0.383333
104,PSO,2026-09-22_08-41-53.log,60466,6,500.0,500.0,0,2,0.45
104,PSO,2026-09-22_08-41-53.log,60466,6,500.0,500.0,0,3,0.463889
104,PSO,2026-09-22_08-41-53.log,60466,6,500.0,500.0,0,7,0.475
104,PSO,2026-09-22_08-41-53.log,60466,6,500.0,500.0,0,12,0.483333
104,PSO,2026-09-22_08-41-53.log,60466,6,500.0,500.0,0,14,0.486111
104,PSO,2026-09-22_08-41-53.log,60466,6,500.0,500.0,0,17,0.508333
104,PSO,2026-09-22_08-41-53.log,60466,6,500.0,500.0,3,75,0.519444
104,PSO,2026-09-22_08-41-53.log,60466,6,500.0,500.0,5,119,0.541667
104,PSO,2026-09-22_08-41-53.log,60466,6,500.0,500.0,6,139,0.55
104,PSO,2026-09-22_08-41-53.log,60466,6,500.0,500.0,9,199,0.552778
104,PSO,2026-09-22_08-41-53.log,60466,6,500.0,500.0,11,228,0.563889
104,PSO,2026-09-22_08-41-53.log,60466,6,500.0,500.0,12,256,0.569444
104,PSO,2026-09-22_08-41-53.log,60466,6,500.0,500.0,12,259,0.594444
104,Naive,2026-09-22_08-52-36.log,,62,,,0,1,0.383333
104,Naive,2026-09-22_08-52-36.log,,62,,,1,2,0.45
104,Naive,2026-09-22_08-52-36.log,,62,,,2,3,0.463889
104,Naive,2026-09-22_08-52-36.log,,62,,,6,7,0.475
104,Naive,2026-09-22_08-52-36.log,,62,,,11,12,0.483333
104,Naive,2026-09-22_08-52-36.log,,62,,,13,14,0.486111
104,Naive,2026-09-22_08-52-36.log,,62,,,16,17,0.508333
104,Naive,2026-09-22_08-52-36.log,,62,,,20,21,0.513889
104,Naive,2026-09-22_08-52-36.log,,62,,,41,42,0.522222
104,Naive,2026-09-22_08-52-36.log,,62,,,45,46,0.541667
104,Naive,2026-09-22_08-52-36.log,,62,,,60,61,0.544444
104,Naive,2026-09-22_08-52-36.log,,62,,,75,76,0.608333
105,PSO,2026-09-22_09-03-19.log,60466,6,500.0,500.0,0,1,0.247222
105,PSO,2026-09-22_09-03-19.log,60466,6,500.0,500.0,0,2,0.297222
105,PSO,2026-09-22_09-03-19.log,60466,6,500.0,500.0,0,4,0.302778
105,PSO,2026-09-22_09-03-19.log,60466,6,500.0,500.0,0,11,0.313889
105,PSO,2026-09-22_09-03-19.log,60466,6,500.0,500.0,0,13,0.316667
105,PSO,2026-09-22_09-03-19.log,60466,6,500.0,500.0,0,14,0.372222
105,PSO,2026-09-22_09-03-19.log,60466,6,500.0,500.0,5,116,0.411111
105,PSO,2026-09-22_09-03-19.log,60466,6,500.0,500.0,8,174,0.422222
105,PSO,2026-09-22_09-03-19.log,60466,6,500.0,500.0,15,309,0.438889
105,PSO,2026-09-22_09-03-19.log,60466,6,500.0,500.0,17,349,0.45
105,Naive,2026-09-22_09-13-07.log,,177,,,0,1,0.247222
105,Naive,2026-09-22_09-13-07.log,,177,,,1,2,0.297222
105,Naive,2026-09-22_09-13-07.log,,177,,,3,4,0.302778
105,Naive,2026-09-22_09-13-07.log,,177,,,10,11,0.313889
105,Naive,2026-09-22_09-13-07.log,,177,,,12,13,0.316667
105,Naive,2026-09-22_09-13-07.log,,177,,,13,14,0.372222
105,Naive,2026-09-22_09-13-07.log,,177,,,96,97,0.394444
106,PSO,2026-09-22_09-22-51.log,60466,6,500.0,500.0,0,1,0.183333
106,PSO,2026-09-22_09-22-51.log,60466,6,500.0,500.0,0,2,0.186111
106,PSO,2026-09-22_09-22-51.log,60466,6,500.0,500.0,0,3,0.2
106,PSO,2026-09-22_09-22-51.log,60466,6,500.0,500.0,0,4,0.325
106,PSO,2026-09-22_09-22-51.log,60466,6,500.0,500.0,0,12,0.372222
106,PSO,2026-09-22_09-22-51.log,60466,6,500.0,500.0,2,57,0.413889
106,PSO,2026-09-22_09-22-51.log,60466,6,500.0,500.0,11,221,0.422222
106,PSO,2026-09-22_09-22-51.log,60466,6,500.0,500.0,14,289,0.438889
106,PSO,2026-09-22_09-22-51.log,60466,6,500.0,500.0,16,322,0.461111
107,PSO,2026-09-22_09-32-40.log,60466,6,500.0,500.0,0,1,0.183333
107,PSO,2026-09-22_09-32-40.log,60466,6,500.0,500.0,0,2,0.191667
107,PSO,2026-09-22_09-32-40.log,60466,6,500.0,500.0,0,3,0.2
107,PSO,2026-09-22_09-32-40.log,60466,6,500.0,500.0,0,4,0.333333
107,PSO,2026-09-22_09-32-40.log,60466,6,500.0,500.0,0,12,0.372222
107,PSO,2026-09-22_09-32-40.log,60466,6,500.0,500.0,2,57,0.413889
107,PSO,2026-09-22_09-32-40.log,60466,6,500.0,500.0,11,221,0.425
108,PSO,2026-09-22_09-42-16.log,60466,6,500.0,500.0,0,1,0.163889
108,PSO,2026-09-22_09-42-16.log,60466,6,500.0,500.0,0,2,0.183333
108,PSO,2026-09-22_09-42-16.log,60466,6,500.0,500.0,0,4,0.252778
108,PSO,2026-09-22_09-42-16.log,60466,6,500.0,500.0,0,8,0.261111
108,PSO,2026-09-22_09-42-16.log,60466,6,500.0,500.0,0,12,0.327778
108,PSO,2026-09-22_09-42-16.log,60466,6,500.0,500.0,7,156,0.336111
108,PSO,2026-09-22_09-42-16.log,60466,6,500.0,500.0,11,231,0.355556
108,PSO,2026-09-22_09-42-16.log,60466,6,500.0,500.0,14,290,0.363889
108,PSO,2026-09-22_09-42-16.log,60466,6,500.0,500.0,19,400,0.372222
