scenario_id,n_clusters,n_nodes,node_id,x,y
0,5,40,0,240.394,217.008
0,5,40,1,267.054,180.94
0,5,40,2,15.0555,66.3427
0,5,40,3,153.452,155.388
0,5,40,4,79.6767,301.644
0,5,40,5,97.8804,76.448
0,5,40,6,36.8948,158.683
0,5,40,7,326.586,325.06
0,5,40,8,229.445,169.632
0,5,40,9,305.398,231.437
0,5,40,10,215.364,25.3956
0,5,40,11,158.369,60.9858
0,5,40,12,189.465,123.995
0,5,40,13,178.134,225.319
0,5,40,14,320.319,195.344
0,5,40,15,70.3362,14.2999
0,5,40,16,174.641,84.4619
0,5,40,17,49.3068,104.959
0,5,40,18,337.591,187.376
0,5,40,19,310.404,136.706
0,5,40,20,204.208,145.904
0,5,40,21,125.276,278.061
0,5,40,22,60.8087,110.797
0,5,40,23,17.6188,294.2
0,5,40,24,277.145,253.505
0,5,40,25,348.934,284.459
0,5,40,26,192.988,240.198
0,5,40,27,288.925,30.115
0,5,40,28,34.8214,116.895
0,5,40,29,249.208,268.526
0,5,40,30,121.454,95.5346
0,5,40,31,281.897,206.195
0,5,40,32,226.32,319.453
0,5,40,33,8.02133,340.56
0,5,40,34,88.2272,256.18
0,5,40,35,105.082,7.37049
0,5,40,36,66.9128,313.612
0,5,40,37,142.316,344.731
0,5,40,38,136.087,45.1932
0,5,40,39,256.986,36.2814
1,5,40,0,113.001,64.9085
1,5,40,1,181.518,42.4974
1,5,40,2,259.72,235.093
1,5,40,3,5.93922,165.152
1,5,40,4,218.843,196.614
1,5,40,5,43.8501,154.006
1,5,40,6,342.894,112.562
1,5,40,7,135.299,264.825
1,5,40,8,160.705,129.493
1,5,40,9,320.689,29.082
1,5,40,10,66.3196,338.242
1,5,40,11,274.557,21.4516
1,5,40,12,145.756,59.7172
1,5,40,13,241.415,100.345
1,5,40,14,295.924,11.2715
1,5,40,15,25.1297,240.231
1,5,40,16,266.996,301.547
1,5,40,17,78.6802,0.0960066
1,5,40,18,33.8658,322.513
1,5,40,19,194.589,80.2092
1,5,40,20,35.2156,345.646
1,5,40,21,93.5407,277.9
1,5,40,22,228.31,254.557
1,5,40,23,83.905,146.848
1,5,40,24,11.8064,282.277
1,5,40,25,309.66,183.221
1,5,40,26,248.038,309.633
1,5,40,27,184.06,331.718
1,5,40,28,155.543,206.21
1,5,40,29,326.013,186.774
1,5,40,30,96.357,221.721
1,5,40,31,127.426,135.973
1,5,40,32,333.221,48.074
1,5,40,33,299.525,173.964
1,5,40,34,167.55,121.328
1,5,40,35,55.7011,89.2967
1,5,40,36,287.293,296.992
1,5,40,37,213.183,218.342
1,5,40,38,201.98,72.2107
1,5,40,39,121.839,250.472
2,5,40,0,245.984,335.193
2,5,40,1,116.377,318.288
2,5,40,2,286.212,18.9804
2,5,40,3,84.0959,169.92
2,5,40,4,239.111,161.085
2,5,40,5,36.7325,232.763
2,5,40,6,264.722,178.851
2,5,40,7,300.394,253.883
2,5,40,8,1.84936,143.796
2,5,40,9,345.444,133.815
2,5,40,10,340.026,104.564
2,5,40,11,32.4143,3.24079
2,5,40,12,331.441,117.723
2,5,40,13,47.4233,74.9562
2,5,40,14,185.306,264.138
2,5,40,15,166.208,38.9782
2,5,40,16,140.747,14.4804
2,5,40,17,75.2962,90.9726
2,5,40,18,170.572,130.139
2,5,40,19,134.832,112.185
2,5,40,20,98.186,294.943
2,5,40,21,64.8046,60.2209
2,5,40,22,260.8,251.419
2,5,40,23,235.16,244.706
2,5,40,24,55.1071,81.0369
2,5,40,25,206.487,328.139
2,5,40,26,310.874,341.911
2,5,40,27,177.726,301.682
2,5,40,28,198.918,307.631
2,5,40,29,321.224,62.2682
2,5,40,30,109.749,207.433
2,5,40,31,215.637,271.661
2,5,40,32,274.361,283.518
2,5,40,33,222.986,224.593
2,5,40,34,90.3092,52.2054
2,5,40,35,297.456,184.483
2,5,40,36,130.156,31.4079
2,5,40,37,20.0277,150.267
2,5,40,38,11.5925,210.509
2,5,40,39,149.326,199.423
3,5,40,0,274.063,86.7389
3,5,40,1,245.698,304.328
3,5,40,2,123.07,151.364
3,5,40,3,173.689,349.66
3,5,40,4,53.2968,232.814
3,5,40,5,83.2329,66.333
3,5,40,6,182.975,30.8692
3,5,40,7,322.85,180.604
3,5,40,8,34.024,163.453
3,5,40,9,72.5805,43.4364
3,5,40,10,14.808,202.746
3,5,40,11,221.046,111.359
3,5,40,12,48.634,218.454
3,5,40,13,263.142,279.003
3,5,40,14,198.673,240.811
3,5,40,15,232.515,47.9641
3,5,40,16,141.027,281.501
3,5,40,17,335.135,90.2626
3,5,40,18,154.447,145.708
3,5,40,19,216.986,26.0344
3,5,40,20,242.534,57.192
3,5,40,21,38.9419,324.085
3,5,40,22,347.018,323.709
3,5,40,23,89.1461,314.88
3,5,40,24,8.598,224.558
3,5,40,25,105.405,73.0823
3,5,40,26,166.219,260.674
3,5,40,27,288.493,197.604
3,5,40,28,324.33,103.798
3,5,40,29,290.704,266.488
3,5,40,30,68.4737,13.0538
3,5,40,31,208.247,296.013
3,5,40,32,134.273,187.651
3,5,40,33,254.003,250.147
3,5,40,34,187.418,124.777
3,5,40,35,311.179,338.274
3,5,40,36,300.045,121.755
3,5,40,37,98.7923,173.366
3,5,40,38,116.02,0.590049
3,5,40,39,23.5177,139.902
4,5,40,0,161.498,43.4153
4,5,40,1,154.906,243.573
4,5,40,2,330.077,124.183
4,5,40,3,168.737,9.79894
4,5,40,4,128.803,318.009
4,5,40,5,266.367,191.616
4,5,40,6,139.629,173.634
4,5,40,7,59.0392,121.483
4,5,40,8,26.3716,285.418
4,5,40,9,107.701,66.0566
4,5,40,10,250.552,221.117
4,5,40,11,71.2417,147.298
4,5,40,12,189.552,108.473
4,5,40,13,50.2744,2.33614
4,5,40,14,6.37037,45.2812
4,5,40,15,334.459,137.836
4,5,40,16,285.54,82.9505
4,5,40,17,301.378,294.506
4,5,40,18,96.8505,166.211
4,5,40,19,62.2863,95.495
4,5,40,20,217.064,31.1985
4,5,40,21,43.1703,198.614
4,5,40,22,233.234,179.545
4,5,40,23,289.021,332.458
4,5,40,24,178.982,310.291
4,5,40,25,272.56,260.884
4,5,40,26,121.583,150.709
4,5,40,27,255.348,263.822
4,5,40,28,89.28,279.238
4,5,40,29,348.24,232.957
4,5,40,30,81.9493,251.318
4,5,40,31,241.959,210.896
4,5,40,32,308.125,347.049
4,5,40,33,202.19,19.1193
4,5,40,34,322.593,338.866
4,5,40,35,140.531,57.964
4,5,40,36,23.3504,104.83
4,5,40,37,220.81,74.1561
4,5,40,38,199.431,201.998
4,5,40,39,12.3665,300.933
5,5,40,0,71.8213,107.247
5,5,40,1,295.869,345.371
5,5,40,2,128.703,227.85
5,5,40,3,79.714,138.194
5,5,40,4,32.5746,142.457
5,5,40,5,209.509,173.523
5,5,40,6,323.702,302.722
5,5,40,7,227.885,310.06
5,5,40,8,300.3,80.6156
5,5,40,9,258.483,203.422
5,5,40,10,117.406,40.6695
5,5,40,11,35.1465,193.041
5,5,40,12,210.994,14.7201
5,5,40,13,187.958,104.158
5,5,40,14,140.463,157.639
5,5,40,15,108.177,269.318
5,5,40,16,274.425,60.766
5,5,40,17,154.662,125.16
5,5,40,18,132.904,324.325
5,5,40,19,222.199,122.138
5,5,40,20,308.454,246.583
5,5,40,21,91.6492,317.772
5,5,40,22,182.31,27.3288
5,5,40,23,6.10458,22.564
5,5,40,24,329.917,294.225
5,5,40,25,173.685,65.1368
5,5,40,26,245.968,178.884
5,5,40,27,283.503,87.9305
5,5,40,28,236.573,77.2966
5,5,40,29,197.697,4.47949
5,5,40,30,100.067,48.1873
5,5,40,31,23.6317,242.305
5,5,40,32,64.7491,215.338
5,5,40,33,262.889,281.852
5,5,40,34,162.689,185.636
5,5,40,35,44.4412,155.271
5,5,40,36,335.589,255.467
5,5,40,37,343.534,276.225
5,5,40,38,17.0227,225.4
5,5,40,39,53.7766,335.667
6,5,40,0,306.987,265.404
6,5,40,1,117.714,306.242
6,5,40,2,178.365,83.9009
6,5,40,3,192.946,14.8634
6,5,40,4,131.323,293.069
6,5,40,5,293.597,102.369
6,5,40,6,339.965,186.064
6,5,40,7,35.4752,8.46994
6,5,40,8,257.04,346.493
6,5,40,9,321.478,154.062
6,5,40,10,144.038,163.277
6,5,40,11,6.52865,248.926
6,5,40,12,346.297,340.774
6,5,40,13,84.5196,35.3923
6,5,40,14,60.2787,244.737
6,5,40,15,225.465,171.644
6,5,40,16,207.752,121.251
6,5,40,17,10.8526,204.816
6,5,40,18,286.569,64.8653
6,5,40,19,299.533,60.1752
6,5,40,20,263.759,194.426
6,5,40,21,63.1326,215.423
6,5,40,22,272.6,229.975
6,5,40,23,31.4146,136.399
6,5,40,24,331.406,32.9291
6,5,40,25,21.5839,24.8209
6,5,40,26,185.531,180.96
6,5,40,27,164.248,130.142
6,5,40,28,154.066,277.337
6,5,40,29,251.502,281.952
6,5,40,30,236.89,76.6148
6,5,40,31,112.809,222.642
6,5,40,32,97.6387,145.888
6,5,40,33,48.9159,88.621
6,5,40,34,91.5123,325.887
6,5,40,35,217.124,110.298
6,5,40,36,168.348,313.381
6,5,40,37,232.105,45.8275
6,5,40,38,73.6754,317.333
6,5,40,39,130.827,254.326
7,5,40,0,256.918,109.923
7,5,40,1,298.351,313.339
7,5,40,2,335.636,295.198
7,5,40,3,100.975,93.3386
7,5,40,4,82.3504,33.172
7,5,40,5,265.24,183.96
7,5,40,6,291.993,320.636
7,5,40,7,226.529,344.063
7,5,40,8,151.789,0.353313
7,5,40,9,19.1764,175.38
7,5,40,10,144.316,333.006
7,5,40,11,283.238,44.9038
7,5,40,12,136.836,162.023
7,5,40,13,161.676,260.963
7,5,40,14,45.8341,223.862
7,5,40,15,27.6535,287.869
7,5,40,16,234.463,54.6398
7,5,40,17,170.029,82.2076
7,5,40,18,126.013,167.804
7,5,40,19,250.33,203.922
7,5,40,20,57.8822,302.84
7,5,40,21,216.097,36.5693
7,5,40,22,111.036,231.711
7,5,40,23,87.5578,250.05
7,5,40,24,243.921,141.3
7,5,40,25,73.0658,77.7262
7,5,40,26,200.851,200.299
7,5,40,27,312.968,270.997
7,5,40,28,36.763,97.6373
7,5,40,29,12.857,157.007
7,5,40,30,115.922,125.318
7,5,40,31,206.616,214.879
7,5,40,32,4.52633,273.961
7,5,40,33,65.764,324.706
7,5,40,34,330.022,131.865
7,5,40,35,176.791,67.9058
7,5,40,36,188.462,24.4921
7,5,40,37,319.64,9.58174
7,5,40,38,343.25,116.38
7,5,40,39,278.819,244.657
8,5,40,0,144.633,324.973
8,5,40,1,176.137,57.2417
8,5,40,2,158.329,16.2714
8,5,40,3,20.952,184.195
8,5,40,4,77.2071,218.142
8,5,40,5,222.086,80.9914
8,5,40,6,133.841,96.8577
8,5,40,7,12.3614,112.991
8,5,40,8,103.455,281.212
8,5,40,9,318.508,48.3532
8,5,40,10,1.02302,260.693
8,5,40,11,251.191,247.346
8,5,40,12,61.7562,317.311
8,5,40,13,34.779,127.447
8,5,40,14,261.959,220.779
8,5,40,15,84.9569,37.378
8,5,40,16,278.232,263.705
8,5,40,17,349.397,78.243
8,5,40,18,230.72,157.068
8,5,40,19,112.631,342.862
8,5,40,20,324.071,158.684
8,5,40,21,282.108,272.781
8,5,40,22,58.865,115.307
8,5,40,23,299.869,89.1455
8,5,40,24,168.963,333.081
8,5,40,25,128.662,64.5372
8,5,40,26,157.06,295.766
8,5,40,27,193.469,23.5125
8,5,40,28,206.803,2.28362
8,5,40,29,334.043,237.607
8,5,40,30,38.2927,170.85
8,5,40,31,294.88,145.242
8,5,40,32,94.5263,229.836
8,5,40,33,264.222,29.8377
8,5,40,34,122.445,198.395
8,5,40,35,187.374,205.308
8,5,40,36,237.129,135.847
8,5,40,37,47.4152,306.687
8,5,40,38,307.18,183.168
8,5,40,39,213.231,299.765
9,5,40,0,130.335,200.017
9,5,40,1,147.473,156.12
9,5,40,2,43.9098,248.1
9,5,40,3,229.177,103.987
9,5,40,4,190.759,60.1792
9,5,40,5,257.555,182.039
9,5,40,6,67.1384,158.945
9,5,40,7,161.281,80.045
9,5,40,8,105.711,292.495
9,5,40,9,59.4105,275.717
9,5,40,10,253.484,88.366
9,5,40,11,151.919,188.034
9,5,40,12,315.46,117.893
9,5,40,13,23.5259,341.361
9,5,40,14,290.42,123.393
9,5,40,15,297.577,14.3152
9,5,40,16,103.931,213.71
9,5,40,17,281.371,209.457
9,5,40,18,78.065,64.7286
9,5,40,19,120.091,26.4705
9,5,40,20,39.8141,257.192
9,5,40,21,262.732,264.067
9,5,40,22,16.0803,316.157
9,5,40,23,310.061,111.614
9,5,40,24,80.9745,310.455
9,5,40,25,132.099,228.998
9,5,40,26,329.367,51.8077
9,5,40,27,0.569503,237.802
9,5,40,28,200.123,131.768
9,5,40,29,346.111,73.7195
9,5,40,30,220.909,324.673
9,5,40,31,271.337,283.072
9,5,40,32,211.699,18.2296
9,5,40,33,30.9237,6.24919
9,5,40,34,89.9995,140.802
9,5,40,35,181.059,334.573
9,5,40,36,172.244,173.577
9,5,40,37,336.692,35.0264
9,5,40,38,238.512,299.565
9,5,40,39,207.841,220.246
10,5,40,0,126.17,231.997
10,5,40,1,303.295,129.878
10,5,40,2,81.6861,203.989
10,5,40,3,32.3901,310.18
10,5,40,4,166.164,298.607
10,5,40,5,35.9578,141.697
10,5,40,6,10.8316,104.892
10,5,40,7,180.627,152.915
10,5,40,8,8.66572,252.771
10,5,40,9,253.027,295.914
10,5,40,10,342.576,339.439
10,5,40,11,96.3105,109.16
10,5,40,12,146.25,348.969
10,5,40,13,170.506,241.434
10,5,40,14,243.18,200.885
10,5,40,15,51.8933,329.017
10,5,40,16,132.835,33.7394
10,5,40,17,71.0282,118.953
10,5,40,18,109.683,178.989
10,5,40,19,223.157,85.8602
10,5,40,20,266.046,65.2477
10,5,40,21,277.71,319.596
10,5,40,22,60.2744,93.3213
10,5,40,23,212.702,49.0871
10,5,40,24,63.3926,16.9777
10,5,40,25,280.362,41.1145
10,5,40,26,255.131,224.975
10,5,40,27,92.5309,283.698
10,5,40,28,313.809,191.697
10,5,40,29,122.133,216.919
10,5,40,30,193.108,73.0373
10,5,40,31,155.95,159.062
10,5,40,32,235.173,60.3308
10,5,40,33,201.42,168.915
10,5,40,34,326.34,5.58661
10,5,40,35,315.342,277.736
10,5,40,36,296.735,256.187
10,5,40,37,189.512,135.815
10,5,40,38,17.9647,264.629
10,5,40,39,336.688,17.8806
11,5,40,0,243.218,258.68
11,5,40,1,328.942,109.105
11,5,40,2,254.639,56.4768
11,5,40,3,17.6695,8.28894
11,5,40,4,341.908,139.172
11,5,40,5,13.226,189.848
11,5,40,6,304.768,263.529
11,5,40,7,137.217,16.3062
11,5,40,8,121.014,239.379
11,5,40,9,247.122,250.641
11,5,40,10,201.287,148.806
11,5,40,11,317.3,71.2081
11,5,40,12,74.8682,119.071
11,5,40,13,29.0515,147.967
11,5,40,14,192.367,40.8094
11,5,40,15,111.943,68.8444
11,5,40,16,168.641,215.73
11,5,40,17,276.068,200.394
11,5,40,18,198.878,28.5578
11,5,40,19,161.36,339.529
11,5,40,20,287.825,52.3046
11,5,40,21,336.721,165.075
11,5,40,22,58.3012,84.8261
11,5,40,23,4.77378,95.4877
11,5,40,24,42.3224,127.432
11,5,40,25,99.4072,307.952
11,5,40,26,142.543,329.352
11,5,40,27,307.962,104.201
11,5,40,28,94.8444,303.629
11,5,40,29,221.106,282.591
11,5,40,30,295.29,180.175
11,5,40,31,124.845,174.668
11,5,40,32,231.425,317.841
11,5,40,33,45.2424,224.72
11,5,40,34,270.351,344.34
11,5,40,35,179.813,277.563
11,5,40,36,211.926,229.819
11,5,40,37,66.4163,290.79
11,5,40,38,82.5698,24.1963
11,5,40,39,153.082,206.776
12,5,40,0,14.8914,101.782
12,5,40,1,41.0088,70.6381
12,5,40,2,184.034,208.447
12,5,40,3,304.966,130.202
12,5,40,4,150.153,49.2782
12,5,40,5,243.507,185.06
12,5,40,6,293.592,241.663
12,5,40,7,206.312,118.331
12,5,40,8,93.6844,147.032
12,5,40,9,99.2873,333.992
12,5,40,10,121.777,155.814
12,5,40,11,340.201,296.379
12,5,40,12,217.959,247.731
12,5,40,13,58.6899,229.191
12,5,40,14,141.5,298.921
12,5,40,15,349.632,315.3
12,5,40,16,246.46,132.184
12,5,40,17,308.442,1.82326
12,5,40,18,47.9682,175.911
12,5,40,19,257.038,287.249
12,5,40,20,282.071,254.049
12,5,40,21,24.3523,159.562
12,5,40,22,6.07946,220.872
12,5,40,23,332.355,96.0481
12,5,40,24,321.58,262.91
12,5,40,25,194.473,109.076
12,5,40,26,275.639,325.184
12,5,40,27,126.579,342.286
12,5,40,28,82.7188,196.73
12,5,40,29,76.8138,85.3636
12,5,40,30,133.166,167.215
12,5,40,31,268.753,65.9505
12,5,40,32,61.4113,306.85
12,5,40,33,165.401,20.3147
12,5,40,34,105.283,10.764
12,5,40,35,27.5041,34.5652
12,5,40,36,167.237,37.2673
12,5,40,37,230.887,57.6453
12,5,40,38,227.365,211.144
12,5,40,39,180.478,279.074
13,5,40,0,156.528,244.623
13,5,40,1,209.752,230.06
13,5,40,2,321.302,282.811
13,5,40,3,69.7834,20.8194
13,5,40,4,116.156,110.41
13,5,40,5,105.58,167.927
13,5,40,6,148.355,307.684
13,5,40,7,99.266,93.4377
13,5,40,8,10.9765,36.3287
13,5,40,9,268.631,150.902
13,5,40,10,312.205,271.226
13,5,40,11,136.508,52.5711
13,5,40,12,19.506,13.1455
13,5,40,13,55.4551,78.8879
13,5,40,14,295.446,328.216
13,5,40,15,329.875,337.568
13,5,40,16,174.877,65.5887
13,5,40,17,70.1193,159.07
13,5,40,18,180.959,34.3274
13,5,40,19,251.036,276.28
13,5,40,20,42.6552,104.379
13,5,40,21,32.3479,113.825
13,5,40,22,186.351,210.934
13,5,40,23,241.714,125.99
13,5,40,24,5.96591,141.801
13,5,40,25,236.025,196.043
13,5,40,26,272.53,0.289564
13,5,40,27,85.4309,181.992
13,5,40,28,225.426,256.66
13,5,40,29,300.615,191.416
13,5,40,30,197.679,44.6605
13,5,40,31,282.978,289.186
13,5,40,32,123.171,205.312
13,5,40,33,257.692,344.549
13,5,40,34,349.566,70.7354
13,5,40,35,50.3925,224.588
13,5,40,36,166.22,247.655
13,5,40,37,87.5028,319.397
13,5,40,38,215.864,303.254
13,5,40,39,335.931,138.87
14,5,40,0,105.254,6.77528
14,5,40,1,230.264,187.042
14,5,40,2,299.611,128.453
14,5,40,3,275.995,98.8468
14,5,40,4,321.781,44.4897
14,5,40,5,248.328,195.948
14,5,40,6,175.313,180.651
14,5,40,7,270.039,132.249
14,5,40,8,37.2338,54.1562
14,5,40,9,67.6463,85.4386
14,5,40,10,142.288,215.309
14,5,40,11,136.678,344.539
14,5,40,12,226.974,39.9516
14,5,40,13,7.45622,208.933
14,5,40,14,202.813,274.417
14,5,40,15,15.982,150.384
14,5,40,16,239.239,252.379
14,5,40,17,214.831,148.087
14,5,40,18,95.1042,70.6534
14,5,40,19,185.723,330.452
14,5,40,20,78.0398,266.813
14,5,40,21,119.929,232.057
14,5,40,22,167.095,115.794
14,5,40,23,284.866,307.391
14,5,40,24,326.311,23.2169
14,5,40,25,122.521,338.695
14,5,40,26,104.758,17.1553
14,5,40,27,342.522,108.497
14,5,40,28,158.567,319.234
14,5,40,29,83.7786,303.497
14,5,40,30,52.0138,256.602
14,5,40,31,255.078,290.835
14,5,40,32,307.89,88.4391
14,5,40,33,56.741,285.194
14,5,40,34,338.553,66.4795
14,5,40,35,27.6904,226.102
14,5,40,36,150.486,174.85
14,5,40,37,292.619,241.721
14,5,40,38,19.1989,34.5225
14,5,40,39,194.016,165.048
15,5,40,0,65.6267,220.564
15,5,40,1,48.6179,43.7092
15,5,40,2,193.052,190.207
15,5,40,3,224.724,112.956
15,5,40,4,124.104,153.753
15,5,40,5,235.819,310.495
15,5,40,6,55.7857,258.894
15,5,40,7,287.535,235.656
15,5,40,8,309.032,135.425
15,5,40,9,163.799,45.1798
15,5,40,10,329.076,11.5639
15,5,40,11,139.122,197.861
15,5,40,12,88.2978,72.1113
15,5,40,13,111.704,347.626
15,5,40,14,259.838,203.311
15,5,40,15,101.587,210.185
15,5,40,16,241.829,326.385
15,5,40,17,275.246,89.6641
15,5,40,18,305.338,147.882
15,5,40,19,294.749,338.526
15,5,40,20,247.437,279.761
15,5,40,21,211.303,180.942
15,5,40,22,17.8489,174.399
15,5,40,23,175.7,285.026
15,5,40,24,82.0276,323.587
15,5,40,25,34.6054,159.53
15,5,40,26,77.5826,129.591
15,5,40,27,7.05901,26.0103
15,5,40,28,174.404,121.276
15,5,40,29,143.968,1.94732
15,5,40,30,341.137,55.5526
15,5,40,31,207.856,303.544
15,5,40,32,115.198,243.788
15,5,40,33,37.415,296.088
15,5,40,34,191.226,62.3176
15,5,40,35,13.8706,99.6421
15,5,40,36,318.004,80.2455
15,5,40,37,343.897,29.0574
15,5,40,38,152.87,263.708
15,5,40,39,268.814,252.473
16,5,40,0,260.041,237.103
16,5,40,1,274.762,295.535
16,5,40,2,75.9373,253.823
16,5,40,3,125.716,219.129
16,5,40,4,317.082,281.291
16,5,40,5,308.214,302.811
16,5,40,6,79.0807,98.6112
16,5,40,7,333.26,174.005
16,5,40,8,191.869,192.381
16,5,40,9,65.4971,150.694
16,5,40,10,50.2308,26.9587
16,5,40,11,56.7636,253.299
16,5,40,12,218.531,70.2104
16,5,40,13,111.831,231.959
16,5,40,14,10.1828,347.267
16,5,40,15,157.895,14.6689
16,5,40,16,197.165,204.168
16,5,40,17,155.016,157.582
16,5,40,18,4.40581,145.481
16,5,40,19,118.926,308.391
16,5,40,20,40.6459,46.0561
16,5,40,21,21.0886,111.695
16,5,40,22,178.117,197.977
16,5,40,23,283.549,318.54
16,5,40,24,31.886,84.1914
16,5,40,25,231.341,264.058
16,5,40,26,172.939,218.019
16,5,40,27,208.17,66.8197
16,5,40,28,227.056,42.1181
16,5,40,29,295.882,331.959
16,5,40,30,301.432,274.23
16,5,40,31,238.542,126.751
16,5,40,32,103.537,91.632
16,5,40,33,140.834,25.6421
16,5,40,34,90.2116,180.02
16,5,40,35,134.967,138.391
16,5,40,36,266.106,59.6863
16,5,40,37,343.22,6.20069
16,5,40,38,332.303,116.534
16,5,40,39,249.2,337.335
17,5,40,0,261.497,21.8932
17,5,40,1,268.422,312.603
17,5,40,2,331.995,12.2803
17,5,40,3,141.222,302.974
17,5,40,4,5.678,278.24
17,5,40,5,88.108,56.3842
17,5,40,6,276.737,333.406
17,5,40,7,242.116,200.29
17,5,40,8,285.068,345.195
17,5,40,9,320.165,130.461
17,5,40,10,338.39,237.287
17,5,40,11,304.227,161.594
17,5,40,12,167.618,256.418
17,5,40,13,97.2253,37.4795
17,5,40,14,84.1042,120.461
17,5,40,15,289.331,169.113
17,5,40,16,44.7481,141.638
17,5,40,17,162.497,139.866
17,5,40,18,25.9351,153.735
17,5,40,19,221.457,185.102
17,5,40,20,58.7393,34.0452
17,5,40,21,65.6229,320.973
17,5,40,22,195.382,292.43
17,5,40,23,132.144,268.176
17,5,40,24,216.209,89.8189
17,5,40,25,311.549,246.741
17,5,40,26,13.2509,62.0544
17,5,40,27,236.07,215.689
17,5,40,28,251.406,107.814
17,5,40,29,343.901,180.876
17,5,40,30,75.5617,49.9936
17,5,40,31,179.102,6.56358
17,5,40,32,189.584,82.2623
17,5,40,33,33.8235,76.4694
17,5,40,34,205.427,98.0028
17,5,40,35,113.637,282.36
17,5,40,36,38.6537,234.21
17,5,40,37,154.023,224.882
17,5,40,38,114.22,329.767
17,5,40,39,123.928,207.22
18,5,40,0,322.753,348.802
18,5,40,1,241.897,201.642
18,5,40,2,33.8669,115.67
18,5,40,3,163.65,57.5657
18,5,40,4,267.3,286.783
18,5,40,5,129.963,250.325
18,5,40,6,273.876,182.656
18,5,40,7,62.399,327.444
18,5,40,8,292.782,134.671
18,5,40,9,226.617,140.602
18,5,40,10,167.858,339.371
18,5,40,11,175.944,292.114
18,5,40,12,50.2379,5.86036
18,5,40,13,254.423,14.0482
18,5,40,14,304.141,190.298
18,5,40,15,106.502,194.712
18,5,40,16,334.444,160.137
18,5,40,17,102.448,22.9664
18,5,40,18,113.937,82.0748
18,5,40,19,285.384,128.977
18,5,40,20,217.52,75.143
18,5,40,21,90.0372,321.336
18,5,40,22,1.19718,91.693
18,5,40,23,192.79,98.0778
18,5,40,24,138.484,255.328
18,5,40,25,307.556,237.604
18,5,40,26,345.537,62.6638
18,5,40,27,12.0918,34.6811
18,5,40,28,42.9451,306.798
18,5,40,29,73.1,299.562
18,5,40,30,234.599,271.849
18,5,40,31,187.136,229.11
18,5,40,32,326.954,46.9179
18,5,40,33,148.273,223.759
18,5,40,34,79.0724,42.4035
18,5,40,35,149.132,171.355
18,5,40,36,250.839,214.704
18,5,40,37,24.3823,108.39
18,5,40,38,54.1732,150.427
18,5,40,39,208.44,264.629
19,5,40,0,278.424,332.606
19,5,40,1,167.918,84.3857
19,5,40,2,289.292,43.7033
19,5,40,3,255.331,50.1889
19,5,40,4,139.607,262.83
19,5,40,5,194.001,189.88
19,5,40,6,234.568,311.297
19,5,40,7,38.8072,233.473
19,5,40,8,318.967,78.7336
19,5,40,9,60.8708,298.11
19,5,40,10,22.2165,274.571
19,5,40,11,286.957,199.232
19,5,40,12,7.13265,250.094
19,5,40,13,44.9142,211.201
19,5,40,14,343.99,58.3153
19,5,40,15,12.4681,139.539
19,5,40,16,70.802,165.968
19,5,40,17,94.6448,7.45104
19,5,40,18,143.353,208.11
19,5,40,19,121.861,128.138
19,5,40,20,335.414,91.891
19,5,40,21,324.508,119.206
19,5,40,22,236.8,104.575
19,5,40,23,102.948,21.5953
19,5,40,24,312.405,331.788
19,5,40,25,175.225,178.726
19,5,40,26,130.081,318.865
19,5,40,27,211.532,226.082
19,5,40,28,301.943,154.1
19,5,40,29,267.35,346.69
19,5,40,30,154.564,68.2547
19,5,40,31,188.42,237.092
19,5,40,32,221.884,283.121
19,5,40,33,208.779,170.745
19,5,40,34,28.011,140.16
19,5,40,35,82.6535,296.145
19,5,40,36,110.154,10.7748
19,5,40,37,251.316,256.048
19,5,40,38,160.431,28.4786
19,5,40,39,67.2057,113.256
20,5,40,0,278.412,136.37
20,5,40,1,311.401,166.107
20,5,40,2,194.303,288.096
20,5,40,3,130.172,233.145
20,5,40,4,6.31483,107.594
20,5,40,5,12.7947,344.472
20,5,40,6,295.533,54.3254
20,5,40,7,284.834,15.4866
20,5,40,8,18.8604,278.767
20,5,40,9,117.159,89.8248
20,5,40,10,209.464,125.483
20,5,40,11,219.096,147.954
20,5,40,12,212.153,151.32
20,5,40,13,331.207,51.881
20,5,40,14,319.384,210.62
20,5,40,15,53.8746,35.8672
20,5,40,16,80.0646,297.626
20,5,40,17,167.1,77.7601
20,5,40,18,99.3909,201.007
20,5,40,19,299.693,223.498
20,5,40,20,177.217,236.548
20,5,40,21,334.7,309.519
20,5,40,22,35.9405,252.342
20,5,40,23,235.302,256.904
20,5,40,24,109.889,208.587
20,5,40,25,34.2399,267.457
20,5,40,26,252.693,176.297
20,5,40,27,138.094,294.419
20,5,40,28,147.881,119.745
20,5,40,29,260.624,99.0539
20,5,40,30,241.57,27.0066
20,5,40,31,94.7292,315.074
20,5,40,32,189.688,332.911
20,5,40,33,262.582,0.516569
20,5,40,34,151.945,166.86
20,5,40,35,49.3447,22.9856
20,5,40,36,61.5038,330.659
20,5,40,37,75.1106,63.3666
20,5,40,38,163.441,82.3637
20,5,40,39,341.667,189.377
21,5,40,0,148.622,112.946
21,5,40,1,287.705,55.6355
21,5,40,2,257.109,279.573
21,5,40,3,183.494,345.67
21,5,40,4,101.4,227.627
21,5,40,5,35.0456,242.385
21,5,40,6,214.108,52.367
21,5,40,7,334.572,167.568
21,5,40,8,295.331,287.355
21,5,40,9,65.3141,77.4123
21,5,40,10,160.384,151.926
21,5,40,11,220.63,159.608
21,5,40,12,23.0933,98.3108
21,5,40,13,208.251,211.931
21,5,40,14,29.053,298.916
21,5,40,15,87.5672,17.0821
21,5,40,16,130.807,201.131
21,5,40,17,54.2494,202.057
21,5,40,18,229.955,288.991
21,5,40,19,74.7305,224.103
21,5,40,20,313.078,120.481
21,5,40,21,198.322,66.6262
21,5,40,22,172.834,132.209
21,5,40,23,297.579,20.1269
21,5,40,24,242.184,81.5543
21,5,40,25,111.094,186.821
21,5,40,26,131.643,39.0877
21,5,40,27,47.4125,93.8494
21,5,40,28,247.226,252.482
21,5,40,29,315.22,328.751
21,5,40,30,10.8915,339.269
21,5,40,31,273.948,124.022
21,5,40,32,122.085,142.828
21,5,40,33,345.198,263.427
21,5,40,34,6.05488,312.631
21,5,40,35,186.699,5.63502
21,5,40,36,148.985,256.27
21,5,40,37,83.9414,31.42
21,5,40,38,328.618,179.01
21,5,40,39,268.402,322.039
22,5,40,0,53.2194,17.1658
22,5,40,1,293.112,139.976
22,5,40,2,128.775,91.3738
22,5,40,3,342.881,113.297
22,5,40,4,144.041,280.268
22,5,40,5,62.3925,103.203
22,5,40,6,112.483,182.53
22,5,40,7,49.9263,172.517
22,5,40,8,40.3122,233.811
22,5,40,9,23.4711,161.222
22,5,40,10,84.0036,298.341
22,5,40,11,29.0191,122.667
22,5,40,12,305.229,217.846
22,5,40,13,89.594,326.918
22,5,40,14,242.789,17.5592
22,5,40,15,74.6495,336.427
22,5,40,16,206.55,65.9235
22,5,40,17,153.097,272.619
22,5,40,18,169.62,306.367
22,5,40,19,310.043,7.55859
22,5,40,20,213.413,255.248
22,5,40,21,280.252,209.79
22,5,40,22,114.23,76.4867
22,5,40,23,99.4773,34.7634
22,5,40,24,232.844,81.638
22,5,40,25,261.704,271.182
22,5,40,26,135.112,248.347
22,5,40,27,262.988,226.688
22,5,40,28,194.756,241.466
22,5,40,29,275.851,44.1654
22,5,40,30,161.148,346.827
22,5,40,31,227.424,318.468
22,5,40,32,191.506,153.984
22,5,40,33,5.22718,183.937
22,5,40,34,179.67,117.272
22,5,40,35,245.465,37.3778
22,5,40,36,15.8348,56.873
22,5,40,37,339.594,292.056
22,5,40,38,322.804,143.147
22,5,40,39,332.336,196.791
23,5,40,0,340.922,341.69
23,5,40,1,81.9291,223.361
23,5,40,2,26.5798,293.698
23,5,40,3,274.736,73.1993
23,5,40,4,74.2942,285.452
23,5,40,5,108.487,108.11
23,5,40,6,134.543,332.276
23,5,40,7,19.6458,91.8471
23,5,40,8,291.827,190.143
23,5,40,9,183.349,31.3371
23,5,40,10,209.422,152.22
23,5,40,11,200.177,161.041
23,5,40,12,186.968,262.021
23,5,40,13,255.219,115.706
23,5,40,14,48.474,249.735
23,5,40,15,146.583,11.7778
23,5,40,16,237.737,38.2141
23,5,40,17,165.038,57.3439
23,5,40,18,265.034,20.1641
23,5,40,19,348.779,137.584
23,5,40,20,121.047,182.783
23,5,40,21,304.877,233.487
23,5,40,22,170.411,320.028
23,5,40,23,307.408,84.7446
23,5,40,24,124.314,269.262
23,5,40,25,16.3956,212.454
23,5,40,26,218.087,272.341
23,5,40,27,321.358,126.303
23,5,40,28,58.5119,297.588
23,5,40,29,102.263,337.127
23,5,40,30,6.48331,147.097
23,5,40,31,330.269,46.7288
23,5,40,32,233.856,63.62
23,5,40,33,153.175,8.58147
23,5,40,34,246.601,170.622
23,5,40,35,62.5024,97.5743
23,5,40,36,39.5249,310.49
23,5,40,37,284.398,244.897
23,5,40,38,222.816,197.372
23,5,40,39,95.9938,207.58
24,5,40,0,140.028,304.229
24,5,40,1,297.471,261.37
24,5,40,2,118.894,265.924
24,5,40,3,59.0771,273.556
24,5,40,4,48.8124,157.686
24,5,40,5,34.3511,220.615
24,5,40,6,155.812,167.889
24,5,40,7,223.351,125.356
24,5,40,8,94.7355,292.816
24,5,40,9,325.755,139.835
24,5,40,10,97.0736,184.379
24,5,40,11,239.424,206.069
24,5,40,12,78.4903,59.6122
24,5,40,13,162.56,40.5917
24,5,40,14,63.5618,196.228
24,5,40,15,251.885,19.8349
24,5,40,16,334.769,283.965
24,5,40,17,314.927,109.373
24,5,40,18,234.815,239.198
24,5,40,19,109.866,149.909
24,5,40,20,176.413,104.196
24,5,40,21,193.192,181.953
24,5,40,22,87.1863,343.644
24,5,40,23,189.595,83.3109
24,5,40,24,17.2407,145.766
24,5,40,25,260.786,120.368
24,5,40,26,201.461,217.456
24,5,40,27,305.545,235.676
24,5,40,28,1.53185,13.8172
24,5,40,29,347.758,317.298
24,5,40,30,321.012,68.3178
24,5,40,31,283.097,46.0239
24,5,40,32,139.631,326.902
24,5,40,33,126.64,72.3367
24,5,40,34,167.578,91.8186
24,5,40,35,270.381,33.5085
24,5,40,36,212.094,5.56489
24,5,40,37,38.9424,333.785
24,5,40,38,26.1613,307.18
24,5,40,39,278.969,249.172
25,5,40,0,305.899,89.5282
25,5,40,1,221.806,293.054
25,5,40,2,199.596,241.772
25,5,40,3,215.346,36.1668
25,5,40,4,307.882,75.4747
25,5,40,5,101.83,205.977
25,5,40,6,268.111,118.122
25,5,40,7,325.404,173.984
25,5,40,8,130.987,102.652
25,5,40,9,106.942,261.83
25,5,40,10,256.572,112.181
25,5,40,11,47.605,233.769
25,5,40,12,66.0859,29.0508
25,5,40,13,93.2028,178.547
25,5,40,14,248.996,159.684
25,5,40,15,59.8058,155.265
25,5,40,16,9.2577,47.8394
25,5,40,17,233.924,249.998
25,5,40,18,177.734,184.061
25,5,40,19,141.78,327.983
25,5,40,20,206.931,341.221
25,5,40,21,243.892,143.687
25,5,40,22,41.1445,210.681
25,5,40,23,150.533,23.7154
25,5,40,24,322.333,198.401
25,5,40,25,136.52,84.0232
25,5,40,26,168.531,134.2
25,5,40,27,164.675,265.225
25,5,40,28,271.269,323.278
25,5,40,29,21.184,5.31196
25,5,40,30,30.9463,282.34
25,5,40,31,297.327,348.912
25,5,40,32,280.133,302.081
25,5,40,33,191.288,61.6611
25,5,40,34,347.558,122.807
25,5,40,35,76.5993,310.115
25,5,40,36,84.0085,15.2739
25,5,40,37,336.234,58.2028
25,5,40,38,120.784,278.941
25,5,40,39,8.18495,225.123
26,5,40,0,154.022,219.307
26,5,40,1,119.947,134.306
26,5,40,2,77.798,153.311
26,5,40,3,8.54374,331.159
26,5,40,4,311.005,273.082
26,5,40,5,315.924,198.765
26,5,40,6,265.907,230.095
26,5,40,7,196.981,99.2258
26,5,40,8,139.384,125.386
26,5,40,9,173.345,35.8403
26,5,40,10,249.68,320.04
26,5,40,11,144.475,191.243
26,5,40,12,214.552,34.039
26,5,40,13,347.646,67.1187
26,5,40,14,277.185,44.1737
26,5,40,15,339.342,84.9721
26,5,40,16,45.2255,244.852
26,5,40,17,209.596,77.6299
26,5,40,18,159.818,343.155
26,5,40,19,92.4413,204.152
26,5,40,20,301.798,18.7626
26,5,40,21,102.729,285.794
26,5,40,22,64.7263,340.226
26,5,40,23,282.098,248.438
26,5,40,24,181.104,172.956
26,5,40,25,19.3085,312.487
26,5,40,26,14.3398,116.534
26,5,40,27,220.894,178.404
26,5,40,28,296.927,147.096
26,5,40,29,30.5157,263.493
26,5,40,30,229.049,254.094
26,5,40,31,124.325,216.978
26,5,40,32,254.626,112.67
26,5,40,33,187.566,3.3271
26,5,40,34,80.6708,289.157
26,5,40,35,38.4031,14.4386
26,5,40,36,55.3713,55.2407
26,5,40,37,242.915,94.6588
26,5,40,38,327.704,301.82
26,5,40,39,108.968,160.747
27,5,40,0,243.63,262.986
27,5,40,1,202.018,43.0048
27,5,40,2,92.7245,248.577
27,5,40,3,180.053,271.496
27,5,40,4,98.9821,91.4588
27,5,40,5,67.3901,336.49
27,5,40,6,72.3037,303.006
27,5,40,7,39.1847,210.347
27,5,40,8,84.6669,86.9459
27,5,40,9,188.702,74.3516
27,5,40,10,247.684,117.385
27,5,40,11,283.455,186.459
27,5,40,12,320.264,0.152194
27,5,40,13,9.28558,24.9579
27,5,40,14,262.208,257.123
27,5,40,15,291.812,342.184
27,5,40,16,168.506,306.443
27,5,40,17,266.675,44.6864
27,5,40,18,119.742,319.34
27,5,40,19,126.483,129.732
27,5,40,20,46.3938,221.099
27,5,40,21,348.284,180.743
27,5,40,22,25.1935,132.8
27,5,40,23,151.819,145.466
27,5,40,24,26.9458,101.966
27,5,40,25,159.7,285.342
27,5,40,26,144.159,209.56
27,5,40,27,210.608,231.293
27,5,40,28,131.642,160.305
27,5,40,29,58.1577,13.0754
27,5,40,30,275.519,113.446
27,5,40,31,327.787,330.272
27,5,40,32,108.636,28.2968
27,5,40,33,338.343,149.589
27,5,40,34,306.603,295.616
27,5,40,35,3.53804,66.0498
27,5,40,36,195.94,237.1
27,5,40,37,299.22,199.037
27,5,40,38,225.101,174.908
27,5,40,39,233.463,55.0535
28,5,40,0,1.97516,104.341
28,5,40,1,280.741,304.744
28,5,40,2,125.283,322.921
28,5,40,3,76.3864,180.936
28,5,40,4,25.3413,76.811
28,5,40,5,170.68,342.541
28,5,40,6,232.015,288.966
28,5,40,7,39.474,285.647
28,5,40,8,227.24,324.103
28,5,40,9,249.31,147.444
28,5,40,10,98.465,261.809
28,5,40,11,327.826,154.027
28,5,40,12,264.819,238.082
28,5,40,13,183.325,53.379
28,5,40,14,27.6983,106.336
28,5,40,15,293.375,162.764
28,5,40,16,154.359,312.281
28,5,40,17,192.907,233.165
28,5,40,18,52.6387,167.834
28,5,40,19,16.0389,49.9546
28,5,40,20,307.048,64.415
28,5,40,21,117.279,212.666
28,5,40,22,189.97,33.5117
28,5,40,23,146.909,272.66
28,5,40,24,237.61,268.313
28,5,40,25,138.71,133.832
28,5,40,26,259.496,124.927
28,5,40,27,110.478,197.863
28,5,40,28,88.8859,203.122
28,5,40,29,301.328,90.6302
28,5,40,30,48.9487,116.977
28,5,40,31,84.2563,14.6754
28,5,40,32,217.228,224.398
28,5,40,33,322.758,41.271
28,5,40,34,66.9571,80.1527
28,5,40,35,337.681,26.0369
28,5,40,36,343.207,5.41718
28,5,40,37,276.198,184.824
28,5,40,38,162.015,250.861
28,5,40,39,203.763,334.991
29,5,40,0,237.735,155.553
29,5,40,1,154.573,343.006
29,5,40,2,3.72502,99.7055
29,5,40,3,274.205,267.699
29,5,40,4,49.7069,143.221
29,5,40,5,12.2417,281.685
29,5,40,6,102.914,115.851
29,5,40,7,170.995,258.081
29,5,40,8,323.029,85.2322
29,5,40,9,339.521,318.295
29,5,40,10,204.229,53.0143
29,5,40,11,144.515,196.97
29,5,40,12,329.303,192.405
29,5,40,13,132.166,247.671
29,5,40,14,255.61,233.153
29,5,40,15,264.188,278.226
29,5,40,16,219.799,298.134
29,5,40,17,18.79,239.898
29,5,40,18,115.574,94.9649
29,5,40,19,124.625,224.4
29,5,40,20,291.751,333.204
29,5,40,21,179.49,45.7285
29,5,40,22,53.4165,181.837
29,5,40,23,42.3494,64.9147
29,5,40,24,217.799,329.014
29,5,40,25,298.615,308.066
29,5,40,26,111.147,162.743
29,5,40,27,165.431,204.403
29,5,40,28,246.098,10.681
29,5,40,29,199.394,31.2749
29,5,40,30,186.076,42.9012
29,5,40,31,312.937,106.312
29,5,40,32,287.979,77.2183
29,5,40,33,346.016,217.271
29,5,40,34,73.724,170.503
29,5,40,35,85.7326,124.662
29,5,40,36,88.3147,139.116
29,5,40,37,28.3728,25.6528
29,5,40,38,64.2538,3.30564
29,5,40,39,227.835,292.333
30,5,40,0,45.1958,51.3276
30,5,40,1,254.178,289.504
30,5,40,2,288.973,158.971
30,5,40,3,220.842,127.556
30,5,40,4,169.466,288.111
30,5,40,5,24.2987,213.049
30,5,40,6,215.901,332.104
30,5,40,7,205.795,154.463
30,5,40,8,136.487,63.1966
30,5,40,9,338.587,112.743
30,5,40,10,84.5915,87.3881
30,5,40,11,343.828,341.84
30,5,40,12,130.037,263.003
30,5,40,13,237.201,207.575
30,5,40,14,141.706,244.237
30,5,40,15,247.297,53.5647
30,5,40,16,32.8598,78.7005
30,5,40,17,278.927,308.942
30,5,40,18,190.972,138.532
30,5,40,19,102.641,101.963
30,5,40,20,317.113,233.363
30,5,40,21,312.786,172.894
30,5,40,22,270.841,35.1525
30,5,40,23,232.192,279.373
30,5,40,24,70.8305,220.506
30,5,40,25,327.275,337.528
30,5,40,26,62.1465,33.7485
30,5,40,27,41.4758,199.713
30,5,40,28,2.48978,23.9295
30,5,40,29,95.844,257.311
30,5,40,30,152.311,182.432
30,5,40,31,195.572,190.281
30,5,40,32,111.266,301.259
30,5,40,33,8.98328,118.591
30,5,40,34,183.606,141.515
30,5,40,35,116.008,316.077
30,5,40,36,302.749,8.36392
30,5,40,37,165.565,16.4915
30,5,40,38,56.8764,249.282
30,5,40,39,284.055,94.8976
31,5,40,0,92.9871,191.775
31,5,40,1,68.7343,343.186
31,5,40,2,217.095,13.9402
31,5,40,3,97.8352,223.505
31,5,40,4,141.956,29.0145
31,5,40,5,46.3176,128.711
31,5,40,6,113.915,139.486
31,5,40,7,244.148,173.761
31,5,40,8,71.3622,299.179
31,5,40,9,191.127,214.509
31,5,40,10,197.192,154.522
31,5,40,11,85.9364,307.664
31,5,40,12,163.338,148.356
31,5,40,13,0.947074,240.597
31,5,40,14,263.07,96.9536
31,5,40,15,321.423,21.2735
31,5,40,16,347.765,330.963
31,5,40,17,35.0141,271.949
31,5,40,18,296.279,322.011
31,5,40,19,309.797,81.6555
31,5,40,20,21.7429,63.4606
31,5,40,21,171.794,54.4691
31,5,40,22,16.5844,114.116
31,5,40,23,219.231,48.6878
31,5,40,24,108.726,268.252
31,5,40,25,303.618,260.004
31,5,40,26,55.689,232.267
31,5,40,27,324.651,251.102
31,5,40,28,154.105,197.958
31,5,40,29,136.667,177.295
31,5,40,30,129.429,2.93533
31,5,40,31,287.005,208.704
31,5,40,32,249.294,112.318
31,5,40,33,260.322,163.189
31,5,40,34,272.024,40.8366
31,5,40,35,209.283,292.248
31,5,40,36,231.309,93.7632
31,5,40,37,180.354,284.807
31,5,40,38,339.703,70.6721
31,5,40,39,27.0002,337.607
32,5,40,0,89.6552,12.0149
32,5,40,1,142.319,189.396
32,5,40,2,172.153,137.019
32,5,40,3,61.1904,335.074
32,5,40,4,343.101,264.261
32,5,40,5,87.0251,5.76345
32,5,40,6,120.152,304.003
32,5,40,7,123.835,144.768
32,5,40,8,48.6737,62.4005
32,5,40,9,265.64,126.307
32,5,40,10,183.039,175.35
32,5,40,11,299.984,86.6714
32,5,40,12,236.236,98.5201
32,5,40,13,151.554,229.902
32,5,40,14,4.90737,25.4035
32,5,40,15,163.033,290.482
32,5,40,16,17.3398,171.272
32,5,40,17,226.138,164.625
32,5,40,18,312.762,284.16
32,5,40,19,107.741,107.958
32,5,40,20,253.421,52.5155
32,5,40,21,292.691,210.598
32,5,40,22,255.749,201.883
32,5,40,23,218.014,331.197
32,5,40,24,68.5944,226.173
32,5,40,25,207.324,310.64
32,5,40,26,99.1496,316.503
32,5,40,27,323.227,32.5801
32,5,40,28,200.77,198.44
32,5,40,29,75.0913,244.405
32,5,40,30,328.465,156.029
32,5,40,31,334.356,120.806
32,5,40,32,36.488,94.1442
32,5,40,33,27.5765,347.338
32,5,40,34,284.04,277.799
32,5,40,35,279.207,42.8382
32,5,40,36,186.317,47.2607
32,5,40,37,237.784,256.268
32,5,40,38,24.5802,252.299
32,5,40,39,135.646,70.3575
33,5,40,0,159.253,282.452
33,5,40,1,25.8141,74.8554
33,5,40,2,98.0602,130.59
33,5,40,3,232.15,80.9383
33,5,40,4,123.649,233.733
33,5,40,5,210.242,145.527
33,5,40,6,147.966,191.109
33,5,40,7,260.379,302.564
33,5,40,8,276.725,34.9753
33,5,40,9,201.85,175.612
33,5,40,10,187.056,44.6971
33,5,40,11,253.297,244.537
33,5,40,12,344.427,317.237
33,5,40,13,77.7238,265.231
33,5,40,14,32.0965,54.9016
33,5,40,15,62.2675,69.3847
33,5,40,16,298.318,154.727
33,5,40,17,108.574,21.9281
33,5,40,18,171.974,192.838
33,5,40,19,327.849,11.6491
33,5,40,20,116.674,291.861
33,5,40,21,195.382,344.159
33,5,40,22,263.235,210.107
33,5,40,23,80.6658,333.427
33,5,40,24,322.182,204.075
33,5,40,25,314.247,131.799
33,5,40,26,11.5912,169.05
33,5,40,27,283.392,115.922
33,5,40,28,7.38356,108.73
33,5,40,29,155.748,94.2297
33,5,40,30,37.7667,222.464
33,5,40,31,295.047,277.53
33,5,40,32,178.311,248.57
33,5,40,33,137.959,330.8
33,5,40,34,332.69,2.23921
33,5,40,35,93.8608,256.785
33,5,40,36,220.637,309.572
33,5,40,37,45.5644,159.88
33,5,40,38,55.9511,40.6292
33,5,40,39,238.15,97.7261
34,5,40,0,274.292,24.6097
34,5,40,1,10.0114,0.989925
34,5,40,2,127.392,226.748
34,5,40,3,78.4411,117.25
34,5,40,4,218.687,248.883
34,5,40,5,193.046,99.3945
34,5,40,6,295.048,208.504
34,5,40,7,259.682,287.117
34,5,40,8,270.557,348.643
34,5,40,9,38.1695,227.566
34,5,40,10,140.842,10.434
34,5,40,11,242.681,138.874
34,5,40,12,95.3013,70.6944
34,5,40,13,229.649,113.71
34,5,40,14,138.006,48.6436
34,5,40,15,250.787,325.511
34,5,40,16,307.395,126.517
34,5,40,17,348.432,84.5987
34,5,40,18,121.579,306.289
34,5,40,19,208.471,59.1371
34,5,40,20,337.898,186.133
34,5,40,21,27.2269,91.6908
34,5,40,22,170.127,183.18
34,5,40,23,19.506,152.618
34,5,40,24,158.638,267.027
34,5,40,25,54.9781,277.617
34,5,40,26,7.73334,319.711
34,5,40,27,283.095,168.617
34,5,40,28,62.3863,241.01
34,5,40,29,111.968,292.674
34,5,40,30,190.365,66.7632
34,5,40,31,223.954,30.2474
34,5,40,32,175.331,195.202
34,5,40,33,82.7974,35.226
34,5,40,34,300.177,162.436
34,5,40,35,101.349,215.498
34,5,40,36,329.041,260.144
34,5,40,37,152.218,147.32
34,5,40,38,316.357,298.106
34,5,40,39,48.3218,339.727
35,5,40,0,3.96357,175.278
35,5,40,1,283.322,148.48
35,5,40,2,50.3689,29.2706
35,5,40,3,35.4968,74.5843
35,5,40,4,294.522,338.776
35,5,40,5,324.942,24.7723
35,5,40,6,211.506,135.34
35,5,40,7,121.613,230.425
35,5,40,8,265.566,255.559
35,5,40,9,304.609,344.715
35,5,40,10,279.798,106.946
35,5,40,11,188.564,209.013
35,5,40,12,307.04,275.012
35,5,40,13,149.574,11.5705
35,5,40,14,82.6036,244.344
35,5,40,15,345.942,36.8067
35,5,40,16,65.5556,217.842
35,5,40,17,170.825,84.5593
35,5,40,18,129.529,44.0437
35,5,40,19,228.842,189.787
35,5,40,20,134.965,150.67
35,5,40,21,59.5519,54.0981
35,5,40,22,242.665,198.429
35,5,40,23,206.778,305.68
35,5,40,24,70.3986,101.387
35,5,40,25,13.8645,128.614
35,5,40,26,99.4244,159.981
35,5,40,27,112.976,283.754
35,5,40,28,339.475,330.973
35,5,40,29,147.889,118.008
35,5,40,30,198.433,1.61999
35,5,40,31,252.507,296.444
35,5,40,32,260.136,68.8642
35,5,40,33,179.874,167.913
35,5,40,34,164.806,316.643
35,5,40,35,88.7576,225.094
35,5,40,36,317.434,310.435
35,5,40,37,26.1133,263.101
35,5,40,38,33.625,93.1938
35,5,40,39,218.991,248.366
36,5,40,0,179.386,291.432
36,5,40,1,250.388,8.04152
36,5,40,2,273.154,114.256
36,5,40,3,11.9089,105.885
36,5,40,4,322.362,345.849
36,5,40,5,107.183,166.714
36,5,40,6,184.506,17.7665
36,5,40,7,232.108,27.3157
36,5,40,8,298.34,100.568
36,5,40,9,153.835,270.996
36,5,40,10,8.02983,133.451
36,5,40,11,36.5735,336.629
36,5,40,12,327.343,250.835
36,5,40,13,343.768,225.214
36,5,40,14,293.623,309.504
36,5,40,15,226.728,80.3911
36,5,40,16,134.876,62.5926
36,5,40,17,30.8133,306.029
36,5,40,18,283.991,280.882
36,5,40,19,242.972,59.3926
36,5,40,20,99.5757,36.941
36,5,40,21,199.149,317.435
36,5,40,22,126.336,157.016
36,5,40,23,57.4747,237.927
36,5,40,24,89.5149,186.856
36,5,40,25,77.9834,75.4823
36,5,40,26,121.173,124.824
36,5,40,27,161.143,330.042
36,5,40,28,202.624,91.332
36,5,40,29,50.7453,215.155
36,5,40,30,314.55,232.324
36,5,40,31,87.0096,194.822
36,5,40,32,144.808,182.219
36,5,40,33,260.194,272.112
36,5,40,34,169.376,204.049
36,5,40,35,269.178,143.251
36,5,40,36,336.301,164.609
36,5,40,37,214.484,45.4888
36,5,40,38,18.2393,11.8596
36,5,40,39,62.656,258.394
37,5,40,0,222.793,339.705
37,5,40,1,143.95,91.8803
37,5,40,2,228.014,264.954
37,5,40,3,59.6063,98.7674
37,5,40,4,205.394,182.554
37,5,40,5,336.915,142.024
37,5,40,6,137.527,62.8117
37,5,40,7,332.462,205.277
37,5,40,8,161.533,13.5032
37,5,40,9,116.395,328.441
37,5,40,10,95.2431,21.2085
37,5,40,11,173.781,245.487
37,5,40,12,192.584,217.855
37,5,40,13,28.6223,50.8939
37,5,40,14,303.231,281.505
37,5,40,15,313.672,157.374
37,5,40,16,175.912,229.448
37,5,40,17,9.29661,298.081
37,5,40,18,108.045,129.53
37,5,40,19,79.6874,75.7617
37,5,40,20,273.121,0.195313
37,5,40,21,36.8334,106.619
37,5,40,22,319.772,275.236
37,5,40,23,6.17525,344.804
37,5,40,24,190.066,119.678
37,5,40,25,247.581,33.3403
37,5,40,26,67.2448,315.004
37,5,40,27,253.843,199.439
37,5,40,28,345.115,314.61
37,5,40,29,18.617,258.37
37,5,40,30,153.176,291.594
37,5,40,31,236.81,220.824
37,5,40,32,212.803,56.7524
37,5,40,33,101.192,79.409
37,5,40,34,295.566,42.2755
37,5,40,35,285.1,185.338
37,5,40,36,44.372,169.921
37,5,40,37,265.936,161.307
37,5,40,38,128.126,138.655
37,5,40,39,77.3907,243.79
38,5,40,0,69.5867,171.26
38,5,40,1,295.843,271.33
38,5,40,2,155.14,103.486
38,5,40,3,184.904,314.11
38,5,40,4,200.255,191.87
38,5,40,5,142.367,79.7279
38,5,40,6,139.975,65.3437
38,5,40,7,50.5926,94.611
38,5,40,8,233.188,296.816
38,5,40,9,82.5341,340.581
38,5,40,10,336.801,182.151
38,5,40,11,212.886,134.338
38,5,40,12,308.717,26.1024
38,5,40,13,207.492,115.816
38,5,40,14,282.726,150.491
38,5,40,15,265.297,326.38
38,5,40,16,8.54581,10.4565
38,5,40,17,53.2067,32.691
38,5,40,18,115.844,202.466
38,5,40,19,92.3499,252.432
38,5,40,20,219.066,284.423
38,5,40,21,176.544,193.229
38,5,40,22,303.518,71.1475
38,5,40,23,96.6851,106.472
38,5,40,24,75.2963,317.197
38,5,40,25,13.4057,37.9582
38,5,40,26,253.867,239.315
38,5,40,27,34.4368,162.373
38,5,40,28,106.256,4.50026
38,5,40,29,18.729,264.261
38,5,40,30,322.674,143.314
38,5,40,31,167.067,260.897
38,5,40,32,272.233,219.503
38,5,40,33,247.847,298.014
38,5,40,34,244.241,229.146
38,5,40,35,126.559,345.661
38,5,40,36,323.961,61.1015
38,5,40,37,346.469,217.691
38,5,40,38,163.895,127.942
38,5,40,39,35.0274,44.4398
39,5,40,0,233.451,228.091
39,5,40,1,176.663,186.062
39,5,40,2,39.5856,168.692
39,5,40,3,126.669,56.7708
39,5,40,4,100.004,324.351
39,5,40,5,86.6838,240.584
39,5,40,6,261.385,220.707
39,5,40,7,318.323,25.7475
39,5,40,8,349.922,75.856
39,5,40,9,206.752,79.3702
39,5,40,10,62.4753,155.874
39,5,40,11,188.675,293.921
39,5,40,12,107.282,310.751
39,5,40,13,136.925,110.95
39,5,40,14,216.597,211.224
39,5,40,15,266.481,98.0895
39,5,40,16,174.737,46.5676
39,5,40,17,151.78,270.568
39,5,40,18,54.2654,137.422
39,5,40,19,116.007,63.4431
39,5,40,20,271.833,260.283
39,5,40,21,237.702,33.8582
39,5,40,22,253.56,11.5164
39,5,40,23,10.6752,275.826
39,5,40,24,1.42134,124.457
39,5,40,25,23.0625,161.975
39,5,40,26,32.7652,246.836
39,5,40,27,309.326,205.643
39,5,40,28,286.726,349.032
39,5,40,29,88.0673,122.007
39,5,40,30,333.079,282.638
39,5,40,31,224.356,194.99
39,5,40,32,51.5577,320.092
39,5,40,33,145.537,303.948
39,5,40,34,296.103,177.9
39,5,40,35,328.116,145.402
39,5,40,36,199.864,8.09747
39,5,40,37,304.489,37.3613
39,5,40,38,73.575,332.766
39,5,40,39,161.128,89.3687
40,5,40,0,23.6648,191.813
40,5,40,1,55.881,269.397
40,5,40,2,26.8945,150.084
40,5,40,3,68.2619,52.5579
40,5,40,4,78.2673,21.2058
40,5,40,5,334.291,339.084
40,5,40,6,172.765,250.346
40,5,40,7,90.2393,216.813
40,5,40,8,164.28,275.113
40,5,40,9,48.1502,236.765
40,5,40,10,244.002,64.3872
40,5,40,11,11.2472,87.4164
40,5,40,12,195.202,6.58761
40,5,40,13,155.302,101.168
40,5,40,14,246.135,181.399
40,5,40,15,319.541,127.163
40,5,40,16,81.5961,50.0641
40,5,40,17,275.137,116.479
40,5,40,18,147.911,95.4852
40,5,40,19,264.398,143.237
40,5,40,20,175.795,320.547
40,5,40,21,42.4964,26.3554
40,5,40,22,205.159,234.341
40,5,40,23,107.215,170.21
40,5,40,24,191.72,301.143
40,5,40,25,229.112,313.142
40,5,40,26,96.6346,297.087
40,5,40,27,222.652,10.9371
40,5,40,28,282.488,280.402
40,5,40,29,255.001,136.922
40,5,40,30,310.816,255.618
40,5,40,31,8.52546,113.398
40,5,40,32,137.955,325.302
40,5,40,33,120.434,346.725
40,5,40,34,289.879,201.126
40,5,40,35,298.16,160.294
40,5,40,36,325.061,219.61
40,5,40,37,127.503,77.126
40,5,40,38,218.093,39.7361
40,5,40,39,348.933,209.582
41,5,40,0,145.312,323.192
41,5,40,1,119.728,305.634
41,5,40,2,12.4075,181.723
41,5,40,3,327.881,196.243
41,5,40,4,245.495,272.776
41,5,40,5,310.106,307.442
41,5,40,6,207.336,265.343
41,5,40,7,237.479,23.0157
41,5,40,8,289.574,137.253
41,5,40,9,60.5836,44.1789
41,5,40,10,280.908,52.6977
41,5,40,11,20.658,210.863
41,5,40,12,222.417,219.827
41,5,40,13,254.817,166.697
41,5,40,14,83.5716,9.77871
41,5,40,15,174.807,78.0452
41,5,40,16,133.459,102.794
41,5,40,17,38.2143,293.036
41,5,40,18,149.292,203.283
41,5,40,19,233.302,154.656
41,5,40,20,92.8657,192.024
41,5,40,21,67.4237,251.14
41,5,40,22,158.052,284.683
41,5,40,23,99.237,232.135
41,5,40,24,113.443,162.086
41,5,40,25,176.24,348.673
41,5,40,26,335.773,130.126
41,5,40,27,300.728,333.014
41,5,40,28,70.7816,114.425
41,5,40,29,318.223,329.963
41,5,40,30,347.836,31.2078
41,5,40,31,125.588,92.7812
41,5,40,32,213.186,259.949
41,5,40,33,191.886,113.412
41,5,40,34,267.565,63.638
41,5,40,35,34.2515,38.0382
41,5,40,36,48.6785,79.8534
41,5,40,37,276.047,2.00386
41,5,40,38,1.97571,143.608
41,5,40,39,199.277,238.912
42,5,40,0,127.403,219.637
42,5,40,1,137.506,198.861
42,5,40,2,229.724,312.162
42,5,40,3,13.579,318.128
42,5,40,4,277.48,341.005
42,5,40,5,53.1536,329.06
42,5,40,6,305.866,74.4355
42,5,40,7,80.6084,81.2424
42,5,40,8,76.5888,180.437
42,5,40,9,187.913,241.434
42,5,40,10,178.103,295.945
42,5,40,11,68.5624,99.5368
42,5,40,12,207.025,349.925
42,5,40,13,108.212,47.7176
42,5,40,14,197.905,120.141
42,5,40,15,315.588,107.25
42,5,40,16,294.881,303.146
42,5,40,17,0.106409,245.004
42,5,40,18,47.7871,169.929
42,5,40,19,154.846,232.503
42,5,40,20,308.845,278.846
42,5,40,21,287.762,94.4814
42,5,40,22,97.1611,208.975
42,5,40,23,21.9717,5.15338
42,5,40,24,222.296,144.337
42,5,40,25,87.9129,20.3855
42,5,40,26,167.565,39.4756
42,5,40,27,33.6271,191.956
42,5,40,28,140.362,10.4379
42,5,40,29,348.936,263.162
42,5,40,30,251.631,165.272
42,5,40,31,331.439,64.0425
42,5,40,32,260.662,53.7784
42,5,40,33,338.929,150.826
42,5,40,34,270.804,27.0812
42,5,40,35,39.5406,286.153
42,5,40,36,214.464,256.851
42,5,40,37,240.868,127.097
42,5,40,38,158.129,213.922
42,5,40,39,120.709,133.479
43,5,40,0,165.187,12.7916
43,5,40,1,12.1997,137.412
43,5,40,2,172.804,60.607
43,5,40,3,289.562,40.0387
43,5,40,4,253.989,317.314
43,5,40,5,104.565,238.655
43,5,40,6,28.383,188.789
43,5,40,7,110.693,326.349
43,5,40,8,213.786,116.759
43,5,40,9,282.198,72.1003
43,5,40,10,17.9588,304.661
43,5,40,11,37.7268,148.193
43,5,40,12,203.747,31.134
43,5,40,13,191.459,157.395
43,5,40,14,348.346,20.5698
43,5,40,15,128.168,280.084
43,5,40,16,249.071,218.228
43,5,40,17,220.541,63.8973
43,5,40,18,89.5481,98.2437
43,5,40,19,176.332,340.771
43,5,40,20,297.785,45.3386
43,5,40,21,133.107,107.223
43,5,40,22,276.255,343.625
43,5,40,23,145.315,308.047
43,5,40,24,81.7618,171.925
43,5,40,25,233.671,161.664
43,5,40,26,193.084,249.751
43,5,40,27,1.85246,195.2
43,5,40,28,236.565,292.625
43,5,40,29,266.725,85.9863
43,5,40,30,55.4524,205.708
43,5,40,31,114.978,4.88806
43,5,40,32,151.825,177.069
43,5,40,33,48.8201,92.3539
43,5,40,34,308.274,222.853
43,5,40,35,69.531,261.406
43,5,40,36,329.721,235.968
43,5,40,37,322.42,129.148
43,5,40,38,339.097,268.709
43,5,40,39,78.3958,274.604
44,5,40,0,313.031,97.8676
44,5,40,1,167.77,327.231
44,5,40,2,93.494,58.3931
44,5,40,3,261.823,294.125
44,5,40,4,59.3489,30.3822
44,5,40,5,243.375,1.82703
44,5,40,6,25.2294,305.977
44,5,40,7,104.394,279.077
44,5,40,8,288.118,132.136
44,5,40,9,45.6556,73.9649
44,5,40,10,201.451,21.1149
44,5,40,11,334.791,187.94
44,5,40,12,277.306,342.825
44,5,40,13,28.1982,246.538
44,5,40,14,116.541,146.644
44,5,40,15,151.71,205.439
44,5,40,16,220.87,10.9111
44,5,40,17,37.1454,268.133
44,5,40,18,321.934,196.13
44,5,40,19,344.849,238.781
44,5,40,20,247.189,219.976
44,5,40,21,145.946,314.026
44,5,40,22,78.6008,320.246
44,5,40,23,8.16162,260.02
44,5,40,24,295.973,122.112
44,5,40,25,11.3069,171.001
44,5,40,26,127.982,158.586
44,5,40,27,200.891,211.517
44,5,40,28,78.8504,48.5283
44,5,40,29,328.366,85.6439
44,5,40,30,107.059,108.53
44,5,40,31,304.883,130.472
44,5,40,32,164.548,89.5148
44,5,40,33,139.406,63.9457
44,5,40,34,187.883,288.085
44,5,40,35,264.575,178.751
44,5,40,36,66.5014,231.425
44,5,40,37,230.333,334.682
44,5,40,38,214.838,41.3699
44,5,40,39,178.858,148.803
45,5,40,0,44.4449,222.932
45,5,40,1,195.584,335.945
45,5,40,2,43.3732,52.9347
45,5,40,3,131.829,257.417
45,5,40,4,74.3259,134.452
45,5,40,5,89.1592,297.282
45,5,40,6,87.0225,250.779
45,5,40,7,53.5676,168.577
45,5,40,8,298.502,148.987
45,5,40,9,113.943,125.547
45,5,40,10,312.406,266.726
45,5,40,11,160.91,83.6593
45,5,40,12,227.94,45.5935
45,5,40,13,108.034,196.662
45,5,40,14,319.292,22.9358
45,5,40,15,216.433,7.26797
45,5,40,16,224.05,208.766
45,5,40,17,21.4085,97.1843
45,5,40,18,240.718,142.524
45,5,40,19,172.029,231.628
45,5,40,20,1.09693,210.102
45,5,40,21,250.331,43.194
45,5,40,22,11.3426,95.1047
45,5,40,23,186.94,191.416
45,5,40,24,175.459,108.273
45,5,40,25,151.905,162.469
45,5,40,26,294.581,240.334
45,5,40,27,128.363,326.565
45,5,40,28,104.059,302.136
45,5,40,29,27.5454,286.103
45,5,40,30,288.292,276.816
45,5,40,31,279.126,181.022
45,5,40,32,333.022,70.8069
45,5,40,33,208.058,317.972
45,5,40,34,148.234,32.3441
45,5,40,35,264.219,342.518
45,5,40,36,323.83,68.6342
45,5,40,37,260.035,13.155
45,5,40,38,66.8689,120.771
45,5,40,39,347.162,307.854
46,5,40,0,69.5164,136.598
46,5,40,1,18.3392,211.434
46,5,40,2,131.32,267.634
46,5,40,3,243.345,3.8775
46,5,40,4,104.868,64.4945
46,5,40,5,185.526,222.524
46,5,40,6,268.027,165.684
46,5,40,7,160.958,119.784
46,5,40,8,90.4612,86.6435
46,5,40,9,297.025,23.8322
46,5,40,10,16.0918,47.4684
46,5,40,11,45.5,272.191
46,5,40,12,200.255,187.002
46,5,40,13,345.108,294.903
46,5,40,14,279.057,9.32343
46,5,40,15,314.572,299.779
46,5,40,16,337.818,324.119
46,5,40,17,253.998,73.0085
46,5,40,18,326.873,313.737
46,5,40,19,166.441,153.251
46,5,40,20,76.7732,40.8921
46,5,40,21,224.946,255.394
46,5,40,22,120.554,319.512
46,5,40,23,177.304,183.21
46,5,40,24,1.22266,343.254
46,5,40,25,306.136,241.416
46,5,40,26,246.962,250.43
46,5,40,27,130.257,197.149
46,5,40,28,286.302,203.707
46,5,40,29,228.503,92.5695
46,5,40,30,83.2741,57.189
46,5,40,31,323.433,107.39
46,5,40,32,106.202,339.332
46,5,40,33,208.128,233.529
46,5,40,34,149.656,100.949
46,5,40,35,147.338,144.691
46,5,40,36,59.2658,287.574
46,5,40,37,213.809,129.229
46,5,40,38,39.9889,173.005
46,5,40,39,34.9233,33.3205
47,5,40,0,197.115,196.469
47,5,40,1,231.901,150.692
47,5,40,2,252.53,18.7829
47,5,40,3,304.654,10.5963
47,5,40,4,33.851,269.163
47,5,40,5,9.04857,187.928
47,5,40,6,263.241,45.2051
47,5,40,7,346.016,211.399
47,5,40,8,254.682,349.94
47,5,40,9,125.006,145.518
47,5,40,10,4.17254,41.4104
47,5,40,11,157.614,178.873
47,5,40,12,293.442,90.6897
47,5,40,13,283.827,245.288
47,5,40,14,339.621,4.9858
47,5,40,15,316.418,133.485
47,5,40,16,97.9862,220.06
47,5,40,17,237.763,314.025
47,5,40,18,183.617,303.176
47,5,40,19,114.697,80.1911
47,5,40,20,167.293,167.398
47,5,40,21,51.7059,165.351
47,5,40,22,23.2895,319.364
47,5,40,23,209.773,56.0937
47,5,40,24,154.379,279.731
47,5,40,25,148,122.753
47,5,40,26,42.2151,114.742
47,5,40,27,313.297,112.081
47,5,40,28,110.832,286.711
47,5,40,29,136.664,100.357
47,5,40,30,184.822,328.031
47,5,40,31,277.581,239.395
47,5,40,32,219.537,333.922
47,5,40,33,59.4184,201.605
47,5,40,34,66.7558,233.641
47,5,40,35,82.2594,63.5327
47,5,40,36,213.522,259.896
47,5,40,37,73.2565,293.962
47,5,40,38,326.079,74.7459
47,5,40,39,91.3977,33.9162
48,5,40,0,199.445,316.489
48,5,40,1,56.4304,153.828
48,5,40,2,283.929,120.039
48,5,40,3,319.099,265.738
48,5,40,4,333.219,242.48
48,5,40,5,11.2493,291.702
48,5,40,6,348.466,335.945
48,5,40,7,324.201,32.0133
48,5,40,8,295.278,67.3477
48,5,40,9,49.307,111.043
48,5,40,10,302.557,78.8053
48,5,40,11,82.6584,278.942
48,5,40,12,102.408,344.219
48,5,40,13,221.512,159.223
48,5,40,14,113.415,24.8211
48,5,40,15,22.0926,286.452
48,5,40,16,139.077,4.22231
48,5,40,17,2.98275,40.2362
48,5,40,18,33.6535,310.029
48,5,40,19,78.0783,216.076
48,5,40,20,143.038,180.063
48,5,40,21,261.511,225.328
48,5,40,22,182.591,255.279
48,5,40,23,311.839,186.738
48,5,40,24,96.0233,327.215
48,5,40,25,236.013,232.258
48,5,40,26,243.057,49.1624
48,5,40,27,116.95,251.085
48,5,40,28,169.449,91.5921
48,5,40,29,62.9166,170.769
48,5,40,30,253.494,192.995
48,5,40,31,209.538,75.624
48,5,40,32,189.083,56.0974
48,5,40,33,125.486,125.639
48,5,40,34,159.1,301.379
48,5,40,35,156.908,203.923
48,5,40,36,38.1927,17.2954
48,5,40,37,271.998,97.6185
48,5,40,38,262.752,137.411
48,5,40,39,214.703,145.225
49,5,40,0,116.814,228.36
49,5,40,1,245.729,344.462
49,5,40,2,275.463,215.777
49,5,40,3,32.4679,225.764
49,5,40,4,6.69809,192.595
49,5,40,5,347.944,141.29
49,5,40,6,340.873,279.037
49,5,40,7,39.6411,284.368
49,5,40,8,96.3119,304.562
49,5,40,9,322.525,82.9734
49,5,40,10,175.37,28.8262
49,5,40,11,113.118,240.671
49,5,40,12,230.782,257.231
49,5,40,13,280.986,114.889
49,5,40,14,54.9973,307.594
49,5,40,15,82.969,103.787
49,5,40,16,158.9,187.19
49,5,40,17,125.865,326.319
49,5,40,18,61.9641,18.3771
49,5,40,19,77.7574,153.539
49,5,40,20,297.894,337.948
49,5,40,21,240.394,248.316
49,5,40,22,91.7079,39.1846
49,5,40,23,142.835,95.3855
49,5,40,24,296.463,110.581
49,5,40,25,257.119,12.3063
49,5,40,26,152.641,127.617
49,5,40,27,17.9334,182.754
49,5,40,28,204.396,315.625
49,5,40,29,329.878,52.8749
49,5,40,30,224.402,169.733
49,5,40,31,212.445,4.17864
49,5,40,32,134.315,207.542
49,5,40,33,46.4492,70.8472
49,5,40,34,187.302,296.875
49,5,40,35,197.152,50.353
49,5,40,36,267.217,136.517
49,5,40,37,169.803,165.667
49,5,40,38,309.367,66.2703
49,5,40,39,11.7803,264.165
50,5,40,0,218.251,158.202
50,5,40,1,40.0122,287.57
50,5,40,2,202.472,349.512
50,5,40,3,264.893,187.521
50,5,40,4,76.2298,9.91312
50,5,40,5,92.1483,107.482
50,5,40,6,24.7079,316.36
50,5,40,7,285.728,271.11
50,5,40,8,344.816,145.756
50,5,40,9,221.221,338.163
50,5,40,10,179.921,170.71
50,5,40,11,164.188,211.631
50,5,40,12,300.708,70.3764
50,5,40,13,296.471,66.953
50,5,40,14,58.6894,312.513
50,5,40,15,306.338,294.978
50,5,40,16,131.968,134.475
50,5,40,17,325.767,96.9643
50,5,40,18,61.5435,198.215
50,5,40,19,196.212,49.2844
50,5,40,20,108.036,38.1558
50,5,40,21,167.821,274.235
50,5,40,22,239.838,156.991
50,5,40,23,149.157,87.6631
50,5,40,24,47.0319,299.657
50,5,40,25,82.4091,256.059
50,5,40,26,4.42393,180.929
50,5,40,27,97.7029,228.997
50,5,40,28,15.4709,202.614
50,5,40,29,34.9301,120.55
50,5,40,30,232.835,57.3325
50,5,40,31,338.524,327.776
50,5,40,32,246.286,252.05
50,5,40,33,255.219,86.1144
50,5,40,34,141.259,19.0418
50,5,40,35,129.834,3.65409
50,5,40,36,320.486,222.259
50,5,40,37,184.441,125.043
50,5,40,38,120.965,243.764
50,5,40,39,277.412,29.1779
51,5,40,0,59.7727,198.308
51,5,40,1,277.752,26.3088
51,5,40,2,183.823,231.083
51,5,40,3,226.945,51.6452
51,5,40,4,217.816,346.632
51,5,40,5,48.7793,166.821
51,5,40,6,235.472,176.766
51,5,40,7,129.48,109.146
51,5,40,8,314.709,293.609
51,5,40,9,247.936,208.451
51,5,40,10,62.6839,281.352
51,5,40,11,30.4605,71.7464
51,5,40,12,238.729,22.5591
51,5,40,13,295.392,335.099
51,5,40,14,117.271,313.866
51,5,40,15,334.222,132.873
51,5,40,16,70.3601,114.402
51,5,40,17,159.134,304.636
51,5,40,18,139.701,191.891
51,5,40,19,16.1206,40.1586
51,5,40,20,348.381,261.286
51,5,40,21,25.4109,250.5
51,5,40,22,1.83971,279.293
51,5,40,23,326.575,160.454
51,5,40,24,178.535,79.2721
51,5,40,25,302.044,67.1806
51,5,40,26,148.697,92.8767
51,5,40,27,209.694,104.077
51,5,40,28,315.761,213.859
51,5,40,29,193.749,244.037
51,5,40,30,283.974,58.2735
51,5,40,31,269.992,322.198
51,5,40,32,106.409,224.314
51,5,40,33,95.6728,2.04561
51,5,40,34,254.773,265.868
51,5,40,35,167.572,123.216
51,5,40,36,151.568,327.483
51,5,40,37,87.48,148.786
51,5,40,38,37.8213,146.912
51,5,40,39,99.2329,15.097
52,5,40,0,6.20282,49.2671
52,5,40,1,56.5504,106.187
52,5,40,2,137.269,262.287
52,5,40,3,91.0767,279.525
52,5,40,4,79.202,226.056
52,5,40,5,25.9992,168.898
52,5,40,6,241.265,288.781
52,5,40,7,166.8,116.91
52,5,40,8,28.5816,335.008
52,5,40,9,191.304,149.058
52,5,40,10,320.902,87.1086
52,5,40,11,229.885,308.936
52,5,40,12,205.468,134.828
52,5,40,13,288.499,175.762
52,5,40,14,304.937,324.141
52,5,40,15,221.732,19.3472
52,5,40,16,313.867,345.421
52,5,40,17,110.173,66.8564
52,5,40,18,195.726,14.9654
52,5,40,19,146.856,74.4349
52,5,40,20,116.673,235.587
52,5,40,21,297.121,56.0768
52,5,40,22,276.041,146.027
52,5,40,23,183.547,187.172
52,5,40,24,155.552,205.23
52,5,40,25,9.96367,88.0875
52,5,40,26,252.567,269.303
52,5,40,27,48.2859,193.303
52,5,40,28,163.993,130.235
52,5,40,29,218.063,301.042
52,5,40,30,97.5802,2.63106
52,5,40,31,75.6413,243.153
52,5,40,32,128.65,287.506
52,5,40,33,67.5282,217.128
52,5,40,34,259.778,35.5754
52,5,40,35,267.225,33.0858
52,5,40,36,39.6333,162.65
52,5,40,37,343.776,253.339
52,5,40,38,339.164,315.419
52,5,40,39,326.542,102.974
53,5,40,0,206.159,33.4219
53,5,40,1,51.8697,179.507
53,5,40,2,319.848,152.325
53,5,40,3,336.906,60.3096
53,5,40,4,240.849,174.81
53,5,40,5,112.255,185.788
53,5,40,6,284.695,158.928
53,5,40,7,343.801,44.4188
53,5,40,8,167.308,13.7414
53,5,40,9,141.964,241.479
53,5,40,10,157.008,211.981
53,5,40,11,31.2782,70.1787
53,5,40,12,85.2526,5.91544
53,5,40,13,231.929,129.243
53,5,40,14,90.2656,298.579
53,5,40,15,210.083,235.694
53,5,40,16,302.172,25.1146
53,5,40,17,258.667,134.745
53,5,40,18,329.451,66.4067
53,5,40,19,113.854,104.547
53,5,40,20,134.052,295.329
53,5,40,21,3.77874,276.147
53,5,40,22,74.9241,119.591
53,5,40,23,54.492,349.312
53,5,40,24,12.735,319.365
53,5,40,25,37.672,108.279
53,5,40,26,295.061,310.993
53,5,40,27,313.037,339.896
53,5,40,28,104.072,205.828
53,5,40,29,274.025,194.672
53,5,40,30,245.665,93.5654
53,5,40,31,266.787,220.692
53,5,40,32,165.01,327.369
53,5,40,33,69.1048,252.065
53,5,40,34,184.916,283.579
53,5,40,35,197.779,267.888
53,5,40,36,181.488,38.1349
53,5,40,37,223.157,81.5408
53,5,40,38,25.4112,257.794
53,5,40,39,130.125,145.158
54,5,40,0,77.8476,10.2292
54,5,40,1,56.8773,178.177
54,5,40,2,114.028,52.8501
54,5,40,3,149.321,25.931
54,5,40,4,241.068,142.748
54,5,40,5,349.361,173.316
54,5,40,6,201.455,162.594
54,5,40,7,251.072,31.1786
54,5,40,8,269.697,89.7177
54,5,40,9,255.834,347.099
54,5,40,10,44.2768,61.6039
54,5,40,11,278.358,320.615
54,5,40,12,106.806,221.488
54,5,40,13,17.2273,252.894
54,5,40,14,88.1132,101.58
54,5,40,15,174.333,297.407
54,5,40,16,307.978,270.149
54,5,40,17,24.9465,209.452
54,5,40,18,131.604,0.434673
54,5,40,19,4.76471,185.117
54,5,40,20,286.481,37.6306
54,5,40,21,79.6501,240.609
54,5,40,22,289.018,312.604
54,5,40,23,127.871,325.467
54,5,40,24,336.587,212.172
54,5,40,25,159.457,115.505
54,5,40,26,179.221,305.501
54,5,40,27,224.513,155.004
54,5,40,28,236.206,138.54
54,5,40,29,317.214,195.83
54,5,40,30,141.289,79.115
54,5,40,31,305.924,271.832
54,5,40,32,216.762,45.8022
54,5,40,33,29.2366,338.344
54,5,40,34,196.901,234.732
54,5,40,35,104.819,124.051
54,5,40,36,331.827,257.032
54,5,40,37,40.817,71.157
54,5,40,38,184.079,111.914
54,5,40,39,62.6994,284.472
55,5,40,0,315.16,33.9888
55,5,40,1,114.967,322.321
55,5,40,2,265.837,83.3276
55,5,40,3,187.505,154.348
55,5,40,4,107.855,6.2193
55,5,40,5,280.691,236.584
55,5,40,6,98.026,175.347
55,5,40,7,153.689,290.17
55,5,40,8,56.6965,131.873
55,5,40,9,311.436,219.791
55,5,40,10,141.807,233.711
55,5,40,11,327.628,165.066
55,5,40,12,21.4675,308.754
55,5,40,13,92.4342,262.874
55,5,40,14,86.7416,196.75
55,5,40,15,290.698,345.263
55,5,40,16,204.623,272.738
55,5,40,17,39.6183,339.644
55,5,40,18,15.9341,207.687
55,5,40,19,49.7041,245.182
55,5,40,20,66.7038,48.8233
55,5,40,21,72.1621,99.9136
55,5,40,22,258.965,168.728
55,5,40,23,334.969,328.403
55,5,40,24,236.268,141.711
55,5,40,25,302.821,257.105
55,5,40,26,4.36239,118.451
55,5,40,27,227.514,18.5522
55,5,40,28,123.302,76.1629
55,5,40,29,346.153,13.7162
55,5,40,30,250.127,111.419
55,5,40,31,199.139,66.9861
55,5,40,32,159.632,60.295
55,5,40,33,138.888,286.4
55,5,40,34,181.459,186.536
55,5,40,35,223.174,130.478
55,5,40,36,30.1908,41.865
55,5,40,37,217.018,297.56
55,5,40,38,169.891,87.5723
55,5,40,39,271.833,210.165
56,5,40,0,109.483,182.838
56,5,40,1,330.603,211.488
56,5,40,2,207.05,163.271
56,5,40,3,272.861,96.5378
56,5,40,4,231.441,120.836
56,5,40,5,286.318,130.755
56,5,40,6,338.599,267.528
56,5,40,7,264.821,38.3042
56,5,40,8,185.938,72.9053
56,5,40,9,213.544,285.244
56,5,40,10,38.3008,277.018
56,5,40,11,53.4288,259.184
56,5,40,12,117.72,113.617
56,5,40,13,174.628,79.4196
56,5,40,14,29.838,57.2687
56,5,40,15,78.578,243.419
56,5,40,16,246.146,135.753
56,5,40,17,199.817,92.9822
56,5,40,18,237.648,191.747
56,5,40,19,8.77072,332.362
56,5,40,20,49.2713,207.283
56,5,40,21,312.197,245.649
56,5,40,22,102.692,348.198
56,5,40,23,123.497,11.8769
56,5,40,24,347.409,228.035
56,5,40,25,155.865,66.8961
56,5,40,26,62.4747,298.816
56,5,40,27,81.4433,194.443
56,5,40,28,220.781,4.23744
56,5,40,29,146.733,337.128
56,5,40,30,89.1367,140.246
56,5,40,31,158.015,315.544
56,5,40,32,19.7356,31.1602
56,5,40,33,289.255,310.673
56,5,40,34,301.831,221.691
56,5,40,35,315.427,18.5764
56,5,40,36,3.20677,171.848
56,5,40,37,139.625,48.1991
56,5,40,38,255.316,289.213
56,5,40,39,180.968,154.125
57,5,40,0,29.7967,3.75082
57,5,40,1,222.314,279.932
57,5,40,2,325.948,248.807
57,5,40,3,123.339,318.013
57,5,40,4,23.2469,70.9928
57,5,40,5,307.692,231.273
57,5,40,6,137.402,210.174
57,5,40,7,336.946,305.458
57,5,40,8,179.25,195.378
57,5,40,9,197.795,35.4803
57,5,40,10,227.719,50.199
57,5,40,11,238.056,263.213
57,5,40,12,245.347,186.539
57,5,40,13,148.76,310.89
57,5,40,14,88.9062,127.018
57,5,40,15,300.828,239.551
57,5,40,16,272.498,19.4665
57,5,40,17,172.722,120.161
57,5,40,18,264.786,205.549
57,5,40,19,60.4357,290.518
57,5,40,20,214.906,86.4973
57,5,40,21,99.1652,328.867
57,5,40,22,10.1034,221.621
57,5,40,23,114.374,138.892
57,5,40,24,184.124,346.451
57,5,40,25,257.887,157.249
57,5,40,26,41.2366,16.2887
57,5,40,27,147.557,105.962
57,5,40,28,52.4746,67.3894
57,5,40,29,163.639,163.654
57,5,40,30,207.472,282.502
57,5,40,31,109.09,260.472
57,5,40,32,76.7866,140.739
57,5,40,33,316.345,31.711
57,5,40,34,2.81045,53.2271
57,5,40,35,288.059,169.154
57,5,40,36,85.0399,180.273
57,5,40,37,63.4466,337.749
57,5,40,38,294.424,93.2725
57,5,40,39,342.254,102.712
58,5,40,0,124.25,34.5013
58,5,40,1,244.316,116.145
58,5,40,2,122.086,23.9503
58,5,40,3,52.8263,256.524
58,5,40,4,192.263,287.639
58,5,40,5,248.322,237.071
58,5,40,6,106.837,174.468
58,5,40,7,305.537,84.5733
58,5,40,8,296.554,250.853
58,5,40,9,195.456,157.517
58,5,40,10,282.395,187.67
58,5,40,11,73.7224,70.1751
58,5,40,12,309.802,104.004
58,5,40,13,323.149,274.959
58,5,40,14,221.362,318.255
58,5,40,15,234.002,145.084
58,5,40,16,166.762,176.311
58,5,40,17,10.473,122.981
58,5,40,18,267.75,305.474
58,5,40,19,215.011,227.1
58,5,40,20,141.025,53.0714
58,5,40,21,38.5293,310.325
58,5,40,22,83.2461,232.86
58,5,40,23,49.5526,150.833
58,5,40,24,337.149,289.361
58,5,40,25,206.301,92.6543
58,5,40,26,66.2911,201.157
58,5,40,27,329.342,50.7286
58,5,40,28,162.136,9.38551
58,5,40,29,25.3854,109.522
58,5,40,30,274.543,137.034
58,5,40,31,28.2203,36.5804
58,5,40,32,4.88468,215.761
58,5,40,33,93.6851,201.841
58,5,40,34,103.007,346.991
58,5,40,35,347.72,7.2741
58,5,40,36,179.825,265.501
58,5,40,37,133.421,340.486
58,5,40,38,254.912,67.2916
58,5,40,39,157.206,327.393
59,5,40,0,4.07157,38.1284
59,5,40,1,200.058,313.305
59,5,40,2,188.607,334.221
59,5,40,3,60.564,233.391
59,5,40,4,132.215,151.606
59,5,40,5,32.9816,315.982
59,5,40,6,18.8796,31.8316
59,5,40,7,250.423,345.056
59,5,40,8,144.47,221.906
59,5,40,9,335.154,138.62
59,5,40,10,117.797,119.308
59,5,40,11,154.368,204.656
59,5,40,12,88.7158,123.905
59,5,40,13,76.2633,278.611
59,5,40,14,299.953,247
59,5,40,15,271.631,242.499
59,5,40,16,342.621,66.6508
59,5,40,17,127.04,113.727
59,5,40,18,45.2167,192.461
59,5,40,19,85.5998,170.582
59,5,40,20,172.501,5.18015
59,5,40,21,232.109,282.726
59,5,40,22,280.164,160.389
59,5,40,23,326.844,80.9594
59,5,40,24,318.235,212.19
59,5,40,25,259.133,54.4764
59,5,40,26,65.0487,192.578
59,5,40,27,311.785,76.1961
59,5,40,28,11.6314,146.001
59,5,40,29,106.226,327.909
59,5,40,30,243.033,94.9395
59,5,40,31,162.48,294.466
59,5,40,32,214.641,25.3768
59,5,40,33,270.634,180.845
59,5,40,34,223.646,13.7428
59,5,40,35,102.071,299.02
59,5,40,36,39.729,258.235
59,5,40,37,293.066,262.666
59,5,40,38,203.377,46.3777
59,5,40,39,175.9,102.763
60,5,40,0,136.877,125.662
60,5,40,1,153.253,56.1112
60,5,40,2,178.099,332.893
60,5,40,3,208.814,279.56
60,5,40,4,67.3649,171.317
60,5,40,5,78.9516,285.522
60,5,40,6,211.218,244.096
60,5,40,7,198.831,221.503
60,5,40,8,98.079,98.965
60,5,40,9,39.8181,21.6138
60,5,40,10,5.40639,46.8864
60,5,40,11,188.342,140.762
60,5,40,12,339.626,205.698
60,5,40,13,247.461,5.70321
60,5,40,14,110.999,109.14
60,5,40,15,90.7736,186.296
60,5,40,16,53.8345,331.175
60,5,40,17,259.336,317.129
60,5,40,18,168.147,292.873
60,5,40,19,219.053,158.176
60,5,40,20,346.734,86.248
60,5,40,21,271.149,33.9446
60,5,40,22,118.673,89.6124
60,5,40,23,11.7885,70.3654
60,5,40,24,232.761,258.254
60,5,40,25,162.748,310.452
60,5,40,26,75.7931,64.9376
60,5,40,27,290.769,176.039
60,5,40,28,327.721,150.526
60,5,40,29,276.075,200.037
60,5,40,30,302.155,250.279
60,5,40,31,310.961,304.13
60,5,40,32,237.223,264.792
60,5,40,33,288.608,228.895
60,5,40,34,147.671,122.104
60,5,40,35,30.8546,41.4127
60,5,40,36,20.3414,10.7678
60,5,40,37,47.6681,210.088
60,5,40,38,319.233,134.553
60,5,40,39,125.073,342.64
61,5,40,0,40.6726,26.433
61,5,40,1,251.254,287.122
61,5,40,2,117.311,266.831
61,5,40,3,22.8745,221.163
61,5,40,4,13.2603,120.534
61,5,40,5,244.207,166.255
61,5,40,6,145.716,260.41
61,5,40,7,314.854,77.6949
61,5,40,8,343.116,94.6023
61,5,40,9,85.1922,240.293
61,5,40,10,57.2104,17.1046
61,5,40,11,63.1618,83.7118
61,5,40,12,323.735,51.0764
61,5,40,13,233.239,252.721
61,5,40,14,196.35,312.978
61,5,40,15,273.136,300.663
61,5,40,16,281.184,102.11
61,5,40,17,292.124,324.839
61,5,40,18,300.741,320.033
61,5,40,19,45.2741,186.71
61,5,40,20,220.336,203.329
61,5,40,21,203.274,273.318
61,5,40,22,259.09,153.235
61,5,40,23,90.4623,37.3826
61,5,40,24,78.5545,58.9507
61,5,40,25,176.873,236.207
61,5,40,26,2.20399,19.3396
61,5,40,27,191.241,177.094
61,5,40,28,31.099,110.781
61,5,40,29,156.428,292.415
61,5,40,30,135.565,126.519
61,5,40,31,215.098,136.793
61,5,40,32,167.668,63.9235
61,5,40,33,331.303,344.956
61,5,40,34,269.542,5.34215
61,5,40,35,106.943,165.768
61,5,40,36,126.758,335.213
61,5,40,37,101.56,195.791
61,5,40,38,165.492,217.579
61,5,40,39,340.619,143.443
62,5,40,0,231.396,202.316
62,5,40,1,32.4459,321.358
62,5,40,2,124.679,326.8
62,5,40,3,269.766,223.824
62,5,40,4,305.339,141.09
62,5,40,5,83.5112,256.336
62,5,40,6,57.7529,296.993
62,5,40,7,315.848,125.08
62,5,40,8,287.65,248.16
62,5,40,9,146.379,309.442
62,5,40,10,159.343,107.593
62,5,40,11,244.516,10.8349
62,5,40,12,192.686,51.5466
62,5,40,13,251.669,347.388
62,5,40,14,210.575,200.451
62,5,40,15,191.445,239.547
62,5,40,16,51.3902,28.7681
62,5,40,17,278.277,150.94
62,5,40,18,71.0184,1.52426
62,5,40,19,64.2982,171.444
62,5,40,20,180.701,275.336
62,5,40,21,38.0776,159.808
62,5,40,22,167.804,304.294
62,5,40,23,347.643,188.414
62,5,40,24,103.064,269.883
62,5,40,25,7.55246,62.7585
62,5,40,26,296.823,179.27
62,5,40,27,338.52,133.473
62,5,40,28,151.81,79.3467
62,5,40,29,121.319,337.69
62,5,40,30,205.041,18.4559
62,5,40,31,110.889,216.64
62,5,40,32,260.328,103.7
62,5,40,33,20.6511,38.2756
62,5,40,34,132.808,286.389
62,5,40,35,312.276,56.9114
62,5,40,36,226.884,233.383
62,5,40,37,90.7582,89.1913
62,5,40,38,326.468,117.418
62,5,40,39,13.4998,76.0325
63,5,40,0,260.481,236.741
63,5,40,1,187.89,349.327
63,5,40,2,243.101,330.198
63,5,40,3,277.602,185.376
63,5,40,4,316.35,140.152
63,5,40,5,159.284,79.4109
63,5,40,6,123.13,247.759
63,5,40,7,115.248,153.243
63,5,40,8,38.6492,269.897
63,5,40,9,224.471,291.186
63,5,40,10,334.267,283.693
63,5,40,11,105.915,98.9465
63,5,40,12,228.926,51.0892
63,5,40,13,195.985,8.73453
63,5,40,14,314.713,204.478
63,5,40,15,72.1395,299.208
63,5,40,16,91.8052,177.83
63,5,40,17,3.7862,94.8149
63,5,40,18,11.6845,22.2269
63,5,40,19,332.003,65.4495
63,5,40,20,291.542,40.9787
63,5,40,21,270.622,174.622
63,5,40,22,65.1064,131.738
63,5,40,23,305.632,222.222
63,5,40,24,348.523,157.567
63,5,40,25,19.7305,109.296
63,5,40,26,131.423,9.042
63,5,40,27,177.604,122.343
63,5,40,28,283.308,260.445
63,5,40,29,251.492,334.301
63,5,40,30,50.6628,30.0424
63,5,40,31,30.6934,319.917
63,5,40,32,167.048,200.115
63,5,40,33,60.4599,124.783
63,5,40,34,210.839,211.771
63,5,40,35,79.6166,229.08
63,5,40,36,203.087,54.0898
63,5,40,37,146.447,74.8669
63,5,40,38,101.742,312.578
63,5,40,39,156.997,279.12
64,5,40,0,231.802,343.528
64,5,40,1,126.054,245.051
64,5,40,2,160.085,137
64,5,40,3,349.033,266.304
64,5,40,4,175.508,45.8781
64,5,40,5,151.158,20.8971
64,5,40,6,219.356,181.212
64,5,40,7,143.983,88.9979
64,5,40,8,85.7196,287.633
64,5,40,9,256.043,64.1174
64,5,40,10,29.9173,226.528
64,5,40,11,205.779,114.681
64,5,40,12,64.9391,169.069
64,5,40,13,35.6232,314.832
64,5,40,14,307.028,158.228
64,5,40,15,109.513,60.5982
64,5,40,16,305.207,295.522
64,5,40,17,187.426,192.475
64,5,40,18,168.478,5.11635
64,5,40,19,101.452,193.778
64,5,40,20,324.064,256.418
64,5,40,21,290.25,208.536
64,5,40,22,272.532,317.072
64,5,40,23,6.09389,32.4501
64,5,40,24,322.336,273.885
64,5,40,25,121.904,38.4164
64,5,40,26,71.4305,243.422
64,5,40,27,193.27,11.053
64,5,40,28,335.731,97.2491
64,5,40,29,45.8366,108.335
64,5,40,30,136.602,332.383
64,5,40,31,10.4875,75.2877
64,5,40,32,18.3069,340.477
64,5,40,33,248.085,218.153
64,5,40,34,95.3951,142.731
64,5,40,35,214.243,300.28
64,5,40,36,55.5456,126.545
64,5,40,37,239.485,79.4393
64,5,40,38,284.717,151.615
64,5,40,39,266.989,229.771
65,5,40,0,78.4491,304.732
65,5,40,1,308.333,177.957
65,5,40,2,91.1444,111.271
65,5,40,3,147.021,216.364
65,5,40,4,32.0023,157.892
65,5,40,5,21.7499,192.991
65,5,40,6,236.02,279.796
65,5,40,7,252.767,238.127
65,5,40,8,113.586,288.669
65,5,40,9,158.726,93.9149
65,5,40,10,64.9355,265.474
65,5,40,11,153.611,254.683
65,5,40,12,179.551,8.75819
65,5,40,13,168.344,22.0373
65,5,40,14,238.805,173.883
65,5,40,15,304.847,207.804
65,5,40,16,192.466,344.699
65,5,40,17,342.756,134.339
65,5,40,18,225.513,1.12348
65,5,40,19,195.197,155.221
65,5,40,20,102.987,289.543
65,5,40,21,114.072,334.535
65,5,40,22,137.981,59.2392
65,5,40,23,217.144,26.4282
65,5,40,24,13.9459,63.3676
65,5,40,25,44.9197,86.1025
65,5,40,26,332.253,98.4161
65,5,40,27,286.725,42.4802
65,5,40,28,79.3713,50.8398
65,5,40,29,2.19884,73.4244
65,5,40,30,254.894,223.584
65,5,40,31,318.903,321.323
65,5,40,32,56.1008,187.544
65,5,40,33,289.949,328.403
65,5,40,34,268.032,114.123
65,5,40,35,126.085,126.35
65,5,40,36,334.066,307.804
65,5,40,37,271.517,245.054
65,5,40,38,204.218,143.825
65,5,40,39,37.5235,233.682
66,5,40,0,23.7549,237.793
66,5,40,1,109.907,122.114
66,5,40,2,261.705,314.227
66,5,40,3,163.05,125.923
66,5,40,4,148.239,219.386
66,5,40,5,304.64,87.0585
66,5,40,6,338.779,343.435
66,5,40,7,87.5076,0.979142
66,5,40,8,170.568,258.408
66,5,40,9,246.064,94.5872
66,5,40,10,239.387,175.102
66,5,40,11,56.484,134.916
66,5,40,12,187.568,303.716
66,5,40,13,269.936,320.511
66,5,40,14,97.4424,205.641
66,5,40,15,214.249,213.696
66,5,40,16,180.618,339.311
66,5,40,17,281.312,170.022
66,5,40,18,135.373,104.276
66,5,40,19,73.7901,141.919
66,5,40,20,297.056,10.8832
66,5,40,21,121.189,57.7645
66,5,40,22,345.186,21.7182
66,5,40,23,10.6593,153.848
66,5,40,24,313.279,112.246
66,5,40,25,0.825547,190.192
66,5,40,26,81.5034,246.756
66,5,40,27,51.6058,274.813
66,5,40,28,229.179,228.191
66,5,40,29,325.213,74.586
66,5,40,30,129.44,43.1225
66,5,40,31,199.861,62.8772
66,5,40,32,63.1136,283.244
66,5,40,33,316.821,31.7045
66,5,40,34,227.173,293.637
66,5,40,35,275.952,262.762
66,5,40,36,36.3178,197.959
66,5,40,37,31.9623,162.471
66,5,40,38,208.026,51.4698
66,5,40,39,156.947,326.986
67,5,40,0,80.3553,299.578
67,5,40,1,320.869,313.717
67,5,40,2,32.8846,268.612
67,5,40,3,194.77,262.337
67,5,40,4,271.997,322.03
67,5,40,5,4.76815,27.2112
67,5,40,6,246.196,216.833
67,5,40,7,145.627,56.4296
67,5,40,8,339.728,124.12
67,5,40,9,209.049,2.10751
67,5,40,10,309.5,133.105
67,5,40,11,303.027,275.803
67,5,40,12,257.206,108.17
67,5,40,13,176.486,205.03
67,5,40,14,192.095,230.44
67,5,40,15,24.2761,162.567
67,5,40,16,50.6346,95.3522
67,5,40,17,100.967,151.866
67,5,40,18,223.55,242.524
67,5,40,19,235.421,331.099
67,5,40,20,139.467,199.425
67,5,40,21,62.9641,44.1251
67,5,40,22,283.019,64.0675
67,5,40,23,128.184,170.579
67,5,40,24,262.536,342.934
67,5,40,25,236.376,15.5115
67,5,40,26,60.3937,118.658
67,5,40,27,91.2631,144.373
67,5,40,28,151.869,224.106
67,5,40,29,346.586,180.09
67,5,40,30,41.4479,338.108
67,5,40,31,75.7453,286.731
67,5,40,32,114.325,187.516
67,5,40,33,171.077,40.3641
67,5,40,34,110.621,98.7013
67,5,40,35,292.167,19.7429
67,5,40,36,328.137,78.9954
67,5,40,37,215.823,291.981
67,5,40,38,13.4379,247.406
67,5,40,39,164.158,77.8839
68,5,40,0,272.174,311.811
68,5,40,1,249.239,322.127
68,5,40,2,299.36,225.172
68,5,40,3,195.878,295.888
68,5,40,4,341.252,100.907
68,5,40,5,285.589,263.434
68,5,40,6,12.8002,181.74
68,5,40,7,185.774,36.3659
68,5,40,8,115.29,134.62
68,5,40,9,178.165,300.913
68,5,40,10,34.7338,62.1565
68,5,40,11,90.7797,2.88241
68,5,40,12,292.375,124.909
68,5,40,13,77.7422,145.366
68,5,40,14,7.87088,195.175
68,5,40,15,97.4779,158.57
68,5,40,16,331.83,187.521
68,5,40,17,151.241,281.15
68,5,40,18,41.3092,247.385
68,5,40,19,138.381,33.7846
68,5,40,20,268.722,202.3
68,5,40,21,312.011,347.92
68,5,40,22,84.4686,240.881
68,5,40,23,106.018,340.414
68,5,40,24,228.002,59.6886
68,5,40,25,130.371,325.782
68,5,40,26,333.624,21.0269
68,5,40,27,169.867,155.425
68,5,40,28,47.741,14.8447
68,5,40,29,22.8251,49.8834
68,5,40,30,201.286,111.234
68,5,40,31,223.495,230.833
68,5,40,32,242.412,172.665
68,5,40,33,165.535,258.547
68,5,40,34,214.665,122.054
68,5,40,35,316.091,212.191
68,5,40,36,254.334,90.8498
68,5,40,37,52.7442,278.616
68,5,40,38,147.863,78.3828
68,5,40,39,68.4472,86.276
69,5,40,0,83.0426,251.451
69,5,40,1,176.263,329.842
69,5,40,2,245.689,213.231
69,5,40,3,237.077,203.557
69,5,40,4,104.613,344.907
69,5,40,5,115.531,106.752
69,5,40,6,164.055,85.4733
69,5,40,7,43.7698,323.451
69,5,40,8,304.54,300.885
69,5,40,9,38.7979,311.699
69,5,40,10,62.2243,95.134
69,5,40,11,225.713,139.195
69,5,40,12,314.004,338.757
69,5,40,13,10.8029,161.23
69,5,40,14,155.991,222.536
69,5,40,15,324.977,70.8663
69,5,40,16,34.0393,18.0444
69,5,40,17,208.627,118.723
69,5,40,18,227.572,37.0582
69,5,40,19,7.95645,267.223
69,5,40,20,125.079,296.823
69,5,40,21,289.515,233.267
69,5,40,22,334.615,196.767
69,5,40,23,217.936,64.3242
69,5,40,24,321.385,256.801
69,5,40,25,261.404,151.431
69,5,40,26,133.94,278.066
69,5,40,27,108.122,4.36301
69,5,40,28,183.823,181.574
69,5,40,29,22.1306,140.753
69,5,40,30,53.8343,129.009
69,5,40,31,344.131,284.26
69,5,40,32,169.638,242.865
69,5,40,33,77.8582,190.171
69,5,40,34,280.309,51.4009
69,5,40,35,193.148,13.4307
69,5,40,36,142.776,167.255
69,5,40,37,88.5092,31.0142
69,5,40,38,275.688,102.885
69,5,40,39,264.879,56.7612
70,5,40,0,71.6737,116.27
70,5,40,1,176.845,203.643
70,5,40,2,214.836,5.88673
70,5,40,3,272.08,147.094
70,5,40,4,80.852,164.472
70,5,40,5,167.881,295.03
70,5,40,6,155.934,127.446
70,5,40,7,32.5531,281.767
70,5,40,8,115.367,76.7267
70,5,40,9,346.907,20.4757
70,5,40,10,6.1376,197.754
70,5,40,11,284.454,167.48
70,5,40,12,139.018,269.839
70,5,40,13,299.178,31.7345
70,5,40,14,220.995,184.031
70,5,40,15,238.296,279.654
70,5,40,16,196.376,321.962
70,5,40,17,312.779,340.32
70,5,40,18,128.744,105.831
70,5,40,19,191.661,252.461
70,5,40,20,233.961,136.832
70,5,40,21,333.043,214.502
70,5,40,22,163.879,232.745
70,5,40,23,110.801,64.3082
70,5,40,24,318.71,47.7563
70,5,40,25,264.458,98.503
70,5,40,26,37.9141,175.009
70,5,40,27,90.214,148.94
70,5,40,28,21.7466,81.9755
70,5,40,29,16.6368,306.638
70,5,40,30,250.082,258.283
70,5,40,31,100.201,60.9179
70,5,40,32,143.453,41.8396
70,5,40,33,47.128,16.7551
70,5,40,34,63.2485,242.802
70,5,40,35,296.717,303.187
70,5,40,36,203.81,87.796
70,5,40,37,55.1801,343.136
70,5,40,38,330.526,325.189
70,5,40,39,260.925,224.35
71,5,40,0,116.086,178.814
71,5,40,1,66.6317,116.146
71,5,40,2,53.7871,173.515
71,5,40,3,274.917,195.76
71,5,40,4,337.779,244.134
71,5,40,5,102.647,255.004
71,5,40,6,123.807,303.654
71,5,40,7,27.4341,134.585
71,5,40,8,131.62,8.52432
71,5,40,9,3.13755,204.421
71,5,40,10,144.074,113.295
71,5,40,11,95.7403,274.655
71,5,40,12,288.483,149.656
71,5,40,13,72.8237,280.1
71,5,40,14,215.011,102.777
71,5,40,15,257.665,290.039
71,5,40,16,293.564,60.2459
71,5,40,17,11.1538,148.206
71,5,40,18,332.436,330.335
71,5,40,19,266.555,251.903
71,5,40,20,312.015,94.427
71,5,40,21,306.002,216.409
71,5,40,22,176.487,23.569
71,5,40,23,160.72,129.997
71,5,40,24,315.444,31.1811
71,5,40,25,190.722,44.9745
71,5,40,26,342.781,267.855
71,5,40,27,232.565,35.699
71,5,40,28,241.791,15.2118
71,5,40,29,167.762,317.461
71,5,40,30,83.02,76.3087
71,5,40,31,20.2215,235.622
71,5,40,32,204.405,188.963
71,5,40,33,220.083,224.491
71,5,40,34,40.9096,333.635
71,5,40,35,149.835,306.425
71,5,40,36,45.3999,163.21
71,5,40,37,105.905,63.7071
71,5,40,38,247.479,81.8956
71,5,40,39,193.275,343.622
72,5,40,0,147.957,242.967
72,5,40,1,251.694,300.376
72,5,40,2,90.8024,324.14
72,5,40,3,348.504,11.5818
72,5,40,4,314.564,227.762
72,5,40,5,221.706,74.1947
72,5,40,6,178.136,84.1964
72,5,40,7,233.027,191.455
72,5,40,8,332.615,126.082
72,5,40,9,66.0748,171.867
72,5,40,10,213.31,175.675
72,5,40,11,106.668,315.469
72,5,40,12,204.652,149.717
72,5,40,13,271.702,272.968
72,5,40,14,297.485,253.749
72,5,40,15,169.254,1.61317
72,5,40,16,258.858,121.267
72,5,40,17,158.67,63.9267
72,5,40,18,98.7252,269.294
72,5,40,19,321.855,312.087
72,5,40,20,76.5586,211.404
72,5,40,21,59.3528,261.343
72,5,40,22,268.003,345.464
72,5,40,23,329.788,92.4258
72,5,40,24,123.768,141.549
72,5,40,25,199.165,296.121
72,5,40,26,240.749,223.42
72,5,40,27,285.957,23.4639
72,5,40,28,121.765,339.73
72,5,40,29,185.082,207.947
72,5,40,30,300.342,105.089
72,5,40,31,27.5215,28.4218
72,5,40,32,86.8975,56.8924
72,5,40,33,23.6403,100.428
72,5,40,34,1.28594,46.9908
72,5,40,35,11.1646,134.178
72,5,40,36,37.4732,285.621
72,5,40,37,48.4837,162.687
72,5,40,38,150.296,40.0964
72,5,40,39,134.006,193.358
73,5,40,0,302.797,121.934
73,5,40,1,17.4633,237.072
73,5,40,2,210.68,336.168
73,5,40,3,278.263,343.482
73,5,40,4,224.962,109.152
73,5,40,5,129.577,26.861
73,5,40,6,318.023,200.005
73,5,40,7,162.265,152.804
73,5,40,8,65.7769,280.969
73,5,40,9,247.703,223.618
73,5,40,10,336.01,248.542
73,5,40,11,132.529,39.1002
73,5,40,12,4.87496,290.342
73,5,40,13,76.3933,67.8674
73,5,40,14,99.7004,23.5371
73,5,40,15,287.236,210.184
73,5,40,16,240.387,146.912
73,5,40,17,58.7039,60.3863
73,5,40,18,23.8231,331.067
73,5,40,19,90.4993,104.794
73,5,40,20,122.38,80.1777
73,5,40,21,309.363,276.669
73,5,40,22,209.404,174.537
73,5,40,23,341.359,46.8636
73,5,40,24,140.508,78.7056
73,5,40,25,49.2509,160.438
73,5,40,26,29.4433,94.0636
73,5,40,27,230.392,309.361
73,5,40,28,189.183,229.099
73,5,40,29,267.727,11.7923
73,5,40,30,84.2339,259.631
73,5,40,31,328.272,203.128
73,5,40,32,38.736,127.95
73,5,40,33,293.803,266.386
73,5,40,34,261.079,133.891
73,5,40,35,106.964,6.95874
73,5,40,36,193.426,322.871
73,5,40,37,173.093,188.325
73,5,40,38,156.501,183.065
73,5,40,39,177.53,301.351
74,5,40,0,199.931,12.5538
74,5,40,1,225.112,26.485
74,5,40,2,13.4742,315.978
74,5,40,3,132.952,238.153
74,5,40,4,323.827,75.6784
74,5,40,5,343.663,262.926
74,5,40,6,85.0827,123.949
74,5,40,7,265.69,286.931
74,5,40,8,180.653,60.9778
74,5,40,9,42.9093,204.233
74,5,40,10,236.355,1.63452
74,5,40,11,60.6637,256.543
74,5,40,12,108.763,186.865
74,5,40,13,67.7929,214.072
74,5,40,14,155.521,161.812
74,5,40,15,309.276,349.444
74,5,40,16,70.8775,89.5962
74,5,40,17,172.282,151.689
74,5,40,18,297.099,143.577
74,5,40,19,333.586,46.6362
74,5,40,20,302.655,43.0309
74,5,40,21,216.577,114.394
74,5,40,22,207.688,219.039
74,5,40,23,255.052,104.187
74,5,40,24,143.463,289.231
74,5,40,25,93.6479,169.874
74,5,40,26,277.477,275.212
74,5,40,27,22.1631,182.145
74,5,40,28,52.481,200.085
74,5,40,29,160.317,109.876
74,5,40,30,230.132,85.2183
74,5,40,31,128.689,307.719
74,5,40,32,33.6939,235.301
74,5,40,33,190.046,68.2005
74,5,40,34,5.5196,251.353
74,5,40,35,247.961,340.763
74,5,40,36,283.665,138.086
74,5,40,37,321.843,297.798
74,5,40,38,102.859,324.147
74,5,40,39,117.346,23.9195
75,5,40,0,313.258,56.3532
75,5,40,1,330.52,334.448
75,5,40,2,280.165,99.2238
75,5,40,3,229.025,6.5055
75,5,40,4,319.458,167.806
75,5,40,5,138.131,309.624
75,5,40,6,72.4991,143.463
75,5,40,7,8.76757,190.042
75,5,40,8,184.524,322.807
75,5,40,9,344.901,247.886
75,5,40,10,26.9761,304.743
75,5,40,11,242.617,105.202
75,5,40,12,83.5229,182.285
75,5,40,13,130.664,221.301
75,5,40,14,58.5703,74.0903
75,5,40,15,158.197,202.833
75,5,40,16,108.425,122.464
75,5,40,17,219.371,63.5953
75,5,40,18,156.976,230.721
75,5,40,19,36.3801,157.735
75,5,40,20,178.022,293.078
75,5,40,21,48.2741,155.27
75,5,40,22,170.047,268.878
75,5,40,23,289.342,217.759
75,5,40,24,252.286,16.4923
75,5,40,25,334.367,136.657
75,5,40,26,209.144,94.852
75,5,40,27,91.3192,51.6808
75,5,40,28,102.271,197.567
75,5,40,29,216.304,285.841
75,5,40,30,118.199,18.3764
75,5,40,31,264.573,38.1489
75,5,40,32,304.105,254.201
75,5,40,33,1.38846,279.916
75,5,40,34,255.467,83.6056
75,5,40,35,196.855,27.7314
75,5,40,36,144.644,241.363
75,5,40,37,21.5501,128.916
75,5,40,38,272.405,325.253
75,5,40,39,65.3832,348.337
76,5,40,0,246.065,312.519
76,5,40,1,270.707,283.84
76,5,40,2,313.549,345.486
76,5,40,3,347.352,338.993
76,5,40,4,287.117,121.7
76,5,40,5,329.028,0.38438
76,5,40,6,291.779,85.6825
76,5,40,7,338.554,143.023
76,5,40,8,256.67,233.185
76,5,40,9,30.3122,195.15
76,5,40,10,109.808,34.4114
76,5,40,11,100.696,293.712
76,5,40,12,134.206,266.416
76,5,40,13,62.9954,154.096
76,5,40,14,168.678,71.5843
76,5,40,15,124.552,257.279
76,5,40,16,11.3925,103.159
76,5,40,17,39.0588,211.174
76,5,40,18,90.2181,133.931
76,5,40,19,154.181,331.443
76,5,40,20,22.1264,317.226
76,5,40,21,4.77242,43.5066
76,5,40,22,72.6359,61.342
76,5,40,23,85.5349,165.308
76,5,40,24,232.152,53.1532
76,5,40,25,322.5,188.394
76,5,40,26,148.31,251.468
76,5,40,27,52.222,181.715
76,5,40,28,219.795,93.4487
76,5,40,29,55.2891,276.214
76,5,40,30,116.335,166.589
76,5,40,31,196.697,111.177
76,5,40,32,177.339,297.979
76,5,40,33,185.43,124.152
76,5,40,34,238.242,50.8637
76,5,40,35,300.172,207.279
76,5,40,36,273.601,17.7033
76,5,40,37,203.562,222.578
76,5,40,38,212.905,237.632
76,5,40,39,159.104,13.0183
77,5,40,0,116.05,86.8624
77,5,40,1,294.347,17.7427
77,5,40,2,18.7247,59.6646
77,5,40,3,173.922,220.478
77,5,40,4,313.825,17.3119
77,5,40,5,141.183,98.6043
77,5,40,6,81.4825,193.156
77,5,40,7,162.911,95.5197
77,5,40,8,278.943,6.34405
77,5,40,9,247.806,313.552
77,5,40,10,63.9345,245.455
77,5,40,11,324.177,297.204
77,5,40,12,284.673,345.801
77,5,40,13,303.78,188.938
77,5,40,14,88.72,65.0475
77,5,40,15,180.408,111.964
77,5,40,16,257.165,121.045
77,5,40,17,13.406,303.369
77,5,40,18,151.681,170.025
77,5,40,19,108.055,269.987
77,5,40,20,339.206,32.2583
77,5,40,21,222.163,144.52
77,5,40,22,263.611,275.816
77,5,40,23,191.007,77.8015
77,5,40,24,200.037,176.26
77,5,40,25,129.083,286.223
77,5,40,26,26.9632,206.638
77,5,40,27,56.2733,317.646
77,5,40,28,227.801,260.588
77,5,40,29,40.0951,216.275
77,5,40,30,77.5138,44.9626
77,5,40,31,243.276,231.941
77,5,40,32,1.1515,325.74
77,5,40,33,96.8161,241.215
77,5,40,34,50.1226,123.235
77,5,40,35,316.606,150.398
77,5,40,36,138.782,35.8251
77,5,40,37,344.535,139.802
77,5,40,38,217.193,333.151
77,5,40,39,207.231,157.643
78,5,40,0,316.619,77.5598
78,5,40,1,133.87,126.752
78,5,40,2,277.379,81.1185
78,5,40,3,328.762,261.671
78,5,40,4,336.872,339.806
78,5,40,5,78.4393,317.934
78,5,40,6,88.9353,330.831
78,5,40,7,241.714,104.845
78,5,40,8,228.43,0.793168
78,5,40,9,210.235,90.4395
78,5,40,10,24.6197,303.169
78,5,40,11,151.212,30.436
78,5,40,12,114.246,250.023
78,5,40,13,61.9968,193.871
78,5,40,14,224.975,348.971
78,5,40,15,264.338,47.839
78,5,40,16,40.8524,219.993
78,5,40,17,174.228,143.04
78,5,40,18,165.371,115.746
78,5,40,19,4.52534,180.481
78,5,40,20,17.2187,64.3605
78,5,40,21,129.235,293.917
78,5,40,22,177.002,150.652
78,5,40,23,189.11,213.019
78,5,40,24,202.572,113.223
78,5,40,25,348.014,309.147
78,5,40,26,55.7734,134.482
78,5,40,27,79.4723,60.9293
78,5,40,28,101.861,276.372
78,5,40,29,290.174,163.628
78,5,40,30,143.988,16.3619
78,5,40,31,281.306,237.584
78,5,40,32,251.533,19.5197
78,5,40,33,34.8749,168.614
78,5,40,34,297.804,40.1297
78,5,40,35,108.433,286.938
78,5,40,36,46.5799,188.119
78,5,40,37,196.078,205.833
78,5,40,38,259.688,266.095
78,5,40,39,307.001,229.799
79,5,40,0,311.784,248.282
79,5,40,1,250.956,312.089
79,5,40,2,171.338,189.974
79,5,40,3,267.022,153.53
79,5,40,4,166.1,132.034
79,5,40,5,216.259,79.3061
79,5,40,6,300.122,122.493
79,5,40,7,192.04,181.01
79,5,40,8,180.052,212.507
79,5,40,9,94.0518,277.01
79,5,40,10,288.224,143.503
79,5,40,11,143.2,315.436
79,5,40,12,149.449,174.28
79,5,40,13,196.789,25.1015
79,5,40,14,22.8163,123.41
79,5,40,15,253.827,97.0803
79,5,40,16,4.80079,334.174
79,5,40,17,66.7379,324.576
79,5,40,18,316.027,290.635
79,5,40,19,72.9777,4.41212
79,5,40,20,126.413,347.44
79,5,40,21,86.3326,45.3327
79,5,40,22,340.581,58.9484
79,5,40,23,41.1474,10.8486
79,5,40,24,97.8578,78.3918
79,5,40,25,226.901,39.8737
79,5,40,26,137.806,199.441
79,5,40,27,235.164,158.203
79,5,40,28,341.631,106.448
79,5,40,29,202.544,283.909
79,5,40,30,111.993,265.126
79,5,40,31,275.243,28.1279
79,5,40,32,11.126,233.713
79,5,40,33,50.9215,64.0809
79,5,40,34,326.839,305.844
79,5,40,35,293.083,204.887
79,5,40,36,34.9797,226.87
79,5,40,37,121,239.224
79,5,40,38,52.8045,92.6087
79,5,40,39,242.303,257.568
80,5,40,0,208.059,329.958
80,5,40,1,193.855,275.315
80,5,40,2,171.575,307.739
80,5,40,3,102.149,168.08
80,5,40,4,31.2989,111.081
80,5,40,5,153.204,33.0666
80,5,40,6,237.526,246.325
80,5,40,7,340.815,157.186
80,5,40,8,43.699,269.545
80,5,40,9,64.7468,208.206
80,5,40,10,80.8431,49.0632
80,5,40,11,268.285,58.024
80,5,40,12,131.302,298.652
80,5,40,13,117.863,343.912
80,5,40,14,51.0109,99.5194
80,5,40,15,9.05325,229.341
80,5,40,16,20.3108,241.505
80,5,40,17,212.29,187.254
80,5,40,18,180.908,315.077
80,5,40,19,130.709,338.251
80,5,40,20,348.652,12.9421
80,5,40,21,235.705,288.877
80,5,40,22,221.342,85.1989
80,5,40,23,293.027,221.486
80,5,40,24,77.3118,215.543
80,5,40,25,312.673,139.217
80,5,40,26,287.251,163.986
80,5,40,27,276.051,115.832
80,5,40,28,146.43,181.79
80,5,40,29,322.879,287.747
80,5,40,30,254.296,259.291
80,5,40,31,187.143,126.016
80,5,40,32,245.395,194.547
80,5,40,33,88.089,24.3077
80,5,40,34,303.608,5.69887
80,5,40,35,112.141,68.0376
80,5,40,36,163.36,75.7814
80,5,40,37,6.44643,148.102
80,5,40,38,56.3903,92.3221
80,5,40,39,327.945,40.3381
81,5,40,0,61.0187,338.966
81,5,40,1,67.826,183.87
81,5,40,2,269.933,274.1
81,5,40,3,206.539,33.8472
81,5,40,4,90.908,26.0485
81,5,40,5,16.0943,242.753
81,5,40,6,221.509,316.128
81,5,40,7,288.417,13.3165
81,5,40,8,178.075,245.58
81,5,40,9,151.451,62.8759
81,5,40,10,332.717,217.6
81,5,40,11,255.811,156.695
81,5,40,12,188.054,309.742
81,5,40,13,26.8736,74.3905
81,5,40,14,169.545,295.574
81,5,40,15,344.415,95.9601
81,5,40,16,83.4455,107.305
81,5,40,17,321.628,284.35
81,5,40,18,327.982,225.079
81,5,40,19,292.804,176.045
81,5,40,20,160.872,234.473
81,5,40,21,240.285,127.289
81,5,40,22,49.8072,3.61692
81,5,40,23,195.699,203.095
81,5,40,24,212.344,47.9564
81,5,40,25,275.587,305.926
81,5,40,26,7.49254,145.217
81,5,40,27,302.16,100.063
81,5,40,28,123.689,138.558
81,5,40,29,114.656,344.797
81,5,40,30,98.3474,36.7502
81,5,40,31,134.334,256.552
81,5,40,32,17.6196,58.5941
81,5,40,33,249.299,81.7109
81,5,40,34,72.5298,268.006
81,5,40,35,146.68,172.702
81,5,40,36,229.062,194.404
81,5,40,37,35.3677,119.396
81,5,40,38,111.909,162.803
81,5,40,39,308.42,325.809
82,5,40,0,277.107,55.8403
82,5,40,1,280.717,228.109
82,5,40,2,264.809,288.247
82,5,40,3,152.207,17.3124
82,5,40,4,303.718,171.112
82,5,40,5,55.3473,332.884
82,5,40,6,124.505,314.883
82,5,40,7,173.233,38.6596
82,5,40,8,121.805,147.164
82,5,40,9,225.983,295.22
82,5,40,10,96.5012,134.47
82,5,40,11,27.8696,300.858
82,5,40,12,92.019,122.602
82,5,40,13,64.2014,82.4655
82,5,40,14,49.5061,246.833
82,5,40,15,217.699,215.029
82,5,40,16,108.106,68.2105
82,5,40,17,332.6,106.628
82,5,40,18,11.4762,188.084
82,5,40,19,297.456,342.052
82,5,40,20,309.024,49.0534
82,5,40,21,256.811,165.945
82,5,40,22,192.635,156.51
82,5,40,23,22.9349,101.016
82,5,40,24,134.269,194.152
82,5,40,25,143.867,28.7631
82,5,40,26,204.375,241.438
82,5,40,27,343.251,259.782
82,5,40,28,242.585,329.774
82,5,40,29,159.567,78.3921
82,5,40,30,186.656,207.314
82,5,40,31,329.368,176.802
82,5,40,32,320.414,222.647
82,5,40,33,72.6158,267.523
82,5,40,34,79.2341,6.26206
82,5,40,35,246.874,274.166
82,5,40,36,183.538,25.2245
82,5,40,37,2.63945,116.037
82,5,40,38,39.3995,320.941
82,5,40,39,234.598,95.7266
83,5,40,0,191.526,77.7996
83,5,40,1,48.9922,209.391
83,5,40,2,341.937,83.4344
83,5,40,3,1.54996,155.112
83,5,40,4,148.745,32.4529
83,5,40,5,199.213,111.99
83,5,40,6,239.178,252.241
83,5,40,7,57.7782,160.194
83,5,40,8,66.8199,26.2406
83,5,40,9,115.691,122.413
83,5,40,10,97.4535,39.8674
83,5,40,11,326.847,49.1954
83,5,40,12,131.986,222.118
83,5,40,13,209.213,54.2526
83,5,40,14,152.363,8.24612
83,5,40,15,178.402,267.676
83,5,40,16,71.8817,11.5371
83,5,40,17,210.755,309.355
83,5,40,18,340.635,67.1785
83,5,40,19,83.3203,124.389
83,5,40,20,275.992,146.608
83,5,40,21,250.065,280.46
83,5,40,22,307.724,183.739
83,5,40,23,113.575,317.382
83,5,40,24,323.139,174.498
83,5,40,25,269.175,189.004
83,5,40,26,171.131,301.399
83,5,40,27,21.0708,231.601
83,5,40,28,227.87,88.7889
83,5,40,29,15.2678,324.755
83,5,40,30,224.888,275.064
83,5,40,31,293.934,295.646
83,5,40,32,161.25,194.297
83,5,40,33,257.634,131.615
83,5,40,34,300.143,236.646
83,5,40,35,285.275,254.585
83,5,40,36,42.3603,345.691
83,5,40,37,95.969,340.516
83,5,40,38,28.8332,101.46
83,5,40,39,130.744,216.798
84,5,40,0,126.808,72.2889
84,5,40,1,245.252,65.7332
84,5,40,2,74.7963,210.55
84,5,40,3,346.057,161.071
84,5,40,4,230.833,177.634
84,5,40,5,63.1317,289.504
84,5,40,6,146.128,54.9384
84,5,40,7,286.136,223.626
84,5,40,8,108.907,188.529
84,5,40,9,323.829,230.492
84,5,40,10,94.4366,133.348
84,5,40,11,154.552,311.57
84,5,40,12,184.421,27.7593
84,5,40,13,272.941,297.995
84,5,40,14,100.537,244.239
84,5,40,15,9.78045,121.319
84,5,40,16,169.176,141.351
84,5,40,17,54.3984,331.423
84,5,40,18,202.383,319.211
84,5,40,19,4.60704,107.305
84,5,40,20,321.911,343.644
84,5,40,21,269.015,250.606
84,5,40,22,218.383,0.912793
84,5,40,23,52.0625,201.807
84,5,40,24,312.765,24.4764
84,5,40,25,262.172,278.836
84,5,40,26,85.0424,94.0935
84,5,40,27,183.671,123.639
84,5,40,28,161.653,43.2896
84,5,40,29,29.89,99.4824
84,5,40,30,220.229,265.177
84,5,40,31,134.568,198.732
84,5,40,32,198.457,9.11952
84,5,40,33,18.7071,85.0457
84,5,40,34,289.477,154.81
84,5,40,35,240.237,168.462
84,5,40,36,304.72,43.8159
84,5,40,37,35.2029,285.948
84,5,40,38,333.505,254.427
84,5,40,39,119.015,335.8
85,5,40,0,247.382,25.121
85,5,40,1,164.652,165.561
85,5,40,2,326.653,261.597
85,5,40,3,313.567,249.072
85,5,40,4,117.957,209.04
85,5,40,5,69.6787,291.881
85,5,40,6,338.789,3.76358
85,5,40,7,268.615,305.711
85,5,40,8,295.69,180.346
85,5,40,9,48.8478,147.358
85,5,40,10,231.43,284.868
85,5,40,11,211.296,137.591
85,5,40,12,322.134,55.9853
85,5,40,13,23.0869,319.888
85,5,40,14,146.094,151.631
85,5,40,15,223.705,211.684
85,5,40,16,83.659,173.09
85,5,40,17,208.155,66.9486
85,5,40,18,172.014,312.11
85,5,40,19,243.429,131.037
85,5,40,20,87.7642,108.502
85,5,40,21,180.092,279.941
85,5,40,22,113.147,47.5905
85,5,40,23,138.01,91.3738
85,5,40,24,299.157,83.921
85,5,40,25,281.839,331.341
85,5,40,26,2.27131,103.327
85,5,40,27,272.899,219.698
85,5,40,28,97.3991,346.688
85,5,40,29,348.603,341.234
85,5,40,30,70.2806,37.4453
85,5,40,31,150.12,119.526
85,5,40,32,41.2221,230.96
85,5,40,33,10.652,29.3249
85,5,40,34,190.277,11.3831
85,5,40,35,27.567,270.113
85,5,40,36,57.1622,74.5264
85,5,40,37,123.731,195.421
85,5,40,38,196.37,185.563
85,5,40,39,256.791,244.178
86,5,40,0,173.618,110.093
86,5,40,1,305.72,145.227
86,5,40,2,207.92,72.9713
86,5,40,3,116.172,150.96
86,5,40,4,128.655,293.252
86,5,40,5,342.94,131.705
86,5,40,6,277.529,272.607
86,5,40,7,265.307,256.031
86,5,40,8,179.383,93.7845
86,5,40,9,40.1818,283.969
86,5,40,10,48.2086,204.316
86,5,40,11,253.052,68.8995
86,5,40,12,323.963,46.0688
86,5,40,13,131.603,211.417
86,5,40,14,145.021,329.3
86,5,40,15,153.21,100.636
86,5,40,16,33.9674,12.126
86,5,40,17,14.0062,250.139
86,5,40,18,19.3681,85.1587
86,5,40,19,7.96831,170.348
86,5,40,20,163.163,234.274
86,5,40,21,257.39,187.541
86,5,40,22,62.2031,114.167
86,5,40,23,293.133,40.9897
86,5,40,24,234.127,26.1108
86,5,40,25,112.869,127.526
86,5,40,26,195.385,340.788
86,5,40,27,82.914,182.293
86,5,40,28,96.1787,226.574
86,5,40,29,241.671,267.163
86,5,40,30,226.532,161.012
86,5,40,31,54.7771,237.742
86,5,40,32,100.277,342.693
86,5,40,33,210.711,323.515
86,5,40,34,338.101,6.05921
86,5,40,35,77.1154,196.243
86,5,40,36,311.596,29.4636
86,5,40,37,283.697,57.8146
86,5,40,38,185.336,312.57
86,5,40,39,318.873,299.349
87,5,40,0,13.2748,93.3619
87,5,40,1,231.153,106.898
87,5,40,2,102.106,327.224
87,5,40,3,42.4202,317.488
87,5,40,4,280.886,34.5227
87,5,40,5,28.154,218.871
87,5,40,6,57.2222,140.178
87,5,40,7,86.7775,160.106
87,5,40,8,205.55,243.075
87,5,40,9,90.3332,255.059
87,5,40,10,211.788,47.3183
87,5,40,11,109.781,17.7913
87,5,40,12,257.809,212.758
87,5,40,13,185.221,115.209
87,5,40,14,5.88829,235.918
87,5,40,15,247.457,347.364
87,5,40,16,118.691,54.0447
87,5,40,17,340.769,206.962
87,5,40,18,136.397,276.414
87,5,40,19,342.97,138.904
87,5,40,20,171.044,297.02
87,5,40,21,141.294,270.043
87,5,40,22,296.209,173.527
87,5,40,23,123.023,179.921
87,5,40,24,158.264,340.904
87,5,40,25,200.81,9.07725
87,5,40,26,77.7964,104.523
87,5,40,27,154.52,304.853
87,5,40,28,326.324,197.478
87,5,40,29,67.1394,77.2608
87,5,40,30,274.72,157.422
87,5,40,31,310.866,285.111
87,5,40,32,20.0136,80.7769
87,5,40,33,263.747,130.124
87,5,40,34,226.194,310.673
87,5,40,35,300.638,68.5611
87,5,40,36,183.303,245.125
87,5,40,37,244.221,6.99074
87,5,40,38,52.2805,189.514
87,5,40,39,317.263,38.1761
88,5,40,0,157.904,5.63579
88,5,40,1,347.557,287.742
88,5,40,2,297.928,45.4103
88,5,40,3,61.7022,181.994
88,5,40,4,112.377,341.983
88,5,40,5,323.305,63.7458
88,5,40,6,328.892,110.393
88,5,40,7,182.264,59.6337
88,5,40,8,99.8944,90.1126
88,5,40,9,274.252,11.4464
88,5,40,10,169.877,138.797
88,5,40,11,124.893,250.897
88,5,40,12,184.271,302.733
88,5,40,13,145.846,270.222
88,5,40,14,39.7153,158.612
88,5,40,15,337.795,21.3445
88,5,40,16,193.978,315.79
88,5,40,17,155.344,174.746
88,5,40,18,73.3935,102.379
88,5,40,19,262.2,329.198
88,5,40,20,60.3715,260.643
88,5,40,21,82.6498,156.843
88,5,40,22,227.672,196.36
88,5,40,23,312.111,311.756
88,5,40,24,122.01,293.632
88,5,40,25,297.202,204.235
88,5,40,26,240.598,76.2729
88,5,40,27,223.206,217.189
88,5,40,28,44.7489,190.247
88,5,40,29,133.406,80.9221
88,5,40,30,280.585,227.831
88,5,40,31,0.017683,334.726
88,5,40,32,211.547,146.378
88,5,40,33,270.658,227.019
88,5,40,34,12.8354,117.689
88,5,40,35,94.4587,239.11
88,5,40,36,249.605,273.863
88,5,40,37,23.8026,126.094
88,5,40,38,31.6912,27.7362
88,5,40,39,206.759,38.4253
89,5,40,0,70.3666,256.637
89,5,40,1,286.276,290.086
89,5,40,2,39.6544,43.8908
89,5,40,3,24.4801,41.9708
89,5,40,4,235.143,298.691
89,5,40,5,251.235,146.846
89,5,40,6,340.809,210.768
89,5,40,7,238.359,332.61
89,5,40,8,170.351,200.667
89,5,40,9,181.758,225.897
89,5,40,10,273.314,231.367
89,5,40,11,89.6462,175.922
89,5,40,12,69.9471,100.626
89,5,40,13,161.433,240.528
89,5,40,14,213.535,5.5218
89,5,40,15,111.41,73.1414
89,5,40,16,145.035,132.351
89,5,40,17,194.505,54.193
89,5,40,18,344.839,15.7184
89,5,40,19,312.978,159.299
89,5,40,20,225.429,187.526
89,5,40,21,295.987,87.6692
89,5,40,22,103.455,346.396
89,5,40,23,52.8018,204.696
89,5,40,24,323.456,129.394
89,5,40,25,129.364,121.881
89,5,40,26,208.83,313.834
89,5,40,27,11.711,283.688
89,5,40,28,261.898,330.65
89,5,40,29,150.074,267.733
89,5,40,30,51.1541,319.053
89,5,40,31,33.8149,31.4502
89,5,40,32,139.472,84.2349
89,5,40,33,0.23232,274.317
89,5,40,34,83.2018,155.27
89,5,40,35,302.756,23.5693
89,5,40,36,324.667,250.006
89,5,40,37,115.247,168.469
89,5,40,38,263.797,63.6042
89,5,40,39,184.237,109.777
90,5,40,0,19.3314,82.2093
90,5,40,1,207.76,308.279
90,5,40,2,28.1819,328.5
90,5,40,3,255.29,276.389
90,5,40,4,107.742,345.613
90,5,40,5,188.661,229.254
90,5,40,6,120.394,210.884
90,5,40,7,132.994,26.1309
90,5,40,8,63.9125,198.152
90,5,40,9,232.124,284.358
90,5,40,10,154.329,51.4365
90,5,40,11,299.952,108.424
90,5,40,12,247.801,242.865
90,5,40,13,79.8333,300.845
90,5,40,14,47.3168,40.6136
90,5,40,15,123.726,253.884
90,5,40,16,78.045,2.93156
90,5,40,17,331.765,30.6
90,5,40,18,9.40379,157.786
90,5,40,19,336.565,66.7598
90,5,40,20,140.779,145.428
90,5,40,21,96.072,87.9006
90,5,40,22,224.056,76.481
90,5,40,23,216.004,114.784
90,5,40,24,296.409,139.087
90,5,40,25,282.295,10.9871
90,5,40,26,163.606,297.475
90,5,40,27,196.745,249.804
90,5,40,28,181.204,334.525
90,5,40,29,59.2856,96.5883
90,5,40,30,238.266,224.701
90,5,40,31,172.308,263.282
90,5,40,32,7.16402,56.66
90,5,40,33,96.2668,322.206
90,5,40,34,310.745,203.332
90,5,40,35,345.81,191.283
90,5,40,36,319.002,171.088
90,5,40,37,265.208,130.228
90,5,40,38,272.563,183.382
90,5,40,39,39.8849,154.032
91,5,40,0,330.938,97.309
91,5,40,1,130.257,105.228
91,5,40,2,217.323,45.8355
91,5,40,3,181.378,179.492
91,5,40,4,201.476,267.972
91,5,40,5,320.213,24.7653
91,5,40,6,164.32,324.784
91,5,40,7,107.647,90.6691
91,5,40,8,348.948,221.303
91,5,40,9,302.412,6.06182
91,5,40,10,242.329,274.851
91,5,40,11,56.7297,78.1113
91,5,40,12,104.889,231.841
91,5,40,13,32.8141,125.928
91,5,40,14,95.0511,36.1994
91,5,40,15,285.723,313.919
91,5,40,16,311.106,194.127
91,5,40,17,35.1888,283.803
91,5,40,18,46.1265,333.338
91,5,40,19,219.049,158.085
91,5,40,20,113.815,118.556
91,5,40,21,199.727,131.378
91,5,40,22,139.297,323.071
91,5,40,23,292.773,254.225
91,5,40,24,85.0221,206.576
91,5,40,25,2.27513,150.778
91,5,40,26,192.419,27.5792
91,5,40,27,264.308,302.277
91,5,40,28,260.598,69.1983
91,5,40,29,250.705,87.2103
91,5,40,30,77.4905,9.44134
91,5,40,31,13.7764,145.468
91,5,40,32,66.7592,54.9647
91,5,40,33,25.6692,244.654
91,5,40,34,228.571,167.936
91,5,40,35,336.487,250.611
91,5,40,36,141.41,216.422
91,5,40,37,157.226,345.14
91,5,40,38,273.341,184.008
91,5,40,39,170.818,289.196
92,5,40,0,297.208,169.591
92,5,40,1,348.33,120.529
92,5,40,2,74.8067,124.489
92,5,40,3,78.9591,272.506
92,5,40,4,99.2005,32.5442
92,5,40,5,125.203,323.748
92,5,40,6,162.322,252.384
92,5,40,7,139.39,75.4441
92,5,40,8,316.271,86.1308
92,5,40,9,59.4,132.838
92,5,40,10,190.752,305.909
92,5,40,11,251.071,93.3949
92,5,40,12,67.748,296.965
92,5,40,13,94.7555,191.126
92,5,40,14,268.281,269.417
92,5,40,15,155.016,2.77184
92,5,40,16,239.263,19.0887
92,5,40,17,49.0358,164.596
92,5,40,18,146.28,223.243
92,5,40,19,277.639,261.007
92,5,40,20,313.581,324.666
92,5,40,21,303.34,349.799
92,5,40,22,326.6,227.933
92,5,40,23,11.2794,339.726
92,5,40,24,204.298,100.956
92,5,40,25,170.553,179.649
92,5,40,26,40.2687,64.1367
92,5,40,27,178.34,12.6064
92,5,40,28,200.961,51.3621
92,5,40,29,210.844,284.769
92,5,40,30,26.6066,35.9055
92,5,40,31,220.526,218.236
92,5,40,32,6.70631,200.484
92,5,40,33,281.563,112.124
92,5,40,34,18.7127,153.257
92,5,40,35,257.29,142.183
92,5,40,36,233.16,242.505
92,5,40,37,336.714,307.07
92,5,40,38,115.639,53.6419
92,5,40,39,112.418,209.207
93,5,40,0,264.308,283.677
93,5,40,1,159.098,119.605
93,5,40,2,94.8125,270.154
93,5,40,3,145.791,139.12
93,5,40,4,225.973,113.258
93,5,40,5,137.439,73.6135
93,5,40,6,173.654,169.192
93,5,40,7,124.63,27.8381
93,5,40,8,62.2166,156.732
93,5,40,9,154.782,260.243
93,5,40,10,306.616,98.2942
93,5,40,11,120.461,252.66
93,5,40,12,79.9568,239.508
93,5,40,13,233.696,62.7963
93,5,40,14,275.595,35.936
93,5,40,15,104.463,302.494
93,5,40,16,284.502,233.738
93,5,40,17,36.3378,337.705
93,5,40,18,216.541,47.3529
93,5,40,19,324.588,200.548
93,5,40,20,254.648,294.014
93,5,40,21,20.8739,331.163
93,5,40,22,72.124,161.028
93,5,40,23,108.451,128.884
93,5,40,24,295.939,216.42
93,5,40,25,243.891,318.553
93,5,40,26,247.437,8.99162
93,5,40,27,58.8472,85.9835
93,5,40,28,28.6996,180.339
93,5,40,29,205.776,2.39945
93,5,40,30,184.783,148.05
93,5,40,31,348.612,276.27
93,5,40,32,195.628,190.27
93,5,40,33,181.887,57.6447
93,5,40,34,14.1615,226.328
93,5,40,35,0.750917,90.3038
93,5,40,36,316.431,348.522
93,5,40,37,51.2828,21.0202
93,5,40,38,303.266,202.185
93,5,40,39,333.714,310.252
94,5,40,0,172.142,135.115
94,5,40,1,61.185,84.5722
94,5,40,2,298.169,67.7988
94,5,40,3,194.711,39.1755
94,5,40,4,86.8379,308.963
94,5,40,5,48.5945,155.312
94,5,40,6,26.5715,202.422
94,5,40,7,340.722,282.064
94,5,40,8,242.12,91.0817
94,5,40,9,178.132,279.539
94,5,40,10,36.473,144.402
94,5,40,11,188.656,316.975
94,5,40,12,308.211,97.328
94,5,40,13,25.6848,112.509
94,5,40,14,160.81,265.634
94,5,40,15,224.814,242.703
94,5,40,16,3.28303,218.974
94,5,40,17,234.31,304.605
94,5,40,18,106.63,182.551
94,5,40,19,287.497,331.688
94,5,40,20,322.808,233.826
94,5,40,21,69.9442,57.2278
94,5,40,22,342.747,127.478
94,5,40,23,153.27,174.219
94,5,40,24,202.63,75.9679
94,5,40,25,70.1346,341.541
94,5,40,26,130.361,337.731
94,5,40,27,261.916,248.902
94,5,40,28,132.586,193.091
94,5,40,29,295.343,30.9069
94,5,40,30,93.9424,165.24
94,5,40,31,98.3684,43.8651
94,5,40,32,247.743,3.09726
94,5,40,33,268.691,15.2482
94,5,40,34,276.089,190.495
94,5,40,35,15.5268,292.964
94,5,40,36,327.936,116.948
94,5,40,37,113.842,18.3847
94,5,40,38,143.367,256
94,5,40,39,214.326,213.543
95,5,40,0,98.0884,10.6024
95,5,40,1,41.4396,261.338
95,5,40,2,47.8252,172.283
95,5,40,3,342.249,180.739
95,5,40,4,307.175,310.849
95,5,40,5,177.873,85.1017
95,5,40,6,299.712,292.135
95,5,40,7,209.344,287.947
95,5,40,8,69.1837,228.785
95,5,40,9,153.386,305.657
95,5,40,10,83.7784,217.204
95,5,40,11,326.987,316.66
95,5,40,12,284.813,349.744
95,5,40,13,70.8536,209.452
95,5,40,14,160.189,131.339
95,5,40,15,260.675,8.40676
95,5,40,16,91.531,108.508
95,5,40,17,24.7972,66.3745
95,5,40,18,126.217,183.848
95,5,40,19,8.41816,194.454
95,5,40,20,171.462,31.3826
95,5,40,21,234.564,123.601
95,5,40,22,297.413,50.2924
95,5,40,23,275.732,142.994
95,5,40,24,268.851,277.516
95,5,40,25,319.227,115.265
95,5,40,26,53.8335,220.299
95,5,40,27,107.45,163.611
95,5,40,28,243.413,151.809
95,5,40,29,222.311,56.5098
95,5,40,30,217.491,95.3975
95,5,40,31,336.617,243.834
95,5,40,32,15.0559,104.096
95,5,40,33,31.3129,247.829
95,5,40,34,245.159,330.145
95,5,40,35,192.535,20.5596
95,5,40,36,190.761,269.406
95,5,40,37,148.128,333.858
95,5,40,38,115.844,40.0779
95,5,40,39,136.067,76.4748
96,5,40,0,241.079,61.7017
96,5,40,1,285.517,29.433
96,5,40,2,176.398,20.7679
96,5,40,3,310.5,116.41
96,5,40,4,168.495,177.678
96,5,40,5,227.938,173.679
96,5,40,6,262.256,92.5171
96,5,40,7,30.8793,303.875
96,5,40,8,268.327,324.075
96,5,40,9,218.431,252.768
96,5,40,10,76.1528,127.048
96,5,40,11,139.548,80.0363
96,5,40,12,219.755,161.623
96,5,40,13,208.18,35.1157
96,5,40,14,68.8966,258.139
96,5,40,15,22.3406,233.654
96,5,40,16,304.508,78.5606
96,5,40,17,125.272,104.157
96,5,40,18,317.931,3.71965
96,5,40,19,47.3659,195.029
96,5,40,20,292.705,144.906
96,5,40,21,97.8858,287.955
96,5,40,22,10.6722,153.485
96,5,40,23,93.097,216.738
96,5,40,24,185.539,323.606
96,5,40,25,162.33,225.796
96,5,40,26,154.599,133.83
96,5,40,27,193.982,241.957
96,5,40,28,245.05,296.711
96,5,40,29,333.35,111.655
96,5,40,30,277.343,50.2507
96,5,40,31,140.639,266.747
96,5,40,32,117.047,307.634
96,5,40,33,81.6725,191.048
96,5,40,34,54.8165,275.324
96,5,40,35,38.2505,342.554
96,5,40,36,331.496,11.2526
96,5,40,37,346.569,57.2319
96,5,40,38,108.852,335.37
96,5,40,39,8.73423,202.786
97,5,40,0,180.077,290.629
97,5,40,1,236.916,175.648
97,5,40,2,88.2478,174.127
97,5,40,3,163.487,95.8298
97,5,40,4,342.203,2.9854
97,5,40,5,276.478,258.316
97,5,40,6,333.136,214.529
97,5,40,7,62.6379,82.6375
97,5,40,8,7.12013,329.274
97,5,40,9,112.494,61.8452
97,5,40,10,265.079,282.814
97,5,40,11,118.477,117.979
97,5,40,12,27.9929,302.219
97,5,40,13,188.05,322.959
97,5,40,14,25.9486,40.155
97,5,40,15,52.8725,53.1861
97,5,40,16,70.7397,278.041
97,5,40,17,298.012,236.652
97,5,40,18,148.235,307.977
97,5,40,19,254.941,102.531
97,5,40,20,9.83959,105.18
97,5,40,21,225.866,48.2302
97,5,40,22,100.429,144.76
97,5,40,23,81.1624,124.738
97,5,40,24,46.9171,11.2975
97,5,40,25,202.493,196.792
97,5,40,26,174.522,31.7283
97,5,40,27,282.233,268.63
97,5,40,28,125.547,138.229
97,5,40,29,317.921,204.328
97,5,40,30,310.141,72.3562
97,5,40,31,218.633,22.8007
97,5,40,32,247.643,245.109
97,5,40,33,200.08,228.262
97,5,40,34,324.294,341.939
97,5,40,35,139.515,190.198
97,5,40,36,296.29,149.429
97,5,40,37,40.6679,157.839
97,5,40,38,230.933,334.8
97,5,40,39,148.91,223.323
98,5,40,0,7.43803,7.22535
98,5,40,1,121.595,348.179
98,5,40,2,154.351,33.9156
98,5,40,3,217.117,93.8936
98,5,40,4,34.8286,193.494
98,5,40,5,46.2157,81.4771
98,5,40,6,235.001,317.327
98,5,40,7,72.0119,12.2243
98,5,40,8,131.97,126.096
98,5,40,9,99.953,153.471
98,5,40,10,297.164,222.115
98,5,40,11,321.319,236.666
98,5,40,12,180.256,297.06
98,5,40,13,314.13,325.24
98,5,40,14,325.2,191.95
98,5,40,15,221.637,177.416
98,5,40,16,160.644,304.409
98,5,40,17,168.547,20.3111
98,5,40,18,301.876,131.285
98,5,40,19,107.815,147.48
98,5,40,20,9.63205,214.61
98,5,40,21,344.552,231.829
98,5,40,22,69.1311,313.838
98,5,40,23,37.0409,119.126
98,5,40,24,82.2247,207.04
98,5,40,25,60.3797,76.123
98,5,40,26,141.184,287.544
98,5,40,27,22.6751,168.008
98,5,40,28,188.705,61.6306
98,5,40,29,259.23,165.889
98,5,40,30,240.809,35.1184
98,5,40,31,208.055,105.35
98,5,40,32,94.7869,47.9734
98,5,40,33,124.015,57.6128
98,5,40,34,279.145,340.23
98,5,40,35,269.108,257.931
98,5,40,36,338.079,276.568
98,5,40,37,199.321,248.338
98,5,40,38,286.94,262.564
98,5,40,39,253.184,98.3028
99,5,40,0,298.638,349.14
99,5,40,1,254.63,313.438
99,5,40,2,76.9243,37.5135
99,5,40,3,82.6179,294.895
99,5,40,4,42.8141,246.864
99,5,40,5,197.129,75.2433
99,5,40,6,107.664,334.474
99,5,40,7,328.102,28.94
99,5,40,8,149.338,166.097
99,5,40,9,162.583,240.733
99,5,40,10,94.1685,315.268
99,5,40,11,182.774,256.968
99,5,40,12,147.105,297.738
99,5,40,13,28.8923,54.6089
99,5,40,14,235.583,150.471
99,5,40,15,272.963,45.2159
99,5,40,16,131.924,21.0714
99,5,40,17,51.1182,120.435
99,5,40,18,292.765,64.8063
99,5,40,19,59.6761,125.707
99,5,40,20,280.212,3.79939
99,5,40,21,98.4923,178.337
99,5,40,22,264.323,145.106
99,5,40,23,5.06436,100.957
99,5,40,24,238.884,195.281
99,5,40,25,347.616,83.5801
99,5,40,26,189.851,286.621
99,5,40,27,21.687,185.706
99,5,40,28,208.984,230.323
99,5,40,29,336.716,167.618
99,5,40,30,226.435,278.909
99,5,40,31,252.65,214.771
99,5,40,32,210.181,204.439
99,5,40,33,13.8427,268.309
99,5,40,34,116.591,330.395
99,5,40,35,66.6626,223.025
99,5,40,36,315.898,13.547
99,5,40,37,307.45,111.509
99,5,40,38,129.322,132.026
99,5,40,39,171.858,94.7197
100,5,40,0,272.318,301.225
100,5,40,1,108.937,172.836
100,5,40,2,168.06,258.828
100,5,40,3,166.244,313.541
100,5,40,4,299.126,18.9911
100,5,40,5,246.496,1.8043
100,5,40,6,188.061,155.976
100,5,40,7,261.87,164.653
100,5,40,8,63.4741,197.276
100,5,40,9,296.245,56.3637
100,5,40,10,86.969,248.63
100,5,40,11,320.242,291.637
100,5,40,12,148.374,48.1969
100,5,40,13,202.224,213.99
100,5,40,14,343.336,112.998
100,5,40,15,177.213,277.973
100,5,40,16,233.471,77.7011
100,5,40,17,238.806,14.9599
100,5,40,18,2.70976,285.325
100,5,40,19,70.7049,140.524
100,5,40,20,309.664,328.234
100,5,40,21,218.947,315.644
100,5,40,22,11.4834,90.0193
100,5,40,23,20.5483,337.11
100,5,40,24,31.4307,182.555
100,5,40,25,150.609,139.097
100,5,40,26,43.4432,128.929
100,5,40,27,94.9456,220.4
100,5,40,28,265.804,209.724
100,5,40,29,328.943,348.107
100,5,40,30,119.369,240.98
100,5,40,31,96.9512,118.139
100,5,40,32,213.427,184.063
100,5,40,33,285.919,41.3892
100,5,40,34,51.1125,268.11
100,5,40,35,122.755,62.9493
100,5,40,36,137.491,234.794
100,5,40,37,195.265,81.3539
100,5,40,38,339.027,101.694
100,5,40,39,54.7959,31.7614
101,5,40,0,236.358,52.5978
101,5,40,1,246.001,215.294
101,5,40,2,99.0878,192.974
101,5,40,3,117.984,226.857
101,5,40,4,258.266,5.07694
101,5,40,5,94.4562,100.97
101,5,40,6,142.866,307.526
101,5,40,7,325.458,281.031
101,5,40,8,80.0106,316.359
101,5,40,9,129.839,142.026
101,5,40,10,149.656,332.176
101,5,40,11,334.003,12.5369
101,5,40,12,77.1195,43.8571
101,5,40,13,36.0573,137.119
101,5,40,14,162.11,260.366
101,5,40,15,29.7138,35.2216
101,5,40,16,273.122,294.215
101,5,40,17,189.898,158.49
101,5,40,18,298.022,248.794
101,5,40,19,203.515,333.11
101,5,40,20,58.6953,106.768
101,5,40,21,319.765,173.733
101,5,40,22,343.93,69.7182
101,5,40,23,221.496,267.387
101,5,40,24,232.443,29.6609
101,5,40,25,135.378,151.355
101,5,40,26,169.027,119.119
101,5,40,27,293.02,272.458
101,5,40,28,47.7532,24.3178
101,5,40,29,198.813,179.045
101,5,40,30,111.535,343.401
101,5,40,31,282.038,86.9067
101,5,40,32,12.8595,128.314
101,5,40,33,218.643,227.595
101,5,40,34,22.1134,189.596
101,5,40,35,5.76487,237.064
101,5,40,36,178.455,89.0863
101,5,40,37,61.5691,70.6245
101,5,40,38,311.937,298.49
101,5,40,39,263.166,208.159
102,5,40,0,286.33,306.187
102,5,40,1,126.506,13.2989
102,5,40,2,274.118,130.483
102,5,40,3,316.643,341.764
102,5,40,4,68.8572,255.18
102,5,40,5,153.637,186.086
102,5,40,6,213.957,138.069
102,5,40,7,209.179,107.843
102,5,40,8,173.321,321.16
102,5,40,9,299.716,72.9738
102,5,40,10,21.5718,292.651
102,5,40,11,89.5544,29.7135
102,5,40,12,336.119,237.359
102,5,40,13,181.078,336.359
102,5,40,14,231.654,147.846
102,5,40,15,107.294,18.0639
102,5,40,16,306.383,250.523
102,5,40,17,4.58266,329.849
102,5,40,18,71.1361,87.4327
102,5,40,19,139.165,163.088
102,5,40,20,140.604,53.6702
102,5,40,21,220.931,214.353
102,5,40,22,191.201,42.9934
102,5,40,23,195.305,44.2693
102,5,40,24,346.05,278.306
102,5,40,25,244.478,170.694
102,5,40,26,17.4297,120.266
102,5,40,27,38.2329,181.022
102,5,40,28,48.6005,87.5153
102,5,40,29,98.1106,209.406
102,5,40,30,292.684,153.588
102,5,40,31,119.452,97.8944
102,5,40,32,54.0863,3.80402
102,5,40,33,32.3851,307.9
102,5,40,34,161.987,224.715
102,5,40,35,260.778,232.53
102,5,40,36,245.852,192.729
102,5,40,37,324.201,266.158
102,5,40,38,86.3369,65.2076
102,5,40,39,265.577,281.362
103,5,40,0,140.427,181.233
103,5,40,1,324.352,186.362
103,5,40,2,137.872,273.543
103,5,40,3,76.5426,5.63215
103,5,40,4,214.948,20.0374
103,5,40,5,255.605,72.0037
103,5,40,6,61.7182,170.863
103,5,40,7,253.269,323.624
103,5,40,8,302.776,236.142
103,5,40,9,238.184,265.269
103,5,40,10,306.268,257.41
103,5,40,11,87.9019,202.125
103,5,40,12,344.745,123.267
103,5,40,13,232.155,30.3806
103,5,40,14,24.4834,113.362
103,5,40,15,188.67,155.317
103,5,40,16,44.8168,41.6663
103,5,40,17,114.114,347.072
103,5,40,18,220.335,239.805
103,5,40,19,29.1443,136.662
103,5,40,20,127.283,328.781
103,5,40,21,85.4842,245.036
103,5,40,22,11.5719,298.494
103,5,40,23,102.782,119.048
103,5,40,24,6.37603,81.6319
103,5,40,25,205.773,286.021
103,5,40,26,106.528,217.221
103,5,40,27,161.423,164.087
103,5,40,28,285.07,308.655
103,5,40,29,319.136,144.578
103,5,40,30,289.469,58.7555
103,5,40,31,183.711,101.011
103,5,40,32,57.6876,67.6615
103,5,40,33,277.151,220.587
103,5,40,34,262.95,295.271
103,5,40,35,171.369,196.139
103,5,40,36,199.732,334.214
103,5,40,37,152.991,95.4041
103,5,40,38,337.544,10.8229
103,5,40,39,40.3104,52.1873
104,5,40,0,232.162,25.1846
104,5,40,1,271.93,326.184
104,5,40,2,97.8043,220.788
104,5,40,3,346.945,96.6729
104,5,40,4,318.196,6.8061
104,5,40,5,208.515,257.017
104,5,40,6,306.841,316.311
104,5,40,7,111.895,312.361
104,5,40,8,57.7844,193.117
104,5,40,9,79.358,129.603
104,5,40,10,18.1524,210.663
104,5,40,11,330.724,10.9751
104,5,40,12,42.0192,279.333
104,5,40,13,217.694,303.734
104,5,40,14,263.096,265.338
104,5,40,15,219.682,95.3447
104,5,40,16,44.642,174.874
104,5,40,17,258.303,162.809
104,5,40,18,31.0677,182.37
104,5,40,19,124.287,36.1067
104,5,40,20,188.556,207.76
104,5,40,21,245.298,144.037
104,5,40,22,62.5825,288.076
104,5,40,23,4.42388,135.841
104,5,40,24,9.71864,251.81
104,5,40,25,197.969,348.117
104,5,40,26,120.234,106.895
104,5,40,27,287.211,47.6255
104,5,40,28,302.089,83.1272
104,5,40,29,148.763,190.578
104,5,40,30,171.947,76.9864
104,5,40,31,158.814,233.237
104,5,40,32,132.736,334.823
104,5,40,33,147.431,120.867
104,5,40,34,92.9555,55.7319
104,5,40,35,71.6374,62.3881
104,5,40,36,238.104,293.36
104,5,40,37,294.492,239.087
104,5,40,38,180.353,151.589
104,5,40,39,339.014,28.3146
105,5,40,0,135.012,341.486
105,5,40,1,36.6383,136.663
105,5,40,2,111.517,260.708
105,5,40,3,61.0032,262.624
105,5,40,4,304.168,336.811
105,5,40,5,215.95,164.171
105,5,40,6,152.317,58.5423
105,5,40,7,242.144,42.0552
105,5,40,8,170.359,188.398
105,5,40,9,329.234,153.933
105,5,40,10,99.9486,115.378
105,5,40,11,249.726,296.857
105,5,40,12,34.8844,278.509
105,5,40,13,81.1514,124.136
105,5,40,14,123.753,239.882
105,5,40,15,26.1036,329.719
105,5,40,16,223.436,76.4091
105,5,40,17,176.847,313.644
105,5,40,18,230.566,316.923
105,5,40,19,64.0872,16.1211
105,5,40,20,144.884,251.946
105,5,40,21,206.013,197.815
105,5,40,22,116.193,103.589
105,5,40,23,92.3358,86.9017
105,5,40,24,162.883,90.7619
105,5,40,25,75.2357,52.3594
105,5,40,26,267.85,106.243
105,5,40,27,285.136,302.039
105,5,40,28,296.01,180.643
105,5,40,29,8.81866,2.13188
105,5,40,30,319.102,283.394
105,5,40,31,279.725,205.673
105,5,40,32,6.13013,228.933
105,5,40,33,348.979,17.6008
105,5,40,34,261.459,146.057
105,5,40,35,200.181,169.48
105,5,40,36,44.7028,66.6132
105,5,40,37,337.787,216.864
105,5,40,38,306.957,30.4666
105,5,40,39,186.281,227.099
106,5,40,0,327.918,45.3055
106,5,40,1,187.443,26.3349
106,5,40,2,88.0162,232.121
106,5,40,3,157.689,78.0777
106,5,40,4,200.949,213.764
106,5,40,5,113.517,273.126
106,5,40,6,309.68,39.718
106,5,40,7,85.3527,113.596
106,5,40,8,245.284,209.652
106,5,40,9,296.667,83.7416
106,5,40,10,204.073,223.591
106,5,40,11,98.9144,146.747
106,5,40,12,234.761,6.4548
106,5,40,13,120.576,187.571
106,5,40,14,14.5774,259.34
106,5,40,15,24.1366,270.467
106,5,40,16,169.844,151.233
106,5,40,17,154.485,160.2
106,5,40,18,284.523,139.837
106,5,40,19,305.574,244.607
106,5,40,20,48.4749,323.115
106,5,40,21,344.287,248.408
106,5,40,22,147.884,286.229
106,5,40,23,179.768,193.848
106,5,40,24,238.812,178.612
106,5,40,25,66.7947,89.952
106,5,40,26,226.708,170.511
106,5,40,27,271.469,17.5189
106,5,40,28,317.778,63.5743
106,5,40,29,41.1731,12.6215
106,5,40,30,127.923,297.357
106,5,40,31,3.04938,298.477
106,5,40,32,34.0843,308.615
106,5,40,33,55.6392,331.046
106,5,40,34,256.526,55.4758
106,5,40,35,263.314,338.856
106,5,40,36,75.062,346.25
106,5,40,37,211.949,123.805
106,5,40,38,335.658,98.2167
106,5,40,39,137.679,115.007
107,5,40,0,267.774,308.007
107,5,40,1,275.639,206.308
107,5,40,2,6.82223,235.083
107,5,40,3,42.2419,148.289
107,5,40,4,315.247,224.473
107,5,40,5,215.874,342.082
107,5,40,6,290.576,85.0351
107,5,40,7,191.614,21.1502
107,5,40,8,301.849,175.977
107,5,40,9,283.045,57.9324
107,5,40,10,327.955,75.8613
107,5,40,11,209.976,280.195
107,5,40,12,51.2654,303.029
107,5,40,13,105.098,174.433
107,5,40,14,115.949,39.1798
107,5,40,15,82.3598,212.668
107,5,40,16,21.6492,236.508
107,5,40,17,169.106,245.517
107,5,40,18,71.0555,94.1328
107,5,40,19,154.804,275.331
107,5,40,20,98.1039,101.985
107,5,40,21,142.414,151.639
107,5,40,22,349.102,340.726
107,5,40,23,195.6,14.2834
107,5,40,24,164.6,113.958
107,5,40,25,128.72,28.1732
107,5,40,26,229.641,254.168
107,5,40,27,68.2211,318.706
107,5,40,28,332.668,191.051
107,5,40,29,53.0066,267.611
107,5,40,30,313.737,69.2073
107,5,40,31,250.36,291.793
107,5,40,32,95.7013,126.157
107,5,40,33,239.392,160.039
107,5,40,34,223.832,325.307
107,5,40,35,14.6474,110.736
107,5,40,36,131.603,138.97
107,5,40,37,183.558,49.0154
107,5,40,38,258.772,196.989
107,5,40,39,26.9547,7.62268
108,5,40,0,51.37,213.43
108,5,40,1,93.1577,332.172
108,5,40,2,33.3705,67.224
108,5,40,3,226.583,30.3793
108,5,40,4,328.323,208.785
108,5,40,5,116.653,54.7268
108,5,40,6,129.197,266.575
108,5,40,7,131.273,91.842
108,5,40,8,140.088,261.18
108,5,40,9,102.421,80.2659
108,5,40,10,345.395,145.154
108,5,40,11,151.835,176.146
108,5,40,12,308.711,299.676
108,5,40,13,53.8156,173.776
108,5,40,14,294.276,341.122
108,5,40,15,71.3085,38.9935
108,5,40,16,267.383,247.637
108,5,40,17,211.111,158.049
108,5,40,18,242.637,6.41968
108,5,40,19,65.581,124.806
108,5,40,20,41.1158,225.892
108,5,40,21,322.199,111.485
108,5,40,22,204.002,292.35
108,5,40,23,195.447,309.909
108,5,40,24,13.7726,243.011
108,5,40,25,183.245,25.1734
108,5,40,26,79.1258,47.1636
108,5,40,27,303.7,119.817
108,5,40,28,20.1598,72.4095
108,5,40,29,252.678,97.1503
108,5,40,30,111.807,188.534
108,5,40,31,171.788,323.154
108,5,40,32,158.518,11.4925
108,5,40,33,228.674,287.964
108,5,40,34,287.187,131.291
108,5,40,35,6.41637,229.432
108,5,40,36,185.603,153.768
108,5,40,37,258.397,276.439
108,5,40,38,272.454,199.062
108,5,40,39,337.387,342.142
109,5,40,0,192.834,66.022
109,5,40,1,314.24,286.576
109,5,40,2,247.552,7.11844
109,5,40,3,163.411,157.682
109,5,40,4,343.701,142.525
109,5,40,5,13.6399,80.0694
109,5,40,6,217.66,195.552
109,5,40,7,204.903,208.087
109,5,40,8,315.901,218.949
109,5,40,9,224.529,23.7155
109,5,40,10,237.325,106.535
109,5,40,11,128.58,317.606
109,5,40,12,289.693,251.674
109,5,40,13,156.121,28.9002
109,5,40,14,299.724,77.3868
109,5,40,15,70.1975,346.19
109,5,40,16,181.043,102.069
109,5,40,17,191.089,47.8766
109,5,40,18,115,313.134
109,5,40,19,82.9993,53.1778
109,5,40,20,33.4105,139.608
109,5,40,21,41.039,328.927
109,5,40,22,166.635,267.009
109,5,40,23,105.839,334.325
109,5,40,24,286.534,152.965
109,5,40,25,23.5912,238.43
109,5,40,26,271.021,302.91
109,5,40,27,43.8725,12.1084
109,5,40,28,273.796,227.673
109,5,40,29,231.633,40.0536
109,5,40,30,69.813,216.611
109,5,40,31,93.1015,258.055
109,5,40,32,56.306,171.423
109,5,40,33,327.175,116.402
109,5,40,34,144.546,277.976
109,5,40,35,137.689,181.733
109,5,40,36,98.1241,293.665
109,5,40,37,5.58005,190.432
109,5,40,38,339.247,129.145
109,5,40,39,260.373,87.8943
110,5,40,0,227.133,140.152
110,5,40,1,192.814,150.477
110,5,40,2,150.728,318.767
110,5,40,3,307.904,22.8674
110,5,40,4,145.624,137.729
110,5,40,5,281.93,204.231
110,5,40,6,256.83,43.736
110,5,40,7,104.341,83.5328
110,5,40,8,165.53,122.148
110,5,40,9,113.206,226.706
110,5,40,10,46.2403,92.7419
110,5,40,11,125.4,211.771
110,5,40,12,15.0992,9.49038
110,5,40,13,234.836,265.996
110,5,40,14,134.687,32.9907
110,5,40,15,179.256,258.227
110,5,40,16,36.5278,46.4107
110,5,40,17,320.731,110.782
110,5,40,18,251.951,328.527
110,5,40,19,67.5036,236.258
110,5,40,20,268.659,280.747
110,5,40,21,332.968,304.535
110,5,40,22,297.745,157.918
110,5,40,23,216.198,179.412
110,5,40,24,80.4878,277.608
110,5,40,25,56.4191,65.2115
110,5,40,26,167.01,7.13677
110,5,40,27,89.8686,55.4654
110,5,40,28,0.565071,248.596
110,5,40,29,26.7134,235.165
110,5,40,30,278.268,96.3692
110,5,40,31,26.0268,195.971
110,5,40,32,207.926,185.643
110,5,40,33,74.4099,336.198
110,5,40,34,293.315,74.3974
110,5,40,35,344.094,128.472
110,5,40,36,329.427,341.686
110,5,40,37,186.43,169.194
110,5,40,38,118.063,310.854
110,5,40,39,243.525,295.701
111,5,40,0,170.601,107.291
111,5,40,1,89.3443,136.573
111,5,40,2,128.463,295.161
111,5,40,3,37.1232,128.555
111,5,40,4,219.451,195.001
111,5,40,5,165.9,117.803
111,5,40,6,62.2139,303.765
111,5,40,7,307.567,141.287
111,5,40,8,120.817,168.493
111,5,40,9,59.8593,229.077
111,5,40,10,244.594,17.0246
111,5,40,11,137.944,222.371
111,5,40,12,81.2803,243.033
111,5,40,13,204.703,346.128
111,5,40,14,13.0659,267.187
111,5,40,15,340.385,202.555
111,5,40,16,29.1249,213.839
111,5,40,17,227.568,318.165
111,5,40,18,21.2383,152.647
111,5,40,19,266.77,276.128
111,5,40,20,191.934,96.4264
111,5,40,21,148.111,165.349
111,5,40,22,216.166,31.041
111,5,40,23,280.738,88.0311
111,5,40,24,105.958,43.7378
111,5,40,25,345.003,80.696
111,5,40,26,179.801,246.003
111,5,40,27,149.309,189.694
111,5,40,28,294.886,326.152
111,5,40,29,317.645,72.3833
111,5,40,30,104.975,286.863
111,5,40,31,261.455,339.301
111,5,40,32,49.465,23.9882
111,5,40,33,75.5518,257.021
111,5,40,34,325.914,2.22084
111,5,40,35,250.84,311.826
111,5,40,36,272.396,44.6373
111,5,40,37,299.116,60.4815
111,5,40,38,198.726,65.626
111,5,40,39,0.956802,177.049
112,5,40,0,132.902,42.169
112,5,40,1,338.686,135.35
112,5,40,2,93.9041,254.62
112,5,40,3,156.988,103.185
112,5,40,4,173.524,24.04
112,5,40,5,121.047,269.203
112,5,40,6,180.332,203.286
112,5,40,7,236.995,10.0588
112,5,40,8,277.735,327.16
112,5,40,9,184.526,283.963
112,5,40,10,198.443,146.052
112,5,40,11,122.597,191.768
112,5,40,12,47.7124,237.407
112,5,40,13,248.162,116.598
112,5,40,14,298.608,156.559
112,5,40,15,79.3611,66.5031
112,5,40,16,32.3304,336.143
112,5,40,17,270.115,95.4425
112,5,40,18,313.435,233.569
112,5,40,19,36.3363,301.048
112,5,40,20,74.1674,179.152
112,5,40,21,0.467146,226.298
112,5,40,22,283.755,87.4934
112,5,40,23,257.115,105.825
112,5,40,24,226.911,122.674
112,5,40,25,232.485,60.3403
112,5,40,26,290.008,215.071
112,5,40,27,54.5663,32.5861
112,5,40,28,21.3034,44.3287
112,5,40,29,318.217,73.9737
112,5,40,30,140.126,317.162
112,5,40,31,62.5172,294.551
112,5,40,32,15.7206,348.673
112,5,40,33,211.41,314.961
112,5,40,34,341.924,171.229
112,5,40,35,325.507,159.467
112,5,40,36,105.997,246.271
112,5,40,37,162.523,8.10841
112,5,40,38,98.1396,277.755
112,5,40,39,205.411,198.746
113,5,40,0,297.94,167.209
113,5,40,1,253.769,239.329
113,5,40,2,271.935,179.596
113,5,40,3,246.944,197.951
113,5,40,4,201.375,75.9508
113,5,40,5,270.824,85.9542
113,5,40,6,284.968,7.75486
113,5,40,7,16.7876,324.251
113,5,40,8,224.462,59.5679
113,5,40,9,229.431,151.605
113,5,40,10,85.5599,104.623
113,5,40,11,62.3828,315.262
113,5,40,12,137.922,132.547
113,5,40,13,145.78,234.095
113,5,40,14,308.464,31.5008
113,5,40,15,108.1,125.017
113,5,40,16,315.092,11.0628
113,5,40,17,343.032,158.486
113,5,40,18,182.591,65.5
113,5,40,19,191.598,281.271
113,5,40,20,7.26119,211.225
113,5,40,21,124.632,274.243
113,5,40,22,154.286,184.185
113,5,40,23,102.345,290.814
113,5,40,24,51.4869,205.404
113,5,40,25,91.1975,108.834
113,5,40,26,171.787,140.314
113,5,40,27,27.1109,44.7026
113,5,40,28,77.9965,306.167
113,5,40,29,236.296,94.6119
113,5,40,30,52.8654,255.29
113,5,40,31,19.7848,314.586
113,5,40,32,160.159,22.3117
113,5,40,33,333.943,117.527
113,5,40,34,200.956,270.646
113,5,40,35,214.582,335.748
113,5,40,36,119.52,41.6573
113,5,40,37,43.284,347.986
113,5,40,38,330.847,248.21
113,5,40,39,290.035,221.928
114,5,40,0,152.575,126.012
114,5,40,1,160.086,265.366
114,5,40,2,117.414,56.8256
114,5,40,3,104.542,114.829
114,5,40,4,105.177,39.4874
114,5,40,5,306.93,50.5576
114,5,40,6,55.7905,62.2029
114,5,40,7,286.864,158.153
114,5,40,8,78.7181,182.261
114,5,40,9,216.592,103.302
114,5,40,10,18.0703,285.296
114,5,40,11,325.049,140.77
114,5,40,12,47.4627,12.1625
114,5,40,13,237.861,204.328
114,5,40,14,229.234,319.153
114,5,40,15,192.975,246.065
114,5,40,16,35.4609,340.514
114,5,40,17,7.9724,135.481
114,5,40,18,92.3192,192.255
114,5,40,19,145.17,106.571
114,5,40,20,334.491,324.593
114,5,40,21,275.956,219.041
114,5,40,22,257.662,8.25827
114,5,40,23,345.211,256.702
114,5,40,24,300.823,244.435
114,5,40,25,289.533,212.279
114,5,40,26,129.713,314.329
114,5,40,27,131.463,234.496
114,5,40,28,29.405,289.02
114,5,40,29,315.072,304.149
114,5,40,30,179.158,74.7631
114,5,40,31,79.6886,149.497
114,5,40,32,245.476,169.462
114,5,40,33,15.0384,32.326
114,5,40,34,222.71,344.367
114,5,40,35,269.544,25.7608
114,5,40,36,188.125,276.47
114,5,40,37,170.157,89.0658
114,5,40,38,205.175,86.5261
114,5,40,39,66.5006,197.7
115,5,40,0,173.826,275.784
115,5,40,1,311.134,213.353
115,5,40,2,278.045,15.5459
115,5,40,3,188.514,100.549
115,5,40,4,112.245,142.014
115,5,40,5,83.6487,221.018
115,5,40,6,37.3687,152.995
115,5,40,7,239.635,89.0853
115,5,40,8,164.86,240.581
115,5,40,9,143.355,332.635
115,5,40,10,281.889,59.4536
115,5,40,11,203.489,247.369
115,5,40,12,341.377,230.304
115,5,40,13,201.089,3.48438
115,5,40,14,151.651,65.4389
115,5,40,15,291.356,265.82
115,5,40,16,116.674,284.136
115,5,40,17,248.628,345.923
115,5,40,18,326.454,80.5044
115,5,40,19,95.5672,70.0914
115,5,40,20,265.183,257.324
115,5,40,21,7.12501,137.096
115,5,40,22,258.804,20.0387
115,5,40,23,178.569,40.1199
115,5,40,24,126.752,107.619
115,5,40,25,33.3999,313.766
115,5,40,26,68.6941,302.819
115,5,40,27,57.3909,118.009
115,5,40,28,316.479,193.483
115,5,40,29,11.6784,318.082
115,5,40,30,102.005,29.0981
115,5,40,31,233.464,178.98
115,5,40,32,47.3631,185.991
115,5,40,33,304.067,174.305
115,5,40,34,131.565,122.843
115,5,40,35,219.494,207.776
115,5,40,36,17.8121,293.678
115,5,40,37,213.678,331.179
115,5,40,38,334.65,51.0376
115,5,40,39,71.1164,163.012
116,5,40,0,142.768,343.701
116,5,40,1,301.082,232.528
116,5,40,2,266.192,291.976
116,5,40,3,221.324,258.422
116,5,40,4,344.444,184.877
116,5,40,5,250.75,115.221
116,5,40,6,30.6327,78.1008
116,5,40,7,79.7625,176.996
116,5,40,8,331.311,245.746
116,5,40,9,194.976,132.872
116,5,40,10,150.174,63.2432
116,5,40,11,59.9889,205.028
116,5,40,12,281.32,315.378
116,5,40,13,158.036,16.0564
116,5,40,14,239.365,218.164
116,5,40,15,69.4214,171.694
116,5,40,16,272.691,195.633
116,5,40,17,192.222,18.1103
116,5,40,18,176.394,142.026
116,5,40,19,87.6267,284.987
116,5,40,20,171.858,107.21
116,5,40,21,25.9881,50.0853
116,5,40,22,135.248,82.9182
116,5,40,23,319.053,323.915
116,5,40,24,46.2846,156.384
116,5,40,25,126.405,303.558
116,5,40,26,77.3824,33.7837
116,5,40,27,297.021,54.3028
116,5,40,28,39.5044,96.0644
116,5,40,29,207.522,309.183
116,5,40,30,5.33664,0.566446
116,5,40,31,98.8192,236.701
116,5,40,32,215.623,262.753
116,5,40,33,235.41,130.579
116,5,40,34,105.795,159.123
116,5,40,35,114.523,37.47
116,5,40,36,338.798,278.016
116,5,40,37,314.886,335.536
116,5,40,38,11.9222,219.859
116,5,40,39,254.579,100.379
117,5,40,0,284.938,20.9593
117,5,40,1,114.435,287.028
117,5,40,2,227.571,320.498
117,5,40,3,93.1557,169.471
117,5,40,4,336.034,191.324
117,5,40,5,324.729,1.50121
117,5,40,6,60.159,138.822
117,5,40,7,186.822,153.279
117,5,40,8,96.5866,235.593
117,5,40,9,344.917,216.46
117,5,40,10,302.049,250.776
117,5,40,11,0.219583,63.6132
117,5,40,12,79.0092,265.387
117,5,40,13,193.407,59.2065
117,5,40,14,17.0553,47.6858
117,5,40,15,110.019,330.314
117,5,40,16,154.254,335.568
117,5,40,17,316.98,345.828
117,5,40,18,177.987,289.607
117,5,40,19,123.199,224.904
117,5,40,20,38.73,10.9364
117,5,40,21,261.318,309.513
117,5,40,22,172.012,162.718
117,5,40,23,296.458,195.599
117,5,40,24,49.8377,87.8439
117,5,40,25,266.373,297.648
117,5,40,26,27.0048,144.421
117,5,40,27,69.0118,79.0196
117,5,40,28,204.698,109.386
117,5,40,29,277.01,130.708
117,5,40,30,71.0274,71.9903
117,5,40,31,214.821,29.5151
117,5,40,32,240.49,178.918
117,5,40,33,138.452,101.066
117,5,40,34,25.3334,37.2716
117,5,40,35,220.682,205.907
117,5,40,36,313.081,239.653
117,5,40,37,164.753,276.642
117,5,40,38,146.042,257.994
117,5,40,39,250.092,116.704
118,5,40,0,4.64859,81.0655
118,5,40,1,32.5985,196.218
118,5,40,2,258.344,65.254
118,5,40,3,194.601,99.6949
118,5,40,4,13.7588,250.642
118,5,40,5,335.722,147.173
118,5,40,6,315.953,212.108
118,5,40,7,130.459,284.118
118,5,40,8,234.818,121.241
118,5,40,9,184.771,340.388
118,5,40,10,71.2832,292.644
118,5,40,11,159.878,182.422
118,5,40,12,226.418,39.1882
118,5,40,13,150.87,126.731
118,5,40,14,95.4037,87.9343
118,5,40,15,181.886,139.818
118,5,40,16,298.182,52.8314
118,5,40,17,329.741,28.1835
118,5,40,18,285.326,345.844
118,5,40,19,18.7337,201.719
118,5,40,20,38.9382,10.7565
118,5,40,21,102.612,329.189
118,5,40,22,48.9164,185.903
118,5,40,23,120.175,302.451
118,5,40,24,277.014,112.318
118,5,40,25,147.688,4.24811
118,5,40,26,133.328,269.362
118,5,40,27,266.176,73.1132
118,5,40,28,108.672,259.029
118,5,40,29,293.913,312.157
118,5,40,30,215.331,162.496
118,5,40,31,342.853,45.5701
118,5,40,32,58.0705,153.708
118,5,40,33,168.126,219.085
118,5,40,34,246.527,233.324
118,5,40,35,244.898,21.8758
118,5,40,36,69.4958,167.689
118,5,40,37,202.541,319.794
118,5,40,38,81.9413,275.66
118,5,40,39,313.057,244.265
119,5,40,0,252.782,292.115
119,5,40,1,278.962,303.602
119,5,40,2,124.518,205.202
119,5,40,3,307.782,319.826
119,5,40,4,254.891,238.776
119,5,40,5,79.3804,38.9608
119,5,40,6,167.455,183.26
119,5,40,7,343.423,173.573
119,5,40,8,101.691,112.921
119,5,40,9,302.058,133.065
119,5,40,10,28.441,157.18
119,5,40,11,331.53,210.882
119,5,40,12,74.414,311.755
119,5,40,13,204.284,343.724
119,5,40,14,335.237,28.8209
119,5,40,15,233.378,81.87
119,5,40,16,114.587,14.9099
119,5,40,17,45.7531,67.6445
119,5,40,18,3.22109,284.579
119,5,40,19,93.1345,118.117
119,5,40,20,292.328,193.315
119,5,40,21,213.71,53.5037
119,5,40,22,141.692,252.924
119,5,40,23,19.465,148.51
119,5,40,24,41.6884,87.9938
119,5,40,25,193.752,103.583
119,5,40,26,188.505,49.416
119,5,40,27,15.5823,70.0151
119,5,40,28,321.088,24.9738
119,5,40,29,182.681,164.312
119,5,40,30,65.1065,189.751
119,5,40,31,237.012,324.348
119,5,40,32,106.269,332.928
119,5,40,33,149.067,8.47596
119,5,40,34,59.2911,128.258
119,5,40,35,132.781,275.221
119,5,40,36,219.25,228.943
119,5,40,37,263.123,262.079
119,5,40,38,285.093,218.901
119,5,40,39,162.396,270.542
120,5,40,0,313.554,184.645
120,5,40,1,349.676,65.3627
120,5,40,2,332.423,1.22979
120,5,40,3,293.429,100.132
120,5,40,4,48.7982,72.8858
120,5,40,5,94.0443,284.434
120,5,40,6,161.469,110.344
120,5,40,7,105.31,220.016
120,5,40,8,170.015,170.709
120,5,40,9,196.284,276.507
120,5,40,10,268.633,122.492
120,5,40,11,216.718,145.41
120,5,40,12,2.231,19.8658
120,5,40,13,21.7288,321.434
120,5,40,14,244.378,245.609
120,5,40,15,245.133,299.866
120,5,40,16,287.813,195.193
120,5,40,17,80.4434,231.848
120,5,40,18,203.003,348.661
120,5,40,19,151.97,13.8596
120,5,40,20,53.419,269.35
120,5,40,21,236.053,89.8605
120,5,40,22,99.1637,135.595
120,5,40,23,35.4953,294.921
120,5,40,24,261.525,43.2475
120,5,40,25,129.039,241.096
120,5,40,26,144.083,211.513
120,5,40,27,14.9452,162.044
120,5,40,28,305.727,80.7487
120,5,40,29,279.045,54.3513
120,5,40,30,332.756,156.465
120,5,40,31,139.379,332.921
120,5,40,32,72.0944,323.997
120,5,40,33,62.4397,175.915
120,5,40,34,27.7926,34.376
120,5,40,35,180.773,44.3963
120,5,40,36,117.593,307.807
120,5,40,37,225.148,258.137
120,5,40,38,323.023,206.15
120,5,40,39,185.681,129.344
121,5,40,0,113.462,323.797
121,5,40,1,17.9717,70.4997
121,5,40,2,103.388,248.957
121,5,40,3,256.3,333.993
121,5,40,4,203.927,5.98107
121,5,40,5,141.16,46.9924
121,5,40,6,274.016,231.619
121,5,40,7,133.35,166.796
121,5,40,8,304.082,88.4908
121,5,40,9,317.03,318.273
121,5,40,10,88.5681,165.965
121,5,40,11,69.8487,96.4011
121,5,40,12,186.754,312.374
121,5,40,13,266.245,129.497
121,5,40,14,217.342,343.049
121,5,40,15,226.72,209.318
121,5,40,16,197.388,29.7783
121,5,40,17,74.1313,64.5891
121,5,40,18,1.82251,300.861
121,5,40,19,229.19,175.952
121,5,40,20,47.1304,105.203
121,5,40,21,152.671,10.4044
121,5,40,22,341.423,265.498
121,5,40,23,243.716,275.796
121,5,40,24,55.735,133.776
121,5,40,25,9.14798,20.6309
121,5,40,26,127.518,146.171
121,5,40,27,172.557,211.428
121,5,40,28,310.216,292.255
121,5,40,29,296.349,186.122
121,5,40,30,39.1316,35.9594
121,5,40,31,328.209,122.157
121,5,40,32,249.187,195.952
121,5,40,33,178.148,288.028
121,5,40,34,116.889,55.4772
121,5,40,35,338.616,79.6332
121,5,40,36,166.182,149.31
121,5,40,37,79.7591,221.955
121,5,40,38,283.401,242.049
121,5,40,39,26.2912,259.565
122,5,40,0,323.242,72.0163
122,5,40,1,113.026,189.835
122,5,40,2,287.706,245.617
122,5,40,3,195.772,34.3879
122,5,40,4,95.2392,174.825
122,5,40,5,297.193,117.058
122,5,40,6,2.05539,284.59
122,5,40,7,278.877,231.058
122,5,40,8,159.072,16.5391
122,5,40,9,346.03,325.84
122,5,40,10,211.07,53.7698
122,5,40,11,63.6416,224.154
122,5,40,12,130.211,81.054
122,5,40,13,149.789,126.578
122,5,40,14,326.104,144.079
122,5,40,15,113.837,101.358
122,5,40,16,147.219,44.5284
122,5,40,17,338.582,108.758
122,5,40,18,235.383,348.87
122,5,40,19,240.233,1.50751
122,5,40,20,134.222,133.752
122,5,40,21,71.3155,277.682
122,5,40,22,54.8545,90.254
122,5,40,23,33.1367,180.576
122,5,40,24,302.773,302.899
122,5,40,25,35.9386,38.8634
122,5,40,26,307.533,196.413
122,5,40,27,10.1547,269.628
122,5,40,28,170.861,333.716
122,5,40,29,178.772,163.45
122,5,40,30,204.904,318.348
122,5,40,31,252.887,216.106
122,5,40,32,79.2074,260.006
122,5,40,33,255.554,61.936
122,5,40,34,223.007,239.976
122,5,40,35,21.3242,22.1204
122,5,40,36,46.2911,150.857
122,5,40,37,191.85,209.792
122,5,40,38,269.179,312.396
122,5,40,39,104.694,294.979
123,5,40,0,140.758,335.783
123,5,40,1,51.873,164.228
123,5,40,2,225.952,253.513
123,5,40,3,89.3853,346.711
123,5,40,4,316.623,239.664
123,5,40,5,114.437,301.135
123,5,40,6,345.97,176.922
123,5,40,7,54.0533,149.806
123,5,40,8,62.5726,324.634
123,5,40,9,86.7068,55.5477
123,5,40,10,42.3265,259.519
123,5,40,11,286.838,120.818
123,5,40,12,294.6,134.443
123,5,40,13,233.599,80.7697
123,5,40,14,149.405,98.4169
123,5,40,15,163.626,280.163
123,5,40,16,109.088,42.5977
123,5,40,17,214.557,197.057
123,5,40,18,20.1788,89.302
123,5,40,19,257.725,144.024
123,5,40,20,122.558,27.4225
123,5,40,21,337.897,322.134
123,5,40,22,170.628,106.704
123,5,40,23,26.2781,48.4874
123,5,40,24,271.461,65.0592
123,5,40,25,180.408,205.228
123,5,40,26,75.5721,312.093
123,5,40,27,204.842,130.821
123,5,40,28,189.787,20.3881
123,5,40,29,308.306,174.128
123,5,40,30,7.16568,74.3738
123,5,40,31,239.171,229.1
123,5,40,32,198.601,291.589
123,5,40,33,8.84811,275.633
123,5,40,34,302.279,269.546
123,5,40,35,327.527,185.615
123,5,40,36,265.282,212.864
123,5,40,37,131.83,10.9617
123,5,40,38,100.828,1.9718
123,5,40,39,251.788,225.067
124,5,40,0,140.486,309.753
124,5,40,1,117.046,110.795
124,5,40,2,302.522,162.294
124,5,40,3,288.712,315.971
124,5,40,4,313.045,202.519
124,5,40,5,74.1102,166.356
124,5,40,6,244.783,156.101
124,5,40,7,31.5404,47.4503
124,5,40,8,62.0151,255.404
124,5,40,9,224.527,28.7552
124,5,40,10,199.594,272.493
124,5,40,11,0.338527,344.689
124,5,40,12,191.814,58.3798
124,5,40,13,255.083,5.16124
124,5,40,14,262.603,10.9293
124,5,40,15,112.788,136.351
124,5,40,16,39.514,148.523
124,5,40,17,138.458,24.1355
124,5,40,18,330.028,265.477
124,5,40,19,18.6424,248.933
124,5,40,20,104.542,220.987
124,5,40,21,155.057,179.005
124,5,40,22,278.465,98.0448
124,5,40,23,344.796,92.9728
124,5,40,24,82.9958,69.3361
124,5,40,25,179.125,212.767
124,5,40,26,165.688,77.562
124,5,40,27,168.345,199.608
124,5,40,28,55.0301,331.115
124,5,40,29,209.147,36.5068
124,5,40,30,44.9837,280.695
124,5,40,31,246.154,233.425
124,5,40,32,90.5232,295.025
124,5,40,33,334.238,301.088
124,5,40,34,321.376,236.386
124,5,40,35,290.009,339.093
124,5,40,36,123.332,86.7873
124,5,40,37,234.062,121.369
124,5,40,38,212.069,191.423
124,5,40,39,11.7254,126.219
125,5,40,0,152.426,285.486
125,5,40,1,70.9455,120.948
125,5,40,2,330.778,316.731
125,5,40,3,332.651,263.485
125,5,40,4,138.519,36.8159
125,5,40,5,209.219,125.646
125,5,40,6,191.744,180.771
125,5,40,7,90.8626,4.34994
125,5,40,8,148.415,206.987
125,5,40,9,3.66467,20.9772
125,5,40,10,83.4292,344.76
125,5,40,11,170.162,275.872
125,5,40,12,243.132,52.058
125,5,40,13,288.737,325.312
125,5,40,14,159.709,135.09
125,5,40,15,29.193,248.21
125,5,40,16,61.4298,10.4343
125,5,40,17,177.724,149.51
125,5,40,18,265.194,163.388
125,5,40,19,229.958,338.623
125,5,40,20,250.304,311.513
125,5,40,21,110.569,77.0322
125,5,40,22,319.417,261.596
125,5,40,23,212.287,292.923
125,5,40,24,22.3854,168.71
125,5,40,25,56.1607,97.7929
125,5,40,26,302.625,94.2042
125,5,40,27,274.969,218.529
125,5,40,28,14.4017,59.5937
125,5,40,29,129.265,145.412
125,5,40,30,103.197,109.191
125,5,40,31,293.279,238.734
125,5,40,32,226.105,225.944
125,5,40,33,257.45,185.908
125,5,40,34,344.25,231.004
125,5,40,35,114.162,85.8474
125,5,40,36,36.7972,200.597
125,5,40,37,197.788,31.8897
125,5,40,38,312.031,68.1848
125,5,40,39,51.6708,302.256
126,5,40,0,43.9821,95.7422
126,5,40,1,69.0168,218.317
126,5,40,2,198.263,100.815
126,5,40,3,214.582,65.0628
126,5,40,4,236.658,336.112
126,5,40,5,265.724,129.744
126,5,40,6,107.248,141.821
126,5,40,7,30.0792,151.861
126,5,40,8,249.126,38.2684
126,5,40,9,309.41,2.44971
126,5,40,10,227.451,277.726
126,5,40,11,300.805,261.907
126,5,40,12,89.5579,170.407
126,5,40,13,274.271,55.1146
126,5,40,14,39.6589,202.575
126,5,40,15,340.362,304.567
126,5,40,16,10.4571,79.8948
126,5,40,17,208.091,223.793
126,5,40,18,5.67925,324.647
126,5,40,19,254.467,251.624
126,5,40,20,171.683,77.2382
126,5,40,21,232.794,237.048
126,5,40,22,286.271,114.786
126,5,40,23,96.7702,12.1813
126,5,40,24,82.6108,266.812
126,5,40,25,318.416,227.741
126,5,40,26,57.6154,315.334
126,5,40,27,292.18,314.365
126,5,40,28,327.198,159.691
126,5,40,29,77.3473,295.206
126,5,40,30,133.833,288.19
126,5,40,31,21.486,46.087
126,5,40,32,119.443,191.691
126,5,40,33,175.968,198.104
126,5,40,34,155.589,107.039
126,5,40,35,146.596,28.8479
126,5,40,36,161.496,18.1213
126,5,40,37,126.181,176.569
126,5,40,38,185.334,138.967
126,5,40,39,346.51,344.485
127,5,40,0,153.176,82.2591
127,5,40,1,249.205,54.7441
127,5,40,2,1.93265,69.5721
127,5,40,3,287.241,20.577
127,5,40,4,111.108,254.767
127,5,40,5,262.863,13.2897
127,5,40,6,326.822,5.79577
127,5,40,7,68.5112,51.0163
127,5,40,8,202.426,343.936
127,5,40,9,129.383,168.625
127,5,40,10,304.323,340.826
127,5,40,11,139.222,289.8
127,5,40,12,119.991,188.437
127,5,40,13,83.1657,37.6056
127,5,40,14,243.952,274.825
127,5,40,15,11.7494,32.5197
127,5,40,16,37.3691,318.405
127,5,40,17,199.847,129.653
127,5,40,18,74.9191,263.745
127,5,40,19,158.104,234.34
127,5,40,20,51.4651,71.5726
127,5,40,21,104.876,310.388
127,5,40,22,291.148,120.905
127,5,40,23,21.3168,303.678
127,5,40,24,349.897,286.898
127,5,40,25,221.226,145.882
127,5,40,26,310.179,198.221
127,5,40,27,212.104,248.691
127,5,40,28,179.841,217.757
127,5,40,29,275.223,220.869
127,5,40,30,170.743,136.199
127,5,40,31,58.3722,112.03
127,5,40,32,187.136,150.181
127,5,40,33,340.694,92.9153
127,5,40,34,29.6367,328.403
127,5,40,35,144.152,161.9
127,5,40,36,316.922,104.542
127,5,40,37,94.2921,206.03
127,5,40,38,254.605,240.942
127,5,40,39,235.122,178.543
128,5,40,0,321.412,134.605
128,5,40,1,161.07,104.843
128,5,40,2,115.399,140.493
128,5,40,3,34.9083,278.056
128,5,40,4,249.115,70.1182
128,5,40,5,279.349,22.773
128,5,40,6,305.097,182.929
128,5,40,7,98.6742,306.652
128,5,40,8,197.429,302.648
128,5,40,9,237.702,260.631
128,5,40,10,81.2502,53.78
128,5,40,11,156.803,157.684
128,5,40,12,40.2253,296.783
128,5,40,13,7.91829,63.3196
128,5,40,14,67.8789,14.0439
128,5,40,15,187.693,271.115
128,5,40,16,94.8594,216.965
128,5,40,17,24.4061,125.949
128,5,40,18,288.768,37.0223
128,5,40,19,260.747,152.683
128,5,40,20,171.077,173.747
128,5,40,21,9.59865,345.096
128,5,40,22,179.424,201.328
128,5,40,23,265.975,285.053
128,5,40,24,341.545,4.63588
128,5,40,25,107.578,338.648
128,5,40,26,122.568,200.954
128,5,40,27,340.697,47.6387
128,5,40,28,309.394,112.159
128,5,40,29,222.467,31.5927
128,5,40,30,283.865,226.781
128,5,40,31,75.989,232.97
128,5,40,32,132.149,240.66
128,5,40,33,59.9891,94.0007
128,5,40,34,215.441,118.973
128,5,40,35,230.27,328.185
128,5,40,36,51.8701,253.13
128,5,40,37,323.941,85.0727
128,5,40,38,206.697,317.274
128,5,40,39,143.684,190.242
129,5,40,0,291.851,84.417
129,5,40,1,275.258,188.257
129,5,40,2,72.4702,289.349
129,5,40,3,38.3604,113.227
129,5,40,4,161.584,264.503
129,5,40,5,206.199,128.169
129,5,40,6,97.1584,26.6189
129,5,40,7,339.04,177.315
129,5,40,8,33.8331,6.43235
129,5,40,9,281.286,235.894
129,5,40,10,262.618,318.75
129,5,40,11,154.594,44.5195
129,5,40,12,312.085,156.504
129,5,40,13,59.1193,279.77
129,5,40,14,233.966,201.489
129,5,40,15,175.48,211.126
129,5,40,16,139.682,59.3715
129,5,40,17,341.395,174.972
129,5,40,18,188.081,42.276
129,5,40,19,174.328,198.385
129,5,40,20,111.941,226.197
129,5,40,21,243.024,253.575
129,5,40,22,255.748,303.385
129,5,40,23,120.329,237.511
129,5,40,24,248.29,347.427
129,5,40,25,306.21,70.1618
129,5,40,26,79.7646,65.0461
129,5,40,27,211.935,9.91555
129,5,40,28,2.40658,121.529
129,5,40,29,127.839,104.794
129,5,40,30,46.2734,20.3405
129,5,40,31,316.272,333.476
129,5,40,32,221.678,141.648
129,5,40,33,20.3368,92.257
129,5,40,34,88.1171,255.84
129,5,40,35,65.7769,283.629
129,5,40,36,9.41149,136.874
129,5,40,37,146.163,327.311
129,5,40,38,326.456,158.242
129,5,40,39,199.252,314.069
130,5,40,0,291.494,303.382
130,5,40,1,225.355,286.757
130,5,40,2,146.339,85.2633
130,5,40,3,108.488,5.24737
130,5,40,4,23.8206,237.216
130,5,40,5,203.392,39.065
130,5,40,6,201.176,105.235
130,5,40,7,274.458,52.9367
130,5,40,8,125.96,327.516
130,5,40,9,46.1454,322.179
130,5,40,10,183.718,144.517
130,5,40,11,154.551,309.822
130,5,40,12,59.6169,278.95
130,5,40,13,116.339,76.1889
130,5,40,14,163.416,208.192
130,5,40,15,61.6345,19.1897
130,5,40,16,239.323,117.304
130,5,40,17,212.56,15.4407
130,5,40,18,231.978,153.953
130,5,40,19,189.305,45.5459
130,5,40,20,173.976,230.35
130,5,40,21,255.481,342.709
130,5,40,22,27.533,134.65
130,5,40,23,270.851,180.317
130,5,40,24,16.3927,31.8803
130,5,40,25,103.582,257.923
130,5,40,26,326.767,63.5855
130,5,40,27,91.3906,93.0858
130,5,40,28,321.878,266.302
130,5,40,29,336.517,220.238
130,5,40,30,248.654,289.564
130,5,40,31,43.5331,337.669
130,5,40,32,286.642,195.833
130,5,40,33,8.2416,162.754
130,5,40,34,306.877,216.448
130,5,40,35,85.5048,250.247
130,5,40,36,342.969,101.039
130,5,40,37,135.164,123.983
130,5,40,38,302.244,166.561
130,5,40,39,72.3567,184.618
131,5,40,0,0.757435,35.4108
131,5,40,1,116.056,113.611
131,5,40,2,311.281,202.676
131,5,40,3,95.365,265.918
131,5,40,4,324.558,198.102
131,5,40,5,252.455,318.192
131,5,40,6,155.985,124.352
131,5,40,7,33.9628,134.509
131,5,40,8,288.18,66.3246
131,5,40,9,294.524,348.723
131,5,40,10,64.6498,102.126
131,5,40,11,348.476,339.917
131,5,40,12,41.8792,150.402
131,5,40,13,211.328,57.3242
131,5,40,14,226.833,183.219
131,5,40,15,125.697,80.4196
131,5,40,16,332.796,280.505
131,5,40,17,256.043,245.616
131,5,40,18,228.709,221.933
131,5,40,19,12.746,186.951
131,5,40,20,21.1421,14.1831
131,5,40,21,180.632,140.44
131,5,40,22,158.773,258.321
131,5,40,23,319.176,218.068
131,5,40,24,108.053,115.834
131,5,40,25,197.284,32.1827
131,5,40,26,85.811,299.247
131,5,40,27,57.419,162.097
131,5,40,28,133.561,93.4658
131,5,40,29,143.328,0.639924
131,5,40,30,48.4533,166.407
131,5,40,31,301.646,50.5698
131,5,40,32,189.208,273.045
131,5,40,33,241.848,289.108
131,5,40,34,205.027,233.035
131,5,40,35,169.909,239.783
131,5,40,36,102.554,327.42
131,5,40,37,264.042,78.6345
131,5,40,38,76.1933,26.0667
131,5,40,39,275.076,311.216
132,5,40,0,109.468,141.49
132,5,40,1,162.745,62.6439
132,5,40,2,318.001,243.306
132,5,40,3,25.0765,34.3711
132,5,40,4,175.069,149.215
132,5,40,5,237.532,72.884
132,5,40,6,10.7102,135.84
132,5,40,7,59.3091,253.19
132,5,40,8,115.987,197.524
132,5,40,9,103.654,312.381
132,5,40,10,293.976,128.913
132,5,40,11,340.761,267.026
132,5,40,12,32.5448,214.067
132,5,40,13,232.393,333.208
132,5,40,14,184.235,178.138
132,5,40,15,331.96,346.267
132,5,40,16,69.2087,60.3096
132,5,40,17,268.025,19.8442
132,5,40,18,141.99,111.646
132,5,40,19,313.368,186.916
132,5,40,20,82.8659,89.7021
132,5,40,21,40.393,117.891
132,5,40,22,208.023,7.67656
132,5,40,23,170.98,294.537
132,5,40,24,87.5941,228.457
132,5,40,25,135.669,163.007
132,5,40,26,44.8524,81.1184
132,5,40,27,252.972,261.193
132,5,40,28,198.282,13.526
132,5,40,29,74.9894,104.147
132,5,40,30,2.48691,327.542
132,5,40,31,283.278,316.075
132,5,40,32,342.32,284.614
132,5,40,33,259.745,41.9002
132,5,40,34,274.951,204.219
132,5,40,35,127.601,276.197
132,5,40,36,213.387,168.602
132,5,40,37,221.344,223.94
132,5,40,38,155.351,301.163
132,5,40,39,299.476,52.4321
133,5,40,0,142.932,244.391
133,5,40,1,320.866,13.9322
133,5,40,2,100.578,23.8734
133,5,40,3,284.774,6.41843
133,5,40,4,125.32,148.32
133,5,40,5,170.04,263.243
133,5,40,6,179.499,279.944
133,5,40,7,89.6326,181.44
133,5,40,8,201.855,214.821
133,5,40,9,268.777,160.797
133,5,40,10,64.6382,287.61
133,5,40,11,111.646,118.227
133,5,40,12,309.677,107.885
133,5,40,13,76.49,226.559
133,5,40,14,241.464,27.1959
133,5,40,15,217.989,185.039
133,5,40,16,39.0387,131.835
133,5,40,17,258.423,155.193
133,5,40,18,117.163,347.488
133,5,40,19,23.85,101.452
133,5,40,20,157.294,324.591
133,5,40,21,227.748,246.23
133,5,40,22,29.3476,78.5105
133,5,40,23,226.308,255.676
133,5,40,24,290.584,305.351
133,5,40,25,302.389,296.766
133,5,40,26,325.213,61.5421
133,5,40,27,50.8634,82.1296
133,5,40,28,82.3534,125.779
133,5,40,29,249.205,48.5158
133,5,40,30,344,93.6315
133,5,40,31,52.8793,339.758
133,5,40,32,193.517,204.248
133,5,40,33,338.739,58.0326
133,5,40,34,185.558,230.448
133,5,40,35,13.025,38.3828
133,5,40,36,133.621,170.607
133,5,40,37,3.77301,317.705
133,5,40,38,158.845,199.62
133,5,40,39,276.331,312.1
134,5,40,0,19.0467,134.499
134,5,40,1,95.0429,228.092
134,5,40,2,120.593,22.7801
134,5,40,3,169.221,298.717
134,5,40,4,75.7018,96.5776
134,5,40,5,321.048,278.18
134,5,40,6,223.506,314.178
134,5,40,7,259.932,111
134,5,40,8,217.644,200.374
134,5,40,9,204.98,85.3065
134,5,40,10,109.343,183.146
134,5,40,11,241.013,286.158
134,5,40,12,67.7261,257.017
134,5,40,13,292.944,0.421268
134,5,40,14,160.361,188.326
134,5,40,15,346.14,150.533
134,5,40,16,49.2361,74.6949
134,5,40,17,31.9462,325.84
134,5,40,18,149.991,28.0966
134,5,40,19,134.735,121.982
134,5,40,20,275.12,223.983
134,5,40,21,57.9845,252.06
134,5,40,22,100.768,141.096
134,5,40,23,38.9911,343.592
134,5,40,24,143.775,291.93
134,5,40,25,196.548,315.833
134,5,40,26,8.31839,38.3784
134,5,40,27,325.482,164.737
134,5,40,28,301.989,95.6853
134,5,40,29,14.1513,337.914
134,5,40,30,83.813,46.4579
134,5,40,31,190.61,55.1991
134,5,40,32,127.824,124.536
134,5,40,33,248.013,237.215
134,5,40,34,281.369,66.9241
134,5,40,35,337.101,206.474
134,5,40,36,180.908,218.244
134,5,40,37,268.106,263.986
134,5,40,38,228.055,173.012
134,5,40,39,308.683,10.2899
135,5,40,0,131.197,103.874
135,5,40,1,282.045,176.536
135,5,40,2,154.052,159.317
135,5,40,3,59.1998,143.08
135,5,40,4,30.2466,7.68562
135,5,40,5,87.6319,322.951
135,5,40,6,312.079,257.357
135,5,40,7,63.2496,50.6899
135,5,40,8,303.651,230.284
135,5,40,9,335.534,307.95
135,5,40,10,184.561,334.633
135,5,40,11,133.183,263.014
135,5,40,12,325.268,35.4458
135,5,40,13,86.4408,213.879
135,5,40,14,234.985,78.2266
135,5,40,15,145.016,167.719
135,5,40,16,112.18,137.851
135,5,40,17,25.4316,109.656
135,5,40,18,74.761,15.024
135,5,40,19,2.78856,301.841
135,5,40,20,249.417,21.5754
135,5,40,21,268.372,208.758
135,5,40,22,225.696,227.292
135,5,40,23,15.637,118.826
135,5,40,24,162.293,81.302
135,5,40,25,215.818,58.7049
135,5,40,26,171.633,285.167
135,5,40,27,258.588,243.808
135,5,40,28,102.696,346.855
135,5,40,29,196.075,88.1019
135,5,40,30,277.477,189.395
135,5,40,31,37.597,249.988
135,5,40,32,291.059,272.465
135,5,40,33,177.476,199.551
135,5,40,34,205.167,296.803
135,5,40,35,114.391,67.0724
135,5,40,36,240.412,157.065
135,5,40,37,44.1285,329.258
135,5,40,38,342.327,125.445
135,5,40,39,319.657,26.5987
136,5,40,0,24.305,222.003
136,5,40,1,137.768,4.39078
136,5,40,2,295.545,161.893
136,5,40,3,53.2963,27.4885
136,5,40,4,78.8756,311.507
136,5,40,5,308.187,63.8417
136,5,40,6,187.842,21.631
136,5,40,7,128.786,16.8985
136,5,40,8,63.8125,204.251
136,5,40,9,91.0541,147.025
136,5,40,10,165.628,267.932
136,5,40,11,297.702,212.2
136,5,40,12,332.772,113.37
136,5,40,13,280.48,180.783
136,5,40,14,156.904,280.995
136,5,40,15,121.624,44.0796
136,5,40,16,341.29,59.5012
136,5,40,17,11.6198,331.901
136,5,40,18,243.886,246.435
136,5,40,19,210.505,259.914
136,5,40,20,235.748,278.794
136,5,40,21,112.207,137.389
136,5,40,22,194.795,155.507
136,5,40,23,258.021,99.1913
136,5,40,24,42.2227,116.477
136,5,40,25,219.86,82.8338
136,5,40,26,141.453,295.874
136,5,40,27,34.0162,345.63
136,5,40,28,45.5012,192.004
136,5,40,29,270.71,302.73
136,5,40,30,0.502004,87.7632
136,5,40,31,77.5659,124.345
136,5,40,32,252.025,240.044
136,5,40,33,277.209,193.315
136,5,40,34,182.686,37.074
136,5,40,35,318.717,70.0975
136,5,40,36,168.84,167.652
136,5,40,37,209.339,334.952
136,5,40,38,101.065,231.248
136,5,40,39,323.957,322.374
137,5,40,0,204.211,235.558
137,5,40,1,72.6657,301.759
137,5,40,2,280.097,225.748
137,5,40,3,225.586,107.242
137,5,40,4,259.269,245.501
137,5,40,5,23.7801,286.356
137,5,40,6,332.169,101.1
137,5,40,7,141.637,291.578
137,5,40,8,181.132,215.609
137,5,40,9,348.022,308.736
137,5,40,10,152.674,175.685
137,5,40,11,35.1149,94.7921
137,5,40,12,167.533,25.4787
137,5,40,13,268.57,207.076
137,5,40,14,128.036,27.9333
137,5,40,15,98.7026,340.653
137,5,40,16,10.5144,325.686
137,5,40,17,49.5176,120.299
137,5,40,18,89.6494,348.647
137,5,40,19,4.67181,200.315
137,5,40,20,299.629,269.989
137,5,40,21,189.475,160.975
137,5,40,22,253.29,129.136
137,5,40,23,67.5341,157.49
137,5,40,24,139.4,236.833
137,5,40,25,272.957,320.663
137,5,40,26,161.531,256.964
137,5,40,27,338.798,62.198
137,5,40,28,236.289,140.111
137,5,40,29,54.7348,38.0633
137,5,40,30,193.686,170.588
137,5,40,31,289.965,79.8029
137,5,40,32,315.549,134.46
137,5,40,33,217.369,76.5942
137,5,40,34,310.249,58.7093
137,5,40,35,31.2515,5.28929
137,5,40,36,114.524,9.27107
137,5,40,37,111.321,189.669
137,5,40,38,231.827,277.389
137,5,40,39,85.2542,48.6089
138,5,40,0,349.805,145.339
138,5,40,1,232.411,265.226
138,5,40,2,38.69,158.453
138,5,40,3,17.7691,178.387
138,5,40,4,66.7116,250.326
138,5,40,5,0.835427,134.38
138,5,40,6,205.718,206.915
138,5,40,7,327.507,121.126
138,5,40,8,320.857,172.355
138,5,40,9,176.475,223.884
138,5,40,10,335.512,85.7347
138,5,40,11,105.283,312.265
138,5,40,12,161.533,124.004
138,5,40,13,257.264,347.909
138,5,40,14,167.277,74.1201
138,5,40,15,140.989,63.4128
138,5,40,16,267.056,34.5497
138,5,40,17,123.138,89.4767
138,5,40,18,225.559,298.923
138,5,40,19,34.1706,277.844
138,5,40,20,15.1653,280.62
138,5,40,21,115.519,322.958
138,5,40,22,302.252,288.924
138,5,40,23,101.8,199.342
138,5,40,24,59.9243,230.014
138,5,40,25,297.144,156.278
138,5,40,26,80.7254,240.033
138,5,40,27,244.463,327.681
138,5,40,28,155.272,210.74
138,5,40,29,245.17,42.0416
138,5,40,30,284.29,12.5298
138,5,40,31,45.839,3.80787
138,5,40,32,75.004,189.284
138,5,40,33,211.597,99.0722
138,5,40,34,189.536,52.4533
138,5,40,35,196.914,337.801
138,5,40,36,133.051,109.477
138,5,40,37,308.468,55.4129
138,5,40,38,279.182,19.0359
138,5,40,39,95.779,255.254
139,5,40,0,315.015,318.565
139,5,40,1,188.008,64.2853
139,5,40,2,72.7107,95.7162
139,5,40,3,324.885,152.69
139,5,40,4,240.174,199.032
139,5,40,5,179.298,299.625
139,5,40,6,123.156,113.629
139,5,40,7,30.2029,307.054
139,5,40,8,205.702,344.753
139,5,40,9,269.776,335.647
139,5,40,10,4.72803,264.861
139,5,40,11,228.933,273.999
139,5,40,12,300.047,240.943
139,5,40,13,286.43,297.128
139,5,40,14,47.3801,32.4138
139,5,40,15,24.7393,128.118
139,5,40,16,94.8772,245.058
139,5,40,17,334.253,142.949
139,5,40,18,165.49,205.683
139,5,40,19,98.6157,52.2313
139,5,40,20,259.312,182.965
139,5,40,21,145.749,104.09
139,5,40,22,314.622,329.534
139,5,40,23,279.877,131.254
139,5,40,24,169.22,184.647
139,5,40,25,60.9708,235.07
139,5,40,26,12.706,258.78
139,5,40,27,216.055,38.3705
139,5,40,28,66.7929,285.211
139,5,40,29,155.93,83.8424
139,5,40,30,342.985,13.452
139,5,40,31,193.272,55.3525
139,5,40,32,36.5425,19.4922
139,5,40,33,293.29,168.006
139,5,40,34,245.047,78.1414
139,5,40,35,139.359,216.443
139,5,40,36,226.202,165.195
139,5,40,37,119.311,114.388
139,5,40,38,79.6009,227.311
139,5,40,39,109.327,6.93864
140,5,40,0,256.349,10.5144
140,5,40,1,75.4566,264.769
140,5,40,2,52.6245,261.175
140,5,40,3,233.001,146.422
140,5,40,4,201.598,327.757
140,5,40,5,48.3228,25.6416
140,5,40,6,26.4604,219.009
140,5,40,7,42.8715,48.3796
140,5,40,8,214.606,275.846
140,5,40,9,310.458,158.905
140,5,40,10,182.686,117.012
140,5,40,11,147.561,59.02
140,5,40,12,19.1426,303.003
140,5,40,13,165.751,217.303
140,5,40,14,103.042,139.961
140,5,40,15,11.6574,191.346
140,5,40,16,340.015,239.636
140,5,40,17,291.35,100.035
140,5,40,18,197.679,319.112
140,5,40,19,129.24,206.602
140,5,40,20,219.065,75.2377
140,5,40,21,95.9588,182.356
140,5,40,22,249.97,40.6899
140,5,40,23,185.648,341.43
140,5,40,24,69.3999,29.5354
140,5,40,25,263.558,0.904787
140,5,40,26,302.573,280.77
140,5,40,27,168.608,127.728
140,5,40,28,288.729,174.831
140,5,40,29,332.22,228.968
140,5,40,30,277.487,67.1739
140,5,40,31,119.721,311.265
140,5,40,32,110.284,153.809
140,5,40,33,341.353,333.067
140,5,40,34,149.18,95.9786
140,5,40,35,79.8389,247.937
140,5,40,36,238.275,289.471
140,5,40,37,136.426,196.686
140,5,40,38,8.46418,86.8127
140,5,40,39,317.969,108.47
141,5,40,0,143.14,282.655
141,5,40,1,88.8962,41.8409
141,5,40,2,220.699,118.53
141,5,40,3,267.005,258.536
141,5,40,4,41.4268,266.112
141,5,40,5,85.6081,147.634
141,5,40,6,97.2432,18.1323
141,5,40,7,241.02,298.49
141,5,40,8,23.0368,73.9434
141,5,40,9,162.943,85.3993
141,5,40,10,342.89,245.173
141,5,40,11,317.561,317.839
141,5,40,12,62.5544,327.368
141,5,40,13,229.294,168.597
141,5,40,14,60.3077,131.85
141,5,40,15,300.679,190.181
141,5,40,16,106.855,196.743
141,5,40,17,205.821,6.42659
141,5,40,18,153.902,103.604
141,5,40,19,168.907,110.888
141,5,40,20,309.238,179.166
141,5,40,21,15.4234,291.175
141,5,40,22,43.8197,151.524
141,5,40,23,71.8557,310.375
141,5,40,24,216.976,15.9287
141,5,40,25,30.7985,344.788
141,5,40,26,7.73502,218.623
141,5,40,27,253.244,28.6909
141,5,40,28,255.909,241.191
141,5,40,29,198.813,62.1609
141,5,40,30,284.491,56.3425
141,5,40,31,276.584,279.111
141,5,40,32,124.415,45.3256
141,5,40,33,329.011,161.222
141,5,40,34,119.283,334.893
141,5,40,35,333.163,95.372
141,5,40,36,296.213,231.77
141,5,40,37,178.852,122.962
141,5,40,38,136.762,226.097
141,5,40,39,190.955,208.172
142,5,40,0,329.88,270.373
142,5,40,1,228.185,257.713
142,5,40,2,32.5594,285.91
142,5,40,3,179.452,201.081
142,5,40,4,186.042,139.378
142,5,40,5,10.3181,70.1963
142,5,40,6,147.634,171.545
142,5,40,7,163.852,100.621
142,5,40,8,6.53895,233.785
142,5,40,9,78.5312,50.2206
142,5,40,10,281.841,144.204
142,5,40,11,69.4436,162.776
142,5,40,12,122.54,188.297
142,5,40,13,298.681,301.634
142,5,40,14,97.2496,57.0698
142,5,40,15,45.5724,176.504
142,5,40,16,149.471,87.902
142,5,40,17,106.01,210.492
142,5,40,18,308.071,313.734
142,5,40,19,139.488,322.718
142,5,40,20,278.051,326.662
142,5,40,21,81.3462,123.301
142,5,40,22,88.6053,83.2192
142,5,40,23,37.9327,220.936
142,5,40,24,222.115,108.189
142,5,40,25,214.845,244.978
142,5,40,26,59.4044,277.208
142,5,40,27,346.039,24.183
142,5,40,28,294.216,349.643
142,5,40,29,266.886,208.317
142,5,40,30,252.217,340.435
142,5,40,31,240.06,29.396
142,5,40,32,261.467,156.514
142,5,40,33,17.9516,64.5781
142,5,40,34,203.912,0.376085
142,5,40,35,339.213,251.867
142,5,40,36,121.455,292.603
142,5,40,37,171.692,118.329
142,5,40,38,321.87,36.748
142,5,40,39,197.61,11.8534
143,5,40,0,337.157,145.556
143,5,40,1,208.937,34.972
143,5,40,2,4.82976,124.512
143,5,40,3,242.922,87.2308
143,5,40,4,176.555,329.629
143,5,40,5,198.626,305.388
143,5,40,6,294.18,115.799
143,5,40,7,88.1911,187.211
143,5,40,8,172.757,209.768
143,5,40,9,150.134,169.748
143,5,40,10,97.0239,17.8601
143,5,40,11,159.209,284.199
143,5,40,12,276.048,72.7142
143,5,40,13,219.685,336.759
143,5,40,14,65.9309,69.8654
143,5,40,15,323.216,323.162
143,5,40,16,262.054,154.105
143,5,40,17,326.371,135.829
143,5,40,18,79.481,216.331
143,5,40,19,142.062,258.088
143,5,40,20,306.282,266.306
143,5,40,21,40.4313,219.496
143,5,40,22,132.409,35.0361
143,5,40,23,111.846,160.592
143,5,40,24,29.2829,289.847
143,5,40,25,15.4023,199.591
143,5,40,26,60.6727,60.2358
143,5,40,27,115.203,51.9933
143,5,40,28,47.6299,250.478
143,5,40,29,217.779,272.801
143,5,40,30,124.361,349.741
143,5,40,31,227.986,95.198
143,5,40,32,345.815,309.78
143,5,40,33,269.862,232.633
143,5,40,34,25.1742,242.387
143,5,40,35,286.954,103.124
143,5,40,36,301.211,14.0088
143,5,40,37,71.591,7.11064
143,5,40,38,253.441,108.149
143,5,40,39,187.856,182.583
144,5,40,0,61.1674,259.635
144,5,40,1,300.384,262.692
144,5,40,2,134.909,332.532
144,5,40,3,151.301,88.7172
144,5,40,4,42.083,181.997
144,5,40,5,63.4306,198.186
144,5,40,6,169.905,16.6037
144,5,40,7,141.012,214.563
144,5,40,8,104.045,223.727
144,5,40,9,216.497,277.001
144,5,40,10,164.631,152.01
144,5,40,11,289.35,190.023
144,5,40,12,28.7973,133.128
144,5,40,13,10.7668,173.162
144,5,40,14,4.69262,160.3
144,5,40,15,80.7585,0.262467
144,5,40,16,115.774,28.1696
144,5,40,17,88.3984,248.666
144,5,40,18,198.631,123.19
144,5,40,19,180.657,295.34
144,5,40,20,75.0714,36.9886
144,5,40,21,192.25,240.079
144,5,40,22,330.034,344.939
144,5,40,23,250.192,227.684
144,5,40,24,24.9317,311.711
144,5,40,25,333.927,147.9
144,5,40,26,223.606,80.7281
144,5,40,27,111.877,328.098
144,5,40,28,286.012,119.086
144,5,40,29,205.418,59.0605
144,5,40,30,265.471,305.72
144,5,40,31,243.852,77.4491
144,5,40,32,342.042,45.34
144,5,40,33,125.951,318.529
144,5,40,34,50.3286,206.368
144,5,40,35,259.994,283.369
144,5,40,36,317.287,21.4596
144,5,40,37,233.867,109.145
144,5,40,38,314.236,99.5246
144,5,40,39,271.67,61.3837
145,5,40,0,61.445,246.353
145,5,40,1,5.64203,229.963
145,5,40,2,77.116,183.405
145,5,40,3,341.272,95.6541
145,5,40,4,223.062,118.293
145,5,40,5,11.1257,323.747
145,5,40,6,285.921,239.93
145,5,40,7,32.4361,162.595
145,5,40,8,20.9981,334.58
145,5,40,9,256.241,141.844
145,5,40,10,207.485,328.506
145,5,40,11,311.903,11.9313
145,5,40,12,315.83,213.719
145,5,40,13,141.249,136.916
145,5,40,14,303.51,307.211
145,5,40,15,38.3789,59.8404
145,5,40,16,266.062,256.881
145,5,40,17,340.956,283.78
145,5,40,18,329.002,296.998
145,5,40,19,127.283,299.683
145,5,40,20,91.912,74.2696
145,5,40,21,164.218,169.098
145,5,40,22,272.648,349.386
145,5,40,23,137.563,42.0533
145,5,40,24,46.2532,196.21
145,5,40,25,211.937,268.504
145,5,40,26,79.4766,81.9216
145,5,40,27,106.146,279.45
145,5,40,28,197.355,103.171
145,5,40,29,237.412,209.262
145,5,40,30,166.505,123.556
145,5,40,31,247.048,27.5186
145,5,40,32,151.332,48.9737
145,5,40,33,176.305,225.59
145,5,40,34,114.227,69.8621
145,5,40,35,185.025,3.84566
145,5,40,36,234.178,23.908
145,5,40,37,56.308,186.315
145,5,40,38,98.8417,151.767
145,5,40,39,295.84,106.778
146,5,40,0,252.75,12.3386
146,5,40,1,259.35,269.023
146,5,40,2,236.383,300.319
146,5,40,3,334.028,331.002
146,5,40,4,104.198,244.773
146,5,40,5,11.9007,313.481
146,5,40,6,226.723,120.625
146,5,40,7,309.465,338.301
146,5,40,8,292.181,275.268
146,5,40,9,315.468,164.664
146,5,40,10,76.7323,284.869
146,5,40,11,65.7574,80.9326
146,5,40,12,197.28,219.304
146,5,40,13,8.3193,201.06
146,5,40,14,34.7495,172.547
146,5,40,15,175.238,231.446
146,5,40,16,234.432,139.502
146,5,40,17,120.123,34.8641
146,5,40,18,272.813,38.2581
146,5,40,19,131.327,21.7712
146,5,40,20,149.568,181.462
146,5,40,21,19.5744,4.34739
146,5,40,22,163.878,129.782
146,5,40,23,327.168,147.727
146,5,40,24,56.6551,341.786
146,5,40,25,112.027,251.476
146,5,40,26,299.638,94.6971
146,5,40,27,43.5166,255.744
146,5,40,28,184.349,183.99
146,5,40,29,92.8877,205.396
146,5,40,30,267.184,57.7865
146,5,40,31,52.3643,218.505
146,5,40,32,140.612,154.475
146,5,40,33,212.42,297.434
146,5,40,34,122.66,102.304
146,5,40,35,169.653,72.5037
146,5,40,36,284.462,44.2305
146,5,40,37,347.421,65.4509
146,5,40,38,79.7363,112.667
146,5,40,39,201.882,321.986
147,5,40,0,309.673,131.515
147,5,40,1,199.222,292.152
147,5,40,2,41.6353,167.872
147,5,40,3,298.026,129.352
147,5,40,4,340.674,144.214
147,5,40,5,348.53,9.73567
147,5,40,6,278.367,338.724
147,5,40,7,169.132,113.026
147,5,40,8,20.241,254.065
147,5,40,9,134.502,234.454
147,5,40,10,89.1632,226.86
147,5,40,11,266.079,238.208
147,5,40,12,179.522,18.5894
147,5,40,13,123.03,73.2766
147,5,40,14,321.249,36.5211
147,5,40,15,229.858,90.4296
147,5,40,16,111.182,28.4923
147,5,40,17,85.6854,252.826
147,5,40,18,205.008,59.6809
147,5,40,19,286.282,160.987
147,5,40,20,117.005,330.785
147,5,40,21,72.8987,114.103
147,5,40,22,15.179,100.354
147,5,40,23,262.289,297.544
147,5,40,24,141.75,312.783
147,5,40,25,213.058,189.812
147,5,40,26,290.112,61.6849
147,5,40,27,236.425,283.04
147,5,40,28,45.8436,3.96585
147,5,40,29,148.81,322.049
147,5,40,30,245.922,211.486
147,5,40,31,28.2806,197.891
147,5,40,32,188.265,44.325
147,5,40,33,324.679,182.926
147,5,40,34,6.37597,273.91
147,5,40,35,160.459,205.306
147,5,40,36,219.617,264.226
147,5,40,37,102.28,342.083
147,5,40,38,59.9353,149.581
147,5,40,39,65.3079,84.1913
148,5,40,0,146.047,180.982
148,5,40,1,163.063,57.2873
148,5,40,2,256.548,9.45918
148,5,40,3,298.681,162.074
148,5,40,4,152.65,133.475
148,5,40,5,332.879,235.652
148,5,40,6,16.6439,97.3729
148,5,40,7,0.725385,223.191
148,5,40,8,131.234,191.982
148,5,40,9,316.324,310.59
148,5,40,10,105.702,172.309
148,5,40,11,235.645,44.0795
148,5,40,12,241.764,23.2378
148,5,40,13,325.17,264.053
148,5,40,14,307.478,341.953
148,5,40,15,343.635,87.4146
148,5,40,16,53.5152,126.872
148,5,40,17,214.211,115.673
148,5,40,18,33.894,213.22
148,5,40,19,44.6877,106.792
148,5,40,20,170.008,198.68
148,5,40,21,87.4571,8.50361
148,5,40,22,18.245,288.827
148,5,40,23,226.517,299.445
148,5,40,24,292.99,335.727
148,5,40,25,204.699,246.982
148,5,40,26,68.0932,204.523
148,5,40,27,279.541,243.549
148,5,40,28,270.451,75.2704
148,5,40,29,114.307,253.831
148,5,40,30,179.365,277.749
148,5,40,31,78.697,288.511
148,5,40,32,196.966,37.9406
148,5,40,33,98.7109,141.846
148,5,40,34,39.451,151.866
148,5,40,35,188.41,94.0738
148,5,40,36,135.728,322.456
148,5,40,37,246.45,69.6826
148,5,40,38,285.527,325.604
148,5,40,39,96.0983,27.3067
149,5,40,0,312.921,339.306
149,5,40,1,259.678,121.309
149,5,40,2,171.286,87.5827
149,5,40,3,5.61429,124.259
149,5,40,4,233.548,299.514
149,5,40,5,83.2,25.7607
149,5,40,6,263.294,316.387
149,5,40,7,138.37,180.655
149,5,40,8,64.4877,1.61814
149,5,40,9,127.367,32.4044
149,5,40,10,75.4725,72.1784
149,5,40,11,88.3129,161.253
149,5,40,12,190.604,261.217
149,5,40,13,214.382,228.261
149,5,40,14,348.059,58.3117
149,5,40,15,319.285,47.8658
149,5,40,16,25.4571,79.2941
149,5,40,17,103.765,155.393
149,5,40,18,164.875,147.776
149,5,40,19,140.368,268.951
149,5,40,20,285.514,209.646
149,5,40,21,153.823,199.275
149,5,40,22,118.774,9.90625
149,5,40,23,340.6,96.8821
149,5,40,24,328.001,276.644
149,5,40,25,11.8841,191.633
149,5,40,26,110.87,166.502
149,5,40,27,237.798,330.476
149,5,40,28,206.419,218.629
149,5,40,29,197.815,243.049
149,5,40,30,278.387,62.9898
149,5,40,31,302.973,282.94
149,5,40,32,252.221,135.303
149,5,40,33,289.99,248.07
149,5,40,34,26.4414,307.404
149,5,40,35,52.2821,106.448
149,5,40,36,183.219,293.413
149,5,40,37,43.0098,346.469
149,5,40,38,219.593,43.6521
149,5,40,39,59.5591,222.166
150,5,40,0,167.384,196.567
150,5,40,1,112.776,114.841
150,5,40,2,58.176,268.772
150,5,40,3,196.862,37.6887
150,5,40,4,64.4832,145.527
150,5,40,5,86.962,235.152
150,5,40,6,52.4419,48.3023
150,5,40,7,295.646,81.8398
150,5,40,8,39.7515,94.6514
150,5,40,9,268.34,294.626
150,5,40,10,303.594,248.721
150,5,40,11,217.515,346.208
150,5,40,12,30.602,224.625
150,5,40,13,114.36,340.379
150,5,40,14,5.13118,99.8726
150,5,40,15,179.255,278.197
150,5,40,16,340.456,148.962
150,5,40,17,12.3388,191.352
150,5,40,18,272.488,111.24
150,5,40,19,140.286,212.726
150,5,40,20,186.935,75.6281
150,5,40,21,236.38,255.539
150,5,40,22,75.4699,330.079
150,5,40,23,101.567,1.42621
150,5,40,24,205.049,57.4492
150,5,40,25,166.225,237.161
150,5,40,26,93.6223,16.9083
150,5,40,27,258.388,321.841
150,5,40,28,232.918,202.963
150,5,40,29,139.782,313.236
150,5,40,30,323.769,282.806
150,5,40,31,226.882,131.083
150,5,40,32,318.631,163.141
150,5,40,33,130.608,137.924
150,5,40,34,288.324,298.658
150,5,40,35,310.538,169.143
150,5,40,36,154.606,181.951
150,5,40,37,249.489,65.5276
150,5,40,38,341.41,23.3079
150,5,40,39,22.5085,27.5767
151,5,40,0,303.041,77.311
151,5,40,1,109.556,294.298
151,5,40,2,57.1979,207.708
151,5,40,3,282.386,113.307
151,5,40,4,239.578,154.915
151,5,40,5,186.514,132.142
151,5,40,6,179.508,50.9207
151,5,40,7,296.083,62.5148
151,5,40,8,211.388,125.314
151,5,40,9,144.265,31.4586
151,5,40,10,268.233,255.464
151,5,40,11,90.0898,37.4531
151,5,40,12,157.657,195.498
151,5,40,13,233.226,214.47
151,5,40,14,249.162,312.532
151,5,40,15,330.753,282.373
151,5,40,16,122.572,81.2053
151,5,40,17,31.5749,118.461
151,5,40,18,150.557,2.91412
151,5,40,19,104.568,236.066
151,5,40,20,253.946,325.429
151,5,40,21,82.0843,336.578
151,5,40,22,4.63722,279.689
151,5,40,23,52.4414,187.737
151,5,40,24,338.11,145.076
151,5,40,25,117.439,316.931
151,5,40,26,131.597,19.1049
151,5,40,27,76.3373,222.173
151,5,40,28,209.785,100.711
151,5,40,29,63.7409,170.196
151,5,40,30,348.159,58.0471
151,5,40,31,9.86254,89.2808
151,5,40,32,18.8633,249.131
151,5,40,33,309.826,15.7731
151,5,40,34,316.373,305.592
151,5,40,35,222.589,239.207
151,5,40,36,201.022,183.104
151,5,40,37,39.1877,263.714
151,5,40,38,174.093,161.236
151,5,40,39,274.379,346.654
152,5,40,0,18.9806,106.047
152,5,40,1,72.6088,266.992
152,5,40,2,124.835,126.285
152,5,40,3,112.071,342.299
152,5,40,4,238.481,306.189
152,5,40,5,6.18628,28.7481
152,5,40,6,252.124,66.2477
152,5,40,7,149.245,35.1421
152,5,40,8,341.399,281.548
152,5,40,9,28.7282,139.382
152,5,40,10,187.457,246.415
152,5,40,11,95.692,14.7656
152,5,40,12,209.516,156.635
152,5,40,13,198.473,81.9929
152,5,40,14,219.39,4.43676
152,5,40,15,283.925,181.88
152,5,40,16,52.672,61.0226
152,5,40,17,142.193,336.202
152,5,40,18,157.668,311.171
152,5,40,19,266.066,226.6
152,5,40,20,132.893,96.1981
152,5,40,21,301.264,241.538
152,5,40,22,340.569,196.484
152,5,40,23,312.167,278.346
152,5,40,24,12.079,147.516
152,5,40,25,317.384,114.765
152,5,40,26,117.891,296.391
152,5,40,27,260.139,201.843
152,5,40,28,81.3729,216.149
152,5,40,29,177.283,22.7193
152,5,40,30,232.582,51.4965
152,5,40,31,52.1363,162.24
152,5,40,32,37.8863,324.559
152,5,40,33,211.695,319.809
152,5,40,34,278.615,261.135
152,5,40,35,294.426,184.272
152,5,40,36,62.656,102.991
152,5,40,37,331.149,168.562
152,5,40,38,96.3294,71.6742
152,5,40,39,169.078,235.82
153,5,40,0,186.415,100.773
153,5,40,1,80.1257,309.365
153,5,40,2,47.8394,152.438
153,5,40,3,21.8364,211.471
153,5,40,4,195.031,163.36
153,5,40,5,75.7903,142.287
153,5,40,6,218.703,22.709
153,5,40,7,9.89503,288.384
153,5,40,8,332.655,133.172
153,5,40,9,330.819,189.612
153,5,40,10,322.365,304.308
153,5,40,11,293.186,34.3813
153,5,40,12,169.583,42.6298
153,5,40,13,27.1804,64.9282
153,5,40,14,160.901,219.647
153,5,40,15,343.39,250.242
153,5,40,16,264.482,47.6511
153,5,40,17,108.291,169.27
153,5,40,18,286.4,11.1476
153,5,40,19,127.216,84.7502
153,5,40,20,238.666,197.35
153,5,40,21,1.02748,107.246
153,5,40,22,39.7922,328.156
153,5,40,23,248.187,234.575
153,5,40,24,304.747,347.887
153,5,40,25,308.192,95.7622
153,5,40,26,146.152,58.0835
153,5,40,27,155.034,0.518518
153,5,40,28,66.5749,262.826
153,5,40,29,275.31,278.533
153,5,40,30,61.1253,295.845
153,5,40,31,182.11,175.319
153,5,40,32,101.241,127.752
153,5,40,33,94.7333,260.057
153,5,40,34,115.598,240.711
153,5,40,35,205.647,76.8735
153,5,40,36,228.51,113.793
153,5,40,37,132.811,340.572
153,5,40,38,257.968,322.032
153,5,40,39,221.727,204.541
154,5,40,0,1.67697,92.8421
154,5,40,1,152.929,26.0143
154,5,40,2,38.8819,155.292
154,5,40,3,215.629,27.7384
154,5,40,4,204.927,294.531
154,5,40,5,129.858,37.4271
154,5,40,6,30.342,224.442
154,5,40,7,310.45,130.323
154,5,40,8,85.2552,237.318
154,5,40,9,53.5454,197.049
154,5,40,10,297.737,139.812
154,5,40,11,118.888,261.498
154,5,40,12,90.2628,208.919
154,5,40,13,78.0346,50.5195
154,5,40,14,290.87,345.629
154,5,40,15,135.497,0.516481
154,5,40,16,183.752,122.027
154,5,40,17,193.5,163.409
154,5,40,18,267.493,142.439
154,5,40,19,343.748,306.48
154,5,40,20,9.08648,86.4052
154,5,40,21,182.654,326.09
154,5,40,22,62.1466,188.821
154,5,40,23,324.62,60.495
154,5,40,24,44.5909,98.1606
154,5,40,25,234.392,322.237
154,5,40,26,147.798,281.071
154,5,40,27,172.7,183.016
154,5,40,28,237.861,231.602
154,5,40,29,281.04,279.431
154,5,40,30,221.987,301.757
154,5,40,31,160.81,336.502
154,5,40,32,334.443,11.807
154,5,40,33,258.676,75.2814
154,5,40,34,24.8866,247.336
154,5,40,35,251.42,266.446
154,5,40,36,274.511,61.7452
154,5,40,37,316.778,169.354
154,5,40,38,109.543,106.276
154,5,40,39,99.2171,213.751
155,5,40,0,226.412,13.9261
155,5,40,1,282.292,223.759
155,5,40,2,131.671,341.127
155,5,40,3,94.4224,280.421
155,5,40,4,97.1857,190.869
155,5,40,5,338.35,58.6032
155,5,40,6,299.195,214.493
155,5,40,7,114.051,263.266
155,5,40,8,264.08,32.9188
155,5,40,9,36.8353,19.2744
155,5,40,10,315.133,98.653
155,5,40,11,192.904,144.716
155,5,40,12,141.079,272.342
155,5,40,13,243.454,252.434
155,5,40,14,291.271,342.9
155,5,40,15,214.691,255.254
155,5,40,16,109.255,313.736
155,5,40,17,66.3788,77.8122
155,5,40,18,173.315,160.459
155,5,40,19,21.4226,65.917
155,5,40,20,82.3747,52.0035
155,5,40,21,47.3382,323.423
155,5,40,22,306.796,197.469
155,5,40,23,74.6152,125.118
155,5,40,24,162.722,82.209
155,5,40,25,130.919,241.254
155,5,40,26,235.903,116.822
155,5,40,27,29.4958,230.182
155,5,40,28,206.458,40.6317
155,5,40,29,250.186,202.746
155,5,40,30,177.225,88.9427
155,5,40,31,154.348,175.549
155,5,40,32,345.636,330.085
155,5,40,33,274.592,138.584
155,5,40,34,261.974,4.60458
155,5,40,35,54.1238,153.4
155,5,40,36,1.26301,291.194
155,5,40,37,327.935,299.205
155,5,40,38,13.7022,107.515
155,5,40,39,192.154,167.879
156,5,40,0,222.77,334.478
156,5,40,1,238.857,344.282
156,5,40,2,249.37,104.623
156,5,40,3,204.56,325.538
156,5,40,4,325.367,9.44474
156,5,40,5,139.224,140.478
156,5,40,6,36.5104,110.405
156,5,40,7,278.969,202.193
156,5,40,8,316.696,233.801
156,5,40,9,15.1418,164.866
156,5,40,10,153.907,92.5062
156,5,40,11,120.701,32.4003
156,5,40,12,21.9327,289.091
156,5,40,13,51.9103,193.519
156,5,40,14,63.9586,217.68
156,5,40,15,88.2424,192.221
156,5,40,16,349.822,156.077
156,5,40,17,212.113,252.319
156,5,40,18,311.701,40.0376
156,5,40,19,195.114,19.1386
156,5,40,20,99.0031,268.524
156,5,40,21,281.66,167.646
156,5,40,22,185.979,131.399
156,5,40,23,293.22,74.056
156,5,40,24,171.605,283.039
156,5,40,25,233.797,225.079
156,5,40,26,106.372,114.452
156,5,40,27,339.005,177.603
156,5,40,28,182.279,52.9476
156,5,40,29,76.4431,255.331
156,5,40,30,144.824,80.4399
156,5,40,31,29.6005,239.826
156,5,40,32,2.57612,300.534
156,5,40,33,53.6238,321.177
156,5,40,34,83.535,277.695
156,5,40,35,254.428,308.096
156,5,40,36,298.564,0.662895
156,5,40,37,268.015,130.628
156,5,40,38,165.88,46.2819
156,5,40,39,128.454,68.477
157,5,40,0,248.172,3.85119
157,5,40,1,223.38,135.36
157,5,40,2,201.001,18.3484
157,5,40,3,342.439,32.3685
157,5,40,4,32.5776,343.891
157,5,40,5,299.699,72.8976
157,5,40,6,8.63953,270.015
157,5,40,7,291.649,146.048
157,5,40,8,74.0247,63.223
157,5,40,9,80.6441,186.02
157,5,40,10,239.776,314.261
157,5,40,11,50.9545,325.503
157,5,40,12,205.052,321.188
157,5,40,13,268.219,245.665
157,5,40,14,126.412,194.088
157,5,40,15,54.4548,117.967
157,5,40,16,37.6626,295.062
157,5,40,17,164.129,201.993
157,5,40,18,94.3015,104.743
157,5,40,19,16.908,130.167
157,5,40,20,334.074,219.282
157,5,40,21,178.072,93.5825
157,5,40,22,211.792,238.627
157,5,40,23,230.189,236.161
157,5,40,24,276.401,273.351
157,5,40,25,190.662,299.369
157,5,40,26,61.9813,216.591
157,5,40,27,317.262,108.242
157,5,40,28,113.672,164.028
157,5,40,29,20.3956,172.008
157,5,40,30,156.552,83.085
157,5,40,31,167.351,285.967
157,5,40,32,309.835,39.6814
157,5,40,33,118.928,260.177
157,5,40,34,142.902,156.125
157,5,40,35,255.763,60.1194
157,5,40,36,135.582,47.2534
157,5,40,37,280.083,178.596
157,5,40,38,328.69,10.7208
157,5,40,39,102.843,338.542
158,5,40,0,140.49,298.702
158,5,40,1,120.736,156.066
158,5,40,2,97.1533,20.252
158,5,40,3,14.0698,164.813
158,5,40,4,209.742,118.689
158,5,40,5,186.176,240.647
158,5,40,6,315.946,103.375
158,5,40,7,342.819,93.6112
158,5,40,8,173.134,143.324
158,5,40,9,81.9734,123.919
158,5,40,10,50.2146,260.001
158,5,40,11,328.974,11.3466
158,5,40,12,181.055,47.2646
158,5,40,13,132.483,175.507
158,5,40,14,301.425,344.993
158,5,40,15,54.6429,287.379
158,5,40,16,229.166,234.945
158,5,40,17,293.888,215.785
158,5,40,18,242.611,249.792
158,5,40,19,265.269,202.057
158,5,40,20,95.1885,70.3448
158,5,40,21,338.648,190.076
158,5,40,22,151.259,273.517
158,5,40,23,309.146,325.345
158,5,40,24,111.613,35.5282
158,5,40,25,258.079,65.1758
158,5,40,26,125.529,307.187
158,5,40,27,42.1023,137.812
158,5,40,28,246.555,113.25
158,5,40,29,222.007,80.8975
158,5,40,30,74.0264,59.1581
158,5,40,31,163.196,7.46876
158,5,40,32,198.96,266.913
158,5,40,33,218.347,171.092
158,5,40,34,19.8317,222.574
158,5,40,35,1.57345,294.043
158,5,40,36,64.9801,332.66
158,5,40,37,29.4099,34.7709
158,5,40,38,276.375,317.408
158,5,40,39,281.552,195.891
159,5,40,0,345.968,177.363
159,5,40,1,24.9672,347.179
159,5,40,2,43.0884,148.305
159,5,40,3,32.3248,131.86
159,5,40,4,80.0167,72.5287
159,5,40,5,111.929,96.6643
159,5,40,6,143.885,303.297
159,5,40,7,46.2034,114.164
159,5,40,8,321.554,86.519
159,5,40,9,169.173,293.817
159,5,40,10,259.893,21.3201
159,5,40,11,194.115,186.181
159,5,40,12,267.892,316.208
159,5,40,13,214.97,67.2445
159,5,40,14,153.67,33.8811
159,5,40,15,135.026,257.221
159,5,40,16,334.253,59.4578
159,5,40,17,55.5129,105.583
159,5,40,18,118.931,236.167
159,5,40,19,240.472,244.227
159,5,40,20,98.9543,129.737
159,5,40,21,182.143,151.841
159,5,40,22,187.34,213.18
159,5,40,23,5.54169,11.2546
159,5,40,24,14.1128,247.383
159,5,40,25,281.26,333.24
159,5,40,26,250.573,273.317
159,5,40,27,305.762,39.9028
159,5,40,28,292.164,45.7103
159,5,40,29,72.0819,5.29207
159,5,40,30,96.187,311.17
159,5,40,31,278.623,327.207
159,5,40,32,128.545,198.108
159,5,40,33,203.06,281.381
159,5,40,34,327.514,202.845
159,5,40,35,63.6215,225.03
159,5,40,36,309.058,264.551
159,5,40,37,225.443,159.57
159,5,40,38,165.765,95.8889
159,5,40,39,233.927,169.73
160,5,40,0,309.034,41.2249
160,5,40,1,304.586,206.304
160,5,40,2,53.514,346.577
160,5,40,3,337.559,317.93
160,5,40,4,346.891,338.973
160,5,40,5,41.5385,249.741
160,5,40,6,276.677,79.9264
160,5,40,7,185.279,102.166
160,5,40,8,324.207,182.239
160,5,40,9,110.791,309.971
160,5,40,10,315.055,260.232
160,5,40,11,126.376,216.248
160,5,40,12,118.625,239.973
160,5,40,13,240.174,12.1612
160,5,40,14,222.509,59.0253
160,5,40,15,286.18,162.159
160,5,40,16,80.4968,118.42
160,5,40,17,131.626,295.737
160,5,40,18,165.547,147.413
160,5,40,19,252.762,192.019
160,5,40,20,27.8221,331.895
160,5,40,21,64.1461,222.08
160,5,40,22,214.911,92.8663
160,5,40,23,98.0706,138.053
160,5,40,24,140.832,173.617
160,5,40,25,180.925,106.293
160,5,40,26,77.0894,28.7398
160,5,40,27,12.4057,18.2952
160,5,40,28,200.954,231.712
160,5,40,29,19.6991,304.385
160,5,40,30,230.473,286.386
160,5,40,31,167.676,64.3203
160,5,40,32,153.803,71.2951
160,5,40,33,263.825,49.1237
160,5,40,34,207.984,154.219
160,5,40,35,94.4085,278.029
160,5,40,36,0.157354,1.15805
160,5,40,37,295.29,200.417
160,5,40,38,256.72,263.224
160,5,40,39,44.3387,130.306
161,5,40,0,75.4354,261.836
161,5,40,1,3.14207,302.352
161,5,40,2,119.048,115.752
161,5,40,3,304.74,89.6627
161,5,40,4,18.0415,174.038
161,5,40,5,233.019,214.286
161,5,40,6,27.8768,81.2425
161,5,40,7,183.201,98.1009
161,5,40,8,287.21,56.3443
161,5,40,9,109.427,196.705
161,5,40,10,147.954,287.946
161,5,40,11,151.144,320.718
161,5,40,12,57.1568,21.0694
161,5,40,13,236.291,36.5391
161,5,40,14,133.747,108.257
161,5,40,15,123.873,136.916
161,5,40,16,323.388,6.88261
161,5,40,17,196.177,346.153
161,5,40,18,325.205,50.1444
161,5,40,19,15.9724,224.013
161,5,40,20,333.583,77.1969
161,5,40,21,260.601,228.358
161,5,40,22,295.315,204.804
161,5,40,23,101.265,312.111
161,5,40,24,211.787,333.97
161,5,40,25,206.63,130.642
161,5,40,26,185.503,269.724
161,5,40,27,91.4567,296.909
161,5,40,28,37.3688,250.02
161,5,40,29,170.625,243.489
161,5,40,30,276.119,328.383
161,5,40,31,311.182,27.3773
161,5,40,32,163.142,15.2638
161,5,40,33,80.68,148.507
161,5,40,34,245.39,65.9457
161,5,40,35,225.086,166.071
161,5,40,36,341.702,271.469
161,5,40,37,267.76,176.244
161,5,40,38,62.4283,191.314
161,5,40,39,49.945,149.945
162,5,40,0,47.6589,176.88
162,5,40,1,247.155,67.236
162,5,40,2,191.557,95.2032
162,5,40,3,146.7,293.273
162,5,40,4,320.973,44.2591
162,5,40,5,293.576,115.71
162,5,40,6,235.938,158.597
162,5,40,7,340.354,228.032
162,5,40,8,213.16,204.576
162,5,40,9,259.908,298.66
162,5,40,10,64.203,195.82
162,5,40,11,73.2828,39.206
162,5,40,12,272.203,283.204
162,5,40,13,208.762,156.913
162,5,40,14,162.61,333.773
162,5,40,15,332.461,315.648
162,5,40,16,240.21,168.027
162,5,40,17,223.787,103.11
162,5,40,18,95.7179,12.7951
162,5,40,19,17.1755,17.7622
162,5,40,20,346.933,78.553
162,5,40,21,23.0423,109.131
162,5,40,22,138.376,190.229
162,5,40,23,33.2797,314.199
162,5,40,24,286.837,54.4308
162,5,40,25,82.3987,123.43
162,5,40,26,102.875,80.1645
162,5,40,27,6.57557,32.8188
162,5,40,28,56.4119,221.602
162,5,40,29,43.4617,346.191
162,5,40,30,314.597,265.582
162,5,40,31,105.208,134.617
162,5,40,32,169.718,3.82564
162,5,40,33,123.403,257.359
162,5,40,34,114.055,213.365
162,5,40,35,182.505,141.244
162,5,40,36,153.582,239.492
162,5,40,37,265.621,328.301
162,5,40,38,193.355,245.118
162,5,40,39,306.053,279.533
163,5,40,0,247.843,324.11
163,5,40,1,240.245,232.162
163,5,40,2,160.172,107.159
163,5,40,3,93.9224,141.609
163,5,40,4,282.739,288.513
163,5,40,5,329.511,182.677
163,5,40,6,109.246,20.5435
163,5,40,7,262.403,13.4556
163,5,40,8,115.637,86.5156
163,5,40,9,54.9223,335.728
163,5,40,10,70.8244,103.094
163,5,40,11,203.081,174.276
163,5,40,12,127.201,317.011
163,5,40,13,289.476,133.06
163,5,40,14,82.5851,346.773
163,5,40,15,341.652,55.0664
163,5,40,16,141.637,48.5796
163,5,40,17,153.022,158.362
163,5,40,18,174.583,256.793
163,5,40,19,308.638,248.56
163,5,40,20,16.5509,186.18
163,5,40,21,180.635,127.772
163,5,40,22,139.797,78.336
163,5,40,23,264.866,270.856
163,5,40,24,188.976,115.607
163,5,40,25,104.77,314.966
163,5,40,26,51.7992,30.6182
163,5,40,27,321.912,244.927
163,5,40,28,20.2735,202.326
163,5,40,29,65.0548,150.235
163,5,40,30,29.9991,297.395
163,5,40,31,302.879,299.186
163,5,40,32,7.52549,195.823
163,5,40,33,36.7665,217.327
163,5,40,34,198.211,36.015
163,5,40,35,229.074,88.3853
163,5,40,36,275.457,219.017
163,5,40,37,337.481,278.144
163,5,40,38,218.703,6.55946
163,5,40,39,221.712,65.7642
164,5,40,0,283.937,186.778
164,5,40,1,257.556,106.055
164,5,40,2,197.734,56.6278
164,5,40,3,106.801,46.2647
164,5,40,4,154.193,342.97
164,5,40,5,136.998,257.078
164,5,40,6,77.9523,214.557
164,5,40,7,299.8,139.317
164,5,40,8,209.318,295.311
164,5,40,9,127.259,97.3849
164,5,40,10,344.494,115.206
164,5,40,11,96.0682,157.17
164,5,40,12,227.611,34.4795
164,5,40,13,56.7747,282.202
164,5,40,14,224.274,304.695
164,5,40,15,27.2259,17.9887
164,5,40,16,85.7554,336.035
164,5,40,17,334.664,234.988
164,5,40,18,24.3663,277.426
164,5,40,19,65.3906,124.843
164,5,40,20,248.336,325.678
164,5,40,21,141.665,178.554
164,5,40,22,191.495,241.184
164,5,40,23,13.1632,246.525
164,5,40,24,40.4697,64.4308
164,5,40,25,272.943,2.12622
164,5,40,26,103.565,319.166
164,5,40,27,320.334,159.803
164,5,40,28,241.793,91.1386
164,5,40,29,314.49,172.392
164,5,40,30,213.463,219.848
164,5,40,31,4.82386,143.016
164,5,40,32,172.438,80.9714
164,5,40,33,266.611,200.639
164,5,40,34,47.7702,41.5484
164,5,40,35,163.832,263.84
164,5,40,36,182.171,16.0411
164,5,40,37,119.184,71.6598
164,5,40,38,291.663,205.325
164,5,40,39,325.358,312.511
165,5,40,0,62.738,96.6217
165,5,40,1,314.661,9.23015
165,5,40,2,247.425,198.753
165,5,40,3,331.396,203.874
165,5,40,4,223.908,71.7304
165,5,40,5,209.495,346.198
165,5,40,6,38.216,88.0829
165,5,40,7,77.8962,85.6447
165,5,40,8,131.896,152.791
165,5,40,9,179.362,58.4793
165,5,40,10,99.0057,300.264
165,5,40,11,235.173,336.043
165,5,40,12,200.579,140.232
165,5,40,13,110.334,273.813
165,5,40,14,240.469,174.159
165,5,40,15,33.4433,181.555
165,5,40,16,93.0305,325.894
165,5,40,17,154.214,32.1474
165,5,40,18,289.926,165.083
165,5,40,19,54.7548,292.262
165,5,40,20,272.134,253.39
165,5,40,21,262.593,22.5586
165,5,40,22,321.001,191.691
165,5,40,23,158.262,41.236
165,5,40,24,282.354,309.028
165,5,40,25,188.377,315.091
165,5,40,26,121.652,62.2429
165,5,40,27,86.0615,233.403
165,5,40,28,215.405,117.574
165,5,40,29,23.5615,214.947
165,5,40,30,127.685,227.259
165,5,40,31,12.7684,128.042
165,5,40,32,171.37,6.85796
165,5,40,33,1.69132,258.212
165,5,40,34,341.71,105.138
165,5,40,35,47.992,138.871
165,5,40,36,148.034,280.887
165,5,40,37,339.941,265.151
165,5,40,38,259.343,243.868
165,5,40,39,305.781,47.3771
166,5,40,0,115.388,331.584
166,5,40,1,193.924,70.9825
166,5,40,2,65.1215,174.613
166,5,40,3,246.512,300.535
166,5,40,4,318.041,36.6276
166,5,40,5,43.3613,158.122
166,5,40,6,94.2109,341.858
166,5,40,7,298.929,191.038
166,5,40,8,191.173,274.317
166,5,40,9,274.929,233.514
166,5,40,10,49.6078,336.991
166,5,40,11,22.99,256.369
166,5,40,12,288.522,219.13
166,5,40,13,210.867,51.0781
166,5,40,14,31.4208,194.595
166,5,40,15,75.5336,121.084
166,5,40,16,100.182,177.84
166,5,40,17,270.833,210.401
166,5,40,18,138.021,202.393
166,5,40,19,56.2247,95.6469
166,5,40,20,177.61,58.8186
166,5,40,21,125.344,311.963
166,5,40,22,235.547,318.919
166,5,40,23,142.199,247.406
166,5,40,24,83.0111,297.024
166,5,40,25,333.48,102.01
166,5,40,26,330.551,139.089
166,5,40,27,291.385,81.1965
166,5,40,28,345.38,285.761
166,5,40,29,170.42,130.484
166,5,40,30,14.6789,145.08
166,5,40,31,226.126,10.885
166,5,40,32,162.329,22.1879
166,5,40,33,309.404,4.43819
166,5,40,34,4.36965,239.215
166,5,40,35,202.639,107.774
166,5,40,36,149.062,153.148
166,5,40,37,259.014,69.2474
166,5,40,38,112.639,29.0042
166,5,40,39,238.792,265.634
167,5,40,0,189.59,317.898
167,5,40,1,331.206,295.036
167,5,40,2,53.5578,139.803
167,5,40,3,64.3527,40.3181
167,5,40,4,50.7591,330.804
167,5,40,5,297.027,147.484
167,5,40,6,228.205,92.1736
167,5,40,7,22.6548,287.033
167,5,40,8,30.1792,43.9729
167,5,40,9,110.961,213.31
167,5,40,10,348.184,150.703
167,5,40,11,273.354,237.988
167,5,40,12,253.764,115.619
167,5,40,13,248.379,3.30089
167,5,40,14,144.809,11.2793
167,5,40,15,131.369,228.848
167,5,40,16,163.739,219.493
167,5,40,17,219.312,303.594
167,5,40,18,266.262,29.6868
167,5,40,19,129.324,21.2816
167,5,40,20,155.771,192.398
167,5,40,21,118.397,273.947
167,5,40,22,201.031,344.508
167,5,40,23,4.71913,86.3248
167,5,40,24,283.683,207.614
167,5,40,25,42.3981,179.131
167,5,40,26,237.756,162.658
167,5,40,27,94.1438,198.743
167,5,40,28,321.289,269.144
167,5,40,29,167.028,109.454
167,5,40,30,207.013,77.0914
167,5,40,31,304.82,313.759
167,5,40,32,71.2999,340.275
167,5,40,33,335.193,99.489
167,5,40,34,180.15,62.7046
167,5,40,35,218.629,166.543
167,5,40,36,80.7104,125.745
167,5,40,37,308.349,59.3016
167,5,40,38,100.771,259.728
167,5,40,39,15.9411,252.984
168,5,40,0,111.447,127.712
168,5,40,1,135.496,72.105
168,5,40,2,82.1189,168.421
168,5,40,3,77.1229,92.4923
168,5,40,4,279.622,96.5729
168,5,40,5,100.588,267.103
168,5,40,6,332.542,32.5215
168,5,40,7,260.498,16.7904
168,5,40,8,145.402,242.558
168,5,40,9,214.434,64.3732
168,5,40,10,250.549,181.997
168,5,40,11,19.9579,144.827
168,5,40,12,27.0318,300.317
168,5,40,13,6.83581,277.754
168,5,40,14,164.929,281.604
168,5,40,15,50.4428,39.9953
168,5,40,16,121.891,189.347
168,5,40,17,308.008,57.2213
168,5,40,18,179.578,2.58414
168,5,40,19,321.745,108.11
168,5,40,20,236.874,164.358
168,5,40,21,300.446,117.104
168,5,40,22,281.23,250.432
168,5,40,23,344.633,84.041
168,5,40,24,188.389,316.538
168,5,40,25,125.893,338.39
168,5,40,26,152.748,233.295
168,5,40,27,266.688,205.87
168,5,40,28,230.106,254.052
168,5,40,29,12.6531,135.934
168,5,40,30,93.249,222.734
168,5,40,31,330.772,296.006
168,5,40,32,36.9122,49.2322
168,5,40,33,220.529,308.454
168,5,40,34,56.965,18.0227
168,5,40,35,295.433,326.669
168,5,40,36,208.601,150.327
168,5,40,37,169.151,194.414
168,5,40,38,63.2433,349.349
168,5,40,39,200.125,211.12
169,5,40,0,148.915,5.08915
169,5,40,1,323.249,338.647
169,5,40,2,278.179,102.638
169,5,40,3,335.237,187.125
169,5,40,4,181.104,309.059
169,5,40,5,220.863,292.554
169,5,40,6,20.3213,69.2836
169,5,40,7,94.6527,162.89
169,5,40,8,53.7827,253.747
169,5,40,9,199.019,42.3267
169,5,40,10,148.738,8.89988
169,5,40,11,37.6258,306.235
169,5,40,12,243.791,110.574
169,5,40,13,45.9945,328.268
169,5,40,14,13.2046,347.977
169,5,40,15,103.799,267.124
169,5,40,16,119.355,54.3652
169,5,40,17,293.05,183.559
169,5,40,18,218.725,122.683
169,5,40,19,308.707,121.379
169,5,40,20,84.0044,255.204
169,5,40,21,245.794,195.691
169,5,40,22,6.25476,28.1994
169,5,40,23,332.396,153.827
169,5,40,24,256.505,143.396
169,5,40,25,159.377,82.4742
169,5,40,26,173.372,222.196
169,5,40,27,68.8847,215.236
169,5,40,28,132.074,228.021
169,5,40,29,344.961,73.3315
169,5,40,30,106.891,48.3491
169,5,40,31,265.801,201.71
169,5,40,32,74.1907,287.576
169,5,40,33,287.951,88.0016
169,5,40,34,301.684,26.0248
169,5,40,35,124.555,137.749
169,5,40,36,33.7151,315.96
169,5,40,37,190.68,272.603
169,5,40,38,231.522,238.173
169,5,40,39,202.707,167.631
170,5,40,0,4.8089,279.301
170,5,40,1,143.043,282.998
170,5,40,2,262.624,214.673
170,5,40,3,154.817,102.473
170,5,40,4,180.148,18.8723
170,5,40,5,218.172,252.315
170,5,40,6,289.287,204.352
170,5,40,7,53.0846,48.1921
170,5,40,8,331.905,124.473
170,5,40,9,333.01,57.7323
170,5,40,10,201.949,303.306
170,5,40,11,91.2188,119.616
170,5,40,12,18.7259,68.911
170,5,40,13,29.3597,225.389
170,5,40,14,174.348,132.903
170,5,40,15,133.298,72.7657
170,5,40,16,187.483,175.264
170,5,40,17,194.254,190.166
170,5,40,18,230.666,2.22223
170,5,40,19,226.295,80.5821
170,5,40,20,69.2254,320.951
170,5,40,21,115.837,149.603
170,5,40,22,48.8341,166.713
170,5,40,23,261.441,165.976
170,5,40,24,239.004,198.105
170,5,40,25,98.5217,109.523
170,5,40,26,349.997,333.112
170,5,40,27,160.869,312.701
170,5,40,28,86.5221,332.303
170,5,40,29,307.116,16.7457
170,5,40,30,73.6697,33.1762
170,5,40,31,284.873,259.914
170,5,40,32,273.102,95.4837
170,5,40,33,303.381,291.425
170,5,40,34,318.967,37.4787
170,5,40,35,125.139,348.716
170,5,40,36,253.003,269.484
170,5,40,37,43.1562,143.297
170,5,40,38,14.3834,227.953
170,5,40,39,113.111,236.306
171,5,40,0,41.8775,28.176
171,5,40,1,83.5013,42.4096
171,5,40,2,267.243,277.198
171,5,40,3,29.8933,244.728
171,5,40,4,188.829,312.129
171,5,40,5,177.757,181.764
171,5,40,6,258.061,62.0147
171,5,40,7,109.728,109.242
171,5,40,8,48.7355,280.034
171,5,40,9,21.7798,297.146
171,5,40,10,253.208,334.452
171,5,40,11,167.605,185.995
171,5,40,12,114.811,20.1494
171,5,40,13,243.961,125.281
171,5,40,14,213.811,245.978
171,5,40,15,286.542,232.963
171,5,40,16,220.824,141.588
171,5,40,17,342.335,223.319
171,5,40,18,164.693,153.025
171,5,40,19,206.67,300.832
171,5,40,20,232.605,349.228
171,5,40,21,13.3559,138.302
171,5,40,22,303.824,316.675
171,5,40,23,196.621,3.21611
171,5,40,24,0.288197,198.499
171,5,40,25,132.713,215.156
171,5,40,26,334.135,100.263
171,5,40,27,124.88,16.2364
171,5,40,28,319.704,113.943
171,5,40,29,88.9993,89.953
171,5,40,30,102.871,253.897
171,5,40,31,296.099,201.919
171,5,40,32,143.316,172.697
171,5,40,33,311.404,58.846
171,5,40,34,276.157,73.8239
171,5,40,35,326.414,158.548
171,5,40,36,65.2116,85.9575
171,5,40,37,154.307,271.048
171,5,40,38,70.9253,325.779
171,5,40,39,58.5208,46.7226
172,5,40,0,315.193,169.053
172,5,40,1,156.434,85.8714
172,5,40,2,21.3295,38.6545
172,5,40,3,275.404,100.311
172,5,40,4,40.4833,295.948
172,5,40,5,214.939,284.525
172,5,40,6,118.94,188.826
172,5,40,7,161.56,246.476
172,5,40,8,32.4656,21.1638
172,5,40,9,54.0417,335.669
172,5,40,10,90.2971,275.483
172,5,40,11,239.415,261.9
172,5,40,12,11.1146,121.31
172,5,40,13,201.371,90.1307
172,5,40,14,228.735,163.749
172,5,40,15,329.206,326.685
172,5,40,16,166.668,241.118
172,5,40,17,224.997,58.8162
172,5,40,18,250.731,344.46
172,5,40,19,5.51293,111.681
172,5,40,20,75.826,268.573
172,5,40,21,188.32,136.979
172,5,40,22,107.475,224.555
172,5,40,23,132.846,61.4739
172,5,40,24,141.633,145.617
172,5,40,25,68.275,298.382
172,5,40,26,200.952,322.666
172,5,40,27,303.186,208.18
172,5,40,28,296.583,152.951
172,5,40,29,179.809,234.918
172,5,40,30,46.1481,210.948
172,5,40,31,311.622,193.246
172,5,40,32,85.2488,48.8879
172,5,40,33,254.756,4.77622
172,5,40,34,343.386,176.932
172,5,40,35,267.222,31.8477
172,5,40,36,130.144,130.385
172,5,40,37,287.995,16.2377
172,5,40,38,100.816,313.183
172,5,40,39,340.482,76.6465
173,5,40,0,33.5962,80.5191
173,5,40,1,349.781,263.878
173,5,40,2,309.906,338.084
173,5,40,3,70.8711,281.762
173,5,40,4,233.252,261.286
173,5,40,5,17.8348,326.79
173,5,40,6,114.125,288.907
173,5,40,7,289.716,219.504
173,5,40,8,205.308,47.3792
173,5,40,9,16.073,17.4563
173,5,40,10,276.115,135.373
173,5,40,11,64.0572,277.151
173,5,40,12,1.91926,108.766
173,5,40,13,35.8158,78.2533
173,5,40,14,162.048,310.186
173,5,40,15,297.749,343.789
173,5,40,16,48.3473,40.5406
173,5,40,17,101.627,21.6751
173,5,40,18,262.418,203.19
173,5,40,19,83.2783,102.257
173,5,40,20,175.757,28.3415
173,5,40,21,198.256,182.548
173,5,40,22,58.1289,57.6881
173,5,40,23,142.553,240.603
173,5,40,24,221.574,187.577
173,5,40,25,251.847,234.231
173,5,40,26,128.944,63.0183
173,5,40,27,330.657,172.645
173,5,40,28,154.325,319.208
173,5,40,29,315.88,151.98
173,5,40,30,183.753,1.06991
173,5,40,31,264.462,213.221
173,5,40,32,338.092,250.307
173,5,40,33,168.653,147.302
173,5,40,34,106.81,201.202
173,5,40,35,282.903,89.6938
173,5,40,36,237.134,297.678
173,5,40,37,93.9044,121.953
173,5,40,38,212.333,125.978
173,5,40,39,137.71,160.085
174,5,40,0,59.7143,104.854
174,5,40,1,14.8742,200.817
174,5,40,2,87.3084,170.215
174,5,40,3,242.11,3.04076
174,5,40,4,304.354,106.991
174,5,40,5,154.89,232.163
174,5,40,6,133.973,224.288
174,5,40,7,198.504,293.602
174,5,40,8,230.019,325.651
174,5,40,9,164.964,299.468
174,5,40,10,227.33,184.896
174,5,40,11,344.206,128.172
174,5,40,12,309.413,50.6954
174,5,40,13,18.1787,212.179
174,5,40,14,207.099,207.052
174,5,40,15,251.919,323.343
174,5,40,16,111.451,251.981
174,5,40,17,97.8572,61.8747
174,5,40,18,146.696,261.178
174,5,40,19,272.428,146.444
174,5,40,20,66.2378,120.713
174,5,40,21,210.532,265.757
174,5,40,22,264.848,86.636
174,5,40,23,334.171,73.3688
174,5,40,24,94.1408,94.5478
174,5,40,25,129.139,344.682
174,5,40,26,291.105,156.551
174,5,40,27,8.44248,27.4221
174,5,40,28,35.0879,58.946
174,5,40,29,325.385,334.204
174,5,40,30,318.501,274.241
174,5,40,31,256.992,163.118
174,5,40,32,51.4904,15.5622
174,5,40,33,167.263,244.917
174,5,40,34,184.057,311.017
174,5,40,35,116.07,35.216
174,5,40,36,286.624,280.469
174,5,40,37,175.254,23.8723
174,5,40,38,33.4371,132.231
174,5,40,39,77.0489,176.212
175,5,40,0,170.119,163.246
175,5,40,1,163.344,130.874
175,5,40,2,209.068,272.028
175,5,40,3,144.062,255.027
175,5,40,4,348.131,63.5218
175,5,40,5,242.622,332.235
175,5,40,6,178.18,211.793
175,5,40,7,247.247,50.7129
175,5,40,8,210.375,295.694
175,5,40,9,305.007,57.4377
175,5,40,10,268.002,92.3089
175,5,40,11,18.4239,145.211
175,5,40,12,222.087,230.18
175,5,40,13,320.276,341.009
175,5,40,14,111.095,240.137
175,5,40,15,56.2944,29.453
175,5,40,16,64.2127,188.217
175,5,40,17,122.988,105.217
175,5,40,18,287.275,201.94
175,5,40,19,16.6551,316.748
175,5,40,20,51.3055,310.168
175,5,40,21,325.933,139.897
175,5,40,22,36.9787,13.82
175,5,40,23,89.5387,155.782
175,5,40,24,256.702,245.916
175,5,40,25,312.736,171.623
175,5,40,26,2.35659,221.78
175,5,40,27,230.673,342.197
175,5,40,28,296.351,75.5094
175,5,40,29,117.32,84.8028
175,5,40,30,186.314,5.81005
175,5,40,31,103.082,262.714
175,5,40,32,30.1364,175.763
175,5,40,33,134.265,304.924
175,5,40,34,200.59,19.7214
175,5,40,35,149.007,99.084
175,5,40,36,77.8755,201.042
175,5,40,37,272.819,119.261
175,5,40,38,85.1398,39.6407
175,5,40,39,339.768,281.235
176,5,40,0,84.53,39.8711
176,5,40,1,49.0844,258.035
176,5,40,2,149.091,305.659
176,5,40,3,263.623,237.862
176,5,40,4,104.462,167.251
176,5,40,5,235.26,67.9647
176,5,40,6,342.133,46.9064
176,5,40,7,19.2744,135.816
176,5,40,8,180.928,20.2609
176,5,40,9,220.102,195.189
176,5,40,10,121.557,86.625
176,5,40,11,13.0131,15.5277
176,5,40,12,338.212,264.995
176,5,40,13,237.416,328.916
176,5,40,14,300.935,341.412
176,5,40,15,75.6655,58.5256
176,5,40,16,294.016,316.112
176,5,40,17,148.104,250.5
176,5,40,18,29.8033,314.799
176,5,40,19,286.273,87.7561
176,5,40,20,195.171,223.05
176,5,40,21,63.725,130.305
176,5,40,22,213.712,192.137
176,5,40,23,36.2528,281.474
176,5,40,24,322.2,236.093
176,5,40,25,54.6495,163.814
176,5,40,26,107.541,210.687
176,5,40,27,185.659,149.751
176,5,40,28,325.744,113.506
176,5,40,29,276.357,71.6048
176,5,40,30,132.595,206.146
176,5,40,31,202.012,146.15
176,5,40,32,308.316,6.36199
176,5,40,33,260.901,275.404
176,5,40,34,129.637,297.103
176,5,40,35,4.30766,31.9206
176,5,40,36,247.09,182.278
176,5,40,37,157.801,339.079
176,5,40,38,173.2,99.175
176,5,40,39,89.2415,117.199
177,5,40,0,38.3891,21.3825
177,5,40,1,245.187,234.76
177,5,40,2,278.151,103.987
177,5,40,3,197.296,47.6206
177,5,40,4,208.138,41.6103
177,5,40,5,267.349,161.974
177,5,40,6,106.347,127.245
177,5,40,7,115.997,276.039
177,5,40,8,287.753,252.437
177,5,40,9,48.5626,258.056
177,5,40,10,132.692,217.593
177,5,40,11,306.533,221.713
177,5,40,12,17.3621,345.476
177,5,40,13,29.0179,318.289
177,5,40,14,87.19,335.18
177,5,40,15,349.944,179.33
177,5,40,16,216.844,288.641
177,5,40,17,318.036,133.599
177,5,40,18,157.299,27.9236
177,5,40,19,191.353,327.557
177,5,40,20,73.7791,71.7764
177,5,40,21,125.567,152.41
177,5,40,22,168.689,199.441
177,5,40,23,334.793,191.501
177,5,40,24,256.878,56.0929
177,5,40,25,163.024,117.746
177,5,40,26,24.9007,172.886
177,5,40,27,295.836,292.023
177,5,40,28,224.437,310.563
177,5,40,29,233.492,9.78293
177,5,40,30,95.0267,300.643
177,5,40,31,102.85,263.424
177,5,40,32,330.561,237.15
177,5,40,33,298.43,107.547
177,5,40,34,148.228,209.667
177,5,40,35,60.8275,1.04241
177,5,40,36,62.9432,62.322
177,5,40,37,237.4,93.7753
177,5,40,38,179.425,83.3675
177,5,40,39,2.96768,141.414
178,5,40,0,34.224,91.9385
178,5,40,1,179.935,267.337
178,5,40,2,219.856,194.288
178,5,40,3,21.752,189.546
178,5,40,4,146.994,50.2427
178,5,40,5,314.819,108.543
178,5,40,6,157.218,11.2956
178,5,40,7,293.766,274.519
178,5,40,8,52.9859,182.202
178,5,40,9,50.5349,261.215
178,5,40,10,90.8491,309.891
178,5,40,11,283.712,76.5029
178,5,40,12,171.504,20.4036
178,5,40,13,131.75,336.381
178,5,40,14,70.6885,317.689
178,5,40,15,337.885,211.666
178,5,40,16,201.888,121.316
178,5,40,17,100.683,206.236
178,5,40,18,190.335,251.092
178,5,40,19,321.505,230.683
178,5,40,20,105.294,150.099
178,5,40,21,40.611,55.0255
178,5,40,22,197.655,161.388
178,5,40,23,118.047,144.264
178,5,40,24,217.871,0.497702
178,5,40,25,297.87,37.3424
178,5,40,26,259.873,332.234
178,5,40,27,64.1195,125.508
178,5,40,28,122.794,103.703
178,5,40,29,275.066,291.302
178,5,40,30,9.50959,78.8463
178,5,40,31,242.815,344.888
178,5,40,32,251.214,222.721
178,5,40,33,158.76,132.288
178,5,40,34,86.3787,171.7
178,5,40,35,324.908,64.5614
178,5,40,36,345.869,286.399
178,5,40,37,3.29492,241.696
178,5,40,38,235.258,33.9603
178,5,40,39,267.714,300.414
179,5,40,0,13.6989,97.4344
179,5,40,1,269.152,222.387
179,5,40,2,240.196,262.602
179,5,40,3,195.573,318.259
179,5,40,4,341.202,47.3352
179,5,40,5,91.0345,31.058
179,5,40,6,173.838,4.27734
179,5,40,7,126.755,106.343
179,5,40,8,180.001,174.549
179,5,40,9,228.842,138.019
179,5,40,10,308.017,144.605
179,5,40,11,275.739,70.7517
179,5,40,12,297.056,61.0563
179,5,40,13,207.434,160.277
179,5,40,14,133.865,124.233
179,5,40,15,249.538,178.63
179,5,40,16,105.307,152.875
179,5,40,17,298.626,89.2475
179,5,40,18,51.3373,16.3131
179,5,40,19,86.4404,229.593
179,5,40,20,29.0062,327.725
179,5,40,21,39.5154,186.7
179,5,40,22,56.2655,307.86
179,5,40,23,214.953,251.035
179,5,40,24,327.66,290.382
179,5,40,25,255.182,211.385
179,5,40,26,104.979,38.284
179,5,40,27,144.516,82.1014
179,5,40,28,116.906,193.083
179,5,40,29,152.484,19.8488
179,5,40,30,19.5851,69.5917
179,5,40,31,345.074,259.654
179,5,40,32,66.399,337.001
179,5,40,33,7.67186,241.276
179,5,40,34,161.048,347.203
179,5,40,35,76.4013,203.528
179,5,40,36,219.945,117.067
179,5,40,37,316.293,304.081
179,5,40,38,284.01,278.226
179,5,40,39,186.766,283.505
180,5,40,0,298.634,120.581
180,5,40,1,324.334,67.2111
180,5,40,2,267.843,40.5262
180,5,40,3,334.04,158.57
180,5,40,4,22.1928,320.867
180,5,40,5,146.119,57.2807
180,5,40,6,87.1017,79.9786
180,5,40,7,284.196,193.744
180,5,40,8,172.924,102.127
180,5,40,9,0.979562,26.1966
180,5,40,10,76.6535,278.954
180,5,40,11,317.057,243.131
180,5,40,12,158.787,78.2386
180,5,40,13,230.384,44.5577
180,5,40,14,106.593,146.099
180,5,40,15,41.7583,225.423
180,5,40,16,156.964,210.702
180,5,40,17,294.291,5.63769
180,5,40,18,192.085,281.715
180,5,40,19,239.295,16.2288
180,5,40,20,65.0626,260.62
180,5,40,21,249.69,124.728
180,5,40,22,213.835,250.936
180,5,40,23,47.8323,171.979
180,5,40,24,136.16,267.144
180,5,40,25,258.281,190.827
180,5,40,26,92.5941,134.671
180,5,40,27,222.394,157.324
180,5,40,28,203.439,182.72
180,5,40,29,274.81,332.288
180,5,40,30,181.826,112.913
180,5,40,31,114.042,206.761
180,5,40,32,30.566,90.3448
180,5,40,33,341.823,33.1154
180,5,40,34,98.2694,304.307
180,5,40,35,12.1683,349.913
180,5,40,36,197.977,289.178
180,5,40,37,57.0257,234.349
180,5,40,38,125.16,336.945
180,5,40,39,310.246,314.625
181,5,40,0,226.126,166.14
181,5,40,1,81.0901,306.227
181,5,40,2,299.555,83.6661
181,5,40,3,177.865,49.0563
181,5,40,4,256.695,136.88
181,5,40,5,136.009,169.736
181,5,40,6,198.497,338.668
181,5,40,7,229.279,245.212
181,5,40,8,336.276,241.662
181,5,40,9,106.161,98.7949
181,5,40,10,131.231,66.0388
181,5,40,11,78.5166,285.032
181,5,40,12,144.702,197.978
181,5,40,13,149.879,188.71
181,5,40,14,168.714,7.92812
181,5,40,15,329.811,88.1485
181,5,40,16,20.681,257.636
181,5,40,17,91.3799,111.253
181,5,40,18,185.047,226.751
181,5,40,19,12.7015,211.86
181,5,40,20,31.4413,118.03
181,5,40,21,165.608,54.4298
181,5,40,22,57.6073,297.377
181,5,40,23,278.501,315.763
181,5,40,24,295.164,147.205
181,5,40,25,116.957,31.9568
181,5,40,26,286.22,9.51485
181,5,40,27,211.486,228.217
181,5,40,28,247.393,309.752
181,5,40,29,7.19371,349.277
181,5,40,30,342.622,276.156
181,5,40,31,209.29,205.562
181,5,40,32,65.9185,39.2111
181,5,40,33,314.126,75.66
181,5,40,34,243.348,267.657
181,5,40,35,270.338,126.892
181,5,40,36,38.6664,155.809
181,5,40,37,102.066,178.853
181,5,40,38,317.103,327.375
181,5,40,39,52.0038,21.1537
182,5,40,0,287.551,200.64
182,5,40,1,166.89,76.8289
182,5,40,2,347.625,314.716
182,5,40,3,329.878,30.3136
182,5,40,4,226.337,244.801
182,5,40,5,241.647,168.552
182,5,40,6,37.7175,320.761
182,5,40,7,110.879,59.462
182,5,40,8,278.758,229.243
182,5,40,9,155.245,164.975
182,5,40,10,55.0923,110.257
182,5,40,11,95.4225,114.361
182,5,40,12,130.026,151.707
182,5,40,13,302.18,188.2
182,5,40,14,175.342,21.8935
182,5,40,15,251.977,143.455
182,5,40,16,77.4236,136.861
182,5,40,17,231.652,215.311
182,5,40,18,1.30866,51.7244
182,5,40,19,289.381,6.5308
182,5,40,20,98.9355,274.289
182,5,40,21,340.478,325.047
182,5,40,22,162.594,261.434
182,5,40,23,314.039,14.6594
182,5,40,24,50.4848,82.2721
182,5,40,25,184.86,220.281
182,5,40,26,120.016,40.1188
182,5,40,27,28.2989,129.885
182,5,40,28,194.382,292.02
182,5,40,29,259.884,179.82
182,5,40,30,202.594,268.988
182,5,40,31,266.595,67.0363
182,5,40,32,86.0259,245.127
182,5,40,33,65.0612,282.609
182,5,40,34,14.0086,303.743
182,5,40,35,320.909,338.059
182,5,40,36,213.912,343.888
182,5,40,37,148.198,98.5518
182,5,40,38,24.9463,95.6429
182,5,40,39,133.761,202.395
183,5,40,0,99.3998,213.797
183,5,40,1,138.884,147.545
183,5,40,2,7.71065,203.983
183,5,40,3,189.479,278.917
183,5,40,4,50.7403,317.823
183,5,40,5,87.9615,75.7247
183,5,40,6,123.658,20.859
183,5,40,7,57.1317,188.99
183,5,40,8,28.4052,280.424
183,5,40,9,76.4453,50.928
183,5,40,10,159.07,15.5675
183,5,40,11,117.087,223.059
183,5,40,12,255.751,53.2802
183,5,40,13,311.106,292.209
183,5,40,14,228.958,149.712
183,5,40,15,106.523,234.991
183,5,40,16,218.815,267.325
183,5,40,17,40.5989,158.002
183,5,40,18,79.2174,113.818
183,5,40,19,337.858,86.6758
183,5,40,20,24.6993,236.925
183,5,40,21,332.002,299.098
183,5,40,22,237.689,39.8315
183,5,40,23,205.487,177.148
183,5,40,24,200.097,247.417
183,5,40,25,141.282,113.443
183,5,40,26,171.032,93.2496
183,5,40,27,300.177,172.933
183,5,40,28,67.8712,330.922
183,5,40,29,262.963,346
183,5,40,30,216.763,96.8293
183,5,40,31,276.408,307.327
183,5,40,32,319.075,0.257717
183,5,40,33,286.387,259.742
183,5,40,34,12.0691,199.028
183,5,40,35,343.323,336.508
183,5,40,36,249.18,29.4695
183,5,40,37,177.496,139.214
183,5,40,38,289.63,126.028
183,5,40,39,154.613,63.5064
184,5,40,0,46.1572,274.876
184,5,40,1,16.4943,82.8182
184,5,40,2,59.977,209.56
184,5,40,3,215.146,42.9286
184,5,40,4,61.6661,294.96
184,5,40,5,135.979,55.3857
184,5,40,6,201.917,120.002
184,5,40,7,343.25,237.607
184,5,40,8,162.589,3.44836
184,5,40,9,250.187,308.193
184,5,40,10,280.68,226.883
184,5,40,11,225.848,96.0443
184,5,40,12,85.8448,161.901
184,5,40,13,101.606,172.986
184,5,40,14,141.744,264.114
184,5,40,15,125.754,297.575
184,5,40,16,78.1704,127.903
184,5,40,17,94.2132,332.842
184,5,40,18,189.278,107.36
184,5,40,19,119.374,182.946
184,5,40,20,236.611,132.372
184,5,40,21,267.576,30.4945
184,5,40,22,324.663,46.1088
184,5,40,23,155.629,284.543
184,5,40,24,106.599,193.613
184,5,40,25,174.669,347.134
184,5,40,26,333.657,12.6875
184,5,40,27,317.357,24.6641
184,5,40,28,27.5484,251.32
184,5,40,29,36.1295,262.234
184,5,40,30,304.011,321.017
184,5,40,31,297.001,97.8921
184,5,40,32,7.1618,64.2106
184,5,40,33,311.596,78.6137
184,5,40,34,230.024,218.481
184,5,40,35,200.324,156.431
184,5,40,36,272.652,143.692
184,5,40,37,20.4172,326.75
184,5,40,38,254.089,232.718
184,5,40,39,177.301,191.1
185,5,40,0,170.191,154.764
185,5,40,1,231.793,182.508
185,5,40,2,188.203,71.3409
185,5,40,3,96.3545,302.593
185,5,40,4,347.753,273.033
185,5,40,5,125.709,270.196
185,5,40,6,32.0226,227.655
185,5,40,7,108.367,53.628
185,5,40,8,144.33,227.163
185,5,40,9,114.482,29.9961
185,5,40,10,307.568,314.133
185,5,40,11,50.8012,291.454
185,5,40,12,326.119,328.054
185,5,40,13,250.797,253.422
185,5,40,14,180.146,185.387
185,5,40,15,64.9737,83.1006
185,5,40,16,277.925,128.381
185,5,40,17,15.229,143.488
185,5,40,18,206.635,349.606
185,5,40,19,75.5469,1.55017
185,5,40,20,3.00037,87.7218
185,5,40,21,56.6588,107.696
185,5,40,22,225.508,13.703
185,5,40,23,137.185,282.77
185,5,40,24,84.1083,193.763
185,5,40,25,163.323,19.2899
185,5,40,26,236.695,138.529
185,5,40,27,281.032,102.706
185,5,40,28,292.681,51.2186
185,5,40,29,35.7086,40.7985
185,5,40,30,218.136,238.254
185,5,40,31,195.838,171.232
185,5,40,32,24.7183,322.342
185,5,40,33,152.831,69.6245
185,5,40,34,298.468,165.035
185,5,40,35,95.3094,209.487
185,5,40,36,315.109,332.641
185,5,40,37,258.123,122.298
185,5,40,38,339.406,210.036
185,5,40,39,269.479,259.983
186,5,40,0,296.555,17.7256
186,5,40,1,127.367,133.758
186,5,40,2,243.604,13.717
186,5,40,3,257.436,240.551
186,5,40,4,26.8738,85.3802
186,5,40,5,6.37795,151.72
186,5,40,6,271.542,117.108
186,5,40,7,246.529,222.855
186,5,40,8,46.4618,43.1132
186,5,40,9,220.587,196.02
186,5,40,10,85.692,268.319
186,5,40,11,22.6228,3.62101
186,5,40,12,197.648,111.007
186,5,40,13,106.7,290.237
186,5,40,14,54.1772,235.982
186,5,40,15,213.729,342.748
186,5,40,16,41.7324,157.718
186,5,40,17,316.673,329.69
186,5,40,18,262.618,60.8382
186,5,40,19,153.56,47.1588
186,5,40,20,159.436,251.787
186,5,40,21,91.1973,169.303
186,5,40,22,191.426,283.106
186,5,40,23,134.3,260.817
186,5,40,24,284.007,184.537
186,5,40,25,349.262,71.0883
186,5,40,26,208.723,305.682
186,5,40,27,117.454,140.358
186,5,40,28,326.196,340.639
186,5,40,29,77.9748,314.923
186,5,40,30,339.375,273.583
186,5,40,31,314.043,177.176
186,5,40,32,304.855,125.909
186,5,40,33,11.45,203.975
186,5,40,34,62.5642,322.977
186,5,40,35,180.3,100.437
186,5,40,36,174.914,28.2376
186,5,40,37,234.085,89.3278
186,5,40,38,144.752,212.05
186,5,40,39,98.0499,62.8331
187,5,40,0,159.099,247.109
187,5,40,1,345.381,77.7934
187,5,40,2,77.8335,212.123
187,5,40,3,209.26,228.435
187,5,40,4,194.771,65.0075
187,5,40,5,10.1025,270.042
187,5,40,6,169.039,205.076
187,5,40,7,31.7377,47.6709
187,5,40,8,143.043,295.96
187,5,40,9,337.876,256.686
187,5,40,10,258.944,311.391
187,5,40,11,57.8358,242.474
187,5,40,12,178.173,225.705
187,5,40,13,42.8514,282.353
187,5,40,14,20.1477,317.725
187,5,40,15,6.90328,89.6952
187,5,40,16,107.728,170.832
187,5,40,17,104.793,275.032
187,5,40,18,221.569,162.901
187,5,40,19,320.13,128.02
187,5,40,20,117.707,337.895
187,5,40,21,279.642,343.623
187,5,40,22,267.607,195.421
187,5,40,23,131.528,178.308
187,5,40,24,248.297,300.8
187,5,40,25,288.122,146.683
187,5,40,26,80.2067,187.859
187,5,40,27,230.766,114.252
187,5,40,28,123.272,25.0673
187,5,40,29,62.4756,32.8018
187,5,40,30,240.212,138.086
187,5,40,31,49.0644,57.2842
187,5,40,32,91.0247,80.2456
187,5,40,33,289.878,42.9852
187,5,40,34,151.72,104.309
187,5,40,35,327.621,155.168
187,5,40,36,309.989,7.81414
187,5,40,37,191.082,108.177
187,5,40,38,299.178,10.1246
187,5,40,39,213.111,324.879
188,5,40,0,91.8868,60.9584
188,5,40,1,17.4648,275.172
188,5,40,2,327.072,192.282
188,5,40,3,320.266,346.007
188,5,40,4,340.341,163.55
188,5,40,5,44.9756,205.198
188,5,40,6,20.5061,49.1485
188,5,40,7,232.629,134.041
188,5,40,8,132.054,13.3552
188,5,40,9,152.451,232.114
188,5,40,10,108.805,256.081
188,5,40,11,177.318,221.525
188,5,40,12,193.842,97.7959
188,5,40,13,169.91,117.251
188,5,40,14,213.687,65.0421
188,5,40,15,124.14,289.64
188,5,40,16,285.089,329.754
188,5,40,17,310.49,4.86851
188,5,40,18,103.382,337.106
188,5,40,19,349.185,128.494
188,5,40,20,64.5673,108.399
188,5,40,21,32.3189,92.7412
188,5,40,22,294.18,307.394
188,5,40,23,77.6375,172.86
188,5,40,24,191.11,319.256
188,5,40,25,241.448,285.293
188,5,40,26,266.816,244.838
188,5,40,27,143.778,75.2097
188,5,40,28,39.9957,42.8703
188,5,40,29,257.851,200.998
188,5,40,30,121.953,22.3883
188,5,40,31,5.00567,32.2121
188,5,40,32,251.425,179.955
188,5,40,33,219.517,305.142
188,5,40,34,82.9125,211.309
188,5,40,35,59.0708,149.998
188,5,40,36,203.319,82.7685
188,5,40,37,274.267,253.063
188,5,40,38,298.332,141.815
188,5,40,39,165.783,268.548
189,5,40,0,42.793,185.584
189,5,40,1,75.7776,206.001
189,5,40,2,22.9492,72.868
189,5,40,3,110,155.997
189,5,40,4,241.06,322.024
189,5,40,5,88.2085,49.928
189,5,40,6,128.321,346.872
189,5,40,7,209.868,9.97919
189,5,40,8,278.83,254.633
189,5,40,9,267.712,263.217
189,5,40,10,176.888,20.9751
189,5,40,11,297.774,36.7715
189,5,40,12,170.107,99.3248
189,5,40,13,160.408,271.746
189,5,40,14,85.0008,131.328
189,5,40,15,217.109,298.372
189,5,40,16,46.7249,283.4
189,5,40,17,289.461,338.456
189,5,40,18,224.935,243.488
189,5,40,19,8.33289,122.262
189,5,40,20,150.61,325.569
189,5,40,21,234.454,30.4882
189,5,40,22,321.671,247.844
189,5,40,23,114.808,142.058
189,5,40,24,64.3464,88.4583
189,5,40,25,327.219,63.0276
189,5,40,26,139.838,313.3
189,5,40,27,287.887,6.64705
189,5,40,28,9.07057,162.738
189,5,40,29,188.064,58.3106
189,5,40,30,199.492,83.3761
189,5,40,31,343.552,176.726
189,5,40,32,53.2549,166.268
189,5,40,33,246.901,210.73
189,5,40,34,313.213,192.663
189,5,40,35,32.3423,112.524
189,5,40,36,332.977,220.037
189,5,40,37,142.007,296.206
189,5,40,38,96.2935,234.184
189,5,40,39,259.427,124.064
190,5,40,0,342.501,307.888
190,5,40,1,182.16,158.393
190,5,40,2,208.371,109.162
190,5,40,3,250.098,27.9125
190,5,40,4,197.934,60.3245
190,5,40,5,123.614,183.274
190,5,40,6,65.9281,323.538
190,5,40,7,2.13733,256.423
190,5,40,8,317.849,265.799
190,5,40,9,76.6076,345.088
190,5,40,10,259.19,294.53
190,5,40,11,305.877,225.808
190,5,40,12,232.24,6.26444
190,5,40,13,142.76,279.218
190,5,40,14,331.627,210.792
190,5,40,15,11.8197,67.2781
190,5,40,16,191.235,169.11
190,5,40,17,20.9182,146.973
190,5,40,18,174.378,284.716
190,5,40,19,278.262,197.52
190,5,40,20,287.184,85.7072
190,5,40,21,95.9104,233.956
190,5,40,22,155.438,151.749
190,5,40,23,114.285,127.36
190,5,40,24,332.651,301.419
190,5,40,25,242.011,326.239
190,5,40,26,84.0263,91.1544
190,5,40,27,138.975,337.732
190,5,40,28,102.947,253.446
190,5,40,29,30.8114,26.1127
190,5,40,30,43.8625,17.4532
190,5,40,31,225.269,40.0907
190,5,40,32,39.6951,104.288
190,5,40,33,60.1155,73.0179
190,5,40,34,290.761,244.518
190,5,40,35,110.76,48.0283
190,5,40,36,165.654,201.995
190,5,40,37,210.552,115.942
190,5,40,38,269.63,135.259
190,5,40,39,312.387,184.504
191,5,40,0,280.263,245.187
191,5,40,1,126.625,201.415
191,5,40,2,34.7881,314.705
191,5,40,3,47.971,283.184
191,5,40,4,15.4537,108.362
191,5,40,5,76.9755,224.021
191,5,40,6,109.631,77.8713
191,5,40,7,233.351,181.848
191,5,40,8,84.0057,59.0002
191,5,40,9,250.889,171.096
191,5,40,10,218.229,301.519
191,5,40,11,64.2613,65.113
191,5,40,12,203.337,48.3009
191,5,40,13,190.198,34.575
191,5,40,14,20.1187,337.818
191,5,40,15,296.607,291.443
191,5,40,16,277.014,24.7935
191,5,40,17,139.118,315.002
191,5,40,18,243.829,81.4374
191,5,40,19,99.0879,232.661
191,5,40,20,196.935,348.426
191,5,40,21,261.207,102.435
191,5,40,22,146.611,144.629
191,5,40,23,338.319,5.07625
191,5,40,24,119.826,275.969
191,5,40,25,307.892,241.111
191,5,40,26,42.8589,12.4347
191,5,40,27,348.411,123.67
191,5,40,28,182.092,325.746
191,5,40,29,150.321,40.8939
191,5,40,30,224.049,194.742
191,5,40,31,158.154,189.235
191,5,40,32,320.138,117.069
191,5,40,33,1.16551,210.803
191,5,40,34,170.813,161.262
191,5,40,35,90.9708,155.4
191,5,40,36,262.704,138.339
191,5,40,37,302.984,268.092
191,5,40,38,56.0663,88.7425
191,5,40,39,326.382,257.363
192,5,40,0,276.591,189.075
192,5,40,1,200.862,340.466
192,5,40,2,58.5207,81.1353
192,5,40,3,298.841,347.015
192,5,40,4,329.124,43.8555
192,5,40,5,244.542,304.454
192,5,40,6,92.7665,246.668
192,5,40,7,35.7096,104.561
192,5,40,8,321.706,172.087
192,5,40,9,230.093,156.186
192,5,40,10,7.66053,148.251
192,5,40,11,82.2165,134.835
192,5,40,12,201.5,31.8267
192,5,40,13,255.713,129.659
192,5,40,14,121.715,41.7424
192,5,40,15,73.9038,290.748
192,5,40,16,173.061,237.887
192,5,40,17,99.3796,209.794
192,5,40,18,11.2571,56.8395
192,5,40,19,63.7734,198.093
192,5,40,20,306.626,105.327
192,5,40,21,107.853,181.667
192,5,40,22,249.439,227.286
192,5,40,23,340.652,211.032
192,5,40,24,211.889,320.948
192,5,40,25,267.227,69.7868
192,5,40,26,134.381,258.125
192,5,40,27,27.3906,275.455
192,5,40,28,158.227,23.4395
192,5,40,29,285.228,90.3951
192,5,40,30,341.322,165.328
192,5,40,31,21.6351,264.553
192,5,40,32,295.41,11.102
192,5,40,33,223.248,114.605
192,5,40,34,146.055,307.434
192,5,40,35,46.5722,235.187
192,5,40,36,184.57,332.142
192,5,40,37,126.103,281.408
192,5,40,38,176,5.746
192,5,40,39,149.044,75.8556
193,5,40,0,79.3192,253.584
193,5,40,1,70.0915,328.813
193,5,40,2,35.4622,176.611
193,5,40,3,59.3944,52.7607
193,5,40,4,327.95,216.945
193,5,40,5,34.0972,148.829
193,5,40,6,275.384,137.941
193,5,40,7,102.299,221.968
193,5,40,8,315.819,240.062
193,5,40,9,221.206,1.29122
193,5,40,10,167.085,260.138
193,5,40,11,234.734,119.289
193,5,40,12,310.468,284.801
193,5,40,13,88.1076,37.2652
193,5,40,14,179.984,32.1718
193,5,40,15,159.843,9.4874
193,5,40,16,285.619,143.767
193,5,40,17,213.45,86.9708
193,5,40,18,292.686,201.371
193,5,40,19,107.104,169.329
193,5,40,20,131.549,97.9179
193,5,40,21,2.55817,267.199
193,5,40,22,191.931,337.214
193,5,40,23,345.934,307.399
193,5,40,24,305.374,164.6
193,5,40,25,199.496,347.908
193,5,40,26,24.0263,63.4467
193,5,40,27,8.8464,70.9183
193,5,40,28,334.243,46.9454
193,5,40,29,45.4457,276.316
193,5,40,30,204.478,107.04
193,5,40,31,156.741,234.282
193,5,40,32,256.71,297.8
193,5,40,33,119.725,94.5855
193,5,40,34,250.005,296.355
193,5,40,35,140.811,128.416
193,5,40,36,240.107,190.062
193,5,40,37,268.994,25.101
193,5,40,38,128.197,199.474
193,5,40,39,65.9505,317.768
194,5,40,0,63.8776,212.64
194,5,40,1,12.6709,165.938
194,5,40,2,252.153,185.823
194,5,40,3,17.5428,257.904
194,5,40,4,301.683,240.308
194,5,40,5,307.494,311.338
194,5,40,6,146.909,7.66098
194,5,40,7,136.287,264.187
194,5,40,8,228.016,98.8035
194,5,40,9,153.858,91.1622
194,5,40,10,196.179,139.604
194,5,40,11,4.36465,118.099
194,5,40,12,34.8031,177.711
194,5,40,13,340.999,251.159
194,5,40,14,84.7547,329.559
194,5,40,15,45.9036,29.6367
194,5,40,16,106.119,110.276
194,5,40,17,160.942,279.497
194,5,40,18,54.031,86.8557
194,5,40,19,242.761,332.91
194,5,40,20,349.982,304.079
194,5,40,21,96.2855,196.296
194,5,40,22,184.88,73.752
194,5,40,23,296.487,23.8322
194,5,40,24,130.536,296.239
194,5,40,25,78.118,13.2944
194,5,40,26,227.494,284.512
194,5,40,27,91.1529,226.641
194,5,40,28,173.426,341.62
194,5,40,29,206.124,231.738
194,5,40,30,114.633,205.464
194,5,40,31,212.358,147.746
194,5,40,32,268.709,38.976
194,5,40,33,176.44,315.179
194,5,40,34,316.253,166.35
194,5,40,35,258.14,130.033
194,5,40,36,281.016,53.8326
194,5,40,37,331.496,52.0392
194,5,40,38,35.4387,67.6762
194,5,40,39,277.652,153.469
195,5,40,0,328.134,164.648
195,5,40,1,169.695,206.901
195,5,40,2,183.17,174.758
195,5,40,3,186.038,195.138
195,5,40,4,246.44,104.03
195,5,40,5,284.514,155.893
195,5,40,6,243.254,14.0361
195,5,40,7,218.272,311.769
195,5,40,8,222.97,236.449
195,5,40,9,32.4117,134.49
195,5,40,10,107.64,226.591
195,5,40,11,340.88,349.306
195,5,40,12,20.7048,232.247
195,5,40,13,101.606,81.9315
195,5,40,14,157.338,114.642
195,5,40,15,2.38006,328.291
195,5,40,16,35.7601,271.489
195,5,40,17,48.295,267.533
195,5,40,18,161.431,144.662
195,5,40,19,63.7661,249.256
195,5,40,20,136.538,303.252
195,5,40,21,303.945,30.8297
195,5,40,22,290.133,108.681
195,5,40,23,55.5415,50.339
195,5,40,24,79.4611,74.3115
195,5,40,25,320.345,190.292
195,5,40,26,306.668,42.6695
195,5,40,27,196.189,255.603
195,5,40,28,267.039,295.796
195,5,40,29,204.713,53.5981
195,5,40,30,72.0332,319.648
195,5,40,31,349.177,8.43854
195,5,40,32,233.317,65.1448
195,5,40,33,275.697,332.667
195,5,40,34,115.906,93.7073
195,5,40,35,129.172,179.695
195,5,40,36,88.4272,215.101
195,5,40,37,10.2947,21.7846
195,5,40,38,144.491,128.454
195,5,40,39,260.208,280.612
196,5,40,0,13.5003,330.121
196,5,40,1,23.4491,341.298
196,5,40,2,32.922,322.949
196,5,40,3,247.239,20.1577
196,5,40,4,128.482,77.867
196,5,40,5,323.44,232.695
196,5,40,6,212.749,91.5157
196,5,40,7,156.965,306.434
196,5,40,8,177.222,258.986
196,5,40,9,68.6636,147.013
196,5,40,10,326.923,289.882
196,5,40,11,314.949,113.703
196,5,40,12,274.84,208.068
196,5,40,13,48.4627,100.52
196,5,40,14,82.3093,12.417
196,5,40,15,97.7833,115.955
196,5,40,16,71.7008,335.859
196,5,40,17,6.70765,138.86
196,5,40,18,57.8051,177.489
196,5,40,19,201.262,85.45
196,5,40,20,223.829,41.5459
196,5,40,21,282.103,277.729
196,5,40,22,107.265,239.2
196,5,40,23,253.92,161.768
196,5,40,24,269.056,192.359
196,5,40,25,159.191,284.519
196,5,40,26,169.41,214.215
196,5,40,27,91.0054,32.8848
196,5,40,28,189.765,123.315
196,5,40,29,294.952,149.74
196,5,40,30,235.691,169.936
196,5,40,31,342.224,192.792
196,5,40,32,131.652,7.09259
196,5,40,33,142.964,263.315
196,5,40,34,238.917,45.565
196,5,40,35,301.699,297.697
196,5,40,36,38.5934,59.0317
196,5,40,37,199.191,219.227
196,5,40,38,338.197,253.72
196,5,40,39,121.043,66.0212
197,5,40,0,169.02,144.957
197,5,40,1,123.966,207.287
197,5,40,2,332.388,275.726
197,5,40,3,163.478,332.601
197,5,40,4,109.667,200.546
197,5,40,5,253.728,220.405
197,5,40,6,74.9236,243.634
197,5,40,7,277.085,253.912
197,5,40,8,19.32,228.085
197,5,40,9,40.3127,315.307
197,5,40,10,150.644,32.3455
197,5,40,11,299.037,188.518
197,5,40,12,33.1711,328.743
197,5,40,13,52.4281,55.6908
197,5,40,14,8.46774,99.2788
197,5,40,15,187.809,80.8733
197,5,40,16,212.231,170.828
197,5,40,17,310.389,264.304
197,5,40,18,179.021,309.679
197,5,40,19,344.173,77.6996
197,5,40,20,104.886,37.4704
197,5,40,21,323.085,110.566
197,5,40,22,292.249,181.765
197,5,40,23,137.848,210.057
197,5,40,24,220.147,12.2984
197,5,40,25,280.287,304.016
197,5,40,26,196.973,287.698
197,5,40,27,243.098,115.215
197,5,40,28,66.0113,251.996
197,5,40,29,148.663,127.704
197,5,40,30,12.8811,47.5706
197,5,40,31,229.843,61.6953
197,5,40,32,55.8271,294.192
197,5,40,33,256.036,159.886
197,5,40,34,268.951,152.257
197,5,40,35,341.131,8.13229
197,5,40,36,120.993,23.8498
197,5,40,37,85.2661,347.893
197,5,40,38,87.8244,92.8582
197,5,40,39,201.835,134.489
198,5,40,0,241.37,133.895
198,5,40,1,117.634,199.673
198,5,40,2,169.23,84.6908
198,5,40,3,253.053,332.249
198,5,40,4,197.721,235.638
198,5,40,5,283.003,128.874
198,5,40,6,343.414,271.586
198,5,40,7,54.239,263.692
198,5,40,8,84.8926,24.6363
198,5,40,9,50.911,7.57626
198,5,40,10,73.6642,285.657
198,5,40,11,155.648,304.387
198,5,40,12,161.697,334.154
198,5,40,13,302.044,165.751
198,5,40,14,312.819,52.4018
198,5,40,15,68.0154,243.401
198,5,40,16,290.477,186.673
198,5,40,17,142.048,59.1922
198,5,40,18,138.478,214.385
198,5,40,19,16.0797,256.401
198,5,40,20,124.424,16.1881
198,5,40,21,261.383,155.333
198,5,40,22,336.542,144.48
198,5,40,23,275.963,97.4645
198,5,40,24,222.033,109.82
198,5,40,25,319.738,292.01
198,5,40,26,267.731,177.959
198,5,40,27,3.26862,41.2177
198,5,40,28,111.71,224.473
198,5,40,29,216.035,94.6461
198,5,40,30,232.773,345.953
198,5,40,31,29.5119,317.899
198,5,40,32,207.537,168.624
198,5,40,33,325.963,203.212
198,5,40,34,99.3815,252.479
198,5,40,35,42.1015,73.9379
198,5,40,36,94.6361,311.356
198,5,40,37,178.093,116.667
198,5,40,38,18.595,69.5535
198,5,40,39,186.844,31.4538
199,5,40,0,2.15411,182.064
199,5,40,1,240.144,14.5351
199,5,40,2,100.239,144.301
199,5,40,3,64.0285,70.438
199,5,40,4,274.918,38.2478
199,5,40,5,78.3982,300.785
199,5,40,6,26.7444,22.1103
199,5,40,7,326.372,268.967
199,5,40,8,15.8725,120.492
199,5,40,9,42.986,277.826
199,5,40,10,196.901,257.908
199,5,40,11,177.761,189.252
199,5,40,12,321.034,94.304
199,5,40,13,225.793,296.519
199,5,40,14,206.88,67.1471
199,5,40,15,267.343,149.036
199,5,40,16,162.343,158.525
199,5,40,17,170.231,338.088
199,5,40,18,187.091,344.932
199,5,40,19,305.215,196.701
199,5,40,20,112.729,131.323
199,5,40,21,308.778,205.476
199,5,40,22,92.1095,166.908
199,5,40,23,236.179,129.776
199,5,40,24,132.872,27.4974
199,5,40,25,258.352,50.3816
199,5,40,26,212.963,228.991
199,5,40,27,21.4206,58.8999
199,5,40,28,295.864,3.70608
199,5,40,29,150.615,107.731
199,5,40,30,51.5198,308.565
199,5,40,31,286.013,100.362
199,5,40,32,56.3807,238.052
199,5,40,33,332.802,319.774
199,5,40,34,347.966,216.181
199,5,40,35,82.1421,252.198
199,5,40,36,130.602,85.4333
199,5,40,37,146.445,225.368
199,5,40,38,245.153,330.196
199,5,40,39,116.801,286.229
200,5,40,0,141.776,336.032
200,5,40,1,118.731,29.9126
200,5,40,2,199.544,143.233
200,5,40,3,64.2532,23.4579
200,5,40,4,224.742,92.6971
200,5,40,5,212.591,313.452
200,5,40,6,160.699,129.439
200,5,40,7,231.48,72.4143
200,5,40,8,14.4281,214.02
200,5,40,9,312.141,209.162
200,5,40,10,346.521,343.837
200,5,40,11,129.636,4.25569
200,5,40,12,169.767,103.17
200,5,40,13,335.552,62.4737
200,5,40,14,315.56,51.6212
200,5,40,15,257.448,285.059
200,5,40,16,58.1951,13.0626
200,5,40,17,187.867,192.239
200,5,40,18,305.195,269.61
200,5,40,19,97.4221,257.512
200,5,40,20,203.831,227.283
200,5,40,21,105.41,324.881
200,5,40,22,26.8145,176.818
200,5,40,23,288.97,115.04
200,5,40,24,245.324,252.8
200,5,40,25,287.774,300.429
200,5,40,26,238.672,277.664
200,5,40,27,51.758,230.578
200,5,40,28,268.299,57.462
200,5,40,29,2.14545,82.7641
200,5,40,30,178.966,132.707
200,5,40,31,91.5837,242.73
200,5,40,32,137.101,172.561
200,5,40,33,81.3241,193.847
200,5,40,34,279.211,41.3095
200,5,40,35,154.098,317.163
200,5,40,36,327.731,295.395
200,5,40,37,77.8259,159.574
200,5,40,38,18.0467,106.121
200,5,40,39,37.835,151.64
201,5,40,0,327.821,312.138
201,5,40,1,304.004,230.676
201,5,40,2,57.0111,327.541
201,5,40,3,197.998,252.178
201,5,40,4,23.1855,276.931
201,5,40,5,287,175.642
201,5,40,6,153.935,13.376
201,5,40,7,14.086,120.004
201,5,40,8,213.674,294.159
201,5,40,9,177.949,100.437
201,5,40,10,347.381,187.414
201,5,40,11,98.8224,256.558
201,5,40,12,67.8169,194.644
201,5,40,13,256.149,270.663
201,5,40,14,85.4117,123.024
201,5,40,15,192.222,133.877
201,5,40,16,337.971,26.8942
201,5,40,17,161.293,315.078
201,5,40,18,45.9785,44.3134
201,5,40,19,242.1,71.6039
201,5,40,20,130.886,288.415
201,5,40,21,318.946,215.349
201,5,40,22,209.963,22.2977
201,5,40,23,122.297,173.047
201,5,40,24,4.82155,152.974
201,5,40,25,92.2044,159.878
201,5,40,26,141.088,60.2477
201,5,40,27,169.87,302.962
201,5,40,28,311.637,146.395
201,5,40,29,40.6822,63.5226
201,5,40,30,267.43,42.3366
201,5,40,31,133.804,78.8484
201,5,40,32,108.298,224.979
201,5,40,33,218.926,346.162
201,5,40,34,277.358,2.85366
201,5,40,35,234.453,335.069
201,5,40,36,73.1159,110.616
201,5,40,37,253.263,206.034
201,5,40,38,29.3318,237.996
201,5,40,39,294.507,87.8708
202,5,40,0,199.442,170.246
202,5,40,1,224.094,347.12
202,5,40,2,301.982,263.287
202,5,40,3,163.203,50.2073
202,5,40,4,154.123,296.455
202,5,40,5,73.3672,332.348
202,5,40,6,308.426,320.938
202,5,40,7,242.022,30.1241
202,5,40,8,101.358,9.59807
202,5,40,9,332.187,126.989
202,5,40,10,3.66788,37.7726
202,5,40,11,231.73,181.348
202,5,40,12,287.342,274.024
202,5,40,13,190.828,230.725
202,5,40,14,141.516,60.5628
202,5,40,15,137.144,311.456
202,5,40,16,273.013,245.331
202,5,40,17,110.82,67.8139
202,5,40,18,123.396,298.393
202,5,40,19,115.688,199.703
202,5,40,20,88.9504,142.12
202,5,40,21,50.9127,156.895
202,5,40,22,217.979,113.029
202,5,40,23,21.667,72.1446
202,5,40,24,178.599,86.0545
202,5,40,25,42.7569,215.154
202,5,40,26,323.601,2.89239
202,5,40,27,65.2081,119.04
202,5,40,28,297.481,338.379
202,5,40,29,29.9173,238.307
202,5,40,30,209.801,104.865
202,5,40,31,265.024,220.492
202,5,40,32,55.2366,21.0837
202,5,40,33,254.069,281.134
202,5,40,34,82.6079,157.667
202,5,40,35,339.639,132.946
202,5,40,36,245.472,184.668
202,5,40,37,171.686,90.7375
202,5,40,38,16.8082,201.319
202,5,40,39,344.972,259.837
203,5,40,0,192.327,109.183
203,5,40,1,286.817,215.487
203,5,40,2,86.5398,344.708
203,5,40,3,36.7396,63.8788
203,5,40,4,250.043,223.78
203,5,40,5,127.072,266.489
203,5,40,6,268.516,289.726
203,5,40,7,292.356,93.4539
203,5,40,8,158.446,43.5648
203,5,40,9,150.403,184.853
203,5,40,10,325.664,278.146
203,5,40,11,175.413,46.0353
203,5,40,12,261.458,229.454
203,5,40,13,31.3241,313.594
203,5,40,14,172.786,252.118
203,5,40,15,317.53,238.174
203,5,40,16,71.8327,13.3861
203,5,40,17,343.28,169.745
203,5,40,18,205.264,193.999
203,5,40,19,145.688,146.497
203,5,40,20,242.019,202.548
203,5,40,21,59.5951,83.1292
203,5,40,22,63.8004,126.541
203,5,40,23,197.815,8.56468
203,5,40,24,16.9517,256.436
203,5,40,25,119.677,325.253
203,5,40,26,5.02112,122.258
203,5,40,27,135.962,17.6164
203,5,40,28,21.0735,179.421
203,5,40,29,101.103,72.6772
203,5,40,30,300.807,137.348
203,5,40,31,94.8991,155.108
203,5,40,32,233.395,317.423
203,5,40,33,310.521,286.49
203,5,40,34,221.441,28.1699
203,5,40,35,210.574,334.468
203,5,40,36,45.9946,305.55
203,5,40,37,110.703,158.026
203,5,40,38,333.246,56.2407
203,5,40,39,271.789,102.539
204,5,40,0,215.099,248.699
204,5,40,1,321.094,230.669
204,5,40,2,35.7358,206.005
204,5,40,3,348.21,339.67
204,5,40,4,88.0298,75.4828
204,5,40,5,243.585,188.936
204,5,40,6,103.494,226.336
204,5,40,7,61.0041,256.165
204,5,40,8,230.971,38.7174
204,5,40,9,289.898,193.449
204,5,40,10,204.892,182.003
204,5,40,11,301.654,150.879
204,5,40,12,62.1622,241.012
204,5,40,13,226.922,342.229
204,5,40,14,286.522,211.612
204,5,40,15,76.9387,125.764
204,5,40,16,160.328,302.112
204,5,40,17,193.301,48.7119
204,5,40,18,23.6147,84.8872
204,5,40,19,27.6785,89.4479
204,5,40,20,261.466,265.83
204,5,40,21,85.8712,287.02
204,5,40,22,306.699,315.509
204,5,40,23,152.564,34.105
204,5,40,24,275.661,11.959
204,5,40,25,114.174,278.836
204,5,40,26,247.943,66.5248
204,5,40,27,16.6954,160.42
204,5,40,28,177.702,174.707
204,5,40,29,184.036,296.005
204,5,40,30,136.868,20.989
204,5,40,31,48.9151,53.2576
204,5,40,32,331.234,330.947
204,5,40,33,332.944,99.3935
204,5,40,34,130.484,308.139
204,5,40,35,171.106,122.022
204,5,40,36,140.477,135.569
204,5,40,37,109.971,5.50502
204,5,40,38,270.067,106.337
204,5,40,39,1.43794,148.165
205,5,40,0,55.8828,127.322
205,5,40,1,117.493,177.952
205,5,40,2,334.616,5.37767
205,5,40,3,201.208,155.777
205,5,40,4,133.56,72.8034
205,5,40,5,329.692,49.5057
205,5,40,6,128.67,299.889
205,5,40,7,16.8127,307.872
205,5,40,8,269.882,337.047
205,5,40,9,312.005,42.5835
205,5,40,10,299.868,69.484
205,5,40,11,242.557,15.7537
205,5,40,12,106.513,114.512
205,5,40,13,203.322,136.087
205,5,40,14,32.7037,252.316
205,5,40,15,213.275,317.745
205,5,40,16,173.301,198.575
205,5,40,17,274.031,217.775
205,5,40,18,253.05,345.559
205,5,40,19,154.376,219.984
205,5,40,20,281.297,257.798
205,5,40,21,228.546,142.999
205,5,40,22,163.264,189.468
205,5,40,23,69.9414,56.1715
205,5,40,24,89.7749,242.955
205,5,40,25,295.28,228.312
205,5,40,26,84.3704,294.793
205,5,40,27,148.346,32.6225
205,5,40,28,101.648,331.558
205,5,40,29,46.8102,22.9907
205,5,40,30,316.146,173.419
205,5,40,31,25.8146,284.306
205,5,40,32,181.802,100.228
205,5,40,33,261.001,81.1836
205,5,40,34,345.041,112.76
205,5,40,35,4.85596,278.609
205,5,40,36,74.3821,95.5072
205,5,40,37,191.223,262.502
205,5,40,38,226.094,209.624
205,5,40,39,37.4233,163.972
206,5,40,0,209.48,161.134
206,5,40,1,229.309,231.306
206,5,40,2,348.068,142.168
206,5,40,3,240.23,55.3738
206,5,40,4,249.487,280.119
206,5,40,5,262.328,331.115
206,5,40,6,280.412,18.5188
206,5,40,7,77.9986,218.825
206,5,40,8,292.569,16.6763
206,5,40,9,305.002,198.373
206,5,40,10,32.9923,152.512
206,5,40,11,16.2465,166.542
206,5,40,12,64.6319,31.4504
206,5,40,13,222.448,216.708
206,5,40,14,217.797,116.573
206,5,40,15,263.663,70.1409
206,5,40,16,82.9429,66.7792
206,5,40,17,103.276,50.1881
206,5,40,18,117.707,94.9791
206,5,40,19,36.1699,271.161
206,5,40,20,329.541,315.919
206,5,40,21,143.454,176.531
206,5,40,22,321.124,293.722
206,5,40,23,276.584,102.147
206,5,40,24,155.711,83.2369
206,5,40,25,46.0544,242.079
206,5,40,26,139.111,7.29917
206,5,40,27,167.134,346.45
206,5,40,28,163.003,274.058
206,5,40,29,108.97,105.283
206,5,40,30,339.576,134.036
206,5,40,31,5.69546,308.808
206,5,40,32,128.354,190.719
206,5,40,33,200.592,297.585
206,5,40,34,190.633,41.6433
206,5,40,35,58.9592,250.675
206,5,40,36,312.357,338.392
206,5,40,37,89.0779,129.199
206,5,40,38,176.635,257.773
206,5,40,39,21.9571,205.695
207,5,40,0,131.993,244.259
207,5,40,1,11.6595,278.648
207,5,40,2,280.793,131.017
207,5,40,3,57.6342,46.2073
207,5,40,4,118.564,317.778
207,5,40,5,189.659,227.857
207,5,40,6,21.1205,180.174
207,5,40,7,1.53721,118.553
207,5,40,8,168.521,253.488
207,5,40,9,277.105,41.0477
207,5,40,10,324.532,284.826
207,5,40,11,177.936,164.188
207,5,40,12,222.551,58.7544
207,5,40,13,336.14,253.864
207,5,40,14,112.876,75.9326
207,5,40,15,206.259,79.2246
207,5,40,16,94.041,195.602
207,5,40,17,255.362,298.028
207,5,40,18,104.222,139.79
207,5,40,19,74.0751,6.30407
207,5,40,20,318.921,167.904
207,5,40,21,248.372,267.302
207,5,40,22,41.2967,27.3065
207,5,40,23,130.046,68.738
207,5,40,24,341.681,296.228
207,5,40,25,232.655,344.007
207,5,40,26,292.663,313.842
207,5,40,27,269.903,191.812
207,5,40,28,160.494,21.6884
207,5,40,29,69.1222,147.457
207,5,40,30,212.039,220.032
207,5,40,31,146.836,207.365
207,5,40,32,305.16,107.814
207,5,40,33,306.484,341.23
207,5,40,34,193.586,324.672
207,5,40,35,32.8413,10.1764
207,5,40,36,51.1022,98.5849
207,5,40,37,238.655,154.745
207,5,40,38,84.2917,91.8264
207,5,40,39,155.68,217.791
208,5,40,0,272.99,222.4
208,5,40,1,316.21,142.317
208,5,40,2,137.139,168.28
208,5,40,3,256.908,211.885
208,5,40,4,57.0191,230.694
208,5,40,5,334.57,31.5737
208,5,40,6,76.3012,20.4232
208,5,40,7,311.027,244.775
208,5,40,8,49.8239,135.624
208,5,40,9,267.638,263.048
208,5,40,10,303.217,282.966
208,5,40,11,196.264,55.5802
208,5,40,12,102.897,349.236
208,5,40,13,40.9204,117.303
208,5,40,14,18.2708,331.959
208,5,40,15,119.348,69.0374
208,5,40,16,80.9901,198.127
208,5,40,17,216.042,96.3867
208,5,40,18,7.19599,322.822
208,5,40,19,158.435,122.936
208,5,40,20,15.9309,302.868
208,5,40,21,241.862,36.6267
208,5,40,22,124.137,187.794
208,5,40,23,245.834,313.234
208,5,40,24,140.823,95.2645
208,5,40,25,229.244,291.86
208,5,40,26,285.203,70.5869
208,5,40,27,29.1639,158.058
208,5,40,28,181.193,276.809
208,5,40,29,188.024,254.092
208,5,40,30,109.308,86.3768
208,5,40,31,156.834,15.986
208,5,40,32,90.8687,208.448
208,5,40,33,204.956,109.88
208,5,40,34,171.883,52.43
208,5,40,35,343.113,339.647
208,5,40,36,325.786,153.76
208,5,40,37,295.675,0.259352
208,5,40,38,221.497,180.097
208,5,40,39,64.6681,247.165
209,5,40,0,26.3487,21.598
209,5,40,1,261.054,54.6329
209,5,40,2,157.146,144.436
209,5,40,3,244.2,250.408
209,5,40,4,324.097,75.8527
209,5,40,5,322.935,11.2122
209,5,40,6,77.1105,211.964
209,5,40,7,122.305,275.418
209,5,40,8,224.391,48.7885
209,5,40,9,0.698438,311.74
209,5,40,10,49.8778,111.157
209,5,40,11,217.252,292.62
209,5,40,12,20.9715,259.637
209,5,40,13,60.888,161.999
209,5,40,14,12.7793,328.759
209,5,40,15,265.277,219.851
209,5,40,16,144.314,129.665
209,5,40,17,309.146,285.188
209,5,40,18,132.377,100.15
209,5,40,19,227.917,194.59
209,5,40,20,293.577,204.458
209,5,40,21,100.508,267.482
209,5,40,22,179.37,28.3985
209,5,40,23,341.149,173.028
209,5,40,24,278.846,113.762
209,5,40,25,189.194,84.3889
209,5,40,26,88.7624,175.101
209,5,40,27,197.327,238.499
209,5,40,28,42.0595,344.428
209,5,40,29,288.012,188.441
209,5,40,30,245.408,94.7018
209,5,40,31,66.4098,64.7414
209,5,40,32,161.341,303.869
209,5,40,33,111.415,231.781
209,5,40,34,348.42,137.113
209,5,40,35,205.269,336.704
209,5,40,36,124.757,7.44505
209,5,40,37,167.991,322.168
209,5,40,38,84.226,153.962
209,5,40,39,301.005,36.5226
210,5,40,0,219.905,75.2109
210,5,40,1,291.175,0.944424
210,5,40,2,100.896,189.056
210,5,40,3,201.652,160.337
210,5,40,4,67.0858,24.1845
210,5,40,5,265.252,128.718
210,5,40,6,257.588,312.195
210,5,40,7,175.96,281.854
210,5,40,8,169.27,208.518
210,5,40,9,22.0294,217.239
210,5,40,10,4.45948,110.676
210,5,40,11,127.599,59.7177
210,5,40,12,27.5672,42.1928
210,5,40,13,48.3281,10.5078
210,5,40,14,147.175,92.6879
210,5,40,15,83.0883,268.054
210,5,40,16,72.8935,344.596
210,5,40,17,137.935,167.491
210,5,40,18,319.503,65.4548
210,5,40,19,152.13,278.463
210,5,40,20,53.1088,133.999
210,5,40,21,160.375,329.044
210,5,40,22,245.865,84.4688
210,5,40,23,199.64,301.163
210,5,40,24,41.1939,260.094
210,5,40,25,186.954,201.027
210,5,40,26,9.65163,99.1925
210,5,40,27,312.487,147.146
210,5,40,28,303.774,317.028
210,5,40,29,118.903,229.33
210,5,40,30,283.956,221.195
210,5,40,31,345.262,297.14
210,5,40,32,210.19,28.0328
210,5,40,33,107.519,156.466
210,5,40,34,278.265,237.873
210,5,40,35,336.785,48.9552
210,5,40,36,88.5401,250.171
210,5,40,37,237.339,336.539
210,5,40,38,326.769,120.421
210,5,40,39,232.293,178.574
211,5,40,0,322.944,316.417
211,5,40,1,278.032,187.687
211,5,40,2,156.192,42.1374
211,5,40,3,93.4489,19.4517
211,5,40,4,172.358,258.669
211,5,40,5,49.6205,170.965
211,5,40,6,244.264,247.565
211,5,40,7,209.006,276.609
211,5,40,8,326.451,121.41
211,5,40,9,28.5981,348.053
211,5,40,10,161.725,293.717
211,5,40,11,37.2736,204.024
211,5,40,12,125.233,340.247
211,5,40,13,265.724,283.377
211,5,40,14,301.624,228.362
211,5,40,15,222.285,141.387
211,5,40,16,22.4315,60.0141
211,5,40,17,188.621,325.839
211,5,40,18,10.1217,83.4385
211,5,40,19,197.442,239.65
211,5,40,20,142.115,301.172
211,5,40,21,254.358,224.912
211,5,40,22,56.8518,71.2937
211,5,40,23,181.482,216.056
211,5,40,24,230.683,309.571
211,5,40,25,247.768,104.153
211,5,40,26,139.749,122.615
211,5,40,27,64.4558,28.0693
211,5,40,28,115.696,270.174
211,5,40,29,282.574,9.76994
211,5,40,30,309.701,48.8612
211,5,40,31,341.801,183.396
211,5,40,32,109.975,105.615
211,5,40,33,70.6963,137.625
211,5,40,34,80.3895,197.285
211,5,40,35,332.552,152.117
211,5,40,36,0.293832,8.24202
211,5,40,37,296.464,88.3568
211,5,40,38,211.274,157.784
211,5,40,39,101.747,67.0916
212,5,40,0,230.951,289.159
212,5,40,1,129.968,20.5866
212,5,40,2,84.8229,229.175
212,5,40,3,300.244,109.378
212,5,40,4,333.93,325.576
212,5,40,5,58.657,274.331
212,5,40,6,140.774,323.107
212,5,40,7,111.022,80.5419
212,5,40,8,272.731,139.467
212,5,40,9,101.786,140.569
212,5,40,10,252.523,172.733
212,5,40,11,196.891,54.7777
212,5,40,12,316.682,281.37
212,5,40,13,19.8584,14.1438
212,5,40,14,163.879,70.8428
212,5,40,15,191.697,262.819
212,5,40,16,62.5206,95.6608
212,5,40,17,309.211,227.454
212,5,40,18,71.9425,339.786
212,5,40,19,37.9123,104.018
212,5,40,20,137.078,121.926
212,5,40,21,244.394,67.0291
212,5,40,22,295.66,179.068
212,5,40,23,116.415,184.972
212,5,40,24,14.8896,157.874
212,5,40,25,346.357,1.86617
212,5,40,26,2.63453,156.472
212,5,40,27,151.346,242.42
212,5,40,28,208.948,128.046
212,5,40,29,93.324,41.421
212,5,40,30,280.839,33.7138
212,5,40,31,44.2597,203.616
212,5,40,32,218.405,245.728
212,5,40,33,28.3183,301.285
212,5,40,34,264.878,47.625
212,5,40,35,173.345,198.88
212,5,40,36,330.091,216.732
212,5,40,37,223.121,257.247
212,5,40,38,178.015,311.444
212,5,40,39,259.685,347.533
213,5,40,0,283.932,117.933
213,5,40,1,274.397,28.9437
213,5,40,2,203.023,140.373
213,5,40,3,5.88126,165.134
213,5,40,4,131.432,311.97
213,5,40,5,185.03,50.7256
213,5,40,6,194.377,207.244
213,5,40,7,88.9847,61.2259
213,5,40,8,247.613,25.4664
213,5,40,9,68.9361,237.276
213,5,40,10,165.306,250.564
213,5,40,11,322.055,107.995
213,5,40,12,221.68,263.369
213,5,40,13,177.199,317.082
213,5,40,14,74.3662,83.1893
213,5,40,15,169.334,216.522
213,5,40,16,298.508,153.817
213,5,40,17,334.827,173.685
213,5,40,18,82.0168,95.2505
213,5,40,19,325.947,257.129
213,5,40,20,116.178,272.011
213,5,40,21,142.981,219.196
213,5,40,22,152.036,15.4555
213,5,40,23,297.16,333.682
213,5,40,24,16.6391,181.304
213,5,40,25,236.139,72.0557
213,5,40,26,269.215,4.2617
213,5,40,27,128.236,299.649
213,5,40,28,110.601,139.516
213,5,40,29,34.0594,348.752
213,5,40,30,257.411,328.285
213,5,40,31,61.0836,41.9866
213,5,40,32,35.3832,62.027
213,5,40,33,46.2909,231.929
213,5,40,34,98.7255,127.63
213,5,40,35,313.217,197.607
213,5,40,36,239.91,291.335
213,5,40,37,341.902,286.224
213,5,40,38,17.6307,100.935
213,5,40,39,213.492,190.618
214,5,40,0,21.9999,255.801
214,5,40,1,184.592,249.537
214,5,40,2,256.029,96.148
214,5,40,3,210.147,174.573
214,5,40,4,335.642,140.537
214,5,40,5,194.647,48.9045
214,5,40,6,16.3082,29.6144
214,5,40,7,133.273,80.4714
214,5,40,8,289.798,242.336
214,5,40,9,266.867,229.502
214,5,40,10,123.176,63.0362
214,5,40,11,306.244,165.541
214,5,40,12,203.161,194.983
214,5,40,13,341.986,177.269
214,5,40,14,316.46,9.02425
214,5,40,15,245.318,2.27452
214,5,40,16,35.944,210.201
214,5,40,17,82.0638,57.0792
214,5,40,18,273.958,341.553
214,5,40,19,140.862,338.282
214,5,40,20,280.367,209.142
214,5,40,21,161.672,285.977
214,5,40,22,72.3632,108.285
214,5,40,23,150.055,102.4
214,5,40,24,180.744,320.218
214,5,40,25,100.739,300.723
214,5,40,26,87.5122,20.0908
214,5,40,27,233.355,226.209
214,5,40,28,6.18243,309.439
214,5,40,29,227.326,325.398
214,5,40,30,324.321,186.144
214,5,40,31,61.6224,277.729
214,5,40,32,112.211,42.7117
214,5,40,33,116.348,77.2985
214,5,40,34,55.5581,293.018
214,5,40,35,244.609,135.232
214,5,40,36,50.7574,118.033
214,5,40,37,34.8969,266.262
214,5,40,38,168.425,155.395
214,5,40,39,309.629,129.999
215,5,40,0,89.216,137.282
215,5,40,1,329.775,177.881
215,5,40,2,79.6029,297.62
215,5,40,3,16.9255,154.071
215,5,40,4,129.403,101.233
215,5,40,5,113.912,124.529
215,5,40,6,169.443,84.3008
215,5,40,7,294.549,203.285
215,5,40,8,144.421,9.3117
215,5,40,9,179.41,93.5217
215,5,40,10,52.2196,190.685
215,5,40,11,287.186,346.208
215,5,40,12,0.223665,211.162
215,5,40,13,148.858,169.702
215,5,40,14,243.891,195.342
215,5,40,15,278.981,72.7168
215,5,40,16,37.9102,272.752
215,5,40,17,311.313,226.748
215,5,40,18,265.116,112.877
215,5,40,19,318.492,141.745
215,5,40,20,63.6547,328.34
215,5,40,21,57.7685,337.371
215,5,40,22,209.097,116.345
215,5,40,23,341.958,34.2456
215,5,40,24,76.2007,55.1696
215,5,40,25,137.047,47.7405
215,5,40,26,31.2728,240.535
215,5,40,27,199.296,40.2858
215,5,40,28,260.607,322.995
215,5,40,29,100.227,66.7196
215,5,40,30,300.793,268.592
215,5,40,31,19.155,260.014
215,5,40,32,337.125,310.835
215,5,40,33,251.564,160.977
215,5,40,34,230.872,287.938
215,5,40,35,210.141,292.972
215,5,40,36,162.138,247.182
215,5,40,37,105.053,1.90754
215,5,40,38,187.75,227.679
215,5,40,39,226.256,18.4726
216,5,40,0,148.701,202.46
216,5,40,1,128.079,301.876
216,5,40,2,307.271,171.515
216,5,40,3,289.739,105.984
216,5,40,4,197.971,154.498
216,5,40,5,115.672,94.5505
216,5,40,6,168.068,349.059
216,5,40,7,184.28,166.178
216,5,40,8,206.916,180.406
216,5,40,9,90.907,280.54
216,5,40,10,36.2774,63.8764
216,5,40,11,160.308,7.16161
216,5,40,12,302.373,28.4156
216,5,40,13,275.337,233.589
216,5,40,14,269.933,18.0006
216,5,40,15,344.577,271.605
216,5,40,16,105.652,340.942
216,5,40,17,318.23,70.7518
216,5,40,18,150.758,249.126
216,5,40,19,65.0864,216.051
216,5,40,20,75.2418,191.332
216,5,40,21,85.3016,14.2258
216,5,40,22,25.5573,121.064
216,5,40,23,2.47395,43.2733
216,5,40,24,133.721,81.6583
216,5,40,25,225.456,126.542
216,5,40,26,332.773,313.217
216,5,40,27,97.8606,53.1177
216,5,40,28,179.231,48.4876
216,5,40,29,255.747,320.894
216,5,40,30,60.8323,257.469
216,5,40,31,27.9564,97.3697
216,5,40,32,51.0923,195.263
216,5,40,33,210.691,145.766
216,5,40,34,250.713,131.739
216,5,40,35,238.445,290.396
216,5,40,36,12.0646,242.577
216,5,40,37,281.063,328.3
216,5,40,38,332.033,264.241
216,5,40,39,230.378,220.883
217,5,40,0,75.9808,73.2979
217,5,40,1,244.97,58.8051
217,5,40,2,282.954,45.0286
217,5,40,3,47.7664,34.2971
217,5,40,4,34.1814,244.436
217,5,40,5,326.579,329.662
217,5,40,6,115.396,39.7318
217,5,40,7,125.83,226.814
217,5,40,8,318.432,0.63381
217,5,40,9,265.012,288.548
217,5,40,10,291.227,333.242
217,5,40,11,1.74189,151.432
217,5,40,12,309.779,304.558
217,5,40,13,260.702,64.695
217,5,40,14,104.406,176.701
217,5,40,15,218.3,189.092
217,5,40,16,201.68,103.284
217,5,40,17,155.32,254.865
217,5,40,18,142.252,105.239
217,5,40,19,342.093,309.442
217,5,40,20,220.646,346.927
217,5,40,21,64.8209,252.222
217,5,40,22,300.968,9.11138
217,5,40,23,157.82,293.731
217,5,40,24,136.725,116.145
217,5,40,25,59.9539,83.6707
217,5,40,26,177.494,316.95
217,5,40,27,200.199,171.78
217,5,40,28,172.118,275.909
217,5,40,29,81.6943,130.757
217,5,40,30,233.635,229.545
217,5,40,31,251.611,215.002
217,5,40,32,12.1562,268.04
217,5,40,33,337.541,163.7
217,5,40,34,88.4715,95.6182
217,5,40,35,110.862,24.4811
217,5,40,36,20.2681,198.103
217,5,40,37,275.647,206.729
217,5,40,38,188.134,141.414
217,5,40,39,40.9291,137.394
218,5,40,0,161.276,346.445
218,5,40,1,206.436,335.533
218,5,40,2,54.4653,67.7583
218,5,40,3,195.256,319.588
218,5,40,4,210.774,271.48
218,5,40,5,283.548,89.0937
218,5,40,6,86.5108,312.806
218,5,40,7,261.143,85.453
218,5,40,8,339.395,181.955
218,5,40,9,185.123,209.601
218,5,40,10,34.5824,221.471
218,5,40,11,46.6615,191.948
218,5,40,12,96.9412,110.959
218,5,40,13,313.985,14.1022
218,5,40,14,302.181,167.358
218,5,40,15,124.244,156.153
218,5,40,16,92.4992,298.991
218,5,40,17,332.296,5.58129
218,5,40,18,276.741,20.1407
218,5,40,19,75.2006,35.034
218,5,40,20,223.868,139.324
218,5,40,21,269.668,325.43
218,5,40,22,172.841,211.152
218,5,40,23,240.752,119.233
218,5,40,24,65.96,292.45
218,5,40,25,144.209,104.396
218,5,40,26,11.477,52.3419
218,5,40,27,120.893,261.742
218,5,40,28,316.861,286.183
218,5,40,29,234.703,252.336
218,5,40,30,249.087,158.034
218,5,40,31,7.3331,127.615
218,5,40,32,348.794,27.6567
218,5,40,33,178.612,56.0046
218,5,40,34,154.49,266.692
218,5,40,35,133.016,192.575
218,5,40,36,294.823,140.844
218,5,40,37,35.006,75.3645
218,5,40,38,17.6938,237.86
218,5,40,39,108.272,231.666
219,5,40,0,137.594,32.3685
219,5,40,1,66.9056,42.0321
219,5,40,2,226.388,323.254
219,5,40,3,44.1541,110.638
219,5,40,4,265.719,129.981
219,5,40,5,163.81,324.597
219,5,40,6,37.9585,178.574
219,5,40,7,181.176,25.8057
219,5,40,8,288.846,6.3351
219,5,40,9,325.918,302.366
219,5,40,10,171.433,242.6
219,5,40,11,337.221,264.573
219,5,40,12,252.233,89.2128
219,5,40,13,96.336,187.1
219,5,40,14,20.714,68.6782
219,5,40,15,236.391,138.951
219,5,40,16,31.2464,14.093
219,5,40,17,14.2451,142.526
219,5,40,18,208.641,172.617
219,5,40,19,120.785,340.003
219,5,40,20,81.7203,221.474
219,5,40,21,57.4602,101.202
219,5,40,22,198.78,76.8892
219,5,40,23,307.365,284.148
219,5,40,24,213.534,82.4316
219,5,40,25,188.791,217.846
219,5,40,26,6.60044,199.934
219,5,40,27,230.869,208.775
219,5,40,28,344.778,161.842
219,5,40,29,259.652,292.219
219,5,40,30,278.98,272.59
219,5,40,31,149.88,58.3229
219,5,40,32,92.2528,247.725
219,5,40,33,112.782,228.408
219,5,40,34,71.4414,156.59
219,5,40,35,125.442,346.182
219,5,40,36,298.714,256.247
219,5,40,37,146.698,45.6903
219,5,40,38,316.814,311.22
219,5,40,39,288.669,119.042
220,5,40,0,283.932,58.756
220,5,40,1,156.121,319.416
220,5,40,2,342.567,84.4427
220,5,40,3,31.2822,151.625
220,5,40,4,330.637,254.09
220,5,40,5,41.9223,285.495
220,5,40,6,309.262,205.324
220,5,40,7,335.353,136.083
220,5,40,8,315.424,44.0118
220,5,40,9,302.2,324.358
220,5,40,10,189.763,235.823
220,5,40,11,144.415,239.836
220,5,40,12,179.259,127.013
220,5,40,13,107.49,216.869
220,5,40,14,164.066,333.179
220,5,40,15,221.07,93.8565
220,5,40,16,215.682,103.751
220,5,40,17,228.283,9.26873
220,5,40,18,6.16123,247.895
220,5,40,19,136.599,301.658
220,5,40,20,24.0867,141.263
220,5,40,21,243.036,169.691
220,5,40,22,51.8898,112.907
220,5,40,23,68.5119,36.1492
220,5,40,24,293.523,268.727
220,5,40,25,85.8579,20.2204
220,5,40,26,173.949,306.343
220,5,40,27,252.247,221.698
220,5,40,28,99.5013,161.365
220,5,40,29,267.255,192.566
220,5,40,30,77.311,116.274
220,5,40,31,57.6728,344.407
220,5,40,32,277.073,65.1912
220,5,40,33,200.875,175.415
220,5,40,34,203.439,74.0591
220,5,40,35,91.2345,294.803
220,5,40,36,260.515,191.32
220,5,40,37,116.86,7.49212
220,5,40,38,128.649,32.1308
220,5,40,39,14.2385,276.123
221,5,40,0,283.688,53.7529
221,5,40,1,117.088,227.091
221,5,40,2,271.818,193.053
221,5,40,3,107.539,105.185
221,5,40,4,245.306,231.846
221,5,40,5,60.3026,126.904
221,5,40,6,151.158,311.107
221,5,40,7,195.618,281.86
221,5,40,8,23.766,301.099
221,5,40,9,307.51,0.638536
221,5,40,10,62.7616,122.351
221,5,40,11,338.158,131.509
221,5,40,12,123.978,258.753
221,5,40,13,218.168,67.4076
221,5,40,14,132.716,147.531
221,5,40,15,305.397,93.8979
221,5,40,16,203.133,77.3456
221,5,40,17,10.3463,202.286
221,5,40,18,47.4956,341.742
221,5,40,19,328.402,82.8598
221,5,40,20,144.625,171.053
221,5,40,21,4.11799,48.5558
221,5,40,22,92.5125,295.83
221,5,40,23,347.454,43.0869
221,5,40,24,242.9,249.218
221,5,40,25,184.492,8.96856
221,5,40,26,318.479,184.133
221,5,40,27,76.7455,241.169
221,5,40,28,259.825,269.236
221,5,40,29,230.79,274.517
221,5,40,30,179.289,180.49
221,5,40,31,220.412,30.3248
221,5,40,32,81.2477,316.987
221,5,40,33,266.261,162.636
221,5,40,34,41.0788,341.001
221,5,40,35,164.974,96.7951
221,5,40,36,174.985,154.241
221,5,40,37,292.865,327.365
221,5,40,38,99.4709,217.029
221,5,40,39,31.0488,22.7037
222,5,40,0,335.943,43.5413
222,5,40,1,77.438,173.664
222,5,40,2,5.94522,226.857
222,5,40,3,131.433,73.2105
222,5,40,4,171.713,84.3463
222,5,40,5,81.8665,336.707
222,5,40,6,69.7006,96.6123
222,5,40,7,252.431,186.463
222,5,40,8,332.087,279.881
222,5,40,9,242.504,92.3541
222,5,40,10,101.613,261.028
222,5,40,11,112.781,316.824
222,5,40,12,197.415,45.6271
222,5,40,13,294.123,306.225
222,5,40,14,34.6283,281.064
222,5,40,15,219.72,328.069
222,5,40,16,155.493,32.0421
222,5,40,17,216.27,182.862
222,5,40,18,90.2537,140.236
222,5,40,19,40.3124,347.726
222,5,40,20,117.01,160.816
222,5,40,21,130.972,263.911
222,5,40,22,16.6145,21.4406
222,5,40,23,185.756,294.702
222,5,40,24,165.573,63.3652
222,5,40,25,283.669,243.411
222,5,40,26,258.39,54.8641
222,5,40,27,311.008,306.263
222,5,40,28,55.2026,6.80897
222,5,40,29,315.46,128.153
222,5,40,30,277.038,114.439
222,5,40,31,17.5631,205.329
222,5,40,32,180.325,246.405
222,5,40,33,51.0327,198.698
222,5,40,34,230.866,10.7433
222,5,40,35,265.995,214.077
222,5,40,36,304.449,107.593
222,5,40,37,141.004,133.946
222,5,40,38,209.591,235.663
222,5,40,39,341.572,150.655
223,5,40,0,330.94,307.708
223,5,40,1,202.845,102.101
223,5,40,2,322.646,14.623
223,5,40,3,81.9966,346.746
223,5,40,4,174.43,154.235
223,5,40,5,210.075,189.405
223,5,40,6,340.895,148.734
223,5,40,7,258.498,69.9016
223,5,40,8,141.838,251.387
223,5,40,9,158.947,105.743
223,5,40,10,62.552,56.2357
223,5,40,11,133.73,299.089
223,5,40,12,234.56,215.147
223,5,40,13,91.8952,71.3876
223,5,40,14,222.224,136.432
223,5,40,15,73.9433,162.315
223,5,40,16,149.444,44.615
223,5,40,17,289.662,171.134
223,5,40,18,28.6016,91.1966
223,5,40,19,124.278,268.708
223,5,40,20,200.966,43.5096
223,5,40,21,41.262,322.133
223,5,40,22,298.52,223.736
223,5,40,23,18.6469,201.979
223,5,40,24,2.98233,230.013
223,5,40,25,104.631,255.729
223,5,40,26,58.1005,329.253
223,5,40,27,178.197,30.3565
223,5,40,28,109.556,1.35225
223,5,40,29,284.519,294.213
223,5,40,30,247.521,119.681
223,5,40,31,114.022,197.739
223,5,40,32,279.569,176.978
223,5,40,33,237.577,244.638
223,5,40,34,49.2795,278.221
223,5,40,35,186.404,281.463
223,5,40,36,263.414,80.0201
223,5,40,37,15.7024,20.2767
223,5,40,38,345.495,336.79
223,5,40,39,312.991,123.982
224,5,40,0,221.8,203.875
224,5,40,1,333.344,302.083
224,5,40,2,238.957,185.208
224,5,40,3,131.753,82.7971
224,5,40,4,82.4217,277.529
224,5,40,5,164.487,292.154
224,5,40,6,306.252,287.927
224,5,40,7,104.036,107.968
224,5,40,8,253.797,252.771
224,5,40,9,55.8347,315.593
224,5,40,10,156.551,140.31
224,5,40,11,11.0055,182.581
224,5,40,12,126.702,220.015
224,5,40,13,36.4292,95.0831
224,5,40,14,147.365,211.23
224,5,40,15,202.585,48.1204
224,5,40,16,210.605,314.932
224,5,40,17,114.851,149.135
224,5,40,18,277.418,342.558
224,5,40,19,93.6588,5.22233
224,5,40,20,326.23,336.642
224,5,40,21,179.97,60.0022
224,5,40,22,269.353,260.323
224,5,40,23,287.842,173.149
224,5,40,24,17.5163,37.9217
224,5,40,25,62.9608,244.01
224,5,40,26,8.51137,199.556
224,5,40,27,319.599,163.843
224,5,40,28,184.246,16.7756
224,5,40,29,304.475,30.7553
224,5,40,30,48.1108,270.893
224,5,40,31,31.028,100.86
224,5,40,32,252.673,24.5407
224,5,40,33,289.599,227.588
224,5,40,34,174.567,69.5457
224,5,40,35,71.3224,133.827
224,5,40,36,108.891,127.5
224,5,40,37,198.579,324.877
224,5,40,38,342.356,74.3754
224,5,40,39,228.933,115.712
225,5,40,0,160.565,25.963
225,5,40,1,85.0365,156.91
225,5,40,2,57.2327,165.878
225,5,40,3,61.4844,41.0003
225,5,40,4,2.86316,286.78
225,5,40,5,200.835,278.226
225,5,40,6,97.238,74.2162
225,5,40,7,314.926,204.976
225,5,40,8,129.795,322.243
225,5,40,9,70.1665,233.095
225,5,40,10,252.769,108.643
225,5,40,11,153.963,11.0488
225,5,40,12,239.069,45.6664
225,5,40,13,267.441,114.468
225,5,40,14,233.65,102.922
225,5,40,15,118.91,339.655
225,5,40,16,283.485,91.7946
225,5,40,17,173.947,186.95
225,5,40,18,335.852,172.184
225,5,40,19,331.743,27.0947
225,5,40,20,297.343,3.68566
225,5,40,21,204.007,251.428
225,5,40,22,107.048,345.11
225,5,40,23,279.622,294.963
225,5,40,24,341.569,299.15
225,5,40,25,22.6155,194.206
225,5,40,26,300.167,126.375
225,5,40,27,139.029,221.69
225,5,40,28,91.3952,176.532
225,5,40,29,226.216,148.535
225,5,40,30,259.761,257.286
225,5,40,31,211.956,87.3324
225,5,40,32,321.588,241.047
225,5,40,33,43.7716,310.507
225,5,40,34,16.854,328.475
225,5,40,35,146.382,212.651
225,5,40,36,176.348,56.1626
225,5,40,37,187.11,137.641
225,5,40,38,31.3891,69.8048
225,5,40,39,43.0813,267.803
226,5,40,0,148.493,93.7431
226,5,40,1,105.368,157.297
226,5,40,2,302.164,317.7
226,5,40,3,271.577,104.866
226,5,40,4,284.321,67.5544
226,5,40,5,114.083,199.309
226,5,40,6,170.245,303.535
226,5,40,7,156.29,43.0669
226,5,40,8,255.912,186.558
226,5,40,9,102.269,60.9345
226,5,40,10,45.8128,106.653
226,5,40,11,136.597,270.888
226,5,40,12,164.552,24.4157
226,5,40,13,179.831,205.56
226,5,40,14,216.271,279.663
226,5,40,15,194.033,1.23451
226,5,40,16,27.2401,85.3884
226,5,40,17,88.1746,160.635
226,5,40,18,79.3953,30.0918
226,5,40,19,349.012,288.045
226,5,40,20,19.4231,72.895
226,5,40,21,60.2884,217.198
226,5,40,22,239.399,252.983
226,5,40,23,245.556,144.254
226,5,40,24,221.532,233.29
226,5,40,25,130.837,179.32
226,5,40,26,7.2783,349.029
226,5,40,27,270.421,294.633
226,5,40,28,230.456,332.275
226,5,40,29,336.593,127.367
226,5,40,30,322.791,338.901
226,5,40,31,71.2659,314.012
226,5,40,32,311.244,226.149
226,5,40,33,201.698,135.994
226,5,40,34,36.8622,258.405
226,5,40,35,13.7896,49.7601
226,5,40,36,67.4142,121.357
226,5,40,37,187.068,17.0893
226,5,40,38,328.963,244.191
226,5,40,39,294.166,170.206
227,5,40,0,247.059,222.932
227,5,40,1,134.394,298.089
227,5,40,2,254.216,105.978
227,5,40,3,116.527,62.3371
227,5,40,4,277.698,78.2246
227,5,40,5,110.794,269.178
227,5,40,6,52.9471,250.069
227,5,40,7,24.6618,4.76335
227,5,40,8,199.899,38.0725
227,5,40,9,322.028,170.489
227,5,40,10,328.473,320.956
227,5,40,11,169.05,214.595
227,5,40,12,291.42,80.1129
227,5,40,13,216.793,53.5263
227,5,40,14,103.278,98.2407
227,5,40,15,5.83009,312.833
227,5,40,16,181.273,235.613
227,5,40,17,125.036,193.293
227,5,40,18,222.37,93.048
227,5,40,19,186.442,124.72
227,5,40,20,349.372,27.3548
227,5,40,21,33.1519,161.706
227,5,40,22,66.3978,237.953
227,5,40,23,155.997,336.218
227,5,40,24,14.2816,137.25
227,5,40,25,76.096,157.237
227,5,40,26,88.5032,324.401
227,5,40,27,164.233,346.371
227,5,40,28,263.623,179.02
227,5,40,29,307.074,206.42
227,5,40,30,48.8002,49.8445
227,5,40,31,332.593,256.509
227,5,40,32,303.519,282.038
227,5,40,33,141.41,290.171
227,5,40,34,42.6805,15.6428
227,5,40,35,208.216,191.446
227,5,40,36,232.495,18.7193
227,5,40,37,288.439,278.984
227,5,40,38,242.146,144.642
227,5,40,39,83.8359,117.196
228,5,40,0,325.653,207.029
228,5,40,1,262.802,249.088
228,5,40,2,323.421,48.5981
228,5,40,3,283.639,265.361
228,5,40,4,60.5419,54.8711
228,5,40,5,205.319,142.51
228,5,40,6,138.682,274.42
228,5,40,7,16.745,174.375
228,5,40,8,117.376,244.539
228,5,40,9,314.211,192.481
228,5,40,10,142.254,109.707
228,5,40,11,172.638,192.505
228,5,40,12,273.031,20.4419
228,5,40,13,154.418,281.114
228,5,40,14,124.254,6.32507
228,5,40,15,305.648,313.092
228,5,40,16,77.8573,156.018
228,5,40,17,79.2689,293.187
228,5,40,18,240.69,326.689
228,5,40,19,190.154,259.05
228,5,40,20,164.099,136.026
228,5,40,21,261.706,43.5153
228,5,40,22,4.18406,334.667
228,5,40,23,197.17,90.9332
228,5,40,24,217.483,346.948
228,5,40,25,65.2613,98.8859
228,5,40,26,291.018,323.194
228,5,40,27,19.7649,218.228
228,5,40,28,28.1373,67.5945
228,5,40,29,226.033,8.88537
228,5,40,30,250.284,229.909
228,5,40,31,347.887,115.613
228,5,40,32,112.869,129.965
228,5,40,33,336.012,183.09
228,5,40,34,37.1132,75.5191
228,5,40,35,49.9416,160.151
228,5,40,36,175.959,221.23
228,5,40,37,92.9326,305.745
228,5,40,38,104.125,27.3929
228,5,40,39,235.304,81.515
229,5,40,0,343.03,174.103
229,5,40,1,189.533,239.93
229,5,40,2,207.995,206.146
229,5,40,3,338.988,29.7581
229,5,40,4,78.3126,74.4105
229,5,40,5,304.367,214.243
229,5,40,6,312.069,311.545
229,5,40,7,0.588357,83.9322
229,5,40,8,247.422,111.495
229,5,40,9,181.825,258.675
229,5,40,10,280.072,231.693
229,5,40,11,322.496,130.595
229,5,40,12,40.2896,349.253
229,5,40,13,91.0911,141.36
229,5,40,14,196.724,278.857
229,5,40,15,296.628,268.575
229,5,40,16,34.1593,47.7803
229,5,40,17,238.594,36.2801
229,5,40,18,121.617,303.524
229,5,40,19,257.309,163.169
229,5,40,20,228.943,180.836
229,5,40,21,21.3165,283.185
229,5,40,22,330.223,184.934
229,5,40,23,79.1603,11.5736
229,5,40,24,109.686,329.702
229,5,40,25,9.11482,113.996
229,5,40,26,54.1923,94.8999
229,5,40,27,214.566,21.2333
229,5,40,28,218.882,157.412
229,5,40,29,147.638,336.636
229,5,40,30,157.276,316.783
229,5,40,31,96.7864,56.3446
229,5,40,32,171.98,198.945
229,5,40,33,128.403,96.8448
229,5,40,34,69.376,7.21303
229,5,40,35,139.59,252.017
229,5,40,36,272.07,64.285
229,5,40,37,265.42,293.485
229,5,40,38,161.849,223.91
229,5,40,39,51.6161,138.355
230,5,40,0,51.3697,329.239
230,5,40,1,265.191,83.5066
230,5,40,2,328.256,242.046
230,5,40,3,166.449,264.698
230,5,40,4,27.295,214.392
230,5,40,5,261.013,256.975
230,5,40,6,292.74,106.907
230,5,40,7,108.081,232.316
230,5,40,8,124.408,169.037
230,5,40,9,43.6583,26.7052
230,5,40,10,17.595,19.9304
230,5,40,11,247.419,301.313
230,5,40,12,152.175,96.6664
230,5,40,13,121.61,202.211
230,5,40,14,319.049,222.129
230,5,40,15,54.5838,176.367
230,5,40,16,222.253,137.178
230,5,40,17,313.582,189.033
230,5,40,18,302.782,144.478
230,5,40,19,14.5172,88.2414
230,5,40,20,160.681,251.965
230,5,40,21,205.149,116.327
230,5,40,22,347.716,67.0765
230,5,40,23,141.045,40.7125
230,5,40,24,87.4442,16.4502
230,5,40,25,281.557,339.142
230,5,40,26,0.0427761,3.23696
230,5,40,27,89.5844,70.4124
230,5,40,28,96.7521,287.89
230,5,40,29,178.582,308.292
230,5,40,30,137.584,59.9785
230,5,40,31,242.061,155.118
230,5,40,32,335.888,292.712
230,5,40,33,65.3683,124.217
230,5,40,34,274.991,197.951
230,5,40,35,215.683,316.791
230,5,40,36,193.623,344.021
230,5,40,37,189.91,271.838
230,5,40,38,235.893,165.616
230,5,40,39,70.4505,44.2409
231,5,40,0,313.413,81.0827
231,5,40,1,298.557,277.605
231,5,40,2,164.742,158.278
231,5,40,3,87.9158,53.7204
231,5,40,4,74.8765,154.708
231,5,40,5,171.396,294.478
231,5,40,6,251.119,180.734
231,5,40,7,327.715,3.07179
231,5,40,8,199.879,187.683
231,5,40,9,213.547,238.405
231,5,40,10,338.271,116.181
231,5,40,11,23.6843,298.656
231,5,40,12,282.592,126.968
231,5,40,13,290.436,250.681
231,5,40,14,129.537,261.43
231,5,40,15,255.641,231.479
231,5,40,16,139.783,320.395
231,5,40,17,232.599,265.307
231,5,40,18,349.459,39.8461
231,5,40,19,28.4047,22.6511
231,5,40,20,222.892,216.274
231,5,40,21,61.5635,324.528
231,5,40,22,206.167,112.39
231,5,40,23,13.8058,227.469
231,5,40,24,269.994,341.209
231,5,40,25,152.058,196.474
231,5,40,26,317.275,29.5247
231,5,40,27,106.934,284.351
231,5,40,28,7.00847,141.735
231,5,40,29,51.8489,88.4498
231,5,40,30,190.913,138.414
231,5,40,31,103.642,309.769
231,5,40,32,42.49,46.9193
231,5,40,33,143.151,173.393
231,5,40,34,243.283,103.512
231,5,40,35,59.3896,77.8258
231,5,40,36,122.387,342.524
231,5,40,37,80.9076,204.265
231,5,40,38,276.695,64.8678
231,5,40,39,175.802,14.4497
232,5,40,0,309.49,304.223
232,5,40,1,158.626,175.057
232,5,40,2,199.739,171.865
232,5,40,3,331.144,306.678
232,5,40,4,134.068,249.717
232,5,40,5,286.473,67.5353
232,5,40,6,52.8785,123.849
232,5,40,7,101.276,337.334
232,5,40,8,18.7292,49.9662
232,5,40,9,226.699,291.645
232,5,40,10,334.962,114.733
232,5,40,11,273.241,12.2988
232,5,40,12,254.097,208.343
232,5,40,13,236.102,230.18
232,5,40,14,201.996,191.697
232,5,40,15,72.5445,5.24387
232,5,40,16,250.4,82.2944
232,5,40,17,289.08,30.8842
232,5,40,18,86.9668,347.975
232,5,40,19,303.728,137.838
232,5,40,20,180.754,237.64
232,5,40,21,263.557,159.77
232,5,40,22,89.074,225.157
232,5,40,23,216.707,58.004
232,5,40,24,152.848,276.326
232,5,40,25,64.9064,213.895
232,5,40,26,171.711,257.261
232,5,40,27,121.379,42.8546
232,5,40,28,34.8925,195.091
232,5,40,29,185.357,19.5361
232,5,40,30,143.431,322.213
232,5,40,31,344.996,151.821
232,5,40,32,129.683,283.971
232,5,40,33,39.0172,76.5738
232,5,40,34,51.4549,92.6203
232,5,40,35,319.83,100.65
232,5,40,36,3.72897,109.029
232,5,40,37,111.423,332.15
232,5,40,38,8.98486,262.786
232,5,40,39,238.081,145.593
233,5,40,0,1.94998,32.9258
233,5,40,1,90.3727,119.478
233,5,40,2,149.371,345.408
233,5,40,3,200.515,198.715
233,5,40,4,102.617,321.597
233,5,40,5,202.445,181.352
233,5,40,6,322.17,278.678
233,5,40,7,339.308,260.354
233,5,40,8,268.538,103.349
233,5,40,9,130.902,162.46
233,5,40,10,229.545,294.844
233,5,40,11,272.425,87.3385
233,5,40,12,257.848,52.4566
233,5,40,13,76.4176,149.223
233,5,40,14,288.835,9.95036
233,5,40,15,163.506,91.5286
233,5,40,16,345.948,105.947
233,5,40,17,187.421,246.461
233,5,40,18,17.263,309.309
233,5,40,19,44.4298,168.55
233,5,40,20,212.398,192.274
233,5,40,21,19.9323,228.562
233,5,40,22,329.287,129.582
233,5,40,23,221.306,64.4986
233,5,40,24,171.36,2.19961
233,5,40,25,145.489,216.933
233,5,40,26,32.4284,288.04
233,5,40,27,115.722,242.536
233,5,40,28,301.425,339.334
233,5,40,29,69.5031,134.814
233,5,40,30,250.896,70.2047
233,5,40,31,86.8689,24.4629
233,5,40,32,312.632,327.213
233,5,40,33,35.7122,208.881
233,5,40,34,182.22,147.617
233,5,40,35,58.8423,219.672
233,5,40,36,134.394,35.9946
233,5,40,37,243.831,264.867
233,5,40,38,108.758,56.2061
233,5,40,39,282.661,303.298
234,5,40,0,241.313,70.8489
234,5,40,1,50.0944,205.546
234,5,40,2,125.649,287.726
234,5,40,3,100.282,11.8288
234,5,40,4,233.592,52.2841
234,5,40,5,283.017,218.648
234,5,40,6,70.5537,143.054
234,5,40,7,173.096,275.662
234,5,40,8,18.2698,228.357
234,5,40,9,57.0633,295.286
234,5,40,10,289.63,7.2443
234,5,40,11,330.95,35.5289
234,5,40,12,313.843,323.154
234,5,40,13,140.441,98.8706
234,5,40,14,271.153,324.072
234,5,40,15,119.92,264.882
234,5,40,16,252.221,303.664
234,5,40,17,257.484,28.4988
234,5,40,18,62.2984,94.8976
234,5,40,19,12.2958,55.6101
234,5,40,20,160.744,174.268
234,5,40,21,204.951,69.3527
234,5,40,22,277.485,119.732
234,5,40,23,27.1443,82.807
234,5,40,24,306.225,150.795
234,5,40,25,213.6,218.982
234,5,40,26,337.208,108.899
234,5,40,27,6.01115,190.742
234,5,40,28,191.447,136.465
234,5,40,29,318.069,163.645
234,5,40,30,348.22,345.835
234,5,40,31,181.07,194.314
234,5,40,32,95.2676,180.688
234,5,40,33,139.65,131.179
234,5,40,34,35.8054,251.711
234,5,40,35,108.204,309.706
234,5,40,36,226.987,256.55
234,5,40,37,85.7242,237.401
234,5,40,38,156.369,337.536
234,5,40,39,198.232,20.5016
235,5,40,0,85.9036,313.703
235,5,40,1,228.954,54.1315
235,5,40,2,187.359,224.637
235,5,40,3,210.894,305.313
235,5,40,4,104.32,170.409
235,5,40,5,243.407,134.709
235,5,40,6,14.9538,115.622
235,5,40,7,5.66285,62.6521
235,5,40,8,181.243,315.259
235,5,40,9,170.474,341.354
235,5,40,10,312.844,30.6397
235,5,40,11,348.268,235.144
235,5,40,12,106.355,215.372
235,5,40,13,251.947,325.723
235,5,40,14,44.1645,123.565
235,5,40,15,135.958,45.0919
235,5,40,16,58.065,17.5315
235,5,40,17,209.115,79.9008
235,5,40,18,299.132,182.142
235,5,40,19,121.71,251.476
235,5,40,20,290.976,11.8586
235,5,40,21,32.002,263.026
235,5,40,22,43.025,2.75474
235,5,40,23,195.173,337.132
235,5,40,24,272.599,254.825
235,5,40,25,260.583,162.927
235,5,40,26,150.96,297.304
235,5,40,27,280.99,75.0584
235,5,40,28,77.2989,240.064
235,5,40,29,322.986,188.488
235,5,40,30,63.7555,204.218
235,5,40,31,165.927,111.955
235,5,40,32,23.9497,89.2945
235,5,40,33,92.0605,195.087
235,5,40,34,268.719,97.0098
235,5,40,35,148.624,149.639
235,5,40,36,219.892,274.95
235,5,40,37,335.519,283.621
235,5,40,38,124.848,143.114
235,5,40,39,332.429,40.8325
236,5,40,0,127.582,162.735
236,5,40,1,58.6948,188.461
236,5,40,2,27.1247,259.947
236,5,40,3,285.225,44.5495
236,5,40,4,229.754,213.166
236,5,40,5,74.7374,309.024
236,5,40,6,243.192,52.5026
236,5,40,7,51.6295,264.474
236,5,40,8,329.228,84.7569
236,5,40,9,341.736,137.311
236,5,40,10,290.895,3.4733
236,5,40,11,89.5858,150.034
236,5,40,12,274.744,119.055
236,5,40,13,314.234,177.334
236,5,40,14,204.233,244.682
236,5,40,15,67.6018,324.411
236,5,40,16,269.275,22.2481
236,5,40,17,24.7771,99.4667
236,5,40,18,145.495,144.925
236,5,40,19,87.3644,341.744
236,5,40,20,297.936,29.4488
236,5,40,21,8.41014,74.7225
236,5,40,22,139.857,245.319
236,5,40,23,200.732,200.361
236,5,40,24,334.457,123.672
236,5,40,25,190.948,209.238
236,5,40,26,216.266,282.709
236,5,40,27,96.5255,293.343
236,5,40,28,222.749,301.525
236,5,40,29,168.384,277.306
236,5,40,30,260.672,316.02
236,5,40,31,321.41,68.2996
236,5,40,32,181.864,91.8624
236,5,40,33,35.2777,37.4329
236,5,40,34,160.67,223.56
236,5,40,35,252.504,11.6533
236,5,40,36,117.659,228.034
236,5,40,37,152.479,105.401
236,5,40,38,109.947,173.319
236,5,40,39,17.0746,336.347
237,5,40,0,92.5831,22.2138
237,5,40,1,295.541,312.065
237,5,40,2,302.49,345.962
237,5,40,3,241.421,172.249
237,5,40,4,333.298,224.673
237,5,40,5,315.484,89.4862
237,5,40,6,21.3258,257.79
237,5,40,7,67.7461,287.556
237,5,40,8,148.441,337.772
237,5,40,9,266.752,163.657
237,5,40,10,46.6136,58.7294
237,5,40,11,174.808,186.688
237,5,40,12,346.008,242.875
237,5,40,13,133.528,108.794
237,5,40,14,194.443,134.845
237,5,40,15,212.796,26.6964
237,5,40,16,162.761,232.723
237,5,40,17,248.798,301.414
237,5,40,18,151.95,203.389
237,5,40,19,30.8922,85.5572
237,5,40,20,85.2259,63.118
237,5,40,21,119.695,321.8
237,5,40,22,61.2361,96.9855
237,5,40,23,103.801,43.2151
237,5,40,24,176.027,324.408
237,5,40,25,11.1551,264.929
237,5,40,26,262.423,47.3268
237,5,40,27,39.3856,215.589
237,5,40,28,278.842,117.646
237,5,40,29,221.517,147.217
237,5,40,30,312.584,200.721
237,5,40,31,202.258,1.01532
237,5,40,32,282.936,156.425
237,5,40,33,235.599,272.926
237,5,40,34,327.595,293.862
237,5,40,35,112.783,9.19734
237,5,40,36,123.644,128.019
237,5,40,37,6.32972,179.851
237,5,40,38,184.824,247.254
237,5,40,39,70.8237,78.4022
238,5,40,0,192.834,27.4489
238,5,40,1,296.945,207.516
238,5,40,2,243.077,62.0194
238,5,40,3,179.881,326.89
238,5,40,4,245.32,190.576
238,5,40,5,160.764,14.5081
238,5,40,6,110.212,172.599
238,5,40,7,77.3593,238.846
238,5,40,8,65.4827,163.177
238,5,40,9,10.7054,193.834
238,5,40,10,226.379,345.539
238,5,40,11,155.05,85.9083
238,5,40,12,90.6767,234.579
238,5,40,13,326.476,257.194
238,5,40,14,234.784,266.307
238,5,40,15,214.399,152.128
238,5,40,16,202.708,281.184
238,5,40,17,104.86,298.522
238,5,40,18,43.1924,136.052
238,5,40,19,319.293,306.856
238,5,40,20,263.465,223.795
238,5,40,21,131.522,114.096
238,5,40,22,281.289,24.9491
238,5,40,23,167.05,53.8297
238,5,40,24,299.62,96.0562
238,5,40,25,275.393,339.215
238,5,40,26,114.646,126.734
238,5,40,27,128.639,146.674
238,5,40,28,309.434,100.757
238,5,40,29,146.263,296.599
238,5,40,30,26.7745,217.949
238,5,40,31,344.21,44.226
238,5,40,32,184.876,73.2796
238,5,40,33,44.134,39.6996
238,5,40,34,6.3626,112.148
238,5,40,35,337.372,317.154
238,5,40,36,56.0219,4.61275
238,5,40,37,81.9529,253.469
238,5,40,38,254.751,271.797
238,5,40,39,23.8604,178.807
239,5,40,0,277.235,58.1681
239,5,40,1,116.792,82.5366
239,5,40,2,284.543,235.65
239,5,40,3,318.097,195.424
239,5,40,4,344.523,171.843
239,5,40,5,126.816,126.565
239,5,40,6,64.8629,317.897
239,5,40,7,172.752,333.928
239,5,40,8,77.7754,243.011
239,5,40,9,108.645,132.418
239,5,40,10,7.80818,279.334
239,5,40,11,248.271,110.024
239,5,40,12,334.018,223.732
239,5,40,13,146.716,71.1329
239,5,40,14,218.879,13.6549
239,5,40,15,25.1364,281.734
239,5,40,16,138.61,181.276
239,5,40,17,243.287,38.8424
239,5,40,18,209.24,313.651
239,5,40,19,53.3659,252.409
239,5,40,20,195.439,162.418
239,5,40,21,30.2976,21.8785
239,5,40,22,331.331,302.553
239,5,40,23,46.6614,66.0454
239,5,40,24,164.142,94.6954
239,5,40,25,297.922,145.492
239,5,40,26,229.844,98.3453
239,5,40,27,307.572,204.962
239,5,40,28,290.343,28.1942
239,5,40,29,86.1751,7.35804
239,5,40,30,215.759,259.587
239,5,40,31,150.31,216.905
239,5,40,32,261.791,326.869
239,5,40,33,17.4808,153.325
239,5,40,34,94.6421,44.6996
239,5,40,35,101.848,184.086
239,5,40,36,179.712,289.465
239,5,40,37,186.823,115.272
239,5,40,38,35.1168,345.449
239,5,40,39,267.044,264.261
240,5,40,0,231.866,303.73
240,5,40,1,80.7866,22.248
240,5,40,2,143.563,190.592
240,5,40,3,240.905,119.787
240,5,40,4,98.253,345.595
240,5,40,5,62.7355,88.8022
240,5,40,6,277.753,56.921
240,5,40,7,127.676,285.21
240,5,40,8,317.113,165.045
240,5,40,9,292.498,80.0558
240,5,40,10,117.211,2.05563
240,5,40,11,253.591,41.5426
240,5,40,12,269.766,31.8907
240,5,40,13,91.7216,98.2314
240,5,40,14,32.5208,214.969
240,5,40,15,220.851,243.355
240,5,40,16,348.878,67.3051
240,5,40,17,258.142,332.42
240,5,40,18,174.753,257.255
240,5,40,19,21.8731,149.804
240,5,40,20,196.694,11.1046
240,5,40,21,71.2507,200.541
240,5,40,22,216.818,178.29
240,5,40,23,332.536,314.296
240,5,40,24,151.577,276.571
240,5,40,25,307.545,173.351
240,5,40,26,12.4593,46.4812
240,5,40,27,58.0371,340.103
240,5,40,28,113.674,71.0975
240,5,40,29,159.818,134.849
240,5,40,30,300.273,143.809
240,5,40,31,45.8308,219.355
240,5,40,32,4.65853,245.718
240,5,40,33,286.064,105.677
240,5,40,34,206.121,233.059
240,5,40,35,191.736,130.206
240,5,40,36,134.489,208.348
240,5,40,37,36.5563,294.753
240,5,40,38,324.756,320.069
240,5,40,39,175.384,264.938
241,5,40,0,185.022,89.1038
241,5,40,1,311.222,70.878
241,5,40,2,244.101,332.814
241,5,40,3,168.903,133.291
241,5,40,4,333.974,211.359
241,5,40,5,48.0366,299.085
241,5,40,6,214.105,277.424
241,5,40,7,316.891,290.197
241,5,40,8,177.153,105.193
241,5,40,9,132.072,126.951
241,5,40,10,144.021,176.826
241,5,40,11,73.4584,165.314
241,5,40,12,98.0778,30.3346
241,5,40,13,227.125,324.96
241,5,40,14,154.346,143.933
241,5,40,15,295.004,219.117
241,5,40,16,126.994,6.1886
241,5,40,17,158.524,54.1229
241,5,40,18,41.6572,309.082
241,5,40,19,302.313,262.153
241,5,40,20,195.322,47.2695
241,5,40,21,61.6536,194.88
241,5,40,22,4.1877,102.635
241,5,40,23,25.2613,22.9273
241,5,40,24,208.315,203.665
241,5,40,25,57.0096,233.499
241,5,40,26,111.927,285.817
241,5,40,27,275.69,122.49
241,5,40,28,283.608,238.274
241,5,40,29,88.9054,264.951
241,5,40,30,261.925,13.0173
241,5,40,31,33.3901,82.2625
241,5,40,32,267.116,155.941
241,5,40,33,122.059,173.498
241,5,40,34,246.897,345.321
241,5,40,35,347.399,186.242
241,5,40,36,81.9216,322.244
241,5,40,37,332.463,252.507
241,5,40,38,235.117,63.1078
241,5,40,39,11.5004,35.3757
242,5,40,0,221.304,231.209
242,5,40,1,101.993,251.818
242,5,40,2,277.668,279.398
242,5,40,3,180.173,65.7098
242,5,40,4,298.998,119.72
242,5,40,5,209.063,16.7193
242,5,40,6,11.7159,215.3
242,5,40,7,81.9524,316.169
242,5,40,8,53.7631,56.991
242,5,40,9,269.873,192.458
242,5,40,10,345.986,290.574
242,5,40,11,314.197,113.228
242,5,40,12,215.673,175.197
242,5,40,13,288.942,199.609
242,5,40,14,316.747,333.855
242,5,40,15,75.9758,42.9561
242,5,40,16,288.294,259.615
242,5,40,17,25.1192,239.924
242,5,40,18,5.68443,88.0975
242,5,40,19,331.075,139.81
242,5,40,20,69.8732,330.586
242,5,40,21,145.495,270.008
242,5,40,22,197.418,48.1373
242,5,40,23,255.644,158.061
242,5,40,24,187.525,204.372
242,5,40,25,41.5925,70.5408
242,5,40,26,231.511,98.9337
242,5,40,27,171.139,124.765
242,5,40,28,43.8902,309.581
242,5,40,29,236.582,303.75
242,5,40,30,120.354,86.5325
242,5,40,31,105.834,25.8515
242,5,40,32,30.1031,347.849
242,5,40,33,95.1949,30.9898
242,5,40,34,131.83,287.866
242,5,40,35,159.143,1.11117
242,5,40,36,123.855,166.755
242,5,40,37,336.656,151.699
242,5,40,38,247.511,143.634
242,5,40,39,151.279,221.965
243,5,40,0,92.1692,237.54
243,5,40,1,81.4051,190.44
243,5,40,2,202.132,340.475
243,5,40,3,70.1508,197.093
243,5,40,4,125.089,310.119
243,5,40,5,286.168,70.4105
243,5,40,6,304.801,81.9513
243,5,40,7,316.186,142.489
243,5,40,8,98.6497,10.9439
243,5,40,9,61.7498,101.732
243,5,40,10,243.172,172.186
243,5,40,11,220.579,42.7165
243,5,40,12,41.8859,117.408
243,5,40,13,312.083,247.38
243,5,40,14,166.506,3.00828
243,5,40,15,230.984,227.95
243,5,40,16,295.015,132.056
243,5,40,17,105.971,89.1252
243,5,40,18,56.2661,33.6701
243,5,40,19,272.966,283.204
243,5,40,20,161.86,51.7234
243,5,40,21,246.599,23.5457
243,5,40,22,216.845,289.041
243,5,40,23,335.728,276.192
243,5,40,24,155.819,163.803
243,5,40,25,12.2201,224.312
243,5,40,26,51.1797,302.773
243,5,40,27,117.432,52.7031
243,5,40,28,184.608,149.84
243,5,40,29,0.0309723,212.55
243,5,40,30,200.512,110.887
243,5,40,31,139.719,322.416
243,5,40,32,262.266,260.999
243,5,40,33,20.64,62.6545
243,5,40,34,32.8837,205.398
243,5,40,35,148.09,348.002
243,5,40,36,342.173,175.703
243,5,40,37,326.121,329.403
243,5,40,38,183.256,125.841
243,5,40,39,270.715,264.643
244,5,40,0,39.9061,81.8389
244,5,40,1,272.019,209.715
244,5,40,2,17.1489,13.2342
244,5,40,3,8.52429,49.4142
244,5,40,4,268.677,186.998
244,5,40,5,293.174,166.039
244,5,40,6,86.7922,198.829
244,5,40,7,117.54,115.656
244,5,40,8,258.225,340.431
244,5,40,9,66.361,110.208
244,5,40,10,152.477,216.043
244,5,40,11,95.9118,100.389
244,5,40,12,307.038,263.65
244,5,40,13,24.1696,167.435
244,5,40,14,181.237,285.488
244,5,40,15,333.391,179.869
244,5,40,16,196.527,343.638
244,5,40,17,315.018,150.524
244,5,40,18,234.924,61.7356
244,5,40,19,245.001,327.867
244,5,40,20,205.365,294.028
244,5,40,21,164.971,306.891
244,5,40,22,105.14,87.9811
244,5,40,23,172.833,234.253
244,5,40,24,126.694,245.103
244,5,40,25,142.872,123.68
244,5,40,26,223.608,136.592
244,5,40,27,331.929,226.947
244,5,40,28,349.673,258.641
244,5,40,29,27.3662,299.403
244,5,40,30,102.344,238.427
244,5,40,31,60.3828,33.185
244,5,40,32,51.0882,276.923
244,5,40,33,76.2621,37.5769
244,5,40,34,305.532,3.90346
244,5,40,35,184.607,70.8522
244,5,40,36,236.957,319.26
244,5,40,37,133.226,141.262
244,5,40,38,213.509,23.3412
244,5,40,39,282.157,55.2793
245,5,40,0,67.5244,318.035
245,5,40,1,11.0674,117.076
245,5,40,2,224.651,136.918
245,5,40,3,341.484,306.515
245,5,40,4,55.9218,112.176
245,5,40,5,138.329,278.001
245,5,40,6,281.716,158.842
245,5,40,7,242.055,349.456
245,5,40,8,315.182,217.979
245,5,40,9,258.759,172.028
245,5,40,10,170.231,89.6727
245,5,40,11,4.80566,229.549
245,5,40,12,122.614,280.759
245,5,40,13,42.247,188.449
245,5,40,14,233.936,336.418
245,5,40,15,271.079,236.395
245,5,40,16,196.621,155.041
245,5,40,17,85.1394,52.8845
245,5,40,18,142.126,295.282
245,5,40,19,76.7651,263.114
245,5,40,20,332.94,72.9438
245,5,40,21,31.6943,30.0254
245,5,40,22,183.569,51.439
245,5,40,23,246.607,297.509
245,5,40,24,45.5755,19.0399
245,5,40,25,330.979,104.814
245,5,40,26,208.959,39.9884
245,5,40,27,184.808,16.2796
245,5,40,28,95.5653,84.5244
245,5,40,29,117.392,331.162
245,5,40,30,210.132,196.587
245,5,40,31,311.981,250.046
245,5,40,32,271.361,223.24
245,5,40,33,97.085,141.204
245,5,40,34,112.973,207.959
245,5,40,35,154.476,125.957
245,5,40,36,292.387,258.486
245,5,40,37,26.0795,180.971
245,5,40,38,303.812,66.4921
245,5,40,39,158.388,7.10418
246,5,40,0,25.3549,332.942
246,5,40,1,144.543,239
246,5,40,2,138.588,52.2368
246,5,40,3,71.5241,234.675
246,5,40,4,94.9518,263.359
246,5,40,5,6.4518,139.279
246,5,40,6,103.04,91.5382
246,5,40,7,36.3768,190.375
246,5,40,8,170.458,59.7804
246,5,40,9,222.325,175.122
246,5,40,10,156.607,169.154
246,5,40,11,122.6,29.9112
246,5,40,12,53.3854,157.064
246,5,40,13,10.4058,66.7444
246,5,40,14,345.145,278.913
246,5,40,15,238.501,106.986
246,5,40,16,194.344,122.008
246,5,40,17,273.126,146.582
246,5,40,18,265.308,22.1643
246,5,40,19,233.822,164.671
246,5,40,20,189.305,196.873
246,5,40,21,319.336,75.0934
246,5,40,22,117.171,330.693
246,5,40,23,212.203,207.467
246,5,40,24,304.91,290.467
246,5,40,25,292.616,1.51264
246,5,40,26,183.366,82.8053
246,5,40,27,64.9585,284.101
246,5,40,28,84.0857,226.711
246,5,40,29,308.245,309.785
246,5,40,30,157.878,322.835
246,5,40,31,250.347,99.558
246,5,40,32,32.1629,342.092
246,5,40,33,47.9195,306.077
246,5,40,34,329.147,246.769
246,5,40,35,105.728,126.37
246,5,40,36,260.697,255.894
246,5,40,37,339.075,214.837
246,5,40,38,202.062,36.4365
246,5,40,39,281.102,16.6622
247,5,40,0,58.0599,44.7848
247,5,40,1,133.431,178.958
247,5,40,2,33.4723,268.156
247,5,40,3,16.8312,26.8687
247,5,40,4,45.2246,73.8401
247,5,40,5,69.2232,35.3749
247,5,40,6,339.259,222.483
247,5,40,7,36.8788,295.706
247,5,40,8,143.577,1.07055
247,5,40,9,324.913,251.184
247,5,40,10,286.744,307.796
247,5,40,11,208.017,259.171
247,5,40,12,154.957,217.214
247,5,40,13,312.136,234.576
247,5,40,14,296.81,55.6407
247,5,40,15,98.6905,104.901
247,5,40,16,92.8877,187.797
247,5,40,17,25.1986,204.841
247,5,40,18,268.4,137.246
247,5,40,19,274.054,288.091
247,5,40,20,316.266,127.877
247,5,40,21,160.378,278.342
247,5,40,22,233.786,21.1252
247,5,40,23,242.518,341.591
247,5,40,24,304.703,241.157
247,5,40,25,131.024,92.6902
247,5,40,26,82.7114,106.352
247,5,40,27,260.097,66.8668
247,5,40,28,211.704,87.3243
247,5,40,29,195.495,328.187
247,5,40,30,245.425,339.736
247,5,40,31,117.192,146.101
247,5,40,32,108.909,168.065
247,5,40,33,342.807,150.39
247,5,40,34,172.669,16.3093
247,5,40,35,6.37508,192.757
247,5,40,36,70.955,117.857
247,5,40,37,180.384,299.401
247,5,40,38,189.47,318.196
247,5,40,39,220.728,163.108
248,5,40,0,38.0624,236.136
248,5,40,1,89.657,290.653
248,5,40,2,330.142,87.685
248,5,40,3,258.311,44.5514
248,5,40,4,338.087,300.17
248,5,40,5,208.717,83.2741
248,5,40,6,144.383,283.797
248,5,40,7,133.327,105.805
248,5,40,8,70.4185,250.178
248,5,40,9,49.9386,125.585
248,5,40,10,262.983,338.216
248,5,40,11,293.882,325.954
248,5,40,12,149.945,33.3925
248,5,40,13,15.0572,202.854
248,5,40,14,344.916,139.018
248,5,40,15,242.537,20.6734
248,5,40,16,199.603,78.3206
248,5,40,17,306.893,193.693
248,5,40,18,3.21937,13.1293
248,5,40,19,117.259,154.246
248,5,40,20,30.9574,238.34
248,5,40,21,175.916,169.525
248,5,40,22,82.3237,348.613
248,5,40,23,274.993,54.8238
248,5,40,24,298.961,311.65
248,5,40,25,103.99,7.59372
248,5,40,26,20.9308,270.558
248,5,40,27,123.342,104.545
248,5,40,28,161.969,145.781
248,5,40,29,111.982,279.01
248,5,40,30,52.8246,176.264
248,5,40,31,192.315,259.523
248,5,40,32,220.233,64.0678
248,5,40,33,211.582,37.8655
248,5,40,34,62.9781,190.104
248,5,40,35,321.196,115.351
248,5,40,36,285.53,158.116
248,5,40,37,172.772,217.437
248,5,40,38,246.531,317.731
248,5,40,39,229.026,224.588
249,5,40,0,218.691,34.9421
249,5,40,1,205.04,16.0825
249,5,40,2,105.142,134.334
249,5,40,3,10.7844,149.672
249,5,40,4,71.1524,160.536
249,5,40,5,54.4049,140.296
249,5,40,6,40.2485,314.457
249,5,40,7,22.2464,339.73
249,5,40,8,142.213,318.438
249,5,40,9,98.9097,288.731
249,5,40,10,150.926,80.9688
249,5,40,11,63.7127,70.2056
249,5,40,12,175.033,99.4377
249,5,40,13,259.097,236.21
249,5,40,14,194.077,60.1447
249,5,40,15,272.73,296.707
249,5,40,16,26.8189,4.77342
249,5,40,17,90.1806,249.429
249,5,40,18,169.435,220.879
249,5,40,19,166.013,174.946
249,5,40,20,343.378,257.347
249,5,40,21,300.276,113.687
249,5,40,22,324.573,265.36
249,5,40,23,252.086,129.652
249,5,40,24,318.681,217.618
249,5,40,25,284.339,183.355
249,5,40,26,230.36,306.176
249,5,40,27,339.089,89.7266
249,5,40,28,263.858,190.292
249,5,40,29,307.933,242.83
249,5,40,30,297.184,44.9212
249,5,40,31,139.604,197.302
249,5,40,32,185.233,278.523
249,5,40,33,120.801,205.621
249,5,40,34,126.036,115.49
249,5,40,35,85.5051,26.1627
249,5,40,36,47.3117,349.623
249,5,40,37,1.17051,42.3096
249,5,40,38,241.818,67.916
249,5,40,39,227.09,325.642
250,5,40,0,291.493,161.647
250,5,40,1,46.8419,53.8102
250,5,40,2,121.432,315.678
250,5,40,3,2.53426,210.905
250,5,40,4,308.356,122.456
250,5,40,5,342.19,25.3736
250,5,40,6,110.594,298.853
250,5,40,7,83.5358,346.87
250,5,40,8,10.6565,145.278
250,5,40,9,207.969,190.815
250,5,40,10,250.432,177.892
250,5,40,11,299.807,329.177
250,5,40,12,228.634,295.923
250,5,40,13,32.0024,199.651
250,5,40,14,77.5397,6.81949
250,5,40,15,165.062,47.2963
250,5,40,16,236.464,246.929
250,5,40,17,90.9338,124.257
250,5,40,18,255.543,223.851
250,5,40,19,138.296,131.889
250,5,40,20,266.465,89.083
250,5,40,21,103.54,16.492
250,5,40,22,321.632,233.06
250,5,40,23,140.659,155.44
250,5,40,24,199.417,259.183
250,5,40,25,156.938,78.8261
250,5,40,26,58.6459,68.951
250,5,40,27,20.5955,280.289
250,5,40,28,225.847,243.074
250,5,40,29,337.015,309.262
250,5,40,30,184.948,208.33
250,5,40,31,177.612,275.822
250,5,40,32,216.733,107.867
250,5,40,33,280.353,71.4501
250,5,40,34,64.0371,270.732
250,5,40,35,166.807,37.263
250,5,40,36,332.266,333.032
250,5,40,37,273.272,103.405
250,5,40,38,129.798,166.983
250,5,40,39,39.5611,32.6294
251,5,40,0,304.469,259.968
251,5,40,1,114.703,140.414
251,5,40,2,163.645,24.9652
251,5,40,3,15.5574,127.227
251,5,40,4,255.814,65.7781
251,5,40,5,41.2421,341.324
251,5,40,6,95.9291,212.115
251,5,40,7,77.3877,310.129
251,5,40,8,51.9113,96.0373
251,5,40,9,280.033,340.345
251,5,40,10,56.9163,193.078
251,5,40,11,291.463,11.3073
251,5,40,12,204.895,331.925
251,5,40,13,28.0592,164.34
251,5,40,14,25.4758,274.009
251,5,40,15,155.061,103.71
251,5,40,16,167.237,301.22
251,5,40,17,113.137,33.8263
251,5,40,18,231.036,39.5718
251,5,40,19,192.482,318.641
251,5,40,20,346.632,268.536
251,5,40,21,67.0052,173.385
251,5,40,22,308.976,220.053
251,5,40,23,130.126,2.72247
251,5,40,24,221.283,249.046
251,5,40,25,131.553,83.7461
251,5,40,26,334.333,55.4768
251,5,40,27,247.077,201.747
251,5,40,28,99.2444,117.43
251,5,40,29,1.99517,108.049
251,5,40,30,267.589,131.758
251,5,40,31,320.083,190.471
251,5,40,32,325.685,290.949
251,5,40,33,278.997,73.2482
251,5,40,34,200.335,44.3936
251,5,40,35,182.327,235.868
251,5,40,36,238.009,149.837
251,5,40,37,215.699,175.092
251,5,40,38,84.1929,282.505
251,5,40,39,142.546,242.133
252,5,40,0,296.419,170.612
252,5,40,1,107.927,213.043
252,5,40,2,220.887,267.94
252,5,40,3,257.967,199.755
252,5,40,4,321.618,219.508
252,5,40,5,35.3596,67.5766
252,5,40,6,331.842,276.674
252,5,40,7,271.824,305.376
252,5,40,8,186.047,111.27
252,5,40,9,124.924,144.533
252,5,40,10,18.5415,329.419
252,5,40,11,180.223,90.343
252,5,40,12,82.1884,159.192
252,5,40,13,78.4262,130.041
252,5,40,14,211.433,178.254
252,5,40,15,249.621,3.90144
252,5,40,16,144.207,16.9884
252,5,40,17,163.83,137.652
252,5,40,18,344.46,97.5728
252,5,40,19,14.3115,46.2754
252,5,40,20,32.705,310.44
252,5,40,21,264.739,26.7181
252,5,40,22,301.921,290.35
252,5,40,23,88.3151,317.017
252,5,40,24,311.26,245.19
252,5,40,25,209.159,23.2179
252,5,40,26,338.617,78.3236
252,5,40,27,155.411,81.1689
252,5,40,28,170.712,201.754
252,5,40,29,133.705,228.384
252,5,40,30,66.4807,337.513
252,5,40,31,198.35,349.939
252,5,40,32,232.877,258.411
252,5,40,33,49.9722,35.7234
252,5,40,34,121.774,236.377
252,5,40,35,101.129,121.548
252,5,40,36,7.05052,191.352
252,5,40,37,237.355,283.013
252,5,40,38,288.315,151.86
252,5,40,39,55.7312,55.1386
253,5,40,0,303.254,258.378
253,5,40,1,116.544,203.51
253,5,40,2,101.677,106.044
253,5,40,3,35.1106,63.0799
253,5,40,4,310.785,86.9346
253,5,40,5,273.472,98.0067
253,5,40,6,237.197,155.399
253,5,40,7,48.9923,349.244
253,5,40,8,185.222,295.87
253,5,40,9,198.61,87.5535
253,5,40,10,84.4821,139.571
253,5,40,11,233.923,219.617
253,5,40,12,211.583,74.2054
253,5,40,13,24.9117,48.1699
253,5,40,14,165.683,330.838
253,5,40,15,69.924,228.318
253,5,40,16,316.66,175.457
253,5,40,17,106.743,27.1536
253,5,40,18,151.144,159.012
253,5,40,19,95.7443,315.304
253,5,40,20,168.396,8.61458
253,5,40,21,328.095,280.05
253,5,40,22,246.008,21.3209
253,5,40,23,26.5835,42.3849
253,5,40,24,128.194,113.839
253,5,40,25,226.989,218.494
253,5,40,26,344.812,188.627
253,5,40,27,268.911,167.766
253,5,40,28,288.255,199.769
253,5,40,29,137.593,144.21
253,5,40,30,5.76951,311.542
253,5,40,31,259.893,301.108
253,5,40,32,339.751,278.187
253,5,40,33,143.08,242.214
253,5,40,34,55.3694,271.197
253,5,40,35,292.228,340.641
253,5,40,36,17.1137,61.0101
253,5,40,37,72.3509,130.46
253,5,40,38,209.649,10.7601
253,5,40,39,178.576,249.836
254,5,40,0,163.281,316.468
254,5,40,1,90.2924,108.083
254,5,40,2,216.574,74.2937
254,5,40,3,47.7445,14.8974
254,5,40,4,250.893,213.238
254,5,40,5,307.327,34.6332
254,5,40,6,275.867,100.841
254,5,40,7,342.097,62.6585
254,5,40,8,36.0022,283.93
254,5,40,9,153.637,19.1127
254,5,40,10,169.649,81.0134
254,5,40,11,324.99,334.283
254,5,40,12,198.347,139.383
254,5,40,13,242.247,178.048
254,5,40,14,29.54,278.376
254,5,40,15,184.78,262.551
254,5,40,16,297.781,220.53
254,5,40,17,144.436,128.979
254,5,40,18,64.4942,331.996
254,5,40,19,123.558,301.469
254,5,40,20,341.16,186.966
254,5,40,21,24.2069,37.6887
254,5,40,22,118.677,197.968
254,5,40,23,3.96813,52.0062
254,5,40,24,16.8386,240.096
254,5,40,25,84.1041,59.9659
254,5,40,26,55.4046,250.08
254,5,40,27,219.812,171.278
254,5,40,28,103.032,258.123
254,5,40,29,289.241,293.666
254,5,40,30,136.102,231.363
254,5,40,31,206.983,346.821
254,5,40,32,256.133,142.812
254,5,40,33,232.221,308.096
254,5,40,34,319.326,6.33478
254,5,40,35,111.815,88.2121
254,5,40,36,265.266,117.368
254,5,40,37,74.2807,164.6
254,5,40,38,177.467,153.319
254,5,40,39,286.015,205.165
255,5,40,0,304.386,244.69
255,5,40,1,37.4152,308.111
255,5,40,2,152.759,46.4284
255,5,40,3,332.843,117.302
255,5,40,4,219.826,289.995
255,5,40,5,249.011,187.849
255,5,40,6,189.609,245.195
255,5,40,7,8.24385,32.0338
255,5,40,8,345.488,57.4712
255,5,40,9,92.3389,170.377
255,5,40,10,138.651,274.233
255,5,40,11,229.853,83.0685
255,5,40,12,324.222,148.532
255,5,40,13,275.311,105.977
255,5,40,14,321.389,270.588
255,5,40,15,19.697,22.7573
255,5,40,16,161.94,177.751
255,5,40,17,27.2333,160.275
255,5,40,18,286.234,316.983
255,5,40,19,101.381,221.022
255,5,40,20,289.534,305.955
255,5,40,21,310.05,40.6493
255,5,40,22,80.5742,200.514
255,5,40,23,176.254,136.978
255,5,40,24,216.754,325.717
255,5,40,25,145.017,130.848
255,5,40,26,56.433,212.853
255,5,40,27,237.564,10.6872
255,5,40,28,124.792,94.5273
255,5,40,29,67.9635,156.758
255,5,40,30,77.1485,66.6317
255,5,40,31,255.527,340.532
255,5,40,32,205.528,0.668157
255,5,40,33,265.981,256.818
255,5,40,34,168.562,229.185
255,5,40,35,14.98,75.9708
255,5,40,36,112.876,282.628
255,5,40,37,51.9507,101.823
255,5,40,38,120.038,342.987
255,5,40,39,197.685,206.935
256,5,40,0,166.943,308.061
256,5,40,1,331.625,236.406
256,5,40,2,280.159,288.443
256,5,40,3,337.981,169.92
256,5,40,4,305.189,164.191
256,5,40,5,189.793,88.8337
256,5,40,6,0.872006,137.069
256,5,40,7,29.6535,35.7971
256,5,40,8,11.4858,19.3393
256,5,40,9,50.1174,81.9251
256,5,40,10,216.474,63.5509
256,5,40,11,238.139,216.696
256,5,40,12,141.519,60.1265
256,5,40,13,232.347,113.657
256,5,40,14,100.779,7.29057
256,5,40,15,54.9209,331.745
256,5,40,16,290.775,101.776
256,5,40,17,268.019,209.219
256,5,40,18,39.7838,176.424
256,5,40,19,24.9895,129.346
256,5,40,20,341.992,319.237
256,5,40,21,261.824,226.43
256,5,40,22,108.285,143.215
256,5,40,23,124.852,268.923
256,5,40,24,119.45,187.982
256,5,40,25,248.497,334.421
256,5,40,26,155.74,289.028
256,5,40,27,323.433,346.011
256,5,40,28,223.641,114.921
256,5,40,29,89.0771,30.2493
256,5,40,30,312.056,258.582
256,5,40,31,200.537,304.016
256,5,40,32,133.938,75.8776
256,5,40,33,176.482,156.082
256,5,40,34,279.579,228.205
256,5,40,35,76.5176,245.591
256,5,40,36,157.511,198.055
256,5,40,37,80.6358,276.631
256,5,40,38,205.295,10.2545
256,5,40,39,69.4305,46.8163
257,5,40,0,95.0575,33.0258
257,5,40,1,129.156,60.3249
257,5,40,2,135.734,265.721
257,5,40,3,70.3158,51.0736
257,5,40,4,265.88,121.989
257,5,40,5,36.5702,223.314
257,5,40,6,118.873,258.116
257,5,40,7,244.292,235.951
257,5,40,8,214.838,106.81
257,5,40,9,149.374,344.304
257,5,40,10,192.097,189.093
257,5,40,11,227.833,99.4524
257,5,40,12,164.848,296.756
257,5,40,13,200.541,320.322
257,5,40,14,22.443,200.063
257,5,40,15,283.291,204.738
257,5,40,16,62.0069,141.068
257,5,40,17,316.597,299.742
257,5,40,18,277.59,35.0325
257,5,40,19,1.64973,2.17137
257,5,40,20,223.017,216.043
257,5,40,21,143.776,159.715
257,5,40,22,327.265,244.824
257,5,40,23,97.2536,148.877
257,5,40,24,48.6659,252.143
257,5,40,25,298.123,93.9803
257,5,40,26,84.4653,329.762
257,5,40,27,311.344,64.2319
257,5,40,28,13.5425,84.4444
257,5,40,29,208.109,17.6752
257,5,40,30,339.825,11.2358
257,5,40,31,180.588,126.485
257,5,40,32,28.8801,170.709
257,5,40,33,255.159,308.954
257,5,40,34,58.8063,337.755
257,5,40,35,289.586,279.34
257,5,40,36,109.76,178.681
257,5,40,37,250.956,284.777
257,5,40,38,170.399,72.6811
257,5,40,39,346.665,131.332
258,5,40,0,154.366,301.843
258,5,40,1,313.449,329.832
258,5,40,2,97.3402,222.706
258,5,40,3,299.469,313.706
258,5,40,4,262.305,116.821
258,5,40,5,267.729,198.219
258,5,40,6,43.8776,249.079
258,5,40,7,144.096,112.457
258,5,40,8,251.993,85.4677
258,5,40,9,54.5415,287.882
258,5,40,10,323.431,147.635
258,5,40,11,86.524,316.736
258,5,40,12,117.368,73.3182
258,5,40,13,26.0119,215.858
258,5,40,14,232.518,192.286
258,5,40,15,187.59,139.934
258,5,40,16,131.666,172.486
258,5,40,17,279.263,181.272
258,5,40,18,8.36842,342.091
258,5,40,19,237.628,29.9335
258,5,40,20,338.582,125.066
258,5,40,21,63.9501,235.071
258,5,40,22,35.1272,65.5286
258,5,40,23,88.6802,59.9747
258,5,40,24,325.853,206.023
258,5,40,25,209.096,159.411
258,5,40,26,159.463,35.1244
258,5,40,27,177.495,240.436
258,5,40,28,75.1268,13.3926
258,5,40,29,31.2289,290.632
258,5,40,30,216.189,43.7979
258,5,40,31,224.472,336.114
258,5,40,32,193.016,149.883
258,5,40,33,124.712,274.81
258,5,40,34,170.272,258.783
258,5,40,35,341.61,100.984
258,5,40,36,109.67,268.106
258,5,40,37,17.1527,95.204
258,5,40,38,287.369,4.27257
258,5,40,39,293.153,23.6837
259,5,40,0,49.9116,88.7843
259,5,40,1,74.4582,183.21
259,5,40,2,146.698,151.896
259,5,40,3,108.345,206.196
259,5,40,4,127.551,221.616
259,5,40,5,95.0302,28.6185
259,5,40,6,156.544,315.922
259,5,40,7,208.879,197.902
259,5,40,8,305.639,86.775
259,5,40,9,321.807,228.351
259,5,40,10,295.924,301.415
259,5,40,11,266.334,18.6959
259,5,40,12,277.552,217.604
259,5,40,13,164.38,260.47
259,5,40,14,2.69374,334.042
259,5,40,15,329.576,6.50157
259,5,40,16,28.536,120.17
259,5,40,17,14.1332,67.964
259,5,40,18,246.122,58.9809
259,5,40,19,17.9271,126.365
259,5,40,20,183.875,40.2541
259,5,40,21,257.19,286.513
259,5,40,22,197.823,169.81
259,5,40,23,120.038,289.626
259,5,40,24,99.4295,52.3037
259,5,40,25,309.183,185.532
259,5,40,26,343.14,278.179
259,5,40,27,133.988,98.309
259,5,40,28,240.103,145.53
259,5,40,29,283.234,105.532
259,5,40,30,81.14,12.8865
259,5,40,31,177.126,247.867
259,5,40,32,337.463,137.582
259,5,40,33,226.36,343.246
259,5,40,34,43.5665,307.586
259,5,40,35,59.6226,164.886
259,5,40,36,213.803,75.9657
259,5,40,37,173.644,324.415
259,5,40,38,62.1309,266.272
259,5,40,39,230.53,240.667
260,5,40,0,241.118,227.698
260,5,40,1,36.748,35.5159
260,5,40,2,152.682,14.3846
260,5,40,3,271.208,56.8036
260,5,40,4,177.043,50.4535
260,5,40,5,33.7283,154.853
260,5,40,6,184.495,98.5047
260,5,40,7,88.134,4.17463
260,5,40,8,146.497,127.7
260,5,40,9,97.6077,170.902
260,5,40,10,336.565,136.063
260,5,40,11,305.51,315.251
260,5,40,12,7.51137,257.079
260,5,40,13,63.6058,341.619
260,5,40,14,197.563,268.581
260,5,40,15,82.7348,337.682
260,5,40,16,320.864,23.5536
260,5,40,17,161.687,325.383
260,5,40,18,122.036,285.692
260,5,40,19,312.885,193.729
260,5,40,20,48.0891,90.9245
260,5,40,21,60.054,226.179
260,5,40,22,174.544,309.994
260,5,40,23,209.391,180.067
260,5,40,24,247.008,249.379
260,5,40,25,219.445,62.82
260,5,40,26,346.1,143.494
260,5,40,27,292.757,242.327
260,5,40,28,259.43,216.761
260,5,40,29,233.697,158.595
260,5,40,30,129.302,293.937
260,5,40,31,327.91,76.5844
260,5,40,32,22.21,275.723
260,5,40,33,72.2086,299.389
260,5,40,34,217.893,206.123
260,5,40,35,105.688,118.214
260,5,40,36,10.4188,188.517
260,5,40,37,286.372,109.989
260,5,40,38,132.999,80.4695
260,5,40,39,279.137,34.925
261,5,40,0,48.057,175.356
261,5,40,1,262.752,71.6559
261,5,40,2,324.199,297.435
261,5,40,3,221.775,169.353
261,5,40,4,188.288,162.976
261,5,40,5,317.085,287.872
261,5,40,6,306.549,258.485
261,5,40,7,24.5663,272.778
261,5,40,8,109.712,67.4083
261,5,40,9,257.156,110.485
261,5,40,10,209.991,17.7558
261,5,40,11,124.451,209.192
261,5,40,12,231.66,268.375
261,5,40,13,196.862,48.209
261,5,40,14,157.007,306.172
261,5,40,15,293.444,316.965
261,5,40,16,13.1734,198.965
261,5,40,17,340.782,155.047
261,5,40,18,146.004,60.7105
261,5,40,19,303.908,103.193
261,5,40,20,248.003,29.0192
261,5,40,21,60.2437,84.8375
261,5,40,22,210.532,323.869
261,5,40,23,180.418,234.294
261,5,40,24,6.50362,188.825
261,5,40,25,277.694,142.613
261,5,40,26,61.2879,241.715
261,5,40,27,80.7295,130.133
261,5,40,28,137.499,3.84462
261,5,40,29,163.888,41.227
261,5,40,30,166.757,120.643
261,5,40,31,114.136,341.685
261,5,40,32,33.7559,334.108
261,5,40,33,38.2111,245.263
261,5,40,34,70.8894,89.4382
261,5,40,35,92.9843,225.788
261,5,40,36,282.601,14.485
261,5,40,37,238.297,215.956
261,5,40,38,102.893,134.014
261,5,40,39,344.473,309.145
262,5,40,0,0.925035,287.222
262,5,40,1,97.4796,257.74
262,5,40,2,196.813,170.508
262,5,40,3,151.366,64.4392
262,5,40,4,208.323,6.81964
262,5,40,5,56.2317,151.094
262,5,40,6,304.255,300.657
262,5,40,7,232.472,199.658
262,5,40,8,275.199,289.849
262,5,40,9,161.756,35.759
262,5,40,10,142.629,347.623
262,5,40,11,184.488,209.285
262,5,40,12,321.17,81.3033
262,5,40,13,75.2634,335.345
262,5,40,14,19.4033,49.906
262,5,40,15,47.8104,227.045
262,5,40,16,266.352,117.596
262,5,40,17,311.092,96.1861
262,5,40,18,32.2434,179.677
262,5,40,19,223.006,164.361
262,5,40,20,175.608,186.234
262,5,40,21,215.79,105.581
262,5,40,22,115.242,242.144
262,5,40,23,67.0754,230.614
262,5,40,24,138.073,103.604
262,5,40,25,289.413,277.767
262,5,40,26,245.265,144.389
262,5,40,27,125.585,324.268
262,5,40,28,281.464,127.344
262,5,40,29,345.17,31.9198
262,5,40,30,35.701,245.744
262,5,40,31,79.561,14.9191
262,5,40,32,168.291,213.238
262,5,40,33,329.785,55.4243
262,5,40,34,14.0578,133.285
262,5,40,35,243.11,321.532
262,5,40,36,90.7134,71.4302
262,5,40,37,110.508,21.5792
262,5,40,38,336.9,263.612
262,5,40,39,261.738,309.071
263,5,40,0,215.378,11.4424
263,5,40,1,337.648,319.485
263,5,40,2,317.915,346.416
263,5,40,3,79.7975,205.677
263,5,40,4,147.256,198.052
263,5,40,5,43.4108,121.698
263,5,40,6,252.818,139.567
263,5,40,7,90.5952,285.126
263,5,40,8,160.629,227.255
263,5,40,9,255.952,257.987
263,5,40,10,154.374,91.9536
263,5,40,11,55.726,270.798
263,5,40,12,97.5751,304.361
263,5,40,13,323.783,324.359
263,5,40,14,267.137,279.579
263,5,40,15,342.809,159.598
263,5,40,16,73.5302,53.4625
263,5,40,17,194.949,68.3308
263,5,40,18,117.764,215.179
263,5,40,19,178.366,42.0621
263,5,40,20,23.7783,307.766
263,5,40,21,123.357,148.789
263,5,40,22,113.457,339.586
263,5,40,23,299.434,72.5938
263,5,40,24,203.169,246.516
263,5,40,25,26.6809,103.753
263,5,40,26,7.67598,7.25107
263,5,40,27,173.19,235.89
263,5,40,28,238.061,181.821
263,5,40,29,11.9017,26.0588
263,5,40,30,283.325,29.4183
263,5,40,31,222.746,83.4045
263,5,40,32,190.076,242.261
263,5,40,33,231.523,294.413
263,5,40,34,134.75,140.76
263,5,40,35,44.1597,124.109
263,5,40,36,62.2142,187.163
263,5,40,37,290.661,48.7409
263,5,40,38,313.347,113.031
263,5,40,39,279.074,167.708
264,5,40,0,49.9295,290.841
264,5,40,1,275.907,24.5049
264,5,40,2,136.603,92.1914
264,5,40,3,158.012,45.1195
264,5,40,4,179.98,42.7887
264,5,40,5,78.0758,233.214
264,5,40,6,103.71,119.194
264,5,40,7,94.3017,298.321
264,5,40,8,266.369,244.076
264,5,40,9,258.978,65.0179
264,5,40,10,300.136,316.862
264,5,40,11,30.2305,348.303
264,5,40,12,217.103,138.64
264,5,40,13,208.965,6.01592
264,5,40,14,55.0269,176.877
264,5,40,15,9.35273,223.987
264,5,40,16,280.581,59.6595
264,5,40,17,220.656,306.758
264,5,40,18,193.758,249.238
264,5,40,19,170.338,127.957
264,5,40,20,86.9591,275.891
264,5,40,21,64.9341,168.402
264,5,40,22,186.687,82.8767
264,5,40,23,247.006,328.703
264,5,40,24,6.18751,185.464
264,5,40,25,118.615,154.952
264,5,40,26,20.7803,75.5243
264,5,40,27,315.797,161.222
264,5,40,28,235.007,201.58
264,5,40,29,42.7833,259.865
264,5,40,30,112.677,340.707
264,5,40,31,332.12,268.79
264,5,40,32,339.991,192.652
264,5,40,33,129.272,14.3623
264,5,40,34,308.321,283.447
264,5,40,35,296.349,216.417
264,5,40,36,346.698,27.8965
264,5,40,37,243.777,103.248
264,5,40,38,154.224,109.784
264,5,40,39,140.186,147.712
265,5,40,0,330.868,96.1496
265,5,40,1,129.622,171.993
265,5,40,2,279.777,55.5204
265,5,40,3,134.517,340.758
265,5,40,4,256.832,206.714
265,5,40,5,187.903,6.3469
265,5,40,6,240.754,349.233
265,5,40,7,45.5325,242.204
265,5,40,8,307.708,282.81
265,5,40,9,118.062,85.9654
265,5,40,10,151.973,330.065
265,5,40,11,316.248,153.957
265,5,40,12,203.324,214.265
265,5,40,13,83.8851,185.556
265,5,40,14,210.642,262.009
265,5,40,15,107.702,109.135
265,5,40,16,20.7594,71.5445
265,5,40,17,58.0364,132.15
265,5,40,18,303.033,234.741
265,5,40,19,224.286,38.3556
265,5,40,20,181.257,267.414
265,5,40,21,68.2333,130.752
265,5,40,22,89.9048,219.401
265,5,40,23,291.543,313.006
265,5,40,24,168.883,146.691
265,5,40,25,245.861,24.3713
265,5,40,26,287.192,295.904
265,5,40,27,13.7996,69.6949
265,5,40,28,269.047,49.8275
265,5,40,29,193.948,102.719
265,5,40,30,35.6479,304.74
265,5,40,31,140.168,17.0323
265,5,40,32,229.176,250.293
265,5,40,33,6.06549,178.996
265,5,40,34,97.7698,164.614
265,5,40,35,75.9937,115.02
265,5,40,36,34.4954,197.372
265,5,40,37,339.189,319.921
265,5,40,38,162.446,29.2986
265,5,40,39,344.354,275.854
266,5,40,0,210.887,316.402
266,5,40,1,51.3899,279.362
266,5,40,2,346.523,189.525
266,5,40,3,322.944,71.1973
266,5,40,4,306.636,136.143
266,5,40,5,208.804,234.291
266,5,40,6,178.298,247.05
266,5,40,7,240.425,178.569
266,5,40,8,252.261,205.097
266,5,40,9,116.298,2.95018
266,5,40,10,84.7636,155.51
266,5,40,11,195.5,62.564
266,5,40,12,221.59,107.259
266,5,40,13,270.225,288.984
266,5,40,14,15.8797,159.307
266,5,40,15,280.81,259.51
266,5,40,16,18.6712,114.907
266,5,40,17,160.212,300.216
266,5,40,18,28.7564,197.397
266,5,40,19,278.797,280.247
266,5,40,20,112.844,215.527
266,5,40,21,297.255,325.27
266,5,40,22,67.0048,242.263
266,5,40,23,3.32709,140.856
266,5,40,24,60.2907,37.5482
266,5,40,25,100.115,26.066
266,5,40,26,228.715,60.4072
266,5,40,27,40.5917,173.284
266,5,40,28,256.224,313.761
266,5,40,29,128.997,81.8936
266,5,40,30,325.481,336.023
266,5,40,31,167.147,130.095
266,5,40,32,87.6276,263.213
266,5,40,33,146.41,89.1233
266,5,40,34,338.61,226.079
266,5,40,35,191.46,348.653
266,5,40,36,134.108,51.2084
266,5,40,37,155.173,97.2577
266,5,40,38,300.341,14.0652
266,5,40,39,78.7018,32.2199
267,5,40,0,179.781,77.5249
267,5,40,1,62.4094,265.416
267,5,40,2,322.189,158.169
267,5,40,3,26.989,83.7226
267,5,40,4,220.144,186.553
267,5,40,5,127.223,112.795
267,5,40,6,73.1692,295.568
267,5,40,7,263.613,257.473
267,5,40,8,196.207,179.896
267,5,40,9,97.9127,313.442
267,5,40,10,163.18,237.885
267,5,40,11,257.167,273.437
267,5,40,12,93.1615,233.687
267,5,40,13,140.377,251.758
267,5,40,14,294.309,208.917
267,5,40,15,298.614,16.0986
267,5,40,16,236.367,24.1172
267,5,40,17,349.387,197.28
267,5,40,18,42.4434,99.7754
267,5,40,19,135.455,115.326
267,5,40,20,174.139,211.823
267,5,40,21,57.9815,43.0707
267,5,40,22,245.375,2.42445
267,5,40,23,231.041,148.236
267,5,40,24,326.511,69.6998
267,5,40,25,204.606,219.822
267,5,40,26,44.9518,50.7578
267,5,40,27,283.064,155.043
267,5,40,28,216.867,331.906
267,5,40,29,276.664,166.886
267,5,40,30,1.3523,127.229
267,5,40,31,115.241,136.749
267,5,40,32,113.237,304.754
267,5,40,33,187.854,349.414
267,5,40,34,85.1675,33.4008
267,5,40,35,339.822,337.181
267,5,40,36,21.935,321.13
267,5,40,37,312.267,59.2098
267,5,40,38,13.6402,95.7718
267,5,40,39,155.331,280.075
268,5,40,0,119.443,125.513
268,5,40,1,197.522,137.192
268,5,40,2,254.105,30.7571
268,5,40,3,140.793,72.9154
268,5,40,4,214.342,156.611
268,5,40,5,101.932,59.2806
268,5,40,6,302.738,264.442
268,5,40,7,136.825,261.211
268,5,40,8,169.54,282.084
268,5,40,9,64.6066,36.6663
268,5,40,10,123.125,232.632
268,5,40,11,185.283,89.2041
268,5,40,12,208.81,176.135
268,5,40,13,85.5843,221.744
268,5,40,14,24.247,86.2512
268,5,40,15,262.604,297.888
268,5,40,16,220.579,108.214
268,5,40,17,183.166,243.833
268,5,40,18,329.572,253.143
268,5,40,19,29.8246,17.8242
268,5,40,20,235.864,184.974
268,5,40,21,55.6214,140.585
268,5,40,22,250.949,166.752
268,5,40,23,321.008,215.183
268,5,40,24,154.159,100.756
268,5,40,25,50.1546,297.279
268,5,40,26,287.359,317.712
268,5,40,27,313.76,46.8467
268,5,40,28,15.3991,330.071
268,5,40,29,277.79,65.4226
268,5,40,30,343.229,162.959
268,5,40,31,74.4745,277
268,5,40,32,238.062,309.588
268,5,40,33,108.522,6.31037
268,5,40,34,159.45,202.801
268,5,40,35,7.73037,11.5975
268,5,40,36,340.552,120.526
268,5,40,37,92.2517,198.631
268,5,40,38,293.08,333.494
268,5,40,39,39.9778,343.495
269,5,40,0,133.209,38.1729
269,5,40,1,15.6125,224.744
269,5,40,2,60.7422,139.053
269,5,40,3,217.664,194.596
269,5,40,4,124.387,319.26
269,5,40,5,2.99167,82.7124
269,5,40,6,252.585,23.0276
269,5,40,7,334.214,279.972
269,5,40,8,81.1499,210.879
269,5,40,9,297.426,167.687
269,5,40,10,344.555,333.244
269,5,40,11,282.31,234.545
269,5,40,12,34.7521,203.695
269,5,40,13,118.215,75.6039
269,5,40,14,195.059,91.3478
269,5,40,15,45.0365,59.0566
269,5,40,16,273.46,149.25
269,5,40,17,311.799,118.958
269,5,40,18,298.84,179.779
269,5,40,19,151.372,96.9379
269,5,40,20,165.74,248.124
269,5,40,21,43.7135,128.542
269,5,40,22,323.055,303.052
269,5,40,23,269.666,328.35
269,5,40,24,75.3438,6.43493
269,5,40,25,140.522,34.2186
269,5,40,26,225.461,293.898
269,5,40,27,109.137,255.496
269,5,40,28,191.562,263.092
269,5,40,29,239.648,280.091
269,5,40,30,177.724,241.755
269,5,40,31,234.475,348.656
269,5,40,32,330.65,164.24
269,5,40,33,61.4729,309.415
269,5,40,34,206.112,111.648
269,5,40,35,253.96,50.3792
269,5,40,36,174.421,143.222
269,5,40,37,103.968,64.652
269,5,40,38,87.7961,183.857
269,5,40,39,20.5252,12.5806
270,5,40,0,116.688,164.451
270,5,40,1,285.21,187.922
270,5,40,2,15.4972,156.755
270,5,40,3,172.413,106.598
270,5,40,4,47.4465,213.106
270,5,40,5,251.698,200.879
270,5,40,6,305.64,43.2529
270,5,40,7,37.3053,317.566
270,5,40,8,92.5203,288.911
270,5,40,9,150.195,328.389
270,5,40,10,203.156,119.008
270,5,40,11,228.781,344.456
270,5,40,12,345.987,34.2393
270,5,40,13,82.1878,92.3892
270,5,40,14,269.55,287.929
270,5,40,15,105.888,46.0922
270,5,40,16,19.7325,220.805
270,5,40,17,259.91,242.557
270,5,40,18,319.159,10.2033
270,5,40,19,277.117,233.014
270,5,40,20,28.8366,74.9842
270,5,40,21,70.9046,205.068
270,5,40,22,307.112,125.976
270,5,40,23,177.934,169.38
270,5,40,24,224.55,21.209
270,5,40,25,148.219,308.899
270,5,40,26,1.28956,85.6399
270,5,40,27,324.968,253.845
270,5,40,28,210.436,270.001
270,5,40,29,340.851,69.5696
270,5,40,30,129.575,340.879
270,5,40,31,242.974,7.8249
270,5,40,32,64.9488,142.754
270,5,40,33,97.3354,182.104
270,5,40,34,197.645,53.1935
270,5,40,35,135.899,131.372
270,5,40,36,185.71,247.244
270,5,40,37,289.473,96.7934
270,5,40,38,56.4508,277.34
270,5,40,39,161.749,306.249
271,5,40,0,220.115,281.628
271,5,40,1,24.9381,198.678
271,5,40,2,250.086,172.901
271,5,40,3,164.299,231.926
271,5,40,4,41.2863,307.47
271,5,40,5,289.364,59.9851
271,5,40,6,48.6399,77.0454
271,5,40,7,87.6881,276.458
271,5,40,8,70.1179,260.504
271,5,40,9,311.462,19.4623
271,5,40,10,64.934,203.846
271,5,40,11,346.509,99.8835
271,5,40,12,60.9691,154.205
271,5,40,13,169.023,250.9
271,5,40,14,86.6503,191.972
271,5,40,15,274.122,165.561
271,5,40,16,196.737,44.5234
271,5,40,17,326.195,237.71
271,5,40,18,116.135,294.154
271,5,40,19,108.59,39.8914
271,5,40,20,153.969,342.534
271,5,40,21,175.849,80.9184
271,5,40,22,203.553,138.109
271,5,40,23,187.094,146.756
271,5,40,24,27.4242,226.045
271,5,40,25,267.76,333.037
271,5,40,26,133.57,121.013
271,5,40,27,340.263,7.48244
271,5,40,28,147.02,301.38
271,5,40,29,321.97,17.4859
271,5,40,30,304.401,110.19
271,5,40,31,284.175,215.403
271,5,40,32,16.8909,180.339
271,5,40,33,241.291,263.132
271,5,40,34,210.785,325.164
271,5,40,35,227.879,321.618
271,5,40,36,3.40009,126.424
271,5,40,37,99.7601,34.9705
271,5,40,38,123.726,91.4149
271,5,40,39,256.865,64.6041
272,5,40,0,167.173,81.1893
272,5,40,1,284.821,265.031
272,5,40,2,122.938,204.298
272,5,40,3,150.388,139.733
272,5,40,4,23.5238,128.487
272,5,40,5,248.782,148.193
272,5,40,6,144.021,227.631
272,5,40,7,229.845,34.6131
272,5,40,8,59.3617,154.693
272,5,40,9,85.8462,257.905
272,5,40,10,216.937,121.436
272,5,40,11,348.547,103.895
272,5,40,12,262.077,50.0552
272,5,40,13,108.559,309.685
272,5,40,14,38.4449,69.6017
272,5,40,15,12.903,90.4171
272,5,40,16,276.196,333.086
272,5,40,17,29.3936,166.017
272,5,40,18,68.7531,12.687
272,5,40,19,96.2081,318.529
272,5,40,20,197.418,77.6543
272,5,40,21,223.574,253.54
272,5,40,22,294.477,297.551
272,5,40,23,310.012,329.319
272,5,40,24,97.8615,110.687
272,5,40,25,2.24537,37.9163
272,5,40,26,78.1637,289.305
272,5,40,27,202.817,283.992
272,5,40,28,133.129,220.164
272,5,40,29,322.836,341.285
272,5,40,30,159.208,1.17477
272,5,40,31,178.081,215.225
272,5,40,32,334.652,237.446
272,5,40,33,302.493,185.668
272,5,40,34,114.123,54.4428
272,5,40,35,267.062,181.017
272,5,40,36,47.8515,24.7424
272,5,40,37,184.296,274.829
272,5,40,38,328.019,168.084
272,5,40,39,238.07,193.619
273,5,40,0,337.05,144.629
273,5,40,1,312.698,252.829
273,5,40,2,59.2816,186.42
273,5,40,3,153.305,322.734
273,5,40,4,302.755,91.1
273,5,40,5,79.8236,243.859
273,5,40,6,258.305,204.284
273,5,40,7,264.258,297.715
273,5,40,8,242.021,165.876
273,5,40,9,278.193,296.235
273,5,40,10,113.467,62.4594
273,5,40,11,295.066,213.236
273,5,40,12,185.401,72.6211
273,5,40,13,116.038,122.297
273,5,40,14,31.3723,131.407
273,5,40,15,245.965,32.8805
273,5,40,16,126.875,283.009
273,5,40,17,198.278,12.5419
273,5,40,18,49.3247,49.6109
273,5,40,19,133.811,4.67874
273,5,40,20,345.585,327.275
273,5,40,21,66.5204,38.8428
273,5,40,22,180.636,179.87
273,5,40,23,39.6407,221.339
273,5,40,24,163.925,345.777
273,5,40,25,280.254,254.549
273,5,40,26,97.3193,127.618
273,5,40,27,216.232,235.294
273,5,40,28,141.967,173.464
273,5,40,29,220.217,154.342
273,5,40,30,19.78,269.779
273,5,40,31,7.87079,81.1726
273,5,40,32,320.588,333.528
273,5,40,33,93.4495,308.619
273,5,40,34,235.126,58.8509
273,5,40,35,206.15,195.916
273,5,40,36,171.65,24.7937
273,5,40,37,71.1489,99.8357
273,5,40,38,12.6887,272.138
273,5,40,39,329.892,112.088
274,5,40,0,67.2113,69.4879
274,5,40,1,4.30378,191.804
274,5,40,2,225.753,333.023
274,5,40,3,73.6992,41.1593
274,5,40,4,301.602,102.676
274,5,40,5,257.104,295.574
274,5,40,6,290.21,29.4192
274,5,40,7,275.889,315.333
274,5,40,8,120.907,236.794
274,5,40,9,262.907,227.243
274,5,40,10,187.559,81.2973
274,5,40,11,105.075,346.511
274,5,40,12,57.8133,58.9887
274,5,40,13,18.8406,307.211
274,5,40,14,141.775,245.193
274,5,40,15,30.978,270.289
274,5,40,16,330.923,171.87
274,5,40,17,249.675,299.041
274,5,40,18,167.794,260.712
274,5,40,19,339.058,230.127
274,5,40,20,126.145,89.0195
274,5,40,21,233.66,73.7545
274,5,40,22,38.0618,47.5947
274,5,40,23,82.5518,161.466
274,5,40,24,100.296,142.591
274,5,40,25,216.519,273.696
274,5,40,26,180.207,107.252
274,5,40,27,46.319,180.983
274,5,40,28,138.11,197.647
274,5,40,29,320.471,207.767
274,5,40,30,209.429,210.087
274,5,40,31,342.662,127.486
274,5,40,32,91.6044,22.7181
274,5,40,33,9.01387,284.179
274,5,40,34,160.674,2.33708
274,5,40,35,287.103,121.231
274,5,40,36,244.639,327.974
274,5,40,37,199.339,151.761
274,5,40,38,154.658,10.585
274,5,40,39,308.673,138.836
275,5,40,0,314.07,232.465
275,5,40,1,49.9023,237.359
275,5,40,2,191.564,96.1297
275,5,40,3,256.99,39.5242
275,5,40,4,241.494,283.414
275,5,40,5,327.582,71.4576
275,5,40,6,245.981,53.9279
275,5,40,7,270.4,183.109
275,5,40,8,169.375,130.18
275,5,40,9,232.419,136.258
275,5,40,10,212.957,159.936
275,5,40,11,78.549,103.9
275,5,40,12,177.952,279.668
275,5,40,13,108.632,211.474
275,5,40,14,295.602,270.069
275,5,40,15,157.759,251.496
275,5,40,16,102.556,199.134
275,5,40,17,207.464,204.545
275,5,40,18,135.006,44.3305
275,5,40,19,301.775,28.7884
275,5,40,20,192.894,67.9102
275,5,40,21,84.9887,119.471
275,5,40,22,280.912,314.591
275,5,40,23,143.928,295.036
275,5,40,24,32.1435,256.429
275,5,40,25,318.593,323.849
275,5,40,26,7.40319,146.65
275,5,40,27,65.4077,110.263
275,5,40,28,116.704,10.8317
275,5,40,29,39.8844,24.5719
275,5,40,30,342.456,187.929
275,5,40,31,130.219,149.59
275,5,40,32,155.246,304.704
275,5,40,33,273.865,174.229
275,5,40,34,24.8535,219.767
275,5,40,35,221.468,341.806
275,5,40,36,53.5283,81.0281
275,5,40,37,95.8021,317.222
275,5,40,38,334.488,5.54168
275,5,40,39,16.8528,336.024
276,5,40,0,10.5114,277.404
276,5,40,1,223.262,165.965
276,5,40,2,286.469,2.37326
276,5,40,3,86.3408,91.218
276,5,40,4,152.132,184.037
276,5,40,5,249.298,226.667
276,5,40,6,202.354,40.0699
276,5,40,7,118.819,339.789
276,5,40,8,296.625,78.574
276,5,40,9,342.257,218.152
276,5,40,10,157.986,65.6305
276,5,40,11,306.587,124.247
276,5,40,12,72.0085,58.4647
276,5,40,13,169.898,231.471
276,5,40,14,213.366,25.0195
276,5,40,15,262.022,97.2381
276,5,40,16,42.0412,298.102
276,5,40,17,271.42,342.626
276,5,40,18,175.757,312.442
276,5,40,19,244.044,8.79491
276,5,40,20,326.918,146.623
276,5,40,21,107.62,109.979
276,5,40,22,7.52923,137.18
276,5,40,23,57.8446,180.358
276,5,40,24,26.1645,202.003
276,5,40,25,144.751,316.484
276,5,40,26,27.3299,78.9681
276,5,40,27,88.3892,244.024
276,5,40,28,66.6725,270.672
276,5,40,29,196.957,282.569
276,5,40,30,318.745,247.624
276,5,40,31,335.841,294.091
276,5,40,32,97.657,31.4987
276,5,40,33,234.991,256.094
276,5,40,34,137.791,118.074
276,5,40,35,184.262,172.013
276,5,40,36,124.826,325.521
276,5,40,37,266.689,45.7631
276,5,40,38,49.0709,153.166
276,5,40,39,303.023,198.365
277,5,40,0,307.646,321.385
277,5,40,1,153.944,166.701
277,5,40,2,330.042,120.126
277,5,40,3,232.23,196.257
277,5,40,4,76.5728,232.594
277,5,40,5,109.133,4.99849
277,5,40,6,275.048,294.292
277,5,40,7,82.5326,269.469
277,5,40,8,282.198,261.851
277,5,40,9,181.61,80.9711
277,5,40,10,213.086,302.186
277,5,40,11,121.825,93.6883
277,5,40,12,220.897,60.6625
277,5,40,13,322.427,191.654
277,5,40,14,263.323,308.232
277,5,40,15,61.67,64.6461
277,5,40,16,54.8113,130.62
277,5,40,17,3.82149,209.301
277,5,40,18,140.385,252.099
277,5,40,19,135.742,21.2307
277,5,40,20,188.318,159.414
277,5,40,21,252.638,30.553
277,5,40,22,48.9731,131.641
277,5,40,23,261.264,96.3886
277,5,40,24,236.54,277.01
277,5,40,25,12.5841,346.355
277,5,40,26,305.429,280.313
277,5,40,27,166.758,48.9812
277,5,40,28,333.18,70.5291
277,5,40,29,349.013,241.561
277,5,40,30,36.8988,326.908
277,5,40,31,198.079,144.218
277,5,40,32,19.2735,212.346
277,5,40,33,297.38,9.47751
277,5,40,34,166.13,220.7
277,5,40,35,122.554,177.647
277,5,40,36,91.5083,340.066
277,5,40,37,207.229,157.15
277,5,40,38,102.417,112.644
277,5,40,39,31.1948,40.6525
278,5,40,0,63.152,200.344
278,5,40,1,325.841,6.2569
278,5,40,2,299.629,295.854
278,5,40,3,48.6844,285.202
278,5,40,4,102.765,334.042
278,5,40,5,212.686,279.539
278,5,40,6,256.362,329.104
278,5,40,7,189.057,315.009
278,5,40,8,349.865,65.4793
278,5,40,9,169.192,59.2519
278,5,40,10,122.865,231.869
278,5,40,11,270.954,71.0765
278,5,40,12,219.176,117.27
278,5,40,13,26.0398,256.683
278,5,40,14,28.2964,112.361
278,5,40,15,237.414,47.5952
278,5,40,16,137.832,90.7027
278,5,40,17,197.088,172.97
278,5,40,18,56.5777,215.59
278,5,40,19,206.177,33.8823
278,5,40,20,88.8987,302.457
278,5,40,21,285.599,249.317
278,5,40,22,9.45154,137.281
278,5,40,23,309.63,18.0065
278,5,40,24,158.252,40.0371
278,5,40,25,233.832,175.06
278,5,40,26,3.56162,309.076
278,5,40,27,316.18,126.754
278,5,40,28,289.169,157.689
278,5,40,29,38.5324,342.699
278,5,40,30,150.441,241.454
278,5,40,31,179.228,189.261
278,5,40,32,83.4033,86.8844
278,5,40,33,70.9543,225.232
278,5,40,34,145.653,203.033
278,5,40,35,274.078,157.061
278,5,40,36,246.89,100.084
278,5,40,37,119.347,143.022
278,5,40,38,334.221,16.3254
278,5,40,39,112.049,265.679
279,5,40,0,77.3314,176.236
279,5,40,1,105.606,230.595
279,5,40,2,143.584,242.087
279,5,40,3,118.589,202.298
279,5,40,4,332.094,246.116
279,5,40,5,182.129,111.562
279,5,40,6,302.033,302.803
279,5,40,7,322.737,56.3754
279,5,40,8,134.49,61.4519
279,5,40,9,290.348,200.169
279,5,40,10,126.066,77.5955
279,5,40,11,256.543,151.557
279,5,40,12,201.052,89.3007
279,5,40,13,347.425,84.1893
279,5,40,14,272.4,286.086
279,5,40,15,246.529,148.381
279,5,40,16,205.87,28.6831
279,5,40,17,65.5514,314.738
279,5,40,18,263.265,339.195
279,5,40,19,159.796,268.942
279,5,40,20,51.3772,131.308
279,5,40,21,84.6702,167.874
279,5,40,22,28.9651,222.39
279,5,40,23,166.975,121.937
279,5,40,24,35.2445,210.356
279,5,40,25,97.9787,14.0137
279,5,40,26,15.9814,36.6135
279,5,40,27,1.91664,26.0284
279,5,40,28,185.257,187.999
279,5,40,29,220.644,278.462
279,5,40,30,212.862,345.247
279,5,40,31,56.3952,102.949
279,5,40,32,280.893,256.031
279,5,40,33,337.639,315.778
279,5,40,34,155.276,122.662
279,5,40,35,308.469,2.26113
279,5,40,36,243.551,294.159
279,5,40,37,230.042,160.636
279,5,40,38,19.0545,330.024
279,5,40,39,92.135,49.2535
280,5,40,0,329.393,57.2957
280,5,40,1,40.5475,331
280,5,40,2,311.921,110.648
280,5,40,3,12.9418,317.014
280,5,40,4,141.741,304.21
280,5,40,5,191.601,308.743
280,5,40,6,6.03032,273.67
280,5,40,7,235.917,166.234
280,5,40,8,119.523,28.5091
280,5,40,9,341.023,189.667
280,5,40,10,155.483,261.633
280,5,40,11,300.884,335.824
280,5,40,12,260.488,250.174
280,5,40,13,173.654,219.8
280,5,40,14,273.094,270.883
280,5,40,15,18.8826,217.028
280,5,40,16,247.839,94.5673
280,5,40,17,59.1279,296.48
280,5,40,18,179.208,47.2747
280,5,40,19,204.575,118.032
280,5,40,20,138.667,230.019
280,5,40,21,158.494,209.555
280,5,40,22,128.996,83.3748
280,5,40,23,321.338,143.4
280,5,40,24,217.032,182.17
280,5,40,25,33.3499,238.824
280,5,40,26,342.419,77.9479
280,5,40,27,270.034,196.134
280,5,40,28,101.242,36.6704
280,5,40,29,82.1612,344.679
280,5,40,30,192.826,166.435
280,5,40,31,295.879,20.7501
280,5,40,32,226.531,5.17733
280,5,40,33,89.8975,150.383
280,5,40,34,287.116,102.736
280,5,40,35,63.9046,66.9481
280,5,40,36,242.437,14.3313
280,5,40,37,76.1631,133.991
280,5,40,38,110.03,288.64
280,5,40,39,47.6676,125.014
281,5,40,0,269.64,4.12009
281,5,40,1,340.395,59.16
281,5,40,2,319.135,115.351
281,5,40,3,312.47,200.41
281,5,40,4,145.413,52.2178
281,5,40,5,213.752,16.1136
281,5,40,6,69.681,184.748
281,5,40,7,158.743,292.403
281,5,40,8,84.9995,278.56
281,5,40,9,94.2265,317.632
281,5,40,10,100.969,253.12
281,5,40,11,32.7544,104.159
281,5,40,12,36.6203,167.634
281,5,40,13,19.3139,106.86
281,5,40,14,209.334,61.6563
281,5,40,15,54.6081,147.25
281,5,40,16,258.233,133.491
281,5,40,17,346.376,149.324
281,5,40,18,290.656,331.539
281,5,40,19,224.263,205.869
281,5,40,20,246.536,267.018
281,5,40,21,281.99,41.2086
281,5,40,22,169.924,261.561
281,5,40,23,138.914,25.2166
281,5,40,24,11.8383,71.7315
281,5,40,25,181.632,84.5555
281,5,40,26,44.5601,309.677
281,5,40,27,306.028,348.027
281,5,40,28,239.701,286.567
281,5,40,29,110.89,165.568
281,5,40,30,273.238,31.1871
281,5,40,31,326.328,227.3
281,5,40,32,73.1528,129.61
281,5,40,33,186.995,339.298
281,5,40,34,193.489,183.627
281,5,40,35,154.476,237.031
281,5,40,36,228.162,213.731
281,5,40,37,1.54044,233.182
281,5,40,38,120.848,305.212
281,5,40,39,128.305,94.0049
282,5,40,0,3.95005,209.18
282,5,40,1,47.2586,164.466
282,5,40,2,302.113,252.566
282,5,40,3,150.849,334.633
282,5,40,4,61.4045,195.846
282,5,40,5,161.919,81.2204
282,5,40,6,337.147,325.807
282,5,40,7,289.043,271.53
282,5,40,8,101.767,311
282,5,40,9,261.924,238.347
282,5,40,10,108.191,224.002
282,5,40,11,88.2681,51.8318
282,5,40,12,242.451,126.883
282,5,40,13,43.4365,143.129
282,5,40,14,319.555,118.037
282,5,40,15,33.4351,269.252
282,5,40,16,270.642,0.739212
282,5,40,17,116.234,54.0598
282,5,40,18,282.036,304.723
282,5,40,19,124.463,24.7197
282,5,40,20,85.1067,155.281
282,5,40,21,136.63,16.6639
282,5,40,22,192.17,288.182
282,5,40,23,148.35,75.9789
282,5,40,24,220.785,344.503
282,5,40,25,198.084,171.307
282,5,40,26,183.696,66.9849
282,5,40,27,307.563,97.7771
282,5,40,28,328.824,229.062
282,5,40,29,9.02393,87.8904
282,5,40,30,204.899,288.951
282,5,40,31,246.186,322.875
282,5,40,32,23.7694,254.871
282,5,40,33,53.4326,187.182
282,5,40,34,346.632,36.7663
282,5,40,35,74.4199,183.427
282,5,40,36,228.731,132.134
282,5,40,37,168.766,111.39
282,5,40,38,211.153,217.056
282,5,40,39,274.137,26.4021
283,5,40,0,297.52,43.5737
283,5,40,1,145.584,274.858
283,5,40,2,97.5454,333.306
283,5,40,3,270.422,175.597
283,5,40,4,92.9223,203.913
283,5,40,5,313.878,89.5299
283,5,40,6,246.737,128.178
283,5,40,7,276.281,83.4917
283,5,40,8,294.468,155.961
283,5,40,9,85.5188,215.58
283,5,40,10,233.131,198.92
283,5,40,11,108.3,347.963
283,5,40,12,152.58,146.914
283,5,40,13,287.806,316.369
283,5,40,14,236.804,106.717
283,5,40,15,134.368,43.7666
283,5,40,16,342.256,246.227
283,5,40,17,160.183,184.755
283,5,40,18,40.5843,281.259
283,5,40,19,9.95033,20.7008
283,5,40,20,321.011,169.885
283,5,40,21,64.3398,4.52548
283,5,40,22,33.7085,296.181
283,5,40,23,44.4145,309.411
283,5,40,24,261.271,237.376
283,5,40,25,76.0169,119.125
283,5,40,26,225.637,163.474
283,5,40,27,54.3984,97.648
283,5,40,28,168.693,264.895
283,5,40,29,335.918,61.004
283,5,40,30,123.427,27.0942
283,5,40,31,0.403437,232.156
283,5,40,32,206.699,65.5554
283,5,40,33,183.771,260.31
283,5,40,34,326.148,12.9323
283,5,40,35,121.375,223.596
283,5,40,36,212.857,139.735
283,5,40,37,181.584,304.856
283,5,40,38,19.7183,331.413
283,5,40,39,196.618,77.4128
284,5,40,0,342.423,206.506
284,5,40,1,174.717,78.3946
284,5,40,2,333.469,238.522
284,5,40,3,8.43052,176.883
284,5,40,4,210.927,246.594
284,5,40,5,238.627,331.895
284,5,40,6,58.0398,194.912
284,5,40,7,62.9487,275.591
284,5,40,8,286.181,255.724
284,5,40,9,258.864,148.863
284,5,40,10,178.068,20.2804
284,5,40,11,156.552,316.259
284,5,40,12,306.777,211.915
284,5,40,13,323.824,62.8983
284,5,40,14,111.042,93.2011
284,5,40,15,86.3654,284.639
284,5,40,16,270.487,346.332
284,5,40,17,35.4059,229.297
284,5,40,18,246.122,106.703
284,5,40,19,188.541,104.176
284,5,40,20,201.084,220.335
284,5,40,21,289.285,188.234
284,5,40,22,16.4936,135.126
284,5,40,23,101.022,33.9938
284,5,40,24,316.062,50.734
284,5,40,25,303.148,270.867
284,5,40,26,95.3916,121.48
284,5,40,27,222.825,172.681
284,5,40,28,202.619,35.4946
284,5,40,29,130.716,334.17
284,5,40,30,117.547,141.287
284,5,40,31,70.7759,301.537
284,5,40,32,29.3459,290.5
284,5,40,33,273.642,307.359
284,5,40,34,20.4612,129.071
284,5,40,35,235.464,161.321
284,5,40,36,144.783,0.22239
284,5,40,37,136.351,83.7899
284,5,40,38,162.399,59.8742
284,5,40,39,47.3514,14.0922
285,5,40,0,253.417,88.2686
285,5,40,1,14.2156,285.284
285,5,40,2,340.624,276.992
285,5,40,3,325.782,301.824
285,5,40,4,105.792,34.5847
285,5,40,5,172.141,48.4902
285,5,40,6,208.004,99.9586
285,5,40,7,258.389,188.166
285,5,40,8,316.122,252.816
285,5,40,9,231.739,312.399
285,5,40,10,244.527,111.276
285,5,40,11,133.83,216.33
285,5,40,12,155.397,36.6633
285,5,40,13,1.65118,136.601
285,5,40,14,130.859,154.756
285,5,40,15,263.242,144.731
285,5,40,16,272.015,335.496
285,5,40,17,118.577,235.748
285,5,40,18,299.028,63.7494
285,5,40,19,197.782,163.445
285,5,40,20,177.92,177.392
285,5,40,21,292.054,25.1543
285,5,40,22,87.4604,332.175
285,5,40,23,344.367,205.488
285,5,40,24,55.3,294.949
285,5,40,25,31.5561,261.213
285,5,40,26,191.662,236.844
285,5,40,27,24.4992,168.596
285,5,40,28,143.344,58.3479
285,5,40,29,52.0506,346.836
285,5,40,30,62.2751,4.27238
285,5,40,31,94.3624,119.808
285,5,40,32,160.489,195.147
285,5,40,33,286.17,127.117
285,5,40,34,220.25,264.203
285,5,40,35,103.329,222.049
285,5,40,36,74.7931,322.487
285,5,40,37,37.8391,11.643
285,5,40,38,214.087,83.4512
285,5,40,39,306.508,73.7921
286,5,40,0,291.559,274.738
286,5,40,1,6.48833,84.4897
286,5,40,2,16.0268,40.7085
286,5,40,3,95.3286,15.0982
286,5,40,4,86.4389,53.937
286,5,40,5,113.096,27.7558
286,5,40,6,349.162,144.232
286,5,40,7,68.1196,3.01368
286,5,40,8,22.4343,123.349
286,5,40,9,324.62,215.731
286,5,40,10,39.7984,163.741
286,5,40,11,335.693,209.678
286,5,40,12,242.194,51.2882
286,5,40,13,217.195,181.77
286,5,40,14,264.975,109.61
286,5,40,15,250.408,333.018
286,5,40,16,103.913,238.902
286,5,40,17,176.989,156.875
286,5,40,18,170.799,218.937
286,5,40,19,124.293,236.036
286,5,40,20,201.934,253.634
286,5,40,21,192.954,349.101
286,5,40,22,222.247,135.245
286,5,40,23,279.798,331.224
286,5,40,24,160.791,71.1719
286,5,40,25,142.132,290.861
286,5,40,26,260.59,103.714
286,5,40,27,119.958,263.903
286,5,40,28,157.03,91.5888
286,5,40,29,51.47,196.283
286,5,40,30,286.347,18.8676
286,5,40,31,232.495,174.939
286,5,40,32,135.63,285.159
286,5,40,33,301.79,320.508
286,5,40,34,53.3552,187.158
286,5,40,35,34.9827,302.25
286,5,40,36,185.614,314.73
286,5,40,37,321.267,61.3811
286,5,40,38,307.612,116.743
286,5,40,39,78.078,257.429
287,5,40,0,261.808,137.026
287,5,40,1,212.278,255.26
287,5,40,2,168.67,308.01
287,5,40,3,334.826,337.472
287,5,40,4,165.359,16.498
287,5,40,5,186.524,318.764
287,5,40,6,38.0537,152.202
287,5,40,7,72.1909,78.6875
287,5,40,8,244.085,163.719
287,5,40,9,200.26,177.249
287,5,40,10,25.3356,102.796
287,5,40,11,135.047,184.093
287,5,40,12,131.193,170.725
287,5,40,13,308.888,65.4493
287,5,40,14,288.307,41.2831
287,5,40,15,231.114,57.8152
287,5,40,16,292.586,23.0461
287,5,40,17,253.246,5.83187
287,5,40,18,9.66999,262.951
287,5,40,19,178.565,242.489
287,5,40,20,342.336,252.056
287,5,40,21,83.2949,121.024
287,5,40,22,323.025,145.687
287,5,40,23,221.778,203.239
287,5,40,24,57.3331,304.93
287,5,40,25,277.243,290.922
287,5,40,26,50.5494,328.987
287,5,40,27,4.14616,84.7658
287,5,40,28,297.927,31.7256
287,5,40,29,156.653,88.9081
287,5,40,30,143.692,214.023
287,5,40,31,106.121,124.488
287,5,40,32,202.708,112.487
287,5,40,33,324.292,230.513
287,5,40,34,264.865,348.034
287,5,40,35,89.2863,221.474
287,5,40,36,99.7852,195.072
287,5,40,37,63.2456,280.012
287,5,40,38,34.8934,46.1651
287,5,40,39,116.336,278.488
288,5,40,0,199.857,207.088
288,5,40,1,70.5675,64.5364
288,5,40,2,279.388,194.281
288,5,40,3,33.7295,330.851
288,5,40,4,23.5841,349.351
288,5,40,5,245.673,220.717
288,5,40,6,296.538,52.0006
288,5,40,7,336.469,154.021
288,5,40,8,332.012,187.88
288,5,40,9,229.019,93.8394
288,5,40,10,186.509,25.5928
288,5,40,11,125.281,84.9582
288,5,40,12,15.977,100.587
288,5,40,13,208.427,283.282
288,5,40,14,55.3219,131.218
288,5,40,15,222.341,110.536
288,5,40,16,50.7876,336.874
288,5,40,17,244.139,7.12296
288,5,40,18,173.247,144.835
288,5,40,19,268.625,294.736
288,5,40,20,303.949,177.947
288,5,40,21,288.339,307.681
288,5,40,22,38.5178,234.926
288,5,40,23,8.33919,260.398
288,5,40,24,313.468,246.11
288,5,40,25,101.769,166.49
288,5,40,26,323.619,239.04
288,5,40,27,80.2102,211.595
288,5,40,28,133.226,305.679
288,5,40,29,147.201,274.066
288,5,40,30,95.3442,116.254
288,5,40,31,68.2342,159
288,5,40,32,149.866,38.3259
288,5,40,33,217.051,319.19
288,5,40,34,105.395,136.144
288,5,40,35,258.962,16.7648
288,5,40,36,180.427,73.0167
288,5,40,37,165.111,266.82
288,5,40,38,118.533,53.0714
288,5,40,39,349.252,28.4695
289,5,40,0,164.709,273.499
289,5,40,1,179.693,288.344
289,5,40,2,99.8074,186.952
289,5,40,3,191.497,198.586
289,5,40,4,319.578,34.3688
289,5,40,5,301.995,0.21343
289,5,40,6,116.438,158.028
289,5,40,7,292.067,21.7539
289,5,40,8,62.1626,333.23
289,5,40,9,34.1214,237.147
289,5,40,10,231.554,172.271
289,5,40,11,274.692,249.06
289,5,40,12,138.555,229.979
289,5,40,13,307.134,59.461
289,5,40,14,45.045,314.004
289,5,40,15,286.048,76.9115
289,5,40,16,255.947,114.934
289,5,40,17,344.781,203.95
289,5,40,18,56.6797,301.613
289,5,40,19,213.923,262.378
289,5,40,20,35.7827,146.396
289,5,40,21,199.916,80.6205
289,5,40,22,70.6421,48.3568
289,5,40,23,205.762,99.3666
289,5,40,24,239.186,216.651
289,5,40,25,141.211,219.585
289,5,40,26,332.591,124.943
289,5,40,27,19.0695,294.304
289,5,40,28,106.263,343.345
289,5,40,29,323.958,105.744
289,5,40,30,174.92,15.154
289,5,40,31,6.16673,263.862
289,5,40,32,86.2361,325.262
289,5,40,33,268.472,315.782
289,5,40,34,14.2142,177.42
289,5,40,35,246.978,150.661
289,5,40,36,123.333,137.553
289,5,40,37,93.6643,42.1783
289,5,40,38,155.135,65.7952
289,5,40,39,226.188,91.9585
290,5,40,0,9.47276,95.8371
290,5,40,1,289.344,64.8845
290,5,40,2,244.831,26.3377
290,5,40,3,306.815,214.479
290,5,40,4,90.3279,199.891
290,5,40,5,45.1879,233.219
290,5,40,6,338.71,107.366
290,5,40,7,249.608,42.6424
290,5,40,8,167.859,14.2593
290,5,40,9,126.291,303.153
290,5,40,10,83.6659,160.445
290,5,40,11,73.3749,251.607
290,5,40,12,156.139,272.943
290,5,40,13,302.959,226.738
290,5,40,14,55.8129,255.028
290,5,40,15,218.945,292.56
290,5,40,16,329.305,150.315
290,5,40,17,211.303,115.31
290,5,40,18,97.6665,2.88592
290,5,40,19,65.175,52.302
290,5,40,20,18.895,144.219
290,5,40,21,344.591,316.507
290,5,40,22,32.7658,262.892
290,5,40,23,274.497,102.735
290,5,40,24,198.65,180.783
290,5,40,25,7.44066,184.845
290,5,40,26,188.581,139.696
290,5,40,27,114.529,330.339
290,5,40,28,139.805,312.174
290,5,40,29,255.811,56.0646
290,5,40,30,145.591,209.665
290,5,40,31,35.2893,70.5029
290,5,40,32,318.127,283.887
290,5,40,33,268.642,173.384
290,5,40,34,281.964,82.464
290,5,40,35,182.141,124.63
290,5,40,36,230.961,243.052
290,5,40,37,105.427,341.873
290,5,40,38,201.633,336.059
290,5,40,39,162.852,23.4977
291,5,40,0,227.16,277.28
291,5,40,1,120.439,310.96
291,5,40,2,3.23974,32.2785
291,5,40,3,275.708,21.5832
291,5,40,4,253.975,135.672
291,5,40,5,16.3369,225.878
291,5,40,6,291.925,296.154
291,5,40,7,165.029,285.848
291,5,40,8,338.248,100.084
291,5,40,9,58.5475,177.344
291,5,40,10,177.091,128.309
291,5,40,11,147.004,57.122
291,5,40,12,69.3221,335.831
291,5,40,13,235.641,347.147
291,5,40,14,324.579,12.8409
291,5,40,15,186.783,105.341
291,5,40,16,310.653,39.4952
291,5,40,17,99.9583,174.063
291,5,40,18,300.712,254.464
291,5,40,19,73.6742,146.037
291,5,40,20,111.584,156.034
291,5,40,21,239.966,82.7445
291,5,40,22,149.142,246.157
291,5,40,23,283.625,207.484
291,5,40,24,199.476,183.825
291,5,40,25,213.283,317.408
291,5,40,26,169.806,1.02351
291,5,40,27,270.847,197.15
291,5,40,28,319.866,238.442
291,5,40,29,346.9,159.768
291,5,40,30,139.99,215.757
291,5,40,31,129.865,70.6626
291,5,40,32,45.1021,63.1854
291,5,40,33,84.5914,262.666
291,5,40,34,31.2592,235.866
291,5,40,35,95.4565,330.819
291,5,40,36,40.4924,48.5517
291,5,40,37,25.6969,119.992
291,5,40,38,205.81,302.858
291,5,40,39,250.139,91.9456
292,5,40,0,296.305,46.5047
292,5,40,1,159.508,104.318
292,5,40,2,314.065,159.405
292,5,40,3,9.82463,186.688
292,5,40,4,224.22,127.609
292,5,40,5,92.9759,280.682
292,5,40,6,139.632,86.9463
292,5,40,7,240.625,296.525
292,5,40,8,110.922,151.549
292,5,40,9,32.3351,18.095
292,5,40,10,128.333,303.771
292,5,40,11,49.4362,258.552
292,5,40,12,55.2807,237.037
292,5,40,13,188.302,136.602
292,5,40,14,300.133,40.1096
292,5,40,15,98.0759,279.422
292,5,40,16,25.5081,76.9893
292,5,40,17,166.689,0.914389
292,5,40,18,317.604,343.413
292,5,40,19,199.778,53.6857
292,5,40,20,75.4565,332.762
292,5,40,21,262.551,95.0059
292,5,40,22,3.82983,181.44
292,5,40,23,284.453,117.282
292,5,40,24,213.251,250.074
292,5,40,25,86.1931,315.08
292,5,40,26,235.196,212.003
292,5,40,27,342.991,306.374
292,5,40,28,202.678,268.158
292,5,40,29,155.759,192.985
292,5,40,30,182.137,147.049
292,5,40,31,118.193,108.301
292,5,40,32,61.4002,174.923
292,5,40,33,142.908,12.2167
292,5,40,34,253.977,227.35
292,5,40,35,334.7,64.9718
292,5,40,36,250.086,32.3185
292,5,40,37,35.5055,332.375
292,5,40,38,272.858,202.307
292,5,40,39,330.263,235.922
293,5,40,0,157.064,303.543
293,5,40,1,249.815,110.213
293,5,40,2,347.766,124.01
293,5,40,3,95.7072,218.013
293,5,40,4,334.441,343.891
293,5,40,5,244.42,100.582
293,5,40,6,137.459,253.263
293,5,40,7,11.2485,269.069
293,5,40,8,281.454,190.229
293,5,40,9,32.761,276.847
293,5,40,10,328.844,50.4021
293,5,40,11,126.726,38.1438
293,5,40,12,75.39,333.739
293,5,40,13,214.073,59.0241
293,5,40,14,185.015,149.673
293,5,40,15,319.448,4.03267
293,5,40,16,100.743,284.918
293,5,40,17,228.605,239.015
293,5,40,18,256.625,34.36
293,5,40,19,1.37288,172.867
293,5,40,20,302.468,70.877
293,5,40,21,208.087,131.9
293,5,40,22,116.53,177.175
293,5,40,23,41.5816,226.164
293,5,40,24,178.987,293.899
293,5,40,25,87.4617,69.4829
293,5,40,26,192.701,318.663
293,5,40,27,50.1017,328.726
293,5,40,28,66.5125,16.4757
293,5,40,29,58.3746,161.639
293,5,40,30,313.385,201.928
293,5,40,31,294.27,144.183
293,5,40,32,279.121,199.046
293,5,40,33,157.982,308.124
293,5,40,34,168.712,259.6
293,5,40,35,21.9987,19.2557
293,5,40,36,221.03,82.7966
293,5,40,37,143.994,229.559
293,5,40,38,107.363,121.169
293,5,40,39,267.057,95.5776
294,5,40,0,252.422,188.178
294,5,40,1,237.9,344.47
294,5,40,2,74.3699,210.733
294,5,40,3,282.129,248.984
294,5,40,4,346.368,340.328
294,5,40,5,173.099,300.019
294,5,40,6,93.7104,82.8809
294,5,40,7,147.985,1.88449
294,5,40,8,62.1995,142.454
294,5,40,9,325.195,104.905
294,5,40,10,12.4062,170.551
294,5,40,11,233.542,237.3
294,5,40,12,210.361,66.5385
294,5,40,13,29.3097,274.07
294,5,40,14,130.555,9.08454
294,5,40,15,0.129318,108.154
294,5,40,16,192.006,265.915
294,5,40,17,207.719,36.6909
294,5,40,18,223.221,207.651
294,5,40,19,177.697,254.436
294,5,40,20,117.923,317.178
294,5,40,21,297.4,287.764
294,5,40,22,45.8704,136.955
294,5,40,23,112.972,50.1764
294,5,40,24,337.803,24.0408
294,5,40,25,165.008,231.365
294,5,40,26,193.247,114.675
294,5,40,27,267.639,156.975
294,5,40,28,59.1059,226.416
294,5,40,29,42.0299,52.9584
294,5,40,30,311.481,161.91
294,5,40,31,139.203,288.8
294,5,40,32,20.2262,197.177
294,5,40,33,80.953,74.6236
294,5,40,34,272.303,308.323
294,5,40,35,319.488,91.6305
294,5,40,36,254.566,179.048
294,5,40,37,152.539,26.9031
294,5,40,38,304.005,128.376
294,5,40,39,97.0925,329.816
295,5,40,0,214.918,66.5948
295,5,40,1,234.926,107.655
295,5,40,2,12.2066,131.181
295,5,40,3,250.735,22.7883
295,5,40,4,24.0957,187.085
295,5,40,5,86.7748,240.364
295,5,40,6,342.947,289.399
295,5,40,7,289.782,157.297
295,5,40,8,339.41,148.394
295,5,40,9,3.2933,113.885
295,5,40,10,286.191,87.9494
295,5,40,11,106.524,170.153
295,5,40,12,308.071,78.9227
295,5,40,13,73.7159,51.8248
295,5,40,14,42.4019,317.479
295,5,40,15,141.481,38.2512
295,5,40,16,60.1878,325.445
295,5,40,17,132.957,54.2267
295,5,40,18,191.763,302.077
295,5,40,19,94.0578,283.518
295,5,40,20,130.57,262.213
295,5,40,21,208.013,6.39558
295,5,40,22,62.6135,17.0695
295,5,40,23,263.531,338.908
295,5,40,24,175.989,220.363
295,5,40,25,257.532,306.349
295,5,40,26,149.053,34.6584
295,5,40,27,44.956,162.108
295,5,40,28,238.735,139.159
295,5,40,29,121.53,75.954
295,5,40,30,222.858,245.898
295,5,40,31,274.189,208.827
295,5,40,32,299.909,178.694
295,5,40,33,167.538,192.754
295,5,40,34,196.662,232.397
295,5,40,35,96.5082,262.823
295,5,40,36,26.3555,99.9111
295,5,40,37,319.799,278.01
295,5,40,38,331.54,341.677
295,5,40,39,165.572,214.574
296,5,40,0,168.573,186.581
296,5,40,1,16.5914,12.8768
296,5,40,2,47.3188,34.7649
296,5,40,3,52.9045,62.5172
296,5,40,4,215.142,4.5587
296,5,40,5,177.443,164.595
296,5,40,6,201.266,346.298
296,5,40,7,307.694,326.862
296,5,40,8,290.732,233.324
296,5,40,9,162.905,267.813
296,5,40,10,21.7858,20.0809
296,5,40,11,327.502,108.955
296,5,40,12,117.529,278.488
296,5,40,13,31.2862,140.928
296,5,40,14,187.794,292.786
296,5,40,15,285.542,47.1019
296,5,40,16,103.551,219.834
296,5,40,17,251.273,308.123
296,5,40,18,201.07,238.067
296,5,40,19,305.951,40.948
296,5,40,20,109.504,139.657
296,5,40,21,279.819,286.934
296,5,40,22,138.061,73.8015
296,5,40,23,332.747,151.682
296,5,40,24,270.187,97.9374
296,5,40,25,318.331,216.36
296,5,40,26,220.758,303.159
296,5,40,27,92.7267,258.839
296,5,40,28,256.394,120.787
296,5,40,29,42.6657,90.2007
296,5,40,30,154.287,183.581
296,5,40,31,69.1076,196.731
296,5,40,32,146.798,129.422
296,5,40,33,123.093,337.039
296,5,40,34,238.646,56.7558
296,5,40,35,343.763,205.374
296,5,40,36,2.22742,321.189
296,5,40,37,234.129,83.5894
296,5,40,38,84.9653,173.335
296,5,40,39,72.2423,253.419
297,5,40,0,66.9545,288.671
297,5,40,1,180.445,244.272
297,5,40,2,264.615,210.955
297,5,40,3,216.978,315.795
297,5,40,4,304.699,336.95
297,5,40,5,196.788,122.485
297,5,40,6,12.3324,292.724
297,5,40,7,289.002,33.2644
297,5,40,8,252.849,139.544
297,5,40,9,29.9881,124.165
297,5,40,10,220.713,259.138
297,5,40,11,149.217,92.7064
297,5,40,12,125.559,111.968
297,5,40,13,122.122,191.534
297,5,40,14,131.924,41.715
297,5,40,15,232.328,200.077
297,5,40,16,110.99,23.7014
297,5,40,17,92.0601,275.001
297,5,40,18,276.152,80.7206
297,5,40,19,103.692,59.3986
297,5,40,20,24.2531,309.11
297,5,40,21,307.981,4.37426
297,5,40,22,206.07,67.4353
297,5,40,23,145.367,204.519
297,5,40,24,161.943,245.187
297,5,40,25,240.094,104.398
297,5,40,26,52.611,223.595
297,5,40,27,5.51605,174.776
297,5,40,28,42.0568,297.588
297,5,40,29,345.971,15.9261
297,5,40,30,73.3128,344.663
297,5,40,31,186.95,151.216
297,5,40,32,323.454,158.739
297,5,40,33,168.929,48.9443
297,5,40,34,287.305,269.055
297,5,40,35,259.492,227.627
297,5,40,36,336.106,181.955
297,5,40,37,332.083,76.0047
297,5,40,38,46.7216,328.495
297,5,40,39,81.6875,144.712
298,5,40,0,207.488,185.63
298,5,40,1,7.24257,7.04098
298,5,40,2,75.0471,209.724
298,5,40,3,157.693,236.829
298,5,40,4,281.331,44.3759
298,5,40,5,277.049,159.294
298,5,40,6,241.437,273.003
298,5,40,7,258.463,133.898
298,5,40,8,309.072,261.729
298,5,40,9,266.51,18.314
298,5,40,10,56.8138,308.113
298,5,40,11,146.967,334.408
298,5,40,12,225.675,72.8365
298,5,40,13,210.555,229.654
298,5,40,14,101.76,105.355
298,5,40,15,177.349,58.6927
298,5,40,16,227.774,152.784
298,5,40,17,14.1153,174.612
298,5,40,18,106.341,297.321
298,5,40,19,122.54,227.26
298,5,40,20,28.1454,180.956
298,5,40,21,320.834,280.453
298,5,40,22,191.115,83.559
298,5,40,23,83.5457,129.802
298,5,40,24,49.3463,211.784
298,5,40,25,62.1254,120.663
298,5,40,26,333.835,348.91
298,5,40,27,294.524,103.596
298,5,40,28,251.156,95.4645
298,5,40,29,133.517,40.9188
298,5,40,30,151.857,318.227
298,5,40,31,348.883,298.429
298,5,40,32,118.266,251.617
298,5,40,33,20.0287,265.348
298,5,40,34,92.7561,11.6589
298,5,40,35,330.222,143.501
298,5,40,36,298.515,328.241
298,5,40,37,171.639,194.588
298,5,40,38,199.272,30.9519
298,5,40,39,36.9833,65.121
299,5,40,0,340.601,61.1395
299,5,40,1,30.7695,147.804
299,5,40,2,14.8707,106.551
299,5,40,3,116.776,227.471
299,5,40,4,87.5271,269.187
299,5,40,5,329.523,89.2104
299,5,40,6,68.348,20.932
299,5,40,7,209.569,294.883
299,5,40,8,279.654,186.739
299,5,40,9,312.254,258.427
299,5,40,10,162.956,196.323
299,5,40,11,41.2772,132.397
299,5,40,12,57.2537,45.2348
299,5,40,13,191.872,32.8292
299,5,40,14,125.588,307.598
299,5,40,15,292.898,299.941
299,5,40,16,260.46,84.0738
299,5,40,17,224.063,65.6124
299,5,40,18,138.946,349.137
299,5,40,19,347.787,159.486
299,5,40,20,167.96,42.3344
299,5,40,21,74.2066,4.12954
299,5,40,22,82.4932,179.205
299,5,40,23,43.9406,242.219
299,5,40,24,182.859,153.902
299,5,40,25,322.273,250.102
299,5,40,26,271.11,337.938
299,5,40,27,303.031,99.5063
299,5,40,28,148.509,230.885
299,5,40,29,101.561,16.4778
299,5,40,30,232.888,273.985
299,5,40,31,285.551,123.049
299,5,40,32,22.1157,208.83
299,5,40,33,8.19836,70.5944
299,5,40,34,242.469,215.695
299,5,40,35,246.1,287.555
299,5,40,36,152.61,315.482
299,5,40,37,106.439,172.354
299,5,40,38,216.491,116.297
299,5,40,39,200.338,331.742
300,5,40,0,318.476,191.156
300,5,40,1,68.0153,64.0966
300,5,40,2,142.119,136.608
300,5,40,3,286.979,295.537
300,5,40,4,258.001,326.79
300,5,40,5,181.138,87.0299
300,5,40,6,96.6757,215.824
300,5,40,7,337.801,171.766
300,5,40,8,36.5378,54.2236
300,5,40,9,342.658,155.733
300,5,40,10,163.692,238.449
300,5,40,11,265.57,273.76
300,5,40,12,95.5084,252.217
300,5,40,13,300.145,164.498
300,5,40,14,295.856,75.3648
300,5,40,15,45.754,105.332
300,5,40,16,0.779976,143.734
300,5,40,17,9.23747,235.067
300,5,40,18,192.432,321.404
300,5,40,19,226.164,114.527
300,5,40,20,123.65,302.256
300,5,40,21,18.6099,255.59
300,5,40,22,228.698,180.605
300,5,40,23,307.699,340.452
300,5,40,24,166.459,37.8989
300,5,40,25,241.876,12.5134
300,5,40,26,271.736,203.939
300,5,40,27,83.1196,195.206
300,5,40,28,251.551,19.1301
300,5,40,29,135.142,1.71504
300,5,40,30,218.703,124.578
300,5,40,31,70.6077,312.657
300,5,40,32,32.9456,268.533
300,5,40,33,328.382,46.581
300,5,40,34,114.332,98.5064
300,5,40,35,154.904,95.871
300,5,40,36,204.929,31.5835
300,5,40,37,105.043,341.426
300,5,40,38,198.887,226.187
300,5,40,39,57.1512,282.581
301,5,40,0,187.175,297.618
301,5,40,1,197.411,246.315
301,5,40,2,14.2324,336.811
301,5,40,3,348.405,216.649
301,5,40,4,300.505,4.62758
301,5,40,5,251.432,143.441
301,5,40,6,150.83,347.487
301,5,40,7,36.211,69.1253
301,5,40,8,94.2478,175.232
301,5,40,9,140.896,326.381
301,5,40,10,339.354,39.0054
301,5,40,11,114.261,149.039
301,5,40,12,32.4213,123.089
301,5,40,13,64.4863,120.091
301,5,40,14,262.421,109.617
301,5,40,15,244.125,70.8314
301,5,40,16,323.65,240.536
301,5,40,17,328.311,229.119
301,5,40,18,262.903,80.8817
301,5,40,19,61.227,315.321
301,5,40,20,278.6,91.188
301,5,40,21,283.841,263.78
301,5,40,22,289.327,286.337
301,5,40,23,51.3893,102.137
301,5,40,24,208.501,174.237
301,5,40,25,97.3534,314.386
301,5,40,26,176.694,34.8429
301,5,40,27,77.3428,226.669
301,5,40,28,161.574,254.03
301,5,40,29,231.421,201.991
301,5,40,30,173.955,44.2472
301,5,40,31,210.667,55.4915
301,5,40,32,1.54244,198.694
301,5,40,33,130.172,272.777
301,5,40,34,22.8375,137.14
301,5,40,35,84.6699,292.205
301,5,40,36,226.137,186.513
301,5,40,37,312.278,21.0667
301,5,40,38,111.751,9.28025
301,5,40,39,134.535,162.907
302,5,40,0,60.5947,239.427
302,5,40,1,236.674,0.725253
302,5,40,2,82.0818,227.155
302,5,40,3,247.76,260.395
302,5,40,4,187.978,334.279
302,5,40,5,31.2769,181.004
302,5,40,6,158.813,79.2549
302,5,40,7,87.9431,192.125
302,5,40,8,325.57,347.575
302,5,40,9,174.084,24.5093
302,5,40,10,311.639,162.894
302,5,40,11,276.496,296.306
302,5,40,12,254.307,102.887
302,5,40,13,205.364,283.233
302,5,40,14,193.633,328.998
302,5,40,15,97.8518,131.144
302,5,40,16,322.245,275.227
302,5,40,17,62.2868,195.513
302,5,40,18,150.688,55.6243
302,5,40,19,76.2361,236.229
302,5,40,20,285.739,114.834
302,5,40,21,8.7306,315.547
302,5,40,22,222.866,310.654
302,5,40,23,345.28,70.7194
302,5,40,24,267.88,95.9452
302,5,40,25,41.8838,205.706
302,5,40,26,144.713,167.424
302,5,40,27,21.4486,151.165
302,5,40,28,112.088,211.455
302,5,40,29,289.96,253.61
302,5,40,30,332.664,33.3105
302,5,40,31,133.413,110.339
302,5,40,32,129.83,301.832
302,5,40,33,117.362,61.9851
302,5,40,34,178.068,265.027
302,5,40,35,210.298,17.4764
302,5,40,36,235.826,147.989
302,5,40,37,49.2736,42.5613
302,5,40,38,298.611,48.3189
302,5,40,39,8.94994,135.286
303,5,40,0,153.866,58.9375
303,5,40,1,131.041,4.5889
303,5,40,2,232.233,196.24
303,5,40,3,335.655,341.225
303,5,40,4,73.7632,18.5145
303,5,40,5,101.397,329.723
303,5,40,6,294.153,102.683
303,5,40,7,9.10178,216.924
303,5,40,8,90.7284,70.6634
303,5,40,9,203.827,158.368
303,5,40,10,256.857,261.577
303,5,40,11,302.665,253.495
303,5,40,12,112.415,209.656
303,5,40,13,43.2205,192.487
303,5,40,14,8.34305,44.1238
303,5,40,15,191.565,88.8068
303,5,40,16,284.845,317.435
303,5,40,17,214.339,68.6671
303,5,40,18,172.747,282.948
303,5,40,19,147.865,144.588
303,5,40,20,61.8299,131.351
303,5,40,21,113.797,349.306
303,5,40,22,220.902,127.654
303,5,40,23,324.194,11.4794
303,5,40,24,30.2593,40.0682
303,5,40,25,349.947,80.7686
303,5,40,26,18.7757,116.053
303,5,40,27,307.378,239.636
303,5,40,28,164.413,171.942
303,5,40,29,50.1771,264.673
303,5,40,30,200.44,108.436
303,5,40,31,277.485,227.162
303,5,40,32,270.205,311.459
303,5,40,33,138.348,183.615
303,5,40,34,323.536,31.1193
303,5,40,35,175.305,276.01
303,5,40,36,54.1256,294.856
303,5,40,37,241.898,304.119
303,5,40,38,245.837,229.337
303,5,40,39,86.277,150.548
304,5,40,0,98.1223,313.108
304,5,40,1,220.615,242.503
304,5,40,2,200.24,69.4114
304,5,40,3,181.997,106.721
304,5,40,4,293.819,271.93
304,5,40,5,201.502,101.544
304,5,40,6,236.552,287.902
304,5,40,7,216.499,83.6711
304,5,40,8,7.22867,209.251
304,5,40,9,269.669,289.555
304,5,40,10,166.051,184.346
304,5,40,11,186.656,55.259
304,5,40,12,84.4409,257.476
304,5,40,13,78.33,253.485
304,5,40,14,92.4284,345.002
304,5,40,15,137.779,301.721
304,5,40,16,148.456,39.7187
304,5,40,17,303.453,167.109
304,5,40,18,105.616,335.085
304,5,40,19,338.124,34.3856
304,5,40,20,168.44,130.353
304,5,40,21,118.801,157.761
304,5,40,22,245.901,49.7068
304,5,40,23,10.1143,151.458
304,5,40,24,349.251,2.98961
304,5,40,25,25.1597,176.904
304,5,40,26,149.314,141.605
304,5,40,27,49.7582,328.554
304,5,40,28,234.367,72.5272
304,5,40,29,287.826,115.777
304,5,40,30,316.254,226.501
304,5,40,31,254.092,89.306
304,5,40,32,308.815,21.7731
304,5,40,33,328.313,321.378
304,5,40,34,61.6173,135.125
304,5,40,35,123.671,211.184
304,5,40,36,57.7254,200.062
304,5,40,37,278.603,266.154
304,5,40,38,27.5116,13.3876
304,5,40,39,42.059,229.88
305,5,40,0,274.327,206.94
305,5,40,1,294.433,174.57
305,5,40,2,300.935,270.312
305,5,40,3,314.739,78.3641
305,5,40,4,128.878,221.146
305,5,40,5,173.407,235.466
305,5,40,6,50.8746,286.262
305,5,40,7,327.887,192.69
305,5,40,8,207.707,95.3832
305,5,40,9,339.762,250.238
305,5,40,10,16.5402,1.85463
305,5,40,11,69.4919,18.7114
305,5,40,12,82.5053,119.729
305,5,40,13,99.1053,106.214
305,5,40,14,147.576,55.6169
305,5,40,15,218.743,273.585
305,5,40,16,54.2151,147.054
305,5,40,17,18.1592,165.601
305,5,40,18,76.1305,176.345
305,5,40,19,249.647,300.162
305,5,40,20,281.212,336.673
305,5,40,21,263.486,308.142
305,5,40,22,344.905,40.4558
305,5,40,23,319.286,296.381
305,5,40,24,190.318,254.348
305,5,40,25,159.234,344.207
305,5,40,26,180.165,133.858
305,5,40,27,40.3151,155.716
305,5,40,28,192.821,87.0942
305,5,40,29,262.008,123.635
305,5,40,30,219.878,325.448
305,5,40,31,106.119,103.581
305,5,40,32,136.636,66.7037
305,5,40,33,235.869,29.8758
305,5,40,34,243.147,188.018
305,5,40,35,153.162,237.105
305,5,40,36,27.2842,215.22
305,5,40,37,4.49404,12.2798
305,5,40,38,91.6935,322.346
305,5,40,39,114.046,50.0403
306,5,40,0,153.664,105.917
306,5,40,1,79.7683,121.862
306,5,40,2,254.76,181.937
306,5,40,3,287.167,138.046
306,5,40,4,232.131,207.662
306,5,40,5,10.4642,104.437
306,5,40,6,320.925,37.1764
306,5,40,7,22.962,188.771
306,5,40,8,177.857,92.9837
306,5,40,9,166.741,295.054
306,5,40,10,69.1952,51.6885
306,5,40,11,119.914,197.047
306,5,40,12,99.4867,31.9779
306,5,40,13,262.884,145.431
306,5,40,14,314.863,307.768
306,5,40,15,8.18214,63.8382
306,5,40,16,297.603,329.237
306,5,40,17,278.975,162.704
306,5,40,18,52.489,301.11
306,5,40,19,206.006,10.1855
306,5,40,20,326.406,215.903
306,5,40,21,193.824,249.203
306,5,40,22,238.71,333.388
306,5,40,23,249.73,126.715
306,5,40,24,113.724,60.7672
306,5,40,25,338.361,223.585
306,5,40,26,292.091,285.298
306,5,40,27,29.5619,148.979
306,5,40,28,93.2835,345.923
306,5,40,29,124.752,279.744
306,5,40,30,138.639,84.167
306,5,40,31,349.399,321.429
306,5,40,32,185.869,239.037
306,5,40,33,72.535,167.756
306,5,40,34,224.921,254.073
306,5,40,35,143.462,236.105
306,5,40,36,166.036,72.6766
306,5,40,37,41.4406,265.765
306,5,40,38,213.502,7.65252
306,5,40,39,55.2565,21.3455
307,5,40,0,256.033,271.555
307,5,40,1,300.229,18.188
307,5,40,2,42.2725,9.2059
307,5,40,3,215.67,52.1781
307,5,40,4,120.544,40.0625
307,5,40,5,56.704,328.165
307,5,40,6,0.459417,76.1661
307,5,40,7,340.892,190.354
307,5,40,8,132.325,262.938
307,5,40,9,75.5878,83.8894
307,5,40,10,90.8696,87.8035
307,5,40,11,233.344,203.553
307,5,40,12,82.1538,224.158
307,5,40,13,249.236,239.969
307,5,40,14,321.234,250.465
307,5,40,15,292.312,198.972
307,5,40,16,14.3624,122.028
307,5,40,17,278.941,235.121
307,5,40,18,159.43,28.1537
307,5,40,19,147.193,301.318
307,5,40,20,125.645,147.085
307,5,40,21,189.981,321.208
307,5,40,22,172.259,132.696
307,5,40,23,153.357,290.01
307,5,40,24,33.3294,56.4515
307,5,40,25,19.1851,344.426
307,5,40,26,106.585,180.996
307,5,40,27,282.418,96.8447
307,5,40,28,196.836,66.5654
307,5,40,29,49.4584,255.088
307,5,40,30,309.54,309.895
307,5,40,31,225.521,210.314
307,5,40,32,103.094,168.25
307,5,40,33,324.687,162.247
307,5,40,34,203.136,6.08992
307,5,40,35,238.272,281.695
307,5,40,36,65.0781,126.361
307,5,40,37,263.788,153.367
307,5,40,38,343.397,109.572
307,5,40,39,177.57,337.594
308,5,40,0,138.428,27.4054
308,5,40,1,119.9,339.661
308,5,40,2,318.1,130.301
308,5,40,3,13.0517,74.0682
308,5,40,4,146.034,280.905
308,5,40,5,204.591,238.261
308,5,40,6,174.789,108.802
308,5,40,7,292.173,134.906
308,5,40,8,286.16,44.9225
308,5,40,9,68.3836,345.51
308,5,40,10,37.6628,59.0232
308,5,40,11,8.01149,232.55
308,5,40,12,90.4187,174.749
308,5,40,13,162.147,162.126
308,5,40,14,213.291,157.187
308,5,40,15,183.434,147.806
308,5,40,16,262.7,313.921
308,5,40,17,58.2327,213.796
308,5,40,18,102.497,209.353
308,5,40,19,252.456,226.55
308,5,40,20,346.565,192.979
308,5,40,21,256.925,298.992
308,5,40,22,83.8374,263.769
308,5,40,23,221.497,120.569
308,5,40,24,193.369,250.783
308,5,40,25,153.789,66.4866
308,5,40,26,109.849,329.327
308,5,40,27,335.347,0.991659
308,5,40,28,303.558,88.5841
308,5,40,29,273.19,39.7048
308,5,40,30,27.6515,21.9059
308,5,40,31,327.895,296.203
308,5,40,32,187.351,192.499
308,5,40,33,47.4755,178.651
308,5,40,34,313.046,83.766
308,5,40,35,24.6908,254.453
308,5,40,36,235.358,104.528
308,5,40,37,126.673,321.122
308,5,40,38,72.9438,272.362
308,5,40,39,244.866,10.344
309,5,40,0,103.461,119.954
309,5,40,1,131.652,18.7526
309,5,40,2,49.125,162.606
309,5,40,3,145.799,291.323
309,5,40,4,218.59,330.133
309,5,40,5,194.428,113.731
309,5,40,6,70.7017,264.51
309,5,40,7,57.809,288.108
309,5,40,8,322.058,136.822
309,5,40,9,34.533,219.144
309,5,40,10,221.249,339.168
309,5,40,11,159.277,312.048
309,5,40,12,153.687,56.1015
309,5,40,13,232.46,304.162
309,5,40,14,335.706,65.9259
309,5,40,15,7.04345,171.501
309,5,40,16,326.294,255.227
309,5,40,17,11.5826,101.48
309,5,40,18,264.888,40.9564
309,5,40,19,168.186,276.533
309,5,40,20,41.9248,149.295
309,5,40,21,277.975,6.88245
309,5,40,22,298.576,176.863
309,5,40,23,188.159,196.887
309,5,40,24,125.044,16.8892
309,5,40,25,259.176,141.295
309,5,40,26,205.431,320.193
309,5,40,27,343.237,234.874
309,5,40,28,283.062,236.274
309,5,40,29,289.719,252.088
309,5,40,30,66.4783,81.6807
309,5,40,31,91.8874,32.526
309,5,40,32,121.4,74.3463
309,5,40,33,178.788,48.2028
309,5,40,34,245.929,188.11
309,5,40,35,85.7444,127.17
309,5,40,36,313.999,91.5692
309,5,40,37,105.204,218.051
309,5,40,38,22.5249,209.867
309,5,40,39,237.484,343.323
310,5,40,0,155.403,262.118
310,5,40,1,61.2924,312.447
310,5,40,2,263.389,206.452
310,5,40,3,40.5065,124.717
310,5,40,4,74.4829,187.78
310,5,40,5,82.4143,142.72
310,5,40,6,16.5592,178.186
310,5,40,7,95.0099,36.423
310,5,40,8,2.42215,240.283
310,5,40,9,34.1086,228.99
310,5,40,10,183.49,83.5721
310,5,40,11,339.889,72.4464
310,5,40,12,241.63,32.835
310,5,40,13,321.302,153.755
310,5,40,14,235.054,210.158
310,5,40,15,142.519,266.175
310,5,40,16,112.104,173.961
310,5,40,17,312.28,2.41542
310,5,40,18,102.047,10.4626
310,5,40,19,123.347,288.25
310,5,40,20,185.083,343.017
310,5,40,21,303.747,318.935
310,5,40,22,283.865,252.743
310,5,40,23,196.651,218.911
310,5,40,24,329.414,114.538
310,5,40,25,58.4366,292.211
310,5,40,26,139.368,95.1328
310,5,40,27,51.5863,52.0912
310,5,40,28,121.033,100.84
310,5,40,29,220.02,139.71
310,5,40,30,290.078,330.685
310,5,40,31,213.845,300.61
310,5,40,32,260.268,278.192
310,5,40,33,20.0116,109.463
310,5,40,34,249.96,23.8048
310,5,40,35,349.283,164.257
310,5,40,36,172.589,55.8506
310,5,40,37,163.361,62.8934
310,5,40,38,277.805,196.273
310,5,40,39,208.1,334.468
311,5,40,0,307.854,306.474
311,5,40,1,34.4082,112.388
311,5,40,2,330.626,54.8507
311,5,40,3,294.177,344.139
311,5,40,4,2.62548,258.002
311,5,40,5,262.779,210.257
311,5,40,6,288.343,114.393
311,5,40,7,228.349,229.067
311,5,40,8,20.6204,136.892
311,5,40,9,322.955,75.9126
311,5,40,10,107.18,299.244
311,5,40,11,48.3437,293.837
311,5,40,12,157.756,140.46
311,5,40,13,147.548,167.091
311,5,40,14,151.693,324.298
311,5,40,15,127.778,220.517
311,5,40,16,13.5954,190.047
311,5,40,17,74.3704,315.534
311,5,40,18,253.902,252.054
311,5,40,19,102.833,198.883
311,5,40,20,39.9682,52.1065
311,5,40,21,88.2226,165.505
311,5,40,22,180.221,13.0167
311,5,40,23,118.935,236.785
311,5,40,24,224.878,41.313
311,5,40,25,173.145,278.829
311,5,40,26,301.055,207.3
311,5,40,27,81.669,6.14938
311,5,40,28,338.942,69.957
311,5,40,29,133.331,262.731
311,5,40,30,345.704,26.379
311,5,40,31,208.168,335.589
311,5,40,32,276.306,179.481
311,5,40,33,218.09,103.76
311,5,40,34,243.257,128.397
311,5,40,35,190.988,79.2132
311,5,40,36,56.0027,157.054
311,5,40,37,196.235,285.811
311,5,40,38,249.242,22.3195
311,5,40,39,63.4068,89.1272
312,5,40,0,95.9104,74.605
312,5,40,1,84.1084,322.44
312,5,40,2,272.827,259.621
312,5,40,3,47.7706,313.549
312,5,40,4,310.476,164.158
312,5,40,5,235.417,34.677
312,5,40,6,247.088,57.3483
312,5,40,7,198.157,271.535
312,5,40,8,143.461,1.23428
312,5,40,9,201.763,22.3242
312,5,40,10,128.152,225.117
312,5,40,11,302.79,130.333
312,5,40,12,282.197,178.019
312,5,40,13,35.8307,212.785
312,5,40,14,289.452,174.408
312,5,40,15,343.666,115.897
312,5,40,16,336.992,192.755
312,5,40,17,55.7997,324.409
312,5,40,18,28.6094,109.334
312,5,40,19,7.65173,305.213
312,5,40,20,78.7278,338.291
312,5,40,21,210.619,41.4557
312,5,40,22,220.978,245.342
312,5,40,23,170.081,45.8294
312,5,40,24,97.6893,84.3265
312,5,40,25,238.666,101.139
312,5,40,26,154.973,185.495
312,5,40,27,329.062,342.987
312,5,40,28,160.418,203.308
312,5,40,29,19.7785,94.49
312,5,40,30,320.336,65.1049
312,5,40,31,177.452,291.31
312,5,40,32,136.362,136.505
312,5,40,33,254.397,234.272
312,5,40,34,16.3501,241.627
312,5,40,35,111.092,280.204
312,5,40,36,69.3257,152.316
312,5,40,37,186.378,146.534
312,5,40,38,266.034,262.828
312,5,40,39,114.174,14.0476
313,5,40,0,179.475,29.7473
313,5,40,1,276.509,331.868
313,5,40,2,86.0419,53.9543
313,5,40,3,125.352,25.3814
313,5,40,4,64.5334,8.44026
313,5,40,5,14.6461,260.333
313,5,40,6,292.952,206.397
313,5,40,7,40.8565,338.616
313,5,40,8,340.157,288.426
313,5,40,9,100.978,88.3958
313,5,40,10,114.272,148.153
313,5,40,11,162.618,270.382
313,5,40,12,302.791,322.735
313,5,40,13,315.638,301.132
313,5,40,14,156.382,86.7045
313,5,40,15,236.422,68.062
313,5,40,16,327.34,277.503
313,5,40,17,167.05,100.728
313,5,40,18,54.3829,39.0839
313,5,40,19,250.951,234.09
313,5,40,20,50.7775,75.0276
313,5,40,21,189.328,184.629
313,5,40,22,1.30977,312.775
313,5,40,23,224.997,177.108
313,5,40,24,345.971,150.422
313,5,40,25,261.187,12.8137
313,5,40,26,111.482,347.437
313,5,40,27,229.214,236.723
313,5,40,28,210.689,292.002
313,5,40,29,196.915,125.663
313,5,40,30,28.4063,121.075
313,5,40,31,145.943,132.803
313,5,40,32,20.3993,112.743
313,5,40,33,131.976,193.016
313,5,40,34,286.591,165.311
313,5,40,35,267.746,48.868
313,5,40,36,307.699,221.12
313,5,40,37,204.572,251.143
313,5,40,38,74.8948,172.852
313,5,40,39,90.4447,212.855
314,5,40,0,298.713,277.874
314,5,40,1,155.625,344.437
314,5,40,2,64.525,49.7689
314,5,40,3,256.969,82.8593
314,5,40,4,90.8168,186.263
314,5,40,5,267.666,90.489
314,5,40,6,227.368,230.512
314,5,40,7,196.974,16.3763
314,5,40,8,56.835,22.7495
314,5,40,9,277.575,240.851
314,5,40,10,117.362,165.658
314,5,40,11,38.9159,5.94212
314,5,40,12,84.3236,307.887
314,5,40,13,246.486,335.164
314,5,40,14,210.062,296.609
314,5,40,15,308.005,179.801
314,5,40,16,48.3197,300.676
314,5,40,17,322.977,30.8951
314,5,40,18,126.99,254.778
314,5,40,19,232.658,64.174
314,5,40,20,334.632,222.841
314,5,40,21,296.519,73.3304
314,5,40,22,345.217,154.986
314,5,40,23,104.578,247.583
314,5,40,24,30.8947,174.975
314,5,40,25,208.453,144.145
314,5,40,26,109.497,200.6
314,5,40,27,240.975,122.734
314,5,40,28,24.333,284.223
314,5,40,29,178.866,202.545
314,5,40,30,288.062,120.051
314,5,40,31,330.013,100.055
314,5,40,32,158.271,264.287
314,5,40,33,71.1234,108.051
314,5,40,34,170.243,218.334
314,5,40,35,185.071,323.942
314,5,40,36,5.01761,315.723
314,5,40,37,15.055,41.5494
314,5,40,38,137.128,57.2437
314,5,40,39,146.447,137.006
315,5,40,0,102.703,144.159
315,5,40,1,15.3445,242.596
315,5,40,2,180.286,57.5455
315,5,40,3,294.12,84.1372
315,5,40,4,221.356,158.037
315,5,40,5,204.238,21.6609
315,5,40,6,91.3547,106.174
315,5,40,7,242.208,300.209
315,5,40,8,73.9166,30.832
315,5,40,9,339.792,207.858
315,5,40,10,284.839,181.233
315,5,40,11,197.337,318.555
315,5,40,12,186.42,191.461
315,5,40,13,321.466,66.7177
315,5,40,14,127.475,309.231
315,5,40,15,309.161,263.489
315,5,40,16,344.359,102.381
315,5,40,17,160.439,41.4933
315,5,40,18,26.8366,193.887
315,5,40,19,271.604,349.509
315,5,40,20,327.641,275.202
315,5,40,21,227.794,336.556
315,5,40,22,115.503,214.164
315,5,40,23,2.98689,327.236
315,5,40,24,39.724,236.2
315,5,40,25,134.716,224.204
315,5,40,26,108.244,71.5171
315,5,40,27,22.9012,249.425
315,5,40,28,264.83,284.865
315,5,40,29,144.685,290.465
315,5,40,30,299.267,49.4636
315,5,40,31,213.097,118.759
315,5,40,32,150.767,149.452
315,5,40,33,166.647,258.702
315,5,40,34,248.961,123.101
315,5,40,35,58.1047,15.4892
315,5,40,36,66.0287,171.503
315,5,40,37,84.5845,133.893
315,5,40,38,260.083,95.7721
315,5,40,39,45.4709,6.00731
316,5,40,0,303.498,79.678
316,5,40,1,276.364,296.191
316,5,40,2,215.079,210.629
316,5,40,3,59.3066,95.5612
316,5,40,4,338.07,135.226
316,5,40,5,252.34,70.7034
316,5,40,6,16.8159,103.209
316,5,40,7,167.959,232.278
316,5,40,8,238.278,2.57773
316,5,40,9,225.978,30.2602
316,5,40,10,49.4357,278.235
316,5,40,11,77.6339,225.801
316,5,40,12,121.592,304.659
316,5,40,13,206.238,311.467
316,5,40,14,42.857,114.903
316,5,40,15,113.556,127.553
316,5,40,16,312.048,335.642
316,5,40,17,158.472,154.08
316,5,40,18,194.145,110.964
316,5,40,19,141.601,202.016
316,5,40,20,287.709,164.077
316,5,40,21,69.7065,182.113
316,5,40,22,88.3,262.71
316,5,40,23,349.856,317.764
316,5,40,24,320.624,12.1892
316,5,40,25,187.2,186.13
316,5,40,26,296.731,344.496
316,5,40,27,153.905,330.634
316,5,40,28,265.371,19.055
316,5,40,29,100.214,55.5384
316,5,40,30,31.9926,237.492
316,5,40,31,127.84,148.097
316,5,40,32,257.113,50.0847
316,5,40,33,228.459,261.465
316,5,40,34,8.36438,253.082
316,5,40,35,19.7918,39.5701
316,5,40,36,178.587,66.472
316,5,40,37,81.0828,284.155
316,5,40,38,327.629,199.569
316,5,40,39,136.232,170.999
317,5,40,0,335.986,214.971
317,5,40,1,325.398,79.7046
317,5,40,2,31.4459,333.039
317,5,40,3,24.2571,25.99
317,5,40,4,37.5412,269.801
317,5,40,5,8.51764,323.903
317,5,40,6,313.783,62.8846
317,5,40,7,108.235,50.008
317,5,40,8,215.5,195.41
317,5,40,9,301.836,117.813
317,5,40,10,44.7133,180.838
317,5,40,11,318.81,184.331
317,5,40,12,139.815,30.3313
317,5,40,13,277.704,302.355
317,5,40,14,9.83146,220.049
317,5,40,15,55.0403,255.857
317,5,40,16,151.355,61.0106
317,5,40,17,229.5,233.433
317,5,40,18,260.798,284.436
317,5,40,19,246.149,237.104
317,5,40,20,282.426,96.0956
317,5,40,21,266.166,133.696
317,5,40,22,94.1805,38.6611
317,5,40,23,183.951,349.476
317,5,40,24,144.94,164.538
317,5,40,25,128.07,3.97203
317,5,40,26,225.611,101.905
317,5,40,27,289.262,246.383
317,5,40,28,83.0625,310.75
317,5,40,29,169.452,173.44
317,5,40,30,347.138,318.452
317,5,40,31,71.2496,273.23
317,5,40,32,237.058,10.7166
317,5,40,33,197.657,154.624
317,5,40,34,160.227,205.687
317,5,40,35,206.671,296.867
317,5,40,36,179.45,129.603
317,5,40,37,67.1104,70.1196
317,5,40,38,120.153,146.324
317,5,40,39,99.4904,109.431
318,5,40,0,72.3096,324.331
318,5,40,1,341.027,126.188
318,5,40,2,317.837,64.0325
318,5,40,3,271.094,296.478
318,5,40,4,212.931,90.3712
318,5,40,5,295.739,54.9941
318,5,40,6,242.767,316.206
318,5,40,7,33.9385,276.491
318,5,40,8,9.8065,84.3435
318,5,40,9,219.375,301.179
318,5,40,10,229.756,264.856
318,5,40,11,272.667,229.774
318,5,40,12,191.615,46.9595
318,5,40,13,349.277,72.7273
318,5,40,14,149.991,145.404
318,5,40,15,261.332,148.927
318,5,40,16,129.698,253.043
318,5,40,17,110.203,208.044
318,5,40,18,178.29,161.221
318,5,40,19,67.1636,10.7505
318,5,40,20,19.3509,254.454
318,5,40,21,57.1233,222.436
318,5,40,22,89.6626,103.504
318,5,40,23,204.076,185.674
318,5,40,24,132.053,120.593
318,5,40,25,102.25,134.512
318,5,40,26,246.415,337.879
318,5,40,27,3.24898,218.026
318,5,40,28,299.931,288.08
318,5,40,29,308.559,179.83
318,5,40,30,37.8477,32.9925
318,5,40,31,159.978,198.528
318,5,40,32,201.087,314.559
318,5,40,33,50.7441,348.968
318,5,40,34,172.078,106.577
318,5,40,35,283.083,172.306
318,5,40,36,82.0556,19.2918
318,5,40,37,148.637,6.40431
318,5,40,38,120.372,40.0109
318,5,40,39,328.147,240.106
319,5,40,0,217.302,279.58
319,5,40,1,181.359,161.915
319,5,40,2,156.033,294.232
319,5,40,3,8.31579,46.8561
319,5,40,4,67.0008,43.4856
319,5,40,5,343.04,156.804
319,5,40,6,42.6669,71.0362
319,5,40,7,14.0133,168.037
319,5,40,8,310.9,118.75
319,5,40,9,107.752,53.6474
319,5,40,10,285.942,205.249
319,5,40,11,324.537,257.09
319,5,40,12,29.0274,100.712
319,5,40,13,94.6628,299.407
319,5,40,14,70.6544,33.8032
319,5,40,15,251.688,16.8754
319,5,40,16,114.624,210.732
319,5,40,17,161.068,22.0951
319,5,40,18,98.4421,145.73
319,5,40,19,334.373,4.90877
319,5,40,20,218.904,316.689
319,5,40,21,60.6762,233.96
319,5,40,22,208.756,250.585
319,5,40,23,144.214,124.183
319,5,40,24,237.67,266.787
319,5,40,25,191.983,185.036
319,5,40,26,25.0636,67.1781
319,5,40,27,320.571,139.742
319,5,40,28,169.389,107.19
319,5,40,29,83.9697,243.429
319,5,40,30,268.506,345.123
319,5,40,31,194.712,94.6805
319,5,40,32,277.088,79.9405
319,5,40,33,124.986,287.211
319,5,40,34,261.237,326.609
319,5,40,35,228.918,193.939
319,5,40,36,294.178,175.284
319,5,40,37,48.8571,226.603
319,5,40,38,132.907,335.98
319,5,40,39,303.228,312.873
320,5,40,0,262.075,225.141
320,5,40,1,273.143,278.036
320,5,40,2,206.858,23.9202
320,5,40,3,325.068,53.169
320,5,40,4,334.267,29.8323
320,5,40,5,170.173,260.633
320,5,40,6,312.936,38.2289
320,5,40,7,344.714,330.95
320,5,40,8,58.4047,128.975
320,5,40,9,1.15253,148.714
320,5,40,10,141.107,317.809
320,5,40,11,132.642,262.822
320,5,40,12,127.587,81.9376
320,5,40,13,233.212,119.103
320,5,40,14,219.031,248.956
320,5,40,15,265.255,288.285
320,5,40,16,97.1803,15.376
320,5,40,17,289.525,95.9797
320,5,40,18,211.581,1.47727
320,5,40,19,89.9188,107.814
320,5,40,20,74.8653,236.891
320,5,40,21,111.081,190.226
320,5,40,22,23.1922,101.612
320,5,40,23,236.873,212.659
320,5,40,24,283.513,183.122
320,5,40,25,177.861,76.1335
320,5,40,26,195.41,309.526
320,5,40,27,15.9771,136.703
320,5,40,28,42.504,44.9872
320,5,40,29,249.492,194.802
320,5,40,30,116.009,170.296
320,5,40,31,27.4543,289.931
320,5,40,32,45.9879,340.206
320,5,40,33,302.635,66.7203
320,5,40,34,322.68,162.747
320,5,40,35,191.163,299.751
320,5,40,36,160.246,229.968
320,5,40,37,79.4173,156.952
320,5,40,38,63.7745,346.636
320,5,40,39,152.078,208.763
321,5,40,0,239.093,78.8635
321,5,40,1,171.238,235.739
321,5,40,2,195.395,100.037
321,5,40,3,317.109,114.419
321,5,40,4,81.342,273.295
321,5,40,5,159.637,1.98095
321,5,40,6,157.483,244.376
321,5,40,7,63.0546,49.4445
321,5,40,8,340.06,73.6781
321,5,40,9,100.222,341.154
321,5,40,10,228.515,322.291
321,5,40,11,185.075,246.202
321,5,40,12,180.385,161.742
321,5,40,13,106.663,188.788
321,5,40,14,262.227,52.7011
321,5,40,15,263.555,175.909
321,5,40,16,279.99,171.843
321,5,40,17,293.647,313.96
321,5,40,18,143.259,61.9897
321,5,40,19,30.0506,255.566
321,5,40,20,224.804,34.8137
321,5,40,21,304.595,139.083
321,5,40,22,328.614,214.88
321,5,40,23,285.702,293.681
321,5,40,24,120.878,280.289
321,5,40,25,18.6123,144.505
321,5,40,26,138.685,346.004
321,5,40,27,74.5954,93.1196
321,5,40,28,212.455,39.4351
321,5,40,29,127.224,193.928
321,5,40,30,41.2996,9.92361
321,5,40,31,250.205,225.784
321,5,40,32,95.9065,126.939
321,5,40,33,48.7128,23.6727
321,5,40,34,204.885,266.819
321,5,40,35,344.385,202.197
321,5,40,36,13.0137,328.726
321,5,40,37,56.18,302.968
321,5,40,38,2.9737,113.381
321,5,40,39,314.729,152.893
322,5,40,0,324.272,28.513
322,5,40,1,210.094,277.05
322,5,40,2,332.896,194.786
322,5,40,3,149.33,241.707
322,5,40,4,180.65,224.694
322,5,40,5,44.1778,141.936
322,5,40,6,272.643,16.5861
322,5,40,7,112.371,167.606
322,5,40,8,189.949,348.101
322,5,40,9,303.978,3.3491
322,5,40,10,205.224,151.571
322,5,40,11,252.192,260.695
322,5,40,12,344.57,118.981
322,5,40,13,126.057,283.085
322,5,40,14,197.859,178.226
322,5,40,15,309.631,249.531
322,5,40,16,53.4467,56.7056
322,5,40,17,319.39,131.134
322,5,40,18,138.991,312.918
322,5,40,19,39.0595,96.6855
322,5,40,20,267.424,137.175
322,5,40,21,283.569,217.83
322,5,40,22,97.0902,186.132
322,5,40,23,79.2804,209.834
322,5,40,24,228.309,231.36
322,5,40,25,223.028,335.097
322,5,40,26,144.799,161.421
322,5,40,27,94.8381,330.661
322,5,40,28,28.9975,295.221
322,5,40,29,239.905,111.225
322,5,40,30,159.014,75.7337
322,5,40,31,169.821,320.44
322,5,40,32,2.32005,271.012
322,5,40,33,10.614,18.8695
322,5,40,34,22.0974,36.0042
322,5,40,35,67.4456,65.9553
322,5,40,36,289.057,87.0144
322,5,40,37,254.499,298.005
322,5,40,38,71.5563,46.589
322,5,40,39,119.791,89.6127
323,5,40,0,226.671,165.843
323,5,40,1,235.15,274.215
323,5,40,2,259.63,192.974
323,5,40,3,99.4909,57.6082
323,5,40,4,201.824,51.3008
323,5,40,5,37.7363,239.981
323,5,40,6,344.729,342.902
323,5,40,7,286.917,325.278
323,5,40,8,147.157,63.4464
323,5,40,9,243.344,100.584
323,5,40,10,88.5574,88.6933
323,5,40,11,15.525,297.672
323,5,40,12,211.279,34.774
323,5,40,13,122.706,248.001
323,5,40,14,80.0785,106.648
323,5,40,15,75.5309,4.09401
323,5,40,16,265.706,316.897
323,5,40,17,292.098,267.145
323,5,40,18,29.6086,173.481
323,5,40,19,24.8428,178.149
323,5,40,20,326.336,295.955
323,5,40,21,134.08,151.58
323,5,40,22,277.238,219.275
323,5,40,23,148.765,22.4324
323,5,40,24,174.007,235.053
323,5,40,25,304.032,311.782
323,5,40,26,179.089,41.6748
323,5,40,27,65.0037,284.409
323,5,40,28,311.781,78.8025
323,5,40,29,316.715,254.14
323,5,40,30,57.0523,138.384
323,5,40,31,163.66,145.604
323,5,40,32,47.3581,334.818
323,5,40,33,114.128,121.158
323,5,40,34,247.892,9.84239
323,5,40,35,192.874,184.885
323,5,40,36,337.726,124.978
323,5,40,37,186.294,202.567
323,5,40,38,7.01789,78.3933
323,5,40,39,106.446,210.938
324,5,40,0,329.393,176.802
324,5,40,1,281.766,331.409
324,5,40,2,118.527,74.0027
324,5,40,3,82.5476,64.3268
324,5,40,4,24.7894,291.847
324,5,40,5,96.783,52.3231
324,5,40,6,223.342,100.172
324,5,40,7,185.679,268.9
324,5,40,8,209.939,94.6944
324,5,40,9,148.715,216.491
324,5,40,10,149.704,81.4264
324,5,40,11,63.3189,231.744
324,5,40,12,308.4,185.038
324,5,40,13,50.9205,109.01
324,5,40,14,52.685,13.6342
324,5,40,15,230.144,137.63
324,5,40,16,29.016,36.3028
324,5,40,17,179.729,130.293
324,5,40,18,346.003,152.659
324,5,40,19,260.539,311.289
324,5,40,20,240.457,255.139
324,5,40,21,173.812,119.018
324,5,40,22,333.14,341.493
324,5,40,23,199.778,225.139
324,5,40,24,252.925,57.5512
324,5,40,25,162.198,283.784
324,5,40,26,278.561,238.409
324,5,40,27,128.063,276.233
324,5,40,28,92.9406,250.803
324,5,40,29,16.8999,161.757
324,5,40,30,213.249,29.6923
324,5,40,31,317.269,203.88
324,5,40,32,41.0927,304.456
324,5,40,33,268.145,333.997
324,5,40,34,0.34545,21.768
324,5,40,35,132.106,173.956
324,5,40,36,109.982,322.971
324,5,40,37,306.249,4.18633
324,5,40,38,77.819,193.445
324,5,40,39,290.538,146.994
325,5,40,0,86.799,231.826
325,5,40,1,266.223,227.483
325,5,40,2,48.0956,32.6407
325,5,40,3,325.434,114.679
325,5,40,4,63.2861,263.819
325,5,40,5,273.159,173.723
325,5,40,6,207.071,63.4929
325,5,40,7,284.861,6.12897
325,5,40,8,34.347,146.658
325,5,40,9,292.327,192.746
325,5,40,10,257.862,12.6013
325,5,40,11,151.257,338.022
325,5,40,12,163.299,319.555
325,5,40,13,137.088,122.953
325,5,40,14,141.079,95.8217
325,5,40,15,17.0332,252.032
325,5,40,16,120.466,98.9393
325,5,40,17,0.107805,77.4827
325,5,40,18,323.28,309.341
325,5,40,19,93.6042,205.421
325,5,40,20,22.2242,59.9543
325,5,40,21,127.602,137.983
325,5,40,22,239.776,237.865
325,5,40,23,305.213,290.48
325,5,40,24,309.061,83.3076
325,5,40,25,213.153,284.57
325,5,40,26,168.177,162.74
325,5,40,27,333.017,326.007
325,5,40,28,221.481,212.494
325,5,40,29,198.946,49.4001
325,5,40,30,73.4762,24.1125
325,5,40,31,110.997,349.135
325,5,40,32,58.4871,151.566
325,5,40,33,103.379,302.399
325,5,40,34,38.8833,254.443
325,5,40,35,247.648,279.102
325,5,40,36,231.593,182.525
325,5,40,37,175.155,186.09
325,5,40,38,342.347,42.808
325,5,40,39,185.48,113.669
326,5,40,0,195.384,97.4217
326,5,40,1,175.783,241.392
326,5,40,2,16.7031,286.822
326,5,40,3,146.323,185.868
326,5,40,4,271.057,231.167
326,5,40,5,82.3628,267.593
326,5,40,6,206.528,150.302
326,5,40,7,6.06239,211.021
326,5,40,8,329.072,16.3602
326,5,40,9,285.302,52.3187
326,5,40,10,159.267,121.955
326,5,40,11,63.367,324.328
326,5,40,12,104.579,68.096
326,5,40,13,21.2092,173.828
326,5,40,14,60.6635,141.265
326,5,40,15,224.003,258.027
326,5,40,16,290.584,292.325
326,5,40,17,298.005,180.156
326,5,40,18,174.478,133.321
326,5,40,19,335.576,338.302
326,5,40,20,242.042,343.163
326,5,40,21,127.353,6.64753
326,5,40,22,245.808,72.4212
326,5,40,23,186.748,323.65
326,5,40,24,274.629,227.095
326,5,40,25,91.2882,126.192
326,5,40,26,156.607,110.818
326,5,40,27,311.326,273.429
326,5,40,28,342.497,55.8459
326,5,40,29,316.699,304.631
326,5,40,30,259.74,245.167
326,5,40,31,48.2819,160.255
326,5,40,32,117.802,94.6109
326,5,40,33,38.7621,209.659
326,5,40,34,106.195,314.072
326,5,40,35,137.775,39.1306
326,5,40,36,75.4148,82.168
326,5,40,37,218.633,31.1385
326,5,40,38,31.8234,25.9886
326,5,40,39,231.278,197.965
327,5,40,0,244.645,343.957
327,5,40,1,292.697,121.264
327,5,40,2,347.491,243.376
327,5,40,3,213.596,287.845
327,5,40,4,340.064,49.234
327,5,40,5,53.0456,157.971
327,5,40,6,103.032,224.212
327,5,40,7,96.0484,5.34734
327,5,40,8,226.613,25.5466
327,5,40,9,22.1355,14.7361
327,5,40,10,260.824,195.942
327,5,40,11,125.715,339.275
327,5,40,12,71.8914,143.899
327,5,40,13,195.234,233.033
327,5,40,14,263.706,30.8518
327,5,40,15,169.203,112.415
327,5,40,16,209.331,291.009
327,5,40,17,2.48552,71.215
327,5,40,18,111.192,261.487
327,5,40,19,30.6043,126.437
327,5,40,20,281.247,277.59
327,5,40,21,235.725,36.0067
327,5,40,22,114.608,178.276
327,5,40,23,253.28,266.844
327,5,40,24,278.107,246.792
327,5,40,25,150.504,53.6937
327,5,40,26,307.917,207.354
327,5,40,27,42.8682,316.491
327,5,40,28,136.081,155.136
327,5,40,29,187.152,87.1029
327,5,40,30,183.373,310.68
327,5,40,31,315.584,63.8599
327,5,40,32,141.558,98.5794
327,5,40,33,64.6867,139.652
327,5,40,34,50.273,324.624
327,5,40,35,159.378,216.465
327,5,40,36,83.8286,88.738
327,5,40,37,9.27411,186.7
327,5,40,38,332.176,299.128
327,5,40,39,302.538,168.753
328,5,40,0,47.0757,252.808
328,5,40,1,285.161,121.835
328,5,40,2,93.358,130.644
328,5,40,3,278.102,244.626
328,5,40,4,101.233,96.7869
328,5,40,5,8.44376,74.0863
328,5,40,6,311.639,218.535
328,5,40,7,231.794,44.9943
328,5,40,8,154.843,29.1495
328,5,40,9,109.133,257.08
328,5,40,10,122.36,346.318
328,5,40,11,344.917,264.898
328,5,40,12,71.9823,336.718
328,5,40,13,145.173,327.167
328,5,40,14,15.1652,299.442
328,5,40,15,265.951,159.257
328,5,40,16,191.697,219.439
328,5,40,17,196.309,106.678
328,5,40,18,320.547,205.525
328,5,40,19,302.325,296.782
328,5,40,20,183.345,135.205
328,5,40,21,325.146,89.7407
328,5,40,22,168.98,11.7048
328,5,40,23,56.547,322.549
328,5,40,24,41.9035,6.92195
328,5,40,25,258.858,273.656
328,5,40,26,19.7031,230.415
328,5,40,27,28.7292,59.4572
328,5,40,28,133.744,65.3441
328,5,40,29,237.991,185.195
328,5,40,30,296.651,176.084
328,5,40,31,161.874,285.785
328,5,40,32,334.947,80.3417
328,5,40,33,66.2928,200.653
328,5,40,34,219.214,313.006
328,5,40,35,217.031,157.175
328,5,40,36,203.7,37.9237
328,5,40,37,248.455,18.929
328,5,40,38,79.2502,168.986
328,5,40,39,125.067,147.5
329,5,40,0,344.025,50.135
329,5,40,1,250.018,320.816
329,5,40,2,266.291,95.274
329,5,40,3,132.238,245.375
329,5,40,4,275.063,77.1167
329,5,40,5,6.73343,57.8761
329,5,40,6,39.076,7.7278
329,5,40,7,291.632,337.964
329,5,40,8,229.447,131.14
329,5,40,9,201.382,214.432
329,5,40,10,123.294,299.941
329,5,40,11,177.317,286.268
329,5,40,12,159.81,69.7463
329,5,40,13,75.2716,331.827
329,5,40,14,65.2482,9.72061
329,5,40,15,50.2385,312.463
329,5,40,16,315.471,177.438
329,5,40,17,83.4221,111.625
329,5,40,18,116.069,142.133
329,5,40,19,187.391,28.1688
329,5,40,20,304.601,170.48
329,5,40,21,105.567,192.644
329,5,40,22,285.176,243.567
329,5,40,23,307.151,342.774
329,5,40,24,214.342,82.9649
329,5,40,25,153.956,236.135
329,5,40,26,193.968,139.281
329,5,40,27,237.139,259.281
329,5,40,28,17.1636,102.5
329,5,40,29,170.165,289.441
329,5,40,30,30.7655,22.3953
329,5,40,31,94.76,41.9042
329,5,40,32,146.227,184.185
329,5,40,33,262.12,220.887
329,5,40,34,331.886,154.89
329,5,40,35,56.8118,121.666
329,5,40,36,100.176,276.367
329,5,40,37,22.6566,208.394
329,5,40,38,336.21,163.568
329,5,40,39,219.006,266.6
330,5,40,0,53.8751,106.236
330,5,40,1,89.7439,12.5864
330,5,40,2,8.1201,239.948
330,5,40,3,97.4573,98.5785
330,5,40,4,150.939,228.751
330,5,40,5,71.9389,283.699
330,5,40,6,270.647,294.738
330,5,40,7,142.643,153.428
330,5,40,8,340.236,278.141
330,5,40,9,27.9934,93.6228
330,5,40,10,199.867,81.895
330,5,40,11,320.603,128.878
330,5,40,12,331.044,1.02259
330,5,40,13,313.999,317.317
330,5,40,14,168.163,132.842
330,5,40,15,46.3856,168.612
330,5,40,16,282.158,38.8193
330,5,40,17,342.218,209.837
330,5,40,18,201.912,222.873
330,5,40,19,41.1479,188.707
330,5,40,20,105.02,347.222
330,5,40,21,272.679,54.481
330,5,40,22,240.284,310.718
330,5,40,23,122.688,47.1178
330,5,40,24,259.327,165.884
330,5,40,25,64.7167,302.828
330,5,40,26,25.8735,332.164
330,5,40,27,179.003,337.991
330,5,40,28,135.743,76.4549
330,5,40,29,16.7087,262.626
330,5,40,30,160.629,148.567
330,5,40,31,188.898,179.144
330,5,40,32,297.479,193.345
330,5,40,33,215.947,118.555
330,5,40,34,85.8464,257.461
330,5,40,35,221.875,33.3424
330,5,40,36,121.04,22.9356
330,5,40,37,252.617,217.783
330,5,40,38,230.724,68.571
330,5,40,39,301.779,250.881
331,5,40,0,180.119,102.54
331,5,40,1,197.303,105.951
331,5,40,2,144.104,227.708
331,5,40,3,84.5559,159.742
331,5,40,4,58.4915,66.754
331,5,40,5,268.339,184.262
331,5,40,6,126.333,334.292
331,5,40,7,155.163,57.5598
331,5,40,8,18.0035,299.245
331,5,40,9,255.238,42.7782
331,5,40,10,5.65283,280.691
331,5,40,11,69.8885,257.043
331,5,40,12,336.547,324.556
331,5,40,13,10.5362,137.645
331,5,40,14,238.793,320.481
331,5,40,15,209.998,246.058
331,5,40,16,251.969,277.315
331,5,40,17,49.7859,169.154
331,5,40,18,163.184,156.507
331,5,40,19,111.974,220.59
331,5,40,20,134.21,114.458
331,5,40,21,327.897,238.499
331,5,40,22,184.684,81.644
331,5,40,23,229.85,125.727
331,5,40,24,76.4316,179.864
331,5,40,25,226.93,73.2368
331,5,40,26,322.332,7.97791
331,5,40,27,345.753,11.0746
331,5,40,28,287.046,196.756
331,5,40,29,115.976,307.732
331,5,40,30,313.896,141.883
331,5,40,31,27.0057,342.957
331,5,40,32,297.475,25.9805
331,5,40,33,99.5649,27.0672
331,5,40,34,91.2905,45.0253
331,5,40,35,172.272,89.3561
331,5,40,36,279.668,204.607
331,5,40,37,210.372,267.468
331,5,40,38,298.14,213.088
331,5,40,39,42.0759,295.525
332,5,40,0,347.808,105.823
332,5,40,1,118.137,116.04
332,5,40,2,140.152,316.196
332,5,40,3,186.404,342.251
332,5,40,4,313.559,261.959
332,5,40,5,277.37,36.2883
332,5,40,6,248.852,175.955
332,5,40,7,255.03,213.369
332,5,40,8,16.7459,97.499
332,5,40,9,91.9221,148.362
332,5,40,10,269.294,128.91
332,5,40,11,97.7903,0.551333
332,5,40,12,127.344,169.481
332,5,40,13,163.723,85.3375
332,5,40,14,238.758,60.0969
332,5,40,15,315.352,232.522
332,5,40,16,22.7035,136.273
332,5,40,17,50.5465,203.388
332,5,40,18,330.035,308.635
332,5,40,19,78.2745,262.667
332,5,40,20,69.9206,334.668
332,5,40,21,176.443,249.221
332,5,40,22,156.837,304.833
332,5,40,23,225.945,276.985
332,5,40,24,172.953,47.21
332,5,40,25,132.655,293.221
332,5,40,26,197.076,327.579
332,5,40,27,230.06,75.1161
332,5,40,28,79.543,187.783
332,5,40,29,31.9908,242.35
332,5,40,30,54.096,149.644
332,5,40,31,7.24324,27.8096
332,5,40,32,282.473,283.219
332,5,40,33,203.363,164.721
332,5,40,34,336.397,220.345
332,5,40,35,38.4347,18.8644
332,5,40,36,211.133,62.6281
332,5,40,37,290.108,14.9049
332,5,40,38,299.063,196.457
332,5,40,39,111.858,91.3561
333,5,40,0,46.6585,253.577
333,5,40,1,215.333,238.403
333,5,40,2,312.432,106.515
333,5,40,3,159.285,86.8979
333,5,40,4,90.8713,91.1908
333,5,40,5,253.12,308.483
333,5,40,6,82.9806,340.845
333,5,40,7,99.6254,343.338
333,5,40,8,139.798,7.19399
333,5,40,9,230.581,52.6448
333,5,40,10,326.337,198.092
333,5,40,11,182.678,187.758
333,5,40,12,37.4084,228.2
333,5,40,13,61.7637,66.0353
333,5,40,14,243.648,316.849
333,5,40,15,342.612,99.4687
333,5,40,16,226.948,268.276
333,5,40,17,108.856,226.088
333,5,40,18,171.335,292.335
333,5,40,19,61.0429,18.2635
333,5,40,20,282.736,287.554
333,5,40,21,270.402,75.0756
333,5,40,22,336.524,41.9449
333,5,40,23,298.323,257.652
333,5,40,24,155.514,302.984
333,5,40,25,2.17832,141.96
333,5,40,26,27.8409,208.934
333,5,40,27,272.252,160.627
333,5,40,28,288.787,135.51
333,5,40,29,25.7907,155.286
333,5,40,30,114.845,34.3858
333,5,40,31,16.2663,328.178
333,5,40,32,199.999,275.379
333,5,40,33,129.932,130.895
333,5,40,34,142.399,116.228
333,5,40,35,316.257,216.606
333,5,40,36,209.368,173.819
333,5,40,37,188.746,17.1025
333,5,40,38,75.0968,177.499
333,5,40,39,260.422,51.8088
334,5,40,0,100.789,268.246
334,5,40,1,218.01,296.493
334,5,40,2,340.553,214.126
334,5,40,3,13.8907,305.157
334,5,40,4,8.27961,47.5668
334,5,40,5,310.62,227.406
334,5,40,6,187.561,188.696
334,5,40,7,159.772,2.75269
334,5,40,8,318.06,178.256
334,5,40,9,112.044,169.956
334,5,40,10,203.858,331.733
334,5,40,11,199.269,96.7299
334,5,40,12,113.96,52.6123
334,5,40,13,300.019,278.475
334,5,40,14,273.918,238.175
334,5,40,15,57.2259,65.4105
334,5,40,16,61.3338,32.7693
334,5,40,17,227.068,107.033
334,5,40,18,147.565,345.952
334,5,40,19,236.319,194.014
334,5,40,20,150.304,338.003
334,5,40,21,266.106,81.8788
334,5,40,22,28.1552,322.498
334,5,40,23,42.0148,126.531
334,5,40,24,177.357,88.7216
334,5,40,25,131.323,75.2254
334,5,40,26,341.4,25.99
334,5,40,27,325.483,15.4528
334,5,40,28,245.288,227.534
334,5,40,29,170.531,313.051
334,5,40,30,124.135,161.063
334,5,40,31,285.156,285.413
334,5,40,32,234.019,253.993
334,5,40,33,290.782,252.571
334,5,40,34,256.085,205.855
334,5,40,35,92.8939,35.9987
334,5,40,36,19.5125,154.05
334,5,40,37,80.8462,133.047
334,5,40,38,70.5997,119.127
334,5,40,39,46.6673,147.184
335,5,40,0,100.094,335.378
335,5,40,1,59.3613,286.273
335,5,40,2,82.0128,205.523
335,5,40,3,137.761,38.2305
335,5,40,4,299.11,47.5439
335,5,40,5,255.947,3.21672
335,5,40,6,287.128,176.132
335,5,40,7,48.8513,27.3298
335,5,40,8,8.87781,304.596
335,5,40,9,71.4985,328.796
335,5,40,10,22.8798,129.895
335,5,40,11,68.2236,120.16
335,5,40,12,308.205,186.821
335,5,40,13,231.639,163.696
335,5,40,14,340.466,233.075
335,5,40,15,246.775,65.2627
335,5,40,16,155.634,210.252
335,5,40,17,127.103,240.602
335,5,40,18,182.096,151.65
335,5,40,19,185.009,167.735
335,5,40,20,164.37,92.0258
335,5,40,21,107.19,246.456
335,5,40,22,275.078,148.541
335,5,40,23,3.521,135.182
335,5,40,24,346.863,256.794
335,5,40,25,322.864,289.2
335,5,40,26,218.252,112.763
335,5,40,27,169.253,14.7038
335,5,40,28,33.0561,196.307
335,5,40,29,119.582,80.5223
335,5,40,30,331.273,263.657
335,5,40,31,236.43,99.2046
335,5,40,32,198.128,309.135
335,5,40,33,204.909,226.78
335,5,40,34,291.812,56.948
335,5,40,35,225.967,276.051
335,5,40,36,88.6542,318.647
335,5,40,37,38.739,24.5288
335,5,40,38,148.321,347.445
335,5,40,39,269.557,70.1155
336,5,40,0,187.571,102.265
336,5,40,1,256.361,293.952
336,5,40,2,151.833,61.4999
336,5,40,3,117.712,110.343
336,5,40,4,58.9076,198.386
336,5,40,5,273.08,326.017
336,5,40,6,67.0427,320.874
336,5,40,7,39.4751,221.938
336,5,40,8,300.77,346.526
336,5,40,9,224.788,91.9031
336,5,40,10,179.431,42.3513
336,5,40,11,146.887,280.05
336,5,40,12,201.603,118.851
336,5,40,13,157.542,242.607
336,5,40,14,317.861,0.806934
336,5,40,15,9.82283,175.226
336,5,40,16,314.219,53.8726
336,5,40,17,90.1346,171.391
336,5,40,18,48.2475,274.291
336,5,40,19,263.165,250.271
336,5,40,20,338.639,23.7829
336,5,40,21,249.092,187.217
336,5,40,22,96.3487,133.901
336,5,40,23,349.454,28.2319
336,5,40,24,125.148,45.3361
336,5,40,25,131.393,72.7015
336,5,40,26,112.23,299.883
336,5,40,27,296.534,160.196
336,5,40,28,211.008,213.217
336,5,40,29,82.2502,335.153
336,5,40,30,27.3447,264.999
336,5,40,31,193.767,83.503
336,5,40,32,21.984,254.238
336,5,40,33,287.777,206.091
336,5,40,34,7.57539,126.675
336,5,40,35,326.73,234.727
336,5,40,36,241.45,10.8963
336,5,40,37,76.2707,145.823
336,5,40,38,228.583,155.299
336,5,40,39,168.601,313.073
337,5,40,0,117.351,250.773
337,5,40,1,223.613,294.762
337,5,40,2,298.199,235.141
337,5,40,3,210.402,81.1353
337,5,40,4,132.092,153.026
337,5,40,5,58.6417,74.6514
337,5,40,6,104.686,6.2003
337,5,40,7,86.0722,120.258
337,5,40,8,332.219,48.4642
337,5,40,9,111.709,164.46
337,5,40,10,130.286,100.322
337,5,40,11,66.3409,34.6767
337,5,40,12,258.423,341.735
337,5,40,13,313.688,132.711
337,5,40,14,181.747,43.3806
337,5,40,15,167.343,299.078
337,5,40,16,345.495,325.53
337,5,40,17,32.0949,220.838
337,5,40,18,153.324,21.1318
337,5,40,19,16.8308,166.763
337,5,40,20,21.6322,236.285
337,5,40,21,35.0786,200.78
337,5,40,22,195.964,211.657
337,5,40,23,46.0937,288.725
337,5,40,24,232.113,276.948
337,5,40,25,291.851,105.532
337,5,40,26,190.219,201.645
337,5,40,27,274.173,177.802
337,5,40,28,88.0028,125.774
337,5,40,29,252.472,145.442
337,5,40,30,165.621,311.418
337,5,40,31,8.65887,323.181
337,5,40,32,280.585,337.752
337,5,40,33,264.964,183.93
337,5,40,34,317.742,262.816
337,5,40,35,140.752,60.6357
337,5,40,36,244.519,258.566
337,5,40,37,332.838,14.7033
337,5,40,38,76.8783,65.7394
337,5,40,39,201.974,93.6407
338,5,40,0,67.2352,207.235
338,5,40,1,81.669,124.976
338,5,40,2,103.644,344.863
338,5,40,3,25.4024,324.269
338,5,40,4,279.914,275.796
338,5,40,5,221.963,229.683
338,5,40,6,141.993,269.232
338,5,40,7,59.6467,7.67101
338,5,40,8,40.3158,19.5731
338,5,40,9,109.122,237.578
338,5,40,10,189.685,45.0108
338,5,40,11,237.654,211.409
338,5,40,12,135.003,182.862
338,5,40,13,337.883,37.3153
338,5,40,14,161.719,191.023
338,5,40,15,255.704,68.3661
338,5,40,16,30.4542,29.9172
338,5,40,17,302.831,117.97
338,5,40,18,180.768,88.2319
338,5,40,19,121.322,302.763
338,5,40,20,200.934,249.674
338,5,40,21,169.072,76.4474
338,5,40,22,296.967,102.273
338,5,40,23,234.02,195.523
338,5,40,24,94.9105,80.1013
338,5,40,25,313.676,53.7053
338,5,40,26,213.256,162.132
338,5,40,27,326.232,340.702
338,5,40,28,347.087,9.49206
338,5,40,29,206.333,219.987
338,5,40,30,52.3285,319.902
338,5,40,31,248.153,172.977
338,5,40,32,71.786,284.8
338,5,40,33,287.04,256.351
338,5,40,34,321.562,131.346
338,5,40,35,268.98,145.957
338,5,40,36,122.85,289.793
338,5,40,37,15.9594,311.494
338,5,40,38,153.302,148.956
338,5,40,39,3.76634,109.074
339,5,40,0,282.175,294.542
339,5,40,1,243.132,144.206
339,5,40,2,144.875,273.59
339,5,40,3,163.568,175.017
339,5,40,4,67.7689,5.5434
339,5,40,5,119.854,338.061
339,5,40,6,258.544,238.164
339,5,40,7,295.624,309.221
339,5,40,8,153.118,48.7975
339,5,40,9,76.1859,126.422
339,5,40,10,87.0261,212.493
339,5,40,11,316.391,185.768
339,5,40,12,199.382,164.406
339,5,40,13,220.022,40.0109
339,5,40,14,98.0288,264.194
339,5,40,15,333.62,153.055
339,5,40,16,123.142,349.432
339,5,40,17,16.52,72.2178
339,5,40,18,7.9741,249.285
339,5,40,19,139.729,111.454
339,5,40,20,327.668,18.6807
339,5,40,21,33.1558,285.942
339,5,40,22,183.222,81.433
339,5,40,23,234.399,199.408
339,5,40,24,54.2448,33.2857
339,5,40,25,185.338,53.124
339,5,40,26,109.867,298.606
339,5,40,27,207.711,116.157
339,5,40,28,301.439,235.791
339,5,40,29,276.136,69.4737
339,5,40,30,312.024,103.303
339,5,40,31,250.817,166.71
339,5,40,32,172.311,328.479
339,5,40,33,266.191,139.141
339,5,40,34,50.8027,12.6066
339,5,40,35,37.5247,222.023
339,5,40,36,346.733,254.393
339,5,40,37,93.8692,208.643
339,5,40,38,216.493,317.293
339,5,40,39,18.0411,87.8944
340,5,40,0,47.0131,126.736
340,5,40,1,134.515,6.2969
340,5,40,2,18.2636,220.518
340,5,40,3,165.714,278.52
340,5,40,4,60.0556,155.798
340,5,40,5,93.942,297.051
340,5,40,6,172.304,176.176
340,5,40,7,241.044,286.638
340,5,40,8,177.863,345.584
340,5,40,9,283.478,160.076
340,5,40,10,326.645,211.553
340,5,40,11,248.76,82.5637
340,5,40,12,12.4041,253.701
340,5,40,13,148.6,239.575
340,5,40,14,235.789,303.308
340,5,40,15,335.067,39.435
340,5,40,16,279.285,335.394
340,5,40,17,108.151,229.456
340,5,40,18,219.924,266.613
340,5,40,19,310.581,108.743
340,5,40,20,257.397,93.3017
340,5,40,21,202.773,136.297
340,5,40,22,32.5808,70.8545
340,5,40,23,344.115,171.739
340,5,40,24,36.3263,257.583
340,5,40,25,290.508,310.63
340,5,40,26,210.188,50.5693
340,5,40,27,299.207,21.0766
340,5,40,28,127.726,328.921
340,5,40,29,75.9514,315.903
340,5,40,30,184.681,13.2456
340,5,40,31,62.0082,29.5822
340,5,40,32,193.198,104.751
340,5,40,33,266.81,185.155
340,5,40,34,97.2814,65.9799
340,5,40,35,120.481,198.711
340,5,40,36,321.758,121.097
340,5,40,37,83.2958,54.5733
340,5,40,38,155.534,140.466
340,5,40,39,2.89625,202.825
341,5,40,0,69.7288,13.915
341,5,40,1,91.1485,189.611
341,5,40,2,11.0287,268.612
341,5,40,3,122.644,112.603
341,5,40,4,281.048,310.642
341,5,40,5,171.698,2.05241
341,5,40,6,292.763,136.367
341,5,40,7,236.133,58.0527
341,5,40,8,42.6795,320.838
341,5,40,9,120.027,305.269
341,5,40,10,162.098,217.441
341,5,40,11,242.445,90.2157
341,5,40,12,140.355,168.491
341,5,40,13,138.643,280.629
341,5,40,14,157.297,196.777
341,5,40,15,59.5662,346.754
341,5,40,16,302.058,229.938
341,5,40,17,108.984,208.368
341,5,40,18,203.548,52.3996
341,5,40,19,325.237,19.5975
341,5,40,20,274.011,161.571
341,5,40,21,319.441,218.896
341,5,40,22,18.1477,293.861
341,5,40,23,309.941,239.467
341,5,40,24,264.423,278.812
341,5,40,25,223.022,99.3691
341,5,40,26,48.3328,155.734
341,5,40,27,190.611,252.214
341,5,40,28,2.95716,71.2061
341,5,40,29,180.474,69.9368
341,5,40,30,245.056,143.239
341,5,40,31,217.246,340.148
341,5,40,32,27.3694,36.2844
341,5,40,33,72.5382,120.916
341,5,40,34,198.234,181.878
341,5,40,35,345.002,125.859
341,5,40,36,96.8173,325.816
341,5,40,37,340.046,256.159
341,5,40,38,82.9129,79.5611
341,5,40,39,256.989,28.6564
342,5,40,0,264.509,100.269
342,5,40,1,192.032,272.959
342,5,40,2,243.033,109
342,5,40,3,338.161,121.536
342,5,40,4,54.7711,124.024
342,5,40,5,349.891,251.653
342,5,40,6,99.3433,311.911
342,5,40,7,1.214,211.386
342,5,40,8,302.401,26.2008
342,5,40,9,63.4518,93.0805
342,5,40,10,220.738,226.032
342,5,40,11,153.036,56.526
342,5,40,12,122.704,86.5708
342,5,40,13,131.525,16.5572
342,5,40,14,30.7916,34.6903
342,5,40,15,325.88,177.102
342,5,40,16,20.862,78.6385
342,5,40,17,200.415,300.447
342,5,40,18,271.642,197.86
342,5,40,19,46.1191,64.9835
342,5,40,20,287.934,244.882
342,5,40,21,311.155,35.733
342,5,40,22,92.2246,269.621
342,5,40,23,11.4326,141.81
342,5,40,24,77.0402,190.943
342,5,40,25,121.706,46.4844
342,5,40,26,142.118,328.889
342,5,40,27,234.722,289.402
342,5,40,28,178.714,202.204
342,5,40,29,166.173,139.823
342,5,40,30,36.4126,344.868
342,5,40,31,258.425,153.012
342,5,40,32,218.663,338.945
342,5,40,33,318.525,227.722
342,5,40,34,111.252,166.791
342,5,40,35,203.952,257.219
342,5,40,36,250.556,157.607
342,5,40,37,293.477,323.339
342,5,40,38,84.9292,286.909
342,5,40,39,172.125,8.60259
343,5,40,0,198.801,272.442
343,5,40,1,216.431,52.4683
343,5,40,2,13.9061,254.854
343,5,40,3,167.451,224.43
343,5,40,4,319.839,140.081
343,5,40,5,252.967,207.444
343,5,40,6,54.0508,194.592
343,5,40,7,309.712,240.443
343,5,40,8,237.391,251.364
343,5,40,9,6.31883,322.514
343,5,40,10,332.513,42.3626
343,5,40,11,110.768,63.1398
343,5,40,12,271.138,270.206
343,5,40,13,91.9218,137.664
343,5,40,14,234.103,302.376
343,5,40,15,342.19,29.0634
343,5,40,16,153.987,327.998
343,5,40,17,134.058,227.548
343,5,40,18,273.973,172.945
343,5,40,19,33.7614,179.836
343,5,40,20,147.236,215.93
343,5,40,21,258.482,77.2261
343,5,40,22,299.69,6.22912
343,5,40,23,84.3838,56.7631
343,5,40,24,127.867,349.304
343,5,40,25,325.659,128.933
343,5,40,26,24.9427,24.171
343,5,40,27,286.544,163.62
343,5,40,28,119.686,312.722
343,5,40,29,209.916,154.56
343,5,40,30,72.1073,292.476
343,5,40,31,68.8474,103.951
343,5,40,32,163.785,333.189
343,5,40,33,295.512,187.312
343,5,40,34,39.6252,93.8106
343,5,40,35,48.5807,12.788
343,5,40,36,224.622,286.805
343,5,40,37,175.605,120.257
343,5,40,38,100.578,80.2531
343,5,40,39,190.92,112.523
344,5,40,0,258.49,321.682
344,5,40,1,134.255,160.665
344,5,40,2,333.976,312.921
344,5,40,3,212.194,264.715
344,5,40,4,9.69707,55.8365
344,5,40,5,316.597,37.2588
344,5,40,6,66.7496,16.2429
344,5,40,7,99.0725,258.207
344,5,40,8,293.494,274.689
344,5,40,9,174.622,111.499
344,5,40,10,342.717,89.3342
344,5,40,11,206.252,191.499
344,5,40,12,269.537,285.136
344,5,40,13,85.4242,226.727
344,5,40,14,198.051,87.1943
344,5,40,15,29.1582,338.168
344,5,40,16,2.65322,349.105
344,5,40,17,218.929,45.1688
344,5,40,18,105.851,297.829
344,5,40,19,241.74,250.905
344,5,40,20,154.984,149.719
344,5,40,21,232.089,296.647
344,5,40,22,157.965,136.374
344,5,40,23,20.7952,73.3718
344,5,40,24,281.357,179.963
344,5,40,25,192.209,212.54
344,5,40,26,302.092,6.28868
344,5,40,27,75.3281,328.768
344,5,40,28,58.5229,174.946
344,5,40,29,178.633,233.739
344,5,40,30,114.036,205.132
344,5,40,31,249.602,26.4674
344,5,40,32,327.72,114.429
344,5,40,33,278.883,63.7282
344,5,40,34,312.027,236.714
344,5,40,35,92.8666,126.604
344,5,40,36,44.2137,23.0815
344,5,40,37,42.0556,193.912
344,5,40,38,145.78,140.414
344,5,40,39,128.829,98.4086
345,5,40,0,226.08,45.6499
345,5,40,1,187.693,135.607
345,5,40,2,163.733,18.5809
345,5,40,3,36.2318,230.719
345,5,40,4,123.756,261.254
345,5,40,5,194.124,205.694
345,5,40,6,26.6485,210.921
345,5,40,7,276.335,127.908
345,5,40,8,96.0246,292.087
345,5,40,9,14.5343,94.5471
345,5,40,10,118.394,182.799
345,5,40,11,58.2251,8.66559
345,5,40,12,264.501,32.789
345,5,40,13,106.147,321.215
345,5,40,14,171.045,314.201
345,5,40,15,312.095,282.902
345,5,40,16,214.881,86.813
345,5,40,17,333.967,275.046
345,5,40,18,151.235,144.145
345,5,40,19,25.1183,325.465
345,5,40,20,137.943,149.062
345,5,40,21,231.917,42.6562
345,5,40,22,344.724,13.4753
345,5,40,23,204.859,220.195
345,5,40,24,73.8401,335.245
345,5,40,25,329.926,348.01
345,5,40,26,318.539,73.7508
345,5,40,27,140.92,243.66
345,5,40,28,96.8933,198.488
345,5,40,29,303.587,117.974
345,5,40,30,7.08942,167.329
345,5,40,31,68.5215,269.806
345,5,40,32,78.8727,249.07
345,5,40,33,251.697,297.767
345,5,40,34,260.498,159.552
345,5,40,35,240.359,191.954
345,5,40,36,49.4209,100.638
345,5,40,37,180.601,106.697
345,5,40,38,296.641,55.855
345,5,40,39,285.336,69.1058
346,5,40,0,240.805,243.585
346,5,40,1,192.445,228.188
346,5,40,2,254.533,152.617
346,5,40,3,174.761,173.209
346,5,40,4,48.9292,314.488
346,5,40,5,332.214,250.313
346,5,40,6,348.266,60.0531
346,5,40,7,282.868,271.392
346,5,40,8,88.0338,206.807
346,5,40,9,249.008,15.5569
346,5,40,10,146.043,100.145
346,5,40,11,306.737,260.007
346,5,40,12,197.886,316.205
346,5,40,13,70.7631,81.1034
346,5,40,14,228.434,118.479
346,5,40,15,271.606,2.61334
346,5,40,16,155.56,268.469
346,5,40,17,181.144,132.035
346,5,40,18,81.6938,163.192
346,5,40,19,299.602,195.142
346,5,40,20,23.1751,61.5472
346,5,40,21,57.3909,22.5113
346,5,40,22,32.4218,347.09
346,5,40,23,12.098,306.107
346,5,40,24,62.814,219.25
346,5,40,25,316.521,325.968
346,5,40,26,122.054,333.159
346,5,40,27,110.021,188.341
346,5,40,28,135.207,46.1598
346,5,40,29,96.7937,39.8745
346,5,40,30,39.3652,144.258
346,5,40,31,122.845,94.0286
346,5,40,32,292.537,181.104
346,5,40,33,340.716,71.105
346,5,40,34,162.047,212.995
346,5,40,35,3.57531,113.098
346,5,40,36,201.722,289.25
346,5,40,37,212.502,131.074
346,5,40,38,219.864,287.538
346,5,40,39,265.765,28.9117
347,5,40,0,228.34,279.48
347,5,40,1,173.565,245.567
347,5,40,2,199.059,214.952
347,5,40,3,10.9765,195.781
347,5,40,4,262.073,257.807
347,5,40,5,55.1097,43.0462
347,5,40,6,191.529,13.1217
347,5,40,7,315.219,24.2876
347,5,40,8,212.019,322.589
347,5,40,9,202.188,123.338
347,5,40,10,277.189,142.327
347,5,40,11,300.987,103.899
347,5,40,12,94.8894,187.083
347,5,40,13,281.522,329.908
347,5,40,14,74.2751,346.848
347,5,40,15,127.322,313.81
347,5,40,16,145.01,138.057
347,5,40,17,251.611,81.8503
347,5,40,18,82.998,52.4405
347,5,40,19,136.015,120.378
347,5,40,20,164.843,338.804
347,5,40,21,104.032,176.774
347,5,40,22,154.876,264.36
347,5,40,23,36.0152,220.909
347,5,40,24,119.828,53.9007
347,5,40,25,178.363,206.651
347,5,40,26,3.17861,299.199
347,5,40,27,310.016,29.9535
347,5,40,28,297.359,73.1663
347,5,40,29,61.8071,232.892
347,5,40,30,262.621,280.574
347,5,40,31,339.066,110.849
347,5,40,32,240.059,290.901
347,5,40,33,28.7039,168.108
347,5,40,34,50.4188,242.639
347,5,40,35,325.797,7.61928
347,5,40,36,113.39,160.038
347,5,40,37,20.4187,62.2122
347,5,40,38,342.19,151.313
347,5,40,39,224.011,91.3861
348,5,40,0,264.86,262.835
348,5,40,1,120.845,234.306
348,5,40,2,145.033,340.602
348,5,40,3,203.697,307.877
348,5,40,4,171.82,204.948
348,5,40,5,63.7343,65.8867
348,5,40,6,129.869,346.654
348,5,40,7,157.589,160.642
348,5,40,8,340.183,216.437
348,5,40,9,221.375,79.9168
348,5,40,10,55.5812,44.3268
348,5,40,11,231.343,195.27
348,5,40,12,190.631,3.44492
348,5,40,13,302.255,37.2517
348,5,40,14,311.426,125.861
348,5,40,15,283.318,289.154
348,5,40,16,253.485,119.3
348,5,40,17,78.4281,154.416
348,5,40,18,29.5517,73.7111
348,5,40,19,295.041,285.869
348,5,40,20,154.846,176.815
348,5,40,21,260.517,299.136
348,5,40,22,320.566,32.2929
348,5,40,23,274.726,239.933
348,5,40,24,26.0031,192.375
348,5,40,25,49.3919,108.71
348,5,40,26,244.95,168.214
348,5,40,27,183.294,23.547
348,5,40,28,82.1582,273.011
348,5,40,29,324.525,135.056
348,5,40,30,43.4862,326.224
348,5,40,31,104.519,319.991
348,5,40,32,90.4719,95.2239
348,5,40,33,344.957,222.077
348,5,40,34,216.771,254.266
348,5,40,35,195.311,59.4154
348,5,40,36,137.817,11.0215
348,5,40,37,9.21644,249.558
348,5,40,38,1.13697,98.8279
348,5,40,39,111.04,147.138
349,5,40,0,135.948,161.838
349,5,40,1,333.01,200.859
349,5,40,2,76.3986,46.6277
349,5,40,3,30.911,185.434
349,5,40,4,285.464,225.616
349,5,40,5,239.163,214.422
349,5,40,6,196.701,332.169
349,5,40,7,168.113,240.607
349,5,40,8,264.252,128.65
349,5,40,9,124.772,18.5212
349,5,40,10,25.4018,168.448
349,5,40,11,98.0295,295.165
349,5,40,12,122.19,27.7243
349,5,40,13,184.523,269.576
349,5,40,14,276.071,10.7908
349,5,40,15,310.171,334.753
349,5,40,16,111.695,57.1257
349,5,40,17,146.45,322.937
349,5,40,18,14.9562,37.5889
349,5,40,19,153.77,81.7796
349,5,40,20,348.403,138.449
349,5,40,21,209.029,206.788
349,5,40,22,246.52,118.963
349,5,40,23,58.9177,6.19007
349,5,40,24,330.525,279.137
349,5,40,25,230.67,313.951
349,5,40,26,294.736,346.779
349,5,40,27,216.064,156.211
349,5,40,28,48.4487,75.5202
349,5,40,29,300.193,108.277
349,5,40,30,221.44,62.8551
349,5,40,31,84.393,234.572
349,5,40,32,94.2886,283.248
349,5,40,33,258.284,177.257
349,5,40,34,165.848,301.677
349,5,40,35,62.7999,141.146
349,5,40,36,0.880901,99.3743
349,5,40,37,175.636,95.9047
349,5,40,38,36.8044,250.145
349,5,40,39,320.404,255.202
350,5,40,0,26.7523,149.386
350,5,40,1,195.318,226.922
350,5,40,2,254.72,12.6356
350,5,40,3,294.919,313.869
350,5,40,4,82.2267,27.752
350,5,40,5,224.813,118.795
350,5,40,6,132.129,166.584
350,5,40,7,276.012,103.038
350,5,40,8,91.6394,54.9114
350,5,40,9,349.065,184.585
350,5,40,10,284.084,61.3781
350,5,40,11,340.011,228.763
350,5,40,12,9.96779,40.3568
350,5,40,13,63.6046,201.325
350,5,40,14,41.2108,79.9357
350,5,40,15,23.0184,319.173
350,5,40,16,238.055,132.474
350,5,40,17,325.087,253.567
350,5,40,18,172.417,23.1149
350,5,40,19,306.784,237.184
350,5,40,20,112.064,199.963
350,5,40,21,50.022,335.606
350,5,40,22,54.4736,90.4135
350,5,40,23,251.483,215.37
350,5,40,24,118.322,49.7587
350,5,40,25,0.389364,113.136
350,5,40,26,148.336,125.745
350,5,40,27,317.724,273.237
350,5,40,28,266.502,342.595
350,5,40,29,298.08,284.389
350,5,40,30,234.056,254.852
350,5,40,31,184.352,4.91168
350,5,40,32,159.211,162.373
350,5,40,33,202.209,143.478
350,5,40,34,149.487,326.333
350,5,40,35,179.409,291.778
350,5,40,36,213.603,299.204
350,5,40,37,76.4832,268.718
350,5,40,38,100.829,176.192
350,5,40,39,129.855,70.2249
351,5,40,0,141.097,318.556
351,5,40,1,333.967,226.935
351,5,40,2,303.726,49.6195
351,5,40,3,274.383,206.042
351,5,40,4,36.0087,175.341
351,5,40,5,55.3432,10.7072
351,5,40,6,208.725,29.0293
351,5,40,7,244.156,124.317
351,5,40,8,283.304,73.5335
351,5,40,9,17.3546,253.539
351,5,40,10,93.4254,98.8496
351,5,40,11,210.598,8.21408
351,5,40,12,289.364,88.4846
351,5,40,13,228.614,278.817
351,5,40,14,106.639,241.899
351,5,40,15,31.1649,257.262
351,5,40,16,180.659,336.373
351,5,40,17,199.146,54.4697
351,5,40,18,170.382,264.204
351,5,40,19,309.461,41.1507
351,5,40,20,69.0996,137.16
351,5,40,21,2.07962,151.725
351,5,40,22,137.44,346.74
351,5,40,23,153.574,80.9422
351,5,40,24,126.452,184.548
351,5,40,25,264.715,332.103
351,5,40,26,327.772,145.703
351,5,40,27,71.4088,169.613
351,5,40,28,120.192,235.129
351,5,40,29,256.301,314.408
351,5,40,30,103.707,116.968
351,5,40,31,22.2346,112.877
351,5,40,32,347.456,289.347
351,5,40,33,222.024,282.576
351,5,40,34,157.803,305.893
351,5,40,35,51.6242,159.743
351,5,40,36,187.15,26.0574
351,5,40,37,315.695,215.875
351,5,40,38,251.189,198.898
351,5,40,39,85.9595,62.3258
352,5,40,0,50.9489,50.7389
352,5,40,1,199.112,324.371
352,5,40,2,284.449,21.7709
352,5,40,3,299.181,37.9545
352,5,40,4,64.4766,235.827
352,5,40,5,316.794,320.158
352,5,40,6,0.614139,75.4933
352,5,40,7,122.069,182.443
352,5,40,8,347.953,212.408
352,5,40,9,254.439,111.034
352,5,40,10,138.629,282.15
352,5,40,11,86.9318,209.312
352,5,40,12,12.4687,84.2075
352,5,40,13,329.23,27.9305
352,5,40,14,189.585,218.785
352,5,40,15,17.5577,5.60664
352,5,40,16,156.825,160.105
352,5,40,17,244.507,148.478
352,5,40,18,245.03,314.462
352,5,40,19,178.914,343.665
352,5,40,20,57.5328,100.935
352,5,40,21,266.603,91.9853
352,5,40,22,307.023,190.165
352,5,40,23,78.0181,56.667
352,5,40,24,222.999,265.793
352,5,40,25,125.196,272.342
352,5,40,26,108.29,133.048
352,5,40,27,297.443,199.734
352,5,40,28,88.2912,290.504
352,5,40,29,172.391,127.368
352,5,40,30,101.089,242.365
352,5,40,31,145.612,17.2916
352,5,40,32,335.414,340.292
352,5,40,33,234.497,117.483
352,5,40,34,161.685,167.136
352,5,40,35,42.6302,253.514
352,5,40,36,203.437,156.621
352,5,40,37,277.623,301.031
352,5,40,38,28.3948,261.961
352,5,40,39,210.094,62.9318
353,5,40,0,195.526,303.709
353,5,40,1,114.534,148.5
353,5,40,2,185.588,122.161
353,5,40,3,22.271,137.538
353,5,40,4,316.905,245.827
353,5,40,5,243.38,61.4911
353,5,40,6,297.904,38.2433
353,5,40,7,128.272,285.151
353,5,40,8,3.46351,314.829
353,5,40,9,147.611,86.8013
353,5,40,10,133.28,223.12
353,5,40,11,214.337,72.4602
353,5,40,12,29.6661,331.625
353,5,40,13,231.146,188.964
353,5,40,14,272.652,195.505
353,5,40,15,158.677,34.3715
353,5,40,16,100.217,46.7844
353,5,40,17,221.293,52.7156
353,5,40,18,209.762,204.204
353,5,40,19,43.9241,182.704
353,5,40,20,325.283,275.14
353,5,40,21,183.428,155.104
353,5,40,22,108.819,171.993
353,5,40,23,76.0688,96.3114
353,5,40,24,13.4543,267.093
353,5,40,25,307.76,96.241
353,5,40,26,87.8264,123.173
353,5,40,27,172.365,319.448
353,5,40,28,58.7404,217.522
353,5,40,29,85.8779,236.253
353,5,40,30,263.924,11.9691
353,5,40,31,258.647,162.055
353,5,40,32,37.6177,260.599
353,5,40,33,153.659,289.531
353,5,40,34,64.8607,344.054
353,5,40,35,289.946,18.6784
353,5,40,36,249.972,1.75284
353,5,40,37,338.508,229.342
353,5,40,38,284.696,338.729
353,5,40,39,347.234,105.895
354,5,40,0,167.715,62.7787
354,5,40,1,162.625,8.77009
354,5,40,2,149.119,128.752
354,5,40,3,293.318,91.5301
354,5,40,4,147.448,206.942
354,5,40,5,27.7362,176.913
354,5,40,6,2.37763,328.01
354,5,40,7,64.1191,32.9077
354,5,40,8,97.3399,300.789
354,5,40,9,132.304,133.315
354,5,40,10,72.5584,105.924
354,5,40,11,176.847,250.171
354,5,40,12,44.0444,172.555
354,5,40,13,253.75,35.2773
354,5,40,14,242.167,333.947
354,5,40,15,85.7182,148.567
354,5,40,16,279.189,191.177
354,5,40,17,318.414,150.472
354,5,40,18,284.331,288.352
354,5,40,19,120.868,346.994
354,5,40,20,236.011,24.8555
354,5,40,21,212.789,243.865
354,5,40,22,187.277,3.01345
354,5,40,23,95.3142,256.373
354,5,40,24,308.375,211.86
354,5,40,25,300.143,198.851
354,5,40,26,328.762,308.273
354,5,40,27,344.46,119.194
354,5,40,28,264.326,158.555
354,5,40,29,195.406,53.724
354,5,40,30,58.0141,78.7944
354,5,40,31,247.843,222.155
354,5,40,32,110.303,319.911
354,5,40,33,335.446,231.849
354,5,40,34,19.873,289.385
354,5,40,35,125.493,77.3166
354,5,40,36,11.233,48.3259
354,5,40,37,226.065,268.562
354,5,40,38,39.0708,279.501
354,5,40,39,204.677,101.67
355,5,40,0,75.4638,116.316
355,5,40,1,331.87,252.675
355,5,40,2,121.644,317.817
355,5,40,3,58.105,101.292
355,5,40,4,274.311,88.6622
355,5,40,5,219.039,181.708
355,5,40,6,12.2711,241.586
355,5,40,7,39.94,63.2934
355,5,40,8,177.744,194.19
355,5,40,9,315.718,142.889
355,5,40,10,348.541,311.873
355,5,40,11,27.9829,209.867
355,5,40,12,249.295,138.202
355,5,40,13,304.874,304.645
355,5,40,14,271.205,78.1733
355,5,40,15,233.522,167.407
355,5,40,16,215.198,31.6185
355,5,40,17,168.315,277.696
355,5,40,18,161.142,130.932
355,5,40,19,192.244,342.771
355,5,40,20,66.4704,211.438
355,5,40,21,45.0203,218.779
355,5,40,22,239.269,255.085
355,5,40,23,309.742,53.8063
355,5,40,24,204.187,153.322
355,5,40,25,107.968,333.733
355,5,40,26,7.34436,41.5726
355,5,40,27,97.8826,8.17861
355,5,40,28,125.636,288.338
355,5,40,29,200.667,18.194
355,5,40,30,332.835,159.229
355,5,40,31,86.6848,233.689
355,5,40,32,285.372,43.9002
355,5,40,33,88.9896,291.005
355,5,40,34,136.581,262.771
355,5,40,35,256.206,191.475
355,5,40,36,295.363,81.3405
355,5,40,37,19.6492,12.6369
355,5,40,38,149.028,328.383
355,5,40,39,142.216,113.257
356,5,40,0,113.327,272.856
356,5,40,1,161.195,319.105
356,5,40,2,191.64,266.3
356,5,40,3,64.1853,302.017
356,5,40,4,102.531,143.897
356,5,40,5,317.406,282.997
356,5,40,6,247.9,195.139
356,5,40,7,295.813,151.789
356,5,40,8,177.28,347.899
356,5,40,9,88.3049,179.229
356,5,40,10,19.3977,165.022
356,5,40,11,287.617,218.459
356,5,40,12,309.707,111.495
356,5,40,13,262.887,338.365
356,5,40,14,70.0969,242.183
356,5,40,15,272.111,58.1015
356,5,40,16,333.727,96.1206
356,5,40,17,144.76,78.1378
356,5,40,18,120.267,10.781
356,5,40,19,28.1552,24.4893
356,5,40,20,204.295,249.158
356,5,40,21,42.8696,227.87
356,5,40,22,135.143,296.84
356,5,40,23,331.228,136.054
356,5,40,24,166.779,51.8005
356,5,40,25,53.1743,32.3874
356,5,40,26,194.139,203.673
356,5,40,27,226.49,191.745
356,5,40,28,341.971,254.186
356,5,40,29,214.584,226.184
356,5,40,30,157.156,36.5842
356,5,40,31,87.3539,66.9123
356,5,40,32,255.575,87.2815
356,5,40,33,304.403,121.331
356,5,40,34,0.340163,97.8076
356,5,40,35,48.1518,331.885
356,5,40,36,130.441,169.069
356,5,40,37,228.949,312.078
356,5,40,38,15.937,2.81508
356,5,40,39,244.299,128.291
357,5,40,0,280.661,49.4695
357,5,40,1,126.439,112.54
357,5,40,2,173.122,225.458
357,5,40,3,49.3027,258.603
357,5,40,4,114.382,285.31
357,5,40,5,16.7618,13.9364
357,5,40,6,71.7784,145.561
357,5,40,7,155.077,22.4489
357,5,40,8,257.363,238.852
357,5,40,9,290.082,267.911
357,5,40,10,233.221,164.303
357,5,40,11,242.025,279.509
357,5,40,12,309.114,235.738
357,5,40,13,104.493,72.5018
357,5,40,14,144.637,138.246
357,5,40,15,53.1446,294.747
357,5,40,16,31.9239,35.9426
357,5,40,17,201.073,195.844
357,5,40,18,106.474,318.835
357,5,40,19,183.676,209.465
357,5,40,20,190.603,304.695
357,5,40,21,136.959,28.8469
357,5,40,22,347.289,341.94
357,5,40,23,211.648,88.5732
357,5,40,24,326.577,307.82
357,5,40,25,303.004,250.698
357,5,40,26,158.344,214.119
357,5,40,27,337.776,128.859
357,5,40,28,24.1311,81.0559
357,5,40,29,209.974,179.295
357,5,40,30,225.809,328.363
357,5,40,31,63.3971,155.038
357,5,40,32,80.7967,61.1033
357,5,40,33,270.68,119.137
357,5,40,34,279.054,101.397
357,5,40,35,35.3226,61.4245
357,5,40,36,246.9,336.416
357,5,40,37,2.17037,189.208
357,5,40,38,320.566,4.09772
357,5,40,39,92.9664,172.31
358,5,40,0,134.395,210.882
358,5,40,1,153.773,50.9049
358,5,40,2,167.738,116.346
358,5,40,3,17.1313,62.8339
358,5,40,4,263.448,59.6041
358,5,40,5,234.783,293.196
358,5,40,6,69.4145,262.026
358,5,40,7,84.1301,347.31
358,5,40,8,282.18,30.6208
358,5,40,9,292.308,131.443
358,5,40,10,46.3859,164.822
358,5,40,11,317.473,95.9225
358,5,40,12,239.469,179.763
358,5,40,13,42.6086,169.628
358,5,40,14,91.1862,235.375
358,5,40,15,160.966,79.004
358,5,40,16,75.5958,285.439
358,5,40,17,327.605,5.15848
358,5,40,18,247.684,184.155
358,5,40,19,194.001,300.413
358,5,40,20,213.576,204.822
358,5,40,21,55.331,279.174
358,5,40,22,347.467,223.455
358,5,40,23,28.0731,244.301
358,5,40,24,304.216,104.463
358,5,40,25,3.42619,24.9187
358,5,40,26,341.238,108.24
358,5,40,27,21.3657,269.122
358,5,40,28,125.599,140.981
358,5,40,29,192.028,322.268
358,5,40,30,275.254,339.882
358,5,40,31,208.501,71.9004
358,5,40,32,255.969,312.652
358,5,40,33,118.367,42.5776
358,5,40,34,310.114,199.993
358,5,40,35,180.189,129.541
358,5,40,36,223.973,152.624
358,5,40,37,100.304,331.368
358,5,40,38,112.988,250.669
358,5,40,39,140.618,14.3428
359,5,40,0,106.432,205.804
359,5,40,1,332.399,305.085
359,5,40,2,24.5895,281.209
359,5,40,3,285.922,33.0459
359,5,40,4,157.764,69.8594
359,5,40,5,201.871,137.06
359,5,40,6,7.79402,6.15453
359,5,40,7,193.127,24.6343
359,5,40,8,32.3615,219.221
359,5,40,9,171.102,198.887
359,5,40,10,147.989,47.53
359,5,40,11,88.6929,170.785
359,5,40,12,302.602,319.993
359,5,40,13,66.5183,192.074
359,5,40,14,84.15,89.6383
359,5,40,15,125.988,213.719
359,5,40,16,56.0146,14.3484
359,5,40,17,150.959,106.657
359,5,40,18,237.577,240.309
359,5,40,19,37.4992,102.182
359,5,40,20,217.131,232.082
359,5,40,21,49.1787,82.0259
359,5,40,22,258.722,268.571
359,5,40,23,77.158,294.378
359,5,40,24,232.503,259.359
359,5,40,25,316.732,341.519
359,5,40,26,182.492,42.5344
359,5,40,27,308.56,250.402
359,5,40,28,98.6172,279.174
359,5,40,29,334.163,152.027
359,5,40,30,222.699,115.076
359,5,40,31,10.7219,178.227
359,5,40,32,344.08,77.8718
359,5,40,33,114.366,163.141
359,5,40,34,297.395,313.378
359,5,40,35,184.735,57.2365
359,5,40,36,269.13,129.271
359,5,40,37,135.168,332.297
359,5,40,38,251.831,143.767
359,5,40,39,276.341,337.738
360,5,40,0,56.6401,92.8824
360,5,40,1,68.9237,127.352
360,5,40,2,320.925,248.554
360,5,40,3,349.191,271.648
360,5,40,4,310.157,131.373
360,5,40,5,194.451,238.913
360,5,40,6,23.7465,110.672
360,5,40,7,102.142,3.72134
360,5,40,8,294.343,170.269
360,5,40,9,38.5548,103.928
360,5,40,10,91.6171,144.763
360,5,40,11,123.812,233.665
360,5,40,12,246.17,150.806
360,5,40,13,7.83838,221.331
360,5,40,14,147.497,28.6137
360,5,40,15,330.418,176.117
360,5,40,16,34.9101,79.6435
360,5,40,17,10.2843,22.5435
360,5,40,18,337.343,45.2819
360,5,40,19,107.849,345.147
360,5,40,20,254.99,331.717
360,5,40,21,219.865,203.648
360,5,40,22,47.8116,161.282
360,5,40,23,187.265,42.689
360,5,40,24,242.849,323.366
360,5,40,25,76.5893,264.741
360,5,40,26,283.209,66.6375
360,5,40,27,216.386,11.9702
360,5,40,28,276.063,119.331
360,5,40,29,120.237,310.389
360,5,40,30,161.131,338.094
360,5,40,31,81.1967,290.658
360,5,40,32,205.143,304.045
360,5,40,33,300.349,214.591
360,5,40,34,150.994,55.7711
360,5,40,35,268.425,282.557
360,5,40,36,166.287,72.0107
360,5,40,37,235.418,192.563
360,5,40,38,132.62,262.016
360,5,40,39,177.666,186.691
361,5,40,0,95.8652,222.155
361,5,40,1,196.849,26.2357
361,5,40,2,128.015,322.602
361,5,40,3,242.982,178.878
361,5,40,4,295.904,255.829
361,5,40,5,46.4861,345.755
361,5,40,6,165.266,7.11962
361,5,40,7,326.917,68.7031
361,5,40,8,63.3844,91.6819
361,5,40,9,299.235,216.044
361,5,40,10,235.481,280.006
361,5,40,11,76.8178,159.463
361,5,40,12,22.652,102.142
361,5,40,13,257.463,114.174
361,5,40,14,8.76433,58.4695
361,5,40,15,133.15,313.054
361,5,40,16,141.715,304.598
361,5,40,17,248.332,106.916
361,5,40,18,318.881,10.5595
361,5,40,19,266.282,252.927
361,5,40,20,55.7464,276.964
361,5,40,21,179.871,123.598
361,5,40,22,187.042,209.823
361,5,40,23,150.535,201.178
361,5,40,24,218.448,37.466
361,5,40,25,349.838,338.486
361,5,40,26,27.9945,331.265
361,5,40,27,205.029,289.934
361,5,40,28,225.189,133.34
361,5,40,29,4.71536,262.758
361,5,40,30,166.812,78.1179
361,5,40,31,310.863,231.548
361,5,40,32,108.696,48.1467
361,5,40,33,284.745,240.967
361,5,40,34,81.9921,186.469
361,5,40,35,102.47,27.4071
361,5,40,36,336.432,173.111
361,5,40,37,278.277,146.032
361,5,40,38,35.9206,81.8034
361,5,40,39,120.843,149.05
362,5,40,0,180.816,220.966
362,5,40,1,23.2417,11.9351
362,5,40,2,167.004,63.5222
362,5,40,3,86.5455,248.34
362,5,40,4,60.2691,278.816
362,5,40,5,51.1079,241
362,5,40,6,152.832,182.468
362,5,40,7,330.195,156.736
362,5,40,8,15.5024,47.549
362,5,40,9,114.854,331.222
362,5,40,10,139.317,280.873
362,5,40,11,249.36,344.379
362,5,40,12,285.82,104.196
362,5,40,13,341.827,259.025
362,5,40,14,37.959,338.431
362,5,40,15,91.3535,317
362,5,40,16,124.5,216.223
362,5,40,17,278.409,158.429
362,5,40,18,334.268,41.5758
362,5,40,19,163.407,20.0063
362,5,40,20,229.353,264.356
362,5,40,21,70.9611,197.233
362,5,40,22,295.012,30.1981
362,5,40,23,111.241,2.49901
362,5,40,24,103.354,307.45
362,5,40,25,220.866,76.1969
362,5,40,26,209.567,141.992
362,5,40,27,201.073,227.566
362,5,40,28,261.262,172.322
362,5,40,29,145.225,96.0585
362,5,40,30,318.52,131.982
362,5,40,31,5.33942,59.5035
362,5,40,32,240.595,84.6771
362,5,40,33,266.786,130.834
362,5,40,34,302.727,120.801
362,5,40,35,188.936,186.925
362,5,40,36,68.6397,289.809
362,5,40,37,314.37,105.879
362,5,40,38,211.105,203.567
362,5,40,39,34.9076,302.426
363,5,40,0,45.0568,304.893
363,5,40,1,168.8,335.352
363,5,40,2,29.6096,273.476
363,5,40,3,226.616,87.776
363,5,40,4,41.6569,73.1951
363,5,40,5,182.647,182.126
363,5,40,6,300.923,98.8073
363,5,40,7,58.9281,225.87
363,5,40,8,316.39,184.408
363,5,40,9,11.8778,11.9524
363,5,40,10,256.365,237.027
363,5,40,11,150.852,78.9873
363,5,40,12,278.768,211.028
363,5,40,13,280.923,324.545
363,5,40,14,197.415,67.7478
363,5,40,15,289.672,294.972
363,5,40,16,247.126,251.89
363,5,40,17,124.254,44.7232
363,5,40,18,101.101,111.88
363,5,40,19,337.124,196.554
363,5,40,20,217.833,150.828
363,5,40,21,131.263,347.982
363,5,40,22,344.139,229.636
363,5,40,23,92.6018,120.008
363,5,40,24,187.44,166.607
363,5,40,25,26.0458,145.805
363,5,40,26,203.2,28.8828
363,5,40,27,235.154,265.366
363,5,40,28,75.467,2.04847
363,5,40,29,81.8796,307.122
363,5,40,30,308.834,38.2925
363,5,40,31,165.875,162.013
363,5,40,32,66.7376,322.19
363,5,40,33,4.75129,23.3473
363,5,40,34,237.135,285.303
363,5,40,35,263.865,202.8
363,5,40,36,329.723,262.413
363,5,40,37,141.118,60.0766
363,5,40,38,111.36,139.556
363,5,40,39,114.681,124.912
364,5,40,0,275.781,11.0725
364,5,40,1,315.414,199.691
364,5,40,2,190.797,19.9004
364,5,40,3,33.1082,207.062
364,5,40,4,213.661,162.671
364,5,40,5,192.962,271.041
364,5,40,6,17.6442,72.7526
364,5,40,7,339.999,140.567
364,5,40,8,136.697,170.952
364,5,40,9,96.3166,152.423
364,5,40,10,107.553,240.972
364,5,40,11,244.51,58.3033
364,5,40,12,176.57,233.708
364,5,40,13,83.7557,40.7941
364,5,40,14,280.419,292.691
364,5,40,15,159.911,314.776
364,5,40,16,346.336,120.62
364,5,40,17,130.602,347.176
364,5,40,18,10.8747,110.045
364,5,40,19,56.6121,45.4885
364,5,40,20,170.125,316.903
364,5,40,21,325.275,288.3
364,5,40,22,228.329,329.601
364,5,40,23,95.3681,180.331
364,5,40,24,313.976,226.599
364,5,40,25,146.672,333.868
364,5,40,26,299.209,98.5355
364,5,40,27,296.73,68.6857
364,5,40,28,74.388,31.9099
364,5,40,29,47.6789,273.738
364,5,40,30,152.631,81.9896
364,5,40,31,225.916,134.648
364,5,40,32,206.698,188.756
364,5,40,33,246.406,249.317
364,5,40,34,35.5099,90.0849
364,5,40,35,3.42295,297.773
364,5,40,36,121.473,212.856
364,5,40,37,260.044,126.299
364,5,40,38,61.9498,4.11719
364,5,40,39,264.475,257.076
365,5,40,0,192.293,42.5989
365,5,40,1,29.2357,346.288
365,5,40,2,36.7375,260.565
365,5,40,3,279.989,64.0439
365,5,40,4,163.607,252.481
365,5,40,5,92.5296,26.2673
365,5,40,6,247.25,91.9437
365,5,40,7,66.6785,198.964
365,5,40,8,73.3302,22.4773
365,5,40,9,231.919,98.6845
365,5,40,10,312.801,129.751
365,5,40,11,112.878,167.111
365,5,40,12,120.277,310.182
365,5,40,13,6.01814,204.221
365,5,40,14,129.109,331.208
365,5,40,15,168.229,144.344
365,5,40,16,337.991,233.328
365,5,40,17,211.16,226.912
365,5,40,18,281.827,272.061
365,5,40,19,20.5662,122.012
365,5,40,20,48.0704,318.157
365,5,40,21,289.471,238.031
365,5,40,22,154.384,134.66
365,5,40,23,103.332,110.459
365,5,40,24,349.518,0.799028
365,5,40,25,79.7461,178.647
365,5,40,26,321.715,295.097
365,5,40,27,270.418,84.6806
365,5,40,28,242.78,341.177
365,5,40,29,59.6418,44.3706
365,5,40,30,223.043,184.202
365,5,40,31,138.99,70.9498
365,5,40,32,260.083,263.709
365,5,40,33,176.122,280.787
365,5,40,34,192.569,213.701
365,5,40,35,325.981,52.5405
365,5,40,36,204.276,159.147
365,5,40,37,297.534,305.102
365,5,40,38,142.039,157.37
365,5,40,39,15.8119,13.5106
366,5,40,0,189.401,228.478
366,5,40,1,104.212,68.3221
366,5,40,2,254.953,272.948
366,5,40,3,157.438,199.289
366,5,40,4,267.676,10.786
366,5,40,5,30.5966,301.949
366,5,40,6,178.108,108.726
366,5,40,7,69.6039,171.112
366,5,40,8,272.418,348.205
366,5,40,9,92.8648,336.354
366,5,40,10,192.813,318.821
366,5,40,11,349.346,289.329
366,5,40,12,21.8966,250.673
366,5,40,13,128.209,101.355
366,5,40,14,319.947,26.6295
366,5,40,15,298.063,285.403
366,5,40,16,110.256,150.813
366,5,40,17,295.679,59.8182
366,5,40,18,80.249,260.855
366,5,40,19,221.078,43.9892
366,5,40,20,39.9249,22.8636
366,5,40,21,213.871,307.278
366,5,40,22,148.107,166.22
366,5,40,23,51.7375,175.731
366,5,40,24,74.9078,325.396
366,5,40,25,121.319,0.229114
366,5,40,26,310.594,134.582
366,5,40,27,54.1372,191.896
366,5,40,28,208.104,86.7339
366,5,40,29,245.817,213.681
366,5,40,30,0.0387013,41.1478
366,5,40,31,332.007,118.352
366,5,40,32,135.465,123.25
366,5,40,33,282.218,146.732
366,5,40,34,244.421,205.982
366,5,40,35,173.109,266.274
366,5,40,36,164.397,226.517
366,5,40,37,227.693,70.4827
366,5,40,38,12.972,89.2941
366,5,40,39,334.785,240.86
367,5,40,0,158.853,50.6564
367,5,40,1,222.67,128.366
367,5,40,2,216.185,103.643
367,5,40,3,77.7041,302.862
367,5,40,4,274.813,162.892
367,5,40,5,183.394,21.0791
367,5,40,6,23.7327,113.486
367,5,40,7,101.003,3.05155
367,5,40,8,111.626,32.1564
367,5,40,9,232.227,209.036
367,5,40,10,344.291,194.414
367,5,40,11,288.317,243.9
367,5,40,12,318.198,293.926
367,5,40,13,205.659,251.416
367,5,40,14,122.188,259.175
367,5,40,15,63.3952,307.419
367,5,40,16,154.006,167.391
367,5,40,17,80.1141,133.022
367,5,40,18,341.198,153.886
367,5,40,19,173.205,235.595
367,5,40,20,14.6741,281.122
367,5,40,21,237.841,268.667
367,5,40,22,124.444,192.245
367,5,40,23,33.8415,217.025
367,5,40,24,245.38,321.288
367,5,40,25,258.521,148.31
367,5,40,26,137.014,348.533
367,5,40,27,194.5,340.457
367,5,40,28,267.948,62.0279
367,5,40,29,54.9429,221.326
367,5,40,30,43.5472,179.062
367,5,40,31,313.898,56.3256
367,5,40,32,326.552,272.944
367,5,40,33,92.7936,88.8284
367,5,40,34,1.37989,76.3751
367,5,40,35,302.265,121.554
367,5,40,36,46.0498,43.2568
367,5,40,37,294.539,84.3485
367,5,40,38,186.846,326.958
367,5,40,39,143.122,12.8259
368,5,40,0,45.746,330.432
368,5,40,1,19.7176,343.485
368,5,40,2,220.517,241.652
368,5,40,3,280,9.11817
368,5,40,4,1.03531,307.242
368,5,40,5,80.616,45.3746
368,5,40,6,329.613,178.865
368,5,40,7,140.185,26.1178
368,5,40,8,252.241,103.064
368,5,40,9,304.893,91.4453
368,5,40,10,103.541,162.023
368,5,40,11,148.96,41.3054
368,5,40,12,321.486,206.542
368,5,40,13,28.9364,187.937
368,5,40,14,265.169,109.64
368,5,40,15,274.394,117.843
368,5,40,16,215.963,57.2936
368,5,40,17,257.109,1.22835
368,5,40,18,130.894,75.2241
368,5,40,19,177.408,210.664
368,5,40,20,39.829,248.496
368,5,40,21,236.807,33.581
368,5,40,22,296.119,292.093
368,5,40,23,198.454,305.654
368,5,40,24,168.092,220.101
368,5,40,25,309.203,86.2652
368,5,40,26,121.555,335.558
368,5,40,27,201.294,133.096
368,5,40,28,59.9799,320.357
368,5,40,29,93.5044,235.809
368,5,40,30,76.395,283.089
368,5,40,31,232.894,166.769
368,5,40,32,64.3946,155.131
368,5,40,33,160.104,125.273
368,5,40,34,110.548,197.261
368,5,40,35,349.144,277.232
368,5,40,36,132.516,141.678
368,5,40,37,15.7769,270.528
368,5,40,38,184.383,261.428
368,5,40,39,334.826,67.4851
369,5,40,0,125.282,242.43
369,5,40,1,300.923,173.088
369,5,40,2,179.617,185.632
369,5,40,3,65.8477,217.452
369,5,40,4,245.455,123.997
369,5,40,5,167.69,134.608
369,5,40,6,119.796,249.521
369,5,40,7,46.951,69.312
369,5,40,8,17.6948,259.94
369,5,40,9,219.528,153.41
369,5,40,10,82.429,165.805
369,5,40,11,34.9864,302.073
369,5,40,12,101.923,34.4023
369,5,40,13,318.285,317.503
369,5,40,14,3.48765,121.878
369,5,40,15,347.512,207.408
369,5,40,16,110.992,48.5092
369,5,40,17,340.313,98.3767
369,5,40,18,255.048,264.748
369,5,40,19,138.13,23.4328
369,5,40,20,287.002,325.456
369,5,40,21,313.932,307.092
369,5,40,22,42.7644,89.0866
369,5,40,23,189.259,82.8542
369,5,40,24,274.015,15.5205
369,5,40,25,327.783,73.1389
369,5,40,26,294.561,56.2796
369,5,40,27,8.87155,334.729
369,5,40,28,55.5107,228.806
369,5,40,29,162.174,200.664
369,5,40,30,88.1125,144.15
369,5,40,31,77.9329,291.715
369,5,40,32,227.596,177.247
369,5,40,33,268.092,41.2601
369,5,40,34,140.142,227.253
369,5,40,35,242.175,273.273
369,5,40,36,152.872,109.754
369,5,40,37,199.032,6.94297
369,5,40,38,218.653,341.807
369,5,40,39,207.888,280.124
370,5,40,0,76.4275,250.73
370,5,40,1,148.06,76.1974
370,5,40,2,68.7449,258.828
370,5,40,3,250.216,13.0451
370,5,40,4,113.233,141.945
370,5,40,5,299.788,100.055
370,5,40,6,43.47,130.264
370,5,40,7,207.861,326.433
370,5,40,8,177.504,18.8826
370,5,40,9,197.909,53.7672
370,5,40,10,83.0155,271.847
370,5,40,11,297.018,182.467
370,5,40,12,152.021,95.0179
370,5,40,13,116.778,31.9857
370,5,40,14,257.938,184.249
370,5,40,15,11.3428,320.954
370,5,40,16,323.885,0.15531
370,5,40,17,244.68,83.4017
370,5,40,18,165.443,173.455
370,5,40,19,226.948,111.229
370,5,40,20,7.52864,210.995
370,5,40,21,233.888,122.117
370,5,40,22,283.01,292.157
370,5,40,23,308.641,203.534
370,5,40,24,50.0852,345.895
370,5,40,25,29.6902,164.277
370,5,40,26,25.1183,47.3962
370,5,40,27,315.563,286.792
370,5,40,28,270.639,69.252
370,5,40,29,348.303,35.6033
370,5,40,30,279.333,313.454
370,5,40,31,185.594,239.073
370,5,40,32,334.834,221.328
370,5,40,33,126.404,228.45
370,5,40,34,56.9833,271.124
370,5,40,35,88.4395,150.293
370,5,40,36,173.948,138.669
370,5,40,37,96.4697,297.502
370,5,40,38,139.837,335.695
370,5,40,39,215.251,192.943
371,5,40,0,145.835,293.243
371,5,40,1,308.904,305.93
371,5,40,2,161.862,331.614
371,5,40,3,345.034,282.861
371,5,40,4,82.9577,167.998
371,5,40,5,76.0118,246.823
371,5,40,6,5.93489,46.3851
371,5,40,7,294.383,184.568
371,5,40,8,203.593,115.607
371,5,40,9,26.9815,210.698
371,5,40,10,153.854,345.575
371,5,40,11,169.283,91.0816
371,5,40,12,255.033,260.291
371,5,40,13,178.921,205.377
371,5,40,14,137.157,162.982
371,5,40,15,105.991,62.0983
371,5,40,16,245.002,223.712
371,5,40,17,11.1515,6.39766
371,5,40,18,69.5771,25.3074
371,5,40,19,219.383,80.1585
371,5,40,20,194.41,144.992
371,5,40,21,102.673,27.7179
371,5,40,22,334.385,240.863
371,5,40,23,283.295,96.9144
371,5,40,24,305.775,319.665
371,5,40,25,216.075,135.23
371,5,40,26,19.0909,265.604
371,5,40,27,244.432,156.806
371,5,40,28,186.449,77.7789
371,5,40,29,233.533,37.3077
371,5,40,30,93.313,192.908
371,5,40,31,59.4932,178.083
371,5,40,32,36.8957,229.709
371,5,40,33,317.734,105.345
371,5,40,34,127.866,56.0018
371,5,40,35,269.837,278.94
371,5,40,36,327.574,312.565
371,5,40,37,275.776,9.11924
371,5,40,38,51.5357,339.144
371,5,40,39,114.388,127.366
372,5,40,0,302.487,291.494
372,5,40,1,107.587,106.478
372,5,40,2,329.252,14.7027
372,5,40,3,277.045,55.9996
372,5,40,4,98.1181,167.216
372,5,40,5,57.1026,201.816
372,5,40,6,128.314,199.719
372,5,40,7,336.841,274.396
372,5,40,8,219.958,72.6804
372,5,40,9,165.898,93.4356
372,5,40,10,75.3514,258.172
372,5,40,11,49.3196,118.605
372,5,40,12,217.08,325.951
372,5,40,13,347.275,344.878
372,5,40,14,95.8803,49.7558
372,5,40,15,238.826,125.562
372,5,40,16,174.461,68.7953
372,5,40,17,202.372,139.941
372,5,40,18,24.8207,305.544
372,5,40,19,148.672,335.176
372,5,40,20,137.214,217.359
372,5,40,21,43.7365,242.239
372,5,40,22,81.3738,165.35
372,5,40,23,252.235,234.7
372,5,40,24,319.465,245.856
372,5,40,25,230.31,181.702
372,5,40,26,293.099,22.7267
372,5,40,27,256.169,317.494
372,5,40,28,180.562,310.335
372,5,40,29,2.07052,84.2207
372,5,40,30,62.7354,282.592
372,5,40,31,10.4889,145.815
372,5,40,32,31.9756,40.0994
372,5,40,33,120.041,29.0028
372,5,40,34,269.672,148.918
372,5,40,35,309.71,192.255
372,5,40,36,197.544,6.08436
372,5,40,37,149.169,269.138
372,5,40,38,191.807,222.779
372,5,40,39,283.43,104.974
373,5,40,0,29.7992,326.297
373,5,40,1,286.255,122.061
373,5,40,2,172.905,133.847
373,5,40,3,82.7703,153.055
373,5,40,4,231.69,25.0228
373,5,40,5,182.603,302.031
373,5,40,6,47.1214,279.12
373,5,40,7,76.477,76.7272
373,5,40,8,111.316,285.094
373,5,40,9,225.998,99.8706
373,5,40,10,316.025,196.408
373,5,40,11,25.7306,234.574
373,5,40,12,302.884,225.171
373,5,40,13,343.213,123.13
373,5,40,14,17.267,316.478
373,5,40,15,6.0828,162.24
373,5,40,16,163.373,85.473
373,5,40,17,197.292,237.476
373,5,40,18,241.23,106.188
373,5,40,19,132.753,43.9258
373,5,40,20,334.527,5.18958
373,5,40,21,52.6434,255.14
373,5,40,22,187.934,293.24
373,5,40,23,92.7742,246.639
373,5,40,24,292.4,209.489
373,5,40,25,35.0758,145.654
373,5,40,26,212.453,56.1202
373,5,40,27,249.751,218.254
373,5,40,28,120.978,13.6268
373,5,40,29,144.321,269.685
373,5,40,30,96.4011,33.6127
373,5,40,31,326.832,172.144
373,5,40,32,313.845,188.306
373,5,40,33,127.075,348.545
373,5,40,34,264.774,338.646
373,5,40,35,63.4744,92.4746
373,5,40,36,156.919,38.3963
373,5,40,37,276.993,306.279
373,5,40,38,261.637,68.1505
373,5,40,39,206.743,182.399
374,5,40,0,145.709,298.798
374,5,40,1,283.936,266.117
374,5,40,2,46.8285,9.01572
374,5,40,3,96.7124,46.015
374,5,40,4,151.976,335.676
374,5,40,5,346.86,94.8251
374,5,40,6,253.441,17.8804
374,5,40,7,328.176,217.363
374,5,40,8,278.715,96.2899
374,5,40,9,317.823,137.15
374,5,40,10,53.4348,198.419
374,5,40,11,240.979,173.083
374,5,40,12,308.055,121.106
374,5,40,13,183.854,1.66783
374,5,40,14,293.864,290.412
374,5,40,15,260.144,29.1111
374,5,40,16,19.0434,206.703
374,5,40,17,90.4079,86.9989
374,5,40,18,209.876,254.226
374,5,40,19,132.912,229.038
374,5,40,20,167.454,287.997
374,5,40,21,106.239,62.7139
374,5,40,22,267.567,160.845
374,5,40,23,36.4105,143.335
374,5,40,24,116.609,130.188
374,5,40,25,234.564,307.413
374,5,40,26,30.8934,154.793
374,5,40,27,5.84171,75.4119
374,5,40,28,122.572,227.366
374,5,40,29,224.398,277.769
374,5,40,30,178.381,244.275
374,5,40,31,14.3439,329.046
374,5,40,32,297.766,56.4347
374,5,40,33,214.446,35.4976
374,5,40,34,340.146,109.6
374,5,40,35,66.2367,347.045
374,5,40,36,192.899,176.861
374,5,40,37,164.405,186.007
374,5,40,38,77.1425,250.587
374,5,40,39,79.5077,322.681
375,5,40,0,302.777,191.098
375,5,40,1,284.329,232.1
375,5,40,2,225.189,208.607
375,5,40,3,202.124,129.507
375,5,40,4,87.9588,304.822
375,5,40,5,338.141,57.9186
375,5,40,6,170.362,291.294
375,5,40,7,264.094,150.007
375,5,40,8,198.666,167.227
375,5,40,9,162.057,218.764
375,5,40,10,308.991,175.652
375,5,40,11,83.7991,31.4469
375,5,40,12,141.426,282.447
375,5,40,13,125.701,98.6836
375,5,40,14,113.963,94.6555
375,5,40,15,214.644,277.338
375,5,40,16,112.532,334.526
375,5,40,17,67.9237,236.725
375,5,40,18,47.1696,158.67
375,5,40,19,11.3438,134.349
375,5,40,20,98.0748,252.722
375,5,40,21,78.2785,107.708
375,5,40,22,134.797,322.288
375,5,40,23,186.05,265.838
375,5,40,24,2.04639,64.4275
375,5,40,25,279.059,218.109
375,5,40,26,240.361,77.6135
375,5,40,27,40.5375,330.123
375,5,40,28,235.368,307.448
375,5,40,29,30.9993,5.45693
375,5,40,30,59.0281,11.4033
375,5,40,31,317.811,193.712
375,5,40,32,254.037,261.219
375,5,40,33,21.2307,118.936
375,5,40,34,326.574,146.671
375,5,40,35,292.293,18.9751
375,5,40,36,346.176,82.3248
375,5,40,37,155.942,43.965
375,5,40,38,245.753,39.6973
375,5,40,39,182.839,343.284
376,5,40,0,172.81,291.875
376,5,40,1,239.361,251.597
376,5,40,2,347.985,280.82
376,5,40,3,120.342,131.347
376,5,40,4,213.809,50.8656
376,5,40,5,16.8171,181.026
376,5,40,6,44.3388,116.306
376,5,40,7,81.1702,165.038
376,5,40,8,188.619,107.296
376,5,40,9,293.204,242.914
376,5,40,10,317.099,197.429
376,5,40,11,73.1257,148.184
376,5,40,12,3.32446,345.929
376,5,40,13,159.164,227.801
376,5,40,14,28.993,18.8251
376,5,40,15,54.9322,217.605
376,5,40,16,106.131,339.249
376,5,40,17,176.205,325.237
376,5,40,18,194.617,309.256
376,5,40,19,204.059,62.3282
376,5,40,20,20.0038,27.7189
376,5,40,21,302.802,98.5059
376,5,40,22,128.86,223.596
376,5,40,23,98.5754,93.3435
376,5,40,24,231.718,150.327
376,5,40,25,141.522,124.011
376,5,40,26,133.406,273.827
376,5,40,27,272.598,6.66963
376,5,40,28,39.946,267.002
376,5,40,29,253.485,42.3462
376,5,40,30,255.307,209.194
376,5,40,31,282.773,317.491
376,5,40,32,329.863,259.64
376,5,40,33,223.492,74.8772
376,5,40,34,66.1675,169.019
376,5,40,35,341.099,81.5162
376,5,40,36,149.916,305.237
376,5,40,37,308.069,59.8662
376,5,40,38,268.676,192.38
376,5,40,39,88.8699,9.79399
377,5,40,0,5.42741,312.102
377,5,40,1,339.288,14.7614
377,5,40,2,205.758,63.0836
377,5,40,3,346.562,337.448
377,5,40,4,265.392,70.2211
377,5,40,5,96.5422,187.74
377,5,40,6,317.429,182.092
377,5,40,7,17.6003,44.7786
377,5,40,8,253.405,137.265
377,5,40,9,48.9317,126.85
377,5,40,10,229.724,198.291
377,5,40,11,26.9714,19.3446
377,5,40,12,276.995,174.448
377,5,40,13,223.728,343.523
377,5,40,14,107.317,7.20874
377,5,40,15,260.113,326.107
377,5,40,16,65.4871,251.915
377,5,40,17,239.783,232.063
377,5,40,18,167.873,145.745
377,5,40,19,74.7059,58.0966
377,5,40,20,137.468,323.195
377,5,40,21,284.778,107.541
377,5,40,22,158.014,291.511
377,5,40,23,200.291,201.774
377,5,40,24,9.51374,297.902
377,5,40,25,41.4807,32.5043
377,5,40,26,298.054,98.0839
377,5,40,27,186.546,83.5629
377,5,40,28,153.29,93.7072
377,5,40,29,140.131,226.84
377,5,40,30,290.108,164.032
377,5,40,31,217.457,38.7955
377,5,40,32,176.811,217.062
377,5,40,33,120.272,258.419
377,5,40,34,122.775,278.423
377,5,40,35,80.424,120.354
377,5,40,36,95.8922,154.45
377,5,40,37,328.26,271.089
377,5,40,38,58.1641,282.886
377,5,40,39,313.258,237.27
378,5,40,0,133.288,79.5235
378,5,40,1,193.745,228.05
378,5,40,2,22.7386,186.05
378,5,40,3,271.852,327.169
378,5,40,4,327.662,319.829
378,5,40,5,333.709,43.542
378,5,40,6,103.033,221.168
378,5,40,7,80.5006,237.431
378,5,40,8,169.171,88.5415
378,5,40,9,266.847,69.8034
378,5,40,10,11.8454,70.2047
378,5,40,11,229.462,103.487
378,5,40,12,60.3082,128.156
378,5,40,13,141.482,304.956
378,5,40,14,223.154,306.654
378,5,40,15,67.9989,47.4361
378,5,40,16,293.376,30.9806
378,5,40,17,35.0892,110.723
378,5,40,18,3.28721,180.832
378,5,40,19,345.464,349.175
378,5,40,20,323.598,20.8326
378,5,40,21,105.823,173.065
378,5,40,22,250.663,279.606
378,5,40,23,123.65,336.297
378,5,40,24,95.0989,280.685
378,5,40,25,282.074,134.798
378,5,40,26,71.0962,265.137
378,5,40,27,162.666,207.756
378,5,40,28,155.856,145.581
378,5,40,29,204.67,248.664
378,5,40,30,190.205,158.672
378,5,40,31,178.373,119.088
378,5,40,32,218.292,257.104
378,5,40,33,312.849,193.185
378,5,40,34,121.768,14.7373
378,5,40,35,243.574,54.9195
378,5,40,36,47.2066,291.846
378,5,40,37,256.87,155.646
378,5,40,38,304.606,4.93808
378,5,40,39,28.8297,218.626
379,5,40,0,45.2318,235.825
379,5,40,1,82.9139,334.164
379,5,40,2,118.114,87.6084
379,5,40,3,107.063,184.043
379,5,40,4,239.895,273.792
379,5,40,5,195.56,116.714
379,5,40,6,222.667,155.978
379,5,40,7,126.374,26.5858
379,5,40,8,134.342,132.701
379,5,40,9,10.3947,143.494
379,5,40,10,274.095,218.313
379,5,40,11,323.762,343.619
379,5,40,12,313.021,179.897
379,5,40,13,259.923,312.806
379,5,40,14,100.803,21.796
379,5,40,15,322.49,159.208
379,5,40,16,285.334,304.778
379,5,40,17,340.326,2.14099
379,5,40,18,76.1148,223.572
379,5,40,19,35.7356,124.511
379,5,40,20,183.311,247.593
379,5,40,21,33.7375,261.233
379,5,40,22,69.6854,75.0618
379,5,40,23,294.293,288.644
379,5,40,24,265.002,237.215
379,5,40,25,21.5161,330.145
379,5,40,26,143.103,108.057
379,5,40,27,156.397,197.265
379,5,40,28,170.553,291.298
379,5,40,29,164.431,46.242
379,5,40,30,6.62119,42.4783
379,5,40,31,93.5463,321.235
379,5,40,32,235.552,201.674
379,5,40,33,346.417,270.89
379,5,40,34,250.111,54.3859
379,5,40,35,60.3162,63.8145
379,5,40,36,191.239,167.724
379,5,40,37,213.425,13.1418
379,5,40,38,206.146,97.5163
379,5,40,39,300.052,86.4266
380,5,40,0,212.925,205.877
380,5,40,1,16.2457,4.75119
380,5,40,2,82.8511,20.2912
380,5,40,3,142.562,130.938
380,5,40,4,111.87,141.982
380,5,40,5,179.833,340.554
380,5,40,6,114.477,17.0343
380,5,40,7,265.461,92.6864
380,5,40,8,168.976,47.4083
380,5,40,9,96.6223,53.9503
380,5,40,10,293.895,168.375
380,5,40,11,53.2541,157.233
380,5,40,12,8.56641,97.1128
380,5,40,13,90.839,326.024
380,5,40,14,328.296,242.881
380,5,40,15,18.9447,272.493
380,5,40,16,254.192,288.385
380,5,40,17,191.616,220.394
380,5,40,18,65.0497,80.1163
380,5,40,19,33.5851,296.537
380,5,40,20,208.447,162.366
380,5,40,21,194.934,72.8239
380,5,40,22,122.984,62.2682
380,5,40,23,244.45,269.855
380,5,40,24,309.203,323.286
380,5,40,25,282.599,131.364
380,5,40,26,165.897,304.585
380,5,40,27,339.555,248.478
380,5,40,28,274.273,187.097
380,5,40,29,75.8393,117.797
380,5,40,30,318.446,212.408
380,5,40,31,150.078,200.087
380,5,40,32,135.144,233.785
380,5,40,33,249.403,33.3263
380,5,40,34,298.481,346.463
380,5,40,35,345.058,259.179
380,5,40,36,225.313,313.941
380,5,40,37,40.2163,109.454
380,5,40,38,44.146,175.907
380,5,40,39,230.383,36.4055
381,5,40,0,166.663,253.467
381,5,40,1,37.7348,118.057
381,5,40,2,22.9592,17.3765
381,5,40,3,281.399,137.821
381,5,40,4,164.492,234.254
381,5,40,5,51.5569,155.823
381,5,40,6,7.47966,48.0593
381,5,40,7,69.1114,162.61
381,5,40,8,289.802,241.186
381,5,40,9,143.466,258.263
381,5,40,10,233.322,305.248
381,5,40,11,57.0392,174.852
381,5,40,12,219.072,144.812
381,5,40,13,148.886,271.794
381,5,40,14,302.151,122.687
381,5,40,15,120.483,88.9292
381,5,40,16,236.268,330.138
381,5,40,17,251.779,197.756
381,5,40,18,108.323,264.39
381,5,40,19,9.63912,340.565
381,5,40,20,89.7977,286.338
381,5,40,21,316.785,38.694
381,5,40,22,199.791,290.402
381,5,40,23,343.981,7.79397
381,5,40,24,340.344,33.1239
381,5,40,25,277.413,345.248
381,5,40,26,211.742,313.981
381,5,40,27,329.034,203.354
381,5,40,28,83.0347,79.8089
381,5,40,29,258.247,18.5386
381,5,40,30,314.433,66.9075
381,5,40,31,28.9012,53.1479
381,5,40,32,137.103,70.5907
381,5,40,33,75.5393,320.372
381,5,40,34,99.9248,108.534
381,5,40,35,124.009,98.4724
381,5,40,36,190.112,223.177
381,5,40,37,264.826,215.047
381,5,40,38,176.501,187.556
381,5,40,39,207.13,180.378
382,5,40,0,108.553,278.844
382,5,40,1,300.927,16.3659
382,5,40,2,70.1033,179.917
382,5,40,3,21.0713,41.9759
382,5,40,4,218.75,228.355
382,5,40,5,35.182,192.512
382,5,40,6,313.961,291.809
382,5,40,7,194.673,110.04
382,5,40,8,146.684,100.76
382,5,40,9,329.602,143.427
382,5,40,10,280.896,93.3374
382,5,40,11,265.323,28.8645
382,5,40,12,32.9389,335.737
382,5,40,13,294.745,238.598
382,5,40,14,171.572,161.843
382,5,40,15,276.634,87.0158
382,5,40,16,66.6775,219.832
382,5,40,17,226.985,59.1291
382,5,40,18,322.168,137.924
382,5,40,19,120.645,48.9928
382,5,40,20,81.5727,318.093
382,5,40,21,235.908,305.618
382,5,40,22,177.627,265.067
382,5,40,23,60.2587,155.623
382,5,40,24,94.8564,332.337
382,5,40,25,186.516,345.651
382,5,40,26,257.788,68.9754
382,5,40,27,347.333,249.79
382,5,40,28,249.987,186.166
382,5,40,29,126.638,126.22
382,5,40,30,163.058,72.333
382,5,40,31,98.7146,313.526
382,5,40,32,132.511,259.103
382,5,40,33,157.452,118.347
382,5,40,34,244.694,22.9608
382,5,40,35,1.04565,207.388
382,5,40,36,49.527,171.131
382,5,40,37,10.9088,1.02253
382,5,40,38,335.298,216.87
382,5,40,39,204.086,282.257
383,5,40,0,262.939,1.84011
383,5,40,1,135.89,212.517
383,5,40,2,70.6203,231.066
383,5,40,3,92.0752,61.8609
383,5,40,4,292.85,75.9848
383,5,40,5,65.0523,121.458
383,5,40,6,201.111,80.0064
383,5,40,7,339.07,196.993
383,5,40,8,109.214,328.49
383,5,40,9,16.9067,128.215
383,5,40,10,22.6728,307.516
383,5,40,11,119.748,272.372
383,5,40,12,185.371,45.3244
383,5,40,13,60.6699,111.624
383,5,40,14,258.502,255.983
383,5,40,15,29.1987,20.1734
383,5,40,16,171.761,346.844
383,5,40,17,306.275,179.442
383,5,40,18,331.361,302.752
383,5,40,19,149.79,94.2694
383,5,40,20,48.6791,101.149
383,5,40,21,205.495,16.8578
383,5,40,22,245.978,149.048
383,5,40,23,315.285,140.667
383,5,40,24,79.8113,243.357
383,5,40,25,215.32,168.914
383,5,40,26,301.041,41.9127
383,5,40,27,161.188,317.332
383,5,40,28,235.272,31.567
383,5,40,29,285.333,163.729
383,5,40,30,104.965,339.463
383,5,40,31,272.401,52.6845
383,5,40,32,7.23526,186.641
383,5,40,33,239.349,268.654
383,5,40,34,141.078,293.631
383,5,40,35,122.801,208.655
383,5,40,36,219.039,280.938
383,5,40,37,43.4143,219.87
383,5,40,38,344.152,248.939
383,5,40,39,182.532,134.336
384,5,40,0,186.538,181.465
384,5,40,1,116.477,295.97
384,5,40,2,181.909,80.6526
384,5,40,3,347.894,33.3176
384,5,40,4,268.812,62.4786
384,5,40,5,317.902,348.013
384,5,40,6,337.972,152.192
384,5,40,7,39.0137,37.048
384,5,40,8,206.929,219.009
384,5,40,9,126.749,191.934
384,5,40,10,305.219,250.762
384,5,40,11,94.6127,263.017
384,5,40,12,52.7065,272.332
384,5,40,13,213.783,255.16
384,5,40,14,242.591,238.039
384,5,40,15,308.729,315.775
384,5,40,16,27.4576,143.315
384,5,40,17,234.677,164.641
384,5,40,18,71.11,231.233
384,5,40,19,19.0687,121.621
384,5,40,20,273.789,285.677
384,5,40,21,165.918,327.113
384,5,40,22,139.578,168.644
384,5,40,23,99.0321,19.7747
384,5,40,24,199.152,194.731
384,5,40,25,293.862,135.757
384,5,40,26,6.1064,217.605
384,5,40,27,144.567,94.6641
384,5,40,28,287.951,313.104
384,5,40,29,85.6789,204.983
384,5,40,30,254.813,106.318
384,5,40,31,69.1607,75.769
384,5,40,32,329.113,128.71
384,5,40,33,50.5226,11.367
384,5,40,34,168.28,54.8491
384,5,40,35,249.586,303.377
384,5,40,36,111.331,3.07377
384,5,40,37,149.699,103.105
384,5,40,38,16.2541,336.443
384,5,40,39,223.474,44.0391
385,5,40,0,122.857,244.745
385,5,40,1,98.1006,313.104
385,5,40,2,23.5898,186.624
385,5,40,3,220.54,251.233
385,5,40,4,195.192,202.078
385,5,40,5,296.663,219.782
385,5,40,6,175.656,261.124
385,5,40,7,320.345,137.39
385,5,40,8,174.521,290.076
385,5,40,9,264.927,333.862
385,5,40,10,333.965,277.193
385,5,40,11,252.906,64.7862
385,5,40,12,60.8441,108.876
385,5,40,13,149.03,83.6667
385,5,40,14,27.3359,89.0347
385,5,40,15,161.118,176.696
385,5,40,16,346.987,129.404
385,5,40,17,68.7147,12.1927
385,5,40,18,211.02,101.448
385,5,40,19,136.892,341.521
385,5,40,20,238.655,316.992
385,5,40,21,280.97,146.107
385,5,40,22,80.6283,302.837
385,5,40,23,306.332,196.525
385,5,40,24,93.4642,51.4157
385,5,40,25,147.751,113.829
385,5,40,26,192.246,210.193
385,5,40,27,12.9246,152.835
385,5,40,28,274.537,269.934
385,5,40,29,52.0114,38.9263
385,5,40,30,234.834,172.493
385,5,40,31,257.438,73.387
385,5,40,32,109.878,6.86656
385,5,40,33,204.269,280.206
385,5,40,34,8.37016,56.2134
385,5,40,35,72.834,328.836
385,5,40,36,326.77,165.829
385,5,40,37,114.659,235.088
385,5,40,38,36.3789,21.8115
385,5,40,39,302.595,28.7185
386,5,40,0,120.413,53.7292
386,5,40,1,295.785,135.38
386,5,40,2,284.425,17.3261
386,5,40,3,349.62,293.617
386,5,40,4,113.522,33.6794
386,5,40,5,90.0162,272.775
386,5,40,6,70.7609,220.764
386,5,40,7,253.856,146.864
386,5,40,8,328.529,36.6186
386,5,40,9,197.663,78.3344
386,5,40,10,317.263,258.695
386,5,40,11,29.7904,192.198
386,5,40,12,49.21,199.372
386,5,40,13,251.717,64.9115
386,5,40,14,151.225,169.071
386,5,40,15,336.312,175.898
386,5,40,16,310.387,214.581
386,5,40,17,174.957,268.864
386,5,40,18,41.3716,321.8
386,5,40,19,19.7461,348.755
386,5,40,20,7.89896,202.551
386,5,40,21,55.1437,90.9473
386,5,40,22,236.141,130.973
386,5,40,23,180.289,7.49994
386,5,40,24,213.372,108.054
386,5,40,25,266.919,100.523
386,5,40,26,304.092,79.6576
386,5,40,27,131.206,228.302
386,5,40,28,274.364,243.428
386,5,40,29,236.588,149.535
386,5,40,30,9.3472,19.1942
386,5,40,31,133.831,48.4925
386,5,40,32,67.9982,114.375
386,5,40,33,82.3099,328.933
386,5,40,34,147.029,312.488
386,5,40,35,99.7714,280.811
386,5,40,36,204.358,303.851
386,5,40,37,164.695,164.96
386,5,40,38,219.17,253.576
386,5,40,39,187.574,339.37
387,5,40,0,93.372,301.008
387,5,40,1,294.457,57.4872
387,5,40,2,280.012,231.971
387,5,40,3,106.946,88.6228
387,5,40,4,18.9239,160.099
387,5,40,5,50.145,336.082
387,5,40,6,266.428,82.0262
387,5,40,7,163.372,23.3037
387,5,40,8,232.63,1.67356
387,5,40,9,140.049,68.4106
387,5,40,10,139.243,291.317
387,5,40,11,215.366,128.903
387,5,40,12,30.3135,209.495
387,5,40,13,244.489,309.209
387,5,40,14,332.255,29.5616
387,5,40,15,8.07998,115.847
387,5,40,16,41.3206,175.607
387,5,40,17,84.6284,12.0633
387,5,40,18,194.561,214.05
387,5,40,19,152.48,147.405
387,5,40,20,115.353,331.502
387,5,40,21,344.311,342.535
387,5,40,22,224.847,193.764
387,5,40,23,261.679,258.729
387,5,40,24,317.407,42.8626
387,5,40,25,74.4599,253.711
387,5,40,26,175.867,288.514
387,5,40,27,124.79,184.376
387,5,40,28,68.4858,174.279
387,5,40,29,101.087,136.32
387,5,40,30,168.113,103.139
387,5,40,31,306.9,155.994
387,5,40,32,253.338,109.05
387,5,40,33,12.2826,46.3426
387,5,40,34,299.428,241.584
387,5,40,35,276.816,275.436
387,5,40,36,186.508,75.0793
387,5,40,37,61.1372,319.853
387,5,40,38,202.201,264.382
387,5,40,39,339.007,222.738
388,5,40,0,121.012,72.304
388,5,40,1,149.465,158.707
388,5,40,2,275.508,170.811
388,5,40,3,310.529,235.55
388,5,40,4,172.561,259.472
388,5,40,5,159.273,116.692
388,5,40,6,239.821,58.2761
388,5,40,7,55.3397,136.387
388,5,40,8,73.3604,281.098
388,5,40,9,204.028,64.248
388,5,40,10,104.671,305.762
388,5,40,11,257.816,318.328
388,5,40,12,130.573,82.7333
388,5,40,13,140.85,217.782
388,5,40,14,216.05,127.736
388,5,40,15,138.815,265.535
388,5,40,16,344.568,143.355
388,5,40,17,2.98255,277.226
388,5,40,18,264.901,241.147
388,5,40,19,250.954,192.876
388,5,40,20,198.107,348.707
388,5,40,21,227.546,50.5311
388,5,40,22,323.822,20.474
388,5,40,23,218.985,12.8
388,5,40,24,293.874,225.028
388,5,40,25,337.288,31.5424
388,5,40,26,24.5224,40.9104
388,5,40,27,108.789,209.269
388,5,40,28,184.956,340.913
388,5,40,29,322.839,6.63541
388,5,40,30,40.5016,294.952
388,5,40,31,12.5367,154.656
388,5,40,32,47.0948,331.211
388,5,40,33,175.303,96.0701
388,5,40,34,285.267,112.513
388,5,40,35,88.5178,99.6706
388,5,40,36,300.83,308.36
388,5,40,37,27.7947,249.36
388,5,40,38,83.6166,186.414
388,5,40,39,61.7603,180.434
389,5,40,0,162.682,28.1477
389,5,40,1,90.2194,309.406
389,5,40,2,125.335,19.0537
389,5,40,3,346.244,107.314
389,5,40,4,214.35,42.5091
389,5,40,5,69.2862,89.6898
389,5,40,6,40.8813,170.288
389,5,40,7,251.443,320.935
389,5,40,8,14.1011,78.7624
389,5,40,9,110.298,190.933
389,5,40,10,0.0716329,195.177
389,5,40,11,307.723,243.975
389,5,40,12,122.297,56.3263
389,5,40,13,134.911,304.042
389,5,40,14,316.207,285.641
389,5,40,15,278.272,260.786
389,5,40,16,79.5251,122.572
389,5,40,17,30.207,11.7382
389,5,40,18,285.111,294.152
389,5,40,19,179.226,208.83
389,5,40,20,336.912,117.293
389,5,40,21,267.025,0.241973
389,5,40,22,233.856,337.112
389,5,40,23,288.802,248.046
389,5,40,24,71.0159,214.627
389,5,40,25,171.153,68.315
389,5,40,26,223.178,271.691
389,5,40,27,297.996,72.9609
389,5,40,28,26.1962,229.249
389,5,40,29,52.8629,149.247
389,5,40,30,151.221,136.27
389,5,40,31,199.72,267.564
389,5,40,32,97.5756,51.6862
389,5,40,33,239.791,147.038
389,5,40,34,185.545,349.195
389,5,40,35,204.179,332.271
389,5,40,36,254.438,222.04
389,5,40,37,326.777,178.906
389,5,40,38,141.754,104.554
389,5,40,39,45.8032,162.88
390,5,40,0,235.864,289.689
390,5,40,1,264.848,182.561
390,5,40,2,278.652,281.205
390,5,40,3,122.464,298.586
390,5,40,4,68.6563,10.3615
390,5,40,5,289.693,121.742
390,5,40,6,246.417,49.1544
390,5,40,7,128.598,90.1891
390,5,40,8,223.783,341.064
390,5,40,9,73.4793,6.44385
390,5,40,10,0.231844,238.791
390,5,40,11,321.893,250.96
390,5,40,12,154.026,346.649
390,5,40,13,312.312,69.2108
390,5,40,14,20.6711,229.387
390,5,40,15,103.728,18.2025
390,5,40,16,326.889,129.303
390,5,40,17,241.133,208.832
390,5,40,18,167.829,75.0637
390,5,40,19,204.666,102.37
390,5,40,20,31.9136,221.229
390,5,40,21,257.474,184.539
390,5,40,22,187.677,153.104
390,5,40,23,162.436,324.138
390,5,40,24,93.3113,314.644
390,5,40,25,337.334,199.716
390,5,40,26,301.542,171.73
390,5,40,27,344.908,164.915
390,5,40,28,53.459,133.234
390,5,40,29,47.4128,265.362
390,5,40,30,106.365,320.535
390,5,40,31,80.0303,140.121
390,5,40,32,177.678,34.8009
390,5,40,33,280.836,215.931
390,5,40,34,213.314,271.773
390,5,40,35,195.175,37.5355
390,5,40,36,43.002,60.3668
390,5,40,37,147.667,107.754
390,5,40,38,135.272,258.781
390,5,40,39,16.6346,84.7677
391,5,40,0,232.013,113.52
391,5,40,1,252.443,195.135
391,5,40,2,183.373,324.242
391,5,40,3,43.9176,149.211
391,5,40,4,148.177,181.718
391,5,40,5,62.0869,20.1308
391,5,40,6,31.0595,262.733
391,5,40,7,0.268912,347.95
391,5,40,8,12.4273,100.16
391,5,40,9,294.165,275.546
391,5,40,10,237.58,323.143
391,5,40,11,72.0744,137.783
391,5,40,12,170.661,307.296
391,5,40,13,329.592,204.847
391,5,40,14,96.2166,91.1564
391,5,40,15,165.858,66.1998
391,5,40,16,23.816,52.1654
391,5,40,17,85.0939,244.145
391,5,40,18,309.762,258.535
391,5,40,19,111.523,216.658
391,5,40,20,41.0436,172.445
391,5,40,21,202.805,86.6312
391,5,40,22,297.541,77.1529
391,5,40,23,336.713,145.208
391,5,40,24,260.486,221.512
391,5,40,25,149.88,298.158
391,5,40,26,96.4242,338.38
391,5,40,27,265.66,248.245
391,5,40,28,121.913,292.355
391,5,40,29,129.514,41.1897
391,5,40,30,197.062,11.2958
391,5,40,31,188.359,55.7801
391,5,40,32,218.144,191.699
391,5,40,33,349.013,282.629
391,5,40,34,281.636,1.72404
391,5,40,35,272.756,122.981
391,5,40,36,54.7302,235.319
391,5,40,37,318.975,26.787
391,5,40,38,131.779,160.155
391,5,40,39,226.885,115.359
392,5,40,0,132.308,169.988
392,5,40,1,331.876,263.21
392,5,40,2,3.53137,160.221
392,5,40,3,56.2031,2.71478
392,5,40,4,11.5244,214.79
392,5,40,5,240.583,153.251
392,5,40,6,274.975,52.7339
392,5,40,7,140.008,199.353
392,5,40,8,198.473,22.098
392,5,40,9,346.87,240.73
392,5,40,10,248.674,314.851
392,5,40,11,160.707,9.20937
392,5,40,12,90.7821,284.833
392,5,40,13,300.007,147.58
392,5,40,14,212.249,325.74
392,5,40,15,153.436,71.3798
392,5,40,16,306.346,96.4055
392,5,40,17,26.9657,187.518
392,5,40,18,175.895,348.814
392,5,40,19,116.494,302.177
392,5,40,20,109.319,89.9521
392,5,40,21,74.5133,130.228
392,5,40,22,38.4796,80.091
392,5,40,23,289.348,288.805
392,5,40,24,336.933,44.3514
392,5,40,25,316.66,29.872
392,5,40,26,66.2221,226.628
392,5,40,27,287.187,175.998
392,5,40,28,188.986,118.887
392,5,40,29,124.763,109.558
392,5,40,30,203.376,42.6499
392,5,40,31,174.522,229.115
392,5,40,32,103.258,272.648
392,5,40,33,84.7732,334.399
392,5,40,34,225.5,253.503
392,5,40,35,232.932,256.849
392,5,40,36,47.1484,201.839
392,5,40,37,264.711,63.9696
392,5,40,38,23.3475,323.646
392,5,40,39,259.631,136.809
393,5,40,0,343.227,148.938
393,5,40,1,160.417,79.6092
393,5,40,2,101.938,323.744
393,5,40,3,275.756,119.243
393,5,40,4,51.6313,270.493
393,5,40,5,287.122,262.436
393,5,40,6,219.824,137.826
393,5,40,7,263.005,33.6351
393,5,40,8,202.475,104.137
393,5,40,9,330.819,59.6678
393,5,40,10,175.029,283.558
393,5,40,11,143.483,200.429
393,5,40,12,197.414,305.825
393,5,40,13,256.896,220.528
393,5,40,14,210.957,161.751
393,5,40,15,240.551,214.77
393,5,40,16,63.7874,5.7435
393,5,40,17,185.216,184.027
393,5,40,18,301.979,323.837
393,5,40,19,41.5506,130.059
393,5,40,20,308.591,106.498
393,5,40,21,234.745,46.4142
393,5,40,22,23.2072,69.5284
393,5,40,23,253.589,202.514
393,5,40,24,116.82,145.112
393,5,40,25,137.519,340.54
393,5,40,26,333.259,25.7311
393,5,40,27,174.094,42.1701
393,5,40,28,26.5936,345.905
393,5,40,29,78.9826,238.689
393,5,40,30,316.12,247.345
393,5,40,31,293.752,306.543
393,5,40,32,15.3222,93.0584
393,5,40,33,131.132,273.06
393,5,40,34,59.4118,175.075
393,5,40,35,94.1287,173.335
393,5,40,36,150.122,12.7207
393,5,40,37,112.432,290.515
393,5,40,38,76.8158,76.5418
393,5,40,39,4.50286,234.096
394,5,40,0,251.033,198.853
394,5,40,1,67.3895,153.49
394,5,40,2,120.258,2.49061
394,5,40,3,73.5155,73.3193
394,5,40,4,124.793,250.913
394,5,40,5,94.4776,101.036
394,5,40,6,199.445,112.686
394,5,40,7,182.047,303.457
394,5,40,8,274.569,227.059
394,5,40,9,269.773,14.2565
394,5,40,10,6.83228,310.426
394,5,40,11,17.2796,275.713
394,5,40,12,239.952,239.511
394,5,40,13,260.834,92.9186
394,5,40,14,140.818,190.163
394,5,40,15,55.3658,216.754
394,5,40,16,328.894,326.697
394,5,40,17,290.993,256.371
394,5,40,18,307.422,291.33
394,5,40,19,282.58,170.179
394,5,40,20,229.646,322.03
394,5,40,21,300.999,346.779
394,5,40,22,40.7821,24.5575
394,5,40,23,104.107,61.7911
394,5,40,24,335.978,87.1717
394,5,40,25,219.27,333.29
394,5,40,26,317.109,141.898
394,5,40,27,191.339,286.842
394,5,40,28,211.01,51.7573
394,5,40,29,347.127,162.332
394,5,40,30,203.702,43.0673
394,5,40,31,169.866,127.911
394,5,40,32,112.225,234.375
394,5,40,33,85.9958,179.186
394,5,40,34,152.335,268.406
394,5,40,35,21.556,31.5169
394,5,40,36,26.815,59.1755
394,5,40,37,46.5916,138.365
394,5,40,38,160.726,116.647
394,5,40,39,134.142,201.289
395,5,40,0,195.841,185.742
395,5,40,1,76.2876,166.654
395,5,40,2,277.254,46.7251
395,5,40,3,119.85,328.155
395,5,40,4,249.438,39.4362
395,5,40,5,86.5951,125.28
395,5,40,6,148.065,307.656
395,5,40,7,109.31,101.29
395,5,40,8,30.67,91.9043
395,5,40,9,38.1399,244.774
395,5,40,10,209.927,1.78739
395,5,40,11,294.889,231.125
395,5,40,12,7.8676,296.04
395,5,40,13,154.897,79.1444
395,5,40,14,126.329,147.204
395,5,40,15,301.547,77.3675
395,5,40,16,349.602,280.918
395,5,40,17,46.5135,318.293
395,5,40,18,331.871,343.046
395,5,40,19,259.278,269.97
395,5,40,20,136.117,21.2146
395,5,40,21,268.302,334.899
395,5,40,22,215.696,205.952
395,5,40,23,190.274,199.576
395,5,40,24,239.142,180.189
395,5,40,25,167.047,249.214
395,5,40,26,13.7486,112.002
395,5,40,27,225.873,13.9287
395,5,40,28,64.8466,53.7355
395,5,40,29,235.959,298.431
395,5,40,30,102.081,117.616
395,5,40,31,21.0617,272.556
395,5,40,32,312.587,154.312
395,5,40,33,88.9025,64.2137
395,5,40,34,164.138,212.437
395,5,40,35,54.7518,163.243
395,5,40,36,340.557,136.521
395,5,40,37,178.244,220.423
395,5,40,38,317.169,29.2276
395,5,40,39,283.751,261.272
396,5,40,0,283.821,42.8011
396,5,40,1,343.238,264.686
396,5,40,2,311.651,300.857
396,5,40,3,254.208,28.0878
396,5,40,4,317.617,91.0186
396,5,40,5,144.751,112.434
396,5,40,6,264.788,169.301
396,5,40,7,232.418,64.4517
396,5,40,8,158.536,119.022
396,5,40,9,192.968,59.6865
396,5,40,10,272.95,7.38751
396,5,40,11,86.8201,193.167
396,5,40,12,333.331,348.972
396,5,40,13,2.62028,327.637
396,5,40,14,152.506,158.713
396,5,40,15,215.121,80.189
396,5,40,16,50.733,278.364
396,5,40,17,114.819,281.541
396,5,40,18,72.3062,335.738
396,5,40,19,209.34,177.062
396,5,40,20,189.606,248.812
396,5,40,21,238.106,11.6304
396,5,40,22,180.527,22.766
396,5,40,23,27.5657,238.513
396,5,40,24,247.373,123.158
396,5,40,25,324.57,72.2521
396,5,40,26,38.5009,187.71
396,5,40,27,295.221,149.31
396,5,40,28,101.345,234.007
396,5,40,29,136.991,202.903
396,5,40,30,126.636,313.884
396,5,40,31,305.403,134.631
396,5,40,32,219.349,97.1222
396,5,40,33,16.0372,225.849
396,5,40,34,21.8887,321.746
396,5,40,35,174.764,259.135
396,5,40,36,109.757,295.028
396,5,40,37,90.7107,218.008
396,5,40,38,56.3942,147.585
396,5,40,39,67.2549,47.1957
397,5,40,0,283.017,20.3676
397,5,40,1,273.061,148.278
397,5,40,2,191.496,335.4
397,5,40,3,128.552,172.155
397,5,40,4,15.1467,53.4148
397,5,40,5,335.749,98.0385
397,5,40,6,79.373,87.8259
397,5,40,7,92.5006,320.794
397,5,40,8,201.942,44.9617
397,5,40,9,224.159,344.022
397,5,40,10,194.607,296.288
397,5,40,11,33.5133,266.69
397,5,40,12,342.172,326.534
397,5,40,13,143.014,218.597
397,5,40,14,180.016,5.89522
397,5,40,15,75.2402,180.71
397,5,40,16,21.2593,225.624
397,5,40,17,215.524,26.4249
397,5,40,18,55.2532,188.377
397,5,40,19,321.265,11.8088
397,5,40,20,120.592,128.458
397,5,40,21,261.939,74.9707
397,5,40,22,109.9,195.299
397,5,40,23,99.9557,86.2625
397,5,40,24,133.311,118.268
397,5,40,25,299.786,107.374
397,5,40,26,312.404,157.482
397,5,40,27,294.583,159.849
397,5,40,28,162.78,136.873
397,5,40,29,152.08,249.594
397,5,40,30,240.779,254.973
397,5,40,31,1.50681,310.868
397,5,40,32,51.5104,208.501
397,5,40,33,166.951,67.7196
397,5,40,34,246.316,299.879
397,5,40,35,61.5446,272.042
397,5,40,36,262.523,228.265
397,5,40,37,43.5122,238.352
397,5,40,38,235.498,286.35
397,5,40,39,332.49,42.8649
398,5,40,0,294.234,30.5871
398,5,40,1,284.918,304.845
398,5,40,2,220.607,158.989
398,5,40,3,317.833,67.7221
398,5,40,4,252.595,347.485
398,5,40,5,343.107,17.9488
398,5,40,6,43.2978,313.512
398,5,40,7,62.1195,108.336
398,5,40,8,79.7838,335.249
398,5,40,9,194.178,82.1384
398,5,40,10,187,119.479
398,5,40,11,23.2478,187.678
398,5,40,12,244.322,136.667
398,5,40,13,108.058,254.971
398,5,40,14,266.339,179.455
398,5,40,15,0.170019,227.049
398,5,40,16,203.956,146.624
398,5,40,17,128.645,123.339
398,5,40,18,137.739,42.4939
398,5,40,19,13.1522,174.442
398,5,40,20,230.622,208.632
398,5,40,21,276.033,281.735
398,5,40,22,340.907,53.1166
398,5,40,23,54.9747,9.33008
398,5,40,24,176.085,228.527
398,5,40,25,302.128,246.944
398,5,40,26,141.337,89.7082
398,5,40,27,217.144,272.44
398,5,40,28,88.7159,7.81079
398,5,40,29,75.3618,71.1368
398,5,40,30,171.777,97.2443
398,5,40,31,157.988,239.391
398,5,40,32,325.499,265.558
398,5,40,33,259.145,196.608
398,5,40,34,157.404,323.124
398,5,40,35,313.41,153.928
398,5,40,36,26.702,325.821
398,5,40,37,44.4962,211.162
398,5,40,38,103.278,294.3
398,5,40,39,119.42,50.1464
399,5,40,0,341.426,152.132
399,5,40,1,180.356,41.1136
399,5,40,2,183.847,141.103
399,5,40,3,335.371,269.968
399,5,40,4,228.325,255.485
399,5,40,5,218.177,301.995
399,5,40,6,143.294,46.2234
399,5,40,7,252.533,14.6942
399,5,40,8,273.349,238.747
399,5,40,9,208.15,59.564
399,5,40,10,149.436,342.818
399,5,40,11,9.32066,111.339
399,5,40,12,30.9884,312.592
399,5,40,13,243.072,174.42
399,5,40,14,158.145,340.561
399,5,40,15,293.421,319.799
399,5,40,16,46.6839,180.183
399,5,40,17,330.634,159.975
399,5,40,18,134.359,71.8405
399,5,40,19,101.158,131.515
399,5,40,20,282.526,1.10524
399,5,40,21,2.07238,231.373
399,5,40,22,222.176,99.7841
399,5,40,23,69.5383,128.256
399,5,40,24,302.876,81.0931
399,5,40,25,323.136,34.0722
399,5,40,26,266.31,61.3836
399,5,40,27,106.365,293.843
399,5,40,28,311.383,18.0723
399,5,40,29,116.504,90.1421
399,5,40,30,170.552,248.465
399,5,40,31,125.677,195.588
399,5,40,32,26.0303,275.611
399,5,40,33,90.7701,219.016
399,5,40,34,55.014,201.95
399,5,40,35,256.659,115.227
399,5,40,36,85.0417,329.441
399,5,40,37,73.0071,216.92
399,5,40,38,38.0376,191.486
399,5,40,39,196.797,284.121
