PSO EXECUTION
============================
Seed: 864365
Particles: 20
Relays: 3
Iterations: 20
Backend: Surrogate
Network Configuration: 1
Area: 500 x 500
Sink: 0, 0
Simulated Relay range: 155
w: 0.8
c1: 1.7
c2: 1.3

Relay Nodes Positions: 
PARTICLE 1: 
67.2545, 68.7725
169.054, 274.259
136.702, 179.994
PARTICLE 2: 
192.93, 156.789
89.3496, 85.8042
240.878, 279.066
PARTICLE 3: 
88.949, 65.4833
25.5696, 7.34448
99.5474, 193.683
PARTICLE 4: 
34.6651, 324.033
17.6967, 153.458
84.8753, 279.22
PARTICLE 5: 
202.434, 31.2469
88.7612, 85.4977
3.50477, 39.8457
PARTICLE 6: 
81.2238, 241.653
123.578, 301.93
19.8347, 139.338
PARTICLE 7: 
171.763, 115.473
110.87, 53.5001
287.233, 48.88
PARTICLE 8: 
254.849, 156.823
135.347, 65.9148
208.242, 239.625
PARTICLE 9: 
97.334, 257.035
60.2896, 136.994
52.0424, 387.278
PARTICLE 10: 
14.6072, 36.6792
24.1189, 172.793
14.9236, 64.4468
PARTICLE 11: 
114.308, 62.9454
204.409, 84.0159
175.726, 73.4039
PARTICLE 12: 
114.195, 68.8828
44.8285, 79.1764
203.482, 27.8067
PARTICLE 13: 
74.4479, 121.278
178.538, 127.936
302.856, 109.689
PARTICLE 14: 
92.1614, 114.716
198.82, 182.757
204.946, 119.343
PARTICLE 15: 
70.3513, 92.8393
167.915, 224.806
204.623, 98.4321
PARTICLE 16: 
286.991, 216.893
196.121, 166.493
68.9864, 106.793
PARTICLE 17: 
138.474, 59.065
118.274, 163.828
246.459, 10.1928
PARTICLE 18: 
120.29, 39.8244
129.567, 82.172
13.5507, 124.057
PARTICLE 19: 
139.958, 7.53287
70.0637, 162.831
98.3098, 104.635
PARTICLE 20: 
240.497, 184.891
98.0826, 93.2225
182.471, 111.04
Nodes Positions: 
340.941, 320.921
136.972, 406.758
294.487, 93.4682
283.875, 394.714
383.552, 469.634
444.6, 150.742
477.708, 457.739
432.665, 227.009
347.284, 16.1759
56.4057, 84.613
130.385, 222.569
464.578, 349.718
378.327, 33.6746
162.395, 313.584
62.4952, 448.254
263.181, 295.509
276.629, 58.6751
369.943, 201.524
3.63932, 82.8761
400.622, 43.0024
167.946, 410.518
364.658, 136.432
353.825, 26.9107
212.225, 428.05
457.463, 214.542
254.723, 21.6133
474.997, 118.068
439.983, 350.45
219.234, 171.427
48.2754, 488.877
302.952, 460.737
490.268, 482.804
411.069, 147.288
496.614, 252.714
185.59, 380.87
151.438, 132.464
96.3357, 494.02
30.2244, 290.201
198.926, 435.482
106.657, 244.696
118.004, 238.841
179.094, 330.305
314.523, 162.383
36.2019, 115.438
396.757, 100.227
75.9704, 269.386
332.481, 338.088
200.745, 7.89586
239.937, 194.044
15.1343, 419.606
244.634, 360.003
228.589, 175.068
267.876, 190.615
24.7857, 262.767
421.023, 280.513
143.161, 56.6772
324.369, 66.8494
73.2756, 387.819
115.059, 304.733
83.4577, 370.117
All particles start with velocity zero
-- ITERATION 0 --
-------------
Particle: 1:
Relays Coordinates:
67.2545, 68.7725
169.054, 274.259
136.702, 179.994
Evaluation Time: 0.0611927 seconds
Resulting Fitness: 0.460327
New local best!
New global best!
-------------
Particle: 2:
Relays Coordinates:
192.93, 156.789
89.3496, 85.8042
240.878, 279.066
Evaluation Time: 0.0653499 seconds
Resulting Fitness: 0.474962
New local best!
New global best!
-------------
Particle: 3:
Relays Coordinates:
88.949, 65.4833
25.5696, 7.34448
99.5474, 193.683
Evaluation Time: 0.0845586 seconds
Resulting Fitness: 0.31086
New local best!
-------------
Particle: 4:
Relays Coordinates:
34.6651, 324.033
17.6967, 153.458
84.8753, 279.22
Evaluation Time: 0.0559204 seconds
Resulting Fitness: 0.342747
New local best!
-------------
Particle: 5:
Relays Coordinates:
202.434, 31.2469
88.7612, 85.4977
3.50477, 39.8457
Evaluation Time: 0.0508998 seconds
Resulting Fitness: 0.263218
New local best!
-------------
Particle: 6:
Relays Coordinates:
81.2238, 241.653
123.578, 301.93
19.8347, 139.338
Evaluation Time: 0.0585367 seconds
Resulting Fitness: 0.382732
New local best!
-------------
Particle: 7:
Relays Coordinates:
171.763, 115.473
110.87, 53.5001
287.233, 48.88
Evaluation Time: 0.052976 seconds
Resulting Fitness: 0.425743
New local best!
-------------
Particle: 8:
Relays Coordinates:
254.849, 156.823
135.347, 65.9148
208.242, 239.625
Evaluation Time: 0.0624656 seconds
Resulting Fitness: 0.465779
New local best!
-------------
Particle: 9:
Relays Coordinates:
97.334, 257.035
60.2896, 136.994
52.0424, 387.278
Evaluation Time: 0.0530034 seconds
Resulting Fitness: 0.414986
New local best!
-------------
Particle: 10:
Relays Coordinates:
14.6072, 36.6792
24.1189, 172.793
14.9236, 64.4468
Evaluation Time: 0.038236 seconds
Resulting Fitness: 0.212803
New local best!
-------------
Particle: 11:
Relays Coordinates:
114.308, 62.9454
204.409, 84.0159
175.726, 73.4039
Evaluation Time: 0.0488665 seconds
Resulting Fitness: 0.289685
New local best!
-------------
Particle: 12:
Relays Coordinates:
114.195, 68.8828
44.8285, 79.1764
203.482, 27.8067
Evaluation Time: 0.0878829 seconds
Resulting Fitness: 0.246568
New local best!
-------------
Particle: 13:
Relays Coordinates:
74.4479, 121.278
178.538, 127.936
302.856, 109.689
Evaluation Time: 0.199461 seconds
Resulting Fitness: 0.501833
New local best!
New global best!
-------------
Particle: 14:
Relays Coordinates:
92.1614, 114.716
198.82, 182.757
204.946, 119.343
Evaluation Time: 0.19272 seconds
Resulting Fitness: 0.393795
New local best!
-------------
Particle: 15:
Relays Coordinates:
70.3513, 92.8393
167.915, 224.806
204.623, 98.4321
Evaluation Time: 0.15352 seconds
Resulting Fitness: 0.424564
New local best!
-------------
Particle: 16:
Relays Coordinates:
286.991, 216.893
196.121, 166.493
68.9864, 106.793
Evaluation Time: 0.143985 seconds
Resulting Fitness: 0.433495
New local best!
-------------
Particle: 17:
Relays Coordinates:
138.474, 59.065
118.274, 163.828
246.459, 10.1928
Evaluation Time: 0.201128 seconds
Resulting Fitness: 0.386921
New local best!
-------------
Particle: 18:
Relays Coordinates:
120.29, 39.8244
129.567, 82.172
13.5507, 124.057
Evaluation Time: 0.138741 seconds
Resulting Fitness: 0.233445
New local best!
-------------
Particle: 19:
Relays Coordinates:
139.958, 7.53287
70.0637, 162.831
98.3098, 104.635
Evaluation Time: 0.110839 seconds
Resulting Fitness: 0.312519
New local best!
-------------
Particle: 20:
Relays Coordinates:
240.497, 184.891
98.0826, 93.2225
182.471, 111.04
Evaluation Time: 0.275568 seconds
Resulting Fitness: 0.388932
New local best!
Current global best fitness: 0.501833
Current global best relays: 74.4479, 121.278
178.538, 127.936
302.856, 109.689
Particle 1 new velocities: 0.232083, 53.7924
5.81647, -138.293
188.625, -19.3459
Particle 2 new velocities: -31.3191, -42.0297
36.2018, 14.4143
49.5248, -107.861
Particle 3 new velocities: -14.363, 49.7869
103.728, 23.7318
8.23755, -106.381
Particle 4 new velocities: 26.5571, -93.6878
163.31, -13.5952
39.1448, -38.1317
Particle 5 new velocities: -50.5058, 99.8225
1.72966, 33.8123
168.019, 17.3991
Particle 6 new velocities: -0.445175, -94.801
58.5348, -71.8219
6.33, -27.1436
Particle 7 new velocities: -81.2991, 5.38411
29.4458, 61.2931
13.8899, 3.15414
Particle 8 new velocities: -215.119, -22.9979
45.1004, 76.6614
9.85931, -117.823
Particle 9 new velocities: -28.8907, -111.335
70.84, -7.9882
139.399, -73.8636
Particle 10 new velocities: 77.6719, 11.1715
183.055, -16.8673
21.7925, 53.7646
Particle 11 new velocities: -43.1919, 31.6984
-3.42647, 4.28494
159.081, 46.2114
Particle 12 new velocities: -39.4234, 10.128
116.986, 24.0507
25.8292, 78.7445
Particle 13 new velocities: 0, 0
0, 0
0, 0
Particle 14 new velocities: -21.9194, 6.02725
-26.166, -29.0592
97.8853, -4.54864
Particle 15 new velocities: 3.51574, 25.2387
5.26907, -113.173
20.5465, 13.6336
Particle 16 new velocities: -88.5765, -59.1242
-13.8859, -7.43941
142.291, 1.04946
Particle 17 new velocities: -75.2504, 21.5514
61.3932, -25.653
19.5202, 21.8984
Particle 18 new velocities: -0.333775, 47.366
35.1388, 19.3397
65.2917, -18.1437
Particle 19 new velocities: -13.0979, 73.6197
100.962, -19.2682
39.8793, 4.1103
Particle 20 new velocities: -185.419, -60.1876
8.66839, 38.2894
86.2402, -1.37472
-- ITERATION 1 --
-------------
Particle: 1:
Relays Coordinates:
67.4866, 122.565
174.87, 135.965
325.327, 160.648
Evaluation Time: 0.138954 seconds
Resulting Fitness: 0.536326
New local best!
New global best!
-------------
Particle: 2:
Relays Coordinates:
145.45, 103.283
112.996, 90.1966
261.363, 154.084
Evaluation Time: 0.0805363 seconds
Resulting Fitness: 0.420979
-------------
Particle: 3:
Relays Coordinates:
74.5861, 115.27
129.297, 31.0762
107.785, 87.302
Evaluation Time: 0.0520415 seconds
Resulting Fitness: 0.242603
-------------
Particle: 4:
Relays Coordinates:
40.1679, 151.13
118.759, 91.7643
81.3696, 158.178
Evaluation Time: 0.475683 seconds
Resulting Fitness: 0.262803
-------------
Particle: 5:
Relays Coordinates:
151.928, 131.069
90.4909, 119.31
171.523, 57.2448
Evaluation Time: 0.146401 seconds
Resulting Fitness: 0.302696
New local best!
-------------
Particle: 6:
Relays Coordinates:
80.7787, 146.852
182.113, 230.108
26.1647, 112.194
Evaluation Time: 0.192068 seconds
Resulting Fitness: 0.374596
-------------
Particle: 7:
Relays Coordinates:
73.2759, 97.8943
113.656, 92.9825
243.91, 42.1477
Evaluation Time: 0.123081 seconds
Resulting Fitness: 0.333169
-------------
Particle: 8:
Relays Coordinates:
39.7308, 133.825
180.447, 142.576
218.101, 121.802
Evaluation Time: 0.0611402 seconds
Resulting Fitness: 0.377773
-------------
Particle: 9:
Relays Coordinates:
49.8952, 106.215
95.5935, 94.0455
139.561, 228.479
Evaluation Time: 0.0703768 seconds
Resulting Fitness: 0.363676
-------------
Particle: 10:
Relays Coordinates:
83.0512, 43.0656
186.456, 140.333
33.0445, 106.39
Evaluation Time: 0.13298 seconds
Resulting Fitness: 0.32889
New local best!
-------------
Particle: 11:
Relays Coordinates:
71.1165, 94.6438
200.983, 88.3008
334.807, 119.615
Evaluation Time: 0.164162 seconds
Resulting Fitness: 0.474815
New local best!
-------------
Particle: 12:
Relays Coordinates:
74.7718, 79.0108
161.814, 103.227
229.311, 106.551
Evaluation Time: 0.117455 seconds
Resulting Fitness: 0.365611
New local best!
-------------
Particle: 13:
Relays Coordinates:
74.4479, 121.278
178.538, 127.936
302.856, 109.689
Evaluation Time: 0.0704171 seconds
Resulting Fitness: 0.501833
-------------
Particle: 14:
Relays Coordinates:
70.242, 120.743
172.654, 153.698
302.831, 114.794
Evaluation Time: 0.303351 seconds
Resulting Fitness: 0.504526
New local best!
-------------
Particle: 15:
Relays Coordinates:
73.867, 118.078
173.184, 111.633
225.169, 112.066
Evaluation Time: 0.119087 seconds
Resulting Fitness: 0.350293
-------------
Particle: 16:
Relays Coordinates:
117.162, 93.1607
107.608, 93.9194
124.757, 63.6801
Evaluation Time: 0.0770853 seconds
Resulting Fitness: 0.224672
-------------
Particle: 17:
Relays Coordinates:
63.2236, 80.6163
179.668, 138.176
265.979, 32.0912
Evaluation Time: 0.14821 seconds
Resulting Fitness: 0.422133
New local best!
-------------
Particle: 18:
Relays Coordinates:
119.956, 87.1903
164.706, 101.512
78.8424, 105.913
Evaluation Time: 0.122771 seconds
Resulting Fitness: 0.300829
New local best!
-------------
Particle: 19:
Relays Coordinates:
126.86, 81.1525
171.026, 143.563
138.189, 108.745
Evaluation Time: 0.0518489 seconds
Resulting Fitness: 0.326144
New local best!
-------------
Particle: 20:
Relays Coordinates:
49.5696, 112.233
96.0759, 118.361
241.84, 98.6989
Evaluation Time: 0.0531766 seconds
Resulting Fitness: 0.372385
Current global best fitness: 0.536326
Current global best relays: 67.4866, 122.565
174.87, 135.965
325.327, 160.648
Particle 1 new velocities: 0.185666, 43.0339
4.65318, -110.635
150.9, -15.4767
Particle 2 new velocities: 28.8587, -2.79057
52.9236, 17.0671
69.8282, 39.7461
Particle 3 new velocities: -11.7225, 23.221
6.17909, 69.6038
278.8, 27.9437
Particle 4 new velocities: 21.3849, 196.54
109.232, 71.4674
100.488, 119.865
Particle 5 new velocities: -126.596, 69.6381
72.9006, 30.5564
323.655, 75.5239
Particle 6 new velocities: -14.4867, -3.30861
8.0764, -7.91521
294.389, 24.454
Particle 7 new velocities: 74.9667, 20.7449
31.5017, 82.1629
71.0422, 92.6858
Particle 8 new velocities: 88.763, 0.126286
13.0788, -47.3815
14.5129, 50.3867
Particle 9 new velocities: 45.4051, 163.883
94.8587, 35.3023
193.048, -57.2157
Particle 10 new velocities: 52.6704, 10.9617
141.082, -18.292
327.084, 50.8998
Particle 11 new velocities: -37.6945, 48.7237
-22.0636, 19.7435
116.791, 49.8595
Particle 12 new velocities: -38.1108, 23.466
101.505, 39.423
102.479, 103.067
Particle 13 new velocities: -1.77208, 1.64881
-3.75347, 6.66739
15.6149, 26.8456
Particle 14 new velocities: -20.5663, 4.99618
-19.0206, -37.0778
101.345, 20.893
Particle 15 new velocities: 0.0986167, 13.8355
1.21641, -61.7883
68.9434, 21.2466
Particle 16 new velocities: 20.3811, 170.238
9.51237, 63.5784
259.05, 66.4701
Particle 17 new velocities: -57.5709, 40.9947
46.57, -22.1017
22.0347, 105.388
Particle 18 new velocities: -15.5512, 50.2884
32.5605, 41.0261
292.842, -1.01443
Particle 19 new velocities: -82.5158, 59.5495
82.5969, -24.3249
147.485, 37.3122
Particle 20 new velocities: -65.6495, 19.5301
80.145, 8.4031
10.9857, 86.0986
-- ITERATION 2 --
-------------
Particle: 1:
Relays Coordinates:
32.3674, 79.2054
85.8654, 12.1156
227.778, 69.4351
Evaluation Time: 0.0613599 seconds
Resulting Fitness: 0.328894
-------------
Particle: 2:
Relays Coordinates:
127.071, 73.2592
120.956, 78.1953
241.438, 141.302
Evaluation Time: 0.0719155 seconds
Resulting Fitness: 0.346023
-------------
Particle: 3:
Relays Coordinates:
37.1203, 81.7777
79.9975, 59.4506
228.275, 68.0514
Evaluation Time: 0.0868881 seconds
Resulting Fitness: 0.328555
New local best!
-------------
Particle: 4:
Relays Coordinates:
32.7117, 184.766
121.163, 86.748
96.6465, 147.764
Evaluation Time: 0.0657854 seconds
Resulting Fitness: 0.299384
-------------
Particle: 5:
Relays Coordinates:
10.9043, 86.398
70.3347, 64.5126
213.158, 57.1526
Evaluation Time: 0.0856076 seconds
Resulting Fitness: 0.321974
New local best!
-------------
Particle: 6:
Relays Coordinates:
59.6628, 129.189
171.171, 199.973
288.498, 122.983
Evaluation Time: 0.0705978 seconds
Resulting Fitness: 0.534199
New local best!
-------------
Particle: 7:
Relays Coordinates:
120.076, 96.0977
117.577, 141.868
255.111, 109.215
Evaluation Time: 0.0485365 seconds
Resulting Fitness: 0.430296
New local best!
-------------
Particle: 8:
Relays Coordinates:
104.08, 108.5
156.756, 77.1077
188.417, 139.473
Evaluation Time: 0.0566017 seconds
Resulting Fitness: 0.328532
-------------
Particle: 9:
Relays Coordinates:
62.5265, 177.212
124.956, 84.8651
218.225, 112.366
Evaluation Time: 0.0504656 seconds
Resulting Fitness: 0.408332
-------------
Particle: 10:
Relays Coordinates:
98.9411, 39.3859
238.776, 88.9679
262.533, 114.664
Evaluation Time: 0.0513964 seconds
Resulting Fitness: 0.376199
New local best!
-------------
Particle: 11:
Relays Coordinates:
17.7618, 76.1914
95.0851, 57.4192
239.998, 90.0659
Evaluation Time: 0.0531554 seconds
Resulting Fitness: 0.348889
-------------
Particle: 12:
Relays Coordinates:
24.0533, 67.235
172.763, 93.5927
217.688, 137.53
Evaluation Time: 0.0361153 seconds
Resulting Fitness: 0.34229
-------------
Particle: 13:
Relays Coordinates:
72.6758, 122.927
174.784, 134.603
318.471, 136.535
Evaluation Time: 0.0495725 seconds
Resulting Fitness: 0.512848
New local best!
-------------
Particle: 14:
Relays Coordinates:
29.333, 74.248
90.7193, 68.8631
238.662, 80.122
Evaluation Time: 0.0487011 seconds
Resulting Fitness: 0.348079
-------------
Particle: 15:
Relays Coordinates:
73.9657, 131.914
174.401, 49.8444
294.112, 133.312
Evaluation Time: 0.0718969 seconds
Resulting Fitness: 0.486157
New local best!
-------------
Particle: 16:
Relays Coordinates:
73.096, 139.981
62.2425, 83.7008
203.971, 69.1672
Evaluation Time: 0.099656 seconds
Resulting Fitness: 0.352597
-------------
Particle: 17:
Relays Coordinates:
3.70873, 79.789
148.435, 76.156
188.966, 90.2001
Evaluation Time: 0.125518 seconds
Resulting Fitness: 0.299762
-------------
Particle: 18:
Relays Coordinates:
84.5679, 111.358
159.786, 115.456
301.064, 84.9679
Evaluation Time: 0.139686 seconds
Resulting Fitness: 0.45256
New local best!
-------------
Particle: 19:
Relays Coordinates:
32.3273, 102.572
184.891, 86.9247
208.257, 106.476
Evaluation Time: 0.115418 seconds
Resulting Fitness: 0.303674
-------------
Particle: 20:
Relays Coordinates:
0, 106.728
142.739, 102.679
204.789, 149.686
Evaluation Time: 0.0585669 seconds
Resulting Fitness: 0.342269
Current global best fitness: 0.536326
Current global best relays: 67.4866, 122.565
174.87, 135.965
325.327, 160.648
Particle 1 new velocities: 64.0703, 89.1188
143.903, 236.765
171, 127.977
Particle 2 new velocities: 61.7177, 76.8407
48.8067, 65.0592
98.7915, 227.296
Particle 3 new velocities: 8.12969, 42.1326
29.7917, 56.1554
243.347, 39.4418
Particle 4 new velocities: 58.0787, 174.365
-51.8993, 190.631
189.052, 248.837
Particle 5 new velocities: -47.5029, 80.4564
77.8362, 106.696
401.978, 159.18
Particle 6 new velocities: -7.63745, -8.15775
6.9064, -47.6963
282.64, 30.5056
Particle 7 new velocities: 26.3268, 17.7684
47.5761, 60.2493
77.443, 92.3074
Particle 8 new velocities: 93.9253, 20.0085
-5.91144, -20.4684
121.817, 157.266
Particle 9 new velocities: 92.6359, 192.409
25.719, 132.827
212.884, -12.9651
Particle 10 new velocities: 30.8423, 30.188
101.925, 1.24656
284.147, 70.5237
Particle 11 new velocities: 34.9587, 68.8605
13.1197, 47.5126
329.456, 131.935
Particle 12 new velocities: 65.8431, 59.8387
78.6144, 37.4391
133.994, 93.8801
Particle 13 new velocities: -2.71173, 1.11497
-2.93186, 6.59219
16.6116, 52.1619
Particle 14 new velocities: 7.91423, 126.256
166.096, 189.127
105.679, 142.88
Particle 15 new velocities: -5.90827, 8.96677
1.00306, 50.935
66.7972, 39.6486
Particle 16 new velocities: 359.283, 174.233
123.041, 133.757
114.132, 150.634
Particle 17 new velocities: 50.4707, 53.4034
90.2626, 118.78
239.13, 149.887
Particle 18 new velocities: -26.9012, 46.8691
42.8182, 45.924
253.965, 40.589
Particle 19 new velocities: 95.2539, 39.648
50.2287, 71.7369
87.5062, 65.1592
Particle 20 new velocities: 175.412, 152.221
48.2807, 29.5204
143.391, 65.7922
-- ITERATION 3 --
-------------
Particle: 1:
Relays Coordinates:
70.3031, 122.708
167.501, 181.434
290.709, 143.913
Evaluation Time: 0.0848179 seconds
Resulting Fitness: 0.526044
-------------
Particle: 2:
Relays Coordinates:
100.33, 79.7692
90.2186, 76.1313
180.812, 195.888
Evaluation Time: 0.0561512 seconds
Resulting Fitness: 0.354927
-------------
Particle: 3:
Relays Coordinates:
17.5308, 48.0054
42.5346, 44.7881
182.716, 41.6451
Evaluation Time: 0.0863264 seconds
Resulting Fitness: 0.237318
-------------
Particle: 4:
Relays Coordinates:
48.2497, 190.857
36.8098, 147.41
151.832, 210.77
Evaluation Time: 0.0963178 seconds
Resulting Fitness: 0.343365
New local best!
-------------
Particle: 5:
Relays Coordinates:
0, 71.8254
63.7827, 73.6996
215.234, 93.1241
Evaluation Time: 0.324177 seconds
Resulting Fitness: 0.28984
-------------
Particle: 6:
Relays Coordinates:
24.8836, 57.889
85.1737, 72.8336
239.148, 73.4132
Evaluation Time: 0.140638 seconds
Resulting Fitness: 0.346969
-------------
Particle: 7:
Relays Coordinates:
118.587, 92.2315
133.774, 163.715
269.369, 163.233
Evaluation Time: 0.0925205 seconds
Resulting Fitness: 0.454514
New local best!
-------------
Particle: 8:
Relays Coordinates:
144.346, 93.6829
109.966, 41.29
226.161, 216.323
Evaluation Time: 0.0846591 seconds
Resulting Fitness: 0.4207
-------------
Particle: 9:
Relays Coordinates:
74.2137, 176.789
72.0672, 104.122
206.198, 47.5431
Evaluation Time: 0.085672 seconds
Resulting Fitness: 0.373379
-------------
Particle: 10:
Relays Coordinates:
94.6121, 50.7194
248.371, 65.7664
364.5, 135.002
Evaluation Time: 0.0440775 seconds
Resulting Fitness: 0.480084
New local best!
-------------
Particle: 11:
Relays Coordinates:
18.3825, 50.5765
37.7287, 36.5875
174.339, 77.4068
Evaluation Time: 0.0369772 seconds
Resulting Fitness: 0.248822
-------------
Particle: 12:
Relays Coordinates:
80.9067, 114.366
226.24, 117.929
316.514, 208.269
Evaluation Time: 0.0493998 seconds
Resulting Fitness: 0.50511
New local best!
-------------
Particle: 13:
Relays Coordinates:
62.9677, 111.638
154.667, 127.076
301.575, 169.827
Evaluation Time: 0.0480077 seconds
Resulting Fitness: 0.447646
-------------
Particle: 14:
Relays Coordinates:
24.4379, 131.55
168.497, 169.267
225.922, 146.311
Evaluation Time: 0.0555244 seconds
Resulting Fitness: 0.417482
-------------
Particle: 15:
Relays Coordinates:
49.6138, 102.702
127.869, 73.4682
263.103, 126.088
Evaluation Time: 0.0728367 seconds
Resulting Fitness: 0.409864
-------------
Particle: 16:
Relays Coordinates:
229.784, 166.986
98.4672, 115.566
169.053, 116.811
Evaluation Time: 0.061999 seconds
Resulting Fitness: 0.376256
-------------
Particle: 17:
Relays Coordinates:
39.4968, 97.0973
174.01, 142.108
312.082, 175.023
Evaluation Time: 0.12335 seconds
Resulting Fitness: 0.47138
New local best!
-------------
Particle: 18:
Relays Coordinates:
27.5818, 75.6794
96.9048, 77.1874
239.148, 60.0535
Evaluation Time: 0.127833 seconds
Resulting Fitness: 0.357575
-------------
Particle: 19:
Relays Coordinates:
103.341, 115.198
190.447, 128.516
239.568, 139.024
Evaluation Time: 0.305907 seconds
Resulting Fitness: 0.370173
New local best!
-------------
Particle: 20:
Relays Coordinates:
115.088, 169.897
125.328, 86.7358
228.441, 141.375
Evaluation Time: 0.117709 seconds
Resulting Fitness: 0.416039
New local best!
Current global best fitness: 0.536326
Current global best relays: 67.4866, 122.565
174.87, 135.965
325.327, 160.648
Particle 1 new velocities: 48.5846, 71.1186
126.525, 97.9234
148.945, 141.213
Particle 2 new velocities: 121.368, 173.225
126.721, 74.0235
234.17, 233.724
Particle 3 new velocities: 73.832, 118.261
155.76, 112.736
317.043, 69.5547
Particle 4 new velocities: 51.206, 113.101
37.8555, 146.683
201.204, 188.255
Particle 5 new velocities: 42.892, 89.4711
114.113, 110.033
111.561, 106.413
Particle 6 new velocities: 37.6449, 57.7442
131.171, 32.8471
109.912, 61.41
Particle 7 new velocities: -33.8732, 41.3538
43.7941, 44.5214
114.141, 72.7218
Particle 8 new velocities: 158.728, 60.3346
92.4526, -4.95504
163.341, 134.408
Particle 9 new velocities: 72.7413, 242.609
30.1474, 180.134
-47.5928, 331.401
Particle 10 new velocities: -2.0118, 93.5237
77.8458, 85.6861
-21.7386, 57.4053
Particle 11 new velocities: 139.374, 168.32
274.707, 153.167
255.602, 203.118
Particle 12 new velocities: 44.5942, 48.0171
3.11557, 33.0959
117.829, 59.1381
Particle 13 new velocities: 16.4875, 18.1217
18.5707, 21.1219
56.2499, 35.226
Particle 14 new velocities: 52.1169, 77.1896
137.479, 135.024
190.586, 92.3019
Particle 15 new velocities: 27.7226, 40.25
52.1359, 68.6212
81.6782, 54.5537
Particle 16 new velocities: 270.88, 168.644
301.378, 193.453
105.335, 154.085
Particle 17 new velocities: 72.4552, 63
73.2305, 94.7141
202.325, 118.619
Particle 18 new velocities: 73.7428, 55.7288
164.804, 100.752
74.4087, 150.422
Particle 19 new velocities: 56.332, 40.8974
20.6429, 66.5023
171.256, 70.0758
Particle 20 new velocities: 107.673, 90.0986
66.7302, 42.025
159.664, 77.1088
-- ITERATION 4 --
-------------
Particle: 1:
Relays Coordinates:
78.0022, 127.17
192.91, 183.286
288.457, 187.071
Evaluation Time: 0.08407 seconds
Resulting Fitness: 0.490881
-------------
Particle: 2:
Relays Coordinates:
117.819, 134.452
115.29, 79.7984
220.538, 228.314
Evaluation Time: 0.0729581 seconds
Resulting Fitness: 0.382298
-------------
Particle: 3:
Relays Coordinates:
43.6985, 79.5249
94.8437, 75.3431
239.033, 53.1865
Evaluation Time: 0.0467853 seconds
Resulting Fitness: 0.332287
New local best!
-------------
Particle: 4:
Relays Coordinates:
47.5694, 145.382
35.7122, 140.664
168.856, 190.852
Evaluation Time: 0.0470882 seconds
Resulting Fitness: 0.361316
New local best!
-------------
Particle: 5:
Relays Coordinates:
38.6028, 145.167
160.106, 165.359
294.115, 179.583
Evaluation Time: 0.0450453 seconds
Resulting Fitness: 0.490381
New local best!
-------------
Particle: 6:
Relays Coordinates:
62.5285, 115.633
216.345, 105.681
349.06, 134.823
Evaluation Time: 0.0541395 seconds
Resulting Fitness: 0.506896
-------------
Particle: 7:
Relays Coordinates:
61.7561, 97.3837
129.447, 151.804
279.579, 172.011
Evaluation Time: 0.0566193 seconds
Resulting Fitness: 0.40118
-------------
Particle: 8:
Relays Coordinates:
198.846, 101.051
132.807, 23.8394
255.552, 230.114
Evaluation Time: 0.0587101 seconds
Resulting Fitness: 0.460984
-------------
Particle: 9:
Relays Coordinates:
70.2881, 200.596
48.8889, 135.959
75.8604, 181.248
Evaluation Time: 0.0577904 seconds
Resulting Fitness: 0.266442
-------------
Particle: 10:
Relays Coordinates:
60.7551, 94.6379
214.031, 99.368
224.886, 126.239
Evaluation Time: 0.0601306 seconds
Resulting Fitness: 0.335894
-------------
Particle: 11:
Relays Coordinates:
83.8384, 116.33
166.041, 100.843
228.489, 149.082
Evaluation Time: 0.0514629 seconds
Resulting Fitness: 0.354005
-------------
Particle: 12:
Relays Coordinates:
82.3412, 106.54
150.48, 99.0872
284.973, 175.446
Evaluation Time: 0.0694203 seconds
Resulting Fitness: 0.423482
-------------
Particle: 13:
Relays Coordinates:
57.9228, 94.5946
126.291, 108.036
260.854, 149.484
Evaluation Time: 0.0565883 seconds
Resulting Fitness: 0.396129
-------------
Particle: 14:
Relays Coordinates:
45.2049, 123.259
180.675, 179.681
245.944, 140.899
Evaluation Time: 0.052977 seconds
Resulting Fitness: 0.43961
-------------
Particle: 15:
Relays Coordinates:
69.6028, 128.657
162.005, 127.88
310.303, 162.578
Evaluation Time: 0.0515424 seconds
Resulting Fitness: 0.505502
New local best!
-------------
Particle: 16:
Relays Coordinates:
193.71, 130.03
154.908, 119.721
106.303, 104.951
Evaluation Time: 0.0833014 seconds
Resulting Fitness: 0.337849
-------------
Particle: 17:
Relays Coordinates:
66.1065, 94.5359
145.993, 139.841
295.245, 173.393
Evaluation Time: 0.0768911 seconds
Resulting Fitness: 0.431522
-------------
Particle: 18:
Relays Coordinates:
91.1921, 118.267
235.538, 160.145
282.201, 189.428
Evaluation Time: 0.0928839 seconds
Resulting Fitness: 0.429345
-------------
Particle: 19:
Relays Coordinates:
104.761, 102.414
138.496, 127.951
269.542, 137.191
Evaluation Time: 0.0503378 seconds
Resulting Fitness: 0.421147
New local best!
-------------
Particle: 20:
Relays Coordinates:
146.153, 170.583
126.009, 84.48
254.636, 143.347
Evaluation Time: 0.0506076 seconds
Resulting Fitness: 0.426551
New local best!
Current global best fitness: 0.536326
Current global best relays: 67.4866, 122.565
174.87, 135.965
325.327, 160.648
Particle 1 new velocities: 31.3002, 51.8827
90.8304, 32.0128
126.105, 56.0106
Particle 2 new velocities: 95.4924, 136.135
119.658, 67.4493
271.199, 205.35
Particle 3 new velocities: 69.9743, 126.874
223.836, 158.808
276.797, 150.698
Particle 4 new velocities: 48.8975, 65.3973
172.459, 112.372
196.121, 143.044
Particle 5 new velocities: 61.9945, 56.8472
98.0695, 61.8927
125.852, 71.518
Particle 6 new velocities: 32.479, 65.571
19.7225, 30.364
0.769077, 46.617
Particle 7 new velocities: 14.6505, 33.2125
88.9838, 38.031
107.225, 46.1323
Particle 8 new velocities: 178.738, 120.941
114.463, 113.932
176.523, 86.1387
Particle 9 new velocities: 102.395, 110.449
171.049, 144.67
131.008, 578.402
Particle 10 new velocities: 34.7335, 85.5319
95.8423, 72.8223
255.26, 73.8702
Particle 11 new velocities: 95.2897, 112.17
232.15, 133.74
304.912, 117.249
Particle 12 new velocities: 27.7409, 53.9333
29.275, 71.7056
134.65, 76.7515
Particle 13 new velocities: 33.5381, 47.166
76.3855, 74.1144
134.442, 22.6151
Particle 14 new velocities: 99.3, 59.5517
97.1009, 96.1578
167.232, 79.1259
Particle 15 new velocities: 21.9633, 32.0914
50.2041, 65.2019
79.7015, 42.5257
Particle 16 new velocities: -2.47072, 183.045
254.734, 249.148
286.235, 190.358
Particle 17 new velocities: 20.7344, 83.1455
128.379, 78.3469
33.6628, 85.4411
Particle 18 new velocities: 48.2077, 44.4591
39.1015, 31.0809
123.045, 98.7895
Particle 19 new velocities: 20.7176, 37.3937
22.829, 55.0346
204.78, 73.9918
Particle 20 new velocities: -6.19687, 63.3548
100.275, 48.2795
209.444, 72.1906
-- ITERATION 5 --
-------------
Particle: 1:
Relays Coordinates:
79.6814, 130.529
206.847, 156.953
302.215, 177.207
Evaluation Time: 0.0491194 seconds
Resulting Fitness: 0.491706
-------------
Particle: 2:
Relays Coordinates:
102.026, 129.42
112.375, 70.4281
235.196, 207.42
Evaluation Time: 0.0749846 seconds
Resulting Fitness: 0.387915
-------------
Particle: 3:
Relays Coordinates:
74.5807, 135.418
209.085, 153.627
328.05, 133.769
Evaluation Time: 0.0610959 seconds
Resulting Fitness: 0.523403
New local best!
-------------
Particle: 4:
Relays Coordinates:
63.2919, 138.292
136.581, 166.017
239.461, 219.07
Evaluation Time: 0.0635242 seconds
Resulting Fitness: 0.425866
New local best!
-------------
Particle: 5:
Relays Coordinates:
66.0019, 132.541
169.389, 149.1
275.54, 164.748
Evaluation Time: 0.0905892 seconds
Resulting Fitness: 0.446486
-------------
Particle: 6:
Relays Coordinates:
69.2605, 132.098
172.093, 99.1766
255.026, 132.27
Evaluation Time: 0.136132 seconds
Resulting Fitness: 0.436508
-------------
Particle: 7:
Relays Coordinates:
68.7659, 117.537
196.588, 170.852
348.123, 196.329
Evaluation Time: 0.186408 seconds
Resulting Fitness: 0.50319
New local best!
-------------
Particle: 8:
Relays Coordinates:
200.664, 117.976
131.409, 73.2172
229.622, 168.07
Evaluation Time: 0.081233 seconds
Resulting Fitness: 0.378607
-------------
Particle: 9:
Relays Coordinates:
74.3343, 133.895
94.6761, 120.802
89.0499, 215.234
Evaluation Time: 0.0605212 seconds
Resulting Fitness: 0.298528
-------------
Particle: 10:
Relays Coordinates:
62.65, 118.209
203.308, 112.974
315.024, 131.291
Evaluation Time: 0.175882 seconds
Resulting Fitness: 0.490626
New local best!
-------------
Particle: 11:
Relays Coordinates:
95.196, 121.434
211.615, 124.667
265.721, 141.539
Evaluation Time: 0.191576 seconds
Resulting Fitness: 0.43762
-------------
Particle: 12:
Relays Coordinates:
65.0024, 94.7577
106.144, 100.851
247.783, 148.92
Evaluation Time: 0.103638 seconds
Resulting Fitness: 0.37705
-------------
Particle: 13:
Relays Coordinates:
66.675, 103.343
147.751, 132.788
288.171, 125.46
Evaluation Time: 0.0387788 seconds
Resulting Fitness: 0.454944
-------------
Particle: 14:
Relays Coordinates:
94.8096, 119.942
182.249, 180.978
271.085, 144.358
Evaluation Time: 0.113021 seconds
Resulting Fitness: 0.482201
-------------
Particle: 15:
Relays Coordinates:
74.1686, 130.206
171.889, 156.397
315.904, 166.134
Evaluation Time: 0.116551 seconds
Resulting Fitness: 0.503885
-------------
Particle: 16:
Relays Coordinates:
74.0901, 121.292
158.704, 142.907
152.078, 114.409
Evaluation Time: 0.0807501 seconds
Resulting Fitness: 0.331883
-------------
Particle: 17:
Relays Coordinates:
63.307, 129.53
200.018, 159.059
239.774, 188.69
Evaluation Time: 0.12243 seconds
Resulting Fitness: 0.431348
-------------
Particle: 18:
Relays Coordinates:
91.4603, 106.765
180.191, 125.464
265.882, 189.1
Evaluation Time: 0.112359 seconds
Resulting Fitness: 0.397457
-------------
Particle: 19:
Relays Coordinates:
60.0162, 66.8697
77.1612, 87.5217
226.866, 101.008
Evaluation Time: 0.067721 seconds
Resulting Fitness: 0.350373
-------------
Particle: 20:
Relays Coordinates:
82.6429, 138.138
133.619, 78.3932
274.034, 127.273
Evaluation Time: 0.20476 seconds
Resulting Fitness: 0.442896
New local best!
Current global best fitness: 0.536326
Current global best relays: 67.4866, 122.565
174.87, 135.965
325.327, 160.648
Particle 1 new velocities: -10.2149, 30.9394
3.02882, -34.4432
115.101, 12.8452
Particle 2 new velocities: 98.8173, 117.249
136.469, 148.5
287.451, 232.634
Particle 3 new velocities: 50.4592, 94.4217
157.495, 112.16
-0.318539, 151.929
Particle 4 new velocities: 40.4112, 50.5384
163.835, 60.5692
214.601, 91.3216
Particle 5 new velocities: 4.33633, 37.244
72.9108, 43.6761
189.521, 77.0883
Particle 6 new velocities: 10.4375, 39.9022
14.8718, 172.283
98.8284, 57.4513
Particle 7 new velocities: 10.3298, 29.6179
48.406, 1.471
69.0634, 3.64178
Particle 8 new velocities: 59.9464, 103.084
123.407, 90.9549
160.73, 175.325
Particle 9 new velocities: 82.846, 279.048
193.396, 152.73
303.129, 129.655
Particle 10 new velocities: 31.0097, 72.1719
50.0698, 61.1709
216.267, 69.3626
Particle 11 new velocities: 29.3537, 79.9919
163.455, 94.4259
115.963, 109.228
Particle 12 new velocities: 29.94, 88.7915
241.431, 81.2293
125.756, 158.505
Particle 13 new velocities: 37.1826, 58.3602
114.826, 63.0236
154.031, 47.6117
Particle 14 new velocities: 59.258, 51.2612
65.32, 32.3216
201.881, 38.3269
Particle 15 new velocities: 10.6637, 21.172
39.5934, 16.5241
61.9802, 27.1745
Particle 16 new velocities: 36.3824, 268.567
263.332, 224.427
131.439, 151.872
Particle 17 new velocities: 3.94087, 18.3354
68.4335, 33.4328
71.9043, 16.3297
Particle 18 new velocities: 34.6158, 49.0428
-8.31234, 23.1697
163.39, 44.43
Particle 19 new velocities: 93.614, 151.231
26.6385, 97.8769
236.266, 124.501
Particle 20 new velocities: -22.7371, 32.5835
88.2157, 55.0991
216.164, 92.3173
-- ITERATION 6 --
-------------
Particle: 1:
Relays Coordinates:
45.577, 105.94
137.7, 80.3787
273.801, 124.693
Evaluation Time: 0.190199 seconds
Resulting Fitness: 0.411481
-------------
Particle: 2:
Relays Coordinates:
86.4566, 106.183
107.119, 94.2415
215.234, 189.429
Evaluation Time: 0.112693 seconds
Resulting Fitness: 0.356058
-------------
Particle: 3:
Relays Coordinates:
73.8348, 135.718
216.462, 156.944
193.522, 168.701
Evaluation Time: 0.0635766 seconds
Resulting Fitness: 0.413257
-------------
Particle: 4:
Relays Coordinates:
68.0396, 123.892
197.103, 148.663
297.91, 203.648
Evaluation Time: 0.0793031 seconds
Resulting Fitness: 0.506326
New local best!
-------------
Particle: 5:
Relays Coordinates:
46.1489, 111.396
158.973, 126.48
305.127, 158.669
Evaluation Time: 0.0755329 seconds
Resulting Fitness: 0.496674
New local best!
-------------
Particle: 6:
Relays Coordinates:
64.5554, 139.32
151.442, 219.882
286.622, 153.674
Evaluation Time: 0.0921713 seconds
Resulting Fitness: 0.502596
-------------
Particle: 7:
Relays Coordinates:
64.0675, 119.195
198.445, 139.581
337.921, 161.976
Evaluation Time: 0.088768 seconds
Resulting Fitness: 0.540626
New local best!
New global best!
-------------
Particle: 8:
Relays Coordinates:
124.649, 105.732
121.878, 78.523
186.704, 164.245
Evaluation Time: 0.10229 seconds
Resulting Fitness: 0.329994
-------------
Particle: 9:
Relays Coordinates:
60.8949, 159.983
111.605, 105.972
151.938, 133.617
Evaluation Time: 0.0809886 seconds
Resulting Fitness: 0.327954
-------------
Particle: 10:
Relays Coordinates:
55.3051, 112.418
149.617, 102.831
295.245, 118.484
Evaluation Time: 0.0737924 seconds
Resulting Fitness: 0.449589
-------------
Particle: 11:
Relays Coordinates:
73.5454, 118.94
221.475, 129.372
225.38, 148.076
Evaluation Time: 0.0775184 seconds
Resulting Fitness: 0.356452
-------------
Particle: 12:
Relays Coordinates:
56.0625, 108.384
205.239, 107.517
220.571, 181.531
Evaluation Time: 0.0590052 seconds
Resulting Fitness: 0.375527
-------------
Particle: 13:
Relays Coordinates:
75.7122, 117.882
191.419, 142.746
322.365, 126.169
Evaluation Time: 0.0456847 seconds
Resulting Fitness: 0.493267
-------------
Particle: 14:
Relays Coordinates:
101.084, 112.326
162.43, 139.946
310.313, 119.86
Evaluation Time: 0.0521095 seconds
Resulting Fitness: 0.467841
-------------
Particle: 15:
Relays Coordinates:
68.7141, 122.616
171.301, 140.066
306.086, 156.58
Evaluation Time: 0.147547 seconds
Resulting Fitness: 0.52859
New local best!
-------------
Particle: 16:
Relays Coordinates:
42.7993, 151.039
163.505, 142.313
109.84, 103.163
Evaluation Time: 0.16832 seconds
Resulting Fitness: 0.331034
-------------
Particle: 17:
Relays Coordinates:
49.0237, 107.794
195.701, 140.327
227.213, 149.459
Evaluation Time: 0.151795 seconds
Resulting Fitness: 0.35489
-------------
Particle: 18:
Relays Coordinates:
67.002, 82.8026
91.3433, 78.9898
228.133, 124.107
Evaluation Time: 0.139111 seconds
Resulting Fitness: 0.332237
-------------
Particle: 19:
Relays Coordinates:
73.4808, 104.317
49.6471, 88.6756
221.515, 107.86
Evaluation Time: 0.117787 seconds
Resulting Fitness: 0.35189
-------------
Particle: 20:
Relays Coordinates:
31.8364, 90.7284
117.892, 70.9433
260.511, 116.699
Evaluation Time: 0.206459 seconds
Resulting Fitness: 0.375796
Current global best fitness: 0.540626
Current global best relays: 64.0675, 119.195
198.445, 139.581
337.921, 161.976
Particle 1 new velocities: -2.90502, 59.4233
36.7297, 32.2942
229.087, 59.6992
Particle 2 new velocities: 86.0946, 142.077
113.327, 143.984
161.006, 292.673
Particle 3 new velocities: 31.3379, 65.1976
105.65, 84.3773
169.022, 56.3537
Particle 4 new velocities: 28.8216, 37.1983
132.258, 41.1255
179.929, 41.3344
Particle 5 new velocities: 14.0511, 39.7062
109.286, 50.2175
171.781, 63.057
Particle 6 new velocities: 7.81287, -3.46124
48.5491, 87.0306
137.33, 10.8906
Particle 7 new velocities: 8.26382, 23.6943
38.7248, 1.1768
55.2507, 2.91342
Particle 8 new velocities: 212.163, 136.895
181.664, 82.997
292.499, 168.882
Particle 9 new velocities: 117.915, 338.128
198.277, 182.699
218.59, 467.22
Particle 10 new velocities: 30.5014, 73.8621
108.815, 86.2862
45.5265, 102.599
Particle 11 new velocities: 16.5729, 51.5945
93.6718, 17.9361
363.49, 45.9721
Particle 12 new velocities: 58.333, 75.2567
201.51, 87.2748
392.507, 127.773
Particle 13 new velocities: 16.6479, 50.5885
92.0712, 37.6459
118.444, 73.4084
Particle 14 new velocities: 8.13472, 46.1538
104.393, 45.6359
181.568, 37.0836
Particle 15 new velocities: 4.11646, 15.5453
42.3237, 12.7228
73.8947, 21.8493
Particle 16 new velocities: 294.377, 189.537
272.812, 180.91
320.486, 151.959
Particle 17 new velocities: 3.64003, 12.7219
32.2791, 28.813
208.764, 28.5307
Particle 18 new velocities: 54.7112, 84.4073
32.5819, 51.0455
198.472, 48.4695
Particle 19 new velocities: 91.2835, 138.622
193.911, 127.439
260.987, 160.807
Particle 20 new velocities: 81.9079, 119.285
123.61, 138.907
262.423, 142.709
-- ITERATION 7 --
-------------
Particle: 1:
Relays Coordinates:
18.3689, 71.1833
75.0861, 48.502
215.234, 79.3748
Evaluation Time: 0.367728 seconds
Resulting Fitness: 0.326974
-------------
Particle: 2:
Relays Coordinates:
82.5307, 118.742
105.439, 113.943
179.954, 230.588
Evaluation Time: 0.176877 seconds
Resulting Fitness: 0.354481
-------------
Particle: 3:
Relays Coordinates:
69.0038, 131.821
211.338, 158.331
237.865, 147.659
Evaluation Time: 0.350582 seconds
Resulting Fitness: 0.419751
-------------
Particle: 4:
Relays Coordinates:
63.5506, 105.691
216.094, 124.52
313.51, 160.733
Evaluation Time: 0.123731 seconds
Resulting Fitness: 0.4962
-------------
Particle: 5:
Relays Coordinates:
39.4972, 99.1383
176.004, 115.932
312.899, 145.474
Evaluation Time: 0.0566045 seconds
Resulting Fitness: 0.487086
-------------
Particle: 6:
Relays Coordinates:
38.4595, 72.2009
106.283, 163.106
225.305, 87.4564
Evaluation Time: 0.0812608 seconds
Resulting Fitness: 0.429443
-------------
Particle: 7:
Relays Coordinates:
65.0982, 128.6
213.453, 126.682
353.855, 148.401
Evaluation Time: 0.233049 seconds
Resulting Fitness: 0.556003
New local best!
New global best!
-------------
Particle: 8:
Relays Coordinates:
144.987, 104.443
130.665, 69.5291
206.281, 143.4
Evaluation Time: 0.127223 seconds
Resulting Fitness: 0.340657
-------------
Particle: 9:
Relays Coordinates:
62.3472, 173.68
108.049, 100.653
129.195, 174.339
Evaluation Time: 0.0553956 seconds
Resulting Fitness: 0.329123
-------------
Particle: 10:
Relays Coordinates:
62.553, 135.798
188.397, 137.866
248.422, 161.169
Evaluation Time: 0.0740475 seconds
Resulting Fitness: 0.427024
-------------
Particle: 11:
Relays Coordinates:
59.1266, 111.888
206.768, 96.6491
328.05, 127.315
Evaluation Time: 0.256229 seconds
Resulting Fitness: 0.500955
New local best!
-------------
Particle: 12:
Relays Coordinates:
54.715, 87.8348
194.547, 93.1683
239.148, 147.94
Evaluation Time: 0.127097 seconds
Resulting Fitness: 0.354057
-------------
Particle: 13:
Relays Coordinates:
67.3305, 122.815
206.664, 131.506
321.349, 145.492
Evaluation Time: 0.0817207 seconds
Resulting Fitness: 0.512263
-------------
Particle: 14:
Relays Coordinates:
71.6583, 103.979
175.062, 121.76
322.723, 102.97
Evaluation Time: 0.289661 seconds
Resulting Fitness: 0.469369
-------------
Particle: 15:
Relays Coordinates:
65.5475, 124.345
192.262, 137.51
341.983, 160.586
Evaluation Time: 0.142869 seconds
Resulting Fitness: 0.553578
New local best!
-------------
Particle: 16:
Relays Coordinates:
105.81, 106.877
136.921, 101.431
135.041, 80.0598
Evaluation Time: 0.0873687 seconds
Resulting Fitness: 0.265499
-------------
Particle: 17:
Relays Coordinates:
38.3919, 87.8559
166.197, 123.303
317.828, 129.755
Evaluation Time: 0.231306 seconds
Resulting Fitness: 0.468762
-------------
Particle: 18:
Relays Coordinates:
58.215, 79.976
59.273, 62.1955
204.044, 82.5429
Evaluation Time: 0.122728 seconds
Resulting Fitness: 0.285273
-------------
Particle: 19:
Relays Coordinates:
78.8063, 116.197
116.493, 103.367
230.779, 128.503
Evaluation Time: 0.0664414 seconds
Resulting Fitness: 0.354173
-------------
Particle: 20:
Relays Coordinates:
60.4484, 111.61
128.344, 111.523
265.721, 137.86
Evaluation Time: 0.0639954 seconds
Resulting Fitness: 0.416465
Current global best fitness: 0.556003
Current global best relays: 65.0982, 128.6
213.453, 126.682
353.855, 148.401
Particle 1 new velocities: 42.6831, 159.486
306.976, 222.659
237.867, 100.231
Particle 2 new velocities: 161.61, 129.473
79.7069, 82.9324
209.042, 223.14
Particle 3 new velocities: 29.4487, 57.5978
86.1057, 42.8463
276.19, 25.8188
Particle 4 new velocities: 28.043, 51.3646
74.9745, 47.2248
164.389, 66.6911
Particle 5 new velocities: 42.8189, 62.0834
124.406, 53.1373
132.109, 60.6956
Particle 6 new velocities: 48.6613, 68.6242
100.386, 90.7545
366.604, 69.988
Particle 7 new velocities: 6.61105, 18.9554
30.9799, 0.94144
44.2006, 2.33074
Particle 8 new velocities: 304.869, 218.532
206.94, 75.1093
313.079, 273.589
Particle 9 new velocities: 132.862, 362.609
212.17, 190.867
279.154, 159.786
Particle 10 new velocities: 24.8138, 35.8483
99.624, 33.0428
153.986, 68.8741
Particle 11 new velocities: 15.0976, 56.8479
75.5218, 45.8433
27.4469, 56.7412
Particle 12 new velocities: 89.9807, 86.1152
164.924, 117.454
208.613, 171.114
Particle 13 new velocities: 20.1813, 41.8959
64.7566, 30.0473
133.365, 50.3308
Particle 14 new velocities: 0.951271, 60.3729
107, 45.5534
119.82, 75.1715
Particle 15 new velocities: 3.2621, 13.0761
36.6569, 6.33255
63.8852, 1.76031
Particle 16 new velocities: 321.814, 303.723
322.34, 226.487
240.602, 193.376
Particle 17 new velocities: 25.889, 57.2663
76.7847, 31.8809
203.177, 72.997
Particle 18 new velocities: 54.4482, 127.052
314.537, 136.762
394.73, 83.2725
Particle 19 new velocities: 87.3946, 104.509
253.389, 156.881
363.433, 150.912
Particle 20 new velocities: 103.175, 119.383
184.361, 80.8476
98.3141, 107.023
-- ITERATION 8 --
-------------
Particle: 1:
Relays Coordinates:
29.201, 110.328
182.739, 129.696
216.717, 85.905
Evaluation Time: 0.10952 seconds
Resulting Fitness: 0.356705
-------------
Particle: 2:
Relays Coordinates:
129.746, 131.912
98.3941, 104.627
206.728, 241.13
Evaluation Time: 0.0918782 seconds
Resulting Fitness: 0.391034
-------------
Particle: 3:
Relays Coordinates:
64.5947, 124.278
195.153, 131.993
328.05, 113.819
Evaluation Time: 0.0827647 seconds
Resulting Fitness: 0.513022
-------------
Particle: 4:
Relays Coordinates:
66.7717, 114.494
212.189, 125.202
348.388, 165.792
Evaluation Time: 0.103254 seconds
Resulting Fitness: 0.540534
New local best!
-------------
Particle: 5:
Relays Coordinates:
54.0076, 105.778
197.099, 110.926
291.97, 135.268
Evaluation Time: 0.0658384 seconds
Resulting Fitness: 0.463643
-------------
Particle: 6:
Relays Coordinates:
41.6696, 67.3562
98.8494, 121.421
239.148, 75.3052
Evaluation Time: 0.0604025 seconds
Resulting Fitness: 0.402998
-------------
Particle: 7:
Relays Coordinates:
58.0845, 119.52
197.991, 103.375
322.425, 122.093
Evaluation Time: 0.115852 seconds
Resulting Fitness: 0.489033
-------------
Particle: 8:
Relays Coordinates:
174.283, 125.127
130.795, 56.0359
193.71, 161.55
Evaluation Time: 0.0989642 seconds
Resulting Fitness: 0.331572
-------------
Particle: 9:
Relays Coordinates:
68.0651, 174.339
111.654, 101.647
142.383, 116.502
Evaluation Time: 0.0734546 seconds
Resulting Fitness: 0.338089
-------------
Particle: 10:
Relays Coordinates:
63.6904, 125.13
209.967, 124.593
293.355, 167.702
Evaluation Time: 0.0967931 seconds
Resulting Fitness: 0.452823
-------------
Particle: 11:
Relays Coordinates:
54.1095, 123.008
205.789, 103.877
259.157, 134.177
Evaluation Time: 0.231236 seconds
Resulting Fitness: 0.436511
-------------
Particle: 12:
Relays Coordinates:
94.9349, 114.129
235.849, 138.19
293.776, 209.331
Evaluation Time: 0.167489 seconds
Resulting Fitness: 0.472659
-------------
Particle: 13:
Relays Coordinates:
70.8846, 133.416
219.851, 130.858
368.319, 158.617
Evaluation Time: 0.174807 seconds
Resulting Fitness: 0.560524
New local best!
New global best!
-------------
Particle: 14:
Relays Coordinates:
52.9324, 119.812
205.623, 121.972
322.613, 129.865
Evaluation Time: 0.155108 seconds
Resulting Fitness: 0.494869
-------------
Particle: 15:
Relays Coordinates:
55.7358, 111.311
185.424, 116.512
328.753, 131.501
Evaluation Time: 0.18227 seconds
Resulting Fitness: 0.501473
-------------
Particle: 16:
Relays Coordinates:
134.193, 128.851
144.121, 102.904
117.881, 85.8069
Evaluation Time: 0.239703 seconds
Resulting Fitness: 0.287135
-------------
Particle: 17:
Relays Coordinates:
37.9572, 85.6932
143.478, 91.6344
295.245, 119.723
Evaluation Time: 0.127644 seconds
Resulting Fitness: 0.430652
-------------
Particle: 18:
Relays Coordinates:
66.5265, 122.248
220.731, 117.482
295.245, 97.9123
Evaluation Time: 0.0625134 seconds
Resulting Fitness: 0.479067
New local best!
-------------
Particle: 19:
Relays Coordinates:
88.326, 117.292
196.57, 138.307
265.721, 148.492
Evaluation Time: 0.0713106 seconds
Resulting Fitness: 0.429812
New local best!
-------------
Particle: 20:
Relays Coordinates:
86.9563, 122.759
166.184, 102.234
193.463, 130.141
Evaluation Time: 0.0662086 seconds
Resulting Fitness: 0.348679
Current global best fitness: 0.560524
Current global best relays: 70.8846, 133.416
219.851, 130.858
368.319, 158.617
Particle 1 new velocities: 124.425, 158.24
240.625, 188.569
330.703, 168.769
Particle 2 new velocities: 131.91, 117.721
172.646, 84.0406
291.85, 99.8022
Particle 3 new velocities: 36.805, 59.3588
103.838, 59.8284
8.88462, 53.0816
Particle 4 new velocities: 27.3303, 62.5219
60.5074, 42.7138
147.755, 48.7581
Particle 5 new velocities: 32.2787, 62.7303
62.512, 57.2546
187.102, 80.371
Particle 6 new velocities: 100.589, 197.873
113.977, 210.738
208.432, 177.576
Particle 7 new velocities: 20.4226, 34.4528
46.1799, 46.1613
70.4109, 43.7831
Particle 8 new velocities: 267.301, 189.225
275.549, 166.092
85.7644, 291.785
Particle 9 new velocities: 115.621, 45.9804
186.093, 218.163
141.343, 317.508
Particle 10 new velocities: 27.1592, 32.8569
72.9015, 14.946
167.362, 29.9894
Particle 11 new velocities: 25.5184, 53.6931
69.219, 31.7559
171.483, 47.2042
Particle 12 new velocities: 63.8262, 69.5491
96.7475, 57.3949
230.117, 96.3012
Particle 13 new velocities: 16.145, 33.5167
51.8053, 24.0379
106.692, 40.2647
Particle 14 new velocities: 20.0348, 61.0415
53.0309, 85.058
70.9146, 87.4043
Particle 15 new velocities: 33.1917, 25.7604
36.863, 17.3203
77.288, 29.0261
Particle 16 new velocities: 400.733, 367.203
313.641, 293.381
405.433, 211.396
Particle 17 new velocities: 56.4362, 67.1883
105.645, 128.639
62.4654, 94.1316
Particle 18 new velocities: 48.2188, 112.174
251.079, 110.775
43.4838, 97.6217
Particle 19 new velocities: 59.7646, 95.7548
232.688, 120.576
74.7288, 125.798
Particle 20 new velocities: 67.6603, 122.352
208.471, 41.4811
251.965, 89.1249
-- ITERATION 9 --
-------------
Particle: 1:
Relays Coordinates:
73.4788, 128.456
202.494, 152.225
239.148, 121.81
Evaluation Time: 0.0483205 seconds
Resulting Fitness: 0.392163
-------------
Particle: 2:
Relays Coordinates:
112.634, 107.459
116.674, 81.2154
214.622, 146.76
Evaluation Time: 0.0857806 seconds
Resulting Fitness: 0.342414
-------------
Particle: 3:
Relays Coordinates:
73.9204, 133.871
217.964, 139.837
245.625, 121.67
Evaluation Time: 0.105849 seconds
Resulting Fitness: 0.423039
-------------
Particle: 4:
Relays Coordinates:
61.7403, 116.14
178.916, 110.17
325.52, 140.766
Evaluation Time: 0.103998 seconds
Resulting Fitness: 0.48772
-------------
Particle: 5:
Relays Coordinates:
56.6124, 110.558
170.331, 110.343
314.319, 141.481
Evaluation Time: 0.094118 seconds
Resulting Fitness: 0.486629
-------------
Particle: 6:
Relays Coordinates:
68.0418, 126.858
101.794, 158.87
214.076, 120.952
Evaluation Time: 0.113177 seconds
Resulting Fitness: 0.390695
-------------
Particle: 7:
Relays Coordinates:
63.5907, 124.718
197.778, 121.125
318.197, 134.359
Evaluation Time: 0.200212 seconds
Resulting Fitness: 0.513504
-------------
Particle: 8:
Relays Coordinates:
138.574, 98.6472
127.515, 69.7061
87.7021, 142.261
Evaluation Time: 0.154499 seconds
Resulting Fitness: 0.300611
-------------
Particle: 9:
Relays Coordinates:
97.6185, 117.087
158.235, 169.96
150.783, 230.651
Evaluation Time: 0.1436 seconds
Resulting Fitness: 0.3481
-------------
Particle: 10:
Relays Coordinates:
66.2293, 115.173
206.211, 101.724
335.863, 144.117
Evaluation Time: 0.201186 seconds
Resulting Fitness: 0.513078
New local best!
-------------
Particle: 11:
Relays Coordinates:
58.0487, 128.815
200.481, 98.8763
313.937, 132.227
Evaluation Time: 0.196299 seconds
Resulting Fitness: 0.506053
New local best!
-------------
Particle: 12:
Relays Coordinates:
93.7468, 108.46
196.395, 115.491
295.245, 180.473
Evaluation Time: 0.113818 seconds
Resulting Fitness: 0.451148
-------------
Particle: 13:
Relays Coordinates:
63.4446, 121.694
198.037, 112.919
346.283, 144.984
Evaluation Time: 0.0590045 seconds
Resulting Fitness: 0.542232
-------------
Particle: 14:
Relays Coordinates:
53.1931, 131.843
188.559, 150.925
286.882, 158.39
Evaluation Time: 0.131244 seconds
Resulting Fitness: 0.468543
-------------
Particle: 15:
Relays Coordinates:
72.0313, 111.028
180.053, 108.404
328.893, 130.027
Evaluation Time: 0.154266 seconds
Resulting Fitness: 0.496409
-------------
Particle: 16:
Relays Coordinates:
127.093, 126.09
116.357, 100.73
127.093, 75.545
Evaluation Time: 0.133116 seconds
Resulting Fitness: 0.250167
-------------
Particle: 17:
Relays Coordinates:
76.4587, 123.834
201.79, 178.422
289.745, 173.222
Evaluation Time: 0.0986352 seconds
Resulting Fitness: 0.436712
-------------
Particle: 18:
Relays Coordinates:
67.756, 138.424
278.599, 134.784
200.016, 115.461
Evaluation Time: 0.0830465 seconds
Resulting Fitness: 0.464867
-------------
Particle: 19:
Relays Coordinates:
87.446, 125.802
253.473, 152.868
201.032, 161.966
Evaluation Time: 0.211104 seconds
Resulting Fitness: 0.383413
-------------
Particle: 20:
Relays Coordinates:
82.1696, 130.262
199.107, 76.3759
236.718, 116.527
Evaluation Time: 0.183922 seconds
Resulting Fitness: 0.406874
Current global best fitness: 0.560524
Current global best relays: 70.8846, 133.416
219.851, 130.858
368.319, 158.617
Particle 1 new velocities: 87.7656, 123.251
173.683, 99.5079
232.285, 221.888
Particle 2 new velocities: 195.123, 150.739
151.384, 102.405
327.583, 203.038
Particle 3 new velocities: 28.2583, 47.5422
76.4157, 57.8127
216.074, 83.7615
Particle 4 new velocities: 31.5899, 63.107
93.0829, 45.5067
146.954, 45.7661
Particle 5 new velocities: 29.476, 52.4544
95.6054, 57.406
146.505, 101.72
Particle 6 new velocities: 80.2549, 168.625
170.833, 168.715
343.889, 177.054
Particle 7 new velocities: 20.7207, 36.356
43.9484, 48.9019
150.236, 46.5552
Particle 8 new velocities: 350.781, 224.257
274.224, 165.418
182.866, 235.971
Particle 9 new velocities: 78.1432, 162.158
185.188, 118.963
187.796, 445.58
Particle 10 new velocities: 22.2271, 31.8354
60.7431, 17.158
154.568, 24.8178
Particle 11 new velocities: 28.8696, 43.758
64.4839, 26.1739
159.375, 64.6597
Particle 12 new velocities: 14.41, 68.6259
103.585, 60.8655
88.9672, 101.913
Particle 13 new velocities: 22.1068, 34.9395
71.3589, 54.9449
104.893, 68.7744
Particle 14 new velocities: 54.1596, 45.3337
58.9499, 69.8034
123.341, 8.62256
Particle 15 new velocities: 22.3637, 47.1174
77.776, 32.1341
118.644, 78.1988
Particle 16 new velocities: 144.49, 330.65
471.297, 332.014
130.478, 298.562
Particle 17 new velocities: 28.3287, 19.3549
68.0412, 84.9098
124.805, 63.1797
Particle 18 new velocities: 40.3346, 83.0993
134.809, 85.4466
83.6059, 131.86
Particle 19 new velocities: 36.1839, 70.917
106.646, 81.6932
259.328, 75.4179
Particle 20 new velocities: 39.9966, 110.389
114.338, 74.2944
328.613, 99.4322
-- ITERATION 10 --
-------------
Particle: 1:
Relays Coordinates:
77.1227, 120.391
179.924, 120.403
225.485, 164.39
Evaluation Time: 0.114165 seconds
Resulting Fitness: 0.393702
-------------
Particle: 2:
Relays Coordinates:
132.479, 111.146
115.39, 79.0427
215.234, 150.576
Evaluation Time: 0.140528 seconds
Resulting Fitness: 0.341808
-------------
Particle: 3:
Relays Coordinates:
74.4883, 132.25
214.603, 144.087
336.579, 149.76
Evaluation Time: 0.125219 seconds
Resulting Fitness: 0.535244
New local best!
-------------
Particle: 4:
Relays Coordinates:
68.0377, 130.671
198.287, 113.488
344.433, 135.982
Evaluation Time: 0.0685567 seconds
Resulting Fitness: 0.538325
-------------
Particle: 5:
Relays Coordinates:
62.7585, 118.836
193.867, 122.289
335.941, 177.294
Evaluation Time: 0.185816 seconds
Resulting Fitness: 0.532692
New local best!
-------------
Particle: 6:
Relays Coordinates:
63.8369, 127.196
117.357, 141.015
215.234, 128.282
Evaluation Time: 0.212045 seconds
Resulting Fitness: 0.373106
-------------
Particle: 7:
Relays Coordinates:
55.3167, 105.681
158.597, 111.554
307.339, 118.698
Evaluation Time: 0.134613 seconds
Resulting Fitness: 0.460771
-------------
Particle: 8:
Relays Coordinates:
153.565, 101.331
126.07, 73.7843
84.9072, 118.693
Evaluation Time: 0.0691223 seconds
Resulting Fitness: 0.300355
-------------
Particle: 9:
Relays Coordinates:
75.6596, 120.206
147.832, 124.372
145.747, 215.234
Evaluation Time: 0.0829855 seconds
Resulting Fitness: 0.410403
-------------
Particle: 10:
Relays Coordinates:
58.0362, 96.4521
175.149, 77.9984
321.772, 110.838
Evaluation Time: 0.108053 seconds
Resulting Fitness: 0.440176
-------------
Particle: 11:
Relays Coordinates:
57.0271, 113.225
173.843, 82.0454
310.54, 129.177
Evaluation Time: 0.108149 seconds
Resulting Fitness: 0.46115
-------------
Particle: 12:
Relays Coordinates:
78.8463, 129.096
218.685, 128.564
280.091, 205.86
Evaluation Time: 0.114816 seconds
Resulting Fitness: 0.469167
-------------
Particle: 13:
Relays Coordinates:
69.2966, 126.873
218.211, 135.97
365.452, 173.145
Evaluation Time: 0.169315 seconds
Resulting Fitness: 0.561455
New local best!
New global best!
-------------
Particle: 14:
Relays Coordinates:
78.2601, 129.162
180.434, 160.911
299.052, 121.752
Evaluation Time: 0.15627 seconds
Resulting Fitness: 0.490635
-------------
Particle: 15:
Relays Coordinates:
68.8139, 115.288
187.957, 102.453
326.254, 151.796
Evaluation Time: 0.192131 seconds
Resulting Fitness: 0.501376
-------------
Particle: 16:
Relays Coordinates:
85.2258, 143.33
156.905, 135.8
80.8285, 117.399
Evaluation Time: 0.14981 seconds
Resulting Fitness: 0.325477
-------------
Particle: 17:
Relays Coordinates:
76.39, 104.385
196.707, 191.969
302.208, 172.337
Evaluation Time: 0.155932 seconds
Resulting Fitness: 0.478835
New local best!
-------------
Particle: 18:
Relays Coordinates:
63.8264, 130.807
244.113, 130.044
167.476, 146.041
Evaluation Time: 0.111386 seconds
Resulting Fitness: 0.393291
-------------
Particle: 19:
Relays Coordinates:
73.0022, 116.161
212.647, 138.506
271.838, 140.173
Evaluation Time: 0.0636153 seconds
Resulting Fitness: 0.426685
-------------
Particle: 20:
Relays Coordinates:
64.9241, 127.892
166.578, 80.0724
265.721, 114.769
Evaluation Time: 0.171825 seconds
Resulting Fitness: 0.451577
New local best!
Current global best fitness: 0.561455
Current global best relays: 69.2966, 126.873
218.211, 135.97
365.452, 173.145
Particle 1 new velocities: 56.2872, 103.301
163.141, 111.256
329.552, 176.111
Particle 2 new velocities: 159.84, 161.833
237.455, 153.293
199.959, 347.989
Particle 3 new velocities: 20.851, 31.8788
64.375, 45.0656
173.041, 74.8813
Particle 4 new velocities: 25.7015, 34.5753
101.915, 49.6276
124.497, 83.3394
Particle 5 new velocities: 28.509, 46.672
93.6231, 55.6502
125.396, 79.2312
Particle 6 new velocities: 68.8353, 136.403
248.222, 183.153
162.451, 192.476
Particle 7 new velocities: 30.0088, 64.8944
126.224, 52.5229
218.91, 125.787
Particle 8 new velocities: 218.66, 278.744
338.712, 155.803
365.024, 282.61
Particle 9 new velocities: 80.6043, 199.1
198.555, 121.686
100.89, -2.14759
Particle 10 new velocities: 21.8878, 44.8255
102.509, 48.4862
193.228, 70.8798
Particle 11 new velocities: 33.5417, 50.093
94.5674, 91.1999
193.7, 61.4303
Particle 12 new velocities: 1.92581, 49.566
83.5897, 37.0645
146.179, 51.5995
Particle 13 new velocities: 17.6855, 27.9516
57.0871, 43.9559
83.9141, 55.0195
Particle 14 new velocities: 22.187, 34.605
82.2081, 27.3151
153.755, 9.87992
Particle 15 new velocities: 16.7183, 41.9292
78.4093, 76.8605
106.355, 80.5584
Particle 16 new velocities: 273.412, 345.056
80.8637, 276.511
274.731, 238.615
Particle 17 new velocities: 15.6362, 39.1563
71.3954, 9.30452
136.578, 51.1606
Particle 18 new velocities: 35.2988, 50.9617
77.5511, 52.0555
290.94, 134.354
Particle 19 new velocities: 44.4374, 61.9323
76.2382, 63.3081
209.475, 91.6681
Particle 20 new velocities: 33.6015, 87.2756
155.756, 88.3972
86.8652, 136.251
-- ITERATION 11 --
-------------
Particle: 1:
Relays Coordinates:
78.7772, 132.088
202.576, 136.792
295.245, 201.062
Evaluation Time: 0.225568 seconds
Resulting Fitness: 0.505224
-------------
Particle: 2:
Relays Coordinates:
113.251, 105.758
136.7, 90.0116
160.854, 193.155
Evaluation Time: 0.109189 seconds
Resulting Fitness: 0.361955
-------------
Particle: 3:
Relays Coordinates:
62.5521, 107.685
183.038, 124.103
328.05, 147.387
Evaluation Time: 0.0410049 seconds
Resulting Fitness: 0.511655
-------------
Particle: 4:
Relays Coordinates:
68.3359, 120.465
218.847, 118.911
341.85, 159.885
Evaluation Time: 0.0536477 seconds
Resulting Fitness: 0.554416
New local best!
-------------
Particle: 5:
Relays Coordinates:
66.534, 120.655
209.581, 129.718
336.315, 187.007
Evaluation Time: 0.0562675 seconds
Resulting Fitness: 0.516972
-------------
Particle: 6:
Relays Coordinates:
63.4567, 126.078
174.856, 155.048
180.645, 153.417
Evaluation Time: 0.0623433 seconds
Resulting Fitness: 0.340094
-------------
Particle: 7:
Relays Coordinates:
55.982, 111.914
186.871, 107.651
328.05, 160.406
Evaluation Time: 0.0499877 seconds
Resulting Fitness: 0.510336
-------------
Particle: 8:
Relays Coordinates:
105.127, 107.344
131.268, 64.8422
127.074, 113.34
Evaluation Time: 0.0614744 seconds
Resulting Fitness: 0.265022
-------------
Particle: 9:
Relays Coordinates:
67.2665, 137.451
149.109, 105.92
106.169, 91.7265
Evaluation Time: 0.053833 seconds
Resulting Fitness: 0.32512
-------------
Particle: 10:
Relays Coordinates:
52.4381, 92.6922
182.171, 82.9865
328.05, 119.225
Evaluation Time: 0.0808472 seconds
Resulting Fitness: 0.456292
-------------
Particle: 11:
Relays Coordinates:
59.4222, 107.153
176.104, 113.666
328.05, 125.058
Evaluation Time: 0.202677 seconds
Resulting Fitness: 0.490841
-------------
Particle: 12:
Relays Coordinates:
52.9946, 117.22
198.323, 108.669
279.675, 168.919
Evaluation Time: 0.169585 seconds
Resulting Fitness: 0.432765
-------------
Particle: 13:
Relays Coordinates:
70.4555, 125.408
222.991, 145.74
363.987, 184.813
Evaluation Time: 0.162729 seconds
Resulting Fitness: 0.562599
New local best!
New global best!
-------------
Particle: 14:
Relays Coordinates:
73.226, 119.386
191.466, 137.217
330.096, 95.9596
Evaluation Time: 0.114464 seconds
Resulting Fitness: 0.488884
-------------
Particle: 15:
Relays Coordinates:
69.2811, 127.346
215.757, 145.244
350.414, 188.207
Evaluation Time: 0.205488 seconds
Resulting Fitness: 0.542226
-------------
Particle: 16:
Relays Coordinates:
112.544, 153.261
74.6144, 129.387
111.578, 111.721
Evaluation Time: 0.145159 seconds
Resulting Fitness: 0.266127
-------------
Particle: 17:
Relays Coordinates:
74.5412, 116.268
217.163, 163.031
355.416, 181.033
Evaluation Time: 0.108736 seconds
Resulting Fitness: 0.517363
New local best!
-------------
Particle: 18:
Relays Coordinates:
65.036, 119.259
211.044, 119.475
300.767, 183.967
Evaluation Time: 0.209931 seconds
Resulting Fitness: 0.479848
New local best!
-------------
Particle: 19:
Relays Coordinates:
77.0521, 116.847
189.537, 132.41
315.789, 152.111
Evaluation Time: 0.127025 seconds
Resulting Fitness: 0.4922
New local best!
-------------
Particle: 20:
Relays Coordinates:
58.1784, 127.054
190.335, 99.4796
208.198, 148.225
Evaluation Time: 0.176925 seconds
Resulting Fitness: 0.367143
Current global best fitness: 0.562599
Current global best relays: 70.4555, 125.408
222.991, 145.74
363.987, 184.813
Particle 1 new velocities: 32.6916, 60.8299
101.047, 91.1726
30.5581, 105.108
Particle 2 new velocities: 167.858, 160.551
241.042, 175.544
323.356, 359.973
Particle 3 new velocities: 25.4022, 71.7361
115.307, 81.3023
44.568, 91.3266
Particle 4 new velocities: 22.9162, 32.2504
84.9827, 43.6407
112.819, 69.5266
Particle 5 new velocities: 22.998, 39.6556
59.5393, 33.9523
122.65, 54.1901
Particle 6 new velocities: 57.6013, 113.881
203.161, 185.385
242.55, 133.332
Particle 7 new velocities: 49.4114, 64.2829
146.322, 96.9156
31.4943, 107.834
Particle 8 new velocities: 231.682, 253.765
361.699, 148.584
442.428, 528.138
Particle 9 new velocities: 91.1526, 255.749
193.781, 142.24
192.628, 202.266
Particle 10 new velocities: 29.4607, 62.4599
94.6577, 54.9707
29.0435, 69.1335
Particle 11 new velocities: 35.4291, 61.3298
90.1292, 74.0544
0.443223, 69.1559
Particle 12 new velocities: 41.0465, 39.7617
107.3, 49.3169
249.471, 89.5681
Particle 13 new velocities: 14.1484, 22.3613
45.6697, 35.1647
67.1313, 44.0156
Particle 14 new velocities: 16.4364, 35.1935
62.7252, 35.3516
112.069, 104
Particle 15 new velocities: 11.2567, 31.6784
37.5972, 56.4097
89.753, 54.6527
Particle 16 new velocities: 405.373, 344.556
238.071, 247.279
295.935, 200.469
Particle 17 new velocities: 8.12257, 33.8199
60.7402, 4.67501
114.231, 45.1944
Particle 18 new velocities: 34.6891, 48.0744
63.6991, 42.3371
267.045, 107.663
Particle 19 new velocities: 27.8621, 53.9863
98.1208, 57.1781
215.05, 82.9586
Particle 20 new velocities: 47.3488, 69.1001
146.27, 80.9003
188.962, 106.338
-- ITERATION 12 --
-------------
Particle: 1:
Relays Coordinates:
73.1346, 126.573
199.207, 149.568
213.759, 200.878
Evaluation Time: 0.206645 seconds
Resulting Fitness: 0.42367
-------------
Particle: 2:
Relays Coordinates:
108.907, 103.173
146.345, 102.882
187.593, 193.71
Evaluation Time: 0.166388 seconds
Resulting Fitness: 0.393791
-------------
Particle: 3:
Relays Coordinates:
64.1187, 130.798
217.493, 149.74
271.639, 174.022
Evaluation Time: 0.113213 seconds
Resulting Fitness: 0.442697
-------------
Particle: 4:
Relays Coordinates:
59.8705, 100.196
199.343, 106.65
298.309, 150.517
Evaluation Time: 0.0921628 seconds
Resulting Fitness: 0.464954
-------------
Particle: 5:
Relays Coordinates:
65.2688, 116.867
196.188, 119.316
334.585, 175.832
Evaluation Time: 0.0944798 seconds
Resulting Fitness: 0.511609
-------------
Particle: 6:
Relays Coordinates:
64.3352, 127.524
200.894, 180.92
224.903, 152.39
Evaluation Time: 0.0628425 seconds
Resulting Fitness: 0.419015
-------------
Particle: 7:
Relays Coordinates:
69.1487, 115.603
218.608, 134.216
235.897, 175.992
Evaluation Time: 0.0562623 seconds
Resulting Fitness: 0.389437
-------------
Particle: 8:
Relays Coordinates:
105.694, 113.32
154.698, 66.9754
156.905, 156.905
Evaluation Time: 0.0608249 seconds
Resulting Fitness: 0.32758
-------------
Particle: 9:
Relays Coordinates:
55.2373, 137.1
119.558, 86.5281
104.184, 102.509
Evaluation Time: 0.0766728 seconds
Resulting Fitness: 0.26266
-------------
Particle: 10:
Relays Coordinates:
59.7043, 113.106
201.808, 100.571
260.321, 137.313
Evaluation Time: 0.0696089 seconds
Resulting Fitness: 0.419305
-------------
Particle: 11:
Relays Coordinates:
69.1466, 122.824
194.084, 136.848
239.472, 141.582
Evaluation Time: 0.206802 seconds
Resulting Fitness: 0.392944
-------------
Particle: 12:
Relays Coordinates:
61.7004, 102.996
200.519, 103.654
328.05, 169.593
Evaluation Time: 0.119148 seconds
Resulting Fitness: 0.512659
New local best!
-------------
Particle: 13:
Relays Coordinates:
68.5291, 119.693
217.615, 146.533
349.206, 185.351
Evaluation Time: 0.144792 seconds
Resulting Fitness: 0.540065
-------------
Particle: 14:
Relays Coordinates:
72.6265, 125.209
205.895, 139.78
358.154, 161.967
Evaluation Time: 0.208436 seconds
Resulting Fitness: 0.557588
New local best!
-------------
Particle: 15:
Relays Coordinates:
65.2356, 128.81
205.217, 163.339
356.535, 196.717
Evaluation Time: 0.118731 seconds
Resulting Fitness: 0.514161
-------------
Particle: 16:
Relays Coordinates:
156.905, 156.22
98.1242, 118.202
127.882, 97.9685
Evaluation Time: 0.0552311 seconds
Resulting Fitness: 0.291268
-------------
Particle: 17:
Relays Coordinates:
60.2619, 109.414
202.591, 122.258
342.373, 164.92
Evaluation Time: 0.129439 seconds
Resulting Fitness: 0.536614
New local best!
-------------
Particle: 18:
Relays Coordinates:
58.8867, 98.8084
162.233, 95.5486
295.245, 172.205
Evaluation Time: 0.191768 seconds
Resulting Fitness: 0.422961
-------------
Particle: 19:
Relays Coordinates:
68.8342, 112.084
188.732, 124.389
328.05, 154.229
Evaluation Time: 0.12667 seconds
Resulting Fitness: 0.504051
New local best!
-------------
Particle: 20:
Relays Coordinates:
69.2364, 128.697
220.846, 118.347
260.577, 167.019
Evaluation Time: 0.0733652 seconds
Resulting Fitness: 0.429137
Current global best fitness: 0.562599
Current global best relays: 70.4555, 125.408
222.991, 145.74
363.987, 184.813
Particle 1 new velocities: 19.0704, 46.7761
56.3102, 65.7896
308.456, 19.3346
Particle 2 new velocities: 136.822, 171.232
222.379, 165.982
368.325, 48.7465
Particle 3 new velocities: 36.8388, 56.5598
92.6622, 54.0818
140.247, 55.7986
Particle 4 new velocities: 34.8971, 64.2306
87.2014, 56.5608
187.119, 77.8161
Particle 5 new velocities: 14.4054, 33.9299
82.0573, 29.0585
101.376, 52.7302
Particle 6 new velocities: 45.7119, 89.5103
161.203, 146.946
365.66, 76.5298
Particle 7 new velocities: 38.5278, 55.3316
114.413, 81.7656
161.257, 77.6612
Particle 8 new velocities: 177.012, 237.03
333.797, 201.871
175.603, 146.634
Particle 9 new velocities: 141.608, 363.244
137.091, 260.292
188.915, 459.553
Particle 10 new velocities: 36.0922, 57.1889
95.0723, 91.9897
80.2848, 81.6737
Particle 11 new velocities: 27.2839, 56.7808
109.352, 46.6987
222.645, 73.5445
Particle 12 new velocities: 38.9473, 43.875
103.482, 46.5751
8.36898, 86.7865
Particle 13 new velocities: 13.9841, 29.3257
51.4436, 26.5205
79.8685, 34.4615
Particle 14 new velocities: 11.7961, 28.4071
55.4429, 30.706
89.9836, 94.5199
Particle 15 new velocities: 12.4292, 14.4592
48.0517, 8.85375
56.173, -26.0483
Particle 16 new velocities: -13.3519, 311.441
241.41, 246.182
449.989, 206.939
Particle 17 new velocities: 16.6449, 36.5652
59.3499, 22.6806
106.405, 51.6165
Particle 18 new velocities: 48.487, 82.237
143.603, 57.6741
60.8834, 101.379
Particle 19 new velocities: 23.3845, 48.6368
96.4832, 61.1869
34.164, 82.6427
Particle 20 new velocities: 32.7267, 52.3701
84.5654, 69.4829
165.697, 75.8233
-- ITERATION 13 --
-------------
Particle: 1:
Relays Coordinates:
54.4462, 102.361
150.88, 127.166
295.245, 130.033
Evaluation Time: 0.084403 seconds
Resulting Fitness: 0.453739
-------------
Particle: 2:
Relays Coordinates:
95.2005, 106.31
142.851, 104.163
193.71, 93.9327
Evaluation Time: 0.125384 seconds
Resulting Fitness: 0.33093
-------------
Particle: 3:
Relays Coordinates:
66.2382, 122.925
203.493, 133.728
270.238, 150.785
Evaluation Time: 0.107625 seconds
Resulting Fitness: 0.463707
-------------
Particle: 4:
Relays Coordinates:
69.0856, 119.867
208.891, 118.981
353.877, 166.455
Evaluation Time: 0.0891045 seconds
Resulting Fitness: 0.549458
-------------
Particle: 5:
Relays Coordinates:
58.0825, 109.931
202.841, 108.165
317.815, 166.622
Evaluation Time: 0.0864822 seconds
Resulting Fitness: 0.503659
-------------
Particle: 6:
Relays Coordinates:
58.4835, 115.341
192.433, 174.242
265.721, 121.658
Evaluation Time: 0.0475803 seconds
Resulting Fitness: 0.466863
-------------
Particle: 7:
Relays Coordinates:
70.6465, 112.15
218.495, 141.706
260.573, 166.422
Evaluation Time: 0.048157 seconds
Resulting Fitness: 0.395904
-------------
Particle: 8:
Relays Coordinates:
88.7163, 109.943
153.295, 84.3667
104.345, 95.2538
Evaluation Time: 0.0498612 seconds
Resulting Fitness: 0.282498
-------------
Particle: 9:
Relays Coordinates:
68.6358, 174.339
89.4879, 120.929
102.197, 174.339
Evaluation Time: 0.0625209 seconds
Resulting Fitness: 0.281822
-------------
Particle: 10:
Relays Coordinates:
69.8357, 124.145
216.426, 140.377
248.302, 159.642
Evaluation Time: 0.155123 seconds
Resulting Fitness: 0.425061
-------------
Particle: 11:
Relays Coordinates:
70.2979, 130.932
221.205, 133.806
336.883, 156.827
Evaluation Time: 0.0789932 seconds
Resulting Fitness: 0.549106
New local best!
-------------
Particle: 12:
Relays Coordinates:
73.3722, 107.069
221.617, 109.517
245.249, 186.901
Evaluation Time: 0.0629312 seconds
Resulting Fitness: 0.391696
-------------
Particle: 13:
Relays Coordinates:
66.8357, 120.705
217.938, 140.173
347.55, 178.048
Evaluation Time: 0.144303 seconds
Resulting Fitness: 0.557566
-------------
Particle: 14:
Relays Coordinates:
61.5441, 111.986
190.515, 124.284
326.692, 186.979
Evaluation Time: 0.208145 seconds
Resulting Fitness: 0.48965
-------------
Particle: 15:
Relays Coordinates:
62.9085, 116.048
205.148, 139.476
334.293, 138.241
Evaluation Time: 0.100905 seconds
Resulting Fitness: 0.512256
-------------
Particle: 16:
Relays Coordinates:
45.0486, 146.757
106.549, 114.348
156.905, 95.6831
Evaluation Time: 0.0895008 seconds
Resulting Fitness: 0.338947
-------------
Particle: 17:
Relays Coordinates:
56.065, 106.419
190.955, 105.66
327.159, 157.855
Evaluation Time: 0.160984 seconds
Resulting Fitness: 0.501199
-------------
Particle: 18:
Relays Coordinates:
78.2754, 131.982
222.954, 111.699
259.618, 199.442
Evaluation Time: 0.143447 seconds
Resulting Fitness: 0.444815
-------------
Particle: 19:
Relays Coordinates:
67.2275, 117.165
207.922, 135.285
264.054, 172.679
Evaluation Time: 0.152348 seconds
Resulting Fitness: 0.401028
-------------
Particle: 20:
Relays Coordinates:
74.3311, 131.998
222.645, 136.928
310.754, 177.032
Evaluation Time: 0.112154 seconds
Resulting Fitness: 0.491284
New local best!
Current global best fitness: 0.562599
Current global best relays: 70.4555, 125.408
222.991, 145.74
363.987, 184.813
Particle 1 new velocities: 25.8655, 65.7714
94.9365, 57.3626
70.39, 111.324
Particle 2 new velocities: 112.291, 170.951
232.219, 132.295
242.251, 337.55
Particle 3 new velocities: 37.1926, 57.3384
94.6301, 65.1082
221.819, 45.5321
Particle 4 new velocities: 27.5082, 59.1221
88.6786, 68.3007
142.081, 58.378
Particle 5 new velocities: 30.5216, 44.9866
71.1032, 45.4694
117.664, 61.6621
Particle 6 new velocities: 41.4742, 83.4458
150.045, 148.925
36.746, 81.4075
Particle 7 new velocities: 29.8133, 59.0651
88.7755, 55.6459
302.697, 49.1248
Particle 8 new velocities: 342.559, 284.306
317.573, 209.704
287.603, 367.179
Particle 9 new velocities: 123.414, 108.902
252.186, 220.913
280.961, 225.961
Particle 10 new velocities: 28.787, 37.9402
66.3448, 40.9754
194.182, 66.3759
Particle 11 new velocities: 21.8731, 41.1066
87.8833, 46.5264
195.546, 66.6123
Particle 12 new velocities: 19.6014, 47.0904
61.0996, 52.9945
215.764, 44.606
Particle 13 new velocities: 15.7185, 27.6669
52.6613, 36.507
81.961, 34.0627
Particle 14 new velocities: 12.7192, 32.8896
88.5365, 44.5475
127.103, 71.3404
Particle 15 new velocities: 14.5918, 20.925
50.5788, 12.4436
64.1601, 49.7391
Particle 16 new velocities: 396.703, 326.262
325.524, 203.967
131.818, 222.66
Particle 17 new velocities: 20.6234, 34.5718
81.4779, 88.4722
137.343, 59.5073
Particle 18 new velocities: 28.8066, 41.164
114.51, 72.1717
204.266, 64.6908
Particle 19 new velocities: 23.805, 43.5655
64.7183, 40.5381
65.2149, 56.128
Particle 20 new velocities: 23.2603, 41.4065
67.7453, 59.1686
175.111, 65.1839
-- ITERATION 14 --
-------------
Particle: 1:
Relays Coordinates:
65.0525, 136.187
199.112, 149.468
296.164, 195.499
Evaluation Time: 0.0909212 seconds
Resulting Fitness: 0.492986
-------------
Particle: 2:
Relays Coordinates:
89.3184, 119.352
161.456, 101.788
187.667, 185.739
Evaluation Time: 0.10353 seconds
Resulting Fitness: 0.394223
-------------
Particle: 3:
Relays Coordinates:
75.401, 131.412
217.332, 144.951
358.709, 143.115
Evaluation Time: 0.146575 seconds
Resulting Fitness: 0.547692
New local best!
-------------
Particle: 4:
Relays Coordinates:
70.4168, 130.483
216.928, 136.528
361.553, 163.903
Evaluation Time: 0.122742 seconds
Resulting Fitness: 0.560365
New local best!
-------------
Particle: 5:
Relays Coordinates:
71.7693, 125.483
221.895, 124.444
352.738, 184.91
Evaluation Time: 0.115851 seconds
Resulting Fitness: 0.551734
New local best!
-------------
Particle: 6:
Relays Coordinates:
65.5823, 130.424
224.7, 212.03
198.448, 133.231
Evaluation Time: 0.180313 seconds
Resulting Fitness: 0.461634
-------------
Particle: 7:
Relays Coordinates:
73.2352, 124.816
224, 143.869
364.5, 157.134
Evaluation Time: 0.107028 seconds
Resulting Fitness: 0.560052
New local best!
-------------
Particle: 8:
Relays Coordinates:
109.624, 100.213
119.688, 74.7488
99.6277, 117.544
Evaluation Time: 0.103531 seconds
Resulting Fitness: 0.232234
-------------
Particle: 9:
Relays Coordinates:
82.6711, 121.926
147.079, 147.152
164.937, 172.316
Evaluation Time: 0.071993 seconds
Resulting Fitness: 0.331253
-------------
Particle: 10:
Relays Coordinates:
79.8843, 131.289
229.044, 146.895
358.412, 183.074
Evaluation Time: 0.0483532 seconds
Resulting Fitness: 0.554911
New local best!
-------------
Particle: 11:
Relays Coordinates:
60.4734, 112.875
202.793, 118.316
328.05, 146.598
Evaluation Time: 0.0636261 seconds
Resulting Fitness: 0.51232
-------------
Particle: 12:
Relays Coordinates:
75.3086, 124.869
229.001, 131.634
373.421, 187.521
Evaluation Time: 0.186488 seconds
Resulting Fitness: 0.554366
New local best!
-------------
Particle: 13:
Relays Coordinates:
66.8689, 120.181
219.185, 143.111
347.904, 171.81
Evaluation Time: 0.130519 seconds
Resulting Fitness: 0.558729
-------------
Particle: 14:
Relays Coordinates:
54.138, 105.614
203.429, 123.079
330.817, 188.315
Evaluation Time: 0.0811383 seconds
Resulting Fitness: 0.502015
-------------
Particle: 15:
Relays Coordinates:
62.7753, 110.948
207.138, 123.055
322.747, 152.264
Evaluation Time: 0.0925095 seconds
Resulting Fitness: 0.504303
-------------
Particle: 16:
Relays Coordinates:
154.029, 164.932
150.655, 110.99
100.671, 110.999
Evaluation Time: 0.113606 seconds
Resulting Fitness: 0.34491
-------------
Particle: 17:
Relays Coordinates:
55.9059, 102.782
198.604, 141.522
338.622, 158.457
Evaluation Time: 0.0677716 seconds
Resulting Fitness: 0.530254
-------------
Particle: 18:
Relays Coordinates:
70.2565, 113.601
221.41, 120.638
304.354, 173.298
Evaluation Time: 0.059778 seconds
Resulting Fitness: 0.451274
-------------
Particle: 19:
Relays Coordinates:
73.7363, 130.192
220.839, 142.416
266.708, 185.334
Evaluation Time: 0.0545878 seconds
Resulting Fitness: 0.430917
-------------
Particle: 20:
Relays Coordinates:
71.1441, 126.412
211.695, 142.955
354.195, 176.575
Evaluation Time: 0.0656581 seconds
Resulting Fitness: 0.561547
New local best!
Current global best fitness: 0.562599
Current global best relays: 70.4555, 125.408
222.991, 145.74
363.987, 184.813
Particle 1 new velocities: 29.9874, 31.2824
57.9852, 31.6636
144.362, 51.9327
Particle 2 new velocities: 175.168, 163.393
165.662, 152.501
487.455, 352.947
Particle 3 new velocities: 29.6218, 45.3825
76.6585, 52.6773
177.54, 86.3255
Particle 4 new velocities: 22.0196, 45.7725
74.3738, 58.8075
115.307, 55.3899
Particle 5 new velocities: 23.6428, 35.9419
58.0708, 61.6591
102.853, 49.2738
Particle 6 new velocities: 32.2722, 62.0784
114.6, 81.8986
83.4028, 67.2788
Particle 7 new velocities: 23.3048, 47.5065
70.0384, 44.5893
-0.101486, 58.9549
Particle 8 new velocities: 278.648, 249.365
376.958, 187.649
576.829, 390.666
Particle 9 new velocities: 98.6364, 123.151
234.092, 167.063
271.381, 367.402
Particle 10 new velocities: 20.8931, 25.0124
50.1793, 32.0005
157.31, 53.208
Particle 11 new velocities: 31.5632, 52.5565
90.2419, 74.7632
50.0823, 107.071
Particle 12 new velocities: 10.6529, 38.1364
41.3531, 58.6331
167.573, 34.0538
Particle 13 new velocities: 22.4208, 24.4005
49.2013, 33.5018
85.0156, 49.5374
Particle 14 new velocities: 22.3302, 50.0482
87.0206, 50.2321
152.312, 23.6451
Particle 15 new velocities: 21.3096, 40.0572
42.8312, 45.5067
88.8333, 68.6544
Particle 16 new velocities: 299.959, 324.999
305.73, 256.649
292.195, 254.159
Particle 17 new velocities: 22.491, 37.4206
74.3554, 50.8266
144.383, 59.2724
Particle 18 new velocities: 16.6782, 35.355
75.8884, 78.117
211.264, 70.2756
Particle 19 new velocities: 12.1801, 15.0705
45.2181, 35.0048
179.403, 12.0938
Particle 20 new velocities: 17.8478, 32.7531
59.5103, 50.7384
151.868, 56.955
-- ITERATION 15 --
-------------
Particle: 1:
Relays Coordinates:
69.2841, 122.085
187.424, 132.045
321.144, 180.378
Evaluation Time: 0.0823953 seconds
Resulting Fitness: 0.512825
-------------
Particle: 2:
Relays Coordinates:
102.467, 109.541
126.732, 98.5165
193.71, 193.71
Evaluation Time: 0.0724967 seconds
Resulting Fitness: 0.374953
-------------
Particle: 3:
Relays Coordinates:
76.5616, 128.883
214.319, 144.071
364.5, 167.262
Evaluation Time: 0.0521218 seconds
Resulting Fitness: 0.554091
New local best!
-------------
Particle: 4:
Relays Coordinates:
67.3862, 128.49
212.359, 142.4
347.631, 159.865
Evaluation Time: 0.14499 seconds
Resulting Fitness: 0.556902
-------------
Particle: 5:
Relays Coordinates:
77.2838, 130.754
226.772, 150.743
369.028, 189.689
Evaluation Time: 0.0719819 seconds
Resulting Fitness: 0.555917
New local best!
-------------
Particle: 6:
Relays Coordinates:
64.2023, 126.301
222.615, 192.846
184.922, 131.554
Evaluation Time: 0.183332 seconds
Resulting Fitness: 0.423583
-------------
Particle: 7:
Relays Coordinates:
70.3776, 125.623
214.354, 137.386
265.647, 157.529
Evaluation Time: 0.128588 seconds
Resulting Fitness: 0.443427
-------------
Particle: 8:
Relays Coordinates:
109.659, 98.731
140.268, 74.1088
141.215, 141.215
Evaluation Time: 0.112402 seconds
Resulting Fitness: 0.300917
-------------
Particle: 9:
Relays Coordinates:
86.7188, 117.22
182.313, 150.288
208.69, 239.148
Evaluation Time: 0.0690183 seconds
Resulting Fitness: 0.430365
New local best!
-------------
Particle: 10:
Relays Coordinates:
66.1201, 102.549
183.199, 117.373
328.05, 155.025
Evaluation Time: 0.0994841 seconds
Resulting Fitness: 0.499622
-------------
Particle: 11:
Relays Coordinates:
67.0946, 120.599
213.622, 140.755
275.658, 184.925
Evaluation Time: 0.0692324 seconds
Resulting Fitness: 0.449102
-------------
Particle: 12:
Relays Coordinates:
56.3993, 106.948
177.379, 124.835
328.05, 145.375
Evaluation Time: 0.0555406 seconds
Resulting Fitness: 0.506679
-------------
Particle: 13:
Relays Coordinates:
72.3247, 117.111
217.393, 143.056
350.665, 179.291
Evaluation Time: 0.0893121 seconds
Resulting Fitness: 0.541534
-------------
Particle: 14:
Relays Coordinates:
50.1708, 102.13
190.564, 113.709
316.981, 139.067
Evaluation Time: 0.144406 seconds
Resulting Fitness: 0.474563
-------------
Particle: 15:
Relays Coordinates:
68.1087, 122.314
202.475, 136.535
333.38, 178.944
Evaluation Time: 0.12596 seconds
Resulting Fitness: 0.513998
-------------
Particle: 16:
Relays Coordinates:
128.22, 138.371
128.897, 103.832
110.957, 103.132
Evaluation Time: 0.0888031 seconds
Resulting Fitness: 0.267195
-------------
Particle: 17:
Relays Coordinates:
57.1514, 102.208
198.987, 140.222
352.11, 158.725
Evaluation Time: 0.14709 seconds
Resulting Fitness: 0.535677
-------------
Particle: 18:
Relays Coordinates:
57.0379, 97.7301
195.058, 130.403
328.05, 159.809
Evaluation Time: 0.140827 seconds
Resulting Fitness: 0.501978
New local best!
-------------
Particle: 19:
Relays Coordinates:
69.5923, 117.662
215.506, 143.711
361.35, 159.917
Evaluation Time: 0.112789 seconds
Resulting Fitness: 0.541691
New local best!
-------------
Particle: 20:
Relays Coordinates:
58.3876, 104.428
177.938, 127.082
328.05, 153.219
Evaluation Time: 0.152208 seconds
Resulting Fitness: 0.493931
Current global best fitness: 0.562599
Current global best relays: 70.4555, 125.408
222.991, 145.74
363.987, 184.813
Particle 1 new velocities: 23.437, 27.3233
37.2303, 37.4112
131.127, 39.9138
Particle 2 new velocities: 127.646, 216.225
200.999, 116.652
243.212, 74.3925
Particle 3 new velocities: 23.4541, 32.4497
61.4459, 42.1888
-0.375582, 84.7877
Particle 4 new velocities: 22.8991, 37.592
71.357, 45.2268
116.529, 52.3245
Particle 5 new velocities: 14.2216, 23.8328
42.5689, 46.122
82.1331, 34.5214
Particle 6 new velocities: 24.4534, 49.2497
20.3224, 58.4402
203.72, 54.5368
Particle 7 new velocities: 19.6375, 37.6554
60.6492, 50.6988
81.2667, 48.7234
Particle 8 new velocities: 369.316, 290.696
403.837, 209.281
156.293, 174.569
Particle 9 new velocities: 70.4158, 98.6699
198.465, 128.995
388.552, -24.135
Particle 10 new velocities: 30.8272, 41.5067
120.609, 65.9346
15.2397, 114.76
Particle 11 new velocities: 29.1874, 55.3939
81.2598, 55.9134
145.339, 50.8475
Particle 12 new velocities: 40.4515, 43.1987
74.5092, 66.572
29.2378, 86.0671
Particle 13 new velocities: 15.4081, 31.3654
52.1078, 28.6521
92.9275, 42.6584
Particle 14 new velocities: 56.3737, 60.042
114.084, 67.8688
222.826, 80.6921
Particle 15 new velocities: 17.1629, 34.9182
55.4165, 48.3222
104.161, 33.1234
Particle 16 new velocities: 213.462, 375.113
371.384, 299.26
305.874, 287.527
Particle 17 new velocities: 19.1389, 52.2486
95.483, 20.6847
111.331, 71.7709
Particle 18 new velocities: 26.2484, 32.7238
74.3027, 74.7139
14.9704, 56.8474
Particle 19 new velocities: 10.5356, 13.5281
41.5238, 28.4154
145.59, 11.9561
Particle 20 new velocities: 33.4014, 62.7219
53.772, 66.6669
47.6792, 116.449
-- ITERATION 16 --
-------------
Particle: 1:
Relays Coordinates:
60.8343, 98.0271
147.395, 111.18
296.735, 144.533
Evaluation Time: 0.187839 seconds
Resulting Fitness: 0.457685
-------------
Particle: 2:
Relays Coordinates:
89.1507, 126.209
126.97, 83.3608
169.273, 103.869
Evaluation Time: 0.128028 seconds
Resulting Fitness: 0.32166
-------------
Particle: 3:
Relays Coordinates:
81.0127, 130.68
223.369, 150.871
294.941, 204.161
Evaluation Time: 0.103175 seconds
Resulting Fitness: 0.503667
-------------
Particle: 4:
Relays Coordinates:
65.818, 121.074
206.829, 136.78
338.373, 154.686
Evaluation Time: 0.154926 seconds
Resulting Fitness: 0.53852
-------------
Particle: 5:
Relays Coordinates:
74.1194, 125.215
218.166, 159.461
365.441, 181.611
Evaluation Time: 0.161278 seconds
Resulting Fitness: 0.563652
New local best!
New global best!
-------------
Particle: 6:
Relays Coordinates:
64.63, 127.976
177.101, 183.188
283.32, 135.66
Evaluation Time: 0.351136 seconds
Resulting Fitness: 0.523706
-------------
Particle: 7:
Relays Coordinates:
72.9122, 132.256
222.753, 152.349
281, 167.064
Evaluation Time: 0.191644 seconds
Resulting Fitness: 0.445933
-------------
Particle: 8:
Relays Coordinates:
167.008, 135.785
174.339, 98.812
103.735, 110.107
Evaluation Time: 0.255763 seconds
Resulting Fitness: 0.325537
-------------
Particle: 9:
Relays Coordinates:
83.5078, 114.733
202.361, 148.422
265.721, 114.267
Evaluation Time: 0.138839 seconds
Resulting Fitness: 0.442233
New local best!
-------------
Particle: 10:
Relays Coordinates:
70.6746, 105.017
221.476, 133.632
250.258, 196.673
Evaluation Time: 0.073147 seconds
Resulting Fitness: 0.402088
-------------
Particle: 11:
Relays Coordinates:
70.1896, 128.299
214.969, 143.371
306.907, 171.878
Evaluation Time: 0.0634176 seconds
Resulting Fitness: 0.480655
-------------
Particle: 12:
Relays Coordinates:
78.4492, 121.619
204.03, 155.039
289.403, 187.468
Evaluation Time: 0.127807 seconds
Resulting Fitness: 0.470744
-------------
Particle: 13:
Relays Coordinates:
71.0636, 120.266
218.296, 139.084
359.31, 179.779
Evaluation Time: 0.167829 seconds
Resulting Fitness: 0.554971
-------------
Particle: 14:
Relays Coordinates:
77.6709, 118.224
222.088, 132.37
364.5, 160.204
Evaluation Time: 0.0816953 seconds
Resulting Fitness: 0.543347
-------------
Particle: 15:
Relays Coordinates:
69.07, 127.358
208.892, 149.734
354.408, 171.775
Evaluation Time: 0.0970314 seconds
Resulting Fitness: 0.559247
New local best!
-------------
Particle: 16:
Relays Coordinates:
86.8508, 127.093
127.093, 102.461
105.953, 99.3002
Evaluation Time: 0.0856317 seconds
Resulting Fitness: 0.263573
-------------
Particle: 17:
Relays Coordinates:
50.054, 101.339
193.202, 105.571
304.064, 151.228
Evaluation Time: 0.222727 seconds
Resulting Fitness: 0.473802
-------------
Particle: 18:
Relays Coordinates:
60.7157, 95.1009
196.364, 149.53
250.062, 157.942
Evaluation Time: 0.121078 seconds
Resulting Fitness: 0.383698
-------------
Particle: 19:
Relays Coordinates:
47.3147, 77.4667
151.774, 101.639
295.245, 101.489
Evaluation Time: 0.0622026 seconds
Resulting Fitness: 0.437026
-------------
Particle: 20:
Relays Coordinates:
74.3491, 135.391
187.685, 156.937
304.341, 218.432
Evaluation Time: 0.0581655 seconds
Resulting Fitness: 0.468245
Current global best fitness: 0.563652
Current global best relays: 74.1194, 125.215
218.166, 159.461
365.441, 181.611
Particle 1 new velocities: 39.6321, 72.7758
90.0436, 78.2095
106.058, 52.5191
Particle 2 new velocities: 168.976, 218.94
164.108, 120.239
547.344, 138.224
Particle 3 new velocities: 10.2941, 19.4108
36.9486, 40.759
149.745, 37.9959
Particle 4 new velocities: 28.4013, 48.3651
63.1871, 60.5323
142.916, 68.2603
Particle 5 new velocities: 11.3773, 19.0663
34.0552, 36.8976
65.7065, 27.6171
Particle 6 new velocities: 26.4183, 38.9212
24.7055, 65.5279
205.795, 33.3775
Particle 7 new velocities: 16.2447, 17.9055
42.8002, 32.8718
247.574, 34.9363
Particle 8 new velocities: 340.487, 250.816
37.0611, 208.515
444.431, 305.091
Particle 9 new velocities: 46.1816, 84.4717
159.43, 103.628
33.0708, -4.24942
Particle 10 new velocities: 30.2755, 65.5692
99.5778, 65.8643
155.551, 54.8812
Particle 11 new velocities: 28.1778, 44.1171
75.8103, 41.3603
193.05, 44.5467
Particle 12 new velocities: 30.7418, 41.8539
88.5415, 28.0778
251.418, 64.717
Particle 13 new velocities: 11.8712, 36.8091
48.1637, 48.8983
81.0736, 35.995
Particle 14 new velocities: 41.9217, 63.0971
88.8124, 78.585
0.658832, 81.3799
Particle 15 new velocities: 17.1685, 26.2619
51.7706, 50.2159
91.3973, 31.5514
Particle 16 new velocities: 262.893, 140.53
108.573, 415.693
501.494, 296.345
Particle 17 new velocities: 59.0977, 57.6836
106.274, 74.3344
173.328, 96.1713
Particle 18 new velocities: 20.749, 47.179
63.4269, 57.301
49.8574, 58.126
Particle 19 new velocities: 53.6804, 110.339
175.913, 36.9327
81.2199, 91.103
Particle 20 new velocities: 24.6527, 26.1159
113.342, 48.6993
164.875, 37.3378
-- ITERATION 17 --
-------------
Particle: 1:
Relays Coordinates:
73.24, 124.515
173.093, 138.065
293.636, 143.651
Evaluation Time: 0.051789 seconds
Resulting Fitness: 0.489732
-------------
Particle: 2:
Relays Coordinates:
111.115, 148.575
125.299, 87.6431
215.234, 104.213
Evaluation Time: 0.0506947 seconds
Resulting Fitness: 0.358059
-------------
Particle: 3:
Relays Coordinates:
73.9586, 121.573
210.858, 155.22
360.196, 196.147
Evaluation Time: 0.165387 seconds
Resulting Fitness: 0.564118
New local best!
New global best!
-------------
Particle: 4:
Relays Coordinates:
61.8173, 111.169
177.158, 129.456
315.774, 146.275
Evaluation Time: 0.159117 seconds
Resulting Fitness: 0.489081
-------------
Particle: 5:
Relays Coordinates:
69.2523, 116.868
204.299, 159.05
349.229, 169.474
Evaluation Time: 0.176879 seconds
Resulting Fitness: 0.517832
-------------
Particle: 6:
Relays Coordinates:
43.5481, 79.8266
96.5235, 118.96
233.942, 80.8503
Evaluation Time: 0.153164 seconds
Resulting Fitness: 0.371168
-------------
Particle: 7:
Relays Coordinates:
58.4959, 98.5207
174.229, 121.523
328.05, 132.533
Evaluation Time: 0.116001 seconds
Resulting Fitness: 0.48553
-------------
Particle: 8:
Relays Coordinates:
193.71, 149.777
81.9008, 119.065
193.71, 160.856
Evaluation Time: 0.0749358 seconds
Resulting Fitness: 0.333925
-------------
Particle: 9:
Relays Coordinates:
76.5803, 117.628
213.634, 148.833
176.433, 64.9642
Evaluation Time: 0.0628911 seconds
Resulting Fitness: 0.342951
-------------
Particle: 10:
Relays Coordinates:
66.2333, 111.922
210.643, 130.889
266.251, 165.045
Evaluation Time: 0.0517992 seconds
Resulting Fitness: 0.429335
-------------
Particle: 11:
Relays Coordinates:
71.7098, 125.691
211.978, 134.669
364.469, 157.774
Evaluation Time: 0.063304 seconds
Resulting Fitness: 0.559701
New local best!
-------------
Particle: 12:
Relays Coordinates:
71.6402, 107.254
191.956, 120.143
328.05, 165.459
Evaluation Time: 0.326349 seconds
Resulting Fitness: 0.512216
-------------
Particle: 13:
Relays Coordinates:
67.1772, 127.231
215.832, 152.265
356.711, 174.777
Evaluation Time: 0.30501 seconds
Resulting Fitness: 0.559097
-------------
Particle: 14:
Relays Coordinates:
78.4648, 118.964
203.982, 138.408
239.581, 158.503
Evaluation Time: 0.14137 seconds
Resulting Fitness: 0.380715
-------------
Particle: 15:
Relays Coordinates:
69.8532, 124.432
211.137, 161.96
361.103, 164.694
Evaluation Time: 0.155011 seconds
Resulting Fitness: 0.561823
New local best!
-------------
Particle: 16:
Relays Coordinates:
121.948, 93.3144
82.1716, 174.339
174.339, 137.953
Evaluation Time: 0.219612 seconds
Resulting Fitness: 0.370847
-------------
Particle: 17:
Relays Coordinates:
79.5716, 115.927
218.318, 131.151
348.019, 180.354
Evaluation Time: 0.133414 seconds
Resulting Fitness: 0.540741
New local best!
-------------
Particle: 18:
Relays Coordinates:
65.9864, 115.247
210.43, 167.533
242.935, 175.015
Evaluation Time: 0.0964921 seconds
Resulting Fitness: 0.361394
-------------
Particle: 19:
Relays Coordinates:
66.2629, 123.22
214.995, 90.9169
246.999, 126.36
Evaluation Time: 0.0987548 seconds
Resulting Fitness: 0.422628
-------------
Particle: 20:
Relays Coordinates:
72.1723, 117.739
219.449, 149.909
342.058, 186.456
Evaluation Time: 0.125404 seconds
Resulting Fitness: 0.505062
Current global best fitness: 0.564118
Current global best relays: 73.9586, 121.573
210.858, 155.22
360.196, 196.147
Particle 1 new velocities: 27.4581, 57.7966
93.5376, 65.9393
169.257, 84.4632
Particle 2 new velocities: 128.175, 143.876
178.169, 175.379
113.763, 262.398
Particle 3 new velocities: 8.23531, 15.5286
29.5589, 32.6072
119.796, 30.3967
Particle 4 new velocities: 35.6396, 44.407
73.8339, 85.5564
142.306, 118.438
Particle 5 new velocities: 21.2724, 17.0795
33.1691, 29.4982
58.383, 57.8076
Particle 6 new velocities: 54.0708, 76.8687
76.5204, 146.31
252.049, 201.401
Particle 7 new velocities: 34.0098, 47.0853
96.9569, 27.1565
86.8711, 64.0584
Particle 8 new velocities: -91.8193, 203.238
120.463, 149.837
213.467, 302.508
Particle 9 new velocities: 34.5883, 65.7181
114.873, 90.3907
156.417, 166.805
Particle 10 new velocities: 41.7826, 68.8853
90.8461, 68.7303
256.215, 64.1138
Particle 11 new velocities: 25.1993, 33.3876
60.5107, 49.374
151.966, 58.1989
Particle 12 new velocities: 33.1841, 64.7792
115.482, 51.5562
95.295, 69.583
Particle 13 new velocities: 12.9638, 25.6398
37.8033, 39.9639
66.3272, 40.17
Particle 14 new velocities: 24.4861, 62.8224
74.6788, 65.3181
162.391, 96.5721
Particle 15 new velocities: 16.7851, 19.6058
41.1483, 38.5595
72.4215, 38.0009
Particle 16 new velocities: 368.99, 265.96
336.451, -24.1841
28.2341, 204.414
Particle 17 new velocities: 42.5489, 52.7837
83.6455, 71.1006
152.5, 92.9691
Particle 18 new velocities: 11.2684, 33.9828
33.3808, -1.56017
96.4109, 51.0603
Particle 19 new velocities: 54.4431, 87.4831
136.428, 146.5
146.692, 96.2844
Particle 20 new velocities: 20.7362, 28.4374
78.7426, 39.2566
154.062, 15.8242
-- ITERATION 18 --
-------------
Particle: 1:
Relays Coordinates:
73.4089, 132.905
194.374, 148.719
337.45, 166.295
Evaluation Time: 0.0894423 seconds
Resulting Fitness: 0.550092
New local best!
-------------
Particle: 2:
Relays Coordinates:
92.7059, 113.302
117.57, 101.9
127.46, 142.033
Evaluation Time: 0.081131 seconds
Resulting Fitness: 0.266562
-------------
Particle: 3:
Relays Coordinates:
48.5347, 80.9574
141.964, 110.91
283.43, 133.772
Evaluation Time: 0.0784909 seconds
Resulting Fitness: 0.44899
-------------
Particle: 4:
Relays Coordinates:
63.9415, 102.073
164.675, 141.07
300.546, 173.678
Evaluation Time: 0.458994 seconds
Resulting Fitness: 0.451289
-------------
Particle: 5:
Relays Coordinates:
73.325, 108.498
192.35, 152.724
330.166, 184.098
Evaluation Time: 0.321256 seconds
Resulting Fitness: 0.49216
-------------
Particle: 6:
Relays Coordinates:
46.6908, 74.9469
82.7664, 126.878
232.448, 135
Evaluation Time: 0.123572 seconds
Resulting Fitness: 0.374497
-------------
Particle: 7:
Relays Coordinates:
74.9296, 117.941
219.661, 120.431
336.086, 159.239
Evaluation Time: 0.089266 seconds
Resulting Fitness: 0.52888
-------------
Particle: 8:
Relays Coordinates:
43.8607, 151.961
87.1108, 115.753
175.276, 199.463
Evaluation Time: 0.0504805 seconds
Resulting Fitness: 0.362924
-------------
Particle: 9:
Relays Coordinates:
72.9377, 120.293
215.533, 156.955
218.383, 152.064
Evaluation Time: 0.081191 seconds
Resulting Fitness: 0.379796
-------------
Particle: 10:
Relays Coordinates:
78.7436, 131.808
219.786, 145.523
364.5, 167.057
Evaluation Time: 0.0866958 seconds
Resulting Fitness: 0.553942
-------------
Particle: 11:
Relays Coordinates:
63.5821, 104.372
178.78, 120.751
328.05, 141.7
Evaluation Time: 0.0655387 seconds
Resulting Fitness: 0.508527
-------------
Particle: 12:
Relays Coordinates:
76.4169, 125.412
224.122, 125.169
308.618, 171.345
Evaluation Time: 0.0810633 seconds
Resulting Fitness: 0.479421
-------------
Particle: 13:
Relays Coordinates:
64.9142, 123.825
205.445, 155.706
342.661, 174.107
Evaluation Time: 0.0641776 seconds
Resulting Fitness: 0.558681
-------------
Particle: 14:
Relays Coordinates:
75.0512, 132.523
203.144, 148.516
293.037, 185.95
Evaluation Time: 0.357484 seconds
Resulting Fitness: 0.477395
-------------
Particle: 15:
Relays Coordinates:
70.177, 116.671
204.351, 162.421
351.154, 164.183
Evaluation Time: 0.116583 seconds
Resulting Fitness: 0.539417
-------------
Particle: 16:
Relays Coordinates:
190.2, 139.19
162.183, 58.1732
78.4811, 132.64
Evaluation Time: 0.138964 seconds
Resulting Fitness: 0.349077
-------------
Particle: 17:
Relays Coordinates:
89.0259, 122.99
220.131, 147.442
364.5, 199.253
Evaluation Time: 0.115493 seconds
Resulting Fitness: 0.554903
New local best!
-------------
Particle: 18:
Relays Coordinates:
69.5293, 134.307
219.43, 149.376
305.411, 203.468
Evaluation Time: 0.0433984 seconds
Resulting Fitness: 0.507247
New local best!
-------------
Particle: 19:
Relays Coordinates:
71.2757, 124.418
207.512, 140.192
232.471, 131.469
Evaluation Time: 0.0870797 seconds
Resulting Fitness: 0.378178
-------------
Particle: 20:
Relays Coordinates:
67.7303, 106.563
217.381, 137.901
361.671, 147.462
Evaluation Time: 0.104158 seconds
Resulting Fitness: 0.538079
Current global best fitness: 0.564118
Current global best relays: 73.9586, 121.573
210.858, 155.22
360.196, 196.147
Particle 1 new velocities: 22.4541, 43.7232
84.8259, 57.0025
147.375, 83.2035
Particle 2 new velocities: 186.009, 176.853
203.104, 135.485
239.141, 285.693
Particle 3 new velocities: 49.7293, 76.7327
163.594, 44.8194
149.559, 159.203
Particle 4 new velocities: 48.1776, 80.6152
134.463, 67.0957
229.256, 119.932
Particle 5 new velocities: 18.7632, 24.469
79.4519, 29.9566
131.012, 49.1727
Particle 6 new velocities: 80.0205, 87.7086
146.172, 253.468
331.692, 201.776
Particle 7 new velocities: 25.401, 42.1343
80.6816, 51.2412
95.9536, 85.2247
Particle 8 new velocities: 161.784, 130.08
237.92, 116.419
416.642, 280.608
Particle 9 new velocities: 30.9909, 44.5454
85.3024, 60.7119
249.371, 153.725
Particle 10 new velocities: 27.8427, 44.8229
74.9329, 58.1533
-6.88703, 73.2299
Particle 11 new velocities: 25.3596, 49.3406
58.392, 52.6643
44.203, 86.4844
Particle 12 new velocities: 22.7244, 48.9349
83.2719, 76.5714
175.542, 69.9776
Particle 13 new velocities: 21.8618, 21.0336
63.9732, 27.3146
68.8756, 50.2722
Particle 14 new velocities: 16.3022, 28.6339
66.7797, 52.9339
207.678, 64.1087
Particle 15 new velocities: 16.1053, 33.8669
43.0565, 29.7409
67.4477, 66.1652
Particle 16 new velocities: 297.994, 240.155
316.694, 184.995
279.016, 135.999
Particle 17 new velocities: 31.9362, 41.1832
62.9433, 57.6146
-1.80851, 74.2253
Particle 18 new velocities: 10.8456, 24.2384
20.2636, 2.88744
94.0626, 38.3077
Particle 19 new velocities: 43.3783, 59.518
123.791, 130.751
471.004, 128.549
Particle 20 new velocities: 23.1833, 55.4532
53.8562, 37.5251
110.359, 104.347
-- ITERATION 19 --
-------------
Particle: 1:
Relays Coordinates:
69.8842, 128.762
203.537, 149.971
353.437, 181.885
Evaluation Time: 0.115319 seconds
Resulting Fitness: 0.551233
New local best!
-------------
Particle: 2:
Relays Coordinates:
107.98, 112.412
124.236, 91.9679
142.029, 165.71
Evaluation Time: 0.19634 seconds
Resulting Fitness: 0.323728
-------------
Particle: 3:
Relays Coordinates:
71.6344, 114.956
222.752, 113.527
315.649, 213.579
Evaluation Time: 0.165996 seconds
Resulting Fitness: 0.501453
-------------
Particle: 4:
Relays Coordinates:
73.5613, 119.862
196.265, 136.577
328.05, 192.638
Evaluation Time: 0.210207 seconds
Resulting Fitness: 0.514253
-------------
Particle: 5:
Relays Coordinates:
67.1323, 96.9327
198.143, 133.174
336.199, 170.055
Evaluation Time: 0.392253 seconds
Resulting Fitness: 0.532443
-------------
Particle: 6:
Relays Coordinates:
67.3396, 86.4418
121.667, 202.131
265.721, 178.976
Evaluation Time: 0.15892 seconds
Resulting Fitness: 0.463785
-------------
Particle: 7:
Relays Coordinates:
73.141, 116.695
218.95, 125.149
314.957, 178.214
Evaluation Time: 0.154322 seconds
Resulting Fitness: 0.494204
-------------
Particle: 8:
Relays Coordinates:
88.5231, 121.409
139.915, 99.9428
215.234, 206.655
Evaluation Time: 0.103995 seconds
Resulting Fitness: 0.39904
-------------
Particle: 9:
Relays Coordinates:
75.764, 120.167
219.309, 158.679
340.993, 222.92
Evaluation Time: 0.158077 seconds
Resulting Fitness: 0.508579
New local best!
-------------
Particle: 10:
Relays Coordinates:
77.7014, 128.764
214.85, 148.48
260.7, 175.169
Evaluation Time: 0.207612 seconds
Resulting Fitness: 0.432049
-------------
Particle: 11:
Relays Coordinates:
72.0427, 124.507
192.109, 140.466
301.525, 184.829
Evaluation Time: 0.119334 seconds
Resulting Fitness: 0.492741
-------------
Particle: 12:
Relays Coordinates:
72.274, 127.099
224.09, 147.069
352.953, 175.924
Evaluation Time: 0.121904 seconds
Resulting Fitness: 0.560293
New local best!
-------------
Particle: 13:
Relays Coordinates:
70.2885, 117.336
218.229, 148.246
333.344, 181.747
Evaluation Time: 0.0912236 seconds
Resulting Fitness: 0.49149
-------------
Particle: 14:
Relays Coordinates:
59.937, 105.735
177.097, 132.171
328.05, 164.064
Evaluation Time: 0.0968044 seconds
Resulting Fitness: 0.524302
-------------
Particle: 15:
Relays Coordinates:
69.8886, 121.936
200.4, 155.651
339.068, 186.582
Evaluation Time: 0.0994615 seconds
Resulting Fitness: 0.5172
-------------
Particle: 16:
Relays Coordinates:
153.2, 119.043
150.277, 76.3087
112.186, 84.3018
Evaluation Time: 0.104963 seconds
Resulting Fitness: 0.30181
-------------
Particle: 17:
Relays Coordinates:
88.1813, 119.683
206.361, 149.486
264.402, 199.366
Evaluation Time: 0.523304 seconds
Resulting Fitness: 0.40164
-------------
Particle: 18:
Relays Coordinates:
65.1036, 128.421
194.152, 123.333
323.574, 195.838
Evaluation Time: 0.10692 seconds
Resulting Fitness: 0.532477
New local best!
-------------
Particle: 19:
Relays Coordinates:
75.2245, 120.68
217.368, 177.766
328.05, 170.598
Evaluation Time: 0.25555 seconds
Resulting Fitness: 0.508525
-------------
Particle: 20:
Relays Coordinates:
59.6484, 106.299
177.959, 115.097
309.699, 165.212
Evaluation Time: 0.0926901 seconds
Resulting Fitness: 0.473869
Current global best fitness: 0.564118
Current global best relays: 73.9586, 121.573
210.858, 155.22
360.196, 196.147
Particle 1 new velocities: 21.1285, 29.7607
72.123, 48.0721
119.843, 80.2548
Particle 2 new velocities: 230.778, 182.471
169.217, 134.844
527.328, 288.922
Particle 3 new velocities: 42.1729, 78.7187
109.359, 123.608
163.73, 91.1059
Particle 4 new velocities: 37.0078, 67.7199
135.577, 61.6675
61.8361, 74.1029
Particle 5 new velocities: 25.3099, 56.6998
93.3968, 52.4286
151.648, 80.3809
Particle 6 new velocities: 62.2823, 154.394
164.244, 192.439
71.9785, 112.054
Particle 7 new velocities: 21.3896, 43.7305
68.0592, 55.6452
164.809, 82.6941
Particle 8 new velocities: 127.999, 114.035
195.574, 68.6757
90.8107, 236.362
Particle 9 new velocities: 23.1971, 36.1964
60.0354, 44.5795
203.232, 118.648
Particle 10 new velocities: 19.3118, 37.2238
75.0275, 46.7464
74.2915, 85.3117
Particle 11 new velocities: 20.4799, 39.4498
51.0616, 46.7613
173.7, 39.7472
Particle 12 new velocities: 19.4238, 37.9599
58.78, 63.8799
147.701, 62.6245
Particle 13 new velocities: 18.8103, 26.4812
44.8257, 25.4936
89.4654, 48.4037
Particle 14 new velocities: 25.6711, 49.9848
102.87, 71.3133
86.0373, 88.9319
Particle 15 new velocities: 13.7314, 28.0686
61.4171, 24.677
81.0752, 41.0807
Particle 16 new velocities: 323.412, 315.984
354.085, 242.565
454.615, 135.217
Particle 17 new velocities: 21.4933, 35.0357
71.1837, 50.4148
34.8166, 59.315
Particle 18 new velocities: 18.8779, 13.5338
24.2506, 27.054
81.9129, 30.9444
Particle 19 new velocities: 27.7287, 45.6348
91.2878, 34.9639
44.7966, 92.8703
Particle 20 new velocities: 48.5195, 62.5682
125.936, 105.175
114.144, 105.036
-- ITERATION 20 --
-------------
Particle: 1:
Relays Coordinates:
66.3483, 115.563
200.956, 144.374
345.021, 191.1
Evaluation Time: 0.0711398 seconds
Resulting Fitness: 0.515729
-------------
Particle: 2:
Relays Coordinates:
131.242, 114.244
113.69, 87.8715
193.71, 176.133
Evaluation Time: 0.0541511 seconds
Resulting Fitness: 0.340406
-------------
Particle: 3:
Relays Coordinates:
74.669, 127.07
217.898, 155.584
314.521, 199.904
Evaluation Time: 0.0603445 seconds
Resulting Fitness: 0.528838
-------------
Particle: 4:
Relays Coordinates:
72.5444, 123.072
217.721, 130.068
255.804, 175.009
Evaluation Time: 0.0595465 seconds
Resulting Fitness: 0.430532
-------------
Particle: 5:
Relays Coordinates:
67.3904, 111.998
212.533, 135.305
355.64, 182.568
Evaluation Time: 0.0547812 seconds
Resulting Fitness: 0.51862
-------------
Particle: 6:
Relays Coordinates:
68.8864, 127.99
151.945, 209.691
179.467, 154.666
Evaluation Time: 0.0473988 seconds
Resulting Fitness: 0.414627
-------------
Particle: 7:
Relays Coordinates:
68.9128, 116.95
209.229, 131.799
349.749, 190.202
Evaluation Time: 0.0517529 seconds
Resulting Fitness: 0.515198
-------------
Particle: 8:
Relays Coordinates:
103.562, 112.613
160.463, 80.6497
146.38, 211.894
Evaluation Time: 0.0515673 seconds
Resulting Fitness: 0.40549
-------------
Particle: 9:
Relays Coordinates:
58.4355, 92.3313
164.95, 120.022
295.245, 201.692
Evaluation Time: 0.203914 seconds
Resulting Fitness: 0.468129
-------------
Particle: 10:
Relays Coordinates:
70.7226, 121.005
211.321, 142.32
244.209, 189.89
Evaluation Time: 0.0511963 seconds
Resulting Fitness: 0.431388
-------------
Particle: 11:
Relays Coordinates:
60.7041, 107.572
159.544, 122.84
311.795, 147.345
Evaluation Time: 0.0509533 seconds
Resulting Fitness: 0.480559
-------------
Particle: 12:
Relays Coordinates:
60.163, 108.295
185.591, 138.403
328.05, 156.512
Evaluation Time: 0.0512462 seconds
Resulting Fitness: 0.503735
-------------
Particle: 13:
Relays Coordinates:
72.1701, 116.492
213.074, 140.729
342.476, 186.422
Evaluation Time: 0.0490774 seconds
Resulting Fitness: 0.507394
-------------
Particle: 14:
Relays Coordinates:
62.4083, 113.52
204.095, 148.34
301.87, 184.434
Evaluation Time: 0.0492126 seconds
Resulting Fitness: 0.477152
-------------
Particle: 15:
Relays Coordinates:
67.7323, 121.503
212.072, 146.066
340.316, 184.407
Evaluation Time: 0.058132 seconds
Resulting Fitness: 0.516106
-------------
Particle: 16:
Relays Coordinates:
134.609, 122.864
141.215, 90.0594
141.215, 61.9987
Evaluation Time: 0.0457612 seconds
Resulting Fitness: 0.287524
-------------
Particle: 17:
Relays Coordinates:
88.8364, 125.322
224.812, 161.92
242.367, 209.531
Evaluation Time: 0.0449455 seconds
Resulting Fitness: 0.433198
-------------
Particle: 18:
Relays Coordinates:
61.2225, 103.485
159.215, 109.632
295.6, 165.325
Evaluation Time: 0.0367592 seconds
Resulting Fitness: 0.43144
-------------
Particle: 19:
Relays Coordinates:
75.0529, 121.244
225.01, 155.08
271.805, 192.068
Evaluation Time: 0.040906 seconds
Resulting Fitness: 0.431618
-------------
Particle: 20:
Relays Coordinates:
78.8545, 123.104
221.539, 160.579
308.982, 197.011
Evaluation Time: 0.0562443 seconds
Resulting Fitness: 0.509539
Simulation of the best surrogate solution results: 0.508333
Final Evaluation Time: 50.2345 seconds
Final global best fitness: 0.564118
Final global best relays:
73.9586, 121.573
210.858, 155.22
360.196, 196.147
