PSO EXECUTION
============================
Seed: 38032146
Particles: 20
Relays: 3
Iterations: 20
Backend: Surrogate
Network Configuration: 1
Area: 500 x 500
Sink: 0, 0
Simulated Relay range: 155
w: 0.8
c1: 1.7
c2: 1.3

Relay Nodes Positions: 
PARTICLE 1: 
50.833, 24.9212
26.052, 223.448
85.7034, 138.565
PARTICLE 2: 
60.6514, 274.229
22.8497, 111.683
13.9843, 176.188
PARTICLE 3: 
150.28, 105.524
52.832, 20.4356
96.9928, 248.427
PARTICLE 4: 
68.3886, 49.296
81.4911, 254.076
24.0101, 162.023
PARTICLE 5: 
95.6892, 35.1829
146.488, 118.917
18.3884, 119.145
PARTICLE 6: 
57.5332, 131.599
134.657, 74.1726
111.901, 216.091
PARTICLE 7: 
14.8732, 46.092
141.119, 11.2599
104.819, 93.5025
PARTICLE 8: 
154.968, 170.288
175.485, 122.823
13.5978, 111.475
PARTICLE 9: 
20.2776, 81.3917
15.5301, 112.609
24.7834, 235.644
PARTICLE 10: 
74.1396, 177.442
123.973, 40.8388
237.183, 45.95
PARTICLE 11: 
122.296, 27.6795
103.697, 98.4813
44.4052, 203.744
PARTICLE 12: 
105.07, 100.316
58.6972, 224.221
18.9911, 53.3733
PARTICLE 13: 
109.835, 93.7514
223.374, 154.492
287.584, 121.62
PARTICLE 14: 
121.356, 51.6545
234.08, 138.84
25.2296, 80.7205
PARTICLE 15: 
86.7951, 43.8253
233.566, 103.211
82.5011, 92.9431
PARTICLE 16: 
172.783, 106.232
99.693, 86.8751
139.688, 75.8424
PARTICLE 17: 
55.2349, 46.6534
138.174, 85.7052
97.131, 13.6115
PARTICLE 18: 
139.756, 51.9035
243.742, 51.4686
270.317, 101.623
PARTICLE 19: 
120.017, 19.9784
221.018, 106.604
128.093, 113.216
PARTICLE 20: 
88.2379, 406.116
68.975, 278.927
19.8153, 149.791
Nodes Positions: 
212.828, 222.84
107.363, 153.193
475.283, 68.5636
401.713, 141.699
170.663, 436.535
138.044, 247.146
388.31, 471.686
366.365, 180.139
299.176, 330.097
199.066, 462.497
328.449, 236.039
189.337, 369.215
92.8593, 51.5685
442.629, 124.61
393.852, 478.595
411.305, 382.928
124.667, 58.9531
60.5114, 279.597
47.1227, 491.819
216.776, 484.162
276.369, 78.9104
465.459, 216.409
22.2418, 195.582
487.586, 324.483
203.361, 413.515
454.297, 187.375
322.907, 25.0791
419.439, 16.1993
127.638, 453.108
116.187, 133.31
228.151, 286.784
27.5189, 2.77928
256.876, 295.217
153.965, 337.978
50.0003, 233.236
429.262, 346.488
354.528, 265.833
310.496, 169.881
337, 267.443
381.089, 307.598
258.755, 49.8207
494.287, 87.1463
1.07688, 422.19
373.712, 441.895
88.4086, 96.3657
159.56, 116.463
74.4156, 104.167
439.615, 159.016
176.244, 313.476
307.361, 396.727
468.599, 430.93
343.218, 133.728
245.337, 407.473
77.6845, 41.222
149.57, 387.698
234.896, 366.006
9.83831, 22.8835
274.219, 258.131
284.825, 204.411
33.6105, 352.91
All particles start with velocity zero
-- ITERATION 0 --
-------------
Particle: 1:
Relays Coordinates:
50.833, 24.9212
26.052, 223.448
85.7034, 138.565
Evaluation Time: 0.0661286 seconds
Resulting Fitness: 0.277817
New local best!
New global best!
-------------
Particle: 2:
Relays Coordinates:
60.6514, 274.229
22.8497, 111.683
13.9843, 176.188
Evaluation Time: 0.0529147 seconds
Resulting Fitness: 0.328992
New local best!
New global best!
-------------
Particle: 3:
Relays Coordinates:
150.28, 105.524
52.832, 20.4356
96.9928, 248.427
Evaluation Time: 0.0566681 seconds
Resulting Fitness: 0.388957
New local best!
New global best!
-------------
Particle: 4:
Relays Coordinates:
68.3886, 49.296
81.4911, 254.076
24.0101, 162.023
Evaluation Time: 0.0591469 seconds
Resulting Fitness: 0.339127
New local best!
-------------
Particle: 5:
Relays Coordinates:
95.6892, 35.1829
146.488, 118.917
18.3884, 119.145
Evaluation Time: 0.0583923 seconds
Resulting Fitness: 0.294642
New local best!
-------------
Particle: 6:
Relays Coordinates:
57.5332, 131.599
134.657, 74.1726
111.901, 216.091
Evaluation Time: 0.0573957 seconds
Resulting Fitness: 0.362307
New local best!
-------------
Particle: 7:
Relays Coordinates:
14.8732, 46.092
141.119, 11.2599
104.819, 93.5025
Evaluation Time: 0.0587334 seconds
Resulting Fitness: 0.226845
New local best!
-------------
Particle: 8:
Relays Coordinates:
154.968, 170.288
175.485, 122.823
13.5978, 111.475
Evaluation Time: 0.0584253 seconds
Resulting Fitness: 0.389591
New local best!
New global best!
-------------
Particle: 9:
Relays Coordinates:
20.2776, 81.3917
15.5301, 112.609
24.7834, 235.644
Evaluation Time: 0.0603551 seconds
Resulting Fitness: 0.274124
New local best!
-------------
Particle: 10:
Relays Coordinates:
74.1396, 177.442
123.973, 40.8388
237.183, 45.95
Evaluation Time: 0.0560825 seconds
Resulting Fitness: 0.354939
New local best!
-------------
Particle: 11:
Relays Coordinates:
122.296, 27.6795
103.697, 98.4813
44.4052, 203.744
Evaluation Time: 0.0567858 seconds
Resulting Fitness: 0.293295
New local best!
-------------
Particle: 12:
Relays Coordinates:
105.07, 100.316
58.6972, 224.221
18.9911, 53.3733
Evaluation Time: 0.0594707 seconds
Resulting Fitness: 0.314824
New local best!
-------------
Particle: 13:
Relays Coordinates:
109.835, 93.7514
223.374, 154.492
287.584, 121.62
Evaluation Time: 0.0622659 seconds
Resulting Fitness: 0.450156
New local best!
New global best!
-------------
Particle: 14:
Relays Coordinates:
121.356, 51.6545
234.08, 138.84
25.2296, 80.7205
Evaluation Time: 0.0755568 seconds
Resulting Fitness: 0.403067
New local best!
-------------
Particle: 15:
Relays Coordinates:
86.7951, 43.8253
233.566, 103.211
82.5011, 92.9431
Evaluation Time: 0.0562323 seconds
Resulting Fitness: 0.349247
New local best!
-------------
Particle: 16:
Relays Coordinates:
172.783, 106.232
99.693, 86.8751
139.688, 75.8424
Evaluation Time: 0.0575073 seconds
Resulting Fitness: 0.294933
New local best!
-------------
Particle: 17:
Relays Coordinates:
55.2349, 46.6534
138.174, 85.7052
97.131, 13.6115
Evaluation Time: 0.0552196 seconds
Resulting Fitness: 0.227771
New local best!
-------------
Particle: 18:
Relays Coordinates:
139.756, 51.9035
243.742, 51.4686
270.317, 101.623
Evaluation Time: 0.0553986 seconds
Resulting Fitness: 0.37111
New local best!
-------------
Particle: 19:
Relays Coordinates:
120.017, 19.9784
221.018, 106.604
128.093, 113.216
Evaluation Time: 0.0636519 seconds
Resulting Fitness: 0.357051
New local best!
-------------
Particle: 20:
Relays Coordinates:
88.2379, 406.116
68.975, 278.927
19.8153, 149.791
Evaluation Time: 0.0567039 seconds
Resulting Fitness: 0.45301
New local best!
New global best!
Current global best fitness: 0.45301
Current global best relays: 88.2379, 406.116
68.975, 278.927
19.8153, 149.791
Particle 1 new velocities: 16.5902, 300.72
37.4043, 51.5627
-66.629, 3.76158
Particle 2 new velocities: 0.0211973, 156.389
48.2666, 134.748
3.40861, -22.5838
Particle 3 new velocities: -62.0112, 179.585
5.33221, 111.859
-19.6643, -90.4086
Particle 4 new velocities: 24.0832, 144.531
-7.38485, 27.8133
-4.92567, -13.0879
Particle 5 new velocities: -1.94301, 453.913
-78.5582, 58.0963
0.796213, 32.923
Particle 6 new velocities: 31.2089, 33.2834
-17.1747, 40.9699
-27.7758, -11.6261
Particle 7 new velocities: 60.3038, 195.042
-29.5601, 61.8367
-65.942, 23.3695
Particle 8 new velocities: -86.5599, 102.352
-128.897, 123.078
6.75067, 41.1328
Particle 9 new velocities: 35.7077, 197.621
5.12435, 138.46
-2.5284, -38.0102
Particle 10 new velocities: 4.09233, 264.28
-10.6461, 249.354
-276.718, 107.894
Particle 11 new velocities: -5.1188, 240.106
-15.0614, 112.395
-21.8573, -65.1975
Particle 12 new velocities: -9.56871, 385.374
3.62262, 33.7686
0.549125, 26.6158
Particle 13 new velocities: -7.50762, 10.6548
-84.5605, 14.8065
-27.8255, 34.047
Particle 14 new velocities: -24.2305, 321.932
-12.4358, 96.6557
-6.24917, 50.6132
Particle 15 new velocities: 0.81255, 31.6933
-103.337, 11.7539
-76.6015, 7.96865
Particle 16 new velocities: -15.0218, 348.766
-10.5326, 1.40505
-148.144, 85.7142
Particle 17 new velocities: 9.83153, 251.015
-84.9563, 208.012
-99.4352, 80.674
Particle 18 new velocities: -38.7242, 104.503
-166.672, 97.0541
-183.987, 55.92
Particle 19 new velocities: -26.4591, 136.541
-74.2252, 46.4767
-57.9342, 43.3463
Particle 20 new velocities: 0, 0
0, 0
0, 0
-- ITERATION 1 --
-------------
Particle: 1:
Relays Coordinates:
67.4233, 325.641
63.4563, 275.011
19.0744, 142.327
Evaluation Time: 0.0666458 seconds
Resulting Fitness: 0.382824
New local best!
-------------
Particle: 2:
Relays Coordinates:
49.1448, 348.8
57.6042, 199.609
14.0882, 124.42
Evaluation Time: 0.0744694 seconds
Resulting Fitness: 0.407242
New local best!
-------------
Particle: 3:
Relays Coordinates:
88.2689, 285.11
58.1642, 132.295
77.3285, 158.018
Evaluation Time: 0.0538424 seconds
Resulting Fitness: 0.382165
-------------
Particle: 4:
Relays Coordinates:
92.4718, 193.827
74.1063, 281.89
19.0845, 148.936
Evaluation Time: 0.0539627 seconds
Resulting Fitness: 0.369225
New local best!
-------------
Particle: 5:
Relays Coordinates:
44.8385, 233.933
32.4906, 84.665
9.17593, 72.7335
Evaluation Time: 0.0536105 seconds
Resulting Fitness: 0.27501
-------------
Particle: 6:
Relays Coordinates:
79.8679, 148.394
105.734, 103.628
75.7128, 184.019
Evaluation Time: 0.0572292 seconds
Resulting Fitness: 0.28202
-------------
Particle: 7:
Relays Coordinates:
75.177, 241.134
111.559, 73.0966
38.8769, 116.872
Evaluation Time: 0.053804 seconds
Resulting Fitness: 0.3421
New local best!
-------------
Particle: 8:
Relays Coordinates:
68.4085, 272.64
46.5881, 245.901
20.3485, 152.608
Evaluation Time: 0.0533847 seconds
Resulting Fitness: 0.3181
-------------
Particle: 9:
Relays Coordinates:
40.8133, 203.4
15.0571, 183.029
16.2239, 144.075
Evaluation Time: 0.0632541 seconds
Resulting Fitness: 0.278805
New local best!
-------------
Particle: 10:
Relays Coordinates:
63.3678, 357.795
91.7945, 235.056
0, 124.614
Evaluation Time: 0.053103 seconds
Resulting Fitness: 0.443618
New local best!
-------------
Particle: 11:
Relays Coordinates:
117.177, 267.785
88.6354, 210.877
22.5479, 138.547
Evaluation Time: 0.0581451 seconds
Resulting Fitness: 0.396669
New local best!
-------------
Particle: 12:
Relays Coordinates:
62.6582, 318.661
40.888, 169.267
12.8203, 52.4808
Evaluation Time: 0.0631763 seconds
Resulting Fitness: 0.375455
New local best!
-------------
Particle: 13:
Relays Coordinates:
102.327, 104.406
138.814, 169.299
259.759, 155.667
Evaluation Time: 0.0565593 seconds
Resulting Fitness: 0.50345
New local best!
New global best!
-------------
Particle: 14:
Relays Coordinates:
63.7238, 245.11
145.421, 154.509
12.4531, 86.1681
Evaluation Time: 0.0601639 seconds
Resulting Fitness: 0.346338
-------------
Particle: 15:
Relays Coordinates:
87.6077, 75.5186
130.229, 114.965
5.89956, 100.912
Evaluation Time: 0.0567575 seconds
Resulting Fitness: 0.274416
-------------
Particle: 16:
Relays Coordinates:
67.9111, 195.862
38.3806, 38.0017
0, 69.5448
Evaluation Time: 0.0606632 seconds
Resulting Fitness: 0.27455
-------------
Particle: 17:
Relays Coordinates:
47.4334, 217
38.7955, 214.12
0, 68.7341
Evaluation Time: 0.0540134 seconds
Resulting Fitness: 0.266676
New local best!
-------------
Particle: 18:
Relays Coordinates:
90.929, 140.766
69.3639, 133.67
77.6963, 141.788
Evaluation Time: 0.0606835 seconds
Resulting Fitness: 0.278586
-------------
Particle: 19:
Relays Coordinates:
84.2023, 140.867
132.114, 137.773
63.1425, 140.906
Evaluation Time: 0.0684982 seconds
Resulting Fitness: 0.284855
-------------
Particle: 20:
Relays Coordinates:
88.2379, 406.116
68.975, 278.927
19.8153, 149.791
Evaluation Time: 0.0637803 seconds
Resulting Fitness: 0.45301
New local best!
Current global best fitness: 0.50345
Current global best relays: 102.327, 104.406
138.814, 169.299
259.759, 155.667
Particle 1 new velocities: 31.3054, 56.8798
37.5703, -39.8614
90.4307, 17.1164
Particle 2 new velocities: 5.86423, -26.697
97.7121, 82.634
83.4543, -12.3481
Particle 3 new velocities: 52.9354, -221.574
54.827, 2.24803
52.2294, -71.8695
Particle 4 new velocities: 23.447, 100.203
59.5655, -124.042
50.7642, -9.62572
Particle 5 new velocities: 86.5354, 348.112
104.934, 129.134
123.417, 179.405
Particle 6 new velocities: 30.2479, 1.54634
-4.48379, 40.9142
92.1033, -25.5495
Particle 7 new velocities: 63.7879, 16.6919
-10.9529, 138.281
-43.7243, 41.8926
Particle 8 new velocities: -6.42493, -174.845
112.056, 83.6203
242.012, 24.9232
Particle 9 new velocities: 64.8214, 105.861
101.807, 108.035
9.02464, -25.254
Particle 10 new velocities: 24.0616, 36.4435
43.533, 185.572
173.502, 115.225
Particle 11 new velocities: -13.9723, 7.96316
51.681, 43.2683
112.607, -45.5558
Particle 12 new velocities: 37.7977, 188.562
77.0291, 27.0169
53.1047, 132.434
Particle 13 new velocities: -6.0061, 8.52382
-67.6484, 11.8452
-22.2604, 27.2376
Particle 14 new velocities: 3.75458, 57.7268
24.2598, 67.3246
27.1997, 94.3421
Particle 15 new velocities: 2.83877, 47.5089
-4.61116, 48.6118
265.049, 51.0569
Particle 16 new velocities: 163.85, 147.456
178.718, 145.418
494.221, 120.087
Particle 17 new velocities: 10.1423, 131.22
44.0351, 125.853
67.0659, 76.559
Particle 18 new velocities: 42.7231, -48.6882
-45.3142, 71.5686
240.368, -14.8697
Particle 19 new velocities: 29.4485, 51.7079
46.3971, -5.35642
245.277, 27.3025
Particle 20 new velocities: 5.20404, -249.667
77.3239, -27.497
79.9035, 5.5527
-- ITERATION 2 --
-------------
Particle: 1:
Relays Coordinates:
71.9732, 278.858
73.6484, 171.424
79.8293, 116.234
Evaluation Time: 0.0617216 seconds
Resulting Fitness: 0.369762
-------------
Particle: 2:
Relays Coordinates:
44.5573, 260.904
125.806, 228.617
79.0094, 90.778
Evaluation Time: 0.0709431 seconds
Resulting Fitness: 0.369339
-------------
Particle: 3:
Relays Coordinates:
141.204, 63.5359
112.991, 134.543
129.558, 86.1487
Evaluation Time: 0.0636683 seconds
Resulting Fitness: 0.292882
-------------
Particle: 4:
Relays Coordinates:
104.327, 264.627
120.305, 142.063
62.8638, 125.379
Evaluation Time: 0.0682725 seconds
Resulting Fitness: 0.381771
New local best!
-------------
Particle: 5:
Relays Coordinates:
77.575, 295.245
81.1476, 126.246
78.2949, 148.885
Evaluation Time: 0.06548 seconds
Resulting Fitness: 0.373804
New local best!
-------------
Particle: 6:
Relays Coordinates:
89.1938, 121.452
82.0126, 117.079
135.931, 128.36
Evaluation Time: 0.0629222 seconds
Resulting Fitness: 0.294182
-------------
Particle: 7:
Relays Coordinates:
125.068, 232.044
90.5453, 190.24
0, 142.888
Evaluation Time: 0.0544846 seconds
Resulting Fitness: 0.346003
New local best!
-------------
Particle: 8:
Relays Coordinates:
40.6675, 64.1634
104.086, 216.199
172.135, 116.478
Evaluation Time: 0.0611957 seconds
Resulting Fitness: 0.388529
-------------
Particle: 9:
Relays Coordinates:
77.0077, 225.451
85.194, 212.185
18.4062, 86.6208
Evaluation Time: 0.0628856 seconds
Resulting Fitness: 0.324833
New local best!
-------------
Particle: 10:
Relays Coordinates:
41.8172, 188.563
64.7267, 201.185
82.9855, 114.714
Evaluation Time: 0.0673496 seconds
Resulting Fitness: 0.280334
-------------
Particle: 11:
Relays Coordinates:
92.8846, 248.174
126.285, 228.73
121.639, 83.6919
Evaluation Time: 0.0597449 seconds
Resulting Fitness: 0.38347
-------------
Particle: 12:
Relays Coordinates:
48.0477, 239.148
56.3994, 93.8819
31.5317, 88.444
Evaluation Time: 0.0618423 seconds
Resulting Fitness: 0.313573
-------------
Particle: 13:
Relays Coordinates:
86.6889, 101.637
64.049, 163.029
213.749, 164.614
Evaluation Time: 0.0592701 seconds
Resulting Fitness: 0.421077
-------------
Particle: 14:
Relays Coordinates:
54.6575, 245.298
137.441, 179.685
32.1187, 146.213
Evaluation Time: 0.0617238 seconds
Resulting Fitness: 0.361954
-------------
Particle: 15:
Relays Coordinates:
90.4464, 123.028
125.618, 163.577
270.949, 151.969
Evaluation Time: 0.0565325 seconds
Resulting Fitness: 0.498104
New local best!
-------------
Particle: 16:
Relays Coordinates:
123.168, 182.453
115.375, 97.4765
262.649, 100.778
Evaluation Time: 0.0686802 seconds
Resulting Fitness: 0.435934
New local best!
-------------
Particle: 17:
Relays Coordinates:
41.9727, 253.852
60.3835, 247.84
48.891, 105.919
Evaluation Time: 0.0577878 seconds
Resulting Fitness: 0.318219
New local best!
-------------
Particle: 18:
Relays Coordinates:
108.258, 74.5829
19.4802, 166.244
257.632, 102.804
Evaluation Time: 0.0630114 seconds
Resulting Fitness: 0.407419
New local best!
-------------
Particle: 19:
Relays Coordinates:
74.5663, 126.348
117.121, 86.8782
202.354, 110.362
Evaluation Time: 0.0689722 seconds
Resulting Fitness: 0.35575
-------------
Particle: 20:
Relays Coordinates:
75.688, 126.724
118.502, 203.659
80.7722, 125.829
Evaluation Time: 0.0766707 seconds
Resulting Fitness: 0.32886
Current global best fitness: 0.50345
Current global best relays: 102.327, 104.406
138.814, 169.299
259.759, 155.667
Particle 1 new velocities: 51.6348, -1.18877
99.8591, 35.6135
83.4333, 78.0888
Particle 2 new velocities: 16.1086, -18.985
-6.68665, 17.9272
158.497, 71.2961
Particle 3 new velocities: 20.8424, -121.238
18.5488, -30.1241
79.0997, 47.3277
Particle 4 new velocities: 18.2146, -96.5996
63.77, -93.8963
172.703, -4.05277
Particle 5 new velocities: 94.6721, -120.4
94.837, 136.395
155.375, 148.917
Particle 6 new velocities: 16.5094, -1.99492
132.753, 59.6087
179.145, 103.928
Particle 7 new velocities: 37.5038, -115.851
3.43419, 94.0642
19.1796, 34.1966
Particle 8 new velocities: 74.7002, -38.3561
140.866, 31.5736
86.161, 42.8273
Particle 9 new velocities: 84.4, -0.513797
114.18, 80.148
56.8571, 14.5094
Particle 10 new velocities: 56.9371, 128.314
142.71, 132.059
115.188, 116.24
Particle 11 new velocities: 30.2235, -82.5433
-2.87589, 28.5411
-41.5262, 44.7596
Particle 12 new velocities: 64.2042, -15.1913
60.8283, 174.355
295.526, 131.293
Particle 13 new velocities: 6.84192, 10.5807
35.47, 22.3531
58.9293, 8.45285
Particle 14 new velocities: 66.6351, 2.39259
180.884, 45.3945
108.19, 8.2922
Particle 15 new velocities: 9.22131, 28.3119
-3.07893, 40.8698
203.487, 44.2712
Particle 16 new velocities: 107.538, 95.9588
147.503, 175.794
394.5, 110.792
Particle 17 new velocities: 79.5023, -41.5611
133.137, 78.7763
80.9316, 105.738
Particle 18 new velocities: 33.6594, -31.4211
27.1827, 57.5968
193.29, -2.91933
Particle 19 new velocities: 127.977, -29.0829
191.148, 70.1708
162.328, 38.1568
Particle 20 new velocities: 32.5942, -125.516
74.52, 14.8858
54.0476, 42.3862
-- ITERATION 3 --
-------------
Particle: 1:
Relays Coordinates:
72.9893, 163.961
102.454, 122.254
96.4049, 114.746
Evaluation Time: 0.0684781 seconds
Resulting Fitness: 0.28035
-------------
Particle: 2:
Relays Coordinates:
35.8226, 142.851
70.3389, 145.582
140.245, 95.7031
Evaluation Time: 0.0723702 seconds
Resulting Fitness: 0.31403
-------------
Particle: 3:
Relays Coordinates:
145.842, 0
118.386, 93.9768
187.792, 120.129
Evaluation Time: 0.0710321 seconds
Resulting Fitness: 0.326921
-------------
Particle: 4:
Relays Coordinates:
99.2586, 136.102
149.1, 39.0148
190.809, 98.2741
Evaluation Time: 0.0684049 seconds
Resulting Fitness: 0.345165
-------------
Particle: 5:
Relays Coordinates:
101.71, 103.244
103.917, 155.087
137.98, 175.849
Evaluation Time: 0.0786245 seconds
Resulting Fitness: 0.333245
-------------
Particle: 6:
Relays Coordinates:
95.1329, 107.511
193.289, 159.019
283.568, 209.059
Evaluation Time: 0.0828079 seconds
Resulting Fitness: 0.510598
New local best!
New global best!
-------------
Particle: 7:
Relays Coordinates:
131.684, 94.116
76.1234, 230.286
15.5354, 143.439
Evaluation Time: 0.0843589 seconds
Resulting Fitness: 0.357341
New local best!
-------------
Particle: 8:
Relays Coordinates:
84.103, 18.8135
178.57, 180.626
188.298, 116.134
Evaluation Time: 0.0738094 seconds
Resulting Fitness: 0.381315
-------------
Particle: 9:
Relays Coordinates:
161.408, 224.937
199.374, 292.333
75.2633, 101.13
Evaluation Time: 0.0818121 seconds
Resulting Fitness: 0.506265
New local best!
-------------
Particle: 10:
Relays Coordinates:
47.2339, 151.561
99.2161, 159.39
94.786, 110.465
Evaluation Time: 0.0696053 seconds
Resulting Fitness: 0.281212
-------------
Particle: 11:
Relays Coordinates:
123.108, 165.63
123.409, 257.272
80.1133, 128.452
Evaluation Time: 0.0733495 seconds
Resulting Fitness: 0.391956
-------------
Particle: 12:
Relays Coordinates:
66.2837, 132.244
69.2218, 158.391
193.124, 129.752
Evaluation Time: 0.0702061 seconds
Resulting Fitness: 0.346385
-------------
Particle: 13:
Relays Coordinates:
75.7599, 90.8963
80.6104, 150.16
220.869, 140.185
Evaluation Time: 0.0756965 seconds
Resulting Fitness: 0.404968
-------------
Particle: 14:
Relays Coordinates:
88.4223, 180.567
232.059, 164.083
102.285, 112.634
Evaluation Time: 0.0737345 seconds
Resulting Fitness: 0.454328
New local best!
-------------
Particle: 15:
Relays Coordinates:
42.9037, 65.1466
52.7491, 88.0075
204.229, 84.4748
Evaluation Time: 0.0816254 seconds
Resulting Fitness: 0.343632
-------------
Particle: 16:
Relays Coordinates:
89.3801, 107.862
101.844, 105.871
193.71, 81.9666
Evaluation Time: 0.0803245 seconds
Resulting Fitness: 0.325935
-------------
Particle: 17:
Relays Coordinates:
71.7298, 125.356
114.272, 192.864
76.659, 124.981
Evaluation Time: 0.0674853 seconds
Resulting Fitness: 0.323449
New local best!
-------------
Particle: 18:
Relays Coordinates:
67.8787, 20.6442
22.3187, 107.062
215.675, 47.7746
Evaluation Time: 0.0623921 seconds
Resulting Fitness: 0.285008
-------------
Particle: 19:
Relays Coordinates:
132.889, 63.8159
202.255, 103.04
239.268, 97.4431
Evaluation Time: 0.0667338 seconds
Resulting Fitness: 0.328785
-------------
Particle: 20:
Relays Coordinates:
97.4539, 1.08711
173.72, 196.69
121.338, 151.393
Evaluation Time: 0.0574991 seconds
Resulting Fitness: 0.387809
Current global best fitness: 0.510598
Current global best relays: 95.1329, 107.511
193.289, 159.019
283.568, 209.059
Particle 1 new velocities: 56.9921, 29.4652
64.5745, 227.218
36.4043, 109.611
Particle 2 new velocities: 77.4118, 20.1903
28.9434, 23.1394
195.669, 185.05
Particle 3 new velocities: 16.6926, 215.525
-21.1205, -60.8917
39.7503, 61.0425
Particle 4 new velocities: 12.6495, 101.718
22.8238, 57.6367
92.7733, 127.207
Particle 5 new velocities: 51.8477, -5.79678
80.926, 110.525
155.72, 113.881
Particle 6 new velocities: 13.2075, -1.59593
106.202, 47.6869
143.316, 83.1424
Particle 7 new velocities: 19.1577, -88.3516
71.7406, 2.97931
254.62, 71.9314
Particle 8 new velocities: 89.1713, 230.161
117.513, -38.3126
-147.356, 98.4432
Particle 9 new velocities: 47.4915, -74.9713
84.1183, -1.80373
263.953, 114.608
Particle 10 new velocities: 120.261, 163.777
181.803, 163.668
128.084, 196.863
Particle 11 new velocities: 0.468619, -42.8516
34.0096, -75.36
13.2615, 81.3907
Particle 12 new velocities: 78.6405, 61.6727
78.9454, 153.944
58.8725, 43.3066
Particle 13 new velocities: 11.9103, 28.4642
60.5217, 55.425
130.907, 74.8431
Particle 14 new velocities: 57.3834, -13.0519
143.706, 34.4675
101.466, 46.9135
Particle 15 new velocities: 54.6684, 127.612
68.0011, 144.202
212.823, 219.272
Particle 16 new velocities: 96.6847, 76.7433
187.336, 155.447
161.2, 160.747
Particle 17 new velocities: 75.9286, -49.9106
145.8, 54.0869
77.8687, 124.869
Particle 18 new velocities: 80.6938, 98.0139
32.6164, 142.5
237.065, 209.511
Particle 19 new velocities: 81.8263, -5.01533
151.563, 86.3394
89.0225, 176.212
Particle 20 new velocities: 21.1361, 120.794
-15.8192, 53.7143
111.998, 66.7786
-- ITERATION 4 --
-------------
Particle: 1:
Relays Coordinates:
85.2808, 126.907
109.588, 229.288
87.1362, 147.201
Evaluation Time: 0.054336 seconds
Resulting Fitness: 0.342404
-------------
Particle: 2:
Relays Coordinates:
66.8638, 96.274
58.6252, 99.6283
198.354, 165.782
Evaluation Time: 0.0567597 seconds
Resulting Fitness: 0.412226
New local best!
-------------
Particle: 3:
Relays Coordinates:
118.488, 157.118
70.9066, 24.1191
165.878, 132.074
Evaluation Time: 0.0636201 seconds
Resulting Fitness: 0.343174
-------------
Particle: 4:
Relays Coordinates:
81.5809, 173.371
125.333, 70.459
206.731, 164.376
Evaluation Time: 0.0568168 seconds
Resulting Fitness: 0.422957
New local best!
-------------
Particle: 5:
Relays Coordinates:
124.382, 78.9322
149.723, 215.146
237.897, 234.682
Evaluation Time: 0.0631812 seconds
Resulting Fitness: 0.516422
New local best!
New global best!
-------------
Particle: 6:
Relays Coordinates:
71.0822, 69.491
196.496, 135.62
280.079, 191.713
Evaluation Time: 0.0550576 seconds
Resulting Fitness: 0.476892
-------------
Particle: 7:
Relays Coordinates:
98.9669, 3.78205
97.0136, 153.045
177.249, 141.304
Evaluation Time: 0.057393 seconds
Resulting Fitness: 0.347333
-------------
Particle: 8:
Relays Coordinates:
113.685, 163.352
194.261, 93.3721
26.8617, 140.784
Evaluation Time: 0.0581271 seconds
Resulting Fitness: 0.356357
-------------
Particle: 9:
Relays Coordinates:
123.353, 88.5533
167.399, 171.555
200.304, 127.391
Evaluation Time: 0.0580615 seconds
Resulting Fitness: 0.392941
-------------
Particle: 10:
Relays Coordinates:
72.101, 135.743
120.97, 139.066
95.938, 132.295
Evaluation Time: 0.0589468 seconds
Resulting Fitness: 0.284115
-------------
Particle: 11:
Relays Coordinates:
100.097, 99.4507
127.509, 147.348
75.6336, 169.972
Evaluation Time: 0.054957 seconds
Resulting Fitness: 0.285149
-------------
Particle: 12:
Relays Coordinates:
85.5763, 114.506
87.4912, 184.431
148.802, 102.19
Evaluation Time: 0.0532914 seconds
Resulting Fitness: 0.322688
-------------
Particle: 13:
Relays Coordinates:
63.9116, 87.0138
102.885, 149.871
256.444, 156.755
Evaluation Time: 0.0586244 seconds
Resulting Fitness: 0.491591
-------------
Particle: 14:
Relays Coordinates:
95.6631, 109.906
246.539, 130.269
133.681, 104.679
Evaluation Time: 0.0581441 seconds
Resulting Fitness: 0.406891
-------------
Particle: 15:
Relays Coordinates:
46.6684, 92.1961
57.7545, 111.065
199.475, 145.281
Evaluation Time: 0.0620539 seconds
Resulting Fitness: 0.376299
-------------
Particle: 16:
Relays Coordinates:
109.869, 109.008
170.758, 154.305
209.571, 143.32
Evaluation Time: 0.054011 seconds
Resulting Fitness: 0.381946
-------------
Particle: 17:
Relays Coordinates:
119.603, 61.1107
210.658, 200.03
125.167, 202.378
Evaluation Time: 0.0582913 seconds
Resulting Fitness: 0.466333
New local best!
-------------
Particle: 18:
Relays Coordinates:
63.9556, 51.0784
23.6477, 107.428
194.889, 110.753
Evaluation Time: 0.0542653 seconds
Resulting Fitness: 0.336416
-------------
Particle: 19:
Relays Coordinates:
140.875, 38.5791
232.14, 124.252
215.391, 179.545
Evaluation Time: 0.0568705 seconds
Resulting Fitness: 0.427103
New local best!
-------------
Particle: 20:
Relays Coordinates:
106.731, 109.693
142.111, 225.364
210.002, 196.355
Evaluation Time: 0.0536025 seconds
Resulting Fitness: 0.464058
New local best!
Current global best fitness: 0.516422
Current global best relays: 124.382, 78.9322
149.723, 215.146
237.897, 234.682
Particle 1 new velocities: 54.4164, 25.0461
37.4766, 232.95
27.5397, 187.859
Particle 2 new velocities: 122.319, 12.6055
108.474, 67.359
181.569, 179.599
Particle 3 new velocities: 31.2398, 86.6265
75.5044, 59.7685
92.9662, 312.545
Particle 4 new velocities: 38.4856, 45.3678
42.8116, 163.187
83.2068, 111.977
Particle 5 new velocities: 41.4781, -4.63743
64.7408, 88.4203
124.576, 91.105
Particle 6 new velocities: 78.5915, 30.4221
54.1719, 84.3222
113.851, 131.882
Particle 7 new velocities: 47.2396, -50.3443
85.0254, 118.372
52.9781, 92.9875
Particle 8 new velocities: 92.1246, 92.454
41.4629, 25.1642
-113.305, 100.721
Particle 9 new velocities: 53.1075, 104.076
86.1462, 142.4
110.643, 148.347
Particle 10 new velocities: 140.57, 335.441
144.126, 247.013
47.7825, 285.021
Particle 11 new velocities: 19.0282, 117.922
20.9489, 26.7095
83.1397, 93.1474
Particle 12 new velocities: 61.4666, 295.576
87.1833, 121.241
91.2783, 165.773
Particle 13 new velocities: 50.8562, 39.1351
102.565, 100.552
99.9654, 103.283
Particle 14 new velocities: 61.9859, -21.3019
90.8109, 50.7161
90.9932, 143.653
Particle 15 new velocities: 134.089, 129.4
229.303, 130.873
249.82, 188.04
Particle 16 new velocities: 108.173, 140.356
87.3347, 79.1661
190.043, 179.879
Particle 17 new velocities: 64.686, -17.2745
104.104, 54.8258
157.51, 124.678
Particle 18 new velocities: 155.903, 96.3302
64.5499, 196.926
279.779, 206.144
Particle 19 new velocities: 48.2046, 35.1841
102.223, 159.06
99.143, 152.407
Particle 20 new velocities: 23.0358, 82.1034
-3.13347, 34.6779
110.014, 67.2652
-- ITERATION 5 --
-------------
Particle: 1:
Relays Coordinates:
101.839, 110.774
107.21, 336.972
83.5987, 244.258
Evaluation Time: 0.0578398 seconds
Resulting Fitness: 0.46655
New local best!
-------------
Particle: 2:
Relays Coordinates:
100.54, 57.863
88.8036, 88.7439
201.907, 183.55
Evaluation Time: 0.0614211 seconds
Resulting Fitness: 0.414652
New local best!
-------------
Particle: 3:
Relays Coordinates:
98.2362, 159.921
96.0602, 55.0386
169.828, 291.714
Evaluation Time: 0.0570398 seconds
Resulting Fitness: 0.492611
New local best!
-------------
Particle: 4:
Relays Coordinates:
70.8981, 129.163
99.2876, 137.966
171.206, 163.184
Evaluation Time: 0.0580269 seconds
Resulting Fitness: 0.379449
-------------
Particle: 5:
Relays Coordinates:
108.821, 48.7448
140.71, 199.17
237.819, 213.749
Evaluation Time: 0.0569467 seconds
Resulting Fitness: 0.507442
-------------
Particle: 6:
Relays Coordinates:
121.236, 80.9296
203.041, 178.153
319.083, 262.112
Evaluation Time: 0.0592987 seconds
Resulting Fitness: 0.535899
New local best!
New global best!
-------------
Particle: 7:
Relays Coordinates:
86.3335, 0
107.492, 160.27
135.947, 138.347
Evaluation Time: 0.0566353 seconds
Resulting Fitness: 0.287299
-------------
Particle: 8:
Relays Coordinates:
121.529, 151.051
139.192, 69.9945
0, 142.606
Evaluation Time: 0.0577302 seconds
Resulting Fitness: 0.3245
-------------
Particle: 9:
Relays Coordinates:
104.198, 113.745
149.716, 185.387
183.611, 162.821
Evaluation Time: 0.0774651 seconds
Resulting Fitness: 0.392313
-------------
Particle: 10:
Relays Coordinates:
74.1538, 164.292
92.4331, 134.617
50.1122, 145.509
Evaluation Time: 0.0782007 seconds
Resulting Fitness: 0.280182
-------------
Particle: 11:
Relays Coordinates:
78.1582, 142.618
97.4032, 114.199
104.171, 172.633
Evaluation Time: 0.0813876 seconds
Resulting Fitness: 0.285535
-------------
Particle: 12:
Relays Coordinates:
63.2971, 176.527
75.1917, 131.582
103.347, 115.349
Evaluation Time: 0.0651534 seconds
Resulting Fitness: 0.268164
-------------
Particle: 13:
Relays Coordinates:
103.291, 113.534
184.905, 225.381
320.769, 234.034
Evaluation Time: 0.0620699 seconds
Resulting Fitness: 0.559851
New local best!
New global best!
-------------
Particle: 14:
Relays Coordinates:
127.696, 71.7696
273.254, 146.598
181.986, 201.149
Evaluation Time: 0.0754429 seconds
Resulting Fitness: 0.506295
New local best!
-------------
Particle: 15:
Relays Coordinates:
96.0618, 117.765
152.554, 128.576
238.774, 177.14
Evaluation Time: 0.0701506 seconds
Resulting Fitness: 0.456357
-------------
Particle: 16:
Relays Coordinates:
93.8599, 107.343
111.1, 100.502
172.021, 139.126
Evaluation Time: 0.0611614 seconds
Resulting Fitness: 0.338112
-------------
Particle: 17:
Relays Coordinates:
108.821, 25.8848
185.864, 150.49
166.918, 193.123
Evaluation Time: 0.0721353 seconds
Resulting Fitness: 0.425662
-------------
Particle: 18:
Relays Coordinates:
105.158, 70.5051
42.1846, 145.572
227.033, 151.571
Evaluation Time: 0.0644187 seconds
Resulting Fitness: 0.430585
New local best!
-------------
Particle: 19:
Relays Coordinates:
111.649, 43.5564
197.438, 167.293
185.729, 196.014
Evaluation Time: 0.0655487 seconds
Resulting Fitness: 0.426108
-------------
Particle: 20:
Relays Coordinates:
85.14, 125.838
91.1829, 170.613
209.963, 172.961
Evaluation Time: 0.0690574 seconds
Resulting Fitness: 0.435324
Current global best fitness: 0.559851
Current global best relays: 103.291, 113.534
184.905, 225.381
320.769, 234.034
Particle 1 new velocities: 45.1041, 21.5658
111.087, 89.98
67.1449, 147.266
Particle 2 new velocities: 99.5951, 47.0167
102.781, 163.177
296.053, 158.827
Particle 3 new velocities: 30.6213, 57.088
107.281, 82.0807
104.81, 190.121
Particle 4 new velocities: 55.5491, 99.1783
83.31, 165.205
122.612, 98.2758
Particle 5 new velocities: 49.7411, 109.767
74.3213, 117.401
196.871, 110.772
Particle 6 new velocities: 44.1975, 33.8728
29.2785, 97.5303
92.8794, 71.3904
Particle 7 new velocities: 83.3565, 214.851
58.6329, 273.411
110.739, 83.5306
Particle 8 new velocities: 73.3767, 43.485
115.847, 49.5954
237.289, 87.782
Particle 9 new velocities: 75.3555, 182.288
176.209, 193.724
69.4625, 66.3515
Particle 10 new velocities: 125.941, 346.667
152.409, 330.624
152.421, 238.978
Particle 11 new velocities: 44.0405, 88.4271
54.8173, 148.9
333.223, 31.34
Particle 12 new velocities: 50.7566, 262.526
147.517, 185.078
177.41, 62.9506
Particle 13 new velocities: 40.6849, 31.3081
82.0519, 80.4415
79.9723, 82.6262
Particle 14 new velocities: 28.5614, 13.3411
39.9623, 94.1548
96.5337, 152.265
Particle 15 new velocities: 111.363, 101.845
166.601, 265.762
353.83, 134.678
Particle 16 new velocities: 144.218, 198.654
114.974, 174.765
291.874, 206.67
Particle 17 new velocities: 50.3078, 139.252
90.8352, 133.958
265.941, 115.623
Particle 18 new velocities: 124.252, 102.14
121.822, 226.789
235.707, 205.471
Particle 19 new velocities: 65.9307, 25.6554
102.373, 127.645
245.318, 112.29
Particle 20 new velocities: 52.4193, 39.1976
26.4036, 163.875
94.0599, 141.761
-- ITERATION 6 --
-------------
Particle: 1:
Relays Coordinates:
86.7686, 78.1451
128.902, 252.111
89.0126, 231.191
Evaluation Time: 0.0832856 seconds
Resulting Fitness: 0.407195
-------------
Particle: 2:
Relays Coordinates:
95.7238, 50.1636
91.6343, 120.493
238.172, 163.758
Evaluation Time: 0.0621928 seconds
Resulting Fitness: 0.430593
New local best!
-------------
Particle: 3:
Relays Coordinates:
61.6321, 103.795
97.2576, 65.5837
131.358, 230.46
Evaluation Time: 0.0646039 seconds
Resulting Fitness: 0.368125
-------------
Particle: 4:
Relays Coordinates:
74.6658, 134.833
107.822, 179.019
173.497, 154.389
Evaluation Time: 0.0614972 seconds
Resulting Fitness: 0.381732
-------------
Particle: 5:
Relays Coordinates:
104.032, 104
141.082, 207.702
285.2, 212.918
Evaluation Time: 0.0605449 seconds
Resulting Fitness: 0.520752
New local best!
-------------
Particle: 6:
Relays Coordinates:
120.601, 83.6909
169.361, 200.973
300.321, 243.123
Evaluation Time: 0.0645658 seconds
Resulting Fitness: 0.538543
New local best!
-------------
Particle: 7:
Relays Coordinates:
90.1802, 114.181
88.2857, 230.476
131.099, 117.915
Evaluation Time: 0.0635379 seconds
Resulting Fitness: 0.34749
-------------
Particle: 8:
Relays Coordinates:
103.581, 103.384
135.539, 63.555
126.105, 122.438
Evaluation Time: 0.0605593 seconds
Resulting Fitness: 0.292701
-------------
Particle: 9:
Relays Coordinates:
77.2919, 127.433
140.3, 163.195
108.94, 98.6511
Evaluation Time: 0.0695067 seconds
Resulting Fitness: 0.289617
-------------
Particle: 10:
Relays Coordinates:
69.7688, 174.339
85.3713, 162.22
70.6189, 134.062
Evaluation Time: 0.0573802 seconds
Resulting Fitness: 0.282753
-------------
Particle: 11:
Relays Coordinates:
64.9414, 122.787
80.8962, 139.822
232.449, 108.4
Evaluation Time: 0.0763603 seconds
Resulting Fitness: 0.37728
-------------
Particle: 12:
Relays Coordinates:
49.0964, 188.998
95.869, 136.312
120.856, 76.7522
Evaluation Time: 0.067565 seconds
Resulting Fitness: 0.291827
-------------
Particle: 13:
Relays Coordinates:
104.958, 105.59
194.612, 222.945
292.14, 230.845
Evaluation Time: 0.0664864 seconds
Resulting Fitness: 0.531049
-------------
Particle: 14:
Relays Coordinates:
102.52, 55.8411
205.501, 157.958
182.737, 231.875
Evaluation Time: 0.0712598 seconds
Resulting Fitness: 0.470582
-------------
Particle: 15:
Relays Coordinates:
99.2107, 105.039
152.651, 188.61
239.148, 149.142
Evaluation Time: 0.0720734 seconds
Resulting Fitness: 0.480921
-------------
Particle: 16:
Relays Coordinates:
102.485, 131.722
97.3179, 118.493
199.691, 148.854
Evaluation Time: 0.0572843 seconds
Resulting Fitness: 0.380494
-------------
Particle: 17:
Relays Coordinates:
104.404, 108.346
181.542, 186.626
283.999, 202.569
Evaluation Time: 0.0591831 seconds
Resulting Fitness: 0.50454
New local best!
-------------
Particle: 18:
Relays Coordinates:
109.726, 82.5757
78.4438, 178.099
221.327, 170.772
Evaluation Time: 0.055308 seconds
Resulting Fitness: 0.453641
New local best!
-------------
Particle: 19:
Relays Coordinates:
104.859, 40.8689
177.036, 174.158
254.529, 182.051
Evaluation Time: 0.060767 seconds
Resulting Fitness: 0.465659
New local best!
-------------
Particle: 20:
Relays Coordinates:
90.2527, 108.28
77.1485, 219.458
199.469, 206.489
Evaluation Time: 0.0543076 seconds
Resulting Fitness: 0.440204
Current global best fitness: 0.559851
Current global best relays: 103.291, 113.534
184.905, 225.381
320.769, 234.034
Particle 1 new velocities: 47.2143, 43.8601
87.535, 41.5794
278.912, 124.689
Particle 2 new velocities: 84.9572, 84.3034
118.296, 224.65
278.685, 133.678
Particle 3 new velocities: 93.0959, 81.1272
161.922, 128.647
330.437, 179.9
Particle 4 new velocities: 58.0034, 121.609
135.396, 156.967
200.095, 157.874
Particle 5 new velocities: 39.6472, 99.9724
77.4647, 109.692
181.149, 104.3
Particle 6 new velocities: 22.7824, 61.9629
29.0863, 109.287
89.9818, 46.804
Particle 7 new velocities: 114.019, 148.709
49.1383, 216.532
4.45144, 218.046
Particle 8 new velocities: 72.4695, 148.258
173.243, 167.811
72.5507, 161.607
Particle 9 new velocities: 112.907, 198.131
224.429, 240.177
44.6863, 109.812
Particle 10 new velocities: 122.334, 235.654
155.079, 372.88
88.0065, 206.747
Particle 11 new velocities: 131.899, 116.623
106.717, 280.454
47.4724, 100.56
Particle 12 new velocities: 62.024, 291.047
115.72, 312.649
228.878, 24.8926
Particle 13 new velocities: 28.8991, 36.3933
50.5976, 69.3032
96.413, 68.1832
Particle 14 new velocities: 48.0975, 104.169
116.632, 79.1241
127.18, 115.413
Particle 15 new velocities: 78.1602, 113.495
160.211, 210.735
105.253, 138.757
Particle 16 new velocities: 150.468, 167.448
115.588, 181.054
287.253, 244.698
Particle 17 new velocities: 39.1418, 114.925
76.2662, 110.546
259.981, 92.9102
Particle 18 new velocities: 97.0023, 121.252
134.253, 197.033
280.763, 236.493
Particle 19 new velocities: 52.0081, 112.665
84.5677, 148.085
264.968, 92.5878
Particle 20 new velocities: 51.3476, 38.1219
152.584, 138.354
191.062, 141.965
-- ITERATION 7 --
-------------
Particle: 1:
Relays Coordinates:
108.526, 98.8242
175.314, 237.889
298.019, 288.262
Evaluation Time: 0.0589221 seconds
Resulting Fitness: 0.554151
New local best!
-------------
Particle: 2:
Relays Coordinates:
86.4192, 64.3152
100.409, 165.081
239.148, 142.263
Evaluation Time: 0.0663278 seconds
Resulting Fitness: 0.435848
New local best!
-------------
Particle: 3:
Relays Coordinates:
74.0059, 88.4476
123.965, 92.8997
220.875, 196.274
Evaluation Time: 0.0584168 seconds
Resulting Fitness: 0.443422
-------------
Particle: 4:
Relays Coordinates:
70.5058, 136.284
129.256, 178.557
198.542, 165.949
Evaluation Time: 0.0618864 seconds
Resulting Fitness: 0.43292
New local best!
-------------
Particle: 5:
Relays Coordinates:
84.8414, 120.443
129.049, 187.418
275.374, 187.314
Evaluation Time: 0.0591666 seconds
Resulting Fitness: 0.507454
-------------
Particle: 6:
Relays Coordinates:
104.526, 106.182
144.668, 226.18
284.531, 211.357
Evaluation Time: 0.0597916 seconds
Resulting Fitness: 0.528679
-------------
Particle: 7:
Relays Coordinates:
87.9012, 113.166
59.1565, 192.422
58.35, 144.62
Evaluation Time: 0.0614362 seconds
Resulting Fitness: 0.264117
-------------
Particle: 8:
Relays Coordinates:
84.2043, 120.36
147.689, 110.662
95.0165, 135.858
Evaluation Time: 0.0726686 seconds
Resulting Fitness: 0.318979
-------------
Particle: 9:
Relays Coordinates:
112.311, 192.242
215.369, 238.187
90.7148, 123.095
Evaluation Time: 0.0642871 seconds
Resulting Fitness: 0.483227
-------------
Particle: 10:
Relays Coordinates:
74.4245, 158.84
93.1552, 193.71
61.4547, 132.036
Evaluation Time: 0.0805934 seconds
Resulting Fitness: 0.285926
-------------
Particle: 11:
Relays Coordinates:
94.1482, 114.509
89.7347, 201.017
133.886, 99.9445
Evaluation Time: 0.0694067 seconds
Resulting Fitness: 0.334885
-------------
Particle: 12:
Relays Coordinates:
43.0503, 185.979
81.974, 173.937
135.494, 39.3793
Evaluation Time: 0.0768681 seconds
Resulting Fitness: 0.314728
-------------
Particle: 13:
Relays Coordinates:
97.5822, 103.506
178.758, 213.049
283.255, 217.992
Evaluation Time: 0.0737858 seconds
Resulting Fitness: 0.521451
-------------
Particle: 14:
Relays Coordinates:
98.8203, 104.983
211.352, 155.549
203.337, 227.856
Evaluation Time: 0.0722481 seconds
Resulting Fitness: 0.499926
-------------
Particle: 15:
Relays Coordinates:
94.2622, 116.138
166.268, 212.228
183.029, 153.001
Evaluation Time: 0.0654841 seconds
Resulting Fitness: 0.428273
-------------
Particle: 16:
Relays Coordinates:
97.9992, 115.904
82.4841, 116.051
188.652, 152.47
Evaluation Time: 0.0616336 seconds
Resulting Fitness: 0.363271
-------------
Particle: 17:
Relays Coordinates:
76.2863, 118.655
137.01, 157.929
265.721, 157.03
Evaluation Time: 0.139783 seconds
Resulting Fitness: 0.499356
-------------
Particle: 18:
Relays Coordinates:
109.864, 108.322
113.036, 199.36
265.721, 216.437
Evaluation Time: 0.0787822 seconds
Resulting Fitness: 0.50125
New local best!
-------------
Particle: 19:
Relays Coordinates:
92.6286, 90.6602
154.474, 190.281
295.245, 162.171
Evaluation Time: 0.0701149 seconds
Resulting Fitness: 0.525341
New local best!
-------------
Particle: 20:
Relays Coordinates:
92.9039, 96.0541
150.728, 234.76
256.227, 228.62
Evaluation Time: 0.0736735 seconds
Resulting Fitness: 0.519306
New local best!
Current global best fitness: 0.559851
Current global best relays: 103.291, 113.534
184.905, 225.381
320.769, 234.034
Particle 1 new velocities: 34.4196, 36.5542
80.4368, 30.5378
226.384, 36.4831
Particle 2 new velocities: 74.5205, 84.2276
113.771, 213.347
6.12455, 205.077
Particle 3 new velocities: 108.439, 136.896
175.194, 111.685
357.287, 227.873
Particle 4 new velocities: 81.9811, 86.7382
125.643, 147.114
299.591, 127.153
Particle 5 new velocities: 80.2136, 68.3781
90.9943, 135.83
208.557, 142.042
Particle 6 new velocities: 33.8605, 18.8462
51.9207, 79.9605
115.791, 76.8037
Particle 7 new velocities: 126.311, 93.7316
122.2, 236.472
197.705, 250.109
Particle 8 new velocities: 162.835, 121.339
180.622, 156.087
166.285, 179.276
Particle 9 new velocities: 146.369, 116.465
152.151, 238.424
193.939, 180.534
Particle 10 new velocities: 99.9229, 361.959
152.617, 34.9836
115.276, 287.986
Particle 11 new velocities: 135.234, 135.119
95.9894, 268.283
147.661, 191.514
Particle 12 new velocities: 58.6449, 301.13
67.2792, 280.775
242.122, 40.7159
Particle 13 new velocities: 32.267, 40.4481
55.2242, 80.4051
171.586, 75.4042
Particle 14 new velocities: 57.0743, 62.0062
156.694, 135.256
165.581, 69.343
Particle 15 new velocities: 69.8523, 97.1511
117.424, 128.465
153.628, 125.546
Particle 16 new velocities: 142.907, 169.012
195.904, 271.161
407.153, 239.212
Particle 17 new velocities: 66.5368, 70.3721
110.612, 117.387
30.2378, 215.862
Particle 18 new velocities: 77.3297, 100.916
143.683, 172.129
23.8228, 201.551
Particle 19 new velocities: 48.5814, 99.3482
94.9773, 157.787
24.1735, 163.63
Particle 20 new velocities: 47.9862, 46.3483
156.832, 98.9788
204.942, 114.207
-- ITERATION 8 --
-------------
Particle: 1:
Relays Coordinates:
84.408, 79.9396
151.018, 158.503
295.245, 191.759
Evaluation Time: 0.0767583 seconds
Resulting Fitness: 0.511291
-------------
Particle: 2:
Relays Coordinates:
105.592, 97.4589
140.523, 248.287
160.924, 227.89
Evaluation Time: 0.0784938 seconds
Resulting Fitness: 0.429823
-------------
Particle: 3:
Relays Coordinates:
87.263, 107.781
143.087, 97.8522
239.148, 202.868
Evaluation Time: 0.0754457 seconds
Resulting Fitness: 0.479733
-------------
Particle: 4:
Relays Coordinates:
81.0378, 118.523
135.464, 173.075
264.728, 155.766
Evaluation Time: 0.0702636 seconds
Resulting Fitness: 0.504147
New local best!
-------------
Particle: 5:
Relays Coordinates:
87.717, 100.348
116.94, 171.787
257.181, 175.033
Evaluation Time: 0.0746219 seconds
Resulting Fitness: 0.480735
-------------
Particle: 6:
Relays Coordinates:
100.884, 91.1453
143.313, 223.176
291.835, 210.069
Evaluation Time: 0.071854 seconds
Resulting Fitness: 0.522877
-------------
Particle: 7:
Relays Coordinates:
102.457, 98.9583
86.7421, 205.138
122.47, 188.798
Evaluation Time: 0.0692138 seconds
Resulting Fitness: 0.329047
-------------
Particle: 8:
Relays Coordinates:
106.342, 104.043
141.327, 114.827
112.482, 135.655
Evaluation Time: 0.0693977 seconds
Resulting Fitness: 0.293787
-------------
Particle: 9:
Relays Coordinates:
90.1959, 107.64
128.146, 166.184
99.2527, 105.869
Evaluation Time: 0.0704648 seconds
Resulting Fitness: 0.286218
-------------
Particle: 10:
Relays Coordinates:
75.0509, 215.234
105.797, 98.4452
76.0769, 180.806
Evaluation Time: 0.0703519 seconds
Resulting Fitness: 0.328699
-------------
Particle: 11:
Relays Coordinates:
98.7415, 107.457
79.9481, 202.018
121.197, 125.463
Evaluation Time: 0.0580539 seconds
Resulting Fitness: 0.290968
-------------
Particle: 12:
Relays Coordinates:
35.4589, 169.844
52.0414, 158.548
131.667, 27.9275
Evaluation Time: 0.0601759 seconds
Resulting Fitness: 0.281154
-------------
Particle: 13:
Relays Coordinates:
85.1941, 94.4481
153.515, 192.535
298.422, 192.497
Evaluation Time: 0.0651646 seconds
Resulting Fitness: 0.540107
-------------
Particle: 14:
Relays Coordinates:
92.0542, 98.6053
217.328, 171.718
217.842, 175.493
Evaluation Time: 0.0606765 seconds
Resulting Fitness: 0.447853
-------------
Particle: 15:
Relays Coordinates:
87.2172, 113.35
150.766, 181.058
178.913, 148.031
Evaluation Time: 0.0712425 seconds
Resulting Fitness: 0.391778
-------------
Particle: 16:
Relays Coordinates:
93.3318, 110.382
107.853, 150.014
193.71, 151.746
Evaluation Time: 0.0637212 seconds
Resulting Fitness: 0.381198
-------------
Particle: 17:
Relays Coordinates:
84.3356, 111.619
146.218, 162.571
174.76, 220.189
Evaluation Time: 0.0536263 seconds
Resulting Fitness: 0.414079
-------------
Particle: 18:
Relays Coordinates:
99.4823, 111.198
136.431, 197.425
153.875, 222.136
Evaluation Time: 0.0575017 seconds
Resulting Fitness: 0.386509
-------------
Particle: 19:
Relays Coordinates:
83.3831, 112.198
147.299, 205.531
188.613, 192.383
Evaluation Time: 0.0580182 seconds
Resulting Fitness: 0.429061
-------------
Particle: 20:
Relays Coordinates:
83.1942, 84.0872
181.611, 197.07
272.316, 202.436
Evaluation Time: 0.0657482 seconds
Resulting Fitness: 0.510601
Current global best fitness: 0.559851
Current global best relays: 103.291, 113.534
184.905, 225.381
320.769, 234.034
Particle 1 new velocities: 55.3915, 75.4214
120.595, 196.848
24.6424, 57.3565
Particle 2 new velocities: 37.1951, 44.0799
73.2741, 72.1245
62.0808, 91.3667
Particle 3 new velocities: 99.8127, 165.724
151.397, 124.478
-40.8046, 286.172
Particle 4 new velocities: 70.4498, 65.6512
123.416, 146.662
279.572, 189.807
Particle 5 new velocities: 72.9071, 72.9914
163.757, 120.276
213.09, 141.439
Particle 6 new velocities: 28.6425, 14.44
124.738, 42.8731
137.236, 114.679
Particle 7 new velocities: 113.32, 86.7003
147.58, 212.146
328.444, 234.719
Particle 8 new velocities: 144.1, 186.143
200.689, 232.399
234.032, 181.623
Particle 9 new velocities: 129.878, 152.892
186.224, 354.168
283.968, 150.073
Particle 10 new velocities: 84.749, 132.977
215.708, 94.7758
125.92, 232.689
Particle 11 new velocities: 116.231, 197.027
120.049, 254.979
-27.8844, 301.754
Particle 12 new velocities: 150.654, 433.491
92.8096, 248.941
109.986, 195.765
Particle 13 new velocities: 62.4668, 52.9602
126.895, 104.909
180.229, 153.79
Particle 14 new velocities: 79.8465, 47.8512
153.455, 116.721
117.404, 164.552
Particle 15 new velocities: 73.2686, 93.0009
63.4763, 113.801
355.613, 207.634
Particle 16 new velocities: 149.655, 197.332
257.98, 205.171
214.773, 225.922
Particle 17 new velocities: 73.0762, 54.9083
180.404, 153.297
104.975, 170.294
Particle 18 new velocities: 79.8392, 79.5871
145.152, 143.479
409.843, 167.649
Particle 19 new velocities: 66.7894, 65.1045
113.043, 125.118
152.12, 136.237
Particle 20 new velocities: 56.0917, 54.6335
87.1324, 118.44
155.137, 161.337
-- ITERATION 9 --
-------------
Particle: 1:
Relays Coordinates:
101.914, 113.258
198.006, 259.051
233.198, 181.605
Evaluation Time: 0.0623195 seconds
Resulting Fitness: 0.540272
-------------
Particle: 2:
Relays Coordinates:
104.092, 103.182
155.858, 233.58
162.57, 232.738
Evaluation Time: 0.0539058 seconds
Resulting Fitness: 0.395191
-------------
Particle: 3:
Relays Coordinates:
80.53, 117.735
126.765, 95.7059
85.3805, 210.516
Evaluation Time: 0.0544629 seconds
Resulting Fitness: 0.33557
-------------
Particle: 4:
Relays Coordinates:
89.4519, 108.753
152.866, 188.801
295.245, 204.057
Evaluation Time: 0.0751677 seconds
Resulting Fitness: 0.519865
New local best!
-------------
Particle: 5:
Relays Coordinates:
94.8469, 102.355
165.749, 172.46
277.69, 186.874
Evaluation Time: 0.0688706 seconds
Resulting Fitness: 0.504877
-------------
Particle: 6:
Relays Coordinates:
94.4249, 76.9717
195.409, 193.95
312.792, 236.742
Evaluation Time: 0.07655 seconds
Resulting Fitness: 0.532051
-------------
Particle: 7:
Relays Coordinates:
114.673, 98.6666
124.528, 221.762
239.635, 225.074
Evaluation Time: 0.0557077 seconds
Resulting Fitness: 0.501621
New local best!
-------------
Particle: 8:
Relays Coordinates:
97.0265, 112.424
132.504, 134.522
134.247, 122.92
Evaluation Time: 0.0705369 seconds
Resulting Fitness: 0.295861
-------------
Particle: 9:
Relays Coordinates:
94.7344, 112.15
135.326, 215.234
164.964, 110.174
Evaluation Time: 0.0845853 seconds
Resulting Fitness: 0.408691
-------------
Particle: 10:
Relays Coordinates:
61.9097, 134.904
124.557, 74.8578
78.2577, 160.196
Evaluation Time: 0.0701066 seconds
Resulting Fitness: 0.290074
-------------
Particle: 11:
Relays Coordinates:
83.2847, 117.963
77.4832, 177.05
36.1511, 165.513
Evaluation Time: 0.0771844 seconds
Resulting Fitness: 0.280249
-------------
Particle: 12:
Relays Coordinates:
80.1157, 215.234
62.3536, 175.411
104.024, 96.2924
Evaluation Time: 0.0704223 seconds
Resulting Fitness: 0.329164
-------------
Particle: 13:
Relays Coordinates:
107.645, 107.461
204.419, 216.837
348.936, 252.443
Evaluation Time: 0.0582924 seconds
Resulting Fitness: 0.561229
New local best!
New global best!
-------------
Particle: 14:
Relays Coordinates:
101.506, 86.4811
218.943, 170.32
197.96, 200.793
Evaluation Time: 0.0801522 seconds
Resulting Fitness: 0.447997
-------------
Particle: 15:
Relays Coordinates:
76.7599, 98.6972
102.471, 141.03
239.148, 170.114
Evaluation Time: 0.0729428 seconds
Resulting Fitness: 0.45451
-------------
Particle: 16:
Relays Coordinates:
94.1382, 119.215
141.731, 137.606
158.255, 146.316
Evaluation Time: 0.0635263 seconds
Resulting Fitness: 0.326103
-------------
Particle: 17:
Relays Coordinates:
103.278, 109.258
214.297, 207.241
183.534, 256.196
Evaluation Time: 0.0536146 seconds
Resulting Fitness: 0.505752
New local best!
-------------
Particle: 18:
Relays Coordinates:
105.888, 112.657
166.272, 201.3
295.245, 230.164
Evaluation Time: 0.0570744 seconds
Resulting Fitness: 0.52286
New local best!
-------------
Particle: 19:
Relays Coordinates:
98.5282, 116.328
170.81, 216.939
223.555, 215.607
Evaluation Time: 0.053799 seconds
Resulting Fitness: 0.501009
-------------
Particle: 20:
Relays Coordinates:
91.3855, 91.0146
176.322, 207.006
280.452, 238.672
Evaluation Time: 0.0627186 seconds
Resulting Fitness: 0.509563
Current global best fitness: 0.561229
Current global best relays: 107.645, 107.461
204.419, 216.837
348.936, 252.443
Particle 1 new velocities: 49.2451, 40.6643
61.775, 109.04
108.368, 231.298
Particle 2 new velocities: 11.7644, 23.4511
11.0684, 16.9707
261.138, 43.9609
Particle 3 new velocities: 104.356, 179.919
150.098, 49.3649
356.68, 324.459
Particle 4 new velocities: 76.2796, 52.2947
158.237, 131.951
58.0833, 152.469
Particle 5 new velocities: 81.1495, 65.2908
143.129, 160.175
175.512, 148.689
Particle 6 new velocities: 65.3747, 49.1862
56.5252, 66.6295
138.098, 102.57
Particle 7 new velocities: 89.2267, 79.7225
135.317, 166.679
397.987, 194.079
Particle 8 new velocities: 175.909, 229.687
229.379, 275.116
-6.55432, 159.608
Particle 9 new velocities: 117.942, 218.347
285.449, 95.7012
274.56, 224.409
Particle 10 new velocities: 116.404, 316.233
194.58, 324.745
284.865, 198.186
Particle 11 new velocities: 156.886, 276.708
209.099, 241.374
226.653, 277.482
Particle 12 new velocities: 100.282, 73.7007
213.485, 209.292
137.556, 262.012
Particle 13 new velocities: 49.9734, 42.3681
101.516, 83.9271
144.183, 123.032
Particle 14 new velocities: 77.7655, 29.977
122.843, 131.114
127.125, 174.949
Particle 15 new velocities: 99.9608, 80.2521
98.823, 210.992
26.8482, 229.897
Particle 16 new velocities: 161.84, 218.723
251.973, 208.996
333.005, 217.17
Particle 17 new velocities: 59.3161, 43.081
137.584, 124.308
262.709, 132.334
Particle 18 new velocities: 65.5324, 56.9835
136.806, 124.852
49.6756, 145.935
Particle 19 new velocities: 44.4844, 44.7011
106.68, 80.2017
276.961, 79.806
Particle 20 new velocities: 57.7139, 68.7205
27.6717, 150.042
139.886, 136.303
-- ITERATION 10 --
-------------
Particle: 1:
Relays Coordinates:
89.2578, 90.8897
153.398, 217.354
201.691, 243.815
Evaluation Time: 0.0609116 seconds
Resulting Fitness: 0.475851
-------------
Particle: 2:
Relays Coordinates:
68.4121, 74.7755
98.5686, 147.948
250.196, 163.388
Evaluation Time: 0.0610908 seconds
Resulting Fitness: 0.457681
New local best!
-------------
Particle: 3:
Relays Coordinates:
79.5872, 128.13
119.181, 62.4482
190.293, 215.234
Evaluation Time: 0.0685705 seconds
Resulting Fitness: 0.418241
-------------
Particle: 4:
Relays Coordinates:
108.736, 105.663
204.114, 210.445
231.819, 233.917
Evaluation Time: 0.0691595 seconds
Resulting Fitness: 0.503792
-------------
Particle: 5:
Relays Coordinates:
103.924, 98.9931
182.389, 196.418
267.612, 198.147
Evaluation Time: 0.0978029 seconds
Resulting Fitness: 0.518513
-------------
Particle: 6:
Relays Coordinates:
104.844, 82.7722
165.294, 170.966
295.829, 222.623
Evaluation Time: 0.0778952 seconds
Resulting Fitness: 0.503905
-------------
Particle: 7:
Relays Coordinates:
108.361, 94.8032
138.093, 206.434
265.721, 222.755
Evaluation Time: 0.0829955 seconds
Resulting Fitness: 0.515636
New local best!
-------------
Particle: 8:
Relays Coordinates:
130.544, 163.631
173.087, 195.929
61.0749, 135.132
Evaluation Time: 0.0818014 seconds
Resulting Fitness: 0.391099
New local best!
-------------
Particle: 9:
Relays Coordinates:
82.3951, 128.041
163.017, 120.462
170.281, 129.624
Evaluation Time: 0.082509 seconds
Resulting Fitness: 0.33405
-------------
Particle: 10:
Relays Coordinates:
55.9568, 141.571
100.149, 125.399
113.952, 112.464
Evaluation Time: 0.0868261 seconds
Resulting Fitness: 0.276962
-------------
Particle: 11:
Relays Coordinates:
75.368, 123.852
89.9325, 131.306
82.4706, 139.017
Evaluation Time: 0.075542 seconds
Resulting Fitness: 0.26476
-------------
Particle: 12:
Relays Coordinates:
77.6555, 124.377
118.74, 165.602
103.992, 154.238
Evaluation Time: 0.0720801 seconds
Resulting Fitness: 0.287976
-------------
Particle: 13:
Relays Coordinates:
103.413, 98.3027
200.724, 197.331
323.535, 246.349
Evaluation Time: 0.0749002 seconds
Resulting Fitness: 0.557847
-------------
Particle: 14:
Relays Coordinates:
105.858, 68.7674
201.821, 177.994
191.959, 221.872
Evaluation Time: 0.0744632 seconds
Resulting Fitness: 0.462108
-------------
Particle: 15:
Relays Coordinates:
104.352, 105.668
118.862, 207.866
157.068, 236.202
Evaluation Time: 0.077321 seconds
Resulting Fitness: 0.393807
-------------
Particle: 16:
Relays Coordinates:
89.254, 117.832
137.276, 120.852
171.292, 126.74
Evaluation Time: 0.0719108 seconds
Resulting Fitness: 0.334642
-------------
Particle: 17:
Relays Coordinates:
96.0101, 89.9549
207.782, 195.777
263.502, 229.423
Evaluation Time: 0.0843602 seconds
Resulting Fitness: 0.490443
-------------
Particle: 18:
Relays Coordinates:
101.222, 100.171
178.964, 192.59
203.672, 222.083
Evaluation Time: 0.0607256 seconds
Resulting Fitness: 0.484047
-------------
Particle: 19:
Relays Coordinates:
93.8305, 105.651
182.062, 194.954
328.05, 193.821
Evaluation Time: 0.0621628 seconds
Resulting Fitness: 0.554807
New local best!
-------------
Particle: 20:
Relays Coordinates:
97.8241, 104.802
133.841, 234.259
275.783, 246.021
Evaluation Time: 0.0603979 seconds
Resulting Fitness: 0.517972
Current global best fitness: 0.561229
Current global best relays: 107.645, 107.461
204.419, 216.837
348.936, 252.443
Particle 1 new velocities: 74.6505, 53.0017
102.022, 87.5317
162.929, 222.256
Particle 2 new velocities: 23.4094, 58.717
72.1701, 31.0092
223.141, 133.248
Particle 3 new velocities: 145.731, 161.946
182.734, 202.968
459.309, 71.3589
Particle 4 new velocities: 31.0747, 43.0216
60.7956, 83.3064
215.797, 116.144
Particle 5 new velocities: 69.7285, 58.6396
99.7412, 138.169
253.342, 173.329
Particle 6 new velocities: 76.4465, 57.6238
63.2897, 116.661
118.361, 97.4232
Particle 7 new velocities: 70.6597, 65.7303
181.127, 139.203
12.1372, 158.156
Particle 8 new velocities: 118.072, 170.05
195.261, 221.873
93.4199, 137.372
Particle 9 new velocities: 164.202, 240.735
248.513, 326.088
213.9, 259.943
Particle 10 new velocities: 112.545, 260.654
264.666, 434.23
202.648, 234.633
Particle 11 new velocities: 173.473, 378.434
168.295, 311.444
439.051, 345.499
Particle 12 new velocities: 87.3042, 364.243
188.665, 186.945
281.716, 109.604
Particle 13 new velocities: 48.6193, 42.8238
86.7283, 76.8263
151.056, 112.183
Particle 14 new velocities: 87.8953, 77.5432
168.167, 103.453
203.719, 132.362
Particle 15 new velocities: 73.0648, 73.349
189.162, 141.55
132.848, 165
Particle 16 new velocities: 173.38, 206.154
187.538, 175.911
537.031, 281.54
Particle 17 new velocities: 56.4583, 80.8182
117.923, 124.271
218.999, 140.884
Particle 18 new velocities: 55.395, 57.1021
120.151, 121.601
174.947, 135.452
Particle 19 new velocities: 40.5453, 37.5788
107.894, 72.706
11.7182, 85.6243
Particle 20 new velocities: 46.9942, 46.1918
105.927, 104.249
106.795, 91.9359
-- ITERATION 11 --
-------------
Particle: 1:
Relays Coordinates:
107.54, 94.4072
167.581, 200.036
239.227, 305.789
Evaluation Time: 0.0609374 seconds
Resulting Fitness: 0.551888
-------------
Particle: 2:
Relays Coordinates:
39.5262, 57.4641
73.4974, 77.035
203.756, 127.692
Evaluation Time: 0.0748664 seconds
Resulting Fitness: 0.347971
-------------
Particle: 3:
Relays Coordinates:
87.2928, 112.381
116.968, 102.828
193.71, 111.032
Evaluation Time: 0.0645324 seconds
Resulting Fitness: 0.338489
-------------
Particle: 4:
Relays Coordinates:
101.922, 108.391
193.119, 214.145
326.312, 255.195
Evaluation Time: 0.0602837 seconds
Resulting Fitness: 0.561853
New local best!
New global best!
-------------
Particle: 5:
Relays Coordinates:
113.934, 103.423
185.106, 219.523
328.05, 243.725
Evaluation Time: 0.0671819 seconds
Resulting Fitness: 0.563374
New local best!
New global best!
-------------
Particle: 6:
Relays Coordinates:
118.945, 92.1138
149.974, 188.712
271.75, 209.982
Evaluation Time: 0.0539757 seconds
Resulting Fitness: 0.523831
-------------
Particle: 7:
Relays Coordinates:
105.71, 94.7934
188.496, 204.095
164.072, 224.924
Evaluation Time: 0.0547062 seconds
Resulting Fitness: 0.430971
-------------
Particle: 8:
Relays Coordinates:
118.912, 159.598
176.18, 199.833
73.8943, 130.338
Evaluation Time: 0.0614177 seconds
Resulting Fitness: 0.39074
-------------
Particle: 9:
Relays Coordinates:
85.9832, 128.584
143.492, 155.702
133.955, 135.834
Evaluation Time: 0.0616873 seconds
Resulting Fitness: 0.297917
-------------
Particle: 10:
Relays Coordinates:
58.7528, 140.247
127.203, 174.339
110.391, 121.025
Evaluation Time: 0.0614351 seconds
Resulting Fitness: 0.292681
-------------
Particle: 11:
Relays Coordinates:
70.2802, 141.215
72.9312, 125.046
141.215, 136.842
Evaluation Time: 0.0555687 seconds
Resulting Fitness: 0.324174
-------------
Particle: 12:
Relays Coordinates:
51.7661, 153.334
96.4668, 110.633
121.039, 82.7966
Evaluation Time: 0.0534304 seconds
Resulting Fitness: 0.274995
-------------
Particle: 13:
Relays Coordinates:
110.832, 102.881
209.553, 199.861
345.977, 261.37
Evaluation Time: 0.0533936 seconds
Resulting Fitness: 0.558129
-------------
Particle: 14:
Relays Coordinates:
114.409, 86.3949
218.475, 166.192
233.644, 209.172
Evaluation Time: 0.0551104 seconds
Resulting Fitness: 0.471962
-------------
Particle: 15:
Relays Coordinates:
104.763, 105.708
181.885, 206.326
171.193, 236.906
Evaluation Time: 0.0518385 seconds
Resulting Fitness: 0.448745
-------------
Particle: 16:
Relays Coordinates:
91.575, 112.967
113.256, 103.475
174.339, 142.359
Evaluation Time: 0.0555975 seconds
Resulting Fitness: 0.339452
-------------
Particle: 17:
Relays Coordinates:
100.035, 112.044
213.695, 209.983
316.569, 242.958
Evaluation Time: 0.0599579 seconds
Resulting Fitness: 0.555875
New local best!
-------------
Particle: 18:
Relays Coordinates:
102.756, 103.187
196.25, 206.14
248.412, 234.579
Evaluation Time: 0.0568248 seconds
Resulting Fitness: 0.506399
-------------
Particle: 19:
Relays Coordinates:
97.96, 104.415
211.377, 195.124
247.691, 203.715
Evaluation Time: 0.063633 seconds
Resulting Fitness: 0.474618
-------------
Particle: 20:
Relays Coordinates:
105.573, 110.075
174.79, 246.772
278.899, 246.37
Evaluation Time: 0.0650434 seconds
Resulting Fitness: 0.531134
New local best!
Current global best fitness: 0.563374
Current global best relays: 113.934, 103.423
185.106, 219.523
328.05, 243.725
Particle 1 new velocities: 62.0287, 58.0487
108.336, 92.2718
257.155, 152.666
Particle 2 new velocities: 137.274, 115.004
205.066, 256.527
236.727, 256.357
Particle 3 new velocities: 156.394, 158.498
211.183, 199.505
73.9877, 322.531
Particle 4 new velocities: 34.6001, 29.8545
40.4428, 69.1025
174.204, 81.4616
Particle 5 new velocities: 55.7828, 46.9117
79.793, 110.535
0, 138.663
Particle 6 new velocities: 58.185, 46.9824
62.8044, 128.195
183.727, 149.891
Particle 7 new velocities: 61.9444, 59.1712
108.719, 117.603
355.878, 138.374
Particle 8 new velocities: 105.717, 72.2248
159.556, 187.787
117.899, 238.527
Particle 9 new velocities: 186.134, 342.224
238.116, 434.097
137.909, 215.57
Particle 10 new velocities: 120.444, 430.147
248.02, 64.8437
161.087, 233.27
Particle 11 new velocities: 168.438, 65.1523
174.475, 423.323
-116.905, 348.805
Particle 12 new velocities: 105.528, 525.86
225.755, 201.419
306.463, 170.619
Particle 13 new velocities: 36.9123, 37.5679
50.3801, 102.485
121.968, 76.7812
Particle 14 new velocities: 75.2152, 67.1532
209.812, 120.708
150.814, 111.677
Particle 15 new velocities: 60.6785, 70.1403
61.4666, 69.3261
413.364, 76.805
Particle 16 new velocities: 174.186, 222.317
190.959, 195.446
209.548, 314.009
Particle 17 new velocities: 50.8907, 53.9551
71.4571, 105.91
181.278, 113.28
Particle 18 new velocities: 55.1427, 54.6155
62.4687, 98.4555
264.912, 113.545
Particle 19 new velocities: 38.4576, 29.4268
53.7051, 72.8063
87.477, 64.8609
Particle 20 new velocities: 42.0448, 32.4411
92.5251, 65.435
88.6244, 70.6435
-- ITERATION 12 --
-------------
Particle: 1:
Relays Coordinates:
90.1159, 81.0213
146.634, 155.344
263.798, 243.642
Evaluation Time: 0.0629773 seconds
Resulting Fitness: 0.510197
-------------
Particle: 2:
Relays Coordinates:
104.399, 101.841
164.489, 196.965
260.1, 226.777
Evaluation Time: 0.0689287 seconds
Resulting Fitness: 0.517239
New local best!
-------------
Particle: 3:
Relays Coordinates:
94.4091, 104.944
127.132, 117.13
103.712, 167.971
Evaluation Time: 0.0700092 seconds
Resulting Fitness: 0.293374
-------------
Particle: 4:
Relays Coordinates:
72.5536, 73.4696
124.124, 150.529
265.721, 178.913
Evaluation Time: 0.0716151 seconds
Resulting Fitness: 0.48213
-------------
Particle: 5:
Relays Coordinates:
111.351, 98.6345
173.8, 216.551
215.234, 250.885
Evaluation Time: 0.0560354 seconds
Resulting Fitness: 0.494345
-------------
Particle: 6:
Relays Coordinates:
104.593, 82.1349
125.643, 187.13
268.955, 212.502
Evaluation Time: 0.0574556 seconds
Resulting Fitness: 0.503088
-------------
Particle: 7:
Relays Coordinates:
109.998, 101.016
195.003, 211.066
328.05, 238.36
Evaluation Time: 0.0585426 seconds
Resulting Fitness: 0.556239
New local best!
-------------
Particle: 8:
Relays Coordinates:
107.439, 110.88
160.581, 185.398
91.7341, 176.427
Evaluation Time: 0.0642972 seconds
Resulting Fitness: 0.360796
-------------
Particle: 9:
Relays Coordinates:
94.8814, 164.161
133.058, 174.339
94.7934, 122.527
Evaluation Time: 0.0663255 seconds
Resulting Fitness: 0.325375
-------------
Particle: 10:
Relays Coordinates:
56.2339, 156.905
117.749, 75.0581
85.1927, 111.182
Evaluation Time: 0.0682135 seconds
Resulting Fitness: 0.275976
-------------
Particle: 11:
Relays Coordinates:
114.178, 98.7047
118.334, 239.148
11.6273, 232.283
Evaluation Time: 0.0576653 seconds
Resulting Fitness: 0.383236
-------------
Particle: 12:
Relays Coordinates:
49.3605, 156.905
101.117, 97.9251
134.155, 79.5245
Evaluation Time: 0.0570047 seconds
Resulting Fitness: 0.291576
-------------
Particle: 13:
Relays Coordinates:
107.705, 102.387
189.491, 220.41
341.132, 246.513
Evaluation Time: 0.0641916 seconds
Resulting Fitness: 0.55909
-------------
Particle: 14:
Relays Coordinates:
111.971, 90.6686
252.899, 169.411
227.019, 189.458
Evaluation Time: 0.0584459 seconds
Resulting Fitness: 0.464294
-------------
Particle: 15:
Relays Coordinates:
97.6914, 103.836
143.697, 162.77
295.245, 185.243
Evaluation Time: 0.0544715 seconds
Resulting Fitness: 0.516865
New local best!
-------------
Particle: 16:
Relays Coordinates:
92.6652, 116.906
106.073, 104.227
133.853, 159.126
Evaluation Time: 0.0549294 seconds
Resulting Fitness: 0.288512
-------------
Particle: 17:
Relays Coordinates:
99.022, 108.912
187.088, 207.258
326.637, 233.728
Evaluation Time: 0.0649748 seconds
Resulting Fitness: 0.558449
New local best!
-------------
Particle: 18:
Relays Coordinates:
93.2377, 93.1807
152.771, 179.861
295.245, 205.563
Evaluation Time: 0.068979 seconds
Resulting Fitness: 0.513462
-------------
Particle: 19:
Relays Coordinates:
110.498, 108.412
214.717, 217.024
271.486, 217.547
Evaluation Time: 0.0549316 seconds
Resulting Fitness: 0.504235
-------------
Particle: 20:
Relays Coordinates:
107.613, 103.894
194.873, 227.599
267.925, 231.103
Evaluation Time: 0.0596914 seconds
Resulting Fitness: 0.520937
Current global best fitness: 0.563374
Current global best relays: 113.934, 103.423
185.106, 219.523
328.05, 243.725
Particle 1 new velocities: 106.859, 83.8062
156.634, 193.979
280.413, 167.028
Particle 2 new velocities: 119.753, 92.2228
176.205, 214.369
230.637, 218.761
Particle 3 new velocities: 134.439, 216.97
167.39, 154.979
292.868, 529.333
Particle 4 new velocities: 75.492, 99.4711
57.8506, 88.1865
180.175, 188.182
Particle 5 new velocities: 48.7788, 49.8518
81.3262, 92.9221
73.329, 102.96
Particle 6 new velocities: 76.6678, 51.7638
82.7718, 155.085
216.173, 163.179
Particle 7 new velocities: 50.0822, 48.1545
79.9878, 99.196
0, 114.723
Particle 8 new velocities: 103.959, 50.4168
162.556, 162.489
353.985, 190.703
Particle 9 new velocities: 212.393, 283.899
303.754, 64.2258
314.95, 216.929
Particle 10 new velocities: 144.912, 49.5969
195.263, 324.442
302.907, 256.599
Particle 11 new velocities: 139.553, 162.004
179.494, -18.7252
-29.3512, 196.4
Particle 12 new velocities: 116.198, 48.9114
163.255, 337.088
229.897, 164.323
Particle 13 new velocities: 35.3415, 37.3229
53.7421, 80.9764
91.9602, 62.6434
Particle 14 new velocities: 61.8236, 33.3901
188.722, 147.682
109.664, 129.859
Particle 15 new velocities: 66.6786, 55.6612
50.8311, 63.6951
23.9065, 132.416
Particle 16 new velocities: 166.643, 267.338
187.035, 226.892
345.584, 279.774
Particle 17 new velocities: 52.6601, 42.1194
54.8446, 96.5943
145.283, 91.6676
Particle 18 new velocities: 59.8943, 50.604
73.9554, 134.875
1.54377, 130.319
Particle 19 new velocities: 16.602, 18.5811
-27.4403, 47.117
177.209, 72.8364
Particle 20 new velocities: 35.2741, 34.6279
53.7419, 66.7384
146.335, 87.431
-- ITERATION 13 --
-------------
Particle: 1:
Relays Coordinates:
116.312, 97.329
179.077, 206.272
295.245, 242.496
Evaluation Time: 0.0596076 seconds
Resulting Fitness: 0.526068
-------------
Particle: 2:
Relays Coordinates:
107.211, 92.8199
162.953, 196.74
234.718, 213.1
Evaluation Time: 0.0634259 seconds
Resulting Fitness: 0.502932
-------------
Particle: 3:
Relays Coordinates:
88.6604, 124.716
114.104, 105.421
153.643, 193.71
Evaluation Time: 0.0670335 seconds
Resulting Fitness: 0.380332
-------------
Particle: 4:
Relays Coordinates:
70.8098, 82.717
87.0381, 114.177
213.271, 175.58
Evaluation Time: 0.0774038 seconds
Resulting Fitness: 0.41818
-------------
Particle: 5:
Relays Coordinates:
105.061, 97.4218
167.388, 203.045
189.326, 232.158
Evaluation Time: 0.0648466 seconds
Resulting Fitness: 0.463825
-------------
Particle: 6:
Relays Coordinates:
96.3297, 71.1593
110.76, 181.868
257.817, 199.652
Evaluation Time: 0.0686201 seconds
Resulting Fitness: 0.498229
-------------
Particle: 7:
Relays Coordinates:
105.029, 97.8709
180.422, 203.563
215.234, 231.657
Evaluation Time: 0.0748745 seconds
Resulting Fitness: 0.490219
-------------
Particle: 8:
Relays Coordinates:
112.345, 85.7199
171.729, 184.881
236.873, 195.108
Evaluation Time: 0.0757584 seconds
Resulting Fitness: 0.500591
New local best!
-------------
Particle: 9:
Relays Coordinates:
86.7834, 126.545
123.369, 67.3778
115.724, 95.8724
Evaluation Time: 0.0738321 seconds
Resulting Fitness: 0.26704
-------------
Particle: 10:
Relays Coordinates:
106.897, 109.744
166.347, 212.311
206.252, 195.454
Evaluation Time: 0.0806817 seconds
Resulting Fitness: 0.445155
New local best!
-------------
Particle: 11:
Relays Coordinates:
98.3004, 101.004
115.384, 85.3965
0, 166.081
Evaluation Time: 0.0814274 seconds
Resulting Fitness: 0.265582
-------------
Particle: 12:
Relays Coordinates:
87.9844, 109.379
140.498, 231.184
193.472, 129.591
Evaluation Time: 0.0639994 seconds
Resulting Fitness: 0.459346
New local best!
-------------
Particle: 13:
Relays Coordinates:
104.281, 101.849
177.317, 219.711
315.724, 225.375
Evaluation Time: 0.0712143 seconds
Resulting Fitness: 0.551468
-------------
Particle: 14:
Relays Coordinates:
102.624, 73.2554
260.773, 187.241
198.808, 188.554
Evaluation Time: 0.0759985 seconds
Resulting Fitness: 0.489583
-------------
Particle: 15:
Relays Coordinates:
107.843, 104.646
127.63, 148.584
209.395, 208.416
Evaluation Time: 0.0749435 seconds
Resulting Fitness: 0.436869
-------------
Particle: 16:
Relays Coordinates:
90.415, 133.978
102.201, 115.454
167.17, 153.035
Evaluation Time: 0.0654032 seconds
Resulting Fitness: 0.356654
-------------
Particle: 17:
Relays Coordinates:
99.5186, 99.0919
158.732, 199.357
309.627, 213.492
Evaluation Time: 0.0744563 seconds
Resulting Fitness: 0.545092
-------------
Particle: 18:
Relays Coordinates:
111.633, 104.819
165.283, 229.443
216.359, 244.858
Evaluation Time: 0.0634954 seconds
Resulting Fitness: 0.494051
-------------
Particle: 19:
Relays Coordinates:
67.5463, 67.4892
99.5264, 140.375
238.455, 154.322
Evaluation Time: 0.0581666 seconds
Resulting Fitness: 0.435731
-------------
Particle: 20:
Relays Coordinates:
104.165, 100.982
181.24, 214.572
301.996, 232.211
Evaluation Time: 0.0927502 seconds
Resulting Fitness: 0.528381
Current global best fitness: 0.563374
Current global best relays: 113.934, 103.423
185.106, 219.523
328.05, 243.725
Particle 1 new velocities: 71.4241, 71.0992
119.396, 205.941
36.1853, 137.577
Particle 2 new velocities: 93.2763, 94.9199
151.013, 195.092
285.984, 200.066
Particle 3 new velocities: 141.003, 181.808
215.255, 166.238
295.725, 103.913
Particle 4 new velocities: 76.4312, 123.717
181.639, 348.289
295.407, 237.672
Particle 5 new velocities: 63.6828, 42.9666
94.4685, 100.224
245.575, 99.9402
Particle 6 new velocities: 78.2435, 78.0301
147.051, 134.696
183.626, 158.512
Particle 7 new velocities: 44.0233, 41.9268
82.2742, 95.6681
244.436, 104.914
Particle 8 new velocities: 85.2281, 50.5589
134.327, 155.607
350.46, 165.199
Particle 9 new velocities: 320.403, 288.018
328.349, 225.899
272.036, 189.19
Particle 10 new velocities: 117.133, 38.7505
173.324, 267.181
261.919, 207.258
Particle 11 new velocities: 130.61, 206.318
176.843, 150.365
400.87, 166.371
Particle 12 new velocities: 126.329, 39.012
159.347, 263.093
348.77, 173.546
Particle 13 new velocities: 43.9533, 38.1757
87.6798, 61.637
121.452, 55.7111
Particle 14 new velocities: 67.7465, 52.5198
122.944, 102.631
124.381, 169.763
Particle 15 new velocities: 48.2336, 42.4895
114.469, 79.4586
219.91, 85.1157
Particle 16 new velocities: 146.154, 215.798
215.875, 211.484
529.973, 322.055
Particle 17 new velocities: 42.1361, 44.4129
115.424, 99.1235
149.581, 111.425
Particle 18 new velocities: 46.6887, 43.1248
79.2686, 69.2721
218.1, 79.9964
Particle 19 new velocities: 89.6313, 39.3632
139.641, 189.045
323.84, 196.703
Particle 20 new velocities: 32.565, 30.4439
37.7265, 77.1018
136.081, 86.7259
-- ITERATION 14 --
-------------
Particle: 1:
Relays Coordinates:
110.856, 99.4552
176.245, 243.408
195.706, 224.43
Evaluation Time: 0.0637959 seconds
Resulting Fitness: 0.485398
-------------
Particle: 2:
Relays Coordinates:
106.547, 99.7726
166.854, 208.236
265.721, 219.573
Evaluation Time: 0.0547638 seconds
Resulting Fitness: 0.5163
-------------
Particle: 3:
Relays Coordinates:
88.9762, 118.754
127.6, 105.246
174.094, 115.305
Evaluation Time: 0.0653503 seconds
Resulting Fitness: 0.330037
-------------
Particle: 4:
Relays Coordinates:
78.2499, 109.707
142.786, 245.773
265.721, 219.619
Evaluation Time: 0.0636756 seconds
Resulting Fitness: 0.537561
-------------
Particle: 5:
Relays Coordinates:
110.713, 92.1089
171.804, 198.975
285.339, 217.89
Evaluation Time: 0.0613757 seconds
Resulting Fitness: 0.520628
-------------
Particle: 6:
Relays Coordinates:
114.537, 97.8832
169.15, 207.697
289.63, 234.991
Evaluation Time: 0.0549496 seconds
Resulting Fitness: 0.518541
-------------
Particle: 7:
Relays Coordinates:
108.659, 101.913
191.505, 218.14
335.099, 245.36
Evaluation Time: 0.0559464 seconds
Resulting Fitness: 0.55856
New local best!
-------------
Particle: 8:
Relays Coordinates:
116.665, 80.4713
180.722, 201.055
295.245, 212.757
Evaluation Time: 0.0664179 seconds
Resulting Fitness: 0.530979
New local best!
-------------
Particle: 9:
Relays Coordinates:
127.78, 130.094
141.754, 92.0335
121.683, 89.4556
Evaluation Time: 0.067335 seconds
Resulting Fitness: 0.293427
-------------
Particle: 10:
Relays Coordinates:
96.4376, 63.9219
146.217, 206.405
201.533, 173.354
Evaluation Time: 0.0745149 seconds
Resulting Fitness: 0.456592
New local best!
-------------
Particle: 11:
Relays Coordinates:
88.6845, 119.063
113.215, 91.339
155.305, 128.799
Evaluation Time: 0.066194 seconds
Resulting Fitness: 0.324941
-------------
Particle: 12:
Relays Coordinates:
92.2549, 63.8776
129.073, 212.77
215.234, 130.49
Evaluation Time: 0.0563718 seconds
Resulting Fitness: 0.426189
-------------
Particle: 13:
Relays Coordinates:
108.063, 102.078
193.183, 205.103
318.702, 204.912
Evaluation Time: 0.059071 seconds
Resulting Fitness: 0.550492
-------------
Particle: 14:
Relays Coordinates:
90.5419, 66.8421
203.923, 154.05
171.756, 190.424
Evaluation Time: 0.0583495 seconds
Resulting Fitness: 0.454935
-------------
Particle: 15:
Relays Coordinates:
102.402, 96.5359
158.841, 149.619
281.667, 192.586
Evaluation Time: 0.0735564 seconds
Resulting Fitness: 0.485839
-------------
Particle: 16:
Relays Coordinates:
82.4866, 121.959
110.906, 113.996
174.339, 165.653
Evaluation Time: 0.0722232 seconds
Resulting Fitness: 0.380113
-------------
Particle: 17:
Relays Coordinates:
103.266, 104.615
199.86, 217.592
334.762, 236.864
Evaluation Time: 0.0567683 seconds
Resulting Fitness: 0.558221
-------------
Particle: 18:
Relays Coordinates:
103.875, 97.066
160.451, 195.987
285.049, 213.137
Evaluation Time: 0.055613 seconds
Resulting Fitness: 0.520459
-------------
Particle: 19:
Relays Coordinates:
92.8118, 63.0953
141.226, 194.519
295.245, 207.276
Evaluation Time: 0.0542653 seconds
Resulting Fitness: 0.522609
-------------
Particle: 20:
Relays Coordinates:
89.7084, 86.2288
143.664, 191.367
287.422, 209.255
Evaluation Time: 0.0573423 seconds
Resulting Fitness: 0.521827
Current global best fitness: 0.563374
Current global best relays: 113.934, 103.423
185.106, 219.523
328.05, 243.725
Particle 1 new velocities: 56.4, 59.5915
99.1003, 152.603
365.178, 152.231
Particle 2 new velocities: 77.9245, 79.4528
118.564, 139.239
15.4677, 189.601
Particle 3 new velocities: 127.447, 203.161
141.065, 225.792
412.715, 178.755
Particle 4 new velocities: 132.636, 95.2543
214.764, 273.557
133.433, 260.186
Particle 5 new velocities: 53.6546, 39.4366
101.089, 109.749
293.698, 131.674
Particle 6 new velocities: 71.7522, 58.3622
126.505, 102.58
193.8, 138.109
Particle 7 new velocities: 41.6641, 33.9117
57.7755, 78.1677
186.439, 82.8161
Particle 8 new velocities: 67.4906, 50.5385
109.356, 136.917
16.7305, 137.698
Particle 9 new velocities: 276.118, 272.101
393.231, 349.082
240.81, 307.07
Particle 10 new velocities: 96.2894, 41.3227
187.074, 221.775
258.977, 256.278
Particle 11 new velocities: 168.162, 260.214
160.375, 363.746
301.83, 227.564
Particle 12 new velocities: 115.426, 129.295
205.745, 221.711
83.4105, 230.215
Particle 13 new velocities: 37.9312, 34.6984
68.6241, 57.9962
112.818, 139.805
Particle 14 new velocities: 117.514, 84.1388
135.023, 143.059
254.324, 194.397
Particle 15 new velocities: 32.3866, 48.443
103.31, 96.2613
247.89, 117.53
Particle 16 new velocities: 148.7, 228.579
267.959, 262.672
116.337, 325.406
Particle 17 new velocities: 38.4565, 36.1663
78.5866, 69.9749
108.284, 88.1074
Particle 18 new velocities: 49.1572, 50.4383
71.6369, 70.2843
193.948, 113.768
Particle 19 new velocities: 73.431, 93.315
217.803, 169.668
75.462, 140.703
Particle 20 new velocities: 55.3031, 69.0534
57.0387, 114.676
129.369, 136.686
-- ITERATION 15 --
-------------
Particle: 1:
Relays Coordinates:
98.7631, 93.9155
162.589, 233.841
295.245, 222.414
Evaluation Time: 0.0577449 seconds
Resulting Fitness: 0.529507
-------------
Particle: 2:
Relays Coordinates:
108.929, 105.831
168.536, 205.18
166.039, 241.613
Evaluation Time: 0.0606889 seconds
Resulting Fitness: 0.445207
-------------
Particle: 3:
Relays Coordinates:
83.8467, 124.716
104.086, 128.251
193.71, 113.925
Evaluation Time: 0.0539425 seconds
Resulting Fitness: 0.338841
-------------
Particle: 4:
Relays Coordinates:
90.7795, 88.2293
153.914, 215.234
171.823, 206.541
Evaluation Time: 0.0644323 seconds
Resulting Fitness: 0.392391
-------------
Particle: 5:
Relays Coordinates:
107.842, 86.307
179.045, 202.554
328.05, 229.349
Evaluation Time: 0.0573437 seconds
Resulting Fitness: 0.555888
-------------
Particle: 6:
Relays Coordinates:
110.002, 92.2613
174.582, 183.215
285.461, 220.312
Evaluation Time: 0.0572668 seconds
Resulting Fitness: 0.509908
-------------
Particle: 7:
Relays Coordinates:
88.7642, 80.2028
147.198, 174.966
295.245, 193.785
Evaluation Time: 0.0602971 seconds
Resulting Fitness: 0.529569
-------------
Particle: 8:
Relays Coordinates:
120.825, 85.9555
190.321, 221.744
204.687, 229.934
Evaluation Time: 0.0654145 seconds
Resulting Fitness: 0.484808
-------------
Particle: 9:
Relays Coordinates:
114.073, 113.592
141.215, 124.584
102.379, 111.991
Evaluation Time: 0.0576237 seconds
Resulting Fitness: 0.293626
-------------
Particle: 10:
Relays Coordinates:
82.9626, 45.3044
143.471, 184.318
198.234, 184.942
Evaluation Time: 0.0544863 seconds
Resulting Fitness: 0.425341
-------------
Particle: 11:
Relays Coordinates:
80.601, 119.021
85.8556, 142.81
143.454, 111.831
Evaluation Time: 0.0568633 seconds
Resulting Fitness: 0.318107
-------------
Particle: 12:
Relays Coordinates:
110.37, 102.66
177.936, 230.901
158.712, 191.694
Evaluation Time: 0.0585017 seconds
Resulting Fitness: 0.428215
-------------
Particle: 13:
Relays Coordinates:
106.43, 99.7099
190.857, 191.799
314.578, 251.298
Evaluation Time: 0.05394 seconds
Resulting Fitness: 0.543722
-------------
Particle: 14:
Relays Coordinates:
122.855, 89.1527
200.144, 175.44
251.596, 227.233
Evaluation Time: 0.0550332 seconds
Resulting Fitness: 0.502784
-------------
Particle: 15:
Relays Coordinates:
79.5913, 85.6086
154.797, 145.19
295.245, 183.12
Evaluation Time: 0.0544794 seconds
Resulting Fitness: 0.502623
-------------
Particle: 16:
Relays Coordinates:
80.6096, 122.225
132.102, 131.336
101.352, 171.222
Evaluation Time: 0.0643576 seconds
Resulting Fitness: 0.288553
-------------
Particle: 17:
Relays Coordinates:
103.316, 102.63
202.988, 209.637
322.981, 236.904
Evaluation Time: 0.0631088 seconds
Resulting Fitness: 0.554293
-------------
Particle: 18:
Relays Coordinates:
90.364, 87.0998
137.045, 157.23
282.843, 193.034
Evaluation Time: 0.0648436 seconds
Resulting Fitness: 0.499585
-------------
Particle: 19:
Relays Coordinates:
88.3483, 83.1228
190.803, 193.544
197.009, 184.931
Evaluation Time: 0.0630182 seconds
Resulting Fitness: 0.426865
-------------
Particle: 20:
Relays Coordinates:
95.142, 101.881
131.681, 200.795
273.457, 226.972
Evaluation Time: 0.0612127 seconds
Resulting Fitness: 0.518823
Current global best fitness: 0.563374
Current global best relays: 113.934, 103.423
185.106, 219.523
328.05, 243.725
Particle 1 new velocities: 66.6853, 58.959
120.875, 114.406
37.7384, 223.187
Particle 2 new velocities: 60.9245, 60.4085
104.92, 116.03
276.703, 140.327
Particle 3 new velocities: 133.944, 188.176
217.727, 218.904
40.8334, 308.625
Particle 4 new velocities: 117.019, 101.703
257.584, 4.11452
280.276, 210.949
Particle 5 new velocities: 52.2022, 45.0918
97.1679, 126.975
0, 144.695
Particle 6 new velocities: 77.4612, 48.2223
106.416, 126.933
207.632, 151.684
Particle 7 new velocities: 59.8291, 44.0015
120.911, 71.5046
76.145, 134.394
Particle 8 new velocities: 49.1083, 57.9282
68.1849, 80.9979
192.167, 106.34
Particle 9 new velocities: 226.967, 237.01
101.173, 441.615
239.106, 291.581
Particle 10 new velocities: 117.326, 71.2507
173.094, 225.82
341.917, 268.445
Particle 11 new velocities: 194.473, 252.129
243.722, 376.569
473.515, 290.678
Particle 12 new velocities: 57.1245, 111.742
154.408, 177.508
100.891, 131.013
Particle 13 new velocities: 39.7768, 34.9497
56.14, 113.238
116.727, 112.989
Particle 14 new velocities: 95.4139, 51.3227
191.15, 123.446
138.266, 117.144
Particle 15 new velocities: 81.6613, 64.6344
105.165, 120.319
33.4689, 160.426
Particle 16 new velocities: 203.528, 199.101
262.356, 210.822
582.601, 344.107
Particle 17 new velocities: 37.6612, 35.5771
27.5495, 65.9397
92.0383, 69.1452
Particle 18 new velocities: 73.3427, 70.4717
129.719, 106.903
196.51, 156.686
Particle 19 new velocities: 89.1927, 106.351
154.214, 140.879
210.779, 197.182
Particle 20 new velocities: 79.425, 66.2766
118.556, 150.559
155.568, 124.077
-- ITERATION 16 --
-------------
Particle: 1:
Relays Coordinates:
108.551, 100.301
185.981, 228.485
218.47, 292.359
Evaluation Time: 0.0682884 seconds
Resulting Fitness: 0.530002
-------------
Particle: 2:
Relays Coordinates:
100.297, 98.1626
161.473, 189.672
261.435, 225.532
Evaluation Time: 0.0607659 seconds
Resulting Fitness: 0.517321
New local best!
-------------
Particle: 3:
Relays Coordinates:
84.3767, 121.221
124.677, 134.495
90.867, 163.704
Evaluation Time: 0.0602204 seconds
Resulting Fitness: 0.283726
-------------
Particle: 4:
Relays Coordinates:
110.433, 100.938
218.687, 116.571
240.264, 221.871
Evaluation Time: 0.0640346 seconds
Resulting Fitness: 0.51736
-------------
Particle: 5:
Relays Coordinates:
105.005, 86.2108
181.224, 216.204
215.234, 245.41
Evaluation Time: 0.0642783 seconds
Resulting Fitness: 0.491389
-------------
Particle: 6:
Relays Coordinates:
122.995, 92.1713
184.363, 203.488
323.518, 244.066
Evaluation Time: 0.0562257 seconds
Resulting Fitness: 0.557709
New local best!
-------------
Particle: 7:
Relays Coordinates:
108.325, 90.545
195.451, 179.677
270.743, 239.242
Evaluation Time: 0.0607967 seconds
Resulting Fitness: 0.505552
-------------
Particle: 8:
Relays Coordinates:
111.493, 94.4021
169.606, 198.629
260.376, 220.629
Evaluation Time: 0.058416 seconds
Resulting Fitness: 0.516731
-------------
Particle: 9:
Relays Coordinates:
107.022, 110.023
76.0638, 156.905
107.162, 126.645
Evaluation Time: 0.0573493 seconds
Resulting Fitness: 0.279247
-------------
Particle: 10:
Relays Coordinates:
95.7976, 55.7479
151.412, 196.168
239.148, 216.854
Evaluation Time: 0.0543728 seconds
Resulting Fitness: 0.509516
New local best!
-------------
Particle: 11:
Relays Coordinates:
86.321, 116.471
103.425, 156.905
156.905, 126.311
Evaluation Time: 0.0691334 seconds
Resulting Fitness: 0.329555
-------------
Particle: 12:
Relays Coordinates:
89.0135, 113.942
176.621, 217.045
137.963, 171.5
Evaluation Time: 0.0557987 seconds
Resulting Fitness: 0.391387
-------------
Particle: 13:
Relays Coordinates:
106.585, 98.1668
180.061, 222.372
314.421, 265.566
Evaluation Time: 0.0650963 seconds
Resulting Fitness: 0.554794
-------------
Particle: 14:
Relays Coordinates:
128.886, 82.9493
231.055, 176.489
230.21, 203.351
Evaluation Time: 0.0604974 seconds
Resulting Fitness: 0.463692
-------------
Particle: 15:
Relays Coordinates:
105.798, 98.5744
170.561, 174.2
215.669, 225.401
Evaluation Time: 0.0821809 seconds
Resulting Fitness: 0.483277
-------------
Particle: 16:
Relays Coordinates:
99.0726, 112.039
137.539, 119.303
174.339, 174.339
Evaluation Time: 0.162384 seconds
Resulting Fitness: 0.38839
-------------
Particle: 17:
Relays Coordinates:
102.772, 100.753
168.062, 200.895
302.549, 223.11
Evaluation Time: 0.0967254 seconds
Resulting Fitness: 0.524905
-------------
Particle: 18:
Relays Coordinates:
107.408, 103.383
175.024, 173.298
314.503, 229.451
Evaluation Time: 0.0776386 seconds
Resulting Fitness: 0.539667
New local best!
-------------
Particle: 19:
Relays Coordinates:
104.836, 111.882
203.729, 197.474
240.795, 225.634
Evaluation Time: 0.0747163 seconds
Resulting Fitness: 0.503738
-------------
Particle: 20:
Relays Coordinates:
103.08, 99.2952
147.763, 207.471
253.335, 207.291
Evaluation Time: 0.058157 seconds
Resulting Fitness: 0.504835
Current global best fitness: 0.563374
Current global best relays: 113.934, 103.423
185.106, 219.523
328.05, 243.725
Particle 1 new velocities: 58.1771, 47.4657
85.6491, 91.7533
180.698, 138.048
Particle 2 new velocities: 53.7491, 52.2109
90.1634, 123.45
251.297, 121.295
Particle 3 new velocities: 162.639, 182.272
221.291, 181.67
327.612, 381.067
Particle 4 new velocities: 81.7948, 90.665
147.549, 258.727
353.797, 193.86
Particle 5 new velocities: 49.3659, 69.0448
85.9339, 104.387
195.986, 114.361
Particle 6 new velocities: 59.637, 46.8311
85.4564, 108.055
167.772, 121.042
Particle 7 new velocities: 54.3616, 57.706
86.8634, 87.981
150.823, 120.715
Particle 8 new velocities: 47.9091, 34.0097
60.6969, 75.5461
244.47, 95.7891
Particle 9 new velocities: 249.493, 229.843
155.945, 50.231
236.545, 322.758
Particle 10 new velocities: 109.96, 71.8453
139.8, 181.583
110.57, 231.451
Particle 11 new velocities: 170.395, 397.927
191.216, 133.018
-90.2546, 295.636
Particle 12 new velocities: 57.8023, 87.1974
91.786, 146.769
263.3, 127.092
Particle 13 new velocities: 35.2904, 40.5792
77.7396, 80.5258
103.14, 48.8849
Particle 14 new velocities: 72.2152, 60.7031
182.638, 97.11
63.4694, 110.125
Particle 15 new velocities: 54.0851, 55.9247
89.9036, 141.668
265.181, 70.5271
Particle 16 new velocities: 175.912, 219.252
233.624, 254.916
177.616, 50.431
Particle 17 new velocities: 32.3905, 34.6243
58.4705, 62.0911
88.9933, 80.1062
Particle 18 new velocities: 62.6856, 56.4122
113.389, 96.1337
164.183, 131.386
Particle 19 new velocities: 62.4558, 67.7757
99.8327, 121.206
295.894, 140.298
Particle 20 new velocities: 75.4466, 56.0117
164.315, 175.073
166.943, 141.158
-- ITERATION 17 --
-------------
Particle: 1:
Relays Coordinates:
109.39, 96.9497
178.216, 210.108
261.895, 282.39
Evaluation Time: 0.0752284 seconds
Resulting Fitness: 0.551002
-------------
Particle: 2:
Relays Coordinates:
90.9625, 88.7941
148.589, 184.895
295.245, 204.798
Evaluation Time: 0.0711941 seconds
Resulting Fitness: 0.513633
-------------
Particle: 3:
Relays Coordinates:
95.699, 117.58
134.035, 122.489
162.127, 193.71
Evaluation Time: 0.0713643 seconds
Resulting Fitness: 0.404338
-------------
Particle: 4:
Relays Coordinates:
102.158, 101.826
194.633, 199.449
265.721, 220.937
Evaluation Time: 0.0704312 seconds
Resulting Fitness: 0.507817
-------------
Particle: 5:
Relays Coordinates:
101.282, 101.863
175.282, 210.34
269.801, 236.046
Evaluation Time: 0.0770147 seconds
Resulting Fitness: 0.507952
-------------
Particle: 6:
Relays Coordinates:
119.825, 91.1995
177.028, 204.404
322.335, 239.548
Evaluation Time: 0.0774111 seconds
Resulting Fitness: 0.555551
-------------
Particle: 7:
Relays Coordinates:
106.738, 97.2675
185.227, 175.611
276.59, 236.168
Evaluation Time: 0.0754929 seconds
Resulting Fitness: 0.508311
-------------
Particle: 8:
Relays Coordinates:
84.7128, 68.2433
122.392, 145.708
265.721, 168.158
Evaluation Time: 0.0694775 seconds
Resulting Fitness: 0.480722
-------------
Particle: 9:
Relays Coordinates:
170.52, 162.557
110.969, 99.0726
164.394, 214.948
Evaluation Time: 0.0784694 seconds
Resulting Fitness: 0.427445
-------------
Particle: 10:
Relays Coordinates:
109.348, 67.8082
154.762, 200.752
185.855, 238.248
Evaluation Time: 0.0708255 seconds
Resulting Fitness: 0.463998
-------------
Particle: 11:
Relays Coordinates:
89.5115, 174.339
102.735, 101.09
23.2397, 147.124
Evaluation Time: 0.079668 seconds
Resulting Fitness: 0.282512
-------------
Particle: 12:
Relays Coordinates:
86.6933, 118.771
158.492, 214.829
236.942, 176.316
Evaluation Time: 0.0730715 seconds
Resulting Fitness: 0.501311
New local best!
-------------
Particle: 13:
Relays Coordinates:
103.427, 101.146
187.937, 220.813
304.402, 229.235
Evaluation Time: 0.0741607 seconds
Resulting Fitness: 0.529036
-------------
Particle: 14:
Relays Coordinates:
118.748, 84.8253
244.282, 161.558
173.415, 185.104
Evaluation Time: 0.0729083 seconds
Resulting Fitness: 0.467578
-------------
Particle: 15:
Relays Coordinates:
104.899, 101.367
170.891, 207.241
315.486, 194.158
Evaluation Time: 0.0740972 seconds
Resulting Fitness: 0.545098
New local best!
-------------
Particle: 16:
Relays Coordinates:
95.8813, 115.514
129.417, 130.482
122.719, 78.3725
Evaluation Time: 0.0758097 seconds
Resulting Fitness: 0.2831
-------------
Particle: 17:
Relays Coordinates:
109.482, 109.655
183.491, 213.019
317.149, 245.605
Evaluation Time: 0.0717939 seconds
Resulting Fitness: 0.559781
New local best!
-------------
Particle: 18:
Relays Coordinates:
111.598, 104.841
189.227, 176.774
314.066, 236.746
Evaluation Time: 0.0615055 seconds
Resulting Fitness: 0.545139
New local best!
-------------
Particle: 19:
Relays Coordinates:
98.7842, 106.086
179.25, 188.177
295.245, 216.079
Evaluation Time: 0.0648529 seconds
Resulting Fitness: 0.510106
-------------
Particle: 20:
Relays Coordinates:
94.8764, 82.5365
165.851, 203.3
223.353, 185.18
Evaluation Time: 0.070561 seconds
Resulting Fitness: 0.482859
Current global best fitness: 0.563374
Current global best relays: 113.934, 103.423
185.106, 219.523
328.05, 243.725
Particle 1 new velocities: 46.8431, 42.335
66.456, 102.564
275.449, 98.1687
Particle 2 new velocities: 69.5776, 64.3732
130.135, 116.301
17.7415, 102.391
Particle 3 new velocities: 136.844, 203.643
228.983, 227.597
377.761, 166.142
Particle 4 new velocities: 72.4578, 83.418
107.87, 255.414
127.761, 200.649
Particle 5 new velocities: 54.4584, 58.2667
82.4649, 87.7229
269.11, 108.011
Particle 6 new velocities: 48.0823, 47.4625
83.4923, 101.111
140.694, 102.493
Particle 7 new velocities: 49.0659, 49.8765
79.6505, 162.894
236.011, 104.47
Particle 8 new velocities: 51.8115, 62.7658
119.762, 182.895
59.0466, 224.259
Particle 9 new velocities: 165.214, 161.128
283.444, 360.362
167.432, 184.143
Particle 10 new velocities: 71.7438, 88.1435
120.34, 164.372
301.832, 175.015
Particle 11 new velocities: 195.989, 65.7518
186.791, 233.012
215.828, 303.679
Particle 12 new velocities: 62.3653, 60.4287
95.5605, 121.552
285.738, 141.723
Particle 13 new velocities: 38.3153, 37.6532
87.3125, 60.4849
95.1366, 47.5515
Particle 14 new velocities: 58.0703, 37.1379
176.32, 76.3678
151.009, 132.47
Particle 15 new velocities: 54.1888, 44.9895
82.5508, 126.632
218.509, 77.9506
Particle 16 new velocities: 162.05, 206.98
219.349, 180.365
454.696, 180.847
Particle 17 new velocities: 27.7681, 21.3889
48.6379, 55.9908
73.3678, 63.3323
Particle 18 new velocities: 50.5922, 43.7708
89.2924, 128.769
147.334, 113.696
Particle 19 new velocities: 50.1826, 50.7055
81.3869, 137.433
36.6411, 84.7129
Particle 20 new velocities: 82.0481, 63.7551
157.327, 217.04
243.724, 210.214
-- ITERATION 18 --
-------------
Particle: 1:
Relays Coordinates:
83.0287, 74.0216
130.029, 166.167
265.721, 202.245
Evaluation Time: 0.0688946 seconds
Resulting Fitness: 0.500113
-------------
Particle: 2:
Relays Coordinates:
105.33, 100.493
182.87, 197.615
205.35, 201.547
Evaluation Time: 0.0706063 seconds
Resulting Fitness: 0.447235
-------------
Particle: 3:
Relays Coordinates:
90.0919, 124.448
140.64, 135.63
193.71, 139.414
Evaluation Time: 0.0675509 seconds
Resulting Fitness: 0.358646
-------------
Particle: 4:
Relays Coordinates:
83.518, 88.6015
144.686, 217.559
188.201, 201.643
Evaluation Time: 0.0635809 seconds
Resulting Fitness: 0.412766
-------------
Particle: 5:
Relays Coordinates:
91.9634, 94.5551
152.197, 176.003
295.245, 203.162
Evaluation Time: 0.0598365 seconds
Resulting Fitness: 0.512936
-------------
Particle: 6:
Relays Coordinates:
110.164, 90.9761
170.928, 200.448
303.793, 224.413
Evaluation Time: 0.0573304 seconds
Resulting Fitness: 0.526708
-------------
Particle: 7:
Relays Coordinates:
102.223, 96.5412
173.786, 222.093
328.05, 223.493
Evaluation Time: 0.0579968 seconds
Resulting Fitness: 0.552806
-------------
Particle: 8:
Relays Coordinates:
89.5736, 85.9551
158.878, 215.597
213.08, 257.465
Evaluation Time: 0.0834809 seconds
Resulting Fitness: 0.50631
-------------
Particle: 9:
Relays Coordinates:
105.357, 101.576
123.771, 144.175
104.13, 125.239
Evaluation Time: 0.0754765 seconds
Resulting Fitness: 0.283498
-------------
Particle: 10:
Relays Coordinates:
106.933, 92.0879
162.445, 215.602
287.974, 244.028
Evaluation Time: 0.0714369 seconds
Resulting Fitness: 0.509657
New local best!
-------------
Particle: 11:
Relays Coordinates:
110.609, 93.0162
112.168, 129.438
92.6197, 174.65
Evaluation Time: 0.0665063 seconds
Resulting Fitness: 0.281567
-------------
Particle: 12:
Relays Coordinates:
88.0176, 105.815
150.015, 198.629
295.245, 187.799
Evaluation Time: 0.0724253 seconds
Resulting Fitness: 0.539137
New local best!
-------------
Particle: 13:
Relays Coordinates:
103.33, 101.184
200.657, 205.066
291.263, 201.777
Evaluation Time: 0.0741185 seconds
Resulting Fitness: 0.511909
-------------
Particle: 14:
Relays Coordinates:
104.409, 72.0181
248.361, 140.493
191.569, 187.525
Evaluation Time: 0.0764072 seconds
Resulting Fitness: 0.460565
-------------
Particle: 15:
Relays Coordinates:
93.9398, 86.4219
149.655, 197.148
295.245, 160.678
Evaluation Time: 0.0746545 seconds
Resulting Fitness: 0.525121
-------------
Particle: 16:
Relays Coordinates:
89.9351, 112.447
121.607, 108.386
174.339, 90.3843
Evaluation Time: 0.0719534 seconds
Resulting Fitness: 0.292547
-------------
Particle: 17:
Relays Coordinates:
111.172, 106.146
188.024, 217.898
316.319, 250.239
Evaluation Time: 0.0777322 seconds
Resulting Fitness: 0.55943
-------------
Particle: 18:
Relays Coordinates:
106.413, 97.5045
182.737, 200.467
302.724, 229.925
Evaluation Time: 0.0796617 seconds
Resulting Fitness: 0.510986
-------------
Particle: 19:
Relays Coordinates:
97.7372, 102.871
171.004, 213.633
217.75, 197.349
Evaluation Time: 0.0778464 seconds
Resulting Fitness: 0.470153
-------------
Particle: 20:
Relays Coordinates:
84.6224, 69.9708
154.575, 201.047
223.401, 189.116
Evaluation Time: 0.0682979 seconds
Resulting Fitness: 0.482716
Current global best fitness: 0.563374
Current global best relays: 113.934, 103.423
185.106, 219.523
328.05, 243.725
Particle 1 new velocities: 75.825, 74.869
141.573, 141.865
108.981, 218.679
Particle 2 new velocities: 56.728, 51.5582
78.9106, 116.916
108.615, 141.491
Particle 3 new velocities: 147.602, 170.193
181.186, 160.682
71.5897, 227.083
Particle 4 new velocities: 92.2295, 105.631
182.474, 204.143
511.815, 230.635
Particle 5 new velocities: 69.5928, 59.2291
122.401, 106.825
34.5955, 163.219
Particle 6 new velocities: 46.2737, 50.6683
86.4039, 87.022
156.718, 113.358
Particle 7 new velocities: 52.257, 54.9296
91.8222, 121.898
2.70978, 115.921
Particle 8 new velocities: 101.587, 60.827
149.449, 144.635
276.044, 135.286
Particle 9 new velocities: 157.858, 268.86
237.067, 485.247
172.268, 261.989
Particle 10 new velocities: 58.145, 70.7592
112.81, 133.679
252.097, 139.918
Particle 11 new velocities: 162.373, 106.034
171.191, 369.797
258.474, 266.779
Particle 12 new velocities: 74.6035, 45.2447
92.7111, 100.136
37.9481, 150.826
Particle 13 new velocities: 39.8229, 34.3528
60.5718, 59.2132
150.404, 128.835
Particle 14 new velocities: 61.6887, 53.6444
146.906, 143.251
188.362, 177.702
Particle 15 new velocities: 73.9929, 68.3722
124.336, 117.262
29.208, 95.2515
Particle 16 new velocities: 164.328, 207.694
231.854, 261.168
109.631, 351.233
Particle 17 new velocities: 23.9068, 20.7629
30.644, 44.6759
60.4694, 47.3341
Particle 18 new velocities: 48.9506, 52.1021
75.2028, 104.323
149.109, 107.005
Particle 19 new velocities: 47.1383, 42.5572
79.4916, 95.3572
237.811, 110.783
Particle 20 new velocities: 128.4, 103.141
153.751, 217.276
293.746, 179.028
-- ITERATION 19 --
-------------
Particle: 1:
Relays Coordinates:
104.224, 97.6871
178.198, 202.1
245.841, 276.168
Evaluation Time: 0.0750134 seconds
Resulting Fitness: 0.545502
-------------
Particle: 2:
Relays Coordinates:
106.326, 99.7609
171.755, 206.364
205.992, 225.067
Evaluation Time: 0.0687287 seconds
Resulting Fitness: 0.473248
-------------
Particle: 3:
Relays Coordinates:
92.0875, 114.15
124.682, 114.797
102.783, 141.988
Evaluation Time: 0.0696868 seconds
Resulting Fitness: 0.292067
-------------
Particle: 4:
Relays Coordinates:
93.3994, 103.223
173.866, 224.11
265.721, 229.731
Evaluation Time: 0.0747065 seconds
Resulting Fitness: 0.519595
-------------
Particle: 5:
Relays Coordinates:
105.997, 100.898
180.164, 185.564
216.408, 240.382
Evaluation Time: 0.0667294 seconds
Resulting Fitness: 0.489603
-------------
Particle: 6:
Relays Coordinates:
114.043, 103.259
187.595, 209.566
335.712, 246.235
Evaluation Time: 0.067105 seconds
Resulting Fitness: 0.560822
New local best!
-------------
Particle: 7:
Relays Coordinates:
101.354, 99.38
174.265, 225.692
217.011, 222.689
Evaluation Time: 0.0539227 seconds
Resulting Fitness: 0.487922
-------------
Particle: 8:
Relays Coordinates:
112.879, 86.6734
182.064, 212.713
288.823, 231.915
Evaluation Time: 0.0686823 seconds
Resulting Fitness: 0.520996
-------------
Particle: 9:
Relays Coordinates:
82.5998, 116.247
113.235, 156.905
86.7369, 121.516
Evaluation Time: 0.0741475 seconds
Resulting Fitness: 0.282311
-------------
Particle: 10:
Relays Coordinates:
108.308, 106.844
180.595, 229.164
328.05, 251.906
Evaluation Time: 0.0579092 seconds
Resulting Fitness: 0.564074
New local best!
New global best!
-------------
Particle: 11:
Relays Coordinates:
117.51, 85.6846
121.977, 214.904
151.134, 190.021
Evaluation Time: 0.0627173 seconds
Resulting Fitness: 0.391914
-------------
Particle: 12:
Relays Coordinates:
106.696, 99.1106
159.253, 196.02
218.608, 222.172
Evaluation Time: 0.0685404 seconds
Resulting Fitness: 0.485558
-------------
Particle: 13:
Relays Coordinates:
104.358, 98.8067
190.435, 192.659
321.976, 241.016
Evaluation Time: 0.0818833 seconds
Resulting Fitness: 0.555682
-------------
Particle: 14:
Relays Coordinates:
88.2714, 66.7822
210.061, 150.793
201.911, 194.096
Evaluation Time: 0.0647332 seconds
Resulting Fitness: 0.413977
-------------
Particle: 15:
Relays Coordinates:
110.181, 101.56
179.765, 206.285
212.874, 167.915
Evaluation Time: 0.0587855 seconds
Resulting Fitness: 0.459933
-------------
Particle: 16:
Relays Coordinates:
88.6562, 111.626
123.244, 128.855
99.0144, 153.982
Evaluation Time: 0.071719 seconds
Resulting Fitness: 0.280423
-------------
Particle: 17:
Relays Coordinates:
109.414, 102.796
177.121, 212.685
305.198, 241.035
Evaluation Time: 0.0709413 seconds
Resulting Fitness: 0.53088
-------------
Particle: 18:
Relays Coordinates:
101.934, 98.1569
169.234, 199.973
296.448, 221.06
Evaluation Time: 0.0544475 seconds
Resulting Fitness: 0.521887
-------------
Particle: 19:
Relays Coordinates:
105.614, 106.017
182.611, 225.254
332.105, 224.629
Evaluation Time: 0.0692814 seconds
Resulting Fitness: 0.559095
New local best!
-------------
Particle: 20:
Relays Coordinates:
113.209, 91.9987
163.857, 222.314
265.721, 195.647
Evaluation Time: 0.0775038 seconds
Resulting Fitness: 0.525061
Current global best fitness: 0.564074
Current global best relays: 108.308, 106.844
180.595, 229.164
328.05, 251.906
Particle 1 new velocities: 66.4179, 70.731
109.084, 153.431
118.201, 181.055
Particle 2 new velocities: 37.0458, 46.5555
53.4624, 91.0987
261.508, 140.105
Particle 3 new velocities: 131.884, 153.256
109.154, 175.026
379.94, 286.405
Particle 4 new velocities: 92.3606, 96.803
181.571, 158.664
116.011, 216.464
Particle 5 new velocities: 57.272, 52.7313
98.8988, 144.974
279.832, 136.235
Particle 6 new velocities: 31.5701, 41.0763
60.5685, 79.5966
124.707, 97.783
Particle 7 new velocities: 51.8207, 55.2334
94.9774, 90.7538
240.187, 110.669
Particle 8 new velocities: 79.6678, 59.3261
115.979, 102.14
253.917, 109.759
Particle 9 new velocities: 154.468, 370.611
334.253, 172.474
133.065, 220.98
Particle 10 new velocities: 46.516, 56.6073
90.2481, 106.943
0, 111.934
Particle 11 new velocities: 129.538, 128.758
130.676, 308.56
219.93, 231.845
Particle 12 new velocities: 47.8626, 48.5283
83.3748, 116.769
85.8447, 89.2209
Particle 13 new velocities: 33.8965, 43.5612
47.7836, 65.7369
129.099, 111.683
Particle 14 new velocities: 74.3392, 76.0245
193.97, 177.448
293.74, 182.844
Particle 15 new velocities: 48.7609, 58.4623
91.7125, 111.836
112.525, 128.51
Particle 16 new velocities: 139.433, 187.627
189.845, 220.794
379.105, 299.52
Particle 17 new velocities: 18.4725, 25.4302
37.2026, 41.2778
78.7065, 57.6525
Particle 18 new velocities: 48.459, 53.0497
89.5421, 88.7183
156.585, 124.289
Particle 19 new velocities: 40.1509, 35.0407
62.849, 76.9074
186.778, 104.217
Particle 20 new velocities: 92.8377, 108.307
130.82, 205.172
22.8744, 218.869
Simulation of the best surrogate solution results: 0.591667
Final Evaluation Time: 28.4348 seconds
Final global best fitness: 0.564074
Final global best relays:
108.308, 106.844
180.595, 229.164
328.05, 251.906
