PSO EXECUTION
============================
Seed: 1807902243
Particles: 20
Relays: 3
Iterations: 20
Backend: Surrogate
Network Configuration: 1
Area: 500 x 500
Sink: 0, 0
Simulated Relay range: 155
w: 0.8
c1: 1.7
c2: 1.3

Relay Nodes Positions: 
PARTICLE 1: 
125.93, 34.0926
195.792, 77.7229
84.3034, 68.1025
PARTICLE 2: 
54.7975, 135.962
69.2563, 331.541
109.723, 244.032
PARTICLE 3: 
120.163, 121.47
88.0176, 171.342
70.6778, 43.7652
PARTICLE 4: 
96.3483, 203.178
124.889, 79.9825
218.374, 291.778
PARTICLE 5: 
31.2252, 15.2055
189.99, 9.19804
138.739, 116.111
PARTICLE 6: 
205.65, 179.438
293.453, 251.002
136.111, 44.3753
PARTICLE 7: 
190.428, 198.138
16.7168, 109.733
92.6483, 162.791
PARTICLE 8: 
252.008, 52.4043
236.524, 67.0441
92.393, 49.1362
PARTICLE 9: 
236.111, 154.237
218.789, 28.8023
87.0456, 35.8663
PARTICLE 10: 
109.658, 97.0112
230.555, 274.445
235.698, 177.568
PARTICLE 11: 
91.9109, 206.509
209.409, 294.108
63.0921, 132.683
PARTICLE 12: 
169.738, 159.878
228.343, 232.134
25.3038, 122.962
PARTICLE 13: 
40.937, 90.5314
89.1384, 23.2585
134.148, 141.353
PARTICLE 14: 
9.64541, 81.1129
149.264, 248.323
92.6523, 165.655
PARTICLE 15: 
41.4439, 195.545
91.5432, 55.929
127.8, 299.449
PARTICLE 16: 
2.73361, 34.7517
130.373, 118.37
2.19946, 17.0145
PARTICLE 17: 
133.056, 101.604
204.642, 150.01
101.696, 64.0022
PARTICLE 18: 
41.405, 277.889
79.655, 71.9785
58.6751, 176.869
PARTICLE 19: 
199.443, 105.085
143.344, 185.472
101.19, 49.5643
PARTICLE 20: 
108.295, 168.216
11.3544, 140.94
236.468, 103.194
Nodes Positions: 
64.2229, 191.715
432.664, 398.241
2.87258, 248.901
454.2, 103.706
99.4005, 169.935
357.535, 369.143
19.1729, 299.491
248.415, 83.8398
447.545, 143.334
492.185, 495.532
439.308, 479.791
252.662, 474.411
54.6935, 314.542
374.767, 459.493
194.344, 156.704
393.467, 16.6386
486.884, 81.118
209.908, 441.331
421.131, 288.13
112.981, 25.0997
301.858, 331.272
36.5503, 376.33
315.225, 307.659
81.5182, 57.9833
461.75, 97.9025
158.49, 230.909
131.022, 404.863
220.458, 130.508
32.2032, 70.6354
149.148, 182.719
152.501, 345.903
228.849, 213.935
118.181, 433.044
405.35, 111.766
347.77, 442.559
14.3875, 282.662
104.673, 224.377
274.763, 417.196
291.783, 452.701
69.6545, 188.77
335.465, 255.214
205.63, 60.7223
258.742, 49.0431
385.324, 16.8259
363.334, 383.824
375.015, 239.196
234.025, 362.223
473.366, 263.21
88.5262, 335.134
167.516, 6.23773
321.914, 208.22
416.259, 483.629
49.9826, 165.017
480.075, 117.334
325.869, 34.8548
134.416, 356.534
287.94, 414.7
184.857, 274.368
182.964, 322.995
280.29, 140.369
All particles start with velocity zero
-- ITERATION 0 --
-------------
Particle: 1:
Relays Coordinates:
125.93, 34.0926
195.792, 77.7229
84.3034, 68.1025
Evaluation Time: 0.0628446 seconds
Resulting Fitness: 0.319959
New local best!
New global best!
-------------
Particle: 2:
Relays Coordinates:
54.7975, 135.962
69.2563, 331.541
109.723, 244.032
Evaluation Time: 0.0536078 seconds
Resulting Fitness: 0.419421
New local best!
New global best!
-------------
Particle: 3:
Relays Coordinates:
120.163, 121.47
88.0176, 171.342
70.6778, 43.7652
Evaluation Time: 0.0517961 seconds
Resulting Fitness: 0.367895
New local best!
-------------
Particle: 4:
Relays Coordinates:
96.3483, 203.178
124.889, 79.9825
218.374, 291.778
Evaluation Time: 0.0501876 seconds
Resulting Fitness: 0.56275
New local best!
New global best!
-------------
Particle: 5:
Relays Coordinates:
31.2252, 15.2055
189.99, 9.19804
138.739, 116.111
Evaluation Time: 0.0470204 seconds
Resulting Fitness: 0.332839
New local best!
-------------
Particle: 6:
Relays Coordinates:
205.65, 179.438
293.453, 251.002
136.111, 44.3753
Evaluation Time: 0.0596169 seconds
Resulting Fitness: 0.493408
New local best!
-------------
Particle: 7:
Relays Coordinates:
190.428, 198.138
16.7168, 109.733
92.6483, 162.791
Evaluation Time: 0.0504366 seconds
Resulting Fitness: 0.376662
New local best!
-------------
Particle: 8:
Relays Coordinates:
252.008, 52.4043
236.524, 67.0441
92.393, 49.1362
Evaluation Time: 0.0448625 seconds
Resulting Fitness: 0.346412
New local best!
-------------
Particle: 9:
Relays Coordinates:
236.111, 154.237
218.789, 28.8023
87.0456, 35.8663
Evaluation Time: 0.0514285 seconds
Resulting Fitness: 0.366697
New local best!
-------------
Particle: 10:
Relays Coordinates:
109.658, 97.0112
230.555, 274.445
235.698, 177.568
Evaluation Time: 0.0496931 seconds
Resulting Fitness: 0.503551
New local best!
-------------
Particle: 11:
Relays Coordinates:
91.9109, 206.509
209.409, 294.108
63.0921, 132.683
Evaluation Time: 0.050041 seconds
Resulting Fitness: 0.538568
New local best!
-------------
Particle: 12:
Relays Coordinates:
169.738, 159.878
228.343, 232.134
25.3038, 122.962
Evaluation Time: 0.0572007 seconds
Resulting Fitness: 0.469801
New local best!
-------------
Particle: 13:
Relays Coordinates:
40.937, 90.5314
89.1384, 23.2585
134.148, 141.353
Evaluation Time: 0.0512326 seconds
Resulting Fitness: 0.326272
New local best!
-------------
Particle: 14:
Relays Coordinates:
9.64541, 81.1129
149.264, 248.323
92.6523, 165.655
Evaluation Time: 0.0661853 seconds
Resulting Fitness: 0.414141
New local best!
-------------
Particle: 15:
Relays Coordinates:
41.4439, 195.545
91.5432, 55.929
127.8, 299.449
Evaluation Time: 0.0467413 seconds
Resulting Fitness: 0.479347
New local best!
-------------
Particle: 16:
Relays Coordinates:
2.73361, 34.7517
130.373, 118.37
2.19946, 17.0145
Evaluation Time: 0.0532308 seconds
Resulting Fitness: 0.316352
New local best!
-------------
Particle: 17:
Relays Coordinates:
133.056, 101.604
204.642, 150.01
101.696, 64.0022
Evaluation Time: 0.0510625 seconds
Resulting Fitness: 0.35931
New local best!
-------------
Particle: 18:
Relays Coordinates:
41.405, 277.889
79.655, 71.9785
58.6751, 176.869
Evaluation Time: 0.044119 seconds
Resulting Fitness: 0.408916
New local best!
-------------
Particle: 19:
Relays Coordinates:
199.443, 105.085
143.344, 185.472
101.19, 49.5643
Evaluation Time: 0.0392906 seconds
Resulting Fitness: 0.371548
New local best!
-------------
Particle: 20:
Relays Coordinates:
108.295, 168.216
11.3544, 140.94
236.468, 103.194
Evaluation Time: 0.0506597 seconds
Resulting Fitness: 0.414229
New local best!
Current global best fitness: 0.56275
Current global best relays: 96.3483, 203.178
124.889, 79.9825
218.374, 291.778
Particle 1 new velocities: -36.7131, 72.704
-36.6649, 0.416732
30.6186, 52.4356
Particle 2 new velocities: 46.9636, 50.2345
61.5633, -272.951
55.5734, 15.5025
Particle 3 new velocities: -20.5112, 93.8098
32.9896, -37.316
173.123, 315.289
Particle 4 new velocities: 0, 0
0, 0
0, 0
Particle 5 new velocities: 61.5472, 183.026
-19.7001, 71.3699
101.406, 169.656
Particle 6 new velocities: -8.73082, 0.707036
-129.451, -60.8582
41.2076, 224.094
Particle 7 new velocities: -37.7062, 3.04829
68.7993, -4.76944
107.925, 6.98699
Particle 8 new velocities: -17.7643, 157.879
-125.961, 16.5363
8.89952, 162.945
Particle 9 new velocities: -154.458, 30.519
-11.9032, 6.49492
100.097, 18.2747
Particle 10 new velocities: -12.2267, 119.174
-30.3792, -135.463
-3.82614, 144.624
Particle 11 new velocities: 2.02669, -0.265176
-67.5022, -245.227
118.725, 43.7101
Particle 12 new velocities: -3.49469, 46.3376
-19.8568, -7.62774
111.36, 117.143
Particle 13 new velocities: 34.707, 122.359
31.9806, 5.46269
8.67541, 25.3031
Particle 14 new velocities: 9.31964, 93.4416
-9.56052, -137.848
82.0551, 19.2995
Particle 15 new velocities: 61.0405, 7.12184
40.4553, 22.3777
66.9068, -8.30801
Particle 16 new velocities: 26.8776, 101.428
-1.74115, -33.8074
280.877, 331.57
Particle 17 new velocities: -45.6314, 92.6176
-98.3365, -6.82145
12.1095, 91.7046
Particle 18 new velocities: 58.6881, -85.7116
43.7873, 1.86172
32.5751, 57.5848
Particle 19 new velocities: -19.6157, 85.6459
-15.172, -42.5112
9.09251, 124.173
Particle 20 new velocities: -9.72475, 34.1896
3.00774, -45.9822
-11.8868, 4.9308
-- ITERATION 1 --
-------------
Particle: 1:
Relays Coordinates:
89.217, 106.797
159.127, 78.1396
114.922, 120.538
Evaluation Time: 0.0508134 seconds
Resulting Fitness: 0.324378
New local best!
-------------
Particle: 2:
Relays Coordinates:
101.761, 186.197
130.82, 58.5901
165.296, 259.535
Evaluation Time: 0.0506683 seconds
Resulting Fitness: 0.482447
New local best!
-------------
Particle: 3:
Relays Coordinates:
72.6463, 156.939
88.2142, 97.7051
177.731, 261.75
Evaluation Time: 0.0487312 seconds
Resulting Fitness: 0.448921
New local best!
-------------
Particle: 4:
Relays Coordinates:
96.3483, 203.178
124.889, 79.9825
218.374, 291.778
Evaluation Time: 0.0472188 seconds
Resulting Fitness: 0.56275
-------------
Particle: 5:
Relays Coordinates:
75.1456, 160.568
137.935, 65.26
194.518, 231.472
Evaluation Time: 0.0510262 seconds
Resulting Fitness: 0.516804
New local best!
-------------
Particle: 6:
Relays Coordinates:
116.279, 106.374
96.8417, 112.278
104.705, 158.528
Evaluation Time: 0.0497961 seconds
Resulting Fitness: 0.32536
-------------
Particle: 7:
Relays Coordinates:
152.722, 201.187
85.516, 104.963
200.574, 169.778
Evaluation Time: 0.050236 seconds
Resulting Fitness: 0.425373
New local best!
-------------
Particle: 8:
Relays Coordinates:
234.244, 210.284
110.563, 83.5804
101.293, 212.081
Evaluation Time: 0.0496049 seconds
Resulting Fitness: 0.527305
New local best!
-------------
Particle: 9:
Relays Coordinates:
59.5249, 134.687
150.82, 25.7317
136.427, 39.4688
Evaluation Time: 0.0509743 seconds
Resulting Fitness: 0.308374
-------------
Particle: 10:
Relays Coordinates:
57.5325, 127.655
118.202, 82.0674
136.918, 190.251
Evaluation Time: 0.0515099 seconds
Resulting Fitness: 0.370358
-------------
Particle: 11:
Relays Coordinates:
93.9376, 206.244
141.907, 48.8806
181.817, 176.393
Evaluation Time: 0.050062 seconds
Resulting Fitness: 0.450086
-------------
Particle: 12:
Relays Coordinates:
88.3484, 109.592
110.798, 119.312
72.6288, 127.601
Evaluation Time: 0.0471715 seconds
Resulting Fitness: 0.299566
-------------
Particle: 13:
Relays Coordinates:
75.644, 212.89
121.119, 28.7212
142.823, 166.656
Evaluation Time: 0.0532817 seconds
Resulting Fitness: 0.421995
New local best!
-------------
Particle: 14:
Relays Coordinates:
15.3617, 141.389
113.16, 89.4849
141.513, 149.813
Evaluation Time: 0.0492726 seconds
Resulting Fitness: 0.354853
-------------
Particle: 15:
Relays Coordinates:
102.484, 202.667
131.998, 78.3067
194.707, 291.141
Evaluation Time: 0.0528558 seconds
Resulting Fitness: 0.536557
New local best!
-------------
Particle: 16:
Relays Coordinates:
14.163, 65.1344
61.524, 40.4463
135.394, 166.727
Evaluation Time: 0.0599432 seconds
Resulting Fitness: 0.328298
New local best!
-------------
Particle: 17:
Relays Coordinates:
70.8137, 157.319
86.1073, 115.983
92.1828, 126.122
Evaluation Time: 0.0518608 seconds
Resulting Fitness: 0.297517
-------------
Particle: 18:
Relays Coordinates:
100.093, 192.177
123.442, 73.8403
91.2503, 234.454
Evaluation Time: 0.0539368 seconds
Resulting Fitness: 0.452191
New local best!
-------------
Particle: 19:
Relays Coordinates:
131.094, 139.043
93.4375, 104.218
80.396, 126.655
Evaluation Time: 0.0489413 seconds
Resulting Fitness: 0.336959
-------------
Particle: 20:
Relays Coordinates:
88.7128, 182.165
12.9259, 85.4616
202.123, 97.3128
Evaluation Time: 0.0483212 seconds
Resulting Fitness: 0.422084
New local best!
Current global best fitness: 0.56275
Current global best relays: 96.3483, 203.178
124.889, 79.9825
218.374, 291.778
Particle 1 new velocities: -28.6051, 120.298
-60.6481, 1.1508
60.3518, 194.101
Particle 2 new velocities: 33.2305, 42.4739
46.8263, -203.16
53.2821, 20.8235
Particle 3 new velocities: -13.5842, 113.368
28.7457, -44.6015
170.808, 265.175
Particle 4 new velocities: 0, 0
0, 0
0, 0
Particle 5 new velocities: 54.0645, 180.45
-23.9407, 65.5842
97.7215, 210.083
Particle 6 new velocities: 7.69073, 237.53
-40.438, 85.2942
60.8581, 123.893
Particle 7 new velocities: -75.6258, 3.36336
61.7307, -9.672
91.5295, 6.19122
Particle 8 new velocities: -132.914, 120.263
-96.16, 9.23551
156.647, 153.239
Particle 9 new velocities: 199.574, 92.06
-20.5502, 50.6551
131.345, 74.1421
Particle 10 new velocities: 94.1522, 89.2937
4.8862, 186.412
70.1998, 129.192
Particle 11 new velocities: 2.04514, -3.68226
-5.22327, -58.0996
27.1965, 103.171
Particle 12 new velocities: 64.5776, 83.228
17.7725, 123.264
245.205, 288.532
Particle 13 new velocities: 50.6384, 93.6564
29.1835, 50.0058
67.5776, 140.018
Particle 14 new velocities: 93.6549, 110.139
16.7313, -67.0364
34.6417, 194.023
Particle 15 new velocities: 47.2782, 6.23523
23.239, 19.3148
65.1583, -6.46882
Particle 16 new velocities: 77.3816, 105.662
20.4523, 17.8789
265.275, 367.473
Particle 17 new velocities: 57.6558, 47.7487
13.5944, 21.226
107.385, 131.496
Particle 18 new velocities: 44.7309, -66.7792
36.8673, 5.17062
98.6488, 94.8226
Particle 19 new velocities: -6.96672, 101.242
52.1172, 32.0066
104.126, 34.2557
Particle 20 new velocities: 0.759789, 33.274
106.475, -37.4671
4.22462, 37.6491
-- ITERATION 2 --
-------------
Particle: 1:
Relays Coordinates:
60.6118, 227.095
98.479, 79.2904
175.274, 314.64
Evaluation Time: 0.0499584 seconds
Resulting Fitness: 0.537647
New local best!
-------------
Particle: 2:
Relays Coordinates:
88.5679, 150.031
116.553, 0
143.409, 183.943
Evaluation Time: 0.0497081 seconds
Resulting Fitness: 0.354545
-------------
Particle: 3:
Relays Coordinates:
22.8819, 104.722
45.3127, 20.5734
135.031, 193.71
Evaluation Time: 0.0503679 seconds
Resulting Fitness: 0.354025
-------------
Particle: 4:
Relays Coordinates:
96.3483, 203.178
124.889, 79.9825
218.374, 291.778
Evaluation Time: 0.0509138 seconds
Resulting Fitness: 0.56275
-------------
Particle: 5:
Relays Coordinates:
94.1942, 248.602
83.102, 95.3854
213.042, 321.893
Evaluation Time: 0.0498974 seconds
Resulting Fitness: 0.568922
New local best!
New global best!
-------------
Particle: 6:
Relays Coordinates:
90.3738, 250.706
41.1183, 144.03
120.696, 205.885
Evaluation Time: 0.06301 seconds
Resulting Fitness: 0.410152
-------------
Particle: 7:
Relays Coordinates:
62.4476, 165.686
119.27, 77.186
236.604, 142.535
Evaluation Time: 0.0505654 seconds
Resulting Fitness: 0.442993
New local best!
-------------
Particle: 8:
Relays Coordinates:
59.834, 195.184
8.50477, 54.8069
152.311, 215.718
Evaluation Time: 0.0472018 seconds
Resulting Fitness: 0.405362
-------------
Particle: 9:
Relays Coordinates:
259.099, 226.747
130.27, 76.3868
267.772, 113.611
Evaluation Time: 0.0476702 seconds
Resulting Fitness: 0.471279
New local best!
-------------
Particle: 10:
Relays Coordinates:
80.6114, 115.296
65.4141, 142.681
110.071, 169.766
Evaluation Time: 0.045154 seconds
Resulting Fitness: 0.326294
-------------
Particle: 11:
Relays Coordinates:
69.9714, 147.667
99.6424, 0
152.371, 203.802
Evaluation Time: 0.0477991 seconds
Resulting Fitness: 0.403643
-------------
Particle: 12:
Relays Coordinates:
90.3013, 113.858
75.9198, 143.238
187.678, 245.722
Evaluation Time: 0.048005 seconds
Resulting Fitness: 0.478349
New local best!
-------------
Particle: 13:
Relays Coordinates:
82.8539, 201.125
98.6135, 51.6528
138.044, 201.209
Evaluation Time: 0.0475643 seconds
Resulting Fitness: 0.408259
-------------
Particle: 14:
Relays Coordinates:
71.5258, 165.028
85.2216, 14.7284
115.575, 225.591
Evaluation Time: 0.0510742 seconds
Resulting Fitness: 0.41886
New local best!
-------------
Particle: 15:
Relays Coordinates:
121.308, 169.211
125.742, 79.0734
210.491, 230.585
Evaluation Time: 0.068533 seconds
Resulting Fitness: 0.482394
-------------
Particle: 16:
Relays Coordinates:
28.7277, 53.5977
25.725, 18.3031
125.734, 156.905
Evaluation Time: 0.0563985 seconds
Resulting Fitness: 0.313829
-------------
Particle: 17:
Relays Coordinates:
115.623, 184.561
89.7315, 123.488
179.611, 231.857
Evaluation Time: 0.0502585 seconds
Resulting Fitness: 0.454336
New local best!
-------------
Particle: 18:
Relays Coordinates:
105.577, 91.4153
116.866, 57.5989
138.436, 240.043
Evaluation Time: 0.0388592 seconds
Resulting Fitness: 0.443522
-------------
Particle: 19:
Relays Coordinates:
90.4887, 175.167
106.109, 99.308
134.517, 117.304
Evaluation Time: 0.0492898 seconds
Resulting Fitness: 0.399608
New local best!
-------------
Particle: 20:
Relays Coordinates:
89.4726, 215.439
119.401, 47.9945
206.347, 134.962
Evaluation Time: 0.0474168 seconds
Resulting Fitness: 0.469123
New local best!
Current global best fitness: 0.568922
Current global best relays: 94.1942, 248.602
83.102, 95.3854
213.042, 321.893
Particle 1 new velocities: 1.7713, 96.6426
-66.6686, 12.0542
79.1624, 155.863
Particle 2 new velocities: 32.0365, 168.749
21.9617, 170.513
149.594, 196.88
Particle 3 new velocities: 57.1659, 136.021
114.712, 73.4194
221.874, 103.259
Particle 4 new velocities: -0.212535, 33.8313
-41.9014, 12.1607
-5.87332, 4.4882
Particle 5 new velocities: 43.2516, 144.36
-19.1526, 52.4673
78.1772, 168.066
Particle 6 new velocities: 181.567, 138.071
376.195, 57.0312
148.161, -8.14576
Particle 7 new velocities: -22.8085, 108.396
40.8558, -6.03255
61.3763, 233.37
Particle 8 new velocities: -64.1727, 162.013
176.824, 56.0547
66.9827, 141.047
Particle 9 new velocities: 107.258, 92.2242
-35.8336, 49.4138
90.7374, 68.144
Particle 10 new velocities: 114.106, 85.0601
138.422, 184.803
220.656, 207.488
Particle 11 new velocities: 49.3482, 61.1987
111.082, 419.355
31.6213, 176.592
Particle 12 new velocities: 56.2798, 79.164
17.5662, 77.4021
207.167, 259.285
Particle 13 new velocities: 39.2315, 101.88
59.528, 75.6987
118.171, 201.722
Particle 14 new velocities: 102.88, 159.57
13.051, 40.0543
92.2383, 160.569
Particle 15 new velocities: -20.1797, 55.3007
-25.3278, 23.2427
29.5926, 56.435
Particle 16 new velocities: 65.2662, 168.442
54.15, 105.512
245.845, 168.574
Particle 17 new velocities: 31.3814, 106.576
10.4048, 9.27709
86.7861, 209.195
Particle 18 new velocities: 23.109, 185.614
-8.51014, 75.2202
65.9373, 114.086
Particle 19 new velocities: -1.34905, 156.911
37.3851, 21.2245
172.358, 139.042
Particle 20 new velocities: 4.67546, 51.0716
81.243, -7.92328
10.8096, 68.7664
-- ITERATION 3 --
-------------
Particle: 1:
Relays Coordinates:
36.8366, 191.164
18.7837, 53.9381
150.242, 277.827
Evaluation Time: 0.0475356 seconds
Resulting Fitness: 0.413813
-------------
Particle: 2:
Relays Coordinates:
79.1286, 209.152
90.8798, 111.874
192.24, 249.858
Evaluation Time: 0.058483 seconds
Resulting Fitness: 0.508446
New local best!
-------------
Particle: 3:
Relays Coordinates:
42.5407, 127.941
85.0437, 49.9516
189.674, 157.822
Evaluation Time: 0.0657456 seconds
Resulting Fitness: 0.37033
-------------
Particle: 4:
Relays Coordinates:
96.1358, 237.009
82.9877, 92.1432
212.501, 296.266
Evaluation Time: 0.0455282 seconds
Resulting Fitness: 0.562325
-------------
Particle: 5:
Relays Coordinates:
81.1603, 232.04
37.7615, 87.3056
171.962, 289.316
Evaluation Time: 0.0449848 seconds
Resulting Fitness: 0.442114
-------------
Particle: 6:
Relays Coordinates:
117.062, 167.356
179.639, 86.5503
115.734, 85.1203
Evaluation Time: 0.0463323 seconds
Resulting Fitness: 0.354083
-------------
Particle: 7:
Relays Coordinates:
21.0658, 145.658
85.0974, 37.8138
158.359, 199.771
Evaluation Time: 0.0642926 seconds
Resulting Fitness: 0.394229
-------------
Particle: 8:
Relays Coordinates:
0, 210.921
109.435, 65.4627
129.491, 210.666
Evaluation Time: 0.0450396 seconds
Resulting Fitness: 0.430015
-------------
Particle: 9:
Relays Coordinates:
194.697, 169.514
50.1873, 66.8556
190.527, 96.592
Evaluation Time: 0.0480683 seconds
Resulting Fitness: 0.371331
-------------
Particle: 10:
Relays Coordinates:
103.481, 106.477
108.327, 174.039
175.762, 200.488
Evaluation Time: 0.0550457 seconds
Resulting Fitness: 0.411293
-------------
Particle: 11:
Relays Coordinates:
70.457, 123.333
124.431, 247.625
108.646, 224.619
Evaluation Time: 0.0496256 seconds
Resulting Fitness: 0.407831
-------------
Particle: 12:
Relays Coordinates:
56.7885, 74.7807
36.2184, 85.4807
152.971, 193.71
Evaluation Time: 0.0579611 seconds
Resulting Fitness: 0.350868
-------------
Particle: 13:
Relays Coordinates:
89.0002, 220.891
115.285, 92.8393
186.781, 293.737
Evaluation Time: 0.0485834 seconds
Resulting Fitness: 0.528864
New local best!
-------------
Particle: 14:
Relays Coordinates:
92.6866, 172.505
52.2261, 29.1138
110.441, 205.221
Evaluation Time: 0.0596834 seconds
Resulting Fitness: 0.385569
-------------
Particle: 15:
Relays Coordinates:
101.128, 224.511
100.415, 102.316
240.083, 287.02
Evaluation Time: 0.0499019 seconds
Resulting Fitness: 0.562702
New local best!
-------------
Particle: 16:
Relays Coordinates:
44.957, 106.201
38.204, 59.2202
177.725, 155.676
Evaluation Time: 0.0609002 seconds
Resulting Fitness: 0.356573
New local best!
-------------
Particle: 17:
Relays Coordinates:
107.166, 212.239
72.9993, 96.7856
194.204, 321.527
Evaluation Time: 0.0543758 seconds
Resulting Fitness: 0.557955
New local best!
-------------
Particle: 18:
Relays Coordinates:
115.817, 249.327
97.52, 119.537
183.936, 318.716
Evaluation Time: 0.0604959 seconds
Resulting Fitness: 0.560959
New local best!
-------------
Particle: 19:
Relays Coordinates:
58.4845, 217.876
94.1467, 79.0814
201.34, 168.188
Evaluation Time: 0.052597 seconds
Resulting Fitness: 0.428168
New local best!
-------------
Particle: 20:
Relays Coordinates:
68.634, 194.286
146.269, 29.2119
158.307, 148.518
Evaluation Time: 0.0524134 seconds
Resulting Fitness: 0.419993
Current global best fitness: 0.568922
Current global best relays: 94.1942, 248.602
83.102, 95.3854
213.042, 321.893
Particle 1 new velocities: 69.5224, 154.717
126.284, 75.2376
152.983, 197.062
Particle 2 new velocities: 27.8024, 178.894
10.5775, 134.079
137.754, 227.491
Particle 3 new velocities: 117.845, 243.86
93.1684, 137.014
176.782, 401.024
Particle 4 new velocities: -0.622795, 19.9962
15.578, 5.2511
-2.17471, 33.322
Particle 5 new velocities: 57.2913, 132.437
94.8778, 61.734
109.88, 158.875
Particle 6 new velocities: 266, 186.799
291.549, 51.4645
222.982, 20.9
Particle 7 new velocities: 76.3377, 118.239
61.4157, 106.08
188.851, 234.92
Particle 8 new velocities: 125.698, 147.428
141.999, 78.6365
153.826, 127.81
Particle 9 new velocities: 159.41, 187.357
108.023, 58.3447
184.797, 331.117
Particle 10 new velocities: 96.3955, 99.0664
210.307, 172.694
197.951, 209.512
Particle 11 new velocities: 79.2611, 249.517
84.6965, 306.639
19.775, 134.293
Particle 12 new velocities: 57.4299, 91.901
100.923, 108.551
255.383, 210.784
Particle 13 new velocities: 35.0337, 98.3062
39.9336, 62.969
101.253, 169.529
Particle 14 new velocities: 55.3601, 131.156
78.6218, 40.4634
183.888, 286.697
Particle 15 new velocities: -22.6372, 74.4483
-34.3837, 15.0736
2.54975, 58.5737
Particle 16 new velocities: 61.7758, 168.353
96.1502, 90.9564
201.287, 170.724
Particle 17 new velocities: 19.6581, 124.07
20.215, 6.01849
79.6629, 167.367
Particle 18 new velocities: -8.02617, 147.662
-6.96277, 35.1608
63.4218, 94.2747
Particle 19 new velocities: 26.6674, 152.548
16.5972, 23.8297
152.906, 156.25
Particle 20 new velocities: 49.376, 125.443
15.5889, 49.3436
108.429, 242.224
-- ITERATION 4 --
-------------
Particle: 1:
Relays Coordinates:
69.7822, 226.932
95.1786, 84.7522
198.946, 311.575
Evaluation Time: 0.053189 seconds
Resulting Fitness: 0.558169
New local best!
-------------
Particle: 2:
Relays Coordinates:
56.8275, 206.224
53.9186, 130.709
175.372, 253.683
Evaluation Time: 0.0563799 seconds
Resulting Fitness: 0.432641
-------------
Particle: 3:
Relays Coordinates:
94.7062, 219.545
105.232, 110.401
216.388, 295.245
Evaluation Time: 0.0596218 seconds
Resulting Fitness: 0.560687
New local best!
-------------
Particle: 4:
Relays Coordinates:
85.9617, 231.305
88.7091, 87.6549
189.293, 296.629
Evaluation Time: 0.0487732 seconds
Resulting Fitness: 0.513914
-------------
Particle: 5:
Relays Coordinates:
90.8381, 239.134
87.0246, 97.7849
184.917, 294.059
Evaluation Time: 0.051814 seconds
Resulting Fitness: 0.511852
-------------
Particle: 6:
Relays Coordinates:
164.895, 152.452
202.831, 59.4109
145.806, 45.6383
Evaluation Time: 0.0522538 seconds
Resulting Fitness: 0.357098
-------------
Particle: 7:
Relays Coordinates:
46.5878, 126.221
70.0767, 68.8238
166.069, 207.912
Evaluation Time: 0.0444196 seconds
Resulting Fitness: 0.393274
-------------
Particle: 8:
Relays Coordinates:
66.8012, 190.441
133.622, 76.5802
150.566, 179.88
Evaluation Time: 0.0480558 seconds
Resulting Fitness: 0.418738
-------------
Particle: 9:
Relays Coordinates:
169.368, 170.69
75.6714, 59.8829
179.516, 204.572
Evaluation Time: 0.0499277 seconds
Resulting Fitness: 0.375354
-------------
Particle: 10:
Relays Coordinates:
106.222, 109.234
169.335, 184.268
198.606, 217.891
Evaluation Time: 0.0507241 seconds
Resulting Fitness: 0.42434
-------------
Particle: 11:
Relays Coordinates:
58.0039, 144.45
81.0202, 193.71
49.7528, 139.05
Evaluation Time: 0.0467981 seconds
Resulting Fitness: 0.325249
-------------
Particle: 12:
Relays Coordinates:
49.1673, 71.751
59.0347, 83.5245
175.783, 174.122
Evaluation Time: 0.0592096 seconds
Resulting Fitness: 0.352859
-------------
Particle: 13:
Relays Coordinates:
81.3787, 209.425
101.839, 102.226
188.979, 303.949
Evaluation Time: 0.0593443 seconds
Resulting Fitness: 0.558981
New local best!
-------------
Particle: 14:
Relays Coordinates:
87.4201, 179.309
77.2644, 41.0846
173.798, 290.473
Evaluation Time: 0.0622839 seconds
Resulting Fitness: 0.482948
New local best!
-------------
Particle: 15:
Relays Coordinates:
63.5775, 242.157
53.485, 95.0857
196.533, 279.931
Evaluation Time: 0.0513186 seconds
Resulting Fitness: 0.500212
-------------
Particle: 16:
Relays Coordinates:
56.7222, 145.909
71.4013, 79.81
201.423, 173.463
Evaluation Time: 0.0577556 seconds
Resulting Fitness: 0.392763
New local best!
-------------
Particle: 17:
Relays Coordinates:
83.2092, 220.652
61.1579, 67.4497
179.684, 320.763
Evaluation Time: 0.0506689 seconds
Resulting Fitness: 0.538674
-------------
Particle: 18:
Relays Coordinates:
63.6495, 234.418
53.4731, 91.3476
146.062, 243.867
Evaluation Time: 0.0569917 seconds
Resulting Fitness: 0.433513
-------------
Particle: 19:
Relays Coordinates:
45.2532, 196.859
58.8539, 54.6912
188.261, 172.42
Evaluation Time: 0.0561868 seconds
Resulting Fitness: 0.425409
-------------
Particle: 20:
Relays Coordinates:
69.6837, 188.797
95.5757, 46.3862
157.505, 230.729
Evaluation Time: 0.0526403 seconds
Resulting Fitness: 0.422448
Current global best fitness: 0.568922
Current global best relays: 94.1942, 248.602
83.102, 95.3854
213.042, 321.893
Particle 1 new velocities: 64.0675, 126.495
92.5582, 70.1816
134.658, 163.583
Particle 2 new velocities: 55.6494, 201.355
69.0735, 66.2587
143.618, 198.072
Particle 3 new velocities: 93.8645, 221.47
60.7692, 94.7211
137.793, 18.0214
Particle 4 new velocities: 7.72321, -2.5184
28.4225, 2.79691
44.2641, 32.795
Particle 5 new velocities: 49.0699, 122.075
69.1064, 46.3032
106.981, 174.234
Particle 6 new velocities: 203.802, 277.857
291.286, 292.249
237.278, 248.28
Particle 7 new velocities: 94.1111, 201.489
69.6815, 119.287
286.509, 314.144
Particle 8 new velocities: 358.229, 169.377
83.0665, 81.5592
111.651, 246.123
Particle 9 new velocities: 175.508, 298.205
149.703, 57.424
323.114, 177.268
Particle 10 new velocities: 68.0342, 87.2858
193.16, 260.751
184.309, 129.856
Particle 11 new velocities: 112.903, 334.576
274.019, -56.8699
232.154, 290.094
Particle 12 new velocities: 154.111, 272.389
104.986, 104.4
259.445, 275.974
Particle 13 new velocities: 37.799, 86.2804
24.3149, 47.9119
84.1549, 156.436
Particle 14 new velocities: 50.717, 105.166
65.2812, 98.7295
168.25, 233.816
Particle 15 new velocities: 34.4575, 66.033
47.2003, 22.4917
25.5153, 82.1732
Particle 16 new velocities: 78.5468, 165.221
88.6069, 87.6897
166.586, 246.104
Particle 17 new velocities: 53.2958, 98.4805
24.7214, 52.3722
124.645, 134.509
Particle 18 new velocities: 51.1301, 159.553
71.2439, 35.4903
144.31, 119.157
Particle 19 new velocities: 77.6817, 137.475
38.955, 33.7181
134.721, 287.478
Particle 20 new velocities: 96.5815, 177.037
7.55742, 61.4556
117.238, 158.581
-- ITERATION 5 --
-------------
Particle: 1:
Relays Coordinates:
79.0369, 208.695
110.857, 91.4869
196.99, 280.576
Evaluation Time: 0.0510438 seconds
Resulting Fitness: 0.528536
-------------
Particle: 2:
Relays Coordinates:
73.7961, 267.412
80.6951, 129.231
209.289, 296.396
Evaluation Time: 0.0506873 seconds
Resulting Fitness: 0.557459
New local best!
-------------
Particle: 3:
Relays Coordinates:
100.214, 234.373
88.2201, 109.01
188.227, 166.483
Evaluation Time: 0.0534823 seconds
Resulting Fitness: 0.473351
-------------
Particle: 4:
Relays Coordinates:
75.8848, 185.317
94.8766, 73.2659
189.181, 266.834
Evaluation Time: 0.0502447 seconds
Resulting Fitness: 0.510044
-------------
Particle: 5:
Relays Coordinates:
91.7937, 236.989
102.438, 94.5362
191.514, 307.247
Evaluation Time: 0.0504742 seconds
Resulting Fitness: 0.562721
-------------
Particle: 6:
Relays Coordinates:
115.701, 135.036
155.059, 110.355
120.216, 92.2346
Evaluation Time: 0.0501533 seconds
Resulting Fitness: 0.326937
-------------
Particle: 7:
Relays Coordinates:
60.5663, 141.069
60.1614, 80.9755
194.82, 215.234
Evaluation Time: 0.0622344 seconds
Resulting Fitness: 0.414749
-------------
Particle: 8:
Relays Coordinates:
225.878, 191.222
115.157, 84.0418
139.353, 226.395
Evaluation Time: 0.0549558 seconds
Resulting Fitness: 0.508916
-------------
Particle: 9:
Relays Coordinates:
133.612, 181.66
87.3148, 45.4471
193.71, 147.933
Evaluation Time: 0.0506419 seconds
Resulting Fitness: 0.395796
-------------
Particle: 10:
Relays Coordinates:
92.6071, 104.439
192.645, 236.501
203.497, 184.807
Evaluation Time: 0.0479987 seconds
Resulting Fitness: 0.482597
-------------
Particle: 11:
Relays Coordinates:
66.2129, 185.584
137.55, 53.0147
109.217, 166.259
Evaluation Time: 0.0545567 seconds
Resulting Fitness: 0.3897
-------------
Particle: 12:
Relays Coordinates:
120.034, 203.212
96.8523, 110.967
256.998, 265.777
Evaluation Time: 0.0480881 seconds
Resulting Fitness: 0.535677
New local best!
-------------
Particle: 13:
Relays Coordinates:
78.1925, 194.013
82.7696, 98.5053
179.203, 302.059
Evaluation Time: 0.0548242 seconds
Resulting Fitness: 0.532125
-------------
Particle: 14:
Relays Coordinates:
66.0706, 136.063
68.1791, 66.8727
163.6, 239.148
Evaluation Time: 0.056126 seconds
Resulting Fitness: 0.409799
-------------
Particle: 15:
Relays Coordinates:
79.4084, 249.634
81.5551, 95.2376
179.859, 293.304
Evaluation Time: 0.0578656 seconds
Resulting Fitness: 0.491768
-------------
Particle: 16:
Relays Coordinates:
79.875, 183.719
94.4832, 98.9069
217.306, 247.75
Evaluation Time: 0.0604146 seconds
Resulting Fitness: 0.495626
New local best!
-------------
Particle: 17:
Relays Coordinates:
89.5609, 209.383
56.3454, 78.6152
199.67, 298.704
Evaluation Time: 0.0477485 seconds
Resulting Fitness: 0.520785
-------------
Particle: 18:
Relays Coordinates:
60.9985, 209.372
66.2797, 67.4069
154.316, 192.926
Evaluation Time: 0.0578079 seconds
Resulting Fitness: 0.420021
-------------
Particle: 19:
Relays Coordinates:
72.5919, 197.42
57.7552, 52.2048
190.718, 271.565
Evaluation Time: 0.0517406 seconds
Resulting Fitness: 0.509728
New local best!
-------------
Particle: 20:
Relays Coordinates:
88.3602, 194.419
54.8092, 57.3116
146.01, 206.895
Evaluation Time: 0.0506506 seconds
Resulting Fitness: 0.407379
Current global best fitness: 0.568922
Current global best relays: 94.1942, 248.602
83.102, 95.3854
213.042, 321.893
Particle 1 new velocities: 63.4557, 158.173
42.3803, 59.9998
117.247, 209.477
Particle 2 new velocities: 45.7499, 153.95
56.3727, 11.3191
117.376, 174.555
Particle 3 new velocities: 71.4936, 173.614
63.4471, 72.211
146.823, 165.746
Particle 4 new velocities: 29.501, 13.5676
61.8717, 12.5239
84.3761, 95.8801
Particle 5 new velocities: 43.8068, 100.987
33.0806, 37.6278
108.673, 140.978
Particle 6 new velocities: 186.265, 386.291
425.941, 238.435
229.593, 444.301
Particle 7 new velocities: 80.5174, 303.828
132.801, 94.493
294.306, 27.3014
Particle 8 new velocities: 286.25, 182.387
56.5984, 70.0546
118.118, 201.751
Particle 9 new velocities: 127.948, 285.626
174.458, 89.6793
63.4814, 300.832
Particle 10 new velocities: 69.8849, 66.8016
135.026, 101.345
196.26, 215.945
Particle 11 new velocities: 116.048, 285.805
265.013, 322.092
221.025, 339.543
Particle 12 new velocities: 100.675, 227.35
77.409, 67.5318
187.266, 277.212
Particle 13 new velocities: 36.2849, 119.873
39.788, 43.5229
101.984, 151.097
Particle 14 new velocities: 83.1849, 127.58
60.5373, 57.5707
208.531, 60.5415
Particle 15 new velocities: 33.3831, 24.1374
58.1801, 26.6314
78.0847, 66.0151
Particle 16 new velocities: 70.2204, 136.469
58.5145, 68.37
129.16, 283.242
Particle 17 new velocities: 60.8219, 116.271
48.6638, 63.0664
111.147, 149.967
Particle 18 new velocities: 59.5489, 191.69
101.149, 101.104
196.211, 281.178
Particle 19 new velocities: 82.2454, 152.543
42.1111, 62.3194
114.537, 286.117
Particle 20 new velocities: 81.1207, 157.766
90.5449, 79.5022
251.935, 77.8302
-- ITERATION 6 --
-------------
Particle: 1:
Relays Coordinates:
93.4894, 240.702
100.539, 99.3904
206.171, 321.524
Evaluation Time: 0.0650776 seconds
Resulting Fitness: 0.573419
New local best!
New global best!
-------------
Particle: 2:
Relays Coordinates:
63.5317, 223.929
72.8435, 74.6939
173.603, 250.283
Evaluation Time: 0.0496768 seconds
Resulting Fitness: 0.434643
-------------
Particle: 3:
Relays Coordinates:
101.392, 240.912
89.5579, 107.009
197.844, 196.178
Evaluation Time: 0.0527978 seconds
Resulting Fitness: 0.476497
-------------
Particle: 4:
Relays Coordinates:
69.1436, 130.488
102.843, 56.2867
179.481, 237.977
Evaluation Time: 0.0498799 seconds
Resulting Fitness: 0.443582
-------------
Particle: 5:
Relays Coordinates:
98.8528, 246.385
98.7927, 96.3476
218.836, 326.756
Evaluation Time: 0.0473874 seconds
Resulting Fitness: 0.571889
New local best!
-------------
Particle: 6:
Relays Coordinates:
76.7558, 127.093
127.093, 88.6576
88.9168, 127.093
Evaluation Time: 0.0562338 seconds
Resulting Fitness: 0.314401
-------------
Particle: 7:
Relays Coordinates:
67.4799, 212.793
92.2933, 83.9261
233.948, 116.004
Evaluation Time: 0.0542626 seconds
Resulting Fitness: 0.450431
New local best!
-------------
Particle: 8:
Relays Coordinates:
265.721, 198.551
91.2779, 81.8932
136.83, 227.535
Evaluation Time: 0.0509195 seconds
Resulting Fitness: 0.536445
New local best!
-------------
Particle: 9:
Relays Coordinates:
125.103, 223.501
125.205, 64.6305
123.014, 214.643
Evaluation Time: 0.0486757 seconds
Resulting Fitness: 0.455504
-------------
Particle: 10:
Relays Coordinates:
106.611, 112.351
214.985, 221.661
262.28, 262.933
Evaluation Time: 0.0595708 seconds
Resulting Fitness: 0.473402
-------------
Particle: 11:
Relays Coordinates:
51.4759, 133.134
113.696, 105.941
93.27, 141.215
Evaluation Time: 0.0483164 seconds
Resulting Fitness: 0.302112
-------------
Particle: 12:
Relays Coordinates:
130.326, 254.242
102.9, 105.402
262.333, 295.245
Evaluation Time: 0.049939 seconds
Resulting Fitness: 0.575696
New local best!
New global best!
-------------
Particle: 13:
Relays Coordinates:
75.1086, 205.94
80.41, 93.1847
184.487, 297.315
Evaluation Time: 0.0511761 seconds
Resulting Fitness: 0.498663
-------------
Particle: 14:
Relays Coordinates:
97.9265, 172.977
84.4508, 81.6473
244.155, 196.627
Evaluation Time: 0.0503148 seconds
Resulting Fitness: 0.49626
New local best!
-------------
Particle: 15:
Relays Coordinates:
91.3611, 221.755
113.186, 98.7139
208.934, 291.049
Evaluation Time: 0.0668473 seconds
Resulting Fitness: 0.556576
-------------
Particle: 16:
Relays Coordinates:
79.7669, 170.161
81.3093, 88.8978
184.126, 265.721
Evaluation Time: 0.0599073 seconds
Resulting Fitness: 0.497332
New local best!
-------------
Particle: 17:
Relays Coordinates:
109.629, 237.402
76.5517, 103.286
226.586, 327.081
Evaluation Time: 0.0497781 seconds
Resulting Fitness: 0.576623
New local best!
New global best!
-------------
Particle: 18:
Relays Coordinates:
71.182, 236.823
98.8652, 99.5038
206.983, 279.953
Evaluation Time: 0.0488548 seconds
Resulting Fitness: 0.530811
-------------
Particle: 19:
Relays Coordinates:
91.4299, 206.65
58.9701, 67.6254
180.25, 295.245
Evaluation Time: 0.061101 seconds
Resulting Fitness: 0.49891
-------------
Particle: 20:
Relays Coordinates:
100.077, 207.962
85.8301, 80.7872
234.982, 168.128
Evaluation Time: 0.0573629 seconds
Resulting Fitness: 0.473482
New local best!
Current global best fitness: 0.576623
Current global best relays: 109.629, 237.402
76.5517, 103.286
226.586, 327.081
Particle 1 new velocities: 65.406, 125.979
4.23329, 49.4852
99.5769, 168.567
Particle 2 new velocities: 87.427, 142.2
52.9069, 95.5695
198.861, 225.336
Particle 3 new velocities: 57.0184, 123.126
49.9549, 59.6806
167.703, 297.356
Particle 4 new velocities: 80.208, 162.933
24.0989, 18.6642
104.152, 149.422
Particle 5 new velocities: 41.0107, 78.0128
11.7615, 34.9823
92.9606, 112.797
Particle 6 new velocities: 202.557, 134.688
86.0288, 277.322
331.774, -82.6615
Particle 7 new velocities: 110.217, 251.931
85.8312, 85.2617
229.494, 148.615
Particle 8 new velocities: -48.3196, 195.548
44.8256, 83.5193
170.579, 246.853
Particle 9 new velocities: 296.462, 238.895
112.651, 113.011
108.815, 228.475
Particle 10 new velocities: 60.5278, 136.008
50.2872, 104.809
74.519, 97.3829
Particle 11 new velocities: 139.676, 456.578
181.392, 346.013
336.757, 77.5522
Particle 12 new velocities: 71.0993, 162.786
55.484, 52.4524
112.394, 37.81
Particle 13 new velocities: 61.8088, 132.497
54.4322, 49.1466
85.4915, 144.511
Particle 14 new velocities: 79.4454, 159.243
45.8294, 68.0517
161.1, 194.176
Particle 15 new velocities: 48.8524, 34.9512
1.01437, 23.3789
110.416, 85.3639
Particle 16 new velocities: 86.7749, 126.742
41.1778, 67.2984
149.996, 4.0971
Particle 17 new velocities: 48.6575, 93.0169
38.931, 50.4531
88.9177, 119.974
Particle 18 new velocities: 110.272, 167.812
71.8768, 113
135.059, 262.627
Particle 19 new velocities: 55.6389, 142.35
49.7509, 37.7486
146.094, 8.9264
Particle 20 new velocities: 72.678, 160.368
69.1612, 90.6311
191.364, 183.78
-- ITERATION 7 --
-------------
Particle: 1:
Relays Coordinates:
104.251, 240.579
68.7409, 97.6772
200.601, 321.549
Evaluation Time: 0.0381194 seconds
Resulting Fitness: 0.549691
-------------
Particle: 2:
Relays Coordinates:
89.1396, 216.196
74.2544, 100.539
219.936, 280.848
Evaluation Time: 0.0516594 seconds
Resulting Fitness: 0.512681
-------------
Particle: 3:
Relays Coordinates:
93.5396, 214.961
82.3809, 98.4288
215.851, 291.427
Evaluation Time: 0.0500913 seconds
Resulting Fitness: 0.551039
-------------
Particle: 4:
Relays Coordinates:
97.9896, 192.513
83.2863, 49.1753
186.092, 254.172
Evaluation Time: 0.0468058 seconds
Resulting Fitness: 0.511132
-------------
Particle: 5:
Relays Coordinates:
101.96, 236.486
80.594, 95.7395
227.3, 320.434
Evaluation Time: 0.0518039 seconds
Resulting Fitness: 0.575573
New local best!
-------------
Particle: 6:
Relays Coordinates:
108.212, 101.419
82.5679, 141.788
162.984, 17.2138
Evaluation Time: 0.0623615 seconds
Resulting Fitness: 0.31406
-------------
Particle: 7:
Relays Coordinates:
84.9919, 222.276
85.1964, 80.922
221.663, 126.566
Evaluation Time: 0.0561262 seconds
Resulting Fitness: 0.487743
New local best!
-------------
Particle: 8:
Relays Coordinates:
128.373, 232.712
80.3678, 97.6744
181.522, 280.121
Evaluation Time: 0.0549532 seconds
Resulting Fitness: 0.485744
-------------
Particle: 9:
Relays Coordinates:
201.634, 221.163
113.766, 84.9652
110.883, 211.942
Evaluation Time: 0.053605 seconds
Resulting Fitness: 0.52998
New local best!
-------------
Particle: 10:
Relays Coordinates:
79.942, 118.79
126.879, 156.15
161.09, 172.338
Evaluation Time: 0.0532321 seconds
Resulting Fitness: 0.338036
-------------
Particle: 11:
Relays Coordinates:
59.9854, 156.905
92.6017, 141.828
134.947, 68.6514
Evaluation Time: 0.0512402 seconds
Resulting Fitness: 0.333838
-------------
Particle: 12:
Relays Coordinates:
107.046, 221.626
84.1715, 83.8903
199.145, 176.999
Evaluation Time: 0.0471116 seconds
Resulting Fitness: 0.472881
-------------
Particle: 13:
Relays Coordinates:
99.8128, 246.721
98.3, 103.76
196.814, 322.092
Evaluation Time: 0.0478601 seconds
Resulting Fitness: 0.566589
New local best!
-------------
Particle: 14:
Relays Coordinates:
116.374, 217.969
85.4769, 98.2175
265.888, 256.405
Evaluation Time: 0.0583448 seconds
Resulting Fitness: 0.545587
New local best!
-------------
Particle: 15:
Relays Coordinates:
91.994, 168.425
74.9265, 80.1051
209.526, 246.964
Evaluation Time: 0.05079 seconds
Resulting Fitness: 0.497572
-------------
Particle: 16:
Relays Coordinates:
121.409, 216.442
89.2931, 113.867
243.575, 196.697
Evaluation Time: 0.0563399 seconds
Resulting Fitness: 0.532997
New local best!
-------------
Particle: 17:
Relays Coordinates:
115.391, 240.875
84.1869, 112.076
230.002, 325.903
Evaluation Time: 0.0534234 seconds
Resulting Fitness: 0.577653
New local best!
New global best!
-------------
Particle: 18:
Relays Coordinates:
96.4323, 215.039
90.7393, 112.933
181.775, 265.721
Evaluation Time: 0.0448427 seconds
Resulting Fitness: 0.483079
-------------
Particle: 19:
Relays Coordinates:
86.8426, 206.081
64.1986, 62.2223
192.703, 179.61
Evaluation Time: 0.0543295 seconds
Resulting Fitness: 0.451211
-------------
Particle: 20:
Relays Coordinates:
102.01, 217.495
91.5209, 101.221
251.753, 207.798
Evaluation Time: 0.054048 seconds
Resulting Fitness: 0.527544
New local best!
Current global best fitness: 0.577653
Current global best relays: 115.391, 240.875
84.1869, 112.076
230.002, 325.903
Particle 1 new velocities: 50.3138, 101.229
53.5969, 50.5747
93.4011, 138.731
Particle 2 new velocities: 70.182, 185.218
59.1114, 122.414
148.989, 230.757
Particle 3 new velocities: 59.4868, 134.74
53.2695, 78.6829
152.138, 256.614
Particle 4 new velocities: 68.2677, 172.79
37.1899, 112.438
131.968, 145.807
Particle 5 new velocities: 42.9071, 66.7124
13.974, 34.2642
76.3922, 96.1933
Particle 6 new velocities: 311.085, 379.077
116.922, 377.815
247.926, 169.737
Particle 7 new velocities: 99.1938, 202.349
68.5098, 80.0964
188.061, 185.194
Particle 8 new velocities: 0.494303, 120.74
53.9278, 62.3282
88.3143, 191.769
Particle 9 new velocities: 234.489, 213.337
67.4253, 91.4745
124.586, 326.838
Particle 10 new velocities: 118.208, 209.772
175.296, 173.975
254.808, 157.327
Particle 11 new velocities: 126.465, 67.6189
317.193, 359.095
306.119, 501.869
Particle 12 new velocities: 98.6194, 166.184
66.4984, 68.3375
218.53, 171.325
Particle 13 new velocities: 52.3679, 103.762
31.5151, 47.2071
77.2594, 116.173
Particle 14 new velocities: 62.9302, 134.472
35.1544, 55.6884
117.081, 165.533
Particle 15 new velocities: 53.9241, 93.092
31.9191, 62.1108
100.626, 132.502
Particle 16 new velocities: 67.909, 114.726
29.7931, 52.6706
102.356, 95.3628
Particle 17 new velocities: 38.926, 74.4135
31.1448, 40.3625
71.1342, 95.9789
Particle 18 new velocities: 139.507, 215.598
59.456, 99.4144
126.36, 52.687
Particle 19 new velocities: 41.6399, 137.807
37.6506, 73.2709
115.699, 219.502
Particle 20 new velocities: 66.7961, 134.888
48.6221, 75.4568
136.863, 208.39
-- ITERATION 8 --
-------------
Particle: 1:
Relays Coordinates:
112.678, 249.178
89.1843, 108.076
214.328, 335.544
Evaluation Time: 0.0485877 seconds
Resulting Fitness: 0.575939
New local best!
-------------
Particle: 2:
Relays Coordinates:
94.0778, 237.031
78.7512, 131.652
217.847, 295.245
Evaluation Time: 0.0470927 seconds
Resulting Fitness: 0.548429
-------------
Particle: 3:
Relays Coordinates:
90.3606, 206.495
80.1002, 104.583
217.294, 295.245
Evaluation Time: 0.0471409 seconds
Resulting Fitness: 0.557306
-------------
Particle: 4:
Relays Coordinates:
121.202, 266.306
87.8271, 117.816
231.866, 291.585
Evaluation Time: 0.0505235 seconds
Resulting Fitness: 0.561653
-------------
Particle: 5:
Relays Coordinates:
105.608, 221.032
68.9401, 94.7727
221.392, 303.721
Evaluation Time: 0.0475237 seconds
Resulting Fitness: 0.568327
-------------
Particle: 6:
Relays Coordinates:
131.58, 150.785
62.602, 156.905
128.948, 58.6671
Evaluation Time: 0.047086 seconds
Resulting Fitness: 0.388466
-------------
Particle: 7:
Relays Coordinates:
97.8838, 225.663
81.6858, 85.5717
217.744, 165.682
Evaluation Time: 0.0521959 seconds
Resulting Fitness: 0.491749
New local best!
-------------
Particle: 8:
Relays Coordinates:
93.9443, 257.666
97.9015, 116.642
196.711, 344.008
Evaluation Time: 0.0560173 seconds
Resulting Fitness: 0.57259
New local best!
-------------
Particle: 9:
Relays Coordinates:
187.737, 187.038
77.9969, 75.9515
101.362, 215.234
Evaluation Time: 0.0481329 seconds
Resulting Fitness: 0.461165
-------------
Particle: 10:
Relays Coordinates:
76.7675, 127.291
117.069, 127.897
161.128, 127.719
Evaluation Time: 0.0458935 seconds
Resulting Fitness: 0.352978
-------------
Particle: 11:
Relays Coordinates:
80.2608, 96.6503
176.403, 215.234
189.865, 215.234
Evaluation Time: 0.0449801 seconds
Resulting Fitness: 0.411275
-------------
Particle: 12:
Relays Coordinates:
121.443, 228.998
88.9691, 89.889
246.633, 205.682
Evaluation Time: 0.0501636 seconds
Resulting Fitness: 0.527697
-------------
Particle: 13:
Relays Coordinates:
110.94, 255.502
94.6352, 110.055
199.8, 319.495
Evaluation Time: 0.0475916 seconds
Resulting Fitness: 0.565755
-------------
Particle: 14:
Relays Coordinates:
117.641, 231.237
79.1462, 100.978
251.266, 276.834
Evaluation Time: 0.0561332 seconds
Resulting Fitness: 0.566846
New local best!
-------------
Particle: 15:
Relays Coordinates:
106.374, 190.646
77.8905, 103.675
226.1, 276.631
Evaluation Time: 0.0586477 seconds
Resulting Fitness: 0.530196
-------------
Particle: 16:
Relays Coordinates:
138.013, 241.422
86.8138, 121.406
252.184, 212.912
Evaluation Time: 0.0598959 seconds
Resulting Fitness: 0.527653
-------------
Particle: 17:
Relays Coordinates:
124.997, 255.384
93.4187, 123.475
243.921, 341.724
Evaluation Time: 0.0526227 seconds
Resulting Fitness: 0.578591
New local best!
New global best!
-------------
Particle: 18:
Relays Coordinates:
139.32, 254.287
88.6888, 125.389
181.951, 188.016
Evaluation Time: 0.0481297 seconds
Resulting Fitness: 0.477045
-------------
Particle: 19:
Relays Coordinates:
93.6637, 250.694
74.2481, 98.7745
224.825, 290.953
Evaluation Time: 0.0478116 seconds
Resulting Fitness: 0.560976
New local best!
-------------
Particle: 20:
Relays Coordinates:
110.754, 231.198
91.9478, 115.918
254.971, 273.061
Evaluation Time: 0.0558416 seconds
Resulting Fitness: 0.563306
New local best!
Current global best fitness: 0.578591
Current global best relays: 124.997, 255.384
93.4187, 123.475
243.921, 341.724
Particle 1 new velocities: 53.5074, 84.8738
45.9699, 50.3015
84.645, 116.908
Particle 2 new velocities: 36.2103, 174.127
66.5519, 91.4729
114.024, 18.4566
Particle 3 new velocities: 80.9117, 128.111
75.1284, 81.6783
133.324, 5.1055
Particle 4 new velocities: 18.17, 88.6918
82.8604, 34.6511
106.029, 121.38
Particle 5 new velocities: 50.6243, 96.3786
15.9809, 62.5211
77.8315, 112.585
Particle 6 new velocities: 325.749, 412.806
391.744, 136.147
218.518, 185.272
Particle 7 new velocities: 84.0868, 187.416
69.9861, 105.55
163.21, 359.143
Particle 8 new velocities: 17.4807, 95.0529
39.8578, 52.3584
82.9789, 152.106
Particle 9 new velocities: 132.852, 227.994
71.4206, 95.3063
199.693, 143.767
Particle 10 new velocities: 158.069, 231.829
254.374, 371.413
304.772, 203.676
Particle 11 new velocities: 117.43, 208.7
301.239, 29.0438
66.1799, -44.8503
Particle 12 new velocities: 86.7094, 186.344
77.6031, 84.5365
195.195, 369.262
Particle 13 new velocities: 49.0108, 69.7062
29.925, 43.0586
83.5267, 109.381
Particle 14 new velocities: 52.3161, 121.04
42.1247, 68.9179
93.3348, 168.275
Particle 15 new velocities: 48.0025, 142.132
53.7298, 48.4242
109.87, 117.85
Particle 16 new velocities: 36.2325, 81.5147
29.5696, 34.4563
71.3355, 142.688
Particle 17 new velocities: 31.1408, 59.5308
24.9159, 32.29
56.9074, 76.7831
Particle 18 new velocities: 89.8138, 167.15
57.6651, 73.0698
174.408, 274.81
Particle 19 new velocities: 35.7342, 111.641
32.3332, 71.5767
99.4001, 210.309
Particle 20 new velocities: 63.1986, 134.05
40.7691, 64.5514
108.355, 169.011
-- ITERATION 9 --
-------------
Particle: 1:
Relays Coordinates:
121.149, 243.524
98.5274, 115.457
217.951, 329.838
Evaluation Time: 0.0508865 seconds
Resulting Fitness: 0.574328
-------------
Particle: 2:
Relays Coordinates:
69.2404, 218.506
77.22, 118.577
176.37, 166.714
Evaluation Time: 0.0616446 seconds
Resulting Fitness: 0.421544
-------------
Particle: 3:
Relays Coordinates:
101.135, 197.582
91.661, 109.985
207.037, 177.354
Evaluation Time: 0.0680929 seconds
Resulting Fitness: 0.453461
-------------
Particle: 4:
Relays Coordinates:
91.4417, 232.914
111.988, 100.034
221.693, 270.947
Evaluation Time: 0.0550753 seconds
Resulting Fitness: 0.530627
-------------
Particle: 5:
Relays Coordinates:
126.549, 257.102
68.786, 127.408
242.371, 337.208
Evaluation Time: 0.0500538 seconds
Resulting Fitness: 0.577337
New local best!
-------------
Particle: 6:
Relays Coordinates:
159.461, 174.339
158.421, 102.181
121.154, 85.0561
Evaluation Time: 0.0676345 seconds
Resulting Fitness: 0.348588
-------------
Particle: 7:
Relays Coordinates:
107.452, 243.919
89.5608, 112.855
224.95, 295.245
Evaluation Time: 0.0664356 seconds
Resulting Fitness: 0.562886
New local best!
-------------
Particle: 8:
Relays Coordinates:
73.106, 231.419
90.3838, 110.881
183.505, 325.5
Evaluation Time: 0.058954 seconds
Resulting Fitness: 0.562179
-------------
Particle: 9:
Relays Coordinates:
189.305, 245.072
88.2295, 101.126
177.77, 211.986
Evaluation Time: 0.0480584 seconds
Resulting Fitness: 0.466665
-------------
Particle: 10:
Relays Coordinates:
81.8824, 125.217
129.514, 174.099
162.449, 115.55
Evaluation Time: 0.0511087 seconds
Resulting Fitness: 0.354468
-------------
Particle: 11:
Relays Coordinates:
94.5547, 146.048
228.455, 116.837
122.465, 81.4938
Evaluation Time: 0.0538672 seconds
Resulting Fitness: 0.369395
-------------
Particle: 12:
Relays Coordinates:
122.912, 245.255
98.3592, 102.996
260.895, 295.245
Evaluation Time: 0.0560193 seconds
Resulting Fitness: 0.573638
-------------
Particle: 13:
Relays Coordinates:
116.604, 237.077
90.8043, 111.62
206.545, 312.651
Evaluation Time: 0.0493237 seconds
Resulting Fitness: 0.564683
-------------
Particle: 14:
Relays Coordinates:
123.899, 256.81
88.4065, 123.854
251.214, 324.484
Evaluation Time: 0.0479415 seconds
Resulting Fitness: 0.578072
New local best!
-------------
Particle: 15:
Relays Coordinates:
112.541, 242.595
95.9512, 110.881
244.923, 287.576
Evaluation Time: 0.0514614 seconds
Resulting Fitness: 0.565964
New local best!
-------------
Particle: 16:
Relays Coordinates:
127.025, 235.421
84.8435, 113.624
235.845, 259.232
Evaluation Time: 0.0502208 seconds
Resulting Fitness: 0.531033
-------------
Particle: 17:
Relays Coordinates:
113.824, 229.573
86.2659, 113.553
219.304, 305.092
Evaluation Time: 0.0580854 seconds
Resulting Fitness: 0.566606
-------------
Particle: 18:
Relays Coordinates:
135.301, 248.854
86.4205, 117.188
210.426, 273.294
Evaluation Time: 0.0483312 seconds
Resulting Fitness: 0.502502
-------------
Particle: 19:
Relays Coordinates:
76.4082, 213.955
62.9352, 100.591
191.452, 295.245
Evaluation Time: 0.0539517 seconds
Resulting Fitness: 0.51385
-------------
Particle: 20:
Relays Coordinates:
114.13, 239.64
87.0756, 118.406
238.378, 290.043
Evaluation Time: 0.0495055 seconds
Resulting Fitness: 0.565517
New local best!
Current global best fitness: 0.578591
Current global best relays: 124.997, 255.384
93.4187, 123.475
243.921, 341.724
Particle 1 new velocities: 41.2296, 74.2084
27.8577, 35.7833
80.3011, 110.709
Particle 2 new velocities: 67.4852, 260.129
68.9314, 93.1694
200.794, 48.5341
Particle 3 new velocities: 59.3217, 186.665
70.5258, 82.2124
141.796, 254.997
Particle 4 new velocities: 39.3619, 32.974
66.6768, 29.0686
106.202, 173.677
Particle 5 new velocities: 40.1025, 76.8022
33.4707, 45.9415
64.0713, 92.7385
Particle 6 new velocities: 233.971, 91.9747
370.023, 259.458
239.56, 149.459
Particle 7 new velocities: 80.8173, 161.917
58.3243, 89.0097
153.018, 48.3069
Particle 8 new velocities: 53.7732, 126.867
46.4642, 49.8463
125.426, 135.683
Particle 9 new velocities: 53.5926, 182.252
67.7063, 80.6055
122.103, 193.196
Particle 10 new velocities: 146.37, 209.4
291.28, 294.29
398.151, 466.095
Particle 11 new velocities: 111.656, 294.028
111.469, 163.809
1.26941, 35.6554
Particle 12 new velocities: 71.0931, 159.425
63.9443, 82.533
137.934, 17.8147
Particle 13 new velocities: 18, 80.6009
30.2103, 28.4936
61.7775, 114.693
Particle 14 new velocities: 42.6401, 96.4632
39.9934, 55.065
69.9133, 146.869
Particle 15 new velocities: 46.1715, 120.861
41.2578, 42.4543
87.1839, 139.869
Particle 16 new velocities: 24.3279, 72.054
33.0127, 34.6919
76.3522, 138.728
Particle 17 new velocities: 48.1859, 95.5681
30.6369, 35.4956
87.1958, 118.027
Particle 18 new velocities: 47.6384, 138.182
63.8649, 69.1155
128.234, 277.931
Particle 19 new velocities: 87.1714, 117.536
68.0264, 74.1641
170.17, 13.8894
Particle 20 new velocities: 64.6684, 116.928
34.7889, 51.7103
88.3689, 193.286
-- ITERATION 10 --
-------------
Particle: 1:
Relays Coordinates:
118.374, 231.627
92.1348, 110.254
217.426, 321.158
Evaluation Time: 0.0478051 seconds
Resulting Fitness: 0.572439
-------------
Particle: 2:
Relays Coordinates:
72.6616, 254.366
77.6709, 112.531
200.44, 114.392
Evaluation Time: 0.0510957 seconds
Resulting Fitness: 0.487638
-------------
Particle: 3:
Relays Coordinates:
94.7478, 226.894
95.7697, 113.491
205.983, 255.299
Evaluation Time: 0.0489752 seconds
Resulting Fitness: 0.509828
-------------
Particle: 4:
Relays Coordinates:
69.5144, 141.304
94.9499, 68.6104
174.257, 236.291
Evaluation Time: 0.0607809 seconds
Resulting Fitness: 0.416499
-------------
Particle: 5:
Relays Coordinates:
121.489, 243.416
74.5452, 126.372
223.396, 313.431
Evaluation Time: 0.0538988 seconds
Resulting Fitness: 0.567293
-------------
Particle: 6:
Relays Coordinates:
137.181, 92.8579
174.339, 126.096
125.773, 81.7704
Evaluation Time: 0.0455276 seconds
Resulting Fitness: 0.345989
-------------
Particle: 7:
Relays Coordinates:
111.171, 239.642
87.3246, 119.199
223.186, 202.864
Evaluation Time: 0.0474988 seconds
Resulting Fitness: 0.500191
-------------
Particle: 8:
Relays Coordinates:
92.4949, 261.191
99.7622, 117.17
225.21, 336.203
Evaluation Time: 0.0512988 seconds
Resulting Fitness: 0.57315
New local best!
-------------
Particle: 9:
Relays Coordinates:
143.428, 252.33
92.0786, 107.311
177.072, 239.256
Evaluation Time: 0.0481795 seconds
Resulting Fitness: 0.461045
-------------
Particle: 10:
Relays Coordinates:
79.5866, 116.674
146.722, 163.317
174.339, 174.339
Evaluation Time: 0.0513759 seconds
Resulting Fitness: 0.354105
-------------
Particle: 11:
Relays Coordinates:
109.589, 233.874
180.65, 149.147
65.7577, 62.2579
Evaluation Time: 0.0449613 seconds
Resulting Fitness: 0.460384
-------------
Particle: 12:
Relays Coordinates:
114.558, 238.96
95.8386, 109.553
235.505, 184.859
Evaluation Time: 0.0547866 seconds
Resulting Fitness: 0.522096
-------------
Particle: 13:
Relays Coordinates:
109.029, 257.319
98.0218, 113.492
217.341, 346.149
Evaluation Time: 0.04921 seconds
Resulting Fitness: 0.57597
New local best!
-------------
Particle: 14:
Relays Coordinates:
109.266, 231.782
84.2432, 117.389
210.691, 309.255
Evaluation Time: 0.0614793 seconds
Resulting Fitness: 0.557076
-------------
Particle: 15:
Relays Coordinates:
115.701, 264.96
100.025, 111.781
242.106, 311.607
Evaluation Time: 0.0625052 seconds
Resulting Fitness: 0.572519
New local best!
-------------
Particle: 16:
Relays Coordinates:
122.596, 249.055
95.4635, 120.136
252.88, 322.348
Evaluation Time: 0.0512274 seconds
Resulting Fitness: 0.578112
New local best!
-------------
Particle: 17:
Relays Coordinates:
131.228, 263.364
94.6912, 120.729
248.264, 342.726
Evaluation Time: 0.051179 seconds
Resulting Fitness: 0.578859
New local best!
New global best!
-------------
Particle: 18:
Relays Coordinates:
108.024, 228.541
88.7421, 110.01
199.976, 295.245
Evaluation Time: 0.0452623 seconds
Resulting Fitness: 0.560096
-------------
Particle: 19:
Relays Coordinates:
107.325, 217.491
85.9239, 114.657
237.26, 202.823
Evaluation Time: 0.0563022 seconds
Resulting Fitness: 0.525387
-------------
Particle: 20:
Relays Coordinates:
130.344, 259.938
88.8392, 124.015
238.199, 352.347
Evaluation Time: 0.0451037 seconds
Resulting Fitness: 0.577548
New local best!
Current global best fitness: 0.578859
Current global best relays: 131.228, 263.364
94.6912, 120.729
248.264, 342.726
Particle 1 new velocities: 35.0201, 89.382
20.1366, 32.3256
90.112, 110.963
Particle 2 new velocities: 67.2086, 214.013
57.6285, 106.186
173.619, 393.335
Particle 3 new velocities: 90.9017, 175.438
69.077, 65.4417
158.633, 310.843
Particle 4 new velocities: 68.9304, 111.374
83.8347, 77.279
170.438, 222.658
Particle 5 new velocities: 43.6194, 93.3446
40.7319, 33.1728
87.556, 105.538
Particle 6 new velocities: 206.19, 330.284
-16.7299, 394.401
340.314, 252.898
Particle 7 new velocities: 67.1368, 160.327
55.3542, 67.416
151.062, 110.895
Particle 8 new velocities: 46.6866, 103.067
34.4248, 42.3152
109.881, 113.842
Particle 9 new velocities: 39.1575, 112.098
84.5868, 64.79
46.8793, 151.778
Particle 10 new velocities: 127.948, 325.541
275.93, 276.194
124.112, 131.134
Particle 11 new velocities: 72.3356, 233.656
108.711, 245.712
230.09, 141.187
Particle 12 new velocities: 70.923, 161.827
54.3491, 77.065
166.884, 218.571
Particle 13 new velocities: 16.9114, 68.8017
20.7238, 24.9772
81.5859, 91.0693
Particle 14 new velocities: 42.4022, 108.757
36.6582, 48.689
112.97, 159.814
Particle 15 new velocities: 41.8387, 95.6257
31.1658, 44.6957
76.2468, 118.048
Particle 16 new velocities: 24.6552, 68.3451
26.2025, 28.1232
55.2927, 112.367
Particle 17 new velocities: 38.5487, 76.4545
24.5095, 28.3965
69.7567, 94.4212
Particle 18 new velocities: 77.3259, 172.083
58.9394, 65.9159
107.664, 29.63
Particle 19 new velocities: 75.804, 163.338
63.0877, 35.4965
122.971, 104.696
Particle 20 new velocities: 51.8884, 96.8249
30.7655, 37.7545
78.0092, 142.939
-- ITERATION 11 --
-------------
Particle: 1:
Relays Coordinates:
124.249, 260.017
90.9398, 115.49
249.106, 350.019
Evaluation Time: 0.0483836 seconds
Resulting Fitness: 0.576555
New local best!
-------------
Particle: 2:
Relays Coordinates:
82.592, 276.573
79.8929, 129.15
220.878, 295.245
Evaluation Time: 0.0594453 seconds
Resulting Fitness: 0.556274
-------------
Particle: 3:
Relays Coordinates:
109.624, 237.573
97.3403, 105.658
215.302, 295.245
Evaluation Time: 0.0476276 seconds
Resulting Fitness: 0.562788
New local best!
-------------
Particle: 4:
Relays Coordinates:
66.2177, 120.855
85.5121, 69.7784
164.866, 219.514
Evaluation Time: 0.0450683 seconds
Resulting Fitness: 0.404608
-------------
Particle: 5:
Relays Coordinates:
120.364, 245.499
84.037, 116.308
226.684, 305.428
Evaluation Time: 0.0447251 seconds
Resulting Fitness: 0.570916
-------------
Particle: 6:
Relays Coordinates:
96.9781, 119.508
44.5135, 141.215
131.637, 94.5201
Evaluation Time: 0.0453029 seconds
Resulting Fitness: 0.319809
-------------
Particle: 7:
Relays Coordinates:
116.988, 262.419
93.6116, 122.438
245.544, 205.858
Evaluation Time: 0.0483133 seconds
Resulting Fitness: 0.547874
-------------
Particle: 8:
Relays Coordinates:
91.317, 238.989
88.0401, 104.638
219.854, 295.274
Evaluation Time: 0.047923 seconds
Resulting Fitness: 0.564114
-------------
Particle: 9:
Relays Coordinates:
107.815, 215.191
104.319, 101.624
132.241, 230.902
Evaluation Time: 0.0477885 seconds
Resulting Fitness: 0.436813
-------------
Particle: 10:
Relays Coordinates:
72.3628, 154.191
147.369, 153.248
104.064, 106.512
Evaluation Time: 0.0507354 seconds
Resulting Fitness: 0.353958
-------------
Particle: 11:
Relays Coordinates:
78.3125, 201.256
124.56, 169.974
127.353, 87.5765
Evaluation Time: 0.0500742 seconds
Resulting Fitness: 0.400991
-------------
Particle: 12:
Relays Coordinates:
109.525, 236.661
88.6843, 110.196
237.606, 238.221
Evaluation Time: 0.0615171 seconds
Resulting Fitness: 0.531526
-------------
Particle: 13:
Relays Coordinates:
91.8107, 237.742
86.5656, 100.944
217.918, 318.732
Evaluation Time: 0.068859 seconds
Resulting Fitness: 0.571107
-------------
Particle: 14:
Relays Coordinates:
99.5097, 223.428
79.3234, 108.964
212.354, 307.756
Evaluation Time: 0.0466425 seconds
Resulting Fitness: 0.565443
-------------
Particle: 15:
Relays Coordinates:
114.847, 262.867
95.6384, 114.072
232.079, 313.218
Evaluation Time: 0.0536426 seconds
Resulting Fitness: 0.573365
New local best!
-------------
Particle: 16:
Relays Coordinates:
107.346, 231.384
88.6946, 108.081
224.658, 316.907
Evaluation Time: 0.0609943 seconds
Resulting Fitness: 0.573348
-------------
Particle: 17:
Relays Coordinates:
123.767, 247.728
86.8973, 108.713
231.837, 318.68
Evaluation Time: 0.0614461 seconds
Resulting Fitness: 0.576617
-------------
Particle: 18:
Relays Coordinates:
121.608, 262.849
96.8938, 115.425
201.842, 213.15
Evaluation Time: 0.069782 seconds
Resulting Fitness: 0.523981
-------------
Particle: 19:
Relays Coordinates:
120.151, 249.862
97.7665, 98.5155
236.347, 201.764
Evaluation Time: 0.0708008 seconds
Resulting Fitness: 0.52327
-------------
Particle: 20:
Relays Coordinates:
132.847, 260.08
87.1918, 117.93
230.516, 361.063
Evaluation Time: 0.0698282 seconds
Resulting Fitness: 0.577914
New local best!
Current global best fitness: 0.578859
Current global best relays: 131.228, 263.364
94.6912, 120.729
248.264, 342.726
Particle 1 new velocities: 30.663, 73.1303
17.9499, 30.6046
71.6844, 87.1937
Particle 2 new velocities: 89.5679, 159.644
53.5652, 83.5998
163.256, 40.6484
Particle 3 new velocities: 85.585, 168.847
52.4437, 56.2649
162.581, 30.6354
Particle 4 new velocities: 152.15, 260.168
133.513, 100.119
292.076, 351.191
Particle 5 new velocities: 43.0446, 106.526
23.535, 46.9833
84.2697, 136.338
Particle 6 new velocities: 363.939, 503.548
151.916, 44.2917
313.718, 398.749
Particle 7 new velocities: 50.4488, 110.552
42.3473, 51.0046
96.7846, 257.67
Particle 8 new velocities: 83.3652, 110.272
42.8649, 65.5938
108.247, 124.698
Particle 9 new velocities: 77.91, 122.591
82.0797, 49.9912
44.3926, 221.924
Particle 10 new velocities: 169.485, 185.61
204.498, 200.401
460.344, 468.559
Particle 11 new velocities: 105.31, 230.444
94.7085, 198.782
243.736, 437.022
Particle 12 new velocities: 71.7556, 150.51
52.4245, 60.7131
175.976, 351.025
Particle 13 new velocities: 44.261, 69.6159
29.0662, 53.8684
79.7054, 110.432
Particle 14 new velocities: 69.3715, 167.979
47.0103, 64.5945
150.907, 161.828
Particle 15 new velocities: 52.6918, 76.8325
24.9037, 37.6857
76.649, 112.266
Particle 16 new velocities: 42.2725, 84.4785
26.5925, 44.9876
98.2244, 99.0941
Particle 17 new velocities: 37.7291, 101.517
27.0226, 29.9217
97.4636, 98.6913
Particle 18 new velocities: 58.5987, 135.42
45.4995, 64.4472
78.7267, 167.992
Particle 19 new velocities: 59.0616, 138.222
33.0415, 30.7025
95.1884, 300.226
Particle 20 new velocities: 40.5164, 79.9107
34.3006, 32.1185
73.3147, 106.862
-- ITERATION 12 --
-------------
Particle: 1:
Relays Coordinates:
112.931, 242.864
79.3807, 106.503
233.856, 318.728
Evaluation Time: 0.0548512 seconds
Resulting Fitness: 0.577034
New local best!
-------------
Particle: 2:
Relays Coordinates:
101.659, 257.582
78.8057, 125.627
226.828, 198.342
Evaluation Time: 0.0548421 seconds
Resulting Fitness: 0.508376
-------------
Particle: 3:
Relays Coordinates:
115.269, 239.987
88.446, 95.6138
223.136, 192.429
Evaluation Time: 0.0621888 seconds
Resulting Fitness: 0.508023
-------------
Particle: 4:
Relays Coordinates:
116.049, 202.491
116.399, 90.2903
242.838, 265.721
Evaluation Time: 0.0531321 seconds
Resulting Fitness: 0.553467
-------------
Particle: 5:
Relays Coordinates:
119.125, 256.626
78.4199, 119.039
226.685, 322.048
Evaluation Time: 0.0612247 seconds
Resulting Fitness: 0.57591
-------------
Particle: 6:
Relays Coordinates:
178.569, 193.71
76.1007, 71.869
172.54, 191.103
Evaluation Time: 0.0593824 seconds
Resulting Fitness: 0.362312
-------------
Particle: 7:
Relays Coordinates:
109.855, 244.706
89.2026, 113.796
224.602, 304.12
Evaluation Time: 0.05451 seconds
Resulting Fitness: 0.569279
New local best!
-------------
Particle: 8:
Relays Coordinates:
114.609, 229.151
85.8868, 111.689
215.267, 275.544
Evaluation Time: 0.0486467 seconds
Resulting Fitness: 0.503045
-------------
Particle: 9:
Relays Coordinates:
109.669, 199.457
110.067, 89.5271
104.3, 267.389
Evaluation Time: 0.0526885 seconds
Resulting Fitness: 0.458967
-------------
Particle: 10:
Relays Coordinates:
84.327, 118.481
122.688, 123.31
174.339, 174.339
Evaluation Time: 0.0507523 seconds
Resulting Fitness: 0.35292
-------------
Particle: 11:
Relays Coordinates:
64.0251, 150.525
76.4543, 128.577
129.391, 174.339
Evaluation Time: 0.0519847 seconds
Resulting Fitness: 0.330891
-------------
Particle: 12:
Relays Coordinates:
107.044, 228.62
83.3233, 100.92
244.216, 295.245
Evaluation Time: 0.0479451 seconds
Resulting Fitness: 0.569355
-------------
Particle: 13:
Relays Coordinates:
99.1963, 224.064
84.2956, 112.858
216.967, 312.861
Evaluation Time: 0.0475877 seconds
Resulting Fitness: 0.56753
-------------
Particle: 14:
Relays Coordinates:
110.803, 256.802
82.8875, 113.871
238.336, 308.094
Evaluation Time: 0.0540843 seconds
Resulting Fitness: 0.577908
-------------
Particle: 15:
Relays Coordinates:
122.136, 247.641
87.8752, 110.631
225.063, 310.178
Evaluation Time: 0.0603065 seconds
Resulting Fitness: 0.572715
-------------
Particle: 16:
Relays Coordinates:
109.072, 230.264
84.0443, 111.587
235.381, 303.265
Evaluation Time: 0.0513933 seconds
Resulting Fitness: 0.57215
-------------
Particle: 17:
Relays Coordinates:
105.958, 229.139
74.7429, 90.9579
216.054, 273.837
Evaluation Time: 0.0463847 seconds
Resulting Fitness: 0.512764
-------------
Particle: 18:
Relays Coordinates:
118.234, 261.304
93.4242, 118.014
184.081, 250.067
Evaluation Time: 0.0542781 seconds
Resulting Fitness: 0.525645
-------------
Particle: 19:
Relays Coordinates:
95.2407, 206.244
69.5168, 68.6717
176.192, 265.721
Evaluation Time: 0.052194 seconds
Resulting Fitness: 0.482359
-------------
Particle: 20:
Relays Coordinates:
126.382, 247.853
88.568, 109.385
221.492, 341.117
Evaluation Time: 0.0505816 seconds
Resulting Fitness: 0.578559
New local best!
Current global best fitness: 0.578859
Current global best relays: 131.228, 263.364
94.6912, 120.729
248.264, 342.726
Particle 1 new velocities: 25.5417, 82.9155
24.7546, 25.7894
61.1078, 96.3733
Particle 2 new velocities: 70.9472, 137.614
64.5647, 63.2729
127.813, 247.89
Particle 3 new velocities: 66.325, 161.23
51.6141, 64.7942
136.489, 111.026
Particle 4 new velocities: 117.789, 244.101
103.453, 103.116
227.882, 68.9504
Particle 5 new velocities: 44.6698, 89.9695
23.0707, 45.3614
102.238, 109.381
Particle 6 new velocities: 304.152, 2.70444
168.016, 166.601
287.271, 316.752
Particle 7 new velocities: 43.6299, 94.2754
33.9078, 44.7905
78.6552, 222.24
Particle 8 new velocities: 58.8799, 178.626
36.3072, 59.8301
119.902, 200.199
Particle 9 new velocities: 166.74, 173.579
50.2327, 73.2318
152.472, 132.898
Particle 10 new velocities: 177.906, 236.658
172.313, 356.591
116.941, 74.3231
Particle 11 new velocities: 144.314, 261.723
156.728, 182.704
318.8, 140.892
Particle 12 new velocities: 93.9385, 137.96
66.9067, 57.8618
165.933, 26.9561
Particle 13 new velocities: 71.7535, 142.032
30.8007, 47.9674
73.1764, 160.702
Particle 14 new velocities: 76.6059, 137.256
55.9333, 54.1038
136.456, 161.323
Particle 15 new velocities: 40.9109, 101.346
37.6931, 42.5087
94.7637, 114.046
Particle 16 new velocities: 80.1284, 92.6593
31.5395, 56.89
103.061, 142.033
Particle 17 new velocities: 83.7039, 96.5893
55.9713, 66.4952
121.702, 137.412
Particle 18 new velocities: 61.3486, 94.2282
40.5813, 54.4428
73.3022, 251.822
Particle 19 new velocities: 53.5049, 147.53
39.0102, 83.635
178.559, 72.547
Particle 20 new velocities: 37.0268, 66.0007
29.511, 33.7754
88.3273, 85.7852
-- ITERATION 13 --
-------------
Particle: 1:
Relays Coordinates:
100.947, 237.494
75.9146, 96.4409
215.029, 302.609
Evaluation Time: 0.0671463 seconds
Resulting Fitness: 0.566371
-------------
Particle: 2:
Relays Coordinates:
101.922, 233.359
84.6588, 111.543
209.412, 263.495
Evaluation Time: 0.0555628 seconds
Resulting Fitness: 0.51163
-------------
Particle: 3:
Relays Coordinates:
107.229, 236.914
82.7041, 94.7193
212.355, 179.187
Evaluation Time: 0.0535088 seconds
Resulting Fitness: 0.493321
-------------
Particle: 4:
Relays Coordinates:
111.844, 213.604
105.154, 92.5054
225.144, 160.072
Evaluation Time: 0.055946 seconds
Resulting Fitness: 0.49397
-------------
Particle: 5:
Relays Coordinates:
119.406, 252.668
73.9867, 119.848
239.785, 314.511
Evaluation Time: 0.0603334 seconds
Resulting Fitness: 0.577315
-------------
Particle: 6:
Relays Coordinates:
207.795, 84.5501
105.084, 102.654
197.933, 215.234
Evaluation Time: 0.0642959 seconds
Resulting Fitness: 0.430967
-------------
Particle: 7:
Relays Coordinates:
100.702, 222.406
80.7728, 104.049
198.967, 328.05
Evaluation Time: 0.0607976 seconds
Resulting Fitness: 0.560415
-------------
Particle: 8:
Relays Coordinates:
102.444, 240.788
72.1544, 101.281
197.914, 280.921
Evaluation Time: 0.062005 seconds
Resulting Fitness: 0.501432
-------------
Particle: 9:
Relays Coordinates:
163.217, 220.274
94.6552, 96.1075
151.621, 236.366
Evaluation Time: 0.0564261 seconds
Resulting Fitness: 0.445076
-------------
Particle: 10:
Relays Coordinates:
101.595, 137.588
114.289, 185.923
112.848, 96.3369
Evaluation Time: 0.0605422 seconds
Resulting Fitness: 0.36732
-------------
Particle: 11:
Relays Coordinates:
80.7148, 159.713
90.3394, 120.597
173.638, 122.127
Evaluation Time: 0.0550544 seconds
Resulting Fitness: 0.353501
-------------
Particle: 12:
Relays Coordinates:
131.865, 240.513
98.5659, 104.177
269.099, 211.396
Evaluation Time: 0.0601405 seconds
Resulting Fitness: 0.531003
-------------
Particle: 13:
Relays Coordinates:
112.16, 240.195
75.5147, 105.518
190.363, 310.704
Evaluation Time: 0.0735665 seconds
Resulting Fitness: 0.55267
-------------
Particle: 14:
Relays Coordinates:
122.959, 258.541
91.0803, 110.209
245.901, 307.985
Evaluation Time: 0.0512005 seconds
Resulting Fitness: 0.575476
-------------
Particle: 15:
Relays Coordinates:
118.861, 254.411
91.5393, 111.639
233.153, 309.26
Evaluation Time: 0.0457012 seconds
Resulting Fitness: 0.575125
New local best!
-------------
Particle: 16:
Relays Coordinates:
137.927, 235.411
84.2606, 122.82
246.725, 324.622
Evaluation Time: 0.0488453 seconds
Resulting Fitness: 0.578464
New local best!
-------------
Particle: 17:
Relays Coordinates:
138.263, 237.456
95.2907, 114.783
246.225, 299.801
Evaluation Time: 0.0475926 seconds
Resulting Fitness: 0.57482
-------------
Particle: 18:
Relays Coordinates:
117.824, 233.265
87.921, 113.149
168.869, 328.05
Evaluation Time: 0.0554107 seconds
Resulting Fitness: 0.561704
New local best!
-------------
Particle: 19:
Relays Coordinates:
108.436, 257.901
79.1162, 111.032
258.613, 246.597
Evaluation Time: 0.0533326 seconds
Resulting Fitness: 0.553946
-------------
Particle: 20:
Relays Coordinates:
132.361, 254.222
95.644, 115.96
250.954, 345.791
Evaluation Time: 0.0559349 seconds
Resulting Fitness: 0.578873
New local best!
New global best!
Current global best fitness: 0.578873
Current global best relays: 132.361, 254.222
95.644, 115.96
250.954, 345.791
Particle 1 new velocities: 45.4248, 85.6388
31.1192, 32.0844
99.1158, 90.1464
Particle 2 new velocities: 54.2256, 173.496
57.0146, 60.0018
124.874, 229.905
Particle 3 new velocities: 73.7759, 150.909
69.9358, 61.4767
127.82, 314.6
Particle 4 new velocities: 74.1831, 203.833
85.869, 69.5536
207.996, 309.959
Particle 5 new velocities: 56.431, 79.8668
26.8511, 37.1987
86.8007, 118.273
Particle 6 new velocities: 148.204, 120.426
310.244, 396.97
219.901, -195.396
Particle 7 new velocities: 81.5895, 98.8454
43.2116, 41.4482
124.356, -25.3641
Particle 8 new velocities: 84.9475, 184.068
78.2764, 68.2412
165.759, 237.973
Particle 9 new velocities: 172.976, 143.994
67.9081, 65.9237
114.109, 157.5
Particle 10 new velocities: 166.043, 225.831
147.394, 425.05
214.814, 241.781
Particle 11 new velocities: 138.894, 363.681
173.479, 333.419
172.098, 173.821
Particle 12 new velocities: 75.2686, 134.628
58.7253, 50.3688
109.227, 89.6081
Particle 13 new velocities: 77.215, 136.01
66.847, 58.7152
112.665, 176.285
Particle 14 new velocities: 70.6455, 103.499
43.5173, 56.1975
112.044, 156.516
Particle 15 new velocities: 44.3282, 81.0547
31.3012, 38.4476
83.7581, 107.393
Particle 16 new velocities: 57.3189, 74.3384
26.5038, 41.3589
82.5666, 136.937
Particle 17 new velocities: 54.3558, 105.79
44.914, 55.3474
101.274, 193.687
Particle 18 new velocities: 54.0724, 86.4202
33.4882, 44.7147
73.0875, 14.6563
Particle 19 new velocities: 40.1949, 108.488
32.5123, 47.9555
132.944, 201.866
Particle 20 new velocities: 29.6215, 52.8005
23.6088, 27.0203
70.6618, 68.6282
-- ITERATION 14 --
-------------
Particle: 1:
Relays Coordinates:
106.705, 235.563
78.0276, 93.695
229.011, 286.318
Evaluation Time: 0.0486059 seconds
Resulting Fitness: 0.545184
-------------
Particle: 2:
Relays Coordinates:
102.448, 266.938
92.9519, 112.551
219.325, 323.72
Evaluation Time: 0.0619456 seconds
Resulting Fitness: 0.57098
New local best!
-------------
Particle: 3:
Relays Coordinates:
118.758, 254.451
100.147, 102.48
223.188, 323.974
Evaluation Time: 0.0682718 seconds
Resulting Fitness: 0.572558
New local best!
-------------
Particle: 4:
Relays Coordinates:
109.847, 246.492
112.797, 95.6942
255.765, 277.548
Evaluation Time: 0.05624 seconds
Resulting Fitness: 0.567515
New local best!
-------------
Particle: 5:
Relays Coordinates:
142.428, 269.353
81.6786, 127.208
264.535, 350.555
Evaluation Time: 0.0467792 seconds
Resulting Fitness: 0.575728
-------------
Particle: 6:
Relays Coordinates:
124.129, 71.4709
144.816, 174.208
145.69, 6.9169
Evaluation Time: 0.0524864 seconds
Resulting Fitness: 0.345614
-------------
Particle: 7:
Relays Coordinates:
147.656, 260.213
100.427, 117.852
261.892, 245.176
Evaluation Time: 0.0583048 seconds
Resulting Fitness: 0.539048
-------------
Particle: 8:
Relays Coordinates:
110.652, 250.873
88.8279, 100.101
214.745, 295.245
Evaluation Time: 0.0594489 seconds
Resulting Fitness: 0.562404
-------------
Particle: 9:
Relays Coordinates:
198.518, 215.097
95.992, 95.6778
156.911, 232.574
Evaluation Time: 0.0449674 seconds
Resulting Fitness: 0.46114
-------------
Particle: 10:
Relays Coordinates:
83.9874, 114.045
82.119, 156.905
102.824, 106.105
Evaluation Time: 0.0543785 seconds
Resulting Fitness: 0.312653
-------------
Particle: 11:
Relays Coordinates:
68.9156, 156.905
82.7892, 142.475
108.496, 92.8715
Evaluation Time: 0.0469205 seconds
Resulting Fitness: 0.3149
-------------
Particle: 12:
Relays Coordinates:
135.9, 246.13
103.199, 101.397
248.22, 197.489
Evaluation Time: 0.0515239 seconds
Resulting Fitness: 0.536523
-------------
Particle: 13:
Relays Coordinates:
124.249, 246.828
93.4035, 107.753
198.817, 319.514
Evaluation Time: 0.0579694 seconds
Resulting Fitness: 0.55724
-------------
Particle: 14:
Relays Coordinates:
127.024, 237.535
88.3095, 109.179
234.848, 304.759
Evaluation Time: 0.0627981 seconds
Resulting Fitness: 0.572166
-------------
Particle: 15:
Relays Coordinates:
118.965, 244.555
89.5507, 109.413
231.029, 303.74
Evaluation Time: 0.0487215 seconds
Resulting Fitness: 0.572137
-------------
Particle: 16:
Relays Coordinates:
142.334, 225.807
80.7472, 119.686
240.053, 336.477
Evaluation Time: 0.0502232 seconds
Resulting Fitness: 0.578358
-------------
Particle: 17:
Relays Coordinates:
126.377, 225.204
91.9883, 111.623
227.994, 323.777
Evaluation Time: 0.0675901 seconds
Resulting Fitness: 0.575878
-------------
Particle: 18:
Relays Coordinates:
125.312, 233.05
88.5073, 115.083
176.387, 249.833
Evaluation Time: 0.0363758 seconds
Resulting Fitness: 0.461683
-------------
Particle: 19:
Relays Coordinates:
87.7648, 216.349
65.9155, 93.8803
231.211, 264.813
Evaluation Time: 0.0515333 seconds
Resulting Fitness: 0.53092
-------------
Particle: 20:
Relays Coordinates:
118.085, 223.819
86.9353, 104.233
234.458, 302.112
Evaluation Time: 0.0614238 seconds
Resulting Fitness: 0.571556
Current global best fitness: 0.578873
Current global best relays: 132.361, 254.222
95.644, 115.96
250.954, 345.791
Particle 1 new velocities: 48.4497, 81.1164
45.8929, 59.1296
89.634, 168.664
Particle 2 new velocities: 67.3578, 138.684
47.1049, 49.4808
102.389, 198.794
Particle 3 new velocities: 63.1018, 120.527
50.5196, 52.021
104.544, 263.316
Particle 4 new velocities: 59.5955, 168.705
61.9038, 68.2578
161.579, 328.514
Particle 5 new velocities: 31.233, 56.6364
11.7555, 19.9886
32.2445, 83.5584
Particle 6 new velocities: 172.588, 216.908
458.711, 414.917
262.872, 191.156
Particle 7 new velocities: 35.4341, 49.742
25.9075, 30.1122
83.7637, 116.707
Particle 8 new velocities: 79.7351, 165.051
72.1949, 92.2691
149.415, 49.4028
Particle 9 new velocities: 92.917, 118.649
77.5022, 45.1332
130.785, 226.3
Particle 10 new velocities: 229.911, 216.748
202.308, 41.8626
536.926, 486.427
Particle 11 new velocities: 176.471, 96.0959
325.835, 505.882
120.811, 174.61
Particle 12 new velocities: 52.3682, 126.812
43.0343, 50.4003
91.3468, 280.014
Particle 13 new velocities: 52.6162, 117.601
62.9395, 61.0983
106.939, 178.293
Particle 14 new velocities: 62.5651, 94.9834
42.9666, 58.4221
104.276, 191.316
Particle 15 new velocities: 36.6199, 89.597
29.4383, 38.4457
79.3999, 120.436
Particle 16 new velocities: 31.3676, 83.4025
27.3804, 29.7099
88.7031, 105.099
Particle 17 new velocities: 48.5572, 120.163
41.3674, 57.1548
101.257, 177.933
Particle 18 new velocities: 40.7226, 70.829
31.0399, 33.4542
126.153, 37.5981
Particle 19 new velocities: 65.1286, 122.653
61.4963, 44.5541
124.177, 294.413
Particle 20 new velocities: 56.9066, 63.7913
24.8923, 53.8542
89.6359, 155.43
-- ITERATION 15 --
-------------
Particle: 1:
Relays Coordinates:
101.797, 207.774
81.3043, 100.268
209.063, 298.514
Evaluation Time: 0.0561392 seconds
Resulting Fitness: 0.561752
-------------
Particle: 2:
Relays Coordinates:
100.269, 239.516
82.7021, 95.678
189.969, 295.245
Evaluation Time: 0.0514109 seconds
Resulting Fitness: 0.51213
-------------
Particle: 3:
Relays Coordinates:
119.318, 246.023
98.8524, 101.368
215.025, 328.05
Evaluation Time: 0.0341746 seconds
Resulting Fitness: 0.57519
New local best!
-------------
Particle: 4:
Relays Coordinates:
100.054, 245.17
103.159, 96.812
246.437, 295.245
Evaluation Time: 0.0443598 seconds
Resulting Fitness: 0.570832
New local best!
-------------
Particle: 5:
Relays Coordinates:
126.599, 237.646
68.1134, 107.306
216.352, 316.469
Evaluation Time: 0.0456847 seconds
Resulting Fitness: 0.562202
-------------
Particle: 6:
Relays Coordinates:
103.459, 100.552
174.339, 174.339
142.457, 69.0638
Evaluation Time: 0.0452563 seconds
Resulting Fitness: 0.359588
-------------
Particle: 7:
Relays Coordinates:
133.472, 225.958
92.0981, 107.866
251.983, 263.813
Evaluation Time: 0.0448829 seconds
Resulting Fitness: 0.545658
-------------
Particle: 8:
Relays Coordinates:
112.422, 245.599
95.0823, 113.593
215.033, 203.511
Evaluation Time: 0.0499045 seconds
Resulting Fitness: 0.499488
-------------
Particle: 9:
Relays Coordinates:
191.211, 218.97
113.83, 92.3861
188.757, 301.067
Evaluation Time: 0.0482469 seconds
Resulting Fitness: 0.54338
New local best!
-------------
Particle: 10:
Relays Coordinates:
135.123, 142.395
122.437, 85.5631
215.234, 215.234
Evaluation Time: 0.0448864 seconds
Resulting Fitness: 0.448391
-------------
Particle: 11:
Relays Coordinates:
105.631, 108.909
175.9, 215.234
98.7089, 115.142
Evaluation Time: 0.0506068 seconds
Resulting Fitness: 0.407107
-------------
Particle: 12:
Relays Coordinates:
123.523, 244.687
95.9435, 99.5945
222.79, 313.29
Evaluation Time: 0.051923 seconds
Resulting Fitness: 0.571642
-------------
Particle: 13:
Relays Coordinates:
116.041, 239.102
102.577, 110.783
200.607, 326.611
Evaluation Time: 0.059608 seconds
Resulting Fitness: 0.564629
-------------
Particle: 14:
Relays Coordinates:
124.389, 218.165
86.1303, 109.963
222.499, 325.475
Evaluation Time: 0.0511253 seconds
Resulting Fitness: 0.575106
-------------
Particle: 15:
Relays Coordinates:
126.024, 270.663
96.3811, 119.766
251.447, 343.583
Evaluation Time: 0.0416743 seconds
Resulting Fitness: 0.576202
New local best!
-------------
Particle: 16:
Relays Coordinates:
126.629, 225.414
78.8251, 108.91
239.663, 321.909
Evaluation Time: 0.0560078 seconds
Resulting Fitness: 0.578033
-------------
Particle: 17:
Relays Coordinates:
114.775, 226.595
87.4947, 110.735
216.022, 328.05
Evaluation Time: 0.0521669 seconds
Resulting Fitness: 0.575139
-------------
Particle: 18:
Relays Coordinates:
134.488, 246.142
96.8332, 120.315
245.057, 232.819
Evaluation Time: 0.0547725 seconds
Resulting Fitness: 0.536932
-------------
Particle: 19:
Relays Coordinates:
90.282, 200.177
75.2354, 81.7442
209.853, 295.245
Evaluation Time: 0.0507482 seconds
Resulting Fitness: 0.559228
-------------
Particle: 20:
Relays Coordinates:
114.812, 188.701
73.3701, 103.721
212.638, 300.193
Evaluation Time: 0.0553021 seconds
Resulting Fitness: 0.560288
Current global best fitness: 0.578873
Current global best relays: 132.361, 254.222
95.644, 115.96
250.954, 345.791
Particle 1 new velocities: 54.3511, 127.862
45.8956, 53.3063
128.188, 194.85
Particle 2 new velocities: 57.2345, 139.395
58.2496, 73.2302
128.238, 26.7486
Particle 3 new velocities: 66.2431, 96.4547
37.3924, 51.2163
98.4725, 0.00978495
Particle 4 new velocities: 85.9444, 145.666
43.7745, 78.6666
132.99, 33.2794
Particle 5 new velocities: 29.5819, 64.6768
17.6121, 31.4204
108.213, 96.7099
Particle 6 new velocities: 193.77, 297.441
56.2381, -25.9193
339.006, 271.239
Particle 7 new velocities: 25.342, 58.4472
19.4115, 37.5718
40.1866, 251.326
Particle 8 new velocities: 73.1956, 150.028
62.9, 79.0902
142.485, 405.929
Particle 9 new velocities: 23.3538, 95.0687
38.74, 51.2419
134.829, 227.938
Particle 10 new velocities: 151.658, 158.368
185.41, 179.409
8.50175, -24.1184
Particle 11 new velocities: 130.107, 287.156
268.811, -26.0337
198.561, 346.295
Particle 12 new velocities: 58.5191, 119.61
42.009, 48.7953
162.922, 238.25
Particle 13 new velocities: 41.9075, 119.013
46.1694, 56.7095
147.568, 171.615
Particle 14 new velocities: 59.1559, 159.727
40.222, 65.4471
103.388, 160.305
Particle 15 new velocities: 32.9182, 69.1712
23.383, 30.677
63.1561, 97.6089
Particle 16 new velocities: 41.1726, 97.4577
39.0366, 52.4722
82.2765, 85.2792
Particle 17 new velocities: 65.7969, 104.268
35.6473, 52.6016
142.28, 28.6925
Particle 18 new velocities: 21.8052, 51.3243
12.392, 22.062
8.29846, 173.246
Particle 19 new velocities: 110.516, 155.735
51.2625, 96.1716
150.749, 40.7248
Particle 20 new velocities: 82.0328, 210.744
42.7687, 56.6585
131.758, 217.752
-- ITERATION 16 --
-------------
Particle: 1:
Relays Coordinates:
92.2038, 198.189
75.1103, 90.6842
199.143, 291.327
Evaluation Time: 0.0472751 seconds
Resulting Fitness: 0.53364
-------------
Particle: 2:
Relays Coordinates:
103.338, 248.603
92.4785, 110.821
208.776, 211.26
Evaluation Time: 0.075224 seconds
Resulting Fitness: 0.508401
-------------
Particle: 3:
Relays Coordinates:
135.274, 249.666
99.3225, 111.234
228.54, 239.156
Evaluation Time: 0.0450537 seconds
Resulting Fitness: 0.529866
-------------
Particle: 4:
Relays Coordinates:
122.034, 256.427
96.4033, 115.132
248.942, 215.545
Evaluation Time: 0.0481875 seconds
Resulting Fitness: 0.552581
-------------
Particle: 5:
Relays Coordinates:
113.856, 220.394
62.4939, 101.132
236.608, 301.207
Evaluation Time: 0.0496455 seconds
Resulting Fitness: 0.570986
-------------
Particle: 6:
Relays Coordinates:
157.959, 211.51
122.538, 78.8764
255.869, 180.851
Evaluation Time: 0.0502691 seconds
Resulting Fitness: 0.48436
-------------
Particle: 7:
Relays Coordinates:
93.7784, 167.938
65.8453, 85.8797
172.523, 295.245
Evaluation Time: 0.0604734 seconds
Resulting Fitness: 0.484141
-------------
Particle: 8:
Relays Coordinates:
109.605, 233.614
93.2869, 113.777
211.111, 295.245
Evaluation Time: 0.0514842 seconds
Resulting Fitness: 0.561551
-------------
Particle: 9:
Relays Coordinates:
140.776, 206.041
100.101, 94.2343
212.305, 328.05
Evaluation Time: 0.053089 seconds
Resulting Fitness: 0.569733
New local best!
-------------
Particle: 10:
Relays Coordinates:
137.166, 143.854
147.242, 126.735
107.012, 91.4098
Evaluation Time: 0.0523419 seconds
Resulting Fitness: 0.339009
-------------
Particle: 11:
Relays Coordinates:
73.9771, 124.289
139.555, 59.3729
93.2865, 144.804
Evaluation Time: 0.0554553 seconds
Resulting Fitness: 0.317223
-------------
Particle: 12:
Relays Coordinates:
107.494, 215.114
81.4596, 87.6227
227.759, 295.245
Evaluation Time: 0.0525181 seconds
Resulting Fitness: 0.565138
-------------
Particle: 13:
Relays Coordinates:
93.2672, 211.463
87.833, 98.9029
205.594, 294.197
Evaluation Time: 0.0492078 seconds
Resulting Fitness: 0.559543
-------------
Particle: 14:
Relays Coordinates:
120.424, 247.935
82.8997, 115.087
213.815, 318.72
Evaluation Time: 0.0573973 seconds
Resulting Fitness: 0.570036
-------------
Particle: 15:
Relays Coordinates:
115.869, 247.739
87.3081, 109.673
229.346, 321.629
Evaluation Time: 0.0466598 seconds
Resulting Fitness: 0.577595
New local best!
-------------
Particle: 16:
Relays Coordinates:
122.327, 235.374
85.9212, 117.647
234.694, 296.84
Evaluation Time: 0.052711 seconds
Resulting Fitness: 0.567858
-------------
Particle: 17:
Relays Coordinates:
131.637, 241.199
89.7705, 119.072
261.202, 260.065
Evaluation Time: 0.0519271 seconds
Resulting Fitness: 0.547612
-------------
Particle: 18:
Relays Coordinates:
126.598, 240.948
88.4724, 115.325
205.218, 328.912
Evaluation Time: 0.061824 seconds
Resulting Fitness: 0.5704
New local best!
-------------
Particle: 19:
Relays Coordinates:
131.744, 233.514
82.9952, 116.731
236.591, 220.43
Evaluation Time: 0.0616109 seconds
Resulting Fitness: 0.537546
-------------
Particle: 20:
Relays Coordinates:
116.235, 235.868
68.5788, 94.7024
203.363, 295.245
Evaluation Time: 0.0478549 seconds
Resulting Fitness: 0.561274
Current global best fitness: 0.578873
Current global best relays: 132.361, 254.222
95.644, 115.96
250.954, 345.791
Particle 1 new velocities: 84.3093, 226.905
52.7935, 86.6975
186.113, 186.577
Particle 2 new velocities: 72.3717, 134.751
50.0385, 63.3176
126.586, 212.807
Particle 3 new velocities: 36.8289, 78.7102
27.3294, 37.7397
89.0384, 167.499
Particle 4 new velocities: 48.793, 96.3828
41.3632, 55.009
104.947, 195.612
Particle 5 new velocities: 62.6814, 87.5252
24.9829, 56.664
112.201, 110.061
Particle 6 new velocities: 170.617, 218.89
261.415, 174.488
151.85, 368.106
Particle 7 new velocities: 35.6814, 202.622
56.5167, 71.7188
111.167, 32.3154
Particle 8 new velocities: 63.8965, 155.129
60.8404, 68.0139
163.271, 102.435
Particle 9 new velocities: 10.5395, 108.553
29.2705, 65.7224
141.477, 9.61379
Particle 10 new velocities: 114.075, 217.521
255.228, 305.409
49.9858, 62.2268
Particle 11 new velocities: 131.89, 370.323
221.817, 136.048
239.301, 404.865
Particle 12 new velocities: 103.082, 120.539
53.9873, 86.3101
145.252, 33.6783
Particle 13 new velocities: 62.3284, 190.242
45.8781, 67.5046
177.682, 173.077
Particle 14 new velocities: 50.1702, 136.733
44.2553, 58.6207
167.263, 150.183
Particle 15 new velocities: 28.6091, 58.3221
22.0709, 30.4287
65.6722, 81.1923
Particle 16 new velocities: 40.2503, 92.9705
30.5963, 48.7566
79.248, 139.891
Particle 17 new velocities: 52.714, 111.37
43.137, 41.0761
97.1699, 97.3133
Particle 18 new velocities: 24.546, 45.7306
17.1041, 17.906
58.6473, 140.198
Particle 19 new velocities: 48.2632, 153.268
36.1866, 60.318
126.518, 126.145
Particle 20 new velocities: 80.8783, 206.577
44.2742, 98.9722
156.75, 58.6003
-- ITERATION 17 --
-------------
Particle: 1:
Relays Coordinates:
104.229, 251.014
75.5259, 104.742
227.49, 282.197
Evaluation Time: 0.0675582 seconds
Resulting Fitness: 0.548421
-------------
Particle: 2:
Relays Coordinates:
115.283, 251.519
93.5054, 114.252
220.031, 278.23
Evaluation Time: 0.0636385 seconds
Resulting Fitness: 0.534073
-------------
Particle: 3:
Relays Coordinates:
125.463, 239.386
92.3292, 108.602
231.515, 296.451
Evaluation Time: 0.0542449 seconds
Resulting Fitness: 0.568084
-------------
Particle: 4:
Relays Coordinates:
112.079, 231.479
90.3886, 111.629
232.187, 269.76
Evaluation Time: 0.0500062 seconds
Resulting Fitness: 0.533767
-------------
Particle: 5:
Relays Coordinates:
128.696, 224.473
63.7706, 115.033
254.282, 299.815
Evaluation Time: 0.0474936 seconds
Resulting Fitness: 0.571379
-------------
Particle: 6:
Relays Coordinates:
103.111, 135.064
120.489, 79.5086
127.946, 156.905
Evaluation Time: 0.0624544 seconds
Resulting Fitness: 0.32924
-------------
Particle: 7:
Relays Coordinates:
84.9385, 243.124
80.2817, 103.4
186.129, 214.912
Evaluation Time: 0.0618915 seconds
Resulting Fitness: 0.47614
-------------
Particle: 8:
Relays Coordinates:
102.451, 229.549
91.0107, 107.346
221.069, 234.826
Evaluation Time: 0.0715632 seconds
Resulting Fitness: 0.51176
-------------
Particle: 9:
Relays Coordinates:
110.309, 229.339
94.3118, 116.608
257.907, 246.157
Evaluation Time: 0.0508545 seconds
Resulting Fitness: 0.530335
-------------
Particle: 10:
Relays Coordinates:
164.839, 237.099
264.061, 283.53
103.006, 100.801
Evaluation Time: 0.0546061 seconds
Resulting Fitness: 0.568904
New local best!
-------------
Particle: 11:
Relays Coordinates:
71.7816, 172.461
126.003, 68.1392
115.966, 174.339
Evaluation Time: 0.0547227 seconds
Resulting Fitness: 0.388167
-------------
Particle: 12:
Relays Coordinates:
138.159, 220.222
88.8667, 114.117
244.733, 215.807
Evaluation Time: 0.0547705 seconds
Resulting Fitness: 0.536959
-------------
Particle: 13:
Relays Coordinates:
91.8777, 237.203
78.9551, 98.262
226.321, 275.921
Evaluation Time: 0.0492977 seconds
Resulting Fitness: 0.544214
-------------
Particle: 14:
Relays Coordinates:
111.927, 252.381
83.4264, 113.969
250.025, 307.647
Evaluation Time: 0.0378965 seconds
Resulting Fitness: 0.57714
-------------
Particle: 15:
Relays Coordinates:
117.027, 247.91
88.597, 113.482
238.965, 326.285
Evaluation Time: 0.0482404 seconds
Resulting Fitness: 0.578995
New local best!
New global best!
-------------
Particle: 16:
Relays Coordinates:
118.519, 239.363
84.9412, 121.309
228.864, 318.377
Evaluation Time: 0.0528565 seconds
Resulting Fitness: 0.575822
-------------
Particle: 17:
Relays Coordinates:
134.392, 257.023
96.8896, 116.748
261.253, 260.529
Evaluation Time: 0.0621925 seconds
Resulting Fitness: 0.556259
-------------
Particle: 18:
Relays Coordinates:
99.1654, 188.09
69.2687, 87.413
173.122, 307.783
Evaluation Time: 0.0486112 seconds
Resulting Fitness: 0.539019
-------------
Particle: 19:
Relays Coordinates:
118.102, 253.768
78.1952, 116.162
238.236, 227.388
Evaluation Time: 0.0496273 seconds
Resulting Fitness: 0.552652
-------------
Particle: 20:
Relays Coordinates:
104.754, 235.133
59.9747, 102.927
191.378, 188.048
Evaluation Time: 0.049949 seconds
Resulting Fitness: 0.462617
Current global best fitness: 0.578995
Current global best relays: 117.027, 247.91
88.597, 113.482
238.965, 326.285
Particle 1 new velocities: 93.1765, 174.804
58.2777, 78.08
170.358, 189.55
Particle 2 new velocities: 41.5875, 120.284
37.8728, 47.554
110.807, 208.682
Particle 3 new velocities: 21.1495, 71.6529
31.1953, 30.5047
68.5502, 212.43
Particle 4 new velocities: 42.6005, 103.673
42.026, 37.117
100.573, 224.63
Particle 5 new velocities: 40.9204, 129.45
29.5536, 57.7252
71.0686, 114.531
Particle 6 new velocities: 297.318, 342.01
373.936, 229.868
210.096, 9.50457
Particle 7 new velocities: 51.6416, 165.344
62.895, 68.1064
162.436, 164.74
Particle 8 new velocities: 51.762, 189.378
50.2985, 67.1121
144.918, 336.459
Particle 9 new velocities: 20.7956, 79.5929
23.0047, 44.812
77.7854, 145.015
Particle 10 new velocities: 51.5508, 174.399
148.614, 24.6582
50.5171, 317.908
Particle 11 new velocities: 143.047, 367.106
167.893, 415.244
298.971, 17.1221
Particle 12 new velocities: 62.542, 124.621
58.7814, 58.3512
141.028, 213.4
Particle 13 new velocities: 61.5618, 184.331
68.083, 70.9999
136.131, 199.486
Particle 14 new velocities: 52.9484, 106.253
36.673, 62.4001
121.251, 141.033
Particle 15 new velocities: 22.8873, 46.6577
17.6568, 24.343
52.5378, 64.9538
Particle 16 new velocities: 34.7751, 70.725
27.3052, 31.6561
92.2821, 124.048
Particle 17 new velocities: 24.0335, 92.9337
31.9362, 36.0814
65.1381, 186.284
Particle 18 new velocities: 70.6124, 133.437
37.5327, 72.1596
131.775, 154.216
Particle 19 new velocities: 35.8866, 115.097
35.8072, 47.1956
79.8177, 201.672
Particle 20 new velocities: 89.3146, 181.061
93.4703, 92.8428
198.797, 163.56
-- ITERATION 18 --
-------------
Particle: 1:
Relays Coordinates:
116.566, 251.441
79.0097, 107.955
234.926, 278.562
Evaluation Time: 0.0730293 seconds
Resulting Fitness: 0.561474
-------------
Particle: 2:
Relays Coordinates:
114.359, 271.044
95.7747, 117.957
241.181, 354.959
Evaluation Time: 0.0558337 seconds
Resulting Fitness: 0.575349
New local best!
-------------
Particle: 3:
Relays Coordinates:
86.5732, 183.666
72.94, 82.1411
177.185, 295.245
Evaluation Time: 0.0546408 seconds
Resulting Fitness: 0.510372
-------------
Particle: 4:
Relays Coordinates:
91.337, 197.904
78.1895, 87.8331
196.491, 291.932
Evaluation Time: 0.0542211 seconds
Resulting Fitness: 0.514074
-------------
Particle: 5:
Relays Coordinates:
123.65, 258.01
68.0334, 125.941
237.18, 302.058
Evaluation Time: 0.0617738 seconds
Resulting Fitness: 0.561192
-------------
Particle: 6:
Relays Coordinates:
155.134, 184.828
191.55, 119.859
130.965, 64.4706
Evaluation Time: 0.0543872 seconds
Resulting Fitness: 0.361316
-------------
Particle: 7:
Relays Coordinates:
80.6492, 241.197
84.5444, 101.273
205.824, 224.181
Evaluation Time: 0.0572795 seconds
Resulting Fitness: 0.53173
-------------
Particle: 8:
Relays Coordinates:
91.0613, 247.372
83.4417, 103.016
216.112, 295.245
Evaluation Time: 0.0609869 seconds
Resulting Fitness: 0.563673
-------------
Particle: 9:
Relays Coordinates:
86.0176, 202.69
76.9713, 105.908
220.248, 256.648
Evaluation Time: 0.0506594 seconds
Resulting Fitness: 0.510334
-------------
Particle: 10:
Relays Coordinates:
67.9055, 129.132
129.502, 96.7126
48.1773, 131.395
Evaluation Time: 0.0519091 seconds
Resulting Fitness: 0.313402
-------------
Particle: 11:
Relays Coordinates:
67.4154, 156.905
92.2276, 151.691
130.212, 60.0826
Evaluation Time: 0.055823 seconds
Resulting Fitness: 0.324776
-------------
Particle: 12:
Relays Coordinates:
131.68, 226.251
96.8719, 113.157
253.098, 281.602
Evaluation Time: 0.0485812 seconds
Resulting Fitness: 0.565271
-------------
Particle: 13:
Relays Coordinates:
90.6045, 248.911
86.8245, 99.9475
214.024, 280.723
Evaluation Time: 0.0469339 seconds
Resulting Fitness: 0.541224
-------------
Particle: 14:
Relays Coordinates:
108.175, 235.3
78.7973, 115.716
243.594, 294.379
Evaluation Time: 0.0568318 seconds
Resulting Fitness: 0.571517
-------------
Particle: 15:
Relays Coordinates:
113.331, 238.599
86.0655, 111.638
236.117, 316.903
Evaluation Time: 0.0558562 seconds
Resulting Fitness: 0.577615
-------------
Particle: 16:
Relays Coordinates:
100.576, 203.449
73.6449, 100.36
210.704, 290.275
Evaluation Time: 0.0547044 seconds
Resulting Fitness: 0.547674
-------------
Particle: 17:
Relays Coordinates:
115.492, 255.119
93.914, 111.413
237.939, 325.727
Evaluation Time: 0.0496662 seconds
Resulting Fitness: 0.57729
-------------
Particle: 18:
Relays Coordinates:
123.768, 234.393
77.8583, 116.328
222.27, 336.797
Evaluation Time: 0.0500966 seconds
Resulting Fitness: 0.578195
New local best!
-------------
Particle: 19:
Relays Coordinates:
112.258, 268.903
83.1078, 119.087
231.861, 312.784
Evaluation Time: 0.0467269 seconds
Resulting Fitness: 0.572814
New local best!
-------------
Particle: 20:
Relays Coordinates:
114.596, 245.758
90.6077, 115.6
230.395, 207.621
Evaluation Time: 0.0513495 seconds
Resulting Fitness: 0.52571
Current global best fitness: 0.578995
Current global best relays: 117.027, 247.91
88.597, 113.482
238.965, 326.285
Particle 1 new velocities: 70.7702, 131.919
50.455, 63.944
137.998, 167.341
Particle 2 new velocities: 34.7682, 82.1736
29.6402, 35.0452
86.8061, 132.895
Particle 3 new velocities: 76.4008, 141.741
49.8431, 84.0729
137.517, 43.1197
Particle 4 new velocities: 78.5653, 151.228
74.2653, 49.8918
109.356, 210.361
Particle 5 new velocities: 31.3037, 94.034
24.5392, 42.103
59.4321, 121.554
Particle 6 new velocities: 246.628, 331.654
397.832, 369.143
268.182, 231.97
Particle 7 new velocities: 97.9404, 135.555
53.9574, 70.0282
151.369, 200.49
Particle 8 new velocities: 73.4044, 155.747
49.1489, 76.2528
121.781, 54.2928
Particle 9 new velocities: 91.4908, 93.2618
26.1514, 33.8402
70.4654, 167.888
Particle 10 new velocities: 133.504, 188.163
182.678, 87.1136
360.734, 348.747
Particle 11 new velocities: 141.25, 86.8602
237.11, 551.781
169.151, 77.1309
Particle 12 new velocities: 36.422, 131.513
46.6078, 37.2172
101.919, 218.889
Particle 13 new velocities: 81.566, 149.992
59.5043, 65.1483
122.806, 257.399
Particle 14 new velocities: 55.0932, 126.706
51.2896, 55.8514
100.945, 172.034
Particle 15 new velocities: 24.163, 51.4179
21.2501, 21.5033
49.9993, 61.1023
Particle 16 new velocities: 101.588, 114.575
27.9864, 52.2759
84.7261, 192.03
Particle 17 new velocities: 20.9365, 75.6222
20.4014, 41.7487
65.4807, 178.028
Particle 18 new velocities: 53.6472, 123.294
31.4236, 57.3534
107.006, 122.938
Particle 19 new velocities: 30.7614, 75.9121
32.6059, 31.5977
68.0906, 174.66
Particle 20 new velocities: 94.8557, 151.78
81.9598, 74.0939
177.382, 272.446
-- ITERATION 19 --
-------------
Particle: 1:
Relays Coordinates:
122.911, 251.523
84.9418, 112.783
244.675, 292.557
Evaluation Time: 0.047716 seconds
Resulting Fitness: 0.570962
-------------
Particle: 2:
Relays Coordinates:
97.8422, 231.746
82.2847, 100.385
215.192, 320.081
Evaluation Time: 0.0508176 seconds
Resulting Fitness: 0.569275
-------------
Particle: 3:
Relays Coordinates:
118.808, 237.221
89.5088, 121.17
229.418, 246.668
Evaluation Time: 0.0546581 seconds
Resulting Fitness: 0.52761
-------------
Particle: 4:
Relays Coordinates:
123.859, 254.517
111.139, 100.401
222.963, 364.5
Evaluation Time: 0.049606 seconds
Resulting Fitness: 0.573605
New local best!
-------------
Particle: 5:
Relays Coordinates:
112.961, 256.64
67.4854, 122.504
216.231, 308.814
Evaluation Time: 0.0615873 seconds
Resulting Fitness: 0.548449
-------------
Particle: 6:
Relays Coordinates:
113.469, 141.215
141.215, 138.108
112.731, 83.7235
Evaluation Time: 0.0555678 seconds
Resulting Fitness: 0.338524
-------------
Particle: 7:
Relays Coordinates:
117.173, 247.187
90.871, 112.391
234.354, 278.626
Evaluation Time: 0.0521997 seconds
Resulting Fitness: 0.55981
-------------
Particle: 8:
Relays Coordinates:
107.906, 264.487
86.9926, 117.618
221.691, 229.332
Evaluation Time: 0.0511991 seconds
Resulting Fitness: 0.551117
-------------
Particle: 9:
Relays Coordinates:
143.782, 239.721
83.5294, 113.196
235.478, 343.874
Evaluation Time: 0.0476155 seconds
Resulting Fitness: 0.580084
New local best!
New global best!
-------------
Particle: 10:
Relays Coordinates:
78.0302, 122.927
120.945, 71.218
158.421, 186.017
Evaluation Time: 0.0493764 seconds
Resulting Fitness: 0.369845
-------------
Particle: 11:
Relays Coordinates:
99.8042, 116.592
157.521, 239.148
143.184, 65.6288
Evaluation Time: 0.0589435 seconds
Resulting Fitness: 0.422033
-------------
Particle: 12:
Relays Coordinates:
110.292, 234.729
94.137, 98.6603
232.926, 328.05
Evaluation Time: 0.0570177 seconds
Resulting Fitness: 0.576577
New local best!
-------------
Particle: 13:
Relays Coordinates:
112.961, 261.721
96.0063, 108.319
220.994, 328.05
Evaluation Time: 0.0449095 seconds
Resulting Fitness: 0.571351
-------------
Particle: 14:
Relays Coordinates:
107.12, 237.512
85.35, 112.565
226.052, 306.014
Evaluation Time: 0.0492864 seconds
Resulting Fitness: 0.570693
-------------
Particle: 15:
Relays Coordinates:
111.37, 234.914
86.9257, 107.845
231.754, 306.185
Evaluation Time: 0.0562863 seconds
Resulting Fitness: 0.572337
-------------
Particle: 16:
Relays Coordinates:
147.378, 231.839
74.0892, 111.272
215.368, 351.601
Evaluation Time: 0.0583962 seconds
Resulting Fitness: 0.578725
New local best!
-------------
Particle: 17:
Relays Coordinates:
80.5596, 195.299
67.5021, 90.4403
179.166, 295.245
Evaluation Time: 0.0544558 seconds
Resulting Fitness: 0.48435
-------------
Particle: 18:
Relays Coordinates:
129.336, 260.754
79.6665, 126.614
240.043, 335.147
Evaluation Time: 0.0496409 seconds
Resulting Fitness: 0.577581
-------------
Particle: 19:
Relays Coordinates:
104.261, 251.37
84.3553, 109.849
218.665, 355.347
Evaluation Time: 0.0631534 seconds
Resulting Fitness: 0.575194
New local best!
-------------
Particle: 20:
Relays Coordinates:
123.679, 234.743
101.899, 112.012
240.788, 283.475
Evaluation Time: 0.0511817 seconds
Resulting Fitness: 0.564329
Current global best fitness: 0.580084
Current global best relays: 143.782, 239.721
83.5294, 113.196
235.478, 343.874
Particle 1 new velocities: 54.4583, 86.5113
30.932, 40.7204
95.8891, 217.196
Particle 2 new velocities: 101.574, 108.308
25.9324, 63.1757
117.868, 132.361
Particle 3 new velocities: 66.7994, 119.49
51.3272, 40.3383
91.9334, 268.484
Particle 4 new velocities: 71.3991, 108.051
46.3879, 41.8027
95.0584, -13.7241
Particle 5 new velocities: 53.8227, 73.0247
26.456, 33.7452
109.062, 145.162
Particle 6 new velocities: 230.031, 125.178
-46.2855, 292.529
287.61, 449.566
Particle 7 new velocities: 86.8632, 99.5892
34.9025, 56.7596
113.18, 277.053
Particle 8 new velocities: 67.9945, 97.2484
40.1486, 57.71
105.48, 309.413
Particle 9 new velocities: 73.1927, 74.6095
20.9211, 27.0721
56.3723, 134.311
Particle 10 new velocities: 185.177, 320.641
148.248, 360.515
316.663, 344.517
Particle 11 new velocities: 136.62, 268.952
153.266, -73.351
129.603, 388.372
Particle 12 new velocities: 54.2856, 111.278
23.9396, 39.2532
82.9055, 8.36533
Particle 13 new velocities: 97.4802, 109.409
44.0611, 56.7571
103.753, 24.5705
Particle 14 new velocities: 89.561, 134.19
45.2572, 48.1416
99.3241, 169.377
Particle 15 new velocities: 24.8088, 64.2315
16.5938, 20.8186
53.0414, 100.633
Particle 16 new velocities: 78.0638, 93.304
34.5752, 42.633
81.6771, 148.436
Particle 17 new velocities: 55.8418, 167.545
54.7764, 51.4682
180.238, 30.8238
Particle 18 new velocities: 53.7206, 49.6605
25.7079, 32.2229
77.754, 104.048
Particle 19 new velocities: 48.021, 55.7994
26.0678, 26.3538
58.4522, 126.727
Particle 20 new velocities: 90.2088, 151.416
61.6024, 64.9561
155.588, 265.599
Simulation of the best surrogate solution results: 0.605556
Final Evaluation Time: 23.1073 seconds
Final global best fitness: 0.580084
Final global best relays:
143.782, 239.721
83.5294, 113.196
235.478, 343.874
