PSO EXECUTION
============================
Seed: 1555680
Particles: 20
Relays: 6
Iterations: 20
Backend: Simulation
Network Configuration: 3
Area: 500 x 500
Sink: 0, 0
Simulated Relay range: 155
w: 0.8
c1: 1.7
c2: 1.3

Relay Nodes Positions: 
PARTICLE 1: 
25.1201, 70.78
250.015, 357.432
56.0169, 169.874
42.6504, 262.32
146.988, 10.0487
152.249, 292.783
PARTICLE 2: 
197.31, 383.25
123.885, 327.29
12.7082, 430.982
24.3083, 190.148
29.523, 283.354
81.6812, 79.4777
PARTICLE 3: 
219.436, 302.096
46.4822, 46.4609
126.521, 101.234
236.529, 304.167
79.6305, 162.7
140.202, 184.742
PARTICLE 4: 
40.2157, 356.418
0.0173634, 70.7394
277.434, 203.73
30.7516, 205.735
275.346, 336.457
174.668, 306.886
PARTICLE 5: 
166.563, 210.167
92.9626, 87.5309
73.7285, 175.411
13.8527, 4.48737
202.815, 201.369
330.339, 124.171
PARTICLE 6: 
199.962, 42.3983
9.78212, 153.785
252.459, 286.071
327.43, 21.8076
149.952, 14.3396
105.733, 261.296
PARTICLE 7: 
404.496, 195.499
167.001, 232.24
250.866, 351.122
44.5158, 172.794
399.879, 339.146
106.748, 91.5385
PARTICLE 8: 
82.7412, 217.211
217.132, 243.428
142.888, 337.35
146.249, 297.843
150.912, 390.3
51.4331, 127.847
PARTICLE 9: 
207.981, 93.7496
56.5232, 142.178
104.295, 71.9008
88.6269, 122.348
326.547, 211.865
247.964, 129.607
PARTICLE 10: 
38.6966, 0.936241
123.374, 227.818
136.3, 123.373
29.3268, 316.617
60.1886, 2.35084
193.9, 48.7001
PARTICLE 11: 
162.141, 186.665
182.386, 119.67
62.535, 72.9599
218.193, 320.016
136.713, 447.772
291.557, 280.572
PARTICLE 12: 
301.245, 177.696
197.442, 100.79
125.515, 157.552
226.876, 139.234
449.173, 220.333
29.4898, 41.6481
PARTICLE 13: 
48.6559, 140.957
0.406738, 209.187
127.087, 322.164
227.646, 257.885
151.634, 316.263
43.2517, 277.789
PARTICLE 14: 
270.965, 269.828
265.48, 383.834
247.61, 24.5662
143.918, 33.9276
250.462, 164.794
257.953, 6.17049
PARTICLE 15: 
37.7851, 114.344
77.6036, 264.823
164.175, 169.219
221.71, 345.713
124.101, 284.924
258.246, 90.629
PARTICLE 16: 
314.235, 143.753
130.793, 211.963
10.089, 211.12
206.462, 85.2388
50.9711, 65.4685
329.499, 246.249
PARTICLE 17: 
92.8128, 7.53472
110.778, 205.719
116.466, 16.9311
39.0122, 59.9709
206.893, 151.944
86.0369, 167.017
PARTICLE 18: 
149.531, 85.232
399.202, 78.2414
410.521, 29.9961
137.554, 201.237
257.806, 16.5743
103.087, 114.185
PARTICLE 19: 
228.763, 315.646
130.778, 376.096
256.422, 127.531
128.921, 215.297
19.0663, 131.271
117.589, 489.886
PARTICLE 20: 
349.077, 72.9876
248.744, 155.618
382.589, 184.033
204.88, 91.0382
101.316, 62.2666
171.747, 94.7968
Nodes Positions: 
430.696, 206.172
35.4191, 421.2
195.689, 482.69
298.786, 181.221
380.062, 28.6931
391.336, 254.398
107.968, 455.037
401.846, 17.0577
315.636, 219.54
228.485, 214.808
30.2897, 12.943
333.897, 169.687
117.824, 322.98
3.41665, 289.122
368.412, 142.002
185.578, 342.691
415.934, 194.657
177.374, 487.048
163.837, 404.41
20.3612, 301.448
116.623, 117.653
42.218, 393.27
13.8867, 75.5106
138.689, 328.06
79.769, 375.91
449.142, 233.249
483.834, 352.016
218.11, 239.153
348.761, 141.039
306.731, 468.46
327.036, 415.629
362.247, 152.457
240.061, 88.5246
324.087, 163.455
169.855, 428.65
85.3554, 463.329
56.5288, 364.471
283.182, 68.575
480.485, 444.65
468.412, 110.537
127.373, 294.826
435.128, 7.40817
74.0242, 283.116
204.136, 187.199
394.109, 57.4577
147.528, 268.135
419.742, 95.4679
252.571, 258.777
212.146, 66.3246
357.792, 313.087
457.476, 39.7418
93.7587, 107.143
274.387, 384.089
461.993, 367.883
266.131, 434.062
243.567, 128.22
286.868, 48.5324
65.6997, 339.105
151.367, 244.98
495.526, 498.559
All particles start with velocity zero
-- ITERATION 0 --
-------------
Particle: 1:
Relays Coordinates:
25.1201, 70.78
250.015, 357.432
56.0169, 169.874
42.6504, 262.32
146.988, 10.0487
152.249, 292.783
Evaluation Time: 1.54906 seconds
Resulting Fitness: 0.191667
New local best!
New global best!
-------------
Particle: 2:
Relays Coordinates:
197.31, 383.25
123.885, 327.29
12.7082, 430.982
24.3083, 190.148
29.523, 283.354
81.6812, 79.4777
Evaluation Time: 1.43554 seconds
Resulting Fitness: 0.158333
New local best!
-------------
Particle: 3:
Relays Coordinates:
219.436, 302.096
46.4822, 46.4609
126.521, 101.234
236.529, 304.167
79.6305, 162.7
140.202, 184.742
Evaluation Time: 1.38611 seconds
Resulting Fitness: 0.0861111
New local best!
-------------
Particle: 4:
Relays Coordinates:
40.2157, 356.418
0.0173634, 70.7394
277.434, 203.73
30.7516, 205.735
275.346, 336.457
174.668, 306.886
Evaluation Time: 1.71049 seconds
Resulting Fitness: 0.227778
New local best!
New global best!
-------------
Particle: 5:
Relays Coordinates:
166.563, 210.167
92.9626, 87.5309
73.7285, 175.411
13.8527, 4.48737
202.815, 201.369
330.339, 124.171
Evaluation Time: 1.58441 seconds
Resulting Fitness: 0.194444
New local best!
-------------
Particle: 6:
Relays Coordinates:
199.962, 42.3983
9.78212, 153.785
252.459, 286.071
327.43, 21.8076
149.952, 14.3396
105.733, 261.296
Evaluation Time: 1.53784 seconds
Resulting Fitness: 0.244444
New local best!
New global best!
-------------
Particle: 7:
Relays Coordinates:
404.496, 195.499
167.001, 232.24
250.866, 351.122
44.5158, 172.794
399.879, 339.146
106.748, 91.5385
Evaluation Time: 1.8687 seconds
Resulting Fitness: 0.286111
New local best!
New global best!
-------------
Particle: 8:
Relays Coordinates:
82.7412, 217.211
217.132, 243.428
142.888, 337.35
146.249, 297.843
150.912, 390.3
51.4331, 127.847
Evaluation Time: 1.44416 seconds
Resulting Fitness: 0.161111
New local best!
-------------
Particle: 9:
Relays Coordinates:
207.981, 93.7496
56.5232, 142.178
104.295, 71.9008
88.6269, 122.348
326.547, 211.865
247.964, 129.607
Evaluation Time: 1.36982 seconds
Resulting Fitness: 0.177778
New local best!
-------------
Particle: 10:
Relays Coordinates:
38.6966, 0.936241
123.374, 227.818
136.3, 123.373
29.3268, 316.617
60.1886, 2.35084
193.9, 48.7001
Evaluation Time: 1.4393 seconds
Resulting Fitness: 0.194444
New local best!
-------------
Particle: 11:
Relays Coordinates:
162.141, 186.665
182.386, 119.67
62.535, 72.9599
218.193, 320.016
136.713, 447.772
291.557, 280.572
Evaluation Time: 1.70305 seconds
Resulting Fitness: 0.291667
New local best!
New global best!
-------------
Particle: 12:
Relays Coordinates:
301.245, 177.696
197.442, 100.79
125.515, 157.552
226.876, 139.234
449.173, 220.333
29.4898, 41.6481
Evaluation Time: 1.44543 seconds
Resulting Fitness: 0.138889
New local best!
-------------
Particle: 13:
Relays Coordinates:
48.6559, 140.957
0.406738, 209.187
127.087, 322.164
227.646, 257.885
151.634, 316.263
43.2517, 277.789
Evaluation Time: 1.47511 seconds
Resulting Fitness: 0.169444
New local best!
-------------
Particle: 14:
Relays Coordinates:
270.965, 269.828
265.48, 383.834
247.61, 24.5662
143.918, 33.9276
250.462, 164.794
257.953, 6.17049
Evaluation Time: 1.58598 seconds
Resulting Fitness: 0.236111
New local best!
-------------
Particle: 15:
Relays Coordinates:
37.7851, 114.344
77.6036, 264.823
164.175, 169.219
221.71, 345.713
124.101, 284.924
258.246, 90.629
Evaluation Time: 1.64152 seconds
Resulting Fitness: 0.280556
New local best!
-------------
Particle: 16:
Relays Coordinates:
314.235, 143.753
130.793, 211.963
10.089, 211.12
206.462, 85.2388
50.9711, 65.4685
329.499, 246.249
Evaluation Time: 1.82456 seconds
Resulting Fitness: 0.308333
New local best!
New global best!
-------------
Particle: 17:
Relays Coordinates:
92.8128, 7.53472
110.778, 205.719
116.466, 16.9311
39.0122, 59.9709
206.893, 151.944
86.0369, 167.017
Evaluation Time: 1.29532 seconds
Resulting Fitness: 0.0888889
New local best!
-------------
Particle: 18:
Relays Coordinates:
149.531, 85.232
399.202, 78.2414
410.521, 29.9961
137.554, 201.237
257.806, 16.5743
103.087, 114.185
Evaluation Time: 1.51931 seconds
Resulting Fitness: 0.183333
New local best!
-------------
Particle: 19:
Relays Coordinates:
228.763, 315.646
130.778, 376.096
256.422, 127.531
128.921, 215.297
19.0663, 131.271
117.589, 489.886
Evaluation Time: 1.69704 seconds
Resulting Fitness: 0.291667
New local best!
-------------
Particle: 20:
Relays Coordinates:
349.077, 72.9876
248.744, 155.618
382.589, 184.033
204.88, 91.0382
101.316, 62.2666
171.747, 94.7968
Evaluation Time: 1.5065 seconds
Resulting Fitness: 0.3
New local best!
Current global best fitness: 0.308333
Current global best relays: 314.235, 143.753
130.793, 211.963
10.089, 211.12
206.462, 85.2388
50.9711, 65.4685
329.499, 246.249
Particle 1 new velocities: 277.766, 9.30353
-20.8071, -50.4176
-18.274, 6.41545
156.842, -163.288
-43.0814, 59.7834
94.0483, -55.7621
Particle 2 new velocities: 25.8884, -164.387
3.34753, -57.4899
-1.09321, -148.431
107.633, -75.5727
9.56206, -8.58832
206.681, 199.646
Particle 3 new velocities: 19.4396, -197.161
66.6595, 86.505
-90.2727, 89.9113
-31.1751, -224.968
-17.0786, -85.2605
211.362, 11.4768
Particle 4 new velocities: 112.609, -211.212
36.0097, 35.8781
-76.1447, 2.16673
118.434, -10.5259
-188.211, -134.839
155.578, -2.11302
Particle 5 new velocities: 48.3544, -39.5274
34.1036, 41.7152
-68.2574, 3.8861
155.298, 35.1313
-78.7322, -38.893
-0.374649, 100.865
Particle 6 new velocities: 76.0261, 16.1293
94.1854, 5.89885
-222.138, -65.366
-136.777, 35.5931
-124.773, 58.929
234.824, -8.11471
Particle 7 new velocities: -57.2236, -50.6001
-40.5706, -11.9362
-283.743, -28.1115
79.0117, -25.8024
-446.369, -237.604
249.342, 31.3478
Particle 8 new velocities: 253.767, -91.8858
-25.3369, -32.7189
-98.9124, -74.4145
14.2467, -139.577
-38.2644, -21.3496
186.111, 0.100909
Particle 9 new velocities: 75.5462, 61.7678
67.9416, 40.9166
-36.7105, 55.7504
78.1281, -37.0197
-240.633, -83.0999
45.2691, 127.897
Particle 10 new velocities: 10.2383, 142.015
6.22617, -8.88772
-37.1144, 83.1323
77.1722, -128.075
-4.47311, 1.83986
116.364, 96.8778
Particle 11 new velocities: 3.83616, -33.2856
-60.2648, 7.73419
-0.726978, 43.1558
-14.9491, -294.633
-72.6191, -10.8694
27.9573, -8.11088
Particle 12 new velocities: 7.33916, -13.4783
-57.0342, 52.6103
-140.085, 18.5228
-24.554, -5.27869
-297.535, -41.6459
7.51569, 224.213
Particle 13 new velocities: 24.5602, 2.1538
78.7309, 0.647413
-46.0087, -140.985
-11.2501, -69.7497
-87.8385, -186.815
310.195, -31.1424
Particle 14 new velocities: 24.4229, -32.8418
-107.733, -150.504
-242.972, 61.3274
52.0134, 10.2737
-189.801, -83.6255
43.4602, 215.092
Particle 15 new velocities: 334.103, 11.5478
51.2018, -21.2392
-71.2179, 3.09855
-17.8048, -201.183
-24.0577, -236.827
41.6714, 124.103
Particle 16 new velocities: 0, 0
0, 0
0, 0
0, 0
0, 0
0, 0
Particle 17 new velocities: 133.956, 50.5525
6.26099, 4.99384
-128.936, 133.985
135.388, 10.6966
-31.8728, -88.4274
244.536, 38.7482
Particle 18 new velocities: 120.927, 29.078
-206.215, 65.1674
-422.104, 61.0268
11.3857, -78.1007
-110.116, 39.5934
282.696, 142.395
Particle 19 new velocities: 13.7237, -129.036
0.00249233, -0.569085
-81.4642, 50.8001
64.5193, -77.3126
18.5193, -67.2625
110.268, -224.676
Particle 20 new velocities: -39.4802, 66.3832
-59.2851, 61.7961
-365.835, 31.8803
0.843658, -4.5163
-27.4928, 3.47912
161.399, 89.1608
-- ITERATION 1 --
-------------
Particle: 1:
Relays Coordinates:
302.886, 80.0836
229.208, 307.015
37.7429, 176.289
199.492, 99.0323
103.906, 69.8321
246.297, 237.021
Evaluation Time: 1.53732 seconds
Resulting Fitness: 0.197222
New local best!
-------------
Particle: 2:
Relays Coordinates:
180.791, 177.279
103.059, 218.538
9.40811, 228.867
106.872, 92.8057
31.6589, 222.56
233.573, 226.09
Evaluation Time: 1.38448 seconds
Resulting Fitness: 0.2
New local best!
-------------
Particle: 3:
Relays Coordinates:
238.875, 104.935
113.142, 132.966
36.2485, 191.146
205.354, 79.1987
62.552, 77.4392
351.564, 196.219
Evaluation Time: 1.42048 seconds
Resulting Fitness: 0.177778
New local best!
-------------
Particle: 4:
Relays Coordinates:
137.542, 130.685
32.4244, 95.9557
181.16, 185.307
134.267, 175.688
78.4213, 181.456
297.221, 274.295
Evaluation Time: 1.35602 seconds
Resulting Fitness: 0.116667
-------------
Particle: 5:
Relays Coordinates:
174.083, 138.218
102.924, 104.689
4.4316, 145.231
137.012, 32.0911
100.507, 131.605
267.271, 182.279
Evaluation Time: 1.34295 seconds
Resulting Fitness: 0.202778
New local best!
-------------
Particle: 6:
Relays Coordinates:
201.195, 42.6666
75.7923, 116.41
22.1044, 160.894
138.986, 41.8451
18.3555, 53.4128
248.266, 184.569
Evaluation Time: 1.43613 seconds
Resulting Fitness: 0.2
-------------
Particle: 7:
Relays Coordinates:
227.846, 95.0681
82.9508, 144.541
0, 211.927
81.0464, 96.4413
0, 66.6217
233.631, 80.6257
Evaluation Time: 1.3421 seconds
Resulting Fitness: 0.133333
-------------
Particle: 8:
Relays Coordinates:
220.783, 82.2259
125.837, 138.246
28.8525, 172.512
105.301, 103.838
73.9082, 242.069
155.852, 83.9468
Evaluation Time: 1.39825 seconds
Resulting Fitness: 0.161111
-------------
Particle: 9:
Relays Coordinates:
283.528, 155.517
124.465, 183.095
67.5843, 127.651
166.755, 85.3285
85.9138, 128.765
293.233, 257.504
Evaluation Time: 1.55304 seconds
Resulting Fitness: 0.258333
New local best!
-------------
Particle: 10:
Relays Coordinates:
35.6736, 104.211
94.4785, 159.6
72.3063, 150.542
77.6378, 137.447
40.6166, 3.05502
226.183, 106.126
Evaluation Time: 1.31545 seconds
Resulting Fitness: 0.15
-------------
Particle: 11:
Relays Coordinates:
79.3864, 73.361
58.4102, 60.937
29.5626, 55.5378
97.211, 12.1406
30.6557, 208.969
152.823, 130.317
Evaluation Time: 1.22317 seconds
Resulting Fitness: 0.122222
-------------
Particle: 12:
Relays Coordinates:
249.953, 133.017
113.73, 124.255
0, 142.62
163.881, 108.504
122.826, 144.737
29.9744, 215.347
Evaluation Time: 1.39158 seconds
Resulting Fitness: 0.138889
-------------
Particle: 13:
Relays Coordinates:
73.216, 143.111
79.1376, 209.834
81.0781, 181.179
216.396, 188.136
63.795, 129.449
353.447, 246.646
Evaluation Time: 1.57388 seconds
Resulting Fitness: 0.222222
New local best!
-------------
Particle: 14:
Relays Coordinates:
239.264, 191.959
127.776, 188.997
3.75652, 69.5738
158.705, 35.8031
49.1353, 65.7463
244.144, 179.223
Evaluation Time: 1.32497 seconds
Resulting Fitness: 0.194444
-------------
Particle: 15:
Relays Coordinates:
371.888, 125.892
128.805, 243.584
92.9567, 172.318
203.905, 144.53
100.043, 48.0969
299.917, 214.732
Evaluation Time: 1.57523 seconds
Resulting Fitness: 0.222222
-------------
Particle: 16:
Relays Coordinates:
314.235, 143.753
130.793, 211.963
10.089, 211.12
206.462, 85.2388
50.9711, 65.4685
329.499, 246.249
Evaluation Time: 1.80988 seconds
Resulting Fitness: 0.308333
-------------
Particle: 17:
Relays Coordinates:
183.683, 47.0507
94.8019, 170.677
0, 122.242
141.264, 57.2407
141.767, 51.4481
267.764, 166.67
Evaluation Time: 1.43702 seconds
Resulting Fitness: 0.138889
New local best!
-------------
Particle: 18:
Relays Coordinates:
219.071, 92.5911
156.32, 116.161
0, 73.7286
120.642, 99.7408
119.629, 45.4958
312.484, 207.83
Evaluation Time: 1.30186 seconds
Resulting Fitness: 0.127778
-------------
Particle: 19:
Relays Coordinates:
196.414, 151.154
105.932, 304.177
141.716, 144.448
156.686, 111.767
30.4443, 51.8467
184.564, 214.82
Evaluation Time: 1.45718 seconds
Resulting Fitness: 0.227778
-------------
Particle: 20:
Relays Coordinates:
278.638, 125.434
170.513, 195.673
15.0785, 194.322
185.151, 77.8697
66.4408, 59.1711
299.831, 165.562
Evaluation Time: 1.43543 seconds
Resulting Fitness: 0.236111
Current global best fitness: 0.308333
Current global best relays: 314.235, 143.753
130.793, 211.963
10.089, 211.12
206.462, 85.2388
50.9711, 65.4685
329.499, 246.249
Particle 1 new velocities: 228.46, 22.1217
-114.117, -127.613
-19.4457, 30.7914
131.512, -144.827
-36.0658, 43.4081
136.647, -33.1164
Particle 2 new velocities: 159.105, -156.379
18.2094, -47.9456
-0.117962, -126.674
135.653, -62.0212
19.0237, -132.205
274.498, 184.846
Particle 3 new velocities: 97.3732, -122.692
70.226, 120.87
-101.745, 79.4674
-24.8997, -177.822
-28.4884, -83.237
163.732, 10.6706
Particle 4 new velocities: 211.023, 114.314
91.8102, 58.5308
-96.2638, 44.3649
-52.6943, -58.054
-71.1983, -99.538
23.216, 15.0749
Particle 5 new velocities: 51.7332, -30.5168
32.05, 62.3406
-49.3092, 62.1469
202.148, 56.6698
-97.1727, -70.4418
74.5287, 147.307
Particle 6 new velocities: 160.066, 54.919
78.7782, 108.707
-9.72096, 212.413
-38.5019, 33.2131
87.4091, 25.3486
60.9428, 90.8683
Particle 7 new velocities: 66.3379, 132.041
64.9461, 175.615
126.084, 33.303
173.191, -27.3228
333.684, -17.0552
163.873, 68.1892
Particle 8 new velocities: 199.218, 105.968
30.8321, 25.2664
32.8005, 47.4303
164.982, 132.188
-17.3948, 30.1323
134.092, 84.9213
Particle 9 new velocities: 85.1209, 48.5963
54.7012, 33.2764
-48.6478, 108.188
99.0527, -29.6284
-210.834, -73.5984
67.0776, 94.3449
Particle 10 new velocities: 244.594, 144.3
43.2427, 139.07
-32.5598, 68.8549
28.2489, 76.6186
6.78761, 58.6396
61.6796, 24.2839
Particle 11 new velocities: 308.02, 183.669
201.23, 146.112
-1.83646, 109.721
73.5489, 23.423
-19.2668, 170.006
369.513, 288.034
Particle 12 new velocities: 83.7943, 34.8875
-14.4371, 135.209
18.044, 54.176
80.3306, -25.3177
-201.02, 52.5322
378.929, -68.7894
Particle 13 new velocities: 50.8495, 2.21991
98.604, 2.45809
-75.3666, -97.8283
-9.31776, -153.723
-77.8875, -194.764
242.252, -25.328
Particle 14 new velocities: 76.4665, 32.2834
57.2715, 119.409
-64.0806, 80.7491
83.1386, 8.09583
23.07, -65.942
69.3579, 116.489
Particle 15 new velocities: -275.466, 8.03115
-31.3132, -18.4324
-16.6418, 2.40296
0.632152, -84.6531
-48.7651, 52.6058
-30.3888, -36.3824
Particle 16 new velocities: 0, 0
0, 0
0, 0
0, 0
0, 0
0, 0
Particle 17 new velocities: 197.161, 62.2502
23.6019, 14.1649
0.775717, 144.308
182.957, 40.1366
-97.4211, -54.2318
204.805, 58.0211
Particle 18 new velocities: 51.1704, 19.4157
200.521, 104.428
127.465, 138.497
14.1415, 73.0404
51.3059, 45.7278
-70.5364, 39.4532
Particle 19 new velocities: 143.363, 68.0318
49.5247, 60.226
-75.4055, 78.8312
64.9563, 40.4296
33.1217, 90.4958
204.071, 77.7648
Particle 20 new velocities: 115.395, 38.6131
12.3975, 25.433
0.799685, 19.8667
49.9009, 13.9373
-2.18724, 7.53544
-33.3945, 21.5821
-- ITERATION 2 --
-------------
Particle: 1:
Relays Coordinates:
265.721, 54.316
61.1641, 95.3412
9.72387, 110.051
175.909, 0
36.0532, 60.1805
203.512, 108.363
Evaluation Time: 1.22466 seconds
Resulting Fitness: 0.127778
-------------
Particle: 2:
Relays Coordinates:
118.514, 7.2874
42.2836, 59.482
3.23927, 35.6327
84.5633, 10.7339
17.6719, 31.5051
174.339, 143.284
Evaluation Time: 1.12097 seconds
Resulting Fitness: 0.0833333
-------------
Particle: 3:
Relays Coordinates:
178.696, 0
97.4491, 134.899
0, 143.815
95.9006, 0
18.1027, 0
265.721, 109.949
Evaluation Time: 1.2884 seconds
Resulting Fitness: 0.125
-------------
Particle: 4:
Relays Coordinates:
205.824, 144.669
73.3593, 91.2227
50.1304, 135.619
48.1678, 69.462
4.26513, 48.3719
189.215, 170.87
Evaluation Time: 1.26262 seconds
Resulting Fitness: 0.15
-------------
Particle: 5:
Relays Coordinates:
133.343, 63.5966
79.7006, 98.6295
0, 122.455
200.27, 52.4125
1.96894, 36.1164
201.83, 194.617
Evaluation Time: 1.30995 seconds
Resulting Fitness: 0.144444
-------------
Particle: 6:
Relays Coordinates:
263.36, 71.1399
112.682, 164.11
9.0275, 272.141
73.2526, 54.7174
77.1024, 57.4171
225.414, 200.794
Evaluation Time: 1.47881 seconds
Resulting Fitness: 0.225
-------------
Particle: 7:
Relays Coordinates:
156.341, 120.695
78.5985, 170.144
67.0063, 130.326
135.112, 36.7324
177.333, 26.3417
211.25, 79.0863
Evaluation Time: 1.27306 seconds
Resulting Fitness: 0.147222
-------------
Particle: 8:
Relays Coordinates:
275.563, 123.474
102.79, 107.281
40.4505, 144.304
177.333, 154.857
37.0785, 178.591
190.232, 110.794
Evaluation Time: 1.40923 seconds
Resulting Fitness: 0.161111
-------------
Particle: 9:
Relays Coordinates:
298.605, 165.332
145.124, 175.26
15.3386, 191.03
215.304, 45.1171
0, 44.6846
291.852, 284.997
Evaluation Time: 1.67097 seconds
Resulting Fitness: 0.219444
-------------
Particle: 10:
Relays Coordinates:
252.24, 223.66
123.949, 268.803
35.7719, 197.458
95.298, 192.659
42.6638, 55.5252
259.076, 117.369
Evaluation Time: 1.69144 seconds
Resulting Fitness: 0.186111
-------------
Particle: 11:
Relays Coordinates:
254.178, 168.637
170.35, 135.845
18.1911, 108.426
112.036, 23.3333
7.47224, 248.646
328.05, 274.48
Evaluation Time: 1.59326 seconds
Resulting Fitness: 0.25
-------------
Particle: 12:
Relays Coordinates:
218.972, 110.162
65.146, 170.234
11.8386, 129.118
160.227, 54.5782
0, 129.428
268.282, 96.1566
Evaluation Time: 1.36179 seconds
Resulting Fitness: 0.0888889
-------------
Particle: 13:
Relays Coordinates:
59.3402, 69.5112
85.0133, 101.539
2.73183, 39.8663
99.0448, 16.4594
0, 0
239.148, 105.856
Evaluation Time: 1.21597 seconds
Resulting Fitness: 0.133333
-------------
Particle: 14:
Relays Coordinates:
230.168, 163.473
134.899, 224.828
0, 109.585
176.304, 32.0023
52.6377, 0
228.543, 215.574
Evaluation Time: 1.43263 seconds
Resulting Fitness: 0.166667
-------------
Particle: 15:
Relays Coordinates:
96.4219, 133.923
97.4922, 225.152
76.3149, 174.721
204.537, 59.8769
51.278, 100.703
269.529, 178.35
Evaluation Time: 1.61925 seconds
Resulting Fitness: 0.266667
-------------
Particle: 16:
Relays Coordinates:
314.235, 143.753
130.793, 211.963
10.089, 211.12
206.462, 85.2388
50.9711, 65.4685
329.499, 246.249
Evaluation Time: 1.90139 seconds
Resulting Fitness: 0.308333
-------------
Particle: 17:
Relays Coordinates:
249.872, 71.7123
77.6847, 121.275
0.508948, 174.883
212.722, 63.8893
29.0951, 0
310.052, 147.42
Evaluation Time: 1.52725 seconds
Resulting Fitness: 0.183333
New local best!
-------------
Particle: 18:
Relays Coordinates:
197.006, 81.6529
260.137, 160.809
92.9222, 154.713
98.2568, 125.957
124.611, 66.502
176.38, 180.269
Evaluation Time: 1.38739 seconds
Resulting Fitness: 0.191667
New local best!
-------------
Particle: 19:
Relays Coordinates:
305.8, 197.268
139.911, 327.963
59.6795, 200.951
199.478, 136.977
57.2094, 128.108
349.771, 263.326
Evaluation Time: 1.72994 seconds
Resulting Fitness: 0.313889
New local best!
New global best!
-------------
Particle: 20:
Relays Coordinates:
354.629, 147.642
164.619, 198.995
14.2904, 192.77
211.547, 82.6263
57.8282, 60.0359
239.793, 168.43
Evaluation Time: 1.65388 seconds
Resulting Fitness: 0.247222
Current global best fitness: 0.313889
Current global best relays: 305.8, 197.268
139.911, 327.963
59.6795, 200.951
199.478, 136.977
57.2094, 128.108
349.771, 263.326
Particle 1 new velocities: 42.3122, 90.3392
191.05, 366.334
86.786, 129.554
160.56, 113.488
82.2008, 85.8026
246.769, 107.157
Particle 2 new velocities: 333.883, 158.164
105.279, 191.402
9.68029, 81.602
268.509, 107.798
68.9904, 7.00728
252.277, 262.353
Particle 3 new velocities: 238.901, 280.277
107.13, 340.702
50.7178, 132.581
106.09, 235.323
49.9188, 203.688
87.1556, 169.714
Particle 4 new velocities: -63.3543, 457.32
57.0483, 74.6858
224.579, 86.9808
27.9642, -7.30542
375.102, 343.214
67.7527, 182.183
Particle 5 new velocities: 183.354, 192.601
71.2443, 191.523
71.5169, 76.557
136.75, 115.632
-9.26865, 148.848
272.302, 102.754
Particle 6 new velocities: 116.718, 66.3367
-0.118601, 103.969
318.412, 107.054
387.16, 42.8566
140.783, 13.6062
20.7498, 141.912
Particle 7 new velocities: 206.242, 222.153
269.357, 173.538
96.6484, 273.24
77.7985, 124.564
331.706, 460.915
104.313, 271.269
Particle 8 new velocities: -151.617, 221.391
249.247, 251.579
147.818, 261.371
116.788, 180.165
70.2024, 240.918
136.723, 144.627
Particle 9 new velocities: 65.0566, 50.448
14.4675, 111.989
32.8751, 79.3119
-17.2049, 92.2579
179.734, 48.5404
87.6568, 69.2472
Particle 10 new velocities: -51.7561, -207.421
46.2444, 164.507
127.318, 44.648
60.8963, 129.588
10.7405, 80.2431
57.4927, 70.4796
Particle 11 new velocities: 130.504, 176.029
167.52, 201.966
52.2691, 159.435
237.794, 424.544
191.709, 298.783
-6.45165, 225.553
Particle 12 new velocities: 233.528, 198.904
269.984, 179.399
176.392, 118.208
99.4012, 189.893
741.391, 152.257
266.708, 58.6749
Particle 13 new velocities: 354.487, 265.476
107.104, 348.214
94.572, 166.552
265.98, 189.492
117.574, 210.426
60.932, 218.042
Particle 14 new velocities: 204.79, 223.579
220.644, 122.691
146.051, 114.963
72.6788, 122.344
230.069, 51.1248
168.349, 75.9266
Particle 15 new velocities: -151.658, -12.9112
-41.897, 74.036
-1.50757, 0.360115
20.2109, 18.5389
-18.0616, 214.139
-13.4356, -23.1803
Particle 16 new velocities: -5.06079, 9.96251
7.84493, 52.1212
35.693, -7.24353
-7.18299, 64.8774
7.84229, 69.51
18.1234, 13.425
Particle 17 new velocities: 192.327, 79.9054
88.4393, 49.4396
0.620637, 148.82
133.752, 101.92
-65.4324, 145.014
209.221, 143.441
Particle 18 new velocities: 180.315, 125.731
90.5232, 233.602
89.5749, 163.897
89.7298, 65.5893
16.3244, 59.9759
129.59, 123.547
Particle 19 new velocities: 114.691, 54.4254
39.6198, 48.1808
-60.3244, 63.065
51.9651, 32.3437
26.4974, 72.3966
163.256, 62.2118
Particle 20 new velocities: 54.2872, -72.9135
54.9211, -17.6768
447.004, 21.6333
18.9529, 43.8535
38.0426, 44.7902
-54.2894, -6.32702
-- ITERATION 3 --
-------------
Particle: 1:
Relays Coordinates:
163.701, 76.8757
134.037, 245.353
51.2893, 127.336
178.814, 60.312
62.845, 77.5814
239.298, 114.537
Evaluation Time: 1.42291 seconds
Resulting Fitness: 0.213889
New local best!
-------------
Particle: 2:
Relays Coordinates:
267.136, 97.6976
87.1342, 148.145
7.62888, 69.2259
208.486, 69.9922
51.1732, 22.7412
251.912, 239.525
Evaluation Time: 1.49489 seconds
Resulting Fitness: 0.180556
-------------
Particle: 3:
Relays Coordinates:
246.587, 165.501
120.802, 280.837
29.9484, 163.209
119.273, 138.956
40.166, 120.276
208.37, 165.138
Evaluation Time: 1.48893 seconds
Resulting Fitness: 0.197222
New local best!
-------------
Particle: 4:
Relays Coordinates:
115.401, 405
105.63, 134.386
222.515, 180.306
61.6669, 50.3468
307.288, 317.184
208.144, 285.973
Evaluation Time: 1.88325 seconds
Resulting Fitness: 0.316667
New local best!
New global best!
-------------
Particle: 5:
Relays Coordinates:
256.524, 207.52
122.265, 235.023
57.9287, 161.199
272.986, 136.116
0, 149.821
384.046, 240.871
Evaluation Time: 1.84773 seconds
Resulting Fitness: 0.280556
New local best!
-------------
Particle: 6:
Relays Coordinates:
249.369, 90.1984
73.8528, 175.887
214.833, 248.79
302.077, 64.0183
142.954, 46.5984
161.508, 224.849
Evaluation Time: 1.48393 seconds
Resulting Fitness: 0.166667
-------------
Particle: 7:
Relays Coordinates:
192.692, 182.204
184.918, 182.647
86.9728, 214.471
113.149, 85.7194
265.721, 258.948
167.703, 186.193
Evaluation Time: 1.38891 seconds
Resulting Fitness: 0.183333
-------------
Particle: 8:
Relays Coordinates:
48.0191, 133.608
136.387, 139.03
72.9392, 157.167
113.948, 129.794
41.5628, 162.526
126.669, 98.9554
Evaluation Time: 1.1192 seconds
Resulting Fitness: 0.0888889
-------------
Particle: 9:
Relays Coordinates:
265.11, 157.304
116.343, 209.405
35.1478, 197.079
144.414, 100.146
131.026, 67.961
276.662, 258.244
Evaluation Time: 1.4766 seconds
Resulting Fitness: 0.211111
-------------
Particle: 10:
Relays Coordinates:
162.392, 13.1536
137.857, 350.981
132.103, 196.106
126.517, 261.021
43.2574, 109.972
256.421, 152.158
Evaluation Time: 1.7226 seconds
Resulting Fitness: 0.247222
New local best!
-------------
Particle: 11:
Relays Coordinates:
204.436, 183.17
179.558, 179.527
37.4455, 142.353
185.914, 238.02
105.853, 265.721
170.911, 265.721
Evaluation Time: 1.39146 seconds
Resulting Fitness: 0.213889
-------------
Particle: 12:
Relays Coordinates:
216.429, 147.825
160.291, 167.228
90.03, 118.295
124.179, 116.93
239.148, 134.729
239.148, 74.0554
Evaluation Time: 1.27634 seconds
Resulting Fitness: 0.144444
New local best!
-------------
Particle: 13:
Relays Coordinates:
271.512, 219.785
126.048, 295.083
63.8411, 135.431
239.493, 135.125
77.1402, 138.06
196.883, 212.509
Evaluation Time: 1.69343 seconds
Resulting Fitness: 0.280556
New local best!
-------------
Particle: 14:
Relays Coordinates:
231.155, 205.695
188.95, 184.686
77.6173, 119.334
132.32, 82.0262
150.242, 27.1698
210.925, 154.915
Evaluation Time: 1.24443 seconds
Resulting Fitness: 0.108333
-------------
Particle: 15:
Relays Coordinates:
0, 98.0197
45.0321, 242.342
60.5939, 141.815
182.046, 63.5168
26.9052, 255.022
207.435, 125.687
Evaluation Time: 1.31295 seconds
Resulting Fitness: 0.122222
-------------
Particle: 16:
Relays Coordinates:
309.174, 153.716
138.638, 264.084
45.7821, 203.877
199.279, 150.116
58.8134, 134.978
347.622, 259.674
Evaluation Time: 1.7744 seconds
Resulting Fitness: 0.283333
-------------
Particle: 17:
Relays Coordinates:
358.181, 122.81
134.561, 138.279
0.914964, 262.199
280.643, 134.306
0, 117.462
405, 235.597
Evaluation Time: 1.64548 seconds
Resulting Fitness: 0.291667
New local best!
-------------
Particle: 18:
Relays Coordinates:
305.63, 167.981
284.035, 319.473
147.823, 258.074
152.269, 155.153
114.158, 102.447
247.836, 246.091
Evaluation Time: 1.80612 seconds
Resulting Fitness: 0.247222
New local best!
-------------
Particle: 19:
Relays Coordinates:
275.884, 165.136
117.79, 246.788
0, 173.221
164.972, 111.091
54.92, 131.551
328.05, 213.585
Evaluation Time: 1.54831 seconds
Resulting Fitness: 0.322222
New local best!
New global best!
-------------
Particle: 20:
Relays Coordinates:
331.222, 60.5302
177.828, 146.868
373.648, 173.667
186.705, 102.449
77.6554, 84.9091
150.258, 131.303
Evaluation Time: 1.41231 seconds
Resulting Fitness: 0.213889
Current global best fitness: 0.322222
Current global best relays: 275.884, 165.136
117.79, 246.788
0, 173.221
164.972, 111.091
54.92, 131.551
328.05, 213.585
Particle 1 new velocities: 68.3224, 132.901
138.138, 294.213
19.5173, 156.069
123.943, 111.729
57.7545, 114.995
275.761, 123.304
Particle 2 new velocities: 217.119, 192.872
108.224, 292.452
7.68758, 214.586
73.017, 157.314
40.1682, 185.133
274.822, 169.642
Particle 3 new velocities: 225.892, 224.065
84.205, 259.777
5.25425, 117.094
120.126, 162.903
50.19, 171.308
119.312, 147.655
Particle 4 new velocities: 59.3303, -311.015
46.0361, 122.958
-101.997, 64.8761
89.0471, 31.6568
34.9156, 196.245
67.583, 75.6935
Particle 5 new velocities: 152.376, 151.309
51.7615, 167.149
27.5372, 72.083
21.8102, 87.02
10.2767, 115.535
214.284, 79.0916
Particle 6 new velocities: 30.4511, 31.2627
11.2035, 128.837
192.34, 68.6721
303.182, 49.2033
91.0731, 100.643
51.9677, 112.021
Particle 7 new velocities: 447.336, 164.719
126.968, 249.071
153.304, 396.315
5.41048, 182.491
-80.8253, 367.363
128.618, 167.936
Particle 8 new velocities: 147.589, 335.004
303.282, 322.488
119.173, 325.047
198.577, 277.994
97.7634, 518.848
182.167, 145.019
Particle 9 new velocities: 70.4155, 47.5066
24.241, 69.4613
33.1674, 43.5218
30.3745, 79.1661
102.425, 90.4953
129.022, 2.52036
Particle 10 new velocities: 80.2812, -0.818073
26.9246, 86.1642
75.6197, 14.6164
61.0797, -43.1146
8.6636, 72.7509
58.9749, 97.6509
Particle 11 new velocities: 48.2895, 140.578
114.781, 130.238
19.682, 65.1955
184.364, 378.943
110.168, 123.11
218.522, -26.8762
Particle 12 new velocities: 219.424, 171.319
200.465, 215.898
126.441, 121.821
88.4927, 151.666
-164.406, 118.801
83.4293, 180.785
Particle 13 new velocities: 284.142, 210.682
76.01, 225.894
57.3303, 164.546
146.206, 123.039
88.8225, 160.484
101.251, 175.795
Particle 14 new velocities: 269.806, 239.53
191.698, 281.718
205.71, 1.73708
107.996, 61.0571
82.3314, 260.196
276.209, 53.5339
Particle 15 new velocities: 416.061, 38.996
69.4688, 93.6036
52.2956, 19.9513
30.6935, 211.566
28.7405, 63.5659
86.9396, 58.9575
Particle 16 new velocities: -24.9916, 12.6114
-14.7762, -13.4637
-21.7216, -30.0373
-33.0948, 41.533
-4.79706, -59.5384
-11.5358, -46.9567
Particle 17 new velocities: 75.5929, 118.221
70.3408, 173.496
-0.508394, 77.3355
21.1866, 80.6595
30.0225, 118.07
-7.23691, 111.868
Particle 18 new velocities: 138.763, 99.6459
-70.2323, 93.3056
-20.9862, 85.9339
86.8469, 47.3633
-9.36318, 67.3581
141.19, 76.6133
Particle 19 new velocities: 91.7525, 43.5403
31.6958, 38.5447
0, 50.452
41.572, 25.875
21.1979, 57.9173
0, 49.7695
Particle 20 new velocities: -0.259602, 60.8754
18.2796, 6.82497
111.457, 28.3212
18.623, 30.5488
36.4412, 54.6568
143.588, 15.3746
-- ITERATION 4 --
-------------
Particle: 1:
Relays Coordinates:
110.976, 100.335
130.18, 239.148
33.8666, 135.552
144.807, 82.2865
57.6824, 92.1088
239.148, 113.758
Evaluation Time: 1.40407 seconds
Resulting Fitness: 0.222222
New local best!
-------------
Particle: 2:
Relays Coordinates:
317.72, 190.643
128.174, 289.076
10.0491, 186.209
184.694, 149.136
59.9291, 136.386
328.05, 268.454
Evaluation Time: 1.71336 seconds
Resulting Fitness: 0.327778
New local best!
New global best!
-------------
Particle: 3:
Relays Coordinates:
251.095, 207.031
108.949, 265.721
18.7081, 148.965
127.226, 160.42
48.0189, 154.96
174.144, 166.231
Evaluation Time: 1.47607 seconds
Resulting Fitness: 0.177778
-------------
Particle: 4:
Relays Coordinates:
157.258, 84.5863
136.5, 231.61
108.466, 220.664
135.643, 73.8033
307.983, 450
248.154, 325.5
Evaluation Time: 1.43149 seconds
Resulting Fitness: 0.144444
-------------
Particle: 5:
Relays Coordinates:
241.451, 211.885
102.761, 237.479
50.4667, 137.751
174.074, 131.76
6.06829, 156.69
295.245, 188.935
Evaluation Time: 1.50214 seconds
Resulting Fitness: 0.261111
-------------
Particle: 6:
Relays Coordinates:
148.708, 64.5494
45.2024, 161.943
216.389, 168.712
265.721, 60.1706
124.372, 78.2503
113.45, 179.027
Evaluation Time: 1.30523 seconds
Resulting Fitness: 0.133333
-------------
Particle: 7:
Relays Coordinates:
239.148, 165.932
149.174, 206.489
114.924, 239.148
56.7068, 128.284
88.4348, 239.148
141.729, 169.379
Evaluation Time: 1.34842 seconds
Resulting Fitness: 0.180556
-------------
Particle: 8:
Relays Coordinates:
75.7827, 181.55
170.337, 178.801
74.4284, 186.819
121.079, 157.986
53.9778, 193.71
119.649, 94.5208
Evaluation Time: 1.22883 seconds
Resulting Fitness: 0.0916667
-------------
Particle: 9:
Relays Coordinates:
198.124, 120.938
83.0132, 164.668
40.3394, 142.072
103.211, 105.882
137.85, 93.5669
239.552, 153.979
Evaluation Time: 1.26178 seconds
Resulting Fitness: 0.0972222
-------------
Particle: 10:
Relays Coordinates:
159.218, 8.09335
108.113, 286.811
136.287, 138.255
123.082, 142.968
34.0654, 119.885
206.931, 163.899
Evaluation Time: 1.387 seconds
Resulting Fitness: 0.183333
-------------
Particle: 11:
Relays Coordinates:
165.813, 212.411
193.116, 203.237
37.4813, 136.172
242.939, 328.05
141.731, 255.112
255.507, 156.706
Evaluation Time: 1.64233 seconds
Resulting Fitness: 0.247222
-------------
Particle: 12:
Relays Coordinates:
231.63, 169.607
191.721, 203.609
115.042, 127.607
113.023, 142.743
39.7211, 134.736
171.431, 135.433
Evaluation Time: 1.30594 seconds
Resulting Fitness: 0.133333
-------------
Particle: 13:
Relays Coordinates:
239.148, 205.891
96.6437, 239.148
57.9559, 143.478
184.478, 123.479
79.3795, 142.793
142.596, 185.725
Evaluation Time: 1.46547 seconds
Resulting Fitness: 0.230556
-------------
Particle: 14:
Relays Coordinates:
265.721, 236.611
202.292, 247.866
150.572, 64.3424
127.713, 76.0403
123.599, 152.718
258.883, 110.778
Evaluation Time: 1.49169 seconds
Resulting Fitness: 0.172222
-------------
Particle: 15:
Relays Coordinates:
303.309, 99.8844
83.4712, 244.904
82.2964, 117.928
155.087, 200.535
40.5658, 232.25
214.599, 134.606
Evaluation Time: 1.57844 seconds
Resulting Fitness: 0.241667
-------------
Particle: 16:
Relays Coordinates:
284.183, 166.327
123.862, 250.62
24.0605, 173.839
166.184, 191.649
54.0163, 75.44
336.086, 212.717
Evaluation Time: 1.75299 seconds
Resulting Fitness: 0.288889
-------------
Particle: 17:
Relays Coordinates:
256.139, 142.327
120.992, 184.1
0.240075, 200.492
178.228, 126.935
17.728, 139.079
234.875, 205.175
Evaluation Time: 1.38274 seconds
Resulting Fitness: 0.194444
-------------
Particle: 18:
Relays Coordinates:
323.963, 195.1
155.862, 300.916
92.4637, 250.781
174.316, 147.634
76.3954, 123.788
283.6, 235.252
Evaluation Time: 1.5596 seconds
Resulting Fitness: 0.263889
New local best!
-------------
Particle: 19:
Relays Coordinates:
268.007, 152.125
108.975, 208.007
0, 163.058
150.571, 99.8484
55.4899, 138.123
239.148, 191.986
Evaluation Time: 1.43348 seconds
Resulting Fitness: 0.208333
-------------
Particle: 20:
Relays Coordinates:
268.08, 98.3386
158.847, 124.491
392.936, 163.61
166.316, 107.728
92.4182, 113.048
238.015, 118.809
Evaluation Time: 1.41671 seconds
Resulting Fitness: 0.186111
Current global best fitness: 0.327778
Current global best relays: 317.72, 190.643
128.174, 289.076
10.0491, 186.209
184.694, 149.136
59.9291, 136.386
328.05, 268.454
Particle 1 new velocities: 221.328, 163.299
109.653, 28.9163
3.15002, 150.975
102.15, 151.123
48.3927, 120.728
21.6634, 205.932
Particle 2 new velocities: 173.696, 154.297
86.5791, 233.962
6.15006, 171.669
58.4136, 125.852
32.1346, 148.106
0, 135.714
Particle 3 new velocities: 225.446, 160.796
103.161, 24.8513
8.37676, 149.865
162.172, 112.706
33.6853, 90.8242
170.508, 209.594
Particle 4 new velocities: 106.943, 76.5736
11.9292, 49.8602
-88.9862, -13.7668
7.4124, 116.737
-265.885, -321.399
114.424, 33.378
Particle 5 new velocities: 200.698, 114.015
86.3697, 160.668
26.4281, 85.0663
131.303, 77.1723
30.5637, 71.1424
33.0639, 204.449
Particle 6 new velocities: 217.418, 120.309
55.5454, 118.885
87.7874, 154.816
19.2793, 90.976
40.491, 77.1235
111.788, 222.108
Particle 7 new velocities: 327.03, 195.099
83.7509, 279.591
298.478, -55.3433
48.3254, 173.145
173.739, -74.4893
192.524, 80.2397
Particle 8 new velocities: 433.059, 303.947
252.175, 453.501
183.996, 402.005
243.779, 390.78
167.32, 53.8277
215.016, 311.919
Particle 9 new velocities: 224.986, 72.6014
42.9781, 88.6863
9.97614, 58.0584
90.6531, 38.057
-61.4059, 122.089
181.293, 152.395
Particle 10 new velocities: 190.767, 209.431
44.0987, 172.281
-64.8356, 120.431
71.6089, 168.941
18.2027, 44.0722
111.191, 97.2714
Particle 11 new velocities: 140.105, 95.2529
12.8161, 164.51
31.6681, 8.19763
56.1004, -33.1672
73.3089, 207.845
238.394, 71.2372
Particle 12 new velocities: 250.956, 118.623
105.483, 212.126
-17.7946, 139.505
158.522, 100.803
223.278, 95.9771
271.968, 251.824
Particle 13 new velocities: 139.633, 174.58
109.486, 126.579
4.31111, 126.82
205.916, 107.03
63.9727, 116.3
284.918, 243.088
Particle 14 new velocities: 38.3687, 187.537
121.928, 288.349
188.968, 70.0225
104.766, 31.9078
166.361, 212.721
244.295, 9.74335
Particle 15 new velocities: 35.8952, 54.645
73.7855, 130.083
120.204, 76.2532
152.281, 254.781
27.6227, 70.1265
200.995, 119.554
Particle 16 new velocities: 0.323936, 7.86193
-2.12085, -26.0923
-34.4151, 19.6489
5.00882, -59.3268
-4.21168, 26.5717
-15.3835, -9.21786
Particle 17 new velocities: 242.492, 101.619
82.2486, 170.041
11.5894, 85.8131
94.7203, 86.273
33.8713, 80.7456
317.634, 161.952
Particle 18 new velocities: 110.542, 76.2735
-81.7036, 60.29
-21.1458, 45.8862
82.4569, 38.8997
-22.4314, 66.0736
126.142, 76.4499
Particle 19 new velocities: 130.203, 81.6967
42.7608, 130.979
4.57725, 70.9791
76.2811, 72.8042
21.7342, 34.2236
122.955, 52.4174
Particle 20 new velocities: 109.372, 149.689
1.74896, 82.2814
-403.313, 69.4677
33.4626, 41.7833
33.0561, 20.7144
84.7108, 179.942
-- ITERATION 5 --
-------------
Particle: 1:
Relays Coordinates:
196.222, 155.673
141.619, 158.29
21.8579, 169.191
145.826, 137.826
62.6363, 125.678
154.007, 188.774
Evaluation Time: 1.22857 seconds
Resulting Fitness: 0.113889
-------------
Particle: 2:
Relays Coordinates:
235.043, 164.984
102.716, 239.148
7.74802, 171.172
116.278, 131.526
44.0338, 136.072
156.905, 193.312
Evaluation Time: 1.35158 seconds
Resulting Fitness: 0.186111
-------------
Particle: 3:
Relays Coordinates:
281.393, 217.198
125.249, 171.58
15.9933, 176.456
170.887, 161.278
48.2455, 145.133
203.513, 221.921
Evaluation Time: 1.3765 seconds
Resulting Fitness: 0.133333
-------------
Particle: 4:
Relays Coordinates:
173.342, 105.737
97.3842, 184.672
12.7806, 135.745
93.8584, 125.014
27.6203, 84.375
237.887, 235.46
Evaluation Time: 1.35875 seconds
Resulting Fitness: 0.166667
-------------
Particle: 5:
Relays Coordinates:
290.094, 213.823
124.089, 261.224
50.4507, 146.19
200.358, 137.08
24.0343, 149.481
215.403, 258.099
Evaluation Time: 1.56648 seconds
Resulting Fitness: 0.2
-------------
Particle: 6:
Relays Coordinates:
240.215, 121.285
66.1007, 184.251
199.57, 212.267
186.988, 99.1673
108.167, 101.941
147.778, 263.185
Evaluation Time: 1.46558 seconds
Resulting Fitness: 0.166667
-------------
Particle: 7:
Relays Coordinates:
239.148, 172.68
111.407, 232.491
197.729, 87.9134
50.2366, 144.173
125.397, 78.756
159.872, 119.392
Evaluation Time: 1.45849 seconds
Resulting Fitness: 0.213889
-------------
Particle: 8:
Relays Coordinates:
215.234, 208.99
181.878, 215.234
111.243, 215.234
157.059, 215.234
95.2615, 106.557
144.062, 174.959
Evaluation Time: 1.35579 seconds
Resulting Fitness: 0.133333
-------------
Particle: 9:
Relays Coordinates:
277.603, 126.982
82.6629, 166.226
33.012, 131.306
127.194, 94.4386
50.1552, 141.492
276.117, 201.012
Evaluation Time: 1.50977 seconds
Resulting Fitness: 0.211111
-------------
Particle: 10:
Relays Coordinates:
314.987, 195.772
136.991, 413.183
64.3058, 232.817
175.222, 280.718
47.0413, 147.561
286.31, 235.054
Evaluation Time: 1.72144 seconds
Resulting Fitness: 0.291667
New local best!
-------------
Particle: 11:
Relays Coordinates:
180.641, 181.672
121.601, 217.151
40.832, 85.249
176.58, 174.125
126.979, 273.372
291.644, 134.598
Evaluation Time: 1.62789 seconds
Resulting Fitness: 0.277778
-------------
Particle: 12:
Relays Coordinates:
256.466, 153.177
157.946, 220.938
51.6811, 141.954
144.31, 129.43
139.768, 122.611
235.641, 205.804
Evaluation Time: 1.44702 seconds
Resulting Fitness: 0.194444
New local best!
-------------
Particle: 13:
Relays Coordinates:
201.3, 202.198
109.546, 194.363
33.0912, 143.648
207.471, 122.502
76.1832, 137.693
227.199, 227.889
Evaluation Time: 1.31882 seconds
Resulting Fitness: 0.133333
-------------
Particle: 14:
Relays Coordinates:
179.562, 250.455
191.449, 295.245
200.495, 79.3411
137.277, 63.7422
171.218, 215.788
295.245, 71.1669
Evaluation Time: 1.47875 seconds
Resulting Fitness: 0.158333
-------------
Particle: 15:
Relays Coordinates:
180.267, 82.1233
83.5726, 199.284
107.617, 103.196
163.348, 241.974
36.2382, 160.695
220.864, 135.071
Evaluation Time: 1.34933 seconds
Resulting Fitness: 0.141667
-------------
Particle: 16:
Relays Coordinates:
284.506, 174.189
121.741, 224.528
0, 193.488
171.193, 132.322
49.8047, 102.012
320.703, 203.499
Evaluation Time: 1.50051 seconds
Resulting Fitness: 0.286111
-------------
Particle: 17:
Relays Coordinates:
327.152, 160.052
133.346, 232.352
7.76132, 187.845
179.081, 139.886
33.8543, 144.227
328.05, 240.872
Evaluation Time: 1.6232 seconds
Resulting Fitness: 0.272222
-------------
Particle: 18:
Relays Coordinates:
316.754, 197.831
54.0614, 263.319
51.9907, 216.271
187.187, 135.983
39.3397, 138.409
298.702, 227.23
Evaluation Time: 1.52285 seconds
Resulting Fitness: 0.25
-------------
Particle: 19:
Relays Coordinates:
322.55, 189.395
122.906, 274.579
3.70757, 189.57
183.75, 139.849
62.5516, 139.6
293.304, 197.967
Evaluation Time: 1.59354 seconds
Resulting Fitness: 0.291667
-------------
Particle: 20:
Relays Coordinates:
305.736, 200.903
130.083, 167.486
0, 188.793
161.82, 121.104
101.634, 108.348
261.408, 241.988
Evaluation Time: 1.44658 seconds
Resulting Fitness: 0.186111
Current global best fitness: 0.327778
Current global best relays: 317.72, 190.643
128.174, 289.076
10.0491, 186.209
184.694, 149.136
59.9291, 136.386
328.05, 268.454
Particle 1 new velocities: 202.474, 135.745
66.0501, 132.572
12.2728, 137.479
92.1871, 29.1534
30.1725, 87.5749
46.4009, 157.516
Particle 2 new velocities: 263.402, 166.906
113.028, 48.4516
6.54904, 177.971
174.39, 103.092
64.4194, 118.881
262.005, 190.916
Particle 3 new velocities: 198.859, 101.046
80.6238, 148.858
15.1014, 116.06
69.3403, 67.6167
25.6973, 51.2276
173.193, 164.437
Particle 4 new velocities: 77.5094, 449.448
20.7939, 22.173
110.533, 54.4131
-4.36614, -14.5527
65.0943, 10.8139
48.9525, 48.0829
Particle 5 new velocities: 132.309, 62.1218
69.9128, 149.974
-9.31727, 97.6564
172.704, 62.4337
43.3483, 47.1026
197.47, 143.799
Particle 6 new velocities: 178.827, 93.2021
44.1616, 96.0076
101.182, 109.494
239.331, 132.583
56.4434, -30.3866
313.08, 180.672
Particle 7 new velocities: 314.706, 178.986
105.07, 296.952
299.428, 340.909
67.9891, 140.887
314.08, 319.542
203.571, 175.934
Particle 8 new velocities: -146.369, 241.292
223.965, 92.5722
111.331, 45.7693
190.413, -10.8515
197.227, 359.909
309.301, 330.142
Particle 9 new velocities: 220.965, 97.4168
129.908, 140.791
35.3378, 48.8177
149.447, 40.8976
-0.0390385, 82.3085
146.72, 254.344
Particle 10 new velocities: 155.908, 164.329
34.7455, 115.631
-78.3805, 83.703
58.3258, -6.02392
20.6099, 26.0156
133.121, 83.5594
Particle 11 new velocities: 132.485, 82.3415
47.4558, 112.743
19.6865, 43.1325
112.592, 138.651
-14.1234, 290.65
194.04, 122.01
Particle 12 new velocities: 217.568, 141.973
66.1042, 196.656
-32.7205, 152.178
148.278, 94.2118
168.208, 85.9514
318.648, 215.46
Particle 13 new velocities: 273.297, 141.262
121.161, 184.536
37.2587, 102.787
184.546, 95.4726
44.7804, 92.4952
321.722, 192.835
Particle 14 new velocities: 298.377, 92.9957
160.954, 65.7695
37.6058, -18.6964
95.2742, 64.4209
155.858, 77.6164
-1.31073, 166.574
Particle 15 new velocities: 106.585, 166.22
95.0492, 201.734
-4.54854, 121.42
155.287, 120.743
150.799, 245.865
296.633, 47.9166
Particle 16 new velocities: 53.6721, -26.7875
17.2986, 55.051
11.1375, 8.47639
62.1816, -43.4547
8.89538, -0.803418
-7.57058, 131.652
Particle 17 new velocities: 195.353, 40.9234
61.8017, 51.0427
-0.300034, 119.687
239.806, 73.7894
17.2009, 10.52
9.23848, 158.931
Particle 18 new velocities: 93.0388, 53.1127
48.474, 115.199
-30.588, 46.6292
61.5843, 63.7007
35.9094, 38.1399
102.754, 82.2218
Particle 19 new velocities: 37.129, 64.9574
28.4236, 82.7994
8.67572, 25.8256
58.8435, 40.1508
8.37173, 12.3619
108.892, 74.1864
Particle 20 new velocities: 104.303, 56.2778
37.2229, 116.28
271.548, 54.0402
62.5321, 1.3785
5.11091, -4.84938
-2.63859, 0.744042
-- ITERATION 6 --
-------------
Particle: 1:
Relays Coordinates:
261.585, 191.2
136.252, 190.834
22.3932, 201.206
156.16, 109.555
60.8918, 139.915
131.488, 227.201
Evaluation Time: 1.39267 seconds
Resulting Fitness: 0.213889
-------------
Particle: 2:
Relays Coordinates:
264.894, 176.38
114.655, 152.842
7.59804, 185.549
154.473, 124.685
57.6365, 135.492
222.626, 204.195
Evaluation Time: 1.35104 seconds
Resulting Fitness: 0.138889
-------------
Particle: 3:
Relays Coordinates:
350.104, 232
150.081, 233.599
22.6681, 213.244
175.125, 166.864
53.9043, 143.147
274.619, 281.655
Evaluation Time: 1.71868 seconds
Resulting Fitness: 0.255556
New local best!
-------------
Particle: 4:
Relays Coordinates:
164.584, 328.05
77.5366, 135.711
80.9063, 124.763
58.7158, 72.4734
60.8301, 62.4534
188.196, 186.032
Evaluation Time: 1.55345 seconds
Resulting Fitness: 0.216667
-------------
Particle: 5:
Relays Coordinates:
277.139, 181.047
127.284, 269.787
26.9877, 159.988
244.766, 130.901
44.2097, 128.978
270.886, 263.685
Evaluation Time: 1.63629 seconds
Resulting Fitness: 0.236111
-------------
Particle: 6:
Relays Coordinates:
274.933, 140.725
72.3431, 183.878
197.323, 211.108
279.708, 152.051
108.001, 46.9467
302.369, 291.214
Evaluation Time: 1.6086 seconds
Resulting Fitness: 0.241667
-------------
Particle: 7:
Relays Coordinates:
239.148, 168.201
103.54, 239.148
237.788, 205.104
56.547, 136.343
210.2, 190.505
173.834, 141.253
Evaluation Time: 1.40773 seconds
Resulting Fitness: 0.225
-------------
Particle: 8:
Relays Coordinates:
29.6439, 193.832
174.702, 132.5
95.8111, 112.353
149.575, 87.9798
125.907, 200.798
195.158, 215.234
Evaluation Time: 1.2758 seconds
Resulting Fitness: 0.152778
-------------
Particle: 9:
Relays Coordinates:
294.399, 132.505
125.521, 181.29
40.3599, 106.361
163.354, 79.9146
29.5931, 132.152
249.681, 268.883
Evaluation Time: 1.5093 seconds
Resulting Fitness: 0.241667
-------------
Particle: 10:
Relays Coordinates:
308.954, 236.262
112.676, 328.05
0, 207.669
153.231, 180.227
44.386, 113.884
275.188, 209.042
Evaluation Time: 1.5848 seconds
Resulting Fitness: 0.288889
-------------
Particle: 11:
Relays Coordinates:
205.442, 173.219
110.918, 216.443
39.7062, 84.2311
189.726, 205.212
74.0445, 328.05
318.657, 168.361
Evaluation Time: 1.62966 seconds
Resulting Fitness: 0.288889
-------------
Particle: 12:
Relays Coordinates:
226.729, 141.169
107.163, 199.734
9.0688, 140.682
139.944, 106.967
147.304, 99.7546
239.148, 201.49
Evaluation Time: 1.3181 seconds
Resulting Fitness: 0.108333
-------------
Particle: 13:
Relays Coordinates:
280.245, 202.81
136.23, 223.736
41.5409, 145.518
231.482, 128.712
71.4278, 135.924
295.245, 248.433
Evaluation Time: 1.50065 seconds
Resulting Fitness: 0.233333
-------------
Particle: 14:
Relays Coordinates:
282.218, 202.804
208.09, 213.175
140.596, 35.8101
137.319, 75.6791
193.135, 173.252
173.565, 140.383
Evaluation Time: 1.34599 seconds
Resulting Fitness: 0.169444
-------------
Particle: 15:
Relays Coordinates:
169.383, 146.644
105.474, 236.797
60.861, 132.634
188.151, 214.181
110.444, 240.07
295.245, 108.053
Evaluation Time: 1.55719 seconds
Resulting Fitness: 0.294444
New local best!
-------------
Particle: 16:
Relays Coordinates:
273.925, 119.395
112.622, 226.459
9.02133, 163.591
189.033, 71.9828
47.547, 81.9787
253.637, 271.472
Evaluation Time: 1.54119 seconds
Resulting Fitness: 0.25
-------------
Particle: 17:
Relays Coordinates:
364.5, 146.511
142.263, 206.595
5.43928, 224.19
305.369, 155.769
37.2193, 112.811
245.883, 291.456
Evaluation Time: 1.79174 seconds
Resulting Fitness: 0.325
New local best!
-------------
Particle: 18:
Relays Coordinates:
298.739, 182.938
74.7483, 275.94
15.6026, 191.654
181.354, 145.57
54.8566, 128.704
292.662, 225.591
Evaluation Time: 1.655 seconds
Resulting Fitness: 0.35
New local best!
New global best!
-------------
Particle: 19:
Relays Coordinates:
262.206, 185.423
110.319, 260.528
9.02742, 157.023
176.851, 131.22
51.7031, 110.781
293.201, 198.4
Evaluation Time: 1.5895 seconds
Resulting Fitness: 0.277778
-------------
Particle: 20:
Relays Coordinates:
410.039, 257.18
167.306, 283.765
271.548, 242.833
224.353, 122.483
106.745, 103.499
258.77, 242.732
Evaluation Time: 1.67041 seconds
Resulting Fitness: 0.238889
Current global best fitness: 0.35
Current global best relays: 298.739, 182.938
74.7483, 275.94
15.6026, 191.654
181.354, 145.57
54.8566, 128.704
292.662, 225.591
Particle 1 new velocities: 2.08736, -33.3416
-23.0511, 199.211
14.9425, 90.4025
87.9308, 29.1562
16.673, 41.6875
189.413, 2.47151
Particle 2 new velocities: 269.939, 153.541
45.2531, 368.746
14.8534, 150.25
175.529, 101.821
52.5256, 94.1652
348.042, 263.613
Particle 3 new velocities: 138.62, 65.5066
-1.93401, 121.195
6.95616, 86.453
59.1878, 44.8454
21.0646, 36.2047
145.062, 76.2741
Particle 4 new velocities: 146.912, -81.0611
38.0116, 187.961
193.997, 185.817
82.1787, 22.6265
164.419, 383.299
85.6841, 97.7243
Particle 5 new velocities: 101.115, 64.6136
50.6834, 68.8451
-16.5357, 112.747
132.511, 66.7273
8.0548, 56.3243
275.096, 52.0364
Particle 6 new velocities: 56.7147, -7.31208
33.7681, 103.804
-77.5145, 82.3262
202.947, -74.6815
4.91238, 5.92124
6.00937, 129.837
Particle 7 new velocities: 167.106, 198.435
97.4654, 30.0178
178.919, 491.338
197.999, 116.271
463.921, 382.256
143.26, 206.013
Particle 8 new velocities: 197.645, 204.434
186.31, 218.738
17.0831, 224.717
184.667, 71.019
159.572, 308.84
160.143, -36.1039
Particle 9 new velocities: 161.608, 123.409
63.3304, 190.032
61.3476, 129.76
147.424, 103.187
108.805, 57.3591
185.991, 193.909
Particle 10 new velocities: 112.661, 57.6397
24.9038, 121.367
39.9602, 66.5769
75.5284, -10.8493
28.6822, 50.3969
120.952, 97.9973
Particle 11 new velocities: 175.663, 70.3194
5.18496, 92.443
14.9688, 47.3414
117.088, 154.257
33.7538, 15.4061
109.822, 118.302
Particle 12 new velocities: 302.191, 167.21
100.176, 210.243
-7.42229, 159.03
125.916, 91.8202
105.175, 107.738
30.478, 198.366
Particle 13 new velocities: 226.87, 137.194
94.645, 286.605
33.8913, 70.7116
151.079, 103.163
24.922, 72.462
-77.0177, 131.033
Particle 14 new velocities: 247.07, 137.081
61.1708, 304.989
117.355, 102.915
98.6332, 28.9085
41.216, 52.1398
134.239, -42.5076
Particle 15 new velocities: 179.203, 167.055
37.1103, 193.776
-48.5414, 171.287
123.328, 23.3742
110.859, 183.652
-1.7323, 165.05
Particle 16 new velocities: 66.2077, 84.2387
15.8048, 50.2972
13.8968, 47.5028
59.8234, 31.0362
18.5044, -0.0343599
129.085, 94.4124
Particle 17 new velocities: -6.95783, 66.1042
33.2686, 129.767
6.75617, 54.1035
187.042, 51.6169
15.0097, 19.3617
51.1132, 69.4205
Particle 18 new velocities: 74.431, 42.4902
38.7792, 92.1596
-24.4704, 37.3033
49.2675, 50.9606
28.7275, 30.5119
82.2033, 65.7775
Particle 19 new velocities: 50.7281, 31.2034
24.0385, 65.7713
0.700949, 67.8184
34.2237, 36.968
11.7013, 30.9405
145.088, 93.6897
Particle 20 new velocities: -44.6167, -240.597
3.61248, -133.522
234.333, -23.2831
-30.7443, 7.13453
-33.9691, -55.7412
-84.7965, -119.461
-- ITERATION 7 --
-------------
Particle: 1:
Relays Coordinates:
192.217, 115.079
82.5234, 284.343
27.2177, 212.583
177.942, 101.121
56.5447, 132.388
233.936, 167.431
Evaluation Time: 1.54469 seconds
Resulting Fitness: 0.3
New local best!
-------------
Particle: 2:
Relays Coordinates:
295.245, 194.815
94.4241, 295.245
13.2574, 198.286
194.863, 133.75
65.0496, 135.611
295.245, 276.236
Evaluation Time: 1.7379 seconds
Resulting Fitness: 0.369444
New local best!
New global best!
-------------
Particle: 3:
Relays Coordinates:
320.652, 195.194
97.1995, 232.78
19.4365, 196.631
153.733, 138.903
49.1871, 117.673
275.353, 234.837
Evaluation Time: 1.54241 seconds
Resulting Fitness: 0.205556
-------------
Particle: 4:
Relays Coordinates:
204.373, 162.049
75.8112, 212.361
180.364, 203.771
92.4409, 62.395
147.786, 292.458
179.693, 186.173
Evaluation Time: 1.49443 seconds
Resulting Fitness: 0.219444
-------------
Particle: 5:
Relays Coordinates:
248.172, 161.178
116.765, 222.176
6.85754, 178.941
247.531, 129.664
34.2907, 121.577
328.05, 207.145
Evaluation Time: 1.59794 seconds
Resulting Fitness: 0.233333
-------------
Particle: 6:
Relays Coordinates:
217.594, 87.5324
69.6195, 188.748
78.6066, 192.522
316.67, 50.7622
74.0822, 34.6866
202.327, 276.252
Evaluation Time: 1.46253 seconds
Resulting Fitness: 0.183333
-------------
Particle: 7:
Relays Coordinates:
174.879, 157.825
86.5264, 115.867
179.379, 215.234
109.574, 108.742
215.234, 215.234
136.498, 149.487
Evaluation Time: 1.2921 seconds
Resulting Fitness: 0.111111
-------------
Particle: 8:
Relays Coordinates:
97.8403, 171.44
155.404, 151.197
48.5973, 145.098
143.88, 68.4438
122.889, 215.234
152.945, 77.1095
Evaluation Time: 1.22349 seconds
Resulting Fitness: 0.125
-------------
Particle: 9:
Relays Coordinates:
299.186, 167.905
123.905, 243.625
66.7303, 154.919
203.901, 120.133
90.8028, 124.338
285.844, 303.638
Evaluation Time: 1.71401 seconds
Resulting Fitness: 0.311111
New local best!
-------------
Particle: 10:
Relays Coordinates:
276.622, 192.829
90.2661, 294.863
26.2179, 179.933
150.089, 111.129
47.94, 107.785
259.908, 201.449
Evaluation Time: 1.62406 seconds
Resulting Fitness: 0.302778
New local best!
-------------
Particle: 11:
Relays Coordinates:
277.825, 177.54
84.639, 225.178
39.8581, 95.9163
223.667, 262.053
78.585, 250.38
312.362, 208.977
Evaluation Time: 1.53505 seconds
Resulting Fitness: 0.230556
-------------
Particle: 12:
Relays Coordinates:
239.148, 147.497
99.1693, 196.091
0.787523, 143.352
127.16, 95.0795
120.76, 99.2432
128.961, 191.25
Evaluation Time: 1.31915 seconds
Resulting Fitness: 0.108333
-------------
Particle: 13:
Relays Coordinates:
328.05, 223.077
151.477, 328.05
49.4911, 141.868
250.998, 152.133
63.2151, 136.722
143.179, 248.968
Evaluation Time: 1.84711 seconds
Resulting Fitness: 0.325
New local best!
-------------
Particle: 14:
Relays Coordinates:
265.721, 180.629
143.096, 265.721
137.086, 73.7241
125.395, 55.5821
124.544, 119.783
163.58, 52.0152
Evaluation Time: 1.55282 seconds
Resulting Fitness: 0.266667
New local best!
-------------
Particle: 15:
Relays Coordinates:
166.728, 150.041
68.1978, 205.942
5.89244, 145.364
148.98, 113.622
105.848, 202.665
140.386, 130.624
Evaluation Time: 1.19803 seconds
Resulting Fitness: 0.0527778
-------------
Particle: 16:
Relays Coordinates:
275.507, 164.943
104.026, 224.173
18.5637, 170.986
201.574, 83.4454
53.5017, 66.3749
310.005, 296.367
Evaluation Time: 1.56716 seconds
Resulting Fitness: 0.297222
-------------
Particle: 17:
Relays Coordinates:
289.609, 172.219
142.181, 272.453
9.87831, 225.418
398.853, 167.983
42.3055, 107.06
240.567, 292.31
Evaluation Time: 1.83597 seconds
Resulting Fitness: 0.366667
New local best!
-------------
Particle: 18:
Relays Coordinates:
302.268, 182.597
91.9573, 298.161
0, 185.455
186.804, 159.189
67.7032, 128.965
303.641, 236.008
Evaluation Time: 1.67046 seconds
Resulting Fitness: 0.325
-------------
Particle: 19:
Relays Coordinates:
281.641, 194.964
120.922, 293.67
8.75553, 202.357
189.967, 151.369
57.064, 127.549
394.46, 262.88
Evaluation Time: 1.70445 seconds
Resulting Fitness: 0.375
New local best!
New global best!
-------------
Particle: 20:
Relays Coordinates:
215.778, 9.79212
100.925, 88.7171
295.245, 129.642
114.324, 76.5376
42.9735, 28.2002
102.729, 72.7902
Evaluation Time: 1.33877 seconds
Resulting Fitness: 0.169444
Current global best fitness: 0.375
Current global best relays: 281.641, 194.964
120.922, 293.67
8.75553, 202.357
189.967, 151.369
57.064, 127.549
394.46, 262.88
Particle 1 new velocities: 67.3095, 31.9785
-1.64828, 171.381
6.91817, 71.3747
73.3475, 64.1645
13.7895, 27.957
284.592, 9.09675
Particle 2 new velocities: -2.45091, 123.015
46.5171, -1.66778
11.6874, 122.511
136.185, 86.3515
37.2077, 70.7148
24.8862, 209.108
Particle 3 new velocities: 105.092, 70.0064
80.3492, 135.027
2.28603, 100.484
97.9039, 65.9791
26.0358, 61.1073
200.867, 136.998
Particle 4 new velocities: -3.84546, 158.817
70.8701, 164.764
-46.471, 128.218
40.6285, 52.6428
229.176, 186.352
241.811, 118.165
Particle 5 new velocities: 116.883, 115.538
52.4974, 71.328
30.6144, 75.6102
60.2151, 62.2857
-25.6628, 65.5792
60.3782, 92.6261
Particle 6 new velocities: 52.6944, -36.6811
-41.8651, 65.4727
-61.5094, 154.129
126.308, 45.1897
56.2682, 44.7038
-21.196, 76.5838
Particle 7 new velocities: 319.697, 225.546
196.131, 192.929
133.699, 14.3973
165.824, 108.457
-105.679, 166.574
101.567, 192.347
Particle 8 new velocities: 219.242, 248.148
193.45, 290.083
90.8512, 529.478
168.226, 315.38
71.6476, 43.9773
261.34, 169.779
Particle 9 new velocities: 111.801, 122.099
48.6723, 166.428
-5.18244, 115.87
115.785, 83.5053
71.6748, 46.16
189.759, 151.615
Particle 10 new velocities: 95.3254, 47.1135
25.3893, 96.8553
27.2199, 74.4393
95.6101, 16.9457
32.3858, 60.9482
187.704, 95.3523
Particle 11 new velocities: 14.856, 72.5299
128.92, 78.5383
24.2631, 83.5713
50.0033, -7.86139
102.293, 201.711
182.481, 263.818
Particle 12 new velocities: 33.61, 167.298
119.764, 303.151
82.6612, 147.221
183.45, 130.845
56.9657, 112.599
372.117, 210.931
Particle 13 new velocities: -11.3492, 107.75
64.8869, -41.9438
1.03369, 86.5307
119.869, 82.0825
13.5109, 57.7931
118.728, 114.088
Particle 14 new velocities: 13.6103, 115.714
39.0688, 19.1939
44.717, 233.975
145.996, 46.7408
26.0944, 43.1901
305.286, 119.411
Particle 15 new velocities: 219.131, 187.45
78.0369, 183.031
25.7833, 201.556
107.178, 225.785
80.3056, 114.38
329.542, 243.381
Particle 16 new velocities: 80.337, 79.7892
42.0599, 63.3806
-8.81956, 89.8673
42.1904, 104.459
16.309, 55.7731
198.475, 25.9981
Particle 17 new velocities: -13.1414, 73.7818
24.5031, 114.559
5.08234, 23.9463
121.991, 32.6099
27.2797, 34.6319
150.604, 31.357
Particle 18 new velocities: 52.8326, 44.2448
51.1446, 59.4124
18.9016, 42.6438
40.3208, 28.4751
5.39408, 23.3862
93.4542, 75.9549
Particle 19 new velocities: 40.5825, 24.9627
19.2308, 52.6171
0.560759, 54.2547
27.379, 29.5744
9.36104, 24.7524
116.071, 74.9518
Particle 20 new velocities: 205.78, -47.2213
128.174, -35.5966
-172.473, 6.49458
178.363, 42.0864
41.8353, 86.1981
327.743, 169.142
-- ITERATION 8 --
-------------
Particle: 1:
Relays Coordinates:
153.248, 86.8357
47.7559, 269.1
20.1569, 167.674
148.384, 97.5992
41.5317, 94.6823
295.245, 104.238
Evaluation Time: 1.50854 seconds
Resulting Fitness: 0.255556
-------------
Particle: 2:
Relays Coordinates:
192.102, 208.528
92.4716, 192.616
16.3663, 210.475
217.201, 144.408
67.091, 135.37
210.038, 318.435
Evaluation Time: 1.50405 seconds
Resulting Fitness: 0.208333
-------------
Particle: 3:
Relays Coordinates:
310.367, 193.331
129.433, 268.132
15.8357, 216.597
183.443, 149.359
54.8375, 130.331
347.164, 271.068
Evaluation Time: 1.67779 seconds
Resulting Fitness: 0.355556
New local best!
-------------
Particle: 4:
Relays Coordinates:
131.566, 210.52
96.2376, 247.432
87.8472, 217.818
87.3069, 75.4763
247.325, 314.147
276.549, 199.676
Evaluation Time: 1.54324 seconds
Resulting Fitness: 0.230556
-------------
Particle: 5:
Relays Coordinates:
295.694, 224.14
137.102, 237.739
30.3522, 206.187
249.274, 155.479
6.98862, 151.597
314.627, 242.814
Evaluation Time: 1.55242 seconds
Resulting Fitness: 0.225
-------------
Particle: 6:
Relays Coordinates:
197.04, 37.0706
20.233, 185.327
12.4639, 252.709
322.931, 69.9489
95.0254, 57.8756
132.045, 257.217
Evaluation Time: 1.53186 seconds
Resulting Fitness: 0.230556
-------------
Particle: 7:
Relays Coordinates:
212.899, 165.028
121.675, 132.927
134.77, 98.8486
118.55, 93.4971
47.1597, 164.355
102.479, 147.148
Evaluation Time: 1.23052 seconds
Resulting Fitness: 0.0916667
-------------
Particle: 8:
Relays Coordinates:
136.493, 180.619
150.17, 189.956
60.028, 215.234
134.352, 165.223
83.7417, 111.582
178.336, 106.277
Evaluation Time: 1.25665 seconds
Resulting Fitness: 0.177778
New local best!
-------------
Particle: 9:
Relays Coordinates:
269.649, 190.272
113.228, 269.035
40.3815, 177.665
209.746, 133.607
106.602, 111.864
312.043, 298.691
Evaluation Time: 1.6392 seconds
Resulting Fitness: 0.241667
-------------
Particle: 10:
Relays Coordinates:
301.277, 194.353
93.6809, 317.291
43.2846, 206.041
199.016, 103.74
65.0639, 136.674
362.565, 240.409
Evaluation Time: 1.81165 seconds
Resulting Fitness: 0.383333
New local best!
New global best!
-------------
Particle: 11:
Relays Coordinates:
139.989, 119.608
102.144, 145.267
30.669, 85.8484
130.896, 121.579
86.5136, 216.233
236.682, 226.136
Evaluation Time: 1.36272 seconds
Resulting Fitness: 0.15
-------------
Particle: 12:
Relays Coordinates:
144.955, 167.295
116.35, 265.317
44.3481, 154.422
165.071, 120.066
94.4508, 112.582
265.721, 213.735
Evaluation Time: 1.57334 seconds
Resulting Fitness: 0.258333
New local best!
-------------
Particle: 13:
Relays Coordinates:
230.875, 241.172
157.729, 208.571
36.8326, 166.503
270.362, 170.743
55.9332, 141.801
190.93, 264.668
Evaluation Time: 1.5505 seconds
Resulting Fitness: 0.233333
-------------
Particle: 14:
Relays Coordinates:
183.269, 194.43
119.519, 186.932
119.281, 201.881
178.06, 67.1341
98.8338, 106.926
307.623, 112.472
Evaluation Time: 1.54647 seconds
Resulting Fitness: 0.191667
-------------
Particle: 15:
Relays Coordinates:
166.099, 145.279
62.9493, 167.44
13.6353, 149.338
110.268, 146.103
80.1332, 136.477
202.289, 160.997
Evaluation Time: 1.23991 seconds
Resulting Fitness: 0.0777778
-------------
Particle: 16:
Relays Coordinates:
320.26, 220.259
131.477, 258.798
8.76973, 234.768
219.388, 169.114
62.8296, 109.933
450, 290.128
Evaluation Time: 1.82453 seconds
Resulting Fitness: 0.325
New local best!
-------------
Particle: 17:
Relays Coordinates:
201.545, 179.334
121.512, 282.132
10.9063, 181.787
364.5, 146.232
50.7276, 103.293
285.164, 235.953
Evaluation Time: 1.77087 seconds
Resulting Fitness: 0.252778
-------------
Particle: 18:
Relays Coordinates:
287.631, 183.742
115.912, 289.634
15.3103, 184.76
183.971, 152.008
59.2088, 123.404
321.647, 252.69
Evaluation Time: 1.61784 seconds
Resulting Fitness: 0.338889
-------------
Particle: 19:
Relays Coordinates:
211.411, 144.294
91.9544, 227.199
6.11242, 168.363
142.601, 118.717
43.5814, 99.9249
328.05, 221.652
Evaluation Time: 1.52701 seconds
Resulting Fitness: 0.191667
-------------
Particle: 20:
Relays Coordinates:
341.462, 0
185.57, 43.0276
99.445, 110.271
237.076, 96.0855
68.6951, 92.6626
348.682, 195.965
Evaluation Time: 1.42187 seconds
Resulting Fitness: 0.161111
Current global best fitness: 0.383333
Current global best relays: 301.277, 194.353
93.6809, 317.291
43.2846, 206.041
199.016, 103.74
65.0639, 136.674
362.565, 240.409
Particle 1 new velocities: 248.77, 191.513
28.5029, 165.136
42.3719, 157.34
126.865, 54.9694
48.9526, 97.4373
-3.03156, 246.5
Particle 2 new velocities: 93.0176, 65.4151
38.3732, 179.345
18.3616, 77.3391
63.9537, 2.62063
26.7415, 58.5607
206.355, 56.2578
Particle 3 new velocities: 82.3727, 56.8373
44.2143, 139.007
23.9315, 80.2329
89.857, 38.2304
31.8877, 56.6196
175.935, 80.5854
Particle 4 new velocities: 83.6977, 191.201
61.7051, 103.152
66.4084, 69.9
46.0477, 27.0318
158.162, 1.19505
165.371, 165.102
Particle 5 new velocities: 56.6722, 68.4585
5.90525, 139.948
35.7465, 34.3073
16.6065, -23.7495
9.72682, 40.4486
104.756, 70.2583
Particle 6 new velocities: 176.041, -21.057
-14.278, 33.2161
221.765, 150.949
-38.1461, -10.0345
97.7472, -13.3832
176.408, 45.0781
Particle 7 new velocities: 353.81, 234.049
152.808, 242.605
96.6444, 407.99
84.5296, 126.3
417.581, 107.903
104.376, 218.957
Particle 8 new velocities: 307.82, 206.481
105.978, 291.971
51.385, -9.87649
170.763, 206.008
41.3848, 56.8698
352.211, 283.172
Particle 9 new velocities: 135.631, 77.0304
33.3668, 160.021
24.9905, 88.3286
70.2685, 51.2678
15.4588, 45.4289
152.8, 76.3787
Particle 10 new velocities: 76.2603, 37.6908
20.3114, 77.4842
21.7759, 59.5515
76.4881, 13.5565
25.9086, 48.7585
150.163, 76.2819
Particle 11 new velocities: 100.327, 216.768
157.971, 125.606
50.21, 165.634
236.595, 206.946
118.589, 158.548
264.915, 225.961
Particle 12 new velocities: 116.952, 163.884
71.7833, 282.223
65.334, 131.141
168.143, 92.5709
41.7669, 115.859
116.541, 184.354
Particle 13 new velocities: 97.9132, 22.3008
-27.1805, 169.543
18.8611, 54.0981
-1.6408, -18.2897
25.89, 38.353
261.965, 70.0528
Particle 14 new velocities: 120.412, 85.19
16.3019, 204.805
-1.00354, 154.051
71.8737, 46.7165
28.0704, 72.7061
131.568, 143.433
Particle 15 new velocities: 274.614, 211.198
101.314, 245.106
80.4685, 175.035
145.613, 274.492
73.0617, 258.453
309.37, 220.445
Particle 16 new velocities: 51.7274, 51.1568
-14.8428, 109.694
-1.65666, 45.4969
22.4233, 67.3604
14.9952, 69.7046
-91.7369, -24.8309
Particle 17 new velocities: 234.343, 57.9499
46.4186, 111.335
14.6518, 102.616
-113.392, -2.58048
32.6966, 38.5834
185.111, 116.906
Particle 18 new velocities: 71.0466, 40.3842
-20.8396, 50.9678
36.0946, 37.1443
49.5622, -16.1081
0.95896, 31.82
119.568, 54.887
Particle 19 new velocities: 164.429, 53.4116
27.6158, 213.953
21.9327, 88.0992
94.2877, 30.5288
21.6227, 33.688
125.135, 123.809
Particle 20 new velocities: 162.588, 220.4
170.039, 183.662
-160.353, 74.8911
48.3497, 32.4726
34.2145, 113.935
130.19, 55.2451
-- ITERATION 9 --
-------------
Particle: 1:
Relays Coordinates:
293.071, 202.916
55.5927, 316.558
45.5835, 236.935
200.657, 111.222
65.963, 140.055
213.024, 255.688
Evaluation Time: 1.63638 seconds
Resulting Fitness: 0.283333
-------------
Particle: 2:
Relays Coordinates:
187.067, 179.734
85.8473, 244.044
22.7849, 188.835
184.465, 96.4657
61.5635, 127.238
273.195, 245.836
Evaluation Time: 1.44734 seconds
Resulting Fitness: 0.222222
-------------
Particle: 3:
Relays Coordinates:
286.308, 182.373
126.589, 296.804
28.9903, 216.389
199.236, 136.753
63.2227, 136.287
364.5, 256.356
Evaluation Time: 1.71772 seconds
Resulting Fitness: 0.322222
-------------
Particle: 4:
Relays Coordinates:
156.927, 292.855
115.14, 255.576
112.452, 209.747
97.2155, 74.7284
295.6, 229.884
322.16, 265.923
Evaluation Time: 1.56095 seconds
Resulting Fitness: 0.213889
-------------
Particle: 5:
Relays Coordinates:
231.188, 191.974
93.8272, 247.8
43.3674, 157.788
174.445, 86.4279
10.967, 126.001
275.157, 205.407
Evaluation Time: 1.48008 seconds
Resulting Fitness: 0.175
-------------
Particle: 6:
Relays Coordinates:
220.3, 9.45585
3.51634, 129.047
138.31, 238.356
168.163, 35.3788
113.83, 26.2724
182.138, 178.502
Evaluation Time: 1.40242 seconds
Resulting Fitness: 0.194444
-------------
Particle: 7:
Relays Coordinates:
239.148, 190.878
131.284, 179.616
110.685, 239.148
97.1322, 105.128
222.284, 130.22
98.9384, 175.107
Evaluation Time: 1.39397 seconds
Resulting Fitness: 0.180556
-------------
Particle: 8:
Relays Coordinates:
262.363, 228.578
151.253, 284.573
65.7882, 121.261
180.167, 219.209
73.886, 99.469
295.245, 229.966
Evaluation Time: 1.52395 seconds
Resulting Fitness: 0.177778
-------------
Particle: 9:
Relays Coordinates:
295.449, 194.863
106.868, 312.782
47.6562, 193.909
204.13, 134.774
88.982, 114.666
338.871, 273.426
Evaluation Time: 1.66687 seconds
Resulting Fitness: 0.341667
New local best!
-------------
Particle: 10:
Relays Coordinates:
275.225, 169.16
83.1004, 287.791
47.4291, 193.617
200.843, 85.5092
66.3189, 135.18
364.5, 230.867
Evaluation Time: 1.80933 seconds
Resulting Fitness: 0.388889
New local best!
New global best!
-------------
Particle: 11:
Relays Coordinates:
127.714, 178.764
138.236, 143.953
42.9824, 133.648
195.3, 174.592
109, 199.174
265.721, 240.263
Evaluation Time: 1.31445 seconds
Resulting Fitness: 0.116667
-------------
Particle: 12:
Relays Coordinates:
139.188, 176.002
99.9818, 265.721
58.2896, 151.76
177.083, 113.004
72.3916, 121.403
203.149, 211.561
Evaluation Time: 1.37837 seconds
Resulting Fitness: 0.238889
-------------
Particle: 13:
Relays Coordinates:
239.687, 192.072
95.1701, 275.645
40.6007, 160.818
195.898, 111.139
59.6491, 131.333
330.161, 244.011
Evaluation Time: 1.58612 seconds
Resulting Fitness: 0.302778
-------------
Particle: 14:
Relays Coordinates:
199.245, 183.459
89.1118, 257.019
77.6017, 233.527
163.981, 74.6974
83.2619, 117.857
288.153, 167.9
Evaluation Time: 1.55039 seconds
Resulting Fitness: 0.269444
New local best!
-------------
Particle: 15:
Relays Coordinates:
189.713, 153.452
70.7099, 177.588
40.5086, 139.632
110.148, 181.052
65.9454, 170.005
215.234, 164.198
Evaluation Time: 1.24823 seconds
Resulting Fitness: 0.127778
-------------
Particle: 16:
Relays Coordinates:
271.179, 197.862
85.0265, 268.63
5.18543, 204.313
176.28, 172.39
56.7343, 130.956
261.174, 193.402
Evaluation Time: 1.47169 seconds
Resulting Fitness: 0.266667
-------------
Particle: 17:
Relays Coordinates:
317.762, 172.98
122.422, 286.838
18.6318, 207.329
183.057, 104.722
60.8163, 103.428
342.83, 257.235
Evaluation Time: 1.68993 seconds
Resulting Fitness: 0.366667
-------------
Particle: 18:
Relays Coordinates:
290.529, 181.542
77.009, 275.888
41.638, 179.743
189.162, 110.079
48.7359, 125.732
357.384, 249.137
Evaluation Time: 1.69869 seconds
Resulting Fitness: 0.383333
New local best!
-------------
Particle: 19:
Relays Coordinates:
273.987, 144.127
87.1666, 321.6
20.4449, 186.961
172.692, 108.8
47.5339, 97.4038
330.372, 251.841
Evaluation Time: 1.77153 seconds
Resulting Fitness: 0.377778
New local best!
-------------
Particle: 20:
Relays Coordinates:
364.5, 160.672
259.239, 165.257
0, 134.983
208.076, 93.7188
75.0211, 150.61
349.098, 183.132
Evaluation Time: 1.52202 seconds
Resulting Fitness: 0.216667
Current global best fitness: 0.388889
Current global best relays: 275.225, 169.16
83.1004, 287.791
47.4291, 193.617
200.843, 85.5092
66.3189, 135.18
364.5, 230.867
Particle 1 new velocities: 165.594, 9.17345
64.2375, 59.4272
20.0445, 45.1007
93.5049, 28.3365
28.3993, 59.9431
208.204, 137.02
Particle 2 new velocities: 269.055, 62.3453
40.8797, 208.238
30.3877, 64.7294
72.606, 13.7329
24.7337, 54.0536
267.951, 65.9655
Particle 3 new velocities: 95.2806, 53.6129
10.1406, 109.285
19.5211, 37.6652
52.2109, 12.6835
17.0275, 39.5717
-26.386, 46.7927
Particle 4 new velocities: 133.325, 166.715
7.77696, -7.36257
5.92167, 24.1154
91.732, -5.62333
-142.664, -75.1841
20.0005, 163.007
Particle 5 new velocities: 82.7252, 70.1224
37.2418, 133.226
35.1094, 67.6598
142.112, 26.1642
43.354, 46.7119
164.487, 134.595
Particle 6 new velocities: 176.969, 92.8454
5.97405, 111.313
224.028, 173.962
37.5865, 40.4684
112.594, -16.846
70.3786, 167.145
Particle 7 new velocities: 214.69, 189.488
107.259, 329.733
265.583, 24.1117
54.8574, 109.725
490.159, 153.62
155.713, 95.4956
Particle 8 new velocities: 227.479, 72.9814
61.7015, 157.011
31.709, 215.868
142.592, 45.9275
37.933, 98.6137
-32.2852, 203.955
Particle 9 new velocities: 88.098, 56.43
-1.52109, 103.269
19.9878, 70.5979
53.7831, 20.5561
-16.0988, 50.1746
151.428, 18.5813
Particle 10 new velocities: 61.0083, 30.1526
16.2491, 61.9874
17.4207, 47.6412
61.1904, 10.8452
20.7269, 39.0068
0, 61.0255
Particle 11 new velocities: 256.75, 179.285
63.5785, 78.2164
54.3442, 190.645
215.245, 175.339
90.4736, 419.134
113.89, 206.956
Particle 12 new velocities: 123.741, 108.824
63.4764, 24.1936
32.799, 156.31
145.274, 80.8329
55.2994, 104.293
334.874, 165.779
Particle 13 new velocities: 124.933, 45.2325
-7.20691, 152.845
25.6154, 38.7305
61.8017, -26.8778
24.4216, 37.8918
190.401, 52.6481
Particle 14 new velocities: 186.015, 51.1275
5.74375, 188.852
-6.79424, 104.284
95.4541, 49.4921
16.0901, 63.7475
169.021, 163.31
Particle 15 new velocities: 261.474, 165.088
146.05, 322.704
82.707, 174.764
299.216, 216.986
78.3118, 203.109
56.3728, 138.044
Particle 16 new velocities: 54.2768, 65.1814
27.7496, 94.6251
14.0662, 61.2645
103.87, 4.33151
22.5032, 30.1713
97.9683, 9.76366
Particle 17 new velocities: 102.265, 45.4392
45.4956, 87.1033
8.16492, 101.467
276.27, -15.9005
21.6046, 55.5565
124.234, 93.6661
Particle 18 new velocities: 43.5038, 23.3986
-12.6998, 51.6526
34.5004, 33.3834
48.0767, -24.8062
9.11141, 27.034
100.748, 30.0737
Particle 19 new velocities: 132.308, 50.3358
21.8374, 154.657
41.0008, 78.9864
100.697, 6.77981
18.5647, 52.9823
126.123, 89.4955
Particle 20 new velocities: -127.009, 165.478
72.4314, 287.595
616.646, 135.91
27.0149, 17.324
64.0239, 1.48087
-43.2644, 99.8321
-- ITERATION 10 --
-------------
Particle: 1:
Relays Coordinates:
300.93, 139.152
78.6206, 246.684
43.0585, 185.044
192.999, 91.5646
61.9111, 131.219
276.368, 257.656
Evaluation Time: 1.70032 seconds
Resulting Fitness: 0.327778
New local best!
-------------
Particle: 2:
Relays Coordinates:
269.335, 142.945
74.831, 267.068
31.3979, 149.727
151.798, 65.0712
50.9576, 107.051
295.245, 184.115
Evaluation Time: 1.55209 seconds
Resulting Fitness: 0.322222
-------------
Particle: 3:
Relays Coordinates:
278.178, 172.034
99.6758, 296.039
35.3648, 185.205
183.305, 108.939
58.5024, 128.201
246.485, 220.995
Evaluation Time: 1.72911 seconds
Resulting Fitness: 0.372222
New local best!
-------------
Particle: 4:
Relays Coordinates:
154.252, 244.234
65.3232, 131.911
62.9088, 124.284
100.414, 36.7253
81.2767, 82.214
181.838, 227.951
Evaluation Time: 1.31842 seconds
Resulting Fitness: 0.188889
-------------
Particle: 5:
Relays Coordinates:
205.958, 171.962
85.9944, 249.991
51.4886, 147.916
207.693, 73.8717
35.64, 113.317
288.451, 223.075
Evaluation Time: 1.53781 seconds
Resulting Fitness: 0.241667
-------------
Particle: 6:
Relays Coordinates:
211.125, 54.3671
5.04358, 127.737
192.561, 219.123
109.344, 40.3084
120.331, 5.00955
134.198, 183.691
Evaluation Time: 1.31991 seconds
Resulting Fitness: 0.172222
-------------
Particle: 7:
Relays Coordinates:
241.188, 202.142
126.772, 265.721
199.964, 139.907
80.7735, 114.182
265.721, 150.844
135.332, 143.809
Evaluation Time: 1.45943 seconds
Resulting Fitness: 0.197222
-------------
Particle: 8:
Relays Coordinates:
321.385, 197.853
139.719, 289.723
63.968, 221.19
211.762, 173.956
73.3644, 129.962
172.528, 284.696
Evaluation Time: 1.60988 seconds
Resulting Fitness: 0.186111
New local best!
-------------
Particle: 9:
Relays Coordinates:
310.673, 203.548
85.3309, 337.001
54.7917, 214.251
208.91, 125.817
59.0354, 133.521
397.142, 236.526
Evaluation Time: 1.66885 seconds
Resulting Fitness: 0.325
-------------
Particle: 10:
Relays Coordinates:
245.114, 145.299
72.4258, 254.989
47.2755, 175.877
191.022, 70.2424
63.4564, 126.982
265.721, 212.79
Evaluation Time: 1.53572 seconds
Resulting Fitness: 0.252778
-------------
Particle: 11:
Relays Coordinates:
183.888, 171.254
96.5273, 106.263
46.551, 155.109
196.362, 167.371
95.4076, 239.148
181.567, 213.904
Evaluation Time: 1.38643 seconds
Resulting Fitness: 0.180556
-------------
Particle: 12:
Relays Coordinates:
155.257, 168.187
96.5204, 171.191
53.7869, 181.912
190.349, 114.459
75.4003, 133.271
295.245, 222.816
Evaluation Time: 1.34615 seconds
Resulting Fitness: 0.141667
-------------
Particle: 13:
Relays Coordinates:
239.227, 155.695
57.7126, 281.132
43.4444, 130.924
169.077, 55.2835
55.1588, 111.028
328.05, 194.638
Evaluation Time: 1.7218 seconds
Resulting Fitness: 0.330556
New local best!
-------------
Particle: 14:
Relays Coordinates:
280.855, 171.014
69.1497, 325.04
51.6186, 246.265
189.128, 90.5341
72.4276, 132.39
333.28, 241.452
Evaluation Time: 1.7043 seconds
Resulting Fitness: 0.333333
New local best!
-------------
Particle: 15:
Relays Coordinates:
194.221, 137.121
93.308, 215.234
53.0403, 135.337
176.218, 171.342
62.098, 160.613
116.918, 130.106
Evaluation Time: 1.2481 seconds
Resulting Fitness: 0.127778
-------------
Particle: 16:
Relays Coordinates:
237.257, 191.759
82.2138, 264.813
14.0344, 193.606
204.229, 128.83
57.7641, 117.462
261.815, 148.108
Evaluation Time: 1.49929 seconds
Resulting Fitness: 0.275
-------------
Particle: 17:
Relays Coordinates:
200.898, 104.469
80.3143, 178.855
12.8168, 147.696
219.695, 42.483
39.4217, 76.0418
223.395, 167.835
Evaluation Time: 1.29678 seconds
Resulting Fitness: 0.133333
-------------
Particle: 18:
Relays Coordinates:
243.51, 149.402
46.8815, 238.777
55.5049, 155.369
172.947, 62.164
42.1707, 111.366
333.978, 203.545
Evaluation Time: 1.48466 seconds
Resulting Fitness: 0.25
-------------
Particle: 19:
Relays Coordinates:
266.57, 127.587
71.5175, 312.472
40.3146, 174.488
179.37, 75.832
43.3672, 98.6683
299.506, 223.951
Evaluation Time: 1.60102 seconds
Resulting Fitness: 0.322222
-------------
Particle: 20:
Relays Coordinates:
173.131, 237.763
241.788, 330.129
364.5, 197.481
171.381, 80.9502
101.364, 110.874
222.953, 206.281
Evaluation Time: 1.71067 seconds
Resulting Fitness: 0.277778
Current global best fitness: 0.388889
Current global best relays: 275.225, 169.16
83.1004, 287.791
47.4291, 193.617
200.843, 85.5092
66.3189, 135.18
364.5, 230.867
Particle 1 new velocities: 125.562, 31.0729
53.2485, 50.503
17.5807, 42.5702
77.4451, 15.1731
26.6926, 51.4738
263.435, 94.9726
Particle 2 new velocities: 249.489, 107.367
43.7025, 233.879
8.19363, 75.0478
107.254, 80.8655
38.8212, 90.6959
4.21672, 171.373
Particle 3 new velocities: 73.1394, 42.3403
-4.5216, 79.272
26.0729, 40.797
47.0164, -6.16369
23.6306, 36.7412
-19.905, 41.7304
Particle 4 new velocities: 76.4914, 273.505
67.3888, 118.821
152.732, 180.273
97.022, 57.3026
-16.5804, 46.4062
211.454, 193.118
Particle 5 new velocities: 148.474, 58.5191
87.633, 136.339
33.7335, 105.945
164.92, 130.865
35.3377, 104.888
265.166, 138.119
Particle 6 new velocities: 139.261, 178.425
93.0189, 132.08
134.468, 171.378
358.205, 51.6756
35.7838, 124.588
288.006, 289.791
Particle 7 new velocities: 362.516, 116.186
87.0215, -15.4745
212.34, 218.983
128.322, 156.134
70.4526, 361.42
206.941, 44.3025
Particle 8 new velocities: 143.673, 52.5234
46.5153, 124.971
4.98946, 138.358
113.298, 30.854
21.5906, 81.1091
50.2751, 153.465
Particle 9 new velocities: 31.6463, 10.0363
27.2066, -7.26684
6.69145, 5.43492
34.6439, -0.776762
23.2135, 23.3914
41.6902, 37.201
Particle 10 new velocities: 91.2267, 70.1172
29.2786, 96.7063
14.2554, 87.8723
67.4006, 33.7863
21.2692, 51.6856
250.63, 81.9755
Particle 11 new velocities: 270.178, 160.917
98.5934, 294.402
48.4523, 188.9
174.861, 295.222
70.3456, -0.00723932
346.416, 282.424
Particle 12 new velocities: 236.037, 87.5353
66.9836, 171.657
10.8452, 128.123
83.7799, 55.4403
44.0749, 79.695
39.3816, 127.202
Particle 13 new velocities: 129.703, 50.4722
12.6956, 127.255
21.578, 66.8926
59.7059, -1.91378
32.6423, 55.9796
42.1248, 62.9375
Particle 14 new velocities: 145.057, 39.4021
21.105, 108.901
-6.95729, 62.6213
84.6479, 38.5807
11.3354, 52.9114
162.13, 123.515
Particle 15 new velocities: 205.341, 171.228
126.438, 35.1756
72.1564, 144.055
278.678, 91.0974
125.621, 257.157
181.935, 111.055
Particle 16 new velocities: 105.426, 61.1058
29.3555, 93.7716
34.4691, 79.9728
88.6278, 18.3551
22.5489, 26.2139
254.107, 258.108
Particle 17 new velocities: 266.084, 184.314
40.7354, 279.483
19.3473, 147.427
405.772, 84.5007
21.6943, 134.479
201.912, 241.209
Particle 18 new velocities: 87.0999, 77.6774
23.257, 127.191
13.0251, 68.9722
77.5292, 48.4996
13.515, 36.1187
126.018, 63.0325
Particle 19 new velocities: 115.052, 99.8486
29.0442, 115.863
12.162, 99.8565
95.304, 65.3639
40.9197, 80.9328
175.101, 79.1067
Particle 20 new velocities: 29.2117, -140.152
-83.0861, 22.2086
-250.803, 86.0567
80.2733, 26.5551
44.7655, -1.41353
125.48, 24.0589
-- ITERATION 11 --
-------------
Particle: 1:
Relays Coordinates:
310.913, 124.094
96.1326, 216.649
44.206, 165.93
197.154, 77.8118
64.5921, 133.183
364.5, 257.066
Evaluation Time: 1.66962 seconds
Resulting Fitness: 0.341667
New local best!
-------------
Particle: 2:
Relays Coordinates:
328.05, 164.23
77.7698, 328.05
25.976, 147.475
169.964, 95.7491
58.9039, 129.742
196.477, 233.236
Evaluation Time: 1.69376 seconds
Resulting Fitness: 0.283333
-------------
Particle: 3:
Relays Coordinates:
284.567, 173.643
77.0749, 304.002
49.7645, 183.062
186.56, 83.2479
66.5278, 133.603
183.53, 212.808
Evaluation Time: 1.70367 seconds
Resulting Fitness: 0.336111
-------------
Particle: 4:
Relays Coordinates:
168.212, 364.5
96.7471, 182.783
157.202, 222.022
143.931, 68.5463
47.1636, 93.7642
286.71, 306.96
Evaluation Time: 1.55872 seconds
Resulting Fitness: 0.194444
-------------
Particle: 5:
Relays Coordinates:
209.289, 136.097
102.525, 228.124
50.3228, 149.903
220.024, 120.895
41.9116, 128.848
295.245, 213.282
Evaluation Time: 1.55903 seconds
Resulting Fitness: 0.244444
-------------
Particle: 6:
Relays Coordinates:
229.889, 152.735
64.3388, 170.466
214.564, 256.207
306.759, 60.3507
102.427, 85.0289
277.008, 310.652
Evaluation Time: 1.52913 seconds
Resulting Fitness: 0.197222
-------------
Particle: 7:
Relays Coordinates:
215.234, 137.03
92.0309, 107.723
177.483, 154.49
90.0088, 116.362
144.712, 215.234
147.337, 80.9759
Evaluation Time: 1.35076 seconds
Resulting Fitness: 0.136111
-------------
Particle: 8:
Relays Coordinates:
305.125, 164.272
122.188, 272.081
45.243, 235.9
213.272, 134.376
62.3, 138.484
146.181, 287.477
Evaluation Time: 1.55541 seconds
Resulting Fitness: 0.222222
New local best!
-------------
Particle: 9:
Relays Coordinates:
277.279, 173.003
91.1553, 267.085
49.8013, 177.945
197.278, 101.283
66.6216, 127.099
355.454, 221.719
Evaluation Time: 1.73354 seconds
Resulting Fitness: 0.338889
-------------
Particle: 10:
Relays Coordinates:
245.192, 157.038
74.1425, 256.386
44.856, 192.273
188.39, 75.8369
61.765, 130.249
364.5, 214.884
Evaluation Time: 1.66494 seconds
Resulting Fitness: 0.302778
-------------
Particle: 11:
Relays Coordinates:
241.31, 176.529
103.695, 212.93
50.4887, 182.82
197.283, 245.841
88.0881, 127.089
265.721, 263.769
Evaluation Time: 1.40344 seconds
Resulting Fitness: 0.161111
-------------
Particle: 12:
Relays Coordinates:
231.055, 151.001
96.5475, 202.449
38.1646, 183.073
161.87, 100.324
70.5489, 125.754
197.594, 206.682
Evaluation Time: 1.32427 seconds
Resulting Fitness: 0.2
-------------
Particle: 13:
Relays Coordinates:
268.95, 150.296
51.3276, 297.715
47.4013, 144.208
166.783, 38.9065
64.007, 121.749
269.857, 187.773
Evaluation Time: 1.57945 seconds
Resulting Fitness: 0.302778
-------------
Particle: 14:
Relays Coordinates:
310.49, 153.393
65.7957, 316.343
32.5581, 225.178
199.583, 94.1247
61.0632, 135.084
361.153, 266.06
Evaluation Time: 1.73204 seconds
Resulting Fitness: 0.388889
New local best!
-------------
Particle: 15:
Relays Coordinates:
191.109, 147.482
105.104, 119.77
59.8812, 133.633
217.575, 125.524
89.7856, 199.818
142.94, 115.346
Evaluation Time: 1.2685 seconds
Resulting Fitness: 0.136111
-------------
Particle: 16:
Relays Coordinates:
224.834, 165.905
73.2006, 235.267
31.8232, 179.495
192.144, 96.5682
52.6934, 94.2656
328.05, 266.518
Evaluation Time: 1.46449 seconds
Resulting Fitness: 0.227778
-------------
Particle: 17:
Relays Coordinates:
223.356, 138.124
57.8977, 219.221
15.384, 141.157
239.148, 60.7359
29.2316, 100.692
203.423, 195.644
Evaluation Time: 1.39938 seconds
Resulting Fitness: 0.177778
-------------
Particle: 18:
Relays Coordinates:
241.015, 165.541
51.1309, 266.791
49.9584, 163.545
182.597, 80.6738
40.5948, 107.517
335.337, 194.335
Evaluation Time: 1.65555 seconds
Resulting Fitness: 0.316667
-------------
Particle: 19:
Relays Coordinates:
278.202, 165.801
73.3095, 312.256
38.2554, 199.997
200.238, 102.932
61.4452, 130.929
345.989, 220.929
Evaluation Time: 1.78457 seconds
Resulting Fitness: 0.372222
-------------
Particle: 20:
Relays Coordinates:
163.898, 79.0651
128.548, 285.393
92.0949, 229.666
203.84, 87.0792
118.365, 88.6631
282.23, 186.575
Evaluation Time: 1.63064 seconds
Resulting Fitness: 0.269444
Current global best fitness: 0.388889
Current global best relays: 275.225, 169.16
83.1004, 287.791
47.4291, 193.617
200.843, 85.5092
66.3189, 135.18
364.5, 230.867
Particle 1 new velocities: 54.63, 41.4863
42.1878, 83.6251
15.5387, 48.6776
64.0346, 21.1342
22.2747, 42.139
0, 66.2462
Particle 2 new velocities: -96.8976, 91.0672
56.0862, -28.3679
-9.47244, 134.92
124.697, 74.5279
41.8877, 80.9169
130.77, 180.208
Particle 3 new velocities: 43.8883, 30.3772
22.5295, 49.8767
9.75611, 35.9534
33.9986, 7.82557
18.3971, 27.2059
231.231, 60.5488
Particle 4 new velocities: 79.9521, -49.1214
56.8033, 115.955
59.4992, 101.297
94.063, 21.7316
385.071, 69.9904
140.771, 119.373
Particle 5 new velocities: 227.721, 100.032
76.5166, 180.553
33.6463, 93.7877
189.584, 125.772
11.7894, 103.431
165.282, 132.739
Particle 6 new velocities: 68.9876, 46.6212
1.98032, 233.393
-66.3914, 94.0049
225.19, 35.438
70.0468, 52.987
56.4086, 160.495
Particle 7 new velocities: 393.419, 185.445
151.794, 187.786
267.869, 196.396
189.615, 146.927
210.362, 21.7482
158.367, 122.455
Particle 8 new velocities: 84.9723, 43.5217
5.55822, 118.358
4.04202, 102.345
85.9573, 3.06112
19.245, 61.2242
315.016, 107.502
Particle 9 new velocities: 44.4169, 8.85317
23.5296, 70.3449
1.63788, 21.5924
38.7868, 46.8722
38.7003, 7.41005
15.9133, 108.441
Particle 10 new velocities: 109.389, 58.6654
43.0884, 119.957
16.7019, 72.1702
86.1789, 41.6003
24.381, 47.1072
0, 95.6605
Particle 11 new velocities: 136.652, 127.563
130.118, 159.135
54.3328, 92.6077
165.902, 182.807
76.7633, 180.669
106.822, 210.228
Particle 12 new velocities: 145.909, 102.46
59.7171, 241.071
12.8695, 79.602
72.2226, 54.3682
51.5569, 67.1368
254.893, 114.472
Particle 13 new velocities: 105.814, 66.6903
28.3112, 72.3485
12.144, 90.1553
76.0182, 69.2649
15.5471, 31.9126
131.543, 65.0943
Particle 14 new velocities: 99.7353, 50.2386
25.1027, 64.913
7.81395, 21.9258
67.9443, 27.5946
12.5925, 42.4281
133.403, 75.109
Particle 15 new velocities: 216.23, 161.434
78.5002, 154.385
50.4748, 151.269
174.682, 96.5354
91.1808, 194.592
437.705, 109.456
Particle 16 new velocities: 230.136, 142.728
51.2434, 118.403
13.8342, 116.653
76.9953, 57.3699
35.6726, 34.8071
191.56, 169.478
Particle 17 new velocities: 360.169, 184.564
124.923, 271
21.9826, 157.346
192.717, 164.645
65.2099, 153.263
400.112, 355.7
Particle 18 new velocities: 128.904, 77.7409
61.4958, 121.901
5.01231, 119.377
80.7628, 55.5234
28.2315, 52.7077
119.057, 83.6844
Particle 19 new velocities: 84.0641, 51.8087
32.1245, 78.0956
0.310593, 58.2957
56.5703, 45.1342
25.6736, 39.5037
121.031, 80.8317
Particle 20 new velocities: 397.772, -55.1545
-14.7669, -83.5325
-212.322, -8.65178
60.6885, 20.6327
-20.7801, 37.2067
164.677, -77.6914
-- ITERATION 12 --
-------------
Particle: 1:
Relays Coordinates:
266.481, 120.708
100.836, 218.9
43.5539, 156.449
190.406, 72.1316
63.3259, 127.81
265.721, 235.695
Evaluation Time: 1.46655 seconds
Resulting Fitness: 0.25
-------------
Particle: 2:
Relays Coordinates:
151.659, 167.501
87.823, 196.621
10.828, 185.279
193.327, 111.719
66.1294, 138.213
214.707, 271.261
Evaluation Time: 1.42613 seconds
Resulting Fitness: 0.136111
-------------
Particle: 3:
Relays Coordinates:
266.049, 165.256
80.6796, 286.642
48.2117, 177.402
178.653, 73.7695
68.7891, 130.255
335.956, 221.419
Evaluation Time: 1.67291 seconds
Resulting Fitness: 0.341667
-------------
Particle: 4:
Relays Coordinates:
146.538, 186.228
90.67, 176.402
127.96, 190.916
140.533, 53.3082
255.23, 96.6954
252.423, 251.745
Evaluation Time: 1.37914 seconds
Resulting Fitness: 0.138889
-------------
Particle: 5:
Relays Coordinates:
232.245, 125.488
95.1502, 217.188
44.6246, 129.507
217.682, 131.089
28.5389, 123.443
244.743, 183.89
Evaluation Time: 1.43521 seconds
Resulting Fitness: 0.219444
-------------
Particle: 6:
Relays Coordinates:
196.093, 130.798
43.512, 264.972
97.2161, 229.774
328.05, 62.847
113.16, 90.5523
218.754, 309.119
Evaluation Time: 1.61519 seconds
Resulting Fitness: 0.202778
-------------
Particle: 7:
Relays Coordinates:
193.71, 124.933
94.4627, 114.486
172.539, 135.941
108.332, 102.003
137.563, 91.8116
118.436, 78.8132
Evaluation Time: 1.15332 seconds
Resulting Fitness: 0.102778
-------------
Particle: 8:
Relays Coordinates:
255.943, 136.334
83.8146, 256.167
32.3359, 221.922
196.324, 90.1723
53.5017, 131.028
302.591, 259.146
Evaluation Time: 1.55851 seconds
Resulting Fitness: 0.280556
New local best!
-------------
Particle: 9:
Relays Coordinates:
289.526, 163.67
103.216, 303.687
46.2953, 179.584
212.459, 133.339
94.7898, 121.058
334.23, 297.144
Evaluation Time: 1.70069 seconds
Resulting Fitness: 0.294444
-------------
Particle: 10:
Relays Coordinates:
258.489, 157.248
85.4613, 274.354
44.8757, 192.779
200.161, 85.6117
62.8004, 129.293
265.721, 226.387
Evaluation Time: 1.56142 seconds
Resulting Fitness: 0.272222
-------------
Particle: 11:
Relays Coordinates:
180.778, 145.446
111.832, 177.958
50.1358, 131.736
173.711, 205.021
78.8479, 147.2
178.186, 226.711
Evaluation Time: 1.30806 seconds
Resulting Fitness: 0.133333
-------------
Particle: 12:
Relays Coordinates:
247.326, 166.296
102.525, 290.993
33.4835, 172.341
153.588, 101.493
80.1136, 126.556
296.876, 210.709
Evaluation Time: 1.66632 seconds
Resulting Fitness: 0.297222
New local best!
-------------
Particle: 13:
Relays Coordinates:
303.559, 175.759
64.5074, 299.751
48.2317, 189.834
196.669, 87.6188
64.4388, 124.466
325.135, 204.822
Evaluation Time: 1.62801 seconds
Resulting Fitness: 0.327778
-------------
Particle: 14:
Relays Coordinates:
299.054, 148.447
66.2649, 277.936
29.4312, 180.139
195.027, 88.7334
53.695, 129.407
360.532, 248.713
Evaluation Time: 1.72834 seconds
Resulting Fitness: 0.383333
-------------
Particle: 15:
Relays Coordinates:
194.829, 147.754
87.8172, 131.128
52.7829, 136.268
187.616, 106.21
86.5556, 188.645
239.148, 107.522
Evaluation Time: 1.32547 seconds
Resulting Fitness: 0.133333
-------------
Particle: 16:
Relays Coordinates:
268.656, 182.244
73.4829, 208.839
26.9602, 174.873
158.924, 90.8989
52.1793, 76.2161
295.245, 257.451
Evaluation Time: 1.48707 seconds
Resulting Fitness: 0.238889
-------------
Particle: 17:
Relays Coordinates:
239.148, 154.341
87.4426, 234.471
17.8723, 142.773
206.56, 107.799
45.1711, 121.466
239.148, 239.148
Evaluation Time: 1.41714 seconds
Resulting Fitness: 0.202778
-------------
Particle: 18:
Relays Coordinates:
269.671, 177.352
82.1049, 283.356
40.0736, 206.25
191.989, 99.2877
50.1744, 116.803
331.253, 202.676
Evaluation Time: 1.66516 seconds
Resulting Fitness: 0.366667
-------------
Particle: 19:
Relays Coordinates:
264.092, 158.637
76.8614, 284.567
28.1146, 188.296
187.213, 107.94
63.5096, 124.246
340.458, 219.983
Evaluation Time: 1.81273 seconds
Resulting Fitness: 0.369444
-------------
Particle: 20:
Relays Coordinates:
405, 19.3676
92.163, 163.507
0, 179.021
214.268, 87.2466
79.0435, 101.955
361.995, 88.196
Evaluation Time: 1.48321 seconds
Resulting Fitness: 0.25
Current global best fitness: 0.388889
Current global best relays: 275.225, 169.16
83.1004, 287.791
47.4291, 193.617
200.843, 85.5092
66.3189, 135.18
364.5, 230.867
Particle 1 new velocities: 104.373, 72.743
4.80543, 141.107
16.9824, 73.1096
64.2346, 26.8135
20.2716, 40.7214
136.605, 48.0397
Particle 2 new velocities: -32.5491, 80.4295
47.6308, 38.9368
4.14047, 132.647
110.494, 77.5742
33.1215, 61.125
350.45, 123.338
Particle 3 new velocities: 47.0281, 37.3714
44.5909, 41.3978
-5.61977, 40.6953
51.9336, 28.0836
-0.961108, 19.0057
140.544, 50.5888
Particle 4 new velocities: 80.2548, 147.83
46.2379, 61.0949
152.445, 67.3088
71.8863, 17.9863
276.218, 437.845
172.295, 90.6212
Particle 5 new velocities: 220.28, 165.972
66.0376, 204.904
34.747, 162.484
170.035, 65.9162
-13.2194, 138.769
419.462, 224.093
Particle 6 new velocities: 71.3227, -6.86538
-12.2254, 15.7621
122.725, 120.347
-38.2883, -11.9475
91.6267, -38.5425
147.445, 66.7235
Particle 7 new velocities: 230.224, 233.606
122.011, 378.518
146.168, 416.978
179.809, 186.118
555.795, 372.072
328.75, 165.905
Particle 8 new velocities: 92.4262, 36.9179
4.03168, 119.449
21.6925, 65.147
71.4229, -0.894998
24.8106, 49.6047
268.205, 73.5318
Particle 9 new velocities: 35.1587, 55.3926
5.25204, 57.4582
1.72166, 38.1167
14.1691, 29.2566
3.89081, 6.57482
24.202, 49.6335
Particle 10 new velocities: 111.793, 53.9803
31.1727, 113.91
17.5939, 58.8792
69.5007, 33.0203
25.4642, 48.3068
156.86, 86.1877
Particle 11 new velocities: 182.302, 130.262
121.752, 167.755
57.6057, 62.6212
188.647, 197.966
64.1609, 371.612
394.498, 188.392
Particle 12 new velocities: 133.974, 85.1573
30.8855, 191.894
17.2854, 84.8441
60.9839, 36.5052
26.467, 57.3393
237.183, 112.015
Particle 13 new velocities: -10.5316, 34.6866
34.1945, 17.622
1.32534, 1.16755
33.101, 39.6016
6.55805, 26.8334
145.04, 47.7885
Particle 14 new velocities: 62.7935, 68.3823
37.1374, 103.571
30.2737, 73.6768
62.6204, 19.4973
14.956, 42.092
111.262, 43.8981
Particle 15 new velocities: 217.539, 153.568
65.4645, 259.268
41.4843, 151.474
151.08, 126.69
78.3693, 140.084
57.9884, 119.399
Particle 16 new velocities: 206.603, 139.278
65.1876, 158.971
22.9342, 158.992
176.278, 75.3995
54.6867, 98.1869
96.4395, 164.848
Particle 17 new velocities: 48.9361, 172.308
160.551, 321.282
12.0722, 306.637
213.011, 177.721
68.1972, 118.935
78.1855, 65.6486
Particle 18 new velocities: 123.243, 58.0771
48.0043, 92.5507
6.71783, 51.3927
68.4412, 42.4907
24.8646, 48.8168
154.776, 119.699
Particle 19 new velocities: 82.0811, 33.65
43.7959, 68.1437
-6.14981, 47.5617
47.1761, 24.2946
19.7223, 4.89161
123.314, 100.396
Particle 20 new velocities: -17.9124, 167.148
147.811, -53.1696
318.25, -3.12834
44.3664, 20.3647
3.51088, 14.0047
33.5383, 122.477
-- ITERATION 13 --
-------------
Particle: 1:
Relays Coordinates:
300.391, 156.695
85.5692, 291.606
49.0344, 185.943
206.259, 80.1455
67.714, 136.51
325.884, 229.825
Evaluation Time: 1.7826 seconds
Resulting Fitness: 0.344444
New local best!
-------------
Particle: 2:
Relays Coordinates:
63.2999, 131.76
71.9857, 125.185
7.95485, 168.959
161.463, 100.598
52.746, 105.936
265.721, 209.706
Evaluation Time: 1.37554 seconds
Resulting Fitness: 0.2
-------------
Particle: 3:
Relays Coordinates:
253.592, 164.128
101.469, 265.712
34.4995, 176.659
186.775, 82.501
54.9407, 120.901
385.965, 220.326
Evaluation Time: 1.69876 seconds
Resulting Fitness: 0.347222
-------------
Particle: 4:
Relays Coordinates:
148.799, 219.175
89.8253, 155.822
183.974, 169.422
139.368, 46.7763
328.05, 328.05
278.657, 224.626
Evaluation Time: 1.57522 seconds
Resulting Fitness: 0.202778
-------------
Particle: 5:
Relays Coordinates:
216.441, 139.404
77.0956, 201.885
37.9632, 139.658
185.444, 94.227
7.32729, 125.415
239.148, 195.137
Evaluation Time: 1.30818 seconds
Resulting Fitness: 0.122222
-------------
Particle: 6:
Relays Coordinates:
175.451, 81.3119
20.5272, 184.19
144.303, 229.714
190.113, 33.3952
134.361, 34.1236
240.263, 246.59
Evaluation Time: 1.47959 seconds
Resulting Fitness: 0.208333
-------------
Particle: 7:
Relays Coordinates:
147.817, 125.015
75.4797, 171.9
111.126, 174.339
100.468, 100.462
174.339, 161.746
155.924, 85.328
Evaluation Time: 1.22062 seconds
Resulting Fitness: 0.141667
-------------
Particle: 8:
Relays Coordinates:
228.565, 113.67
57.6359, 246.442
35.448, 188.346
175.669, 58.5749
51.3807, 118.513
328.05, 218.27
Evaluation Time: 1.50193 seconds
Resulting Fitness: 0.177778
-------------
Particle: 9:
Relays Coordinates:
292.216, 197.157
97.6216, 325.03
43.2153, 195.931
203.965, 146.336
88.8125, 114.87
322.589, 312.099
Evaluation Time: 1.70631 seconds
Resulting Fitness: 0.333333
-------------
Particle: 10:
Relays Coordinates:
269.936, 153.985
85.0262, 283.044
45.5403, 183.459
196.583, 86.4827
64.3449, 129.47
308.061, 227.867
Evaluation Time: 1.62218 seconds
Resulting Fitness: 0.322222
-------------
Particle: 11:
Relays Coordinates:
238.217, 180.892
153.254, 226.822
70.6892, 127.518
237.743, 264.399
93.8281, 328.05
328.05, 272.349
Evaluation Time: 1.78529 seconds
Resulting Fitness: 0.338889
New local best!
-------------
Particle: 12:
Relays Coordinates:
225.154, 148.481
78.7777, 285.14
29.9785, 151.865
126.703, 81.4868
62.9348, 108.588
295.245, 190.565
Evaluation Time: 1.56101 seconds
Resulting Fitness: 0.269444
-------------
Particle: 13:
Relays Coordinates:
237.352, 170.461
79.9485, 257.072
40.1412, 154.712
186.113, 103.049
57.5075, 122.552
380.842, 204.615
Evaluation Time: 1.6692 seconds
Resulting Fitness: 0.377778
New local best!
-------------
Particle: 14:
Relays Coordinates:
263.787, 158.069
75.3803, 278.118
43.5249, 185.031
187.825, 78.9001
50.0466, 125.023
343.938, 213.313
Evaluation Time: 1.64453 seconds
Resulting Fitness: 0.355556
-------------
Particle: 15:
Relays Coordinates:
197.235, 144.121
73.3142, 186.725
45.0877, 137.626
161.997, 111.396
78.8831, 157.23
142.12, 108.536
Evaluation Time: 1.20182 seconds
Resulting Fitness: 0.0666667
-------------
Particle: 16:
Relays Coordinates:
311.817, 210.951
90.9817, 241.32
32.7357, 219.049
219.926, 109.108
70.1147, 114.426
256.984, 277.071
Evaluation Time: 1.51667 seconds
Resulting Fitness: 0.263889
-------------
Particle: 17:
Relays Coordinates:
153.1, 173.594
131.794, 265.721
15.9138, 238.835
222.977, 151.737
60.2485, 127.759
168.644, 161.982
Evaluation Time: 1.36515 seconds
Resulting Fitness: 0.225
-------------
Particle: 18:
Relays Coordinates:
318.26, 190.698
105.388, 304.484
37.9011, 208.69
210.949, 114.84
60.7816, 134.152
393.683, 261.124
Evaluation Time: 1.70977 seconds
Resulting Fitness: 0.341667
-------------
Particle: 19:
Relays Coordinates:
280.4, 155.753
97.7324, 285.695
17.7915, 191.044
189.855, 107.11
67.4179, 104.601
375.655, 259.507
Evaluation Time: 1.85693 seconds
Resulting Fitness: 0.425
New local best!
New global best!
-------------
Particle: 20:
Relays Coordinates:
348.379, 167.864
215.976, 99.3039
286.425, 158.304
232.771, 96.8502
74.299, 104.363
355.98, 189.605
Evaluation Time: 1.44475 seconds
Resulting Fitness: 0.258333
Current global best fitness: 0.425
Current global best relays: 280.4, 155.753
97.7324, 285.695
17.7915, 191.044
189.855, 107.11
67.4179, 104.601
375.655, 259.507
Particle 1 new velocities: 60.3288, 57.5283
12.2531, 110.63
5.82095, 59.5763
32.1178, 40.7817
15.8665, 1.47948
140.838, 73.818
Particle 2 new velocities: 363.257, 137.359
75.7287, 300.3
22.6762, 179.735
167.907, 80.8832
41.1807, 91.3565
117.359, 222.305
Particle 3 new velocities: 94.4444, 31.0698
32.398, 83.2099
-12.4624, 47.3101
38.8739, 80.0052
5.58448, 19.0004
-41.3935, 55.2432
Particle 4 new velocities: 131.835, 353.275
69.53, 80.6372
25.7448, 72.3785
26.2508, 41.6392
-84.8387, -293.431
163.746, 148.586
Particle 5 new velocities: 235.099, 245.108
105.598, 237.98
38.5464, 189.173
272.554, 105.586
49.7609, 125.109
198.593, 276.92
Particle 6 new velocities: 195.277, 36.5936
-0.879962, 59.6117
232.899, 106.681
-21.7998, -4.39022
41.5343, -8.93401
17.3561, 81.6085
Particle 7 new velocities: 387.851, 300.633
232.644, 316.356
93.8184, 306.208
86.967, 186.224
318.86, 537.309
371.931, 233.449
Particle 8 new velocities: 97.9478, 74.1391
41.18, 113.396
16.2613, 62.5343
96.5369, 101.71
21.994, 47.6406
49.0754, 89.0446
Particle 9 new velocities: 21.5124, -2.32089
9.33545, 6.93114
-6.01344, 25.3543
0.635555, -4.692
-10.1633, 2.32531
47.8484, -38.9782
Particle 10 new velocities: 104.613, 49.7559
25.4058, 100.009
7.45825, 73.2724
51.9996, 26.4576
22.8301, 25.2244
269.461, 91.8214
Particle 11 new velocities: 156.578, 75.3436
50.6316, 168.962
23.8923, 64.1472
101.515, 26.9047
19.4004, -83.5164
1.15645, 148.27
Particle 12 new velocities: 181.755, 89.0244
61.6307, 162.001
9.30297, 96.213
105.661, 71.4999
41.0608, 53.0731
23.2117, 133.84
Particle 13 new velocities: -5.24356, 11.6141
33.2868, 23.4324
-10.1352, 41.1892
28.5753, 35.7317
5.3998, 11.5628
112.143, 79.5779
Particle 14 new velocities: 62.6691, 47.2175
48.8778, 140.606
-13.9181, 80.6335
63.8504, 40.9079
27.5699, 20.66
112.049, 108.975
Particle 15 new velocities: 200.714, 132.875
87.6675, 399.753
24.2151, 142.222
156.385, 107.226
101.959, 129.813
422.899, 205.799
Particle 16 new velocities: 156.345, 70.4651
94.9992, 177.205
-4.74797, 121.339
127.072, 148.151
33.1521, 69.9169
371.413, 132.559
Particle 17 new velocities: 255.325, 119.942
130.261, 5.71358
1.14889, 168.555
351.177, 122.337
40.9427, 56.6572
384.138, 315.071
Particle 18 new velocities: 52.2617, 6.80378
23.198, 56.0136
-19.5583, -6.73302
35.5589, 18.3974
20.8347, 4.77752
58.0547, 78.4507
Particle 19 new velocities: 65.6648, 26.92
35.0367, 54.515
-4.91985, 38.0494
37.7409, 19.4357
15.7779, 3.91329
98.6513, 80.3166
Particle 20 new velocities: -98.5665, 60.1523
79.8227, 46.9937
249.312, 34.3006
-46.6338, 23.4898
9.02092, -24.8734
-200.249, 166.29
-- ITERATION 14 --
-------------
Particle: 1:
Relays Coordinates:
324.648, 192.801
88.0401, 362.012
49.3698, 220.967
214.539, 108.834
75.2224, 124.191
420.05, 273.278
Evaluation Time: 1.76865 seconds
Resulting Fitness: 0.316667
-------------
Particle: 2:
Relays Coordinates:
279.864, 176.569
96.9154, 279.161
20.0971, 228.778
216.099, 119.07
61.6253, 129.444
251.339, 283.442
Evaluation Time: 1.78384 seconds
Resulting Fitness: 0.261111
-------------
Particle: 3:
Relays Coordinates:
313.233, 175.678
120.48, 314.03
19.8334, 201.572
203.084, 146.256
54.4727, 125.911
310.115, 248.012
Evaluation Time: 1.74656 seconds
Resulting Fitness: 0.327778
-------------
Particle: 4:
Relays Coordinates:
149.14, 265.721
84.6879, 125.664
111.453, 128.502
88.0169, 46.9877
129.252, 18.3978
235.111, 198.341
Evaluation Time: 1.53121 seconds
Resulting Fitness: 0.222222
-------------
Particle: 5:
Relays Coordinates:
266.63, 227.051
107.879, 259.736
45.1782, 194.172
270.443, 117.988
33.71, 147.932
258.482, 278.745
Evaluation Time: 1.807 seconds
Resulting Fitness: 0.213889
-------------
Particle: 6:
Relays Coordinates:
218.911, 69.622
11.6015, 143.962
222.734, 198.638
99.387, 17.1271
103.864, 14.8742
152.122, 193.798
Evaluation Time: 1.40025 seconds
Resulting Fitness: 0.186111
-------------
Particle: 7:
Relays Coordinates:
215.234, 183.227
132.637, 210.178
88.2219, 206.86
80.6848, 123.409
212.306, 215.234
215.234, 137.223
Evaluation Time: 1.3544 seconds
Resulting Fitness: 0.180556
-------------
Particle: 8:
Relays Coordinates:
238.028, 136.913
72.0368, 262.322
37.6961, 182.892
198.438, 116.848
53.4902, 121.126
274.924, 224.032
Evaluation Time: 1.44228 seconds
Resulting Fitness: 0.225
-------------
Particle: 9:
Relays Coordinates:
313.729, 194.836
106.957, 331.962
37.2018, 221.285
204.601, 141.644
78.6492, 117.195
370.437, 273.121
Evaluation Time: 1.78721 seconds
Resulting Fitness: 0.369444
New local best!
-------------
Particle: 10:
Relays Coordinates:
303.384, 165.03
89.45, 310.273
42.9288, 207.953
201.352, 91.4817
70.6118, 125.302
405, 258.948
Evaluation Time: 1.71215 seconds
Resulting Fitness: 0.366667
-------------
Particle: 11:
Relays Coordinates:
259.024, 168.116
133.77, 259.674
62.0549, 125.752
222.587, 191.125
74.2892, 160.438
215.992, 275.968
Evaluation Time: 1.53076 seconds
Resulting Fitness: 0.180556
-------------
Particle: 12:
Relays Coordinates:
266.973, 155.827
92.1219, 293.369
25.7726, 162.764
152.454, 100.375
68.2315, 106.066
208.939, 212.842
Evaluation Time: 1.66404 seconds
Resulting Fitness: 0.297222
-------------
Particle: 13:
Relays Coordinates:
123.352, 96.7622
60.1779, 149.072
15.9464, 104.11
114.094, 73.7535
33.4315, 71.2742
261.993, 151.032
Evaluation Time: 1.33472 seconds
Resulting Fitness: 0.166667
-------------
Particle: 14:
Relays Coordinates:
264.429, 166.282
100.649, 339.167
23.9815, 215.189
203.857, 97.0445
62.8693, 118.003
369.35, 261.054
Evaluation Time: 1.8306 seconds
Resulting Fitness: 0.419444
New local best!
-------------
Particle: 15:
Relays Coordinates:
211.486, 147.207
85.5522, 265.721
36.8304, 148.723
169.201, 116.185
96.1068, 152.546
265.721, 167.05
Evaluation Time: 1.47742 seconds
Resulting Fitness: 0.222222
-------------
Particle: 16:
Relays Coordinates:
307.161, 184.637
122.022, 274.595
18.3628, 223.328
227.665, 168.788
67.7534, 120.947
328.05, 268.758
Evaluation Time: 1.83154 seconds
Resulting Fitness: 0.288889
-------------
Particle: 17:
Relays Coordinates:
241.171, 173.33
154.741, 160.279
10.0753, 240.559
295.245, 161.838
59.7524, 108.896
295.245, 281.695
Evaluation Time: 1.52603 seconds
Resulting Fitness: 0.227778
-------------
Particle: 18:
Relays Coordinates:
270.11, 143.979
93.7395, 262.803
13.3718, 147.227
179.704, 97.1304
59.4983, 101.28
329.317, 247.55
Evaluation Time: 1.72449 seconds
Resulting Fitness: 0.358333
-------------
Particle: 19:
Relays Coordinates:
252.282, 133.168
96.7887, 248.013
9.38343, 167.009
165.917, 92.2519
60.6497, 79.107
345.769, 247.731
Evaluation Time: 1.6076 seconds
Resulting Fitness: 0.316667
-------------
Particle: 20:
Relays Coordinates:
182.113, 166.224
215.637, 106.651
364.5, 140.408
135.694, 87.7279
60.7402, 57.9481
113.528, 259.448
Evaluation Time: 1.70995 seconds
Resulting Fitness: 0.286111
Current global best fitness: 0.425
Current global best relays: 280.4, 155.753
97.7324, 285.695
17.7915, 191.044
189.855, 107.11
67.4179, 104.601
375.655, 259.507
Particle 1 new velocities: 19.7798, -18.5132
13.3506, 43.322
-29.0835, -30.812
11.598, 5.77467
6.15431, -6.91628
-42.4143, -10.3222
Particle 2 new velocities: 293.029, 103.358
61.4154, 246.058
14.7659, 66.4874
116.843, 70.4575
37.7073, 56.6565
323.482, 145.722
Particle 3 new velocities: 47.5838, -1.7667
11.3806, 21.0133
1.45919, 14.7206
15.7093, 48.2194
20.3014, -8.72101
4.87581, 11.6911
Particle 4 new velocities: 227.548, 3.60931
91.7725, 163.146
-16.2796, 165.883
70.5403, 90.1279
2.61201, 52.2417
168.711, 200.984
Particle 5 new velocities: 197.87, 161.175
93.2859, 186.638
9.06261, 107.865
156.873, 91.2812
47.7613, 49.4684
329.217, 177.747
Particle 6 new velocities: 191.392, 71.0765
101.795, 208.886
-25.8173, 219.409
187.7, 13.6841
85.5599, 43.8136
216.894, 186.096
Particle 7 new velocities: 298.3, 223.368
227.801, 335.435
216.838, 416.88
57.5506, 182.065
326.852, -20.2377
-1.57743, 155.887
Particle 8 new velocities: 135.714, 67.4433
41.6672, 89.8062
-11.394, 75.7382
68.0844, 41.2683
24.4202, 30.4526
53.0206, 166.413
Particle 9 new velocities: -1.47658, -7.14682
0.20502, -29.4704
-15.4342, -6.70721
-12.9859, -43.3548
-17.5837, -3.26019
41.8909, -31.8828
Particle 10 new velocities: 53.3579, 35.5411
15.2704, 36.1234
-12.3086, 17.4254
32.3507, 31.3441
13.1009, 10.2618
-100.14, 30.2238
Particle 11 new velocities: 133.608, 60.3905
25.5285, 113.355
-26.5313, 85.0054
67.8698, 10.9974
10.9003, 122.298
321.076, 99.7493
Particle 12 new velocities: 131.1, 81.8759
61.0656, 125.541
7.6038, 97.7308
131.305, 63.0116
51.3223, 62.6508
194.762, 146.207
Particle 13 new velocities: 235.689, 67.583
81.5737, 284.275
32.1518, 80.7031
139.202, 52.5745
34.167, 109.1
194.805, 158.21
Particle 14 new velocities: 63.8594, 27.206
38.0626, 67.6107
-16.0068, 59.5182
47.498, 38.6591
26.2765, 8.00718
93.408, 86.5908
Particle 15 new velocities: 163.951, 111.302
96.8727, -33.5312
32.0745, 134.417
152.744, 82.3283
76.4548, 121.189
44.459, 193.427
Particle 16 new velocities: 117.729, 81.5961
59.2218, 136.461
-19.704, 99.854
66.9506, 89.8013
21.3055, 43.4128
78.1809, 120.77
Particle 17 new velocities: 222.128, 79.4798
71.2514, 87.4536
9.00788, 118.994
83.1064, 101.826
26.0058, 42.349
29.7594, 239.83
Particle 18 new velocities: 71.4315, 38.4046
-6.32857, 72.3386
0.859352, -1.79696
47.2191, 33.1609
11.4507, 43.4289
141.669, 64.5881
Particle 19 new velocities: 110.493, 42.3244
30.2155, 97.58
3.73469, 82.1308
70.8572, 34.9584
31.2819, 21.9116
152.884, 78.7462
Particle 20 new velocities: 70.9476, -97.7521
30.1599, 211.831
-69.3657, 76.1109
63.7848, 24.6439
43.9448, 38.4019
119.371, -141.859
-- ITERATION 15 --
-------------
Particle: 1:
Relays Coordinates:
225.979, 114.35
66.5224, 265.94
13.3099, 124.761
148.369, 75.1951
53.3913, 76.9438
247.767, 172.526
Evaluation Time: 1.46523 seconds
Resulting Fitness: 0.244444
-------------
Particle: 2:
Relays Coordinates:
295.245, 165.294
93.4928, 295.245
20.5863, 174.351
196.599, 111.914
58.6549, 109.89
295.245, 253.418
Evaluation Time: 1.75891 seconds
Resulting Fitness: 0.372222
New local best!
-------------
Particle: 3:
Relays Coordinates:
324.735, 156.521
118.675, 301.539
19.1633, 194.664
196.914, 175.028
67.2966, 105.471
283.492, 233.733
Evaluation Time: 1.56744 seconds
Resulting Fitness: 0.244444
-------------
Particle: 4:
Relays Coordinates:
274.606, 196.341
128.64, 210.542
69.3814, 214.607
115.588, 99.9572
96.1292, 51.4962
294.387, 291.107
Evaluation Time: 1.55488 seconds
Resulting Fitness: 0.202778
-------------
Particle: 5:
Relays Coordinates:
246.854, 206.319
106.907, 237.221
28.8258, 160.514
227.093, 111.214
43.2972, 104.907
265.721, 242.599
Evaluation Time: 1.63426 seconds
Resulting Fitness: 0.283333
New local best!
-------------
Particle: 6:
Relays Coordinates:
242.28, 83.0811
66.9595, 208.354
116.277, 246.853
169.522, 18.1937
111.853, 34.6546
217.9, 224.324
Evaluation Time: 1.52167 seconds
Resulting Fitness: 0.191667
-------------
Particle: 7:
Relays Coordinates:
215.234, 175.026
155.157, 215.234
131.318, 215.234
59.5058, 131.496
215.234, 83.9393
91.972, 126.174
Evaluation Time: 1.34774 seconds
Resulting Fitness: 0.183333
-------------
Particle: 8:
Relays Coordinates:
272.458, 148.976
82.8902, 256.701
19.1742, 188.541
194.295, 115.267
56.7967, 110.501
239.072, 284.634
Evaluation Time: 1.59318 seconds
Resulting Fitness: 0.3
New local best!
-------------
Particle: 9:
Relays Coordinates:
312.252, 187.689
107.162, 302.491
21.7676, 214.578
191.615, 98.2895
61.0656, 113.935
412.328, 241.238
Evaluation Time: 1.72684 seconds
Resulting Fitness: 0.411111
New local best!
-------------
Particle: 10:
Relays Coordinates:
321.068, 180.514
94.2484, 311.757
27.5582, 202.84
210.333, 110.543
75.3414, 122.008
274.374, 260.254
Evaluation Time: 1.68315 seconds
Resulting Fitness: 0.355556
-------------
Particle: 11:
Relays Coordinates:
257.606, 149.923
104.516, 244.745
23.3071, 138.278
190.569, 132.612
55.8928, 185.504
328.05, 246.508
Evaluation Time: 1.68708 seconds
Resulting Fitness: 0.219444
-------------
Particle: 12:
Relays Coordinates:
290.195, 173.285
111.674, 305.385
24.3314, 189.901
206.86, 119.109
87.1547, 122.995
294.299, 261.747
Evaluation Time: 1.66578 seconds
Resulting Fitness: 0.322222
New local best!
-------------
Particle: 13:
Relays Coordinates:
190.809, 87.3398
75.3326, 230.298
25.5613, 98.2171
134.612, 67.1359
35.9246, 95.8581
242.761, 164.343
Evaluation Time: 1.37901 seconds
Resulting Fitness: 0.197222
-------------
Particle: 14:
Relays Coordinates:
239.322, 141.053
101.121, 296.541
5.81351, 200.261
183.238, 98.928
64.9873, 91.8613
337.35, 253.433
Evaluation Time: 1.66382 seconds
Resulting Fitness: 0.327778
-------------
Particle: 15:
Relays Coordinates:
199.523, 137.382
96.9481, 123.395
36.6189, 150.472
171.095, 105.498
91.7063, 145.474
164.842, 191.572
Evaluation Time: 1.29597 seconds
Resulting Fitness: 0.122222
-------------
Particle: 16:
Relays Coordinates:
309.745, 194.084
132.127, 299.66
0, 235.6
214.775, 188.512
64.9239, 119.818
296.142, 283.965
Evaluation Time: 1.7064 seconds
Resulting Fitness: 0.263889
-------------
Particle: 17:
Relays Coordinates:
273.573, 149.282
133.446, 146.284
11.2684, 212.313
223.413, 155.691
50.6394, 89.3085
191.912, 295.245
Evaluation Time: 1.51717 seconds
Resulting Fitness: 0.191667
-------------
Particle: 18:
Relays Coordinates:
276.649, 147.73
70.8029, 271.465
11.5273, 117.798
183.808, 105.536
57.4687, 117.214
381.499, 252.832
Evaluation Time: 1.82766 seconds
Resulting Fitness: 0.363889
-------------
Particle: 19:
Relays Coordinates:
264.463, 127.934
92.5861, 251.938
9.56312, 181.623
172.609, 92.7363
67.0181, 73.6426
363.518, 238.002
Evaluation Time: 1.70695 seconds
Resulting Fitness: 0.330556
-------------
Particle: 20:
Relays Coordinates:
253.061, 68.472
245.797, 318.482
295.134, 216.519
199.479, 112.372
104.685, 96.35
232.899, 117.589
Evaluation Time: 1.54112 seconds
Resulting Fitness: 0.183333
Current global best fitness: 0.425
Current global best relays: 280.4, 155.753
97.7324, 285.695
17.7915, 191.044
189.855, 107.11
67.4179, 104.601
375.655, 259.507
Particle 1 new velocities: 140.861, 13.4172
52.346, 47.1791
10.4671, 112.816
39.9596, 17.3611
20.9823, 79.4732
140.112, 49.5894
Particle 2 new velocities: -2.02104, 75.3041
53.2173, -10.0638
9.85404, 63.7936
89.5594, 53.4613
33.115, 42.0894
65.469, 122.414
Particle 3 new velocities: -7.35766, 13.1778
-20.4664, 8.74331
20.7302, -4.47499
8.2871, -83.7846
3.31722, 14.6899
78.713, 22.3196
Particle 4 new velocities: -54.3114, -1.3969
34.161, 76.0627
106.571, 78.1915
127.494, 55.4276
314.838, 321.231
88.2075, 129.237
Particle 5 new velocities: 183.407, 128.731
67.6331, 210.6
-5.72395, 88.7187
99.15, 72.047
52.905, 39.5042
32.7647, 159.173
Particle 6 new velocities: 119.826, 42.9976
79.8826, 222.643
-83.0256, 136.52
286.428, 125.24
54.6297, 78.633
93.7858, 198.013
Particle 7 new velocities: 220.179, 183.044
116.529, 81.3699
167.268, 105.533
93.905, 174.47
-42.4196, 86.5799
272.275, 183.308
Particle 8 new velocities: 114.305, 55.2483
41.6944, 86.4711
-10.0613, 60.9625
52.9547, 32.3832
27.1913, 22.4155
93.1611, 106.635
Particle 9 new velocities: -13.7767, -39.9824
-2.39932, -30.6163
-13.2922, -28.0926
-11.4587, -29.8339
-10.4285, -6.48662
2.59659, -12.9768
Particle 10 new velocities: -56.9536, 12.6291
11.4123, 10.1414
5.91443, -1.47336
-3.52681, 23.5606
8.8293, 3.20765
-10.8859, -11.1081
Particle 11 new velocities: 105.591, 83.9974
72.1032, 83.1597
21.104, 105.601
71.0644, 136.773
65.1739, 265.814
7.64404, 112.079
Particle 12 new velocities: 100.86, 62.102
35.3259, 77.5576
-0.846313, 79.2562
98.9519, 48.9306
30.0557, 40.7868
210.134, 116.898
Particle 13 new velocities: 265.403, 241.622
82.8415, 281.209
19.7065, 206.533
177.439, 118.67
62.2906, 124.13
511.15, 213.3
Particle 14 new velocities: 85.895, 76.0611
26.4132, 98.5271
0.466994, 66.8404
71.2652, 37.4878
21.9159, 56.362
157.768, 79.5349
Particle 15 new velocities: 117.311, 109.677
88.363, 210.425
22.5449, 120.566
148.596, 233.046
87.8644, 97.7295
455.95, 141.755
Particle 16 new velocities: 96.3684, 62.4613
29.483, 50.7464
31.9629, 30.0086
28.3005, -1.68276
17.7384, 18.9359
187.06, 102.577
Particle 17 new velocities: 204.997, 102.346
50.2352, 408.447
7.63347, 92.9452
216.228, 70.3026
14.6015, 44.529
97.5976, -3.97599
Particle 18 new velocities: 65.1705, 88.5241
9.34878, 74.3422
45.7674, 41.2935
44.9644, 34.2692
8.19236, 36.6145
96.1371, 54.9527
Particle 19 new velocities: 111.271, 99.898
36.1184, 139.762
22.9028, 79.4649
79.6385, 67.2926
25.4958, 49.5047
140.876, 82.1215
Particle 20 new velocities: 72.8388, -44.7315
-13.0213, -13.3131
-311.266, 13.6624
55.3709, -0.694838
-9.57366, 4.21533
164.661, -142.846
-- ITERATION 16 --
-------------
Particle: 1:
Relays Coordinates:
297.141, 103.492
96.2834, 253.626
19.2593, 192.437
152.546, 74.9705
60.2426, 126.698
314.182, 179.913
Evaluation Time: 1.60661 seconds
Resulting Fitness: 0.272222
-------------
Particle: 2:
Relays Coordinates:
237.511, 194.884
118.835, 230.997
24.6566, 192.897
231.788, 133.954
74.3337, 123.104
292.178, 304.423
Evaluation Time: 1.6033 seconds
Resulting Fitness: 0.244444
-------------
Particle: 3:
Relays Coordinates:
317.377, 169.698
98.2085, 310.282
39.8935, 190.189
205.201, 91.2429
70.6139, 120.161
362.204, 256.053
Evaluation Time: 1.75648 seconds
Resulting Fitness: 0.361111
-------------
Particle: 4:
Relays Coordinates:
117.074, 103.602
86.5189, 152.314
93.5085, 155.605
129.184, 82.5778
218.405, 198.083
203.326, 223.388
Evaluation Time: 1.284 seconds
Resulting Fitness: 0.113889
-------------
Particle: 5:
Relays Coordinates:
282.295, 219.826
114.516, 293.815
15.1571, 163.522
214.048, 120.238
63.1183, 94.7479
195.836, 263.603
Evaluation Time: 1.66671 seconds
Resulting Fitness: 0.291667
New local best!
-------------
Particle: 6:
Relays Coordinates:
173.194, 60.3031
70.2341, 206.144
15.9042, 183.366
218.08, 68.604
79.6282, 54.1851
149.078, 202.002
Evaluation Time: 1.32438 seconds
Resulting Fitness: 0.166667
-------------
Particle: 7:
Relays Coordinates:
257.107, 211.437
160.428, 175.141
176.312, 189.41
90.5875, 180.67
102.045, 100.69
215.084, 182.746
Evaluation Time: 1.34966 seconds
Resulting Fitness: 0.163889
-------------
Particle: 8:
Relays Coordinates:
281.95, 148.879
90.8222, 250.173
6.64332, 181.888
180.245, 107.637
61.2273, 96.8961
242.198, 285.235
Evaluation Time: 1.6109 seconds
Resulting Fitness: 0.316667
New local best!
-------------
Particle: 9:
Relays Coordinates:
298.475, 147.707
104.763, 271.875
8.47545, 186.485
180.156, 68.4557
50.6371, 107.448
414.925, 228.261
Evaluation Time: 1.66515 seconds
Resulting Fitness: 0.352778
-------------
Particle: 10:
Relays Coordinates:
264.114, 193.144
105.661, 321.898
33.4726, 201.367
206.806, 134.104
84.1707, 125.215
263.488, 249.146
Evaluation Time: 1.6135 seconds
Resulting Fitness: 0.269444
-------------
Particle: 11:
Relays Coordinates:
214.464, 138.128
104.292, 193.624
26.2243, 144.008
154.492, 159.069
71.4887, 266.498
198.224, 211.742
Evaluation Time: 1.36467 seconds
Resulting Fitness: 0.152778
-------------
Particle: 12:
Relays Coordinates:
285.079, 171.597
107.163, 279.165
17.1206, 196.215
222.937, 122.501
85.4464, 119.397
364.5, 276.032
Evaluation Time: 1.63422 seconds
Resulting Fitness: 0.258333
-------------
Particle: 13:
Relays Coordinates:
269.389, 194.248
93.4002, 295.245
26.7302, 179.952
184.263, 109.716
57.9951, 129.901
295.245, 222.995
Evaluation Time: 1.61593 seconds
Resulting Fitness: 0.35
-------------
Particle: 14:
Relays Coordinates:
237.084, 158.276
92.9723, 288.005
4.57849, 194.717
185.533, 99.4471
63.3524, 108.055
360.941, 242.734
Evaluation Time: 1.74145 seconds
Resulting Fitness: 0.361111
-------------
Particle: 15:
Relays Coordinates:
168.378, 131.297
98.4819, 177.405
31.442, 144.041
169.897, 179.916
95.4312, 129.248
265.721, 177.144
Evaluation Time: 1.51704 seconds
Resulting Fitness: 0.216667
-------------
Particle: 16:
Relays Coordinates:
328.952, 207.802
130.904, 283.829
25.89, 215.143
196.891, 151.331
66.9565, 112.391
391.394, 313.1
Evaluation Time: 1.71131 seconds
Resulting Fitness: 0.325
-------------
Particle: 17:
Relays Coordinates:
282.591, 148.584
108.462, 295.245
11.1614, 180.252
259.604, 133.447
38.5241, 79.0297
170.952, 171.991
Evaluation Time: 1.76275 seconds
Resulting Fitness: 0.305556
-------------
Particle: 18:
Relays Coordinates:
276.874, 191.366
64.9228, 280.104
46.4087, 128.864
185.305, 113.242
53.1854, 124.601
386.885, 249.306
Evaluation Time: 1.84975 seconds
Resulting Fitness: 0.444444
New local best!
New global best!
-------------
Particle: 19:
Relays Coordinates:
338.161, 205.049
115.834, 352.53
29.2193, 234.979
227.022, 144.026
83.2625, 110.833
450, 288.111
Evaluation Time: 1.71918 seconds
Resulting Fitness: 0.330556
-------------
Particle: 20:
Relays Coordinates:
237.581, 17.3068
169.694, 222.468
0, 167.802
185.785, 81.4125
69.3361, 73.3121
289.821, 0
Evaluation Time: 1.39723 seconds
Resulting Fitness: 0.194444
Current global best fitness: 0.444444
Current global best relays: 276.874, 191.366
64.9228, 280.104
46.4087, 128.864
185.305, 113.242
53.1854, 124.601
386.885, 249.306
Particle 1 new velocities: 100.671, 140.598
29.2922, 97.9963
35.3027, 16.4244
41.105, 31.0489
8.51706, 73.9717
166.605, 102.644
Particle 2 new velocities: 44.7059, 7.25147
0.952839, 152.219
15.6577, 16.056
26.5653, 9.55828
6.47428, 31.193
152.407, 7.47262
Particle 3 new velocities: -74.1556, 24.2672
-19.057, -33.504
11.3779, -18.4478
-19.6068, -50.2316
-0.534022, 24.4074
-122.872, 0.168406
Particle 4 new velocities: -38.4808, 287.929
28.572, 188.711
261.162, 95.1451
58.7404, 43.7599
355.959, 354.115
192.483, 224.422
Particle 5 new velocities: 143.754, 99.0056
-8.0586, 150.919
11.4414, 50.342
64.6358, 51.899
29.5737, 69.8689
36.1611, 112.303
Particle 6 new velocities: 209.826, 27.3693
22.0844, 139.136
311.819, 231.975
265.098, 75.7888
142.206, 52.7504
251.287, 206.875
Particle 7 new velocities: 416.712, 112.063
35.3284, 173.7
131.601, 269.298
43.5189, 121.591
123.819, 142.417
282.289, 55.8483
Particle 8 new velocities: 89.6536, 66.457
24.8127, 75.2775
43.4104, 36.8439
43.973, 31.1665
17.341, 36.324
79.0352, 82.9662
Particle 9 new velocities: -3.28823, 56.5874
-23.2959, 24.3934
51.418, -64.5214
2.39171, 0.0863993
-2.61148, 6.00298
-21.8458, 20.9442
Particle 10 new velocities: -38.8546, -8.75322
-22.667, -102.747
19.1252, -86.5733
-23.5307, -78.02
-26.1428, 12.3153
248.175, -19.5991
Particle 11 new velocities: 175.942, 103.877
94.4871, 89.166
52.5879, 64.3629
112.855, 218.653
67.6269, 195.232
292.197, 151.185
Particle 12 new velocities: 84.3486, 60.9278
34.9626, 97.7605
25.9704, -13.6438
29.6732, 29.706
-12.1234, 34.0978
-23.2563, 65.4013
Particle 13 new velocities: 203.687, 181.292
44.1459, -38.0312
36.9788, 83.5851
142.876, 93.1324
44.2036, 98.2387
132.795, 176.024
Particle 14 new velocities: 122.978, 97.931
8.1174, 139.784
33.8087, 39.5636
69.6112, 30.1298
10.6913, 56.3953
139.462, 73.5957
Particle 15 new velocities: 224.377, 184.945
81.6278, 277.582
39.4324, 84.1086
155.048, 142.566
22.5354, 137.491
126.981, 110.655
Particle 16 new velocities: 30.2028, 49.7609
6.48198, 30.0307
37.321, -71.7248
35.622, -31.6781
1.96638, 18.0657
173.963, 55.0753
Particle 17 new velocities: 162.792, 158.375
-14.2252, -41.519
49.8489, 129.715
274.9, 64.2119
17.0325, 68.0264
307.256, 205.04
Particle 18 new velocities: 52.1364, 70.8193
7.47903, 59.4738
36.6139, 33.0348
35.9715, 27.4153
6.55389, 29.2916
76.9096, 43.9621
Particle 19 new velocities: 25.4663, 23.7751
-37.3654, 104.034
32.4114, -100.968
32.7967, 15.2883
4.09682, 53.2079
-118.553, 35.8927
Particle 20 new velocities: 248.119, 13.9122
-67.0394, 34.3001
579.731, 2.85132
71.064, 22.8644
-15.737, -2.19498
80.0777, 411.048
-- ITERATION 17 --
-------------
Particle: 1:
Relays Coordinates:
234.904, 144.132
74.1511, 207.63
32.2184, 123.331
114.349, 62.6034
40.6019, 118.493
283.9, 166.847
Evaluation Time: 1.42795 seconds
Resulting Fitness: 0.152778
-------------
Particle: 2:
Relays Coordinates:
205.736, 147.357
87.3255, 279.365
29.3892, 152.327
188.34, 104.62
58.909, 112.482
324.103, 227.372
Evaluation Time: 1.61912 seconds
Resulting Fitness: 0.263889
-------------
Particle: 3:
Relays Coordinates:
218.9, 174.569
71.2364, 249.1
46.1442, 154.567
167.035, 36.9102
63.0718, 130.112
215.4, 230.599
Evaluation Time: 1.48658 seconds
Resulting Fitness: 0.263889
-------------
Particle: 4:
Relays Coordinates:
51.5647, 256.883
75.5112, 223.746
232.699, 164.517
123.297, 82.8902
328.05, 328.05
259.69, 293.809
Evaluation Time: 1.51277 seconds
Resulting Fitness: 0.15
-------------
Particle: 5:
Relays Coordinates:
310.589, 232.429
77.6074, 324.211
19.3903, 155.907
203.161, 125.488
67.5725, 120.006
169.126, 274.036
Evaluation Time: 1.64611 seconds
Resulting Fitness: 0.272222
-------------
Particle: 6:
Relays Coordinates:
203.553, 46.5927
49.0618, 183.496
174.166, 220.729
256.78, 76.7363
117.892, 56.8299
212.771, 217.294
Evaluation Time: 1.42932 seconds
Resulting Fitness: 0.158333
-------------
Particle: 7:
Relays Coordinates:
215.234, 139.256
84.2667, 150.165
132.546, 197.459
57.7284, 130.113
97.227, 104.65
214.103, 102.707
Evaluation Time: 1.32323 seconds
Resulting Fitness: 0.141667
-------------
Particle: 8:
Relays Coordinates:
334.443, 193.803
104.071, 292.905
45.0484, 196.859
201.796, 124.923
70.7115, 119.898
289.11, 331.381
Evaluation Time: 1.64007 seconds
Resulting Fitness: 0.288889
-------------
Particle: 9:
Relays Coordinates:
239.102, 165.478
65.9881, 239.977
48.5137, 98.7907
147.864, 55.5191
38.9007, 91.8955
318.394, 201.857
Evaluation Time: 1.49972 seconds
Resulting Fitness: 0.275
-------------
Particle: 10:
Relays Coordinates:
119.712, 97.9926
44.1063, 116.466
27.9526, 61.006
97.3999, 29.8053
30.8384, 73.0894
265.721, 121.991
Evaluation Time: 1.29498 seconds
Resulting Fitness: 0.15
-------------
Particle: 11:
Relays Coordinates:
256.146, 158.78
130.419, 185.539
51.7087, 136.712
175.406, 247.824
91.2737, 302.942
321.765, 238.116
Evaluation Time: 1.66903 seconds
Resulting Fitness: 0.294444
-------------
Particle: 12:
Relays Coordinates:
269.313, 169.511
103.609, 274.779
31.4133, 133.095
184.153, 110.959
53.4525, 111.897
248.767, 248.905
Evaluation Time: 1.68123 seconds
Resulting Fitness: 0.3
-------------
Particle: 13:
Relays Coordinates:
279.346, 221.753
81.2196, 151.882
37.6195, 155.616
193.172, 119.78
60.3473, 134.714
252.753, 235.617
Evaluation Time: 1.37741 seconds
Resulting Fitness: 0.133333
-------------
Particle: 14:
Relays Coordinates:
262.485, 186.775
73.6944, 311.858
27.9843, 170.791
186, 94.4616
53.9778, 119.884
364.5, 230.604
Evaluation Time: 1.79405 seconds
Resulting Fitness: 0.411111
-------------
Particle: 15:
Relays Coordinates:
231.918, 186.738
106.353, 268.665
41.8506, 134.72
191.877, 190.422
69.6581, 157.507
231.886, 169.942
Evaluation Time: 1.4517 seconds
Resulting Fitness: 0.211111
-------------
Particle: 16:
Relays Coordinates:
290.915, 208.626
111.283, 254.226
51.2009, 116.169
188.336, 96.9191
55.8275, 105.67
405, 298.222
Evaluation Time: 1.59964 seconds
Resulting Fitness: 0.286111
-------------
Particle: 17:
Relays Coordinates:
191.723, 132.136
40.5658, 109.221
26.2629, 133.43
215.234, 85.0856
23.9153, 63.3029
205.853, 162.3
Evaluation Time: 1.23624 seconds
Resulting Fitness: 0.116667
-------------
Particle: 18:
Relays Coordinates:
266.498, 212.37
58.6455, 275.058
67.2483, 131.138
179.234, 113.933
48.3889, 124.653
375.674, 237.547
Evaluation Time: 1.80256 seconds
Resulting Fitness: 0.391667
-------------
Particle: 19:
Relays Coordinates:
193.246, 121.607
41.7015, 242.637
32.7531, 71.2188
138.079, 84.6662
46.4263, 87.1778
176.145, 172.189
Evaluation Time: 1.37593 seconds
Resulting Fitness: 0.147222
-------------
Particle: 20:
Relays Coordinates:
258.121, 16.591
54.5547, 136.457
265.721, 90.6924
136.5, 55.417
28.4848, 37.7946
196.58, 218.448
Evaluation Time: 1.47733 seconds
Resulting Fitness: 0.15
Current global best fitness: 0.444444
Current global best relays: 276.874, 191.366
64.9228, 280.104
46.4087, 128.864
185.305, 113.242
53.1854, 124.601
386.885, 249.306
Particle 1 new velocities: 151.761, 139.792
39.8998, 213.08
36.2593, 82.7914
178.831, 69.7029
43.8552, 94.7874
198.025, 167.988
Particle 2 new velocities: 117.654, 57.8812
-0.556904, 147.678
31.4633, 34.5991
27.2702, 15.8026
3.0118, 33.788
134.143, 50.5864
Particle 3 new velocities: -6.56897, 25.451
1.942, 9.02972
-4.82616, -11.1057
-7.13604, -29.4641
-14.5755, 15.6189
112.7, 11.4705
Particle 4 new velocities: 64.0328, 394.155
39.929, 64.0423
4.26817, 74.3439
61.9764, 0.763923
-104.747, -161.512
205.643, 119.564
Particle 5 new velocities: 38.814, 20.5407
-8.51656, 23.7944
27.6759, 42.9511
32.4573, 26.8455
9.37881, 33.5788
330.773, 53.4757
Particle 6 new velocities: 208.515, 99.7897
-17.4295, 94.4777
173.879, 233.862
195.445, 31.8936
77.3358, 8.59287
163.751, 228.74
Particle 7 new velocities: 323.716, 174.507
39.123, 420.672
233.878, 240.98
85.9553, 82.1088
173.176, 319.085
272.046, 126.511
Particle 8 new velocities: -76.0735, 27.368
-16.184, 56.1333
15.5625, -31.523
-0.00837033, -6.34032
8.43824, 16.4995
27.5463, -55.2042
Particle 9 new velocities: 68.394, 95.3721
38.4397, 107.375
4.92473, 167.087
76.8201, 20.0445
18.6079, 47.3828
96.305, 87.2772
Particle 10 new velocities: 255.968, 66.8038
7.19003, 210.682
30.6349, 5.48716
142.434, 23.4149
22.1871, 94.006
199.977, 228.406
Particle 11 new velocities: 139.311, 119.386
110.44, 208.739
68.6394, 38.6781
173.527, 170.436
7.12425, 105.051
274.182, 145.078
Particle 12 new velocities: 102.738, 55.8834
-12.4343, 86.4065
23.0994, 13.7437
33.8613, 34.1203
23.7232, 38.6972
90.5096, 63.935
Particle 13 new velocities: 146.964, 84.7209
21.875, 189.337
40.8253, 45.7884
103.299, 47.7879
25.9653, 77.0282
296.57, 141.002
Particle 14 new velocities: 103.109, 70.6071
13.8693, 111.607
42.5633, 65.0882
58.0466, 47.8576
22.7541, 42.5154
32.364, 86.5726
Particle 15 new velocities: 172.694, 105.501
55.6507, 194.636
51.9101, 63.5575
116.061, 72.6151
43.9182, 146.129
187.15, 110.58
Particle 16 new velocities: 15.9493, 32.4033
-32.2595, 40.4918
-16.4949, -0.963659
73.289, 63.6079
8.88405, 32.7185
6.39756, 7.78755
Particle 17 new velocities: 281.74, 171.401
143.535, 81.7515
43.3074, 252.595
139.093, 141.173
43.3841, 108.465
371.44, 301.923
Particle 18 new velocities: 52.5258, 24.2573
19.0396, 60.7482
14.8362, 21.8322
38.3841, 21.1691
8.41704, 23.3931
68.3374, 59.0571
Particle 19 new velocities: 120.547, 73.9034
74.1138, 118.091
30.9509, -19.9332
140.138, 29.1148
15.8368, 89.2259
327.771, 123.486
Particle 20 new velocities: 271.037, 120.228
63.2738, 158.664
-11.9118, 85.272
120.847, 76.047
12.5938, 20.9284
87.3507, 167.865
-- ITERATION 18 --
-------------
Particle: 1:
Relays Coordinates:
253.691, 186.283
74.8289, 276.027
44.9282, 135.237
192.355, 86.8061
55.4123, 139.933
316.191, 219.686
Evaluation Time: 1.82228 seconds
Resulting Fitness: 0.363889
New local best!
-------------
Particle: 2:
Relays Coordinates:
190.959, 121.191
51.236, 252.164
35.9328, 110.378
127.315, 71.1086
36.5636, 86.3711
270.59, 164.132
Evaluation Time: 1.46724 seconds
Resulting Fitness: 0.247222
-------------
Particle: 3:
Relays Coordinates:
191.098, 180.018
65.8606, 232.317
37.1862, 129.115
143.909, 6.70147
43.6467, 131.158
295.289, 217.862
Evaluation Time: 1.4855 seconds
Resulting Fitness: 0.244444
-------------
Particle: 4:
Relays Coordinates:
61.4333, 265.721
61.3497, 152.943
125.934, 126.941
98.4619, 44.4572
118.672, 88.5053
247.297, 219.683
Evaluation Time: 1.50872 seconds
Resulting Fitness: 0.222222
-------------
Particle: 5:
Relays Coordinates:
314.463, 227.672
62.1818, 313.205
42.3596, 178.972
212.056, 137.1
69.2562, 138.226
449.909, 294.76
Evaluation Time: 1.7036 seconds
Resulting Fitness: 0.272222
-------------
Particle: 6:
Relays Coordinates:
197.091, 70.0142
15.1296, 132.954
166.469, 217.43
216.298, 51.9573
93.3768, 31.2915
180.089, 213.337
Evaluation Time: 1.41084 seconds
Resulting Fitness: 0.183333
-------------
Particle: 7:
Relays Coordinates:
295.245, 185.274
72.8604, 295.245
216.37, 258.894
84.8438, 125.315
159.67, 250.211
287.066, 135.351
Evaluation Time: 1.8228 seconds
Resulting Fitness: 0.338889
New local best!
-------------
Particle: 8:
Relays Coordinates:
209.279, 179.148
71.1888, 282.721
49.0948, 133.922
163.448, 96.052
64.1113, 110.482
256.491, 223.704
Evaluation Time: 1.51068 seconds
Resulting Fitness: 0.291667
-------------
Particle: 9:
Relays Coordinates:
224.164, 190.16
76.1279, 253.22
38.9566, 193.825
163.794, 55.0859
41.9238, 101.534
302.316, 210.778
Evaluation Time: 1.58036 seconds
Resulting Fitness: 0.241667
-------------
Particle: 10:
Relays Coordinates:
273.871, 120.137
37.395, 238.491
42.7103, 48.4735
174.839, 38.7975
38.6556, 121.813
339.493, 255.439
Evaluation Time: 1.51051 seconds
Resulting Fitness: 0.227778
-------------
Particle: 11:
Relays Coordinates:
259.459, 182.504
158.028, 258.686
78.9604, 115.074
228.935, 274.421
64.5589, 267.684
328.05, 251.414
Evaluation Time: 1.68044 seconds
Resulting Fitness: 0.280556
-------------
Particle: 12:
Relays Coordinates:
271.225, 164.312
66.4667, 263.304
39.7398, 107.045
158.932, 105.762
56.2611, 109.784
247.332, 228.06
Evaluation Time: 1.56126 seconds
Resulting Fitness: 0.269444
-------------
Particle: 13:
Relays Coordinates:
279.702, 201.077
67.6404, 223.874
51.4676, 132.141
194.515, 109.941
56.6297, 138.924
328.05, 247.1
Evaluation Time: 1.56645 seconds
Resulting Fitness: 0.283333
-------------
Particle: 14:
Relays Coordinates:
296.131, 208.479
70.9266, 343.007
57.1435, 191.062
197.678, 115.279
62.1529, 131.544
321.46, 256.913
Evaluation Time: 1.58364 seconds
Resulting Fitness: 0.272222
-------------
Particle: 15:
Relays Coordinates:
265.466, 191.738
106.291, 303.972
61.5164, 130.09
202.038, 172.579
74.5174, 199.216
274.929, 184.051
Evaluation Time: 1.61313 seconds
Resulting Fitness: 0.244444
-------------
Particle: 16:
Relays Coordinates:
223.704, 175.71
57.6079, 214.85
25.3007, 83.9844
190.724, 117.024
47.1747, 100.885
299.909, 223.081
Evaluation Time: 1.37026 seconds
Resulting Fitness: 0.155556
-------------
Particle: 17:
Relays Coordinates:
310.639, 199.151
120.789, 125.297
45.6451, 253.271
232.473, 148.448
44.1551, 112.697
328.05, 304.576
Evaluation Time: 1.53125 seconds
Resulting Fitness: 0.208333
-------------
Particle: 18:
Relays Coordinates:
258.409, 191.668
62.9249, 272.003
66.4884, 123.906
176.271, 109.432
46.0128, 119.918
359.649, 240.249
Evaluation Time: 1.77628 seconds
Resulting Fitness: 0.402778
-------------
Particle: 19:
Relays Coordinates:
205.88, 128.274
75.9864, 236.673
41.7962, 33.6485
182.538, 74.6517
40.8509, 115.739
328.05, 193.992
Evaluation Time: 1.48829 seconds
Resulting Fitness: 0.255556
-------------
Particle: 20:
Relays Coordinates:
295.245, 80.7904
69.5765, 174.266
149.871, 103.905
151.961, 77.6282
24.2565, 34.6753
167.658, 228.114
Evaluation Time: 1.45481 seconds
Resulting Fitness: 0.155556
Current global best fitness: 0.444444
Current global best relays: 276.874, 191.366
64.9228, 280.104
46.4087, 128.864
185.305, 113.242
53.1854, 124.601
386.885, 249.306
Particle 1 new velocities: 135.099, 118.276
28.1378, 172.586
29.0197, 57.958
143.03, 85.0986
33.8758, 73.661
237.871, 138.486
Particle 2 new velocities: 274.727, 113.306
36.2287, 174.901
8.73556, 69.9667
119.894, 56.2032
39.5542, 76.4307
223.949, 172.102
Particle 3 new velocities: 138.285, 20.6546
9.62075, 116.894
3.46599, -2.42358
87.7509, 218.646
15.1085, 2.30019
110.16, 34.0706
Particle 4 new velocities: 261.178, 47.3021
51.5722, 110.954
65.2294, 125.255
24.3336, 70.2148
-106.649, -54.5662
225.801, 120.336
Particle 5 new velocities: -61.3425, -29.7068
34.3702, -19.1482
-15.7385, -37.3546
-4.87302, -21.4924
-3.39883, -14.6897
-107.126, -0.83754
Particle 6 new velocities: 266.034, 184.718
22.2845, 273.698
264.326, 254.112
148.426, 52.3025
23.9139, 1.40165
388.599, 248.551
Particle 7 new velocities: -5.91535, 141.082
22.9374, -5.84065
130.454, 84.5697
76.0867, 62.6518
16.912, 246.64
333.908, 190.75
Particle 8 new velocities: 40.2365, 25.848
1.15814, 42.4477
-29.9984, 11.6832
10.2602, 8.04712
4.01066, 0.663514
65.0404, -5.70744
Particle 9 new velocities: 98.5003, 76.3632
28.7008, 191.139
2.38971, 116.948
116.919, 60.8319
56.9755, 57.4673
173.136, 123.562
Particle 10 new velocities: 205.523, 79.8876
98.7237, 235.255
35.4412, 112.261
130.319, 116.987
46.7773, 95.6836
234.315, 162.042
Particle 11 new velocities: 120.444, 104.866
1.52619, 153.853
28.5088, 46.4508
91.4904, -28.5026
16.8023, 34.356
66.5707, 145.044
Particle 12 new velocities: 90.8562, 82.5683
-7.37848, 132.563
18.096, 168.13
80.7853, 46.6233
26.5513, 61.3211
257.136, 68.4366
Particle 13 new velocities: 49.1695, 47.295
36.8637, 159.005
17.8409, 72.8628
63.1265, 35.3455
19.6669, 40.6594
35.3446, 97.0015
Particle 14 new velocities: 21.7455, 12.9743
10.023, 5.58734
-6.76751, 54.41
38.2963, 22.7707
7.20484, 22.7139
84.6594, 70.4737
Particle 15 new velocities: 9.28591, 18.0318
-8.11877, 132.846
34.9718, 50.8976
85.8852, 78.0704
39.6036, 90.3371
244.254, 27.7455
Particle 16 new velocities: 160.92, 102.268
-17.5658, 82.1809
0.857077, 252.692
55.7301, 125.206
20.567, 31.4718
167.882, 83.2284
Particle 17 new velocities: 191.097, 97.5669
92.1204, 356.187
-18.0801, 25.5593
310.789, 115.346
36.3979, 96.0705
-73.396, 201.404
Particle 18 new velocities: 53.1516, 18.7557
18.6748, 64.7655
-17.9723, 28.94
46.2162, 21.0599
12.4699, 27.2203
99.3993, 58.5326
Particle 19 new velocities: 212.49, 112.428
83.5603, 183.029
21.4235, 183.039
121.723, 70.089
52.3397, 70.5781
115.132, 206.102
Particle 20 new velocities: 3.48577, 163.662
75.5582, 229.221
114.865, 150.586
159.41, 86.1167
38.2758, 141.633
134.869, -82.7838
-- ITERATION 19 --
-------------
Particle: 1:
Relays Coordinates:
229.576, 179.839
60.8008, 264.902
43.6655, 114.08
198.042, 101.508
52.7237, 126.125
295.245, 211.497
Evaluation Time: 1.56389 seconds
Resulting Fitness: 0.288889
-------------
Particle: 2:
Relays Coordinates:
274.983, 138.468
51.647, 252.178
26.3762, 106.492
145.975, 75.1763
44.9468, 96.1329
292.02, 198.542
Evaluation Time: 1.48297 seconds
Resulting Fitness: 0.25
-------------
Particle: 3:
Relays Coordinates:
240.12, 146.29
55.0259, 254.575
29.6355, 92.358
168.88, 164.278
42.8326, 97.2908
295.572, 183.659
Evaluation Time: 1.50684 seconds
Resulting Fitness: 0.252778
-------------
Particle: 4:
Relays Coordinates:
322.611, 313.023
112.922, 263.896
191.164, 252.196
122.796, 114.672
12.0235, 33.939
473.099, 340.019
Evaluation Time: 1.64633 seconds
Resulting Fitness: 0.180556
-------------
Particle: 5:
Relays Coordinates:
227.808, 178.169
86.8968, 264.651
23.9589, 127.456
186.465, 104.047
59.2716, 111.183
308.505, 264.53
Evaluation Time: 1.60905 seconds
Resulting Fitness: 0.325
New local best!
-------------
Particle: 6:
Relays Coordinates:
179.424, 98.6885
14.495, 157.545
166.899, 182.685
141.301, 40.3924
45.4408, 12.666
193.71, 178.945
Evaluation Time: 1.25403 seconds
Resulting Fitness: 0.108333
-------------
Particle: 7:
Relays Coordinates:
170.846, 192.71
56.5676, 170.89
204.796, 202.812
95.0278, 110.992
104.27, 293.386
295.245, 192.559
Evaluation Time: 1.6326 seconds
Resulting Fitness: 0.283333
-------------
Particle: 8:
Relays Coordinates:
202.108, 166.047
58.601, 263.387
15.4681, 117.94
140.704, 84.3203
55.1788, 90.0279
260.441, 176.577
Evaluation Time: 1.4711 seconds
Resulting Fitness: 0.216667
-------------
Particle: 9:
Relays Coordinates:
261.358, 215.884
84.9112, 359.931
33.4905, 251.726
227.378, 93.8934
80.1084, 128.791
385.116, 270.816
Evaluation Time: 1.75754 seconds
Resulting Fitness: 0.35
-------------
Particle: 10:
Relays Coordinates:
283.077, 118.112
80.3767, 279.742
46.1477, 94.9119
180.193, 91.9893
50.4473, 128.429
295.245, 246.518
Evaluation Time: 1.75752 seconds
Resulting Fitness: 0.366667
-------------
Particle: 11:
Relays Coordinates:
249.254, 188.544
104.683, 270.666
70.5105, 105.976
210.231, 161.347
53.3811, 198.168
258.911, 260.116
Evaluation Time: 1.43813 seconds
Resulting Fitness: 0.177778
-------------
Particle: 12:
Relays Coordinates:
293.286, 199.973
47.8614, 320.652
46.847, 222.892
194.171, 123.432
67.0781, 138.595
405, 240.163
Evaluation Time: 1.71593 seconds
Resulting Fitness: 0.336111
New local best!
-------------
Particle: 13:
Relays Coordinates:
239.748, 181.063
76.1834, 279.119
50.5259, 149.448
187.821, 105.914
55.6202, 130.916
264.915, 250.85
Evaluation Time: 1.64587 seconds
Resulting Fitness: 0.366667
-------------
Particle: 14:
Relays Coordinates:
286.089, 199.308
72.8546, 313.735
45.3384, 220.925
212.377, 124.244
62.422, 138.832
365.507, 294.648
Evaluation Time: 1.68818 seconds
Resulting Fitness: 0.305556
-------------
Particle: 15:
Relays Coordinates:
180.265, 137.63
64.4105, 286.596
63.3059, 118.746
188.907, 164.451
74.8748, 189.976
328.05, 138.96
Evaluation Time: 1.6066 seconds
Resulting Fitness: 0.275
-------------
Particle: 16:
Relays Coordinates:
280.391, 202.646
29.1907, 216.535
19.069, 245.437
179.665, 176.585
49.3837, 96.4882
341.02, 223.299
Evaluation Time: 1.49705 seconds
Resulting Fitness: 0.238889
-------------
Particle: 17:
Relays Coordinates:
239.148, 141.919
101.834, 230.292
13.1843, 133.364
239.148, 126.172
38.5283, 99.8529
121.8, 239.148
Evaluation Time: 1.51068 seconds
Resulting Fitness: 0.233333
-------------
Particle: 18:
Relays Coordinates:
252.364, 170.443
66.0958, 272.782
39.2981, 123.805
180.215, 105.699
47.371, 119.182
371.829, 242.013
Evaluation Time: 1.68315 seconds
Resulting Fitness: 0.397222
-------------
Particle: 19:
Relays Coordinates:
274.492, 157.925
104.679, 275.367
41.4785, 142.169
199.625, 94.9644
61.1423, 122.242
290.772, 262.502
Evaluation Time: 1.60241 seconds
Resulting Fitness: 0.322222
-------------
Particle: 20:
Relays Coordinates:
195.997, 160.385
95.2229, 264.728
173.694, 166.972
204.291, 107.433
41.0274, 115.676
198.488, 95.3509
Evaluation Time: 1.44463 seconds
Resulting Fitness: 0.261111
Current global best fitness: 0.444444
Current global best relays: 276.874, 191.366
64.9228, 280.104
46.4087, 128.864
185.305, 113.242
53.1854, 124.601
386.885, 249.306
Particle 1 new velocities: 154.224, 112.177
36.441, 145.166
25.8905, 63.6182
100.854, 60.585
31.3965, 72.0438
113.39, 133.531
Particle 2 new velocities: 233.835, 106.225
43.7573, 203.637
30.5905, 160.183
169.061, 117.814
54.1023, 106.932
188.565, 201.842
Particle 3 new velocities: 222.024, 67.5001
52.7474, 142.747
16.1085, 135.93
79.3687, 113.23
27.9427, 39.5409
59.4216, 98.4687
Particle 4 new velocities: 53.0027, -31.1799
10.7267, -97.2603
-5.30734, -21.2444
-7.85213, 35.0284
73.5068, 243.987
-66.556, 4.55173
Particle 5 new velocities: 10.4339, -15.0302
6.76781, -14.2524
-6.96099, -29.4015
-4.23264, -10.8284
-8.56239, -5.50021
5.4103, -6.52629
Particle 6 new velocities: 241.813, 152.709
37.2398, 371.699
305.26, 199.291
171.422, 119.318
146.716, 74.0626
-8.14186, 331.212
Particle 7 new velocities: 229.951, 105.392
29.0485, 245.256
-59.9039, 86.4172
155.309, 70.9293
18.6951, 28.5854
0.180479, 205.503
Particle 8 new velocities: 140.687, 40.29
27.2266, 32.3154
0.763937, 106.057
93.2437, 32.6232
9.57141, 41.9401
65.9845, 249.027
Particle 9 new velocities: 119.206, 32.5669
0.365734, 82.2275
7.53021, -30.0101
19.6617, 77.5365
35.2408, 41.9769
164.752, 36.239
Particle 10 new velocities: 152.358, 77.4309
76.4758, 196.601
29.941, 148.734
116.809, 110.274
40.9638, 80.4505
98.4569, 130.005
Particle 11 new velocities: 100.416, 80.123
42.6159, 106.675
8.53311, 72.9881
110.737, 75.4164
49.3552, -7.24733
198.446, 121.784
Particle 12 new velocities: 61.6709, 63.8476
8.74724, 80.9062
14.0614, 117.314
55.2527, 24.7796
15.4193, 42.6644
-6.09562, 57.4117
Particle 13 new velocities: 63.0421, 33.2061
22.5357, 95.332
2.56742, 45.6842
46.3632, 37.645
14.0974, 17.1852
320.582, 16.1371
Particle 14 new velocities: 5.72351, -9.40242
35.391, 14.4228
-9.74896, 17.6647
-10.8691, -11.5699
3.67032, -0.340067
77.0801, -3.49747
Particle 15 new velocities: 89.2285, 46.699
55.6169, 26.8328
10.7092, 63.959
66.2159, 79.4021
51.7313, 67.6653
54.6023, 109.212
Particle 16 new velocities: 156.256, 94.8416
99.5088, 177.334
10.9061, 149.918
93.4105, 66.9224
36.491, 64.7928
169.064, 119.232
Particle 17 new velocities: 47.0532, 157.6
112.328, 335.899
24.4817, 74.9256
152.941, 94.0137
44.1996, 115.815
100.883, 13.2961
Particle 18 new velocities: 73.5751, 43.6016
13.3131, 61.7293
-10.8888, 35.9261
42.2536, 35.8264
23.1211, 33.4384
114.194, 59.8604
Particle 19 new velocities: 179.975, 114.529
15.8332, 164.384
4.11691, 188.797
85.3101, 87.2902
51.0549, 31.366
164.405, 157.54
Particle 20 new velocities: 179.57, 111.575
38.8144, 25.6595
251.962, 91.4792
107.439, 60.6522
80.0362, 55.3957
177.071, 8.19372
-- ITERATION 20 --
-------------
Particle: 1:
Relays Coordinates:
251.812, 191.592
63.8003, 269.046
45.6357, 116.588
196.105, 106.349
55.1913, 130.019
268.105, 226.373
Evaluation Time: 1.59661 seconds
Resulting Fitness: 0.325
-------------
Particle: 2:
Relays Coordinates:
328.05, 160.543
62.5948, 299.06
37.3759, 174.966
206.695, 126.621
64.9861, 133.231
315.312, 262.692
Evaluation Time: 1.71735 seconds
Resulting Fitness: 0.325
-------------
Particle: 3:
Relays Coordinates:
374.337, 173.17
87.2964, 321.831
37.0526, 184.913
201.081, 224.782
57.3279, 110.834
287.545, 228.524
Evaluation Time: 1.81649 seconds
Resulting Fitness: 0.286111
-------------
Particle: 4:
Relays Coordinates:
273.822, 205.463
90.1398, 121.478
135.489, 168.364
83.7937, 109.132
62.3515, 202.608
296.37, 251.192
Evaluation Time: 1.52095 seconds
Resulting Fitness: 0.202778
-------------
Particle: 5:
Relays Coordinates:
238.242, 163.139
93.6646, 250.399
16.9979, 98.0542
182.232, 93.2183
50.7092, 105.682
313.916, 258.004
Evaluation Time: 1.50612 seconds
Resulting Fitness: 0.269444
-------------
Particle: 6:
Relays Coordinates:
201.476, 120.243
24.7446, 239.148
225.832, 182.698
149.575, 76.3892
91.9081, 41.482
88.7568, 239.148
Evaluation Time: 1.43145 seconds
Resulting Fitness: 0.133333
-------------
Particle: 7:
Relays Coordinates:
191.7, 142.581
40.9499, 199.041
69.3016, 138.337
119.735, 87.0126
58.8139, 153.998
141.301, 190.392
Evaluation Time: 1.3228 seconds
Resulting Fitness: 0.130556
-------------
Particle: 8:
Relays Coordinates:
224.908, 135.378
56.3115, 194.01
10.6498, 146.965
153.493, 76.7266
42.4826, 86.5842
214.168, 279.239
Evaluation Time: 1.37847 seconds
Resulting Fitness: 0.166667
-------------
Particle: 9:
Relays Coordinates:
249.688, 163.008
55.9502, 290.1
26.9137, 145.468
162.083, 112.475
75.6806, 112.041
328.05, 201.459
Evaluation Time: 1.61926 seconds
Resulting Fitness: 0.344444
-------------
Particle: 10:
Relays Coordinates:
257.12, 115.466
92.6199, 281.276
44.9296, 143.871
175.376, 119.434
53.9773, 123.341
232.477, 222.333
Evaluation Time: 1.60421 seconds
Resulting Fitness: 0.280556
-------------
Particle: 11:
Relays Coordinates:
229.419, 176.272
96.643, 247.573
51.8605, 117.418
210.588, 155.34
67.4053, 125.263
300.072, 250.565
Evaluation Time: 1.4862 seconds
Resulting Fitness: 0.219444
-------------
Particle: 12:
Relays Coordinates:
258.763, 192.325
41.2677, 292.736
44.4023, 248.01
181.83, 108.047
60.1406, 132.138
290.801, 216.932
Evaluation Time: 1.51293 seconds
Resulting Fitness: 0.275
-------------
Particle: 13:
Relays Coordinates:
220.734, 156.202
71.9663, 272.975
38.7051, 142.251
170.72, 104.655
50.8242, 107.966
364.5, 194.633
Evaluation Time: 1.67032 seconds
Resulting Fitness: 0.330556
-------------
Particle: 14:
Relays Coordinates:
236.368, 153.824
87.6789, 265.807
28.8275, 193.257
163.221, 91.2663
53.5348, 112.178
358.496, 235.832
Evaluation Time: 1.7006 seconds
Resulting Fitness: 0.336111
-------------
Particle: 15:
Relays Coordinates:
196.461, 134.376
87.5, 228.49
53.957, 133.192
185.984, 177.769
92.2959, 187.82
278.954, 180.917
Evaluation Time: 1.48517 seconds
Resulting Fitness: 0.208333
-------------
Particle: 16:
Relays Coordinates:
318.315, 216.868
93.8219, 287.13
21.8518, 288.214
199.072, 177.517
62.6026, 117.574
364.5, 249.706
Evaluation Time: 1.6915 seconds
Resulting Fitness: 0.336111
New local best!
-------------
Particle: 17:
Relays Coordinates:
187.777, 196.514
140.511, 328.05
24.7127, 136.659
257.25, 144.464
54.2777, 141.499
146.102, 165.629
Evaluation Time: 1.63795 seconds
Resulting Fitness: 0.241667
-------------
Particle: 18:
Relays Coordinates:
264.011, 173.376
64.3211, 270.954
23.0115, 129.382
180.199, 114.635
57.0986, 123.622
393.679, 244.518
Evaluation Time: 1.84662 seconds
Resulting Fitness: 0.405556
-------------
Particle: 19:
Relays Coordinates:
331.307, 198.619
87.8531, 320.579
33.239, 241.274
207.718, 132.864
81.7918, 111.98
331.824, 306.21
Evaluation Time: 1.65595 seconds
Resulting Fitness: 0.311111
-------------
Particle: 20:
Relays Coordinates:
273.788, 198.259
97.7132, 211.692
310.303, 188.411
227.251, 122.534
88.2554, 124.711
273.783, 75.484
Evaluation Time: 1.50959 seconds
Resulting Fitness: 0.213889
Final Evaluation Time: 645.069 seconds
Final global best fitness: 0.444444
Final global best relays:
276.874, 191.366
64.9228, 280.104
46.4087, 128.864
185.305, 113.242
53.1854, 124.601
386.885, 249.306
