PSO EXECUTION
============================
Seed: 60466
Particles: 20
Relays: 3
Iterations: 20
Backend: Simulation
Network Configuration: 6
Area: 500 x 500
Sink: 0, 0
Simulated Relay range: 120
w: 0.8
c1: 1.7
c2: 1.3

Relay Nodes Positions: 
PARTICLE 1: 
83.2881, 61.3054
167.203, 56.2918
165.373, 99.3935
PARTICLE 2: 
181.831, 91.8785
175.395, 23.8596
85.4404, 8.73189
PARTICLE 3: 
109.768, 39.4352
195.795, 101.531
16.3956, 56.3799
PARTICLE 4: 
134.133, 31.3555
39.7784, 75.6452
220.929, 53.4338
PARTICLE 5: 
3.91145, 134.62
23.1925, 139.708
10.5169, 44.4243
PARTICLE 6: 
108.356, 15.8809
111.412, 89.6593
129.923, 48.1783
PARTICLE 7: 
53.9396, 144.908
38.0448, 145.424
19.5114, 87.8928
PARTICLE 8: 
98.4369, 2.12227
130.76, 59.8446
13.7726, 102.789
PARTICLE 9: 
151.955, 30.5922
79.1664, 64.4526
232.66, 41.0219
PARTICLE 10: 
81.3371, 19.2453
152.509, 10.5736
183.122, 17.1322
PARTICLE 11: 
190.998, 24.7919
33.7309, 137.009
100.932, 53.3183
PARTICLE 12: 
120.336, 21.1777
13.3942, 115.676
86.6616, 70.091
PARTICLE 13: 
61.5392, 71.3538
22.411, 174.433
159.513, 98.4742
PARTICLE 14: 
21.611, 16.0307
41.1851, 57.9972
76.9927, 108.414
PARTICLE 15: 
18.6738, 52.7497
105.443, 217.717
98.3077, 126.578
PARTICLE 16: 
202.497, 83.834
108.787, 107.389
72.7588, 15.1068
PARTICLE 17: 
130.279, 76.2329
80.1908, 72.9781
194.693, 87.1388
PARTICLE 18: 
52.3721, 79.2398
89.562, 120.579
194.903, 89.9507
PARTICLE 19: 
151.745, 39.5877
75.0692, 118.532
102.458, 43.4114
PARTICLE 20: 
77.934, 59.284
162.485, 78.7486
182.632, 176.967
Nodes Positions: 
374.958, 121.316
169.861, 151.834
447.01, 106.719
410.154, 459.155
432.013, 409.717
107.249, 337.841
69.2731, 176.343
204.331, 497.887
308.519, 381.771
185.208, 169.918
275.29, 236.212
417.541, 397.022
146.337, 215.42
211.455, 330.931
237.372, 206.021
119.39, 23.6194
25.5562, 310.195
354.081, 293.04
319.272, 441.705
88.0478, 342.697
2.75475, 196.712
334.14, 467.279
393.981, 84.2529
484.251, 25.441
346.13, 15.2546
306.142, 423.634
297.715, 220.242
23.3371, 247.774
287.141, 141.059
46.5149, 76.5776
366.436, 255.198
463.609, 324.979
331.547, 36.8282
260.56, 230.979
403.374, 74.9644
77.3548, 190.588
226.764, 490.919
469.801, 389.725
95.4315, 362.13
477.01, 94.3954
62.2139, 480.314
438.716, 7.72028
223.575, 278.582
384.204, 438.808
163.54, 48.8027
383.03, 456.228
497.484, 163.339
455.645, 131.766
181.458, 307.221
57.9362, 259.301
254.357, 354.649
39.642, 270.42
10.5347, 145.122
112.586, 51.08
268.896, 429.989
129.832, 403.164
196.766, 64.0186
150.834, 374.383
249.714, 288.938
135.861, 109.952
All particles start with velocity zero
-- ITERATION 0 --
-------------
Particle: 1:
Relays Coordinates:
83.2881, 61.3054
167.203, 56.2918
165.373, 99.3935
Evaluation Time: 1.08452 seconds
Resulting Fitness: 0.125
New local best!
New global best!
-------------
Particle: 2:
Relays Coordinates:
181.831, 91.8785
175.395, 23.8596
85.4404, 8.73189
Evaluation Time: 1.07826 seconds
Resulting Fitness: 0.111111
New local best!
-------------
Particle: 3:
Relays Coordinates:
109.768, 39.4352
195.795, 101.531
16.3956, 56.3799
Evaluation Time: 1.11173 seconds
Resulting Fitness: 0.113889
New local best!
-------------
Particle: 4:
Relays Coordinates:
134.133, 31.3555
39.7784, 75.6452
220.929, 53.4338
Evaluation Time: 1.06569 seconds
Resulting Fitness: 0.0805556
New local best!
-------------
Particle: 5:
Relays Coordinates:
3.91145, 134.62
23.1925, 139.708
10.5169, 44.4243
Evaluation Time: 1.02658 seconds
Resulting Fitness: 0.0444444
New local best!
-------------
Particle: 6:
Relays Coordinates:
108.356, 15.8809
111.412, 89.6593
129.923, 48.1783
Evaluation Time: 1.02206 seconds
Resulting Fitness: 0.0805556
New local best!
-------------
Particle: 7:
Relays Coordinates:
53.9396, 144.908
38.0448, 145.424
19.5114, 87.8928
Evaluation Time: 1.07317 seconds
Resulting Fitness: 0.0833333
New local best!
-------------
Particle: 8:
Relays Coordinates:
98.4369, 2.12227
130.76, 59.8446
13.7726, 102.789
Evaluation Time: 1.03444 seconds
Resulting Fitness: 0.113889
New local best!
-------------
Particle: 9:
Relays Coordinates:
151.955, 30.5922
79.1664, 64.4526
232.66, 41.0219
Evaluation Time: 1.09112 seconds
Resulting Fitness: 0.0944444
New local best!
-------------
Particle: 10:
Relays Coordinates:
81.3371, 19.2453
152.509, 10.5736
183.122, 17.1322
Evaluation Time: 1.01948 seconds
Resulting Fitness: 0.0777778
New local best!
-------------
Particle: 11:
Relays Coordinates:
190.998, 24.7919
33.7309, 137.009
100.932, 53.3183
Evaluation Time: 1.0947 seconds
Resulting Fitness: 0.147222
New local best!
New global best!
-------------
Particle: 12:
Relays Coordinates:
120.336, 21.1777
13.3942, 115.676
86.6616, 70.091
Evaluation Time: 1.06155 seconds
Resulting Fitness: 0.147222
New local best!
-------------
Particle: 13:
Relays Coordinates:
61.5392, 71.3538
22.411, 174.433
159.513, 98.4742
Evaluation Time: 1.22801 seconds
Resulting Fitness: 0.180556
New local best!
New global best!
-------------
Particle: 14:
Relays Coordinates:
21.611, 16.0307
41.1851, 57.9972
76.9927, 108.414
Evaluation Time: 1.06362 seconds
Resulting Fitness: 0.0916667
New local best!
-------------
Particle: 15:
Relays Coordinates:
18.6738, 52.7497
105.443, 217.717
98.3077, 126.578
Evaluation Time: 1.18667 seconds
Resulting Fitness: 0.152778
New local best!
-------------
Particle: 16:
Relays Coordinates:
202.497, 83.834
108.787, 107.389
72.7588, 15.1068
Evaluation Time: 1.12273 seconds
Resulting Fitness: 0.0972222
New local best!
-------------
Particle: 17:
Relays Coordinates:
130.279, 76.2329
80.1908, 72.9781
194.693, 87.1388
Evaluation Time: 1.04502 seconds
Resulting Fitness: 0.127778
New local best!
-------------
Particle: 18:
Relays Coordinates:
52.3721, 79.2398
89.562, 120.579
194.903, 89.9507
Evaluation Time: 1.10599 seconds
Resulting Fitness: 0.119444
New local best!
-------------
Particle: 19:
Relays Coordinates:
151.745, 39.5877
75.0692, 118.532
102.458, 43.4114
Evaluation Time: 1.11128 seconds
Resulting Fitness: 0.125
New local best!
-------------
Particle: 20:
Relays Coordinates:
77.934, 59.284
162.485, 78.7486
182.632, 176.967
Evaluation Time: 1.17342 seconds
Resulting Fitness: 0.141667
New local best!
Current global best fitness: 0.180556
Current global best relays: 61.5392, 71.3538
22.411, 174.433
159.513, 98.4742
Particle 1 new velocities: -25.0038, 12.5623
-14.1702, 67.13
-6.11193, -1.17154
Particle 2 new velocities: -142.793, -1.05242
-95.2025, 52.7564
34.91, 23.9356
Particle 3 new velocities: -39.0264, 34.6848
-212.344, 57.5706
109.402, 21.7259
Particle 4 new velocities: -27.704, 27.5235
-15.8406, 74.4205
-38.8039, 25.7806
Particle 5 new velocities: 38.4549, -10.5683
-0.580584, 17.5187
45.5788, 43.7313
Particle 6 new velocities: -57.6924, 15.5367
-5.46396, 0.623246
32.446, 51.2672
Particle 7 new velocities: 0.520813, -16.6392
-8.81088, 25.3118
94.5548, 2.59942
Particle 8 new velocities: -7.51623, 52.2597
-138.28, 124.178
111.104, -3.47798
Particle 9 new velocities: -42.2277, 2.37512
-23.008, 107.87
-90.6183, 14.8101
Particle 10 new velocities: -6.93447, 20.3034
-55.6901, 133.895
-16.071, 50.042
Particle 11 new velocities: -129.099, 25.6786
-6.01557, 31.647
17.6906, 55.6637
Particle 12 new velocities: -26.8977, 51.3396
6.2288, 31.2843
34.6873, 28.5769
Particle 13 new velocities: 0, 0
0, 0
0, 0
Particle 14 new velocities: 5.39549, 61.5668
-14.3338, 76.033
32.1697, -10.2297
Particle 15 new velocities: 49.1644, 17.1693
-77.5165, -39.4563
47.1808, -21.6619
Particle 16 new velocities: -79.3055, -10.4051
-21.9468, 60.2615
92.8126, 15.8948
Particle 17 new velocities: -89.2719, -3.70957
-34.7757, 25.531
-18.3425, 11.6639
Particle 18 new velocities: 4.22142, -7.28265
-18.0097, 21.1956
-21.9343, 1.98264
Particle 19 new velocities: -1.80362, 26.4826
-2.6056, 0.201794
67.8304, 60.7003
Particle 20 new velocities: -6.62173, 14.0107
-162.315, 92.5892
-4.20199, -88.19
-- ITERATION 1 --
-------------
Particle: 1:
Relays Coordinates:
58.2843, 73.8677
153.032, 123.422
159.261, 98.222
Evaluation Time: 1.10972 seconds
Resulting Fitness: 0.141667
New local best!
-------------
Particle: 2:
Relays Coordinates:
39.0378, 90.8261
80.193, 76.6159
120.35, 32.6675
Evaluation Time: 1.02318 seconds
Resulting Fitness: 0.0972222
-------------
Particle: 3:
Relays Coordinates:
70.7416, 74.1201
0, 159.102
125.797, 78.1058
Evaluation Time: 1.15839 seconds
Resulting Fitness: 0.125
New local best!
-------------
Particle: 4:
Relays Coordinates:
95.7866, 52.9911
21.5441, 135.059
163.913, 71.2929
Evaluation Time: 1.10597 seconds
Resulting Fitness: 0.172222
New local best!
-------------
Particle: 5:
Relays Coordinates:
42.3664, 124.051
22.6119, 157.227
56.0958, 88.1556
Evaluation Time: 1.10662 seconds
Resulting Fitness: 0.127778
New local best!
-------------
Particle: 6:
Relays Coordinates:
50.6633, 31.4175
105.948, 90.2825
162.369, 99.4455
Evaluation Time: 1.11227 seconds
Resulting Fitness: 0.113889
New local best!
-------------
Particle: 7:
Relays Coordinates:
44.113, 103.897
23.6795, 138.296
92.3936, 73.2987
Evaluation Time: 1.12496 seconds
Resulting Fitness: 0.113889
New local best!
-------------
Particle: 8:
Relays Coordinates:
66.2812, 39.6445
0, 134.152
91.0351, 72.3976
Evaluation Time: 1.07118 seconds
Resulting Fitness: 0.0583333
-------------
Particle: 9:
Relays Coordinates:
88.8793, 26.7035
45.4883, 139.581
115.054, 45.2238
Evaluation Time: 1.12489 seconds
Resulting Fitness: 0.141667
New local best!
-------------
Particle: 10:
Relays Coordinates:
74.4026, 39.5487
96.8194, 144.468
167.051, 67.1742
Evaluation Time: 1.14258 seconds
Resulting Fitness: 0.155556
New local best!
-------------
Particle: 11:
Relays Coordinates:
61.8995, 50.4705
27.7153, 168.656
118.623, 108.982
Evaluation Time: 1.13769 seconds
Resulting Fitness: 0.147222
-------------
Particle: 12:
Relays Coordinates:
93.4384, 72.5173
19.623, 146.96
121.349, 98.6679
Evaluation Time: 1.10075 seconds
Resulting Fitness: 0.141667
-------------
Particle: 13:
Relays Coordinates:
61.5392, 71.3538
22.411, 174.433
159.513, 98.4742
Evaluation Time: 1.15377 seconds
Resulting Fitness: 0.180556
-------------
Particle: 14:
Relays Coordinates:
27.0065, 77.5975
26.8512, 134.03
109.162, 98.1846
Evaluation Time: 1.08913 seconds
Resulting Fitness: 0.147222
New local best!
-------------
Particle: 15:
Relays Coordinates:
67.8382, 69.919
27.9268, 178.261
145.489, 104.917
Evaluation Time: 1.10915 seconds
Resulting Fitness: 0.163889
New local best!
-------------
Particle: 16:
Relays Coordinates:
99.785, 59.4774
70.3407, 135.797
134.113, 25.1113
Evaluation Time: 1.06797 seconds
Resulting Fitness: 0.130556
New local best!
-------------
Particle: 17:
Relays Coordinates:
36.906, 65.271
40.8736, 88.6582
158.715, 88.9224
Evaluation Time: 1.12389 seconds
Resulting Fitness: 0.122222
-------------
Particle: 18:
Relays Coordinates:
56.5935, 71.9572
71.5523, 141.774
172.968, 91.9333
Evaluation Time: 1.12922 seconds
Resulting Fitness: 0.147222
New local best!
-------------
Particle: 19:
Relays Coordinates:
121.452, 53.5169
58.6955, 96.1742
137.933, 84.3304
Evaluation Time: 1.04657 seconds
Resulting Fitness: 0.127778
New local best!
-------------
Particle: 20:
Relays Coordinates:
64.1811, 65.9653
0.152737, 154.204
160.587, 79.8994
Evaluation Time: 1.09658 seconds
Resulting Fitness: 0.141667
Current global best fitness: 0.180556
Current global best relays: 61.5392, 71.3538
22.411, 174.433
159.513, 98.4742
Particle 1 new velocities: -19.7424, 9.04751
-43.6929, 71.1123
-4.8685, -0.6217
Particle 2 new velocities: 4.40515, -13.5304
-5.34106, 104.094
23.5748, 58.0739
Particle 3 new velocities: -31.3756, 27.6174
5.2685, 63.2576
105.877, 35.9667
Particle 4 new velocities: -64.6102, 22.7172
-12.6488, 63.9853
-31.5051, 55.4781
Particle 5 new velocities: 47.7611, -10.3483
-0.610576, 34.5265
114.416, 46.3442
Particle 6 new velocities: -45.2777, 20.1709
-27.4272, 18.2984
23.3121, 40.574
Particle 7 new velocities: 16.9675, -24.6909
-8.59842, 26.0537
114.865, 28.1172
Particle 8 new velocities: 5.03479, 5.51125
168.261, 24.6322
68.3854, 40.7456
Particle 9 new velocities: -51.5012, 19.1791
-47.0328, 108.423
-47.427, 62.7075
Particle 10 new velocities: -18.8213, 30.0667
-123.191, 137.187
-21.4578, 41.5439
Particle 11 new velocities: 99.1981, 14.7725
-1.67763, -4.37053
15.7266, 33.3737
Particle 12 new velocities: -11.7165, -37.3071
2.11907, 6.64477
1.38611, -3.0039
Particle 13 new velocities: 0, 0
0, 0
0, 0
Particle 14 new velocities: 28.151, 42.3562
-15.9558, 110.751
33.6253, -7.87304
Particle 15 new velocities: 34.7165, 14.6625
-68.3436, -35.1257
40.8657, -18.8376
Particle 16 new velocities: -77.6256, 2.91738
-55.1077, 97.286
81.3871, 48.2559
Particle 17 new velocities: 72.8527, 19.062
17.8325, 103.503
10.3342, 19.9558
Particle 18 new velocities: 7.28456, -6.09418
-26.1778, 53.7089
-18.1061, 2.98477
Particle 19 new velocities: -20.2528, 34.6734
-46.4422, 12.8176
74.6978, 51.0569
Particle 20 new velocities: -1.39027, 4.99636
146.132, -1.35736
2.88612, 27.6052
-- ITERATION 2 --
-------------
Particle: 1:
Relays Coordinates:
38.5419, 82.9152
109.339, 194.534
154.393, 97.6003
Evaluation Time: 1.1811 seconds
Resulting Fitness: 0.141667
-------------
Particle: 2:
Relays Coordinates:
43.443, 77.2957
74.8519, 180.71
143.925, 90.7414
Evaluation Time: 1.13609 seconds
Resulting Fitness: 0.191667
New local best!
New global best!
-------------
Particle: 3:
Relays Coordinates:
23.2453, 60.075
3.111, 131.301
136.801, 67.3587
Evaluation Time: 1.07139 seconds
Resulting Fitness: 0.125
-------------
Particle: 4:
Relays Coordinates:
28.0587, 68.1375
8.00576, 179.14
119.167, 114.094
Evaluation Time: 1.10965 seconds
Resulting Fitness: 0.172222
-------------
Particle: 5:
Relays Coordinates:
73.0033, 92.0994
17.8211, 155.32
138.115, 108.945
Evaluation Time: 1.11959 seconds
Resulting Fitness: 0.166667
New local best!
-------------
Particle: 6:
Relays Coordinates:
5.38555, 51.5884
78.5208, 108.581
185.681, 140.02
Evaluation Time: 1.16936 seconds
Resulting Fitness: 0.147222
New local best!
-------------
Particle: 7:
Relays Coordinates:
49.4752, 64.1573
12.2157, 133.123
167.879, 82.1469
Evaluation Time: 1.11872 seconds
Resulting Fitness: 0.133333
New local best!
-------------
Particle: 8:
Relays Coordinates:
71.316, 45.1557
168.261, 158.784
159.421, 113.143
Evaluation Time: 1.13015 seconds
Resulting Fitness: 0.144444
New local best!
-------------
Particle: 9:
Relays Coordinates:
27.2487, 33.4484
0, 180.795
49.2999, 78.682
Evaluation Time: 1.05786 seconds
Resulting Fitness: 0.1
-------------
Particle: 10:
Relays Coordinates:
29.5382, 36.9965
0, 149.683
77.3742, 57.7772
Evaluation Time: 1.0597 seconds
Resulting Fitness: 0.116667
-------------
Particle: 11:
Relays Coordinates:
105.696, 42.8059
17.0833, 107.788
88.1465, 93.3995
Evaluation Time: 1.06994 seconds
Resulting Fitness: 0.116667
-------------
Particle: 12:
Relays Coordinates:
81.7219, 35.2102
21.7421, 153.605
122.735, 95.664
Evaluation Time: 1.12033 seconds
Resulting Fitness: 0.133333
-------------
Particle: 13:
Relays Coordinates:
61.5392, 71.3538
22.411, 174.433
159.513, 98.4742
Evaluation Time: 1.17863 seconds
Resulting Fitness: 0.180556
-------------
Particle: 14:
Relays Coordinates:
49.6417, 107.958
9.80593, 220.303
128.509, 81.2804
Evaluation Time: 1.12981 seconds
Resulting Fitness: 0.219444
New local best!
New global best!
-------------
Particle: 15:
Relays Coordinates:
92.2993, 76.1234
0, 128.822
167.719, 77.471
Evaluation Time: 1.09064 seconds
Resulting Fitness: 0.141667
-------------
Particle: 16:
Relays Coordinates:
13.0849, 36.8435
8.99494, 137.633
127.251, 43.3226
Evaluation Time: 1.08111 seconds
Resulting Fitness: 0.125
-------------
Particle: 17:
Relays Coordinates:
88.9045, 68.3097
47.5519, 155.651
136.93, 88.1913
Evaluation Time: 1.10601 seconds
Resulting Fitness: 0.175
New local best!
-------------
Particle: 18:
Relays Coordinates:
57.4902, 59.2767
40.8371, 175.935
139.376, 85.4263
Evaluation Time: 1.11576 seconds
Resulting Fitness: 0.161111
New local best!
-------------
Particle: 19:
Relays Coordinates:
91.0795, 79.3713
11.028, 98.0926
191.368, 121.849
Evaluation Time: 1.10909 seconds
Resulting Fitness: 0.108333
-------------
Particle: 20:
Relays Coordinates:
62.7908, 70.9616
146.285, 152.847
163.473, 107.505
Evaluation Time: 1.12654 seconds
Resulting Fitness: 0.152778
New local best!
Current global best fitness: 0.219444
Current global best relays: 49.6417, 107.958
9.80593, 220.303
128.509, 81.2804
Particle 1 new velocities: 9.13148, 17.3029
-155.697, -47.0246
-30.0916, -11.6901
Particle 2 new velocities: 9.90962, 0.469985
-9.55002, 91.292
4.39084, 43.5883
Particle 3 new velocities: 74.2029, 54.2703
6.69344, 163.125
81.9639, 49.5378
Particle 4 new velocities: -28.5662, 53.9592
-4.14242, -7.7218
26.2541, -27.4067
Particle 5 new velocities: 17.8193, 10.0269
-2.20526, 99.5457
83.053, 14.0255
Particle 6 new velocities: 19.9291, 75.8359
-41.0949, 59.9831
8.96723, 4.75483
Particle 7 new velocities: 13.5947, -15.4526
-8.25535, 126.215
85.0801, 22.0305
Particle 8 new velocities: -19.478, 34.8296
92.2763, 83.2115
31.3892, 20.0236
Particle 9 new velocities: 63.8269, 44.4354
7.75677, 53.6728
154.779, 20.1265
Particle 10 new velocities: 45.9816, 66.4427
132.924, 194.743
90.4322, 51.1789
Particle 11 new velocities: 156.346, 66.6727
2.20394, 65.853
42.6879, -29.2822
Particle 12 new velocities: 17.2575, 40.739
-8.45441, -31.2602
-39.6494, -40.5291
Particle 13 new velocities: -14.524, 12.0251
-0.433203, 47.8847
-29.0122, -5.14814
Particle 14 new velocities: 22.5208, 33.885
-12.7646, 88.6009
26.9003, -6.29843
Particle 15 new velocities: -6.2583, 31.5788
31.9151, 3.34159
-42.6114, 19.1772
Particle 16 new velocities: 73.064, 60.9468
-2.69396, 127.615
69.294, 53.7192
Particle 17 new velocities: 50.5449, 65.2858
1.57669, 86.1757
7.45855, 7.39889
Particle 18 new velocities: 5.65036, 1.92895
-56.0945, 85.8725
-20.8463, -0.461114
Particle 19 new velocities: 4.37344, 27.5078
-22.1767, 159.57
-44.6507, -19.1109
Particle 20 new velocities: -17.791, 4.73502
62.5486, 69.7134
-39.7455, -4.76733
-- ITERATION 3 --
-------------
Particle: 1:
Relays Coordinates:
47.6734, 100.218
0, 147.51
124.301, 85.9101
Evaluation Time: 1.10385 seconds
Resulting Fitness: 0.155556
New local best!
-------------
Particle: 2:
Relays Coordinates:
38.8941, 56.6912
47.6051, 198.29
108.122, 97.9264
Evaluation Time: 1.16454 seconds
Resulting Fitness: 0.175
-------------
Particle: 3:
Relays Coordinates:
57.5422, 67.5197
5.78942, 173.856
129.179, 69.0262
Evaluation Time: 1.11387 seconds
Resulting Fitness: 0.138889
New local best!
-------------
Particle: 4:
Relays Coordinates:
0, 89.0085
2.81638, 124.964
106.012, 63.195
Evaluation Time: 1.0894 seconds
Resulting Fitness: 0.130556
-------------
Particle: 5:
Relays Coordinates:
59.5887, 67.0051
10.2455, 167.217
145.108, 80.6808
Evaluation Time: 1.1164 seconds
Resulting Fitness: 0.152778
-------------
Particle: 6:
Relays Coordinates:
18.4544, 92.8923
27.2835, 122.883
141.898, 105.541
Evaluation Time: 1.13791 seconds
Resulting Fitness: 0.136111
-------------
Particle: 7:
Relays Coordinates:
33.5179, 25.8837
2.10468, 137.823
134.433, 55.3641
Evaluation Time: 1.08666 seconds
Resulting Fitness: 0.144444
New local best!
-------------
Particle: 8:
Relays Coordinates:
37.7899, 58.3093
189.932, 176.415
139.1, 97.0786
Evaluation Time: 1.17698 seconds
Resulting Fitness: 0.163889
New local best!
-------------
Particle: 9:
Relays Coordinates:
59.7547, 51.0996
5.08922, 153.835
133.896, 64.8282
Evaluation Time: 1.10382 seconds
Resulting Fitness: 0.127778
-------------
Particle: 10:
Relays Coordinates:
36.1209, 49.4746
63.5773, 164.738
80.2613, 52.1134
Evaluation Time: 1.09669 seconds
Resulting Fitness: 0.133333
-------------
Particle: 11:
Relays Coordinates:
191.029, 79.8099
14.0604, 126.584
95.3783, 46.7415
Evaluation Time: 1.11238 seconds
Resulting Fitness: 0.177778
New local best!
-------------
Particle: 12:
Relays Coordinates:
98.9794, 75.9493
13.2876, 122.345
83.0856, 55.1349
Evaluation Time: 1.04545 seconds
Resulting Fitness: 0.130556
-------------
Particle: 13:
Relays Coordinates:
38.0823, 67.5369
17.802, 180.077
105.706, 75.5941
Evaluation Time: 1.12473 seconds
Resulting Fitness: 0.144444
-------------
Particle: 14:
Relays Coordinates:
47.3458, 93.0634
0, 202.672
101.964, 49.1957
Evaluation Time: 1.08164 seconds
Resulting Fitness: 0.138889
-------------
Particle: 15:
Relays Coordinates:
69.6932, 87.2388
25.8512, 107.052
101.337, 78.285
Evaluation Time: 1.07505 seconds
Resulting Fitness: 0.105556
-------------
Particle: 16:
Relays Coordinates:
50.8701, 57.7442
3.72066, 156.627
116.058, 57.3022
Evaluation Time: 1.08191 seconds
Resulting Fitness: 0.127778
-------------
Particle: 17:
Relays Coordinates:
91.4928, 87.652
32.2333, 158.662
94.7335, 62.7167
Evaluation Time: 1.08891 seconds
Resulting Fitness: 0.125
-------------
Particle: 18:
Relays Coordinates:
33.5555, 32.5272
0, 139.135
62.9915, 45.154
Evaluation Time: 1.034 seconds
Resulting Fitness: 0.0972222
-------------
Particle: 19:
Relays Coordinates:
62.6267, 70.1234
0, 169.052
96.2612, 67.4062
Evaluation Time: 1.09132 seconds
Resulting Fitness: 0.133333
New local best!
-------------
Particle: 20:
Relays Coordinates:
36.4498, 61.3143
169.155, 180.274
100.22, 83.2172
Evaluation Time: 1.18769 seconds
Resulting Fitness: 0.136111
Current global best fitness: 0.219444
Current global best relays: 49.6417, 107.958
9.80593, 220.303
128.509, 81.2804
Particle 1 new velocities: 9.63951, 18.9006
10.924, 7.19901
-20.9855, -10.8767
Particle 2 new velocities: 20.4773, 77.647
8.94042, 74.8269
39.1775, 20.8308
Particle 3 new velocities: 49.732, 90.2146
8.0349, 171.86
65.3695, 48.0238
Particle 4 new velocities: 117.137, 4.4886
28.9228, 102.366
58.2589, -15.5213
Particle 5 new velocities: 10.2611, 11.0313
6.69515, 116.684
54.2158, 23.6408
Particle 6 new velocities: 31.2684, 43.2315
-12.4687, 125.497
14.41, 9.88379
Particle 7 new velocities: 25.392, -7.76464
-0.435638, 192.925
65.5966, 29.7303
Particle 8 new velocities: -5.59502, 64.6423
-113, 68.1098
14.525, 7.74738
Particle 9 new velocities: 85.7803, 93.1496
55.0212, 52.8279
115.267, 12.5969
Particle 10 new velocities: 104.73, 80.3284
119.454, 176.371
101.026, 61.44
Particle 11 new velocities: 30.1211, 55.4767
1.20188, 109.563
68.9154, 9.91892
Particle 12 new velocities: -5.43218, -0.849058
-9.03546, 92.308
23.8707, -23.8902
Particle 13 new velocities: 31.299, 52.8457
-0.454809, 38.8614
12.0106, 6.24067
Particle 14 new velocities: 21.9227, 51.7176
22.0927, 92.2222
72.5264, 3.40567
Particle 15 new velocities: -9.16482, 22.9333
20.8772, 141.33
40.8605, 22.5513
Particle 16 new velocities: 120.842, 63.2713
21.924, 97.5887
85.9158, 6.70737
Particle 17 new velocities: 2.18855, 55.5627
-10.7945, 79.8429
77.9646, 35.249
Particle 18 new velocities: 46.352, 34.732
65.6197, 165.706
121.045, 108.968
Particle 19 new velocities: -4.97558, 53.4524
3.76079, 178.222
-18.069, -4.42905
Particle 20 new velocities: 35.9826, 43.3443
-169.654, 38.1527
9.0425, 29.6694
-- ITERATION 4 --
-------------
Particle: 1:
Relays Coordinates:
51.5816, 107.207
9.83164, 139.238
92.984, 67.5301
Evaluation Time: 1.11358 seconds
Resulting Fitness: 0.141667
-------------
Particle: 2:
Relays Coordinates:
48.0908, 108.814
45.8019, 221.224
119.313, 96.1934
Evaluation Time: 1.15197 seconds
Resulting Fitness: 0.205556
New local best!
-------------
Particle: 3:
Relays Coordinates:
57.0099, 83.8265
7.34681, 183.728
103.391, 62.2052
Evaluation Time: 1.08605 seconds
Resulting Fitness: 0.141667
New local best!
-------------
Particle: 4:
Relays Coordinates:
85.3926, 68.1594
23.1379, 165.724
119.753, 34.7542
Evaluation Time: 1.10181 seconds
Resulting Fitness: 0.141667
-------------
Particle: 5:
Relays Coordinates:
37.1211, 41.4717
9.00297, 150.877
105.929, 55.4408
Evaluation Time: 1.08104 seconds
Resulting Fitness: 0.133333
-------------
Particle: 6:
Relays Coordinates:
40.2755, 110.26
12, 201.188
126.61, 93.4937
Evaluation Time: 1.13778 seconds
Resulting Fitness: 0.172222
New local best!
-------------
Particle: 7:
Relays Coordinates:
20.5406, 6.31771
0.581957, 115.325
69.746, 29.6706
Evaluation Time: 1.01476 seconds
Resulting Fitness: 0.0861111
-------------
Particle: 8:
Relays Coordinates:
28.9754, 110.656
69.2379, 220.072
138.263, 94.3434
Evaluation Time: 1.18185 seconds
Resulting Fitness: 0.191667
New local best!
-------------
Particle: 9:
Relays Coordinates:
77.3433, 76.66
31.9451, 109.829
132.416, 41.1469
Evaluation Time: 1.05506 seconds
Resulting Fitness: 0.0944444
-------------
Particle: 10:
Relays Coordinates:
74.8542, 68.9826
97.2705, 181.28
96.3433, 60.3469
Evaluation Time: 1.11661 seconds
Resulting Fitness: 0.122222
-------------
Particle: 11:
Relays Coordinates:
105.775, 64.7072
7.29991, 112.949
78.5812, 27.1005
Evaluation Time: 1.07174 seconds
Resulting Fitness: 0.111111
-------------
Particle: 12:
Relays Coordinates:
61.3764, 49.2732
2.78986, 140.834
70.174, 20.4997
Evaluation Time: 1.03854 seconds
Resulting Fitness: 0.0805556
-------------
Particle: 13:
Relays Coordinates:
56.1988, 97.5099
14.0512, 177.34
95.3504, 66.2862
Evaluation Time: 1.10151 seconds
Resulting Fitness: 0.127778
-------------
Particle: 14:
Relays Coordinates:
50.4967, 105.545
16.1056, 214.978
127.203, 38.3464
Evaluation Time: 1.14977 seconds
Resulting Fitness: 0.188889
-------------
Particle: 15:
Relays Coordinates:
49.028, 89.2394
37.85, 201.189
115.18, 81.6774
Evaluation Time: 1.11516 seconds
Resulting Fitness: 0.183333
New local best!
-------------
Particle: 16:
Relays Coordinates:
91.2548, 64.3126
13.6286, 135.1
107.337, 34.0173
Evaluation Time: 1.09352 seconds
Resulting Fitness: 0.144444
New local best!
-------------
Particle: 17:
Relays Coordinates:
61.4643, 93.9632
14.0659, 156.483
113.307, 64.2753
Evaluation Time: 1.08399 seconds
Resulting Fitness: 0.130556
-------------
Particle: 18:
Relays Coordinates:
47.1846, 39.7159
38.7477, 180.006
108.672, 91.0075
Evaluation Time: 1.1522 seconds
Resulting Fitness: 0.166667
New local best!
-------------
Particle: 19:
Relays Coordinates:
27.5744, 59.1059
1.79878, 166.1
37.3991, 30.1218
Evaluation Time: 1.06775 seconds
Resulting Fitness: 0.130556
-------------
Particle: 20:
Relays Coordinates:
58.6702, 84.7735
0, 176.925
88.5022, 91.4381
Evaluation Time: 1.10048 seconds
Resulting Fitness: 0.136111
Current global best fitness: 0.219444
Current global best relays: 49.6417, 107.958
9.80593, 220.303
128.509, 81.2804
Particle 1 new velocities: 4.95061, 9.62405
-6.3051, 19.8465
28.6161, 33.7126
Particle 2 new velocities: 17.6141, 61.1443
-2.83681, 59.0877
33.6681, 5.46597
Particle 3 new velocities: 39.0749, 79.0839
8.32753, 179.893
69.438, 40.9289
Particle 4 new velocities: 79.4173, 38.2841
14.8748, 63.9358
101.28, 40.5538
Particle 5 new velocities: 18.402, 98.3143
18.7142, 174.458
93.1342, 93.4039
Particle 6 new velocities: 34.7015, 32.488
-12.1256, 110.555
12.9809, 5.69174
Particle 7 new velocities: 63.5248, 3.71723
3.03386, 286.954
183.651, 70.3712
Particle 8 new velocities: 19.9882, 48.5367
-149.622, 54.7569
8.97995, 5.35697
Particle 9 new velocities: 60.3733, 63.2011
27.9727, 136.747
85.719, 37.6312
Particle 10 new velocities: 74.4827, 60.6448
41.1504, 99.4315
150.706, 54.0567
Particle 11 new velocities: 99.9973, 106.331
9.99712, 224.428
116.502, 90.1006
Particle 12 new velocities: 60.8934, 31.189
-0.713136, 115.005
58.1815, 81.9177
Particle 13 new velocities: 21.879, 11.9402
0.718128, 80.9769
59.9537, 51.5705
Particle 14 new velocities: 15.4769, 45.6635
4.34281, 85.7201
60.2278, 123.604
Particle 15 new velocities: -6.64425, 33.9552
-9.97893, 123.335
32.9927, 17.9571
Particle 16 new velocities: 43.0075, 91.4368
17.3126, 90.4587
82.3644, 25.467
Particle 17 new velocities: 33.2739, 7.86305
1.86996, 85.8117
100.902, 68.356
Particle 18 new velocities: 38.9116, 36.6498
28.9563, 156.42
115.88, 83.8551
Particle 19 new velocities: 23.3504, 113.806
8.24182, 151.391
135.195, 93.6075
Particle 20 new velocities: 24.2036, 35.1036
167.247, 40.9802
110.786, 44.1483
-- ITERATION 5 --
-------------
Particle: 1:
Relays Coordinates:
50.879, 105.148
3.17389, 143.176
109.44, 91.1184
Evaluation Time: 1.10934 seconds
Resulting Fitness: 0.163889
New local best!
-------------
Particle: 2:
Relays Coordinates:
43.109, 111.51
28.1894, 183.913
100.371, 66.6987
Evaluation Time: 1.12532 seconds
Resulting Fitness: 0.141667
-------------
Particle: 3:
Relays Coordinates:
51.0634, 86.5772
8.32999, 193.243
91.8483, 54.8096
Evaluation Time: 1.11784 seconds
Resulting Fitness: 0.147222
New local best!
-------------
Particle: 4:
Relays Coordinates:
97.3186, 62.8538
22.4461, 135.612
130.518, 44.4686
Evaluation Time: 1.09117 seconds
Resulting Fitness: 0.147222
-------------
Particle: 5:
Relays Coordinates:
32.7858, 82.5423
16.3667, 192.107
117.545, 87.8913
Evaluation Time: 1.13546 seconds
Resulting Fitness: 0.191667
New local best!
-------------
Particle: 6:
Relays Coordinates:
44.2732, 84.2915
0, 184.081
82.4269, 58.568
Evaluation Time: 1.14729 seconds
Resulting Fitness: 0.116667
-------------
Particle: 7:
Relays Coordinates:
23.7425, 2.83416
1.02121, 113.615
71.5668, 28.2548
Evaluation Time: 1.07118 seconds
Resulting Fitness: 0.0722222
-------------
Particle: 8:
Relays Coordinates:
32.125, 104.447
0, 180.315
96.606, 65.4134
Evaluation Time: 1.16852 seconds
Resulting Fitness: 0.108333
-------------
Particle: 9:
Relays Coordinates:
81.3203, 82.5866
35.3809, 145.601
128.806, 46.5177
Evaluation Time: 1.16332 seconds
Resulting Fitness: 0.122222
-------------
Particle: 10:
Relays Coordinates:
88.1819, 76.5437
81.7362, 165.757
145.88, 67.5542
Evaluation Time: 1.19862 seconds
Resulting Fitness: 0.172222
New local best!
-------------
Particle: 11:
Relays Coordinates:
88.5783, 73.6263
7.4458, 145.229
83.9767, 50.4512
Evaluation Time: 1.1047 seconds
Resulting Fitness: 0.108333
-------------
Particle: 12:
Relays Coordinates:
72.1991, 47.5121
1.22629, 151.07
75.7927, 60.4764
Evaluation Time: 1.11239 seconds
Resulting Fitness: 0.1
-------------
Particle: 13:
Relays Coordinates:
56.9187, 79.7891
10.7669, 188.313
113.217, 85.9175
Evaluation Time: 1.20098 seconds
Resulting Fitness: 0.194444
New local best!
-------------
Particle: 14:
Relays Coordinates:
43.2853, 99.2081
13.4162, 197.288
122.974, 106.256
Evaluation Time: 1.13914 seconds
Resulting Fitness: 0.205556
-------------
Particle: 15:
Relays Coordinates:
25.0272, 72.7452
16.4576, 191.629
87.4945, 58.8332
Evaluation Time: 1.12045 seconds
Resulting Fitness: 0.166667
-------------
Particle: 16:
Relays Coordinates:
79.2805, 91.9685
18.2705, 133.19
112.017, 35.1249
Evaluation Time: 1.10477 seconds
Resulting Fitness: 0.133333
-------------
Particle: 17:
Relays Coordinates:
69.0641, 74.2313
11.6173, 176.633
156.159, 96.6882
Evaluation Time: 1.15533 seconds
Resulting Fitness: 0.15
-------------
Particle: 18:
Relays Coordinates:
45.7551, 40.5839
35.9807, 178.79
119.336, 92.9291
Evaluation Time: 1.15358 seconds
Resulting Fitness: 0.166667
-------------
Particle: 19:
Relays Coordinates:
33.4118, 113.447
6.58763, 208.306
113.239, 81.1788
Evaluation Time: 1.15507 seconds
Resulting Fitness: 0.197222
New local best!
-------------
Particle: 20:
Relays Coordinates:
67.1278, 97.1004
135.47, 176.503
161.423, 109.825
Evaluation Time: 1.17638 seconds
Resulting Fitness: 0.180556
New local best!
Current global best fitness: 0.219444
Current global best relays: 49.6417, 107.958
9.80593, 220.303
128.509, 81.2804
Particle 1 new velocities: 3.22454, 11.2011
-3.82553, 114.856
30.0961, 18.4488
Particle 2 new velocities: 23.0443, 47.313
3.87701, 88.5726
52.2674, 28.9529
Particle 3 new velocities: 29.7306, 78.1708
7.72611, 159.433
91.297, 62.486
Particle 4 new velocities: -0.654383, 70.2619
7.14068, 120.653
89.5, 75.8215
Particle 5 new velocities: 31.067, 82.0223
13.6901, 163.365
76.709, 71.1596
Particle 6 new velocities: 27.3767, 85.7964
11.4974, 135.913
43.3372, 47.9088
Particle 7 new velocities: 66.9413, 60.5189
3.71724, 366.197
222.13, 111.209
Particle 8 new velocities: 20.4973, 45.2893
109.976, 125.675
50.9317, 30.7102
Particle 9 new velocities: 31.0397, 23.4792
5.09876, 126.946
54.9723, 43.7239
Particle 10 new velocities: 13.1723, 72.3262
16.4513, 126.006
98.9667, 50.5821
Particle 11 new velocities: 192.813, 89.7893
20.0987, 254.769
128.614, 69.9728
Particle 12 new velocities: 73.9047, 26.5195
21.97, 90.5915
47.8007, 91.7377
Particle 13 new velocities: 8.62719, 22.6383
-0.0533893, 85.9689
59.4374, 40.2957
Particle 14 new velocities: 26.1994, 49.7326
-3.27331, 99.2774
60.8461, 72.4534
Particle 15 new velocities: 16.2346, 64.3177
3.46409, 107.26
56.6273, 38.1665
Particle 16 new velocities: 7.31038, 73.6746
6.65492, 138.222
68.6306, 75.8695
Particle 17 new velocities: 49.1887, 9.71559
15.9493, 62.2192
66.0777, 39.9983
Particle 18 new velocities: 32.733, 115.169
7.86619, 127.172
90.5271, 54.9446
Particle 19 new velocities: 25.2914, 89.4387
9.04826, 121.872
126.127, 75.0087
Particle 20 new velocities: 14.2417, 29.6962
33.2311, 42.7461
72.6374, 5.22164
-- ITERATION 6 --
-------------
Particle: 1:
Relays Coordinates:
39.4415, 84.8183
0, 188.105
101.722, 79.8745
Evaluation Time: 1.10685 seconds
Resulting Fitness: 0.125
-------------
Particle: 2:
Relays Coordinates:
43.4032, 104.203
21.0388, 178.778
100.146, 62.757
Evaluation Time: 1.07489 seconds
Resulting Fitness: 0.141667
-------------
Particle: 3:
Relays Coordinates:
47.708, 97.2821
9.48097, 208.252
108.145, 69.2619
Evaluation Time: 1.10465 seconds
Resulting Fitness: 0.163889
New local best!
-------------
Particle: 4:
Relays Coordinates:
70.4682, 97.0414
21.5687, 186.817
160.393, 87.6915
Evaluation Time: 1.19932 seconds
Resulting Fitness: 0.219444
New local best!
-------------
Particle: 5:
Relays Coordinates:
37.7045, 97.1737
17.7482, 209.902
114.705, 93.918
Evaluation Time: 1.12694 seconds
Resulting Fitness: 0.166667
-------------
Particle: 6:
Relays Coordinates:
47.0095, 111.595
7.54343, 209.948
82.5139, 69.8594
Evaluation Time: 1.14502 seconds
Resulting Fitness: 0.180556
New local best!
-------------
Particle: 7:
Relays Coordinates:
23.0506, 16.1035
1.20445, 121.962
74.6539, 35.4498
Evaluation Time: 1.03527 seconds
Resulting Fitness: 0.102778
-------------
Particle: 8:
Relays Coordinates:
34.5255, 98.2418
72.1554, 200.76
96.7994, 63.0667
Evaluation Time: 1.14488 seconds
Resulting Fitness: 0.169444
-------------
Particle: 9:
Relays Coordinates:
73.7194, 69.5897
26.5587, 178.818
120.577, 59.2075
Evaluation Time: 1.10064 seconds
Resulting Fitness: 0.147222
New local best!
-------------
Particle: 10:
Relays Coordinates:
66.4985, 97.6736
64.4208, 191.426
160.644, 77.5092
Evaluation Time: 1.16297 seconds
Resulting Fitness: 0.222222
New local best!
New global best!
-------------
Particle: 11:
Relays Coordinates:
98.1151, 56.9795
9.60418, 139.471
74.1258, 41.9893
Evaluation Time: 1.07186 seconds
Resulting Fitness: 0.119444
-------------
Particle: 12:
Relays Coordinates:
106.51, 53.969
16.9101, 176.171
90.0996, 110.964
Evaluation Time: 1.1942 seconds
Resulting Fitness: 0.175
New local best!
-------------
Particle: 13:
Relays Coordinates:
43.0047, 67.2026
7.02911, 179.956
113.278, 82.8085
Evaluation Time: 1.10285 seconds
Resulting Fitness: 0.15
-------------
Particle: 14:
Relays Coordinates:
50.6543, 108.578
7.39416, 216.196
134.005, 130.279
Evaluation Time: 1.15127 seconds
Resulting Fitness: 0.213889
-------------
Particle: 15:
Relays Coordinates:
30.0798, 99.9189
14.5229, 217.89
105.065, 70.7128
Evaluation Time: 1.12245 seconds
Resulting Fitness: 0.15
-------------
Particle: 16:
Relays Coordinates:
51.131, 97.8106
14.7182, 160.266
106.67, 65.5411
Evaluation Time: 1.07931 seconds
Resulting Fitness: 0.136111
-------------
Particle: 17:
Relays Coordinates:
77.5857, 55.0776
18.0865, 156.711
145.809, 89.68
Evaluation Time: 1.08256 seconds
Resulting Fitness: 0.155556
-------------
Particle: 18:
Relays Coordinates:
51.496, 102.189
28.7679, 200.742
137.691, 97.02
Evaluation Time: 1.13387 seconds
Resulting Fitness: 0.219444
New local best!
-------------
Particle: 19:
Relays Coordinates:
31.1973, 107.822
8.30956, 175.471
127.209, 83.0045
Evaluation Time: 1.07836 seconds
Resulting Fitness: 0.144444
-------------
Particle: 20:
Relays Coordinates:
59.3184, 92.4348
122.983, 159.833
170.63, 83.869
Evaluation Time: 1.12496 seconds
Resulting Fitness: 0.166667
Current global best fitness: 0.222222
Current global best relays: 66.4985, 97.6736
64.4208, 191.426
160.644, 77.5092
Particle 1 new velocities: 53.8662, 18.8656
16.2817, 64.8364
31.1352, 30.1273
Particle 2 new velocities: 27.0812, 35.5117
37.9694, 92.4332
138.931, 45.1473
Particle 3 new velocities: 38.414, 62.5869
19.9054, 118.027
108.525, 50.2184
Particle 4 new velocities: -5.07271, 56.9349
53.2817, 97.042
71.6263, 56.837
Particle 5 new velocities: 50.7027, 44.2262
35.7706, 98.4929
89.2123, 49.2963
Particle 6 new velocities: 30.4555, 59.1424
56.1437, 108.238
113.619, 40.1774
Particle 7 new velocities: 64.2416, 154.825
31.2949, 363.292
274.966, 104.34
Particle 8 new velocities: 34.6471, 52.9974
84.0537, 115.869
158.24, 76.485
Particle 9 new velocities: 24.7356, 46.617
52.5233, 107.358
75.3318, 57.3745
Particle 10 new velocities: 10.5378, 57.861
13.1611, 100.805
79.1733, 40.4657
Particle 11 new velocities: 295.7, 154.609
44.134, 247.498
211.185, 65.8301
Particle 12 new velocities: 25.0324, 37.4026
53.9885, 89.7066
67.9338, 32.6742
Particle 13 new velocities: 22.9819, 37.9987
30.3837, 91.0608
74.2304, 32.7969
Particle 14 new velocities: 37.6251, 28.0246
48.3765, 76.602
45.5475, -30.4446
Particle 15 new velocities: 52.233, 38.2921
36.9435, 68.7095
55.2351, 52.7294
Particle 16 new velocities: 37.0926, 32.0201
28.1737, 111.494
92.6858, 52.6882
Particle 17 new velocities: 40.2417, 43.2644
38.2362, 91.7238
46.7647, 29.468
Particle 18 new velocities: 31.8755, 89.8884
36.9638, 100.634
85.176, 29.1568
Particle 19 new velocities: 34.2414, 61.7552
51.4729, 136.59
126.215, 58.0419
Particle 20 new velocities: 20.016, 30.6891
-29.6629, 56.7
49.5049, 32.1702
-- ITERATION 7 --
-------------
Particle: 1:
Relays Coordinates:
61.2192, 68.0271
10.6824, 165.955
87.1675, 72.1722
Evaluation Time: 1.09415 seconds
Resulting Fitness: 0.125
-------------
Particle: 2:
Relays Coordinates:
46.2448, 91.6671
38.7152, 177.941
156.858, 70.796
Evaluation Time: 1.09477 seconds
Resulting Fitness: 0.177778
-------------
Particle: 3:
Relays Coordinates:
56.5047, 104.89
19.2804, 214.071
142.158, 78.391
Evaluation Time: 1.12627 seconds
Resulting Fitness: 0.211111
New local best!
-------------
Particle: 4:
Relays Coordinates:
42.906, 101.024
49.1094, 186.24
152.228, 94.8252
Evaluation Time: 1.15809 seconds
Resulting Fitness: 0.2
-------------
Particle: 5:
Relays Coordinates:
58.0039, 92.7725
35.1137, 202.338
133.79, 93.9629
Evaluation Time: 1.10251 seconds
Resulting Fitness: 0.211111
New local best!
-------------
Particle: 6:
Relays Coordinates:
45.7423, 100.819
37.6066, 187.885
115.814, 64.9756
Evaluation Time: 1.14288 seconds
Resulting Fitness: 0.188889
New local best!
-------------
Particle: 7:
Relays Coordinates:
30.4369, 59.5992
11.3318, 169.198
121.905, 48.7417
Evaluation Time: 1.13373 seconds
Resulting Fitness: 0.161111
New local best!
-------------
Particle: 8:
Relays Coordinates:
40.8457, 89.3052
92.2399, 186.966
150.598, 82.4039
Evaluation Time: 1.13279 seconds
Resulting Fitness: 0.147222
-------------
Particle: 9:
Relays Coordinates:
64.5963, 76.2432
51.8857, 187.76
128.536, 76.4894
Evaluation Time: 1.14623 seconds
Resulting Fitness: 0.213889
New local best!
-------------
Particle: 10:
Relays Coordinates:
50.5436, 102.046
50.9015, 191.733
157.344, 77.4033
Evaluation Time: 1.18055 seconds
Resulting Fitness: 0.2
-------------
Particle: 11:
Relays Coordinates:
123.583, 66.3986
16.8636, 121.435
89.5336, 33.8349
Evaluation Time: 1.05423 seconds
Resulting Fitness: 0.141667
-------------
Particle: 12:
Relays Coordinates:
95.8942, 66.6099
51.6851, 193.825
115.206, 104.712
Evaluation Time: 1.15919 seconds
Resulting Fitness: 0.202778
New local best!
-------------
Particle: 13:
Relays Coordinates:
43.2938, 69.0226
24.5465, 177.814
123.024, 75.8487
Evaluation Time: 1.11626 seconds
Resulting Fitness: 0.177778
-------------
Particle: 14:
Relays Coordinates:
64.3557, 99.5831
40.6568, 213.45
130.893, 72.7792
Evaluation Time: 1.14232 seconds
Resulting Fitness: 0.183333
-------------
Particle: 15:
Relays Coordinates:
60.006, 100.756
37.519, 208.931
116.859, 89.9893
Evaluation Time: 1.129 seconds
Resulting Fitness: 0.197222
New local best!
-------------
Particle: 16:
Relays Coordinates:
64.3151, 94.6465
31.2682, 198.113
145.331, 86.1891
Evaluation Time: 1.11108 seconds
Resulting Fitness: 0.197222
New local best!
-------------
Particle: 17:
Relays Coordinates:
85.8962, 71.6913
41.0592, 181.109
140.386, 86.8589
Evaluation Time: 1.11288 seconds
Resulting Fitness: 0.197222
New local best!
-------------
Particle: 18:
Relays Coordinates:
44.307, 102.078
34.9325, 160.164
118.441, 67.0555
Evaluation Time: 1.08783 seconds
Resulting Fitness: 0.155556
-------------
Particle: 19:
Relays Coordinates:
38.6409, 100.134
35.301, 184.269
149.644, 83.2865
Evaluation Time: 1.13886 seconds
Resulting Fitness: 0.172222
-------------
Particle: 20:
Relays Coordinates:
64.2608, 99.7303
75.5893, 175.392
178.31, 93.9917
Evaluation Time: 1.11044 seconds
Resulting Fitness: 0.161111
Current global best fitness: 0.222222
Current global best relays: 66.4985, 97.6736
64.4208, 191.426
160.644, 77.5092
Particle 1 new velocities: 47.7568, 40.1524
7.07262, 49.8369
114.118, 37.1669
Particle 2 new velocities: 45.1644, 53.0676
61.1898, 81.7513
66.7827, 75.5106
Particle 3 new velocities: 41.5189, 44.2667
31.3981, 69.6818
89.856, 39.5414
Particle 4 new velocities: 33.8369, 40.5608
6.6139, 84.3439
68.6133, 34.052
Particle 5 new velocities: 45.4937, 36.0902
40.6583, 66.3756
106.14, 18.8515
Particle 6 new velocities: 34.5943, 44.807
47.8994, 89.8688
143.503, 35.1603
Particle 7 new velocities: 81.1061, 150.511
88.9898, 316.703
264.534, 103.144
Particle 8 new velocities: 31.5996, 59.2202
41.4102, 125.962
118.895, 61.376
Particle 9 new velocities: 21.8571, 62.2736
46.4871, 87.5345
89.9583, 46.4624
Particle 10 new velocities: 31.6453, 39.9139
29.8024, 80.3724
69.2799, 32.602
Particle 11 new velocities: 221.154, 158.994
41.0951, 212.496
221.032, 94.8309
Particle 12 new velocities: 17.1108, 52.4533
44.0377, 71.3396
83.9349, 25.3156
Particle 13 new velocities: 43.623, 57.4715
55.4398, 95.5986
61.8484, 28.9073
Particle 14 new velocities: 10.8163, 33.7697
32.7374, 51.8688
46.2696, -19.1532
Particle 15 new velocities: 43.337, 28.9294
53.0609, 47.2297
75.8561, 37.2342
Particle 16 new velocities: 30.1358, 29.2338
39.9739, 83.743
90.2161, 41.0807
Particle 17 new velocities: 18.6934, 36.9861
42.3837, 83.4558
50.1143, 12.7318
Particle 18 new velocities: 56.8195, 66.8103
39.4249, 124.048
95.5837, 38.4616
Particle 19 new velocities: 37.2739, 50.9815
58.1761, 137.262
86.6175, 37.5024
Particle 20 new velocities: 19.3125, 21.1702
4.24839, 62.1756
8.40362, 30.5565
-- ITERATION 8 --
-------------
Particle: 1:
Relays Coordinates:
79.4435, 78.8628
12.9434, 157.312
146.737, 79.7082
Evaluation Time: 1.07051 seconds
Resulting Fitness: 0.141667
-------------
Particle: 2:
Relays Coordinates:
59.9736, 94.9605
65.5477, 170.384
146.731, 95.9918
Evaluation Time: 1.14594 seconds
Resulting Fitness: 0.183333
-------------
Particle: 3:
Relays Coordinates:
64.3133, 97.8617
33.2502, 186.17
152.224, 77.3755
Evaluation Time: 1.09209 seconds
Resulting Fitness: 0.205556
-------------
Particle: 4:
Relays Coordinates:
55.9456, 103.215
40.6223, 197.255
160.993, 93.9515
Evaluation Time: 1.14052 seconds
Resulting Fitness: 0.194444
-------------
Particle: 5:
Relays Coordinates:
67.9048, 84.5468
49.714, 176.303
157.418, 74.0175
Evaluation Time: 1.09203 seconds
Resulting Fitness: 0.194444
-------------
Particle: 6:
Relays Coordinates:
47.4379, 85.9904
50.4904, 164.011
153.124, 59.1293
Evaluation Time: 1.07694 seconds
Resulting Fitness: 0.136111
-------------
Particle: 7:
Relays Coordinates:
43.2141, 81.4011
38.8666, 188.248
149.715, 58.8436
Evaluation Time: 1.14612 seconds
Resulting Fitness: 0.166667
New local best!
-------------
Particle: 8:
Relays Coordinates:
42.7782, 87.7028
78.9191, 184.781
159.133, 84.9006
Evaluation Time: 1.14321 seconds
Resulting Fitness: 0.166667
-------------
Particle: 9:
Relays Coordinates:
63.0245, 100.979
71.7138, 200.69
159.282, 89.6319
Evaluation Time: 1.23042 seconds
Resulting Fitness: 0.233333
New local best!
New global best!
-------------
Particle: 10:
Relays Coordinates:
59.9157, 103.489
58.8331, 198.365
165.209, 80.1938
Evaluation Time: 1.13264 seconds
Resulting Fitness: 0.213889
-------------
Particle: 11:
Relays Coordinates:
120.203, 78.5895
20.209, 116.435
108.287, 44.863
Evaluation Time: 1.12296 seconds
Resulting Fitness: 0.15
-------------
Particle: 12:
Relays Coordinates:
82.3806, 86.7971
69.7819, 193.305
145.174, 94.7904
Evaluation Time: 1.22757 seconds
Resulting Fitness: 0.202778
-------------
Particle: 13:
Relays Coordinates:
63.3624, 92.2142
58.31, 199.318
134.772, 76.3671
Evaluation Time: 1.10923 seconds
Resulting Fitness: 0.211111
New local best!
-------------
Particle: 14:
Relays Coordinates:
54.8004, 97.2142
53.5044, 193.417
129.152, 39.0933
Evaluation Time: 1.15717 seconds
Resulting Fitness: 0.180556
-------------
Particle: 15:
Relays Coordinates:
67.8034, 85.0865
59.4295, 168.067
126.44, 83.4714
Evaluation Time: 1.08749 seconds
Resulting Fitness: 0.191667
-------------
Particle: 16:
Relays Coordinates:
68.8547, 90.3087
51.9355, 205.473
171.714, 92.7797
Evaluation Time: 1.1462 seconds
Resulting Fitness: 0.194444
-------------
Particle: 17:
Relays Coordinates:
76.2458, 79.2258
60.8299, 192.868
138.875, 72.6016
Evaluation Time: 1.1103 seconds
Resulting Fitness: 0.186111
-------------
Particle: 18:
Relays Coordinates:
59.7142, 99.7268
43.9073, 167.824
126.379, 62.3068
Evaluation Time: 1.07774 seconds
Resulting Fitness: 0.158333
-------------
Particle: 19:
Relays Coordinates:
49.8077, 99.1466
61.3303, 210.956
155.011, 79.2496
Evaluation Time: 1.13404 seconds
Resulting Fitness: 0.194444
-------------
Particle: 20:
Relays Coordinates:
67.6944, 97.9294
64.6685, 192.43
151.238, 100.884
Evaluation Time: 1.24832 seconds
Resulting Fitness: 0.238889
New local best!
New global best!
Current global best fitness: 0.238889
Current global best relays: 67.6944, 97.9294
64.6685, 192.43
151.238, 100.884
Particle 1 new velocities: -12.1422, 80.0899
31.222, 49.0431
65.5102, 36.4029
Particle 2 new velocities: 39.7272, 51.7668
36.5206, 97.727
49.6784, 65.9201
Particle 3 new velocities: 28.549, 41.071
30.3912, 91.9886
61.8192, 51.3994
Particle 4 new velocities: 39.2972, 24.3238
-9.10307, 60.4624
42.8499, 27.4367
Particle 5 new velocities: 33.5086, 36.828
21.4181, 95.8374
44.3318, 45.4191
Particle 6 new velocities: 38.2511, 69.3918
35.1702, 88.831
65.2103, 30.1806
Particle 7 new velocities: 93.4226, 133.512
90.0896, 257.866
212.243, 118.172
Particle 8 new velocities: 44.1678, 82.0153
-0.203146, 157.678
57.961, 71.4452
Particle 9 new velocities: 20.5349, 48.1804
35.6354, 64.3804
70.5891, 47.1632
Particle 10 new velocities: 38.1725, 25.8757
27.4333, 58.1725
49.6839, 24.4282
Particle 11 new velocities: 195.791, 140.304
58.0485, 209.885
193.921, 129.934
Particle 12 new velocities: 12.1543, 34.5301
9.08532, 56.7165
55.0893, 40.8182
Particle 13 new velocities: 35.2502, 50.9502
49.7994, 75.8605
67.2048, 24.4184
Particle 14 new velocities: 9.28605, 39.3142
7.5734, 78.7658
41.0935, 94.6471
Particle 15 new velocities: 30.5077, 36.1101
6.2969, 116.104
79.1703, 54.6661
Particle 16 new velocities: 15.0011, 31.644
31.2826, 48.0299
46.9365, 35.9779
Particle 17 new velocities: 24.7522, 44.6415
24.0932, 57.8551
41.8792, 44.8165
Particle 18 new velocities: 41.5395, 56.1
53.8922, 180.605
109.413, 51.2188
Particle 19 new velocities: 38.4079, 41.5486
11.141, 91.0948
28.8635, 49.1061
Particle 20 new velocities: 15.45, 16.9361
3.39871, 49.7405
6.7229, 24.4452
-- ITERATION 9 --
-------------
Particle: 1:
Relays Coordinates:
44.1563, 104.289
28.977, 135.39
139.255, 76.1805
Evaluation Time: 1.12163 seconds
Resulting Fitness: 0.15
-------------
Particle: 2:
Relays Coordinates:
65.4137, 96.2678
66.967, 175.908
128.864, 106.23
Evaluation Time: 1.15848 seconds
Resulting Fitness: 0.202778
-------------
Particle: 3:
Relays Coordinates:
60.9269, 91.1538
41.7551, 182.5
140.434, 84.4892
Evaluation Time: 1.17897 seconds
Resulting Fitness: 0.191667
-------------
Particle: 4:
Relays Coordinates:
69.432, 92.9759
22.9775, 187.876
148.602, 88.492
Evaluation Time: 1.13912 seconds
Resulting Fitness: 0.216667
-------------
Particle: 5:
Relays Coordinates:
73.9304, 88.4822
51.8553, 198.39
147.076, 87.0693
Evaluation Time: 1.12987 seconds
Resulting Fitness: 0.197222
-------------
Particle: 6:
Relays Coordinates:
56.2206, 101.946
56.2019, 165.89
143.249, 58.5962
Evaluation Time: 1.18479 seconds
Resulting Fitness: 0.144444
-------------
Particle: 7:
Relays Coordinates:
58.8176, 92.5128
55.5115, 192.037
155.811, 76.1993
Evaluation Time: 1.13806 seconds
Resulting Fitness: 0.205556
New local best!
-------------
Particle: 8:
Relays Coordinates:
51.3408, 100.217
46.481, 202.219
128.192, 92.3206
Evaluation Time: 1.15041 seconds
Resulting Fitness: 0.208333
New local best!
-------------
Particle: 9:
Relays Coordinates:
54.8233, 97.8634
70.4318, 173.913
150.819, 89.7513
Evaluation Time: 1.12843 seconds
Resulting Fitness: 0.202778
-------------
Particle: 10:
Relays Coordinates:
71.5063, 94.3068
62.8882, 187.016
156.657, 76.2695
Evaluation Time: 1.14631 seconds
Resulting Fitness: 0.222222
-------------
Particle: 11:
Relays Coordinates:
110.18, 76.3235
27.2867, 113.78
105.374, 60.9479
Evaluation Time: 1.07055 seconds
Resulting Fitness: 0.138889
-------------
Particle: 12:
Relays Coordinates:
68.916, 88.4475
57.4942, 182.266
145.992, 98.8586
Evaluation Time: 1.12633 seconds
Resulting Fitness: 0.233333
New local best!
-------------
Particle: 13:
Relays Coordinates:
64.6997, 93.9302
70.9306, 180.545
132.517, 66.1254
Evaluation Time: 1.11545 seconds
Resulting Fitness: 0.2
-------------
Particle: 14:
Relays Coordinates:
46.719, 99.5292
44.5257, 198.422
124.109, 97.4968
Evaluation Time: 1.10608 seconds
Resulting Fitness: 0.208333
-------------
Particle: 15:
Relays Coordinates:
64.5019, 79.5171
43.1231, 186.444
134.901, 90.632
Evaluation Time: 1.11808 seconds
Resulting Fitness: 0.216667
New local best!
-------------
Particle: 16:
Relays Coordinates:
67.9232, 98.7817
67.4067, 205.338
177.107, 104.294
Evaluation Time: 1.17892 seconds
Resulting Fitness: 0.191667
-------------
Particle: 17:
Relays Coordinates:
73.6275, 90.2993
61.909, 182.777
131.77, 85.5978
Evaluation Time: 1.13043 seconds
Resulting Fitness: 0.197222
-------------
Particle: 18:
Relays Coordinates:
59.7893, 92.0142
57.7496, 205.744
139.233, 67.0357
Evaluation Time: 1.18036 seconds
Resulting Fitness: 0.208333
-------------
Particle: 19:
Relays Coordinates:
57.8783, 92.3101
47.5484, 198.176
120.64, 84.2141
Evaluation Time: 1.12582 seconds
Resulting Fitness: 0.205556
New local best!
-------------
Particle: 20:
Relays Coordinates:
67.347, 93.0411
55.1344, 196.158
127.948, 101.517
Evaluation Time: 1.10384 seconds
Resulting Fitness: 0.211111
Current global best fitness: 0.238889
Current global best relays: 67.6944, 97.9294
64.6685, 192.43
151.238, 100.884
Particle 1 new velocities: 18.179, 61.094
4.79066, 114.944
13.9846, 56.069
Particle 2 new velocities: 20.4175, 55.3208
11.3676, 104.561
47.3865, 36.3235
Particle 3 new velocities: 26.5611, 48.7249
18.9553, 125.437
64.3502, 52.0216
Particle 4 new velocities: 30.8658, 30.6489
13.9839, 51.2663
49.4742, 35.5861
Particle 5 new velocities: 20.7313, 38.4879
2.044, 72.6979
31.4429, 49.758
Particle 6 new velocities: 36.5877, 54.1567
2.79116, 99.8557
31.9662, 57.7846
Particle 7 new velocities: 85.4083, 108.626
72.5137, 206.665
164.852, 101.226
Particle 8 new velocities: 45.2217, 63.5009
11.4227, 125.079
52.5055, 67.8543
Particle 9 new velocities: 37.7772, 43.3911
21.872, 93.5251
67.2233, 44.1098
Particle 10 new velocities: 24.8688, 26.8616
22.9191, 55.3062
37.1746, 39.055
Particle 11 new velocities: 184.993, 135.326
32.6443, 265.648
161.387, 130.221
Particle 12 new velocities: 9.12018, 35.2541
12.0564, 56.3203
44.5988, 34.2098
Particle 13 new velocities: 27.5249, 45.082
19.1689, 75.417
59.994, 38.8742
Particle 14 new velocities: 21.8326, 37.5307
-35.1054, 91.1272
59.1246, 52.4179
Particle 15 new velocities: 25.493, 39.0826
10.5166, 94.8219
65.2542, 55.1071
Particle 16 new velocities: 10.1004, 17.6877
9.88781, 22.3328
-29.2113, 11.8948
Particle 17 new velocities: 26.2647, 28.9596
18.5342, 47.098
64.6972, 50.5872
Particle 18 new velocities: 28.3891, 56.4494
12.6088, 134.379
101.419, 115
Particle 19 new velocities: 35.2592, 37.3139
27.4033, 68.4022
37.9939, 47.73
Particle 20 new velocities: 12.8743, 16.9115
18.9036, 35.446
41.7961, 18.7718
-- ITERATION 10 --
-------------
Particle: 1:
Relays Coordinates:
40.8982, 108.508
22.1549, 164.244
100.541, 86.7689
Evaluation Time: 1.08621 seconds
Resulting Fitness: 0.113889
-------------
Particle: 2:
Relays Coordinates:
56.3139, 99.4572
51.3953, 184.016
115.638, 93.5296
Evaluation Time: 1.13226 seconds
Resulting Fitness: 0.191667
-------------
Particle: 3:
Relays Coordinates:
57.4009, 91.7744
39.8321, 202.038
134.359, 89.5647
Evaluation Time: 1.10396 seconds
Resulting Fitness: 0.208333
-------------
Particle: 4:
Relays Coordinates:
73.1171, 90.1225
26.9448, 174.335
144.397, 90.4529
Evaluation Time: 1.09797 seconds
Resulting Fitness: 0.180556
-------------
Particle: 5:
Relays Coordinates:
69.0084, 92.5612
39.2926, 197.623
130.14, 99.7471
Evaluation Time: 1.14218 seconds
Resulting Fitness: 0.213889
New local best!
-------------
Particle: 6:
Relays Coordinates:
60.8915, 102.419
38.7054, 174.356
114.959, 76.3575
Evaluation Time: 1.11364 seconds
Resulting Fitness: 0.177778
-------------
Particle: 7:
Relays Coordinates:
68.9828, 96.204
61.234, 190.698
153.372, 84.8622
Evaluation Time: 1.13079 seconds
Resulting Fitness: 0.219444
New local best!
-------------
Particle: 8:
Relays Coordinates:
57.0192, 96.6737
34.1915, 193.266
106.7, 94.5817
Evaluation Time: 1.11287 seconds
Resulting Fitness: 0.180556
-------------
Particle: 9:
Relays Coordinates:
60.7552, 92.677
60.5605, 175.466
143.057, 87.8262
Evaluation Time: 1.11391 seconds
Resulting Fitness: 0.183333
-------------
Particle: 10:
Relays Coordinates:
70.2574, 88.3318
62.5535, 176.653
141.303, 84.0716
Evaluation Time: 1.10403 seconds
Resulting Fitness: 0.213889
-------------
Particle: 11:
Relays Coordinates:
102.921, 73.7976
20.8966, 132.298
93.0138, 66.6565
Evaluation Time: 1.05159 seconds
Resulting Fitness: 0.144444
-------------
Particle: 12:
Relays Coordinates:
63.2093, 100.198
56.336, 193.255
154.378, 107.785
Evaluation Time: 1.14611 seconds
Resulting Fitness: 0.225
-------------
Particle: 13:
Relays Coordinates:
60.5086, 91.2059
59.1143, 167.936
126.307, 68.8902
Evaluation Time: 1.08272 seconds
Resulting Fitness: 0.158333
-------------
Particle: 14:
Relays Coordinates:
49.9741, 99.9167
6.86741, 211.081
133.577, 109.288
Evaluation Time: 1.12772 seconds
Resulting Fitness: 0.211111
-------------
Particle: 15:
Relays Coordinates:
59.0457, 77.8132
35.193, 184.539
131.322, 95.6194
Evaluation Time: 1.10397 seconds
Resulting Fitness: 0.197222
-------------
Particle: 16:
Relays Coordinates:
63.1991, 94.3402
62.6085, 184.413
119.795, 94.1126
Evaluation Time: 1.12991 seconds
Resulting Fitness: 0.211111
New local best!
-------------
Particle: 17:
Relays Coordinates:
72.8214, 86.9397
58.6431, 167.579
143.224, 99.2789
Evaluation Time: 1.10255 seconds
Resulting Fitness: 0.186111
-------------
Particle: 18:
Relays Coordinates:
52.0685, 87.6663
41.546, 200.839
142.103, 107.491
Evaluation Time: 1.1387 seconds
Resulting Fitness: 0.211111
-------------
Particle: 19:
Relays Coordinates:
67.8972, 94.4959
54.6398, 194.335
115.644, 96.1873
Evaluation Time: 1.11674 seconds
Resulting Fitness: 0.2
-------------
Particle: 20:
Relays Coordinates:
64.9793, 89.0615
59.9708, 187.599
137.493, 97.4336
Evaluation Time: 1.12851 seconds
Resulting Fitness: 0.252778
New local best!
New global best!
Current global best fitness: 0.252778
Current global best relays: 64.9793, 89.0615
59.9708, 187.599
137.493, 97.4336
Particle 1 new velocities: 46.5313, 31.7452
18.8707, 102.815
40.5943, 62.9884
Particle 2 new velocities: 13.1608, 46.6382
7.22865, 85.0846
50.6641, 33.9752
Particle 3 new velocities: 29.8157, 46.4179
-13.3203, 113.242
57.5293, 41.9746
Particle 4 new velocities: 13.1426, 31.6906
38.7032, 49.7064
54.8888, 29.935
Particle 5 new velocities: 12.6188, 29.2138
7.81294, 50.6268
33.8284, 38.4467
Particle 6 new velocities: 10.2724, 35.1133
2.60664, 87.7394
34.5049, 64.3025
Particle 7 new velocities: 63.2616, 77.7817
56.6277, 163.579
120.466, 83.8702
Particle 8 new velocities: 36.5951, 53.209
29.1646, 107.74
81.2546, 55.5362
Particle 9 new velocities: 35.2172, 38.4077
29.1183, 105.773
52.6002, 43.7139
Particle 10 new velocities: 10.665, 25.0619
20.871, 74.3558
48.9791, 37.8892
Particle 11 new velocities: 243.58, 112.378
50.125, 275.153
162.441, 75.5071
Particle 12 new velocities: 18.1175, 6.94943
12.2072, 37.4986
23.7385, 14.4926
Particle 13 new velocities: 29.0285, 35.8069
15.5173, 100.226
62.825, 41.4825
Particle 14 new velocities: 32.9864, 28.8543
37.7, 58.8907
47.2633, -11.0613
Particle 15 new velocities: 34.1317, 35.9763
21.1298, 78.9837
60.6253, 43.6287
Particle 16 new velocities: 9.99163, 7.84413
6.0266, 18.516
-9.63087, 11.4992
Particle 17 new velocities: 35.0097, 15.2986
-11.0989, 63.9998
46.8101, 32.1073
Particle 18 new velocities: 29.6119, 64.6109
5.35172, 101.723
74.8732, 74.4785
Particle 19 new velocities: 10.1828, 26.0924
21.9223, 55.999
42.9511, 31.6541
Particle 20 new velocities: 10.2995, 13.5292
15.1229, 28.3568
33.4369, 15.0174
-- ITERATION 11 --
-------------
Particle: 1:
Relays Coordinates:
57.3625, 92.0199
26.9169, 175.218
92.5987, 98.2557
Evaluation Time: 1.11766 seconds
Resulting Fitness: 0.147222
-------------
Particle: 2:
Relays Coordinates:
50.647, 106.504
42.7369, 196.174
121.234, 92.951
Evaluation Time: 1.14967 seconds
Resulting Fitness: 0.227778
New local best!
-------------
Particle: 3:
Relays Coordinates:
51.5005, 81.6011
15.655, 186.17
113.308, 77.6726
Evaluation Time: 1.13548 seconds
Resulting Fitness: 0.180556
-------------
Particle: 4:
Relays Coordinates:
62.8833, 88.8018
47.8574, 163.326
145.28, 87.7628
Evaluation Time: 1.1085 seconds
Resulting Fitness: 0.188889
-------------
Particle: 5:
Relays Coordinates:
66.118, 98.6377
38.1555, 201.083
132.814, 111.937
Evaluation Time: 1.17108 seconds
Resulting Fitness: 0.225
New local best!
-------------
Particle: 6:
Relays Coordinates:
51.8785, 100.261
30.1164, 191.067
108.959, 102.541
Evaluation Time: 1.12745 seconds
Resulting Fitness: 0.191667
New local best!
-------------
Particle: 7:
Relays Coordinates:
70.2801, 92.4632
62.6365, 188.277
145.529, 89.6713
Evaluation Time: 1.1585 seconds
Resulting Fitness: 0.227778
New local best!
-------------
Particle: 8:
Relays Coordinates:
61.4204, 98.338
41.5679, 197.49
123.317, 98.4923
Evaluation Time: 1.13078 seconds
Resulting Fitness: 0.194444
-------------
Particle: 9:
Relays Coordinates:
69.9639, 95.5607
65.3758, 205.023
142.634, 95.8927
Evaluation Time: 1.18085 seconds
Resulting Fitness: 0.236111
New local best!
-------------
Particle: 10:
Relays Coordinates:
65.5472, 91.8489
67.5739, 203.317
154.129, 98.7882
Evaluation Time: 1.17349 seconds
Resulting Fitness: 0.236111
New local best!
-------------
Particle: 11:
Relays Coordinates:
120.817, 64.9154
24.7637, 142.07
89.0715, 49.5694
Evaluation Time: 1.09726 seconds
Resulting Fitness: 0.158333
-------------
Particle: 12:
Relays Coordinates:
65.8747, 86.7897
55.52, 186.91
144.275, 99.0452
Evaluation Time: 1.15581 seconds
Resulting Fitness: 0.227778
-------------
Particle: 13:
Relays Coordinates:
65.2725, 92.5923
54.4065, 195.49
137.877, 80.4617
Evaluation Time: 1.12459 seconds
Resulting Fitness: 0.211111
-------------
Particle: 14:
Relays Coordinates:
60.4783, 93.874
32.4896, 196.809
131.833, 71.6071
Evaluation Time: 1.11761 seconds
Resulting Fitness: 0.205556
-------------
Particle: 15:
Relays Coordinates:
67.9263, 82.9526
41.0593, 192.108
139.929, 101.512
Evaluation Time: 1.12677 seconds
Resulting Fitness: 0.211111
-------------
Particle: 16:
Relays Coordinates:
65.8717, 91.9659
61.7716, 182.636
99.1479, 95.0506
Evaluation Time: 1.12393 seconds
Resulting Fitness: 0.191667
-------------
Particle: 17:
Relays Coordinates:
78.6089, 74.5317
34.6597, 168.821
138.535, 95.7805
Evaluation Time: 1.10892 seconds
Resulting Fitness: 0.175
-------------
Particle: 18:
Relays Coordinates:
53.5905, 99.9091
30.7696, 198.511
142.358, 119.39
Evaluation Time: 1.12129 seconds
Resulting Fitness: 0.213889
-------------
Particle: 19:
Relays Coordinates:
63.2449, 97.6765
62.0153, 202.771
128.462, 103.552
Evaluation Time: 1.13009 seconds
Resulting Fitness: 0.225
New local best!
-------------
Particle: 20:
Relays Coordinates:
67.7509, 92.3316
67.5844, 194.36
153.837, 101.206
Evaluation Time: 1.16574 seconds
Resulting Fitness: 0.241667
Current global best fitness: 0.252778
Current global best relays: 64.9793, 89.0615
59.9708, 187.599
137.493, 97.4336
Particle 1 new velocities: 37.0225, 30.7916
14.573, 59.8809
67.2844, 46.3632
Particle 2 new velocities: 27.5367, 30.1355
12.0949, 67.1789
60.1677, 32.6186
Particle 3 new velocities: 35.5585, 77.9981
0.689019, 109.659
80.9711, 56.0694
Particle 4 new velocities: 21.4586, 26.2113
-7.77317, 58.2974
60.9742, 29.0549
Particle 5 new velocities: 8.884, 20.2087
20.2692, 36.7927
28.1382, 29.1578
Particle 6 new velocities: 18.9006, 17.0227
23.434, 68.3512
51.0992, 48.1117
Particle 7 new velocities: 48.4407, 60.32
43.2501, 130.145
90.4577, 69.8025
Particle 8 new velocities: 21.0977, 38.338
34.6453, 90.585
82.8644, 34.9492
Particle 9 new velocities: 23.8098, 29.477
20.7288, 73.7103
37.1122, 36.6692
Particle 10 new velocities: 8.12491, 19.7203
13.2633, 52.5465
20.8027, 29.9324
Particle 11 new velocities: 241.455, 112.423
57.967, 218.112
190.953, 92.9795
Particle 12 new velocities: 14.7627, 7.53801
14.3916, 27.8367
16.3169, 10.7955
Particle 13 new velocities: 20.9692, 25.8072
17.0803, 72.4014
47.7613, 42.2168
Particle 14 new velocities: 17.927, 33.8722
21.5458, 68.5953
36.1119, 26.8827
Particle 15 new velocities: 25.5977, 31.1291
42.4075, 60.7951
45.9902, 15.2198
Particle 16 new velocities: 3.03836, 6.63672
5.80151, 19.1729
18.9005, 11.3177
Particle 17 new velocities: 14.6035, 15.6243
13.8942, 88.0367
39.5209, 18.6034
Particle 18 new velocities: 29.0483, 44.5443
32.3022, 74.0852
55.775, 20.4709
Particle 19 new velocities: 8.36532, 16.1173
15.1769, 32.2573
37.6802, 24.5022
Particle 20 new velocities: 4.21095, 6.84127
-6.84267, 11.0248
11.4533, 11.0167
-- ITERATION 12 --
-------------
Particle: 1:
Relays Coordinates:
68.8067, 89.5296
30.2462, 171.387
116.555, 105.427
Evaluation Time: 1.10078 seconds
Resulting Fitness: 0.188889
New local best!
-------------
Particle: 2:
Relays Coordinates:
56.9959, 99.6099
39.9724, 191.984
132.242, 91.5402
Evaluation Time: 1.14864 seconds
Resulting Fitness: 0.188889
-------------
Particle: 3:
Relays Coordinates:
57.1194, 104.713
10.7233, 194.093
127.467, 87.7482
Evaluation Time: 1.1327 seconds
Resulting Fitness: 0.225
New local best!
-------------
Particle: 4:
Relays Coordinates:
68.3169, 93.1606
32.4683, 179.515
167.066, 94.6223
Evaluation Time: 1.14692 seconds
Resulting Fitness: 0.208333
-------------
Particle: 5:
Relays Coordinates:
60.7516, 96.2656
47.324, 192.679
130.372, 114.287
Evaluation Time: 1.14867 seconds
Resulting Fitness: 0.211111
-------------
Particle: 6:
Relays Coordinates:
57.3311, 94.9999
43.3759, 210.129
129.647, 122.029
Evaluation Time: 1.16425 seconds
Resulting Fitness: 0.186111
-------------
Particle: 7:
Relays Coordinates:
70.1035, 90.217
62.525, 188.025
139.348, 94.1677
Evaluation Time: 1.11757 seconds
Resulting Fitness: 0.230556
New local best!
-------------
Particle: 8:
Relays Coordinates:
60.1557, 99.6368
55.5595, 210.007
150.306, 97.2789
Evaluation Time: 1.18909 seconds
Resulting Fitness: 0.216667
New local best!
-------------
Particle: 9:
Relays Coordinates:
68.361, 91.1525
62.7703, 203.197
131.035, 96.6376
Evaluation Time: 1.13553 seconds
Resulting Fitness: 0.225
-------------
Particle: 10:
Relays Coordinates:
59.6744, 90.3711
65.4781, 207.249
141.694, 104.264
Evaluation Time: 1.14793 seconds
Resulting Fitness: 0.211111
-------------
Particle: 11:
Relays Coordinates:
126.317, 61.8341
28.8464, 125.588
97.6386, 49.7037
Evaluation Time: 1.05316 seconds
Resulting Fitness: 0.147222
-------------
Particle: 12:
Relays Coordinates:
72.5737, 84.8949
62.9204, 193.272
144.533, 98.8566
Evaluation Time: 1.1539 seconds
Resulting Fitness: 0.211111
-------------
Particle: 13:
Relays Coordinates:
62.8703, 86.3132
52.1138, 195.293
135.33, 89.4326
Evaluation Time: 1.09755 seconds
Resulting Fitness: 0.202778
-------------
Particle: 14:
Relays Coordinates:
57.1574, 93.127
39.3918, 193.48
122.432, 71.799
Evaluation Time: 1.09545 seconds
Resulting Fitness: 0.180556
-------------
Particle: 15:
Relays Coordinates:
75.7545, 92.4062
67.6081, 204.852
150.595, 94.5527
Evaluation Time: 1.18204 seconds
Resulting Fitness: 0.225
New local best!
-------------
Particle: 16:
Relays Coordinates:
62.019, 88.7424
60.8158, 181.628
106.244, 95.7315
Evaluation Time: 1.11074 seconds
Resulting Fitness: 0.202778
-------------
Particle: 17:
Relays Coordinates:
61.1567, 59.1514
31.8562, 168.524
116.823, 75.0473
Evaluation Time: 1.10637 seconds
Resulting Fitness: 0.138889
-------------
Particle: 18:
Relays Coordinates:
54.2193, 94.7759
41.3814, 178.85
129.995, 91.7626
Evaluation Time: 1.11842 seconds
Resulting Fitness: 0.188889
-------------
Particle: 19:
Relays Coordinates:
58.0042, 92.1729
62.5257, 190.373
134.575, 103.724
Evaluation Time: 1.13062 seconds
Resulting Fitness: 0.230556
New local best!
-------------
Particle: 20:
Relays Coordinates:
64.7656, 89.2556
54.6675, 184.846
148.761, 101
Evaluation Time: 1.14402 seconds
Resulting Fitness: 0.236111
Current global best fitness: 0.252778
Current global best relays: 64.9793, 89.0615
59.9708, 187.599
137.493, 97.4336
Particle 1 new velocities: 27.4003, 24.249
39.6504, 57.288
80.2571, 28.451
Particle 2 new velocities: 19.0553, 28.8102
33.6106, 55.5231
46.552, 32.2826
Particle 3 new velocities: 35.9302, 47.8076
34.823, 80.587
66.7274, 55.7855
Particle 4 new velocities: 15.4525, 22.9342
-7.03247, 65.9448
29.6357, 19.8815
Particle 5 new velocities: 16.1309, 15.7875
21.5738, 24.6014
25.9005, 4.68444
Particle 6 new velocities: 20.4156, 15.0051
14.3163, 31.6523
43.5486, 10.0433
Particle 7 new velocities: 35.6403, 47.6087
32.372, 103.847
70.6688, 56.429
Particle 8 new velocities: 17.1048, 26.6151
30.3313, 63.5694
54.5216, 28.1331
Particle 9 new velocities: 20.5991, 23.9364
17.1595, 58.3024
39.4097, 29.8133
Particle 10 new velocities: 11.4195, 15.6484
10.3179, 21.859
31.9241, 12.4783
Particle 11 new velocities: 224.747, 131.654
36.3931, 231.007
199.687, 97.7916
Particle 12 new velocities: 5.06037, 16.6047
7.05752, 5.07259
13.9721, 8.43626
Particle 13 new velocities: 19.6096, 27.1552
19.6801, 59.0352
40.4811, 34.4496
Particle 14 new velocities: 18.8797, 29.7887
12.2482, 87.5607
45.5944, 58.5071
Particle 15 new velocities: 11.5176, 24.519
28.6483, 38.891
25.8245, 12.8838
Particle 16 new velocities: 6.07026, 14.1923
6.36627, 21.3242
43.0809, 7.52098
Particle 17 new velocities: 47.7469, 30.6147
27.6576, 98.2016
93.0564, 55.4102
Particle 18 new velocities: 24.3776, 43.8495
24.3411, 78.2125
64.2337, 24.3819
Particle 19 new velocities: 14.5003, 9.79812
9.02742, 24.3237
32.4559, 13.668
Particle 20 new velocities: 3.7746, 5.36733
3.93611, 15.5314
-18.921, 6.67824
-- ITERATION 13 --
-------------
Particle: 1:
Relays Coordinates:
70.1349, 82.9447
50.9546, 166.704
143.476, 97.5972
Evaluation Time: 1.10395 seconds
Resulting Fitness: 0.177778
-------------
Particle: 2:
Relays Coordinates:
55.4414, 93.6183
53.642, 180.433
130.341, 90.2668
Evaluation Time: 1.10987 seconds
Resulting Fitness: 0.186111
-------------
Particle: 3:
Relays Coordinates:
61.0499, 100.069
29.8829, 180.218
127.411, 94.1725
Evaluation Time: 1.11102 seconds
Resulting Fitness: 0.186111
-------------
Particle: 4:
Relays Coordinates:
67.8532, 94.0368
20.603, 198.823
159.328, 92.7481
Evaluation Time: 1.1585 seconds
Resulting Fitness: 0.222222
New local best!
-------------
Particle: 5:
Relays Coordinates:
62.2748, 90.763
55.8072, 175.997
126.58, 96.3667
Evaluation Time: 1.12543 seconds
Resulting Fitness: 0.211111
-------------
Particle: 6:
Relays Coordinates:
62.9748, 89.104
46.7307, 195.843
140.289, 106.978
Evaluation Time: 1.11946 seconds
Resulting Fitness: 0.225
New local best!
-------------
Particle: 7:
Relays Coordinates:
69.3785, 90.4274
62.262, 191.497
137.792, 98.8065
Evaluation Time: 1.11875 seconds
Resulting Fitness: 0.241667
New local best!
-------------
Particle: 8:
Relays Coordinates:
62.581, 102.264
69.5715, 221.597
165.911, 101.584
Evaluation Time: 1.23138 seconds
Resulting Fitness: 0.205556
-------------
Particle: 9:
Relays Coordinates:
72.0577, 93.2221
64.7432, 211.814
138.06, 102.425
Evaluation Time: 1.18991 seconds
Resulting Fitness: 0.227778
-------------
Particle: 10:
Relays Coordinates:
63.9845, 95.4175
68.2164, 206.197
156.257, 105.068
Evaluation Time: 1.18092 seconds
Resulting Fitness: 0.219444
-------------
Particle: 11:
Relays Coordinates:
122.408, 67.465
22.7476, 124.337
103.671, 51.4284
Evaluation Time: 1.04397 seconds
Resulting Fitness: 0.136111
-------------
Particle: 12:
Relays Coordinates:
69.8707, 91.3496
62.9801, 178.51
142.654, 96.5636
Evaluation Time: 1.14272 seconds
Resulting Fitness: 0.216667
-------------
Particle: 13:
Relays Coordinates:
66.8087, 91.9094
58.1531, 206.006
142.407, 100.345
Evaluation Time: 1.15053 seconds
Resulting Fitness: 0.227778
New local best!
-------------
Particle: 14:
Relays Coordinates:
55.4311, 89.6056
37.6455, 204.879
122.491, 94.9931
Evaluation Time: 1.09948 seconds
Resulting Fitness: 0.2
-------------
Particle: 15:
Relays Coordinates:
70.6904, 94.7094
77.9677, 197.431
142.9, 87.0236
Evaluation Time: 1.13237 seconds
Resulting Fitness: 0.230556
New local best!
-------------
Particle: 16:
Relays Coordinates:
61.2804, 92.6412
60.4639, 182.657
134.392, 92.9272
Evaluation Time: 1.11544 seconds
Resulting Fitness: 0.2
-------------
Particle: 17:
Relays Coordinates:
64.3065, 53.006
35.1423, 157.499
123.931, 77.0338
Evaluation Time: 1.12828 seconds
Resulting Fitness: 0.136111
-------------
Particle: 18:
Relays Coordinates:
57.2971, 101.058
47.9117, 187.399
141.593, 84.6694
Evaluation Time: 1.09624 seconds
Resulting Fitness: 0.202778
-------------
Particle: 19:
Relays Coordinates:
65.2541, 91.7739
64.3978, 193.227
150.328, 105.652
Evaluation Time: 1.18113 seconds
Resulting Fitness: 0.244444
New local best!
-------------
Particle: 20:
Relays Coordinates:
68.5402, 94.6229
58.6036, 200.378
129.84, 107.679
Evaluation Time: 1.15967 seconds
Resulting Fitness: 0.230556
Current global best fitness: 0.252778
Current global best relays: 64.9793, 89.0615
59.9708, 187.599
137.493, 97.4336
Particle 1 new velocities: 14.8615, 30.6563
12.5342, 56.8692
58.9647, 30.4426
Particle 2 new velocities: 22.9312, 30.9605
31.3428, 58.728
31.0236, 35.011
Particle 3 new velocities: 30.0362, 35.3577
38.204, 87.4461
56.2249, 37.7801
Particle 4 new velocities: 9.61206, 15.8762
33.6789, 45.2937
0.755351, 19.8957
Particle 5 new velocities: 15.0022, 22.0622
-2.7813, 31.5798
29.7736, 9.91091
Particle 6 new velocities: 16.4395, 11.9738
19.6525, 19.1956
32.0056, -0.194903
Particle 7 new velocities: 26.7844, 37.7266
23.9382, 81.2488
56.1698, 44.0017
Particle 8 new velocities: 12.2166, 6.12214
3.43338, 28.465
17.6244, 18.5916
Particle 9 new velocities: 5.30793, 20.0442
10.5763, 9.66224
33.8197, 12.8339
Particle 10 new velocities: 12.0215, 4.95057
0.189153, 8.96529
23.8644, -2.9244
Particle 11 new velocities: 204.727, 136.239
56.8313, 219.736
195.275, 76.4199
Particle 12 new velocities: 2.72685, 10.2308
-2.84974, 13.739
11.6619, 11.2453
Particle 13 new velocities: 13.3975, 21.1199
17.0586, 26.8178
28.6131, 27.5177
Particle 14 new velocities: 22.6305, 26.9522
19.5798, 60.4795
54.884, 25.627
Particle 15 new velocities: 4.58365, 18.4974
6.63247, 24.3007
18.6218, 12.4188
Particle 16 new velocities: 9.45595, 11.4062
5.50206, 22.2731
24.942, 9.75298
Particle 17 new velocities: 44.5644, 60.4033
41.0482, 95.631
99.743, 68.9529
Particle 18 new velocities: 19.5466, 20.3382
7.23335, 67.6299
48.1688, 40.0813
Particle 19 new velocities: 11.5328, 7.30318
4.75196, 13.4352
18.3146, 8.61961
Particle 20 new velocities: -4.79131, -3.42097
5.38844, -18.1047
-8.8086, -21.3699
-- ITERATION 14 --
-------------
Particle: 1:
Relays Coordinates:
68.8471, 92.0167
51.426, 181.094
163.977, 103.712
Evaluation Time: 1.14682 seconds
Resulting Fitness: 0.213889
New local best!
-------------
Particle: 2:
Relays Coordinates:
63.4818, 100.909
68.8376, 193.72
130.705, 101.475
Evaluation Time: 1.14271 seconds
Resulting Fitness: 0.233333
New local best!
-------------
Particle: 3:
Relays Coordinates:
66.4018, 98.726
49.6354, 195.127
133.87, 96.1935
Evaluation Time: 1.13213 seconds
Resulting Fitness: 0.211111
-------------
Particle: 4:
Relays Coordinates:
62.7469, 89.0295
43.9683, 197.734
129.668, 91.2415
Evaluation Time: 1.11336 seconds
Resulting Fitness: 0.208333
-------------
Particle: 5:
Relays Coordinates:
62.5944, 91.3884
42.951, 168.137
126.647, 86.0848
Evaluation Time: 1.12913 seconds
Resulting Fitness: 0.183333
-------------
Particle: 6:
Relays Coordinates:
71.4729, 90.9701
59.7449, 193.535
155.065, 96.1051
Evaluation Time: 1.15216 seconds
Resulting Fitness: 0.227778
New local best!
-------------
Particle: 7:
Relays Coordinates:
70.1028, 93.4243
62.84, 198.832
141.398, 104.107
Evaluation Time: 1.19473 seconds
Resulting Fitness: 0.25
New local best!
-------------
Particle: 8:
Relays Coordinates:
60.5861, 87.7928
59.134, 202.55
148.663, 97.342
Evaluation Time: 1.19444 seconds
Resulting Fitness: 0.238889
New local best!
-------------
Particle: 9:
Relays Coordinates:
62.6661, 91.7457
61.0088, 179.396
139.223, 93.3599
Evaluation Time: 1.12777 seconds
Resulting Fitness: 0.2
-------------
Particle: 10:
Relays Coordinates:
68.4054, 90.3313
61.565, 193.646
162.109, 91.9291
Evaluation Time: 1.16288 seconds
Resulting Fitness: 0.241667
New local best!
-------------
Particle: 11:
Relays Coordinates:
114.065, 71.0272
27.7474, 119.971
104.236, 44.578
Evaluation Time: 1.08329 seconds
Resulting Fitness: 0.15
-------------
Particle: 12:
Relays Coordinates:
65.3378, 91.4224
54.1173, 173.024
138.884, 97.028
Evaluation Time: 1.11309 seconds
Resulting Fitness: 0.202778
-------------
Particle: 13:
Relays Coordinates:
64.967, 91.5538
60.9214, 188.587
138.527, 103.568
Evaluation Time: 1.13741 seconds
Resulting Fitness: 0.227778
-------------
Particle: 14:
Relays Coordinates:
56.9069, 84.9706
41.7173, 193.446
129.306, 87.9321
Evaluation Time: 1.11156 seconds
Resulting Fitness: 0.2
-------------
Particle: 15:
Relays Coordinates:
60.972, 91.6975
68.5261, 179.603
130.832, 80.5483
Evaluation Time: 1.13367 seconds
Resulting Fitness: 0.191667
-------------
Particle: 16:
Relays Coordinates:
63.6627, 93.6427
59.3693, 184.437
143.401, 92.4122
Evaluation Time: 1.14918 seconds
Resulting Fitness: 0.213889
New local best!
-------------
Particle: 17:
Relays Coordinates:
79.3669, 82.6754
55.5428, 184.532
163.059, 106.424
Evaluation Time: 1.17478 seconds
Resulting Fitness: 0.205556
New local best!
-------------
Particle: 18:
Relays Coordinates:
62.2434, 98.3309
44.6675, 206.573
153.707, 101.048
Evaluation Time: 1.18613 seconds
Resulting Fitness: 0.216667
-------------
Particle: 19:
Relays Coordinates:
69.1082, 89.1694
62.2348, 185.996
151.778, 102.845
Evaluation Time: 1.18585 seconds
Resulting Fitness: 0.252778
New local best!
-------------
Particle: 20:
Relays Coordinates:
63.7489, 91.202
63.9921, 182.273
121.031, 86.3087
Evaluation Time: 1.11447 seconds
Resulting Fitness: 0.219444
Current global best fitness: 0.252778
Current global best relays: 64.9793, 89.0615
59.9708, 187.599
137.493, 97.4336
Particle 1 new velocities: 7.72405, 24.2604
12.9163, 48.2105
19.7872, 19.4918
Particle 2 new velocities: 19.2685, 19.8698
15.5424, 43.7132
26.4695, 27.4046
Particle 3 new velocities: 19.1092, 33.771
15.92, 62.041
36.9761, 23.7659
Particle 4 new velocities: 13.5673, 17.4346
13.6488, 31.8392
19.3373, 18.7128
Particle 5 new velocities: 16.5436, 25.0299
-5.05129, 52.5375
32.7566, 52.5905
Particle 6 new velocities: 11.7705, 8.95723
15.7909, 12.98
13.4347, 1.50119
Particle 7 new velocities: 17.7524, 25.0255
17.8157, 57.6656
44.6784, 31.6807
Particle 8 new velocities: 13.0216, 5.87149
3.45722, 6.90861
3.08554, 14.888
Particle 9 new velocities: 17.7969, 19.7874
9.48924, 32.5472
28.0462, 16.5072
Particle 10 new velocities: 5.34088, 3.53921
-1.47777, 6.28752
-6.31502, 1.90387
Particle 11 new velocities: 228.246, 136.738
36.3924, 219.174
174.471, 106.498
Particle 12 new velocities: 4.17482, 6.54871
3.33044, 22.8163
12.7806, 9.31159
Particle 13 new velocities: 13.007, 15.2256
8.49182, 26.2741
25.8326, 17.4428
Particle 14 new velocities: 16.4127, 45.5024
-15.7183, 47.2353
50.6148, 22.166
Particle 15 new velocities: 18.0441, 14.2807
10.2089, 33.4784
23.1973, 24.2067
Particle 16 new velocities: 8.26077, 5.90647
4.55662, 18.7659
14.9521, 12.0109
Particle 17 new velocities: 30.1118, 53.309
35.9907, 79.8035
52.9951, 44.0796
Particle 18 new velocities: 7.75345, 18.2009
9.88672, 44.0179
10.7658, 24.9665
Particle 19 new velocities: 6.10538, 5.73751
3.17875, 12.3821
8.09496, 1.8515
Particle 20 new velocities: -2.61963, -7.77063
-2.66839, -0.541548
16.5358, 1.41966
-- ITERATION 15 --
-------------
Particle: 1:
Relays Coordinates:
62.0226, 94.1845
52.1172, 185.737
148.849, 99.7953
Evaluation Time: 1.15091 seconds
Resulting Fitness: 0.219444
New local best!
-------------
Particle: 2:
Relays Coordinates:
67.0277, 97.8307
68.3479, 192.321
127.312, 104.393
Evaluation Time: 1.12409 seconds
Resulting Fitness: 0.230556
-------------
Particle: 3:
Relays Coordinates:
62.3375, 96.5903
47.7898, 187.475
124.547, 87.4504
Evaluation Time: 1.11647 seconds
Resulting Fitness: 0.194444
-------------
Particle: 4:
Relays Coordinates:
68.6827, 95.8177
51.8554, 206.616
134.104, 98.9588
Evaluation Time: 1.13765 seconds
Resulting Fitness: 0.216667
-------------
Particle: 5:
Relays Coordinates:
64.1018, 94.2988
30.6988, 178.747
129.117, 112.327
Evaluation Time: 1.11944 seconds
Resulting Fitness: 0.205556
-------------
Particle: 6:
Relays Coordinates:
74.9191, 89.9346
67.9822, 185.863
151.65, 87.8457
Evaluation Time: 1.12023 seconds
Resulting Fitness: 0.208333
-------------
Particle: 7:
Relays Coordinates:
71.1627, 95.9443
65.3311, 207.763
150.722, 109.988
Evaluation Time: 1.17711 seconds
Resulting Fitness: 0.225
-------------
Particle: 8:
Relays Coordinates:
73.6077, 93.6643
62.5912, 209.458
151.749, 112.23
Evaluation Time: 1.19556 seconds
Resulting Fitness: 0.213889
-------------
Particle: 9:
Relays Coordinates:
65.1751, 90.3418
57.1034, 171.674
135.488, 88.9923
Evaluation Time: 1.12578 seconds
Resulting Fitness: 0.211111
-------------
Particle: 10:
Relays Coordinates:
73.7462, 93.8705
60.0873, 199.934
155.794, 93.833
Evaluation Time: 1.16182 seconds
Resulting Fitness: 0.225
-------------
Particle: 11:
Relays Coordinates:
119.356, 72.4432
22.3642, 118.253
97.1791, 52.6769
Evaluation Time: 1.0477 seconds
Resulting Fitness: 0.138889
-------------
Particle: 12:
Relays Coordinates:
62.5613, 88.174
51.703, 176.257
136.499, 95.7057
Evaluation Time: 1.10202 seconds
Resulting Fitness: 0.205556
-------------
Particle: 13:
Relays Coordinates:
70.1766, 96.1014
62.4719, 193.375
147.923, 108.91
Evaluation Time: 1.14955 seconds
Resulting Fitness: 0.244444
New local best!
-------------
Particle: 14:
Relays Coordinates:
53.45, 95.1148
18.9532, 175.457
131.163, 80.2615
Evaluation Time: 1.09366 seconds
Resulting Fitness: 0.172222
-------------
Particle: 15:
Relays Coordinates:
71.1144, 95.3804
70.8615, 191.773
138.627, 94.2795
Evaluation Time: 1.14981 seconds
Resulting Fitness: 0.238889
New local best!
-------------
Particle: 16:
Relays Coordinates:
64.7311, 89.5943
57.5334, 182.883
142.517, 93.9808
Evaluation Time: 1.12755 seconds
Resulting Fitness: 0.222222
New local best!
-------------
Particle: 17:
Relays Coordinates:
71.8289, 89.2193
60.0551, 173.43
141.753, 98.7456
Evaluation Time: 1.14138 seconds
Resulting Fitness: 0.213889
New local best!
-------------
Particle: 18:
Relays Coordinates:
56.6974, 94.3907
44.1889, 202.979
133.223, 102.072
Evaluation Time: 1.106 seconds
Resulting Fitness: 0.197222
-------------
Particle: 19:
Relays Coordinates:
67.6922, 85.4162
58.8722, 178.54
143.886, 94.2267
Evaluation Time: 1.12143 seconds
Resulting Fitness: 0.213889
-------------
Particle: 20:
Relays Coordinates:
61.1293, 83.4314
61.3237, 181.732
137.567, 87.7284
Evaluation Time: 1.09349 seconds
Resulting Fitness: 0.211111
Current global best fitness: 0.252778
Current global best relays: 64.9793, 89.0615
59.9708, 187.599
137.493, 97.4336
Particle 1 new velocities: 7.07425, 14.1163
19.6763, 39.5724
10.2665, 14.1569
Particle 2 new velocities: 11.2374, 8.55861
10.0631, 31.7652
31.8113, 20.4771
Particle 3 new velocities: 10.5943, 18.4796
21.5567, 52.4032
39.5931, 30.8164
Particle 4 new velocities: 8.36475, 7.8178
-6.41497, 17.1789
50.1656, 5.54091
Particle 5 new velocities: 16.8123, 19.0411
12.3714, 54.5843
39.9494, 23.5583
Particle 6 new velocities: -4.12578, 6.76231
4.49747, 22.4029
13.2792, 13.7207
Particle 7 new velocities: 7.41981, 9.84049
3.8004, 10.1134
18.425, 5.54427
Particle 8 new velocities: -9.34286, 0.343304
-1.00446, -23.6896
-13.3019, -18.0811
Particle 9 new velocities: 16.5481, 21.3804
19.209, 58.328
34.7336, 31.9273
Particle 10 new velocities: -7.79208, -5.91477
0.346142, -12.1837
-15.6761, 2.49534
Particle 11 new velocities: 132.315, 129.425
52.7617, 178.279
143.18, 114.073
Particle 12 new velocities: 14.285, 5.81431
15.4148, 37.9822
20.0974, 9.13455
Particle 13 new velocities: 9.65281, 5.41509
5.07879, 16.1206
14.2316, 1.93359
Particle 14 new velocities: 17.4156, 43.6324
-1.13172, 121.529
43.4421, 20.9105
Particle 15 new velocities: 8.30228, 4.69726
5.92245, 22.9084
17.8887, 21.6456
Particle 16 new velocities: 6.79941, 4.31252
5.41207, 21.1133
7.9719, 12.2898
Particle 17 new velocities: 20.1826, 42.6238
28.7706, 74.5717
39.6426, 33.5638
Particle 18 new velocities: 12.1719, 9.14027
1.48655, 26.3354
15.1623, 13.5148
Particle 19 new velocities: 4.26316, 12.8109
7.89161, 16.8604
10.6567, 14.8876
Particle 20 new velocities: -1.21622, 1.45963
-3.92168, 7.33774
13.0759, 17.669
-- ITERATION 16 --
-------------
Particle: 1:
Relays Coordinates:
62.1872, 97.4707
64.6142, 202.778
143.204, 102.557
Evaluation Time: 1.16461 seconds
Resulting Fitness: 0.225
New local best!
-------------
Particle: 2:
Relays Coordinates:
70.4386, 95.7504
70.5698, 201.678
143.211, 112.383
Evaluation Time: 1.19405 seconds
Resulting Fitness: 0.222222
-------------
Particle: 3:
Relays Coordinates:
59.0748, 93.2066
56.1707, 194.302
132.953, 95.7961
Evaluation Time: 1.10971 seconds
Resulting Fitness: 0.208333
-------------
Particle: 4:
Relays Coordinates:
69.3427, 93.272
40.8964, 201.415
165.843, 94.0498
Evaluation Time: 1.17907 seconds
Resulting Fitness: 0.227778
New local best!
-------------
Particle: 5:
Relays Coordinates:
65.5404, 91.8053
34.8868, 188.998
136.944, 110.067
Evaluation Time: 1.11729 seconds
Resulting Fitness: 0.225
-------------
Particle: 6:
Relays Coordinates:
70.7933, 96.6969
72.4797, 208.266
164.929, 101.566
Evaluation Time: 1.20115 seconds
Resulting Fitness: 0.247222
New local best!
-------------
Particle: 7:
Relays Coordinates:
70.7243, 95.2064
62.2183, 196.089
152.232, 103.979
Evaluation Time: 1.1566 seconds
Resulting Fitness: 0.233333
-------------
Particle: 8:
Relays Coordinates:
64.2648, 94.0076
61.5868, 185.769
138.447, 94.1489
Evaluation Time: 1.11597 seconds
Resulting Fitness: 0.219444
-------------
Particle: 9:
Relays Coordinates:
66.1957, 90.495
61.8131, 186.302
137.879, 97.9448
Evaluation Time: 1.23447 seconds
Resulting Fitness: 0.238889
New local best!
-------------
Particle: 10:
Relays Coordinates:
65.9542, 87.9557
60.4334, 187.75
140.118, 96.3283
Evaluation Time: 1.12809 seconds
Resulting Fitness: 0.238889
-------------
Particle: 11:
Relays Coordinates:
97.5028, 78.2078
29.1053, 114.882
93.1199, 64.6025
Evaluation Time: 1.04472 seconds
Resulting Fitness: 0.133333
-------------
Particle: 12:
Relays Coordinates:
69.1617, 84.5895
60.406, 192.815
140.936, 94.3562
Evaluation Time: 1.11326 seconds
Resulting Fitness: 0.213889
-------------
Particle: 13:
Relays Coordinates:
71.8464, 91.3649
60.7956, 188.546
145.939, 99.7593
Evaluation Time: 1.16433 seconds
Resulting Fitness: 0.233333
-------------
Particle: 14:
Relays Coordinates:
46.4949, 91.032
11.6927, 194.852
114.558, 66.3789
Evaluation Time: 1.11321 seconds
Resulting Fitness: 0.161111
-------------
Particle: 15:
Relays Coordinates:
71.475, 90.0699
69.1056, 193.214
140.864, 104.333
Evaluation Time: 1.18463 seconds
Resulting Fitness: 0.25
New local best!
-------------
Particle: 16:
Relays Coordinates:
71.5305, 93.9068
62.9454, 203.996
150.489, 106.271
Evaluation Time: 1.18011 seconds
Resulting Fitness: 0.230556
New local best!
-------------
Particle: 17:
Relays Coordinates:
67.0764, 96.1136
64.7539, 180.793
132.237, 96.4536
Evaluation Time: 1.1358 seconds
Resulting Fitness: 0.208333
-------------
Particle: 18:
Relays Coordinates:
61.9825, 93.1779
41.1079, 206.383
133.547, 104.028
Evaluation Time: 1.13733 seconds
Resulting Fitness: 0.222222
New local best!
-------------
Particle: 19:
Relays Coordinates:
64.7599, 88.4044
60.0874, 175.861
139.088, 98.2029
Evaluation Time: 1.15515 seconds
Resulting Fitness: 0.216667
-------------
Particle: 20:
Relays Coordinates:
59.9131, 84.891
57.402, 189.069
150.643, 105.397
Evaluation Time: 1.12982 seconds
Resulting Fitness: 0.219444
Current global best fitness: 0.252778
Current global best relays: 64.9793, 89.0615
59.9708, 187.599
137.493, 97.4336
Particle 1 new velocities: 6.41141, 4.36169
15.326, 21.0159
6.93283, 4.88337
Particle 2 new velocities: -6.7747, 12.2605
3.42981, -0.819771
5.89832, -11.8157
Particle 3 new velocities: 11.8793, 16.8769
-45.548, 36.041
30.7832, 18.1739
Particle 4 new velocities: 2.12619, 1.34671
4.511, -0.537983
21.8075, 5.67309
Particle 5 new velocities: 13.5246, 24.289
24.291, 55.7934
32.1006, 4.86568
Particle 6 new velocities: -9.98336, 5.19887
-8.80766, -5.91456
-16.8997, 10.7497
Particle 7 new velocities: -1.30134, 0.752889
1.88281, 6.76407
8.51246, 1.00553
Particle 8 new velocities: -12.7532, -8.65658
-2.65985, -15.7603
-1.01825, -12.522
Particle 9 new velocities: 12.1482, 16.8501
14.8783, 48.0174
27.5566, 25.1219
Particle 10 new velocities: -3.88922, -0.835954
1.67489, -4.30492
3.19428, -2.01799
Particle 11 new velocities: 139.408, 116.859
30.7112, 196.207
150.088, 95.8947
Particle 12 new velocities: 5.94563, 11.6085
10.9939, 17.2126
12.0586, 11.6138
Particle 13 new velocities: -0.596471, 6.87673
5.62739, 17.7914
5.98001, 10.4198
Particle 14 new velocities: 32.7472, 61.8012
32.5119, 124.91
81.3279, 63.413
Particle 15 new velocities: 1.0261, 2.60053
-3.34799, 11.6804
11.699, 9.30192
Particle 16 new velocities: -2.19252, 1.31694
2.426, 8.70392
-8.4885, 1.29573
Particle 17 new velocities: 21.298, 28.4142
16.7588, 57.0329
45.8852, 29.6955
Particle 18 new velocities: 11.6951, 5.41636
20.5144, 4.60717
14.7661, 10.6878
Particle 19 new velocities: 6.62118, 11.4357
8.84639, 38.3794
22.5658, 15.3432
Particle 20 new velocities: 2.08695, 5.69983
2.48558, 2.42218
-5.85845, 6.83833
-- ITERATION 17 --
-------------
Particle: 1:
Relays Coordinates:
61.7387, 91.6491
71.9462, 201.415
135.123, 96.6963
Evaluation Time: 1.17994 seconds
Resulting Fitness: 0.225
-------------
Particle: 2:
Relays Coordinates:
57.2975, 97.2098
66.5997, 180.772
134.198, 90.5103
Evaluation Time: 1.13672 seconds
Resulting Fitness: 0.197222
-------------
Particle: 3:
Relays Coordinates:
57.4728, 89.1676
8.60438, 186.577
132.627, 92.3157
Evaluation Time: 1.10509 seconds
Resulting Fitness: 0.188889
-------------
Particle: 4:
Relays Coordinates:
71.4689, 94.6187
45.4074, 200.877
187.65, 99.7228
Evaluation Time: 1.15954 seconds
Resulting Fitness: 0.163889
-------------
Particle: 5:
Relays Coordinates:
64.0426, 94.0364
47.934, 198.281
136.926, 93.0956
Evaluation Time: 1.11186 seconds
Resulting Fitness: 0.205556
-------------
Particle: 6:
Relays Coordinates:
60.8099, 101.896
63.672, 202.352
148.029, 112.316
Evaluation Time: 1.19298 seconds
Resulting Fitness: 0.238889
-------------
Particle: 7:
Relays Coordinates:
69.4229, 95.9592
64.1011, 202.853
160.745, 104.985
Evaluation Time: 1.20598 seconds
Resulting Fitness: 0.238889
-------------
Particle: 8:
Relays Coordinates:
51.5116, 85.3511
58.9269, 170.008
137.429, 81.6269
Evaluation Time: 1.10918 seconds
Resulting Fitness: 0.188889
-------------
Particle: 9:
Relays Coordinates:
70.5095, 96.6106
69.0222, 210.887
148.892, 110.76
Evaluation Time: 1.20189 seconds
Resulting Fitness: 0.225
-------------
Particle: 10:
Relays Coordinates:
62.0649, 87.1198
62.1083, 183.445
143.312, 94.3103
Evaluation Time: 1.14255 seconds
Resulting Fitness: 0.230556
-------------
Particle: 11:
Relays Coordinates:
91.7842, 75.5727
23.1741, 120.522
94.2238, 62.1799
Evaluation Time: 1.16654 seconds
Resulting Fitness: 0.133333
-------------
Particle: 12:
Relays Coordinates:
67.5966, 86.5782
64.2599, 189.025
137.695, 95.373
Evaluation Time: 1.16965 seconds
Resulting Fitness: 0.25
New local best!
-------------
Particle: 13:
Relays Coordinates:
64.125, 88.4174
59.7807, 185.704
136.727, 99.1611
Evaluation Time: 1.141 seconds
Resulting Fitness: 0.238889
-------------
Particle: 14:
Relays Coordinates:
51.9907, 100.274
29.0026, 209.796
128.521, 85.1565
Evaluation Time: 1.13557 seconds
Resulting Fitness: 0.188889
-------------
Particle: 15:
Relays Coordinates:
72.5011, 92.6704
65.7576, 204.894
152.563, 113.635
Evaluation Time: 1.14223 seconds
Resulting Fitness: 0.225
-------------
Particle: 16:
Relays Coordinates:
69.338, 95.2237
65.3714, 212.7
142.001, 107.566
Evaluation Time: 1.16327 seconds
Resulting Fitness: 0.222222
-------------
Particle: 17:
Relays Coordinates:
64.4249, 90.7807
59.4227, 173.375
129.851, 91.9626
Evaluation Time: 1.10801 seconds
Resulting Fitness: 0.191667
-------------
Particle: 18:
Relays Coordinates:
66.3098, 88.7348
55.4601, 189.891
133.481, 103.244
Evaluation Time: 1.12217 seconds
Resulting Fitness: 0.227778
New local best!
-------------
Particle: 19:
Relays Coordinates:
64.2429, 89.8561
62.0404, 192.816
145.489, 102.191
Evaluation Time: 1.12724 seconds
Resulting Fitness: 0.238889
-------------
Particle: 20:
Relays Coordinates:
62, 90.5908
59.8876, 191.492
144.785, 112.236
Evaluation Time: 1.1658 seconds
Resulting Fitness: 0.225
Current global best fitness: 0.252778
Current global best relays: 64.9793, 89.0615
59.9708, 187.599
137.493, 97.4336
Particle 1 new velocities: 6.40366, 5.84077
-4.57421, 11.7911
10.4186, 13.6136
Particle 2 new velocities: 7.11035, 4.76499
1.99987, 13.3085
5.64841, 0.203783
Particle 3 new velocities: 12.7836, 23.6966
22.6455, 35.8986
22.7208, 14.2697
Particle 4 new velocities: -0.184371, -6.21833
6.95181, -11.0619
11.5154, -6.36915
Particle 5 new velocities: 11.5923, 22.4534
14.2167, 40.9059
24.0615, 27.0315
Particle 6 new velocities: -5.77007, -10.8798
-1.77165, -15.2807
-0.750247, 4.44134
Particle 7 new velocities: -2.57554, -3.16945
-1.92239, -12.1337
-50.3184, -7.97673
Particle 8 new velocities: 12.3045, -2.51939
-1.71641, 37.67
16.2684, 27.9385
Particle 9 new velocities: 7.1131, 4.76863
5.80925, 13.3307
2.65523, -5.34273
Particle 10 new velocities: -1.1026, 2.60781
0.0960959, 7.55275
17.8759, -0.959835
Particle 11 new velocities: 119.751, 98.6254
43.1713, 223.34
175.486, 83.6003
Particle 12 new velocities: 3.39589, 12.1229
5.93435, 13.4982
9.38618, 11.3462
Particle 13 new velocities: 3.83391, 7.05248
5.95047, 20.1034
21.4232, 20.7937
Particle 14 new velocities: 36.164, 44.1184
45.5415, 96.0541
70.2535, 60.8534
Particle 15 new velocities: -8.57811, -5.43699
-1.29825, -31.6632
0.108707, -9.03355
Particle 16 new velocities: -5.41219, -4.45991
0.120045, -30.3858
-4.51147, -0.0255501
Particle 17 new velocities: 30.1267, 20.5764
14.6679, 59.5526
55.4607, 36.895
Particle 18 new velocities: 7.85336, 4.38385
22.2569, 3.20505
12.278, 5.71254
Particle 19 new velocities: 8.52169, 8.33328
4.69841, 20.9234
20.3536, 9.64632
Particle 20 new velocities: 7.58288, 3.55581
2.21886, -3.35797
-15.3911, -12.7951
-- ITERATION 18 --
-------------
Particle: 1:
Relays Coordinates:
68.1424, 97.4899
67.3719, 213.206
145.542, 110.31
Evaluation Time: 1.16752 seconds
Resulting Fitness: 0.222222
-------------
Particle: 2:
Relays Coordinates:
57.9671, 91.7773
61.7396, 174.673
125.862, 81.6426
Evaluation Time: 1.10179 seconds
Resulting Fitness: 0.177778
-------------
Particle: 3:
Relays Coordinates:
63.2308, 101.578
28.1249, 200.228
139.813, 95.9268
Evaluation Time: 1.1456 seconds
Resulting Fitness: 0.211111
-------------
Particle: 4:
Relays Coordinates:
64.1561, 79.5603
47.1233, 170.834
179.249, 84.0183
Evaluation Time: 1.15222 seconds
Resulting Fitness: 0.177778
-------------
Particle: 5:
Relays Coordinates:
61.2643, 94.3567
50.3421, 193.741
130.4, 97.3029
Evaluation Time: 1.10477 seconds
Resulting Fitness: 0.2
-------------
Particle: 6:
Relays Coordinates:
55.0399, 91.016
61.9004, 187.071
147.279, 116.757
Evaluation Time: 1.22186 seconds
Resulting Fitness: 0.233333
-------------
Particle: 7:
Relays Coordinates:
66.8474, 92.7898
62.1787, 190.719
110.426, 97.008
Evaluation Time: 1.18023 seconds
Resulting Fitness: 0.216667
-------------
Particle: 8:
Relays Coordinates:
57.4345, 74.5485
51.4894, 186.911
138.327, 98.6089
Evaluation Time: 1.17947 seconds
Resulting Fitness: 0.208333
-------------
Particle: 9:
Relays Coordinates:
69.8604, 91.2413
67.3483, 201.796
136.393, 94.8756
Evaluation Time: 1.17186 seconds
Resulting Fitness: 0.227778
-------------
Particle: 10:
Relays Coordinates:
60.9624, 89.7276
62.2044, 190.998
161.188, 93.3505
Evaluation Time: 1.17896 seconds
Resulting Fitness: 0.236111
-------------
Particle: 11:
Relays Coordinates:
91.0588, 74.9866
28.5595, 148.021
116.101, 62.7536
Evaluation Time: 1.1154 seconds
Resulting Fitness: 0.158333
-------------
Particle: 12:
Relays Coordinates:
63.8933, 88.831
63.1748, 182.271
132.374, 96.0473
Evaluation Time: 1.15622 seconds
Resulting Fitness: 0.225
-------------
Particle: 13:
Relays Coordinates:
67.9589, 95.4699
65.7312, 205.807
158.151, 119.955
Evaluation Time: 1.1999 seconds
Resulting Fitness: 0.219444
-------------
Particle: 14:
Relays Coordinates:
57.8383, 94.7358
48.9084, 200.668
130.416, 95.7971
Evaluation Time: 1.13247 seconds
Resulting Fitness: 0.202778
-------------
Particle: 15:
Relays Coordinates:
63.923, 87.2334
64.4593, 173.231
152.672, 104.601
Evaluation Time: 1.17509 seconds
Resulting Fitness: 0.222222
-------------
Particle: 16:
Relays Coordinates:
63.9258, 90.7638
65.4915, 182.314
137.489, 107.541
Evaluation Time: 1.12389 seconds
Resulting Fitness: 0.227778
-------------
Particle: 17:
Relays Coordinates:
76.5868, 90.1993
60.0134, 188.672
150.103, 104.375
Evaluation Time: 1.14653 seconds
Resulting Fitness: 0.211111
-------------
Particle: 18:
Relays Coordinates:
74.1632, 93.1186
77.717, 193.096
145.759, 108.957
Evaluation Time: 1.15897 seconds
Resulting Fitness: 0.225
-------------
Particle: 19:
Relays Coordinates:
65.4882, 88.3704
60.065, 192.365
149.258, 100.654
Evaluation Time: 1.17307 seconds
Resulting Fitness: 0.219444
-------------
Particle: 20:
Relays Coordinates:
69.5829, 94.1466
62.1064, 188.134
129.393, 99.4406
Evaluation Time: 1.1615 seconds
Resulting Fitness: 0.225
Current global best fitness: 0.252778
Current global best relays: 64.9793, 89.0615
59.9708, 187.599
137.493, 97.4336
Particle 1 new velocities: 1.26751, -3.38347
-11.7882, -4.76601
2.09146, -1.43429
Particle 2 new velocities: 11.2008, 2.80886
10.3101, 51.5035
26.1704, 41.1264
Particle 3 new velocities: 4.96006, 7.41795
14.4067, 22.3082
-1.96013, 12.9574
Particle 4 new velocities: 5.98499, 4.34693
16.1427, 16.2268
-46.3069, 14.9916
Particle 5 new velocities: 12.5018, 16.8245
16.5273, 45.1547
27.8186, 32.3678
Particle 6 new velocities: 15.3464, -5.02465
7.24898, -3.22401
19.1343, -24.6865
Particle 7 new velocities: 2.24373, -4.34202
-1.39756, -4.16129
10.2779, 0.411111
Particle 8 new velocities: 21.419, 22.0133
12.9111, 31.4043
23.7, 21.5005
Particle 9 new velocities: 2.06178, 0.990367
-8.41012, 5.84673
4.15403, 2.96792
Particle 10 new velocities: 2.71426, 2.20501
-2.8353, 6.37963
14.1443, 2.3898
Particle 11 new velocities: 200.171, 89.0676
48.3999, 193.126
143.649, 71.2117
Particle 12 new velocities: 9.57264, 6.61024
1.34657, 17.7985
20.0156, 9.45093
Particle 13 new velocities: 0.772123, 2.20487
0.215818, 1.13564
-15.4809, 6.79498
Particle 14 new velocities: 21.4656, 37.525
13.4, 67.097
56.8024, 45.8356
Particle 15 new velocities: -4.8144, -0.726119
-2.1703, -1.03769
-19.2816, -9.23826
Particle 16 new velocities: -3.37827, -1.95117
-4.3746, -9.4401
7.59821, -7.3156
Particle 17 new velocities: 11.6185, 13.6676
11.7571, 41.7545
27.6978, 19.4649
Particle 18 new velocities: -0.849499, -2.86305
-33.32, -3.44062
-3.74891, -1.37388
Particle 19 new velocities: 7.18922, 7.34267
6.94147, 4.38299
11.3504, 9.15261
Particle 20 new velocities: -0.458305, -3.75968
-4.10416, -2.95379
2.63325, -12.5906
-- ITERATION 19 --
-------------
Particle: 1:
Relays Coordinates:
69.4099, 94.1064
55.5838, 208.44
147.633, 108.876
Evaluation Time: 1.17398 seconds
Resulting Fitness: 0.225
-------------
Particle: 2:
Relays Coordinates:
62.2511, 85.1275
64.8447, 203.558
136.829, 110.492
Evaluation Time: 1.19488 seconds
Resulting Fitness: 0.216667
-------------
Particle: 3:
Relays Coordinates:
61.3718, 98.0962
38.2784, 200.283
124.067, 97.9958
Evaluation Time: 1.11558 seconds
Resulting Fitness: 0.202778
-------------
Particle: 4:
Relays Coordinates:
70.1411, 83.9072
63.2659, 187.061
132.942, 99.0099
Evaluation Time: 1.13277 seconds
Resulting Fitness: 0.222222
-------------
Particle: 5:
Relays Coordinates:
59.7505, 90.0568
54.1642, 193.506
128.157, 105.033
Evaluation Time: 1.16409 seconds
Resulting Fitness: 0.211111
-------------
Particle: 6:
Relays Coordinates:
70.3863, 85.9913
69.1493, 183.847
166.413, 92.071
Evaluation Time: 1.18868 seconds
Resulting Fitness: 0.225
-------------
Particle: 7:
Relays Coordinates:
69.0911, 88.4478
60.7812, 186.558
120.704, 97.4191
Evaluation Time: 1.1864 seconds
Resulting Fitness: 0.236111
-------------
Particle: 8:
Relays Coordinates:
70.9681, 86.9056
57.9605, 196.483
145.825, 108.098
Evaluation Time: 1.17154 seconds
Resulting Fitness: 0.202778
-------------
Particle: 9:
Relays Coordinates:
71.9221, 92.2317
58.9382, 207.643
140.547, 97.8435
Evaluation Time: 1.19383 seconds
Resulting Fitness: 0.241667
New local best!
-------------
Particle: 10:
Relays Coordinates:
63.6766, 91.9326
59.3691, 197.378
175.332, 95.7403
Evaluation Time: 1.17866 seconds
Resulting Fitness: 0.194444
-------------
Particle: 11:
Relays Coordinates:
112.828, 63.5579
29.8157, 132.167
100.633, 51.9009
Evaluation Time: 1.11828 seconds
Resulting Fitness: 0.144444
-------------
Particle: 12:
Relays Coordinates:
66.1193, 85.8971
58.0692, 180.062
137.15, 94.9484
Evaluation Time: 1.11585 seconds
Resulting Fitness: 0.2
-------------
Particle: 13:
Relays Coordinates:
68.731, 97.6748
65.947, 206.943
142.67, 126.75
Evaluation Time: 1.22175 seconds
Resulting Fitness: 0.236111
-------------
Particle: 14:
Relays Coordinates:
57.8126, 96.4182
45.4228, 195.201
136.482, 103.25
Evaluation Time: 1.13292 seconds
Resulting Fitness: 0.208333
-------------
Particle: 15:
Relays Coordinates:
59.1086, 86.5073
62.289, 172.193
133.39, 95.3627
Evaluation Time: 1.08661 seconds
Resulting Fitness: 0.2
-------------
Particle: 16:
Relays Coordinates:
60.5475, 88.8127
61.1169, 172.874
145.088, 100.225
Evaluation Time: 1.11553 seconds
Resulting Fitness: 0.216667
-------------
Particle: 17:
Relays Coordinates:
71.4463, 84.1322
58.1341, 186.645
144.018, 100.31
Evaluation Time: 1.18816 seconds
Resulting Fitness: 0.213889
-------------
Particle: 18:
Relays Coordinates:
73.3137, 90.2556
44.3971, 189.655
142.011, 107.583
Evaluation Time: 1.12274 seconds
Resulting Fitness: 0.208333
-------------
Particle: 19:
Relays Coordinates:
65.4097, 86.1418
60.3058, 177.074
144.548, 98.8259
Evaluation Time: 1.1308 seconds
Resulting Fitness: 0.219444
-------------
Particle: 20:
Relays Coordinates:
69.1246, 90.3869
58.0023, 185.18
132.027, 86.85
Evaluation Time: 1.11022 seconds
Resulting Fitness: 0.208333
Current global best fitness: 0.252778
Current global best relays: 64.9793, 89.0615
59.9708, 187.599
137.493, 97.4336
Particle 1 new velocities: -11.0636, -1.17809
6.4221, -34.794
-6.52824, -14.0593
Particle 2 new velocities: 10.8473, 25.8104
9.70818, 24.1536
14.1184, 16.1329
Particle 3 new velocities: 5.55116, 5.36525
16.3605, -2.22502
11.9499, 9.36596
Particle 4 new velocities: 4.10786, 12.8104
-13.5535, 30.4231
-3.93067, 4.22551
Particle 5 new velocities: 17.1876, 18.1778
3.51802, 37.696
31.7984, 27.6749
Particle 6 new velocities: 6.11163, 0.822896
1.82272, 31.4158
11.5559, -4.71168
Particle 7 new velocities: 0.696474, -0.219632
-1.91195, 9.86188
43.4038, 8.99278
Particle 8 new velocities: 11.2311, 20.7658
13.8309, 24.1027
13.5516, -8.99813
Particle 9 new velocities: -1.59728, -2.31937
-6.2338, -5.22762
0.74592, 2.28799
Particle 10 new velocities: 4.70259, -1.32879
-0.185656, -2.08868
-31.9472, 0.532082
Particle 11 new velocities: 171.967, 96.5973
51.5461, 163.834
147.324, 104.817
Particle 12 new velocities: 8.87201, 6.17505
12.4876, 16.8091
16.2771, 9.33383
Particle 13 new velocities: 0.691637, -8.00131
-9.38568, -1.5457
-14.7917, -1.40018
Particle 14 new velocities: 6.66261, 30.9772
-33.7886, 73.588
43.1838, 10.9299
Particle 15 new velocities: 14.2292, 4.20523
-0.979883, 41.3064
-6.7431, 6.74629
Particle 16 new velocities: 16.7643, -1.2736
-3.13877, 23.652
3.35126, 2.27877
Particle 17 new velocities: 5.01646, 21.1411
13.7727, 17.5786
16.6049, 13.8846
Particle 18 new velocities: -9.61623, -3.6425
-14.1444, -4.60441
-13.6702, -16.5149
Particle 19 new velocities: 8.45248, 7.84278
7.61756, 14.0151
6.15875, 10.5173
Particle 20 new velocities: -11.9636, -5.16911
0.700759, 4.72802
9.7764, 0.468881
-- ITERATION 20 --
-------------
Particle: 1:
Relays Coordinates:
58.3463, 92.9283
62.0059, 173.646
141.105, 94.8163
Evaluation Time: 1.10095 seconds
Resulting Fitness: 0.194444
-------------
Particle: 2:
Relays Coordinates:
65.7885, 99.8441
67.0976, 204.941
135.853, 113.963
Evaluation Time: 1.21182 seconds
Resulting Fitness: 0.222222
-------------
Particle: 3:
Relays Coordinates:
60.2306, 93.1153
49.175, 178.252
122.416, 96.6256
Evaluation Time: 1.10082 seconds
Resulting Fitness: 0.188889
-------------
Particle: 4:
Relays Coordinates:
66.824, 87.0458
44.7412, 195.735
116.111, 92.9119
Evaluation Time: 1.12291 seconds
Resulting Fitness: 0.211111
-------------
Particle: 5:
Relays Coordinates:
69.2443, 97.4111
51.914, 208.082
143.96, 119.437
Evaluation Time: 1.19791 seconds
Resulting Fitness: 0.216667
-------------
Particle: 6:
Relays Coordinates:
68.8481, 78.1328
63.8749, 193.736
160.172, 78.6234
Evaluation Time: 1.15194 seconds
Resulting Fitness: 0.191667
-------------
Particle: 7:
Relays Coordinates:
69.7876, 88.2281
58.8692, 196.42
164.108, 106.412
Evaluation Time: 1.17202 seconds
Resulting Fitness: 0.238889
-------------
Particle: 8:
Relays Coordinates:
66.5814, 87.2139
58.1511, 178.675
129.095, 80.2713
Evaluation Time: 1.12598 seconds
Resulting Fitness: 0.213889
-------------
Particle: 9:
Relays Coordinates:
70.3249, 89.9123
52.7044, 202.415
141.293, 100.131
Evaluation Time: 1.15731 seconds
Resulting Fitness: 0.230556
-------------
Particle: 10:
Relays Coordinates:
68.3792, 90.6038
59.1834, 195.289
143.385, 96.2724
Evaluation Time: 1.15497 seconds
Resulting Fitness: 0.25
New local best!
-------------
Particle: 11:
Relays Coordinates:
110.336, 62.0474
31.5212, 114.677
96.0635, 60.7159
Evaluation Time: 1.04584 seconds
Resulting Fitness: 0.136111
-------------
Particle: 12:
Relays Coordinates:
74.9913, 92.0722
70.5568, 196.871
153.427, 104.282
Evaluation Time: 1.16124 seconds
Resulting Fitness: 0.227778
-------------
Particle: 13:
Relays Coordinates:
69.4226, 89.6735
56.5613, 205.397
127.878, 125.35
Evaluation Time: 1.19116 seconds
Resulting Fitness: 0.238889
-------------
Particle: 14:
Relays Coordinates:
47.0024, 92.8712
8.48137, 195.947
130.976, 83.2373
Evaluation Time: 1.11897 seconds
Resulting Fitness: 0.188889
-------------
Particle: 15:
Relays Coordinates:
66.0041, 81.6413
55.1782, 192.149
113.982, 91.8981
Evaluation Time: 1.12801 seconds
Resulting Fitness: 0.2
-------------
Particle: 16:
Relays Coordinates:
77.3118, 87.5391
57.9781, 196.526
148.439, 102.504
Evaluation Time: 1.17271 seconds
Resulting Fitness: 0.211111
-------------
Particle: 17:
Relays Coordinates:
68.8165, 94.7459
64.7161, 183.801
144.561, 102.775
Evaluation Time: 1.17122 seconds
Resulting Fitness: 0.225
New local best!
-------------
Particle: 18:
Relays Coordinates:
63.6974, 86.6131
30.2527, 185.051
128.34, 91.0678
Evaluation Time: 1.132 seconds
Resulting Fitness: 0.222222
-------------
Particle: 19:
Relays Coordinates:
73.8621, 93.9846
67.9234, 191.089
150.706, 109.343
Evaluation Time: 1.18776 seconds
Resulting Fitness: 0.219444
-------------
Particle: 20:
Relays Coordinates:
57.161, 85.2178
58.703, 189.908
141.803, 87.3189
Evaluation Time: 1.13986 seconds
Resulting Fitness: 0.216667
Final Evaluation Time: 474.196 seconds
Final global best fitness: 0.252778
Final global best relays:
64.9793, 89.0615
59.9708, 187.599
137.493, 97.4336
