PSO EXECUTION
============================
Seed: 1555680
Particles: 20
Relays: 6
Iterations: 20
Backend: Simulation
Network Configuration: 5
Area: 500 x 500
Sink: 0, 0
Simulated Relay range: 120
w: 0.8
c1: 1.7
c2: 1.3

Relay Nodes Positions: 
PARTICLE 1: 
92.8128, 7.53472
110.778, 205.719
116.466, 16.9311
39.0122, 59.9709
206.893, 151.944
86.0369, 167.017
PARTICLE 2: 
98.5458, 75.1289
233.013, 67.5588
73.595, 118.244
48.4724, 50.1467
9.93256, 67.8503
193.61, 36.9899
PARTICLE 3: 
300.211, 151.362
167.605, 162.641
190.783, 143.043
304.993, 240.156
66.5639, 83.5992
170.438, 96.1525
PARTICLE 4: 
186.643, 85.5567
70.6256, 62.055
199.209, 175.067
117.763, 59.3351
293.646, 32.7967
88.8158, 101.562
PARTICLE 5: 
24.2619, 99.4708
325.257, 105.04
201.746, 71.2411
274.21, 0.683355
363.569, 108.782
135.389, 96.4156
PARTICLE 6: 
250.863, 154.252
141.717, 156.14
311.748, 2.11909
314.728, 62.6225
122.933, 146.256
93.9912, 68.2927
PARTICLE 7: 
41.861, 57.0183
142.419, 195.632
117.681, 50.18
60.5701, 105.615
22.2293, 143.785
56.3751, 236.211
PARTICLE 8: 
285.369, 97.6162
398.106, 94.0007
106.249, 55.7689
302.31, 211.626
481.645, 66.9686
204.607, 77.8642
PARTICLE 9: 
112.898, 344.095
135.479, 290.92
125.525, 139.393
166.428, 193.174
163.587, 240.575
38.0258, 69.9353
PARTICLE 10: 
111.441, 314.036
37.5765, 85.9856
54.3544, 65.6345
86, 212.411
121.982, 98.0917
99.2189, 352.272
PARTICLE 11: 
209.8, 111.715
137.955, 270.467
134.361, 110.667
278.405, 148.463
177.888, 185.755
31.5886, 80.7372
PARTICLE 12: 
60.2627, 188.295
21.0424, 114.363
191.606, 290.305
174.645, 155.556
93.5092, 272.139
211.901, 99.1957
PARTICLE 13: 
154.87, 137.4
121.744, 278.524
204.028, 334.469
77.2038, 74.2037
223.417, 166.334
111.869, 187.303
PARTICLE 14: 
66.8384, 81.458
166.541, 269.307
145.816, 328.411
150.85, 157.854
13.3062, 96.2841
177.464, 104.624
PARTICLE 15: 
131.707, 204.264
34.0161, 74.224
117.412, 14.3959
20.1644, 162.72
115.563, 43.9606
31.889, 244.408
PARTICLE 16: 
50.1887, 106.73
157.38, 152.485
255.408, 244.217
37.77, 205.737
231.707, 175.895
272.243, 125.505
PARTICLE 17: 
189.597, 143.386
313.905, 92.7363
27.9849, 22.1733
290.521, 84.6369
80.1651, 97.0702
329.593, 149.768
PARTICLE 18: 
339.609, 41.1073
430.405, 21.6773
251.438, 111.76
189.911, 90.7389
317.012, 176.479
114.016, 25.2506
PARTICLE 19: 
253.291, 121.606
402.126, 286.119
59.8097, 38.0459
306.05, 217.078
145.21, 99.2074
400.45, 230.29
PARTICLE 20: 
23.8836, 106.772
26.0025, 419.705
6.75249, 200.818
102.892, 260.231
19.3704, 336.022
59.0604, 174.935
Nodes Positions: 
430.696, 206.172
35.4191, 421.2
195.689, 482.69
298.786, 181.221
380.062, 28.6931
391.336, 254.398
107.968, 455.037
401.846, 17.0577
315.636, 219.54
228.485, 214.808
30.2897, 12.943
333.897, 169.687
117.824, 322.98
3.41665, 289.122
368.412, 142.002
185.578, 342.691
415.934, 194.657
177.374, 487.048
163.837, 404.41
20.3612, 301.448
116.623, 117.653
42.218, 393.27
13.8867, 75.5106
138.689, 328.06
79.769, 375.91
449.142, 233.249
483.834, 352.016
218.11, 239.153
348.761, 141.039
306.731, 468.46
327.036, 415.629
362.247, 152.457
240.061, 88.5246
324.087, 163.455
169.855, 428.65
85.3554, 463.329
56.5288, 364.471
283.182, 68.575
480.485, 444.65
468.412, 110.537
127.373, 294.826
435.128, 7.40817
74.0242, 283.116
204.136, 187.199
394.109, 57.4577
147.528, 268.135
419.742, 95.4679
252.571, 258.777
212.146, 66.3246
357.792, 313.087
457.476, 39.7418
93.7587, 107.143
274.387, 384.089
461.993, 367.883
266.131, 434.062
243.567, 128.22
286.868, 48.5324
65.6997, 339.105
151.367, 244.98
495.526, 498.559
All particles start with velocity zero
-- ITERATION 0 --
-------------
Particle: 1:
Relays Coordinates:
92.8128, 7.53472
110.778, 205.719
116.466, 16.9311
39.0122, 59.9709
206.893, 151.944
86.0369, 167.017
Evaluation Time: 1.48978 seconds
Resulting Fitness: 0.347222
New local best!
New global best!
-------------
Particle: 2:
Relays Coordinates:
98.5458, 75.1289
233.013, 67.5588
73.595, 118.244
48.4724, 50.1467
9.93256, 67.8503
193.61, 36.9899
Evaluation Time: 1.11391 seconds
Resulting Fitness: 0.166667
New local best!
-------------
Particle: 3:
Relays Coordinates:
300.211, 151.362
167.605, 162.641
190.783, 143.043
304.993, 240.156
66.5639, 83.5992
170.438, 96.1525
Evaluation Time: 1.61245 seconds
Resulting Fitness: 0.402778
New local best!
New global best!
-------------
Particle: 4:
Relays Coordinates:
186.643, 85.5567
70.6256, 62.055
199.209, 175.067
117.763, 59.3351
293.646, 32.7967
88.8158, 101.562
Evaluation Time: 1.5106 seconds
Resulting Fitness: 0.355556
New local best!
-------------
Particle: 5:
Relays Coordinates:
24.2619, 99.4708
325.257, 105.04
201.746, 71.2411
274.21, 0.683355
363.569, 108.782
135.389, 96.4156
Evaluation Time: 1.67222 seconds
Resulting Fitness: 0.430556
New local best!
New global best!
-------------
Particle: 6:
Relays Coordinates:
250.863, 154.252
141.717, 156.14
311.748, 2.11909
314.728, 62.6225
122.933, 146.256
93.9912, 68.2927
Evaluation Time: 1.54061 seconds
Resulting Fitness: 0.427778
New local best!
-------------
Particle: 7:
Relays Coordinates:
41.861, 57.0183
142.419, 195.632
117.681, 50.18
60.5701, 105.615
22.2293, 143.785
56.3751, 236.211
Evaluation Time: 1.33121 seconds
Resulting Fitness: 0.3
New local best!
-------------
Particle: 8:
Relays Coordinates:
285.369, 97.6162
398.106, 94.0007
106.249, 55.7689
302.31, 211.626
481.645, 66.9686
204.607, 77.8642
Evaluation Time: 1.70204 seconds
Resulting Fitness: 0.494444
New local best!
New global best!
-------------
Particle: 9:
Relays Coordinates:
112.898, 344.095
135.479, 290.92
125.525, 139.393
166.428, 193.174
163.587, 240.575
38.0258, 69.9353
Evaluation Time: 1.76369 seconds
Resulting Fitness: 0.466667
New local best!
-------------
Particle: 10:
Relays Coordinates:
111.441, 314.036
37.5765, 85.9856
54.3544, 65.6345
86, 212.411
121.982, 98.0917
99.2189, 352.272
Evaluation Time: 1.58879 seconds
Resulting Fitness: 0.408333
New local best!
-------------
Particle: 11:
Relays Coordinates:
209.8, 111.715
137.955, 270.467
134.361, 110.667
278.405, 148.463
177.888, 185.755
31.5886, 80.7372
Evaluation Time: 1.68743 seconds
Resulting Fitness: 0.497222
New local best!
New global best!
-------------
Particle: 12:
Relays Coordinates:
60.2627, 188.295
21.0424, 114.363
191.606, 290.305
174.645, 155.556
93.5092, 272.139
211.901, 99.1957
Evaluation Time: 1.66859 seconds
Resulting Fitness: 0.461111
New local best!
-------------
Particle: 13:
Relays Coordinates:
154.87, 137.4
121.744, 278.524
204.028, 334.469
77.2038, 74.2037
223.417, 166.334
111.869, 187.303
Evaluation Time: 1.7331 seconds
Resulting Fitness: 0.527778
New local best!
New global best!
-------------
Particle: 14:
Relays Coordinates:
66.8384, 81.458
166.541, 269.307
145.816, 328.411
150.85, 157.854
13.3062, 96.2841
177.464, 104.624
Evaluation Time: 1.7136 seconds
Resulting Fitness: 0.425
New local best!
-------------
Particle: 15:
Relays Coordinates:
131.707, 204.264
34.0161, 74.224
117.412, 14.3959
20.1644, 162.72
115.563, 43.9606
31.889, 244.408
Evaluation Time: 1.34369 seconds
Resulting Fitness: 0.297222
New local best!
-------------
Particle: 16:
Relays Coordinates:
50.1887, 106.73
157.38, 152.485
255.408, 244.217
37.77, 205.737
231.707, 175.895
272.243, 125.505
Evaluation Time: 1.63219 seconds
Resulting Fitness: 0.444444
New local best!
-------------
Particle: 17:
Relays Coordinates:
189.597, 143.386
313.905, 92.7363
27.9849, 22.1733
290.521, 84.6369
80.1651, 97.0702
329.593, 149.768
Evaluation Time: 1.65986 seconds
Resulting Fitness: 0.422222
New local best!
-------------
Particle: 18:
Relays Coordinates:
339.609, 41.1073
430.405, 21.6773
251.438, 111.76
189.911, 90.7389
317.012, 176.479
114.016, 25.2506
Evaluation Time: 1.67515 seconds
Resulting Fitness: 0.486111
New local best!
-------------
Particle: 19:
Relays Coordinates:
253.291, 121.606
402.126, 286.119
59.8097, 38.0459
306.05, 217.078
145.21, 99.2074
400.45, 230.29
Evaluation Time: 1.59077 seconds
Resulting Fitness: 0.447222
New local best!
-------------
Particle: 20:
Relays Coordinates:
23.8836, 106.772
26.0025, 419.705
6.75249, 200.818
102.892, 260.231
19.3704, 336.022
59.0604, 174.935
Evaluation Time: 1.47731 seconds
Resulting Fitness: 0.366667
New local best!
Current global best fitness: 0.527778
Current global best relays: 154.87, 137.4
121.744, 278.524
204.028, 334.469
77.2038, 74.2037
223.417, 166.334
111.869, 187.303
Particle 1 new velocities: 72.049, 45.9142
13.7018, 60.2887
109.142, 145.434
2.75115, 6.8016
3.07225, 0.455587
20.5254, 16.2304
Particle 2 new velocities: 62.0562, 33.1699
-129.702, 105.067
16.5021, 48.1605
3.92918, 20.4406
182.627, 88.2694
-41.5656, 128.366
Particle 3 new velocities: -74.5067, -14.4768
-46.3216, 110.594
12.284, 235.328
-35.5799, -111.685
83.025, 3.05613
-17.1848, 39.3385
Particle 4 new velocities: -9.54778, 61.4882
28.052, 253.601
3.92852, 4.67254
-29.8309, 12.4274
-49.7829, 93.4102
0.696844, 92.5035
Particle 5 new velocities: 139.278, 0.504308
-82.5475, 174.827
0.368465, 184.534
-234.463, 88.9101
-85.4039, 27.9231
-4.1218, 35.4951
Particle 6 new velocities: -97.7874, -15.8266
-1.70192, 148.111
-78.0812, 378.66
-110.038, 2.30509
90.4742, 7.5564
15.2375, 26.1484
Particle 7 new velocities: 114.49, 65.8629
-1.8829, 29.7202
28.1807, 7.75705
10.1817, -28.3141
211.333, 9.19461
3.17518, -14.1722
Particle 8 new velocities: -13.3319, 43.6403
-11.2708, 59.3987
24.619, 2.46676
-146.247, -83.0808
-228.79, 112.483
-34.2047, 136.074
Particle 9 new velocities: 21.1921, -50.8106
-1.25297, -4.94504
85.0619, 32.2805
-51.9656, -96.7776
29.9728, -56.4463
67.7421, 141.189
Particle 10 new velocities: 16.3376, -105.402
26.8184, 30.2075
158.882, 104.54
-7.99559, -72.7473
60.2824, 63.3915
0.747775, -98.7325
Particle 11 new velocities: -13.8332, 2.42979
-13.7943, 3.79511
33.0063, 257.952
-178.086, -82.9273
11.2905, -7.23638
21.5548, 104.332
Particle 12 new velocities: 92.0714, -0.234344
99.2405, 122.87
0.422466, 55.6072
-67.3195, -104.656
30.3355, -57.2834
-72.1189, 71.7442
Particle 13 new velocities: 0, 0
0, 0
0, 0
0, 0
0, 0
0, 0
Particle 14 new velocities: 18.1766, 65.5162
-30.7685, 7.46954
20.3622, 3.35418
-45.8311, -1.11319
138.484, 70.2788
-10.0912, 50.3704
Particle 15 new velocities: 13.8815, -45.1651
10.1766, 58.526
28.1021, 141.734
63.2004, -57.7345
53.6052, 151.079
73.895, -54.7258
Particle 16 new velocities: 120.002, 10.9662
-17.2177, 160.072
-48.7558, 104.337
47.6189, -74.5815
-4.36611, -9.59698
-89.1605, 13.7902
Particle 17 new velocities: -37.9822, -4.45382
-48.1085, 149.263
20.837, 254.932
-209.008, -5.34943
41.7193, 13.3447
-267.456, 7.68152
Particle 18 new velocities: -89.2388, 40.727
-280.916, 107.56
-13.3518, 208.405
-22.676, -8.58649
-49.9058, -12.7797
-2.78645, 125.026
Particle 19 new velocities: -91.8627, 6.55648
-150.55, -6.32624
105.697, 144.341
-149.942, -75.8869
95.2327, 83.943
-362.597, -55.1618
Particle 20 new velocities: 50.029, 13.0072
42.3578, -166.64
147.39, 16.4723
-7.91338, -100.69
162.73, -17.8107
22.0306, 3.41855
-- ITERATION 1 --
-------------
Particle: 1:
Relays Coordinates:
148.376, 48.104
112.032, 239.407
203.047, 146.129
37.587, 60.0953
188.969, 137.159
95.9061, 164.922
Evaluation Time: 1.6657 seconds
Resulting Fitness: 0.388889
New local best!
-------------
Particle: 2:
Relays Coordinates:
160.602, 108.299
103.312, 172.626
90.0971, 166.404
52.4016, 70.5873
192.56, 156.12
152.044, 165.356
Evaluation Time: 1.3376 seconds
Resulting Fitness: 0.283333
New local best!
-------------
Particle: 3:
Relays Coordinates:
148.085, 89.8105
79.5741, 179.269
133.232, 248.249
176.762, 84.2898
98.1453, 56.8546
100.549, 88.8957
Evaluation Time: 1.43851 seconds
Resulting Fitness: 0.366667
-------------
Particle: 4:
Relays Coordinates:
159.386, 132.34
88.8099, 284.09
182.823, 161.766
79.1392, 64.5863
219.477, 113.586
80.5613, 174.659
Evaluation Time: 1.5685 seconds
Resulting Fitness: 0.466667
New local best!
-------------
Particle: 5:
Relays Coordinates:
132.467, 80.9799
196.595, 226.692
163.713, 207.178
32.1957, 72.5707
225.314, 110.731
106.327, 106.848
Evaluation Time: 1.48135 seconds
Resulting Fitness: 0.377778
-------------
Particle: 6:
Relays Coordinates:
100.433, 90.821
91.8639, 199.619
153.309, 249.829
134.296, 42.599
140.017, 100.917
71.665, 61.9628
Evaluation Time: 1.3499 seconds
Resulting Fitness: 0.344444
-------------
Particle: 7:
Relays Coordinates:
156.351, 122.881
140.536, 225.352
145.862, 57.9371
70.7518, 77.3009
233.562, 152.979
59.5503, 222.038
Evaluation Time: 1.53983 seconds
Resulting Fitness: 0.463889
New local best!
-------------
Particle: 8:
Relays Coordinates:
220.35, 114.418
313.336, 124.254
106.003, 47.1709
126.411, 104.121
204.813, 145.356
138.026, 173.29
Evaluation Time: 1.56388 seconds
Resulting Fitness: 0.419444
-------------
Particle: 9:
Relays Coordinates:
97.7514, 213.804
97.8508, 208.475
153.518, 125.15
83.4427, 70.2733
141.105, 134.23
77.1048, 153.909
Evaluation Time: 1.27688 seconds
Resulting Fitness: 0.302778
-------------
Particle: 10:
Relays Coordinates:
115.001, 187.771
57.9554, 104.574
191.913, 153.157
70.2039, 125.697
164.038, 145.335
89.97, 228.185
Evaluation Time: 1.57139 seconds
Resulting Fitness: 0.361111
-------------
Particle: 11:
Relays Coordinates:
195.967, 114.144
124.16, 274.263
167.367, 368.619
100.319, 65.5361
189.178, 178.519
53.1434, 185.069
Evaluation Time: 1.89837 seconds
Resulting Fitness: 0.519444
New local best!
-------------
Particle: 12:
Relays Coordinates:
137.101, 169.254
108.255, 213.51
172.825, 311.321
96.5926, 45.8095
111.46, 193.37
125.804, 153.846
Evaluation Time: 1.48269 seconds
Resulting Fitness: 0.375
-------------
Particle: 13:
Relays Coordinates:
154.87, 137.4
121.744, 278.524
204.028, 334.469
77.2038, 74.2037
223.417, 166.334
111.869, 187.303
Evaluation Time: 1.73352 seconds
Resulting Fitness: 0.527778
-------------
Particle: 14:
Relays Coordinates:
55.7783, 96.4298
89.08, 181.593
109.03, 217.671
68.903, 102.838
99.5895, 109.282
109.813, 101.692
Evaluation Time: 1.25915 seconds
Resulting Fitness: 0.258333
-------------
Particle: 15:
Relays Coordinates:
117.926, 128.87
35.796, 107.528
117.867, 126.465
67.5255, 85.0382
137.026, 157.982
85.685, 153.643
Evaluation Time: 1.11067 seconds
Resulting Fitness: 0.205556
-------------
Particle: 16:
Relays Coordinates:
111.662, 77.2207
91.9605, 205.069
135.585, 228.687
56.0236, 86.051
149.159, 109.108
120.121, 91.3913
Evaluation Time: 1.38402 seconds
Resulting Fitness: 0.333333
-------------
Particle: 17:
Relays Coordinates:
110.527, 101.282
193.766, 176.418
35.5912, 202.01
59.423, 57.8006
88.8537, 80.4924
45.2981, 114.781
Evaluation Time: 1.30186 seconds
Resulting Fitness: 0.288889
-------------
Particle: 18:
Relays Coordinates:
147.841, 48.3224
88.2717, 76.3136
140.588, 189.054
98.7507, 48.5102
157.724, 96.6625
65.6802, 88.7371
Evaluation Time: 1.20931 seconds
Resulting Fitness: 0.238889
-------------
Particle: 19:
Relays Coordinates:
105.913, 84.0873
165.059, 183.572
108.589, 119.664
102.422, 92.6355
157.755, 120.165
24.8355, 114.901
Evaluation Time: 1.24023 seconds
Resulting Fitness: 0.238889
-------------
Particle: 20:
Relays Coordinates:
59.8692, 97.0213
55.3718, 204.982
124.856, 176.005
76.9328, 129.228
147.501, 257.752
65.6837, 144.467
Evaluation Time: 1.36957 seconds
Resulting Fitness: 0.297222
Current global best fitness: 0.527778
Current global best relays: 154.87, 137.4
121.744, 278.524
204.028, 334.469
77.2038, 74.2037
223.417, 166.334
111.869, 187.303
Particle 1 new velocities: 64.481, 116.415
17.8779, 49.6527
87.7499, 295.732
8.70173, 19.7125
29.4144, 9.62747
23.8873, 21.4366
Particle 2 new velocities: 46.6027, 35.2537
-87.5014, 204.848
124.041, 83.3724
25.6388, 19.2184
158.363, 79.3275
-83.4853, 111.636
Particle 3 new velocities: 173.385, 73.1409
81.1978, 196.494
117.569, 58.293
-126.467, -62.8706
181.222, 142.821
-2.98879, 145.922
Particle 4 new velocities: -9.94038, 50.3565
35.4336, 200.043
21.4979, 48.3382
-24.181, 16.7187
-37.5323, 121.895
16.7737, 86.3166
Particle 5 new velocities: -43.0934, 25.5865
-80.8254, 93.0795
52.1245, 142.534
-30.7018, 54.3656
67.4275, 88.3368
24.7132, 88.5452
Particle 6 new velocities: 42.3732, 71.9506
99.4546, 148.63
183.607, 73.719
-110.109, 69.0402
152.681, 123.51
54.4103, 108.745
Particle 7 new velocities: 90.736, 53.3135
-24.6537, 31.0673
77.608, 143.062
11.5371, -24.2369
167.821, 8.65271
9.15655, -53.1336
Particle 8 new velocities: 27.3296, 42.8273
-108.019, 150.917
135.373, 348.432
58.0467, -69.4225
213.318, 75.127
-25.6823, 57.6627
Particle 9 new velocities: 68.7453, -64.3351
23.4774, 20.4317
67.7028, 192.863
20.2291, 31.3938
105.467, 114.932
50.281, 139.77
Particle 10 new velocities: 39.718, 6.08679
50.7879, 104.12
80.7843, 128.746
2.18169, 43.87
74.5908, 52.5112
24.5599, 58.317
Particle 11 new velocities: -59.4034, 11.6672
-13.2115, 5.0831
51.7684, 190.656
-155.545, -65.0883
51.0786, -18.3782
21.3691, 83.7511
Particle 12 new velocities: 29.4613, 8.65298
11.9959, 136.763
53.7097, 42.3427
-52.1555, 101.742
140.109, -12.6054
16.1159, 90.7171
Particle 13 new velocities: 0, 0
0, 0
0, 0
0, 0
0, 0
0, 0
Particle 14 new velocities: 62.9692, 49.8038
71.4473, 182.273
74.4371, 189.099
98.3333, 29.6511
149.118, 65.9511
63.7202, 114.67
Particle 15 new velocities: 17.4928, 72.9114
89.8067, 172.81
28.8813, 196.425
-0.270375, 21.15
38.9094, 70.5092
83.9296, -1.54866
Particle 16 new velocities: 41.547, 39.4625
123.687, 176.971
62.4925, 137.123
23.2827, 62.8819
218.824, 8.17185
119.675, 84.1042
Particle 17 new velocities: 42.5459, 55.3687
61.4548, 50.727
121.183, 169.075
150.501, 13.984
94.0814, 131.724
196.754, 86.0055
Particle 18 new velocities: 207.779, 131.937
106.222, 23.2463
156.113, 207.149
85.8159, 2.20017
61.837, 105.935
55.9861, 64.2012
Particle 19 new velocities: 205.524, 42.5279
154.231, 177.014
135.217, 303.512
-90.2533, 111.657
94.4388, 73.0803
361.778, 162.032
Particle 20 new velocities: 29.6623, 53.6651
35.9999, 245.443
-4.29614, 69.9831
14.1849, 99.3694
152.66, -41.041
28.703, 61.3792
-- ITERATION 2 --
-------------
Particle: 1:
Relays Coordinates:
113.121, 87.4319
69.0396, 153.618
154.542, 234.823
24.5997, 42.4131
116.058, 78.0085
63.6631, 99.0387
Evaluation Time: 1.31086 seconds
Resulting Fitness: 0.275
-------------
Particle: 2:
Relays Coordinates:
167.836, 116.278
12.8063, 305.753
173.452, 202.319
63.2127, 72.7426
284.247, 190.712
55.5326, 224.363
Evaluation Time: 1.81375 seconds
Resulting Fitness: 0.458333
New local best!
-------------
Particle: 3:
Relays Coordinates:
170.842, 86.599
85.4408, 199.696
133.286, 162.909
26.7289, 11.3831
148.467, 106.116
51.8478, 124.792
Evaluation Time: 1.3561 seconds
Resulting Fitness: 0.297222
-------------
Particle: 4:
Relays Coordinates:
79.4213, 97.0926
66.0281, 257.288
108.585, 111.658
29.2071, 43.2088
96.6927, 125.144
51.7279, 138.693
Evaluation Time: 1.29339 seconds
Resulting Fitness: 0.277778
-------------
Particle: 5:
Relays Coordinates:
65.1534, 77.6869
84.3958, 233.114
157.346, 254.94
1.08907, 92.5365
213.408, 145.121
95.528, 142.441
Evaluation Time: 1.74377 seconds
Resulting Fitness: 0.419444
-------------
Particle: 6:
Relays Coordinates:
104.106, 118.66
139.471, 253.874
245.612, 235.866
17.6328, 81.385
213.376, 163.607
91.9089, 124.446
Evaluation Time: 1.68266 seconds
Resulting Fitness: 0.402778
-------------
Particle: 7:
Relays Coordinates:
180.126, 128.446
84.4786, 186.93
162.909, 146.529
59.9886, 38.6837
292.609, 117.83
50.0873, 123.132
Evaluation Time: 1.87388 seconds
Resulting Fitness: 0.411111
-------------
Particle: 8:
Relays Coordinates:
146.252, 92.8517
121.238, 162.485
142.53, 233.6
108.92, 20.4894
246.902, 130.193
66.3378, 136.375
Evaluation Time: 1.5553 seconds
Resulting Fitness: 0.438889
-------------
Particle: 9:
Relays Coordinates:
134.862, 121.07
98.2758, 185.415
179.189, 257.591
83.9742, 82.3503
199.723, 201.821
103.183, 237.88
Evaluation Time: 1.55727 seconds
Resulting Fitness: 0.375
-------------
Particle: 10:
Relays Coordinates:
91.3601, 114.471
64.2118, 123.232
161.025, 166.461
42.743, 100.128
140.908, 116.826
67.6288, 169.177
Evaluation Time: 1.25128 seconds
Resulting Fitness: 0.219444
-------------
Particle: 11:
Relays Coordinates:
65.318, 60.1753
53.0666, 133.61
104.812, 239.148
0, 0.214164
114.914, 76.5947
35.6391, 128.576
Evaluation Time: 1.38105 seconds
Resulting Fitness: 0.297222
-------------
Particle: 12:
Relays Coordinates:
121.424, 129.694
87.6627, 255.349
165.144, 257.821
32.3946, 107.565
183.394, 131.777
103.46, 178.286
Evaluation Time: 1.42493 seconds
Resulting Fitness: 0.413889
-------------
Particle: 13:
Relays Coordinates:
154.87, 137.4
121.744, 278.524
204.028, 334.469
77.2038, 74.2037
223.417, 166.334
111.869, 187.303
Evaluation Time: 1.72683 seconds
Resulting Fitness: 0.527778
-------------
Particle: 14:
Relays Coordinates:
70.1192, 86.3494
94.7898, 214.859
108.335, 240.194
98.7514, 78.2333
146.859, 103.473
102.47, 127.76
Evaluation Time: 1.39924 seconds
Resulting Fitness: 0.322222
-------------
Particle: 15:
Relays Coordinates:
121.877, 181.604
113.042, 252.304
132.073, 290.601
60.5296, 95.5694
158.342, 205.642
152.653, 136.885
Evaluation Time: 1.50824 seconds
Resulting Fitness: 0.397222
New local best!
-------------
Particle: 16:
Relays Coordinates:
90.4685, 68.9003
127.338, 225.59
116.963, 216.007
46.8296, 87.9434
217.29, 69.2528
141.597, 103.628
Evaluation Time: 1.39296 seconds
Resulting Fitness: 0.313889
-------------
Particle: 17:
Relays Coordinates:
81.3493, 83.2505
135.635, 120.714
83.3164, 197.209
111.562, 38.1493
97.2192, 112.78
128.636, 106.706
Evaluation Time: 1.1996 seconds
Resulting Fitness: 0.230556
-------------
Particle: 18:
Relays Coordinates:
188.991, 95.797
103.362, 52.9102
157.679, 210.558
98.0863, 26.9496
116.684, 107.669
64.6585, 81.2777
Evaluation Time: 1.30136 seconds
Resulting Fitness: 0.316667
-------------
Particle: 19:
Relays Coordinates:
148.96, 60.5597
152.715, 172.467
116.611, 202.404
5.8204, 97.7124
120.623, 92.4286
184.916, 132.457
Evaluation Time: 1.34303 seconds
Resulting Fitness: 0.288889
-------------
Particle: 20:
Relays Coordinates:
47.5807, 80.0809
48.5587, 239.375
64.0703, 130.728
48.4237, 121.486
159.518, 115.169
50.1609, 109.395
Evaluation Time: 1.31988 seconds
Resulting Fitness: 0.297222
Current global best fitness: 0.527778
Current global best relays: 154.87, 137.4
121.744, 278.524
204.028, 334.469
77.2038, 74.2037
223.417, 166.334
111.869, 187.303
Particle 1 new velocities: 80.4862, 141.228
72.9158, 186.396
193.126, 155.153
57.0163, 39.8833
141.436, 193.451
99.2951, 73.1382
Particle 2 new velocities: 36.1493, 29.2447
15.1954, 153.282
108.789, 225.687
23.0967, 16.9721
91.5618, 52.8946
-54.4328, 56.4853
Particle 3 new velocities: 301.876, 110.624
206.538, 153.613
200.807, 42.1644
43.1667, 178.589
146.542, 89.992
95.0274, 118.17
Particle 4 new velocities: 172.829, 85.8029
61.2999, 183.6
240.868, 275.198
40.091, 45.44
103.761, 99.9139
109.327, 124.938
Particle 5 new velocities: -43.5117, 52.7382
176.859, -67.6203
138.959, -120.011
259.847, -109.557
216.41, 47.3264
78.0511, 112.864
Particle 6 new velocities: 125.219, 118.083
62.5619, 39.3766
134.147, -220.66
472.921, 46.9918
15.7763, 87.5415
64.9797, 22.7528
Particle 7 new velocities: 24.4214, 48.5633
37.0261, 132.213
85.3387, 215.815
25.7367, -0.165631
41.8261, 82.6531
17.2205, 149.303
Particle 8 new velocities: 118.608, 69.4679
-6.99076, 149.435
108.366, 224.099
174.711, 158.95
427.123, 58.1956
105.17, 14.8785
Particle 9 new velocities: 70.5611, 123.654
60.3707, 214.738
24.5566, 16.383
133.312, 74.6577
85.3056, 93.6934
-56.5426, -92.3679
Particle 10 new velocities: 129.102, 231.389
106.82, 95.392
0.464025, 171.032
98.9864, 196.333
135.323, 53.5468
92.1026, 220.998
Particle 11 new velocities: 178.271, 138.388
110.266, 186.588
105.931, 243.272
244.103, 20.5492
176.189, 201.654
88.2314, 125.232
Particle 12 new velocities: 2.25935, 39.702
-31.3101, -15.1665
87.621, 89.9847
101.271, 70.206
93.5558, 196.575
121.163, -1.13106
Particle 13 new velocities: 0, 0
0, 0
0, 0
0, 0
0, 0
0, 0
Particle 14 new velocities: 106.417, 46.8974
164.738, 277.242
201.069, 210.817
133.631, 102.269
-74.0509, 120.179
69.4351, 134.804
Particle 15 new velocities: 46.0857, 45.3047
81.1781, 156.854
65.3833, 177.371
3.80875, 9.47047
38.1209, 40.2842
38.8216, 31.9224
Particle 16 new velocities: 72.2748, 56.2729
109.372, 111.251
244.662, 247.441
23.2241, 115.792
187.766, 175.901
104.11, 128.141
Particle 17 new velocities: 261.883, 136.949
241.525, 117.717
148.893, 153.002
252.262, 112.514
63.5509, 147.639
308.149, 88.8296
Particle 18 new velocities: 190.393, 111.527
462.612, 181.441
325.003, 197.146
89.1653, 104.359
347.726, 224.584
146.89, 86.6276
Particle 19 new velocities: 174.29, 114.867
332.241, 278.219
179.33, 33.3567
23.2302, 99.144
124.257, 138.517
307.798, 341.827
Particle 20 new velocities: 20.5828, 142.302
5.35869, 396.09
114.5, 175.836
136.441, 258.821
4.82035, 24.5857
45.3053, 188.676
-- ITERATION 3 --
-------------
Particle: 1:
Relays Coordinates:
141.139, 166.693
103.485, 247.87
253.45, 284.292
59.4981, 59.994
187.713, 197.894
118.797, 125.517
Evaluation Time: 1.56639 seconds
Resulting Fitness: 0.433333
New local best!
-------------
Particle: 2:
Relays Coordinates:
108.406, 77.3365
14.8812, 243.95
149.994, 227.46
45.8684, 47.6781
199.72, 129.463
0.584455, 149.254
Evaluation Time: 1.54005 seconds
Resulting Fitness: 0.408333
-------------
Particle: 3:
Relays Coordinates:
279.135, 116.458
172.411, 208.625
197.278, 121.094
41.2726, 112.177
174.2, 115.8
86.7283, 143.467
Evaluation Time: 1.83654 seconds
Resulting Fitness: 0.408333
New local best!
-------------
Particle: 4:
Relays Coordinates:
134.056, 97.1982
67.6673, 234.306
185.713, 205.591
36.8278, 47.1116
106.529, 119.605
85.5913, 140.104
Evaluation Time: 1.53447 seconds
Resulting Fitness: 0.361111
-------------
Particle: 5:
Relays Coordinates:
12.7792, 77.0147
154.268, 97.7223
174.965, 79.6748
154.08, 0
253.803, 113.638
102.497, 150.755
Evaluation Time: 1.36469 seconds
Resulting Fitness: 0.316667
-------------
Particle: 6:
Relays Coordinates:
98.7166, 101.91
86.9686, 126.235
163.474, 6.54602
211.167, 55.262
98.6427, 108.111
67.5354, 63.3643
Evaluation Time: 1.06904 seconds
Resulting Fitness: 0.158333
-------------
Particle: 7:
Relays Coordinates:
134.204, 116.136
79.7192, 209.39
162.876, 237.734
56.2444, 25.2717
219.423, 131.537
44.1607, 178.744
Evaluation Time: 1.57369 seconds
Resulting Fitness: 0.416667
-------------
Particle: 8:
Relays Coordinates:
126.682, 77.6369
54.6439, 149.19
120.003, 218.916
135.66, 85.8254
239.148, 90.1057
82.0315, 72.3441
Evaluation Time: 1.47854 seconds
Resulting Fitness: 0.377778
-------------
Particle: 9:
Relays Coordinates:
134.778, 160.564
104.088, 262.54
133.677, 179.754
142.562, 103.013
187.007, 193.887
30.6005, 95.4704
Evaluation Time: 1.57252 seconds
Resulting Fitness: 0.397222
-------------
Particle: 10:
Relays Coordinates:
94.9019, 148.881
73.6236, 94.1103
69.5157, 145.28
61.0099, 127.617
118.908, 73.34
68.7591, 167.957
Evaluation Time: 1.06119 seconds
Resulting Fitness: 0.152778
-------------
Particle: 11:
Relays Coordinates:
116.508, 94.9721
78.1215, 153.15
100.798, 230.74
116.754, 9.93104
139.234, 133.085
59.2469, 121.396
Evaluation Time: 1.36693 seconds
Resulting Fitness: 0.305556
-------------
Particle: 12:
Relays Coordinates:
65.7302, 90.0242
29.9481, 127.643
134.33, 184.838
71.0353, 94.475
147.183, 174.5
119.374, 94.1476
Evaluation Time: 1.20853 seconds
Resulting Fitness: 0.233333
-------------
Particle: 13:
Relays Coordinates:
154.87, 137.4
121.744, 278.524
204.028, 334.469
77.2038, 74.2037
223.417, 166.334
111.869, 187.303
Evaluation Time: 1.93679 seconds
Resulting Fitness: 0.527778
-------------
Particle: 14:
Relays Coordinates:
84.4366, 63.7316
124.132, 235.371
147.987, 215.717
111.148, 86.3338
34.8241, 106.972
82.2216, 125.583
Evaluation Time: 1.31857 seconds
Resulting Fitness: 0.308333
-------------
Particle: 15:
Relays Coordinates:
122.445, 165.416
141.587, 298.276
143.946, 341.152
46.9027, 76.5741
143.221, 179.28
139.585, 123.06
Evaluation Time: 1.57577 seconds
Resulting Fitness: 0.416667
New local best!
-------------
Particle: 16:
Relays Coordinates:
86.4884, 66.5221
125.797, 179.011
192.182, 246.295
37.2294, 108.273
215.263, 130.285
130.578, 123.171
Evaluation Time: 1.41046 seconds
Resulting Fitness: 0.383333
-------------
Particle: 17:
Relays Coordinates:
132.975, 85.3098
146.12, 92.3729
89.9628, 135.679
140.953, 58.3699
62.2856, 100.892
169.22, 75.7545
Evaluation Time: 1.06121 seconds
Resulting Fitness: 0.183333
-------------
Particle: 18:
Relays Coordinates:
181.458, 99.1626
239.148, 112.089
230.865, 195.004
89.5618, 62.8043
222.125, 158.916
101.183, 80.3085
Evaluation Time: 1.38135 seconds
Resulting Fitness: 0.333333
-------------
Particle: 19:
Relays Coordinates:
125.233, 67.9637
187.882, 174.605
114.654, 91.3384
11.2548, 76.2662
94.8718, 89.4732
190.888, 183.747
Evaluation Time: 1.36101 seconds
Resulting Fitness: 0.25
-------------
Particle: 20:
Relays Coordinates:
36.2249, 118.184
28.6539, 265.721
94.8997, 162.921
98.2448, 202.111
87.336, 74.2713
50.7347, 158.407
Evaluation Time: 1.30038 seconds
Resulting Fitness: 0.286111
Current global best fitness: 0.527778
Current global best relays: 154.87, 137.4
121.744, 278.524
204.028, 334.469
77.2038, 74.2037
223.417, 166.334
111.869, 187.303
Particle 1 new velocities: 72.8765, 84.4407
76.7001, 150.633
106.265, 180.32
46.3702, 43.4347
134.335, 114.21
74.3858, 115.755
Particle 2 new velocities: 84.9701, 79.2128
139.937, 248.733
127.426, 180.563
55.4883, 42.974
114.769, 110.546
79.0496, 90.6889
Particle 3 new velocities: 153.128, 97.5704
125.687, 134.419
164.175, 108.298
69.227, 127.559
177.226, 87.1022
99.3898, 140.861
Particle 4 new velocities: 157.692, 143.063
123.383, 274.103
193.395, 246.891
51.7606, 61.002
263.124, 124.178
102.563, 163.254
Particle 5 new velocities: -22.6332, 78.0735
319.739, 88.8263
172.394, 94.7481
128.227, 64.8573
270.195, 58.8605
75.3792, 22.7236
Particle 6 new velocities: 330.074, 184.423
120.317, 86.0629
367.323, -128.053
313.296, 63.2784
71.0336, 136.655
84.0967, 23.7657
Particle 7 new velocities: 62.2207, 69.2597
140.269, 192.778
87.6396, -109.551
50.3891, 87.9033
34.3359, 106.925
46.958, 181.065
Particle 8 new velocities: 160.994, 128.695
642.937, 231.885
174.486, 63.3584
360.941, 188.219
13.5741, 104.587
193.019, 37.1537
Particle 9 new velocities: 59.0443, 185.585
68.6317, 222.08
65.2268, 19.4473
85.3715, 106.869
93.3068, 95.5351
-35.3856, 41.1585
Particle 10 new velocities: 160.164, 249.411
95.1651, 77.5399
168.327, 277.615
114.732, 243.301
241.623, 93.413
142.479, 350.3
Particle 11 new velocities: 222.13, 161.097
168.509, 440.744
264.441, 419.024
146.086, 128.942
317.855, 272.678
84.2436, 202.785
Particle 12 new velocities: 29.4593, 126.228
15.5175, 69.8565
130.858, 250.74
187.609, 115.29
13.2657, 161.601
225.525, 50.1998
Particle 13 new velocities: 0, 0
0, 0
0, 0
0, 0
0, 0
0, 0
Particle 14 new velocities: 74.5746, 132.204
167.968, 267.03
181.587, 333.185
117.561, 147.579
74.8524, 134.275
116.942, 110.118
Particle 15 new velocities: 53.764, 14.1424
55.6934, 122.96
102.124, 137.978
10.9961, 7.40674
62.1731, 28.4592
18.7517, 101.547
Particle 16 new velocities: 57.5171, 118.499
128.151, 189.898
253.014, 281.145
51.3854, 133.464
172.722, 179.705
164.931, 166.219
Particle 17 new velocities: 315.382, 208.56
184.105, 284.956
66.5487, 310.337
173.267, 139.432
225.88, 190.537
349.571, 241.827
Particle 18 new velocities: 364.47, 105.768
75.1836, 116.591
247.304, 177.65
71.3292, 129.629
345.836, 201.933
144.107, 111.251
Particle 19 new velocities: 381.012, 135.658
597.265, 357.6
115.245, 210.41
174.083, 222.548
273.354, 172.047
294.667, 301.997
Particle 20 new velocities: 70.9514, 117.979
111.473, 71.3803
52.0888, 252.604
106.565, 172.599
-19.2368, 143.918
40.4785, 202.305
-- ITERATION 4 --
-------------
Particle: 1:
Relays Coordinates:
156.018, 183.076
131.355, 290.509
262.232, 338.703
77.178, 75.3996
234.773, 227.524
140.83, 175.887
Evaluation Time: 1.81709 seconds
Resulting Fitness: 0.497222
New local best!
-------------
Particle: 2:
Relays Coordinates:
126.874, 102.712
101.576, 323.25
182.015, 267.704
66.5001, 59.4768
206.336, 157.47
52.2479, 157.427
Evaluation Time: 1.77327 seconds
Resulting Fitness: 0.494444
New local best!
-------------
Particle: 3:
Relays Coordinates:
186.075, 92.1322
128.321, 147.669
155.594, 98.7456
47.5665, 103.198
151.277, 87.3427
80.1178, 122.394
Evaluation Time: 1.13038 seconds
Resulting Fitness: 0.219444
-------------
Particle: 4:
Relays Coordinates:
155.047, 127.685
101.532, 265.721
201.474, 240.467
47.0795, 57.456
196.449, 129.557
99.9929, 161.217
Evaluation Time: 1.53994 seconds
Resulting Fitness: 0.444444
-------------
Particle: 5:
Relays Coordinates:
0, 101.753
310.996, 122.395
227.902, 114.439
185.222, 42.5529
328.05, 113.176
116.704, 113.819
Evaluation Time: 1.67034 seconds
Resulting Fitness: 0.372222
-------------
Particle: 6:
Relays Coordinates:
205.089, 136.952
99.144, 101.541
239.148, 0
239.148, 56.6975
81.1557, 117.071
72.5251, 41.674
Evaluation Time: 1.29325 seconds
Resulting Fitness: 0.252778
-------------
Particle: 7:
Relays Coordinates:
128.874, 121.638
144.334, 263.862
164.363, 84.1005
69.9622, 74.2541
166.491, 156.455
59.783, 236.071
Evaluation Time: 1.53869 seconds
Resulting Fitness: 0.383333
-------------
Particle: 8:
Relays Coordinates:
111.452, 79.9373
193.71, 147.637
114.091, 109.359
192.394, 106.17
97.9099, 75.4278
106.56, 42.4217
Evaluation Time: 1.22269 seconds
Resulting Fitness: 0.25
-------------
Particle: 9:
Relays Coordinates:
103.005, 183.957
91.7903, 257.547
105.706, 105.864
121.133, 111.54
148.97, 153.811
0, 72.6102
Evaluation Time: 1.43583 seconds
Resulting Fitness: 0.361111
-------------
Particle: 10:
Relays Coordinates:
121.997, 190.502
80.7311, 82.0998
113.759, 202.269
84.057, 177.409
172.441, 79.7574
101.034, 239.148
Evaluation Time: 1.37738 seconds
Resulting Fitness: 0.352778
-------------
Particle: 11:
Relays Coordinates:
131.195, 99.2062
95.5497, 193.71
141.501, 193.71
101.829, 53.8022
177.085, 157.201
55.5911, 125.594
Evaluation Time: 1.25152 seconds
Resulting Fitness: 0.263889
-------------
Particle: 12:
Relays Coordinates:
56.2084, 127.695
26.847, 116.621
156.591, 257.205
152.727, 123.864
94.7431, 198.464
203.659, 85.2357
Evaluation Time: 1.48228 seconds
Resulting Fitness: 0.352778
-------------
Particle: 13:
Relays Coordinates:
154.87, 137.4
121.744, 278.524
204.028, 334.469
77.2038, 74.2037
223.417, 166.334
111.869, 187.303
Evaluation Time: 1.74424 seconds
Resulting Fitness: 0.527778
-------------
Particle: 14:
Relays Coordinates:
68.4491, 84.3436
125.739, 215.234
141.871, 215.234
98.4517, 100.692
47.2121, 103.849
85.7334, 101.462
Evaluation Time: 1.29662 seconds
Resulting Fitness: 0.255556
-------------
Particle: 15:
Relays Coordinates:
104.05, 106.028
116.492, 248.736
145.302, 282.921
34.1886, 49.5898
121.283, 122.668
93.4963, 132.629
Evaluation Time: 1.55359 seconds
Resulting Fitness: 0.375
-------------
Particle: 16:
Relays Coordinates:
68.8774, 88.495
121.463, 176.448
212.936, 239.148
42.3842, 115.622
185.572, 148.267
141.341, 138.415
Evaluation Time: 1.39302 seconds
Resulting Fitness: 0.333333
-------------
Particle: 17:
Relays Coordinates:
140.699, 92.2194
103.628, 118.41
49.115, 139.965
98.6055, 62.0722
90.4294, 91.4535
156.905, 99.6603
Evaluation Time: 1.07853 seconds
Resulting Fitness: 0.138889
-------------
Particle: 18:
Relays Coordinates:
239.148, 98.0174
150.344, 109.377
228.707, 178.239
76.9537, 92.0402
239.148, 172.593
117.321, 91.6223
Evaluation Time: 1.50263 seconds
Resulting Fitness: 0.322222
-------------
Particle: 19:
Relays Coordinates:
156.905, 63.8986
156.905, 156.905
72.1445, 94.6919
58.161, 93.7709
115.553, 82.0677
152.372, 152.432
Evaluation Time: 1.16017 seconds
Resulting Fitness: 0.205556
-------------
Particle: 20:
Relays Coordinates:
51.2621, 112.956
67.0224, 161.234
70.3041, 198.744
97.9599, 179.222
32.5716, 104.359
43.627, 172.528
Evaluation Time: 1.09755 seconds
Resulting Fitness: 0.188889
Current global best fitness: 0.527778
Current global best relays: 154.87, 137.4
121.744, 278.524
204.028, 334.469
77.2038, 74.2037
223.417, 166.334
111.869, 187.303
Particle 1 new velocities: 57.0321, 15.4575
55.5893, 115.347
61.8729, 138.894
37.1261, 33.3131
95.3043, 53.8104
52.6497, 101.36
Particle 2 new velocities: 68.5466, 80.5902
120.253, 150.217
120.131, 168.601
45.9067, 40.287
112.241, 94.0161
111.617, 77.2708
Particle 3 new velocities: 133.691, 115.605
143.069, 238.661
187.01, 143.978
81.5814, 80.0737
224.143, 113.139
118.616, 223.211
Particle 4 new velocities: 131.552, 126.404
91.6167, 20.8235
152.099, 279.369
102.515, 71.388
229.87, 111.317
58.1457, 142.306
Particle 5 new velocities: 200.609, 82.8355
39.6575, 268.201
83.6331, 285.92
211.093, 27.7935
-82.6697, 95.1521
85.7642, 41.6827
Particle 6 new velocities: 263.323, 148.014
114.828, 139.239
88.1537, 265.964
-97.2244, 60.2227
216.357, 116.861
97.0879, 112.09
Particle 7 new velocities: 115.426, 57.9547
104.518, 134.445
88.7443, 123.348
45.2174, 74.5975
77.4442, 85.8697
49.1996, 89.2323
Particle 8 new velocities: 369.388, 167.182
132.237, 182.282
168.13, 266.929
215.337, 292.38
326.665, 78.5792
222.685, 183.966
Particle 9 new velocities: 105.753, 303.858
114.813, 212.574
152.567, 317.349
117.001, 46.676
83.2039, 190.912
160.348, 126.322
Particle 10 new velocities: 147.011, 196.495
58.5299, 235.799
127.009, 130.893
92.6389, 199.547
164.286, 119.462
121.061, 11.989
Particle 11 new velocities: 238.532, 168.62
194.427, 181.453
264.958, 359.039
95.1575, 127.496
321.712, 249.97
127.807, 221.919
Particle 12 new velocities: 105.427, 112.351
22.321, 252.081
176.09, 282.38
122.062, 60.0521
46.5035, 130.89
186.287, 99.8209
Particle 13 new velocities: 0, 0
0, 0
0, 0
0, 0
0, 0
0, 0
Particle 14 new velocities: 140.459, 160.017
194.977, 50.2157
151.973, 236.962
154.509, 153.309
48.0804, 138.211
222.768, 95.0634
Particle 15 new velocities: 68.5659, 74.2166
73.2119, 132.561
87.2135, 176.836
39.1618, 77.3408
87.442, 156.874
110.536, 98.4341
Particle 16 new velocities: 60.667, 137.109
133.273, 164.418
221.409, 105.88
60.7441, 188.718
173.986, 211.06
227.579, 176.388
Particle 17 new velocities: 323.863, 187.779
280.245, 211.034
232.315, 250.724
225.413, 136.158
178.909, 240.628
221.714, 264.926
Particle 18 new velocities: 39.2259, 92.3085
456.135, 296.825
204.047, 187.842
131.422, 80.9553
73.6027, 158.751
108.942, 83.7689
Particle 19 new velocities: 52.2164, 224.029
263.553, 213.217
96.4904, 256.076
307.727, 345.521
278.028, 241.047
458.298, 303.745
Particle 20 new velocities: 114.586, 86.2878
130.95, 291.383
49.3152, 272.657
71.6693, 130.445
175.308, 327.034
89.1744, 178.758
-- ITERATION 5 --
-------------
Particle: 1:
Relays Coordinates:
155.313, 144.731
136.283, 295.869
236.273, 348.168
83.3277, 79.2515
240.627, 205.092
141.047, 202.113
Evaluation Time: 1.8332 seconds
Resulting Fitness: 0.525
New local best!
-------------
Particle: 2:
Relays Coordinates:
115.394, 108.238
130.988, 279.577
178.414, 257.634
66.3751, 58.9096
188.117, 148.5
96.7603, 138.587
Evaluation Time: 1.5647 seconds
Resulting Fitness: 0.4
-------------
Particle: 3:
Relays Coordinates:
169.937, 110.4
144.228, 205.312
182.074, 128.993
68.6345, 97.3982
199.514, 106.544
105.615, 183.668
Evaluation Time: 1.31791 seconds
Resulting Fitness: 0.319444
-------------
Particle: 4:
Relays Coordinates:
123.371, 109.377
83.1441, 123.348
152.201, 215.234
64.3957, 55.4631
183.516, 103.688
68.0735, 130.657
Evaluation Time: 1.32593 seconds
Resulting Fitness: 0.316667
-------------
Particle: 5:
Relays Coordinates:
86.3555, 79.4595
150.945, 168.138
134.106, 172.341
170.601, 30.2818
105.628, 89.6786
87.1561, 66.9385
Evaluation Time: 1.24457 seconds
Resulting Fitness: 0.258333
-------------
Particle: 6:
Relays Coordinates:
276.592, 168.27
126.348, 142.178
193.269, 157.049
83.8047, 69.0402
175.678, 138.135
100.155, 90.7961
Evaluation Time: 1.52497 seconds
Resulting Fitness: 0.358333
-------------
Particle: 7:
Relays Coordinates:
144.257, 106.048
146.945, 235.196
149.457, 122.497
68.0124, 87.8954
144.041, 143.09
64.3531, 192.088
Evaluation Time: 1.28501 seconds
Resulting Fitness: 0.336111
-------------
Particle: 8:
Relays Coordinates:
135.803, 69.7937
92.0573, 93.1787
79.7076, 106.275
115.155, 112.562
119.913, 43.4961
92.9884, 63.9387
Evaluation Time: 1.02431 seconds
Resulting Fitness: 0.133333
-------------
Particle: 9:
Relays Coordinates:
89.8635, 209.988
88.9361, 202.372
111.178, 182.179
102.509, 68.1068
99.9434, 148.392
69.0247, 85.634
Evaluation Time: 1.27416 seconds
Resulting Fitness: 0.252778
-------------
Particle: 10:
Relays Coordinates:
93.7974, 134.938
48.5573, 110.844
83.9508, 116.167
61.61, 131.436
117.409, 69.4637
77.4399, 87.5662
Evaluation Time: 0.999051 seconds
Resulting Fitness: 0.127778
-------------
Particle: 11:
Relays Coordinates:
159.156, 115.291
124.826, 161.495
174.967, 215.234
84.7964, 78.0428
214.716, 175.274
78.9469, 149.593
Evaluation Time: 1.47057 seconds
Resulting Fitness: 0.347222
-------------
Particle: 12:
Relays Coordinates:
62.6209, 92.9986
19.0487, 142.843
128.888, 193.71
106.459, 71.253
54.7218, 127.598
151.073, 71.6947
Evaluation Time: 1.27478 seconds
Resulting Fitness: 0.244444
-------------
Particle: 13:
Relays Coordinates:
154.87, 137.4
121.744, 278.524
204.028, 334.469
77.2038, 74.2037
223.417, 166.334
111.869, 187.303
Evaluation Time: 1.74138 seconds
Resulting Fitness: 0.527778
-------------
Particle: 14:
Relays Coordinates:
89.9281, 105.189
138.058, 114.267
126.49, 194.656
108.891, 109.339
41.0203, 104.199
132.8, 84.5976
Evaluation Time: 1.17471 seconds
Resulting Fitness: 0.241667
-------------
Particle: 15:
Relays Coordinates:
139.819, 145.998
153.66, 308.85
188.337, 372.403
59.4138, 102.814
169.068, 226.429
165.266, 187.161
Evaluation Time: 1.68569 seconds
Resulting Fitness: 0.45
New local best!
-------------
Particle: 16:
Relays Coordinates:
55.7646, 97.1153
109.655, 146.732
186.972, 148.523
44.3934, 131.008
154.778, 154.679
158.808, 135.512
Evaluation Time: 1.22653 seconds
Resulting Fitness: 0.233333
-------------
Particle: 17:
Relays Coordinates:
145.784, 87.8666
120.464, 103.383
88.3158, 122.602
101.681, 62.2068
84.5212, 104.211
118.815, 114.411
Evaluation Time: 1.01133 seconds
Resulting Fitness: 0.133333
-------------
Particle: 18:
Relays Coordinates:
119.831, 81.9291
215.234, 174.857
186.286, 157.586
89.6989, 74.4689
134.629, 142.633
97.3992, 75.5001
Evaluation Time: 1.2591 seconds
Resulting Fitness: 0.294444
-------------
Particle: 19:
Relays Coordinates:
65.6246, 90.3548
131.944, 116.148
52.9194, 110.075
114.82, 137.855
123.51, 101.397
156.905, 143.153
Evaluation Time: 1.08778 seconds
Resulting Fitness: 0.188889
-------------
Particle: 20:
Relays Coordinates:
71.3922, 85.7678
85.2208, 194.837
51.4922, 202.923
73.0198, 133.302
89.4856, 185.701
57.1666, 151.217
Evaluation Time: 1.1744 seconds
Resulting Fitness: 0.183333
Current global best fitness: 0.527778
Current global best relays: 154.87, 137.4
121.744, 278.524
204.028, 334.469
77.2038, 74.2037
223.417, 166.334
111.869, 187.303
Particle 1 new velocities: 45.5758, 9.4174
33.1999, 76.7866
16.127, 108.724
23.84, 20.2627
70.7431, 22.3953
23.6896, 63.1384
Particle 2 new velocities: 105.265, 90.7371
84.5885, 122.906
128.07, 202.799
45.4742, 44.4175
118.265, 95.3126
51.3261, 78.5857
Particle 3 new velocities: 168.517, 110.629
113.453, 211.696
174.88, 356.207
53.0634, 60.6708
171.218, 161.033
79.4461, 151.292
Particle 4 new velocities: 154.463, 116.288
87.6662, 126.176
225.333, 67.4197
95.0106, 92.8101
222.885, 107.717
62.673, 205.382
Particle 5 new velocities: 181.9, 147.846
285.185, 262.338
223.683, 176.433
159.336, 45.8504
55.9349, 84.6457
122.789, 180.225
Particle 6 new velocities: 135.732, 86.5685
106.183, 293.195
148.509, 186.917
189.803, 43.6682
167.523, 124.162
86.5151, 77.695
Particle 7 new velocities: 107.769, 68.9059
60.7318, 147.642
133.228, 19.2363
38.07, 46.4415
195.691, 92.9636
65.382, 88.8114
Particle 8 new velocities: 385.788, 170.835
209.136, 199.372
218.028, 371.776
294.532, 277.996
748.631, 197.891
197.946, 244.146
Particle 9 new velocities: 150.982, 369.553
186.5, 311.457
217.171, 265.219
75.9231, 125.825
213.154, 250.629
94.7312, 113.168
Particle 10 new velocities: 139.629, 353.737
91.2735, 370.767
124.269, 131.751
80.6167, 200.693
266.212, 182.34
146.105, 111.404
Particle 11 new velocities: 247.204, 144.157
154.162, 320.217
205.703, 144.503
79.3055, 88.2523
218.347, 196.203
95.7755, 246.011
Particle 12 new velocities: 90.2075, 199.46
83.8192, 367.767
202.804, 184.677
128.596, 163.161
182.037, 341.724
175.865, 192.051
Particle 13 new velocities: 0, 0
0, 0
0, 0
0, 0
0, 0
0, 0
Particle 14 new velocities: 110.597, 130.102
171.418, 52.1695
216.438, 494.16
179.748, 103.895
35.1754, 125.148
215.475, 190.851
Particle 15 new velocities: 69.0329, 50.7654
18.4312, 84.7087
80.4998, 97.9827
50.1231, 31.7492
95.3624, 62.5991
49.5746, 78.7932
Particle 16 new velocities: 55.0997, 146.795
192.39, 252.431
261.767, 178.593
60.477, 167.74
264.378, 203.344
207.231, 193.162
Particle 17 new velocities: 286.908, 253.908
477.069, 347.295
230.971, 239.158
424.785, 141.022
304.481, 191.468
284.256, 352.911
Particle 18 new velocities: 258.337, 46.7414
188.223, 242.157
243.622, 143.303
194.011, 80.4741
238.411, 142.519
126.066, 184.932
Particle 19 new velocities: 393.735, 223.647
538.586, 460.326
130.933, 334.144
224.278, 345.173
234.164, 272.978
248.522, 406.74
Particle 20 new velocities: 128.356, 104.985
36.8019, 542.859
158.09, 368.506
102.927, 230.97
143.616, 411.245
84.021, 179.133
-- ITERATION 6 --
-------------
Particle: 1:
Relays Coordinates:
162.72, 124.86
137.281, 301.851
204.444, 370.083
86.8058, 80.6065
252.209, 184.265
133.436, 214.854
Evaluation Time: 1.97172 seconds
Resulting Fitness: 0.563889
New local best!
New global best!
-------------
Particle: 2:
Relays Coordinates:
144.774, 130.548
141.44, 264.069
201.084, 302.09
73.3843, 67.7929
201.017, 159.965
97.1595, 142.487
Evaluation Time: 1.59512 seconds
Resulting Fitness: 0.402778
-------------
Particle: 3:
Relays Coordinates:
199.853, 130.515
152.158, 246.239
210.778, 286.506
71.8614, 93.3382
218.914, 158.002
109.277, 197.791
Evaluation Time: 1.63597 seconds
Resulting Fitness: 0.436111
New local best!
-------------
Particle: 4:
Relays Coordinates:
147.653, 119.928
90.7756, 132.607
200.637, 150.214
84.715, 78.7984
215.978, 112.349
69.4841, 178.585
Evaluation Time: 1.33633 seconds
Resulting Fitness: 0.313889
-------------
Particle: 5:
Relays Coordinates:
128.306, 108.72
208.6, 205.896
171.129, 166.818
157.807, 36.4138
77.2751, 83.3787
100.416, 118.217
Evaluation Time: 1.33003 seconds
Resulting Fitness: 0.302778
-------------
Particle: 6:
Relays Coordinates:
177.492, 109.699
100.097, 187.414
147.124, 148.066
117.779, 48.5173
147.737, 112.91
80.3553, 72.5299
Evaluation Time: 1.25553 seconds
Resulting Fitness: 0.258333
-------------
Particle: 7:
Relays Coordinates:
165.354, 114.787
136.257, 251.18
185.47, 92.9909
69.6006, 88.1384
222.898, 154.875
85.1192, 184.298
Evaluation Time: 1.51697 seconds
Resulting Fitness: 0.444444
-------------
Particle: 8:
Relays Coordinates:
141.215, 67.9606
85.066, 82.6249
84.0893, 135.016
115.708, 110.305
141.215, 68.1749
82.1684, 87.0123
Evaluation Time: 1.00683 seconds
Resulting Fitness: 0.141667
-------------
Particle: 9:
Relays Coordinates:
103.676, 215.234
118.566, 215.234
141.344, 192.59
76.8091, 83.4814
134.778, 171.765
70.4915, 85.5777
Evaluation Time: 1.30672 seconds
Resulting Fitness: 0.263889
-------------
Particle: 10:
Relays Coordinates:
90.434, 189.322
54.1733, 186.586
80.6686, 96.0482
55.1015, 128.674
148.623, 97.5539
86.6059, 77.0852
Evaluation Time: 1.17267 seconds
Resulting Fitness: 0.230556
-------------
Particle: 11:
Relays Coordinates:
194.361, 124.093
133.439, 230.402
182.074, 172.061
78.4895, 79.5384
207.133, 177.676
83.5692, 189.216
Evaluation Time: 1.56671 seconds
Resulting Fitness: 0.416667
-------------
Particle: 12:
Relays Coordinates:
53.288, 101.974
35.8678, 174.339
115.654, 131.935
81.9586, 81.7351
82.5528, 163.643
113.996, 91.9626
Evaluation Time: 1.12307 seconds
Resulting Fitness: 0.175
-------------
Particle: 13:
Relays Coordinates:
154.87, 137.4
121.744, 278.524
204.028, 334.469
77.2038, 74.2037
223.417, 166.334
111.869, 187.303
Evaluation Time: 1.73147 seconds
Resulting Fitness: 0.527778
-------------
Particle: 14:
Relays Coordinates:
95.9107, 112.539
148.021, 79.6062
164.021, 239.148
138.055, 101.989
36.4442, 109.696
166.579, 131.746
Evaluation Time: 1.38057 seconds
Resulting Fitness: 0.297222
-------------
Particle: 15:
Relays Coordinates:
137.027, 129.096
112.909, 258.214
176.384, 308.62
71.8672, 88.2868
173.492, 189.631
140.957, 174.492
Evaluation Time: 1.6584 seconds
Resulting Fitness: 0.444444
-------------
Particle: 16:
Relays Coordinates:
47.7234, 104.996
130.021, 171.827
193.167, 140.813
45.1433, 128.601
180.433, 154.117
157.568, 141.484
Evaluation Time: 1.36289 seconds
Resulting Fitness: 0.283333
-------------
Particle: 17:
Relays Coordinates:
98.9861, 78.1871
114.384, 103.101
73.0427, 82.7591
114.384, 46.4922
88.9913, 67.6419
92.2097, 106.908
Evaluation Time: 0.995029 seconds
Resulting Fitness: 0.113889
-------------
Particle: 18:
Relays Coordinates:
131.859, 44.8646
140.677, 145.404
149.9, 104.913
98.9236, 54.0253
130.071, 99.4264
77.9176, 90.8071
Evaluation Time: 1.10473 seconds
Resulting Fitness: 0.197222
-------------
Particle: 19:
Relays Coordinates:
105.087, 71.8336
114.384, 114.384
42.0596, 101.623
77.5746, 110.501
81.8243, 85.6449
92.7488, 114.384
Evaluation Time: 0.983861 seconds
Resulting Fitness: 0.113889
-------------
Particle: 20:
Relays Coordinates:
85.9852, 82.1129
52.5268, 215.234
90.2182, 215.234
75.7393, 156.807
100.343, 215.234
60.7766, 142.205
Evaluation Time: 1.25161 seconds
Resulting Fitness: 0.25
Current global best fitness: 0.563889
Current global best relays: 162.72, 124.86
137.281, 301.851
204.444, 370.083
86.8058, 80.6065
252.209, 184.265
133.436, 214.854
Particle 1 new velocities: 36.4606, 7.53392
26.5599, 61.4293
12.9016, 86.9794
19.072, 16.2101
56.5945, 17.9163
18.9516, 50.5107
Particle 2 new velocities: 90.5568, 49.5506
15.3723, 152.621
102.751, 172.317
49.9984, 43.5593
145.49, 89.8426
27.3086, 127.928
Particle 3 new velocities: 95.8727, 87.9349
84.3705, 205.617
132.346, 289.393
47.1032, 48.0372
150.954, 160.359
79.691, 137.451
Particle 4 new velocities: 133.709, 114.744
75.3692, 246.427
177.321, 83.5217
72.754, 53.0971
215.405, 162.999
138.94, 172.191
Particle 5 new velocities: 81.0908, 117.684
323.2, 249.813
217.261, 361.809
43.1968, 34.5768
520.845, 180.916
135.32, 150.372
Particle 6 new velocities: 193.364, 90.4089
128.174, 298.129
400.924, 176.36
362.796, 87.7457
240.536, 211.964
93.6339, 211.166
Particle 7 new velocities: 77.6107, 75.9856
52.7431, 140.951
89.7123, 5.57902
50.082, 26.6347
185.568, 96.5165
49.1874, 106.872
Particle 8 new velocities: 119.864, 204.078
341.88, 305.28
360.902, 468.744
288.763, 380.037
375.665, 218.455
285.708, 186.304
Particle 9 new velocities: 169.56, -2.85857
177.129, 178.372
159.018, 341.831
116.403, 144.224
274.194, 272.003
90.7166, 111.235
Particle 10 new velocities: 146.915, 365.449
86.2053, 277.279
115.143, 108.642
101.796, 270.158
275.571, 242.855
177.885, 354.324
Particle 11 new velocities: 193.341, 108.543
113.75, 298.817
175.007, 293.768
77.4296, 49.7668
152.514, 165.224
101.538, 220.043
Particle 12 new velocities: 102.528, 289.155
75.6682, -24.3874
366.908, 414.126
162.165, 194.421
337.393, 422.453
322.437, 261.418
Particle 13 new velocities: 6.08613, -0.671993
13.7797, 10.4937
0.270165, 39.3101
5.98118, 4.98385
20.26, 20.1777
27.0413, 25.8162
Particle 14 new velocities: 134.805, 63.7435
156.64, 158.686
167.683, 217.641
86.5558, 94.7006
201.268, 105.119
148.081, 155.115
Particle 15 new velocities: 70.9812, 47.8358
49.3738, 156.465
76.6241, 190.049
58.0969, 35.1557
137.503, 54.3327
60.228, 114.764
Particle 16 new velocities: 178.517, 132.379
185.283, 208.167
268.615, 343.738
85.0702, 175.407
260.805, 178.563
271.453, 186.266
Particle 17 new velocities: 403.924, 302.067
199.372, 391.604
313.614, 472.172
236.845, 165.158
362.206, 201.927
635.063, 436.951
Particle 18 new velocities: 419.896, 93.7817
195.376, 181.988
394.135, 364.827
206.542, 106.404
481.348, 220.841
184.956, 189.072
Particle 19 new velocities: 461.771, 231.434
132.556, 272.623
290.756, 337.109
241.008, 363.034
478.79, 297.025
656.047, 206.947
Particle 20 new velocities: 144.734, 153.297
35.2134, 321.2
118.61, 25.2674
101.319, 247.577
254.478, -18.2817
79.6736, 177.266
-- ITERATION 7 --
-------------
Particle: 1:
Relays Coordinates:
161.336, 107.239
132.711, 294.257
176.05, 370.22
85.761, 78.4215
250.131, 163.767
123.434, 214.945
Evaluation Time: 1.94768 seconds
Resulting Fitness: 0.6
New local best!
New global best!
-------------
Particle: 2:
Relays Coordinates:
154.401, 118.162
102.884, 273.391
199.346, 311.259
80.9514, 73.0582
227.343, 163.899
81.6635, 177.419
Evaluation Time: 1.74439 seconds
Resulting Fitness: 0.508333
New local best!
-------------
Particle: 3:
Relays Coordinates:
174.623, 128.993
139.668, 266.816
202.611, 295.245
70.2474, 83.4807
218.404, 187.989
111.584, 197.957
Evaluation Time: 1.61219 seconds
Resulting Fitness: 0.45
New local best!
-------------
Particle: 4:
Relays Coordinates:
149.527, 124.714
88.2961, 201.434
200.863, 124.216
83.6855, 70.0947
229.254, 146.332
110.765, 186.417
Evaluation Time: 1.48273 seconds
Resulting Fitness: 0.405556
-------------
Particle: 5:
Relays Coordinates:
90.1383, 97.4592
215.234, 196.167
167.189, 215.234
86.5257, 30.5591
215.234, 113.77
101.477, 115.619
Evaluation Time: 1.51178 seconds
Resulting Fitness: 0.358333
-------------
Particle: 6:
Relays Coordinates:
129.31, 69.7735
79.5931, 169.299
174.339, 113.12
167.566, 47.512
135.382, 113.277
60.6663, 98.9187
Evaluation Time: 1.17714 seconds
Resulting Fitness: 0.225
-------------
Particle: 7:
Relays Coordinates:
159.409, 125.166
124.003, 257.277
180.547, 64.6717
78.5238, 75.3026
267.995, 164.938
88.1186, 191.037
Evaluation Time: 1.61291 seconds
Resulting Fitness: 0.483333
New local best!
-------------
Particle: 8:
Relays Coordinates:
81.9293, 85.3687
133.98, 121.729
139.643, 156.905
126.927, 153.875
156.905, 89.9475
115.443, 85.7695
Evaluation Time: 1.14278 seconds
Resulting Fitness: 0.202778
-------------
Particle: 9:
Relays Coordinates:
117.619, 91.4205
127.287, 169.434
129.296, 215.234
83.1715, 98.0195
176.049, 191.028
69.3948, 84.7216
Evaluation Time: 1.3553 seconds
Resulting Fitness: 0.294444
-------------
Particle: 10:
Relays Coordinates:
91.9539, 193.71
54.3855, 179.711
75.8614, 79.3012
60.7852, 154.515
164.341, 131.881
102.469, 167.137
Evaluation Time: 1.26572 seconds
Resulting Fitness: 0.258333
-------------
Particle: 11:
Relays Coordinates:
166.893, 100.142
106.407, 215.234
153.712, 200.524
67.1181, 55.6617
154.816, 147.607
79.6827, 176.172
Evaluation Time: 1.37436 seconds
Resulting Fitness: 0.322222
-------------
Particle: 12:
Relays Coordinates:
82.8071, 207.862
59.2748, 79.6905
256.453, 265.721
129.737, 146.761
223.176, 265.721
231.939, 187.801
Evaluation Time: 1.5733 seconds
Resulting Fitness: 0.441667
-------------
Particle: 13:
Relays Coordinates:
160.956, 136.728
135.524, 289.017
204.298, 373.779
83.185, 79.1876
243.677, 186.511
138.911, 213.119
Evaluation Time: 1.89922 seconds
Resulting Fitness: 0.555556
New local best!
-------------
Particle: 14:
Relays Coordinates:
89.3838, 68.2954
118.032, 92.3193
128.509, 176.97
87.019, 76.2017
92.0945, 83.2235
121.906, 111.136
Evaluation Time: 1.22866 seconds
Resulting Fitness: 0.233333
-------------
Particle: 15:
Relays Coordinates:
136.474, 116.085
106.474, 272.071
165.999, 327.177
85.2694, 80.9906
204.044, 160.065
131.997, 189.781
Evaluation Time: 1.74474 seconds
Resulting Fitness: 0.480556
New local best!
-------------
Particle: 16:
Relays Coordinates:
78.8851, 82.7673
109.94, 132.495
161.013, 168.952
45.4026, 106.001
153.85, 115.998
149.59, 114.279
Evaluation Time: 1.18011 seconds
Resulting Fitness: 0.208333
-------------
Particle: 17:
Relays Coordinates:
141.215, 107.395
88.614, 139.719
109.203, 141.215
99.1975, 59.7762
127.432, 76.1343
141.215, 141.215
Evaluation Time: 1.07607 seconds
Resulting Fitness: 0.175
-------------
Particle: 18:
Relays Coordinates:
156.905, 43.5087
105.457, 102.739
156.905, 147.41
95.8584, 50.3443
156.905, 100.503
82.4926, 87.8291
Evaluation Time: 1.10257 seconds
Resulting Fitness: 0.211111
-------------
Particle: 19:
Relays Coordinates:
127.093, 77.0867
62.7687, 98.3721
84.5974, 111.52
80.9795, 120.366
127.093, 97.2696
127.093, 81.678
Evaluation Time: 1.00251 seconds
Resulting Fitness: 0.130556
-------------
Particle: 20:
Relays Coordinates:
80.4468, 82.0824
30.5931, 174.339
72.8138, 83.8575
61.7363, 141
123.718, 68.6729
48.972, 111.393
Evaluation Time: 1.03545 seconds
Resulting Fitness: 0.147222
Current global best fitness: 0.6
Current global best relays: 161.336, 107.239
132.711, 294.257
176.05, 370.22
85.761, 78.4215
250.131, 163.767
123.434, 214.945
Particle 1 new velocities: 29.1685, 6.02713
21.248, 49.1434
10.3213, 69.5836
15.2576, 12.9681
45.2756, 14.333
15.1613, 40.4086
Particle 2 new velocities: 76.5306, 27.2665
16.8869, 149.11
70.0669, 177.548
45.6754, 38.9973
136.797, 71.8659
34.7302, 115.567
Particle 3 new velocities: 75.5633, 63.9901
61.8205, 187.389
90.4802, 34.3915
48.4937, 37.2863
130.532, 114.991
65.0242, 122.584
Particle 4 new velocities: 119.4, 78.3845
70.0936, 244.201
103.627, 261.979
54.9162, 51.91
159.509, 130.305
71.7226, 128.449
Particle 5 new velocities: 37.3191, 97.8674
47.7143, 255.493
186.118, -44.4956
305.069, 30.2219
145.639, 197.276
137.342, 148.536
Particle 6 new velocities: 388.727, 202.549
201.735, 297.41
119.568, 113.85
455.387, 105.697
288.559, 220.233
101.94, 262.527
Particle 7 new velocities: 63.3168, 43.1839
53.1018, 137.986
69.7095, 88.7221
45.1584, 22.6815
141.308, 75.9598
60.2842, 99.6938
Particle 8 new velocities: 377.106, 196.352
419.133, 332.019
282.192, 74.8384
355.333, 240.244
476.437, 236.432
299.275, 198.711
Particle 9 new velocities: 157.838, 291.205
154.56, 281.949
131.097, 120.083
206.804, 93.8598
285.307, 272.42
77.637, 128.621
Particle 10 new velocities: 156.619, -24.5764
145.612, 185.021
101.637, 175.423
122.51, 217.509
261.485, 165.878
147.066, 449.919
Particle 11 new velocities: 191.529, 94.9038
116.79, 90.9142
161.422, 423.989
88.5097, 75.9415
196.647, 143.552
89.7438, 214.348
Particle 12 new velocities: 161.117, 97.4916
134.953, 123.414
107.484, 83.6609
145.528, 87.8084
202.326, -7.97152
187.58, 105.132
Particle 13 new velocities: 5.22265, -17.8643
10.4876, 14.0922
-24.7736, 26.8337
5.3181, 3.40951
18.0746, 5.82627
5.83277, 21.9119
Particle 14 new velocities: 151.642, 73.8588
143.384, 357.905
183.681, 472.853
95.4734, 147.1
310.435, 121.005
141.271, 126.818
Particle 15 new velocities: 83.5366, 38.2686
48.9922, 136.191
61.6822, 201.657
46.6177, 25.491
118.199, 46.3358
45.023, 94.0567
Particle 16 new velocities: 227.453, 155.389
192.624, 341.257
364.509, 344.682
90.2999, 134.403
330.337, 160.623
303.109, 263.256
Particle 17 new velocities: 19.0259, 258.794
261.189, 410.757
301.739, 192.453
320.394, 161.998
318.116, 238.051
179.399, 70.2712
Particle 18 new velocities: 265.72, 138.94
453.852, 213.685
63.0263, 283.73
219.232, 161.688
197.656, 233.925
227.872, 154.09
Particle 19 new velocities: 144.978, 265.66
463.12, 495.779
269.149, 242.169
245.548, 404.836
178.797, 263.499
94.2902, 366.117
Particle 20 new velocities: 133.887, 164.372
84.4182, 133.018
151.874, 248.729
145.991, 263.204
174.367, 442.789
112.12, 161.786
-- ITERATION 8 --
-------------
Particle: 1:
Relays Coordinates:
138.878, 82.5712
112.236, 250.339
135.864, 320.617
73.6426, 66.623
215.352, 129.835
101.036, 186.153
Evaluation Time: 1.72143 seconds
Resulting Fitness: 0.502778
-------------
Particle: 2:
Relays Coordinates:
151.514, 95.416
78.5819, 277.203
176.762, 320.706
83.0799, 73.5196
238.912, 154.685
76.3659, 192.229
Evaluation Time: 1.70104 seconds
Resulting Fitness: 0.538889
New local best!
-------------
Particle: 3:
Relays Coordinates:
164.147, 126.616
132.196, 298.004
192.297, 216.275
77.906, 79.2352
228.936, 198.785
115.872, 210.307
Evaluation Time: 1.66079 seconds
Resulting Fitness: 0.463889
New local best!
-------------
Particle: 4:
Relays Coordinates:
158.799, 119.928
93.5275, 263.144
179.798, 228.045
81.8429, 72.0425
229.561, 163.351
107.757, 185.925
Evaluation Time: 1.6255 seconds
Resulting Fitness: 0.475
New local best!
-------------
Particle: 5:
Relays Coordinates:
60.9625, 93.4241
125.767, 216.028
168.986, 81.6635
187.299, 29.0714
172.604, 148.772
114.226, 126.345
Evaluation Time: 1.38996 seconds
Resulting Fitness: 0.311111
-------------
Particle: 6:
Relays Coordinates:
156.905, 85.4577
88.2839, 146.458
92.2312, 71.2258
156.905, 48.0786
133.037, 104.659
51.0277, 113.425
Evaluation Time: 1.08797 seconds
Resulting Fitness: 0.163889
-------------
Particle: 7:
Relays Coordinates:
146.131, 110.454
116.198, 259.332
164.193, 100.642
81.1479, 64.2874
268.544, 158.053
97.3671, 190.749
Evaluation Time: 1.66078 seconds
Resulting Fitness: 0.5
New local best!
-------------
Particle: 8:
Relays Coordinates:
105.013, 64.4486
114.384, 103.803
96.5024, 53.0155
110.326, 90.1617
114.384, 74.6651
94.8742, 65.0801
Evaluation Time: 1.01332 seconds
Resulting Fitness: 0.116667
-------------
Particle: 9:
Relays Coordinates:
118.575, 164.708
121.326, 194.306
112.09, 144.343
124.825, 82.5977
198.599, 199.499
63.2923, 91.8371
Evaluation Time: 1.36844 seconds
Resulting Fitness: 0.288889
-------------
Particle: 10:
Relays Coordinates:
96.3023, 65.5259
77.4833, 141.305
68.7665, 98.6852
71.0123, 144.13
164.974, 115.358
96.6751, 193.71
Evaluation Time: 1.24144 seconds
Resulting Fitness: 0.230556
-------------
Particle: 11:
Relays Coordinates:
190.48, 103.656
118.616, 162.699
167.475, 265.721
82.707, 69.9393
186.782, 154.734
90.0402, 207.539
Evaluation Time: 1.47744 seconds
Resulting Fitness: 0.391667
-------------
Particle: 12:
Relays Coordinates:
94.501, 118.3
75.2477, 78.6867
140.997, 135.358
106.643, 90.8768
164.848, 99.8572
162.53, 113.488
Evaluation Time: 1.15091 seconds
Resulting Fitness: 0.194444
-------------
Particle: 13:
Relays Coordinates:
149.561, 106.977
131.41, 272.799
161.572, 360.552
79.6528, 74.3374
235.576, 173.104
130.269, 211.528
Evaluation Time: 1.98954 seconds
Resulting Fitness: 0.558333
New local best!
-------------
Particle: 14:
Relays Coordinates:
93.3785, 55.0735
101.278, 174.426
120.949, 193.71
70.7013, 86.5115
155.948, 79.1222
101.96, 92.1883
Evaluation Time: 1.25532 seconds
Resulting Fitness: 0.244444
-------------
Particle: 15:
Relays Coordinates:
144.349, 101.271
102.001, 267.861
149.381, 328.05
86.5311, 69.8626
211.424, 135.419
116.143, 186.226
Evaluation Time: 1.79735 seconds
Resulting Fitness: 0.505556
New local best!
-------------
Particle: 16:
Relays Coordinates:
131.868, 102.518
130.244, 203.935
215.234, 215.234
58.4155, 103.486
208.427, 119.076
194.872, 162.516
Evaluation Time: 1.54914 seconds
Resulting Fitness: 0.361111
-------------
Particle: 17:
Relays Coordinates:
45.2567, 103.423
98.7948, 141.215
116.062, 94.2376
118.505, 62.6355
125.836, 88.7352
90.5507, 59.7299
Evaluation Time: 1.0299 seconds
Resulting Fitness: 0.147222
-------------
Particle: 18:
Relays Coordinates:
132.624, 57.2542
156.905, 99.2971
69.0169, 135.296
98.8788, 66.5381
111.265, 104.947
97.3958, 75.9167
Evaluation Time: 1.01062 seconds
Resulting Fitness: 0.133333
-------------
Particle: 19:
Relays Coordinates:
69.1568, 87.1215
127.093, 127.093
89.9175, 89.9029
82.9989, 127.093
77.7531, 91.7025
56.2727, 113.824
Evaluation Time: 1.01999 seconds
Resulting Fitness: 0.15
-------------
Particle: 20:
Relays Coordinates:
74.7335, 85.9334
40.102, 107.169
78.3437, 115.966
72.43, 140.937
103.936, 174.339
56.1694, 95.2517
Evaluation Time: 1.05613 seconds
Resulting Fitness: 0.155556
Current global best fitness: 0.6
Current global best relays: 161.336, 107.239
132.711, 294.257
176.05, 370.22
85.761, 78.4215
250.131, 163.767
123.434, 214.945
Particle 1 new velocities: 63.7044, 19.2773
60.7287, 108.677
42.0635, 90.076
38.7147, 32.6029
90.3872, 60.5746
71.9123, 87.7579
Particle 2 new velocities: 65.3647, 30.8322
81.7717, 136.3
55.2415, 182.66
39.6766, 34.4442
118.04, 62.105
45.7609, 101.094
Particle 3 new velocities: 58.8848, 29.1182
49.7241, 149.108
71.733, 129.611
44.3716, 28.8798
123.336, 47.9363
52.5238, 104.062
Particle 4 new velocities: 98.06, 53.4719
86.5599, 223.677
81.5638, 309.265
45.2296, 44.8625
148.243, 104.757
62.2806, 134.738
Particle 5 new velocities: 14.4291, 92.4731
77.1424, 232.073
195.38, 65.8881
222.233, 48.6206
482.839, 165.184
154.632, 197.91
Particle 6 new velocities: 82.2984, 253.888
219.404, 360.755
213.12, 113.413
71.8332, 109.332
284.234, 211.282
162.208, 231.601
Particle 7 new velocities: 66.3155, 33.4793
60.0909, 135.799
56.3635, 75.0368
38.0524, 27.0432
91.8402, 67.9802
67.2463, 83.988
Particle 8 new velocities: 363.357, 243.951
147.063, 300.866
335.538, 63.089
518.006, 251.978
495.521, 190.916
398.205, 229.464
Particle 9 new velocities: 153.209, 474.93
144.69, 336.344
158.652, 320.949
218.289, 187.97
241.538, 262.568
35.5347, 197.096
Particle 10 new velocities: 177.201, 166.622
130.844, 231.644
150.814, 205.571
111.156, 262.987
250.87, 151.108
136.523, 153.735
Particle 11 new velocities: 156.049, 82.281
106.732, 309.589
135.195, 220.677
75.6448, 61.3308
187.405, 139.7
62.815, 135.899
Particle 12 new velocities: 105.83, 113.358
101.491, 346.162
108.042, 502.901
142.353, 72.4891
137.595, 13.3852
188.326, 163.661
Particle 13 new velocities: 11.8689, -14.0156
9.56574, 27.1239
-7.7808, 22.379
7.36212, 7.50886
23.5715, -6.42485
-2.79827, 17.5719
Particle 14 new velocities: 187.413, 93.9418
212.736, 526.75
185.048, 154.178
148.524, 214.556
91.7569, 145.394
252.14, 134.338
Particle 15 new velocities: 87.7028, 31.8049
44.6966, 135.713
62.1101, 53.4989
37.2263, 30.849
117.049, 63.7504
38.951, 89.0489
Particle 16 new velocities: 78.7244, 134.199
187.572, 342.213
-28.5223, 155.948
64.3731, 116.481
323.747, 235.439
185.182, 228.638
Particle 17 new velocities: 145.214, 265.611
404.552, 82.2241
198.308, 395.788
253.538, 137.675
297.356, 239.539
365.239, 287.511
Particle 18 new velocities: 384.151, 132.89
330.306, 163.347
437.668, 435.063
252.05, 168.515
441.597, 316.929
223.777, 260.312
Particle 19 new velocities: 298.697, 250.218
194.612, 262.289
293.447, 187.154
518.034, -20.3895
249.787, 218.418
577.812, 470.887
Particle 20 new velocities: 159.114, 184.458
89.5753, 570.676
154.579, 427.164
150.918, 226.852
185.867, 215.25
104.503, 271.407
-- ITERATION 9 --
-------------
Particle: 1:
Relays Coordinates:
147.683, 74.2476
126.091, 261.723
129.709, 299.395
81.9084, 72.3357
222.884, 138.808
126.079, 199.681
Evaluation Time: 1.70933 seconds
Resulting Fitness: 0.455556
-------------
Particle: 2:
Relays Coordinates:
128.065, 74.5483
94.6872, 244.169
136.996, 295.245
72.4865, 63.7515
210.776, 128.013
72.1147, 173.204
Evaluation Time: 1.5817 seconds
Resulting Fitness: 0.472222
-------------
Particle: 3:
Relays Coordinates:
162.59, 113.53
132.62, 325.945
192.478, 252.15
89.1404, 78.8159
256.807, 179.86
122.761, 229.175
Evaluation Time: 1.90085 seconds
Resulting Fitness: 0.519444
New local best!
-------------
Particle: 4:
Relays Coordinates:
168.525, 113.768
118.155, 319.403
171.479, 328.05
83.3722, 76.7014
247.877, 175.906
111.562, 210.387
Evaluation Time: 1.87292 seconds
Resulting Fitness: 0.561111
New local best!
-------------
Particle: 5:
Relays Coordinates:
36.0595, 88.9141
97.051, 214.325
174.275, 70.5735
195.878, 37.1598
239.148, 150.164
128.594, 155.09
Evaluation Time: 1.64853 seconds
Resulting Fitness: 0.447222
New local best!
-------------
Particle: 6:
Relays Coordinates:
102.969, 146.077
132.449, 215.234
131.444, 79.4809
98.4644, 67.7603
179.622, 136.002
91.7911, 148.522
Evaluation Time: 1.34374 seconds
Resulting Fitness: 0.291667
-------------
Particle: 7:
Relays Coordinates:
154.873, 104.928
128.515, 288.05
160.786, 128.07
86.897, 66.58
262.72, 164.778
120.003, 200.283
Evaluation Time: 1.65727 seconds
Resulting Fitness: 0.513889
New local best!
-------------
Particle: 8:
Relays Coordinates:
119.053, 78.3911
66.4564, 102.861
109.819, 29.5122
127.093, 86.9674
127.093, 67.5071
125.334, 74.869
Evaluation Time: 0.966493 seconds
Resulting Fitness: 0.127778
-------------
Particle: 9:
Relays Coordinates:
105.295, 193.71
103.06, 193.71
104.891, 180.264
132.929, 104.823
170.518, 179.014
38.2876, 111.939
Evaluation Time: 1.27423 seconds
Resulting Fitness: 0.266667
-------------
Particle: 10:
Relays Coordinates:
85.8281, 72.8505
65.3753, 117.035
68.9066, 95.4787
57.1662, 127.758
130.496, 83.62
73.1799, 109.032
Evaluation Time: 0.965002 seconds
Resulting Fitness: 0.125
-------------
Particle: 11:
Relays Coordinates:
184.16, 98.8143
119.759, 250.994
160.851, 258.492
84.1546, 69.7623
198.858, 156.474
81.2335, 182.517
Evaluation Time: 1.52108 seconds
Resulting Fitness: 0.408333
-------------
Particle: 12:
Relays Coordinates:
77.6125, 89.7491
68.4723, 164.595
96.4826, 193.71
96.4661, 63.2913
117.173, 43.8724
135.929, 107.373
Evaluation Time: 1.15132 seconds
Resulting Fitness: 0.213889
-------------
Particle: 13:
Relays Coordinates:
130.758, 75.2991
114.191, 242.937
124.571, 310.174
70.4821, 66.2954
209.91, 135.01
103.251, 185.571
Evaluation Time: 1.71911 seconds
Resulting Fitness: 0.483333
-------------
Particle: 14:
Relays Coordinates:
97.9058, 51.9584
109.49, 174.339
106.695, 121.301
76.4392, 104.976
86.3694, 78.284
123.467, 78.9849
Evaluation Time: 1.11556 seconds
Resulting Fitness: 0.208333
-------------
Particle: 15:
Relays Coordinates:
169.166, 97.0127
106.943, 294.206
154.177, 278.149
90.2192, 73.4187
239.457, 145.195
113.064, 200.675
Evaluation Time: 1.69723 seconds
Resulting Fitness: 0.516667
New local best!
-------------
Particle: 16:
Relays Coordinates:
90.6533, 101.899
136.809, 215.234
80.3731, 159.782
52.8565, 94.6888
215.234, 152.607
163.601, 168.379
Evaluation Time: 1.47418 seconds
Resulting Fitness: 0.372222
-------------
Particle: 17:
Relays Coordinates:
53.7945, 104.226
141.215, 63.1057
88.7875, 138.398
105.076, 56.5735
119.522, 92.7144
128.728, 98.0711
Evaluation Time: 1.03434 seconds
Resulting Fitness: 0.147222
-------------
Particle: 18:
Relays Coordinates:
141.215, 53.7022
137.603, 74.1785
141.215, 141.215
99.1126, 66.3859
141.215, 119.15
90.7086, 94.961
Evaluation Time: 1.0688 seconds
Resulting Fitness: 0.183333
-------------
Particle: 19:
Relays Coordinates:
93.5035, 85.7472
81.7733, 98.9758
97.4462, 70.4241
127.093, 27.1227
83.2563, 78.8285
127.093, 127.093
Evaluation Time: 1.03074 seconds
Resulting Fitness: 0.15
-------------
Particle: 20:
Relays Coordinates:
73.3838, 84.8515
40.6941, 156.905
73.0935, 156.905
70.0891, 115.416
90.9432, 122.257
50.4207, 115.061
Evaluation Time: 0.987838 seconds
Resulting Fitness: 0.108333
Current global best fitness: 0.6
Current global best relays: 161.336, 107.239
132.711, 294.257
176.05, 370.22
85.761, 78.4215
250.131, 163.767
123.434, 214.945
Particle 1 new velocities: 69.8402, 43.8615
60.9623, 141.594
119.383, 106.395
36.102, 30.8366
111.302, 73.9874
56.2389, 80.2653
Particle 2 new velocities: 124.434, 93.578
68.8547, 193.709
102.36, 37.6186
56.2291, 43.834
148.745, 76.6009
76.0217, 114.079
Particle 3 new velocities: 46.2694, 20.8932
39.7849, 95.0895
56.9777, 141.516
31.191, 22.7467
93.0144, 21.2736
42.5316, 72.8744
Particle 4 new velocities: 75.6033, 36.1209
75.4681, 178.419
65.9987, 43.8106
36.3815, 37.271
120.275, 82.1194
53.9153, 112.937
Particle 5 new velocities: 165.083, 76.6149
107.563, 249.443
157.286, 55.537
130.655, 49.9647
4.31585, 145.25
118.181, 208.589
Particle 6 new velocities: 318.906, 181.201
185.199, -44.7584
348.773, 430.265
371.112, 87.919
186.029, 182.611
139.863, 158.718
Particle 7 new velocities: 60.9021, 29.4366
52.3335, 114.224
51.8815, 353.67
30.11, 25.4176
58.0121, 53.1438
54.3129, 77.5044
Particle 8 new velocities: 588.415, 224.366
639.675, 387.981
313.249, 166.891
73.4263, 269.296
510.24, 201.148
434.264, 249.24
Particle 9 new velocities: 173.711, 136.823
161.964, 202.422
229.663, 439.11
161.61, 194.058
219.84, 292.073
81.2469, 236.822
Particle 10 new velocities: 259.431, 188.251
155.96, 387.8
226.885, 400.602
127.447, 218.265
218.848, 219.379
197.597, 454.986
Particle 11 new velocities: 108.222, 73.7001
91.7857, 320.397
133.418, 231.276
66.867, 48.1811
192.768, 121.481
28.6004, 113.9
Particle 12 new velocities: 75.6115, 224.938
56.7776, 261.836
160.461, 232.806
220.103, 177.902
104.978, 365.303
174.697, 180.721
Particle 13 new velocities: 41.0687, 32.3033
25.1446, 73.681
77.9504, 126.898
40.2901, 22.4821
88.4544, 9.64246
47.3983, 58.0875
Particle 14 new velocities: 123.566, 132.036
224.482, 79.2883
224.439, 592.257
213.157, 178.03
222.107, 190.44
289.649, 185.605
Particle 15 new velocities: 64.2509, 38.2292
47.249, 108.611
57.1118, 92.0622
29.7539, 28.8553
101.752, 55.7271
32.57, 79.0212
Particle 16 new velocities: 63.5084, 117.123
169.077, 1.20461
106.665, 355.277
73.057, 180.435
16.1027, 212.973
180.861, 207.578
Particle 17 new velocities: 239.472, 216.515
4.25631, 355.698
150.975, 353.695
477.427, 120.242
259.515, 277.376
493.178, 355.604
Particle 18 new velocities: 44.4801, 162.049
457.493, 103.493
96.1942, 88.048
333.885, 176.554
322.465, 325.662
212.726, 232.895
Particle 19 new velocities: 245.314, 257.806
214.14, 607.082
242.747, 306.507
5.26587, 74.9833
372.016, 206.345
308.168, 197.17
Particle 20 new velocities: 123.225, 212.34
131.021, 412.217
65.989, 140.199
145.987, 266.426
202.542, 466.648
155.485, 427.77
-- ITERATION 10 --
-------------
Particle: 1:
Relays Coordinates:
142.717, 77.4914
122.726, 264.616
163.43, 266.239
77.4266, 67.6914
219.259, 139.615
119.619, 183.673
Evaluation Time: 1.62044 seconds
Resulting Fitness: 0.455556
-------------
Particle: 2:
Relays Coordinates:
165.664, 110.308
107.3, 287.292
157.041, 218.392
84.4503, 70.5869
235.882, 134.247
97.1923, 188.486
Evaluation Time: 1.67012 seconds
Resulting Fitness: 0.502778
-------------
Particle: 3:
Relays Coordinates:
137.033, 88.1952
113.115, 276.241
163.668, 258.284
78.9494, 66.6352
229.518, 131.964
108.448, 198.174
Evaluation Time: 1.66802 seconds
Resulting Fitness: 0.472222
-------------
Particle: 4:
Relays Coordinates:
160.173, 98.3418
127.036, 326.621
155.809, 243.978
78.5705, 74.7773
241.545, 169.29
108.569, 212.133
Evaluation Time: 1.84636 seconds
Resulting Fitness: 0.527778
-------------
Particle: 5:
Relays Coordinates:
86.5852, 71.2548
88.0796, 199.637
142.726, 54.2864
140.561, 37.5042
104.803, 127.166
106.229, 156.552
Evaluation Time: 1.20209 seconds
Resulting Fitness: 0.219444
-------------
Particle: 6:
Relays Coordinates:
132.389, 102.703
99.6813, 53.4969
150.697, 156.905
147.358, 48.8538
114.745, 99.9841
72.6955, 96.4151
Evaluation Time: 1.15625 seconds
Resulting Fitness: 0.197222
-------------
Particle: 7:
Relays Coordinates:
157.3, 97.9515
131.838, 293.258
155.035, 351.188
85.2981, 67.0663
233.814, 158.865
127.076, 202.507
Evaluation Time: 1.89076 seconds
Resulting Fitness: 0.552778
New local best!
-------------
Particle: 8:
Relays Coordinates:
141.215, 85.5075
141.215, 138.628
119.487, 55.47
56.6327, 100.619
141.215, 75.8761
141.215, 91.538
Evaluation Time: 1.10804 seconds
Resulting Fitness: 0.186111
-------------
Particle: 9:
Relays Coordinates:
87.5549, 103.725
83.1671, 124.311
104.987, 156.905
92.4296, 93.7921
122.499, 147.832
37.5112, 109.445
Evaluation Time: 1.11278 seconds
Resulting Fitness: 0.161111
-------------
Particle: 10:
Relays Coordinates:
97.5113, 73.7427
62.5117, 141.215
83.5404, 140.108
52.1401, 97.727
98.6651, 85.5758
76.4754, 141.215
Evaluation Time: 1.05334 seconds
Resulting Fitness: 0.108333
-------------
Particle: 11:
Relays Coordinates:
139.846, 82.5131
101.181, 239.148
140.748, 234.254
72.2332, 56.412
187.313, 132.945
52.5332, 141.775
Evaluation Time: 1.45967 seconds
Resulting Fitness: 0.388889
-------------
Particle: 12:
Relays Coordinates:
48.0833, 98.7521
39.3048, 133.819
80.6316, 133.845
99.3427, 75.6889
69.7132, 128.404
97.4776, 90.4072
Evaluation Time: 0.95347 seconds
Resulting Fitness: 0.0861111
-------------
Particle: 13:
Relays Coordinates:
139.18, 87.1579
112.861, 256.461
164.042, 354.028
89.7255, 71.9098
241.675, 117.169
122.026, 197.363
Evaluation Time: 1.87157 seconds
Resulting Fitness: 0.536111
-------------
Particle: 14:
Relays Coordinates:
85.8026, 71.2832
129.388, 98.2605
128.288, 193.71
112.196, 109.642
119.51, 104.109
160.05, 102.508
Evaluation Time: 1.19377 seconds
Resulting Fitness: 0.25
-------------
Particle: 15:
Relays Coordinates:
153.145, 88.7322
101.165, 264.288
138.627, 242.896
78.7143, 67.102
223.867, 131.825
95.5502, 183.509
Evaluation Time: 1.65911 seconds
Resulting Fitness: 0.463889
-------------
Particle: 16:
Relays Coordinates:
66.3615, 94.2817
131.674, 93.1696
80.5139, 215.234
54.2016, 118.432
99.5827, 157.37
148.28, 161.837
Evaluation Time: 1.25802 seconds
Resulting Fitness: 0.305556
-------------
Particle: 17:
Relays Coordinates:
74.5443, 81.528
36.9768, 106.454
60.9443, 125.083
127.093, 44.9441
96.3462, 94.0719
127.093, 115.318
Evaluation Time: 1.04098 seconds
Resulting Fitness: 0.136111
-------------
Particle: 18:
Relays Coordinates:
71.942, 83.5865
193.71, 68.8335
91.9771, 88.8211
167.752, 94.1201
179.639, 172.329
117.557, 127.018
Evaluation Time: 1.23845 seconds
Resulting Fitness: 0.266667
-------------
Particle: 19:
Relays Coordinates:
118.138, 119.79
103.179, 174.339
118.618, 131.428
46.1508, 35.6021
158.744, 99.434
151.766, 113.063
Evaluation Time: 1.17347 seconds
Resulting Fitness: 0.216667
-------------
Particle: 20:
Relays Coordinates:
68.5532, 103.624
59.8733, 174.339
48.4951, 103.594
75.3412, 133.14
102.332, 174.339
71.7948, 174.339
Evaluation Time: 1.06575 seconds
Resulting Fitness: 0.155556
Current global best fitness: 0.6
Current global best relays: 161.336, 107.239
132.711, 294.257
176.05, 370.22
85.761, 78.4215
250.131, 163.767
123.434, 214.945
Particle 1 new velocities: 90.93, 95.2868
53.0235, 155.573
118.099, 367.088
46.6616, 33.015
130.479, 124.739
53.7194, 132.213
Particle 2 new velocities: 79.6604, 70.8631
42.8083, 147.146
110.3, 207.042
45.8662, 41.9834
134.628, 91.3881
88.355, 97.9844
Particle 3 new velocities: 93.8725, 59.2747
56.7435, 136.223
98.6102, 172.102
37.1848, 35.0585
134.272, 23.7884
42.6412, 92.529
Particle 4 new velocities: 69.6232, 55.1822
64.5312, 115.827
80.3887, 246.945
31.1338, 36.6151
108.213, 60.1905
65.3072, 89.7734
Particle 5 new velocities: 165.992, 72.7722
131.895, 232.61
206.969, 281.66
150.515, 53.5195
165.956, 159.644
113.08, 231.557
Particle 6 new velocities: 343.922, 212.141
251.65, 226
515.703, 61.5013
336.285, 84.6868
204.539, 190.17
154.558, 122.124
Particle 7 new velocities: 49.3392, 32.8428
42.8685, 91.7343
44.4713, 283.875
24.5983, 26.6852
62.8255, 45.0318
42.7131, 66.4009
Particle 8 new velocities: 239.482, 183.589
46.551, 448.832
284.548, 216.849
425.446, 219.152
408.757, 211.068
-15.6291, 303.891
Particle 9 new velocities: 231.022, 116.01
221.099, 390.834
220.095, 2.47122
157.134, 307.092
228.418, 318.279
135.731, 240.174
Particle 10 new velocities: 259.34, 528.262
179.81, 79.1106
181.559, 542.008
117.272, 359.781
257.841, 268.379
221.774, 20.1782
Particle 11 new velocities: 137.88, 95.5458
86.9473, 76.5051
170.301, 380.653
66.909, 70.1482
172.021, 149.165
70.32, 199.811
Particle 12 new velocities: 138.72, 244.159
59.4447, 258.182
399.961, 613.148
255.607, 156.291
225.98, 454.789
323.801, 234.147
Particle 13 new velocities: 57.3475, 75.5467
55.4898, 117.606
70.5659, 125.116
18.9346, 23.6129
71.5675, 34.0874
52.5351, 67.0536
Particle 14 new velocities: 156.171, 126.972
226.042, 442.404
227.912, 70.4454
169.315, 175.485
166.75, 187.854
255.204, 214.704
Particle 15 new velocities: 81.5048, 47.3948
64.7362, 140.573
58.5497, 133.665
47.8783, 34.2875
131.021, 66.8323
37.8667, 112.074
Particle 16 new velocities: 64.8847, 106.77
162.558, 139.609
422.855, 181.432
50.1283, 166.903
228.115, 197.685
320.369, 199.723
Particle 17 new velocities: 402.685, 238.916
317.471, 325.678
195.51, 321.458
9.84247, 149.986
230.53, 294.647
279.537, 447.509
Particle 18 new velocities: 208.426, 120.339
198.223, 149.908
340.554, 403.21
284.224, 130.75
467.263, 253.636
176.74, 150.897
Particle 19 new velocities: 258.062, 199.292
492.542, 218.483
140.017, 326.087
69.6878, 81.808
335.279, 168.173
520.882, 391.49
Particle 20 new velocities: 91.05, 176.297
139.19, 169.396
169.887, 469.496
164.171, 356.738
114.63, 214.701
187.037, 9.37654
-- ITERATION 11 --
-------------
Particle: 1:
Relays Coordinates:
170.328, 125.955
128.121, 306.318
205.234, 364.5
90.4603, 73.4149
254.959, 192.714
126.364, 230.281
Evaluation Time: 1.85435 seconds
Resulting Fitness: 0.558333
-------------
Particle: 2:
Relays Coordinates:
160.957, 118.866
98.486, 285.035
175.403, 279.127
85.5006, 73.8574
243.091, 148.039
121.738, 187.953
Evaluation Time: 1.72705 seconds
Resulting Fitness: 0.544444
New local best!
-------------
Particle: 3:
Relays Coordinates:
168.33, 107.506
123.827, 300.686
191.201, 313.752
84.6618, 74.1347
265.202, 113.543
110.144, 211.923
Evaluation Time: 1.8707 seconds
Resulting Fitness: 0.558333
New local best!
-------------
Particle: 4:
Relays Coordinates:
167.521, 111.919
139.653, 322.544
172.188, 357.883
79.9744, 81.2051
254.974, 167.292
126.756, 220.09
Evaluation Time: 1.9026 seconds
Resulting Fitness: 0.583333
New local best!
-------------
Particle: 5:
Relays Coordinates:
97.8538, 55.799
85.2226, 167.461
135.479, 130.153
112.769, 35.2645
104.898, 111.116
84.9648, 150.361
Evaluation Time: 1.12999 seconds
Resulting Fitness: 0.191667
-------------
Particle: 6:
Relays Coordinates:
166.08, 109.779
122.502, 97.4545
174.339, 76.1537
168.636, 46.5627
111.328, 101.171
79.2383, 76.1998
Evaluation Time: 1.06505 seconds
Resulting Fitness: 0.180556
-------------
Particle: 7:
Relays Coordinates:
167.378, 105.943
141.513, 311.843
161.6, 405
89.0161, 75.9387
240.278, 165.156
137.53, 217.815
Evaluation Time: 2.09458 seconds
Resulting Fitness: 0.563889
New local best!
-------------
Particle: 8:
Relays Coordinates:
107.52, 76.0009
53.0306, 141.215
114.111, 76.911
136.153, 90.313
141.215, 81.0414
35.4691, 111.681
Evaluation Time: 1.02673 seconds
Resulting Fitness: 0.133333
-------------
Particle: 9:
Relays Coordinates:
99.9727, 68.9551
95.482, 156.905
102.014, 50.014
78.3157, 125.802
110.121, 146.271
54.3652, 109.714
Evaluation Time: 1.0577 seconds
Resulting Fitness: 0.133333
-------------
Particle: 10:
Relays Coordinates:
124.426, 174.339
84.4924, 76.8227
92.4345, 174.339
59.0704, 159.523
124.306, 123.416
103.993, 56.2742
Evaluation Time: 1.17959 seconds
Resulting Fitness: 0.230556
-------------
Particle: 11:
Relays Coordinates:
147.595, 94.6278
99.9793, 167.751
165.304, 265.721
73.9459, 67.2592
190.965, 149.925
65.2892, 181.533
Evaluation Time: 1.4927 seconds
Resulting Fitness: 0.361111
-------------
Particle: 12:
Relays Coordinates:
52.7589, 96.8482
27.8898, 110.712
135.734, 141.215
100.248, 65.518
83.5124, 141.215
118.982, 91.6638
Evaluation Time: 1.0905 seconds
Resulting Fitness: 0.166667
-------------
Particle: 13:
Relays Coordinates:
159.187, 131.791
136.365, 302.994
190.033, 388.107
88.0146, 77.3734
253.726, 122.517
141.395, 214.178
Evaluation Time: 2.02906 seconds
Resulting Fitness: 0.597222
New local best!
-------------
Particle: 14:
Relays Coordinates:
84.3711, 69.1275
123.931, 174.339
124.199, 92.1054
98.1568, 99.4176
99.8127, 101.801
144.79, 110.605
Evaluation Time: 1.17205 seconds
Resulting Fitness: 0.230556
-------------
Particle: 15:
Relays Coordinates:
138.558, 80.3816
97.9631, 239.067
116.431, 222.355
74.7517, 59.8695
209.558, 117.305
78.7813, 174.539
Evaluation Time: 1.49336 seconds
Resulting Fitness: 0.380556
-------------
Particle: 16:
Relays Coordinates:
62.7747, 96.1622
140.73, 111.337
239.148, 189.724
49.9007, 136.475
156.737, 169.822
224.153, 172.933
Evaluation Time: 1.39697 seconds
Resulting Fitness: 0.325
-------------
Particle: 17:
Relays Coordinates:
205.432, 137.941
152.578, 186.019
110.395, 192.222
58.9464, 83.9111
140.709, 167.331
175.041, 215.234
Evaluation Time: 1.44248 seconds
Resulting Fitness: 0.366667
-------------
Particle: 18:
Relays Coordinates:
87.9824, 63.994
122.993, 68.6433
135.733, 154.405
141.835, 70.5668
156.905, 133.673
92.3535, 87.2127
Evaluation Time: 1.12947 seconds
Resulting Fitness: 0.2
-------------
Particle: 19:
Relays Coordinates:
131.173, 111.257
174.339, 136.969
90.1804, 159.525
40.3904, 40.9384
172.255, 93.3089
174.339, 174.339
Evaluation Time: 1.26245 seconds
Resulting Fitness: 0.288889
-------------
Particle: 20:
Relays Coordinates:
55.6502, 97.6024
69.4089, 119.853
76.1452, 174.339
83.5129, 170.81
75.65, 135.65
90.249, 64.0577
Evaluation Time: 1.0804 seconds
Resulting Fitness: 0.15
Current global best fitness: 0.6
Current global best relays: 161.336, 107.239
132.711, 294.257
176.05, 370.22
85.761, 78.4215
250.131, 163.767
123.434, 214.945
Particle 1 new velocities: 54.0628, 39.5329
44.6681, 102.864
62.5311, 3.84873
30.752, 30.0128
99.7421, 72.6823
38.8985, 64.9172
Particle 2 new velocities: 63.8437, 42.7582
75.5688, 119.459
88.3906, 191.688
37.0052, 35.3015
110.003, 74.0138
72.1144, 85.1911
Particle 3 new velocities: 73.7443, 47.3292
47.3356, 103.769
71.1018, 198.402
31.1702, 29.3997
102.233, 39.6166
49.8824, 75.0126
Particle 4 new velocities: 54.5609, 41.9708
42.6361, 79.3375
68.1361, 208.692
26.8184, 26.0006
84.749, 44.3741
49.9655, 65.1807
Particle 5 new velocities: 111.017, 101.878
134.16, 363.772
219.399, 331.938
114.962, 99.1846
338.972, 200.878
155.331, 242.78
Particle 6 new velocities: 396.365, 201.946
237.555, 340.098
55.5334, 307.045
427.564, 87.812
184.222, 286.076
173.313, 98.2543
Particle 7 new velocities: 35.3865, 26.9485
33.8915, 67.9747
48.4314, -42.9823
15.868, 23.0211
52.7877, 34.6991
16.0872, 51.5418
Particle 8 new velocities: 495.783, 209.819
594.567, 63.8419
300.459, 428.289
441.958, 280.182
346.399, 200.558
283.626, 299.077
Particle 9 new velocities: 197.646, 498.457
259.783, 247.421
244.175, 360.864
279.17, 257.069
345.415, 272.971
125.158, 264.013
Particle 10 new velocities: 197.183, 23.6952
130.697, 147.643
218.102, 29.8525
155.509, 253.892
306.844, 217.166
199.344, 199.266
Particle 11 new velocities: 179.441, 90.4303
77.1334, 294.478
143.648, 188.662
72.7777, 63.3969
163.63, 148.89
61.3843, 189.92
Particle 12 new velocities: 178.835, 214.3
63.1695, 351.56
398.649, 463.841
251.658, 258.834
330.215, 163.634
392.548, 202.5
Particle 13 new velocities: 47.7462, 44.6005
40.1648, 88.5581
38.5643, 91.0637
13.8558, 20.042
56.1659, 79.0308
39.4931, 54.1128
Particle 14 new velocities: 129.594, 139.476
193.338, 190.58
208.238, 490.303
181.427, 217.261
162.983, 179.28
219.03, 230.528
Particle 15 new velocities: 96.3303, 66.3329
100.024, 204.666
116.874, 189.62
41.0081, 53.0501
150.365, 75.418
117.522, 145.615
Particle 16 new velocities: 131.13, 105.413
155.553, 268.047
-36.4605, 255.404
55.5885, 162.657
410.976, 163.103
228.419, 143.159
Particle 17 new velocities: 286.545, 176.233
276.004, 311.281
144.072, 268.688
173.109, 116.03
237.223, 212.6
273.545, -60.5892
Particle 18 new velocities: 323.263, 130.184
168.322, 156.76
338.183, 511.466
228.839, 129.602
133.27, 241.672
165.687, 81.6497
Particle 19 new velocities: 296.544, 157.454
-1.86978, 368.406
67.5231, 273.198
320.994, 213.602
266.545, 170.973
-35.2596, 117.373
Particle 20 new velocities: 93.7444, 157.493
149.229, 660.428
150.582, 92.8967
163.291, 371.288
105.739, 355.605
182.619, 232.426
-- ITERATION 12 --
-------------
Particle: 1:
Relays Coordinates:
163.581, 120.641
125.964, 298.294
195.201, 268.526
88.3638, 75.3988
258.577, 193.474
120.476, 215.199
Evaluation Time: 1.90021 seconds
Resulting Fitness: 0.516667
-------------
Particle: 2:
Relays Coordinates:
163.88, 117.824
126.886, 294.876
192.305, 343.224
89.3068, 79.5769
257.406, 161.877
141.318, 199.122
Evaluation Time: 1.96194 seconds
Resulting Fitness: 0.552778
New local best!
-------------
Particle: 3:
Relays Coordinates:
176.472, 112.875
124.777, 294.847
191.219, 364.5
84.4416, 75.4766
267.86, 111.654
116.659, 209.176
Evaluation Time: 2.03386 seconds
Resulting Fitness: 0.6
New local best!
-------------
Particle: 4:
Relays Coordinates:
161.898, 112.186
132.889, 292.972
175.197, 364.5
77.8519, 78.1529
247.658, 154.304
128.83, 207.962
Evaluation Time: 2.00005 seconds
Resulting Fitness: 0.611111
New local best!
New global best!
-------------
Particle: 5:
Relays Coordinates:
89.9118, 67.8746
94.4372, 215.234
152.763, 198.915
98.0306, 57.8759
191.071, 134.303
103.44, 169.234
Evaluation Time: 1.37193 seconds
Resulting Fitness: 0.363889
-------------
Particle: 6:
Relays Coordinates:
193.71, 120.769
139.493, 169.517
89.0574, 148.459
193.71, 52.0595
114.502, 150.027
97.8435, 67.5871
Evaluation Time: 1.26391 seconds
Resulting Fitness: 0.255556
-------------
Particle: 7:
Relays Coordinates:
164.239, 107.642
142.077, 307.653
170.125, 293.234
84.9561, 80.1574
237.383, 161.883
124.43, 218.179
Evaluation Time: 1.73612 seconds
Resulting Fitness: 0.486111
-------------
Particle: 8:
Relays Coordinates:
114.384, 65.3864
114.384, 46.9104
94.8403, 114.384
114.384, 84.7573
111.55, 64.421
72.9987, 93.9681
Evaluation Time: 0.975699 seconds
Resulting Fitness: 0.102778
-------------
Particle: 9:
Relays Coordinates:
84.0564, 141.215
100.337, 114.194
97.7739, 116.044
100.965, 108.134
128.657, 118.406
50.7026, 105.551
Evaluation Time: 1.0292 seconds
Resulting Fitness: 0.147222
-------------
Particle: 10:
Relays Coordinates:
112.138, 69.0503
75.0318, 78.2663
108.277, 71.1972
74.8191, 144.149
150.333, 118.754
105.767, 89.1014
Evaluation Time: 1.168 seconds
Resulting Fitness: 0.161111
-------------
Particle: 11:
Relays Coordinates:
193.111, 109.275
104.583, 272.942
182.433, 268.308
86.6388, 77.1512
209.385, 176.447
74.7995, 219.339
Evaluation Time: 1.66237 seconds
Resulting Fitness: 0.463889
-------------
Particle: 12:
Relays Coordinates:
65.4089, 87.8775
25.7178, 130.559
141.215, 141.215
99.3887, 91.6065
116.849, 86.0983
141.215, 83.0806
Evaluation Time: 1.07697 seconds
Resulting Fitness: 0.186111
-------------
Particle: 13:
Relays Coordinates:
167.616, 142.877
142.989, 317.158
185.164, 388.128
82.515, 78.9064
251.013, 163.254
146.519, 217.315
Evaluation Time: 2.03469 seconds
Resulting Fitness: 0.625
New local best!
New global best!
-------------
Particle: 14:
Relays Coordinates:
82.8947, 80.8171
122.916, 141.377
128.793, 193.71
108.316, 122.688
101.812, 108.897
140.951, 132.162
Evaluation Time: 1.23379 seconds
Resulting Fitness: 0.236111
-------------
Particle: 15:
Relays Coordinates:
154.11, 96.2594
129.899, 291.133
153.072, 270.297
75.95, 74.0865
236.146, 126.446
128.795, 210.053
Evaluation Time: 1.67216 seconds
Resulting Fitness: 0.491667
-------------
Particle: 16:
Relays Coordinates:
75.1225, 78.0942
114.786, 146.981
78.5255, 172.452
40.8687, 115.89
193.71, 128.982
175.336, 122.461
Evaluation Time: 1.29241 seconds
Resulting Fitness: 0.272222
-------------
Particle: 17:
Relays Coordinates:
190.602, 121.717
166.041, 192.664
98.5859, 178.566
89.9031, 77.4611
146.419, 147.193
173.791, 59.9124
Evaluation Time: 1.28571 seconds
Resulting Fitness: 0.294444
-------------
Particle: 18:
Relays Coordinates:
159.325, 75.2287
112.861, 87.3259
183.605, 193.71
143.607, 77.5495
112.42, 145.416
99.9702, 65.4207
Evaluation Time: 1.35512 seconds
Resulting Fitness: 0.258333
-------------
Particle: 19:
Relays Coordinates:
149.136, 93.6938
60.1364, 174.339
54.9878, 150.881
126.007, 88.7527
153, 92.1494
48.4941, 101.714
Evaluation Time: 1.1475 seconds
Resulting Fitness: 0.183333
-------------
Particle: 20:
Relays Coordinates:
57.8785, 98.8293
84.7047, 193.71
87.8389, 103.533
95.6169, 193.71
70.2736, 190.322
105.715, 114.864
Evaluation Time: 1.17492 seconds
Resulting Fitness: 0.205556
Current global best fitness: 0.625
Current global best relays: 167.616, 142.877
142.989, 317.158
185.164, 388.128
82.515, 78.9064
251.013, 163.254
146.519, 217.315
Particle 1 new velocities: 47.2955, 38.6994
58.6493, 101.823
21.8798, 258.662
15.4722, 31.8067
66.8406, 32.0041
64.581, 54.3049
Particle 2 new velocities: 53.2616, 54.3991
64.3725, 113.759
67.9314, 192.061
23.2546, 27.6275
84.2504, 59.3643
63.3941, 89.1791
Particle 3 new velocities: 57.755, 65.3892
48.036, 98.8036
56.1018, 18.5515
23.8727, 25.3837
77.0484, 84.8753
55.1411, 64.6273
Particle 4 new velocities: 44.3317, 55.9753
37.667, 86.1552
55.0304, 21.7861
23.2485, 21.0398
71.2156, 44.9356
57.9706, 57.3794
Particle 5 new velocities: 111.947, 129.242
154.325, 63.9692
219.843, 160.693
179.52, 84.8254
401.277, 184.957
214.059, 192.332
Particle 6 new velocities: 49.6458, 189.154
192.389, 366.556
392.131, 462.461
59.3169, 116.265
244.233, 235.663
147.418, 86.0687
Particle 7 new velocities: 34.6771, 39.7426
27.4647, 58.8873
40.6868, 65.1295
16.8456, 13.2564
47.8953, 29.1682
60.0836, 40.7021
Particle 8 new velocities: 85.5821, 258.576
307.2, 254.16
320.689, 65.5141
79.4519, 428.133
374.703, 191.989
268.337, 380.304
Particle 9 new velocities: 208.481, 292.447
240.216, 574.86
305.487, 293.17
255.997, 198.181
377.814, 439.947
97.6901, 270.324
Particle 10 new velocities: 178.158, 257.324
83.6542, 160.2
186.845, 202.803
127.742, 219.508
327.447, 186.028
158.87, 325.104
Particle 11 new velocities: 141.663, 84.0844
107.316, 269.913
101.57, 379.416
76.1201, 36.8641
163.688, 108.816
43.738, 106.651
Particle 12 new velocities: 206.741, 238.482
90.8159, 440.945
34.4894, 295.884
284.827, 297.027
277.358, 257.459
53.2174, 305.938
Particle 13 new velocities: 38.1969, 35.6804
32.1318, 70.8465
30.8514, 72.851
11.0846, 16.0336
44.9327, 63.2247
31.5945, 43.2902
Particle 14 new velocities: 176.974, 190.034
231.393, 472.886
177.057, 265.408
146.204, 144.933
238.631, 154.262
232.598, 186.919
Particle 15 new velocities: 106.69, 73.663
65.2267, 182.146
107.085, 218.084
59.3202, 47.3187
132.294, 69.3299
76.1337, 108.288
Particle 16 new velocities: 103.697, 129.017
163.003, 333.622
92.5448, 276.357
65.6119, 99.6825
88.5858, 184.998
301.612, 168.688
Particle 17 new velocities: 204.744, 177.91
393.987, 199.895
99.9793, 121.033
141.377, 103.595
153.112, 163.672
211.114, 134.941
Particle 18 new velocities: 487.988, 149.388
261.61, 211.638
284.918, 132.512
222.469, 107.59
555.512, 248.03
175.898, 89.8405
Particle 19 new velocities: 364.496, 189.145
480.913, 229.071
213.374, 174.218
317.962, 350.291
242.896, 158.88
14.3321, 109.109
Particle 20 new velocities: 42.3579, 139.772
119.455, 289.983
103.923, 410.699
121.349, -31.0176
26.7187, 334.535
153.113, 379.613
-- ITERATION 13 --
-------------
Particle: 1:
Relays Coordinates:
153.729, 116.159
134.583, 291.685
158.252, 364.5
75.6964, 78.1528
237.229, 164.374
134.907, 196.469
Evaluation Time: 1.9731 seconds
Resulting Fitness: 0.569444
-------------
Particle: 2:
Relays Coordinates:
158.296, 125.551
139.427, 297.895
189.713, 364.5
82.0572, 78.152
249.067, 161.285
149.235, 210.172
Evaluation Time: 2.01355 seconds
Resulting Fitness: 0.605556
New local best!
-------------
Particle: 3:
Relays Coordinates:
189.724, 144.394
139.979, 318.857
200.33, 310.272
87.7345, 81.6969
279.376, 159.188
139.158, 221.781
Evaluation Time: 1.92482 seconds
Resulting Fitness: 0.519444
-------------
Particle: 4:
Relays Coordinates:
167.046, 136.21
138.15, 307.093
186.484, 312.892
81.8914, 80.346
258.288, 161.384
151.308, 214.927
Evaluation Time: 1.74775 seconds
Resulting Fitness: 0.566667
-------------
Particle: 5:
Relays Coordinates:
78.2043, 76.3668
96.3756, 108.169
144.355, 139.32
107.529, 55.2854
193.71, 123.688
123.005, 140.078
Evaluation Time: 1.19211 seconds
Resulting Fitness: 0.238889
-------------
Particle: 6:
Relays Coordinates:
94.2811, 120.07
128.578, 193.71
186.422, 193.71
98.0279, 65.2125
138.981, 149.424
95.0192, 59.5294
Evaluation Time: 1.27614 seconds
Resulting Fitness: 0.272222
-------------
Particle: 7:
Relays Coordinates:
161.122, 119.382
137.329, 296.897
170.758, 290.275
82.4594, 75.6652
231.075, 154.751
149.456, 209.694
Evaluation Time: 1.67162 seconds
Resulting Fitness: 0.488889
-------------
Particle: 8:
Relays Coordinates:
62.7515, 101.663
132.297, 94.4792
130.397, 56.4539
60.8277, 156.905
152.592, 80.4641
107.115, 148.832
Evaluation Time: 1.1637 seconds
Resulting Fitness: 0.172222
-------------
Particle: 9:
Relays Coordinates:
82.6211, 122.479
96.1824, 141.215
113.893, 115.574
100.816, 86.5125
141.215, 141.215
41.9105, 106.158
Evaluation Time: 1.10213 seconds
Resulting Fitness: 0.191667
-------------
Particle: 10:
Relays Coordinates:
112.467, 126.444
61.4782, 92.3869
114.337, 106.153
78.4762, 140.888
185.102, 118.079
102.526, 160.472
Evaluation Time: 1.22964 seconds
Resulting Fitness: 0.252778
-------------
Particle: 11:
Relays Coordinates:
177.913, 102.759
112.612, 265.721
150.931, 265.721
86.4968, 60.5924
198.266, 151.6
62.9957, 173.245
Evaluation Time: 1.54607 seconds
Resulting Fitness: 0.45
-------------
Particle: 12:
Relays Coordinates:
69.1769, 82.9562
29.6213, 127.093
44.6616, 111.105
97.6624, 98.7854
100.202, 87.3277
49.4221, 98.8832
Evaluation Time: 0.990012 seconds
Resulting Fitness: 0.0833333
-------------
Particle: 13:
Relays Coordinates:
166.708, 144.631
141.848, 314.283
174.972, 373.393
75.8157, 76.9014
239.716, 183.448
144.272, 211.09
Evaluation Time: 1.98095 seconds
Resulting Fitness: 0.569444
-------------
Particle: 14:
Relays Coordinates:
81.5497, 84.9958
111.186, 156.905
95.9791, 144.076
79.8713, 83.9823
106.835, 82.582
117.224, 100.131
Evaluation Time: 1.10376 seconds
Resulting Fitness: 0.161111
-------------
Particle: 15:
Relays Coordinates:
171.111, 111.486
128.022, 310.518
170.689, 320.427
88.7508, 79.654
241.733, 128.448
134.454, 208.863
Evaluation Time: 1.89367 seconds
Resulting Fitness: 0.552778
New local best!
-------------
Particle: 16:
Relays Coordinates:
85.5289, 99.0607
132.866, 229.871
81.8224, 214.664
50.9293, 103.108
135.021, 150.176
228.123, 139.255
Evaluation Time: 1.57601 seconds
Resulting Fitness: 0.452778
New local best!
-------------
Particle: 17:
Relays Coordinates:
153.165, 116.082
193.71, 152.085
76.9282, 116.071
89.6027, 70.145
116.044, 120.435
149.12, 75.4901
Evaluation Time: 1.23968 seconds
Resulting Fitness: 0.238889
-------------
Particle: 18:
Relays Coordinates:
174.339, 78.3188
130.57, 104.242
163.364, 113.747
127.643, 64.5541
174.339, 137.186
96.1892, 54.1362
Evaluation Time: 1.13514 seconds
Resulting Fitness: 0.219444
-------------
Particle: 19:
Relays Coordinates:
239.148, 135.281
239.148, 192.95
128.356, 155.494
212.349, 209.993
189.356, 120.067
30.0496, 100.836
Evaluation Time: 1.47608 seconds
Resulting Fitness: 0.363889
-------------
Particle: 20:
Relays Coordinates:
43.1485, 102.71
87.8842, 208.214
82.5474, 215.234
93.3967, 70.0338
41.752, 215.234
111.417, 212.856
Evaluation Time: 1.22981 seconds
Resulting Fitness: 0.272222
Current global best fitness: 0.625
Current global best relays: 167.616, 142.877
142.989, 317.158
185.164, 388.128
82.515, 78.9064
251.013, 163.254
146.519, 217.315
Particle 1 new velocities: 42.847, 30.0052
52.7442, 81.9562
46.8038, 16.6955
25.0553, 26.3901
71.9275, 23.7297
47.4722, 61.3058
Particle 2 new velocities: 46.454, 53.9054
52.7342, 108.126
52.1621, 0.00561304
18.7255, 22.1626
69.0703, 48.2904
48.2957, 79.6129
Particle 3 new velocities: 24.9248, 18.994
35.3201, 66.978
28.6658, 115.105
13.8858, 17.5541
53.2639, -0.303522
27.4597, 46.4688
Particle 4 new velocities: 29.4585, 33.4192
28.6757, 75.4374
35.2572, 177.562
17.909, 14.8156
39.6389, 33.0723
7.6859, 45.9202
Particle 5 new velocities: 127.329, 176.442
165.802, 155.875
223.367, 285.077
211.274, 74.7006
112.166, 204.276
175.908, 158.639
Particle 6 new velocities: 218.999, 163.102
169.562, 110.61
337, -197.223
35.7203, 99.4271
309.053, 200.119
176.385, 248.93
Particle 7 new velocities: 34.6504, 33.5436
30.8909, 68.864
44.3853, 211.578
16.2396, 12.2902
41.8846, 39.8942
41.8263, 39.4348
Particle 8 new velocities: 152.704, 234.713
480.086, 454.281
277.408, 97.3414
308.355, 42.4418
711.277, 165.587
393.264, 331.235
Particle 9 new velocities: 233.454, 283.874
252.082, 99.9239
312.986, 281.508
253.709, 272.244
111.286, 97.0364
188.536, 297.564
Particle 10 new velocities: 156.049, 264.747
83.6584, 160.349
153.598, 158.141
112.428, 240.265
299.746, 192.761
125.159, 519.79
Particle 11 new velocities: 120.431, 107.779
133.17, 69.424
145.627, 162.169
78.969, 54.0104
150.454, 130.137
126.132, 148.716
Particle 12 new velocities: 271.074, 281.569
166.41, 7.60807
256.118, 661.337
332.403, 246.591
412.12, 563.843
183.203, 281.728
Particle 13 new velocities: 31.9965, 25.2584
27.0157, 61.1768
37.1766, 83.2424
15.5208, 15.2195
53.3966, 10.0042
30.405, 40.6728
Particle 14 new velocities: 185.799, 221.948
222.423, 245.856
232.004, 425.817
140.236, 136.868
160.192, 173.808
243.929, 183.328
Particle 15 new velocities: 82.274, 99.4204
64.9285, 148.572
88.0474, 223.548
39.7668, 37.5247
105.895, 60.6845
63.942, 96.3321
Particle 16 new velocities: 168.226, 150.049
131.75, 296.117
163.399, 312.886
56.2357, 79.6233
142.713, 154.107
165.865, 165.854
Particle 17 new velocities: 231.325, 184.969
39.2075, 246.638
118.001, 304.942
199.01, 102.429
229.966, 153.797
441.188, 271.359
Particle 18 new velocities: 145.099, 119.873
495.725, 377.85
277.433, 250.221
173.164, 122.344
188.081, 274.911
204.328, 147.458
Particle 19 new velocities: -66.9589, 136.004
125.951, 337.154
148.407, 201.659
298.948, 281.2
199.928, 159.432
666.196, 276.741
Particle 20 new velocities: 164.499, 139.125
85.7848, 259.329
86.5819, 89.9081
95.1262, 101.238
185.991, -51.0381
135.053, 301.799
-- ITERATION 14 --
-------------
Particle: 1:
Relays Coordinates:
159.227, 118.393
151.735, 302.65
166.095, 308.768
81.6089, 84.6798
250.417, 152.364
147.727, 208.797
Evaluation Time: 1.81711 seconds
Resulting Fitness: 0.522222
-------------
Particle: 2:
Relays Coordinates:
165.848, 145.36
155.651, 328.877
195.919, 295.25
81.634, 81.2548
257.691, 169.756
160, 234.726
Evaluation Time: 1.72329 seconds
Resulting Fitness: 0.544444
-------------
Particle: 3:
Relays Coordinates:
173.866, 132.344
141.992, 312.527
185.486, 344.555
82.3124, 80.3933
269.438, 128.697
134.961, 217.282
Evaluation Time: 1.89688 seconds
Resulting Fitness: 0.552778
-------------
Particle: 4:
Relays Coordinates:
159.169, 137.4
135.129, 309.849
179.61, 397.267
80.8383, 77.0809
241.32, 157.51
128.785, 211.286
Evaluation Time: 1.99111 seconds
Resulting Fitness: 0.605556
-------------
Particle: 5:
Relays Coordinates:
71.6652, 88.1491
91.4158, 92.0663
128.217, 147.978
111.16, 45.3233
106.653, 114.354
104.225, 104.156
Evaluation Time: 1.09003 seconds
Resulting Fitness: 0.180556
-------------
Particle: 6:
Relays Coordinates:
109.234, 98.736
103.955, 106.11
174.339, 0
46.6351, 57.4063
156.22, 121.878
94.6327, 107.553
Evaluation Time: 1.12615 seconds
Resulting Fitness: 0.186111
-------------
Particle: 7:
Relays Coordinates:
158.576, 123.87
136.258, 296.267
174.266, 405
79.9462, 71.2439
221.098, 157.663
154.938, 201.794
Evaluation Time: 1.92427 seconds
Resulting Fitness: 0.577778
New local best!
-------------
Particle: 8:
Relays Coordinates:
60.8509, 95.0023
141.215, 141.215
115.176, 43.4363
104.268, 56.3015
141.215, 69.4922
141.215, 135.585
Evaluation Time: 1.06967 seconds
Resulting Fitness: 0.188889
-------------
Particle: 9:
Relays Coordinates:
99.1876, 127.518
109.289, 75.6719
133.959, 124.609
111.254, 112.582
79.2375, 74.7657
72.3166, 126.692
Evaluation Time: 1.0255 seconds
Resulting Fitness: 0.155556
-------------
Particle: 10:
Relays Coordinates:
104.029, 151.555
56.2289, 97.9152
103.803, 102.393
73.9604, 147.666
187.84, 120.426
88.2099, 193.71
Evaluation Time: 1.32244 seconds
Resulting Fitness: 0.294444
-------------
Particle: 11:
Relays Coordinates:
176.169, 124.32
145.132, 197.899
175.115, 252.664
97.7059, 67.6718
205.916, 166.363
111.678, 190.115
Evaluation Time: 1.45901 seconds
Resulting Fitness: 0.358333
-------------
Particle: 12:
Relays Coordinates:
162.741, 174.351
93.761, 64.4272
143.862, 239.148
205.699, 165.193
239.148, 239.148
111.264, 182.045
Evaluation Time: 1.45454 seconds
Resulting Fitness: 0.383333
-------------
Particle: 13:
Relays Coordinates:
178.835, 152.901
151.977, 337.914
190.934, 410.972
82.2028, 82.9088
263.801, 174.107
157.209, 226.587
Evaluation Time: 2.05904 seconds
Resulting Fitness: 0.555556
-------------
Particle: 14:
Relays Coordinates:
93.2186, 107.025
116.322, 140.434
114.361, 174.339
76.7466, 77.0058
93.1067, 89.3977
125.926, 98.8358
Evaluation Time: 1.13411 seconds
Resulting Fitness: 0.230556
-------------
Particle: 15:
Relays Coordinates:
166.246, 138.376
126.595, 301.209
169.757, 328.05
84.3204, 76.881
228.079, 124.09
130.167, 200.239
Evaluation Time: 1.81784 seconds
Resulting Fitness: 0.519444
-------------
Particle: 16:
Relays Coordinates:
134.856, 132.387
140.628, 265.721
130.321, 265.721
56.9519, 97.1107
147.599, 161.708
209.381, 162.148
Evaluation Time: 1.66157 seconds
Resulting Fitness: 0.427778
-------------
Particle: 17:
Relays Coordinates:
134.063, 104.97
81.2134, 139.026
67.9675, 146.798
100.633, 60.1729
120.646, 95.6191
174.339, 120.939
Evaluation Time: 1.13788 seconds
Resulting Fitness: 0.191667
-------------
Particle: 18:
Relays Coordinates:
100.243, 62.1945
156.905, 151.286
138.327, 114.217
94.3964, 58.6505
113.731, 129.32
94.3054, 63.2624
Evaluation Time: 1.12018 seconds
Resulting Fitness: 0.2
-------------
Particle: 19:
Relays Coordinates:
60.0388, 94.5912
127.302, 174.339
96.5016, 124.532
174.339, 171.268
135.735, 97.4553
174.339, 131.653
Evaluation Time: 1.25605 seconds
Resulting Fitness: 0.275
-------------
Particle: 20:
Relays Coordinates:
89.3854, 104.102
74.7588, 201.262
72.8046, 131.353
81.1529, 73.7271
98.036, 70.6808
106.097, 215.234
Evaluation Time: 1.24764 seconds
Resulting Fitness: 0.275
Current global best fitness: 0.625
Current global best relays: 167.616, 142.877
142.989, 317.158
185.164, 388.128
82.515, 78.9064
251.013, 163.254
146.519, 217.315
Particle 1 new velocities: 42.2961, 33.3021
7.12657, 64.4298
66.3964, 74.5836
22.4446, 16.9107
57.8566, 26.8777
4.82372, 60.7296
Particle 2 new velocities: 35.8475, 31.0411
11.7629, 36.8305
29.4649, 96.5915
15.9089, 16.0716
48.0602, 26.4232
22.4478, 13.9371
Particle 3 new velocities: 20.5055, 22.5082
12.8155, 35.921
31.6163, 114.07
12.5221, 9.16466
17.9491, -10.8007
6.38934, 28.633
Particle 4 new velocities: 29.3979, 26.9443
21.797, 51.0633
31.008, 92.9164
13.8402, 12.5139
46.7796, 29.9914
10.7869, 40.9964
Particle 5 new velocities: 114.407, 175.08
200.799, 338.893
294.276, 245.804
222.226, 66.0166
232.558, 209.734
209.887, 185.071
Particle 6 new velocities: 359.562, 248.048
202.419, 168.057
40.4029, 79.805
415.065, 106.564
328.131, 189.527
154.942, 258.865
Particle 7 new velocities: 35.0039, 35.3679
29.1007, 74.4851
44.447, -3.72199
14.9152, 14.1797
49.5217, 36.0466
23.946, 38.6719
Particle 8 new velocities: 532.021, 228.519
47.4643, -39.983
274.842, 389.798
334.604, 117.732
163.552, 157.244
84.5611, 212.257
Particle 9 new velocities: 200.224, 350.681
254.662, 375.182
273.121, 425.31
275.935, 328.964
308.218, 215.437
156.946, 157.378
Particle 10 new velocities: 200.393, 281.516
103.594, 279.718
77.2035, 324.785
108.751, 230.438
255.062, 146.975
142.586, 41.4917
Particle 11 new velocities: 101.06, 86.2648
80.6161, 86.777
107.733, 297.262
58.4125, 53.8404
149.934, 110.709
42.3042, 128.46
Particle 12 new velocities: 171.483, 221.073
70.5961, 156.609
277.587, 183.076
120.808, 89.191
-197.505, -54.4794
240.9, 227.78
Particle 13 new velocities: 5.64816, 6.84603
4.83761, 8.22434
19.6391, 14.3458
13.0265, 1.29615
30.2506, -1.39146
8.73545, 10.7783
Particle 14 new velocities: 133.017, 206.835
213.06, 351.652
225.753, 188.576
176.155, 154.826
97.1312, 147.151
216.265, 270.193
Particle 15 new velocities: 73.6252, 82.6029
70.4908, 129.26
83.1814, 69.1715
33.3515, 33.0927
96.6836, 97.1559
69.0839, 89.7915
Particle 16 new velocities: 146.592, 107.923
97.6976, -7.6412
51.1384, 37.5282
40.0105, 63.2376
181.862, 108.204
63.118, 136.512
Particle 17 new velocities: 265.367, 181.61
344.224, 235.842
47.8006, 293.085
243.321, 106.471
265.839, 171.904
117.998, 286.154
Particle 18 new velocities: 168.504, 157.846
153.841, 302.563
302.465, 343.956
225.882, 173.749
453.876, 278.228
186.193, 87.6847
Particle 19 new velocities: 252.094, 127.263
408.506, 236.394
87.6459, 398.545
178.062, 183.601
195.718, 206.298
196.433, 374.502
Particle 20 new velocities: 185.339, 160.199
116.055, 572.762
147.393, 306.414
87.214, 253.431
321.95, 433.665
86.9639, -11.3613
-- ITERATION 15 --
-------------
Particle: 1:
Relays Coordinates:
163.233, 122.873
128.678, 297.334
188.318, 310.515
84.2833, 82.2883
249.702, 145.185
123.566, 218.317
Evaluation Time: 1.86074 seconds
Resulting Fitness: 0.552778
-------------
Particle: 2:
Relays Coordinates:
163.373, 142.884
135.605, 296.223
182.561, 317.391
79.0098, 78.8344
247.659, 158.905
147.783, 201.417
Evaluation Time: 1.80659 seconds
Resulting Fitness: 0.558333
-------------
Particle: 3:
Relays Coordinates:
174.934, 139.367
139.327, 313.603
195.392, 412.763
85.3511, 80.6021
258.649, 106.106
127.215, 221.324
Evaluation Time: 2.08548 seconds
Resulting Fitness: 0.575
-------------
Particle: 4:
Relays Coordinates:
152.739, 133.119
127.11, 292.339
170.601, 397.049
76.6896, 72.5718
233.361, 151.876
113.054, 204.349
Evaluation Time: 2.01551 seconds
Resulting Fitness: 0.591667
-------------
Particle: 5:
Relays Coordinates:
64.8794, 91.7822
101.889, 150.266
147.314, 137.303
116.244, 38.8218
118.275, 113.003
109.524, 100.847
Evaluation Time: 1.08394 seconds
Resulting Fitness: 0.186111
-------------
Particle: 6:
Relays Coordinates:
224.224, 165.866
146.538, 131.133
102.71, 38.1705
220.83, 78.4265
231.663, 148.944
119.371, 175.257
Evaluation Time: 1.35438 seconds
Resulting Fitness: 0.358333
-------------
Particle: 7:
Relays Coordinates:
174.222, 143.314
148.823, 333.677
196.842, 361.15
85.3752, 76.8812
243.557, 174.339
160.996, 216.42
Evaluation Time: 1.89644 seconds
Resulting Fitness: 0.530556
-------------
Particle: 8:
Relays Coordinates:
265.721, 171.933
100.272, 53.7987
207.272, 230.238
233.234, 92.4884
161.966, 120.497
119.987, 184.858
Evaluation Time: 1.58257 seconds
Resulting Fitness: 0.433333
-------------
Particle: 9:
Relays Coordinates:
93.9586, 150.064
114.212, 141.483
127.746, 156.905
121.504, 138.562
121.588, 91.0685
71.9452, 89.1444
Evaluation Time: 1.10833 seconds
Resulting Fitness: 0.194444
-------------
Particle: 10:
Relays Coordinates:
106.145, 151.003
55.7268, 131.673
63.1131, 148.948
63.7075, 131.837
154.43, 93.2367
80.4735, 82.0098
Evaluation Time: 1.10486 seconds
Resulting Fitness: 0.161111
-------------
Particle: 11:
Relays Coordinates:
147.331, 111.914
119.972, 151.289
150.317, 265.721
82.9677, 64.5766
189.113, 147.247
81.8324, 169.304
Evaluation Time: 1.42134 seconds
Resulting Fitness: 0.35
-------------
Particle: 12:
Relays Coordinates:
197.356, 233.494
97.0512, 130.52
248.861, 249.319
192.799, 150.211
24.5901, 109.045
207.949, 241.997
Evaluation Time: 1.57102 seconds
Resulting Fitness: 0.380556
-------------
Particle: 13:
Relays Coordinates:
166.034, 143.772
141.133, 311.525
189.516, 382.786
85.7064, 75.7845
264.646, 155.444
149.35, 213.629
Evaluation Time: 1.94186 seconds
Resulting Fitness: 0.625
-------------
Particle: 14:
Relays Coordinates:
87.6483, 121.596
127.609, 190.644
131.767, 140.601
97.9794, 89.8166
73.7021, 91.6437
132.572, 142.969
Evaluation Time: 1.31152 seconds
Resulting Fitness: 0.233333
-------------
Particle: 15:
Relays Coordinates:
157.379, 144.984
129.308, 282.431
165.953, 260.617
77.2045, 72.1538
213.077, 145.159
130.729, 190.289
Evaluation Time: 1.67543 seconds
Resulting Fitness: 0.466667
-------------
Particle: 16:
Relays Coordinates:
166.192, 141.901
140.729, 152.393
107.15, 179.065
57.2553, 94.6841
194.544, 159.38
160.908, 176.355
Evaluation Time: 1.30202 seconds
Resulting Fitness: 0.291667
-------------
Particle: 17:
Relays Coordinates:
125.346, 89.9319
133.507, 117.638
36.3292, 138.04
107.936, 52.2945
121.283, 83.9514
91.7386, 127.75
Evaluation Time: 1.02355 seconds
Resulting Fitness: 0.147222
-------------
Particle: 18:
Relays Coordinates:
93.7065, 76.7235
108.351, 158.247
153.694, 159.755
111.674, 81.0325
174.339, 142.103
97.8038, 52.632
Evaluation Time: 1.19697 seconds
Resulting Fitness: 0.222222
-------------
Particle: 19:
Relays Coordinates:
88.1556, 62.6581
141.215, 116.003
52.0087, 141.215
99.5286, 100.226
93.612, 85.7889
104.717, 141.215
Evaluation Time: 1.04408 seconds
Resulting Fitness: 0.152778
-------------
Particle: 20:
Relays Coordinates:
106.434, 102.396
73.925, 193.71
85.3092, 169.6
65.2288, 126.748
162.711, 193.71
74.7959, 78.9843
Evaluation Time: 1.26556 seconds
Resulting Fitness: 0.266667
Current global best fitness: 0.625
Current global best relays: 167.616, 142.877
142.989, 317.158
185.164, 388.128
82.515, 78.9064
251.013, 163.254
146.519, 217.315
Particle 1 new velocities: 33.5551, 36.1352
15.0231, 75.2297
48.1145, 134.932
18.233, 10.5505
47.2098, 46.4283
9.98072, 45.529
Particle 2 new velocities: 29.226, -0.716766
19.345, 42.5156
30.196, 202.321
14.4595, 12.5473
39.9312, 28.5798
19.2789, 39.7194
Particle 3 new velocities: 16.9703, 8.86117
-6.30423, 10.8286
11.0865, 21.2606
8.19787, 5.61046
12.0487, 38.6131
28.8213, 6.47499
Particle 4 new velocities: 41.7693, 17.3333
23.8439, 56.4747
36.2456, 26.9786
17.7614, 16.5024
65.7971, 36.1811
51.451, 43.6948
Particle 5 new velocities: 168.553, 165.363
206.444, 431.823
303.002, 230.899
266.864, 56.5142
381.941, 257.06
195.549, 346.372
Particle 6 new velocities: 267.208, 169.358
151.61, 378.484
162.625, 131.848
275.342, 79.7256
165.243, 157.861
83.8961, 178.465
Particle 7 new velocities: 14.52, 25.2677
15.6634, 14.2428
16.663, 5.23873
9.18421, 8.72355
33.0845, 16.9719
7.42336, 22.5455
Particle 8 new velocities: -97.5124, 145.928
507.409, 289.356
195.441, 363.666
322.34, 280.996
217.527, 107.015
151.291, 62.107
Particle 9 new velocities: 268.925, 323.737
254.715, 648.728
222.408, 12.2425
255.977, 258.173
394.414, 333.69
162.101, 148.528
Particle 10 new velocities: 237.357, 373.706
127.107, 308.323
194.867, 433.961
122.057, 294.386
240.98, 201.596
193.635, 268.951
Particle 11 new velocities: 112.853, 95.4223
80.7807, 343.247
136.777, 202.25
48.8263, 62.1752
155.216, 140.916
65.6425, 157.811
Particle 12 new velocities: 92.4616, 107.843
-33.93, 186.579
99.5312, 361.546
39.5946, 54.8643
25.9498, 44.2299
170.468, 62.9276
Particle 13 new velocities: 4.74072, 3.75596
7.09657, 19.1213
8.39152, 20.4176
8.16874, 6.35747
7.69435, 6.87364
3.36961, 10.2858
Particle 14 new velocities: 146.745, 163.4
229.91, 352.617
224.695, 466.491
151.509, 218.802
251.12, 132.537
243.339, 240.787
Particle 15 new velocities: 84.4351, 43.2027
55.8849, 114.982
87.922, 109.932
38.1463, 38.8376
126.231, 78.6818
63.4406, 92.1265
Particle 16 new velocities: 90.37, 51.3846
66.785, 152.5
102.444, 227.966
41.8335, 49.8936
121.393, 82.3362
53.1028, 113.075
Particle 17 new velocities: 305.154, 220.599
414.41, 370.571
130.054, 167.329
226.196, 160.548
333.436, 159.11
410.153, 311.117
Particle 18 new velocities: 359.148, 112.474
573.788, 301.529
273.147, 405.008
274.359, 144.719
226.041, 257.741
229.153, 197.699
Particle 19 new velocities: 557.629, 234.333
309.571, 568.07
164.888, 46.0425
275.69, 162.667
365.105, 198.335
262.763, 31.6867
Particle 20 new velocities: 157.318, 132.747
52.4027, 62.0344
158.036, 352.476
129.544, 191.449
310.652, -2.81854
72.3783, 215.262
-- ITERATION 16 --
-------------
Particle: 1:
Relays Coordinates:
159.399, 128.797
116.398, 301.777
191.51, 360.812
83.0382, 75.1994
240.498, 155.207
108.173, 213.715
Evaluation Time: 1.98861 seconds
Resulting Fitness: 0.613889
New local best!
-------------
Particle: 2:
Relays Coordinates:
126.364, 93.2762
101.663, 222.246
139.59, 328.05
61.3252, 59.9555
188.688, 123.009
109.609, 158.209
Evaluation Time: 1.73181 seconds
Resulting Fitness: 0.455556
-------------
Particle: 3:
Relays Coordinates:
172.714, 133.405
119.72, 291.988
185.831, 390.621
84.1941, 77.5914
243.628, 130.248
140.433, 205.019
Evaluation Time: 2.07774 seconds
Resulting Fitness: 0.602778
New local best!
-------------
Particle: 4:
Relays Coordinates:
175.057, 135.407
135.858, 313.933
186.162, 381.625
85.0059, 80.1668
269.242, 169.251
148.054, 223.239
Evaluation Time: 2.07258 seconds
Resulting Fitness: 0.616667
New local best!
-------------
Particle: 5:
Relays Coordinates:
73.2534, 80.6949
96.7581, 156.905
141.314, 115.546
120.223, 29.9174
156.905, 116.13
95.735, 140.342
Evaluation Time: 1.10334 seconds
Resulting Fitness: 0.175
-------------
Particle: 6:
Relays Coordinates:
171.352, 116.885
103.958, 174.339
92.5166, 59.2819
173.004, 55.1442
138.393, 106.976
70.8748, 123.335
Evaluation Time: 1.19309 seconds
Resulting Fitness: 0.252778
-------------
Particle: 7:
Relays Coordinates:
169.868, 151.723
148.038, 313.128
192.154, 329.75
85.1035, 77.0443
248.978, 172.179
151.577, 215.069
Evaluation Time: 1.76358 seconds
Resulting Fitness: 0.530556
-------------
Particle: 8:
Relays Coordinates:
52.7855, 99.748
156.905, 107.686
126.375, 156.905
156.905, 117.203
119.089, 71.3955
85.1297, 77.5001
Evaluation Time: 1.14039 seconds
Resulting Fitness: 0.2
-------------
Particle: 9:
Relays Coordinates:
126.53, 165.204
128.637, 174.339
122.091, 58.9782
131.62, 138.333
174.339, 148.104
81.6069, 82.8711
Evaluation Time: 1.21331 seconds
Resulting Fitness: 0.236111
-------------
Particle: 10:
Relays Coordinates:
87.3137, 127.093
46.4739, 111.841
65.575, 127.093
47.2188, 108.34
100.508, 74.9424
69.6747, 89.2097
Evaluation Time: 0.976965 seconds
Resulting Fitness: 0.0944444
-------------
Particle: 11:
Relays Coordinates:
170.707, 136.033
131.714, 324.465
188.362, 307.035
86.4701, 83.1618
225.914, 189.064
96.7583, 214.62
Evaluation Time: 1.79261 seconds
Resulting Fitness: 0.491667
-------------
Particle: 12:
Relays Coordinates:
171.134, 201.556
37.2725, 187.244
205.722, 295.245
137.226, 121.095
29.8433, 90.5074
223.452, 180.055
Evaluation Time: 1.64465 seconds
Resulting Fitness: 0.444444
-------------
Particle: 13:
Relays Coordinates:
153.698, 132.775
133.407, 297.581
178.117, 362.883
84.4876, 73.9277
245.107, 146.086
137.448, 201.523
Evaluation Time: 1.96569 seconds
Resulting Fitness: 0.6
-------------
Particle: 14:
Relays Coordinates:
73.555, 89.4346
112.193, 156.905
111.862, 156.905
78.292, 96.8478
101.933, 70.3502
117.965, 120.427
Evaluation Time: 1.13191 seconds
Resulting Fitness: 0.169444
-------------
Particle: 15:
Relays Coordinates:
176.283, 137.188
135.006, 289.714
185.075, 270.13
84.0907, 80.9127
247.355, 163.18
141.549, 205.881
Evaluation Time: 1.86026 seconds
Resulting Fitness: 0.519444
-------------
Particle: 16:
Relays Coordinates:
168.33, 126.814
136.15, 200.041
137.515, 267.053
65.0122, 94.8574
207.286, 158.59
140.412, 189.895
Evaluation Time: 1.63306 seconds
Resulting Fitness: 0.413889
-------------
Particle: 17:
Relays Coordinates:
135.095, 97.448
156.905, 153.205
52.2127, 95.8279
104.854, 66.7923
142.696, 76.2752
156.905, 137.721
Evaluation Time: 1.14503 seconds
Resulting Fitness: 0.197222
-------------
Particle: 18:
Relays Coordinates:
127.899, 53.4348
141.215, 129.854
120.553, 141.215
109.027, 63.759
113.079, 112.928
92.3424, 70.7009
Evaluation Time: 1.05983 seconds
Resulting Fitness: 0.172222
-------------
Particle: 19:
Relays Coordinates:
193.71, 115.06
174.644, 193.71
84.0303, 72.5473
145.367, 101.85
177.717, 110.075
142.369, 66.9856
Evaluation Time: 1.33437 seconds
Resulting Fitness: 0.277778
-------------
Particle: 20:
Relays Coordinates:
102.183, 91.0991
48.9419, 99.0807
94.2769, 193.71
75.459, 123.276
183.39, 73.9554
57.0183, 113.997
Evaluation Time: 1.26492 seconds
Resulting Fitness: 0.241667
Current global best fitness: 0.625
Current global best relays: 167.616, 142.877
142.989, 317.158
185.164, 388.128
82.515, 78.9064
251.013, 163.254
146.519, 217.315
Particle 1 new velocities: 29.6753, 30.1665
27.5947, 76.3579
32.6416, 123.244
13.9269, 12.1873
49.9711, 47.4923
29.1524, 40.4731
Particle 2 new velocities: 73.2796, 57.6086
65.9072, 86.0263
52.1227, 58.3021
52.7146, 35.2058
172.084, 91.4407
45.9105, 129.837
Particle 3 new velocities: 7.15822, 13.868
-0.205243, 29.5878
8.63393, 14.8564
6.55453, 4.7793
16.0044, 72.4047
26.2757, 18.9324
Particle 4 new velocities: 29.4447, 18.2384
22.1298, 47.8607
28.9883, 21.6367
11.7971, 12.7663
45.8119, 26.5381
40.0754, 29.0718
Particle 5 new velocities: 188.34, 206.133
179.121, 218.359
289.875, 284.249
241.289, 63.2816
38.3304, 252.313
230.19, 327.471
Particle 6 new velocities: 281.935, 204.719
181.949, 93.8276
325.883, 146.113
332.249, 94.4302
134.54, 163.729
131.857, 135.953
Particle 7 new velocities: 2.33605, 6.55328
9.32324, 9.03638
-12.742, 145.756
2.28969, 6.59917
6.99608, 4.9043
6.66379, 10.7591
Particle 8 new velocities: 131.872, 166.229
273.691, 355.636
194.608, 168.26
111.715, 291.894
837.202, 171.526
282.15, 68.9647
Particle 9 new velocities: 245.649, 381.662
223.061, 190.419
199.335, 253.64
236.775, 245.249
67.1742, 384.197
115.211, 224.382
Particle 10 new velocities: 247.124, 124.519
190.158, 462.326
158.353, 131.454
178.301, 316.117
364.902, 240.925
176.706, 663.026
Particle 11 new velocities: 114.844, 70.963
73.6301, 224.948
90.3965, 226.366
49.9526, 31.936
82.7274, 74.311
29.0903, 78.5967
Particle 12 new velocities: -3.51749, 78.3496
80.6107, 229.083
60.6168, 90.7048
60.8329, 45.7963
153.319, 104.04
102.552, -48.3105
Particle 13 new velocities: 7.02051, 27.7435
17.0556, 28.5032
18.01, 55.2225
5.09645, 13.9216
14.2629, 38.0854
24.3625, 48.0675
Particle 14 new velocities: 143.941, 126.281
227.493, 293.019
237.238, 187.317
195.791, 180.506
246.249, 241.618
203.361, 214.906
Particle 15 new velocities: 55.117, 15.7959
49.7696, 138.196
61.7259, 187.638
36.8125, 30.2113
99.2097, 41.6432
50.1262, 86.767
Particle 16 new velocities: -12.1685, 49.332
56.7121, 204.374
32.2746, 177.97
34.9624, 39.6806
94.1207, 64.9411
184.975, 61.0003
Particle 17 new velocities: 295.674, 255.667
140.529, 389.261
116.172, 233.834
197.677, 145.193
264.357, 203.303
278.943, 295.48
Particle 18 new velocities: 417.511, 139.277
297.641, 407.736
411.032, 106.92
215.175, 166.092
332.995, 273.638
227.049, 196.897
Particle 19 new velocities: 26.3718, 207.712
246.21, 176.832
198.809, 105.847
318.353, 214.802
315.401, 154.788
584.724, 255.865
Particle 20 new velocities: 122.67, 162.08
73.5369, 370.211
80.0882, 199.162
127.828, 121.754
194.631, 307.204
86.2943, 321.111
-- ITERATION 17 --
-------------
Particle: 1:
Relays Coordinates:
170.167, 143.067
129.593, 340.321
201.737, 435.65
87.2686, 78.6481
261.423, 182.43
123.593, 228.769
Evaluation Time: 2.01866 seconds
Resulting Fitness: 0.580556
-------------
Particle: 2:
Relays Coordinates:
130.986, 98.9955
109.943, 202.258
125.782, 253.486
74.8215, 62.4354
236.703, 140.7
102.036, 188.987
Evaluation Time: 1.58787 seconds
Resulting Fitness: 0.469444
-------------
Particle: 3:
Relays Coordinates:
161.885, 132.546
107.564, 289.418
175.018, 364.93
81.6737, 74.1336
233.669, 182.387
150.038, 201.556
Evaluation Time: 1.88754 seconds
Resulting Fitness: 0.566667
-------------
Particle: 4:
Relays Coordinates:
165.647, 124.453
127.97, 293.053
174.271, 326.642
78.4104, 75.2759
255.194, 158.59
152.385, 204.372
Evaluation Time: 1.78614 seconds
Resulting Fitness: 0.583333
-------------
Particle: 5:
Relays Coordinates:
82.0908, 90.0096
86.5738, 117.762
135.312, 125.46
113.446, 29.2469
61.267, 115.621
102.279, 146.805
Evaluation Time: 1.05573 seconds
Resulting Fitness: 0.158333
-------------
Particle: 6:
Relays Coordinates:
158.051, 112.137
99.6895, 93.504
145.887, 71.6167
174.339, 52.1534
95.1658, 94.3893
70.6883, 90.4082
Evaluation Time: 1.10384 seconds
Resulting Fitness: 0.172222
-------------
Particle: 7:
Relays Coordinates:
125.536, 115.384
114.716, 234.857
130.791, 346.644
63.7096, 60.9761
186.605, 129.094
115.358, 164.628
Evaluation Time: 1.74686 seconds
Resulting Fitness: 0.486111
-------------
Particle: 8:
Relays Coordinates:
64.3861, 92.7405
150.14, 161.55
111.92, 113.378
93.6622, 142.643
174.339, 84.7016
128.063, 51.0691
Evaluation Time: 1.21444 seconds
Resulting Fitness: 0.238889
-------------
Particle: 9:
Relays Coordinates:
116.794, 156.905
110.366, 114.465
100.867, 98.103
115.606, 120.372
75.7895, 156.905
61.7635, 96.4193
Evaluation Time: 1.1548 seconds
Resulting Fitness: 0.172222
-------------
Particle: 10:
Relays Coordinates:
116.611, 87.7319
82.5086, 174.339
78.0789, 90.1498
78.634, 147.999
162.278, 110.136
85.9078, 174.339
Evaluation Time: 1.21374 seconds
Resulting Fitness: 0.205556
-------------
Particle: 11:
Relays Coordinates:
151.754, 110.006
109.128, 265.721
148.144, 265.721
72.5006, 61.1677
164.025, 139.968
66.8811, 155.827
Evaluation Time: 1.53187 seconds
Resulting Fitness: 0.380556
-------------
Particle: 12:
Relays Coordinates:
72.1535, 120.49
50.7448, 179.215
114.65, 166.139
85.258, 71.8412
78.8454, 83.7464
140.334, 56.7117
Evaluation Time: 1.23432 seconds
Resulting Fitness: 0.241667
-------------
Particle: 13:
Relays Coordinates:
144.646, 144.467
135.416, 293.476
176.514, 376.295
80.6256, 79.0644
233.433, 165.754
145.629, 224.631
Evaluation Time: 2.04671 seconds
Resulting Fitness: 0.569444
-------------
Particle: 14:
Relays Coordinates:
84.2623, 83.5727
131.602, 174.31
135.248, 133.359
106.186, 107.452
134.893, 120.863
124.488, 129.915
Evaluation Time: 1.20825 seconds
Resulting Fitness: 0.227778
-------------
Particle: 15:
Relays Coordinates:
168.69, 111.525
134.701, 311.946
179.918, 333.713
88.1384, 81.0093
252.646, 149.316
139.732, 213.34
Evaluation Time: 1.88359 seconds
Resulting Fitness: 0.538889
-------------
Particle: 16:
Relays Coordinates:
92.2121, 104.013
113.883, 238.803
100.259, 262.782
59.034, 79.4433
177.978, 131.993
192.138, 148.151
Evaluation Time: 1.76784 seconds
Resulting Fitness: 0.4
-------------
Particle: 17:
Relays Coordinates:
135.18, 110.811
93.3382, 156.905
52.8409, 103.451
94.9375, 66.5233
127.737, 87.7346
136.774, 135.943
Evaluation Time: 1.09133 seconds
Resulting Fitness: 0.180556
-------------
Particle: 18:
Relays Coordinates:
141.215, 54.4274
123.946, 141.215
141.215, 70.0805
91.5643, 64.9166
125.985, 109.178
90.2057, 75.5775
Evaluation Time: 1.03864 seconds
Resulting Fitness: 0.155556
-------------
Particle: 19:
Relays Coordinates:
76.7379, 112.544
146.743, 129.2
98.62, 62.2023
161.689, 110.41
171.939, 92.3521
174.339, 112.571
Evaluation Time: 1.10445 seconds
Resulting Fitness: 0.202778
-------------
Particle: 20:
Relays Coordinates:
78.4015, 88.278
42.7057, 163.632
60.7973, 136.986
70.8819, 85.4366
131.808, 132.902
49.97, 151.713
Evaluation Time: 1.13023 seconds
Resulting Fitness: 0.169444
Current global best fitness: 0.625
Current global best relays: 167.616, 142.877
142.989, 317.158
185.164, 388.128
82.515, 78.9064
251.013, 163.254
146.519, 217.315
Particle 1 new velocities: 18.4126, 18.1778
17.202, 16.5339
-2.09211, -72.6456
1.39155, 6.06353
19.6027, 24.6423
36.8203, 10.7675
Particle 2 new velocities: 133.876, 117.811
102.081, 203.135
118.124, 233.584
49.2526, 51.4973
146.567, 109.988
107.157, 127.561
Particle 3 new velocities: 16.4189, 24.246
7.52498, 37.0064
11.077, 41.2245
9.91559, 10.6153
38.7288, 16.2468
5.04208, 34.7072
Particle 4 new velocities: 35.7435, 38.8038
29.0596, 66.8673
33.1023, 147.105
18.0679, 12.6668
39.4208, 33.5473
29.5503, 60.6401
Particle 5 new velocities: 219.019, 178.935
200.173, 494.521
268.631, 410.284
200.037, 119.101
487.104, 269.38
270.084, 346.92
Particle 6 new velocities: 253.535, 189.704
224.679, 198.65
322.804, 406.501
153.083, 113.401
196.215, 294.382
213.428, 142.928
Particle 7 new velocities: 102.472, 46.3114
48.3118, 118.941
56.3341, 225.048
33.2619, 39.0439
70.456, 30.3798
18.9226, 116.73
Particle 8 new velocities: 493.005, 140.865
237.271, 279.332
234.426, 133.857
190.256, 284.097
77.406, 129.578
301.648, 130.969
Particle 9 new velocities: 229.313, 294.849
220.199, 671.902
190.32, 232.307
260.104, 270.607
239.763, 58.5383
122.962, 278.088
Particle 10 new velocities: 254.43, 191.519
151.115, -2.7306
156.379, 88.5751
152.242, 270.612
346.234, 191.588
171.347, 119.287
Particle 11 new velocities: 160.023, 64.3279
85.5219, 33.6272
110.64, 187.554
49.2774, 32.8446
116.195, 105.228
107.731, 137.368
Particle 12 new velocities: 12.3132, 138.435
109.971, 195.604
88.4277, 287.543
123.778, 96.3305
274.487, 273.407
115.019, 155.579
Particle 13 new velocities: 24.5376, 18.7974
29.0154, 65.9505
30.9371, 48.3199
6.12629, 10.8772
48.1542, 26.8895
20.0758, 35.606
Particle 14 new velocities: 136.021, 119.114
223.658, 354.887
250.129, 673.925
142.466, 175.36
39.9631, 186.537
243.579, 250.574
Particle 15 new velocities: 45.5354, 26.7095
30.3991, 110.304
50.0214, 138.169
23.6689, 21.4685
60.6113, 9.97557
41.3141, 69.2636
Particle 16 new velocities: -15.6597, 71.9364
109.11, 248.65
107.481, 214.592
42.4693, 44.1219
71.4189, 56.2325
129.325, 96.6304
Particle 17 new velocities: 321.159, 277.221
536.854, -4.52878
98.4441, 172.472
335.454, 144.514
191.738, 190.677
248.825, 280.264
Particle 18 new velocities: 128.766, 163.991
301.731, -31.1464
134.312, 533.339
320.984, 152.818
448.007, 349.86
183.214, 152.391
Particle 19 new velocities: 81.9422, 179.323
342.429, 438.475
159.166, 380.657
435.48, 222.49
273.531, 186.094
254.641, 258.338
Particle 20 new velocities: 143.266, 136.425
99.9176, 327.989
33.2095, 306.214
149.236, 241.434
108.27, 527.473
154.791, 291.938
-- ITERATION 18 --
-------------
Particle: 1:
Relays Coordinates:
169.721, 145.12
132.116, 321.17
179.68, 326.704
79.7941, 76.2404
252.923, 186.365
144.372, 215.583
Evaluation Time: 1.75535 seconds
Resulting Fitness: 0.555556
-------------
Particle: 2:
Relays Coordinates:
173.776, 142.247
139.109, 265.978
160.027, 319.566
81.405, 74.7512
251.463, 164.477
137.252, 207.687
Evaluation Time: 1.84043 seconds
Resulting Fitness: 0.527778
-------------
Particle: 3:
Relays Coordinates:
160.473, 141.113
103.58, 293.782
167.486, 365.539
82.4304, 76.274
245.158, 178.77
139.572, 212.637
Evaluation Time: 1.96906 seconds
Resulting Fitness: 0.616667
New local best!
-------------
Particle: 4:
Relays Coordinates:
181.251, 146.931
141.327, 323.928
186.636, 426.372
86.8305, 79.1484
265.153, 172.923
163.742, 238.511
Evaluation Time: 2.15107 seconds
Resulting Fitness: 0.622222
New local best!
-------------
Particle: 5:
Relays Coordinates:
94.4914, 84.3976
89.9841, 156.905
126.761, 156.905
98.3745, 46.5531
156.905, 120.818
116.851, 154.936
Evaluation Time: 1.17028 seconds
Resulting Fitness: 0.208333
-------------
Particle: 6:
Relays Coordinates:
129.16, 94.7207
101.79, 91.6811
147.08, 150.038
102.749, 51.9527
91.4385, 122.001
89.1587, 73.2233
Evaluation Time: 1.12235 seconds
Resulting Fitness: 0.197222
-------------
Particle: 7:
Relays Coordinates:
166.218, 117.876
118.847, 257.919
136.414, 364.5
70.6922, 72.9146
187.397, 116.256
97.8904, 205.11
Evaluation Time: 1.79528 seconds
Resulting Fitness: 0.494444
-------------
Particle: 8:
Relays Coordinates:
174.339, 81.4532
135.082, 153.726
120.764, 86.2057
98.9963, 148.795
87.7781, 74.7146
149.831, 63.4729
Evaluation Time: 1.13525 seconds
Resulting Fitness: 0.230556
-------------
Particle: 9:
Relays Coordinates:
108.612, 141.765
103.735, 156.905
91.3776, 103.686
117.902, 122.693
99.0236, 67.6085
57.9687, 117.524
Evaluation Time: 1.10412 seconds
Resulting Fitness: 0.166667
-------------
Particle: 10:
Relays Coordinates:
143.749, 108.187
90.5104, 66.4847
90.8337, 69.2417
89.4461, 162.179
193.71, 116.894
99.6658, 113.757
Evaluation Time: 1.24565 seconds
Resulting Fitness: 0.261111
-------------
Particle: 11:
Relays Coordinates:
165.691, 92.6483
103.445, 159.086
137.528, 240.889
64.7178, 49.962
148.92, 130.307
92.796, 155.816
Evaluation Time: 1.41191 seconds
Resulting Fitness: 0.336111
-------------
Particle: 12:
Relays Coordinates:
36.3602, 111.459
69.1827, 161.347
87.4184, 195.295
89.983, 72.3924
152.098, 153.743
109.921, 91.3842
Evaluation Time: 1.22969 seconds
Resulting Fitness: 0.247222
-------------
Particle: 13:
Relays Coordinates:
152.266, 146.938
147.988, 323.484
186.706, 382.154
78.0767, 80.9475
253.428, 173.379
149.135, 234.214
Evaluation Time: 1.97366 seconds
Resulting Fitness: 0.608333
-------------
Particle: 14:
Relays Coordinates:
85.3421, 78.5249
137.635, 193.71
149.303, 193.71
96.3328, 109.567
67.7428, 119.093
142.597, 147.409
Evaluation Time: 1.2338 seconds
Resulting Fitness: 0.258333
-------------
Particle: 15:
Relays Coordinates:
156.171, 100.773
120.358, 307.82
167.626, 344.002
81.5075, 74.7063
228.364, 116.124
131.982, 206.018
Evaluation Time: 1.89596 seconds
Resulting Fitness: 0.538889
-------------
Particle: 16:
Relays Coordinates:
32.9533, 75.7403
95.9911, 209.832
89.425, 205.494
43.6939, 53.1908
107.357, 81.0249
138.379, 105.371
Evaluation Time: 1.34908 seconds
Resulting Fitness: 0.261111
-------------
Particle: 17:
Relays Coordinates:
159.116, 135.298
174.339, 53.1304
52.7498, 96.2085
150.068, 73.5843
111.394, 97.0762
134.45, 145.123
Evaluation Time: 1.1618 seconds
Resulting Fitness: 0.222222
-------------
Particle: 18:
Relays Coordinates:
84.723, 68.5421
133.582, 34.5406
86.4633, 156.905
129.462, 68.3274
156.905, 144.051
85.802, 71.5391
Evaluation Time: 1.17387 seconds
Resulting Fitness: 0.202778
-------------
Particle: 19:
Relays Coordinates:
55.3283, 101.768
170.564, 174.339
89.8844, 154.415
174.339, 116.075
155.326, 97.0882
149.576, 129.328
Evaluation Time: 1.24242 seconds
Resulting Fitness: 0.25
-------------
Particle: 20:
Relays Coordinates:
77.2905, 78.349
49.7297, 171.418
32.7782, 154.534
76.7502, 113.973
83.71, 174.339
71.3959, 154.691
Evaluation Time: 1.06177 seconds
Resulting Fitness: 0.15
Current global best fitness: 0.625
Current global best relays: 167.616, 142.877
142.989, 317.158
185.164, 388.128
82.515, 78.9064
251.013, 163.254
146.519, 217.315
Particle 1 new velocities: 13.7959, 8.94211
6.53636, -8.4522
2.6694, -28.0619
4.06606, 3.43607
-0.268351, -55.2207
1.74738, 6.90542
Particle 2 new velocities: 88.8168, 73.6859
85.9314, 216.139
157.154, 296.881
41.0226, 46.8655
116.619, 84.0751
111.642, 110.238
Particle 3 new velocities: 22.0055, 21.4211
22.0669, 31.097
15.4797, 54.6171
7.96756, 11.3309
31.4432, 10.9313
10.7272, 31.9209
Particle 4 new velocities: 15.5939, 28.8049
23.3665, 48.9044
25.8382, 87.79
12.5208, 9.855
26.0799, 16.328
10.7738, 45.3619
Particle 5 new velocities: 137.767, 182.152
221.253, 296.357
300.699, 170.87
285.386, 111.454
236.69, 273.558
246.267, 344.88
Particle 6 new velocities: 293.437, 271.293
262.546, 509.77
392.214, 456.879
478.336, 122.766
376.353, 240.641
222.064, 258.686
Particle 7 new velocities: 73.9661, 76.9963
96.5335, 153.008
140.865, 35.2342
52.1784, 31.6773
142.119, 80.1214
84.399, 102.008
Particle 8 new velocities: 71.3549, 165.54
240.446, 172.127
199.481, 100.157
249.216, 313.007
692.997, 202.888
284.296, 241.532
Particle 9 new velocities: 228.378, 243.297
242.291, 110.015
238.042, 417.823
261.82, 186.619
305.686, 378.402
76.6668, 214.011
Particle 10 new velocities: 183.63, 293.488
138.145, 86.1963
127.59, 465.809
119.206, 162.318
7.90825, 190.667
175.349, 459.602
Particle 11 new velocities: 132.287, 140.327
96.1406, 322.547
152.59, 314.048
63.1458, 76.8531
195.418, 118.864
69.3399, 218.44
Particle 12 new velocities: 71.6252, 245.225
57.3797, 164.609
136.671, 358.882
124.644, 108.108
278.523, 272.442
189.246, 299.728
Particle 13 new velocities: 35.3245, 7.77774
16.4637, 44.5525
21.1941, 47.673
14.3681, 6.03058
34.5114, -0.119164
11.889, -4.70921
Particle 14 new velocities: 126.954, 138.199
189.378, 113.595
222.855, 135.603
126.874, 139.473
184.359, 121.973
224.348, 227.828
Particle 15 new velocities: 55.8074, 32.7658
39.8567, 98.0633
49.012, 108.425
23.5626, 24.9414
54.338, 42.1173
43.3922, 68.7337
Particle 16 new velocities: 230.215, 93.6776
152.873, 309.534
188.83, 375.756
88.176, 57.0305
100.589, 114.587
151.061, 125.811
Particle 17 new velocities: 270.726, 233.466
164.715, 343.648
106.286, 116.461
306.329, 118.934
168.755, 231.437
394.863, 228.51
Particle 18 new velocities: 530.658, 218.768
696.88, 227.63
316.833, 77.3472
249.164, 169.068
286.42, 319.663
164.57, 172.516
Particle 19 new velocities: 420.214, 199.184
494.843, 149.803
141.579, 508.419
42.6833, 305.789
258.196, 150.791
352.329, 450.751
Particle 20 new velocities: 99.7745, 194.244
176.457, 614.212
52.462, 514.021
156.86, 233.672
74.2502, 189.933
136.226, 312.158
-- ITERATION 19 --
-------------
Particle: 1:
Relays Coordinates:
165.165, 138.656
124.787, 281.446
164.115, 268.778
75.4742, 71.7088
227.389, 118.03
131.507, 200.24
Evaluation Time: 1.68953 seconds
Resulting Fitness: 0.472222
-------------
Particle: 2:
Relays Coordinates:
172.287, 141.673
147.649, 316.317
208.103, 328.05
80.3248, 79.7927
241.499, 163.075
163.299, 208.59
Evaluation Time: 1.80272 seconds
Resulting Fitness: 0.536111
-------------
Particle: 3:
Relays Coordinates:
164.231, 146.281
113.082, 292.391
164.669, 378.14
81.3582, 78.8444
248.941, 170.732
135.269, 220.102
Evaluation Time: 2.10896 seconds
Resulting Fitness: 0.644444
New local best!
New global best!
-------------
Particle: 4:
Relays Coordinates:
159.444, 142.346
133.402, 301.994
172.104, 405
80.4746, 72.0928
235.899, 153.293
141.357, 229.937
Evaluation Time: 2.01534 seconds
Resulting Fitness: 0.616667
-------------
Particle: 5:
Relays Coordinates:
72.8852, 83.646
97.6696, 142.239
134.142, 102.859
120.428, 49.5842
123.514, 123.759
113.95, 156.847
Evaluation Time: 1.0819 seconds
Resulting Fitness: 0.175
-------------
Particle: 6:
Relays Coordinates:
107.418, 93.0357
92.6093, 127.093
127.093, 127.093
127.093, 44.4113
118.906, 92.1787
79.1087, 84.3668
Evaluation Time: 1.04561 seconds
Resulting Fitness: 0.15
-------------
Particle: 7:
Relays Coordinates:
175.094, 142.062
157.013, 299.565
202.137, 291.406
89.5727, 76.2475
240.217, 143.159
132.889, 223.889
Evaluation Time: 1.68414 seconds
Resulting Fitness: 0.497222
-------------
Particle: 8:
Relays Coordinates:
77.1014, 77.509
117.844, 102.256
100.496, 58.4825
109.273, 144.918
156.905, 87.1147
136.234, 95.7139
Evaluation Time: 1.06664 seconds
Resulting Fitness: 0.172222
-------------
Particle: 9:
Relays Coordinates:
105.751, 120.837
108.587, 83.7624
103.375, 156.905
119.161, 97.0654
127.002, 139.963
42.25, 104.039
Evaluation Time: 1.08144 seconds
Resulting Fitness: 0.177778
-------------
Particle: 10:
Relays Coordinates:
140.926, 172.908
98.4287, 65.7242
94.0244, 215.234
89.818, 139.685
86.7902, 132.395
118.385, 215.234
Evaluation Time: 1.30092 seconds
Resulting Fitness: 0.291667
-------------
Particle: 11:
Relays Coordinates:
175.953, 137.57
117.853, 284.399
171.312, 295.245
75.5022, 74.8831
203.328, 147.133
95.7396, 220.994
Evaluation Time: 1.62838 seconds
Resulting Fitness: 0.452778
-------------
Particle: 12:
Relays Coordinates:
41.8357, 138.187
49.0329, 126.282
86.8168, 193.71
83.1509, 69.9297
166.831, 165.113
115.903, 151.525
Evaluation Time: 1.22706 seconds
Resulting Fitness: 0.261111
-------------
Particle: 13:
Relays Coordinates:
151.948, 125.32
133.206, 298.109
168.399, 348.16
74.8803, 70.4523
233.231, 140.341
130.429, 185.899
Evaluation Time: 1.99503 seconds
Resulting Fitness: 0.547222
-------------
Particle: 14:
Relays Coordinates:
82.2478, 83.9633
126.691, 119.056
144.182, 127.583
86.4748, 96.4834
97.6694, 93.3939
142.162, 145.375
Evaluation Time: 1.08462 seconds
Resulting Fitness: 0.191667
-------------
Particle: 15:
Relays Coordinates:
171.702, 108.167
129.774, 328.766
175.476, 366.466
85.1068, 80.7147
228.989, 128.175
142.053, 222.549
Evaluation Time: 1.99949 seconds
Resulting Fitness: 0.547222
-------------
Particle: 16:
Relays Coordinates:
113.285, 72.9289
107.128, 215.234
119.78, 215.234
56.7656, 47.4466
89.514, 84.2047
124.595, 99.5162
Evaluation Time: 1.32047 seconds
Resulting Fitness: 0.286111
-------------
Particle: 17:
Relays Coordinates:
185.033, 158.741
145.952, 170.8
68.4598, 91.5473
196.464, 82.8729
120.595, 141.414
215.234, 160.837
Evaluation Time: 1.38113 seconds
Resulting Fitness: 0.330556
-------------
Particle: 18:
Relays Coordinates:
156.905, 90.161
156.905, 82.2718
126.559, 73.5109
118.817, 74.4972
139.12, 145.519
78.5693, 76.5871
Evaluation Time: 1.11791 seconds
Resulting Fitness: 0.202778
-------------
Particle: 19:
Relays Coordinates:
108.789, 68.848
114.384, 74.1534
52.9514, 114.384
49.6478, 96.509
94.6005, 56.7068
114.384, 114.384
Evaluation Time: 0.991668 seconds
Resulting Fitness: 0.116667
-------------
Particle: 20:
Relays Coordinates:
61.7388, 95.0474
78.8664, 174.339
29.7214, 174.339
81.455, 121.216
55.0773, 127.014
72.3932, 162.78
Evaluation Time: 1.06026 seconds
Resulting Fitness: 0.166667
Current global best fitness: 0.644444
Current global best relays: 164.231, 146.281
113.082, 292.391
164.669, 378.14
81.3582, 78.8444
248.941, 170.732
135.269, 220.102
Particle 1 new velocities: 2.52843, 2.1068
-18.82, 21.6135
44.327, 160.967
13.3676, 15.858
12.9207, 34.766
-12.638, 19.8976
Particle 2 new velocities: 49.5126, 52.8974
29.9447, 142.91
69.719, 61.2208
34.6133, 36.7969
106.433, 68.6982
47.6378, 92.7795
Particle 3 new velocities: 17.6044, 17.1369
17.6535, 24.8776
12.3837, 43.6937
6.37405, 9.06475
25.1545, 8.74505
8.58176, 25.5367
Particle 4 new velocities: 35.3952, 33.2005
-0.472969, 54.4392
26.5069, -3.09938
14.6688, 17.8708
51.1357, 47.3374
10.4871, 41.9737
Particle 5 new velocities: 88.4094, 181.388
190.204, 370.233
289.721, 345.891
218.096, 86.6383
451.564, 243.658
233.136, 340.662
Particle 6 new velocities: 505.417, 350.907
235.623, 21.885
50.3974, 191.336
62.2199, 126.749
450.913, 327.433
192.331, 290.492
Particle 7 new velocities: 48.4225, 51.3145
0.157767, 112.727
45.6957, 285.178
31.8421, 25.2101
95.8967, 107.356
103.835, 68.6204
Particle 8 new velocities: 250.52, 138.973
414.422, 292.318
169.25, 474.466
197.757, 228.518
607.298, 182.932
243.253, 249.297
Particle 9 new velocities: 235.696, 546.17
212.891, 450.264
204.037, 127.871
202.73, 241.259
319.01, 438.339
172.685, 188.819
Particle 10 new velocities: 140.027, 361.743
65.1391, 230.336
162.848, 144.86
92.525, 160.23
137.443, 192.237
123.41, 111.397
Particle 11 new velocities: 131.868, 85.6325
79.7566, 251.937
115.294, 127.791
66.9454, 65.1196
142.87, 136.445
-7.71872, 143.247
Particle 12 new velocities: 182.731, 221.106
60.0995, 184.718
272.956, 341.583
142.417, 174.614
215.166, 235.023
227.082, 248.211
Particle 13 new velocities: 39.2486, 38.6915
7.49795, 40.3826
23.9775, 66.2658
12.9376, 14.5292
45.1407, 45.2271
20.1778, 40.5426
Particle 14 new velocities: 134.513, 146.496
146.421, 235.099
192.148, 455.949
115.684, 188.49
201.094, 193.69
223.647, 166.399
Particle 15 new velocities: 42.0296, 54.543
7.95917, 70.7386
21.2604, 83.5336
17.9034, 16.3502
56.9878, 78.0823
30.8387, 36.6802
Particle 16 new velocities: 184.806, 180.895
142.131, 89.496
165.696, 114.11
87.2858, 135.816
216.107, 196.484
232.309, 135.969
Particle 17 new velocities: 203.764, 167.145
198.972, 341.469
171.983, 222.384
254.383, 91.3512
136.985, 212.692
36.6575, 195.161
Particle 18 new velocities: 134.171, 123.339
281.014, 194.65
318.281, 200.291
261.686, 157.497
549.078, 326.114
219.351, 274.94
Particle 19 new velocities: 506.433, 258.407
365.058, 231.276
198.604, 97.0529
297.353, 409.661
364.591, 297.251
104.572, 156.609
Particle 20 new velocities: 121.195, 208.823
152.439, 259.464
121.824, 283.52
153.164, 284.21
274.275, 239.927
142.296, 259.259
-- ITERATION 20 --
-------------
Particle: 1:
Relays Coordinates:
122.249, 102.616
77.2498, 220.93
151.954, 313.284
64.7656, 63.8362
175.186, 111.388
86.6556, 160.48
Evaluation Time: 1.54659 seconds
Resulting Fitness: 0.433333
-------------
Particle: 2:
Relays Coordinates:
161.692, 141.842
129.466, 334.777
202.532, 283.778
83.7899, 84.9938
253.642, 168.963
153.773, 219.699
Evaluation Time: 1.87285 seconds
Resulting Fitness: 0.555556
-------------
Particle: 3:
Relays Coordinates:
163.652, 147.076
117.662, 285.542
159.347, 379.65
78.959, 79.1183
246.686, 161.529
129.466, 221.075
Evaluation Time: 1.98659 seconds
Resulting Fitness: 0.663889
New local best!
New global best!
-------------
Particle: 4:
Relays Coordinates:
175.356, 157.992
119.636, 320.79
178.75, 361.711
85.6291, 80.9672
258.331, 180.568
136.66, 244.72
Evaluation Time: 1.95503 seconds
Resulting Fitness: 0.594444
-------------
Particle: 5:
Relays Coordinates:
56.24, 92.4117
100.375, 174.339
147.792, 156.469
118.036, 47.4978
174.339, 128.11
121.021, 173.471
Evaluation Time: 1.18236 seconds
Resulting Fitness: 0.247222
-------------
Particle: 6:
Relays Coordinates:
215.234, 191.103
141.293, 64.1303
76.4039, 137.073
81.4931, 73.679
215.234, 180.629
116.846, 161.364
Evaluation Time: 1.26739 seconds
Resulting Fitness: 0.286111
-------------
Particle: 7:
Relays Coordinates:
162.944, 140.971
114.577, 300.561
180.67, 364.5
88.5114, 73.9626
245.027, 182.626
172.572, 213.24
Evaluation Time: 1.92434 seconds
Resulting Fitness: 0.588889
New local best!
-------------
Particle: 8:
Relays Coordinates:
92.53, 61.141
141.215, 111.439
76.1843, 141.215
86.7142, 105.47
141.215, 76.269
107.178, 97.4413
Evaluation Time: 1.02204 seconds
Resulting Fitness: 0.141667
-------------
Particle: 9:
Relays Coordinates:
107.15, 156.905
100.883, 156.905
96.4692, 89.366
101.013, 106.17
139.963, 156.905
67.449, 91.9019
Evaluation Time: 1.26399 seconds
Resulting Fitness: 0.205556
-------------
Particle: 10:
Relays Coordinates:
97.9623, 174.339
57.0326, 103.23
89.5657, 125.557
63.5791, 104.574
78.1854, 113.192
84.3085, 113.889
Evaluation Time: 1.04029 seconds
Resulting Fitness: 0.15
-------------
Particle: 11:
Relays Coordinates:
181.765, 131.799
116.687, 295.245
169.238, 249.798
84.1139, 82.6701
204.427, 167.45
51.9755, 215.081
Evaluation Time: 1.75966 seconds
Resulting Fitness: 0.475
-------------
Particle: 12:
Relays Coordinates:
78.3015, 125.278
38.0521, 108.439
125.445, 174.339
78.6507, 85.2672
133.194, 139.519
119.591, 139.379
Evaluation Time: 1.14997 seconds
Resulting Fitness: 0.227778
-------------
Particle: 13:
Relays Coordinates:
172.077, 147.61
126.634, 304.643
173.139, 372.983
79.0361, 76.4833
250.535, 167.011
135.546, 203.797
Evaluation Time: 1.9676 seconds
Resulting Fitness: 0.602778
-------------
Particle: 14:
Relays Coordinates:
75.5798, 80.3564
95.2285, 123.487
117.271, 174.339
70.4886, 99.3639
104.172, 100.1
127.55, 108.709
Evaluation Time: 1.13602 seconds
Resulting Fitness: 0.227778
-------------
Particle: 15:
Relays Coordinates:
173.123, 131.795
111.564, 323.598
159.357, 364.499
83.4383, 78.6225
231.641, 167.069
140.043, 209.976
Evaluation Time: 1.88189 seconds
Resulting Fitness: 0.544444
-------------
Particle: 16:
Relays Coordinates:
142.576, 121.403
119.22, 145.751
136.542, 157.524
68.8994, 87.6541
146.178, 134.253
170.706, 112.632
Evaluation Time: 1.16555 seconds
Resulting Fitness: 0.222222
-------------
Particle: 17:
Relays Coordinates:
109.808, 92.0399
97.4168, 141.215
67.9082, 88.6634
127.333, 49.206
72.7482, 100.01
71.1415, 100.544
Evaluation Time: 1.04262 seconds
Resulting Fitness: 0.133333
-------------
Particle: 18:
Relays Coordinates:
91.3427, 66.9985
137.424, 86.9011
139.595, 85.9219
119.406, 72.8022
156.905, 148.003
93.4907, 110.313
Evaluation Time: 1.1177 seconds
Resulting Fitness: 0.2
-------------
Particle: 19:
Relays Coordinates:
174.339, 114.107
167.171, 106.497
87.7118, 73.7235
120.992, 174.339
160.11, 123.417
76.3451, 94.4895
Evaluation Time: 1.25827 seconds
Resulting Fitness: 0.247222
-------------
Particle: 20:
Relays Coordinates:
57.4065, 95.3578
72.5862, 136.132
47.5566, 143.681
73.626, 127.227
103.354, 115.15
67.3717, 132.44
Evaluation Time: 1.00228 seconds
Resulting Fitness: 0.1
Final Evaluation Time: 602.724 seconds
Final global best fitness: 0.663889
Final global best relays:
163.652, 147.076
117.662, 285.542
159.347, 379.65
78.959, 79.1183
246.686, 161.529
129.466, 221.075
