PSO EXECUTION
============================
Seed: 37283284
Particles: 20
Relays: 3
Iterations: 20
Backend: Simulation
Network Configuration: 3
Area: 500 x 500
Sink: 0, 0
Simulated Relay range: 155
w: 0.8
c1: 1.7
c2: 1.3

Relay Nodes Positions: 
PARTICLE 1: 
137.352, 196.263
141.34, 296.358
92.6308, 83.7195
PARTICLE 2: 
64.9538, 138.336
77.8875, 156.836
12.6856, 45.3762
PARTICLE 3: 
138.889, 224.035
142.402, 16.1437
202.858, 84.1463
PARTICLE 4: 
189.684, 234.876
140.464, 39.392
186.959, 173.174
PARTICLE 5: 
114.062, 105.253
15.3507, 2.75113
26.7696, 213.591
PARTICLE 6: 
30.8974, 45.2736
80.1799, 66.4534
143.181, 89.5195
PARTICLE 7: 
52.1979, 126.718
78.3551, 144.338
78.3858, 6.74404
PARTICLE 8: 
87.0962, 61.7828
12.2539, 66.788
61.2422, 90.0025
PARTICLE 9: 
36.8853, 128.731
113.31, 230.478
92.3263, 299.211
PARTICLE 10: 
104.501, 66.4036
93.4631, 273.688
60.8021, 184.469
PARTICLE 11: 
201.679, 128.5
13.2595, 80.9335
105.927, 39.481
PARTICLE 12: 
40.0486, 149.346
98.8983, 90.053
93.76, 41.4423
PARTICLE 13: 
162.479, 170.64
127.428, 74.5287
279.639, 229.608
PARTICLE 14: 
119.683, 97.286
257.592, 134.999
263.209, 210.255
PARTICLE 15: 
146.277, 34.2454
298.105, 37.7766
358.384, 80.9629
PARTICLE 16: 
53.6718, 31.9137
38.3669, 169.294
79.1331, 275.705
PARTICLE 17: 
5.47743, 102.112
126.898, 196.01
207.053, 176.413
PARTICLE 18: 
161.996, 230.018
21.4678, 187.307
98.1541, 117.729
PARTICLE 19: 
35.2136, 89.1961
129.65, 295.015
137.382, 170.195
PARTICLE 20: 
152.84, 15.5773
156.419, 78.2828
45.5577, 167.579
Nodes Positions: 
100.095, 455.006
409.899, 340.535
245.523, 260.548
3.05226, 39.9931
213.752, 269.364
379.828, 155.468
328.149, 70.4301
130.482, 415.207
496.585, 228.9
306.833, 110.735
340.6, 370.458
420.948, 220.521
491.6, 8.42477
407.253, 365.489
276.989, 18.0564
16.872, 87.5204
372.42, 98.0003
67.438, 25.7687
396.576, 64.8555
186.244, 377.168
36.5812, 207.829
86.2271, 436.556
216.962, 124.255
481.469, 254.723
468.822, 327.88
291.769, 302.829
438.025, 321.165
175.687, 487.451
143.595, 7.3464
309.572, 290.55
453.049, 51.7111
123.612, 432.849
319.698, 466.278
284.028, 102.105
166.037, 405.211
56.5571, 292.359
268.743, 171.625
206.823, 354.383
359.528, 48.1077
444.102, 236.997
387.114, 211.962
258.92, 309.863
140.594, 279.089
195.989, 397.628
257.775, 498.704
42.4623, 125.302
65.5796, 442.948
28.1001, 345.949
227.716, 159.065
172.039, 471.057
342.841, 143.403
426.33, 389.391
238.318, 183.608
112.013, 477.151
91.7667, 196.359
9.88312, 75.1092
459.694, 176.006
78.5309, 243.462
353.447, 135.932
152.144, 416.787
All particles start with velocity zero
-- ITERATION 0 --
-------------
Particle: 1:
Relays Coordinates:
137.352, 196.263
141.34, 296.358
92.6308, 83.7195
Evaluation Time: 1.26449 seconds
Resulting Fitness: 0.130556
New local best!
New global best!
-------------
Particle: 2:
Relays Coordinates:
64.9538, 138.336
77.8875, 156.836
12.6856, 45.3762
Evaluation Time: 1.07141 seconds
Resulting Fitness: 0.111111
New local best!
-------------
Particle: 3:
Relays Coordinates:
138.889, 224.035
142.402, 16.1437
202.858, 84.1463
Evaluation Time: 1.33042 seconds
Resulting Fitness: 0.194444
New local best!
New global best!
-------------
Particle: 4:
Relays Coordinates:
189.684, 234.876
140.464, 39.392
186.959, 173.174
Evaluation Time: 1.22071 seconds
Resulting Fitness: 0.113889
New local best!
-------------
Particle: 5:
Relays Coordinates:
114.062, 105.253
15.3507, 2.75113
26.7696, 213.591
Evaluation Time: 1.0826 seconds
Resulting Fitness: 0.102778
New local best!
-------------
Particle: 6:
Relays Coordinates:
30.8974, 45.2736
80.1799, 66.4534
143.181, 89.5195
Evaluation Time: 1.05092 seconds
Resulting Fitness: 0.113889
New local best!
-------------
Particle: 7:
Relays Coordinates:
52.1979, 126.718
78.3551, 144.338
78.3858, 6.74404
Evaluation Time: 1.03687 seconds
Resulting Fitness: 0.111111
New local best!
-------------
Particle: 8:
Relays Coordinates:
87.0962, 61.7828
12.2539, 66.788
61.2422, 90.0025
Evaluation Time: 0.979488 seconds
Resulting Fitness: 0.0944444
New local best!
-------------
Particle: 9:
Relays Coordinates:
36.8853, 128.731
113.31, 230.478
92.3263, 299.211
Evaluation Time: 1.22584 seconds
Resulting Fitness: 0.141667
New local best!
-------------
Particle: 10:
Relays Coordinates:
104.501, 66.4036
93.4631, 273.688
60.8021, 184.469
Evaluation Time: 1.19145 seconds
Resulting Fitness: 0.147222
New local best!
-------------
Particle: 11:
Relays Coordinates:
201.679, 128.5
13.2595, 80.9335
105.927, 39.481
Evaluation Time: 1.21305 seconds
Resulting Fitness: 0.166667
New local best!
-------------
Particle: 12:
Relays Coordinates:
40.0486, 149.346
98.8983, 90.053
93.76, 41.4423
Evaluation Time: 1.05788 seconds
Resulting Fitness: 0.0944444
New local best!
-------------
Particle: 13:
Relays Coordinates:
162.479, 170.64
127.428, 74.5287
279.639, 229.608
Evaluation Time: 1.30977 seconds
Resulting Fitness: 0.147222
New local best!
-------------
Particle: 14:
Relays Coordinates:
119.683, 97.286
257.592, 134.999
263.209, 210.255
Evaluation Time: 1.33777 seconds
Resulting Fitness: 0.161111
New local best!
-------------
Particle: 15:
Relays Coordinates:
146.277, 34.2454
298.105, 37.7766
358.384, 80.9629
Evaluation Time: 1.25582 seconds
Resulting Fitness: 0.144444
New local best!
-------------
Particle: 16:
Relays Coordinates:
53.6718, 31.9137
38.3669, 169.294
79.1331, 275.705
Evaluation Time: 1.22999 seconds
Resulting Fitness: 0.141667
New local best!
-------------
Particle: 17:
Relays Coordinates:
5.47743, 102.112
126.898, 196.01
207.053, 176.413
Evaluation Time: 1.24351 seconds
Resulting Fitness: 0.133333
New local best!
-------------
Particle: 18:
Relays Coordinates:
161.996, 230.018
21.4678, 187.307
98.1541, 117.729
Evaluation Time: 1.27191 seconds
Resulting Fitness: 0.136111
New local best!
-------------
Particle: 19:
Relays Coordinates:
35.2136, 89.1961
129.65, 295.015
137.382, 170.195
Evaluation Time: 1.34669 seconds
Resulting Fitness: 0.1
New local best!
-------------
Particle: 20:
Relays Coordinates:
152.84, 15.5773
156.419, 78.2828
45.5577, 167.579
Evaluation Time: 1.20026 seconds
Resulting Fitness: 0.0972222
New local best!
Current global best fitness: 0.194444
Current global best relays: 138.889, 224.035
142.402, 16.1437
202.858, 84.1463
Particle 1 new velocities: 0.638108, 32.0236
0.64432, -257.108
133.557, 0.0639161
Particle 2 new velocities: 64.2883, 22.8794
36.3496, -134.627
31.6105, 0.853101
Particle 3 new velocities: 0, 0
0, 0
0, 0
Particle 4 new velocities: -9.24916, -12.178
0.118748, -8.54588
19.3665, -73.662
Particle 5 new velocities: 26.9081, 104.71
155.575, 2.93303
83.4014, -26.666
Particle 6 new velocities: 71.8409, 172.837
3.14466, -54.608
67.7583, -6.09013
Particle 7 new velocities: 53.6306, 126.215
78.4622, -75.4271
113.599, 45.9499
Particle 8 new velocities: 65.0908, 197.655
11.865, -29.6261
67.8329, -3.9921
Particle 9 new velocities: 26.5698, 3.13366
3.07589, -228.895
46.7108, -228.896
Particle 10 new velocities: 35.579, 19.236
15.6007, -19.7881
10.441, -72.0831
Particle 11 new velocities: -64.3721, 86.9384
48.3429, -14.9417
8.717, 9.35795
Particle 12 new velocities: 128.285, 65.9724
26.5906, -31.6377
4.88313, 29.2214
Particle 13 new velocities: -16.4527, 61.7484
8.8979, -52.5243
-31.4304, -132.24
Particle 14 new velocities: 6.78034, 72.0906
-146.451, -83.8052
-56.5493, -85.5468
Particle 15 new velocities: -6.39005, 136.191
-115.672, -13.015
-189.278, 2.62574
Particle 16 new velocities: 55.8159, 12.0665
27.1083, -71.7248
4.48169, -160.963
Particle 17 new velocities: 63.0082, 69.7666
19.2236, -87.2353
-1.94875, -52.1739
Particle 18 new velocities: -3.54705, -7.60208
88.9563, -25.8166
9.66578, -13.1595
Particle 19 new velocities: 57.1625, 93.8522
0.129457, -182.432
66.3107, -12.0877
Particle 20 new velocities: -12.5634, 216.028
-0.390274, -30.2769
100.79, -85.3395
-- ITERATION 1 --
-------------
Particle: 1:
Relays Coordinates:
124.191, 205.458
127.786, 35.3251
203.569, 75.405
Evaluation Time: 1.28575 seconds
Resulting Fitness: 0.172222
New local best!
-------------
Particle: 2:
Relays Coordinates:
129.242, 161.215
114.237, 22.2087
44.2961, 46.2293
Evaluation Time: 1.12042 seconds
Resulting Fitness: 0.1
-------------
Particle: 3:
Relays Coordinates:
138.889, 224.035
142.402, 16.1437
202.858, 84.1463
Evaluation Time: 1.41507 seconds
Resulting Fitness: 0.194444
-------------
Particle: 4:
Relays Coordinates:
180.435, 222.698
140.583, 30.8461
206.326, 99.5124
Evaluation Time: 1.25748 seconds
Resulting Fitness: 0.152778
New local best!
-------------
Particle: 5:
Relays Coordinates:
114.186, 170.07
138.45, 4.60416
89.2385, 151.409
Evaluation Time: 1.0897 seconds
Resulting Fitness: 0.116667
New local best!
-------------
Particle: 6:
Relays Coordinates:
83.218, 176.67
67.4929, 9.59481
170.861, 67.5778
Evaluation Time: 1.16172 seconds
Resulting Fitness: 0.144444
New local best!
-------------
Particle: 7:
Relays Coordinates:
85.7212, 204.875
127.022, 55.818
155.508, 42.6821
Evaluation Time: 1.14063 seconds
Resulting Fitness: 0.130556
New local best!
-------------
Particle: 8:
Relays Coordinates:
123.271, 210.145
19.5363, 30.1012
104.551, 69.6684
Evaluation Time: 1.14482 seconds
Resulting Fitness: 0.122222
New local best!
-------------
Particle: 9:
Relays Coordinates:
63.455, 131.865
116.386, 1.58276
139.037, 70.3148
Evaluation Time: 1.09244 seconds
Resulting Fitness: 0.108333
-------------
Particle: 10:
Relays Coordinates:
140.08, 85.6395
109.064, 253.9
71.243, 112.386
Evaluation Time: 1.22989 seconds
Resulting Fitness: 0.116667
-------------
Particle: 11:
Relays Coordinates:
123.577, 193.894
55.4422, 59.3926
103.18, 43.9551
Evaluation Time: 1.11377 seconds
Resulting Fitness: 0.116667
-------------
Particle: 12:
Relays Coordinates:
151.5, 193.787
112.94, 52.5738
88.7788, 63.5973
Evaluation Time: 1.15796 seconds
Resulting Fitness: 0.161111
New local best!
-------------
Particle: 13:
Relays Coordinates:
131.424, 209.149
122.693, 19.804
223.387, 87.6306
Evaluation Time: 1.31647 seconds
Resulting Fitness: 0.211111
New local best!
New global best!
-------------
Particle: 14:
Relays Coordinates:
126.463, 169.377
111.14, 51.1941
206.66, 124.709
Evaluation Time: 1.19034 seconds
Resulting Fitness: 0.144444
-------------
Particle: 15:
Relays Coordinates:
113.309, 138.054
147.77, 20.0569
136.976, 67.7068
Evaluation Time: 1.09619 seconds
Resulting Fitness: 0.0777778
-------------
Particle: 16:
Relays Coordinates:
109.488, 43.9802
65.4752, 97.5687
83.6148, 114.743
Evaluation Time: 1.03603 seconds
Resulting Fitness: 0.0944444
-------------
Particle: 17:
Relays Coordinates:
55.4734, 139.222
118.359, 88.1075
166.134, 100.634
Evaluation Time: 1.14108 seconds
Resulting Fitness: 0.0944444
-------------
Particle: 18:
Relays Coordinates:
158.449, 222.416
110.424, 161.491
107.82, 104.57
Evaluation Time: 1.15501 seconds
Resulting Fitness: 0.1
-------------
Particle: 19:
Relays Coordinates:
83.1385, 164.743
116.802, 101.324
183.323, 142.297
Evaluation Time: 1.12112 seconds
Resulting Fitness: 0.116667
New local best!
-------------
Particle: 20:
Relays Coordinates:
126.249, 208.445
140.426, 43.2053
131.713, 74.0155
Evaluation Time: 1.15569 seconds
Resulting Fitness: 0.111111
New local best!
Current global best fitness: 0.211111
Current global best relays: 131.424, 209.149
122.693, 19.804
223.387, 87.6306
Particle 1 new velocities: 0.849976, 27.5995
-5.73535, -211.934
122.864, 8.62111
Particle 2 new velocities: 37.939, 65.1556
-13.3237, -59.7087
76.0553, 30.8385
Particle 3 new velocities: -5.68468, -12.3643
-1.18785, 4.41653
13.6368, 0.940568
Particle 4 new velocities: -9.39324, -10.9715
-5.30277, -10.8106
33.9886, -61.6091
Particle 5 new velocities: 28.6913, 132.337
107.952, 5.41641
144.227, -86.4055
Particle 6 new velocities: 85.0997, 146.501
45.243, -36.3594
72.669, 5.79558
Particle 7 new velocities: 89.6493, 101.754
62.384, -75.7671
100.018, 39.1747
Particle 8 new velocities: 62.1662, 157.019
131.538, -24.2788
56.9607, 12.7752
Particle 9 new velocities: 82.6625, 25.4128
-1.78403, 107.348
-28.8866, 30.6945
Particle 10 new velocities: 19.4264, 103.478
20.215, -264.523
22.8167, 55.1063
Particle 11 new velocities: -14.8869, 27.6714
49.2579, 10.949
94.5518, 22.2253
Particle 12 new velocities: 85.7789, 63.9696
21.3006, -30.7691
44.6131, 43.1794
Particle 13 new velocities: -13.1622, 49.3988
7.11832, -42.0194
-25.1443, -105.792
Particle 14 new velocities: 1.82234, 16.4379
47.0667, -6.60358
53.0782, 55.1881
Particle 15 new velocities: 21.2689, 26.7893
99.9465, 15.2513
171.419, 28.8655
Particle 16 new velocities: -0.335984, 89.9158
48.3664, -56.777
51.5516, 24.8996
Particle 17 new velocities: 67.7374, 134.277
17.897, -127.72
56.0246, 25.9822
Particle 18 new velocities: -33.8883, -4.20124
38.1869, -24.8235
2.12002, 0.00818609
Particle 19 new velocities: 46.4339, 132.119
6.06302, -239.206
81.9452, -13.6018
Particle 20 new velocities: -6.06961, 173.159
-8.42555, -34.9618
140.868, -56.3238
-- ITERATION 2 --
-------------
Particle: 1:
Relays Coordinates:
82.0392, 152.909
80.0774, 0
214.173, 55.1296
Evaluation Time: 1.21078 seconds
Resulting Fitness: 0.172222
-------------
Particle: 2:
Relays Coordinates:
150.463, 203.734
90.822, 0
108.316, 69.361
Evaluation Time: 1.12801 seconds
Resulting Fitness: 0.15
New local best!
-------------
Particle: 3:
Relays Coordinates:
133.205, 211.671
141.214, 20.5603
216.495, 85.0869
Evaluation Time: 1.2356 seconds
Resulting Fitness: 0.172222
-------------
Particle: 4:
Relays Coordinates:
138.544, 171.499
109.577, 16.2287
194.655, 30.7016
Evaluation Time: 1.16936 seconds
Resulting Fitness: 0.113889
-------------
Particle: 5:
Relays Coordinates:
84.3677, 178.568
145.498, 5.91705
137.859, 38.3842
Evaluation Time: 1.08008 seconds
Resulting Fitness: 0.130556
New local best!
-------------
Particle: 6:
Relays Coordinates:
99.3899, 190.829
66.5694, 0
143.802, 43.3263
Evaluation Time: 1.1647 seconds
Resulting Fitness: 0.127778
-------------
Particle: 7:
Relays Coordinates:
103.555, 181.062
111.842, 0
150.886, 48.3356
Evaluation Time: 1.10742 seconds
Resulting Fitness: 0.127778
-------------
Particle: 8:
Relays Coordinates:
98.5492, 195.126
80.2871, 3.09424
85.8338, 43.8139
Evaluation Time: 1.05843 seconds
Resulting Fitness: 0.144444
New local best!
-------------
Particle: 9:
Relays Coordinates:
146.118, 157.278
114.602, 108.931
110.151, 101.009
Evaluation Time: 1.04738 seconds
Resulting Fitness: 0.0777778
-------------
Particle: 10:
Relays Coordinates:
143.556, 170.205
116.351, 0
84.6537, 150.743
Evaluation Time: 1.11156 seconds
Resulting Fitness: 0.15
New local best!
-------------
Particle: 11:
Relays Coordinates:
108.69, 221.566
104.7, 70.3415
197.732, 66.1804
Evaluation Time: 1.20729 seconds
Resulting Fitness: 0.166667
-------------
Particle: 12:
Relays Coordinates:
192.196, 208.783
108.735, 17.6618
108.047, 86.4891
Evaluation Time: 1.20804 seconds
Resulting Fitness: 0.155556
-------------
Particle: 13:
Relays Coordinates:
69.8324, 152.67
76.6523, 0
117.061, 0
Evaluation Time: 1.01105 seconds
Resulting Fitness: 0.125
-------------
Particle: 14:
Relays Coordinates:
115.457, 167.233
142.386, 40.1314
233.764, 161.907
Evaluation Time: 1.28472 seconds
Resulting Fitness: 0.141667
-------------
Particle: 15:
Relays Coordinates:
88.2962, 108.154
162.527, 23.1657
202.338, 63.3611
Evaluation Time: 1.14642 seconds
Resulting Fitness: 0.0888889
-------------
Particle: 16:
Relays Coordinates:
109.152, 133.896
113.842, 40.7917
135.166, 139.642
Evaluation Time: 1.12674 seconds
Resulting Fitness: 0.108333
-------------
Particle: 17:
Relays Coordinates:
99.8008, 221.534
110.367, 0
179.949, 102.559
Evaluation Time: 1.19651 seconds
Resulting Fitness: 0.175
New local best!
-------------
Particle: 18:
Relays Coordinates:
124.56, 218.215
148.611, 136.667
109.94, 104.578
Evaluation Time: 1.1206 seconds
Resulting Fitness: 0.113889
-------------
Particle: 19:
Relays Coordinates:
85.0124, 194.772
80.6117, 0
174.042, 84.4367
Evaluation Time: 1.11516 seconds
Resulting Fitness: 0.127778
New local best!
-------------
Particle: 20:
Relays Coordinates:
46.5598, 147.841
51.1395, 3.19371
105.603, 6.85413
Evaluation Time: 1.05055 seconds
Resulting Fitness: 0.1
Current global best fitness: 0.211111
Current global best relays: 131.424, 209.149
122.693, 19.804
223.387, 87.6306
Particle 1 new velocities: 25.5717, 103.321
82.6554, 61.4174
97.098, 62.6921
Particle 2 new velocities: 24.6565, 54.8765
-5.69733, 22.4146
142.526, 48.1058
Particle 3 new velocities: -0.102133, 4.97143
-22.9988, -4.60008
1.21646, 0.499533
Particle 4 new velocities: 12.7447, 30.1348
47.5424, 16.617
55.6101, 37.9622
Particle 5 new velocities: 44.1958, 115.288
67.3058, 13.062
207.602, -36.951
Particle 6 new velocities: 88.4001, 113.462
55.6158, 27.7532
129.897, 72.9735
Particle 7 new velocities: 56.6849, 107.563
67.8389, 14.9454
162.516, 68.8783
Particle 8 new velocities: 87.3438, 143.139
136.181, -11.5688
149.889, 49.3241
Particle 9 new velocities: 14.0976, 57.0679
6.73255, 104.653
81.6536, 126.573
Particle 10 new velocities: 1.01212, 132.534
20.7633, 17.7172
161.397, 33.7069
Particle 11 new velocities: 29.7725, 8.48075
39.3894, -42.6765
52.6542, -2.1663
Particle 12 new velocities: -10.9971, 42.6765
21.3675, -10.5011
139.724, 14.3593
Particle 13 new velocities: 3.76299, 91.3698
31.0356, 34.6706
151.545, 180.294
Particle 14 new velocities: 8.96968, -69.8111
115.947, 24.1113
48.0824, 56.1409
Particle 15 new velocities: 66.9065, -85.2755
65.0161, 12.3425
416.99, 62.2007
Particle 16 new velocities: -47.036, 63.8562
-80.5658, 61.1287
73.7592, 242.848
Particle 17 new velocities: 84.9137, 91.8101
17.9085, 1.08773
75.6034, 16.9651
Particle 18 new velocities: 8.53426, -1.68487
-62.9238, -107.003
79.1841, 5.69066
Particle 19 new velocities: 44.2237, 113.988
29.5909, 20.736
107.406, -9.93602
Particle 20 new velocities: 104.291, 216.515
113.984, 17.0789
186.621, 145.993
-- ITERATION 3 --
-------------
Particle: 1:
Relays Coordinates:
78.4483, 186.791
118.632, 44.7733
226.917, 85.892
Evaluation Time: 1.20405 seconds
Resulting Fitness: 0.191667
New local best!
-------------
Particle: 2:
Relays Coordinates:
141.847, 209.474
68.951, 18.1558
203.182, 95.1482
Evaluation Time: 1.24584 seconds
Resulting Fitness: 0.183333
New local best!
-------------
Particle: 3:
Relays Coordinates:
119.792, 194.978
106.393, 14.3642
195.941, 77.0278
Evaluation Time: 1.28652 seconds
Resulting Fitness: 0.183333
-------------
Particle: 4:
Relays Coordinates:
136.159, 181.47
141.407, 29.5611
225.238, 61.7974
Evaluation Time: 1.25173 seconds
Resulting Fitness: 0.127778
-------------
Particle: 5:
Relays Coordinates:
68.3239, 156.167
113.093, 10.0863
183.592, 0.761631
Evaluation Time: 1.1387 seconds
Resulting Fitness: 0.127778
-------------
Particle: 6:
Relays Coordinates:
136.899, 221.828
89.0731, 20.2321
199.527, 84.7825
Evaluation Time: 1.23037 seconds
Resulting Fitness: 0.183333
New local best!
-------------
Particle: 7:
Relays Coordinates:
105.133, 189.367
117.889, 9.80567
205.623, 76.904
Evaluation Time: 1.24462 seconds
Resulting Fitness: 0.172222
New local best!
-------------
Particle: 8:
Relays Coordinates:
109.768, 199.742
127.822, 0
139.192, 54.9971
Evaluation Time: 1.13653 seconds
Resulting Fitness: 0.147222
New local best!
-------------
Particle: 9:
Relays Coordinates:
94.6054, 126.569
71.6469, 126.119
113.258, 134.385
Evaluation Time: 1.08862 seconds
Resulting Fitness: 0.0861111
-------------
Particle: 10:
Relays Coordinates:
105.39, 220.697
99.9562, 12.9159
179.371, 134.464
Evaluation Time: 1.20323 seconds
Resulting Fitness: 0.194444
New local best!
-------------
Particle: 11:
Relays Coordinates:
100.939, 167.704
105.041, 20.1678
182.531, 46.6663
Evaluation Time: 1.18635 seconds
Resulting Fitness: 0.141667
-------------
Particle: 12:
Relays Coordinates:
163.079, 226.313
117.092, 6.44459
222.995, 90.7636
Evaluation Time: 1.38023 seconds
Resulting Fitness: 0.236111
New local best!
New global best!
-------------
Particle: 13:
Relays Coordinates:
53.651, 177.905
78.5045, 25.2749
195.814, 131.434
Evaluation Time: 1.2708 seconds
Resulting Fitness: 0.186111
-------------
Particle: 14:
Relays Coordinates:
111.984, 87.6797
232.5, 57.8184
253.662, 196.243
Evaluation Time: 1.24388 seconds
Resulting Fitness: 0.147222
-------------
Particle: 15:
Relays Coordinates:
82.4811, 12.1583
120.926, 18.8705
265.721, 66.7287
Evaluation Time: 1.1328 seconds
Resulting Fitness: 0.141667
-------------
Particle: 16:
Relays Coordinates:
40.7541, 129.745
21.8323, 66.87
137.076, 250.952
Evaluation Time: 1.24289 seconds
Resulting Fitness: 0.155556
New local best!
-------------
Particle: 17:
Relays Coordinates:
134.657, 228.428
93.5128, 0.792955
186.297, 87.1332
Evaluation Time: 1.25936 seconds
Resulting Fitness: 0.155556
-------------
Particle: 18:
Relays Coordinates:
133.094, 216.53
85.6872, 29.6645
189.124, 110.268
Evaluation Time: 1.27221 seconds
Resulting Fitness: 0.177778
New local best!
-------------
Particle: 19:
Relays Coordinates:
68.6814, 164.088
58.5662, 11.0199
149.573, 39.5927
Evaluation Time: 1.13119 seconds
Resulting Fitness: 0.125
-------------
Particle: 20:
Relays Coordinates:
89.0758, 215.149
97.5038, 11.9708
172.556, 90.2548
Evaluation Time: 1.16437 seconds
Resulting Fitness: 0.180556
New local best!
Current global best fitness: 0.236111
Current global best relays: 163.079, 226.313
117.092, 6.44459
222.995, 90.7636
Particle 1 new velocities: 53.605, 106.124
64.6636, 20.2292
75.7513, 50.6127
Particle 2 new velocities: 32.8502, 51.9733
-4.1727, 16.58
132.807, 33.1359
Particle 3 new velocities: 17.7066, 72.0776
-3.82138, -6.03703
12.5204, 25.9181
Particle 4 new velocities: 89.9321, 106.188
29.5676, -11.79
19.6592, 111.463
Particle 5 new velocities: 50.9105, 190.137
73.0266, 6.68124
187.126, -15.8943
Particle 6 new velocities: 97.9062, 92.2175
46.6677, 6.42545
129.512, 65.3701
Particle 7 new velocities: 83.1168, 128.496
53.3633, 8.16096
150.456, 66.0465
Particle 8 new velocities: 95.1462, 122.38
97.3882, 0.623579
190.146, 72.5297
Particle 9 new velocities: 5.00766, 167.918
57.7359, 43.149
138.34, 318.941
Particle 10 new velocities: 68.9681, 108.338
34.3143, 8.97036
181.427, 19.2326
Particle 11 new velocities: 61.2748, -27.9136
-6.87661, -1.3349
-33.3404, 33.6619
Particle 12 new velocities: -8.79771, 34.1412
17.094, -8.40091
111.779, 11.4874
Particle 13 new velocities: 238.036, 171.714
101.091, 3.42282
188.719, 54.6057
Particle 14 new velocities: 43.6633, 82.7492
15.8641, 31.0374
42.4404, -11.9102
Particle 15 new velocities: 169.705, 110.08
308.095, 31.1793
74.8953, 69.4963
Particle 16 new velocities: 53.1699, 94.8425
-13.483, -18.6035
106.588, 72.5446
Particle 17 new velocities: 82.8827, 62.5685
41.6822, 0.0930365
67.3556, 37.1939
Particle 18 new velocities: 39.4381, -0.0332266
-23.2715, -86.7664
101.136, -8.308
Particle 19 new velocities: 164.299, 163.972
76.7826, 8.81355
113.047, 83.1104
Particle 20 new velocities: 155.397, 182.825
115.213, 9.84071
214.839, 116.819
-- ITERATION 4 --
-------------
Particle: 1:
Relays Coordinates:
86.6402, 192.182
120.26, 42.6481
198.58, 89.5607
Evaluation Time: 1.17228 seconds
Resulting Fitness: 0.141667
-------------
Particle: 2:
Relays Coordinates:
103.157, 154.382
38.2509, 20.5111
198.398, 75.7505
Evaluation Time: 1.2061 seconds
Resulting Fitness: 0.116667
-------------
Particle: 3:
Relays Coordinates:
111.374, 216.315
83.0833, 6.74497
168.853, 83.3861
Evaluation Time: 1.21448 seconds
Resulting Fitness: 0.152778
-------------
Particle: 4:
Relays Coordinates:
203.482, 258.892
153.877, 15.994
220.408, 155.934
Evaluation Time: 1.38047 seconds
Resulting Fitness: 0.158333
New local best!
-------------
Particle: 5:
Relays Coordinates:
51.3265, 149.073
80.1182, 7.21785
159.582, 0
Evaluation Time: 1.09589 seconds
Resulting Fitness: 0.113889
-------------
Particle: 6:
Relays Coordinates:
154.056, 206.045
89.0595, 17.49
215.883, 98.5152
Evaluation Time: 1.32934 seconds
Resulting Fitness: 0.205556
New local best!
-------------
Particle: 7:
Relays Coordinates:
111.16, 187.695
101.123, 10.6091
210.261, 84.4109
Evaluation Time: 1.19355 seconds
Resulting Fitness: 0.180556
New local best!
-------------
Particle: 8:
Relays Coordinates:
134.444, 211.345
147.76, 0.40913
216.079, 83.6703
Evaluation Time: 1.29581 seconds
Resulting Fitness: 0.166667
New local best!
-------------
Particle: 9:
Relays Coordinates:
65.3561, 193.213
84.8881, 111.057
165.073, 297.428
Evaluation Time: 1.26607 seconds
Resulting Fitness: 0.155556
New local best!
-------------
Particle: 10:
Relays Coordinates:
102.957, 194.292
79.2854, 12.9236
213.048, 90.7562
Evaluation Time: 1.35212 seconds
Resulting Fitness: 0.175
-------------
Particle: 11:
Relays Coordinates:
162.214, 139.79
98.1646, 18.8329
149.191, 80.3282
Evaluation Time: 1.11815 seconds
Resulting Fitness: 0.116667
-------------
Particle: 12:
Relays Coordinates:
91.1014, 153.796
79.2356, 0
197.681, 60.3782
Evaluation Time: 1.16355 seconds
Resulting Fitness: 0.152778
-------------
Particle: 13:
Relays Coordinates:
172.238, 206.447
106.049, 16.9457
227.063, 109.855
Evaluation Time: 1.28077 seconds
Resulting Fitness: 0.238889
New local best!
New global best!
-------------
Particle: 14:
Relays Coordinates:
102.12, 111.818
162.951, 58.2983
194.273, 120.941
Evaluation Time: 1.13183 seconds
Resulting Fitness: 0.130556
-------------
Particle: 15:
Relays Coordinates:
134.022, 64.9623
227.999, 26.5985
181.017, 72.3956
Evaluation Time: 1.1053 seconds
Resulting Fitness: 0.0777778
-------------
Particle: 16:
Relays Coordinates:
68.4706, 163.724
6.08665, 35.1863
177.631, 235.829
Evaluation Time: 1.26686 seconds
Resulting Fitness: 0.188889
New local best!
-------------
Particle: 17:
Relays Coordinates:
195.786, 261.897
121.676, 0.797393
228.288, 111.894
Evaluation Time: 1.36198 seconds
Resulting Fitness: 0.222222
New local best!
-------------
Particle: 18:
Relays Coordinates:
101.879, 127.839
36.8559, 0
171.396, 60.2066
Evaluation Time: 1.0588 seconds
Resulting Fitness: 0.075
-------------
Particle: 19:
Relays Coordinates:
169.843, 239.155
98.6693, 14.4586
191.45, 89.4505
Evaluation Time: 1.2975 seconds
Resulting Fitness: 0.163889
New local best!
-------------
Particle: 20:
Relays Coordinates:
144.359, 234.999
125.607, 12.8795
228.753, 122.275
Evaluation Time: 1.35182 seconds
Resulting Fitness: 0.227778
New local best!
Current global best fitness: 0.238889
Current global best relays: 172.238, 206.447
106.049, 16.9457
227.063, 109.855
Particle 1 new velocities: 121.453, 89.4985
35.1272, -13.9285
104.235, 39.0039
Particle 2 new velocities: 98.5055, 130.452
50.0426, 9.25332
139.173, 94.5994
Particle 3 new velocities: 82.2421, 56.4621
16.26, 7.4214
114.809, 42.0713
Particle 4 new velocities: 50.2317, 74.546
-12.698, -8.71304
24.1491, 47.9787
Particle 5 new velocities: 132.344, 188.902
185.494, 9.43862
198.42, 125.814
Particle 6 new velocities: 80.635, 74.2069
45.658, 4.43804
111.016, 52.7041
Particle 7 new velocities: 140.279, 115.171
44.6665, 11.6291
123.155, 77.7119
Particle 8 new velocities: 96.0936, 94.0867
37.2761, 14.628
154.224, 72.063
Particle 9 new velocities: 138.831, 140.891
70.0993, -17.6935
110.975, 197.48
Particle 10 new velocities: 126.587, 134.202
66.4568, 7.64469
95.5032, 50.9586
Particle 11 new velocities: 103.608, 3.31226
-50.1758, 14.8331
10.0588, 13.8009
Particle 12 new velocities: 60.6056, 92.133
78.0395, 16.4661
117.3, 56.6769
Particle 13 new velocities: 190.429, 137.371
80.8728, 2.73825
150.975, 43.6845
Particle 14 new velocities: 59.6613, 70.6245
-5.32677, 84.5472
133.231, 4.01649
Particle 15 new velocities: 170.343, 166.333
200.391, 31.2511
260.767, 73.8693
Particle 16 new velocities: 168.287, 97.4346
36.4511, -23.0813
146.517, -71.8847
Particle 17 new velocities: 48.5513, -7.58595
16.1851, 16.9482
53.2933, 29.334
Particle 18 new velocities: 86.6691, 108.949
-4.26146, 41.5277
106.473, 41.5388
Particle 19 new velocities: 134.462, 114.219
63.8615, 10.0105
105.003, 86.5692
Particle 20 new velocities: 137.659, 132.629
75.6198, 8.68151
170.818, 84.8303
-- ITERATION 5 --
-------------
Particle: 1:
Relays Coordinates:
168.556, 228.161
125.864, 23.2629
245.28, 104.137
Evaluation Time: 1.34199 seconds
Resulting Fitness: 0.238889
New local best!
-------------
Particle: 2:
Relays Coordinates:
107.172, 151.372
46.9228, 15.818
179.399, 90.5309
Evaluation Time: 1.10591 seconds
Resulting Fitness: 0.0888889
-------------
Particle: 3:
Relays Coordinates:
127.032, 178.969
65.1791, 9.29456
186.111, 82.3126
Evaluation Time: 1.17019 seconds
Resulting Fitness: 0.141667
-------------
Particle: 4:
Relays Coordinates:
166.462, 218.769
92.6277, 4.77707
160.454, 133.787
Evaluation Time: 1.21886 seconds
Resulting Fitness: 0.158333
-------------
Particle: 5:
Relays Coordinates:
97.6102, 179.614
141.157, 8.85193
190.257, 66.8629
Evaluation Time: 1.17929 seconds
Resulting Fitness: 0.15
New local best!
-------------
Particle: 6:
Relays Coordinates:
153.981, 183.873
88.3882, 14.387
214.478, 99.215
Evaluation Time: 1.21971 seconds
Resulting Fitness: 0.166667
-------------
Particle: 7:
Relays Coordinates:
164.969, 198.71
95.6523, 14.5905
218.755, 106.369
Evaluation Time: 1.29253 seconds
Resulting Fitness: 0.211111
New local best!
-------------
Particle: 8:
Relays Coordinates:
151.256, 200.393
121.403, 9.86586
242.956, 102.177
Evaluation Time: 1.30996 seconds
Resulting Fitness: 0.227778
New local best!
-------------
Particle: 9:
Relays Coordinates:
120.57, 197.285
91.5185, 55.1302
163.004, 292.238
Evaluation Time: 1.23647 seconds
Resulting Fitness: 0.172222
New local best!
-------------
Particle: 10:
Relays Coordinates:
167.338, 239.472
106.246, 14.9943
224.934, 103.31
Evaluation Time: 1.37346 seconds
Resulting Fitness: 0.247222
New local best!
New global best!
-------------
Particle: 11:
Relays Coordinates:
265.822, 143.102
47.9888, 33.666
159.25, 94.129
Evaluation Time: 1.24379 seconds
Resulting Fitness: 0.141667
-------------
Particle: 12:
Relays Coordinates:
110.594, 179.282
114.654, 12.0038
229.621, 85.3332
Evaluation Time: 1.2014 seconds
Resulting Fitness: 0.194444
-------------
Particle: 13:
Relays Coordinates:
237.946, 225.579
122.64, 12.9146
248.03, 100.737
Evaluation Time: 1.36707 seconds
Resulting Fitness: 0.227778
-------------
Particle: 14:
Relays Coordinates:
106.145, 119.701
103.418, 93.7209
214.875, 81.9845
Evaluation Time: 1.14742 seconds
Resulting Fitness: 0.108333
-------------
Particle: 15:
Relays Coordinates:
117.917, 89.6086
165.967, 22.4121
171.156, 56.666
Evaluation Time: 1.01571 seconds
Resulting Fitness: 0.0666667
-------------
Particle: 16:
Relays Coordinates:
113.241, 124.912
20.3457, 5.7898
155.039, 78.4139
Evaluation Time: 1.0808 seconds
Resulting Fitness: 0.0833333
-------------
Particle: 17:
Relays Coordinates:
197.913, 205.992
111.667, 14.3739
228.081, 114.395
Evaluation Time: 1.30258 seconds
Resulting Fitness: 0.177778
-------------
Particle: 18:
Relays Coordinates:
111.336, 139.821
19.2467, 24.5217
164.079, 60.0796
Evaluation Time: 1.13249 seconds
Resulting Fitness: 0.0833333
-------------
Particle: 19:
Relays Coordinates:
221.838, 257.61
118.485, 17.838
216.114, 128.318
Evaluation Time: 1.42951 seconds
Resulting Fitness: 0.222222
New local best!
-------------
Particle: 20:
Relays Coordinates:
149.876, 195.373
106.94, 11.4584
212.348, 110.064
Evaluation Time: 1.29729 seconds
Resulting Fitness: 0.211111
Current global best fitness: 0.247222
Current global best relays: 167.338, 239.472
106.246, 14.9943
224.934, 103.31
Particle 1 new velocities: 95.8037, 73.9644
27.3924, -16.553
82.7869, 31.0827
Particle 2 new velocities: 107.737, 141.793
95.9059, 7.24393
150.331, 88.3197
Particle 3 new velocities: 89.192, 162.243
153.665, 22.2081
166.371, 51.0679
Particle 4 new velocities: 52.3599, 94.1576
72.2856, 8.75861
34.5352, 28.7738
Particle 5 new velocities: 169.142, 220.658
117.007, 15.4388
160.74, 131.697
Particle 6 new velocities: 80.2044, 122.566
43.2583, 9.28663
93.4521, 42.4112
Particle 7 new velocities: 113.514, 116.072
41.0912, 9.36677
103.819, 59.8659
Particle 8 new velocities: 83.2261, 122.78
28.861, 18.0606
118.021, 58.3632
Particle 9 new velocities: 138.523, 158.409
63.7381, -30.5015
137.251, 87.0298
Particle 10 new velocities: 101.27, 107.361
53.1654, 6.11576
76.4026, 40.7669
Particle 11 new velocities: -0.898393, 0.44812
-93.1673, 89.4135
-35.3439, -30.5186
Particle 12 new velocities: 197.859, 122.002
56.6434, 11.6513
87.4596, 55.6555
Particle 13 new velocities: 57.1459, 116.426
33.3008, 10.8357
82.4656, 48.8702
Particle 14 new velocities: 124.545, 196.771
202.112, 42.6679
142.925, 136.966
Particle 15 new velocities: 206.552, 236.311
346.642, 25.4466
320.366, 114.964
Particle 16 new velocities: 79.2875, 132.923
74.5691, -8.67287
188.704, 177.03
Particle 17 new velocities: 8.45307, 53.1795
20.3087, -1.7114
40.1818, 9.47674
Particle 18 new velocities: 151.106, 200.007
111.29, 26.5082
196.522, 158.912
Particle 19 new velocities: 100.659, 72.4352
35.2594, 5.00208
87.2213, 44.0225
Particle 20 new velocities: 104.008, 195.726
60.4653, 10.2056
164.396, 66.1396
-- ITERATION 6 --
-------------
Particle: 1:
Relays Coordinates:
173.446, 198.224
100.551, 4.40234
215.245, 88.7179
Evaluation Time: 1.23788 seconds
Resulting Fitness: 0.177778
-------------
Particle: 2:
Relays Coordinates:
126.902, 173.111
84.3389, 13.6179
194.702, 105.609
Evaluation Time: 1.21693 seconds
Resulting Fitness: 0.166667
-------------
Particle: 3:
Relays Coordinates:
127.678, 201.482
129.226, 18.602
208.137, 78.7599
Evaluation Time: 1.25081 seconds
Resulting Fitness: 0.186111
-------------
Particle: 4:
Relays Coordinates:
196.94, 281.634
148.422, 12.1821
175.49, 146.305
Evaluation Time: 1.29632 seconds
Resulting Fitness: 0.15
-------------
Particle: 5:
Relays Coordinates:
157.515, 236.356
152.443, 14.3434
207.26, 117.248
Evaluation Time: 1.33275 seconds
Resulting Fitness: 0.194444
New local best!
-------------
Particle: 6:
Relays Coordinates:
170.721, 223.395
95.9703, 17.2581
224.481, 103.245
Evaluation Time: 1.33725 seconds
Resulting Fitness: 0.219444
New local best!
-------------
Particle: 7:
Relays Coordinates:
182.713, 206.529
89.7174, 15.7184
211.641, 109.067
Evaluation Time: 1.28585 seconds
Resulting Fitness: 0.191667
-------------
Particle: 8:
Relays Coordinates:
138.459, 190.831
88.7291, 16.4903
213.153, 94.7972
Evaluation Time: 1.22452 seconds
Resulting Fitness: 0.180556
-------------
Particle: 9:
Relays Coordinates:
111.531, 153.115
66.8329, 10.6019
129.25, 163.262
Evaluation Time: 1.03638 seconds
Resulting Fitness: 0.102778
-------------
Particle: 10:
Relays Coordinates:
195.815, 252.842
116.211, 15.3892
219.674, 105.032
Evaluation Time: 1.32671 seconds
Resulting Fitness: 0.233333
-------------
Particle: 11:
Relays Coordinates:
238.431, 129.195
0, 110.772
111.515, 57.2494
Evaluation Time: 1.21704 seconds
Resulting Fitness: 0.177778
New local best!
-------------
Particle: 12:
Relays Coordinates:
249.847, 244.04
138.751, 19.1606
256.835, 114.201
Evaluation Time: 1.383 seconds
Resulting Fitness: 0.261111
New local best!
New global best!
-------------
Particle: 13:
Relays Coordinates:
193.61, 224.389
102.312, 15.5826
216.838, 98.1574
Evaluation Time: 1.29514 seconds
Resulting Fitness: 0.188889
-------------
Particle: 14:
Relays Coordinates:
99.3044, 136.231
131.52, 58.7109
154.021, 94.2509
Evaluation Time: 1.06489 seconds
Resulting Fitness: 0.0805556
-------------
Particle: 15:
Relays Coordinates:
101.822, 102.277
156.905, 15.0186
154.245, 53.8592
Evaluation Time: 1.03996 seconds
Resulting Fitness: 0.0666667
-------------
Particle: 16:
Relays Coordinates:
102.317, 137.024
50.4416, 0
182.679, 135.753
Evaluation Time: 1.11766 seconds
Resulting Fitness: 0.102778
-------------
Particle: 17:
Relays Coordinates:
167.156, 209.929
106.9, 10.2567
217.292, 100.336
Evaluation Time: 1.27852 seconds
Resulting Fitness: 0.216667
-------------
Particle: 18:
Relays Coordinates:
139.473, 180.598
69.3723, 27.1194
191.638, 116.381
Evaluation Time: 1.17665 seconds
Resulting Fitness: 0.136111
-------------
Particle: 19:
Relays Coordinates:
235.101, 240.603
112.08, 16.6504
221.132, 125.636
Evaluation Time: 1.32929 seconds
Resulting Fitness: 0.227778
New local best!
-------------
Particle: 20:
Relays Coordinates:
149.916, 230.94
98.8514, 12.7924
222.464, 104.047
Evaluation Time: 1.35903 seconds
Resulting Fitness: 0.244444
New local best!
Current global best fitness: 0.261111
Current global best relays: 249.847, 244.04
138.751, 19.1606
256.835, 114.201
Particle 1 new velocities: 124.777, 121.815
32.1229, 31.9444
108.251, 66.1388
Particle 2 new velocities: 224.428, 256.061
77.4997, 15.3447
172.771, 66.607
Particle 3 new velocities: 93.0224, 173.214
134.988, 15.695
152.532, 58.8235
Particle 4 new velocities: 71.6806, 8.49827
50.544, 14.8817
118.728, -6.70108
Particle 5 new velocities: 227.063, 177.089
87.8443, 15.2997
139.137, 102.446
Particle 6 new velocities: 148.177, 116.649
61.7916, 9.59986
81.5519, 40.0209
Particle 7 new velocities: 132.074, 108.332
57.0472, 8.45991
143.529, 47.0714
Particle 8 new velocities: 93.9426, 150.879
49.6861, 12.4531
134.82, 57.882
Particle 9 new velocities: 224.751, 167.365
131.573, 36.7308
238.957, 63.3475
Particle 10 new velocities: 102.295, 67.3004
33.3203, 4.95718
65.1343, 33.8371
Particle 11 new velocities: 6.08909, 26.2543
71.4128, 35.2128
44.7328, 10.4345
Particle 12 new velocities: 158.287, 97.6019
45.3148, 9.32103
69.9677, 44.5244
Particle 13 new velocities: 66.9307, 96.7458
51.4649, 11.2239
75.1197, 49.7639
Particle 14 new velocities: 190.31, 157.958
327.111, 21.4647
292.51, 162.11
Particle 15 new velocities: 387.221, 250.523
200.921, 45.9542
334.787, 148.32
Particle 16 new velocities: 87.9627, 229.002
126.391, 42.3963
232.683, 292.708
Particle 17 new velocities: 102.199, 136.995
64.1419, 0.788525
48.7156, 23.1616
Particle 18 new velocities: 127.682, 221.114
156.177, 19.9366
179.826, 124.777
Particle 19 new velocities: 93.1706, 62.2921
34.8593, 5.98371
93.298, 27.39
Particle 20 new velocities: 162.146, 163.169
83.856, 10.0693
154.656, 64.9593
-- ITERATION 7 --
-------------
Particle: 1:
Relays Coordinates:
195.664, 209.978
87.0476, 23.8471
212.246, 101.601
Evaluation Time: 1.28191 seconds
Resulting Fitness: 0.186111
-------------
Particle: 2:
Relays Coordinates:
207.456, 253.422
95.5641, 17.1021
216.989, 101.692
Evaluation Time: 1.38799 seconds
Resulting Fitness: 0.213889
New local best!
-------------
Particle: 3:
Relays Coordinates:
117.289, 199.129
140.414, 18.2269
191.674, 73.1175
Evaluation Time: 1.22139 seconds
Resulting Fitness: 0.166667
-------------
Particle: 4:
Relays Coordinates:
195.824, 211.506
145.046, 19.7295
214.485, 101.771
Evaluation Time: 1.27009 seconds
Resulting Fitness: 0.169444
New local best!
-------------
Particle: 5:
Relays Coordinates:
227.09, 244.135
141.887, 17.504
204.544, 129.727
Evaluation Time: 1.33012 seconds
Resulting Fitness: 0.222222
New local best!
-------------
Particle: 6:
Relays Coordinates:
232.477, 247.892
115.008, 19.5794
223.098, 104.441
Evaluation Time: 1.36947 seconds
Resulting Fitness: 0.252778
New local best!
-------------
Particle: 7:
Relays Coordinates:
185.879, 185.922
86.663, 14.277
209.724, 92.1979
Evaluation Time: 1.18978 seconds
Resulting Fitness: 0.147222
-------------
Particle: 8:
Relays Coordinates:
137.231, 201.776
81.7328, 17.0908
205.475, 90.1556
Evaluation Time: 1.23261 seconds
Resulting Fitness: 0.177778
-------------
Particle: 9:
Relays Coordinates:
198.571, 189.24
117.156, 27.9495
217.423, 133.811
Evaluation Time: 1.22752 seconds
Resulting Fitness: 0.169444
-------------
Particle: 10:
Relays Coordinates:
241.469, 259.315
121.12, 16.4806
230.695, 112.484
Evaluation Time: 1.35868 seconds
Resulting Fitness: 0.241667
-------------
Particle: 11:
Relays Coordinates:
220.068, 139.905
64.2715, 131.386
140.623, 60.9156
Evaluation Time: 1.2217 seconds
Resulting Fitness: 0.166667
-------------
Particle: 12:
Relays Coordinates:
297.53, 249.057
134.184, 20.7631
238.239, 115.711
Evaluation Time: 1.41987 seconds
Resulting Fitness: 0.225
-------------
Particle: 13:
Relays Coordinates:
211.038, 260.12
124.56, 21.7132
236.486, 119.816
Evaluation Time: 1.43999 seconds
Resulting Fitness: 0.219444
-------------
Particle: 14:
Relays Coordinates:
100.982, 102.577
159.915, 27.9555
155.696, 89.3876
Evaluation Time: 1.03499 seconds
Resulting Fitness: 0.0611111
-------------
Particle: 15:
Relays Coordinates:
189.465, 136.682
138.629, 23.6221
189.461, 78.3285
Evaluation Time: 1.10865 seconds
Resulting Fitness: 0.0861111
-------------
Particle: 16:
Relays Coordinates:
91.0103, 175.069
84.5786, 20.278
198.666, 204.932
Evaluation Time: 1.32429 seconds
Resulting Fitness: 0.227778
New local best!
-------------
Particle: 17:
Relays Coordinates:
176.724, 227.617
112.221, 7.24675
174.528, 81.0268
Evaluation Time: 1.20645 seconds
Resulting Fitness: 0.147222
-------------
Particle: 18:
Relays Coordinates:
157.752, 237.207
133.184, 27.7861
219.346, 142.401
Evaluation Time: 1.32852 seconds
Resulting Fitness: 0.202778
New local best!
-------------
Particle: 19:
Relays Coordinates:
239.31, 220.81
107.118, 16.5003
229.219, 111.556
Evaluation Time: 1.28583 seconds
Resulting Fitness: 0.180556
-------------
Particle: 20:
Relays Coordinates:
184.27, 232.717
107.887, 13.4996
222.685, 99.7963
Evaluation Time: 1.29979 seconds
Resulting Fitness: 0.216667
Current global best fitness: 0.261111
Current global best relays: 249.847, 244.04
138.751, 19.1606
256.835, 114.201
Particle 1 new velocities: 115.105, 148.656
77.8927, 19.3103
159.336, 69.8027
Particle 2 new velocities: 214.507, 195.316
89.9386, 14.7719
174.767, 61.3339
Particle 3 new velocities: 251.668, 165.197
109.816, 10.4009
155.771, 90.078
Particle 4 new velocities: 112.242, 18.4389
37.3208, 11.7249
115.333, -3.58436
Particle 5 new velocities: 190.898, 141.648
66.9434, 13.6232
122.91, 81.6533
Particle 6 new velocities: 129.846, 90.9764
65.6846, 7.35183
91.0703, 42.6887
Particle 7 new velocities: 118.908, 137.485
107.204, 9.63488
175.672, 57.3691
Particle 8 new velocities: 211.033, 165.361
112.865, 0.900782
216.351, 72.3568
Particle 9 new velocities: 70.4788, 198.738
89.4729, 44.7284
139.827, 260.304
Particle 10 new velocities: -12.0163, 31.1212
27.1412, 3.91928
81.0849, 21.416
Particle 11 new velocities: 40.5499, 133.706
9.82152, -3.47318
73.24, 43.7815
Particle 12 new velocities: -0.539608, 70.5903
45.0263, 4.47819
73.5294, 33.6885
Particle 13 new velocities: 63.4445, -12.5846
14.5734, 4.99727
64.2148, 35.3173
Particle 14 new velocities: 316.043, 125.997
242.48, 114.477
364.384, 245.427
Particle 15 new velocities: 332.15, 325.389
212.897, 51.3868
558.029, 126.712
Particle 16 new velocities: 96.04, 191.761
136.639, 33.0339
188.128, 202.682
Particle 17 new velocities: 134.914, 155.098
79.0156, -4.6242
163.282, 61.471
Particle 18 new velocities: 156.678, 178.746
126.172, 14.8991
168.393, 66.6163
Particle 19 new velocities: 73.6602, 62.3433
36.815, 6.73477
68.2008, 27.3636
Particle 20 new velocities: 148.539, 141.229
61.6627, 8.76634
142.805, 57.7304
-- ITERATION 8 --
-------------
Particle: 1:
Relays Coordinates:
183.506, 211.77
97.3956, 25.484
219.416, 101.212
Evaluation Time: 1.28788 seconds
Resulting Fitness: 0.219444
-------------
Particle: 2:
Relays Coordinates:
224.249, 238.478
98.5838, 16.9392
208.195, 86.6387
Evaluation Time: 1.36577 seconds
Resulting Fitness: 0.169444
-------------
Particle: 3:
Relays Coordinates:
217.865, 215.131
147.758, 16.9044
205.163, 96.3653
Evaluation Time: 1.24822 seconds
Resulting Fitness: 0.122222
-------------
Particle: 4:
Relays Coordinates:
249.534, 186.255
147.717, 25.4781
267.153, 79.5313
Evaluation Time: 1.23172 seconds
Resulting Fitness: 0.152778
-------------
Particle: 5:
Relays Coordinates:
274.241, 253.113
137.014, 20.4226
214.843, 138.686
Evaluation Time: 1.30543 seconds
Resulting Fitness: 0.197222
-------------
Particle: 6:
Relays Coordinates:
264.133, 247.035
131.725, 19.6329
229.029, 107.258
Evaluation Time: 1.33738 seconds
Resulting Fitness: 0.258333
New local best!
-------------
Particle: 7:
Relays Coordinates:
199.971, 212.188
127.196, 15.6886
252.858, 98.1309
Evaluation Time: 1.27919 seconds
Resulting Fitness: 0.205556
-------------
Particle: 8:
Relays Coordinates:
185.082, 195.112
103.417, 9.56148
224.175, 86.3658
Evaluation Time: 1.24158 seconds
Resulting Fitness: 0.175
-------------
Particle: 9:
Relays Coordinates:
128.686, 185.569
98.8302, 34.7616
170.872, 188.504
Evaluation Time: 1.21196 seconds
Resulting Fitness: 0.108333
-------------
Particle: 10:
Relays Coordinates:
167.271, 211.728
108.083, 14.8715
227.288, 97.6131
Evaluation Time: 1.38758 seconds
Resulting Fitness: 0.236111
-------------
Particle: 11:
Relays Coordinates:
211.1, 221.625
60.0153, 103.609
173.229, 84.8046
Evaluation Time: 1.29975 seconds
Resulting Fitness: 0.138889
-------------
Particle: 12:
Relays Coordinates:
240.562, 258.915
145.16, 20.4454
252.533, 121.013
Evaluation Time: 1.35586 seconds
Resulting Fitness: 0.233333
-------------
Particle: 13:
Relays Coordinates:
200.098, 180.453
101.428, 19.472
219.211, 113.092
Evaluation Time: 1.23951 seconds
Resulting Fitness: 0.183333
-------------
Particle: 14:
Relays Coordinates:
145.408, 79.6989
140.306, 49.663
174.339, 116.743
Evaluation Time: 1.08939 seconds
Resulting Fitness: 0.0805556
-------------
Particle: 15:
Relays Coordinates:
215.234, 198.906
151.32, 32.2889
215.234, 88.2633
Evaluation Time: 1.2951 seconds
Resulting Fitness: 0.116667
-------------
Particle: 16:
Relays Coordinates:
89.4656, 175.454
105.808, 25.4989
185.002, 194.961
Evaluation Time: 1.23119 seconds
Resulting Fitness: 0.197222
-------------
Particle: 17:
Relays Coordinates:
184.019, 225.989
112.923, 1.54859
199.473, 84.1435
Evaluation Time: 1.25812 seconds
Resulting Fitness: 0.169444
-------------
Particle: 18:
Relays Coordinates:
167.101, 221.054
137.832, 22.6847
206.06, 111.08
Evaluation Time: 1.34141 seconds
Resulting Fitness: 0.225
New local best!
-------------
Particle: 19:
Relays Coordinates:
228.155, 206.419
104.928, 16.9383
216.819, 101.273
Evaluation Time: 1.26149 seconds
Resulting Fitness: 0.2
-------------
Particle: 20:
Relays Coordinates:
196.52, 220.811
100.117, 13.1478
215.818, 93.018
Evaluation Time: 1.26965 seconds
Resulting Fitness: 0.175
Current global best fitness: 0.261111
Current global best relays: 249.847, 244.04
138.751, 19.1606
256.835, 114.201
Particle 1 new velocities: 115.618, 144.082
90.821, 6.13497
184.13, 67.6641
Particle 2 new velocities: 155.84, 174.548
78.2833, 13.3605
206.971, 85.4343
Particle 3 new velocities: 144.808, 167.307
71.0121, 8.20525
132.589, 67.2657
Particle 4 new velocities: 53.7343, 116.762
17.8101, 6.80387
36.6398, 23.6281
Particle 5 new velocities: 112.131, 99.6412
61.0104, 7.01857
86.426, 34.1351
Particle 6 new velocities: 97.2847, 70.2129
55.4538, 5.83955
94.2039, 40.5616
Particle 7 new velocities: 108.7, 133.668
65.3381, 9.28371
85.9468, 67.9842
Particle 8 new velocities: 213.455, 196.15
128.48, 1.08763
212.333, 91.1437
Particle 9 new velocities: 97.1991, 229.289
108.481, 23.1824
181.031, 230.025
Particle 10 new velocities: 48.3368, 40.9278
54.2279, 6.96498
92.4604, 38.3451
Particle 11 new velocities: 80.6522, 78.4123
22.6195, -28.85
16.4937, 52.8481
Particle 12 new velocities: 7.99154, 48.8927
26.4092, 1.96954
69.531, 16.9923
Particle 13 new velocities: 50.9457, 76.5454
20.6362, 3.05059
74.5, 26.1772
Particle 14 new velocities: 330.435, 225.705
332.934, 88.5132
127.59, 328.008
Particle 15 new velocities: -38.9288, 226.651
202.735, 29.9257
151.844, 120.918
Particle 16 new velocities: 255.053, 182.975
79.8655, 16.458
242.826, 134.674
Particle 17 new velocities: 156.253, 167.69
77.7406, 11.7195
199.845, 63.6258
Particle 18 new velocities: 132.571, 157.157
101.749, 10.5578
169.391, 56.0391
Particle 19 new velocities: 80.3017, 57.1943
71.0667, 6.95013
84.804, 60.2648
Particle 20 new velocities: 134.984, 139.569
89.6113, 6.96026
122.845, 63.3005
-- ITERATION 9 --
-------------
Particle: 1:
Relays Coordinates:
176.63, 210.127
111.14, 18.6707
238.29, 99.72
Evaluation Time: 1.3589 seconds
Resulting Fitness: 0.219444
-------------
Particle: 2:
Relays Coordinates:
201.995, 219.499
93.9944, 16.1025
220.636, 91.4467
Evaluation Time: 1.31957 seconds
Resulting Fitness: 0.183333
-------------
Particle: 3:
Relays Coordinates:
237.95, 250.917
143.535, 16.4744
221.599, 107.358
Evaluation Time: 1.38865 seconds
Resulting Fitness: 0.238889
New local best!
-------------
Particle: 4:
Relays Coordinates:
221.082, 220.899
120.669, 23.5336
221.465, 75.2032
Evaluation Time: 1.31817 seconds
Resulting Fitness: 0.175
New local best!
-------------
Particle: 5:
Relays Coordinates:
281.666, 257.158
144.36, 20.0046
219.625, 125.987
Evaluation Time: 1.38637 seconds
Resulting Fitness: 0.191667
-------------
Particle: 6:
Relays Coordinates:
292.748, 256.971
151.615, 20.6327
261.818, 119.734
Evaluation Time: 1.39606 seconds
Resulting Fitness: 0.247222
-------------
Particle: 7:
Relays Coordinates:
225.021, 252.129
140.358, 18.2048
246.989, 121.098
Evaluation Time: 1.35463 seconds
Resulting Fitness: 0.241667
New local best!
-------------
Particle: 8:
Relays Coordinates:
211.799, 207.933
123.24, 5.65937
231.979, 94.3358
Evaluation Time: 1.31447 seconds
Resulting Fitness: 0.216667
-------------
Particle: 9:
Relays Coordinates:
97.2361, 178.583
89.2409, 24.943
151.483, 180.163
Evaluation Time: 1.19026 seconds
Resulting Fitness: 0.166667
-------------
Particle: 10:
Relays Coordinates:
157.178, 184.186
118.324, 15.9188
233.096, 99.1135
Evaluation Time: 1.28852 seconds
Resulting Fitness: 0.202778
-------------
Particle: 11:
Relays Coordinates:
212.688, 218.727
60.2408, 54.4996
138.308, 100.349
Evaluation Time: 1.29857 seconds
Resulting Fitness: 0.136111
-------------
Particle: 12:
Relays Coordinates:
201.329, 249.324
138.971, 18.1561
260.871, 111.785
Evaluation Time: 1.57599 seconds
Resulting Fitness: 0.230556
-------------
Particle: 13:
Relays Coordinates:
183.011, 187.352
88.9848, 16.4189
214.115, 101.527
Evaluation Time: 1.20884 seconds
Resulting Fitness: 0.186111
-------------
Particle: 14:
Relays Coordinates:
149.325, 95.839
148.508, 43.3612
94.7486, 139.567
Evaluation Time: 1.06411 seconds
Resulting Fitness: 0.0916667
-------------
Particle: 15:
Relays Coordinates:
75.8934, 183.188
152.409, 26.7813
158.015, 90.0457
Evaluation Time: 1.09914 seconds
Resulting Fitness: 0.0916667
-------------
Particle: 16:
Relays Coordinates:
148.304, 154.292
79.9262, 18.0611
184.166, 141.897
Evaluation Time: 1.12324 seconds
Resulting Fitness: 0.127778
-------------
Particle: 17:
Relays Coordinates:
200.927, 232.464
112.585, 7.83469
235.793, 87.2563
Evaluation Time: 1.28929 seconds
Resulting Fitness: 0.211111
-------------
Particle: 18:
Relays Coordinates:
176.954, 223.33
141.47, 19.6294
221.7, 98.6824
Evaluation Time: 1.32818 seconds
Resulting Fitness: 0.230556
New local best!
-------------
Particle: 19:
Relays Coordinates:
249.85, 213.527
142.555, 19.3497
244.315, 130.845
Evaluation Time: 1.28337 seconds
Resulting Fitness: 0.166667
-------------
Particle: 20:
Relays Coordinates:
241.667, 262.717
138.312, 14.6588
246.885, 113.956
Evaluation Time: 1.3431 seconds
Resulting Fitness: 0.230556
Current global best fitness: 0.261111
Current global best relays: 249.847, 244.04
138.751, 19.1606
256.835, 114.201
Particle 1 new velocities: 131.704, 137.257
106.786, 11.1177
180.333, 72.191
Particle 2 new velocities: 178.609, 182.902
77.754, 14.7801
177.361, 87.1326
Particle 3 new velocities: 130.235, 129.693
54.4561, 6.74092
135.45, 56.938
Particle 4 new velocities: 52.5525, 98.6259
16.1202, 2.10955
33.7124, 68.3046
Particle 5 new velocities: 68.4295, 71.1315
40.8316, 3.64391
54.9999, 21.7903
Particle 6 new velocities: 38.4812, 33.7003
28.5541, 4.01036
47.1982, 21.4754
Particle 7 new velocities: 92.4984, 102.422
50.3129, 8.60022
70.8282, 53.2197
Particle 8 new velocities: 150.336, 147.209
111.414, 12.9074
198.201, 85.1572
Particle 9 new velocities: 292.566, 242.629
123.509, 40.721
182.512, 279.124
Particle 10 new velocities: 116.789, 91.5922
37.4038, 6.32417
61.2279, 41.3873
Particle 11 new velocities: 125.915, 34.9371
70.907, 22.6221
95.5818, 11.7862
Particle 12 new velocities: 71.8097, 24.9388
20.6702, 3.44524
51.7393, 17.4514
Particle 13 new velocities: 38.8988, 145.994
77.2467, 4.75129
110.037, 32.3252
Particle 14 new velocities: 314.883, 214.863
386.835, 76.8045
166.172, 321.486
Particle 15 new velocities: 184.464, 77.4465
205.024, 31.9744
396.796, 97.4316
Particle 16 new velocities: 239.036, 256.087
102.346, 16.9172
223.145, 118.479
Particle 17 new velocities: 172.451, 165.781
94.1517, 10.649
166.206, 101.385
Particle 18 new velocities: 193.42, 151.19
79.3428, 8.12323
144.008, 47.9892
Particle 19 new velocities: 61.5346, 86.8754
11.0575, 3.18689
49.3432, 36.5228
Particle 20 new velocities: -15.2073, 64.4743
24.2698, 3.11338
80.9054, 47.7908
-- ITERATION 10 --
-------------
Particle: 1:
Relays Coordinates:
182.068, 205.127
128.683, 17.5897
247.192, 101.512
Evaluation Time: 1.36101 seconds
Resulting Fitness: 0.238889
-------------
Particle: 2:
Relays Coordinates:
202.269, 213.852
91.2741, 16.4123
211.512, 94.9043
Evaluation Time: 1.31682 seconds
Resulting Fitness: 0.158333
-------------
Particle: 3:
Relays Coordinates:
241.567, 249.718
129.902, 15.2316
234.26, 107.795
Evaluation Time: 1.40789 seconds
Resulting Fitness: 0.238889
-------------
Particle: 4:
Relays Coordinates:
221.644, 258.815
110.8, 20.7709
206.693, 116.241
Evaluation Time: 1.55737 seconds
Resulting Fitness: 0.236111
New local best!
-------------
Particle: 5:
Relays Coordinates:
255.219, 239.323
135.004, 17.2398
200.201, 107.729
Evaluation Time: 1.38159 seconds
Resulting Fitness: 0.233333
New local best!
-------------
Particle: 6:
Relays Coordinates:
268.296, 235.443
145.937, 19.9609
250.303, 114.379
Evaluation Time: 1.34597 seconds
Resulting Fitness: 0.225
-------------
Particle: 7:
Relays Coordinates:
231.472, 258.468
138.999, 19.5409
231.689, 127.078
Evaluation Time: 1.35712 seconds
Resulting Fitness: 0.252778
New local best!
-------------
Particle: 8:
Relays Coordinates:
213.837, 209.708
138.561, 10.9635
254.017, 105.989
Evaluation Time: 1.3284 seconds
Resulting Fitness: 0.208333
-------------
Particle: 9:
Relays Coordinates:
151.017, 163.186
82.4237, 25.4396
129.396, 177.937
Evaluation Time: 1.09877 seconds
Resulting Fitness: 0.138889
-------------
Particle: 10:
Relays Coordinates:
221.913, 223.38
126.14, 18.0168
238.402, 113.806
Evaluation Time: 1.26829 seconds
Resulting Fitness: 0.191667
-------------
Particle: 11:
Relays Coordinates:
274.268, 205.468
106.23, 62.4685
189.451, 90.8294
Evaluation Time: 1.24414 seconds
Resulting Fitness: 0.141667
-------------
Particle: 12:
Relays Coordinates:
221.242, 222.153
129.309, 17.4971
253.215, 104.681
Evaluation Time: 1.27973 seconds
Resulting Fitness: 0.202778
-------------
Particle: 13:
Relays Coordinates:
145.595, 218.708
109.064, 13.8898
212.676, 87.8208
Evaluation Time: 1.26156 seconds
Resulting Fitness: 0.194444
-------------
Particle: 14:
Relays Coordinates:
131.106, 87.7514
141.215, 33.9383
73.6917, 130.215
Evaluation Time: 1.07119 seconds
Resulting Fitness: 0.0777778
-------------
Particle: 15:
Relays Coordinates:
100.868, 100.975
138.477, 22.7632
193.71, 72.6326
Evaluation Time: 1.12341 seconds
Resulting Fitness: 0.0777778
-------------
Particle: 16:
Relays Coordinates:
185.263, 196.283
87.1804, 16.73
194.816, 124.537
Evaluation Time: 1.29408 seconds
Resulting Fitness: 0.177778
-------------
Particle: 17:
Relays Coordinates:
220.476, 235.159
122.076, 10.9145
237.376, 111.391
Evaluation Time: 1.37225 seconds
Resulting Fitness: 0.202778
-------------
Particle: 18:
Relays Coordinates:
243.002, 245.723
144.875, 18.2085
239.941, 96.2313
Evaluation Time: 1.4035 seconds
Resulting Fitness: 0.244444
New local best!
-------------
Particle: 19:
Relays Coordinates:
226.999, 218.993
111.984, 16.4291
214.077, 122.011
Evaluation Time: 1.24918 seconds
Resulting Fitness: 0.188889
-------------
Particle: 20:
Relays Coordinates:
148.58, 214.67
106.67, 11.6603
215.064, 106.122
Evaluation Time: 1.34001 seconds
Resulting Fitness: 0.227778
Current global best fitness: 0.261111
Current global best relays: 249.847, 244.04
138.751, 19.1606
256.835, 114.201
Particle 1 new velocities: 106.22, 130.108
97.9081, 15.2126
152.715, 70.7339
Particle 2 new velocities: 205.195, 179.275
102.56, 13.7504
181.455, 76.3405
Particle 3 new velocities: 110.348, 101.503
65.3553, 6.04937
114.619, 47.7029
Particle 4 new velocities: 55.5782, 65.2135
21.5351, 1.58337
29.6457, 52.4044
Particle 5 new velocities: 50.2609, 61.068
34.6125, 5.04096
88.3787, 23.2964
Particle 6 new velocities: 27.2389, 37.6402
0.668735, 2.54814
23.2077, 5.02172
Particle 7 new velocities: 82.7499, 76.9611
40.0125, 6.70045
80.9031, 30.0566
Particle 8 new velocities: 75.3184, 127.293
82.993, 17.6636
154.49, 71.414
Particle 9 new velocities: 272.818, 329.71
149.912, 76.3344
249.688, 385.396
Particle 10 new velocities: 77.887, 86.3141
40.293, 0.749779
47.4973, 20.8819
Particle 11 new velocities: 32.7024, 10.3197
73.1503, 5.33353
7.18429, -15.2192
Particle 12 new velocities: 129.946, 43.1892
21.2354, 6.62075
46.6456, 29.2506
Particle 13 new velocities: 135.603, 111.738
66.8917, 11.9887
125.798, 64.7486
Particle 14 new velocities: 357.538, 284.263
85.6212, 116.653
379.856, 300.078
Particle 15 new velocities: 309.376, 199.998
412.134, 39.5474
249.048, 95.9091
Particle 16 new velocities: 147.282, 216.676
99.1079, 17.7174
189.612, 91.099
Particle 17 new velocities: 137.15, 177.963
76.5434, -2.35946
154.927, 82.9447
Particle 18 new velocities: 156.192, 119.144
62.1755, 6.60303
125.428, 48.7597
Particle 19 new velocities: 69.2828, 86.2637
38.6231, 5.58028
85.0254, 28.7317
Particle 20 new velocities: -8.53234, 78.6693
38.8042, 8.45558
105.491, 37.8483
-- ITERATION 11 --
-------------
Particle: 1:
Relays Coordinates:
189.146, 219.948
148.667, 21.5216
262.379, 113.01
Evaluation Time: 1.37587 seconds
Resulting Fitness: 0.222222
-------------
Particle: 2:
Relays Coordinates:
240.603, 232.138
114.457, 17.8108
232.043, 101.118
Evaluation Time: 1.31344 seconds
Resulting Fitness: 0.233333
New local best!
-------------
Particle: 3:
Relays Coordinates:
256.546, 256.04
142.343, 15.5138
254.333, 113.358
Evaluation Time: 1.38291 seconds
Resulting Fitness: 0.258333
New local best!
-------------
Particle: 4:
Relays Coordinates:
224.55, 262.463
107.191, 18.107
191.435, 136.603
Evaluation Time: 1.35278 seconds
Resulting Fitness: 0.238889
New local best!
-------------
Particle: 5:
Relays Coordinates:
274.932, 270.352
152.655, 20.0526
259.722, 117.923
Evaluation Time: 1.48517 seconds
Resulting Fitness: 0.222222
-------------
Particle: 6:
Relays Coordinates:
265.981, 245.775
131.945, 20.2581
246.16, 107.461
Evaluation Time: 1.3498 seconds
Resulting Fitness: 0.25
-------------
Particle: 7:
Relays Coordinates:
254.519, 271.697
144.999, 21.2555
253.199, 127.279
Evaluation Time: 1.41415 seconds
Resulting Fitness: 0.216667
-------------
Particle: 8:
Relays Coordinates:
170.743, 198.996
130.825, 16.904
241.219, 104.755
Evaluation Time: 1.30738 seconds
Resulting Fitness: 0.216667
-------------
Particle: 9:
Relays Coordinates:
147.782, 171.862
81.0104, 35.4864
132.178, 174.339
Evaluation Time: 1.07761 seconds
Resulting Fitness: 0.111111
-------------
Particle: 10:
Relays Coordinates:
242.838, 250.852
134.811, 15.2009
231.579, 109.097
Evaluation Time: 1.36311 seconds
Resulting Fitness: 0.252778
New local best!
-------------
Particle: 11:
Relays Coordinates:
223.782, 157.309
130.768, 49.4277
143.347, 55.1198
Evaluation Time: 1.22078 seconds
Resulting Fitness: 0.147222
-------------
Particle: 12:
Relays Coordinates:
284.462, 214.927
121.941, 19.5355
242.887, 108.485
Evaluation Time: 1.32301 seconds
Resulting Fitness: 0.205556
-------------
Particle: 13:
Relays Coordinates:
204.993, 240.895
128.272, 18.8654
246.747, 111.223
Evaluation Time: 1.34629 seconds
Resulting Fitness: 0.216667
-------------
Particle: 14:
Relays Coordinates:
210.345, 160.14
97.6455, 64.8245
195.237, 185.227
Evaluation Time: 1.23881 seconds
Resulting Fitness: 0.141667
-------------
Particle: 15:
Relays Coordinates:
128.739, 94.4485
156.905, 19.5537
138.942, 52.8902
Evaluation Time: 1.0276 seconds
Resulting Fitness: 0.0583333
-------------
Particle: 16:
Relays Coordinates:
176.728, 219.463
99.0012, 18.3068
204.301, 114.598
Evaluation Time: 1.48853 seconds
Resulting Fitness: 0.225
-------------
Particle: 17:
Relays Coordinates:
190.057, 219.55
105.555, 4.54648
208.486, 103.278
Evaluation Time: 1.33012 seconds
Resulting Fitness: 0.194444
-------------
Particle: 18:
Relays Coordinates:
261.912, 239.389
135.846, 16.2788
239.719, 95.1285
Evaluation Time: 1.44402 seconds
Resulting Fitness: 0.272222
New local best!
New global best!
-------------
Particle: 19:
Relays Coordinates:
215.99, 222.532
109.792, 16.0449
218.045, 109.892
Evaluation Time: 1.34205 seconds
Resulting Fitness: 0.205556
-------------
Particle: 20:
Relays Coordinates:
91.8852, 192.46
95.4456, 13.198
210.316, 94.4591
Evaluation Time: 1.19978 seconds
Resulting Fitness: 0.175
Current global best fitness: 0.272222
Current global best relays: 261.912, 239.389
135.846, 16.2788
239.719, 95.1285
Particle 1 new velocities: 158.549, 123.758
52.677, 12.7271
114.211, 25.1258
Particle 2 new velocities: 173.514, 146.159
89.4994, 9.77701
147.417, 55.0509
Particle 3 new velocities: 91.0012, 63.7154
52.0111, 5.50809
73.97, 18.6179
Particle 4 new velocities: 60.79, 26.8502
19.2182, 0.399575
75.3604, 37.9251
Particle 5 new velocities: 15.0534, -7.64547
-11.3513, -3.01474
-26.8312, 11.6045
Particle 6 new velocities: 15.3188, 24.7404
4.36055, -2.43218
-4.77895, -5.25691
Particle 7 new velocities: 66.9941, 25.9904
27.5683, -0.505644
35.5354, -11.703
Particle 8 new velocities: 127.11, 120.519
54.6405, 7.41661
123.858, 52.8824
Particle 9 new velocities: 291.791, 312.71
181.013, 64.5797
303.461, 59.7644
Particle 10 new velocities: 67.156, 64.9262
32.8142, 1.19543
44.2012, 11.3144
Particle 11 new velocities: 79.7786, 17.5955
27.2125, 12.6131
35.0789, 31.3139
Particle 12 new velocities: 50.2818, 105.743
41.0189, 0.964975
53.6132, 27.5202
Particle 13 new velocities: 158.649, 74.5719
54.3213, 8.92167
85.3166, 38.1443
Particle 14 new velocities: 279.596, 213.128
145.239, 168.479
317.914, 154.804
Particle 15 new velocities: 281.35, 190.643
167.866, 57.2848
328.093, 130.364
Particle 16 new velocities: 165.519, 122.396
98.8213, 14.3394
176.936, 209.125
Particle 17 new velocities: 115.44, 196.536
85.8763, 7.40581
168.311, 57.7656
Particle 18 new velocities: 124.954, 95.3149
49.7404, 5.28243
100.343, 39.0077
Particle 19 new velocities: 115.087, 92.2454
47.4044, 4.75157
91.2405, 26.9077
Particle 20 new velocities: 171.185, 116.119
64.698, 8.61422
122.176, 31.6697
-- ITERATION 12 --
-------------
Particle: 1:
Relays Coordinates:
253.469, 250.561
146.779, 24.9674
274.534, 100.701
Evaluation Time: 1.4024 seconds
Resulting Fitness: 0.266667
New local best!
-------------
Particle: 2:
Relays Coordinates:
271.702, 248.201
133.816, 18.1003
248.964, 102.463
Evaluation Time: 1.43973 seconds
Resulting Fitness: 0.272222
New local best!
-------------
Particle: 3:
Relays Coordinates:
253.362, 233.102
141.684, 15.325
239.333, 96.2103
Evaluation Time: 1.40376 seconds
Resulting Fitness: 0.272222
New local best!
-------------
Particle: 4:
Relays Coordinates:
208.013, 210.91
92.1524, 13.4913
194.494, 127.231
Evaluation Time: 1.32858 seconds
Resulting Fitness: 0.177778
-------------
Particle: 5:
Relays Coordinates:
289.986, 262.706
141.304, 17.0379
232.891, 129.528
Evaluation Time: 1.33057 seconds
Resulting Fitness: 0.213889
-------------
Particle: 6:
Relays Coordinates:
227.853, 219.118
110.408, 14.439
195.519, 82.7853
Evaluation Time: 1.27818 seconds
Resulting Fitness: 0.147222
-------------
Particle: 7:
Relays Coordinates:
260.426, 241.127
139.78, 16.8074
233.875, 93.6163
Evaluation Time: 1.42727 seconds
Resulting Fitness: 0.266667
New local best!
-------------
Particle: 8:
Relays Coordinates:
195.422, 209.634
121.684, 15.9568
239.527, 103.426
Evaluation Time: 1.33353 seconds
Resulting Fitness: 0.211111
-------------
Particle: 9:
Relays Coordinates:
233.607, 257.521
139.25, 53.1792
231.517, 124.412
Evaluation Time: 1.42152 seconds
Resulting Fitness: 0.219444
New local best!
-------------
Particle: 10:
Relays Coordinates:
225.986, 230.203
122.198, 11.9529
201.044, 87.7799
Evaluation Time: 1.32517 seconds
Resulting Fitness: 0.175
-------------
Particle: 11:
Relays Coordinates:
273.204, 157.414
142.183, 55.8367
160.583, 77.7904
Evaluation Time: 1.45134 seconds
Resulting Fitness: 0.122222
-------------
Particle: 12:
Relays Coordinates:
271.143, 259.743
131.998, 16.6054
240.165, 110.164
Evaluation Time: 1.35278 seconds
Resulting Fitness: 0.233333
-------------
Particle: 13:
Relays Coordinates:
265.095, 229.975
133.111, 20.2568
242.075, 108.889
Evaluation Time: 1.40921 seconds
Resulting Fitness: 0.244444
New local best!
-------------
Particle: 14:
Relays Coordinates:
210.903, 160.68
104.554, 100.43
215.234, 146.372
Evaluation Time: 1.19727 seconds
Resulting Fitness: 0.133333
-------------
Particle: 15:
Relays Coordinates:
176.53, 122.723
139.804, 33.0765
201.044, 78.8848
Evaluation Time: 1.17566 seconds
Resulting Fitness: 0.125
-------------
Particle: 16:
Relays Coordinates:
147.326, 147.159
85.1561, 14.0531
164.11, 139.352
Evaluation Time: 1.15213 seconds
Resulting Fitness: 0.130556
-------------
Particle: 17:
Relays Coordinates:
162.354, 221.125
101.734, 6.35194
200.245, 85.5851
Evaluation Time: 1.33376 seconds
Resulting Fitness: 0.191667
-------------
Particle: 18:
Relays Coordinates:
282.025, 243.999
135.293, 15.7182
247.905, 97.7853
Evaluation Time: 1.40157 seconds
Resulting Fitness: 0.272222
-------------
Particle: 19:
Relays Coordinates:
268.172, 254.97
127.329, 16.8451
250.522, 110.808
Evaluation Time: 1.46574 seconds
Resulting Fitness: 0.238889
New local best!
-------------
Particle: 20:
Relays Coordinates:
191.779, 224.954
116.745, 15.9011
242.386, 91.9479
Evaluation Time: 1.30013 seconds
Resulting Fitness: 0.238889
Current global best fitness: 0.272222
Current global best relays: 261.912, 239.389
135.846, 16.2788
239.719, 95.1285
Particle 1 new velocities: 132.158, 88.8586
41.4616, 1.25803
62.7503, 18.8901
Particle 2 new velocities: 133.226, 105.789
72.2071, 7.2776
107.222, 36.5093
Particle 3 new velocities: 79.3335, 56.7259
37.8203, 4.93155
59.5454, 14.354
Particle 4 new velocities: 121.265, 107.634
55.603, 3.84858
115.308, 32.3005
Particle 5 new velocities: -56.1041, -20.6363
-13.3523, -2.4531
-53.8389, -37.023
Particle 6 new velocities: 98.02, 49.6574
71.9047, 2.12744
67.9571, 27.4315
Particle 7 new velocities: 53.6153, 18.9692
19.1431, -0.701221
32.4069, -8.17083
Particle 8 new velocities: 120.319, 101.023
60.7926, 6.24512
100.774, 36.5232
Particle 9 new velocities: 244.185, 249.47
144.785, 12.2842
251.682, 29.7261
Particle 10 new velocities: 101.321, 61.4966
49.3459, 5.4663
112.027, 49.7688
Particle 11 new velocities: 9.01889, 31.7052
-184.649, 74.4939
30.8776, 17.3899
Particle 12 new velocities: 6.79491, 50.1893
42.2526, 1.32585
47.2325, 23.9955
Particle 13 new velocities: 123.551, 63.7363
44.2849, 5.41645
67.9169, 13.0667
Particle 14 new velocities: 236.773, 134.161
325.056, 117.864
80.9457, 131.952
Particle 15 new velocities: 241.283, 162.864
263.753, 37.0494
307.204, 118.291
Particle 16 new velocities: 180.483, 172.019
114.56, 19.4161
153.47, 160.343
Particle 17 new velocities: 252.737, 208.8
104.953, 5.69554
146.411, 81.8287
Particle 18 new velocities: 72.1868, 67.0404
41.1024, 5.09668
70.4281, 27.8999
Particle 19 new velocities: 88.3002, 68.6438
46.2737, 3.68332
66.9426, 3.51172
Particle 20 new velocities: 209.884, 107.098
58.041, 2.00669
74.6627, 48.2024
-- ITERATION 13 --
-------------
Particle: 1:
Relays Coordinates:
253.01, 222.693
123.505, 17.2065
221.292, 78.4639
Evaluation Time: 1.36079 seconds
Resulting Fitness: 0.211111
-------------
Particle: 2:
Relays Coordinates:
265.673, 232.252
135.172, 16.6505
233.694, 91.1795
Evaluation Time: 1.38802 seconds
Resulting Fitness: 0.261111
-------------
Particle: 3:
Relays Coordinates:
269.483, 234.761
145.398, 16.4078
242.091, 89.5571
Evaluation Time: 1.42713 seconds
Resulting Fitness: 0.247222
-------------
Particle: 4:
Relays Coordinates:
216.039, 208.996
96.9423, 11.3767
203.261, 104.669
Evaluation Time: 1.30553 seconds
Resulting Fitness: 0.172222
-------------
Particle: 5:
Relays Coordinates:
210.493, 217.863
115.156, 13.1263
161.147, 83.2543
Evaluation Time: 1.27531 seconds
Resulting Fitness: 0.130556
-------------
Particle: 6:
Relays Coordinates:
263.957, 217.708
147.673, 13.4188
213.415, 89.2756
Evaluation Time: 1.27684 seconds
Resulting Fitness: 0.163889
-------------
Particle: 7:
Relays Coordinates:
254.373, 210.678
128.727, 13.046
215.688, 69.2108
Evaluation Time: 1.25583 seconds
Resulting Fitness: 0.172222
-------------
Particle: 8:
Relays Coordinates:
230.175, 226.469
133.025, 16.1852
248.079, 102.023
Evaluation Time: 1.28205 seconds
Resulting Fitness: 0.227778
-------------
Particle: 9:
Relays Coordinates:
205.674, 215.234
122.268, 28.1799
208.001, 66.3515
Evaluation Time: 1.24873 seconds
Resulting Fitness: 0.163889
-------------
Particle: 10:
Relays Coordinates:
265.119, 236.276
138.951, 14.1096
253.588, 111.414
Evaluation Time: 1.41079 seconds
Resulting Fitness: 0.247222
-------------
Particle: 11:
Relays Coordinates:
205.741, 137.868
0, 95.011
139.575, 69.3864
Evaluation Time: 1.1843 seconds
Resulting Fitness: 0.147222
-------------
Particle: 12:
Relays Coordinates:
225.129, 251.045
141.143, 14.5243
232.792, 108.669
Evaluation Time: 1.38243 seconds
Resulting Fitness: 0.25
-------------
Particle: 13:
Relays Coordinates:
314.803, 237.906
143.69, 20.7953
251.093, 98.7839
Evaluation Time: 1.49428 seconds
Resulting Fitness: 0.227778
-------------
Particle: 14:
Relays Coordinates:
156.095, 102.805
149.796, 76.1144
103.271, 97.0456
Evaluation Time: 1.0893 seconds
Resulting Fitness: 0.0666667
-------------
Particle: 15:
Relays Coordinates:
145.682, 99.5781
140.711, 24.4514
174.339, 68.7508
Evaluation Time: 1.08594 seconds
Resulting Fitness: 0.0777778
-------------
Particle: 16:
Relays Coordinates:
174.211, 169.624
106.138, 17.7869
168.775, 159.27
Evaluation Time: 1.14559 seconds
Resulting Fitness: 0.122222
-------------
Particle: 17:
Relays Coordinates:
220.596, 228.48
109.842, 6.40252
184.228, 88.9706
Evaluation Time: 1.22113 seconds
Resulting Fitness: 0.155556
-------------
Particle: 18:
Relays Coordinates:
286.911, 251.942
142.88, 16.86
257.85, 101.805
Evaluation Time: 1.38944 seconds
Resulting Fitness: 0.238889
-------------
Particle: 19:
Relays Coordinates:
233.882, 212.323
113.901, 13.4687
208.288, 75.0048
Evaluation Time: 1.27075 seconds
Resulting Fitness: 0.172222
-------------
Particle: 20:
Relays Coordinates:
292.812, 242.066
127.419, 13.0548
231.129, 102.17
Evaluation Time: 1.40268 seconds
Resulting Fitness: 0.261111
New local best!
Current global best fitness: 0.272222
Current global best relays: 261.912, 239.389
135.846, 16.2788
239.719, 95.1285
Particle 1 new velocities: 107.177, 115.879
37.0573, 7.45636
127.22, 36.3402
Particle 2 new velocities: 110.844, 96.7071
57.303, 5.90375
105.234, 43.3661
Particle 3 new velocities: 28.1016, 47.323
17.5925, 2.10118
43.5505, 28.791
Particle 4 new velocities: 112.686, 186.961
54.0326, 16.1107
92.5624, 54.4878
Particle 5 new velocities: 39.722, 13.7849
12.991, 6.61612
41.2213, -3.562
Particle 6 new velocities: 77.059, 69.1691
42.2247, 12.0297
60.6923, 53.4908
Particle 7 new velocities: 61.0412, 51.9764
32.4375, 5.15555
60.9748, 20.0903
Particle 8 new velocities: 87.7141, 73.9197
40.7009, 0.243321
66.8164, 25.8845
Particle 9 new velocities: 225.343, 61.3137
132.675, 18.8165
247.25, 81.974
Particle 10 new velocities: 55.1739, 76.9851
35.6354, 6.67495
76.1734, 14.9999
Particle 11 new velocities: 99.5829, 42.1327
102.154, -19.2988
51.4897, 16.5811
Particle 12 new velocities: 75.3043, 19.4277
31.4124, 4.0376
46.8934, 9.65061
Particle 13 new velocities: 46.3801, 41.3785
22.5307, -0.296123
40.7974, 15.8766
Particle 14 new velocities: 179.46, 203.27
372.676, 103.978
373.136, 275.103
Particle 15 new velocities: 206.866, 120.957
445.972, 27.5261
133.814, 131.905
Particle 16 new velocities: 118.282, 170.828
96.458, 16.4584
221.803, 135.916
Particle 17 new velocities: 192.326, 219.477
109.117, 12.9429
175.698, 98.3775
Particle 18 new velocities: 5.75093, 33.3073
24.2426, 3.3018
43.6262, 12.2183
Particle 19 new velocities: 145.679, 82.4705
63.0067, 7.22959
121.554, 19.9255
Particle 20 new velocities: 164.674, 83.0725
56.5229, 5.34254
68.7847, 33.0069
-- ITERATION 14 --
-------------
Particle: 1:
Relays Coordinates:
236.319, 222.137
105.345, 16.1813
228.659, 75.323
Evaluation Time: 1.28768 seconds
Resulting Fitness: 0.188889
-------------
Particle: 2:
Relays Coordinates:
274.481, 239.812
140.314, 16.442
247.078, 98.0838
Evaluation Time: 1.3703 seconds
Resulting Fitness: 0.275
New local best!
New global best!
-------------
Particle: 3:
Relays Coordinates:
267.826, 253.875
146.692, 16.6581
257.078, 106.513
Evaluation Time: 1.37943 seconds
Resulting Fitness: 0.230556
-------------
Particle: 4:
Relays Coordinates:
194.109, 233.809
89.1491, 16.231
174.681, 93.9803
Evaluation Time: 1.2472 seconds
Resulting Fitness: 0.152778
-------------
Particle: 5:
Relays Coordinates:
225.194, 208.483
115.333, 17.7682
182.131, 71.7231
Evaluation Time: 1.22381 seconds
Resulting Fitness: 0.122222
-------------
Particle: 6:
Relays Coordinates:
248.601, 209.133
138.435, 18.552
199.824, 104.077
Evaluation Time: 1.28354 seconds
Resulting Fitness: 0.175
-------------
Particle: 7:
Relays Coordinates:
255.486, 212.75
130.544, 14.7432
224.097, 72.3339
Evaluation Time: 1.29548 seconds
Resulting Fitness: 0.177778
-------------
Particle: 8:
Relays Coordinates:
257.49, 243.315
140.718, 13.3071
255.065, 103.605
Evaluation Time: 1.38657 seconds
Resulting Fitness: 0.261111
New local best!
-------------
Particle: 9:
Relays Coordinates:
254.511, 163.298
150.541, 27.7509
268.821, 87.5847
Evaluation Time: 1.22011 seconds
Resulting Fitness: 0.15
-------------
Particle: 10:
Relays Coordinates:
259.437, 253.742
141.415, 16.8355
267.106, 102.396
Evaluation Time: 1.39828 seconds
Resulting Fitness: 0.261111
New local best!
-------------
Particle: 11:
Relays Coordinates:
305.324, 180.001
102.154, 75.7122
191.065, 85.9675
Evaluation Time: 1.30631 seconds
Resulting Fitness: 0.166667
-------------
Particle: 12:
Relays Coordinates:
243.351, 219.083
139.77, 15.0351
226.545, 95.839
Evaluation Time: 1.31453 seconds
Resulting Fitness: 0.205556
-------------
Particle: 13:
Relays Coordinates:
292.559, 226.221
134.639, 16.6043
236.431, 92.875
Evaluation Time: 1.40379 seconds
Resulting Fitness: 0.238889
-------------
Particle: 14:
Relays Coordinates:
105.301, 96.0496
156.905, 56.5149
149.502, 116.784
Evaluation Time: 1.06364 seconds
Resulting Fitness: 0.0833333
-------------
Particle: 15:
Relays Coordinates:
136.584, 85.4397
193.71, 20.1371
119.385, 77.7382
Evaluation Time: 1.04226 seconds
Resulting Fitness: 0.1
-------------
Particle: 16:
Relays Coordinates:
139.899, 162.837
96.9008, 16.3794
186.812, 141.187
Evaluation Time: 1.16017 seconds
Resulting Fitness: 0.138889
-------------
Particle: 17:
Relays Coordinates:
219.444, 238.063
116.364, 10.281
191.279, 99.5644
Evaluation Time: 1.33016 seconds
Resulting Fitness: 0.161111
-------------
Particle: 18:
Relays Coordinates:
263.396, 256.724
150.41, 18.1456
271.328, 102.621
Evaluation Time: 1.42791 seconds
Resulting Fitness: 0.269444
-------------
Particle: 19:
Relays Coordinates:
276.7, 214.904
128.966, 15.0891
240.455, 69.2042
Evaluation Time: 1.3069 seconds
Resulting Fitness: 0.213889
-------------
Particle: 20:
Relays Coordinates:
270.141, 191.991
108.616, 10.8634
177.096, 79.8203
Evaluation Time: 1.22962 seconds
Resulting Fitness: 0.108333
Current global best fitness: 0.275
Current global best relays: 274.481, 239.812
140.314, 16.442
247.078, 98.0838
Particle 1 new velocities: 98.8432, 144.937
88.3323, 10.665
167.646, 67.3572
Particle 2 new velocities: 88.6755, 77.3657
45.8424, 4.723
84.1871, 34.6929
Particle 3 new velocities: 0.135849, 11.9347
0.368084, 0.913689
23.2298, 7.72369
Particle 4 new velocities: 161.489, 166.958
67.768, 16.2078
126.558, 66.7404
Particle 5 new velocities: 103.381, 68.1544
49.2828, 4.27881
64.8418, 18.9425
Particle 6 new velocities: 93.9615, 72.5526
23.7256, 9.48034
146.197, 39.723
Particle 7 new velocities: 74.3737, 65.2009
31.6529, 7.09904
67.0579, 38.1939
Particle 8 new velocities: 89.1974, 54.5877
32.5567, 3.33724
49.5276, 19.3939
Particle 9 new velocities: 182.275, 123.241
93.6816, 39.4438
137.664, 96.7972
Particle 10 new velocities: 54.8866, 59.2601
28.0337, 5.05849
38.1613, 7.77744
Particle 11 new velocities: 32.9939, -18.4085
-54.6533, 20.7164
58.5203, -5.92048
Particle 12 new velocities: 109.218, 23.5224
25.0049, 9.86395
57.3496, 39.0572
Particle 13 new velocities: 16.0407, 40.5768
20.8728, 0.175872
43.6845, 18.2353
Particle 14 new velocities: 285.218, 303.725
70.1383, 171.859
480.501, 223.957
Particle 15 new velocities: 300.796, 159.071
85.2577, 45.3159
197.599, 120.152
Particle 16 new velocities: 185.498, 204.622
70.6212, 19.1566
254.566, 103.444
Particle 17 new velocities: 162.444, 190.147
99.9013, 7.69266
228.004, 97.4567
Particle 18 new velocities: 11.9995, 9.41573
-13.6774, 0.780545
-4.58813, -6.31393
Particle 19 new velocities: 110.337, 128.542
60.496, 7.58996
113.095, 104.63
Particle 20 new velocities: 155.785, 104.214
62.9947, 14.1476
125.738, 58.6629
-- ITERATION 15 --
-------------
Particle: 1:
Relays Coordinates:
219.9, 240.837
127.072, 17.6139
260.015, 93.6125
Evaluation Time: 1.35524 seconds
Resulting Fitness: 0.216667
-------------
Particle: 2:
Relays Coordinates:
294.157, 256.914
150.787, 17.1437
268.325, 107.549
Evaluation Time: 1.42491 seconds
Resulting Fitness: 0.263889
-------------
Particle: 3:
Relays Coordinates:
241.166, 239.229
132.354, 15.8146
252.277, 102.813
Evaluation Time: 1.4126 seconds
Resulting Fitness: 0.252778
-------------
Particle: 4:
Relays Coordinates:
209.977, 236.649
92.658, 19.1548
177.878, 94.904
Evaluation Time: 1.24932 seconds
Resulting Fitness: 0.161111
-------------
Particle: 5:
Relays Coordinates:
239.531, 201.669
120.005, 16.0723
180.043, 66.0952
Evaluation Time: 1.23482 seconds
Resulting Fitness: 0.119444
-------------
Particle: 6:
Relays Coordinates:
224.755, 184.814
106.394, 18.392
227.025, 94.347
Evaluation Time: 1.24954 seconds
Resulting Fitness: 0.191667
-------------
Particle: 7:
Relays Coordinates:
296.874, 250.156
145.977, 19.658
262.04, 99.475
Evaluation Time: 1.62437 seconds
Resulting Fitness: 0.244444
-------------
Particle: 8:
Relays Coordinates:
280.817, 241.301
140.353, 13.4819
246.72, 99.6289
Evaluation Time: 1.42345 seconds
Resulting Fitness: 0.252778
-------------
Particle: 9:
Relays Coordinates:
257.918, 169.199
144.211, 39.6778
240.026, 108.876
Evaluation Time: 1.2423 seconds
Resulting Fitness: 0.144444
-------------
Particle: 10:
Relays Coordinates:
229.142, 228.178
123.528, 15.9607
222.54, 80.3161
Evaluation Time: 1.29887 seconds
Resulting Fitness: 0.2
-------------
Particle: 11:
Relays Coordinates:
246.633, 117.801
34.6282, 70.2964
181.947, 58.3543
Evaluation Time: 1.1909 seconds
Resulting Fitness: 0.144444
-------------
Particle: 12:
Relays Coordinates:
317.313, 218.345
148.297, 22.4092
255.505, 121.407
Evaluation Time: 1.38179 seconds
Resulting Fitness: 0.225
-------------
Particle: 13:
Relays Coordinates:
277.739, 240.118
139.961, 15.1022
252.104, 99.9993
Evaluation Time: 1.37222 seconds
Resulting Fitness: 0.252778
New local best!
-------------
Particle: 14:
Relays Coordinates:
186.784, 191.211
108.594, 109.23
239.148, 162.975
Evaluation Time: 1.2944 seconds
Resulting Fitness: 0.177778
New local best!
-------------
Particle: 15:
Relays Coordinates:
232.442, 129.943
148.255, 34.7844
168.458, 105.167
Evaluation Time: 1.20102 seconds
Resulting Fitness: 0.0972222
-------------
Particle: 16:
Relays Coordinates:
140.073, 158.179
72.1127, 15.2971
189.999, 105.306
Evaluation Time: 1.15674 seconds
Resulting Fitness: 0.127778
-------------
Particle: 17:
Relays Coordinates:
202.951, 227.568
114.932, 9.55192
222.824, 104.705
Evaluation Time: 1.3225 seconds
Resulting Fitness: 0.225
New local best!
-------------
Particle: 18:
Relays Coordinates:
247.856, 239.526
123.06, 17.0336
240.066, 86.6764
Evaluation Time: 1.39311 seconds
Resulting Fitness: 0.247222
-------------
Particle: 19:
Relays Coordinates:
253.935, 225.335
124.306, 14.8797
231.964, 114.053
Evaluation Time: 1.32989 seconds
Resulting Fitness: 0.225
-------------
Particle: 20:
Relays Coordinates:
310.5, 215.934
125.104, 18.2331
220.766, 100.954
Evaluation Time: 1.35981 seconds
Resulting Fitness: 0.227778
Current global best fitness: 0.275
Current global best relays: 274.481, 239.812
140.314, 16.442
247.078, 98.0838
Particle 1 new velocities: 147.985, 126.619
85.1326, 13.663
133.817, 64.3748
Particle 2 new velocities: 21.2191, 43.8733
11.6984, 2.94693
21.5026, 17.389
Particle 3 new velocities: 14.6595, 2.83162
11.3094, 0.343781
9.12887, -1.03225
Particle 4 new velocities: 203.561, 174.06
61.8157, 9.74349
142.804, 77.7389
Particle 5 new velocities: 148.348, 62.7943
71.4316, 4.53106
117.739, 119.749
Particle 6 new velocities: 112.432, 82.1852
86.9541, 6.56056
121.803, 45.0174
Particle 7 new velocities: 7.30275, 42.6076
16.2042, 0.796897
10.6601, 23.8651
Particle 8 new velocities: 66.9353, 43.5351
26.2142, 5.134
44.6941, 16.427
Particle 9 new velocities: 139.172, 279.796
63.2878, 20.1764
112.794, 80.6737
Particle 10 new velocities: 89.4994, 75.9418
24.2959, 5.57729
63.8588, 37.921
Particle 11 new velocities: 30.7818, 137.303
41.1015, 44.2774
105.906, 30.3104
Particle 12 new velocities: -4.50881, 39.5998
4.23501, 6.58664
44.3482, 0.803035
Particle 13 new velocities: 9.71691, 32.0939
16.7293, 0.211978
29.4829, 12.8581
Particle 14 new velocities: 305.208, 272.645
94.0364, 91.2507
0.270794, 156.454
Particle 15 new velocities: 140.247, 111.714
160.47, 24.722
528.338, 81.1694
Particle 16 new velocities: 262.069, 225.67
82.2883, 17.2545
273.24, 245.483
Particle 17 new velocities: 177.775, 161.549
92.5807, 7.15397
201.817, 76.5781
Particle 18 new velocities: 48.8854, 7.552
16.1823, -0.10085
-1.21552, 8.04185
Particle 19 new velocities: 115.351, 139.68
68.3527, 7.4595
119.088, 65.5623
Particle 20 new velocities: 84.796, 111.622
62.9274, 2.33968
119.748, 45.0238
-- ITERATION 16 --
-------------
Particle: 1:
Relays Coordinates:
241.369, 241.088
139.227, 20.5207
258.393, 103.655
Evaluation Time: 1.37061 seconds
Resulting Fitness: 0.263889
-------------
Particle: 2:
Relays Coordinates:
255.455, 243.637
131.613, 16.2734
234.76, 101.2
Evaluation Time: 1.36399 seconds
Resulting Fitness: 0.258333
-------------
Particle: 3:
Relays Coordinates:
255.826, 242.061
143.663, 16.1584
261.406, 101.781
Evaluation Time: 1.36442 seconds
Resulting Fitness: 0.238889
-------------
Particle: 4:
Relays Coordinates:
244.19, 242.519
91.2152, 17.0642
189.36, 101.944
Evaluation Time: 1.32717 seconds
Resulting Fitness: 0.188889
-------------
Particle: 5:
Relays Coordinates:
282.764, 192.794
139.557, 15.0198
217.083, 135.481
Evaluation Time: 1.24405 seconds
Resulting Fitness: 0.152778
-------------
Particle: 6:
Relays Coordinates:
245.81, 194.642
140.951, 18.1904
254.295, 101.597
Evaluation Time: 1.27048 seconds
Resulting Fitness: 0.208333
-------------
Particle: 7:
Relays Coordinates:
246.383, 237.138
131.367, 16.5685
220.887, 99.9055
Evaluation Time: 1.35414 seconds
Resulting Fitness: 0.255556
-------------
Particle: 8:
Relays Coordinates:
281.679, 230.717
134.919, 15.0789
236.046, 94.0053
Evaluation Time: 1.39868 seconds
Resulting Fitness: 0.266667
New local best!
-------------
Particle: 9:
Relays Coordinates:
211.03, 238.614
110.274, 31.8089
187.503, 100.734
Evaluation Time: 1.29329 seconds
Resulting Fitness: 0.166667
-------------
Particle: 10:
Relays Coordinates:
258.099, 246.337
119.737, 17.4458
231.983, 95.7721
Evaluation Time: 1.39771 seconds
Resulting Fitness: 0.258333
-------------
Particle: 11:
Relays Coordinates:
182.012, 167.374
49.6863, 75.1719
188.861, 58.1729
Evaluation Time: 1.19528 seconds
Resulting Fitness: 0.130556
-------------
Particle: 12:
Relays Coordinates:
253.371, 208.935
123.551, 23.4866
242.881, 98.9898
Evaluation Time: 1.31542 seconds
Resulting Fitness: 0.211111
-------------
Particle: 13:
Relays Coordinates:
258.711, 244.99
141.021, 13.7828
253.428, 101.572
Evaluation Time: 1.36923 seconds
Resulting Fitness: 0.252778
-------------
Particle: 14:
Relays Coordinates:
261.465, 246.512
107.686, 106.544
127.237, 169.758
Evaluation Time: 1.26677 seconds
Resulting Fitness: 0.130556
-------------
Particle: 15:
Relays Coordinates:
178.256, 115.584
147.662, 28.4617
239.148, 89.1242
Evaluation Time: 1.18156 seconds
Resulting Fitness: 0.133333
-------------
Particle: 16:
Relays Coordinates:
140.218, 133.84
53.8363, 11.35
161.521, 122.312
Evaluation Time: 1.11408 seconds
Resulting Fitness: 0.111111
-------------
Particle: 17:
Relays Coordinates:
202.333, 206.793
110.281, 8.87819
225.672, 96.3413
Evaluation Time: 1.27406 seconds
Resulting Fitness: 0.2
-------------
Particle: 18:
Relays Coordinates:
267.067, 222.37
125.318, 15.2394
214.966, 85.2464
Evaluation Time: 1.35678 seconds
Resulting Fitness: 0.205556
-------------
Particle: 19:
Relays Coordinates:
242.289, 239.486
126.403, 14.6568
230.325, 117.846
Evaluation Time: 1.3485 seconds
Resulting Fitness: 0.241667
New local best!
-------------
Particle: 20:
Relays Coordinates:
288.171, 238.788
137.075, 14.9975
248.234, 106.418
Evaluation Time: 1.38916 seconds
Resulting Fitness: 0.25
Current global best fitness: 0.275
Current global best relays: 274.481, 239.812
140.314, 16.442
247.078, 98.0838
Particle 1 new velocities: 168.35, 116.097
69.6588, 12.344
129.01, 46.9832
Particle 2 new velocities: 31.403, 32.6592
32.3118, 2.64283
31.2113, 9.35837
Particle 3 new velocities: 26.8299, -2.09287
6.16945, -0.168678
-39.5258, -4.78161
Particle 4 new velocities: 163.54, 161.696
111.62, 8.93827
116.452, 120.079
Particle 5 new velocities: 94.9307, 124.542
55.2344, 5.15681
126.156, 35.7966
Particle 6 new velocities: 130.385, 119.65
58.4029, 7.26706
48.1974, 35.7557
Particle 7 new velocities: 28.1709, 39.6374
29.5568, 0.839177
24.6816, 16.6224
Particle 8 new velocities: 49.9126, 40.4897
22.0698, 5.20093
43.3658, 13.9612
Particle 9 new velocities: 156.254, 237.852
92.9191, 2.92073
166.224, 83.754
Particle 10 new velocities: 75.1978, 64.8515
52.6918, 2.70454
98.447, 35.515
Particle 11 new velocities: 118.631, 130.529
49.5539, 17.2154
97.0987, 44.6629
Particle 12 new velocities: -4.87446, 114.545
15.7249, -2.41991
54.4778, 9.9273
Particle 13 new velocities: 44.3553, 18.9289
11.9713, 0.441791
14.3757, 9.83479
Particle 14 new velocities: 210.018, 173.476
111.225, 67.9425
203.597, 82.8358
Particle 15 new velocities: 101.497, 131.3
306.803, 9.19173
176.027, 54.5594
Particle 16 new velocities: 222.671, 330.136
179.068, 25.7612
297.966, 313.83
Particle 17 new velocities: 232.95, 173.122
92.4112, 9.38992
159.622, 74.0198
Particle 18 new velocities: 36.3711, 50.4168
43.8515, 1.97622
15.566, 25.2909
Particle 19 new velocities: 118.113, 112.051
72.1681, 6.07709
114.804, 40.0052
Particle 20 new velocities: 60.8486, 90.1666
42.3024, 1.41022
74.5972, 29.9007
-- ITERATION 17 --
-------------
Particle: 1:
Relays Coordinates:
268.817, 234.349
137.05, 21.5626
254.176, 98.834
Evaluation Time: 1.36233 seconds
Resulting Fitness: 0.255556
-------------
Particle: 2:
Relays Coordinates:
258.172, 248.667
147.532, 17.0246
239.374, 99.5024
Evaluation Time: 1.38635 seconds
Resulting Fitness: 0.230556
-------------
Particle: 3:
Relays Coordinates:
254.39, 215.971
134.849, 14.3907
199.692, 87.2995
Evaluation Time: 1.29255 seconds
Resulting Fitness: 0.158333
-------------
Particle: 4:
Relays Coordinates:
267.512, 265.206
133.08, 17.0602
200.643, 145.67
Evaluation Time: 1.35718 seconds
Resulting Fitness: 0.177778
-------------
Particle: 5:
Relays Coordinates:
275.339, 231.337
142.003, 14.7088
250.222, 124.861
Evaluation Time: 1.38899 seconds
Resulting Fitness: 0.230556
-------------
Particle: 6:
Relays Coordinates:
274.246, 229.119
145.329, 18.5585
220.517, 100.13
Evaluation Time: 1.36497 seconds
Resulting Fitness: 0.219444
-------------
Particle: 7:
Relays Coordinates:
247.098, 249.098
144.831, 15.6669
221.012, 104.875
Evaluation Time: 1.37372 seconds
Resulting Fitness: 0.233333
-------------
Particle: 8:
Relays Coordinates:
298.433, 244.086
141.29, 18.2518
251.47, 97.1699
Evaluation Time: 1.42069 seconds
Resulting Fitness: 0.25
-------------
Particle: 9:
Relays Coordinates:
175.671, 227.893
97.1864, 16.6111
169.186, 88.2402
Evaluation Time: 1.2356 seconds
Resulting Fitness: 0.15
-------------
Particle: 10:
Relays Coordinates:
242.974, 226.857
125.701, 14.6896
240.884, 95.7083
Evaluation Time: 1.38165 seconds
Resulting Fitness: 0.252778
-------------
Particle: 11:
Relays Coordinates:
219.169, 217.171
72.3461, 67.3504
208.465, 74.9673
Evaluation Time: 1.29375 seconds
Resulting Fitness: 0.155556
-------------
Particle: 12:
Relays Coordinates:
163.039, 212.235
91.379, 13.8219
195.097, 71.4605
Evaluation Time: 1.24576 seconds
Resulting Fitness: 0.152778
-------------
Particle: 13:
Relays Coordinates:
272.759, 237.527
137.693, 12.8021
241.024, 100.266
Evaluation Time: 1.38601 seconds
Resulting Fitness: 0.266667
New local best!
-------------
Particle: 14:
Relays Coordinates:
250.565, 223.199
116.339, 92.7293
175.819, 134.239
Evaluation Time: 1.31595 seconds
Resulting Fitness: 0.144444
-------------
Particle: 15:
Relays Coordinates:
108.382, 95.6478
176.069, 14.5877
160.848, 55.6659
Evaluation Time: 1.05821 seconds
Resulting Fitness: 0.0666667
-------------
Particle: 16:
Relays Coordinates:
113.878, 145.601
73.0879, 11.6459
144.192, 136.866
Evaluation Time: 1.09408 seconds
Resulting Fitness: 0.1
-------------
Particle: 17:
Relays Coordinates:
257.03, 224.336
119.688, 10.7871
227.512, 100.597
Evaluation Time: 1.3661 seconds
Resulting Fitness: 0.25
New local best!
-------------
Particle: 18:
Relays Coordinates:
245.785, 220.957
137.027, 13.9447
186.731, 89.5353
Evaluation Time: 1.30898 seconds
Resulting Fitness: 0.147222
-------------
Particle: 19:
Relays Coordinates:
262.733, 256.271
144.759, 15.115
251.599, 115.073
Evaluation Time: 1.40353 seconds
Resulting Fitness: 0.233333
-------------
Particle: 20:
Relays Coordinates:
254.435, 239.808
130.766, 11.9613
235.344, 99.3764
Evaluation Time: 1.36047 seconds
Resulting Fitness: 0.258333
Current global best fitness: 0.275
Current global best relays: 274.481, 239.812
140.314, 16.442
247.078, 98.0838
Particle 1 new velocities: 118.228, 115.043
71.3257, 8.40924
135.12, 39.1908
Particle 2 new velocities: 57.6994, 9.8925
18.8126, 1.34185
33.9164, 5.06063
Particle 3 new velocities: 30.6767, 30.9967
17.6748, 1.75395
66.286, 11.659
Particle 4 new velocities: 91.4179, 93.1368
76.5449, 6.74233
83.1829, 66.5036
Particle 5 new velocities: 61.3488, 109.157
36.0165, 6.55836
45.8074, 0.0152001
Particle 6 new velocities: 91.9997, 133.445
32.9003, 5.77819
41.6569, 27.6274
Particle 7 new velocities: 37.3539, 19.8446
14.411, 1.91837
49.0604, -10.9987
Particle 8 new velocities: 10.3008, 24.8042
9.14063, -1.53089
25.7494, 8.64661
Particle 9 new velocities: 278.977, 226.956
139.969, 50.8089
235.85, 107.596
Particle 10 new velocities: 100.178, 72.4027
77.3052, 6.98706
96.583, 33.4125
Particle 11 new velocities: 167.208, 22.4167
13.086, -9.10122
56.6552, 36.0357
Particle 12 new velocities: 155.974, 150.97
64.7534, 8.11861
153.709, 51.0528
Particle 13 new velocities: 35.9795, 17.5636
10.8636, 3.63797
14.9252, 5.43546
Particle 14 new velocities: 183.98, 100.117
95.1165, -24.5889
286.8, 74.6884
Particle 15 new velocities: 263.29, 186.108
381, 17.8009
171.411, 102.334
Particle 16 new velocities: 167.772, 335.47
166.446, 29.1183
316.436, 262.778
Particle 17 new velocities: 204.718, 154.169
90.3818, 7.62688
129.277, 56.4246
Particle 18 new velocities: 61.9259, 57.6974
36.2074, 3.19633
120.675, 29.0416
Particle 19 new velocities: 84.9995, 69.101
46.6445, 5.59111
70.8445, 17.7962
Particle 20 new velocities: 97.2321, 72.6694
32.0148, 6.7024
68.7575, 23.3874
-- ITERATION 18 --
-------------
Particle: 1:
Relays Coordinates:
282.156, 254.707
151.906, 21.8495
283.796, 100.62
Evaluation Time: 1.47681 seconds
Resulting Fitness: 0.258333
-------------
Particle: 2:
Relays Coordinates:
284.284, 232.703
149.71, 16.5298
245.962, 94.1068
Evaluation Time: 1.37892 seconds
Resulting Fitness: 0.227778
-------------
Particle: 3:
Relays Coordinates:
285.067, 246.968
152.524, 16.1447
265.978, 98.9585
Evaluation Time: 1.42663 seconds
Resulting Fitness: 0.238889
-------------
Particle: 4:
Relays Coordinates:
261.66, 261.232
152.816, 17.352
206.909, 154.674
Evaluation Time: 1.39916 seconds
Resulting Fitness: 0.163889
-------------
Particle: 5:
Relays Coordinates:
220.901, 223.398
116.799, 13.9534
194.225, 81.9313
Evaluation Time: 1.30415 seconds
Resulting Fitness: 0.152778
-------------
Particle: 6:
Relays Coordinates:
216.264, 214.091
105.242, 14.3706
154.811, 75.4394
Evaluation Time: 1.27386 seconds
Resulting Fitness: 0.122222
-------------
Particle: 7:
Relays Coordinates:
230.406, 217.844
128.986, 14.2441
218.758, 76.0399
Evaluation Time: 1.29688 seconds
Resulting Fitness: 0.175
-------------
Particle: 8:
Relays Coordinates:
277.86, 242.001
135.388, 15.0488
249.498, 95.2348
Evaluation Time: 1.41973 seconds
Resulting Fitness: 0.263889
-------------
Particle: 9:
Relays Coordinates:
241.619, 241.725
126.034, 35.8298
215.253, 104.075
Evaluation Time: 1.37143 seconds
Resulting Fitness: 0.227778
New local best!
-------------
Particle: 10:
Relays Coordinates:
250.158, 218.16
147.991, 15.8023
246.013, 94.1291
Evaluation Time: 1.2805 seconds
Resulting Fitness: 0.188889
-------------
Particle: 11:
Relays Coordinates:
312.965, 194.066
69.2, 47.1818
214.747, 89.9125
Evaluation Time: 1.36226 seconds
Resulting Fitness: 0.163889
-------------
Particle: 12:
Relays Coordinates:
188.374, 214.469
92.1946, 12.9556
205.967, 72.3429
Evaluation Time: 1.28521 seconds
Resulting Fitness: 0.172222
-------------
Particle: 13:
Relays Coordinates:
277.865, 229.582
133.701, 14.7961
230.354, 95.1311
Evaluation Time: 1.3971 seconds
Resulting Fitness: 0.255556
-------------
Particle: 14:
Relays Coordinates:
230.935, 171.823
112.376, 36.2126
245.855, 111.032
Evaluation Time: 1.26421 seconds
Resulting Fitness: 0.177778
-------------
Particle: 15:
Relays Coordinates:
143.993, 109.158
193.71, 12.548
128.724, 61.2125
Evaluation Time: 1.11587 seconds
Resulting Fitness: 0.1
-------------
Particle: 16:
Relays Coordinates:
98.2053, 167.739
83.5205, 14.2136
160.611, 139.347
Evaluation Time: 1.17786 seconds
Resulting Fitness: 0.152778
-------------
Particle: 17:
Relays Coordinates:
272.658, 223.504
124.044, 10.8733
210.68, 92.7194
Evaluation Time: 1.44992 seconds
Resulting Fitness: 0.2
-------------
Particle: 18:
Relays Coordinates:
249.246, 225.71
140.32, 13.8842
248.999, 96.0473
Evaluation Time: 1.37488 seconds
Resulting Fitness: 0.255556
-------------
Particle: 19:
Relays Coordinates:
253.497, 237.196
139.533, 15.0947
235.061, 96.8618
Evaluation Time: 1.33367 seconds
Resulting Fitness: 0.269444
New local best!
-------------
Particle: 20:
Relays Coordinates:
256.365, 227.796
118.667, 13.6058
221.69, 89.4948
Evaluation Time: 1.37639 seconds
Resulting Fitness: 0.227778
Current global best fitness: 0.275
Current global best relays: 274.481, 239.812
140.314, 16.442
247.078, 98.0838
Particle 1 new velocities: 68.5621, 85.1201
33.6786, 2.5979
65.0547, 30.8823
Particle 2 new velocities: 34.7233, 23.0217
3.24601, 0.896004
29.3039, 10.5727
Particle 3 new velocities: -28.1508, 10.8689
3.08703, 1.3757
18.9001, 7.60511
Particle 4 new velocities: 60.3251, 72.9634
-3.22193, 5.83931
51.2122, -9.41257
Particle 5 new velocities: 127.53, 115.712
63.7931, 9.2773
103.464, 49.4741
Particle 6 new velocities: 148.307, 133.927
52.4535, 13.4387
53.7779, 79.0891
Particle 7 new velocities: 89.2784, 77.2205
25.6082, 6.2005
86.192, 26.8367
Particle 8 new velocities: 13.1153, 10.6156
9.296, -0.81779
-3.25513, 9.81827
Particle 9 new velocities: 242.265, 181.196
126.208, 17.0143
229.766, 84.0526
Particle 10 new velocities: 85.2718, 97.3453
51.4628, 7.38848
94.2026, 31.9086
Particle 11 new velocities: -21.6042, -42.4648
37.4741, 84.2973
38.5085, 1.52243
Particle 12 new velocities: 204.37, 152.487
85.1196, 18.7217
168.63, 97.1744
Particle 13 new velocities: 19.7931, 28.3607
19.3471, 1.77474
30.4369, 11.8815
Particle 14 new velocities: 161.852, 112.688
105.032, -27.3682
223.561, 97.4237
Particle 15 new velocities: 257.913, 222.999
13.7504, 33.9566
363.515, 123.254
Particle 16 new velocities: 218.897, 284.066
194.842, 30.8497
256.869, 242.87
Particle 17 new velocities: 149.1, 136.028
72.8142, 13.0708
143.626, 55.2371
Particle 18 new velocities: 91.9023, 81.6806
23.2362, 8.07556
85.8468, 24.355
Particle 19 new velocities: 90.494, 56.5409
37.7219, 5.10956
58.1271, 15.3284
Particle 20 new velocities: 92.2346, 77.415
36.5299, 5.73888
83.9994, 22.6124
-- ITERATION 19 --
-------------
Particle: 1:
Relays Coordinates:
255.673, 247.734
135.291, 17.8221
254.312, 95.8653
Evaluation Time: 1.3654 seconds
Resulting Fitness: 0.255556
-------------
Particle: 2:
Relays Coordinates:
287.107, 230.153
137.661, 15.6832
247.739, 94.2115
Evaluation Time: 1.36022 seconds
Resulting Fitness: 0.258333
-------------
Particle: 3:
Relays Coordinates:
231.224, 232.053
140.05, 15.7683
256.39, 95.9072
Evaluation Time: 1.34987 seconds
Resulting Fitness: 0.213889
-------------
Particle: 4:
Relays Coordinates:
234.727, 243.628
109.054, 16.9065
188.171, 105.896
Evaluation Time: 1.37939 seconds
Resulting Fitness: 0.180556
-------------
Particle: 5:
Relays Coordinates:
228.606, 222.491
118.486, 15.2416
195.313, 86.2151
Evaluation Time: 1.28499 seconds
Resulting Fitness: 0.152778
-------------
Particle: 6:
Relays Coordinates:
215.276, 205.501
93.1179, 16.4211
123.17, 91.2475
Evaluation Time: 1.27923 seconds
Resulting Fitness: 0.138889
-------------
Particle: 7:
Relays Coordinates:
233.05, 215.102
112.699, 14.9041
222.309, 74.997
Evaluation Time: 1.26039 seconds
Resulting Fitness: 0.177778
-------------
Particle: 8:
Relays Coordinates:
290.975, 252.617
144.684, 14.231
246.243, 105.053
Evaluation Time: 1.39226 seconds
Resulting Fitness: 0.227778
-------------
Particle: 9:
Relays Coordinates:
285.729, 249.731
148.947, 31.2039
262.779, 111.088
Evaluation Time: 1.4178 seconds
Resulting Fitness: 0.247222
New local best!
-------------
Particle: 10:
Relays Coordinates:
244.528, 230.003
145.402, 16.9061
248.017, 91.8815
Evaluation Time: 1.32429 seconds
Resulting Fitness: 0.227778
-------------
Particle: 11:
Relays Coordinates:
262.225, 136.441
96.0066, 118.331
227.93, 82.2914
Evaluation Time: 1.27192 seconds
Resulting Fitness: 0.172222
-------------
Particle: 12:
Relays Coordinates:
231.911, 216.684
104.702, 18.7051
221.196, 100.098
Evaluation Time: 1.2843 seconds
Resulting Fitness: 0.208333
-------------
Particle: 13:
Relays Coordinates:
267.892, 232.148
137.743, 14.9137
234.712, 96.3114
Evaluation Time: 1.36814 seconds
Resulting Fitness: 0.261111
-------------
Particle: 14:
Relays Coordinates:
187.869, 136.081
103.986, 4.23025
224.52, 99.7039
Evaluation Time: 1.19478 seconds
Resulting Fitness: 0.180556
New local best!
-------------
Particle: 15:
Relays Coordinates:
192.231, 158.87
99.2278, 22.243
235.436, 88.2299
Evaluation Time: 1.25934 seconds
Resulting Fitness: 0.169444
New local best!
-------------
Particle: 16:
Relays Coordinates:
122.852, 175.038
107.843, 17.4584
161.74, 148.079
Evaluation Time: 1.15438 seconds
Resulting Fitness: 0.147222
-------------
Particle: 17:
Relays Coordinates:
276.715, 235.888
129.159, 15.7097
232.46, 97.0743
Evaluation Time: 1.43498 seconds
Resulting Fitness: 0.261111
New local best!
-------------
Particle: 18:
Relays Coordinates:
248.697, 224.088
119.232, 16.0087
244.102, 87.7733
Evaluation Time: 1.39713 seconds
Resulting Fitness: 0.247222
-------------
Particle: 19:
Relays Coordinates:
278.633, 237.927
143.576, 16.3655
237.483, 90.874
Evaluation Time: 1.44228 seconds
Resulting Fitness: 0.222222
-------------
Particle: 20:
Relays Coordinates:
254.129, 222.499
113.139, 14.1023
222.848, 81.7261
Evaluation Time: 1.36655 seconds
Resulting Fitness: 0.216667
Current global best fitness: 0.275
Current global best relays: 274.481, 239.812
140.314, 16.442
247.078, 98.0838
Particle 1 new velocities: 60.9132, 68.4949
39.8411, 6.10182
76.0187, 31.5833
Particle 2 new velocities: 7.91097, 35.0521
6.72087, 2.12429
22.548, 9.75325
Particle 3 new velocities: 35.8039, 16.6361
5.30206, 0.70428
2.19638, 9.14386
Particle 4 new velocities: 77.1259, 77.4558
16.2752, 4.63853
75.6027, 11.4982
Particle 5 new velocities: 163.882, 140.591
78.0688, 8.22816
94.5622, 72.8377
Particle 6 new velocities: 214.518, 169.51
102.611, 13.1622
239.056, 78.4934
Particle 7 new velocities: 122.73, 83.75
59.426, 7.04241
113.725, 50.8682
Particle 8 new velocities: -1.73312, -14.5225
-9.62656, 2.2564
-3.08896, -1.6087
Particle 9 new velocities: 185.219, 134.051
95.8673, 8.58695
167.357, 54.2322
Particle 10 new velocities: 90.4177, 104.719
37.7687, 5.81149
79.0194, 48.7373
Particle 11 new velocities: -39.1938, -20.3055
0.378825, -5.92282
-102.569, 3.35313
Particle 12 new velocities: 187.948, 129.617
101.949, 12.9007
177.58, 80.6653
Particle 13 new velocities: 30.1982, 31.1583
18.5174, 1.20349
39.3335, 12.9534
Particle 14 new velocities: 131.463, 144.137
96.3089, -16.6974
204.192, 76.5943
Particle 15 new velocities: 308.368, 244.266
32.311, 25.9955
297.592, 105.894
Particle 16 new velocities: 339.466, 269.324
171.037, 26.9413
316.128, 179.419
Particle 17 new velocities: 116.746, 110.872
68.2383, 10.6626
126.826, 45.1922
Particle 18 new velocities: 108.823, 100.05
48.6112, 6.93341
71.952, 32.7396
Particle 19 new velocities: 31.6989, 44.768
23.8058, 2.37011
46.1666, 19.7945
Particle 20 new velocities: 137.838, 72.6675
58.4202, 7.07683
82.8269, 38.9085
-- ITERATION 20 --
-------------
Particle: 1:
Relays Coordinates:
256.435, 256.145
141.857, 19.3784
267.568, 103.233
Evaluation Time: 1.51937 seconds
Resulting Fitness: 0.263889
-------------
Particle: 2:
Relays Coordinates:
265.516, 238.684
129.943, 16.0268
243.258, 93.5683
Evaluation Time: 1.42745 seconds
Resulting Fitness: 0.280556
New local best!
New global best!
-------------
Particle: 3:
Relays Coordinates:
267.028, 248.689
145.352, 16.4726
258.586, 105.051
Evaluation Time: 1.42347 seconds
Resulting Fitness: 0.236111
-------------
Particle: 4:
Relays Coordinates:
227.341, 234.07
91.3653, 15.7063
192.291, 85.5802
Evaluation Time: 1.32183 seconds
Resulting Fitness: 0.158333
-------------
Particle: 5:
Relays Coordinates:
257.511, 238.218
128.96, 15.3985
190.187, 104.355
Evaluation Time: 1.37795 seconds
Resulting Fitness: 0.191667
-------------
Particle: 6:
Relays Coordinates:
281.988, 246.045
128.418, 19.4096
237.656, 111.367
Evaluation Time: 1.41314 seconds
Resulting Fitness: 0.236111
-------------
Particle: 7:
Relays Coordinates:
259.364, 217.863
125.479, 15.999
244.969, 91.7558
Evaluation Time: 1.37119 seconds
Resulting Fitness: 0.252778
-------------
Particle: 8:
Relays Coordinates:
289.242, 238.094
135.057, 16.4874
243.154, 103.444
Evaluation Time: 1.41559 seconds
Resulting Fitness: 0.247222
-------------
Particle: 9:
Relays Coordinates:
278.09, 226.619
144.56, 23.4961
253.991, 97.6196
Evaluation Time: 1.39709 seconds
Resulting Fitness: 0.230556
-------------
Particle: 10:
Relays Coordinates:
244.175, 244.012
133.532, 16.5611
238.41, 102.511
Evaluation Time: 1.34748 seconds
Resulting Fitness: 0.269444
New local best!
-------------
Particle: 11:
Relays Coordinates:
223.031, 116.136
96.3855, 112.408
125.361, 85.6445
Evaluation Time: 1.158 seconds
Resulting Fitness: 0.144444
-------------
Particle: 12:
Relays Coordinates:
247.923, 204.487
122.025, 18.6629
235.473, 106.739
Evaluation Time: 1.31708 seconds
Resulting Fitness: 0.186111
-------------
Particle: 13:
Relays Coordinates:
268.281, 236.976
140.635, 14.5055
246.641, 98.3383
Evaluation Time: 1.36252 seconds
Resulting Fitness: 0.272222
New local best!
-------------
Particle: 14:
Relays Coordinates:
169.706, 148.919
106.445, 0
227.835, 93.6921
Evaluation Time: 1.22056 seconds
Resulting Fitness: 0.183333
New local best!
-------------
Particle: 15:
Relays Coordinates:
193.71, 156.183
50.9608, 18.6886
193.71, 75.2076
Evaluation Time: 1.14771 seconds
Resulting Fitness: 0.0833333
-------------
Particle: 16:
Relays Coordinates:
199.013, 191.283
120.049, 19.1127
205.707, 140.977
Evaluation Time: 1.21857 seconds
Resulting Fitness: 0.147222
-------------
Particle: 17:
Relays Coordinates:
286.833, 252.788
143.902, 19.2254
261.92, 103.712
Evaluation Time: 1.39442 seconds
Resulting Fitness: 0.241667
-------------
Particle: 18:
Relays Coordinates:
260.632, 236.297
122.358, 16.7248
230.404, 87.8539
Evaluation Time: 1.36032 seconds
Resulting Fitness: 0.247222
-------------
Particle: 19:
Relays Coordinates:
251.369, 228.983
135.58, 15.1758
229.756, 89.6416
Evaluation Time: 1.39855 seconds
Resulting Fitness: 0.241667
-------------
Particle: 20:
Relays Coordinates:
285.744, 215.176
125.066, 15.4396
222.837, 87.9427
Evaluation Time: 1.31296 seconds
Resulting Fitness: 0.211111
Final Evaluation Time: 535.894 seconds
Final global best fitness: 0.280556
Final global best relays:
265.516, 238.684
129.943, 16.0268
243.258, 93.5683
