PSO EXECUTION
============================
Seed: 37283284
Particles: 20
Relays: 4
Iterations: 20
Backend: Simulation
Network Configuration: 2
Area: 500 x 500
Sink: 0, 0
Simulated Relay range: 155
w: 0.8
c1: 1.7
c2: 1.3

Relay Nodes Positions: 
PARTICLE 1: 
262.253, 237.774
209.867, 174.497
117.541, 28.1195
113.196, 103.959
PARTICLE 2: 
214.711, 255.587
58.5569, 156.028
54.302, 50.2351
181.144, 250.29
PARTICLE 3: 
204.501, 200.633
174.299, 314.7
149.904, 190.661
30.8208, 138.34
PARTICLE 4: 
138.889, 224.035
142.402, 16.1437
202.858, 84.1463
356.563, 69.7149
PARTICLE 5: 
252.089, 119.384
189.684, 234.876
140.464, 39.392
186.959, 173.174
PARTICLE 6: 
97.6126, 18.6759
212.548, 375.387
144.438, 127.734
179.276, 269.12
PARTICLE 7: 
138.627, 248.184
142.152, 225.383
86.3925, 285.305
19.2635, 144.44
PARTICLE 8: 
87.0962, 61.7828
12.2539, 66.788
61.2422, 90.0025
225.66, 30.6836
PARTICLE 9: 
169.556, 24.8658
122.597, 55.0115
161.528, 197.327
110.509, 113.966
PARTICLE 10: 
70.2793, 115.204
171.247, 117.215
214.084, 19.7203
175.824, 155.656
PARTICLE 11: 
249.502, 137.465
159.38, 83.6636
32.4757, 13.3668
79.7517, 30.1899
PARTICLE 12: 
202.21, 321.069
161.996, 230.018
21.4678, 187.307
98.1541, 117.729
PARTICLE 13: 
223.286, 78.3775
90.8818, 27.0649
180.145, 276.252
183.945, 168.697
PARTICLE 14: 
15.6473, 34.8926
183.293, 136.989
116.049, 138.418
223.471, 281.054
PARTICLE 15: 
13.908, 251.655
113.727, 39.1174
11.3625, 56.002
91.8014, 172.547
PARTICLE 16: 
52.3529, 3.83918
91.6777, 221.028
97.819, 139.252
194.631, 120.472
PARTICLE 17: 
227.833, 75.2514
27.4992, 76.8499
66.0615, 100.981
116.067, 1.76646
PARTICLE 18: 
87.771, 304.79
46.2308, 165.824
20.5491, 139.901
37.8442, 22.71
PARTICLE 19: 
189.667, 63.9213
119.804, 57.4192
314.698, 142.694
73.7222, 145.908
PARTICLE 20: 
27.208, 101.179
5.79316, 148.789
157.267, 57.9557
166.842, 120.517
Nodes Positions: 
100.095, 455.006
409.899, 340.535
245.523, 260.548
3.05226, 39.9931
213.752, 269.364
379.828, 155.468
328.149, 70.4301
130.482, 415.207
496.585, 228.9
306.833, 110.735
340.6, 370.458
420.948, 220.521
491.6, 8.42477
407.253, 365.489
276.989, 18.0564
16.872, 87.5204
372.42, 98.0003
67.438, 25.7687
396.576, 64.8555
186.244, 377.168
36.5812, 207.829
86.2271, 436.556
216.962, 124.255
481.469, 254.723
468.822, 327.88
291.769, 302.829
438.025, 321.165
175.687, 487.451
143.595, 7.3464
309.572, 290.55
453.049, 51.7111
123.612, 432.849
319.698, 466.278
284.028, 102.105
166.037, 405.211
56.5571, 292.359
268.743, 171.625
206.823, 354.383
359.528, 48.1077
444.102, 236.997
387.114, 211.962
258.92, 309.863
140.594, 279.089
195.989, 397.628
257.775, 498.704
42.4623, 125.302
65.5796, 442.948
28.1001, 345.949
227.716, 159.065
172.039, 471.057
342.841, 143.403
426.33, 389.391
238.318, 183.608
112.013, 477.151
91.7667, 196.359
9.88312, 75.1092
459.694, 176.006
78.5309, 243.462
353.447, 135.932
152.144, 416.787
All particles start with velocity zero
-- ITERATION 0 --
-------------
Particle: 1:
Relays Coordinates:
262.253, 237.774
209.867, 174.497
117.541, 28.1195
113.196, 103.959
Evaluation Time: 1.49967 seconds
Resulting Fitness: 0.316667
New local best!
New global best!
-------------
Particle: 2:
Relays Coordinates:
214.711, 255.587
58.5569, 156.028
54.302, 50.2351
181.144, 250.29
Evaluation Time: 1.4241 seconds
Resulting Fitness: 0.291667
New local best!
-------------
Particle: 3:
Relays Coordinates:
204.501, 200.633
174.299, 314.7
149.904, 190.661
30.8208, 138.34
Evaluation Time: 1.58151 seconds
Resulting Fitness: 0.397222
New local best!
New global best!
-------------
Particle: 4:
Relays Coordinates:
138.889, 224.035
142.402, 16.1437
202.858, 84.1463
356.563, 69.7149
Evaluation Time: 1.57563 seconds
Resulting Fitness: 0.408333
New local best!
New global best!
-------------
Particle: 5:
Relays Coordinates:
252.089, 119.384
189.684, 234.876
140.464, 39.392
186.959, 173.174
Evaluation Time: 1.51196 seconds
Resulting Fitness: 0.383333
New local best!
-------------
Particle: 6:
Relays Coordinates:
97.6126, 18.6759
212.548, 375.387
144.438, 127.734
179.276, 269.12
Evaluation Time: 1.6639 seconds
Resulting Fitness: 0.430556
New local best!
New global best!
-------------
Particle: 7:
Relays Coordinates:
138.627, 248.184
142.152, 225.383
86.3925, 285.305
19.2635, 144.44
Evaluation Time: 1.31226 seconds
Resulting Fitness: 0.261111
New local best!
-------------
Particle: 8:
Relays Coordinates:
87.0962, 61.7828
12.2539, 66.788
61.2422, 90.0025
225.66, 30.6836
Evaluation Time: 1.18598 seconds
Resulting Fitness: 0.219444
New local best!
-------------
Particle: 9:
Relays Coordinates:
169.556, 24.8658
122.597, 55.0115
161.528, 197.327
110.509, 113.966
Evaluation Time: 1.29969 seconds
Resulting Fitness: 0.269444
New local best!
-------------
Particle: 10:
Relays Coordinates:
70.2793, 115.204
171.247, 117.215
214.084, 19.7203
175.824, 155.656
Evaluation Time: 1.27859 seconds
Resulting Fitness: 0.275
New local best!
-------------
Particle: 11:
Relays Coordinates:
249.502, 137.465
159.38, 83.6636
32.4757, 13.3668
79.7517, 30.1899
Evaluation Time: 1.3725 seconds
Resulting Fitness: 0.275
New local best!
-------------
Particle: 12:
Relays Coordinates:
202.21, 321.069
161.996, 230.018
21.4678, 187.307
98.1541, 117.729
Evaluation Time: 1.50178 seconds
Resulting Fitness: 0.375
New local best!
-------------
Particle: 13:
Relays Coordinates:
223.286, 78.3775
90.8818, 27.0649
180.145, 276.252
183.945, 168.697
Evaluation Time: 1.57399 seconds
Resulting Fitness: 0.416667
New local best!
-------------
Particle: 14:
Relays Coordinates:
15.6473, 34.8926
183.293, 136.989
116.049, 138.418
223.471, 281.054
Evaluation Time: 1.44887 seconds
Resulting Fitness: 0.316667
New local best!
-------------
Particle: 15:
Relays Coordinates:
13.908, 251.655
113.727, 39.1174
11.3625, 56.002
91.8014, 172.547
Evaluation Time: 1.1336 seconds
Resulting Fitness: 0.2
New local best!
-------------
Particle: 16:
Relays Coordinates:
52.3529, 3.83918
91.6777, 221.028
97.819, 139.252
194.631, 120.472
Evaluation Time: 1.2974 seconds
Resulting Fitness: 0.280556
New local best!
-------------
Particle: 17:
Relays Coordinates:
227.833, 75.2514
27.4992, 76.8499
66.0615, 100.981
116.067, 1.76646
Evaluation Time: 1.15302 seconds
Resulting Fitness: 0.261111
New local best!
-------------
Particle: 18:
Relays Coordinates:
87.771, 304.79
46.2308, 165.824
20.5491, 139.901
37.8442, 22.71
Evaluation Time: 1.38015 seconds
Resulting Fitness: 0.255556
New local best!
-------------
Particle: 19:
Relays Coordinates:
189.667, 63.9213
119.804, 57.4192
314.698, 142.694
73.7222, 145.908
Evaluation Time: 1.45885 seconds
Resulting Fitness: 0.325
New local best!
-------------
Particle: 20:
Relays Coordinates:
27.208, 101.179
5.79316, 148.789
157.267, 57.9557
166.842, 120.517
Evaluation Time: 1.16412 seconds
Resulting Fitness: 0.244444
New local best!
Current global best fitness: 0.430556
Current global best relays: 97.6126, 18.6759
212.548, 375.387
144.438, 127.734
179.276, 269.12
Particle 1 new velocities: -28.353, -282.403
1.94269, 214.524
28.166, 119.756
24.4957, 105.42
Particle 2 new velocities: -25.4373, -75.427
90.8803, 236.018
89.525, 60.7911
-0.318728, 21.258
Particle 3 new velocities: -45.1246, -44.2896
21.3011, 11.4957
-4.3992, -31.4894
8.49187, 8.1296
Particle 4 new velocities: -38.1647, -49.5896
29.0562, 180.866
-45.6415, 54.3252
-130.071, 149.512
Particle 5 new velocities: -179.124, -113.643
10.7108, 156.602
0.0390289, 80.1401
-5.82323, 58.7659
Particle 6 new velocities: 0, 0
0, 0
0, 0
0, 0
Particle 7 new velocities: -26.5566, -124.758
77.1723, 183.599
23.1357, -82.6985
172.201, 59.0295
Particle 8 new velocities: 5.80129, -5.51663
231.387, 163.935
38.3133, 29.1463
-7.10569, 223.69
Particle 9 new velocities: -61.7635, -1.92979
85.8874, 117.84
-9.50965, -22.1158
1.24393, 35.3307
Particle 10 new velocities: 30.1903, -28.4236
12.9514, 91.8716
-79.556, 66.621
3.17364, 70.4225
Particle 11 new velocities: -23.1173, -13.748
42.6723, 22.4551
71.8491, 146.626
107.791, 194.741
Particle 12 new velocities: -62.272, -193.671
8.12138, 132.014
72.8963, -29.9038
70.9221, 108.442
Particle 13 new velocities: -65.0674, -35.5945
59.9316, 183.928
-17.7965, -42.5237
-0.370777, 110.43
Particle 14 new velocities: 24.8425, -8.30212
37.5832, 170.037
7.97481, -12.383
-37.0034, -0.659742
Particle 15 new velocities: 56.7198, -85.7126
40.8632, 154.15
66.3339, 84.8057
75.8383, 111.633
Particle 16 new velocities: 42.7831, 2.97189
109.363, 192.9
59.1874, -5.43449
-7.39991, 3.37452
Particle 17 new velocities: -0.418837, -29.2153
169.714, 188.236
29.4105, 29.1024
57.7083, 218.528
Particle 18 new velocities: 0.902017, -347.05
84.538, 253.933
9.81222, -6.52724
57.1445, 117.958
Particle 19 new velocities: -16.3342, -28.5421
53.1429, 57.2262
-132.144, -14.0248
112.6, 109.263
Particle 20 new velocities: 24.0862, -26.9395
25.9413, 138.041
-4.21117, 44.5312
7.82649, 39.8557
-- ITERATION 1 --
-------------
Particle: 1:
Relays Coordinates:
170.513, 0
154.409, 283.596
106.22, 107.801
100.377, 152.638
Evaluation Time: 1.50357 seconds
Resulting Fitness: 0.275
-------------
Particle: 2:
Relays Coordinates:
153.312, 145.93
121.044, 317.557
116.5, 89.9312
146.468, 219.954
Evaluation Time: 1.65979 seconds
Resulting Fitness: 0.391667
New local best!
-------------
Particle: 3:
Relays Coordinates:
129.095, 126.638
158.436, 264.218
117.859, 128.929
31.8432, 118.641
Evaluation Time: 1.43808 seconds
Resulting Fitness: 0.311111
-------------
Particle: 4:
Relays Coordinates:
73.4283, 127.171
124.993, 143.62
114.611, 100.946
165.112, 159.817
Evaluation Time: 1.21801 seconds
Resulting Fitness: 0.227778
-------------
Particle: 5:
Relays Coordinates:
65.6685, 5.16735
180.355, 352.33
126.453, 107.579
163.023, 208.746
Evaluation Time: 1.57545 seconds
Resulting Fitness: 0.397222
New local best!
-------------
Particle: 6:
Relays Coordinates:
97.6126, 18.6759
212.548, 375.387
144.438, 127.734
179.276, 269.12
Evaluation Time: 1.64113 seconds
Resulting Fitness: 0.430556
-------------
Particle: 7:
Relays Coordinates:
81.6989, 89.9776
159.888, 298.148
79.846, 147.7
139.577, 148.329
Evaluation Time: 1.40923 seconds
Resulting Fitness: 0.325
New local best!
-------------
Particle: 8:
Relays Coordinates:
75.247, 45.5756
197.349, 186.885
80.64, 96.5106
177.029, 206.042
Evaluation Time: 1.23833 seconds
Resulting Fitness: 0.269444
New local best!
-------------
Particle: 9:
Relays Coordinates:
107.792, 22.936
208.484, 172.851
152.018, 175.211
111.753, 149.297
Evaluation Time: 1.44246 seconds
Resulting Fitness: 0.291667
New local best!
-------------
Particle: 10:
Relays Coordinates:
100.47, 86.7809
184.198, 209.087
134.528, 86.3412
178.997, 226.079
Evaluation Time: 1.35718 seconds
Resulting Fitness: 0.252778
-------------
Particle: 11:
Relays Coordinates:
183.372, 100.211
163.662, 85.9561
84.5032, 129.594
151.91, 182.194
Evaluation Time: 1.29682 seconds
Resulting Fitness: 0.261111
-------------
Particle: 12:
Relays Coordinates:
113.35, 103.193
137.795, 293.246
76.4349, 127.497
136.952, 183.199
Evaluation Time: 1.44819 seconds
Resulting Fitness: 0.347222
-------------
Particle: 13:
Relays Coordinates:
142.397, 38.5047
135.732, 189.894
146.114, 210.356
165.217, 251.214
Evaluation Time: 1.40644 seconds
Resulting Fitness: 0.263889
-------------
Particle: 14:
Relays Coordinates:
36.4408, 23.9314
198.788, 276.323
111.622, 113.431
167.821, 252.355
Evaluation Time: 1.40351 seconds
Resulting Fitness: 0.330556
New local best!
-------------
Particle: 15:
Relays Coordinates:
63.565, 149.349
139.132, 173.941
69.9268, 126.727
150.876, 255.762
Evaluation Time: 1.32238 seconds
Resulting Fitness: 0.283333
New local best!
-------------
Particle: 16:
Relays Coordinates:
50.5592, 3.61968
106.841, 219.978
83.4396, 71.1159
99.5024, 65.817
Evaluation Time: 1.14484 seconds
Resulting Fitness: 0.186111
-------------
Particle: 17:
Relays Coordinates:
204.673, 41.4326
177.492, 238.577
85.9248, 117.075
156.398, 198.265
Evaluation Time: 1.38229 seconds
Resulting Fitness: 0.316667
New local best!
-------------
Particle: 18:
Relays Coordinates:
47.1245, 0
69.4959, 223.076
16.1353, 70.8803
50.4809, 74.7568
Evaluation Time: 1.07088 seconds
Resulting Fitness: 0.155556
-------------
Particle: 19:
Relays Coordinates:
140.399, 28.6572
140.087, 92.8627
147.869, 104.222
150.921, 206.689
Evaluation Time: 1.28546 seconds
Resulting Fitness: 0.263889
-------------
Particle: 20:
Relays Coordinates:
41.5483, 60.1338
25.7049, 232.332
123.976, 83.0144
141.482, 129.902
Evaluation Time: 1.15226 seconds
Resulting Fitness: 0.211111
Current global best fitness: 0.430556
Current global best relays: 97.6126, 18.6759
212.548, 375.387
144.438, 127.734
179.276, 269.12
Particle 1 new velocities: -10.2332, 383.667
67.9941, 116.422
77.3768, 90.6539
103.718, 89.418
Particle 2 new velocities: -36.1816, -136.961
93.5822, 210.42
90.7347, 59.0903
19.2537, 64.2877
Particle 3 new velocities: -30.8655, 20.0161
85.549, 99.3476
25.0157, 19.8119
46.6123, 191.922
Particle 4 new velocities: -9.14053, -13.6385
132.329, 160.048
-8.81542, 26.6988
64.4075, 235.118
Particle 5 new velocities: -121.686, -79.9706
49.5551, 145.75
7.80202, 87.0295
2.21029, 103.992
Particle 6 new velocities: 0, 0
0, 0
0, 0
0, 0
Particle 7 new velocities: -12.2869, -173.714
80.4524, 172.924
73.5885, -77.6727
182.702, 157.652
Particle 8 new velocities: 11.8469, -6.16065
188.134, 241.5
55.6814, 46.8386
-5.09292, 241.561
Particle 9 new velocities: -58.2253, -3.71336
72.9862, 145.819
-13.197, -40.1986
23.4875, 28.4779
Particle 10 new velocities: 17.4325, -80.9097
23.7379, 126.699
27.113, 39.1007
-0.413116, 39.406
Particle 11 new velocities: -83.7175, -31.126
87.6851, 263.853
79.5148, 13.6294
94.4044, 140.908
Particle 12 new velocities: 67.6165, -63.8524
78.2495, 151.678
110.707, 67.3006
63.4665, 68.7787
Particle 13 new velocities: -23.8477, -25.8911
42.5866, 160.702
-5.67719, -10.0585
21.8903, 86.0146
Particle 14 new velocities: 54.2727, -7.29228
32.5218, 263.565
29.4317, 4.04415
-25.5156, 19.4759
Particle 15 new velocities: 68.065, -107.059
128.046, 374.984
145.336, 68.7204
79.8042, 104.322
Particle 16 new velocities: 69.5824, 20.6537
173.513, 319.563
113.666, 157.418
61.24, 179.999
Particle 17 new velocities: -85.7926, -48.9314
178.94, 189.041
98.205, 23.7134
59.6986, 250.062
Particle 18 new velocities: 96.4968, 62.2963
177.828, 275.349
101.958, 85.9306
132.999, 33.3018
Particle 19 new velocities: 18.6854, 15.1318
97.9474, 121.511
-8.80582, 10.5248
31.7803, 83.9129
Particle 20 new velocities: 11.7591, -23.7007
71.0579, 227.554
52.9026, 25.3515
93.3723, 131.28
-- ITERATION 2 --
-------------
Particle: 1:
Relays Coordinates:
85.1791, 203.897
118.194, 212.586
97.571, 105.467
108.464, 128.638
Evaluation Time: 1.15417 seconds
Resulting Fitness: 0.241667
-------------
Particle: 2:
Relays Coordinates:
76.8489, 5.88421
140.816, 328.05
135.967, 97.773
108.73, 186.491
Evaluation Time: 1.66384 seconds
Resulting Fitness: 0.383333
-------------
Particle: 3:
Relays Coordinates:
79.5661, 118.79
197.628, 294.488
115.728, 120.48
63.549, 251.555
Evaluation Time: 1.40474 seconds
Resulting Fitness: 0.366667
-------------
Particle: 4:
Relays Coordinates:
42.1792, 74.4885
168.829, 199.237
69.4126, 83.7475
150.588, 259.116
Evaluation Time: 1.35485 seconds
Resulting Fitness: 0.3
-------------
Particle: 5:
Relays Coordinates:
0, 0
135.76, 294.111
79.276, 114.914
97.5684, 184.669
Evaluation Time: 1.39549 seconds
Resulting Fitness: 0.308333
-------------
Particle: 6:
Relays Coordinates:
97.6126, 18.6759
212.548, 375.387
144.438, 127.734
179.276, 269.12
Evaluation Time: 1.65505 seconds
Resulting Fitness: 0.430556
-------------
Particle: 7:
Relays Coordinates:
36.8884, 0
127.727, 250.347
81.5414, 37.2153
171.272, 162.611
Evaluation Time: 1.38318 seconds
Resulting Fitness: 0.291667
-------------
Particle: 8:
Relays Coordinates:
41.6567, 18.8521
184.376, 204.895
65.2021, 68.5634
82.2364, 214.087
Evaluation Time: 1.29047 seconds
Resulting Fitness: 0.258333
-------------
Particle: 9:
Relays Coordinates:
36.1345, 14.0133
205.192, 232.31
101.2, 98.4242
98.5905, 129.598
Evaluation Time: 1.42053 seconds
Resulting Fitness: 0.3
New local best!
-------------
Particle: 10:
Relays Coordinates:
117.902, 5.8712
207.936, 335.785
161.641, 125.442
178.584, 265.485
Evaluation Time: 1.64789 seconds
Resulting Fitness: 0.425
New local best!
-------------
Particle: 11:
Relays Coordinates:
72.6479, 50.3629
183.232, 255.011
119.569, 104.41
179.563, 235.541
Evaluation Time: 1.37681 seconds
Resulting Fitness: 0.297222
New local best!
-------------
Particle: 12:
Relays Coordinates:
131.925, 28.6792
157.496, 324.349
136.427, 142.007
146.105, 183.691
Evaluation Time: 1.54935 seconds
Resulting Fitness: 0.341667
-------------
Particle: 13:
Relays Coordinates:
96.025, 10.217
144.438, 283.983
113.753, 162.241
151.557, 273.155
Evaluation Time: 1.43565 seconds
Resulting Fitness: 0.330556
-------------
Particle: 14:
Relays Coordinates:
53.5654, 9.82525
136.586, 295.245
83.2905, 69.368
84.03, 160.513
Evaluation Time: 1.40353 seconds
Resulting Fitness: 0.297222
-------------
Particle: 15:
Relays Coordinates:
106.62, 34.2543
216.414, 405
174.363, 158.312
186.851, 291.668
Evaluation Time: 1.80676 seconds
Resulting Fitness: 0.497222
New local best!
New global best!
-------------
Particle: 16:
Relays Coordinates:
63.8482, 12.8999
148.992, 265.721
104.75, 121.452
85.4251, 130.637
Evaluation Time: 1.4141 seconds
Resulting Fitness: 0.291667
New local best!
-------------
Particle: 17:
Relays Coordinates:
56.8602, 0
170.48, 204.528
88.0687, 67.3386
103.358, 214.434
Evaluation Time: 1.33239 seconds
Resulting Fitness: 0.247222
-------------
Particle: 18:
Relays Coordinates:
55.6418, 24.1349
95.8185, 193.1
45.7518, 60.7517
71.0837, 41.8641
Evaluation Time: 1.15049 seconds
Resulting Fitness: 0.183333
-------------
Particle: 19:
Relays Coordinates:
143.176, 39.4101
214.231, 192.937
125.157, 103.273
164.431, 261.541
Evaluation Time: 1.59006 seconds
Resulting Fitness: 0.294444
-------------
Particle: 20:
Relays Coordinates:
31.4775, 21.5134
57.1375, 271.558
104.445, 63.989
138.679, 154.225
Evaluation Time: 1.33846 seconds
Resulting Fitness: 0.238889
Current global best fitness: 0.497222
Current global best relays: 106.62, 34.2543
216.414, 405
174.363, 158.312
186.851, 291.668
Particle 1 new velocities: 155.725, 197.24
207.625, 72.6948
129.208, -20.4741
100.953, 99.4157
Particle 2 new velocities: 36.1377, -24.0835
78.4917, 65.7086
98.3687, 56.5639
83.1436, 145.242
Particle 3 new velocities: 108.919, 58.3162
72.8802, 154.216
44.7421, 61.7954
64.8365, 126.502
Particle 4 new velocities: 107.84, 6.71054
148.697, 142.302
224.717, 63.8821
113.25, 44.078
Particle 5 new velocities: 190.607, 4.06319
134.49, 249.916
161.557, 78.337
155.447, 241.139
Particle 6 new velocities: 10.4753, 14.1752
4.12036, 24.0686
4.51375, 12.4832
7.06341, 18.4971
Particle 7 new velocities: 62.3123, 142.429
112.739, 205.009
141.603, 136.919
135.402, 123.984
Particle 8 new velocities: 85.7802, 8.20624
166.662, 328.255
87.8448, 144.952
158.286, 270.047
Particle 9 new velocities: 44.8839, -2.32355
70.0862, 249.302
59.4523, 22.6493
94.5362, 68.0708
Particle 10 new velocities: 8.9394, -34.5919
23.3435, 186.157
30.7263, 65.3014
2.31097, 57.7583
Particle 11 new velocities: -56.8911, -44.2901
103.449, 270.022
78.7917, 44.0502
79.7777, 132.529
Particle 12 new velocities: 48.6979, 18.0346
138.789, 180.391
94.7736, 134.863
9.01574, 74.2965
Particle 13 new velocities: 189.667, 36.2138
41.545, -34.5079
54.6682, 28.546
52.3149, 28.1842
Particle 14 new velocities: 36.417, 17.2554
79.294, 76.4317
167.932, 88.8523
85.819, 134.268
Particle 15 new velocities: 54.452, -85.6474
102.437, 0
116.269, 54.9763
63.8434, 83.4576
Particle 16 new velocities: 59.336, 19.8497
194.17, 87.2046
92.4826, 143.774
49.2821, 206.727
Particle 17 new velocities: 189.817, 31.0601
180.764, 381.549
158.659, 105.594
116.64, 239.457
Particle 18 new velocities: 166.269, 317.714
154.029, 235.036
197.323, 180.473
116.558, 328.506
Particle 19 new velocities: 3.2414, 32.3574
29.6945, 205
194.495, 99.6564
-42.7974, -98.1677
Particle 20 new velocities: 68.3788, 18.6506
20.2483, 212.225
192.323, 80.9738
128.098, 229.132
-- ITERATION 3 --
-------------
Particle: 1:
Relays Coordinates:
142.251, 236.867
192.393, 168.455
133.911, 50.1875
123.659, 134.664
Evaluation Time: 1.44605 seconds
Resulting Fitness: 0.280556
-------------
Particle: 2:
Relays Coordinates:
82.3672, 0
159.876, 287.05
170.83, 112.512
139.876, 241.833
Evaluation Time: 1.62097 seconds
Resulting Fitness: 0.375
-------------
Particle: 3:
Relays Coordinates:
111.298, 104.579
159.732, 264.955
94.7562, 107.632
75.8104, 223.239
Evaluation Time: 1.38353 seconds
Resulting Fitness: 0.291667
-------------
Particle: 4:
Relays Coordinates:
135.017, 73.0792
285.773, 307.385
264.716, 132.867
237.454, 272.875
Evaluation Time: 1.76406 seconds
Resulting Fitness: 0.408333
-------------
Particle: 5:
Relays Coordinates:
125.057, 2.66586
177.311, 328.05
158.01, 126.792
166.003, 279.373
Evaluation Time: 1.64688 seconds
Resulting Fitness: 0.366667
-------------
Particle: 6:
Relays Coordinates:
108.088, 32.8512
216.668, 399.456
148.952, 140.218
186.34, 287.618
Evaluation Time: 1.64905 seconds
Resulting Fitness: 0.447222
New local best!
-------------
Particle: 7:
Relays Coordinates:
80.3526, 115.367
194.777, 368.838
180.747, 141.049
248.407, 232.142
Evaluation Time: 1.78409 seconds
Resulting Fitness: 0.444444
New local best!
-------------
Particle: 8:
Relays Coordinates:
67.7252, 14.3799
186.556, 265.721
81.3354, 113.471
127.823, 257.289
Evaluation Time: 1.45559 seconds
Resulting Fitness: 0.325
New local best!
-------------
Particle: 9:
Relays Coordinates:
38.7508, 5.59117
131.665, 230.354
76.8397, 57.9091
92.3719, 94.5442
Evaluation Time: 1.25056 seconds
Resulting Fitness: 0.261111
-------------
Particle: 10:
Relays Coordinates:
92.4675, 0
168.603, 364.5
140.236, 139.052
131.873, 235.644
Evaluation Time: 1.69075 seconds
Resulting Fitness: 0.436111
New local best!
-------------
Particle: 11:
Relays Coordinates:
10.3381, 3.98436
188.092, 328.05
130.145, 97.4047
170.153, 241.491
Evaluation Time: 1.68023 seconds
Resulting Fitness: 0.361111
New local best!
-------------
Particle: 12:
Relays Coordinates:
118.506, 30.6489
194.393, 328.05
151.69, 181.655
101.775, 169.266
Evaluation Time: 1.65894 seconds
Resulting Fitness: 0.383333
New local best!
-------------
Particle: 13:
Relays Coordinates:
168.698, 27.4169
109.821, 147.312
99.4513, 112.658
120.384, 177.938
Evaluation Time: 1.18392 seconds
Resulting Fitness: 0.202778
-------------
Particle: 14:
Relays Coordinates:
65.5972, 19.7418
157.377, 270.952
183.141, 115.343
123.82, 214.895
Evaluation Time: 1.54083 seconds
Resulting Fitness: 0.355556
New local best!
-------------
Particle: 15:
Relays Coordinates:
95.1116, 0
188.278, 239.148
171.615, 125.945
148.032, 221.508
Evaluation Time: 1.41412 seconds
Resulting Fitness: 0.336111
-------------
Particle: 16:
Relays Coordinates:
72.739, 19.3383
202.634, 208.399
116.464, 156.614
79.5433, 199.21
Evaluation Time: 1.35533 seconds
Resulting Fitness: 0.297222
New local best!
-------------
Particle: 17:
Relays Coordinates:
131.094, 16.5066
186.665, 265.721
131.121, 91.9037
116.916, 241.216
Evaluation Time: 1.40809 seconds
Resulting Fitness: 0.305556
-------------
Particle: 18:
Relays Coordinates:
95.5252, 147.155
107.551, 184.299
104.636, 103.839
80.7737, 159.432
Evaluation Time: 1.12381 seconds
Resulting Fitness: 0.186111
-------------
Particle: 19:
Relays Coordinates:
106.739, 52.3185
177.822, 290.096
233.026, 147.935
88.671, 119.099
Evaluation Time: 1.73425 seconds
Resulting Fitness: 0.413889
New local best!
-------------
Particle: 20:
Relays Coordinates:
58.9642, 23.7164
45.6955, 285.669
175.238, 85.5991
157.529, 226.369
Evaluation Time: 1.40236 seconds
Resulting Fitness: 0.3
New local best!
Current global best fitness: 0.497222
Current global best relays: 106.62, 34.2543
216.414, 405
174.363, 158.312
186.851, 291.668
Particle 1 new velocities: 85.6823, 2.64909
200.032, 184.353
139.551, 111.594
97.3455, 152.427
Particle 2 new velocities: 122.531, 146.238
46.0194, 163.733
26.1186, 65.8248
87.7961, 110.858
Particle 3 new velocities: 107.147, 125.469
87.9587, 282.827
149.067, 143.069
76.0556, 20.6106
Particle 4 new velocities: 66.2392, 65.1305
-96.6207, 14.0152
69.2562, 35.8078
127.56, -186.412
Particle 5 new velocities: 90.8545, 38.0575
125.23, 43.601
111.763, 42.4907
124.129, 108.686
Particle 6 new velocities: 7.92428, 12.6375
3.13546, 22.3916
24.5865, 20.2707
5.86465, 15.851
Particle 7 new velocities: 81.5498, 81.698
97.0858, 179.273
109.511, 120.274
53.2459, 134.136
Particle 8 new velocities: 89.3353, 15.8015
159, 112.015
151.895, 149.286
162.509, 235.38
Particle 9 new velocities: 52.241, 36.2639
181.954, 357.239
178.993, 152.274
154.504, 117.222
Particle 10 new velocities: 10.1439, 32.9603
77.0139, 34.8265
59.2219, 53.8785
66.5898, 114.386
Particle 11 new velocities: 14.2004, -3.84907
106.674, 61.3515
88.5359, 61.0858
73.9814, 165.386
Particle 12 new velocities: 23.9486, 17.4664
131.708, 1.3716
86.7867, 87.8775
44.4177, 211.066
Particle 13 new velocities: 121.7, 101.016
27.2777, 133.898
118.223, 102.884
127.294, 28.3916
Particle 14 new velocities: 82.4633, 29.9733
75.3741, 108.236
133.124, 118.589
97.0131, 131.179
Particle 15 new velocities: 55.4864, 54.7415
137.91, 250.058
100.05, 102.633
107.854, 138.596
Particle 16 new velocities: 75.5268, 30.1542
168.068, 126.682
98.3161, 115.201
44.8772, 274.405
Particle 17 new velocities: 169.801, 73.5301
138.328, 19.6327
129.02, 168.451
120.878, 158.357
Particle 18 new velocities: 138.146, 423.65
91.4621, 392.592
87.5644, 219.061
52.1554, 228.604
Particle 19 new velocities: 2.579, 11.4757
54.6658, 253.263
133.526, 90.6361
26.3096, 34.9615
Particle 20 new velocities: 67.6431, 16.4802
35.8973, 173.538
153.58, 74.2466
123.055, 211.694
-- ITERATION 4 --
-------------
Particle: 1:
Relays Coordinates:
109.02, 114.56
187.695, 168.747
130.796, 77.3794
105.706, 137.315
Evaluation Time: 1.2463 seconds
Resulting Fitness: 0.238889
-------------
Particle: 2:
Relays Coordinates:
120.991, 86.3523
121.579, 266.183
116.296, 105.306
134.438, 208.26
Evaluation Time: 1.30313 seconds
Resulting Fitness: 0.266667
-------------
Particle: 3:
Relays Coordinates:
116.091, 122.257
131.633, 265.721
129.578, 133.233
80.7078, 129.592
Evaluation Time: 1.37504 seconds
Resulting Fitness: 0.258333
-------------
Particle: 4:
Relays Coordinates:
118.84, 81.6114
111.692, 189.783
197.207, 99.6006
215.537, 51.0555
Evaluation Time: 1.29394 seconds
Resulting Fitness: 0.3
-------------
Particle: 5:
Relays Coordinates:
141.66, 26.7186
198.497, 243.84
176.999, 111.067
190.356, 254.605
Evaluation Time: 1.46174 seconds
Resulting Fitness: 0.308333
-------------
Particle: 6:
Relays Coordinates:
116.012, 45.4887
219.804, 421.847
173.539, 160.488
192.204, 303.468
Evaluation Time: 1.75781 seconds
Resulting Fitness: 0.477778
New local best!
-------------
Particle: 7:
Relays Coordinates:
95.6017, 116.365
172.342, 295.245
171.395, 154.308
178.123, 216.283
Evaluation Time: 1.62034 seconds
Resulting Fitness: 0.363889
-------------
Particle: 8:
Relays Coordinates:
92.7427, 17.8218
204.047, 223.049
137.72, 155.156
171.438, 290.916
Evaluation Time: 1.59959 seconds
Resulting Fitness: 0.388889
New local best!
-------------
Particle: 9:
Relays Coordinates:
43.5211, 20.0192
150.003, 239.148
122.364, 100.53
118.08, 101.287
Evaluation Time: 1.36013 seconds
Resulting Fitness: 0.263889
-------------
Particle: 10:
Relays Coordinates:
83.1152, 26.6979
198.95, 323.454
161.561, 156.274
160.755, 283.525
Evaluation Time: 1.6413 seconds
Resulting Fitness: 0.397222
-------------
Particle: 11:
Relays Coordinates:
14.4897, 0.0798903
174.056, 229.938
129.129, 93.5871
144.159, 240.257
Evaluation Time: 1.39902 seconds
Resulting Fitness: 0.263889
-------------
Particle: 12:
Relays Coordinates:
84.1183, 28.4116
192.559, 194.52
140.818, 159.156
86.3251, 224.582
Evaluation Time: 1.32771 seconds
Resulting Fitness: 0.288889
-------------
Particle: 13:
Relays Coordinates:
138.896, 61.429
65.574, 134.502
104.113, 103.093
118.464, 98.6868
Evaluation Time: 1.10357 seconds
Resulting Fitness: 0.144444
-------------
Particle: 14:
Relays Coordinates:
87.4283, 29.3563
137.437, 223.907
186.752, 138.134
130.4, 204.353
Evaluation Time: 1.3884 seconds
Resulting Fitness: 0.302778
-------------
Particle: 15:
Relays Coordinates:
109.786, 39.9065
237.791, 356.632
198.044, 166.633
186.541, 262.516
Evaluation Time: 1.72466 seconds
Resulting Fitness: 0.380556
-------------
Particle: 16:
Relays Coordinates:
97.2772, 32.472
243.217, 219.846
140.917, 178.337
81.6323, 310.739
Evaluation Time: 1.59847 seconds
Resulting Fitness: 0.377778
New local best!
-------------
Particle: 17:
Relays Coordinates:
143.918, 43.0643
155.443, 136.484
124.425, 124.527
113.736, 191.115
Evaluation Time: 1.21205 seconds
Resulting Fitness: 0.213889
-------------
Particle: 18:
Relays Coordinates:
90.5291, 193.71
77.1019, 193.71
74.4622, 125.098
51.4995, 150.333
Evaluation Time: 1.13826 seconds
Resulting Fitness: 0.15
-------------
Particle: 19:
Relays Coordinates:
52.2862, 30.5126
111.198, 239.148
175.321, 114.108
54.9948, 73.6868
Evaluation Time: 1.39179 seconds
Resulting Fitness: 0.261111
-------------
Particle: 20:
Relays Coordinates:
67.2843, 21.3621
43.3617, 244.041
174.748, 84.9486
149.114, 232.804
Evaluation Time: 1.35872 seconds
Resulting Fitness: 0.305556
New local best!
Current global best fitness: 0.497222
Current global best relays: 106.62, 34.2543
216.414, 405
174.363, 158.312
186.851, 291.668
Particle 1 new velocities: 151.032, 41.087
203.624, 266.604
123.167, 149.027
108.891, 211.621
Particle 2 new velocities: 116.459, 144.861
59.8665, 278.8
51.1845, 81.5857
94.5266, 156.468
Particle 3 new velocities: 198.676, 37.3077
119.586, 38.8978
140.209, 145.635
67.9221, 53.8387
Particle 4 new velocities: 83.0327, 90.8892
51.2442, 190.352
43.236, 63.3007
211.407, -6.81248
Particle 5 new velocities: -12.9091, 33.8566
103.289, 376.615
14.8871, 85.5789
71.5673, 106.32
Particle 6 new velocities: 6.09795, 5.89882
-0.974717, 6.13314
19.9058, 15.6811
-2.09913, -0.961032
Particle 7 new velocities: 61.9606, -0.695351
85.289, 136.664
105.022, 92.611
157.22, 152.504
Particle 8 new velocities: 82.6731, 29.0898
138.122, 166.017
140.099, 123.306
143.559, 188.745
Particle 9 new velocities: 71.2822, 36.2197
235.248, 112.432
174.445, 171.444
187.154, 208.987
Particle 10 new velocities: 42.8998, 14.0675
64.0576, 138.058
56.8351, 37.7907
54.4018, 52.5837
Particle 11 new velocities: 124.735, 45.2813
121.595, 261.958
99.6396, 94.1729
107.688, 153.921
Particle 12 new velocities: 38.4315, 23.9879
115.902, 267.963
102.81, 107.117
156.728, 138.322
Particle 13 new velocities: 208.714, 66.9455
133.866, 318.836
203.77, 214.9
286.001, 165.272
Particle 14 new velocities: 77.0424, 29.0468
127.804, 298.927
90.2426, 62.7751
97.1155, 208.241
Particle 15 new velocities: 40.8591, 36.2932
74.8982, 277.842
18.511, 58.6383
86.7737, 170.056
Particle 16 new velocities: 71.9261, 24.7337
108.079, 275.748
89.1801, 90.0152
66.7164, 209.603
Particle 17 new velocities: 209.932, 56.5542
173.455, 286.201
84.2152, 130.527
163.592, 133.794
Particle 18 new velocities: 109.665, -46.0747
190.691, -21.7583
61.9484, 221.971
130.625, 188.609
Particle 19 new velocities: 34.94, 44.1062
248.87, 224.819
203.492, 147.478
80.3948, 202.373
Particle 20 new velocities: 58.1119, 26.4348
196.399, 321.534
122.774, 68.8192
100.528, 207.261
-- ITERATION 5 --
-------------
Particle: 1:
Relays Coordinates:
124.382, 74.4454
187.167, 208.227
121.47, 108.29
102.641, 166.895
Evaluation Time: 1.28385 seconds
Resulting Fitness: 0.244444
-------------
Particle: 2:
Relays Coordinates:
140.212, 136.529
107.142, 295.245
98.8958, 110.358
135.201, 215.368
Evaluation Time: 1.45175 seconds
Resulting Fitness: 0.333333
-------------
Particle: 3:
Relays Coordinates:
206.518, 104.691
164.825, 199.86
177.007, 182.965
97.516, 120.349
Evaluation Time: 1.34535 seconds
Resulting Fitness: 0.286111
-------------
Particle: 4:
Relays Coordinates:
107.283, 91.6739
86.5912, 202.019
127.782, 86.5724
226.895, 23.5125
Evaluation Time: 1.25586 seconds
Resulting Fitness: 0.258333
-------------
Particle: 5:
Relays Coordinates:
104.288, 49.0659
244.447, 405
155.427, 159.283
212.158, 292.349
Evaluation Time: 1.6485 seconds
Resulting Fitness: 0.469444
New local best!
-------------
Particle: 6:
Relays Coordinates:
122.11, 51.3875
218.829, 427.98
193.444, 176.169
190.105, 302.507
Evaluation Time: 1.71144 seconds
Resulting Fitness: 0.502778
New local best!
New global best!
-------------
Particle: 7:
Relays Coordinates:
114.863, 84.3233
187.813, 314.862
201.508, 180.004
244.465, 268.846
Evaluation Time: 1.69994 seconds
Resulting Fitness: 0.391667
-------------
Particle: 8:
Relays Coordinates:
103.581, 27.7008
202.047, 229.74
164.05, 164.429
186.003, 283.235
Evaluation Time: 1.41503 seconds
Resulting Fitness: 0.325
-------------
Particle: 9:
Relays Coordinates:
61.0112, 29.8876
204.738, 186.844
157.737, 144.538
162.214, 164.892
Evaluation Time: 1.30773 seconds
Resulting Fitness: 0.258333
-------------
Particle: 10:
Relays Coordinates:
102.072, 33.02
213.036, 373.825
176.9, 157.192
174.277, 272.248
Evaluation Time: 1.68971 seconds
Resulting Fitness: 0.436111
-------------
Particle: 11:
Relays Coordinates:
101.495, 33.0683
215.53, 358.592
166.772, 136.877
183.597, 287.355
Evaluation Time: 1.63963 seconds
Resulting Fitness: 0.377778
New local best!
-------------
Particle: 12:
Relays Coordinates:
72.3644, 30.9414
182.143, 273.092
143.86, 157.231
143.521, 214.291
Evaluation Time: 1.41144 seconds
Resulting Fitness: 0.35
-------------
Particle: 13:
Relays Coordinates:
134.672, 49.7349
77.2671, 175.633
119.28, 123.197
156.698, 102.263
Evaluation Time: 1.21801 seconds
Resulting Fitness: 0.230556
-------------
Particle: 14:
Relays Coordinates:
107.909, 38.3183
174.025, 328.05
181.736, 131.817
149.273, 270.703
Evaluation Time: 1.67838 seconds
Resulting Fitness: 0.422222
New local best!
-------------
Particle: 15:
Relays Coordinates:
98.8382, 49.9946
205.155, 328.05
142.082, 147.801
179.322, 283.81
Evaluation Time: 1.59271 seconds
Resulting Fitness: 0.397222
-------------
Particle: 16:
Relays Coordinates:
99.9129, 33.7794
207.437, 292.643
135.87, 158.46
87.5984, 295.245
Evaluation Time: 1.59142 seconds
Resulting Fitness: 0.391667
New local best!
-------------
Particle: 17:
Relays Coordinates:
152.321, 42.8825
141.58, 181.952
89.8128, 109.792
119.381, 139.863
Evaluation Time: 1.17176 seconds
Resulting Fitness: 0.225
-------------
Particle: 18:
Relays Coordinates:
118.213, 87.1773
158.129, 101.536
80.5491, 204.941
107.543, 200.142
Evaluation Time: 1.17968 seconds
Resulting Fitness: 0.222222
-------------
Particle: 19:
Relays Coordinates:
51.5062, 44.0617
212.617, 273.968
223.685, 154.464
79.9462, 163.011
Evaluation Time: 1.56541 seconds
Resulting Fitness: 0.375
-------------
Particle: 20:
Relays Coordinates:
66.6406, 25.4013
127.419, 265.721
158.115, 81.7185
132.67, 233.869
Evaluation Time: 1.39516 seconds
Resulting Fitness: 0.263889
Current global best fitness: 0.502778
Current global best relays: 122.11, 51.3875
218.829, 427.98
193.444, 176.169
190.105, 302.507
Particle 1 new velocities: 276.19, 262.811
209.932, 436.051
131.075, 102.624
178.409, 161.979
Particle 2 new velocities: 86.0106, 124.649
124.141, 33.3374
104.448, 128.374
97.22, 170.617
Particle 3 new velocities: 83.618, 67.3487
108.847, 457.995
101.921, 126.098
63.9274, 237.778
Particle 4 new velocities: 110.629, 100.545
187.572, 97.7677
141.403, 120.847
378.466, 249.177
Particle 5 new velocities: 0.775497, 29.7153
54.0337, 21.3663
28.2897, 83.9623
50.7613, 90.556
Particle 6 new velocities: 4.87836, 4.71906
-0.779774, 4.90651
15.9246, 12.5449
-1.67931, -0.768825
Particle 7 new velocities: 40.0546, -2.81922
101.07, 236.498
75.4715, 27.3732
66.9006, 121.397
Particle 8 new velocities: 74.633, 33.501
122.281, 358.672
140.352, 108.165
107.289, 161.366
Particle 9 new velocities: 70.9053, 45.405
198.119, 375.895
156.331, 113.622
99.33, 235.07
Particle 10 new velocities: 34.8524, -34.0959
26.6002, 162.255
-3.14805, 35.6745
32.5531, 17.4507
Particle 11 new velocities: 120.467, 44.0382
98.0821, 247.568
87.0479, 103.602
90.5257, 125.578
Particle 12 new velocities: 72.0771, 35.0908
126.142, 277.887
87.4102, 121.977
178.531, 194.632
Particle 13 new velocities: 192.659, 93.0535
214.637, 198.286
197.288, 364.997
275.009, 222.851
Particle 14 new velocities: 62.4542, 38.2023
125.11, 32.0393
80.2276, 103.742
113.31, 175.302
Particle 15 new velocities: 44.1035, 12.6428
77.3502, 174.028
71.9779, 92.1482
85.9053, 151.843
Particle 16 new velocities: 62.986, 26.5712
88.8126, 320.147
90.9083, 76.5193
158.237, 1.08429
Particle 17 new velocities: 185.747, 49.6243
255.339, 390.678
120.295, 185.706
199.988, 332.359
Particle 18 new velocities: 56.6603, -1.31926
157.777, 93.8881
22.6351, 63.7617
40.6932, -51.1698
Particle 19 new velocities: 126.873, 45.9186
180.618, 356.954
134.963, 117.59
87.8656, 247.197
Particle 20 new velocities: 63.0829, 43.4107
197.263, 140.193
157.344, 82.0002
129.219, 219.446
-- ITERATION 6 --
-------------
Particle: 1:
Relays Coordinates:
172.433, 145.178
170.938, 215.234
108.712, 90.7914
120.982, 141.569
Evaluation Time: 1.30166 seconds
Resulting Fitness: 0.272222
-------------
Particle: 2:
Relays Coordinates:
108.201, 124.921
110.622, 157.16
97.2586, 114.185
111.166, 184.616
Evaluation Time: 1.11703 seconds
Resulting Fitness: 0.197222
-------------
Particle: 3:
Relays Coordinates:
124.894, 74.0573
117.807, 215.234
120.069, 133.042
69.4961, 154.162
Evaluation Time: 1.20346 seconds
Resulting Fitness: 0.205556
-------------
Particle: 4:
Relays Coordinates:
115.807, 102.153
145.701, 159.319
143.056, 110.231
265.721, 144.919
Evaluation Time: 1.47341 seconds
Resulting Fitness: 0.336111
-------------
Particle: 5:
Relays Coordinates:
85.1015, 63.8128
241.769, 345.357
148.811, 197.029
212.964, 310.153
Evaluation Time: 1.53259 seconds
Resulting Fitness: 0.383333
-------------
Particle: 6:
Relays Coordinates:
114.29, 50.4959
196.244, 389.598
188.432, 169.843
169.583, 271.565
Evaluation Time: 1.72164 seconds
Resulting Fitness: 0.497222
-------------
Particle: 7:
Relays Coordinates:
125.483, 66.0183
233.996, 405
224.353, 167.976
252.206, 316.097
Evaluation Time: 1.72064 seconds
Resulting Fitness: 0.4
-------------
Particle: 8:
Relays Coordinates:
105.234, 36.1391
191.512, 295.245
179.746, 160.964
173.186, 262.532
Evaluation Time: 1.49786 seconds
Resulting Fitness: 0.355556
-------------
Particle: 9:
Relays Coordinates:
77.8954, 44.4596
237.883, 295.245
185.454, 152.441
154.439, 236.174
Evaluation Time: 1.57903 seconds
Resulting Fitness: 0.383333
New local best!
-------------
Particle: 10:
Relays Coordinates:
89.8362, 0
157.225, 328.05
113.999, 126.54
135.701, 190.071
Evaluation Time: 1.49991 seconds
Resulting Fitness: 0.361111
-------------
Particle: 11:
Relays Coordinates:
145.629, 50.5896
205.761, 328.05
166.531, 157.778
179.852, 270.925
Evaluation Time: 1.80583 seconds
Resulting Fitness: 0.35
-------------
Particle: 12:
Relays Coordinates:
94.768, 43.3238
202.266, 328.05
151.736, 183.189
211.298, 268.294
Evaluation Time: 1.57503 seconds
Resulting Fitness: 0.391667
New local best!
-------------
Particle: 13:
Relays Coordinates:
140.905, 61.4657
125.655, 160.96
136.272, 210.152
185.835, 139.951
Evaluation Time: 1.31695 seconds
Resulting Fitness: 0.266667
-------------
Particle: 14:
Relays Coordinates:
137.994, 61.9817
242.299, 291.672
212.19, 190.803
212.692, 361.264
Evaluation Time: 1.69713 seconds
Resulting Fitness: 0.375
-------------
Particle: 15:
Relays Coordinates:
104.205, 45.6627
205.947, 364.5
156.049, 174.923
193.351, 317.591
Evaluation Time: 1.63797 seconds
Resulting Fitness: 0.416667
-------------
Particle: 16:
Relays Coordinates:
118.753, 43.9956
215.966, 364.5
165.321, 171.3
179.214, 216.024
Evaluation Time: 1.5692 seconds
Resulting Fitness: 0.375
-------------
Particle: 17:
Relays Coordinates:
145.527, 39.8211
170.86, 215.234
90.4443, 127.202
137.478, 203.276
Evaluation Time: 1.34093 seconds
Resulting Fitness: 0.255556
-------------
Particle: 18:
Relays Coordinates:
127.482, 62.5905
230.296, 142.464
75.2212, 195.884
108.064, 108.601
Evaluation Time: 1.4521 seconds
Resulting Fitness: 0.330556
New local best!
-------------
Particle: 19:
Relays Coordinates:
105.331, 53.1324
232.202, 295.245
211.778, 160.645
99.0912, 242.224
Evaluation Time: 1.56571 seconds
Resulting Fitness: 0.377778
-------------
Particle: 20:
Relays Coordinates:
76.6005, 40.6328
191.721, 239.688
186.276, 96.6743
154.643, 267.678
Evaluation Time: 1.49689 seconds
Resulting Fitness: 0.355556
New local best!
Current global best fitness: 0.502778
Current global best relays: 122.11, 51.3875
218.829, 427.98
193.444, 176.169
190.105, 302.507
Particle 1 new velocities: 224.033, 199.317
233.928, -15.0945
153.293, 139.101
187.306, 113.982
Particle 2 new velocities: 135.534, 88.5538
178.68, 376.94
208.141, 108.512
185.963, 193.454
Particle 3 new velocities: 146.633, 218.37
115.309, 315.328
113.847, 188.717
18.3671, 324.557
Particle 4 new velocities: 105.919, 216.629
181.453, 154.336
155.106, 93.4393
38.6159, 345.055
Particle 5 new velocities: 43.0971, -5.69392
17.8441, 200.983
75.9884, 31.6359
36.322, 40.5136
Particle 6 new velocities: 23.4051, 5.9745
56.0656, 41.5716
13.6861, 17.2511
42.3143, 51.539
Particle 7 new velocities: -10.8898, 64.1949
42.6133, -23.2182
12.3256, 5.63044
10.8552, 84.5925
Particle 8 new velocities: 68.3012, 15.1018
141.532, 71.4886
62.5153, 102.263
102.159, 149.783
Particle 9 new velocities: 69.6231, 40.3721
157.924, 31.0893
125.611, 105.024
124.576, 232.018
Particle 10 new velocities: 31.4748, 0.879181
28.0049, 129.65
84.4117, 51.0728
30.8697, 119.214
Particle 11 new velocities: 24.4724, 10.2289
86.6891, 23.2755
91.3042, 89.3033
84.2191, 139.901
Particle 12 new velocities: 59.5834, 32.0155
108.14, 120.424
104.909, 89.6184
129.619, 185.771
Particle 13 new velocities: 218.41, 73.8183
237.079, 50.8973
180.849, 378.352
222.437, 240.396
Particle 14 new velocities: 18.9757, 2.04359
78.9765, 82.2267
13.8094, -19.3876
72.4634, -47.2727
Particle 15 new velocities: 48.8703, 14.7822
76.0488, 118.373
93.7404, 68.2739
61.3003, 111.15
Particle 16 new velocities: 44.0192, 28.6951
63.9204, 61.0628
56.7723, 56.2657
-3.06961, 102.088
Particle 17 new velocities: 179.133, 46.5009
226.916, 248.335
106.08, 150.71
226.897, 390.912
Particle 18 new velocities: 39.0764, -4.16158
116.629, 224.167
48.9476, 28.0945
124.488, 17.4416
Particle 19 new velocities: 120.879, 33.5774
57.5398, 25.5275
108.467, 94.759
116.691, 222.3
Particle 20 new velocities: 60.4421, 47.1312
176.392, 141.847
126.937, 133.83
116.309, 198.141
-- ITERATION 7 --
-------------
Particle: 1:
Relays Coordinates:
170.666, 148.294
174.281, 86.1533
112.785, 98.9612
132.708, 110.006
Evaluation Time: 1.20725 seconds
Resulting Fitness: 0.194444
-------------
Particle: 2:
Relays Coordinates:
116.578, 102.104
138.372, 239.148
146.072, 106.515
142.116, 180.83
Evaluation Time: 1.30891 seconds
Resulting Fitness: 0.241667
-------------
Particle: 3:
Relays Coordinates:
105.195, 113.292
90.3139, 193.71
90.6238, 124.656
34.04, 185.465
Evaluation Time: 1.121 seconds
Resulting Fitness: 0.161111
-------------
Particle: 4:
Relays Coordinates:
85.9012, 123.503
126.746, 121.516
115.514, 78.9061
117.906, 189.826
Evaluation Time: 1.17632 seconds
Resulting Fitness: 0.230556
-------------
Particle: 5:
Relays Coordinates:
93.4568, 42.3686
189.258, 364.5
163.879, 166.696
181.73, 255.636
Evaluation Time: 1.6597 seconds
Resulting Fitness: 0.441667
-------------
Particle: 6:
Relays Coordinates:
137.695, 56.4704
252.31, 431.17
202.118, 187.094
211.898, 323.104
Evaluation Time: 1.74173 seconds
Resulting Fitness: 0.408333
-------------
Particle: 7:
Relays Coordinates:
83.5386, 94.9254
201.648, 278.319
172.539, 126.559
191.772, 292.103
Evaluation Time: 1.46821 seconds
Resulting Fitness: 0.341667
-------------
Particle: 8:
Relays Coordinates:
113.856, 33.6191
218.511, 240.614
158.948, 172.703
180.654, 270.52
Evaluation Time: 1.44578 seconds
Resulting Fitness: 0.336111
-------------
Particle: 9:
Relays Coordinates:
87.1082, 50.0922
233.72, 192.697
183.681, 152.03
164.756, 276.463
Evaluation Time: 1.64335 seconds
Resulting Fitness: 0.388889
New local best!
-------------
Particle: 10:
Relays Coordinates:
88.4358, 0.640923
135.033, 333.663
144.641, 129.48
121.43, 225.469
Evaluation Time: 1.59103 seconds
Resulting Fitness: 0.402778
-------------
Particle: 11:
Relays Coordinates:
124.004, 44.3367
213.196, 256.116
187.962, 180.122
192.508, 299.492
Evaluation Time: 1.55207 seconds
Resulting Fitness: 0.369444
-------------
Particle: 12:
Relays Coordinates:
101.27, 49.4301
203.657, 294.243
168.385, 178.989
223.675, 297.912
Evaluation Time: 1.46805 seconds
Resulting Fitness: 0.35
-------------
Particle: 13:
Relays Coordinates:
139.206, 52.4118
140.531, 82.0778
122.859, 193.71
158.173, 147.354
Evaluation Time: 1.25362 seconds
Resulting Fitness: 0.227778
-------------
Particle: 14:
Relays Coordinates:
141.273, 57.6227
289.148, 336.509
203.4, 154.274
256.64, 282.592
Evaluation Time: 1.6095 seconds
Resulting Fitness: 0.35
-------------
Particle: 15:
Relays Coordinates:
111.592, 44.0644
205.575, 352.014
182.097, 177.29
185.64, 312.552
Evaluation Time: 1.61993 seconds
Resulting Fitness: 0.405556
-------------
Particle: 16:
Relays Coordinates:
131.846, 58.8794
226.708, 344.706
179.896, 184.328
142.677, 257.67
Evaluation Time: 1.63453 seconds
Resulting Fitness: 0.386111
-------------
Particle: 17:
Relays Coordinates:
139.755, 37.1588
171.23, 199.551
84.5974, 119.632
156.851, 215.234
Evaluation Time: 1.29738 seconds
Resulting Fitness: 0.244444
-------------
Particle: 18:
Relays Coordinates:
88.5161, 31.0515
184.37, 194.843
65.9884, 119.031
123.588, 66.9841
Evaluation Time: 1.27565 seconds
Resulting Fitness: 0.247222
-------------
Particle: 19:
Relays Coordinates:
133.575, 51.2013
171.089, 189.413
189.102, 150.814
127.417, 274.297
Evaluation Time: 1.48308 seconds
Resulting Fitness: 0.325
-------------
Particle: 20:
Relays Coordinates:
89.9136, 57.582
241.519, 250.325
205.498, 151.234
177.772, 305.624
Evaluation Time: 1.74072 seconds
Resulting Fitness: 0.416667
New local best!
Current global best fitness: 0.502778
Current global best relays: 122.11, 51.3875
218.829, 427.98
193.444, 176.169
190.105, 302.507
Particle 1 new velocities: 207.804, 75.3944
251.418, 364.875
170.006, 73.5299
131.395, 255.913
Particle 2 new velocities: 137.639, 97.609
171.158, 170.349
160.608, 146.694
156.328, 236.689
Particle 3 new velocities: 250.512, 231.687
226.72, 220.776
205.17, 276.739
118.052, 208.91
Particle 4 new velocities: 156.853, 173.856
268.001, 186.007
232.789, 98.0932
99.9549, 261.918
Particle 5 new velocities: 72.3435, 8.83774
43.2187, 134.618
72.6551, 24.4522
56.782, 106.528
Particle 6 new velocities: -6.83923, -0.851501
21.2237, 27.778
5.60061, -0.866375
15.8644, 11.5073
Particle 7 new velocities: -9.1427, -2.20298
30.8718, 100.466
32.2158, 60.2856
45.2444, 1.28669
Particle 8 new velocities: 39.7014, 4.54793
110.496, 145.918
36.0078, 70.1404
83.5607, 152.51
Particle 9 new velocities: 87.2154, 32.7306
111.984, 290.395
102.912, 84.9869
102.947, 185.854
Particle 10 new velocities: 55.7326, 49.8112
102.4, 227.154
109.21, 69.5389
44.5745, 127.42
Particle 11 new velocities: -13.7801, 0.312236
72.1184, 297.801
60.5414, 1.7967
50.0677, 94.0882
Particle 12 new velocities: 58.7641, 18.1055
87.545, 258.418
95.7841, 69.4923
74.6796, 151.881
Particle 13 new velocities: 312.425, 66.4407
205.871, 163.111
269.99, 78.3995
221.172, 275.883
Particle 14 new velocities: -4.49302, -24.8535
-19.3852, 165.111
-19.5111, -26.2897
-194.39, -47.5989
Particle 15 new velocities: 45.93, 3.65028
86.1527, 229.91
83.6854, 45.832
56.2577, 51.9744
Particle 16 new velocities: 24.3026, 5.57651
19.3877, 23.0093
28.1915, 8.5091
-36.497, 144.59
Particle 17 new velocities: 196.244, 52.701
224.973, 358.297
180.795, 170.883
200.827, 93.8513
Particle 18 new velocities: 135.672, 45.7112
119.841, 151.817
187.239, 83.1325
94.879, 85.0424
Particle 19 new velocities: 54.3643, 27.6138
92.2937, 63.7008
110.532, 93.7586
95.7268, 186.503
Particle 20 new velocities: 50.7654, 33.6851
117.171, 339.795
100.917, 121.146
104.801, 156.18
-- ITERATION 8 --
-------------
Particle: 1:
Relays Coordinates:
162.919, 96.2903
183.25, 194.153
121.732, 74.2518
113.688, 157.516
Evaluation Time: 1.28343 seconds
Resulting Fitness: 0.266667
-------------
Particle: 2:
Relays Coordinates:
121.591, 95.5222
148.047, 195.861
146.684, 121.109
142.745, 199.698
Evaluation Time: 1.25754 seconds
Resulting Fitness: 0.225
-------------
Particle: 3:
Relays Coordinates:
124.027, 120.287
110.543, 144.522
103.137, 139.958
53.0314, 137.51
Evaluation Time: 1.1152 seconds
Resulting Fitness: 0.15
-------------
Particle: 4:
Relays Coordinates:
94.0478, 115.203
152.933, 119.141
134.94, 68.5732
84.4038, 175.015
Evaluation Time: 1.16837 seconds
Resulting Fitness: 0.208333
-------------
Particle: 5:
Relays Coordinates:
134.298, 41.4772
188.306, 404.286
191.592, 154.83
193.195, 293.353
Evaluation Time: 1.76249 seconds
Resulting Fitness: 0.508333
New local best!
New global best!
-------------
Particle: 6:
Relays Coordinates:
130.855, 55.6189
273.534, 458.948
207.719, 186.228
227.762, 334.611
Evaluation Time: 1.71495 seconds
Resulting Fitness: 0.366667
-------------
Particle: 7:
Relays Coordinates:
66.9563, 83.4502
209.268, 340.906
184.279, 168.16
213.314, 264.05
Evaluation Time: 1.61914 seconds
Resulting Fitness: 0.411111
-------------
Particle: 8:
Relays Coordinates:
111.944, 27.8238
239.846, 281.782
142.123, 177.033
192.612, 308.389
Evaluation Time: 1.51751 seconds
Resulting Fitness: 0.369444
-------------
Particle: 9:
Relays Coordinates:
114.374, 54.3401
226.816, 316.957
188.033, 155.507
175.64, 303.326
Evaluation Time: 1.5947 seconds
Resulting Fitness: 0.397222
New local best!
-------------
Particle: 10:
Relays Coordinates:
116.776, 40.8662
192.321, 405
205.619, 161.205
134.464, 285.84
Evaluation Time: 1.849 seconds
Resulting Fitness: 0.452778
New local best!
-------------
Particle: 11:
Relays Coordinates:
80.3533, 32.5491
207.994, 364.5
181.159, 132.619
176.837, 286.92
Evaluation Time: 1.67309 seconds
Resulting Fitness: 0.383333
New local best!
-------------
Particle: 12:
Relays Coordinates:
116.665, 49.2334
212.286, 364.5
192.579, 181.143
217.501, 327.899
Evaluation Time: 1.60578 seconds
Resulting Fitness: 0.402778
New local best!
-------------
Particle: 13:
Relays Coordinates:
157.474, 41.4413
120.783, 85.4921
136.978, 94.8788
132.27, 147.574
Evaluation Time: 1.19597 seconds
Resulting Fitness: 0.188889
-------------
Particle: 14:
Relays Coordinates:
58.8793, 14.1061
116.124, 215.234
79.1581, 55.093
26.7966, 101.157
Evaluation Time: 1.14912 seconds
Resulting Fitness: 0.222222
-------------
Particle: 15:
Relays Coordinates:
114.833, 34.784
212.669, 364.5
193.755, 162.656
176.344, 265.74
Evaluation Time: 1.68192 seconds
Resulting Fitness: 0.441667
-------------
Particle: 16:
Relays Coordinates:
126.48, 52.2093
199.337, 297.849
168.551, 156.198
86.0056, 325.831
Evaluation Time: 1.64763 seconds
Resulting Fitness: 0.433333
New local best!
-------------
Particle: 17:
Relays Coordinates:
144.637, 38.6817
170.552, 215.234
114.243, 125.057
153.969, 133.051
Evaluation Time: 1.25821 seconds
Resulting Fitness: 0.238889
-------------
Particle: 18:
Relays Coordinates:
132.381, 45.3276
179.634, 204.699
149.528, 119.376
129.002, 89.7701
Evaluation Time: 1.25327 seconds
Resulting Fitness: 0.241667
-------------
Particle: 19:
Relays Coordinates:
137.008, 57.4562
192.006, 184.52
218.433, 178.293
162.672, 335.923
Evaluation Time: 1.63519 seconds
Resulting Fitness: 0.355556
-------------
Particle: 20:
Relays Coordinates:
83.0696, 53.8923
211.803, 295.245
180.935, 160.838
166.857, 272.691
Evaluation Time: 1.51432 seconds
Resulting Fitness: 0.355556
Current global best fitness: 0.508333
Current global best relays: 134.298, 41.4772
188.306, 404.286
191.592, 154.83
193.195, 293.353
Particle 1 new velocities: 237.171, 72.5034
245.786, 470.806
186.686, 65.7126
174.137, 207.622
Particle 2 new velocities: 145.724, 81.7524
114.696, 416.858
137.473, 72.0583
176.348, 321.997
Particle 3 new velocities: 219.32, 227.756
298.223, 323.421
276.767, 244
242.778, 245.522
Particle 4 new velocities: 193.188, 222.476
198.914, 173.75
282.166, 138.829
163.109, 178.653
Particle 5 new velocities: 57.8748, 7.07019
34.5749, 107.694
58.1241, 19.5618
45.4256, 85.2223
Particle 6 new velocities: -8.6283, -7.4304
-97.5847, -24.4246
-14.2903, -46.505
-50.5851, -82.6919
Particle 7 new velocities: 57.0977, 36.8669
0.895935, 153.417
23.6692, 0.497028
52.0851, -36.9062
Particle 8 new velocities: 21.2883, 5.8101
23.77, 109.855
85.8326, 25.3296
36.15, 80.9687
Particle 9 new velocities: 80.5185, 20.8249
70.1052, 283.084
82.6761, 67.7527
93.605, 136.07
Particle 10 new velocities: 53.9647, 40.5532
78.6581, -0.896219
73.7657, 48.8255
107.584, 110.607
Particle 11 new velocities: 9.78435, 4.16491
52.8831, 48.7971
51.2746, 15.6645
47.6025, 75.4061
Particle 12 new velocities: 55.1701, 10.2767
38.9276, 51.2303
76.1866, 50.0341
51.2427, 82.8726
Particle 13 new velocities: 303.338, 67.6124
219.546, 373.595
274.73, 283.833
249.719, 304.88
Particle 14 new velocities: 66.7494, -8.73858
112.736, 156.655
135.818, 132.91
5.55361, 223.099
Particle 15 new velocities: 60.1201, 7.39144
60.1881, 71.0854
48.5025, 29.6055
64.4896, 68.6247
Particle 16 new velocities: 23.0382, 0.655359
14.8507, 54.3414
40.9626, 5.12441
-14.1497, 103.967
Particle 17 new velocities: 217.62, 46.7195
190.88, 158.454
223.326, 164.332
181.978, 186.726
Particle 18 new velocities: 104.22, 44.8431
140.483, 72.2209
116.469, 163.079
95.5489, 120.548
Particle 19 new velocities: 23.0327, 1.68025
63.8726, 245.99
77.757, 10.4451
48.8252, 46.0902
Particle 20 new velocities: 47.1678, 15.7038
125.665, 75.4106
108.443, 81.9105
109.817, 148.833
-- ITERATION 9 --
-------------
Particle: 1:
Relays Coordinates:
172.226, 72.6601
184.686, 215.234
132.764, 60.2501
123.899, 157.18
Evaluation Time: 1.35954 seconds
Resulting Fitness: 0.277778
-------------
Particle: 2:
Relays Coordinates:
127.856, 84.7899
125.669, 239.148
135.912, 92.3914
152.621, 239.148
Evaluation Time: 1.34701 seconds
Resulting Fitness: 0.244444
-------------
Particle: 3:
Relays Coordinates:
107.746, 109.219
128.275, 146.845
119.218, 120.49
92.8283, 120.2
Evaluation Time: 1.09831 seconds
Resulting Fitness: 0.161111
-------------
Particle: 4:
Relays Coordinates:
100.153, 117.741
122.681, 102.125
145.436, 72.3165
86.3023, 123.316
Evaluation Time: 1.09049 seconds
Resulting Fitness: 0.15
-------------
Particle: 5:
Relays Coordinates:
140.094, 35.391
162.48, 364.5
182.043, 127.132
173.954, 275.981
Evaluation Time: 1.82648 seconds
Resulting Fitness: 0.430556
-------------
Particle: 6:
Relays Coordinates:
99.004, 39.0327
142.519, 351.964
156.677, 113.175
143.513, 204.054
Evaluation Time: 1.69692 seconds
Resulting Fitness: 0.483333
-------------
Particle: 7:
Relays Coordinates:
65.9274, 63.9414
111.69, 262.704
110.512, 89.6313
141.044, 120.714
Evaluation Time: 1.30345 seconds
Resulting Fitness: 0.236111
-------------
Particle: 8:
Relays Coordinates:
97.126, 24.5191
192.176, 285.503
166.179, 147.522
166.768, 283.842
Evaluation Time: 1.4869 seconds
Resulting Fitness: 0.347222
-------------
Particle: 9:
Relays Coordinates:
127.869, 49.3157
194.81, 328.05
177.612, 146.481
176.652, 288.288
Evaluation Time: 1.61151 seconds
Resulting Fitness: 0.35
-------------
Particle: 10:
Relays Coordinates:
138.3, 65.9497
219.493, 327.324
226.302, 170.125
196.059, 321.122
Evaluation Time: 1.5965 seconds
Resulting Fitness: 0.280556
-------------
Particle: 11:
Relays Coordinates:
59.1393, 24.0881
171.162, 271.164
152.5, 97.2888
147.255, 237.722
Evaluation Time: 1.44289 seconds
Resulting Fitness: 0.338889
-------------
Particle: 12:
Relays Coordinates:
125.268, 43.3828
183.135, 303.067
195.93, 168.528
195.914, 299.452
Evaluation Time: 1.63118 seconds
Resulting Fitness: 0.394444
-------------
Particle: 13:
Relays Coordinates:
144.608, 34.2222
106.799, 144.066
129.198, 118.844
119.872, 141.985
Evaluation Time: 1.14976 seconds
Resulting Fitness: 0.169444
-------------
Particle: 14:
Relays Coordinates:
91.5833, 3.91292
166.839, 271.107
156.717, 137.054
23.5833, 236.383
Evaluation Time: 1.43746 seconds
Resulting Fitness: 0.322222
-------------
Particle: 15:
Relays Coordinates:
141.712, 34.1621
221.014, 352.824
196.229, 155.732
195.075, 270.835
Evaluation Time: 1.72911 seconds
Resulting Fitness: 0.413889
-------------
Particle: 16:
Relays Coordinates:
121.11, 42.8204
173.492, 285.274
169.706, 130.671
58.2033, 348.136
Evaluation Time: 1.66802 seconds
Resulting Fitness: 0.416667
-------------
Particle: 17:
Relays Coordinates:
140.346, 33.0862
140.026, 144.774
130.781, 112.115
130.153, 123.888
Evaluation Time: 1.12105 seconds
Resulting Fitness: 0.166667
-------------
Particle: 18:
Relays Coordinates:
139.71, 53.2449
189.026, 163.519
157.068, 166.787
132.595, 124.191
Evaluation Time: 1.26222 seconds
Resulting Fitness: 0.238889
-------------
Particle: 19:
Relays Coordinates:
116.67, 43.1105
186.536, 313.842
215.923, 137.59
154.181, 278.487
Evaluation Time: 1.59164 seconds
Resulting Fitness: 0.375
-------------
Particle: 20:
Relays Coordinates:
85.4488, 45.662
221.412, 243.187
189.861, 159.267
181.526, 276.562
Evaluation Time: 1.51044 seconds
Resulting Fitness: 0.333333
Current global best fitness: 0.508333
Current global best relays: 134.298, 41.4772
188.306, 404.286
191.592, 154.83
193.195, 293.353
Particle 1 new velocities: 243.717, 138.532
203.312, 0.0317928
170.156, 101.579
187.826, 223.165
Particle 2 new velocities: 146.099, 116.801
122.251, 117.689
153.984, 136.85
152.952, 37.1702
Particle 3 new velocities: 235.2, 226.722
315.386, 623.331
258.981, 302.644
291.772, 283.688
Particle 4 new velocities: 248.85, 221.121
236.946, 488.141
341.383, 140.396
324.432, 206.677
Particle 5 new velocities: 34.8829, 14.5625
82.3952, 43.9734
69.2956, 36.6896
51.6451, 102.125
Particle 6 new velocities: 47.6922, 7.22548
-6.28451, 49.3926
21.3475, 42.5698
20.9347, 39.4771
Particle 7 new velocities: 80.7128, 78.4943
72.4592, 188.884
89.13, 57.7318
219.085, 161.704
Particle 8 new velocities: 18.8864, 21.7801
30.2242, 112.58
65.0422, 25.1521
64.5639, 75.4556
Particle 9 new velocities: 48.921, 20.356
85.4036, 23.2896
89.2711, 72.3377
94.5754, 117.633
Particle 10 new velocities: 12.2697, -29.6441
37.547, 157.904
8.26987, 26.026
0.634565, 44.1184
Particle 11 new velocities: 131.697, 28.8975
99.3635, 197.022
104.423, 122.047
107.243, 88.2556
Particle 12 new velocities: 41.0461, 15.9552
79.3513, 193.34
56.4633, 38.292
43.3166, 79.8522
Particle 13 new velocities: 332.468, 92.4001
211.558, 522.94
368.796, 369.278
262.385, 424.404
Particle 14 new velocities: 64.2343, 61.8291
117.398, 282.405
148.316, 116.06
195.152, 275.99
Particle 15 new velocities: 9.904, 10.8763
17.6176, 133.103
27.1436, 26.1499
42.2178, 77.9483
Particle 16 new velocities: 32.7084, 7.8819
54.4582, 126.498
41.4878, 32.7831
132.412, 4.74141
Particle 17 new velocities: 219.98, 57.7581
213.897, 390.065
168.144, 150.906
212.206, 293.209
Particle 18 new velocities: 67.0225, 42.7412
117.874, 66.5399
11.1323, 159.779
88.8322, 236.492
Particle 19 new velocities: 23.2513, 9.91645
46.3036, 206.004
78.0958, 40.6619
28.0886, -135.457
Particle 20 new velocities: 84.4326, 26.8018
68.228, 94.5357
110.591, 62.2891
89.4791, 173.597
-- ITERATION 10 --
-------------
Particle: 1:
Relays Coordinates:
179.049, 90.9113
167.02, 92.6647
130.397, 69.6621
134.188, 163.726
Evaluation Time: 1.19276 seconds
Resulting Fitness: 0.241667
-------------
Particle: 2:
Relays Coordinates:
117.929, 86.7784
106.722, 153.607
124.791, 98.681
131.539, 118.946
Evaluation Time: 1.15134 seconds
Resulting Fitness: 0.169444
-------------
Particle: 3:
Relays Coordinates:
107.62, 105.422
139.225, 156.905
118.683, 132.784
120.692, 126.744
Evaluation Time: 1.1479 seconds
Resulting Fitness: 0.175
-------------
Particle: 4:
Relays Coordinates:
109.521, 106.339
112.855, 156.905
152.769, 66.7515
128.893, 103.555
Evaluation Time: 1.16699 seconds
Resulting Fitness: 0.161111
-------------
Particle: 5:
Relays Coordinates:
114.802, 32.7745
160.663, 267.999
164.903, 107.483
148.016, 248.076
Evaluation Time: 1.59789 seconds
Resulting Fitness: 0.347222
-------------
Particle: 6:
Relays Coordinates:
132.027, 41.6324
122.611, 361.221
160.222, 140.171
148.003, 219.178
Evaluation Time: 1.71651 seconds
Resulting Fitness: 0.483333
-------------
Particle: 7:
Relays Coordinates:
86.5896, 84.1069
108.738, 266.658
117.887, 87.0164
212.653, 166.765
Evaluation Time: 1.62316 seconds
Resulting Fitness: 0.297222
-------------
Particle: 8:
Relays Coordinates:
93.97, 37.5023
180.144, 322.447
187.289, 139.866
187.379, 291.031
Evaluation Time: 1.62048 seconds
Resulting Fitness: 0.355556
-------------
Particle: 9:
Relays Coordinates:
143.2, 56.4341
226.973, 284.585
216.176, 177.243
219.694, 328.796
Evaluation Time: 1.64062 seconds
Resulting Fitness: 0.355556
-------------
Particle: 10:
Relays Coordinates:
121.962, 29.4076
208.202, 393.035
190.003, 158.882
159.322, 295.845
Evaluation Time: 1.69888 seconds
Resulting Fitness: 0.436111
-------------
Particle: 11:
Relays Coordinates:
139.12, 38.6265
197.213, 341.308
187.297, 159.896
185.529, 237.638
Evaluation Time: 1.61784 seconds
Resulting Fitness: 0.372222
-------------
Particle: 12:
Relays Coordinates:
134.714, 48.0638
212.614, 402.09
204.439, 167.524
193.777, 307.237
Evaluation Time: 1.8115 seconds
Resulting Fitness: 0.483333
New local best!
-------------
Particle: 13:
Relays Coordinates:
149.711, 39.7354
99.9038, 156.905
156.276, 153.178
119.956, 156.905
Evaluation Time: 1.16959 seconds
Resulting Fitness: 0.208333
-------------
Particle: 14:
Relays Coordinates:
92.0088, 38.82
167.839, 295.245
180.119, 149.461
129.161, 295.245
Evaluation Time: 1.57467 seconds
Resulting Fitness: 0.377778
-------------
Particle: 15:
Relays Coordinates:
136.455, 40.5345
214.769, 437.335
201.035, 163.694
213.563, 313.905
Evaluation Time: 1.81234 seconds
Resulting Fitness: 0.486111
-------------
Particle: 16:
Relays Coordinates:
124.593, 41.0688
184.64, 333.536
171.067, 132.398
154.398, 285.831
Evaluation Time: 1.56364 seconds
Resulting Fitness: 0.352778
-------------
Particle: 17:
Relays Coordinates:
139.598, 35.1949
137.117, 193.71
115.809, 101.9
132.637, 161.592
Evaluation Time: 1.20566 seconds
Resulting Fitness: 0.216667
-------------
Particle: 18:
Relays Coordinates:
135.637, 62.9765
201.357, 150.941
110.357, 214.26
145.279, 236.644
Evaluation Time: 1.44114 seconds
Resulting Fitness: 0.275
-------------
Particle: 19:
Relays Coordinates:
60.2313, 22.8263
100.23, 215.234
126.565, 76.7317
78.4612, 61.5698
Evaluation Time: 1.21685 seconds
Resulting Fitness: 0.213889
-------------
Particle: 20:
Relays Coordinates:
123.844, 52.8261
211.148, 246.2
219.03, 161.514
197.562, 328.165
Evaluation Time: 1.74701 seconds
Resulting Fitness: 0.394444
Current global best fitness: 0.508333
Current global best relays: 134.298, 41.4772
188.306, 404.286
191.592, 154.83
193.195, 293.353
Particle 1 new velocities: 305.14, 271.732
210.122, 415.416
129.962, 109.246
169.417, 227.836
Particle 2 new velocities: 167.47, 139.361
186.123, 563.891
185.437, 139.318
192.444, 198.555
Particle 3 new velocities: 255.175, 274.098
298.708, 344.895
343.374, 297.658
157.231, 419.721
Particle 4 new velocities: 241.806, 150.932
255.503, -130.365
320.621, 222.933
413.217, 206.208
Particle 5 new velocities: 62.5332, 20.8867
91.9088, 165.958
82.4763, 102.991
114.653, 173.047
Particle 6 new velocities: 25.7612, 5.78046
68.4009, 139.065
75.4641, 49.9792
72.2068, 174.723
Particle 7 new velocities: 110.105, 33.56
133.868, 348.981
132.469, 83.6006
177.569, 334.622
Particle 8 new velocities: 32.39, 4.82818
33.9931, 97.7262
-28.2738, 24.8975
35.8336, 61.7386
Particle 9 new velocities: 31.2401, 3.64511
29.0849, 28.1958
10.7173, 36.5141
41.8585, 67.7111
Particle 10 new velocities: 6.20844, -8.62585
9.54154, 152.77
8.80034, 20.1441
-2.51034, 28.9691
Particle 11 new velocities: 33.0413, 21.9222
70.0698, 240.177
80.1587, 57.4982
79.4338, 121.191
Particle 12 new velocities: 32.3394, 7.18419
62.0278, 156.214
38.2041, 15.2565
34.0446, 51.8474
Particle 13 new velocities: 270.276, 116.344
179.12, 288.944
338.276, 433.519
316.112, 21.3414
Particle 14 new velocities: 102.255, 50.3748
118.265, 78.7893
127.171, 81.1866
178.949, -22.7114
Particle 15 new velocities: -11.5443, 8.98931
2.6065, 62.8395
-2.92558, 10.4371
-16.4223, 30.7329
Particle 16 new velocities: 34.3151, 19.8933
64.8092, 63.468
40.9973, 67.3867
63.1405, 57.9606
Particle 17 new velocities: 224.965, 56.3506
234.843, 81.9344
128.013, 149.488
231.465, 380.715
Particle 18 new velocities: 41.4163, 14.0472
111.477, 133.46
86.6085, 99.4029
63.224, 43.3878
Particle 19 new velocities: 122.468, 38.6971
146.397, 280.145
109.569, 87.8925
34.4313, 49.4137
Particle 20 new velocities: 53.9944, 9.77891
78.6717, 188.317
61.1844, 41.414
59.8183, 115.676
-- ITERATION 11 --
-------------
Particle: 1:
Relays Coordinates:
231.586, 173.451
180.386, 239.148
124.529, 85.571
145.213, 187.283
Evaluation Time: 1.44404 seconds
Resulting Fitness: 0.3
-------------
Particle: 2:
Relays Coordinates:
110.569, 87.6111
113.454, 193.71
120.188, 92.2057
125.518, 123.007
Evaluation Time: 1.16897 seconds
Resulting Fitness: 0.222222
-------------
Particle: 3:
Relays Coordinates:
102.464, 107.188
123.685, 141.215
130.499, 121.57
78.4934, 141.215
Evaluation Time: 1.18437 seconds
Resulting Fitness: 0.169444
-------------
Particle: 4:
Relays Coordinates:
136.111, 99.6717
142.71, 10.2821
183.401, 112.23
193.71, 120.009
Evaluation Time: 1.17448 seconds
Resulting Fitness: 0.208333
-------------
Particle: 5:
Relays Coordinates:
129.278, 39.1191
184.125, 316.355
180.34, 153.435
191.485, 306.999
Evaluation Time: 1.55647 seconds
Resulting Fitness: 0.361111
-------------
Particle: 6:
Relays Coordinates:
115.027, 34.5639
139.247, 364.5
171.815, 138.619
160.533, 287.154
Evaluation Time: 1.70952 seconds
Resulting Fitness: 0.441667
-------------
Particle: 7:
Relays Coordinates:
84.6708, 50.6517
104.434, 215.234
107.77, 73.445
167.978, 215.234
Evaluation Time: 1.32723 seconds
Resulting Fitness: 0.275
-------------
Particle: 8:
Relays Coordinates:
92.1165, 30.8589
156.106, 306.306
115.922, 120.113
162.722, 257.169
Evaluation Time: 1.54477 seconds
Resulting Fitness: 0.358333
-------------
Particle: 9:
Relays Coordinates:
141.296, 48.6641
207.407, 253.352
183.783, 173.143
211.857, 321.171
Evaluation Time: 1.65241 seconds
Resulting Fitness: 0.363889
-------------
Particle: 10:
Relays Coordinates:
103.818, 16.8332
176.373, 405
161.031, 145.011
127.017, 263.099
Evaluation Time: 1.71809 seconds
Resulting Fitness: 0.472222
New local best!
-------------
Particle: 11:
Relays Coordinates:
139.45, 49.0444
216.499, 405
216.639, 176.089
214.62, 290.651
Evaluation Time: 1.75387 seconds
Resulting Fitness: 0.444444
New local best!
-------------
Particle: 12:
Relays Coordinates:
135.313, 44.7509
222.46, 405
196.541, 148.052
184.535, 290.858
Evaluation Time: 1.78929 seconds
Resulting Fitness: 0.475
-------------
Particle: 13:
Relays Coordinates:
131.796, 48.9794
87.5608, 139.912
155.196, 156.905
136.843, 55.9357
Evaluation Time: 1.17399 seconds
Resulting Fitness: 0.222222
-------------
Particle: 14:
Relays Coordinates:
127.456, 58.5207
187.713, 245.404
201.613, 151.328
202.151, 178.809
Evaluation Time: 1.41248 seconds
Resulting Fitness: 0.325
-------------
Particle: 15:
Relays Coordinates:
112.419, 44.5714
195.638, 450
178.299, 156.718
177.427, 310.174
Evaluation Time: 1.74682 seconds
Resulting Fitness: 0.477778
-------------
Particle: 16:
Relays Coordinates:
143.017, 54.8659
224.504, 357.303
190.858, 179.806
195.785, 309.412
Evaluation Time: 1.71479 seconds
Resulting Fitness: 0.369444
-------------
Particle: 17:
Relays Coordinates:
156.932, 39.4073
160.117, 118.656
104.958, 108.214
156.734, 215.234
Evaluation Time: 1.32158 seconds
Resulting Fitness: 0.272222
-------------
Particle: 18:
Relays Coordinates:
129.072, 56.1503
228.056, 207.328
143.588, 228.66
151.998, 204.143
Evaluation Time: 1.44407 seconds
Resulting Fitness: 0.305556
-------------
Particle: 19:
Relays Coordinates:
78.6462, 26.4838
106.165, 213.244
101.648, 70.8653
48.5965, 47.7748
Evaluation Time: 1.1849 seconds
Resulting Fitness: 0.208333
-------------
Particle: 20:
Relays Coordinates:
116.679, 41.0752
190.151, 285.087
183.849, 133.141
168.868, 291.204
Evaluation Time: 1.60738 seconds
Resulting Fitness: 0.377778
Current global best fitness: 0.508333
Current global best relays: 134.298, 41.4772
188.306, 404.286
191.592, 154.83
193.195, 293.353
Particle 1 new velocities: 121.333, 224.075
200.864, 151.443
166.395, 61.3058
151.977, 211.36
Particle 2 new velocities: 207.869, 95.4812
225.05, 272.556
217.586, 168.089
246.912, 253.366
Particle 3 new velocities: 217.427, 267.935
294.845, 452.604
299.093, 355.075
181.909, -1.94774
Particle 4 new velocities: 193.933, 147.512
242.2, -85.0772
271.576, 164.872
187.239, 144.123
Particle 5 new velocities: 55.3074, 18.9658
76.9594, 197.41
74.507, 84.5522
95.0499, 109.752
Particle 6 new velocities: 38.0832, 17.6357
115.505, 64.0508
100.766, 97.368
129.189, 164.753
Particle 7 new velocities: 106.978, 51.4267
245.785, 206.953
311.047, 183.518
150.451, 94.7458
Particle 8 new velocities: 47.2737, -2.68637
128.418, 76.924
21.1984, 89.9193
59.6981, 73.5991
Particle 9 new velocities: 8.71142, 2.19729
20.0372, 76.8959
18.5404, 5.54282
-24.2814, 24.316
Particle 10 new velocities: 24.0134, 21.1342
17.8305, -0.556709
15.8834, 24.4829
38.0806, 31.8496
Particle 11 new velocities: 19.8629, 10.9112
19.4708, -0.56228
50.051, 26.8906
56.5652, 99.9418
Particle 12 new velocities: 24.2957, 6.51657
29.3078, -3.51619
30.1595, 18.8516
42.9258, 62.5935
Particle 13 new velocities: 322.356, 95.2703
163.318, 364.514
305.583, 90.4886
363.569, 291.978
Particle 14 new velocities: 57.3323, 13.1028
72.457, 238.209
74.209, 53.9692
48.4832, 230.437
Particle 15 new velocities: 9.61013, 4.52104
9.38348, -77.1065
-3.03567, 8.61218
4.31789, -18.0493
Particle 16 new velocities: -0.357426, 12.2394
13.289, 34.5884
7.58948, 17.4285
38.3564, 60.4637
Particle 17 new velocities: 204.126, 47.061
216.611, 501.958
103.614, 167.013
224.633, 38.4304
Particle 18 new velocities: 33.8777, -0.16054
63.2366, 154.946
49.2695, -2.57739
-20.7685, 16.8548
Particle 19 new velocities: 181.577, 42.6164
221.575, 245.746
272.105, 172.886
169.302, 333.709
Particle 20 new velocities: 33.633, 34.7713
75.2048, 170.369
68.1492, 57.1236
74.7227, 95.5429
-- ITERATION 12 --
-------------
Particle: 1:
Relays Coordinates:
151.92, 171.122
164.116, 168.137
125.233, 63.2257
127.931, 171.602
Evaluation Time: 1.17816 seconds
Resulting Fitness: 0.247222
-------------
Particle: 2:
Relays Coordinates:
123.37, 70.9337
131.143, 180.641
130.861, 100.844
144.287, 145.814
Evaluation Time: 1.1735 seconds
Resulting Fitness: 0.230556
-------------
Particle: 3:
Relays Coordinates:
153.003, 179.42
200.182, 239.148
205.472, 227.978
124.55, 66.611
Evaluation Time: 1.34697 seconds
Resulting Fitness: 0.308333
-------------
Particle: 4:
Relays Coordinates:
127.866, 95.7641
149.122, 0
176.267, 107.355
147.587, 102.33
Evaluation Time: 1.15619 seconds
Resulting Fitness: 0.175
-------------
Particle: 5:
Relays Coordinates:
134.563, 42.3438
190.33, 364.5
185.783, 173.493
208.884, 303.811
Evaluation Time: 1.69417 seconds
Resulting Fitness: 0.438889
-------------
Particle: 6:
Relays Coordinates:
100.456, 34.2482
167.143, 281.172
178.841, 154.831
190.087, 296.497
Evaluation Time: 1.53824 seconds
Resulting Fitness: 0.383333
-------------
Particle: 7:
Relays Coordinates:
113.167, 60.2763
206.801, 249.297
247.307, 151.734
188.029, 183.04
Evaluation Time: 1.50915 seconds
Resulting Fitness: 0.383333
-------------
Particle: 8:
Relays Coordinates:
112.906, 22.8198
230.465, 310.417
111.068, 170.126
180.16, 267.922
Evaluation Time: 1.48152 seconds
Resulting Fitness: 0.369444
-------------
Particle: 9:
Relays Coordinates:
135.007, 45.7753
204.7, 297.224
182.091, 160.817
168.818, 310.938
Evaluation Time: 1.5926 seconds
Resulting Fitness: 0.4
New local best!
-------------
Particle: 10:
Relays Coordinates:
127.831, 37.9674
194.203, 404.443
176.914, 169.494
165.098, 294.949
Evaluation Time: 1.73707 seconds
Resulting Fitness: 0.483333
New local best!
-------------
Particle: 11:
Relays Coordinates:
129.044, 48.564
191.135, 327.595
216.019, 164.414
219.66, 316.38
Evaluation Time: 1.66338 seconds
Resulting Fitness: 0.358333
-------------
Particle: 12:
Relays Coordinates:
129.283, 41.5266
203.932, 325.202
183.627, 135.192
184.244, 286.296
Evaluation Time: 1.54438 seconds
Resulting Fitness: 0.325
-------------
Particle: 13:
Relays Coordinates:
142.518, 45.2671
78.7284, 156.905
144.597, 77.6348
156.905, 109.179
Evaluation Time: 1.15869 seconds
Resulting Fitness: 0.191667
-------------
Particle: 14:
Relays Coordinates:
134.711, 52.2136
189.664, 352.554
201.074, 149.662
182.712, 298.34
Evaluation Time: 1.70859 seconds
Resulting Fitness: 0.394444
-------------
Particle: 15:
Relays Coordinates:
122.029, 49.0925
205.021, 372.894
175.263, 165.33
181.745, 292.125
Evaluation Time: 1.62449 seconds
Resulting Fitness: 0.433333
-------------
Particle: 16:
Relays Coordinates:
115.554, 54.3553
192.613, 317.432
160.742, 159.76
189.655, 299.6
Evaluation Time: 1.55626 seconds
Resulting Fitness: 0.369444
-------------
Particle: 17:
Relays Coordinates:
155.424, 37.2218
162.169, 215.234
89.7833, 118.476
164.166, 109.194
Evaluation Time: 1.26718 seconds
Resulting Fitness: 0.269444
-------------
Particle: 18:
Relays Coordinates:
131.989, 45.3517
235.947, 293.442
156.214, 183.127
106.296, 179.008
Evaluation Time: 1.54984 seconds
Resulting Fitness: 0.372222
New local best!
-------------
Particle: 19:
Relays Coordinates:
138.293, 36.7227
174.174, 243.926
198.627, 129.539
115.8, 202.736
Evaluation Time: 1.48798 seconds
Resulting Fitness: 0.327778
-------------
Particle: 20:
Relays Coordinates:
109.578, 55.292
193.444, 332.027
183.706, 138.703
177.577, 281.939
Evaluation Time: 1.60012 seconds
Resulting Fitness: 0.386111
Current global best fitness: 0.508333
Current global best relays: 134.298, 41.4772
188.306, 404.286
191.592, 154.83
193.195, 293.353
Particle 1 new velocities: 210.112, 184.64
226.736, 353.975
131.248, 59.7094
171.687, 240.873
Particle 2 new velocities: 213.388, 65.9602
172.231, 467.455
169.381, 185.611
204.921, 275.36
Particle 3 new velocities: 156.13, 177.564
199.077, 112.506
219.562, 145.032
154.828, 179.112
Particle 4 new velocities: 176.088, 178.996
237.87, 184.653
257.725, 145.638
442.671, 256.408
Particle 5 new velocities: 44.0854, 12.8187
59.0787, 28.7108
70.169, 19.4463
53.1064, 71.4333
Particle 6 new velocities: 90.9267, 35.809
174.327, 350.908
110.356, 90.4094
104.713, 130.383
Particle 7 new velocities: 86.4471, 68.9853
176.339, 273.641
80.3198, 139.988
129.497, 297.413
Particle 8 new velocities: 31.1816, 8.05867
40.8509, 19.1247
102.926, 42.9288
45.4785, 92.9272
Particle 9 new velocities: 6.43165, -1.20788
1.92719, 89.178
25.4417, -2.43216
6.72765, -2.72887
Particle 10 new velocities: 20.759, 20.2995
9.63174, -0.45107
16.5528, 7.9977
54.4338, 23.9034
Particle 11 new velocities: 33.3056, 8.08498
29.9086, 158.282
26.4438, 25.0314
20.8978, 22.3336
Particle 12 new velocities: 29.3239, 9.21364
27.2542, 58.9384
35.114, 66.0236
59.3466, 53.9383
Particle 13 new velocities: 352.74, 102.169
252.102, -29.5949
329.648, 466.086
53.751, 397.248
Particle 14 new velocities: 23.1118, -21.2437
44.6293, 220.132
31.1945, 35.2821
21.2148, 161.494
Particle 15 new velocities: -6.81701, -19.3544
19.0515, -7.17385
3.11248, -1.96203
20.5589, -13.8536
Particle 16 new velocities: 30.8307, -8.08727
12.8105, 116.544
46.0236, 4.13734
-85.983, 49.4166
Particle 17 new velocities: 210.802, 42.1503
228.184, 211.429
140.799, 144.863
172.209, 411.022
Particle 18 new velocities: 29.351, -3.16229
41.7274, 212.638
79.1864, -16.9628
28.8306, 78.6219
Particle 19 new velocities: 120.218, 58.9997
193.363, 247.058
241.188, 177.737
176.408, 200.258
Particle 20 new velocities: 45.9128, 15.4418
74.1917, 159.534
89.0256, 58.6721
64.3513, 107.526
-- ITERATION 13 --
-------------
Particle: 1:
Relays Coordinates:
192.399, 189.067
207.715, 265.721
136.305, 65.3327
159.229, 219.207
Evaluation Time: 1.46268 seconds
Resulting Fitness: 0.302778
-------------
Particle: 2:
Relays Coordinates:
130.467, 53.0355
117.533, 193.71
116.32, 110.978
135.29, 163.172
Evaluation Time: 1.21416 seconds
Resulting Fitness: 0.233333
-------------
Particle: 3:
Relays Coordinates:
119.764, 138.303
154.681, 136.238
164.667, 144.512
108.237, 95.1983
Evaluation Time: 1.18842 seconds
Resulting Fitness: 0.2
-------------
Particle: 4:
Relays Coordinates:
105.982, 95.8029
134.936, 64.3846
151.324, 88.2133
174.339, 125.084
Evaluation Time: 1.15052 seconds
Resulting Fitness: 0.183333
-------------
Particle: 5:
Relays Coordinates:
144.705, 44.6817
202.021, 318.501
207.321, 156.281
212.212, 303.948
Evaluation Time: 1.61393 seconds
Resulting Fitness: 0.347222
-------------
Particle: 6:
Relays Coordinates:
139.518, 51.0717
248.932, 364.5
210.824, 178.78
214.909, 311.195
Evaluation Time: 1.70283 seconds
Resulting Fitness: 0.375
-------------
Particle: 7:
Relays Coordinates:
117.87, 76.3277
226.241, 295.245
193.461, 172.259
187.496, 283.702
Evaluation Time: 1.52005 seconds
Resulting Fitness: 0.361111
-------------
Particle: 8:
Relays Coordinates:
105.04, 22.5104
197.789, 240.236
156.002, 155.317
164.491, 263.059
Evaluation Time: 1.42801 seconds
Resulting Fitness: 0.333333
-------------
Particle: 9:
Relays Coordinates:
141.439, 44.5674
206.627, 386.402
207.533, 158.385
175.546, 308.209
Evaluation Time: 1.74087 seconds
Resulting Fitness: 0.433333
New local best!
-------------
Particle: 10:
Relays Coordinates:
133.731, 52.4402
183.451, 363.593
174.12, 159.743
197.578, 286.967
Evaluation Time: 1.70739 seconds
Resulting Fitness: 0.441667
-------------
Particle: 11:
Relays Coordinates:
146.114, 50.9841
198.94, 437.289
218.216, 170.501
216.502, 304.842
Evaluation Time: 1.87921 seconds
Resulting Fitness: 0.438889
-------------
Particle: 12:
Relays Coordinates:
142.747, 45.6662
208.067, 345.726
196.867, 181.094
219.231, 306.211
Evaluation Time: 1.65332 seconds
Resulting Fitness: 0.369444
-------------
Particle: 13:
Relays Coordinates:
213.192, 63.4666
142.412, 54.803
204.147, 215.234
90.6806, 215.234
Evaluation Time: 1.46754 seconds
Resulting Fitness: 0.316667
-------------
Particle: 14:
Relays Coordinates:
83.8735, 16.4587
124.513, 265.721
123.437, 98.2868
108.375, 244.375
Evaluation Time: 1.34822 seconds
Resulting Fitness: 0.266667
-------------
Particle: 15:
Relays Coordinates:
115.212, 29.7381
224.073, 365.72
178.375, 163.368
202.304, 278.271
Evaluation Time: 1.69166 seconds
Resulting Fitness: 0.438889
-------------
Particle: 16:
Relays Coordinates:
106.715, 33.7294
149.753, 316.368
150.732, 119.481
75.5766, 254.433
Evaluation Time: 1.58064 seconds
Resulting Fitness: 0.375
-------------
Particle: 17:
Relays Coordinates:
157.648, 34.1671
168.034, 183.664
99.2582, 113.359
144.798, 215.234
Evaluation Time: 1.27427 seconds
Resulting Fitness: 0.269444
-------------
Particle: 18:
Relays Coordinates:
85.7429, 22.4212
147.568, 265.721
125.102, 88.3064
71.8119, 136.915
Evaluation Time: 1.37857 seconds
Resulting Fitness: 0.294444
-------------
Particle: 19:
Relays Coordinates:
137.384, 50.8708
195.325, 260.929
233.736, 163.299
155.291, 214.167
Evaluation Time: 1.55284 seconds
Resulting Fitness: 0.369444
-------------
Particle: 20:
Relays Coordinates:
113.353, 51.565
195.106, 358.348
198.822, 143.887
176.366, 283.92
Evaluation Time: 1.82902 seconds
Resulting Fitness: 0.45
New local best!
Current global best fitness: 0.508333
Current global best relays: 134.298, 41.4772
188.306, 404.286
191.592, 154.83
193.195, 293.353
Particle 1 new velocities: 206.527, 39.3639
159.017, -105.937
108.153, 82.4364
127.371, 147.23
Particle 2 new velocities: 196.052, 65.8119
189.747, 304.326
167.224, 136.863
220.087, 256.437
Particle 3 new velocities: 171.511, 154.725
202.375, 461.821
182.268, 165.57
176.299, 430.664
Particle 4 new velocities: 205.473, 320.363
208.184, 438.464
314.416, 119.229
262.085, 335.833
Particle 5 new velocities: 19.3492, 1.46501
38.8727, 143.413
25.7025, 13.5391
16.3474, 35.1267
Particle 6 new velocities: 60.9964, 20.3653
52.8267, 142.79
59.1979, 47.1889
48.8303, 87.4436
Particle 7 new velocities: 32.3074, 60.6365
94.3551, 176.457
51.1816, 95.3547
206.649, 158.973
Particle 8 new velocities: 42.1762, 12.2758
30.0858, 9.63699
92.5539, 33.635
61.9034, 125.002
Particle 9 new velocities: -2.8605, -3.45171
-20.0078, 80.3368
0.824497, -3.10511
7.30137, -21.2769
Particle 10 new velocities: 14.9927, 6.67852
13.1265, 75.7325
32.4269, 15.0797
4.73646, 29.1121
Particle 11 new velocities: 15.112, -1.40166
25.8799, 95.5629
8.44745, 10.2779
13.914, -3.20445
Particle 12 new velocities: 13.8263, 6.79119
11.7921, 171.267
29.5917, 24.9287
-18.1035, 43.0013
Particle 13 new velocities: 217.618, 77.9714
227.89, 178.802
244.098, 80.8327
183.734, -70.626
Particle 14 new velocities: 111.768, 7.39303
159.021, 157.042
47.3273, 116.1
46.6309, 199.679
Particle 15 new velocities: 8.06918, -1.74773
-15.267, 44.3344
14.3023, -5.88733
12.0046, -8.50302
Particle 16 new velocities: 31.1527, 18.4248
84.8553, 197.647
51.9631, 40.3658
-45.5851, 164.552
Particle 17 new velocities: 144.502, 50.4907
198.373, 432.457
197.745, 130.728
163.474, 84.1804
Particle 18 new velocities: 112.26, 41.2342
103.167, 109.837
105.675, 133.943
123.954, 276.762
Particle 19 new velocities: 51.9607, 38.3775
123.781, 250.755
181.326, 120.855
89.4572, 130.562
Particle 20 new velocities: 44.9859, 9.09911
50.6599, 172.394
67.8062, 47.2361
72.7529, 88.9248
-- ITERATION 14 --
-------------
Particle: 1:
Relays Coordinates:
212.005, 121.397
194.896, 84.9153
129.915, 78.5306
152.311, 194.74
Evaluation Time: 1.38688 seconds
Resulting Fitness: 0.280556
-------------
Particle: 2:
Relays Coordinates:
140.556, 51.1599
132.274, 214.388
122.056, 106.688
152.978, 180.628
Evaluation Time: 1.34732 seconds
Resulting Fitness: 0.247222
-------------
Particle: 3:
Relays Coordinates:
101.561, 102.172
124.498, 174.339
120.969, 108.119
99.2113, 174.339
Evaluation Time: 1.18242 seconds
Resulting Fitness: 0.211111
-------------
Particle: 4:
Relays Coordinates:
87.9643, 117.537
96.9072, 141.215
131.539, 58.5879
123.259, 130.176
Evaluation Time: 1.10501 seconds
Resulting Fitness: 0.163889
-------------
Particle: 5:
Relays Coordinates:
147.649, 41.532
216.805, 415.723
209.722, 152.838
205.704, 305.167
Evaluation Time: 1.79221 seconds
Resulting Fitness: 0.422222
-------------
Particle: 6:
Relays Coordinates:
131.557, 46.8698
197.984, 328.05
177.162, 148.258
173.04, 261.547
Evaluation Time: 1.63076 seconds
Resulting Fitness: 0.402778
-------------
Particle: 7:
Relays Coordinates:
98.5313, 89.8622
210.343, 309.484
160.51, 175.581
258.598, 290.44
Evaluation Time: 1.54114 seconds
Resulting Fitness: 0.383333
-------------
Particle: 8:
Relays Coordinates:
119.245, 28.1768
184.579, 202.397
201.33, 153.051
183.379, 314.33
Evaluation Time: 1.70785 seconds
Resulting Fitness: 0.402778
New local best!
-------------
Particle: 9:
Relays Coordinates:
112.248, 33.3037
151.162, 378.058
168.77, 125.777
148.106, 232.415
Evaluation Time: 1.77662 seconds
Resulting Fitness: 0.497222
New local best!
-------------
Particle: 10:
Relays Coordinates:
133.852, 53.2069
176.92, 395.393
185.893, 157.34
182.083, 284.471
Evaluation Time: 1.76543 seconds
Resulting Fitness: 0.494444
New local best!
-------------
Particle: 11:
Relays Coordinates:
117.534, 36.1456
163.893, 364.5
165.238, 131.787
167.973, 219.894
Evaluation Time: 1.7463 seconds
Resulting Fitness: 0.427778
-------------
Particle: 12:
Relays Coordinates:
140.916, 47.2117
197.874, 450
203.813, 185.421
181.015, 314.291
Evaluation Time: 1.83265 seconds
Resulting Fitness: 0.477778
-------------
Particle: 13:
Relays Coordinates:
206.055, 67.6493
177.114, 111.732
214.394, 141.608
131.252, 69.1654
Evaluation Time: 1.31606 seconds
Resulting Fitness: 0.244444
-------------
Particle: 14:
Relays Coordinates:
128.36, 15.6491
186.027, 277.375
112.039, 140.659
101.7, 291.344
Evaluation Time: 1.44854 seconds
Resulting Fitness: 0.327778
-------------
Particle: 15:
Relays Coordinates:
123.282, 27.9904
208.806, 410.054
192.678, 157.481
214.309, 269.768
Evaluation Time: 1.74876 seconds
Resulting Fitness: 0.483333
-------------
Particle: 16:
Relays Coordinates:
65.9415, 24.9452
112.213, 239.148
96.9486, 76.4543
14.3448, 200.399
Evaluation Time: 1.19519 seconds
Resulting Fitness: 0.188889
-------------
Particle: 17:
Relays Coordinates:
144.517, 40.4915
175.252, 239.148
142.055, 116.746
147.446, 143.209
Evaluation Time: 1.34961 seconds
Resulting Fitness: 0.269444
-------------
Particle: 18:
Relays Coordinates:
144.344, 46.4048
182.785, 273.782
168.236, 162.02
142.713, 301.571
Evaluation Time: 1.53064 seconds
Resulting Fitness: 0.352778
-------------
Particle: 19:
Relays Coordinates:
111.806, 52.7003
188.429, 295.245
245.09, 167.79
144.522, 203.559
Evaluation Time: 1.73705 seconds
Resulting Fitness: 0.388889
-------------
Particle: 20:
Relays Coordinates:
128.254, 49.1379
199.071, 405
215.968, 154.809
201.786, 302.004
Evaluation Time: 1.77103 seconds
Resulting Fitness: 0.477778
New local best!
Current global best fitness: 0.508333
Current global best relays: 134.298, 41.4772
188.306, 404.286
191.592, 154.83
193.195, 293.353
Particle 1 new velocities: 149.515, 136.838
126.184, 72.4765
138.686, 119.893
68.0648, 143.15
Particle 2 new velocities: 156.577, 104.717
183.292, 309.362
189.096, 114.291
186.232, 249.758
Particle 3 new velocities: 217.363, 121.89
285.168, 359.39
217.027, 247.517
81.4534, 56.521
Particle 4 new velocities: 244.428, 395.428
229.082, 153.935
424.689, 167.248
341.853, 231.047
Particle 5 new velocities: 4.98732, 1.11209
8.25949, 95.3699
-18.3892, 15.2917
-4.73332, 9.46158
Particle 6 new velocities: 36.7098, 12.4643
50.5129, 107.353
82.1222, 56.3795
60.527, 127.145
Particle 7 new velocities: 11.2082, 44.2529
35.4583, 226.446
65.7669, 42.529
103.089, 122.517
Particle 8 new velocities: 50.504, 24.2903
27.2285, 247.6
61.6282, 27.8622
60.6283, 81.0316
Particle 9 new velocities: 20.8362, 3.04781
19.1279, 76.8778
29.1906, 19.115
58.4458, 5.38905
Particle 10 new velocities: 12.1029, -7.51336
17.1049, 68.6994
26.8294, 9.72132
17.6846, 29.0335
Particle 11 new velocities: 14.7526, 7.64529
101.748, 61.1333
13.0422, 67.253
44.0404, 69.5824
Particle 12 new velocities: 2.48765, -0.146402
17.4493, -35.7637
16.4125, -2.15967
10.0691, 14.985
Particle 13 new velocities: 163.862, 58.7258
124.454, 178.512
167.966, 166.702
235.927, 150.265
Particle 14 new velocities: 64.4781, 20.7913
120.799, 274.802
85.5972, 94.7857
171.538, 142.087
Particle 15 new velocities: 3.93913, 17.6566
-27.6519, 26.9865
2.38915, -5.03913
-18.0369, 20.5476
Particle 16 new velocities: 163.841, 45.1131
200.11, 73.9611
209.528, 171.911
83.8552, 403.447
Particle 17 new velocities: 150.421, 41.485
170.958, 32.0092
141.455, 126.498
183.065, 239.566
Particle 18 new velocities: 78.5765, 27.9918
139.406, 236.182
79.6284, 105.518
145.685, 182.238
Particle 19 new velocities: 45.2155, 25.1803
94.1948, 11.8672
72.4636, 55.9003
52.2821, 81.6853
Particle 20 new velocities: 43.7794, 6.60026
38.3919, -0.685445
31.5246, 37.8137
51.5413, 64.5045
-- ITERATION 15 --
-------------
Particle: 1:
Relays Coordinates:
155.623, 111.162
138.215, 67.752
115.624, 85.4147
94.8644, 145.45
Evaluation Time: 1.12944 seconds
Resulting Fitness: 0.186111
-------------
Particle: 2:
Relays Coordinates:
127.906, 67.0999
135.841, 215.234
133.941, 95.124
146.019, 185.267
Evaluation Time: 1.29833 seconds
Resulting Fitness: 0.25
-------------
Particle: 3:
Relays Coordinates:
152.54, 107.168
195.942, 239.148
161.662, 170.099
86.4114, 110.42
Evaluation Time: 1.3185 seconds
Resulting Fitness: 0.313889
-------------
Particle: 4:
Relays Coordinates:
115.898, 174.339
113.665, 102.912
174.339, 78.7442
162.174, 125.951
Evaluation Time: 1.31997 seconds
Resulting Fitness: 0.227778
-------------
Particle: 5:
Relays Coordinates:
123.635, 34.5417
182.302, 405
154.979, 136.185
162.786, 254.849
Evaluation Time: 1.66278 seconds
Resulting Fitness: 0.463889
-------------
Particle: 6:
Relays Coordinates:
136.296, 48.0606
201.282, 352.676
210.02, 165.757
189.189, 314.841
Evaluation Time: 1.70131 seconds
Resulting Fitness: 0.383333
-------------
Particle: 7:
Relays Coordinates:
64.8001, 79.1936
145.143, 295.245
133.614, 128.792
213.573, 243.847
Evaluation Time: 1.59232 seconds
Resulting Fitness: 0.411111
-------------
Particle: 8:
Relays Coordinates:
111.372, 34.4237
138.967, 295.243
172.527, 118.697
160.093, 259.397
Evaluation Time: 1.57058 seconds
Resulting Fitness: 0.402778
-------------
Particle: 9:
Relays Coordinates:
87.3167, 23.8502
111.727, 298.483
129.882, 95.0636
135.519, 156.023
Evaluation Time: 1.47382 seconds
Resulting Fitness: 0.333333
-------------
Particle: 10:
Relays Coordinates:
145.954, 45.6935
194.025, 464.092
212.722, 167.061
199.768, 313.505
Evaluation Time: 1.81508 seconds
Resulting Fitness: 0.447222
-------------
Particle: 11:
Relays Coordinates:
119.058, 39.4118
239.077, 383.07
160.452, 179.136
190.812, 260.529
Evaluation Time: 1.70045 seconds
Resulting Fitness: 0.472222
New local best!
-------------
Particle: 12:
Relays Coordinates:
129.063, 42.3588
193.791, 372.813
198.203, 164.935
171.976, 296.348
Evaluation Time: 1.72665 seconds
Resulting Fitness: 0.458333
-------------
Particle: 13:
Relays Coordinates:
143.314, 48.9603
116.834, 112.447
148.134, 119.445
142.253, 85.0119
Evaluation Time: 1.12249 seconds
Resulting Fitness: 0.144444
-------------
Particle: 14:
Relays Coordinates:
140.579, 26.5651
223.676, 364.5
144.076, 171.64
199.19, 315.971
Evaluation Time: 1.62432 seconds
Resulting Fitness: 0.397222
-------------
Particle: 15:
Relays Coordinates:
127.221, 45.647
181.154, 437.041
195.067, 152.441
196.272, 290.316
Evaluation Time: 1.75141 seconds
Resulting Fitness: 0.477778
-------------
Particle: 16:
Relays Coordinates:
122.116, 37.2318
165.981, 166.399
162.874, 131.991
52.1876, 265.721
Evaluation Time: 1.36313 seconds
Resulting Fitness: 0.286111
-------------
Particle: 17:
Relays Coordinates:
141.068, 39.2091
165.591, 129.694
135.602, 116.343
158.083, 183.08
Evaluation Time: 1.29949 seconds
Resulting Fitness: 0.238889
-------------
Particle: 18:
Relays Coordinates:
146.258, 48.8116
211.39, 328.05
162.624, 175.531
189.218, 317.427
Evaluation Time: 1.56696 seconds
Resulting Fitness: 0.336111
-------------
Particle: 19:
Relays Coordinates:
114.469, 56.775
206.033, 223.885
231.497, 163.07
143.47, 207.943
Evaluation Time: 1.51619 seconds
Resulting Fitness: 0.322222
-------------
Particle: 20:
Relays Coordinates:
139.347, 45.1479
192.345, 327.495
200.469, 156.025
205.195, 296.872
Evaluation Time: 1.68375 seconds
Resulting Fitness: 0.361111
Current global best fitness: 0.508333
Current global best relays: 134.298, 41.4772
188.306, 404.286
191.592, 154.83
193.195, 293.353
Particle 1 new velocities: 179.3, 165.877
125.293, 258.012
208.242, 96.7298
122.72, 65.9256
Particle 2 new velocities: 147.852, 119.372
170.639, 135.069
177.518, 131.108
206.426, 317.958
Particle 3 new velocities: 217.384, 201.97
193.374, 154.5
186.865, 191.962
150.452, 203.343
Particle 4 new velocities: 217.391, 44.7964
306.789, 189.939
27.0637, 211.836
323.712, 135.533
Particle 5 new velocities: 24.7562, 8.60764
12.8276, -1.60427
7.58673, 35.2511
68.1182, 80.5633
Particle 6 new velocities: 28.4684, 3.7485
46.8524, 231.347
41.3631, 41.8174
53.0796, 99.3378
Particle 7 new velocities: 98.1483, 64.4852
43.7387, 101.219
137.138, 39.1381
78.0752, 130.21
Particle 8 new velocities: 60.2877, 21.8997
75.8477, 209.109
86.1324, 38.151
96.321, 129.845
Particle 9 new velocities: 73.0058, 37.9974
147.747, 269.268
142.535, 93.2507
81.0588, 115.937
Particle 10 new velocities: -5.59776, 0.721497
-1.62961, -99.3416
-19.6633, -10.0716
-5.14459, -30.5274
Particle 11 new velocities: 17.2955, 6.86641
62.3071, 60.6172
34.9067, 35.6963
35.8478, 91.1787
Particle 12 new velocities: 4.64132, 4.82718
28.2028, 47.3122
21.7658, -2.42067
43.2304, 9.59691
Particle 13 new velocities: 150.373, 57.6938
104.492, 99.6987
209.737, 270.742
272.199, 405.14
Particle 14 new velocities: 4.33471, 22.1019
17.1584, 6.66098
125.829, 42.4197
55.0061, 36.1913
Particle 15 new velocities: -23.8847, 6.07416
28.4155, -26.9891
-5.47303, -0.953445
-21.1179, 17.4761
Particle 16 new velocities: 137.622, 58.617
182.589, 150.385
184.535, 176.943
128.976, 14.0142
Particle 17 new velocities: 148.338, 38.1121
154.856, 280.246
107.215, 146.51
150.575, 241.901
Particle 18 new velocities: 43.2966, 18.0193
94.696, 30.7872
60.4875, 80.3613
-5.71295, 101.375
Particle 19 new velocities: 46.1569, 17.756
31.6097, 197.171
26.1309, 40.7042
38.9415, 88.6093
Particle 20 new velocities: 19.985, 10.2195
30.5441, 69.9024
47.203, 30.053
29.1173, 58.5366
-- ITERATION 16 --
-------------
Particle: 1:
Relays Coordinates:
160.193, 132.507
126.035, 155.812
154.904, 87.1192
104.07, 101.1
Evaluation Time: 1.12878 seconds
Resulting Fitness: 0.191667
-------------
Particle: 2:
Relays Coordinates:
118.705, 80.2702
131.929, 150.794
134.073, 97.3856
151.716, 215.234
Evaluation Time: 1.23933 seconds
Resulting Fitness: 0.252778
-------------
Particle: 3:
Relays Coordinates:
143.316, 119.767
150.829, 152.507
135.026, 140.27
91.7656, 121.558
Evaluation Time: 1.11254 seconds
Resulting Fitness: 0.202778
-------------
Particle: 4:
Relays Coordinates:
143.47, 94.3307
180.992, 126.063
86.6973, 125.085
209.158, 112.56
Evaluation Time: 1.22158 seconds
Resulting Fitness: 0.236111
-------------
Particle: 5:
Relays Coordinates:
120.197, 34.951
158.055, 326.751
131.678, 138.863
187.032, 271.684
Evaluation Time: 1.54938 seconds
Resulting Fitness: 0.4
-------------
Particle: 6:
Relays Coordinates:
120.114, 37.7689
180.89, 364.5
183.258, 151.322
176.614, 301.936
Evaluation Time: 1.64863 seconds
Resulting Fitness: 0.430556
-------------
Particle: 7:
Relays Coordinates:
106.91, 94.2677
123.925, 260.12
177.641, 110.179
191.35, 245.418
Evaluation Time: 1.41193 seconds
Resulting Fitness: 0.316667
-------------
Particle: 8:
Relays Coordinates:
112.626, 36.9537
140.94, 328.05
169.706, 102.908
168.233, 255.381
Evaluation Time: 1.59719 seconds
Resulting Fitness: 0.433333
New local best!
-------------
Particle: 9:
Relays Coordinates:
105.188, 40.5782
170.241, 328.05
178.733, 123.553
142.097, 178.433
Evaluation Time: 1.627 seconds
Resulting Fitness: 0.402778
-------------
Particle: 10:
Relays Coordinates:
140.357, 46.415
192.395, 364.751
193.059, 156.99
194.623, 282.977
Evaluation Time: 1.6699 seconds
Resulting Fitness: 0.441667
-------------
Particle: 11:
Relays Coordinates:
110.446, 37.4853
244.121, 359.387
158.241, 174.015
183.595, 284.883
Evaluation Time: 1.55651 seconds
Resulting Fitness: 0.380556
-------------
Particle: 12:
Relays Coordinates:
133.704, 47.1859
221.993, 420.125
219.969, 162.514
215.206, 305.945
Evaluation Time: 1.93129 seconds
Resulting Fitness: 0.472222
-------------
Particle: 13:
Relays Coordinates:
140.469, 51.0123
105.859, 101.469
171.169, 186.626
198.231, 234.438
Evaluation Time: 1.40656 seconds
Resulting Fitness: 0.291667
-------------
Particle: 14:
Relays Coordinates:
105.642, 35.4782
175.568, 270.576
196.761, 156.049
185.309, 256.727
Evaluation Time: 1.53306 seconds
Resulting Fitness: 0.347222
-------------
Particle: 15:
Relays Coordinates:
93.0024, 46.549
188.612, 369.046
170.634, 136.339
157.638, 277.013
Evaluation Time: 1.74453 seconds
Resulting Fitness: 0.441667
-------------
Particle: 16:
Relays Coordinates:
138.035, 50.938
185.244, 168.352
184.627, 164.18
96.2775, 148.662
Evaluation Time: 1.29285 seconds
Resulting Fitness: 0.252778
-------------
Particle: 17:
Relays Coordinates:
138.422, 36.9825
153.269, 196.073
116.139, 125.722
147.63, 203.267
Evaluation Time: 1.31384 seconds
Resulting Fitness: 0.258333
-------------
Particle: 18:
Relays Coordinates:
138.186, 48.7197
223.136, 261.592
162.648, 186.546
133.775, 305.307
Evaluation Time: 1.61925 seconds
Resulting Fitness: 0.397222
New local best!
-------------
Particle: 19:
Relays Coordinates:
130.107, 60.37
192.49, 341.055
208.678, 165.057
147.753, 240.208
Evaluation Time: 1.7633 seconds
Resulting Fitness: 0.438889
New local best!
-------------
Particle: 20:
Relays Coordinates:
143.399, 49.8307
200.6, 357.657
222.905, 167.47
210.881, 319.868
Evaluation Time: 1.59908 seconds
Resulting Fitness: 0.311111
Current global best fitness: 0.508333
Current global best relays: 134.298, 41.4772
188.306, 404.286
191.592, 154.83
193.195, 293.353
Particle 1 new velocities: 154.149, 225.02
277.272, 460.877
183.667, 29.5935
178.229, 174.166
Particle 2 new velocities: 153.56, 56.9837
167.407, 426.196
145.482, 108.939
178.111, 29.9398
Particle 3 new velocities: 246.09, 159.563
204.07, 511.449
184.013, 216.987
158.522, 363.939
Particle 4 new velocities: 170.812, 175.836
194.767, 36.7491
196.543, 156.554
326.895, 129.41
Particle 5 new velocities: 22.0277, 17.2316
45.4361, 137.944
125.789, 39.3856
64.6687, 85.27
Particle 6 new velocities: 39.7626, 7.21924
46.2361, 122.302
44.1895, 76.2502
69.2862, 76.4635
Particle 7 new velocities: 80.6065, 39.8613
159.106, 282.749
113.888, 92.3559
114.225, 112.409
Particle 8 new velocities: 63.2291, 20.9923
81.6878, 60.3596
82.6936, 55.3131
81.1697, 142.676
Particle 9 new velocities: 66.8271, 23.9726
94.1914, 79.3669
115.136, 100.713
97.8385, 272.224
Particle 10 new velocities: -21.5256, -0.805873
-25.7117, -38.4944
-23.1852, -7.8482
-12.8035, -19.0665
Particle 11 new velocities: 44.9152, 10.3876
-14.0446, 94.6427
31.7277, 22.3171
43.3289, 52.5312
Particle 12 new velocities: 5.38703, -3.02271
18.4511, 2.18724
-18.5298, -5.41066
-28.5297, -4.38866
Particle 13 new velocities: 132.06, 36.9856
66.2257, -0.825207
190.459, 219.474
201.914, 305.96
Particle 14 new velocities: 41.7945, 21.878
17.6838, 241.723
70.857, 16.8406
9.2455, 73.5103
Particle 15 new velocities: 29.0224, -13.6828
59.2392, 9.58379
10.018, 18.7022
52.3155, 33.0745
Particle 16 new velocities: 102.632, 46.5566
149.559, 443.732
139.086, 134.558
187.558, 123.924
Particle 17 new velocities: 150.252, 40.0642
145.966, 360.611
153.053, 125.509
146.701, 294.761
Particle 18 new velocities: 32.4951, 12.0176
53.1537, 60.2444
78.7594, 59.8304
27.1676, 74.6076
Particle 19 new velocities: 38.3068, 3.88451
20.7124, 186.686
2.12906, 28.3297
39.5716, 83.3023
Particle 20 new velocities: -19.8675, -2.24928
22.2272, 92.7444
2.89973, 10.7935
-5.65244, 8.78138
-- ITERATION 17 --
-------------
Particle: 1:
Relays Coordinates:
135.314, 153.904
173.611, 215.234
145.744, 50.241
121.52, 118.493
Evaluation Time: 1.29621 seconds
Resulting Fitness: 0.230556
-------------
Particle: 2:
Relays Coordinates:
130.223, 65.6481
143.172, 239.148
133.71, 98.6845
157.755, 117.266
Evaluation Time: 1.41414 seconds
Resulting Fitness: 0.272222
-------------
Particle: 3:
Relays Coordinates:
122.2, 87.6566
111.371, 156.905
100.118, 112.111
78.543, 152.354
Evaluation Time: 1.14343 seconds
Resulting Fitness: 0.166667
-------------
Particle: 4:
Relays Coordinates:
121.759, 104.668
145.577, 63.0767
109.733, 109.113
193.71, 93.7443
Evaluation Time: 1.18715 seconds
Resulting Fitness: 0.205556
-------------
Particle: 5:
Relays Coordinates:
115.202, 42.2679
164.828, 376.402
208.549, 144.382
203.878, 289.133
Evaluation Time: 1.74584 seconds
Resulting Fitness: 0.488889
-------------
Particle: 6:
Relays Coordinates:
116.55, 32.7963
165.575, 354.878
165.809, 165.9
179.261, 275.853
Evaluation Time: 1.6135 seconds
Resulting Fitness: 0.436111
-------------
Particle: 7:
Relays Coordinates:
123.03, 88.002
185.697, 328.05
191.272, 132.883
200.488, 234.77
Evaluation Time: 1.65984 seconds
Resulting Fitness: 0.402778
-------------
Particle: 8:
Relays Coordinates:
115.379, 38.0184
146.066, 254.836
165.6, 103.809
163.633, 261.165
Evaluation Time: 1.49757 seconds
Resulting Fitness: 0.325
-------------
Particle: 9:
Relays Coordinates:
125.399, 47.0576
192.771, 297.007
214.23, 163.49
174.913, 328.529
Evaluation Time: 1.66436 seconds
Resulting Fitness: 0.425
-------------
Particle: 10:
Relays Coordinates:
118.831, 45.6091
166.684, 326.256
169.873, 149.142
181.82, 263.911
Evaluation Time: 1.60513 seconds
Resulting Fitness: 0.413889
-------------
Particle: 11:
Relays Coordinates:
139.825, 43.0857
207.069, 408.626
170.972, 176.698
204.231, 303.673
Evaluation Time: 1.80821 seconds
Resulting Fitness: 0.469444
-------------
Particle: 12:
Relays Coordinates:
139.091, 44.1632
240.444, 422.312
201.439, 157.104
186.676, 301.556
Evaluation Time: 1.73028 seconds
Resulting Fitness: 0.455556
-------------
Particle: 13:
Relays Coordinates:
117.315, 37.8802
74.077, 43.3236
155.669, 174.812
172.249, 215.234
Evaluation Time: 1.22252 seconds
Resulting Fitness: 0.241667
-------------
Particle: 14:
Relays Coordinates:
119.424, 46.4585
156.534, 405
216.771, 140.041
157.589, 267.492
Evaluation Time: 1.7163 seconds
Resulting Fitness: 0.480556
New local best!
-------------
Particle: 15:
Relays Coordinates:
109.822, 29.5796
223.066, 340.767
162.587, 139.537
188.958, 279.079
Evaluation Time: 1.49888 seconds
Resulting Fitness: 0.35
-------------
Particle: 16:
Relays Coordinates:
142.112, 57.5696
197.698, 295.245
191.15, 176.402
167.602, 160.96
Evaluation Time: 1.46562 seconds
Resulting Fitness: 0.330556
-------------
Particle: 17:
Relays Coordinates:
138.072, 36.8512
143.123, 239.148
128.754, 120.163
140.778, 238.205
Evaluation Time: 1.30562 seconds
Resulting Fitness: 0.233333
-------------
Particle: 18:
Relays Coordinates:
124.426, 44.2775
201.416, 234.619
175.986, 179.608
117.327, 276.957
Evaluation Time: 1.46529 seconds
Resulting Fitness: 0.358333
-------------
Particle: 19:
Relays Coordinates:
136.415, 52.0462
172.694, 405
170.754, 156.644
151.733, 262.043
Evaluation Time: 1.70849 seconds
Resulting Fitness: 0.416667
-------------
Particle: 20:
Relays Coordinates:
111.178, 42.8233
200.544, 405.362
203.224, 160.437
184.706, 295.784
Evaluation Time: 1.80576 seconds
Resulting Fitness: 0.502778
New local best!
Current global best fitness: 0.508333
Current global best relays: 134.298, 41.4772
188.306, 404.286
191.592, 154.83
193.195, 293.353
Particle 1 new velocities: 216.526, 227.821
245.767, 133.182
176.426, 116.964
172.522, 219.383
Particle 2 new velocities: 142.966, 108.446
104.896, 314.991
123.896, 94.0899
164.239, 220.543
Particle 3 new velocities: 241.845, 300.898
200.837, 391.77
201.041, 295.585
126.414, 308.223
Particle 4 new velocities: 174.551, 252.064
171.813, 373.782
296.981, 149.544
64.2896, 114.167
Particle 5 new velocities: 45.0699, 12.5205
46.9461, 137.49
71.6186, 35.8943
42.0132, 79.9299
Particle 6 new velocities: 46.8578, 43.1553
72.4914, 203.228
72.3257, 62.1014
78.6531, 94.4142
Particle 7 new velocities: 60.7887, 48.7785
141.539, 90.1524
81.0572, 93.6852
138.577, 88.211
Particle 8 new velocities: 49.0441, 18.6628
100.24, 225.198
88.0104, 96.9344
96.8979, 128.31
Particle 9 new velocities: 51.0869, -2.8688
60.7227, 214.426
9.09072, 60.8961
60.6185, 27.1682
Particle 10 new velocities: 0.749233, -0.163161
6.18043, -10.2614
1.53801, 4.38348
3.73094, 46.0443
Particle 11 new velocities: 11.4519, 1.62234
-7.34278, 41.7368
16.579, 9.09057
29.3767, 7.30093
Particle 12 new velocities: -5.39385, 2.45418
-42.993, -25.4735
-11.6533, 8.82104
-11.7564, -1.79077
Particle 13 new velocities: 128.399, 83.5232
100.584, 168.163
172.379, 271.788
176.859, -20.1803
Particle 14 new velocities: 34.3872, 13.3629
26.9037, -0.293145
39.2533, 30.1458
47.9783, 59.7377
Particle 15 new velocities: 39.2443, -4.06033
40.2107, 117.551
27.5115, 35.8882
39.8357, 53.2233
Particle 16 new velocities: 60.056, 24.9866
109.099, 139.746
103.187, 102.754
38.3794, 281.314
Particle 17 new velocities: 150.811, 38.0933
185.246, 85.0501
60.9604, 115.298
160.02, 227.991
Particle 18 new velocities: 43.1584, 11.8719
58.3326, 133.348
67.7409, 18.3623
57.5484, 78.389
Particle 19 new velocities: 27.0337, 1.85607
28.9908, -66.8623
69.092, 32.4465
49.3168, 56.9863
Particle 20 new velocities: -4.05927, -2.50046
7.47061, 73.8715
-3.8728, 6.6446
-0.837141, 4.66202
-- ITERATION 18 --
-------------
Particle: 1:
Relays Coordinates:
136.31, 147.888
162.476, 134.983
124.815, 64.7786
113.918, 130.9
Evaluation Time: 1.18305 seconds
Resulting Fitness: 0.227778
-------------
Particle: 2:
Relays Coordinates:
130.666, 83.2688
118.65, 239.148
123.212, 92.2034
154.009, 161.573
Evaluation Time: 1.28154 seconds
Resulting Fitness: 0.211111
-------------
Particle: 3:
Relays Coordinates:
102.817, 109.739
88.1768, 141.215
85.0563, 115.145
57.886, 130.081
Evaluation Time: 1.07676 seconds
Resulting Fitness: 0.15
-------------
Particle: 4:
Relays Coordinates:
127.552, 153.561
136.626, 188.053
175.077, 111.343
111.06, 89.4989
Evaluation Time: 1.24013 seconds
Resulting Fitness: 0.258333
-------------
Particle: 5:
Relays Coordinates:
116.838, 39.9407
154.383, 364.5
204.242, 131.421
179.255, 269.047
Evaluation Time: 1.75608 seconds
Resulting Fitness: 0.486111
-------------
Particle: 6:
Relays Coordinates:
132.36, 61.5208
192.834, 405
192.889, 184.681
208.91, 299.917
Evaluation Time: 1.74033 seconds
Resulting Fitness: 0.475
-------------
Particle: 7:
Relays Coordinates:
120.603, 89.7417
214.699, 274.383
178.675, 148.651
222.461, 211.908
Evaluation Time: 1.5101 seconds
Resulting Fitness: 0.291667
-------------
Particle: 8:
Relays Coordinates:
133.182, 45.9117
199.508, 388.827
205.424, 162.602
211.03, 315.475
Evaluation Time: 1.76902 seconds
Resulting Fitness: 0.455556
New local best!
-------------
Particle: 9:
Relays Coordinates:
142.953, 35.7929
205.33, 405
180.89, 181.753
190.78, 288.115
Evaluation Time: 1.76151 seconds
Resulting Fitness: 0.458333
-------------
Particle: 10:
Relays Coordinates:
107.622, 40.9014
155.578, 284.395
154.27, 138.173
166.996, 278.959
Evaluation Time: 1.473 seconds
Resulting Fitness: 0.347222
-------------
Particle: 11:
Relays Coordinates:
136.15, 40.2372
179.754, 405.327
168.796, 167.21
210.247, 279.876
Evaluation Time: 1.79517 seconds
Resulting Fitness: 0.516667
New local best!
New global best!
-------------
Particle: 12:
Relays Coordinates:
133.697, 46.6174
197.451, 396.839
189.785, 165.925
174.92, 299.766
Evaluation Time: 1.82234 seconds
Resulting Fitness: 0.505556
New local best!
-------------
Particle: 13:
Relays Coordinates:
130.583, 64.5187
92.8218, 112.392
174.338, 237.342
185.53, 103.659
Evaluation Time: 1.4398 seconds
Resulting Fitness: 0.3
-------------
Particle: 14:
Relays Coordinates:
138.43, 53.8393
165.094, 364.236
230.422, 153.168
185.011, 294.507
Evaluation Time: 1.87936 seconds
Resulting Fitness: 0.469444
-------------
Particle: 15:
Relays Coordinates:
134.16, 22.9673
236.949, 412.486
171.089, 157.883
205.915, 299.072
Evaluation Time: 1.78184 seconds
Resulting Fitness: 0.45
-------------
Particle: 16:
Relays Coordinates:
132.642, 54.1651
201.29, 285.397
193.114, 183.154
135.144, 290.176
Evaluation Time: 1.59361 seconds
Resulting Fitness: 0.4
-------------
Particle: 17:
Relays Coordinates:
138.172, 35.8457
157.058, 155.063
90.7396, 112.62
143.87, 222.98
Evaluation Time: 1.30289 seconds
Resulting Fitness: 0.255556
-------------
Particle: 18:
Relays Coordinates:
135.744, 45.4811
210.396, 298.053
197.419, 160.356
141.649, 287.831
Evaluation Time: 1.61219 seconds
Resulting Fitness: 0.388889
-------------
Particle: 19:
Relays Coordinates:
147.104, 48.512
181.517, 304.324
215.861, 170.181
180.945, 287.126
Evaluation Time: 1.64687 seconds
Resulting Fitness: 0.338889
-------------
Particle: 20:
Relays Coordinates:
86.7665, 32.6615
168.492, 388.179
161.475, 135.336
148.934, 243.361
Evaluation Time: 1.71053 seconds
Resulting Fitness: 0.491667
Current global best fitness: 0.516667
Current global best relays: 136.15, 40.2372
179.754, 405.327
168.796, 167.21
210.247, 279.876
Particle 1 new velocities: 249.206, 116.273
242.025, 423.242
150.107, 126.461
249.498, 326.496
Particle 2 new velocities: 144.382, 135.55
118.728, 37.9242
125.775, 106.597
172.876, 283.416
Particle 3 new velocities: 229.829, 217.984
238.48, 374.69
324.347, 353.08
187.901, 408.008
Particle 4 new velocities: 147.177, 235.972
179.275, 225.899
246.176, 158.939
490.694, 107.761
Particle 5 new velocities: 54.1075, 11.1015
52.3449, 43.2945
11.6349, 79.2032
76.346, 92.6594
Particle 6 new velocities: 24.8478, 0.955094
59.1983, 27.9249
51.5597, 28.658
37.8423, 55.9323
Particle 7 new velocities: -0.565786, -8.10987
76.9799, 161.182
64.7326, 94.9537
141.116, 130.21
Particle 8 new velocities: 42.6646, 12.3575
62.6112, 196.864
43.3368, 77.6776
76.615, 85.9286
Particle 9 new velocities: -8.41296, 2.24747
-26.7805, -20.2313
-26.0709, -38.4449
3.99964, 14.4641
Particle 10 new velocities: 7.1756, 10.8265
15.7398, 179.504
34.762, 18.3538
5.33622, 43.5957
Particle 11 new velocities: 9.16154, 1.29787
-5.87422, 33.3895
13.2632, 7.27246
23.5014, 5.84075
Particle 12 new velocities: -4.26853, 0.0703997
-55.6544, -13.5278
-17.8361, 7.07859
-6.24378, -21.5361
Particle 13 new velocities: 107.597, 45.4232
181.214, 386.612
147.569, 255.076
141.491, 103.607
Particle 14 new velocities: 11.5049, 6.12948
31.8673, 53.3104
-36.3092, 19.8875
23.1032, 6.45659
Particle 15 new velocities: 7.87792, 19.8408
-4.53289, 81.4877
22.9447, 32.9235
16.2349, 28.4786
Particle 16 new velocities: 45.721, 1.97142
76.1866, 181.843
32.7035, 26.6211
18.7215, 232.691
Particle 17 new velocities: 174.436, 35.1715
208.219, 235.708
143.084, 162.131
160.841, 156.735
Particle 18 new velocities: 35.2034, 9.30717
54.0687, 132.211
-7.21149, 60.0155
62.8256, 65.7832
Particle 19 new velocities: 2.95336, 12.6946
24.7922, -28.6675
26.441, 20.0001
47.1378, 34.6304
Particle 20 new velocities: 73.5753, 7.34235
25.7314, 94.7434
12.9379, 67.8769
110.792, 29.3073
-- ITERATION 19 --
-------------
Particle: 1:
Relays Coordinates:
165.952, 113.713
174.124, 215.234
118.345, 82.3222
156.439, 196.894
Evaluation Time: 1.2984 seconds
Resulting Fitness: 0.252778
-------------
Particle: 2:
Relays Coordinates:
131.554, 104.66
113.537, 132.523
119.09, 95.0857
156.348, 212.837
Evaluation Time: 1.27684 seconds
Resulting Fitness: 0.236111
-------------
Particle: 3:
Relays Coordinates:
104.388, 102.843
102.508, 156.905
128.475, 146.934
77.1307, 156.905
Evaluation Time: 1.12347 seconds
Resulting Fitness: 0.161111
-------------
Particle: 4:
Relays Coordinates:
86.2129, 122.24
99.1329, 129.903
132.194, 84.8173
156.905, 61.9022
Evaluation Time: 1.1329 seconds
Resulting Fitness: 0.161111
-------------
Particle: 5:
Relays Coordinates:
138.466, 41.3442
167.45, 330.314
174.86, 170.606
207.036, 292.982
Evaluation Time: 1.66995 seconds
Resulting Fitness: 0.402778
-------------
Particle: 6:
Relays Coordinates:
127.338, 50.6055
204.146, 350.669
198.004, 172.805
199.87, 288.238
Evaluation Time: 1.68556 seconds
Resulting Fitness: 0.408333
-------------
Particle: 7:
Relays Coordinates:
87.5074, 59.5096
212.634, 317.526
177.444, 177.588
265.047, 249.404
Evaluation Time: 1.6395 seconds
Resulting Fitness: 0.361111
-------------
Particle: 8:
Relays Coordinates:
128.192, 42.4782
191.085, 364.5
181.347, 175.164
209.693, 292.623
Evaluation Time: 1.70481 seconds
Resulting Fitness: 0.444444
-------------
Particle: 9:
Relays Coordinates:
121.086, 34.2363
160.695, 346.292
139.337, 128.977
175.302, 272.321
Evaluation Time: 1.61476 seconds
Resulting Fitness: 0.422222
-------------
Particle: 10:
Relays Coordinates:
103.318, 46.5551
154.186, 417.51
170.129, 140.874
155.099, 290.3
Evaluation Time: 1.65038 seconds
Resulting Fitness: 0.425
-------------
Particle: 11:
Relays Coordinates:
130.78, 37.3816
156.491, 394.845
163.853, 157.034
210.374, 257.145
Evaluation Time: 1.6962 seconds
Resulting Fitness: 0.463889
-------------
Particle: 12:
Relays Coordinates:
129.429, 46.6878
141.797, 383.311
171.949, 173.003
168.676, 278.23
Evaluation Time: 1.66285 seconds
Resulting Fitness: 0.494444
-------------
Particle: 13:
Relays Coordinates:
126.579, 58.4277
145.634, 265.191
171.074, 261.691
173.792, 110.15
Evaluation Time: 1.57982 seconds
Resulting Fitness: 0.333333
-------------
Particle: 14:
Relays Coordinates:
134.941, 53.9719
177.265, 375.792
174.701, 155.75
187.303, 270.867
Evaluation Time: 1.68867 seconds
Resulting Fitness: 0.441667
-------------
Particle: 15:
Relays Coordinates:
127.834, 38.5273
209.175, 444.576
174.63, 171.726
199.935, 294.795
Evaluation Time: 1.78339 seconds
Resulting Fitness: 0.480556
-------------
Particle: 16:
Relays Coordinates:
94.7895, 29.8333
147.462, 248.311
120.009, 111.483
81.7706, 265.721
Evaluation Time: 1.33503 seconds
Resulting Fitness: 0.258333
-------------
Particle: 17:
Relays Coordinates:
149.52, 33.9673
174.711, 186.905
111.837, 131.412
145.742, 181.617
Evaluation Time: 1.31209 seconds
Resulting Fitness: 0.244444
-------------
Particle: 18:
Relays Coordinates:
138.467, 44.3785
214.216, 348.514
154.068, 178.501
165.625, 286.427
Evaluation Time: 1.56742 seconds
Resulting Fitness: 0.391667
-------------
Particle: 19:
Relays Coordinates:
135.051, 55.086
185.678, 248.091
218.072, 171.163
205.274, 289.581
Evaluation Time: 1.5023 seconds
Resulting Fitness: 0.341667
-------------
Particle: 20:
Relays Coordinates:
105.2, 26.2465
127.43, 316.845
114.432, 133.328
170.406, 178.898
Evaluation Time: 1.61265 seconds
Resulting Fitness: 0.419444
Current global best fitness: 0.516667
Current global best relays: 136.15, 40.2372
179.754, 405.327
168.796, 167.21
210.247, 279.876
Particle 1 new velocities: 269.515, 220.949
227.751, 90.7665
136.08, 78.2807
178.615, 170.021
Particle 2 new velocities: 131.745, 49.7174
170.828, 401.467
117.485, 103.948
203.874, 290.974
Particle 3 new velocities: 353.296, 252
342.486, 462.818
306.543, 355.781
151.603, 103.765
Particle 4 new velocities: 209.712, 245.3
243.171, 450.719
230.331, 228.26
226.931, 180.861
Particle 5 new velocities: 37.9635, 8.71208
73.2284, 128.021
27.6575, 54.7674
63.3564, 66.8834
Particle 6 new velocities: 24.1324, -8.90696
62.8323, 171.525
29.891, 23.1167
29.9553, 45.3161
Particle 7 new velocities: 1.6148, 63.8772
23.589, 219.921
54.4063, 34.4423
80.4063, 117.655
Particle 8 new velocities: 37.6136, 8.22546
42.8831, 61.6315
56.8251, 46.8731
62.2676, 80.9043
Particle 9 new velocities: -7.39704, 7.94394
-23.2476, 57.1893
6.33752, 3.05244
11.9917, -14.1972
Particle 10 new velocities: 65.704, 2.28939
68.1444, 99.8494
35.6523, 40.7321
56.5006, 25.6335
Particle 11 new velocities: 10.2906, 8.0418
-0.299109, 52.8242
17.3614, 19.5238
18.6485, 49.0005
Particle 12 new velocities: 4.8446, -6.80049
38.3683, 18.307
-13.0916, -7.36481
33.3619, 9.40049
Particle 13 new velocities: 179.352, 38.1687
91.8942, -5.86295
122.656, 219.582
149.186, 289.507
Particle 14 new velocities: -2.17373, -12.6772
27.9473, 85.5536
38.5715, 22.7845
14.8163, 12.2903
Particle 15 new velocities: -7.61784, 13.3649
-32.9807, -15.3461
15.799, 14.183
8.09804, 8.36613
Particle 16 new velocities: 88.1916, 12.3517
114.689, 310.253
33.5215, 108.31
123.378, 61.5142
Particle 17 new velocities: 138.335, 38.6638
173.034, 356.219
113.603, 128.066
198.74, 241.462
Particle 18 new velocities: 25.3123, 9.92721
3.33024, 127.773
18.6975, 44.2496
74.6292, 79.9403
Particle 19 new velocities: 0.779542, 7.31081
16.3149, 153.823
-21.0083, 9.11955
-38.7243, -40.1641
Particle 20 new velocities: 65.0125, 27.6752
83.6882, 159.372
177.215, 109.136
131.609, 246.666
-- ITERATION 20 --
-------------
Particle: 1:
Relays Coordinates:
208.282, 160.068
192.216, 146.359
121.691, 76.8159
160.255, 175.494
Evaluation Time: 1.26004 seconds
Resulting Fitness: 0.244444
-------------
Particle: 2:
Relays Coordinates:
125.935, 73.8383
136.011, 239.148
113.153, 95.1973
172.293, 239.148
Evaluation Time: 1.37268 seconds
Resulting Fitness: 0.244444
-------------
Particle: 3:
Relays Coordinates:
197.018, 152.748
191.556, 215.234
187.261, 215.234
98.4624, 112.21
Evaluation Time: 1.32804 seconds
Resulting Fitness: 0.280556
-------------
Particle: 4:
Relays Coordinates:
92.8643, 115.338
107.419, 156.905
113.764, 98.2469
120.452, 76.1818
Evaluation Time: 1.08627 seconds
Resulting Fitness: 0.180556
-------------
Particle: 5:
Relays Coordinates:
142.908, 40.5456
194.949, 371.251
164.039, 182.552
219.018, 291.491
Evaluation Time: 1.5955 seconds
Resulting Fitness: 0.419444
-------------
Particle: 6:
Relays Coordinates:
136.324, 37.5287
240.28, 450
205.105, 176.329
206.843, 300.198
Evaluation Time: 1.68871 seconds
Resulting Fitness: 0.413889
-------------
Particle: 7:
Relays Coordinates:
64.9701, 89.949
172.207, 364.5
169.019, 154.57
251.836, 267.586
Evaluation Time: 1.73321 seconds
Resulting Fitness: 0.466667
New local best!
-------------
Particle: 8:
Relays Coordinates:
134.303, 41.07
189.514, 345.167
192.919, 179.85
220.288, 302.557
Evaluation Time: 1.61379 seconds
Resulting Fitness: 0.397222
-------------
Particle: 9:
Relays Coordinates:
113.689, 42.1803
137.447, 403.481
145.675, 132.03
187.294, 258.124
Evaluation Time: 1.6584 seconds
Resulting Fitness: 0.441667
-------------
Particle: 10:
Relays Coordinates:
136.908, 39.564
180.087, 405
166.683, 147.101
171.395, 255.906
Evaluation Time: 1.76557 seconds
Resulting Fitness: 0.5
New local best!
-------------
Particle: 11:
Relays Coordinates:
126.963, 40.881
140.573, 402.902
163.093, 158.902
206.12, 275.531
Evaluation Time: 1.69328 seconds
Resulting Fitness: 0.472222
-------------
Particle: 12:
Relays Coordinates:
134.273, 39.8873
180.165, 401.618
158.858, 165.638
202.038, 287.63
Evaluation Time: 1.69391 seconds
Resulting Fitness: 0.497222
-------------
Particle: 13:
Relays Coordinates:
146.326, 46.2017
113.609, 124.036
140.49, 230.192
154.479, 191.155
Evaluation Time: 1.35524 seconds
Resulting Fitness: 0.25
-------------
Particle: 14:
Relays Coordinates:
107.542, 33.4487
166.222, 373.69
172.751, 144.613
163.716, 229.357
Evaluation Time: 1.79201 seconds
Resulting Fitness: 0.475
-------------
Particle: 15:
Relays Coordinates:
120.216, 51.8921
176.194, 429.23
190.429, 185.909
208.033, 303.161
Evaluation Time: 1.95843 seconds
Resulting Fitness: 0.505556
New local best!
-------------
Particle: 16:
Relays Coordinates:
148.215, 34.1698
212.343, 405
124.36, 178.032
166.171, 265.06
Evaluation Time: 1.71726 seconds
Resulting Fitness: 0.416667
-------------
Particle: 17:
Relays Coordinates:
137.68, 34.7392
166.325, 239.148
107.828, 124.108
164.765, 202.357
Evaluation Time: 1.39652 seconds
Resulting Fitness: 0.3
-------------
Particle: 18:
Relays Coordinates:
132.661, 43.9876
176.213, 385.793
139.94, 180.428
194.606, 296.758
Evaluation Time: 1.71099 seconds
Resulting Fitness: 0.491667
New local best!
-------------
Particle: 19:
Relays Coordinates:
122.248, 56.1571
181.794, 361.722
177.357, 162.254
149.895, 224.475
Evaluation Time: 1.74364 seconds
Resulting Fitness: 0.425
-------------
Particle: 20:
Relays Coordinates:
111.677, 35.378
138.515, 312.446
191.349, 159.081
198.152, 279.213
Evaluation Time: 1.64464 seconds
Resulting Fitness: 0.444444
Final Evaluation Time: 624.297 seconds
Final global best fitness: 0.516667
Final global best relays:
136.15, 40.2372
179.754, 405.327
168.796, 167.21
210.247, 279.876
