PSO EXECUTION
============================
Seed: 60466
Particles: 20
Relays: 4
Iterations: 20
Backend: Simulation
Network Configuration: 4
Area: 500 x 500
Sink: 0, 0
Simulated Relay range: 120
w: 0.8
c1: 1.7
c2: 1.3

Relay Nodes Positions: 
PARTICLE 1: 
181.831, 91.8785
175.395, 23.8596
85.4404, 8.73189
23.1407, 29.3674
PARTICLE 2: 
134.133, 31.3555
39.7784, 75.6452
220.929, 53.4338
89.2091, 136.166
PARTICLE 3: 
113.513, 58.6001
60.3384, 148.48
192.286, 128.307
79.4042, 86.0822
PARTICLE 4: 
178.087, 177.987
85.2366, 183.071
280.788, 186.073
83.3709, 74.8387
PARTICLE 5: 
152.467, 188.666
80.2336, 157.857
44.2015, 55.1729
207.04, 281.902
PARTICLE 6: 
127.11, 155.419
180.754, 55.0164
97.5126, 172.625
5.68961, 107.961
PARTICLE 7: 
78.9054, 29.4519
178.017, 2.17899
353.44, 109.353
259.73, 38.0608
PARTICLE 8: 
27.5304, 25.4408
190.998, 24.7919
33.7309, 137.009
100.932, 53.3183
PARTICLE 9: 
39.2813, 35.5929
140.543, 30.4636
200.921, 178.231
151.465, 146.049
PARTICLE 10: 
65.9568, 198.739
163.364, 40.4223
134.103, 137.53
86.0601, 54.0033
PARTICLE 11: 
59.5166, 101.896
73.7864, 188.904
172.651, 103.072
181.572, 173.694
PARTICLE 12: 
273.925, 38.7553
152.004, 72.8226
87.8836, 44.9974
237.035, 1.63444
PARTICLE 13: 
139.774, 87.2001
96.0464, 21.3138
107.1, 49.475
69.9057, 2.40689
PARTICLE 14: 
84.7676, 67.7121
39.2773, 65.5237
81.3819, 9.41082
138.673, 48.2385
PARTICLE 15: 
118.764, 127.149
118.925, 6.18825
191.878, 143.391
61.2569, 22.7013
PARTICLE 16: 
257.709, 77.8193
149.644, 110.409
73.5745, 93.2116
346.421, 20.0083
PARTICLE 17: 
188.817, 127.658
305.492, 126.582
115.948, 11.398
145.274, 46.9803
PARTICLE 18: 
80.6631, 99.2375
30.3604, 3.53132
81.3063, 119.865
161.882, 172.776
PARTICLE 19: 
176.227, 127.333
12.7381, 79.758
110.796, 221.7
74.9897, 171.367
PARTICLE 20: 
180.045, 31.311
62.4247, 37.8795
324.938, 116.963
283.837, 50.6349
Nodes Positions: 
374.958, 121.316
169.861, 151.834
447.01, 106.719
410.154, 459.155
432.013, 409.717
107.249, 337.841
69.2731, 176.343
204.331, 497.887
308.519, 381.771
185.208, 169.918
275.29, 236.212
417.541, 397.022
146.337, 215.42
211.455, 330.931
237.372, 206.021
119.39, 23.6194
25.5562, 310.195
354.081, 293.04
319.272, 441.705
88.0478, 342.697
2.75475, 196.712
334.14, 467.279
393.981, 84.2529
484.251, 25.441
346.13, 15.2546
306.142, 423.634
297.715, 220.242
23.3371, 247.774
287.141, 141.059
46.5149, 76.5776
366.436, 255.198
463.609, 324.979
331.547, 36.8282
260.56, 230.979
403.374, 74.9644
77.3548, 190.588
226.764, 490.919
469.801, 389.725
95.4315, 362.13
477.01, 94.3954
62.2139, 480.314
438.716, 7.72028
223.575, 278.582
384.204, 438.808
163.54, 48.8027
383.03, 456.228
497.484, 163.339
455.645, 131.766
181.458, 307.221
57.9362, 259.301
254.357, 354.649
39.642, 270.42
10.5347, 145.122
112.586, 51.08
268.896, 429.989
129.832, 403.164
196.766, 64.0186
150.834, 374.383
249.714, 288.938
135.861, 109.952
All particles start with velocity zero
-- ITERATION 0 --
-------------
Particle: 1:
Relays Coordinates:
181.831, 91.8785
175.395, 23.8596
85.4404, 8.73189
23.1407, 29.3674
Evaluation Time: 1.19166 seconds
Resulting Fitness: 0.233333
New local best!
New global best!
-------------
Particle: 2:
Relays Coordinates:
134.133, 31.3555
39.7784, 75.6452
220.929, 53.4338
89.2091, 136.166
Evaluation Time: 1.25712 seconds
Resulting Fitness: 0.316667
New local best!
New global best!
-------------
Particle: 3:
Relays Coordinates:
113.513, 58.6001
60.3384, 148.48
192.286, 128.307
79.4042, 86.0822
Evaluation Time: 1.33638 seconds
Resulting Fitness: 0.341667
New local best!
New global best!
-------------
Particle: 4:
Relays Coordinates:
178.087, 177.987
85.2366, 183.071
280.788, 186.073
83.3709, 74.8387
Evaluation Time: 1.52638 seconds
Resulting Fitness: 0.438889
New local best!
New global best!
-------------
Particle: 5:
Relays Coordinates:
152.467, 188.666
80.2336, 157.857
44.2015, 55.1729
207.04, 281.902
Evaluation Time: 1.75439 seconds
Resulting Fitness: 0.522222
New local best!
New global best!
-------------
Particle: 6:
Relays Coordinates:
127.11, 155.419
180.754, 55.0164
97.5126, 172.625
5.68961, 107.961
Evaluation Time: 1.30062 seconds
Resulting Fitness: 0.3
New local best!
-------------
Particle: 7:
Relays Coordinates:
78.9054, 29.4519
178.017, 2.17899
353.44, 109.353
259.73, 38.0608
Evaluation Time: 1.29119 seconds
Resulting Fitness: 0.294444
New local best!
-------------
Particle: 8:
Relays Coordinates:
27.5304, 25.4408
190.998, 24.7919
33.7309, 137.009
100.932, 53.3183
Evaluation Time: 1.25215 seconds
Resulting Fitness: 0.280556
New local best!
-------------
Particle: 9:
Relays Coordinates:
39.2813, 35.5929
140.543, 30.4636
200.921, 178.231
151.465, 146.049
Evaluation Time: 1.39965 seconds
Resulting Fitness: 0.333333
New local best!
-------------
Particle: 10:
Relays Coordinates:
65.9568, 198.739
163.364, 40.4223
134.103, 137.53
86.0601, 54.0033
Evaluation Time: 1.21585 seconds
Resulting Fitness: 0.3
New local best!
-------------
Particle: 11:
Relays Coordinates:
59.5166, 101.896
73.7864, 188.904
172.651, 103.072
181.572, 173.694
Evaluation Time: 1.40928 seconds
Resulting Fitness: 0.394444
New local best!
-------------
Particle: 12:
Relays Coordinates:
273.925, 38.7553
152.004, 72.8226
87.8836, 44.9974
237.035, 1.63444
Evaluation Time: 1.27688 seconds
Resulting Fitness: 0.288889
New local best!
-------------
Particle: 13:
Relays Coordinates:
139.774, 87.2001
96.0464, 21.3138
107.1, 49.475
69.9057, 2.40689
Evaluation Time: 1.06516 seconds
Resulting Fitness: 0.2
New local best!
-------------
Particle: 14:
Relays Coordinates:
84.7676, 67.7121
39.2773, 65.5237
81.3819, 9.41082
138.673, 48.2385
Evaluation Time: 1.07728 seconds
Resulting Fitness: 0.197222
New local best!
-------------
Particle: 15:
Relays Coordinates:
118.764, 127.149
118.925, 6.18825
191.878, 143.391
61.2569, 22.7013
Evaluation Time: 1.35437 seconds
Resulting Fitness: 0.311111
New local best!
-------------
Particle: 16:
Relays Coordinates:
257.709, 77.8193
149.644, 110.409
73.5745, 93.2116
346.421, 20.0083
Evaluation Time: 1.42312 seconds
Resulting Fitness: 0.372222
New local best!
-------------
Particle: 17:
Relays Coordinates:
188.817, 127.658
305.492, 126.582
115.948, 11.398
145.274, 46.9803
Evaluation Time: 1.49003 seconds
Resulting Fitness: 0.355556
New local best!
-------------
Particle: 18:
Relays Coordinates:
80.6631, 99.2375
30.3604, 3.53132
81.3063, 119.865
161.882, 172.776
Evaluation Time: 1.42783 seconds
Resulting Fitness: 0.361111
New local best!
-------------
Particle: 19:
Relays Coordinates:
176.227, 127.333
12.7381, 79.758
110.796, 221.7
74.9897, 171.367
Evaluation Time: 1.41179 seconds
Resulting Fitness: 0.405556
New local best!
-------------
Particle: 20:
Relays Coordinates:
180.045, 31.311
62.4247, 37.8795
324.938, 116.963
283.837, 50.6349
Evaluation Time: 1.45362 seconds
Resulting Fitness: 0.369444
New local best!
Current global best fitness: 0.522222
Current global best relays: 152.467, 188.666
80.2336, 157.857
44.2015, 55.1729
207.04, 281.902
Particle 1 new velocities: -3.41999, 97.9497
-73.0542, 116.153
-50.377, 59.1427
31.8903, 279.804
Particle 2 new velocities: 13.7698, 73.8055
6.84197, 58.1123
-50.1642, 1.62538
140.581, 58.74
Particle 3 new velocities: 46.2529, 108.759
19.7145, 2.86774
-153.48, -73.2119
41.3728, 133.059
Particle 4 new velocities: -14.8922, 2.49676
-5.80798, -30.7721
-208.792, -41.8031
157.053, 142.12
Particle 5 new velocities: 0, 0
0, 0
0, 0
0, 0
Particle 6 new velocities: 17.9628, 29.7245
-42.3065, 104.32
-6.41157, -113.293
118.739, 61.4352
Particle 7 new velocities: 17.1082, 25.9731
-114.211, 46.7044
-39.7822, -41.9715
-31.832, 173.018
Particle 8 new velocities: 88.4607, 77.8912
-18.2815, 73.2345
6.63303, -53.5477
68.5578, 63.32
Particle 9 new velocities: 73.9662, 162.179
-51.726, 68.8268
-108.487, -158.8
45.5977, 84.8123
Particle 10 new velocities: 65.2185, -6.67852
-69.3025, 81.5395
-20.9671, -35.4522
18.4623, 95.5308
Particle 11 new velocities: 87.0545, 16.6444
0.00201373, -16.4996
-67.5785, -29.4215
4.40879, 51.7161
Particle 12 new velocities: -95.9718, 90.442
-33.7573, 68.0485
-27.3802, 11.9737
-36.8956, 279.002
Particle 13 new velocities: 14.3171, 58.4429
-14.9773, 142.537
-60.4075, 3.55915
49.0859, 0.760496
Particle 14 new velocities: 55.1023, 143.029
32.6722, 25.7607
-19.9741, 31.0618
37.4909, 167.643
Particle 15 new velocities: 38.9725, 33.978
-42.4471, 117.473
-58.0548, -42.094
169.217, 49.0247
Particle 16 new velocities: -29.0767, 113.152
-37.4936, 45.5923
-30.7361, -3.99474
-6.54379, 26.0011
Particle 17 new velocities: -27.621, 44.5768
-82.7372, 18.0576
-77.776, 15.6679
64.9538, 43.0279
Particle 18 new velocities: 35.9006, 22.3176
17.0452, 7.41493
-38.9036, -65.61
42.3488, 25.4722
Particle 19 new velocities: -3.95699, 23.7219
54.1789, 36.1873
-34.581, -150.296
156.374, 94.0284
Particle 20 new velocities: -22.054, 157.287
15.9227, 143.411
-126.41, -32.7363
-75.7633, 132.518
-- ITERATION 1 --
-------------
Particle: 1:
Relays Coordinates:
117.055, 124.546
67.1461, 91.8623
23.0051, 44.5325
36.1058, 202.847
Evaluation Time: 1.26821 seconds
Resulting Fitness: 0.283333
New local best!
-------------
Particle: 2:
Relays Coordinates:
119.802, 85.1804
37.7625, 108.344
138.319, 44.5979
186.13, 157.874
Evaluation Time: 1.28248 seconds
Resulting Fitness: 0.327778
New local best!
-------------
Particle: 3:
Relays Coordinates:
159.766, 167.359
80.0529, 151.348
38.8061, 55.0949
120.777, 219.141
Evaluation Time: 1.45135 seconds
Resulting Fitness: 0.430556
New local best!
-------------
Particle: 4:
Relays Coordinates:
118.969, 131.573
57.9034, 111.026
52.4853, 105.172
175.269, 158.163
Evaluation Time: 1.33262 seconds
Resulting Fitness: 0.347222
-------------
Particle: 5:
Relays Coordinates:
152.467, 188.666
80.2336, 157.857
44.2015, 55.1729
207.04, 281.902
Evaluation Time: 1.69709 seconds
Resulting Fitness: 0.522222
-------------
Particle: 6:
Relays Coordinates:
145.073, 185.144
138.447, 159.337
91.101, 59.3321
124.429, 169.396
Evaluation Time: 1.33257 seconds
Resulting Fitness: 0.341667
New local best!
-------------
Particle: 7:
Relays Coordinates:
51.0255, 29.4551
33.9094, 25.9787
166.691, 35.8095
121.114, 112.176
Evaluation Time: 1.07436 seconds
Resulting Fitness: 0.2
-------------
Particle: 8:
Relays Coordinates:
115.991, 103.332
172.717, 98.0264
40.3639, 83.4616
169.49, 116.638
Evaluation Time: 1.11007 seconds
Resulting Fitness: 0.25
-------------
Particle: 9:
Relays Coordinates:
113.247, 197.772
88.817, 99.2904
92.4347, 19.4317
197.062, 230.861
Evaluation Time: 1.58982 seconds
Resulting Fitness: 0.466667
New local best!
-------------
Particle: 10:
Relays Coordinates:
95.6268, 140.012
68.5705, 88.9102
82.4759, 74.4151
76.1969, 109.01
Evaluation Time: 1.16823 seconds
Resulting Fitness: 0.266667
-------------
Particle: 11:
Relays Coordinates:
131.914, 106.686
66.4096, 155.164
94.5651, 66.2853
167.383, 202.869
Evaluation Time: 1.41344 seconds
Resulting Fitness: 0.405556
New local best!
-------------
Particle: 12:
Relays Coordinates:
129.728, 94.1849
86.2016, 102.695
44.107, 41.5319
145.901, 204.584
Evaluation Time: 1.40671 seconds
Resulting Fitness: 0.394444
New local best!
-------------
Particle: 13:
Relays Coordinates:
154.091, 145.643
81.069, 163.85
46.6924, 53.0342
118.992, 3.16739
Evaluation Time: 1.2222 seconds
Resulting Fitness: 0.311111
New local best!
-------------
Particle: 14:
Relays Coordinates:
113.295, 170.7
58.2791, 73.9403
49.7404, 32.7828
142.693, 174.864
Evaluation Time: 1.24541 seconds
Resulting Fitness: 0.333333
New local best!
-------------
Particle: 15:
Relays Coordinates:
127.767, 130.513
61.9471, 100.165
108.397, 82.0506
186.684, 58.0981
Evaluation Time: 1.12561 seconds
Resulting Fitness: 0.25
-------------
Particle: 16:
Relays Coordinates:
150.006, 125.296
73.5821, 102.352
28.1063, 58.5352
222.993, 30.1868
Evaluation Time: 1.21973 seconds
Resulting Fitness: 0.277778
-------------
Particle: 17:
Relays Coordinates:
95.1847, 101.703
131.535, 85.4081
22.5403, 15.9821
124.138, 53.1489
Evaluation Time: 1.12279 seconds
Resulting Fitness: 0.208333
-------------
Particle: 18:
Relays Coordinates:
116.564, 121.555
47.4056, 10.9462
42.4027, 54.2555
204.231, 198.248
Evaluation Time: 1.31629 seconds
Resulting Fitness: 0.352778
-------------
Particle: 19:
Relays Coordinates:
155.043, 135.95
60.2253, 104.351
68.594, 64.2639
208.227, 238.856
Evaluation Time: 1.44835 seconds
Resulting Fitness: 0.386111
-------------
Particle: 20:
Relays Coordinates:
93.2924, 111.365
46.2634, 107.05
117.229, 49.7348
122.865, 108.15
Evaluation Time: 1.09101 seconds
Resulting Fitness: 0.233333
Current global best fitness: 0.522222
Current global best relays: 152.467, 188.666
80.2336, 157.857
44.2015, 55.1729
207.04, 281.902
Particle 1 new velocities: 14.6506, 121.626
-54.8579, 95.1625
-22.7164, 47.3172
194.564, 300.266
Particle 2 new velocities: 29.238, 69.2525
22.8516, 108.44
-73.603, 2.10737
127.913, 89.946
Particle 3 new velocities: 34.1169, 101.987
15.9411, 7.98237
-115.883, -58.5013
37.6777, 166.09
Particle 4 new velocities: 1.00787, 21.5146
33.4892, 87.9038
88.8917, -57.9964
109.899, 139.98
Particle 5 new velocities: 0, 0
0, 0
0, 0
0, 0
Particle 6 new velocities: 18.6793, 26.1796
-77.4476, 81.8048
-24.5342, -93.2502
134.585, 174.46
Particle 7 new velocities: 93.4888, 126.641
121.806, 11.1082
-70.6418, 61.0713
239.14, 201.767
Particle 8 new velocities: 84.0294, 44.2299
-76.3908, 52.6658
5.17924, 8.96316
72.7719, 47.3513
Particle 9 new velocities: 106.778, 120.682
-44.3699, 106.91
-146.381, -102.549
38.6916, 133.737
Particle 10 new velocities: 99.2105, 69.7438
-25.4126, 94.5583
50.9081, -6.7261
143.019, 61.3291
Particle 11 new velocities: 77.5946, 113.468
0.983383, -10.9876
-72.8625, -23.5736
9.0113, 104.145
Particle 12 new velocities: -48.3968, 192.213
-30.0657, 105.894
-21.8673, 26.3205
-11.6667, 300.401
Particle 13 new velocities: 10.9601, 54.1302
-13.0007, 113.358
-49.4905, 3.53923
96.2347, 37.2664
Particle 14 new velocities: 48.1987, 123.941
49.3335, 86.7411
-17.7305, 50.7487
91.386, 231.074
Particle 15 new velocities: 39.6655, 61.802
54.0093, 32.9426
-36.0993, -58.8934
69.165, 80.7177
Particle 16 new velocities: 135.791, 75.5125
90.4878, 61.8519
23.5027, 5.98285
147.481, 83.489
Particle 17 new velocities: 162.705, 97.314
-36.5241, 89.5949
60.3687, 30.9099
150.284, 321.435
Particle 18 new velocities: 21.4696, 47.5878
1.31912, 188.817
-28.8775, -16.6508
-20.5013, 45.3095
Particle 19 new velocities: 26.0179, 78.1059
19.0347, 59.1434
-13.9242, 49.9655
81.2049, 84.0278
Particle 20 new velocities: 101.706, 189.357
43.9669, 129.713
18.7051, 52.857
235.635, 278.276
-- ITERATION 2 --
-------------
Particle: 1:
Relays Coordinates:
56.6951, 105.969
5.28964, 80.508
0.124291, 39.5383
99.2958, 215.234
Evaluation Time: 1.32207 seconds
Resulting Fitness: 0.35
New local best!
-------------
Particle: 2:
Relays Coordinates:
88.0064, 91.1911
35.792, 128.009
38.2144, 27.579
185.439, 146.335
Evaluation Time: 1.32558 seconds
Resulting Fitness: 0.361111
New local best!
-------------
Particle: 3:
Relays Coordinates:
114.486, 159.046
56.6835, 94.083
0, 0
93.5659, 227.475
Evaluation Time: 1.32141 seconds
Resulting Fitness: 0.380556
-------------
Particle: 4:
Relays Coordinates:
63.7607, 81.357
48.5698, 105.719
75.1335, 25.0713
151.55, 158.445
Evaluation Time: 1.3095 seconds
Resulting Fitness: 0.308333
-------------
Particle: 5:
Relays Coordinates:
152.467, 188.666
80.2336, 157.857
44.2015, 55.1729
207.04, 281.902
Evaluation Time: 1.69814 seconds
Resulting Fitness: 0.522222
-------------
Particle: 6:
Relays Coordinates:
78.3222, 101.075
29.1758, 115.337
31.8387, 0
123.885, 164.465
Evaluation Time: 1.2224 seconds
Resulting Fitness: 0.283333
-------------
Particle: 7:
Relays Coordinates:
62.2087, 67.194
67.0306, 15.9647
41.3459, 41.704
155.078, 135.142
Evaluation Time: 1.14924 seconds
Resulting Fitness: 0.266667
-------------
Particle: 8:
Relays Coordinates:
200.021, 147.562
96.326, 150.692
45.5431, 92.4248
242.262, 163.99
Evaluation Time: 1.39787 seconds
Resulting Fitness: 0.386111
New local best!
-------------
Particle: 9:
Relays Coordinates:
116.93, 169.24
23.621, 109.583
0, 0
125.289, 193.762
Evaluation Time: 1.26497 seconds
Resulting Fitness: 0.333333
-------------
Particle: 10:
Relays Coordinates:
142.036, 152.912
31.4621, 133.749
97.2369, 49.3453
159.808, 124.177
Evaluation Time: 1.2313 seconds
Resulting Fitness: 0.316667
New local best!
-------------
Particle: 11:
Relays Coordinates:
152.732, 160.492
49.1295, 105.105
15.8212, 31.1368
128.591, 223.813
Evaluation Time: 1.60182 seconds
Resulting Fitness: 0.447222
New local best!
-------------
Particle: 12:
Relays Coordinates:
43.2227, 152.204
29.8329, 110.853
11.8191, 36.0596
71.3379, 265.721
Evaluation Time: 1.34311 seconds
Resulting Fitness: 0.333333
-------------
Particle: 13:
Relays Coordinates:
87.7149, 106.168
36.1743, 147.32
0, 30.0654
114.38, 21.4882
Evaluation Time: 1.2409 seconds
Resulting Fitness: 0.266667
-------------
Particle: 14:
Relays Coordinates:
130.81, 238.659
87.1662, 130.152
25.928, 67.6605
189.604, 328.81
Evaluation Time: 1.61949 seconds
Resulting Fitness: 0.527778
New local best!
New global best!
-------------
Particle: 15:
Relays Coordinates:
167.432, 192.315
115.956, 133.108
72.2979, 23.1572
255.849, 138.816
Evaluation Time: 1.44757 seconds
Resulting Fitness: 0.397222
New local best!
-------------
Particle: 16:
Relays Coordinates:
208.346, 146.389
119.607, 119.705
37.6229, 47.0336
270.076, 82.8696
Evaluation Time: 1.44212 seconds
Resulting Fitness: 0.391667
New local best!
-------------
Particle: 17:
Relays Coordinates:
169.201, 130.575
62.3364, 114.819
54.3966, 30.7658
180.048, 245.764
Evaluation Time: 1.7378 seconds
Resulting Fitness: 0.483333
New local best!
-------------
Particle: 18:
Relays Coordinates:
90.5637, 110.975
31.9683, 131.065
8.87386, 24.6725
120.545, 159.798
Evaluation Time: 1.30037 seconds
Resulting Fitness: 0.283333
-------------
Particle: 19:
Relays Coordinates:
131.994, 156.046
57.7806, 119.187
39.8543, 83.2733
210.996, 235.382
Evaluation Time: 1.45253 seconds
Resulting Fitness: 0.405556
-------------
Particle: 20:
Relays Coordinates:
115.145, 177.574
53.2801, 139.806
80.2675, 60.5794
211.691, 228.18
Evaluation Time: 1.44014 seconds
Resulting Fitness: 0.413889
New local best!
Current global best fitness: 0.527778
Current global best relays: 130.81, 238.659
87.1662, 130.152
25.928, 67.6605
189.604, 328.81
Particle 1 new velocities: 68.0886, 103.968
-8.61142, 112.306
13.6402, 72.4468
245.806, 81.7909
Particle 2 new velocities: 67.6017, 113.486
62.6255, 88.7192
-70.6084, 10.5469
103.834, 208.131
Particle 3 new velocities: 100.643, 105.456
64.4984, 47.0966
96.5181, 84.2893
68.1814, 177.702
Particle 4 new velocities: 59.1043, 174.539
87.4874, 169.231
184.72, 255.377
41.3747, 227.172
Particle 5 new velocities: -18.1977, 28.8475
5.66701, -3.59969
-18.7694, 15.8222
-3.33434, 21.0871
Particle 6 new velocities: 105.837, 236.716
34.7652, 139.54
-5.48161, 141.61
147.611, 293.492
Particle 7 new velocities: 127.058, 107.574
246.704, 115.302
446.536, 72.5577
365.69, 66.0761
Particle 8 new velocities: 64.4701, 67.5005
-61.731, 34.3948
-10.129, 4.79348
32.5747, 188.413
Particle 9 new velocities: 83.4694, 157.163
-27.2695, 85.3495
38.2146, 44.0063
80.8955, 152.754
Particle 10 new velocities: 74.2527, 68.2231
-14.3455, 72.1895
-12.1101, 14.8477
141.917, 160.024
Particle 11 new velocities: 52.0962, 169.386
20.4755, 20.3958
-55.7358, 25.894
85.968, 88.151
Particle 12 new velocities: 59.3099, 169.954
47.3095, 84.5031
-9.29058, 38.7953
86.3802, -20.4899
Particle 13 new velocities: 143.857, 184.512
108.387, 91.8013
95.4288, 35.7351
86.77, 118.089
Particle 14 new velocities: 38.559, 99.1526
39.4668, 69.3929
-14.1844, 40.599
73.1088, 184.859
Particle 15 new velocities: 26.76, 52.7461
32.0658, 22.7574
-71.3309, 9.0259
-24.5811, 155.721
Particle 16 new velocities: 84.8618, 70.7045
65.0909, 54.7747
12.2529, 14.3706
109.838, 181.788
Particle 17 new velocities: 80.7741, 79.3745
-24.1577, 85.1705
41.74, 69.7339
126.24, 285.076
Particle 18 new velocities: 39.1758, 70.7393
34.4446, 71.2708
-1.29058, 161.87
117.479, 226.679
Particle 19 new velocities: 45.1691, 98.2375
39.2388, 26.3824
5.66886, 107.113
-152.758, 2.16689
Particle 20 new velocities: 97.3067, 207.404
44.1356, 101.962
6.67749, 45.5705
162.93, 331.525
-- ITERATION 3 --
-------------
Particle: 1:
Relays Coordinates:
59.6836, 100.412
0, 92.2222
6.58353, 53.5621
165.061, 142.066
Evaluation Time: 1.22466 seconds
Resulting Fitness: 0.266667
-------------
Particle: 2:
Relays Coordinates:
82.6965, 108.774
52.3031, 115.178
0, 20.2617
153.732, 188.378
Evaluation Time: 1.53299 seconds
Resulting Fitness: 0.383333
New local best!
-------------
Particle: 3:
Relays Coordinates:
156.829, 192.822
88.3416, 102.92
70.3617, 61.4469
117.914, 295.374
Evaluation Time: 1.62735 seconds
Resulting Fitness: 0.497222
New local best!
-------------
Particle: 4:
Relays Coordinates:
47.6004, 99.1392
52.7113, 106.521
100.673, 108.651
74.7429, 149.396
Evaluation Time: 1.14936 seconds
Resulting Fitness: 0.266667
-------------
Particle: 5:
Relays Coordinates:
134.27, 217.514
85.9006, 154.257
25.432, 70.9951
203.706, 302.989
Evaluation Time: 1.69408 seconds
Resulting Fitness: 0.533333
New local best!
New global best!
-------------
Particle: 6:
Relays Coordinates:
134.252, 246.25
46.613, 185.806
19.2143, 103.234
197.921, 333.851
Evaluation Time: 1.85366 seconds
Resulting Fitness: 0.513889
New local best!
-------------
Particle: 7:
Relays Coordinates:
81.4731, 75.2317
135.053, 56.5061
210.017, 49.1859
215.234, 86.6179
Evaluation Time: 1.16129 seconds
Resulting Fitness: 0.263889
-------------
Particle: 8:
Relays Coordinates:
126.505, 102.864
16.5467, 88.5266
16.9385, 46.4992
131.453, 168.553
Evaluation Time: 1.30479 seconds
Resulting Fitness: 0.294444
-------------
Particle: 9:
Relays Coordinates:
95.8506, 156.118
0, 93.2358
18.2779, 21.0481
98.6175, 165.738
Evaluation Time: 1.25368 seconds
Resulting Fitness: 0.283333
-------------
Particle: 10:
Relays Coordinates:
127.717, 130.578
10.1072, 121.604
50.2665, 37.9053
178.166, 167.818
Evaluation Time: 1.4164 seconds
Resulting Fitness: 0.361111
New local best!
-------------
Particle: 11:
Relays Coordinates:
97.9686, 157.78
33.2918, 60.0265
0, 27.2777
102.623, 149.212
Evaluation Time: 1.15171 seconds
Resulting Fitness: 0.266667
-------------
Particle: 12:
Relays Coordinates:
83.0514, 260.948
62.4854, 158.238
2.0481, 60.6325
127.752, 198.637
Evaluation Time: 1.44592 seconds
Resulting Fitness: 0.383333
-------------
Particle: 13:
Relays Coordinates:
208.415, 261.612
130.105, 215.209
85.8859, 59.2205
181.035, 125.619
Evaluation Time: 1.58171 seconds
Resulting Fitness: 0.463889
New local best!
-------------
Particle: 14:
Relays Coordinates:
100.01, 199.474
74.7755, 117.829
6.9345, 63.9261
155.129, 295.245
Evaluation Time: 1.60737 seconds
Resulting Fitness: 0.491667
-------------
Particle: 15:
Relays Coordinates:
114.668, 144.706
87.4056, 92.0369
0.570991, 19.0038
136.561, 173.921
Evaluation Time: 1.4095 seconds
Resulting Fitness: 0.330556
-------------
Particle: 16:
Relays Coordinates:
192.374, 142.435
121.18, 114.476
32.7235, 40.2873
249.261, 173.642
Evaluation Time: 1.61556 seconds
Resulting Fitness: 0.363889
-------------
Particle: 17:
Relays Coordinates:
96.8456, 81.3388
14.7912, 77.4802
37.2453, 38.9356
118.662, 193.71
Evaluation Time: 1.3014 seconds
Resulting Fitness: 0.333333
-------------
Particle: 18:
Relays Coordinates:
62.054, 86.9132
31.7651, 96.7765
3.62706, 89.2229
113.846, 184.851
Evaluation Time: 1.29289 seconds
Resulting Fitness: 0.316667
-------------
Particle: 19:
Relays Coordinates:
116.236, 166.836
63.6544, 95.5083
29.8677, 124.912
38.2102, 155.856
Evaluation Time: 1.15606 seconds
Resulting Fitness: 0.280556
-------------
Particle: 20:
Relays Coordinates:
125.451, 227.325
57.523, 142.762
51.3401, 62.6805
221.21, 295.245
Evaluation Time: 1.70489 seconds
Resulting Fitness: 0.522222
New local best!
Current global best fitness: 0.533333
Current global best relays: 134.27, 217.514
85.9006, 154.257
25.432, 70.9951
203.706, 302.989
Particle 1 new velocities: 128.149, 147.485
104.759, 102.325
17.2617, 51.4077
183.569, 306.155
Particle 2 new velocities: 113.64, 200.432
65.0855, 108.234
0.958085, 64.8958
94.3308, 308.284
Particle 3 new velocities: 70.0138, 95.5396
49.7096, 64.1648
22.7381, 75.7303
129.296, 150.848
Particle 4 new velocities: 143.393, 391.98
132.604, 281.475
269.916, 210.608
59.1042, 251.165
Particle 5 new velocities: -14.5582, 23.078
4.53361, -2.87975
-15.0155, 12.6578
-2.66747, 16.8697
Particle 6 new velocities: 84.6787, 173.271
31.8607, 97.5349
2.40974, 88.1749
120.441, 207.589
Particle 7 new velocities: 168.202, 178.905
155.835, 130.026
455.031, 64.8368
49.9737, 240.323
Particle 8 new velocities: 174.776, 126.473
111.634, 94.9675
3.0869, 94.6122
91.8871, 305.54
Particle 9 new velocities: 106.669, 183.577
173.992, 110.44
136.356, 77.7613
233.97, 159.735
Particle 10 new velocities: 59.7852, 104.832
37.1971, 99.5413
-40.8113, 17.6454
135.342, 146.143
Particle 11 new velocities: 106.246, 166.882
40.5707, 157.147
26.8293, 73.6769
194.71, 225.345
Particle 12 new velocities: 155.768, -128.335
68.7597, 66.3247
4.05324, 8.94321
171.673, -6.66464
Particle 13 new velocities: 64.3542, 125.522
55.7572, 69.4581
42.1898, 33.7178
74.6649, 271.805
Particle 14 new velocities: 69.9051, 142.385
54.833, 110.485
9.78693, 39.621
89.9465, 46.9569
Particle 15 new velocities: 127.442, 138.272
38.5261, 115.47
29.9046, 13.1075
64.8546, 283.931
Particle 16 new velocities: 55.3183, 105.59
33.3628, 96.9292
12.1364, 43.2502
95.6192, 122.386
Particle 17 new velocities: 182.632, 245.534
88.3721, 84.2264
38.3722, 85.9056
194.283, 161.98
Particle 18 new velocities: 71.3064, 164.578
36.0839, 11.0729
38.5104, 158.578
130.953, 208.689
Particle 19 new velocities: 128.452, 76.2863
4.7838, 27.307
14.6654, 225.333
41.9298, 188.354
Particle 20 new velocities: 85.6412, 154.863
61.5442, 87.3426
-5.86285, 43.5503
110.667, 8.70884
-- ITERATION 4 --
-------------
Particle: 1:
Relays Coordinates:
80.8557, 106.712
45.0955, 83.7462
10.2646, 45.1861
150.074, 192.944
Evaluation Time: 1.3203 seconds
Resulting Fitness: 0.361111
New local best!
-------------
Particle: 2:
Relays Coordinates:
115.935, 182.583
69.3168, 131.922
0.56574, 50.2847
146.478, 293.274
Evaluation Time: 1.6603 seconds
Resulting Fitness: 0.5
New local best!
-------------
Particle: 3:
Relays Coordinates:
148.832, 189.194
90.5754, 109.624
61.0828, 90.002
162.194, 292.767
Evaluation Time: 1.67459 seconds
Resulting Fitness: 0.488889
-------------
Particle: 4:
Relays Coordinates:
53.9421, 138.707
52.3385, 109.582
104.665, 90.1684
37.8024, 113.13
Evaluation Time: 1.15733 seconds
Resulting Fitness: 0.263889
-------------
Particle: 5:
Relays Coordinates:
119.711, 240.592
90.4342, 151.377
10.4165, 83.6528
201.038, 319.859
Evaluation Time: 1.82091 seconds
Resulting Fitness: 0.530556
-------------
Particle: 6:
Relays Coordinates:
129.276, 247.723
46.3379, 167.31
12.7688, 113.025
187.989, 295.245
Evaluation Time: 1.58148 seconds
Resulting Fitness: 0.466667
-------------
Particle: 7:
Relays Coordinates:
78.3505, 79.7509
91.2837, 58.5358
156.905, 35.7815
83.2249, 102.598
Evaluation Time: 1.09785 seconds
Resulting Fitness: 0.216667
-------------
Particle: 8:
Relays Coordinates:
129.691, 98.722
55.1775, 78.9882
8.62026, 60.7438
96.1408, 204.082
Evaluation Time: 1.32538 seconds
Resulting Fitness: 0.347222
-------------
Particle: 9:
Relays Coordinates:
119.586, 200.586
102.741, 120.269
91.31, 58.346
196.39, 192.188
Evaluation Time: 1.55027 seconds
Resulting Fitness: 0.438889
-------------
Particle: 10:
Relays Coordinates:
123.02, 154.452
31.0363, 145.094
6.2036, 36.4469
205.692, 205.99
Evaluation Time: 1.48545 seconds
Resulting Fitness: 0.416667
New local best!
-------------
Particle: 11:
Relays Coordinates:
133.985, 213.01
48.4612, 142.488
17.6027, 66.2363
195.081, 245.746
Evaluation Time: 1.62186 seconds
Resulting Fitness: 0.447222
-------------
Particle: 12:
Relays Coordinates:
141.021, 78.3066
77.4989, 132.602
3.60278, 41.0837
176.807, 113.358
Evaluation Time: 1.42456 seconds
Resulting Fitness: 0.302778
-------------
Particle: 13:
Relays Coordinates:
161.067, 228.599
109.75, 168.093
75.6274, 54.8791
150.988, 234.675
Evaluation Time: 1.5009 seconds
Resulting Fitness: 0.452778
-------------
Particle: 14:
Relays Coordinates:
111.482, 224.294
85.0361, 149.797
10.9709, 67.9373
160.794, 224.519
Evaluation Time: 1.54492 seconds
Resulting Fitness: 0.463889
-------------
Particle: 15:
Relays Coordinates:
142.964, 167.095
74.3614, 122.53
17.9955, 18.9614
118.934, 270.357
Evaluation Time: 1.59881 seconds
Resulting Fitness: 0.458333
New local best!
-------------
Particle: 16:
Relays Coordinates:
162.511, 162.73
101.396, 138.703
29.4326, 54.809
226.276, 194.224
Evaluation Time: 1.43732 seconds
Resulting Fitness: 0.397222
New local best!
-------------
Particle: 17:
Relays Coordinates:
133.673, 156.342
49.3427, 77.3438
36.1676, 59.7112
149.681, 170.125
Evaluation Time: 1.36831 seconds
Resulting Fitness: 0.35
-------------
Particle: 18:
Relays Coordinates:
87.4978, 165.003
44.5157, 70.76
27.6464, 162.582
160.613, 258.202
Evaluation Time: 1.57788 seconds
Resulting Fitness: 0.458333
New local best!
-------------
Particle: 19:
Relays Coordinates:
130.038, 129.205
36.3709, 65.269
23.6667, 186.135
42.5897, 182.927
Evaluation Time: 1.21027 seconds
Resulting Fitness: 0.3
-------------
Particle: 20:
Relays Coordinates:
138.497, 250.754
78.12, 150.971
29.8377, 69.698
217.744, 199.424
Evaluation Time: 1.57987 seconds
Resulting Fitness: 0.488889
Current global best fitness: 0.533333
Current global best relays: 134.27, 217.514
85.9006, 154.257
25.432, 70.9951
203.706, 302.989
Particle 1 new velocities: 162.558, 141.596
115.594, 168.224
19.685, 62.6304
206.851, 257.711
Particle 2 new velocities: 105.52, 181.581
53.6111, 106.465
26.7038, 66.3801
102.17, 248.648
Particle 3 new velocities: 61.8498, 97.5819
31.1165, 55.7053
-3.40854, 4.32349
70.1881, 134.543
Particle 4 new velocities: 325.155, 392.704
157.765, 385.435
297.987, 223.096
246.364, 337.056
Particle 5 new velocities: 9.71503, -46.9721
-3.37052, 5.17965
31.2401, -17.9829
3.00137, -8.92351
Particle 6 new velocities: 73.4142, 97.7101
65.0229, 81.3822
17.5131, 55.798
99.1054, 5.60345
Particle 7 new velocities: 168.783, 239.91
136.081, 132.427
137.096, 89.0392
88.7235, 337.003
Particle 8 new velocities: 260.244, 180.678
108.104, 148.303
19.1931, 110.284
184.962, 356.464
Particle 9 new velocities: 96.5957, 148.752
126.269, 103.273
50.1683, 53.9515
191.083, 197.625
Particle 10 new velocities: 52.5817, 140.072
81.7156, 88.826
-8.86161, 25.8046
107.143, 172.251
Particle 11 new velocities: 114.005, 52.8332
79.5896, 132.983
25.689, 43.3397
133.363, 167.867
Particle 12 new velocities: 101.621, -16.1928
72.3294, 44.1871
52.6198, 23.3243
128.722, 294.043
Particle 13 new velocities: 65.2599, 116.532
25.5934, 116.076
40.68, 37.2875
159.786, 147.909
Particle 14 new velocities: 83.0455, 126.932
46.237, 72.2585
28.0547, 34.8151
127.058, 155.534
Particle 15 new velocities: 90.7068, 148.86
32.0207, 111.719
27.1705, 27.0916
99.7283, 228.817
Particle 16 new velocities: 9.75707, 97.654
13.7728, 97.6756
8.91348, 38.0781
51.2192, 131.747
Particle 17 new velocities: 169.291, 172.752
105.026, 150.835
54.0612, 31.0627
221.505, 286.82
Particle 18 new velocities: 75.1659, 190.046
80.4856, 51.6964
28.6168, 84.4946
117.123, 212.591
Particle 19 new velocities: 166.778, 138.561
29.38, 57.8244
94.4991, 165.521
256.326, 193.415
Particle 20 new velocities: 57.323, 95.476
41.4272, 65.0409
-1.48233, 30.9312
79.2536, 225.796
-- ITERATION 5 --
-------------
Particle: 1:
Relays Coordinates:
116.424, 118.765
76.8571, 120.517
14.3248, 51.5683
170.716, 215.547
Evaluation Time: 1.51857 seconds
Resulting Fitness: 0.413889
New local best!
-------------
Particle: 2:
Relays Coordinates:
161.44, 265.475
89.6145, 173.784
19.8795, 85.0486
181.264, 364.5
Evaluation Time: 1.80973 seconds
Resulting Fitness: 0.544444
New local best!
New global best!
-------------
Particle: 3:
Relays Coordinates:
153.587, 209.06
88.7134, 120.525
42.0445, 68.7633
169.407, 311.509
Evaluation Time: 1.65032 seconds
Resulting Fitness: 0.497222
-------------
Particle: 4:
Relays Coordinates:
86.7253, 114.384
48.065, 113.244
92.1139, 71.6649
65.0081, 102.988
Evaluation Time: 1.11243 seconds
Resulting Fitness: 0.225
-------------
Particle: 5:
Relays Coordinates:
104.835, 156.832
70.5216, 126.811
33.7418, 53.1927
165.272, 251.858
Evaluation Time: 1.64276 seconds
Resulting Fitness: 0.466667
-------------
Particle: 6:
Relays Coordinates:
132.985, 226.639
73.0639, 163.167
19.868, 110.765
188.363, 197.387
Evaluation Time: 1.51274 seconds
Resulting Fitness: 0.463889
-------------
Particle: 7:
Relays Coordinates:
95.7445, 123.843
88.0858, 73.9827
113.902, 48.3581
66.6163, 170.31
Evaluation Time: 1.15016 seconds
Resulting Fitness: 0.266667
-------------
Particle: 8:
Relays Coordinates:
186.505, 133.636
78.0972, 108.713
13.3031, 81.8023
134.451, 239.148
Evaluation Time: 1.65418 seconds
Resulting Fitness: 0.477778
New local best!
-------------
Particle: 9:
Relays Coordinates:
141.837, 229.201
150.253, 146.666
92.8239, 73.6784
254.221, 255.756
Evaluation Time: 1.76745 seconds
Resulting Fitness: 0.505556
New local best!
-------------
Particle: 10:
Relays Coordinates:
93.3219, 156.522
59.921, 124.315
0, 33.083
166.253, 201.013
Evaluation Time: 1.51182 seconds
Resulting Fitness: 0.413889
-------------
Particle: 11:
Relays Coordinates:
146.436, 156.978
75.6127, 162.663
25.5633, 64.7036
193.942, 244.234
Evaluation Time: 1.59616 seconds
Resulting Fitness: 0.466667
New local best!
-------------
Particle: 12:
Relays Coordinates:
104.449, 26.7379
64.4962, 76.102
24.202, 27.7256
131.52, 175.373
Evaluation Time: 1.23997 seconds
Resulting Fitness: 0.330556
-------------
Particle: 13:
Relays Coordinates:
133.644, 203.796
79.9189, 167.799
68.6784, 54.4234
183.509, 225.912
Evaluation Time: 1.50989 seconds
Resulting Fitness: 0.427778
-------------
Particle: 14:
Relays Coordinates:
141.81, 256.044
95.6981, 161.878
28.4497, 74.9065
209.844, 277.059
Evaluation Time: 1.6338 seconds
Resulting Fitness: 0.511111
-------------
Particle: 15:
Relays Coordinates:
137.98, 186.568
62.8176, 138.322
26.6701, 27.1938
129.118, 294.757
Evaluation Time: 1.62509 seconds
Resulting Fitness: 0.475
New local best!
-------------
Particle: 16:
Relays Coordinates:
125.583, 189.82
83.9578, 172.32
27.9543, 67.7147
202.294, 237.633
Evaluation Time: 1.50499 seconds
Resulting Fitness: 0.436111
New local best!
-------------
Particle: 17:
Relays Coordinates:
198.775, 215.919
101.281, 149.708
59.1991, 59.5568
243.535, 299.802
Evaluation Time: 1.60505 seconds
Resulting Fitness: 0.488889
New local best!
-------------
Particle: 18:
Relays Coordinates:
106.724, 232.948
82.0133, 80.3437
36.9143, 162.107
182.222, 308.887
Evaluation Time: 1.60027 seconds
Resulting Fitness: 0.488889
New local best!
-------------
Particle: 19:
Relays Coordinates:
141.966, 128.072
31.4484, 58.8752
56.5183, 168.196
142.971, 180.003
Evaluation Time: 1.31629 seconds
Resulting Fitness: 0.35
-------------
Particle: 20:
Relays Coordinates:
142.753, 252.402
87.1499, 157.473
20.671, 73.3587
216.512, 309.985
Evaluation Time: 1.78594 seconds
Resulting Fitness: 0.572222
New local best!
New global best!
Current global best fitness: 0.572222
Current global best relays: 142.753, 252.402
87.1499, 157.473
20.671, 73.3587
216.512, 309.985
Particle 1 new velocities: 130.71, 261.581
97.063, 138.557
18.4882, 63.7523
205.603, 238.449
Particle 2 new velocities: 70.9378, 129.963
41.4743, 66.9541
21.8251, 46.7108
105.04, -67.7297
Particle 3 new velocities: 39.1478, 84.341
23.9721, 66.4872
1.49613, -3.48199
34.179, 97.903
Particle 4 new velocities: 396.021, 140.526
184.749, 430.797
324.206, 198.994
406.913, 318.697
Particle 5 new velocities: 36.4317, 36.7333
26.9465, 48.968
13.9136, -4.23548
52.027, 126.087
Particle 6 new velocities: 59.9593, 103.409
24.9038, 78.7708
13.9481, 0.927148
108.716, 203.388
Particle 7 new velocities: 135.101, 129.065
201.429, 130.076
76.2013, 159.692
531.144, 121.194
Particle 8 new velocities: 198.585, 237.26
97.6275, 120.746
22.8178, 81.7058
152.648, 4.2615
Particle 9 new velocities: 77.4141, 141.979
20.3522, 88.6198
-48.3361, 43.1525
146.835, 178.843
Particle 10 new velocities: 92.9277, 194.768
47.4375, 93.7585
24.07, 52.8201
134.349, 156.505
Particle 11 new velocities: 89.9887, 78.2812
74.2292, 103.37
17.1246, 39.1296
132.672, 195.173
Particle 12 new velocities: 95.095, 118.517
99.55, 65.6212
75.1438, 61.534
151.692, 330.773
Particle 13 new velocities: 115.646, 138.59
42.9457, 138.649
32.8787, 46.2273
149.913, 102.694
Particle 14 new velocities: 57.561, 72.1494
27.8219, 21.283
14.7347, 26.5701
77.0436, 176.72
Particle 15 new velocities: 74.9511, 125.699
47.4479, 111.389
15.6937, 29.3836
103.62, 189.043
Particle 16 new velocities: 14.5389, 111.706
15.0829, 66.7913
0.878588, 31.3951
49.1104, 165.308
Particle 17 new velocities: 91.5271, 179.74
69.1395, 121.983
5.92398, 33.813
170.849, 241.986
Particle 18 new velocities: 66.1307, 161.152
69.1957, 125.139
18.9449, 42.727
96.586, 171.201
Particle 19 new velocities: 153.602, 241.8
62.4889, 157.514
113.4, 196.384
213.56, 263.079
Particle 20 new velocities: 45.8584, 76.3808
33.1418, 52.0327
-1.18587, 24.7449
63.4029, 180.636
-- ITERATION 6 --
-------------
Particle: 1:
Relays Coordinates:
145.93, 224.591
102.698, 152.98
19.3757, 68.0957
222.212, 268.08
Evaluation Time: 1.70593 seconds
Resulting Fitness: 0.505556
New local best!
-------------
Particle: 2:
Relays Coordinates:
152.463, 259.447
86.0073, 157.948
27.3624, 86.4474
187.844, 194.711
Evaluation Time: 1.62329 seconds
Resulting Fitness: 0.505556
-------------
Particle: 3:
Relays Coordinates:
156.115, 237.655
91.2752, 151.48
35.2679, 52.8778
164.904, 331.623
Evaluation Time: 1.69305 seconds
Resulting Fitness: 0.519444
New local best!
-------------
Particle: 4:
Relays Coordinates:
110.437, 58.3153
53.2605, 114.384
95.2406, 61.918
107.96, 96.4681
Evaluation Time: 1.12992 seconds
Resulting Fitness: 0.230556
-------------
Particle: 5:
Relays Coordinates:
83.4168, 114.298
57.5539, 103.796
28.14, 28.9087
128.313, 223.173
Evaluation Time: 1.57019 seconds
Resulting Fitness: 0.430556
-------------
Particle: 6:
Relays Coordinates:
156.285, 267.339
79.3538, 195.969
27.391, 90.4704
240.633, 324.627
Evaluation Time: 1.84656 seconds
Resulting Fitness: 0.577778
New local best!
New global best!
-------------
Particle: 7:
Relays Coordinates:
89.4341, 97.9819
112.164, 79.0563
73.65, 80.6029
193.71, 112.935
Evaluation Time: 1.18294 seconds
Resulting Fitness: 0.261111
-------------
Particle: 8:
Relays Coordinates:
252.657, 243.345
115.293, 150.548
23.6989, 107.278
188.365, 159.701
Evaluation Time: 1.49468 seconds
Resulting Fitness: 0.458333
-------------
Particle: 9:
Relays Coordinates:
129.465, 219.178
100.741, 138.934
26.2696, 68.9875
236.82, 256.626
Evaluation Time: 1.62758 seconds
Resulting Fitness: 0.511111
New local best!
-------------
Particle: 10:
Relays Coordinates:
135.776, 256.09
78.2643, 158.975
17.5471, 62.6233
219.139, 260.63
Evaluation Time: 1.6353 seconds
Resulting Fitness: 0.511111
New local best!
-------------
Particle: 11:
Relays Coordinates:
125.646, 125.026
79.6322, 141.381
22.6861, 55.1812
173.576, 233.519
Evaluation Time: 1.51649 seconds
Resulting Fitness: 0.436111
-------------
Particle: 12:
Relays Coordinates:
62.619, 45.5827
51.4794, 44.4743
31.1757, 28.0106
88.8749, 156.905
Evaluation Time: 1.12651 seconds
Resulting Fitness: 0.266667
-------------
Particle: 13:
Relays Coordinates:
132.483, 181.958
65.2953, 162.859
53.9716, 53.49
177.194, 174.634
Evaluation Time: 1.40721 seconds
Resulting Fitness: 0.4
-------------
Particle: 14:
Relays Coordinates:
145.342, 239.253
90.0461, 133.525
31.4814, 73.9765
209.141, 330.805
Evaluation Time: 1.73123 seconds
Resulting Fitness: 0.544444
New local best!
-------------
Particle: 15:
Relays Coordinates:
113.16, 165.951
58.5996, 132.707
22.5139, 30.0676
123.687, 257.111
Evaluation Time: 1.55724 seconds
Resulting Fitness: 0.45
-------------
Particle: 16:
Relays Coordinates:
102.149, 219.812
72.2007, 174.312
21.0192, 72.251
183.274, 293.744
Evaluation Time: 1.57912 seconds
Resulting Fitness: 0.475
New local best!
-------------
Particle: 17:
Relays Coordinates:
154.278, 210.269
90.5685, 144.388
34.6091, 49.6205
220.221, 265.721
Evaluation Time: 1.56154 seconds
Resulting Fitness: 0.483333
-------------
Particle: 18:
Relays Coordinates:
91.8619, 209.44
80.3587, 109.202
29.6858, 108.857
148.17, 255.138
Evaluation Time: 1.52585 seconds
Resulting Fitness: 0.463889
-------------
Particle: 19:
Relays Coordinates:
141.369, 176.909
44.9299, 103.498
81.2716, 174.377
170.527, 211.925
Evaluation Time: 1.41137 seconds
Resulting Fitness: 0.427778
New local best!
-------------
Particle: 20:
Relays Coordinates:
111.373, 194.143
71.0311, 123.711
11.5058, 57.9292
165.287, 289.707
Evaluation Time: 1.71332 seconds
Resulting Fitness: 0.494444
Current global best fitness: 0.577778
Current global best relays: 156.285, 267.339
79.3538, 195.969
27.391, 90.4704
240.633, 324.627
Particle 1 new velocities: 111.721, 245.17
67.5491, 135.765
18.6921, 79.7021
180.813, 239.47
Particle 2 new velocities: 59.3146, 116.816
31.8057, 108.005
11.1606, 41.4427
99.3735, 198.376
Particle 3 new velocities: 31.4019, 97.3163
9.21656, 91.3653
-7.13411, 18.3619
60.8673, 72.7603
Particle 4 new velocities: 460.216, 362.313
199.851, 84.6011
218.049, 212.637
394.698, 466.98
Particle 5 new velocities: 119.099, 218.08
77.6903, 136.444
7.24239, 58.75
88.467, 277.254
Particle 6 new velocities: 47.9674, 82.7274
19.923, 63.0166
11.1585, 0.741719
86.9724, 162.71
Particle 7 new velocities: 118.368, 21.7106
222.537, 149.632
296.001, 135.529
129.981, 118.238
Particle 8 new velocities: 27.2807, 200.269
27.3447, 142.955
6.06581, 61.0476
140.658, 157.682
Particle 9 new velocities: 83.4893, 144.947
3.07606, 136.515
-38.6299, 41.7038
119.705, 229.847
Particle 10 new velocities: 95.978, 157.262
38.5171, 93.0764
28.5857, 50.3919
134.254, 140.952
Particle 11 new velocities: 96.7821, 144.697
56.193, 159.85
21.1205, 54.7727
200.627, 200.033
Particle 12 new velocities: 190.808, 286.259
81.165, 119.576
77.3386, 86.9282
239.995, 122.96
Particle 13 new velocities: 203.851, 193.329
74.6078, 164.277
33.0615, 52.8572
128.558, 153.724
Particle 14 new velocities: 56.1837, 64.6339
9.12453, 71.4456
6.75773, 31.5217
94.4165, 137.764
Particle 15 new velocities: 96.7546, 136.692
62.103, 171.669
18.907, 29.1132
102.914, 224.953
Particle 16 new velocities: 63.0573, 143.188
20.2865, 78.017
4.50505, 45.7663
90.212, 156.864
Particle 17 new velocities: 125.398, 204.753
53.2868, 114.294
38.576, 53.8754
192.511, 95.99
Particle 18 new velocities: 141.704, 173.572
57.091, 148.56
20.7481, 101.918
146.62, 234.378
Particle 19 new velocities: 138.429, 300.396
52.516, 132.369
25.0808, 113.271
261.761, 303.974
Particle 20 new velocities: 75.9925, 241.982
36.788, 114.567
24.9196, 63.9227
132.588, 176.917
-- ITERATION 7 --
-------------
Particle: 1:
Relays Coordinates:
152.141, 277.389
100.529, 170.501
22.4787, 87.2731
237.982, 295.245
Evaluation Time: 1.80373 seconds
Resulting Fitness: 0.547222
New local best!
-------------
Particle: 2:
Relays Coordinates:
154.386, 274.296
85.8857, 193.88
28.0833, 93.2319
209.382, 286.561
Evaluation Time: 1.56395 seconds
Resulting Fitness: 0.516667
-------------
Particle: 3:
Relays Coordinates:
110.727, 197.797
59.3394, 143.398
16.6127, 42.0663
133.316, 238.785
Evaluation Time: 1.51827 seconds
Resulting Fitness: 0.444444
-------------
Particle: 4:
Relays Coordinates:
174.339, 146.664
88.2544, 69.3818
109.237, 95.7312
174.339, 174.339
Evaluation Time: 1.35191 seconds
Resulting Fitness: 0.35
-------------
Particle: 5:
Relays Coordinates:
132.871, 218.074
88.7337, 157.622
23.2144, 57.5129
142.229, 328.05
Evaluation Time: 1.60119 seconds
Resulting Fitness: 0.475
-------------
Particle: 6:
Relays Coordinates:
120.609, 206.711
58.622, 152.929
22.7631, 53.8598
193.448, 287.768
Evaluation Time: 1.60248 seconds
Resulting Fitness: 0.477778
-------------
Particle: 7:
Relays Coordinates:
99.391, 57.2485
160.086, 109.381
176.803, 103.375
154.82, 110.569
Evaluation Time: 1.08789 seconds
Resulting Fitness: 0.233333
-------------
Particle: 8:
Relays Coordinates:
165.301, 261.95
84.2261, 173.311
17.5758, 99.3944
194.285, 187.412
Evaluation Time: 1.55593 seconds
Resulting Fitness: 0.488889
New local best!
-------------
Particle: 9:
Relays Coordinates:
125.748, 215.012
61.3029, 162.65
0, 65.3621
210.524, 287.257
Evaluation Time: 1.76306 seconds
Resulting Fitness: 0.497222
-------------
Particle: 10:
Relays Coordinates:
136.848, 244.08
68.9582, 148.834
27.241, 66.7344
208.676, 237.13
Evaluation Time: 1.6223 seconds
Resulting Fitness: 0.491667
-------------
Particle: 11:
Relays Coordinates:
118.207, 143.342
72.1831, 160.087
23.2806, 58.434
198.867, 230.407
Evaluation Time: 1.49037 seconds
Resulting Fitness: 0.405556
-------------
Particle: 12:
Relays Coordinates:
134.682, 176.354
70.4927, 87.1828
57.6689, 61.0832
174.775, 148.732
Evaluation Time: 1.40803 seconds
Resulting Fitness: 0.380556
-------------
Particle: 13:
Relays Coordinates:
160.868, 179.499
66.9152, 156.468
41.6276, 50.8655
146.24, 157.053
Evaluation Time: 1.37583 seconds
Resulting Fitness: 0.394444
-------------
Particle: 14:
Relays Coordinates:
118.999, 179.442
58.5593, 121.033
22.5798, 62.2956
179.248, 276.685
Evaluation Time: 1.69087 seconds
Resulting Fitness: 0.486111
-------------
Particle: 15:
Relays Coordinates:
90.3615, 130.278
51.9585, 131.024
17.8303, 25.4754
97.5441, 207.513
Evaluation Time: 1.43849 seconds
Resulting Fitness: 0.366667
-------------
Particle: 16:
Relays Coordinates:
120.435, 264.627
67.4231, 183.948
18.6071, 86.0347
199.371, 328.493
Evaluation Time: 1.6142 seconds
Resulting Fitness: 0.516667
New local best!
-------------
Particle: 17:
Relays Coordinates:
148.631, 220.56
76.4506, 137.474
38.8936, 55.002
219.342, 192.228
Evaluation Time: 1.52339 seconds
Resulting Fitness: 0.45
-------------
Particle: 18:
Relays Coordinates:
124.126, 203.549
73.0464, 136.985
26.8027, 112.014
156.664, 260.149
Evaluation Time: 1.6305 seconds
Resulting Fitness: 0.483333
-------------
Particle: 19:
Relays Coordinates:
120.444, 205.464
41.9473, 101.533
45.7812, 123.823
186.086, 215.234
Evaluation Time: 1.54961 seconds
Resulting Fitness: 0.436111
New local best!
-------------
Particle: 20:
Relays Coordinates:
99.5738, 231.774
57.2995, 126.631
19.358, 64.7571
158.303, 247.983
Evaluation Time: 1.64991 seconds
Resulting Fitness: 0.469444
Current global best fitness: 0.577778
Current global best relays: 156.285, 267.339
79.3538, 195.969
27.391, 90.4704
240.633, 324.627
Particle 1 new velocities: 90.2157, 186.465
43.929, 141.071
20.1912, 65.6709
147.704, 24.8681
Particle 2 new velocities: 58.6578, 84.6325
25.2786, 84.5313
4.84356, 26.4536
66.0088, 238.445
Particle 3 new velocities: 39.3664, 137.747
63.0664, 120.009
32.8495, 45.1724
105.125, 92.8592
Particle 4 new velocities: -6.03298, 370.274
149.51, 240.965
105.254, 233.508
13.5191, -6.94507
Particle 5 new velocities: 123.408, 178.444
59.4704, 114.895
8.11841, 81.3509
266.069, -41.1498
Particle 6 new velocities: 106.215, 117.573
67.2626, 96.8514
19.7516, 23.9758
177.213, 162.885
Particle 7 new velocities: 102.53, 28.5227
163.09, 3.4355
83.1578, 99.2496
219.3, 93.2672
Particle 8 new velocities: 20.4515, 160.245
17.5373, 117.95
9.38718, 41.6016
139.641, 242.627
Particle 9 new velocities: 87.2282, 120.178
65.9761, 142.253
41.8516, 56.8272
117.505, 189.847
Particle 10 new velocities: 90.3821, 151
43.504, 100.29
16.0059, 52.7337
120.037, 237.52
Particle 11 new velocities: 157.519, 258.104
46.6987, 145.298
18.8644, 79.5018
168.674, 188.822
Particle 12 new velocities: 156.146, 175.531
75.9326, 200.787
19.7391, 49.8262
186.408, 284.865
Particle 13 new velocities: 222.647, 317.974
170.004, 161.394
71.0361, 95.9142
168.558, 186.507
Particle 14 new velocities: 77.4946, 210.821
40.0286, 150.926
14.9306, 39.8401
108.881, 175.603
Particle 15 new velocities: 110.762, 261.239
100.309, 163.305
31.3634, 47.1281
264.678, 302.233
Particle 16 new velocities: 81.9958, 114.994
27.6726, 64.2793
5.05823, 40.478
91.2217, 121.916
Particle 17 new velocities: 185.716, 218.682
68.9621, 151.776
31.9849, 56.6951
178.464, 197.642
Particle 18 new velocities: 139.473, 246.794
59.5928, 139.286
32.2166, 70.377
219.965, 253.475
Particle 19 new velocities: 132.581, 267.567
42.8115, 156.103
18.4132, 62.8674
211.203, 15.8287
Particle 20 new velocities: 171.177, 218.372
103.831, 159.918
23.196, 85.3931
244.37, 201.814
-- ITERATION 8 --
-------------
Particle: 1:
Relays Coordinates:
143.109, 273.901
85.3012, 183.98
25.1961, 90.3119
227.744, 189.024
Evaluation Time: 1.58399 seconds
Resulting Fitness: 0.519444
-------------
Particle: 2:
Relays Coordinates:
139.778, 235.493
72.9349, 182.666
21.6033, 78.5256
180.684, 328.05
Evaluation Time: 1.61045 seconds
Resulting Fitness: 0.491667
-------------
Particle: 3:
Relays Coordinates:
88.6286, 198.135
72.2794, 155.539
29.2069, 51.5136
140.797, 195.832
Evaluation Time: 1.43041 seconds
Resulting Fitness: 0.408333
-------------
Particle: 4:
Relays Coordinates:
72.4503, 215.234
102.35, 133.594
92.3315, 141.727
80.8668, 72.0577
Evaluation Time: 1.25873 seconds
Resulting Fitness: 0.333333
-------------
Particle: 5:
Relays Coordinates:
151.33, 234.14
87.513, 160.919
18.5017, 81.9976
241.096, 169.412
Evaluation Time: 1.57089 seconds
Resulting Fitness: 0.486111
-------------
Particle: 6:
Relays Coordinates:
133.937, 191.486
74.3336, 147.493
25.1045, 45.9612
218.872, 266.106
Evaluation Time: 1.58396 seconds
Resulting Fitness: 0.472222
-------------
Particle: 7:
Relays Coordinates:
107.309, 45.5824
171.749, 59.9554
138.154, 107.683
198.823, 108.327
Evaluation Time: 1.12743 seconds
Resulting Fitness: 0.25
-------------
Particle: 8:
Relays Coordinates:
121.872, 277.002
66.767, 191.096
17.6904, 92.5074
219.089, 282.148
Evaluation Time: 1.62295 seconds
Resulting Fitness: 0.508333
New local best!
-------------
Particle: 9:
Relays Coordinates:
125.76, 197.926
75.1569, 180.042
24.713, 72.1516
193.698, 281.725
Evaluation Time: 1.59545 seconds
Resulting Fitness: 0.466667
-------------
Particle: 10:
Relays Coordinates:
134.177, 233.291
66.4078, 147.105
25.5369, 70.5447
194.101, 280.276
Evaluation Time: 1.61631 seconds
Resulting Fitness: 0.494444
-------------
Particle: 11:
Relays Coordinates:
162.814, 237.05
70.1985, 180.327
24.8862, 81.4497
217.029, 247.551
Evaluation Time: 1.60874 seconds
Resulting Fitness: 0.508333
New local best!
-------------
Particle: 12:
Relays Coordinates:
171.731, 207.785
86.4627, 170.043
45.7086, 65.4909
213.275, 256.035
Evaluation Time: 1.47121 seconds
Resulting Fitness: 0.444444
New local best!
-------------
Particle: 13:
Relays Coordinates:
203.815, 264.378
125.909, 168.925
59.8741, 78.0048
167.297, 182.582
Evaluation Time: 1.56311 seconds
Resulting Fitness: 0.480556
New local best!
-------------
Particle: 14:
Relays Coordinates:
128.919, 256.052
64.6835, 178.432
24.6106, 67.0112
189.041, 296.746
Evaluation Time: 1.63886 seconds
Resulting Fitness: 0.488889
-------------
Particle: 15:
Relays Coordinates:
96.1967, 187.261
72.8289, 140.777
23.5292, 34.726
173.25, 239.148
Evaluation Time: 1.57219 seconds
Resulting Fitness: 0.447222
-------------
Particle: 16:
Relays Coordinates:
132.815, 249.069
62.3923, 162.862
15.5269, 83.0049
190.658, 295.513
Evaluation Time: 1.58403 seconds
Resulting Fitness: 0.472222
-------------
Particle: 17:
Relays Coordinates:
159.917, 210.088
69.5504, 138.348
33.9009, 53.4244
190.27, 186.474
Evaluation Time: 1.48692 seconds
Resulting Fitness: 0.427778
-------------
Particle: 18:
Relays Coordinates:
140.087, 239.331
70.4899, 146.822
31.3653, 96.9303
200.156, 265.721
Evaluation Time: 1.58559 seconds
Resulting Fitness: 0.475
-------------
Particle: 19:
Relays Coordinates:
98.0272, 183.262
32.8373, 99.8134
24.8702, 72.3278
153.918, 89.5183
Evaluation Time: 1.2566 seconds
Resulting Fitness: 0.3
-------------
Particle: 20:
Relays Coordinates:
159.875, 265.807
95.1461, 169.204
25.1277, 88.6622
237.774, 265.601
Evaluation Time: 1.70347 seconds
Resulting Fitness: 0.552778
Current global best fitness: 0.577778
Current global best relays: 156.285, 267.339
79.3538, 195.969
27.391, 90.4704
240.633, 324.627
Particle 1 new velocities: 91.2016, 146.145
54.5706, 117.348
14.2992, 50.504
133.172, 210.786
Particle 2 new velocities: 87.9569, 113.921
26.6153, 63.8588
8.55155, 36.3488
58.3968, 6.88996
Particle 3 new velocities: 83.763, 167.133
59.5526, 137.547
29.1767, 78.0754
201.971, 164.99
Particle 4 new velocities: 94.4189, -27.2112
109.585, 315.803
60.591, 134.441
90.5039, 275.035
Particle 5 new velocities: 98.1375, 126.166
39.4598, 99.8582
17.6555, 69.2005
206.91, 289.204
Particle 6 new velocities: 98.1634, 171.123
63.6987, 161.845
19.676, 98.1454
171.26, 152.292
Particle 7 new velocities: 76.5412, 289.612
68.7718, 79.942
393.155, 77.2539
302.83, 128.81
Particle 8 new velocities: 18.3375, 126.275
29.8554, 98.8513
14.2985, 33.2288
117.773, 230.132
Particle 9 new velocities: 111.484, 201.828
92.3948, 105.206
34.9986, 49.7013
175.982, 150.31
Particle 10 new velocities: 94.1942, 143.86
45.3013, 116.78
5.93757, 48.4351
146.578, 212.191
Particle 11 new velocities: 121.132, 217.165
38.7989, 117.288
15.3804, 74.315
143.033, 218.061
Particle 12 new velocities: 114.591, 158.245
58.5783, 188.563
-3.96442, 48.9697
155.353, 265.424
Particle 13 new velocities: 164.22, 256.106
127.393, 161.733
22.0734, 89.2169
154.37, 218.479
Particle 14 new velocities: 119.292, 149.105
87.824, 75.4097
23.9447, 54.9425
111.827, 192.647
Particle 15 new velocities: 152.598, 216.392
79.7791, 164.48
30.0866, 30.9305
209.769, 101.609
Particle 16 new velocities: 60.0257, 120.392
36.9402, 71.0622
15.7994, 43.5772
138.38, 138.338
Particle 17 new velocities: 205.544, 216.298
67.7382, 203.911
57.4385, 47.9472
221.389, 364.742
Particle 18 new velocities: 63.7702, 223.283
63.1942, 66.3256
30.3473, 62.642
212.794, 39.3156
Particle 19 new velocities: 160.033, 308.658
77.3912, 230.844
42.0023, 106.973
253.61, 390.82
Particle 20 new velocities: 118.742, 163.337
64.0233, 141.865
18.9998, 57.9876
196.353, 231.324
-- ITERATION 9 --
-------------
Particle: 1:
Relays Coordinates:
138.358, 248.033
82.5929, 177.931
23.3216, 83.1504
213.117, 236.084
Evaluation Time: 1.54565 seconds
Resulting Fitness: 0.486111
-------------
Particle: 2:
Relays Coordinates:
166.019, 254.723
72.5721, 179.716
21.9829, 83.7435
174.29, 244.171
Evaluation Time: 1.45658 seconds
Resulting Fitness: 0.455556
-------------
Particle: 3:
Relays Coordinates:
113.106, 239.653
86.495, 192.294
38.3055, 85.0233
224.89, 236.736
Evaluation Time: 1.5991 seconds
Resulting Fitness: 0.513889
-------------
Particle: 4:
Relays Coordinates:
71.8317, 80.9375
91.2311, 193.451
65.8281, 118.881
73.7695, 149.412
Evaluation Time: 1.18998 seconds
Resulting Fitness: 0.283333
-------------
Particle: 5:
Relays Coordinates:
132.577, 191.481
67.4786, 138.587
19.2154, 80.3529
238.089, 243.727
Evaluation Time: 1.57166 seconds
Resulting Fitness: 0.458333
-------------
Particle: 6:
Relays Coordinates:
137.053, 214.117
81.5067, 182.661
26.4424, 85.0935
230.369, 247.06
Evaluation Time: 1.58355 seconds
Resulting Fitness: 0.483333
-------------
Particle: 7:
Relays Coordinates:
79.1414, 144.29
103.536, 60.2212
215.234, 79.6093
215.234, 102.08
Evaluation Time: 1.40404 seconds
Resulting Fitness: 0.330556
New local best!
-------------
Particle: 8:
Relays Coordinates:
74.5131, 214.318
51.3491, 154.09
17.0002, 66.8214
179.022, 265.721
Evaluation Time: 1.61942 seconds
Resulting Fitness: 0.45
-------------
Particle: 9:
Relays Coordinates:
140.09, 236.051
98.9376, 168.436
35.2591, 71.9529
218.292, 255.112
Evaluation Time: 1.69262 seconds
Resulting Fitness: 0.530556
New local best!
-------------
Particle: 10:
Relays Coordinates:
149.835, 247.449
73.2923, 173.135
20.6504, 78.0626
223.52, 323.108
Evaluation Time: 1.76338 seconds
Resulting Fitness: 0.527778
New local best!
-------------
Particle: 11:
Relays Coordinates:
135.81, 217.249
52.1331, 142.348
19.2594, 74.5018
172.216, 222.701
Evaluation Time: 1.52093 seconds
Resulting Fitness: 0.425
-------------
Particle: 12:
Relays Coordinates:
123.252, 157.564
62.4354, 154.368
17.9695, 49.2715
158.682, 215.234
Evaluation Time: 1.45096 seconds
Resulting Fitness: 0.402778
-------------
Particle: 13:
Relays Coordinates:
176.03, 239.148
121.153, 158.153
39.1952, 79.9816
153.852, 191.826
Evaluation Time: 1.50034 seconds
Resulting Fitness: 0.472222
-------------
Particle: 14:
Relays Coordinates:
162.851, 265.823
100.06, 166.546
31.8572, 80.0138
197.4, 321.091
Evaluation Time: 1.68259 seconds
Resulting Fitness: 0.536111
-------------
Particle: 15:
Relays Coordinates:
107.098, 173.76
65.6927, 131.403
23.0798, 28.263
164.877, 146.685
Evaluation Time: 1.34479 seconds
Resulting Fitness: 0.35
-------------
Particle: 16:
Relays Coordinates:
126.523, 242.404
65.172, 153.478
20.5531, 83.0505
215.882, 284.65
Evaluation Time: 1.64385 seconds
Resulting Fitness: 0.511111
-------------
Particle: 17:
Relays Coordinates:
174.799, 203.939
65.6647, 163.701
43.6874, 48.4857
196.895, 239.148
Evaluation Time: 1.5172 seconds
Resulting Fitness: 0.433333
-------------
Particle: 18:
Relays Coordinates:
87.754, 199.14
57.5466, 91.7529
26.5653, 68.6906
177.761, 131.308
Evaluation Time: 1.45899 seconds
Resulting Fitness: 0.380556
-------------
Particle: 19:
Relays Coordinates:
137.144, 261.426
58.5799, 175.725
35.5388, 95.2875
216.577, 255.271
Evaluation Time: 1.64089 seconds
Resulting Fitness: 0.525
New local best!
-------------
Particle: 20:
Relays Coordinates:
164.521, 253.405
93.988, 183.683
26.0568, 86.5952
256.348, 293.429
Evaluation Time: 1.66969 seconds
Resulting Fitness: 0.538889
Current global best fitness: 0.577778
Current global best relays: 156.285, 267.339
79.3538, 195.969
27.391, 90.4704
240.633, 324.627
Particle 1 new velocities: 91.5976, 141.201
54.4326, 110.998
11.9852, 51.6034
172.207, 277.382
Particle 2 new velocities: 59.2838, 120.993
49.568, 57.4242
4.45019, 34.294
118.549, 75.8938
Particle 3 new velocities: 127.119, 160.852
46.0766, 74.0725
6.41363, 54.4288
122.684, 334.648
Particle 4 new velocities: 185.141, 240.116
70.9833, 245.422
78.8721, 172.998
110.751, 232.788
Particle 5 new velocities: 91.9195, 164.185
67.2227, 102.875
26.9393, 63.8603
129.799, 361.071
Particle 6 new velocities: 92.3365, 240.101
47.6115, 145.099
16.5509, 83.9508
153.236, 236.764
Particle 7 new velocities: 84.267, 295.696
47.2818, 228.322
-96.446, 63.2441
18.7696, 379.764
Particle 8 new velocities: 116.738, 231.366
70.3351, 163.656
20.4548, 58.4824
151.317, 75.6079
Particle 9 new velocities: 101.634, 201.553
63.5592, 91.0585
27.0432, 63.6305
155.087, 125.12
Particle 10 new velocities: 81.0302, 128.601
36.4405, 97.9931
5.58152, 39.9182
130.507, 170.26
Particle 11 new velocities: 143.279, 199.258
53.1136, 218.031
16.7537, 77.3811
158.961, 291.634
Particle 12 new velocities: 171.093, 267.762
53.9822, 192.896
44.3719, 60.3255
210.348, 40.951
Particle 13 new velocities: 156.417, 39.3229
53.7061, 185.545
18.3866, 81.1652
242.903, 265.634
Particle 14 new velocities: 69.9048, 93.7731
45.5614, 87.631
14.5896, 51.2908
121.723, 170.056
Particle 15 new velocities: 151.505, 280.509
62.216, 135.598
29.7077, 71.4275
228.844, 302.9
Particle 16 new velocities: 68.0759, 148.329
39.2236, 99.7506
16.8772, 41.8954
105.37, 190.546
Particle 17 new velocities: 145.667, 200.786
103.443, 194.467
42.1889, 90.0721
224.814, 211.043
Particle 18 new velocities: 122.071, 221.638
89.0844, 141.412
39.9648, 112.644
208.289, 294.138
Particle 19 new velocities: 152.863, 250.293
62.1862, 195.897
23.2642, 84.8459
205.433, 329.35
Particle 20 new velocities: 89.3447, 145.948
43.7411, 87.5155
8.63934, 44.1045
79.5608, 234.101
-- ITERATION 10 --
-------------
Particle: 1:
Relays Coordinates:
135.787, 229.839
80.9121, 170.61
20.8483, 79.5707
227.53, 295.245
Evaluation Time: 1.6909 seconds
Resulting Fitness: 0.513889
-------------
Particle: 2:
Relays Coordinates:
147.821, 246.507
80.1361, 155.588
17.3428, 77.4444
192.131, 209.995
Evaluation Time: 1.60119 seconds
Resulting Fitness: 0.472222
-------------
Particle: 3:
Relays Coordinates:
157.612, 262.771
86.9802, 174.763
29.3402, 91.4946
228.044, 328.05
Evaluation Time: 1.7592 seconds
Resulting Fitness: 0.555556
New local best!
-------------
Particle: 4:
Relays Coordinates:
89.6009, 111.944
56.5607, 153.025
50.4538, 101.772
64.3383, 133.265
Evaluation Time: 1.14968 seconds
Resulting Fitness: 0.266667
-------------
Particle: 5:
Relays Coordinates:
119.307, 189.015
71.5858, 128.323
24.5285, 76.6408
195.511, 265.721
Evaluation Time: 1.66139 seconds
Resulting Fitness: 0.472222
-------------
Particle: 6:
Relays Coordinates:
150.502, 298.013
84.7145, 215.043
28.2079, 110.91
251.683, 317.437
Evaluation Time: 1.85522 seconds
Resulting Fitness: 0.541667
-------------
Particle: 7:
Relays Coordinates:
96.491, 259.807
89.0567, 170.382
70.1429, 84.3535
138.177, 284.524
Evaluation Time: 1.51051 seconds
Resulting Fitness: 0.480556
New local best!
-------------
Particle: 8:
Relays Coordinates:
101.639, 236.855
64.668, 168.863
19.9051, 66.5916
175.556, 181.396
Evaluation Time: 1.63817 seconds
Resulting Fitness: 0.466667
-------------
Particle: 9:
Relays Coordinates:
142.736, 258.401
95.9528, 153.229
36.7889, 80.0607
220.477, 224.524
Evaluation Time: 1.67122 seconds
Resulting Fitness: 0.502778
-------------
Particle: 10:
Relays Coordinates:
151.47, 246.726
71.9957, 177.887
17.2108, 77.4072
232.277, 323.699
Evaluation Time: 1.73416 seconds
Resulting Fitness: 0.530556
New local best!
-------------
Particle: 11:
Relays Coordinates:
148.32, 221.349
55.9324, 191.52
19.1388, 80.7168
176.001, 265.721
Evaluation Time: 1.54469 seconds
Resulting Fitness: 0.455556
-------------
Particle: 12:
Relays Coordinates:
140.784, 203.432
55.6822, 166.095
29.8177, 52.4199
176.506, 122.532
Evaluation Time: 1.50031 seconds
Resulting Fitness: 0.394444
-------------
Particle: 13:
Relays Coordinates:
176.676, 147.991
92.9275, 182.655
30.6013, 85.64
210.852, 243.113
Evaluation Time: 1.59822 seconds
Resulting Fitness: 0.477778
-------------
Particle: 14:
Relays Coordinates:
169.679, 262.146
106.158, 185.295
33.8597, 95.7211
232.641, 358.046
Evaluation Time: 1.81755 seconds
Resulting Fitness: 0.586111
New local best!
New global best!
-------------
Particle: 15:
Relays Coordinates:
123.689, 217.275
61.1784, 127.706
25.2481, 47.6817
188.316, 215.035
Evaluation Time: 1.55736 seconds
Resulting Fitness: 0.444444
-------------
Particle: 16:
Relays Coordinates:
141.862, 284.844
76.1044, 184.603
27.2867, 91.0856
234.193, 346.418
Evaluation Time: 1.82243 seconds
Resulting Fitness: 0.569444
New local best!
-------------
Particle: 17:
Relays Coordinates:
153.278, 193.579
80.8838, 171.311
41.0743, 66.2718
201.702, 215.325
Evaluation Time: 1.4715 seconds
Resulting Fitness: 0.411111
-------------
Particle: 18:
Relays Coordinates:
123.9, 248.465
86.5842, 137.682
39.2853, 107.076
227.959, 251.221
Evaluation Time: 1.70809 seconds
Resulting Fitness: 0.519444
New local best!
-------------
Particle: 19:
Relays Coordinates:
154.121, 265.721
64.1801, 197.495
31.2503, 95.7303
224.273, 265.721
Evaluation Time: 1.82248 seconds
Resulting Fitness: 0.547222
New local best!
-------------
Particle: 20:
Relays Coordinates:
166.561, 262.015
90.364, 177.933
22.7642, 85.7521
220.39, 328.05
Evaluation Time: 1.65475 seconds
Resulting Fitness: 0.525
Current global best fitness: 0.586111
Current global best relays: 169.679, 262.146
106.158, 185.295
33.8597, 95.7211
232.641, 358.046
Particle 1 new velocities: 119.304, 129.669
97.8146, 89.5743
14.0919, 63.9195
150.881, 65.2642
Particle 2 new velocities: 75.8066, 102.201
63.0656, 104.563
18.0724, 47.4178
97.7965, 324.445
Particle 3 new velocities: 108.188, 127.975
39.2516, 61.2365
6.94461, 46.3265
98.5537, 7.33338
Particle 4 new velocities: 390.751, 305.608
116.966, 256.25
67.9114, 205.837
222.436, 252.985
Particle 5 new velocities: 90.9175, 243.44
85.7053, 130.863
33.0245, 62.2044
120.969, 58.1325
Particle 6 new velocities: 100.539, 126.523
35.5284, 89.4985
19.8491, 43.1403
115.002, 223.906
Particle 7 new velocities: 69.0211, 237.973
50.8546, 190.564
-95.6859, 60.9617
37.6943, 341.717
Particle 8 new velocities: 165.654, 256.413
77.2678, 176.954
23.3146, 116.965
226.232, 123.914
Particle 9 new velocities: 80.9365, 127.337
56.7354, 92.478
19.1621, 59.8275
126.948, 155.759
Particle 10 new velocities: 78.9147, 108.956
56.4909, 84.0086
12.0955, 47.6575
104.794, 139.335
Particle 11 new velocities: 133.698, 226.835
88.6633, 170.677
24.0073, 62.9847
260.252, 19.4933
Particle 12 new velocities: 145.564, 230.403
129.617, 169.625
40.6879, 106.328
195.657, 113.725
Particle 13 new velocities: 124.332, 65.8976
96.6624, 130.281
52.8612, 63.9474
179.263, 259.813
Particle 14 new velocities: 55.9238, 75.0185
36.4491, 70.1048
11.6717, 41.0326
97.3788, 136.044
Particle 15 new velocities: 190.111, 234.079
51.7805, 162.85
35.4853, 69.3562
170.175, 305.064
Particle 16 new velocities: 87.86, 93.4816
40.9747, 80.6595
15.1273, 33.6512
83.232, 159.326
Particle 17 new velocities: 162.913, 175.317
117.745, 148.676
55.0828, 85.128
261.568, 196.225
Particle 18 new velocities: 97.7089, 179.857
85.7528, 137.558
29.6315, 89.6511
166.995, 263.67
Particle 19 new velocities: 124.042, -1.91163
100.787, 142.301
20.0281, 67.867
172.61, 38.9372
Particle 20 new velocities: 44.2515, 104.853
45.7131, 52.6033
17.8141, 38.788
65.7518, -5.00904
-- ITERATION 11 --
-------------
Particle: 1:
Relays Coordinates:
150.628, 212.286
105.536, 153.636
20.6319, 84.7296
223.448, 212.877
Evaluation Time: 1.46337 seconds
Resulting Fitness: 0.447222
-------------
Particle: 2:
Relays Coordinates:
146.722, 228.787
93.9546, 170.685
23.2359, 81.9221
190.222, 328.05
Evaluation Time: 1.63644 seconds
Resulting Fitness: 0.494444
-------------
Particle: 3:
Relays Coordinates:
141.257, 207.659
67.0848, 125.42
19.2832, 73.2438
173.567, 178.236
Evaluation Time: 1.5269 seconds
Resulting Fitness: 0.425
-------------
Particle: 4:
Relays Coordinates:
167.488, 145.591
60.5049, 142.706
41.2714, 107.257
99.992, 134.677
Evaluation Time: 1.30348 seconds
Resulting Fitness: 0.35
-------------
Particle: 5:
Relays Coordinates:
137.928, 283.734
103.199, 170.051
37.7605, 91.0963
207.642, 212.48
Evaluation Time: 1.59747 seconds
Resulting Fitness: 0.516667
-------------
Particle: 6:
Relays Coordinates:
164.708, 278.538
78.8914, 199.81
31.5302, 101.072
240.582, 328.05
Evaluation Time: 1.80804 seconds
Resulting Fitness: 0.558333
-------------
Particle: 7:
Relays Coordinates:
71.2475, 214.278
60.2272, 155.375
0, 62.5534
75.7067, 215.234
Evaluation Time: 1.27778 seconds
Resulting Fitness: 0.3
-------------
Particle: 8:
Relays Coordinates:
127.845, 235.929
67.8874, 165.403
20.6718, 87.7946
192.174, 146.029
Evaluation Time: 1.62052 seconds
Resulting Fitness: 0.483333
-------------
Particle: 9:
Relays Coordinates:
163.057, 281.203
111.31, 179.12
40.7882, 101.978
253.273, 277.226
Evaluation Time: 1.79174 seconds
Resulting Fitness: 0.569444
New local best!
-------------
Particle: 10:
Relays Coordinates:
151.156, 233.363
84.3001, 171.83
19.2278, 82.055
221.152, 303.797
Evaluation Time: 1.67703 seconds
Resulting Fitness: 0.511111
-------------
Particle: 11:
Relays Coordinates:
134.888, 214.365
69.1597, 173.238
20.6367, 68.732
208.658, 136.417
Evaluation Time: 1.58021 seconds
Resulting Fitness: 0.436111
-------------
Particle: 12:
Relays Coordinates:
152.177, 230.558
98.4754, 178.416
37.4696, 84.3652
197.782, 125.557
Evaluation Time: 1.60265 seconds
Resulting Fitness: 0.475
New local best!
-------------
Particle: 13:
Relays Coordinates:
129.574, 92.072
81.6122, 134.709
35.9279, 64.3925
167.932, 215.234
Evaluation Time: 1.54538 seconds
Resulting Fitness: 0.411111
-------------
Particle: 14:
Relays Coordinates:
133.216, 199.092
84.2082, 150.811
26.8859, 80.7517
194.873, 291.755
Evaluation Time: 1.66145 seconds
Resulting Fitness: 0.486111
-------------
Particle: 15:
Relays Coordinates:
135.08, 194.293
48.6251, 125.075
26.1437, 50.381
154.318, 215.234
Evaluation Time: 1.59675 seconds
Resulting Fitness: 0.419444
-------------
Particle: 16:
Relays Coordinates:
167.468, 275.8
85.3507, 193.377
30.9199, 90.9331
231.403, 364.5
Evaluation Time: 1.86086 seconds
Resulting Fitness: 0.588889
New local best!
New global best!
-------------
Particle: 17:
Relays Coordinates:
186.708, 217.829
117.289, 188.949
56.7798, 89.4001
273.556, 243.016
Evaluation Time: 1.68553 seconds
Resulting Fitness: 0.480556
-------------
Particle: 18:
Relays Coordinates:
117.772, 227.628
91.5869, 146.274
36.6252, 104.549
209.895, 265.721
Evaluation Time: 1.76777 seconds
Resulting Fitness: 0.491667
-------------
Particle: 19:
Relays Coordinates:
147.827, 140.199
87.6702, 180.582
27.2515, 86.9423
210.92, 161.908
Evaluation Time: 1.42223 seconds
Resulting Fitness: 0.375
-------------
Particle: 20:
Relays Coordinates:
153.683, 267.447
99.2003, 168.061
29.5816, 90.7897
208.597, 235.497
Evaluation Time: 1.68191 seconds
Resulting Fitness: 0.530556
Current global best fitness: 0.588889
Current global best relays: 167.468, 275.8
85.3507, 193.377
30.9199, 90.9331
231.403, 364.5
Particle 1 new velocities: 100.868, 177.265
69.9373, 119.85
21.4888, 56.6604
154.109, 280.154
Particle 2 new velocities: 105.01, 136.511
41.7947, 86.8782
17.3093, 50.6067
92.9881, 56.6238
Particle 3 new velocities: 114.2, 178.872
68.0249, 107.183
16.8147, 68.9589
85.1102, 466.361
Particle 4 new velocities: 327.86, 398.558
137.72, 308.382
109.953, 225.931
292.287, 309.514
Particle 5 new velocities: 83.2323, 135.317
44.6028, 87.7273
8.72382, 19.4475
106.179, 359.598
Particle 6 new velocities: 74.4522, 90.3951
33.7451, 62.3957
11.3833, 11.43
81.9964, 2.18054
Particle 7 new velocities: 122.745, 287.38
66.1718, 184.745
80.5715, 88.025
291.999, 180.192
Particle 8 new velocities: 167.719, 260.331
78.9454, 215.575
26.65, 99.3766
211.509, 136.885
Particle 9 new velocities: 68.7199, 101.054
17.3606, 84.3898
9.22701, 33.7207
93.4835, 231.739
Particle 10 new velocities: 64.1212, 143.421
29.5403, 81.4825
12.2347, 46.0938
93.5921, 132.776
Particle 11 new velocities: 152.968, 269.437
72.6633, 145.19
27.6659, 80.7799
237.198, 318.511
Particle 12 new velocities: 119.743, 210.089
96.5063, 136.354
30.8071, 93.5651
171.049, 335.476
Particle 13 new velocities: 183.627, 307.656
128.389, 169.631
48.0964, 81.8045
197.99, 153.842
Particle 14 new velocities: 57.7663, 173.387
63.1365, 139.922
21.4863, 51.4279
134.909, 200.611
Particle 15 new velocities: 174.115, 183.787
91.548, 153.369
32.4043, 43.4693
154.965, 195.269
Particle 16 new velocities: 70.288, 74.7853
32.7798, 64.5276
12.1019, 26.9209
66.5856, 0
Particle 17 new velocities: 137.792, 214.252
40.3271, 73.5437
41.4254, 35.3436
182.63, 359.179
Particle 18 new velocities: 143.467, 212.859
59.6301, 102.863
20.0982, 73.4481
174.965, 74.8764
Particle 19 new velocities: 115.376, 257.025
59.9769, 123.236
18.2077, 72.1002
169.274, 293.124
Particle 20 new velocities: 43.2864, 83.5166
17.9021, 26.4332
5.98465, 14.8673
77.3625, 86.939
-- ITERATION 12 --
-------------
Particle: 1:
Relays Coordinates:
148.506, 230.026
103.615, 161.491
24.8718, 83.4894
222.944, 291.13
Evaluation Time: 1.69414 seconds
Resulting Fitness: 0.508333
-------------
Particle: 2:
Relays Coordinates:
183.513, 266.302
98.9613, 187.764
29.5574, 96.6135
206.46, 280.427
Evaluation Time: 1.62147 seconds
Resulting Fitness: 0.508333
-------------
Particle: 3:
Relays Coordinates:
150.845, 228.243
79.7809, 137.35
21.3155, 83.9693
152.746, 295.245
Evaluation Time: 1.63952 seconds
Resulting Fitness: 0.491667
-------------
Particle: 4:
Relays Coordinates:
155.446, 156.905
62.2051, 141.556
47.456, 104.558
123.101, 139.392
Evaluation Time: 1.32733 seconds
Resulting Fitness: 0.35
-------------
Particle: 5:
Relays Coordinates:
145.103, 274.94
96.9726, 169.129
30.4984, 72.5278
205.898, 328.05
Evaluation Time: 1.69959 seconds
Resulting Fitness: 0.516667
-------------
Particle: 6:
Relays Coordinates:
156.913, 242.057
73.9007, 172.033
28.1555, 73.8128
211.644, 216.664
Evaluation Time: 1.64236 seconds
Resulting Fitness: 0.477778
-------------
Particle: 7:
Relays Coordinates:
114.551, 295.245
74.6374, 200.838
47.5766, 88.9151
217.126, 233.495
Evaluation Time: 1.66447 seconds
Resulting Fitness: 0.480556
-------------
Particle: 8:
Relays Coordinates:
141.367, 237.359
70.2297, 182.221
22.6339, 89.5234
193.08, 135.317
Evaluation Time: 1.64034 seconds
Resulting Fitness: 0.480556
-------------
Particle: 9:
Relays Coordinates:
168.965, 278.666
93.8006, 192.099
36.4611, 98.9247
252.785, 364.5
Evaluation Time: 1.82856 seconds
Resulting Fitness: 0.594444
New local best!
New global best!
-------------
Particle: 10:
Relays Coordinates:
156.937, 274.675
82.9896, 184.665
22.9362, 93.4204
229.449, 318.262
Evaluation Time: 1.76577 seconds
Resulting Fitness: 0.536111
New local best!
-------------
Particle: 11:
Relays Coordinates:
152.978, 257.112
75.3705, 169.226
25.6699, 79.4568
236.946, 241.768
Evaluation Time: 1.69655 seconds
Resulting Fitness: 0.516667
New local best!
-------------
Particle: 12:
Relays Coordinates:
160.566, 260.198
115.135, 185.868
40.3167, 105.066
217.791, 272.235
Evaluation Time: 1.65919 seconds
Resulting Fitness: 0.502778
New local best!
-------------
Particle: 13:
Relays Coordinates:
184.942, 236.035
124.004, 179.71
49.6155, 86.3279
216.073, 217.936
Evaluation Time: 1.58918 seconds
Resulting Fitness: 0.469444
-------------
Particle: 14:
Relays Coordinates:
112.773, 219.945
87.0055, 171.675
28.5633, 78.0507
194.733, 290.737
Evaluation Time: 1.68317 seconds
Resulting Fitness: 0.486111
-------------
Particle: 15:
Relays Coordinates:
182.577, 223.252
82.7708, 164.418
34.572, 55.4177
182.629, 242.398
Evaluation Time: 1.61462 seconds
Resulting Fitness: 0.444444
-------------
Particle: 16:
Relays Coordinates:
173.324, 255.576
86.1171, 188.012
31.3628, 85.9156
217.234, 265.721
Evaluation Time: 1.64349 seconds
Resulting Fitness: 0.511111
-------------
Particle: 17:
Relays Coordinates:
155.207, 206.663
75.3871, 125.55
46.9712, 59.6645
218.193, 239.148
Evaluation Time: 1.59638 seconds
Resulting Fitness: 0.438889
-------------
Particle: 18:
Relays Coordinates:
138.833, 234.093
80.3629, 132.401
30.1452, 94.5949
204.53, 181.007
Evaluation Time: 1.68609 seconds
Resulting Fitness: 0.491667
-------------
Particle: 19:
Relays Coordinates:
172.688, 260.618
96.8713, 199.335
29.8257, 104.348
249.445, 298.546
Evaluation Time: 1.72915 seconds
Resulting Fitness: 0.530556
-------------
Particle: 20:
Relays Coordinates:
129.231, 230.267
76.8309, 127.608
23.335, 69.3216
187.618, 211.55
Evaluation Time: 1.59035 seconds
Resulting Fitness: 0.477778
Current global best fitness: 0.594444
Current global best relays: 168.965, 278.666
93.8006, 192.099
36.4611, 98.9247
252.785, 364.5
Particle 1 new velocities: 89.3449, 248.464
41.3547, 132.83
21.3358, 59.7169
143.797, 231.439
Particle 2 new velocities: 78.1646, 115.812
27.1313, 68.4635
7.78088, 35.0585
107.76, 186.148
Particle 3 new velocities: 99.9894, 209.124
67.2102, 150.439
41.5716, 61.2209
213.287, 55.0756
Particle 4 new velocities: 298.074, 38.4837
127.651, 329.771
429.308, 242.908
272.856, 480.999
Particle 5 new velocities: 51.5075, 107.973
15.9118, 58.5574
7.25027, 24.6324
111.118, 11.3192
Particle 6 new velocities: 59.4743, 104.656
46.2697, 80.9809
13.4036, 42.1393
129.303, 200.697
Particle 7 new velocities: 116.228, -63.3973
98.9843, 124.245
74.3423, 75.8008
168.527, 268.584
Particle 8 new velocities: 113.667, 255.447
76.5913, 180.756
34.1075, 87.9614
253.998, 394.36
Particle 9 new velocities: 54.9759, 80.8434
13.8885, 67.5118
7.38161, 26.9766
74.7868, 0
Particle 10 new velocities: 62.3449, 119.362
25.1786, 65.4564
9.80038, 41.8274
91.6614, 122.414
Particle 11 new velocities: 122.78, 229.353
68.5688, 116.511
24.2939, 64.809
193.821, 393.027
Particle 12 new velocities: 103.947, 175.737
72.7441, 112.369
24.4705, 68.5576
169.901, 287.101
Particle 13 new velocities: 167.534, 309.554
73.0026, 144.376
43.3824, 63.9321
126.963, 182.248
Particle 14 new velocities: 144.686, 208.502
75.004, 131.766
24.7012, 93.8054
149.648, 308.707
Particle 15 new velocities: 79.2724, 177.65
75.7687, 121.044
27.6378, 34.293
148.914, 338.503
Particle 16 new velocities: 45.7356, 104.31
28.2539, 54.5908
11.8797, 39.2206
64.6402, 96.652
Particle 17 new velocities: 153.476, 237.978
77.6883, 85.0378
37.7786, 37.0431
189.03, 136.136
Particle 18 new velocities: 111.142, 222.772
55.9907, 103.028
25.709, 71.1571
187.829, 140.337
Particle 19 new velocities: 74.0071, 217.953
9.68346, 89.0521
21.8835, 46.7445
104.142, 263.045
Particle 20 new velocities: 57.5342, 120.36
39.0229, 96.8292
3.02451, 33.3649
144.043, 318.94
-- ITERATION 13 --
-------------
Particle: 1:
Relays Coordinates:
126.404, 254.289
77.043, 156.414
24.5566, 76.1057
194.901, 265.721
Evaluation Time: 1.61655 seconds
Resulting Fitness: 0.480556
-------------
Particle: 2:
Relays Coordinates:
154.518, 225.635
74.4564, 151.3
22.0479, 77.751
185.544, 275.508
Evaluation Time: 1.63673 seconds
Resulting Fitness: 0.472222
-------------
Particle: 3:
Relays Coordinates:
164.573, 286.956
96.4409, 188.818
41.2602, 95.2593
240.154, 229.845
Evaluation Time: 1.7005 seconds
Resulting Fitness: 0.525
-------------
Particle: 4:
Relays Coordinates:
103.751, 44.6987
43.433, 107.825
109.068, 79.489
90.5824, 114.384
Evaluation Time: 1.15248 seconds
Resulting Fitness: 0.230556
-------------
Particle: 5:
Relays Coordinates:
128.996, 251.229
74.0635, 149.385
24.7669, 63.7468
207.994, 222.66
Evaluation Time: 1.63231 seconds
Resulting Fitness: 0.483333
-------------
Particle: 6:
Relays Coordinates:
157.746, 252.754
87.6043, 184.447
30.2966, 84.5291
248.55, 304.256
Evaluation Time: 1.76789 seconds
Resulting Fitness: 0.55
-------------
Particle: 7:
Relays Coordinates:
99.3426, 99.8028
74.7384, 139.938
52.4821, 70.9048
166.011, 215.234
Evaluation Time: 1.49399 seconds
Resulting Fitness: 0.419444
-------------
Particle: 8:
Relays Coordinates:
135.536, 261.898
78.0267, 192.901
30.1547, 94.3227
237.596, 265.721
Evaluation Time: 1.75078 seconds
Resulting Fitness: 0.552778
New local best!
-------------
Particle: 9:
Relays Coordinates:
163.253, 262.082
78.5054, 189.256
31.9614, 91.782
238.8, 265.721
Evaluation Time: 1.70387 seconds
Resulting Fitness: 0.544444
-------------
Particle: 10:
Relays Coordinates:
143.871, 258.528
70.9692, 164.104
21.4784, 88.7361
210.68, 289.127
Evaluation Time: 1.74394 seconds
Resulting Fitness: 0.5
-------------
Particle: 11:
Relays Coordinates:
131.894, 232.675
68.8457, 136.667
23.8975, 69.0019
206.034, 239.148
Evaluation Time: 1.56769 seconds
Resulting Fitness: 0.491667
-------------
Particle: 12:
Relays Coordinates:
156.192, 257.415
110.941, 176.106
38.2562, 102.523
228.928, 295.245
Evaluation Time: 1.649 seconds
Resulting Fitness: 0.544444
New local best!
-------------
Particle: 13:
Relays Coordinates:
208.134, 295.245
116.33, 191.37
54.9143, 88.727
202.559, 236.305
Evaluation Time: 1.61048 seconds
Resulting Fitness: 0.513889
New local best!
-------------
Particle: 14:
Relays Coordinates:
168.919, 281.104
106.294, 199.088
34.9468, 112.755
225.949, 328.05
Evaluation Time: 1.69245 seconds
Resulting Fitness: 0.544444
-------------
Particle: 15:
Relays Coordinates:
139.157, 213.056
84.2544, 151.706
33.0609, 47.6759
176.195, 265.721
Evaluation Time: 1.56439 seconds
Resulting Fitness: 0.458333
-------------
Particle: 16:
Relays Coordinates:
159.694, 262.357
83.3764, 176.858
31.5238, 91.2243
205.486, 264.17
Evaluation Time: 1.52083 seconds
Resulting Fitness: 0.494444
-------------
Particle: 17:
Relays Coordinates:
119.59, 172.263
59.3046, 81.5858
32.8338, 37.4665
157.766, 145.393
Evaluation Time: 1.28661 seconds
Resulting Fitness: 0.313889
-------------
Particle: 18:
Relays Coordinates:
119.563, 218.517
65.2175, 112.605
26.7149, 79.2787
187.664, 153.698
Evaluation Time: 1.4493 seconds
Resulting Fitness: 0.391667
-------------
Particle: 19:
Relays Coordinates:
117.993, 228.899
50.9648, 137.935
24.7324, 72.267
169.12, 239.148
Evaluation Time: 1.57846 seconds
Resulting Fitness: 0.472222
-------------
Particle: 20:
Relays Coordinates:
99.2549, 186.337
61.5694, 119.275
14.0085, 54.5718
176.258, 265.721
Evaluation Time: 1.56561 seconds
Resulting Fitness: 0.463889
Current global best fitness: 0.594444
Current global best relays: 168.965, 278.666
93.8006, 192.099
36.4611, 98.9247
252.785, 364.5
Particle 1 new velocities: 138.896, 213.181
67.5079, 124.966
21.4866, 77.1492
145.742, 129.073
Particle 2 new velocities: 82.1326, 199.039
40.0099, 70.9856
13.477, 49.3167
162.424, 225.365
Particle 3 new velocities: 75.6514, 150.94
43.5531, 104.64
20.9995, 49.6951
177.363, 279.63
Particle 4 new velocities: 389.051, 271.586
152.18, 334.025
447.441, 257.102
293.714, 137.961
Particle 5 new velocities: 56.3959, 87.6198
31.7346, 74.8098
18.0578, 50.1417
115.87, 105.906
Particle 6 new velocities: 55.5601, 102.362
35.74, 88.4439
15.1568, 48.3148
100.702, 236.14
Particle 7 new velocities: 120.475, 92.2007
103.966, 182.258
45.693, 98.3283
143.158, 263.663
Particle 8 new velocities: 97.2871, 220.724
72.1573, 144.54
31.6565, 73.3937
211.114, 20.4802
Particle 9 new velocities: 55.9228, 77.4324
27.7552, 60.2727
14.7668, 22.902
74.6973, 126.839
Particle 10 new velocities: 76.986, 127.431
43.1652, 112.399
21.4586, 48.0652
125.431, 130.586
Particle 11 new velocities: 151.988, 223.896
78.5207, 146.665
24.6319, 84.6461
178.588, 50.4046
Particle 12 new velocities: 92.7111, 156.178
54.2715, 102.922
17.3883, 50.5224
146.442, 6.75038
Particle 13 new velocities: 131.989, -9.50341
55.7011, 116.416
30.1913, 59.9326
140.505, 194.648
Particle 14 new velocities: 117.016, 159.95
51.2356, 87.0192
20.7141, 59.4463
155.925, 39.6182
Particle 15 new velocities: 87.1284, 159.874
45.9768, 91.1178
23.4927, 9.83546
168.721, 129.075
Particle 16 new velocities: 48.9208, 87.9602
30.9069, 64.3781
14.0073, 37.1232
117.394, 236.739
Particle 17 new velocities: 311.96, 317.076
171.31, 227.969
56.5265, 91.2935
273.587, 234.443
Particle 18 new velocities: 137.48, 254.233
78.6546, 115.18
41.9901, 78.8899
232.805, 142.004
Particle 19 new velocities: 109.575, 214.82
40.703, 216.234
25.8201, 74.7537
173.52, 163.025
Particle 20 new velocities: 106.822, 168.567
76.5451, 110.422
27.4966, 70.8455
223.141, 95.8515
-- ITERATION 14 --
-------------
Particle: 1:
Relays Coordinates:
140.991, 248.433
76.8203, 149.537
24.4693, 81.4459
181.032, 209.809
Evaluation Time: 1.51727 seconds
Resulting Fitness: 0.472222
-------------
Particle: 2:
Relays Coordinates:
113.189, 203.12
54.7489, 106.318
16.9915, 60.7761
166.432, 239.148
Evaluation Time: 1.56661 seconds
Resulting Fitness: 0.458333
-------------
Particle: 3:
Relays Coordinates:
141.85, 258.573
82.6651, 173.284
36.7637, 85.5941
246.54, 295.245
Evaluation Time: 1.65871 seconds
Resulting Fitness: 0.547222
-------------
Particle: 4:
Relays Coordinates:
125.264, 80.3953
49.7221, 112.312
127.093, 85.5568
97.683, 64.1427
Evaluation Time: 1.10934 seconds
Resulting Fitness: 0.230556
-------------
Particle: 5:
Relays Coordinates:
150.168, 274.467
85.6964, 181.598
34.688, 92.2497
262.33, 266.138
Evaluation Time: 1.68536 seconds
Resulting Fitness: 0.55
New local best!
-------------
Particle: 6:
Relays Coordinates:
125.955, 209.692
72.8336, 161.139
26.8398, 78.443
206.23, 295.245
Evaluation Time: 1.61816 seconds
Resulting Fitness: 0.488889
-------------
Particle: 7:
Relays Coordinates:
116.82, 102.039
94.9708, 171.228
52.1743, 89.9374
164.305, 254.505
Evaluation Time: 1.44901 seconds
Resulting Fitness: 0.472222
-------------
Particle: 8:
Relays Coordinates:
90.2003, 186.978
58.1843, 130.731
23.9469, 64.9768
173.839, 110.88
Evaluation Time: 1.28801 seconds
Resulting Fitness: 0.311111
-------------
Particle: 9:
Relays Coordinates:
177.533, 275.007
86.0711, 202.118
37.8498, 92.8941
253.933, 317.973
Evaluation Time: 1.82407 seconds
Resulting Fitness: 0.569444
-------------
Particle: 10:
Relays Coordinates:
161.005, 281.364
83.204, 201.571
31.3011, 99.7281
245.025, 305.971
Evaluation Time: 1.77537 seconds
Resulting Fitness: 0.563889
New local best!
-------------
Particle: 11:
Relays Coordinates:
150.867, 242.64
78.3166, 150.574
25.7905, 81.6548
204.404, 153.88
Evaluation Time: 1.58177 seconds
Resulting Fitness: 0.480556
-------------
Particle: 12:
Relays Coordinates:
163.305, 271.358
108.396, 183.07
36.5083, 100.413
246.281, 198.139
Evaluation Time: 1.68532 seconds
Resulting Fitness: 0.552778
New local best!
-------------
Particle: 13:
Relays Coordinates:
223.154, 187.475
112.87, 201.938
55.8378, 97.5356
225.084, 282.748
Evaluation Time: 1.61188 seconds
Resulting Fitness: 0.5
-------------
Particle: 14:
Relays Coordinates:
168.842, 260.438
93.0199, 168.943
32.8672, 101.683
225.493, 217.104
Evaluation Time: 1.47926 seconds
Resulting Fitness: 0.480556
-------------
Particle: 15:
Relays Coordinates:
133.62, 220.212
76.9002, 143.385
33.3943, 33.9599
203.67, 233.123
Evaluation Time: 1.62322 seconds
Resulting Fitness: 0.477778
New local best!
-------------
Particle: 16:
Relays Coordinates:
123.185, 206.859
67.4831, 142.447
26.8857, 75.7879
190.658, 295.245
Evaluation Time: 1.63388 seconds
Resulting Fitness: 0.480556
-------------
Particle: 17:
Relays Coordinates:
206.409, 234.049
110.302, 148.059
42.7408, 61.5855
206.315, 181.674
Evaluation Time: 1.44503 seconds
Resulting Fitness: 0.427778
-------------
Particle: 18:
Relays Coordinates:
110.648, 203.503
61.9322, 98.0541
29.5752, 68.0864
180.998, 127.29
Evaluation Time: 1.45563 seconds
Resulting Fitness: 0.402778
-------------
Particle: 19:
Relays Coordinates:
120.939, 235.81
48.716, 188.22
26.8656, 78.1328
182.093, 213.731
Evaluation Time: 1.52035 seconds
Resulting Fitness: 0.477778
-------------
Particle: 20:
Relays Coordinates:
121.686, 209.567
81.5553, 135.634
24.5084, 74.0577
235.841, 213.505
Evaluation Time: 1.73505 seconds
Resulting Fitness: 0.486111
Current global best fitness: 0.594444
Current global best relays: 168.965, 278.666
93.8006, 192.099
36.4611, 98.9247
252.785, 364.5
Particle 1 new velocities: 123.267, 209.159
66.0267, 142.509
32.2401, 69.2288
171.957, 243.309
Particle 2 new velocities: 130.128, 223.072
92.5906, 134.227
32.8733, 92.0207
221.983, 198.825
Particle 3 new velocities: 102.018, 135.169
46.0376, 99.9901
11.816, 52.7616
115.207, 43.333
Particle 4 new velocities: 411.507, 432.765
173.886, 423.667
-13.6445, 260.946
317.417, 267.076
Particle 5 new velocities: 57.7019, 70.8551
34.7988, 62.6423
14.903, 41.7421
86.2937, 190.628
Particle 6 new velocities: 101.039, 169.777
44.435, 158.341
14.1241, 58.0377
136.611, 86.1575
Particle 7 new velocities: 131.854, 373.306
75.5908, 168.243
28.9791, 73.0617
173.607, 313.352
Particle 8 new velocities: 196.275, 302.942
93.4259, 171.944
27.6466, 115.705
262.716, 257.575
Particle 9 new velocities: 29.2399, 67.9486
37.2855, 30.7713
10.1798, 25.4398
58.8394, 174.878
Particle 10 new velocities: 67.7698, 99.8301
40.3723, 86.286
22.7593, 38.1113
110.067, 136.716
Particle 11 new velocities: 137.324, 204.375
74.9765, 143.372
31.8421, 74.769
212.266, 238.045
Particle 12 new velocities: 80.4287, 130.648
26.9319, 86.1595
13.8679, 39.6099
120.237, 117.726
Particle 13 new velocities: 66.0545, 119.114
26.491, 77.9567
20.5936, 40.8556
117.856, 219.892
Particle 14 new velocities: 94.0306, 145.671
52.945, 89.6854
19.7394, 40.1816
152.55, 278.803
Particle 15 new velocities: 114.762, 202.034
48.5544, 92.5778
19.9852, 9.91772
136.045, 107.147
Particle 16 new velocities: 107.945, 209.231
44.2103, 82.8419
29.6701, 56.6187
215.863, 113.683
Particle 17 new velocities: 220.633, 276.614
130.364, 225.693
52.8306, 91.0958
264.834, 302.925
Particle 18 new velocities: 158.06, 256.355
118.502, 209.794
39.9406, 95.9625
326.088, 520.5
Particle 19 new velocities: 136.115, 212.601
94.7091, 176.202
23.8026, 100.934
220.424, 207.184
Particle 20 new velocities: 98.0136, 206.43
81.3174, 121.494
22.116, 85.2414
181.44, 179.202
-- ITERATION 15 --
-------------
Particle: 1:
Relays Coordinates:
140.438, 243.183
75.9148, 155.205
30.1377, 80.0747
187.593, 240.806
Evaluation Time: 1.59532 seconds
Resulting Fitness: 0.480556
-------------
Particle: 2:
Relays Coordinates:
129.309, 226.496
78.3022, 127.835
26.5002, 81.2025
206.42, 232.757
Evaluation Time: 1.58962 seconds
Resulting Fitness: 0.486111
-------------
Particle: 3:
Relays Coordinates:
160.002, 258.334
84.4418, 179.295
31.8731, 90.7752
237.342, 222.141
Evaluation Time: 1.59948 seconds
Resulting Fitness: 0.525
-------------
Particle: 4:
Relays Coordinates:
156.905, 156.905
70.1707, 156.905
35.6014, 108.736
130.263, 103.94
Evaluation Time: 1.24927 seconds
Resulting Fitness: 0.347222
-------------
Particle: 5:
Relays Coordinates:
136.383, 226.566
79.0569, 160.246
32.5366, 87.912
228.732, 299.685
Evaluation Time: 1.70675 seconds
Resulting Fitness: 0.525
-------------
Particle: 6:
Relays Coordinates:
134.038, 224.073
69.2459, 188.65
24.1888, 80.5905
202.444, 225.214
Evaluation Time: 1.56339 seconds
Resulting Fitness: 0.475
-------------
Particle: 7:
Relays Coordinates:
146.84, 280.686
100.715, 200.454
47.9202, 96.2493
199.534, 295.245
Evaluation Time: 1.57647 seconds
Resulting Fitness: 0.505556
New local best!
-------------
Particle: 8:
Relays Coordinates:
137.02, 234.327
72.5147, 144.769
24.677, 86.4196
208.803, 176.231
Evaluation Time: 1.53427 seconds
Resulting Fitness: 0.477778
-------------
Particle: 9:
Relays Coordinates:
122.097, 202.512
72.8408, 137.519
28.361, 69.8749
184.689, 291.024
Evaluation Time: 1.6457 seconds
Resulting Fitness: 0.494444
-------------
Particle: 10:
Relays Coordinates:
150.099, 250.101
81.0784, 188.863
35.469, 90.4364
232.976, 290.447
Evaluation Time: 1.6613 seconds
Resulting Fitness: 0.536111
-------------
Particle: 11:
Relays Coordinates:
153.156, 237.562
81.4662, 156.215
30.6283, 83.13
221.436, 208.285
Evaluation Time: 1.49352 seconds
Resulting Fitness: 0.466667
-------------
Particle: 12:
Relays Coordinates:
159.914, 263.757
88.7884, 176.642
33.0518, 91.8691
240.472, 207.239
Evaluation Time: 1.63495 seconds
Resulting Fitness: 0.530556
-------------
Particle: 13:
Relays Coordinates:
170.775, 181.038
82.2912, 165.275
45.132, 81.7186
202.502, 295.245
Evaluation Time: 1.63657 seconds
Resulting Fitness: 0.502778
-------------
Particle: 14:
Relays Coordinates:
155.223, 239.803
86.1908, 152.718
31.0637, 83.7696
223.23, 292.828
Evaluation Time: 1.70812 seconds
Resulting Fitness: 0.544444
-------------
Particle: 15:
Relays Coordinates:
132, 224.399
66.6717, 125.4
28.368, 23.3184
180.538, 180.833
Evaluation Time: 1.61319 seconds
Resulting Fitness: 0.472222
-------------
Particle: 16:
Relays Coordinates:
122.832, 221.127
59.3585, 119.728
30.0561, 70.3663
216.042, 217.321
Evaluation Time: 1.60005 seconds
Resulting Fitness: 0.455556
-------------
Particle: 17:
Relays Coordinates:
183.828, 215.234
103.599, 160.888
41.1404, 65.7243
202.814, 208.604
Evaluation Time: 1.4462 seconds
Resulting Fitness: 0.422222
-------------
Particle: 18:
Relays Coordinates:
128.522, 219.949
86.301, 147.243
33.2492, 78.4641
239.148, 239.148
Evaluation Time: 1.61949 seconds
Resulting Fitness: 0.491667
-------------
Particle: 19:
Relays Coordinates:
136.609, 238.304
76.222, 193.669
26.9272, 95.1633
213.914, 223.692
Evaluation Time: 1.5762 seconds
Resulting Fitness: 0.497222
-------------
Particle: 20:
Relays Coordinates:
129.731, 245.642
96.1746, 151.831
27.5312, 94.0645
246.401, 231.89
Evaluation Time: 1.64482 seconds
Resulting Fitness: 0.522222
Current global best fitness: 0.594444
Current global best relays: 168.965, 278.666
93.8006, 192.099
36.4611, 98.9247
252.785, 364.5
Particle 1 new velocities: 101.602, 196.853
107.544, 155.649
23.1856, 68.8187
209.952, 422.895
Particle 2 new velocities: 165.83, 234.32
89.1706, 191.756
31.2072, 90.9573
229.226, 292.598
Particle 3 new velocities: 81.5075, 119.026
41.1474, 85.8213
9.03084, 46.6082
93.0312, 360.164
Particle 4 new velocities: 38.9342, 69.7698
161.867, 32.7046
147.79, 221.086
254.688, 413.264
Particle 5 new velocities: 75.2844, 115.285
44.5507, 78.0168
19.1452, 40.6301
125.629, 134.27
Particle 6 new velocities: 141.691, 202.793
66.9306, 137.118
17.5375, 61.5839
155.233, 304.878
Particle 7 new velocities: 113.187, 296.716
54.475, 133.402
10.5802, 61.6494
204.961, 1.34346
Particle 8 new velocities: 157.827, 305.069
102.083, 203.756
36.5464, 109.98
272.612, 354.971
Particle 9 new velocities: 80.3621, 249.064
68.0481, 164.539
17.8649, 68.122
144.321, 196.089
Particle 10 new velocities: 72.7256, 114.067
49.662, 76.853
18.1224, 32.9001
111.454, 143.062
Particle 11 new velocities: 115.95, 219.596
70.0395, 124.052
27.028, 77.8054
182.496, 309.76
Particle 12 new velocities: 76.1376, 121.584
28.7176, 81.4233
18.9721, 39.7143
105.987, 187.946
Particle 13 new velocities: 76.5182, 140.37
23.7868, 92.1065
10.613, 60.6855
127.259, 63.744
Particle 14 new velocities: 99.0077, 154.905
51.5422, 113.344
23.1755, 64.2785
170.517, 347.926
Particle 15 new velocities: 103.36, 164.386
64.2518, 146.341
20.5594, 87.4766
201.975, 331.731
Particle 16 new velocities: 174.997, 261.967
54.2252, 242.552
27.0303, 65.2953
241.259, 280.244
Particle 17 new velocities: 182.656, 27.6828
95.1135, 196.216
42.485, 82.401
258.752, 437.832
Particle 18 new velocities: 154.918, 294.985
103.42, 212.602
42.0829, 126.207
-11.7974, 111.407
Particle 19 new velocities: 154.392, 247.21
75.008, 140.009
35.6232, 81.7613
231.117, 169.954
Particle 20 new velocities: 106.713, 186.531
64.5519, 129.721
9.28945, 59.2406
107.717, 175.416
-- ITERATION 16 --
-------------
Particle: 1:
Relays Coordinates:
128.63, 233.853
97.4973, 165.201
28.3381, 79.1281
211.271, 265.721
Evaluation Time: 1.63719 seconds
Resulting Fitness: 0.486111
-------------
Particle: 2:
Relays Coordinates:
174.276, 272.107
98.891, 188.716
34.0756, 101.659
257.244, 295.245
Evaluation Time: 1.78602 seconds
Resulting Fitness: 0.561111
New local best!
-------------
Particle: 3:
Relays Coordinates:
176.06, 275.096
91.5546, 193.27
29.819, 100.152
240.842, 364.5
Evaluation Time: 1.8773 seconds
Resulting Fitness: 0.605556
New local best!
New global best!
-------------
Particle: 4:
Relays Coordinates:
75.8722, 87.8186
89.8963, 73.4587
71.0495, 127.78
149.138, 193.71
Evaluation Time: 1.39394 seconds
Resulting Fitness: 0.366667
-------------
Particle: 5:
Relays Coordinates:
138.875, 224.288
81.099, 156.324
33.9085, 84.3365
232.496, 284.718
Evaluation Time: 1.71775 seconds
Resulting Fitness: 0.516667
-------------
Particle: 6:
Relays Coordinates:
146.534, 226.854
72.3698, 173.126
22.1751, 75.5573
190.084, 265.721
Evaluation Time: 1.56259 seconds
Resulting Fitness: 0.447222
-------------
Particle: 7:
Relays Coordinates:
124.37, 239.148
74.2269, 159.682
27.9806, 75.5225
193.469, 141.857
Evaluation Time: 1.65171 seconds
Resulting Fitness: 0.486111
-------------
Particle: 8:
Relays Coordinates:
156.694, 265.721
92.7884, 185.22
32.5366, 104.375
255.844, 265.721
Evaluation Time: 1.70518 seconds
Resulting Fitness: 0.547222
-------------
Particle: 9:
Relays Coordinates:
119.55, 266.651
83.1935, 178.362
27.2959, 81.4858
194.277, 287.635
Evaluation Time: 1.60647 seconds
Resulting Fitness: 0.491667
-------------
Particle: 10:
Relays Coordinates:
162.439, 265.478
95.3098, 193.707
39.0681, 89.9123
251.09, 316.028
Evaluation Time: 1.79155 seconds
Resulting Fitness: 0.561111
-------------
Particle: 11:
Relays Coordinates:
143.014, 242.953
80.5163, 148.945
30.641, 85.5277
214.666, 265.721
Evaluation Time: 1.72822 seconds
Resulting Fitness: 0.522222
New local best!
-------------
Particle: 12:
Relays Coordinates:
154.873, 252.822
77.0957, 169.316
34.1329, 86.3319
227.312, 259.281
Evaluation Time: 1.69167 seconds
Resulting Fitness: 0.519444
-------------
Particle: 13:
Relays Coordinates:
180.277, 234.306
77.3308, 187.631
40.6381, 103.813
240.396, 261.703
Evaluation Time: 1.59125 seconds
Resulting Fitness: 0.502778
-------------
Particle: 14:
Relays Coordinates:
166.801, 258.968
90.3666, 174.563
35.5864, 97.1344
258.338, 328.05
Evaluation Time: 1.64399 seconds
Resulting Fitness: 0.55
-------------
Particle: 15:
Relays Coordinates:
138.978, 229.574
77.309, 160.46
28.8911, 65.4233
225.87, 295.245
Evaluation Time: 1.71706 seconds
Resulting Fitness: 0.533333
New local best!
-------------
Particle: 16:
Relays Coordinates:
142.451, 231.062
54.3267, 173.277
27.3042, 64.8865
218.725, 237.984
Evaluation Time: 1.57396 seconds
Resulting Fitness: 0.488889
-------------
Particle: 17:
Relays Coordinates:
157.759, 104.568
85.5392, 153.722
35.998, 63.7631
198.689, 215.234
Evaluation Time: 1.45155 seconds
Resulting Fitness: 0.405556
-------------
Particle: 18:
Relays Coordinates:
150.632, 265.721
100.826, 191.236
40.0346, 108.771
120.824, 186.299
Evaluation Time: 1.53307 seconds
Resulting Fitness: 0.491667
-------------
Particle: 19:
Relays Coordinates:
154.65, 258.022
80.3698, 177.33
33.2418, 94.025
236.508, 209.199
Evaluation Time: 1.61781 seconds
Resulting Fitness: 0.522222
-------------
Particle: 20:
Relays Coordinates:
155.13, 283.549
105.453, 184.727
24.158, 100.583
232.337, 267.233
Evaluation Time: 1.65073 seconds
Resulting Fitness: 0.536111
Current global best fitness: 0.605556
Current global best relays: 176.06, 275.096
91.5546, 193.27
29.819, 100.152
240.842, 364.5
Particle 1 new velocities: 156.796, 222.613
88.1124, 139.788
14.4094, 80.8558
201.673, 126.43
Particle 2 new velocities: 133.102, 189.26
69.1394, 153.835
24.1416, 72.0919
162.359, 51.7631
Particle 3 new velocities: 65.206, 95.2209
32.9179, 68.6571
7.22467, 37.2865
74.4249, 0
Particle 4 new velocities: 188.151, 224.461
125.611, 108.302
110.964, 165.826
237.958, 108.393
Particle 5 new velocities: 114.142, 134.698
50.2971, 100.119
11.0957, 49.4735
110.317, 182.318
Particle 6 new velocities: 152.718, 251.275
72.9745, 135.285
24.2684, 79.5106
217.941, 64.9362
Particle 7 new velocities: 163.813, 79.2966
90.8036, 140.327
14.348, 94.2849
197.776, 255.444
Particle 8 new velocities: 100.93, 1.3503
76.7604, 173.922
24.2284, 70.559
193.498, 119.322
Particle 9 new velocities: 97.969, 215.232
75.0236, 141.525
30.0457, 81.5412
211.974, 299.721
Particle 10 new velocities: 65.953, 97.9907
32.645, 65.2524
-8.6859, 47.7253
74.371, 105.025
Particle 11 new velocities: 112.145, 179.277
60.9242, 119.701
20.7616, 71.7253
162.025, 36.9013
Particle 12 new velocities: 86.0868, 101.28
81.2097, 108.487
12.0721, 61.6406
111.337, 148.549
Particle 13 new velocities: 58.8101, 186.696
34.9639, 76.8035
10.976, 44.1126
96.1763, 75.8879
Particle 14 new velocities: 85.0945, 125.868
55.4631, 126.952
14.3179, 50.4981
95.67, 95.5843
Particle 15 new velocities: 128.516, 181.646
53.7455, 139.008
17.6069, 82.6031
164.765, 12.5491
Particle 16 new velocities: 200.902, 280.927
54.2302, 215.442
27.2169, 106.224
212.748, 454.061
Particle 17 new velocities: 225.398, 324.769
86.5699, 181.698
36.5519, 101.032
247.99, 158.863
Particle 18 new velocities: 141.475, -0.506919
71.9093, 117.974
21.443, 97.9045
277.324, 353.754
Particle 19 new velocities: 146.709, 206.718
60.6978, 120.381
26.5933, 69.8574
180.875, 292.835
Particle 20 new velocities: 76.8134, 112.32
44.1519, 101.317
11.4627, 10.1781
79.2776, 319.32
-- ITERATION 17 --
-------------
Particle: 1:
Relays Coordinates:
151.687, 242.585
98.6406, 162.083
22.7178, 85.022
219.455, 208.405
Evaluation Time: 1.60682 seconds
Resulting Fitness: 0.497222
-------------
Particle: 2:
Relays Coordinates:
181.504, 272.433
99.2203, 202.273
34.3767, 102.598
247.771, 204.905
Evaluation Time: 1.64279 seconds
Resulting Fitness: 0.522222
-------------
Particle: 3:
Relays Coordinates:
175.883, 269.961
90.7405, 190.945
27.0048, 100.193
229.83, 265.721
Evaluation Time: 1.68942 seconds
Resulting Fitness: 0.530556
-------------
Particle: 4:
Relays Coordinates:
102.288, 120.983
83.4919, 70.418
70.5158, 113.749
149.969, 117.041
Evaluation Time: 1.17859 seconds
Resulting Fitness: 0.266667
-------------
Particle: 5:
Relays Coordinates:
184.45, 261.701
95.7877, 186.947
32.808, 97.5475
249.911, 340.469
Evaluation Time: 1.71651 seconds
Resulting Fitness: 0.577778
New local best!
-------------
Particle: 6:
Relays Coordinates:
143.131, 228.688
69.5177, 147.512
22.2137, 74.1685
195.157, 158.152
Evaluation Time: 1.54345 seconds
Resulting Fitness: 0.472222
-------------
Particle: 7:
Relays Coordinates:
189.077, 208.932
108.277, 196.836
27.7718, 111.411
256.696, 260.669
Evaluation Time: 1.5826 seconds
Resulting Fitness: 0.455556
-------------
Particle: 8:
Relays Coordinates:
136.912, 141.932
90.1052, 190.863
30.1673, 92.967
238.799, 204.627
Evaluation Time: 1.51041 seconds
Resulting Fitness: 0.425
-------------
Particle: 9:
Relays Coordinates:
128.443, 284.547
93.4256, 188.89
33.8597, 96.2658
239.887, 295.245
Evaluation Time: 1.79247 seconds
Resulting Fitness: 0.572222
-------------
Particle: 10:
Relays Coordinates:
166.498, 264.969
93.279, 188.781
22.1486, 100.338
237.261, 306.947
Evaluation Time: 1.7168 seconds
Resulting Fitness: 0.547222
-------------
Particle: 11:
Relays Coordinates:
150.669, 249.323
83.5192, 158.633
30.3527, 92.8563
222.432, 178.695
Evaluation Time: 1.57499 seconds
Resulting Fitness: 0.486111
-------------
Particle: 12:
Relays Coordinates:
158.094, 232.327
103.864, 182.267
30.3151, 97.0848
222.188, 267.578
Evaluation Time: 1.62693 seconds
Resulting Fitness: 0.513889
-------------
Particle: 13:
Relays Coordinates:
141.178, 248.598
66.3089, 156.146
30.4776, 87.3483
198.743, 199.344
Evaluation Time: 1.55871 seconds
Resulting Fitness: 0.491667
-------------
Particle: 14:
Relays Coordinates:
165.269, 252.491
95.6789, 197.824
32.7422, 96.8617
232.265, 277.946
Evaluation Time: 1.6251 seconds
Resulting Fitness: 0.525
-------------
Particle: 15:
Relays Coordinates:
175.503, 269.801
85.9848, 196.481
30.5074, 97.1202
256.295, 201.944
Evaluation Time: 1.66851 seconds
Resulting Fitness: 0.519444
-------------
Particle: 16:
Relays Coordinates:
147.802, 215.234
46.7302, 167.331
23.4696, 73.6575
185.735, 215.234
Evaluation Time: 1.52605 seconds
Resulting Fitness: 0.444444
-------------
Particle: 17:
Relays Coordinates:
183.263, 205.351
82.3193, 160.43
34.7004, 78.821
213.645, 178.929
Evaluation Time: 1.44717 seconds
Resulting Fitness: 0.413889
-------------
Particle: 18:
Relays Coordinates:
125.742, 114.166
74.3567, 133.105
26.4641, 88.9669
171.39, 215.234
Evaluation Time: 1.49622 seconds
Resulting Fitness: 0.419444
-------------
Particle: 19:
Relays Coordinates:
144.139, 222.284
67.4722, 142.394
28.619, 78.3844
199.633, 239.148
Evaluation Time: 1.53911 seconds
Resulting Fitness: 0.466667
-------------
Particle: 20:
Relays Coordinates:
123.264, 210.381
79.506, 152.015
18.9303, 58.8633
165.605, 265.721
Evaluation Time: 1.63633 seconds
Resulting Fitness: 0.497222
Current global best fitness: 0.605556
Current global best relays: 176.06, 275.096
91.5546, 193.27
29.819, 100.152
240.842, 364.5
Particle 1 new velocities: 149.718, 250.829
71.9417, 137.763
14.4491, 74.8484
199.1, 301.011
Particle 2 new velocities: 92.2358, 152.576
48.1954, 107.095
14.496, 57.0116
130.657, 204.259
Particle 3 new velocities: 52.3815, 81.3371
27.3792, 58.199
11.0135, 29.7784
81.1949, 181.599
Particle 4 new velocities: 275.447, 329.315
106.602, 331.588
349.514, 191.604
195.424, 286.938
Particle 5 new velocities: 81.0742, 109.412
40.0601, 84.4441
8.76628, 41.7598
78.7454, 150.535
Particle 6 new velocities: 169.226, 247.628
77.313, 185.398
26.1658, 91.8005
289.774, 405.426
Particle 7 new velocities: 110.034, 184.324
46.7939, 110.85
14.3102, 60.6798
72.4441, 332.922
Particle 8 new velocities: 102.857, 211.734
51.6566, 142.953
19.0443, 58.6869
155.01, 295.316
Particle 9 new velocities: 187.477, 158.254
58.8732, 116.308
26.9375, 69.3361
185.003, 24.2004
Particle 10 new velocities: 55.5946, 114.122
16.6028, 72.0443
1.65979, 38.0291
71.3654, 107.84
Particle 11 new velocities: 121.536, 160.499
57.3358, 115.842
16.4973, 54.5553
144.792, 297.354
Particle 12 new velocities: 93.6167, 125.218
52.3204, 94.8485
19.6842, 52.3547
125.642, 85.4178
Particle 13 new velocities: 124.73, 245.892
110.449, 115.764
11.5061, 40.3682
110.68, 141.016
Particle 14 new velocities: 83.5458, 122.038
47.7351, 91.1851
9.4166, 41.2726
78.3106, 214.345
Particle 15 new velocities: 52.9254, 137.345
42.6165, 65.8888
12.4029, 43.4923
86.0838, 159.477
Particle 16 new velocities: 188.677, 153.598
164.223, 209.113
23.8428, 95.2015
207.356, 213.661
Particle 17 new velocities: 182.936, 317.69
75.269, 164.065
45.4444, 65.9286
251.634, 174.568
Particle 18 new velocities: 157.104, 179.102
66.8934, 170.192
35.1619, 102.098
321.616, 54.5299
Particle 19 new velocities: 129.984, 245.742
62.5556, 143.185
22.5627, 65.5842
191.484, 47.6775
Particle 20 new velocities: 117.472, 118.699
46.2194, 108.945
19.6796, 40.2939
232.259, 33.2784
-- ITERATION 18 --
-------------
Particle: 1:
Relays Coordinates:
144.161, 235.998
81.589, 143.415
17.7768, 76.4655
200.194, 239.148
Evaluation Time: 1.5863 seconds
Resulting Fitness: 0.505556
-------------
Particle: 2:
Relays Coordinates:
179.6, 278.849
96.7195, 202.976
32.0654, 104.72
248.287, 268.453
Evaluation Time: 1.68479 seconds
Resulting Fitness: 0.552778
-------------
Particle: 3:
Relays Coordinates:
166.405, 256.096
86.1092, 181.626
27.7153, 94.7492
226.737, 326.096
Evaluation Time: 1.66437 seconds
Resulting Fitness: 0.555556
-------------
Particle: 4:
Relays Coordinates:
96.0151, 114.46
48.3193, 102.185
106.766, 77.6165
87.7944, 102.686
Evaluation Time: 1.06614 seconds
Resulting Fitness: 0.216667
-------------
Particle: 5:
Relays Coordinates:
193.567, 270.541
99.033, 197.844
30.3077, 101.555
239.591, 357.942
Evaluation Time: 1.85667 seconds
Resulting Fitness: 0.583333
New local best!
-------------
Particle: 6:
Relays Coordinates:
166, 253.133
78.0319, 176.922
25.7109, 88.2027
257.712, 265.721
Evaluation Time: 1.65001 seconds
Resulting Fitness: 0.536111
-------------
Particle: 7:
Relays Coordinates:
196.247, 258.015
101.742, 201.873
27.61, 112.909
215.949, 328.05
Evaluation Time: 1.6739 seconds
Resulting Fitness: 0.513889
New local best!
-------------
Particle: 8:
Relays Coordinates:
127.423, 187.953
75.338, 177.403
26.1531, 80.5951
209.286, 265.69
Evaluation Time: 1.54189 seconds
Resulting Fitness: 0.477778
-------------
Particle: 9:
Relays Coordinates:
167.893, 235.322
80.9378, 162.195
32.3101, 88.0077
225.804, 169.766
Evaluation Time: 1.57265 seconds
Resulting Fitness: 0.45
-------------
Particle: 10:
Relays Coordinates:
161.905, 276.357
80.1038, 190.142
17.3563, 100.87
224.989, 302.38
Evaluation Time: 1.59926 seconds
Resulting Fitness: 0.516667
-------------
Particle: 11:
Relays Coordinates:
160.734, 241.995
83.1735, 162.074
27.6645, 87.0451
216.842, 281.102
Evaluation Time: 1.57973 seconds
Resulting Fitness: 0.5
-------------
Particle: 12:
Relays Coordinates:
165.147, 234.585
102.473, 181.816
32.8045, 98.0473
228.211, 231.6
Evaluation Time: 1.55216 seconds
Resulting Fitness: 0.488889
-------------
Particle: 13:
Relays Coordinates:
157.016, 291.992
104.374, 160.56
24.791, 75.4153
182.711, 200.979
Evaluation Time: 1.92392 seconds
Resulting Fitness: 0.522222
New local best!
-------------
Particle: 14:
Relays Coordinates:
163.247, 245.729
94.0939, 189.619
27.6604, 90.6299
203.768, 322.992
Evaluation Time: 1.79658 seconds
Resulting Fitness: 0.536111
-------------
Particle: 15:
Relays Coordinates:
149.872, 267.129
84.3754, 172.141
28.1534, 92.2558
224.635, 237.128
Evaluation Time: 1.64703 seconds
Resulting Fitness: 0.530556
-------------
Particle: 16:
Relays Coordinates:
144.843, 158.77
90.8083, 162.047
20.3664, 72.6882
169.213, 184.625
Evaluation Time: 1.40358 seconds
Resulting Fitness: 0.4
-------------
Particle: 17:
Relays Coordinates:
157.637, 215.234
67.8366, 139.684
34.4997, 62.31
200.287, 152.169
Evaluation Time: 1.52568 seconds
Resulting Fitness: 0.422222
-------------
Particle: 18:
Relays Coordinates:
150.316, 155.854
75.0661, 161.184
32.7505, 101.54
262.003, 143.363
Evaluation Time: 1.4826 seconds
Resulting Fitness: 0.402778
-------------
Particle: 19:
Relays Coordinates:
131.112, 223.855
62.1919, 136.592
24.48, 68.8598
187.07, 137.188
Evaluation Time: 1.58928 seconds
Resulting Fitness: 0.475
-------------
Particle: 20:
Relays Coordinates:
142.153, 194.318
74.2396, 154.094
22.7987, 58.5513
234.934, 176.556
Evaluation Time: 1.44373 seconds
Resulting Fitness: 0.4
Current global best fitness: 0.605556
Current global best relays: 176.06, 275.096
91.5546, 193.27
29.819, 100.152
240.842, 364.5
Particle 1 new velocities: 173.601, 287.802
89.5232, 205.663
24.49, 71.9513
199.147, 32.4071
Particle 2 new velocities: 73.0066, 113.6
35.858, 65.2172
12.2833, 40.5977
97.5625, 316.313
Particle 3 new velocities: 63.5879, 83.4566
31.6722, 73.4172
13.9507, 32.1617
79.263, 216.961
Particle 4 new velocities: 369.992, 464.894
112.518, 384.458
442.757, 245.164
320.626, 361.103
Particle 5 new velocities: 64.2974, 88.4632
24.859, 62.1991
6.47597, 31.8028
64.0085, 120.762
Particle 6 new velocities: 129.553, 226.043
71.9907, 173.318
27.0549, 87.2177
211.801, 81.7793
Particle 7 new velocities: 63.2421, 148.961
30.4623, 78.2539
13.2394, 32.1492
89.3067, 2.33259
Particle 8 new velocities: 98.1363, 383.796
52.7032, 134.905
21.4378, 71.6672
181.995, 243.611
Particle 9 new velocities: 159.565, 195.339
77.2876, 109.957
23.5244, 83.7174
169.998, 365.156
Particle 10 new velocities: 55.8847, 92.5787
32.222, 73.6472
21.5393, 29.8224
78.4799, 129.983
Particle 11 new velocities: 82.5143, 143.483
46.0986, 84.2326
14.719, 60.3041
143.684, 250.387
Particle 12 new velocities: 85.2825, 111.062
44.116, 77.9173
13.9293, 44.7448
110.25, 75.0555
Particle 13 new velocities: 116.226, 176.865
74.2226, 127.291
10.1745, 42.3217
136.074, 149.543
Particle 14 new velocities: 84.3698, 145.625
45.0269, 72.3246
11.9868, 45.3964
104.848, 209.252
Particle 15 new velocities: 43.347, 77.9305
38.6086, 74.967
11.9721, 22.7217
77.4053, 211.904
Particle 16 new velocities: 215.958, 297.751
131.042, 205.279
45.1021, 111.066
172.941, 487.264
Particle 17 new velocities: 203.421, 38.7268
89.5589, 205.388
52.7416, 74.239
301.214, 508.147
Particle 18 new velocities: 100.198, 319.868
75.0237, 123.223
34.5352, 81.7241
239.62, 241.957
Particle 19 new velocities: 171.85, 319.009
58.3343, 171.184
26.6653, 100.274
249.17, 389.084
Particle 20 new velocities: 125.684, 128.185
61.5862, 116.127
16.1543, 85.1549
162.487, 55.5335
-- ITERATION 19 --
-------------
Particle: 1:
Relays Coordinates:
151.985, 239.148
81.8424, 166.963
20.2161, 70.9873
191.003, 129.884
Evaluation Time: 1.49233 seconds
Resulting Fitness: 0.469444
-------------
Particle: 2:
Relays Coordinates:
165.735, 257.486
86.9841, 175.962
29.0972, 95.3428
226.912, 328.05
Evaluation Time: 1.73044 seconds
Resulting Fitness: 0.55
-------------
Particle: 3:
Relays Coordinates:
150.898, 222.781
77.2764, 167.334
27.3371, 83.2662
200.767, 328.05
Evaluation Time: 1.72119 seconds
Resulting Fitness: 0.497222
-------------
Particle: 4:
Relays Coordinates:
106.607, 114.384
36.7944, 111.328
114.384, 73.8419
93.4334, 106.1
Evaluation Time: 1.11194 seconds
Resulting Fitness: 0.230556
-------------
Particle: 5:
Relays Coordinates:
169.185, 235.543
81.2855, 170.614
24.1338, 87.4961
199.191, 314.078
Evaluation Time: 1.63254 seconds
Resulting Fitness: 0.508333
-------------
Particle: 6:
Relays Coordinates:
157.069, 254.654
79.7281, 186.132
28.0419, 93.2256
249.519, 184.676
Evaluation Time: 1.7016 seconds
Resulting Fitness: 0.522222
-------------
Particle: 7:
Relays Coordinates:
170.251, 267.017
86.7391, 183.791
26.8013, 95.1724
200.278, 216.764
Evaluation Time: 1.57357 seconds
Resulting Fitness: 0.513889
-------------
Particle: 8:
Relays Coordinates:
119.871, 265.721
68.0463, 165.973
25.2917, 80.9184
207.943, 265.721
Evaluation Time: 1.57162 seconds
Resulting Fitness: 0.491667
-------------
Particle: 9:
Relays Coordinates:
156.622, 205.984
75.6788, 130.169
26.7055, 82.1356
189.311, 239.148
Evaluation Time: 1.55809 seconds
Resulting Fitness: 0.466667
-------------
Particle: 10:
Relays Coordinates:
158.769, 268.954
81.8856, 192.302
28.3549, 95.2744
221.228, 315.193
Evaluation Time: 1.63983 seconds
Resulting Fitness: 0.55
-------------
Particle: 11:
Relays Coordinates:
159.596, 252.913
84.8154, 161.602
27.8078, 96.6758
236.541, 328.05
Evaluation Time: 1.77051 seconds
Resulting Fitness: 0.55
New local best!
-------------
Particle: 12:
Relays Coordinates:
182.563, 251.977
106.863, 189.345
34.069, 104.095
246.738, 223.552
Evaluation Time: 1.53415 seconds
Resulting Fitness: 0.508333
-------------
Particle: 13:
Relays Coordinates:
145.212, 249.17
94.9136, 152.976
18.5821, 62.5703
169.415, 186.282
Evaluation Time: 1.59576 seconds
Resulting Fitness: 0.475
-------------
Particle: 14:
Relays Coordinates:
162.461, 256.767
91.2771, 171.861
26.0125, 89.2468
202.483, 328.05
Evaluation Time: 1.63302 seconds
Resulting Fitness: 0.530556
-------------
Particle: 15:
Relays Coordinates:
140.857, 251.548
89.6553, 180.142
29.2515, 83.8186
220.187, 327.344
Evaluation Time: 1.70598 seconds
Resulting Fitness: 0.555556
New local best!
-------------
Particle: 16:
Relays Coordinates:
172.57, 218.353
106.11, 175.691
31.3134, 87.8892
163.651, 239.148
Evaluation Time: 1.46983 seconds
Resulting Fitness: 0.472222
-------------
Particle: 17:
Relays Coordinates:
139.881, 98.3894
60.9782, 133.688
33.7991, 52.9019
193.71, 193.71
Evaluation Time: 1.46924 seconds
Resulting Fitness: 0.402778
-------------
Particle: 18:
Relays Coordinates:
107.838, 204.783
64.6087, 122.428
28.9643, 78.8892
215.234, 165.868
Evaluation Time: 1.50573 seconds
Resulting Fitness: 0.422222
-------------
Particle: 19:
Relays Coordinates:
130.415, 215.234
51.8826, 132.487
22.0164, 72.8065
187.787, 215.234
Evaluation Time: 1.53337 seconds
Resulting Fitness: 0.45
-------------
Particle: 20:
Relays Coordinates:
195.253, 235.105
99.0171, 196.991
28.3968, 104.762
289.72, 169.193
Evaluation Time: 1.61028 seconds
Resulting Fitness: 0.488889
Current global best fitness: 0.605556
Current global best relays: 176.06, 275.096
91.5546, 193.27
29.819, 100.152
240.842, 364.5
Particle 1 new velocities: 140.933, 43.9715
91.5716, 194.554
24.0016, 97.3689
217.008, 408.152
Particle 2 new velocities: 76.8905, 99.113
37.0898, 63.9267
14.5447, 46.2323
90.9809, -39.136
Particle 3 new velocities: 69.1098, 130.303
40.2389, 105.865
15.8002, 56.7002
125.928, 42.3537
Particle 4 new velocities: 351.873, 205.578
155.985, 375.057
27.261, 364.278
260.907, 259.923
Particle 5 new velocities: 58.6495, 126.987
24.6319, 101.967
15.5712, 43.6613
150.787, 162.524
Particle 6 new velocities: 108.12, 216.583
68.7943, 153.266
21.5118, 70.779
151.874, 322.368
Particle 7 new velocities: 58.4128, 119.434
33.8805, 93.6484
14.0194, 30.7979
117.203, 156.237
Particle 8 new velocities: 139.464, 5.35751
74.2465, 146.876
27.7869, 91.8291
210.018, 109.357
Particle 9 new velocities: 155.789, 170.356
86.5939, 202.308
30.6668, 84.0444
280.94, 120.814
Particle 10 new velocities: 55.5926, 96.4916
30.9241, 62.52
20.6988, 27.9999
101.824, 102.799
Particle 11 new velocities: 79.2334, 124.382
43.361, 93.4351
13.4028, 51.7522
116.951, 33.0582
Particle 12 new velocities: 33.9544, 99.4929
18.5319, 55.9631
8.01595, 28.0208
84.3116, 169.226
Particle 13 new velocities: 112.985, 175.189
70.1727, 140.38
23.3936, 66.6107
178.325, 265.767
Particle 14 new velocities: 75.5236, 142.816
50.4851, 62.4535
13.579, 41.6698
111.843, 60.0731
Particle 15 new velocities: 57.0577, 79.5581
32.0483, 66.9625
10.1414, 31.9135
66.7481, 169.72
Particle 16 new velocities: 172.169, 243.99
55.6086, 182.81
35.3946, 96.7561
248.906, 163.641
Particle 17 new velocities: 188.856, 334.897
90.0946, 181.616
76.0054, 69.6412
83.2502, 85.4565
Particle 18 new velocities: 103.923, 268.876
92.4528, 163.374
30.3252, 88.8214
13.558, 471.05
Particle 19 new velocities: 179.396, 149.517
98.5649, 209.622
44.1674, 130.301
267.27, 200.434
Particle 20 new velocities: 50.4364, 150.771
38.3329, 42.9817
10.0619, 21.6489
67.6421, 121.286
-- ITERATION 20 --
-------------
Particle: 1:
Relays Coordinates:
140.101, 135.415
82.9434, 172.912
21.1492, 80.5242
195.151, 239.148
Evaluation Time: 1.55071 seconds
Resulting Fitness: 0.438889
-------------
Particle: 2:
Relays Coordinates:
159.187, 233.964
81.4049, 157.391
28.6334, 92.8874
208.569, 189.557
Evaluation Time: 1.52989 seconds
Resulting Fitness: 0.475
-------------
Particle: 3:
Relays Coordinates:
160.386, 257.398
85.6686, 199.162
31.4471, 102.036
238.16, 270.024
Evaluation Time: 1.62883 seconds
Resulting Fitness: 0.538889
-------------
Particle: 4:
Relays Coordinates:
116.54, 81.3299
49.002, 123.633
36.0043, 111.364
90.0685, 93.0381
Evaluation Time: 1.11988 seconds
Resulting Fitness: 0.244444
-------------
Particle: 5:
Relays Coordinates:
149.482, 237.856
69.4924, 178.84
26.0504, 86.0524
229.621, 312.699
Evaluation Time: 1.7143 seconds
Resulting Fitness: 0.555556
-------------
Particle: 6:
Relays Coordinates:
156.591, 278.261
87.701, 200.411
29.261, 96.8431
237.018, 295.245
Evaluation Time: 1.73474 seconds
Resulting Fitness: 0.544444
-------------
Particle: 7:
Relays Coordinates:
150.026, 253.551
79.1385, 182.028
26.7825, 82.6491
208.299, 244.726
Evaluation Time: 1.59272 seconds
Resulting Fitness: 0.491667
-------------
Particle: 8:
Relays Coordinates:
153.135, 160.069
84.0225, 184.734
31.3424, 102.006
246.802, 221.48
Evaluation Time: 1.56903 seconds
Resulting Fitness: 0.472222
-------------
Particle: 9:
Relays Coordinates:
184.476, 222.225
95.8204, 196.324
33.8777, 98.1276
277.678, 212.554
Evaluation Time: 1.61501 seconds
Resulting Fitness: 0.480556
-------------
Particle: 10:
Relays Coordinates:
156.27, 266.41
82.2383, 185.765
35.7602, 89.867
235.505, 304.716
Evaluation Time: 1.74123 seconds
Resulting Fitness: 0.563889
-------------
Particle: 11:
Relays Coordinates:
156.696, 247.543
84.0966, 167.33
27.0383, 97.3836
231.926, 236.923
Evaluation Time: 1.6305 seconds
Resulting Fitness: 0.502778
-------------
Particle: 12:
Relays Coordinates:
175.379, 284.691
101.57, 198.7
34.0888, 107.014
268.15, 318.15
Evaluation Time: 1.80115 seconds
Resulting Fitness: 0.580556
New local best!
-------------
Particle: 13:
Relays Coordinates:
137.217, 225.522
87.7336, 155.901
22.3076, 68.6521
184.804, 240.237
Evaluation Time: 1.64872 seconds
Resulting Fitness: 0.511111
-------------
Particle: 14:
Relays Coordinates:
140.528, 235.95
83.7092, 138.36
23.3784, 77.305
185.607, 229.183
Evaluation Time: 1.7102 seconds
Resulting Fitness: 0.511111
-------------
Particle: 15:
Relays Coordinates:
116.866, 195.515
71.8648, 145.913
23.2611, 68.3387
169.433, 293.511
Evaluation Time: 1.59616 seconds
Resulting Fitness: 0.461111
-------------
Particle: 16:
Relays Coordinates:
183.208, 245.708
85.9441, 190.522
35.4514, 98.1281
219.25, 214.059
Evaluation Time: 1.47124 seconds
Resulting Fitness: 0.477778
-------------
Particle: 17:
Relays Coordinates:
194.116, 255.852
89.207, 186.184
64.8384, 72.3605
163.542, 164.845
Evaluation Time: 1.59096 seconds
Resulting Fitness: 0.477778
-------------
Particle: 18:
Relays Coordinates:
125.043, 279.691
92.7432, 168.763
35.0098, 99.0314
135.099, 295.245
Evaluation Time: 1.48254 seconds
Resulting Fitness: 0.466667
-------------
Particle: 19:
Relays Coordinates:
164.646, 193.843
79.9539, 181.811
35.1728, 107.94
241.836, 220.903
Evaluation Time: 1.54905 seconds
Resulting Fitness: 0.472222
-------------
Particle: 20:
Relays Coordinates:
161.197, 253.173
90.1153, 157.446
25.2327, 82.938
234.465, 190.583
Evaluation Time: 1.59993 seconds
Resulting Fitness: 0.483333
Final Evaluation Time: 644.715 seconds
Final global best fitness: 0.605556
Final global best relays:
176.06, 275.096
91.5546, 193.27
29.819, 100.152
240.842, 364.5
