PSO EXECUTION
============================
Seed: 60466
Particles: 20
Relays: 3
Iterations: 20
Backend: Simulation
Network Configuration: 1
Area: 500 x 500
Sink: 0, 0
Simulated Relay range: 155
w: 0.8
c1: 1.7
c2: 1.3

Relay Nodes Positions: 
PARTICLE 1: 
69.5646, 144.139
41.6944, 277.504
77.2854, 115.923
PARTICLE 2: 
83.2881, 61.3054
167.203, 56.2918
165.373, 99.3935
PARTICLE 3: 
97.0406, 157.189
142.36, 257.444
4.02429, 136.472
PARTICLE 4: 
47.9149, 254.572
75.9581, 218.2
72.5277, 79.5013
PARTICLE 5: 
83.2308, 107.555
214.571, 134.215
284.142, 224.812
PARTICLE 6: 
40.2525, 276.673
13.8837, 133.892
13.3831, 337.683
PARTICLE 7: 
42.9491, 109.68
22.2238, 231.051
64.4998, 366.448
PARTICLE 8: 
116.408, 45.9743
186.575, 47.5516
238.522, 22.2377
PARTICLE 9: 
92.6125, 152.971
13.9028, 44.508
216.583, 173.533
PARTICLE 10: 
116.653, 32.7485
39.5207, 154.723
33.5214, 11.4348
PARTICLE 11: 
125.66, 162.688
32.6363, 69.6522
194.678, 42.9804
PARTICLE 12: 
181.831, 91.8785
175.395, 23.8596
85.4404, 8.73189
PARTICLE 13: 
57.1972, 217.388
38.3494, 119.205
57.4379, 368.039
PARTICLE 14: 
109.768, 39.4352
195.795, 101.531
16.3956, 56.3799
PARTICLE 15: 
145.338, 1.18204
100.609, 116.655
154.818, 73.2109
PARTICLE 16: 
29.7965, 144.812
231.11, 149.853
129.682, 236.109
PARTICLE 17: 
44.9795, 402.527
68.9236, 136.618
70.4006, 252.972
PARTICLE 18: 
167.07, 9.81982
47.3268, 145.266
139.254, 113.96
PARTICLE 19: 
134.133, 31.3555
39.7784, 75.6452
220.929, 53.4338
PARTICLE 20: 
116.168, 253.236
150.569, 166.876
95.9821, 31.6506
Nodes Positions: 
374.958, 121.316
169.861, 151.834
447.01, 106.719
410.154, 459.155
432.013, 409.717
107.249, 337.841
69.2731, 176.343
204.331, 497.887
308.519, 381.771
185.208, 169.918
275.29, 236.212
417.541, 397.022
146.337, 215.42
211.455, 330.931
237.372, 206.021
119.39, 23.6194
25.5562, 310.195
354.081, 293.04
319.272, 441.705
88.0478, 342.697
2.75475, 196.712
334.14, 467.279
393.981, 84.2529
484.251, 25.441
346.13, 15.2546
306.142, 423.634
297.715, 220.242
23.3371, 247.774
287.141, 141.059
46.5149, 76.5776
366.436, 255.198
463.609, 324.979
331.547, 36.8282
260.56, 230.979
403.374, 74.9644
77.3548, 190.588
226.764, 490.919
469.801, 389.725
95.4315, 362.13
477.01, 94.3954
62.2139, 480.314
438.716, 7.72028
223.575, 278.582
384.204, 438.808
163.54, 48.8027
383.03, 456.228
497.484, 163.339
455.645, 131.766
181.458, 307.221
57.9362, 259.301
254.357, 354.649
39.642, 270.42
10.5347, 145.122
112.586, 51.08
268.896, 429.989
129.832, 403.164
196.766, 64.0186
150.834, 374.383
249.714, 288.938
135.861, 109.952
All particles start with velocity zero
-- ITERATION 0 --
-------------
Particle: 1:
Relays Coordinates:
69.5646, 144.139
41.6944, 277.504
77.2854, 115.923
Evaluation Time: 1.30008 seconds
Resulting Fitness: 0.383333
New local best!
New global best!
-------------
Particle: 2:
Relays Coordinates:
83.2881, 61.3054
167.203, 56.2918
165.373, 99.3935
Evaluation Time: 1.15258 seconds
Resulting Fitness: 0.263889
New local best!
-------------
Particle: 3:
Relays Coordinates:
97.0406, 157.189
142.36, 257.444
4.02429, 136.472
Evaluation Time: 1.52105 seconds
Resulting Fitness: 0.491667
New local best!
New global best!
-------------
Particle: 4:
Relays Coordinates:
47.9149, 254.572
75.9581, 218.2
72.5277, 79.5013
Evaluation Time: 1.30148 seconds
Resulting Fitness: 0.380556
New local best!
-------------
Particle: 5:
Relays Coordinates:
83.2308, 107.555
214.571, 134.215
284.142, 224.812
Evaluation Time: 1.47354 seconds
Resulting Fitness: 0.491667
New local best!
-------------
Particle: 6:
Relays Coordinates:
40.2525, 276.673
13.8837, 133.892
13.3831, 337.683
Evaluation Time: 1.26021 seconds
Resulting Fitness: 0.35
New local best!
-------------
Particle: 7:
Relays Coordinates:
42.9491, 109.68
22.2238, 231.051
64.4998, 366.448
Evaluation Time: 1.32854 seconds
Resulting Fitness: 0.411111
New local best!
-------------
Particle: 8:
Relays Coordinates:
116.408, 45.9743
186.575, 47.5516
238.522, 22.2377
Evaluation Time: 1.1634 seconds
Resulting Fitness: 0.247222
New local best!
-------------
Particle: 9:
Relays Coordinates:
92.6125, 152.971
13.9028, 44.508
216.583, 173.533
Evaluation Time: 1.45367 seconds
Resulting Fitness: 0.402778
New local best!
-------------
Particle: 10:
Relays Coordinates:
116.653, 32.7485
39.5207, 154.723
33.5214, 11.4348
Evaluation Time: 1.12657 seconds
Resulting Fitness: 0.283333
New local best!
-------------
Particle: 11:
Relays Coordinates:
125.66, 162.688
32.6363, 69.6522
194.678, 42.9804
Evaluation Time: 1.35332 seconds
Resulting Fitness: 0.380556
New local best!
-------------
Particle: 12:
Relays Coordinates:
181.831, 91.8785
175.395, 23.8596
85.4404, 8.73189
Evaluation Time: 1.16306 seconds
Resulting Fitness: 0.263889
New local best!
-------------
Particle: 13:
Relays Coordinates:
57.1972, 217.388
38.3494, 119.205
57.4379, 368.039
Evaluation Time: 1.37757 seconds
Resulting Fitness: 0.394444
New local best!
-------------
Particle: 14:
Relays Coordinates:
109.768, 39.4352
195.795, 101.531
16.3956, 56.3799
Evaluation Time: 1.16801 seconds
Resulting Fitness: 0.305556
New local best!
-------------
Particle: 15:
Relays Coordinates:
145.338, 1.18204
100.609, 116.655
154.818, 73.2109
Evaluation Time: 1.16154 seconds
Resulting Fitness: 0.275
New local best!
-------------
Particle: 16:
Relays Coordinates:
29.7965, 144.812
231.11, 149.853
129.682, 236.109
Evaluation Time: 1.62692 seconds
Resulting Fitness: 0.502778
New local best!
New global best!
-------------
Particle: 17:
Relays Coordinates:
44.9795, 402.527
68.9236, 136.618
70.4006, 252.972
Evaluation Time: 1.38255 seconds
Resulting Fitness: 0.411111
New local best!
-------------
Particle: 18:
Relays Coordinates:
167.07, 9.81982
47.3268, 145.266
139.254, 113.96
Evaluation Time: 1.23319 seconds
Resulting Fitness: 0.302778
New local best!
-------------
Particle: 19:
Relays Coordinates:
134.133, 31.3555
39.7784, 75.6452
220.929, 53.4338
Evaluation Time: 1.23006 seconds
Resulting Fitness: 0.261111
New local best!
-------------
Particle: 20:
Relays Coordinates:
116.168, 253.236
150.569, 166.876
95.9821, 31.6506
Evaluation Time: 1.49694 seconds
Resulting Fitness: 0.508333
New local best!
New global best!
Current global best fitness: 0.508333
Current global best relays: 116.168, 253.236
150.569, 166.876
95.9821, 31.6506
Particle 1 new velocities: 12.657, 133.808
94.9393, -33.9622
1.34049, -60.8902
Particle 2 new velocities: 8.70565, 116.504
-3.15327, 104.419
-19.6081, -4.45568
Particle 3 new velocities: 7.77187, 13.9187
10.0455, -5.3248
19.052, -32.2827
Particle 4 new velocities: 0.99116, -1.12186
25.5574, -60.7369
15.7422, -56.276
Particle 5 new velocities: 39.8469, 54.7338
-41.1021, 17.1062
-161.317, -170.628
Particle 6 new velocities: 8.00607, -9.59035
156.109, 4.0107
39.4335, -388.884
Particle 7 new velocities: 27.8799, 43.4653
86.1243, -26.5913
12.6459, -220.647
Particle 8 new velocities: -0.202864, 141.675
-22.3206, 99.6347
-177.827, 0.734377
Particle 9 new velocities: 10.6222, 107.453
37.6167, 47.8947
-65.9794, -16.6274
Particle 10 new velocities: -0.448828, 110.5
116.225, 2.76161
12.2011, 12.9768
Particle 11 new velocities: -8.62401, 13.9585
58.275, 95.7193
-47.6424, -11.889
Particle 12 new velocities: -20.9076, 23.2704
-3.79235, 57.3341
5.84796, 1.0886
Particle 13 new velocities: 43.1806, 0.996551
46.6688, 46.6307
21.9411, -137.408
Particle 14 new velocities: 6.15036, 250.799
-21.8718, 11.7781
1.17671, -10.8263
Particle 15 new velocities: -12.7823, 89.9729
41.2524, 50.3203
-40.1247, -45.7331
Particle 16 new velocities: 100.769, 104.469
-15.8002, 3.577
-31.0705, -250.195
Particle 17 new velocities: 7.73224, -43.2178
10.2285, 3.90619
25.9251, -162.888
Particle 18 new velocities: -4.35845, 186.991
0.927468, 4.85234
-6.48408, -33.633
Particle 19 new velocities: -9.38738, 31.6537
2.1521, 42.6493
-134.677, -22.4863
Particle 20 new velocities: 0, 0
0, 0
0, 0
-- ITERATION 1 --
-------------
Particle: 1:
Relays Coordinates:
59.9395, 202.624
99.606, 177.542
57.3183, 40.1191
Evaluation Time: 1.337 seconds
Resulting Fitness: 0.375
-------------
Particle: 2:
Relays Coordinates:
74.5149, 144.025
132.88, 130.175
118.07, 76.8996
Evaluation Time: 1.2411 seconds
Resulting Fitness: 0.308333
New local best!
-------------
Particle: 3:
Relays Coordinates:
104.812, 171.108
152.405, 252.119
23.0763, 104.19
Evaluation Time: 1.50518 seconds
Resulting Fitness: 0.5
New local best!
-------------
Particle: 4:
Relays Coordinates:
48.906, 253.451
101.515, 157.463
88.27, 23.2252
Evaluation Time: 1.37376 seconds
Resulting Fitness: 0.383333
New local best!
-------------
Particle: 5:
Relays Coordinates:
123.078, 162.289
173.469, 151.321
122.824, 54.1843
Evaluation Time: 1.31432 seconds
Resulting Fitness: 0.388889
-------------
Particle: 6:
Relays Coordinates:
39.0895, 216.337
137.694, 111.701
42.7814, 0
Evaluation Time: 1.3529 seconds
Resulting Fitness: 0.366667
New local best!
-------------
Particle: 7:
Relays Coordinates:
63.7461, 137.831
97.5133, 184.014
69.4311, 131.221
Evaluation Time: 1.21138 seconds
Resulting Fitness: 0.352778
-------------
Particle: 8:
Relays Coordinates:
104.585, 168.884
147.829, 132.468
54.6256, 20.6749
Evaluation Time: 1.32429 seconds
Resulting Fitness: 0.355556
New local best!
-------------
Particle: 9:
Relays Coordinates:
103.235, 260.424
51.5196, 92.4026
150.604, 156.906
Evaluation Time: 1.61482 seconds
Resulting Fitness: 0.5
New local best!
-------------
Particle: 10:
Relays Coordinates:
116.204, 143.248
155.746, 157.485
45.7224, 24.4116
Evaluation Time: 1.41582 seconds
Resulting Fitness: 0.394444
New local best!
-------------
Particle: 11:
Relays Coordinates:
117.036, 176.646
90.9112, 165.372
147.035, 31.0914
Evaluation Time: 1.32079 seconds
Resulting Fitness: 0.344444
-------------
Particle: 12:
Relays Coordinates:
160.923, 115.149
171.603, 81.1936
91.2884, 9.82049
Evaluation Time: 1.21963 seconds
Resulting Fitness: 0.261111
-------------
Particle: 13:
Relays Coordinates:
81.306, 176.891
68.8648, 134.327
64.297, 186.811
Evaluation Time: 1.25406 seconds
Resulting Fitness: 0.319444
-------------
Particle: 14:
Relays Coordinates:
93.8939, 235.09
140.878, 91.7805
14.2336, 36.8984
Evaluation Time: 1.54667 seconds
Resulting Fitness: 0.438889
New local best!
-------------
Particle: 15:
Relays Coordinates:
132.555, 91.1549
141.862, 166.975
114.694, 27.4778
Evaluation Time: 1.38614 seconds
Resulting Fitness: 0.369444
New local best!
-------------
Particle: 16:
Relays Coordinates:
95.1821, 181.726
156.961, 111.851
71.8881, 0
Evaluation Time: 1.40946 seconds
Resulting Fitness: 0.380556
-------------
Particle: 17:
Relays Coordinates:
34.5842, 235.743
51.9317, 92.198
63.1993, 59.1041
Evaluation Time: 1.18094 seconds
Resulting Fitness: 0.347222
-------------
Particle: 18:
Relays Coordinates:
146.44, 177.13
43.4288, 135.107
119.493, 72.2948
Evaluation Time: 1.29063 seconds
Resulting Fitness: 0.391667
New local best!
-------------
Particle: 19:
Relays Coordinates:
124.746, 63.0092
41.9305, 118.294
86.2522, 30.9475
Evaluation Time: 1.11819 seconds
Resulting Fitness: 0.266667
New local best!
-------------
Particle: 20:
Relays Coordinates:
116.168, 253.236
150.569, 166.876
95.9821, 31.6506
Evaluation Time: 1.50759 seconds
Resulting Fitness: 0.508333
Current global best fitness: 0.508333
Current global best relays: 116.168, 253.236
150.569, 166.876
95.9821, 31.6506
Particle 1 new velocities: 53.6619, 149.966
108.746, 21.8289
36.1252, 73.8224
Particle 2 new velocities: 42.2787, 182.119
18.3493, 113.313
-18.7638, -10.8337
Particle 3 new velocities: 11.493, 13.6744
7.8553, -74.7001
58.1541, -110.93
Particle 4 new velocities: 42.4242, -0.968015
37.0214, -38.1952
16.4441, -35.8356
Particle 5 new velocities: 18.3328, 146.874
-0.73681, 13.6301
104.279, 133.261
Particle 6 new velocities: 99.1468, -1.50033
132.954, 73.064
56.3055, 40.9682
Particle 7 new velocities: 49.829, 28.0487
-2.61876, 43.5705
41.8654, -28.4304
Particle 8 new velocities: 6.821, 174.403
-14.3459, 93.6879
-109.391, 10.169
Particle 9 new velocities: 9.29006, 77.4107
40.8015, 75.4439
-64.3226, -44.0224
Particle 10 new velocities: -0.369695, 130.697
92.9736, 13.4387
71.0921, 14.9781
Particle 11 new velocities: -4.64658, 32.3497
-37.1968, -40.5219
-17.2293, -3.55205
Particle 12 new velocities: -18.7303, 111.203
-11.4658, 49.4593
7.73326, 22.0349
Particle 13 new velocities: 55.9669, 84.9588
63.1052, 30.9969
49.6196, -130.896
Particle 14 new velocities: 12.8261, 210.353
-14.9243, 74.6303
23.5826, -12.2167
Particle 15 new velocities: -25.8099, 138.445
35.3621, 40.234
-56.255, -33.4654
Particle 16 new velocities: 82.9268, 65.0243
0.319634, 82.4421
78.2984, 229.598
Particle 17 new velocities: 23.6415, 0.93971
120.613, 131.612
44.199, 148.241
Particle 18 new velocities: -13.2429, 153.117
20.0216, 4.06272
-32.6783, -73.3476
Particle 19 new velocities: -9.18123, 36.1985
130.008, 55.7634
-96.2782, -17.2195
Particle 20 new velocities: 0, 0
0, 0
0, 0
-- ITERATION 2 --
-------------
Particle: 1:
Relays Coordinates:
92.0172, 285.598
168.765, 161.491
75.6892, 92.2926
Evaluation Time: 1.46973 seconds
Resulting Fitness: 0.516667
New local best!
New global best!
-------------
Particle: 2:
Relays Coordinates:
94.6028, 264.177
122.496, 197.226
80.4378, 53.5134
Evaluation Time: 1.52373 seconds
Resulting Fitness: 0.475
New local best!
-------------
Particle: 3:
Relays Coordinates:
94.2074, 149.674
129.811, 143.709
65.7966, 0
Evaluation Time: 1.32388 seconds
Resulting Fitness: 0.319444
-------------
Particle: 4:
Relays Coordinates:
91.3303, 252.483
138.537, 119.268
104.714, 0
Evaluation Time: 1.52838 seconds
Resulting Fitness: 0.458333
New local best!
-------------
Particle: 5:
Relays Coordinates:
83.5015, 182.558
101.997, 97.4022
134.102, 110.684
Evaluation Time: 1.30394 seconds
Resulting Fitness: 0.361111
-------------
Particle: 6:
Relays Coordinates:
111.971, 174.018
219.225, 149.66
80.2604, 33.1843
Evaluation Time: 1.49917 seconds
Resulting Fitness: 0.419444
New local best!
-------------
Particle: 7:
Relays Coordinates:
113.575, 165.879
94.8946, 227.585
111.297, 102.791
Evaluation Time: 1.34489 seconds
Resulting Fitness: 0.433333
New local best!
-------------
Particle: 8:
Relays Coordinates:
65.7841, 202.708
78.8202, 133.543
0, 18.213
Evaluation Time: 1.3215 seconds
Resulting Fitness: 0.338889
-------------
Particle: 9:
Relays Coordinates:
101.272, 304.051
83.089, 151.062
77.6534, 101.595
Evaluation Time: 1.45889 seconds
Resulting Fitness: 0.433333
-------------
Particle: 10:
Relays Coordinates:
93.826, 221.895
201.463, 138.448
94.6198, 31.9056
Evaluation Time: 1.48546 seconds
Resulting Fitness: 0.475
New local best!
-------------
Particle: 11:
Relays Coordinates:
112.389, 208.996
53.7144, 124.85
129.806, 27.5394
Evaluation Time: 1.42244 seconds
Resulting Fitness: 0.427778
New local best!
-------------
Particle: 12:
Relays Coordinates:
142.193, 226.352
160.137, 130.653
99.0217, 31.8554
Evaluation Time: 1.52777 seconds
Resulting Fitness: 0.494444
New local best!
-------------
Particle: 13:
Relays Coordinates:
137.273, 261.85
131.97, 165.324
113.917, 55.9158
Evaluation Time: 1.62467 seconds
Resulting Fitness: 0.511111
New local best!
-------------
Particle: 14:
Relays Coordinates:
56.7154, 236.726
66.9369, 88.4375
20.0971, 13.1169
Evaluation Time: 1.34156 seconds
Resulting Fitness: 0.361111
-------------
Particle: 15:
Relays Coordinates:
70.0356, 150.641
116.277, 135.95
38.3417, 0
Evaluation Time: 1.24195 seconds
Resulting Fitness: 0.286111
-------------
Particle: 16:
Relays Coordinates:
105.172, 145.703
92.8724, 114.728
88.6837, 135.575
Evaluation Time: 1.13863 seconds
Resulting Fitness: 0.283333
-------------
Particle: 17:
Relays Coordinates:
38.2018, 155.287
113.206, 146.842
70.464, 136.039
Evaluation Time: 1.23343 seconds
Resulting Fitness: 0.305556
-------------
Particle: 18:
Relays Coordinates:
97.1009, 240.75
46.2554, 101.454
63.2876, 0
Evaluation Time: 1.29432 seconds
Resulting Fitness: 0.438889
New local best!
-------------
Particle: 19:
Relays Coordinates:
115.565, 99.2077
171.938, 174.058
0, 13.728
Evaluation Time: 1.44911 seconds
Resulting Fitness: 0.386111
New local best!
-------------
Particle: 20:
Relays Coordinates:
116.168, 253.236
150.569, 166.876
95.9821, 31.6506
Evaluation Time: 1.47667 seconds
Resulting Fitness: 0.508333
Current global best fitness: 0.516667
Current global best relays: 92.0172, 285.598
168.765, 161.491
75.6892, 92.2926
Particle 1 new velocities: 42.9295, 119.973
86.997, 17.4631
28.9002, 59.058
Particle 2 new velocities: 31.7803, 161.441
70.6485, 57.7547
-19.4287, 17.5057
Particle 3 new velocities: 9.05432, 186.3
34.871, 14.9672
-11.497, 61.299
Particle 4 new velocities: 34.1754, 9.97335
59.0707, -30.2165
11.9232, 117.902
Particle 5 new velocities: 15.3572, 128.191
200.456, 74.7212
227.144, 246.616
Particle 6 new velocities: 63.5358, 114.034
88.6774, 65.4438
39.5577, 42.6759
Particle 7 new velocities: 16.6273, 80.2907
19.4497, 30.9092
13.8942, -35.3715
Particle 8 new velocities: 87.5027, 209.322
116.087, 104.684
33.401, 53.7341
Particle 9 new velocities: 5.18533, 10.3317
99.619, -8.19128
-38.9181, -29.7124
Particle 10 new velocities: -0.907388, 107.949
66.9437, 39.7624
32.7725, 16.8918
Particle 11 new velocities: -28.7048, 121.566
35.9619, -0.269704
-31.3668, 77.4393
Particle 12 new velocities: -46.1396, 114.063
1.96986, 79.0824
5.35906, 96.0756
Particle 13 new velocities: -7.9176, 97.4513
90.9178, 23.9105
26.0533, -75.4017
Particle 14 new velocities: 98.8655, 189.749
178.115, 149.8
47.997, 57.2404
Particle 15 new velocities: 19.5775, 120.462
35.2021, 74.4967
14.8764, 79.4992
Particle 16 new velocities: -55.4467, 219.467
66.022, 140.803
52.9146, 239.588
Particle 17 new velocities: 63.8214, 162.051
88.0195, 115.046
38.3326, 295.508
Particle 18 new velocities: -16.9509, 179.165
50.3068, 7.22759
-10.3973, 60.2225
Particle 19 new velocities: -9.5161, 116.33
101.655, 31.7244
94.4558, 21.7039
Particle 20 new velocities: -14.056, 26.6754
18.9313, -1.9998
-3.74204, 43.2841
-- ITERATION 3 --
-------------
Particle: 1:
Relays Coordinates:
79.6847, 239.486
151.025, 105.67
61.759, 89.371
Evaluation Time: 1.42685 seconds
Resulting Fitness: 0.436111
-------------
Particle: 2:
Relays Coordinates:
82.9199, 279.248
126.722, 167.293
40.0281, 46.5957
Evaluation Time: 1.45816 seconds
Resulting Fitness: 0.469444
-------------
Particle: 3:
Relays Coordinates:
83.642, 272.139
133.392, 128.528
43.9827, 49.6522
Evaluation Time: 1.55564 seconds
Resulting Fitness: 0.458333
-------------
Particle: 4:
Relays Coordinates:
112.955, 236.21
177.847, 80.146
104.973, 106.112
Evaluation Time: 1.40172 seconds
Resulting Fitness: 0.488889
New local best!
-------------
Particle: 5:
Relays Coordinates:
42.5554, 133.767
130.196, 74.0935
155.505, 153.806
Evaluation Time: 1.29772 seconds
Resulting Fitness: 0.383333
-------------
Particle: 6:
Relays Coordinates:
115.15, 188.991
202.015, 141.13
78.6127, 49.7719
Evaluation Time: 1.47509 seconds
Resulting Fitness: 0.452778
New local best!
-------------
Particle: 7:
Relays Coordinates:
105.464, 199.398
92.6188, 209.38
101.404, 54.6099
Evaluation Time: 1.33938 seconds
Resulting Fitness: 0.405556
-------------
Particle: 8:
Relays Coordinates:
100.571, 270.333
127.879, 156.3
21.9144, 47.2045
Evaluation Time: 1.54931 seconds
Resulting Fitness: 0.475
New local best!
-------------
Particle: 9:
Relays Coordinates:
86.2307, 254.65
147.993, 115.725
31.3756, 58.2251
Evaluation Time: 1.51523 seconds
Resulting Fitness: 0.444444
-------------
Particle: 10:
Relays Coordinates:
60.9639, 216.411
176.102, 116.924
83.5821, 32.016
Evaluation Time: 1.39206 seconds
Resulting Fitness: 0.405556
-------------
Particle: 11:
Relays Coordinates:
61.0059, 240.98
65.374, 90.8188
71.7621, 76.5294
Evaluation Time: 1.2936 seconds
Resulting Fitness: 0.372222
-------------
Particle: 12:
Relays Coordinates:
86.448, 306.373
145.896, 188.762
93.9426, 115.138
Evaluation Time: 1.46825 seconds
Resulting Fitness: 0.5
New local best!
-------------
Particle: 13:
Relays Coordinates:
94.3, 261.931
162.485, 137.952
102.038, 0
Evaluation Time: 1.51057 seconds
Resulting Fitness: 0.486111
-------------
Particle: 14:
Relays Coordinates:
91.869, 251.829
144.701, 140.677
40.2089, 41.5453
Evaluation Time: 1.48962 seconds
Resulting Fitness: 0.480556
New local best!
-------------
Particle: 15:
Relays Coordinates:
80.6518, 243.992
136.331, 189.402
47.8963, 71.5493
Evaluation Time: 1.44994 seconds
Resulting Fitness: 0.488889
New local best!
-------------
Particle: 16:
Relays Coordinates:
23.7832, 174.66
75.9987, 122.22
67.726, 179.44
Evaluation Time: 1.23239 seconds
Resulting Fitness: 0.308333
-------------
Particle: 17:
Relays Coordinates:
43.9176, 136.604
86.6211, 112.734
46.8334, 185.767
Evaluation Time: 1.17139 seconds
Resulting Fitness: 0.3
-------------
Particle: 18:
Relays Coordinates:
38.3355, 200.844
46.1854, 51.9823
25.2973, 28.8042
Evaluation Time: 1.20741 seconds
Resulting Fitness: 0.316667
-------------
Particle: 19:
Relays Coordinates:
85.8995, 174.586
221.611, 166.684
76.5092, 28.6998
Evaluation Time: 1.45839 seconds
Resulting Fitness: 0.422222
New local best!
-------------
Particle: 20:
Relays Coordinates:
102.112, 279.911
169.5, 164.876
92.2401, 74.9347
Evaluation Time: 1.46677 seconds
Resulting Fitness: 0.505556
Current global best fitness: 0.516667
Current global best relays: 92.0172, 285.598
168.765, 161.491
75.6892, 92.2926
Particle 1 new velocities: 51.1751, 149.874
90.2074, 72.3416
52.6692, 50.2671
Particle 2 new velocities: 41.7336, 110.732
95.5217, 86.4884
34.2657, 33.7885
Particle 3 new velocities: 43.8037, 117.72
81.7106, 243.284
-1.16467, 140.441
Particle 4 new velocities: 24.3226, 31.9255
46.9133, -17.5251
5.82264, 80.8903
Particle 5 new velocities: 20.3899, 248.035
231.141, 149.906
234.806, 175.996
Particle 6 new velocities: 34.7258, 199
34.7808, 56.1153
30.1945, 43.0174
Particle 7 new velocities: 19.738, 110.307
20.4667, 39.2751
16.9891, 78.4241
Particle 8 new velocities: 69.6881, 185.673
137.626, 88.8075
93.0875, 54.8323
Particle 9 new velocities: 15.1667, 46.0657
64.8408, 29.7581
160.673, 51.2061
Particle 10 new velocities: 52.4342, 156.297
76.0143, 60.1051
44.2701, 15.0734
Particle 11 new velocities: 27.2098, 108.303
39.76, 62.8585
50.7568, 10.1024
Particle 12 new velocities: -33.7883, 89.7023
15.7706, 61.0725
-11.6783, 69.1506
Particle 13 new velocities: 9.20668, 105.7
72.1532, 61.7875
19.979, 103.646
Particle 14 new velocities: 79.1324, 174.78
163.588, 141.942
41.3337, 68.358
Particle 15 new velocities: 26.2626, 129.92
62.5596, 42.6449
29.0456, 77.3184
Particle 16 new velocities: -36.9787, 223.465
262.195, 167.437
66.614, 158.445
Particle 17 new velocities: 70.8475, 479.63
161.6, 148.553
62.0966, 297.544
Particle 18 new velocities: 138.864, 194.971
166.62, 148.965
53.103, 115.551
Particle 19 new velocities: -7.37811, 160.648
59.6705, 19.5291
74.8811, 28.1282
Particle 20 new velocities: 6.48225, 6.35083
14.36, -1.37829
-14.7354, -10.7397
-- ITERATION 4 --
-------------
Particle: 1:
Relays Coordinates:
77.2714, 229.913
142.445, 105.114
67.5687, 82.4549
Evaluation Time: 1.39378 seconds
Resulting Fitness: 0.422222
-------------
Particle: 2:
Relays Coordinates:
81.7852, 255.866
145.814, 166.506
48.7442, 52.7401
Evaluation Time: 1.49767 seconds
Resulting Fitness: 0.497222
New local best!
-------------
Particle: 3:
Relays Coordinates:
83.6171, 255.786
141.129, 243.946
28.0929, 124.72
Evaluation Time: 1.45338 seconds
Resulting Fitness: 0.472222
-------------
Particle: 4:
Relays Coordinates:
90.0679, 175.924
147.465, 41.0855
72.6933, 122.692
Evaluation Time: 1.23159 seconds
Resulting Fitness: 0.330556
-------------
Particle: 5:
Relays Coordinates:
24.3863, 147.918
139.989, 86.7821
151.214, 127.772
Evaluation Time: 1.21074 seconds
Resulting Fitness: 0.336111
-------------
Particle: 6:
Relays Coordinates:
109.26, 282.846
172.624, 143.791
79.3204, 67.6434
Evaluation Time: 1.50415 seconds
Resulting Fitness: 0.511111
New local best!
-------------
Particle: 7:
Relays Coordinates:
101.414, 250.861
91.5993, 201.411
95.8988, 107.758
Evaluation Time: 1.43903 seconds
Resulting Fitness: 0.452778
New local best!
-------------
Particle: 8:
Relays Coordinates:
111.707, 299.185
174.198, 160.815
75.4527, 66.9464
Evaluation Time: 1.48115 seconds
Resulting Fitness: 0.533333
New local best!
New global best!
-------------
Particle: 9:
Relays Coordinates:
66.5268, 197.3
139.641, 95.4516
126.003, 71.7978
Evaluation Time: 1.36244 seconds
Resulting Fitness: 0.361111
-------------
Particle: 10:
Relays Coordinates:
66.9605, 220.08
148.872, 104.534
75.4954, 27.8058
Evaluation Time: 1.36902 seconds
Resulting Fitness: 0.383333
-------------
Particle: 11:
Relays Coordinates:
64.3093, 254.627
76.6427, 112.031
89.3163, 63.1546
Evaluation Time: 1.33131 seconds
Resulting Fitness: 0.386111
-------------
Particle: 12:
Relays Coordinates:
38.3889, 288.739
117.855, 182.129
59.9707, 134.346
Evaluation Time: 1.37375 seconds
Resulting Fitness: 0.433333
-------------
Particle: 13:
Relays Coordinates:
67.9107, 241.203
153.946, 131.049
80.0554, 68.0023
Evaluation Time: 1.45368 seconds
Resulting Fitness: 0.438889
-------------
Particle: 14:
Relays Coordinates:
90.8771, 226.717
163.837, 150.195
43.3351, 58.4071
Evaluation Time: 1.50343 seconds
Resulting Fitness: 0.477778
-------------
Particle: 15:
Relays Coordinates:
96.223, 336.521
179.001, 208.842
69.2477, 133.981
Evaluation Time: 1.47849 seconds
Resulting Fitness: 0.530556
New local best!
-------------
Particle: 16:
Relays Coordinates:
0, 154.242
131.023, 112.219
52.0461, 130.904
Evaluation Time: 1.17824 seconds
Resulting Fitness: 0.313889
-------------
Particle: 17:
Relays Coordinates:
44.4624, 193.71
96.1659, 101.228
42.2017, 187.245
Evaluation Time: 1.18299 seconds
Resulting Fitness: 0.311111
-------------
Particle: 18:
Relays Coordinates:
129.179, 288.549
155.135, 146.49
57.1538, 105.235
Evaluation Time: 1.50482 seconds
Resulting Fitness: 0.519444
New local best!
-------------
Particle: 19:
Relays Coordinates:
46.3661, 197.952
166.094, 109.957
89.3945, 33.5564
Evaluation Time: 1.35819 seconds
Resulting Fitness: 0.361111
-------------
Particle: 20:
Relays Coordinates:
108.594, 286.262
183.86, 163.498
77.5047, 64.1949
Evaluation Time: 1.49773 seconds
Resulting Fitness: 0.519444
New local best!
Current global best fitness: 0.533333
Current global best relays: 111.707, 299.185
174.198, 160.815
75.4527, 66.9464
Particle 1 new velocities: 72.9858, 218.515
90.1981, 188.765
56.2912, 51.3076
Particle 2 new velocities: 54.0672, 115.729
109.049, 68.783
46.5281, 40.755
Particle 3 new velocities: 93.4639, 104.677
85.5444, 173.4
16.199, 92.705
Particle 4 new velocities: 43.3197, 253.998
117.372, 140.158
25.1579, 28.9628
Particle 5 new velocities: 119.302, 146.26
255.471, 246.994
125.698, 196.709
Particle 6 new velocities: 28.3804, 173.55
28.0186, 63.5024
19.7112, 34.2234
Particle 7 new velocities: 16.4083, 123.787
84.5724, 2.519
-7.26926, 54.4589
Particle 8 new velocities: 55.7505, 148.539
110.101, 71.046
74.47, 43.8659
Particle 9 new velocities: 89.9565, 182.535
-32.2823, 79.3012
148.748, 165.95
Particle 10 new velocities: 69.2788, 126.685
103.248, 87.3156
43.8946, 35.5045
Particle 11 new velocities: 43.4431, 90.5098
68.755, 112.71
77.7308, -31.0836
Particle 12 new velocities: 18.0451, 101.797
105.342, 43.1343
33.6683, -37.4489
Particle 13 new velocities: 129.297, 110.381
63.3318, 117.143
67.0639, 63.4377
Particle 14 new velocities: 64.7216, 164.928
137.245, 120.222
42.9131, 43.4611
Particle 15 new velocities: 23.6377, 95.2205
45.3037, 4.41792
27.7489, 25.1784
Particle 16 new velocities: 117.673, 349.278
286.903, 165.198
121.125, 217.977
Particle 17 new velocities: 64.3308, 238.296
171.412, 201.307
88.7249, 305.502
Particle 18 new velocities: 102.003, 156.809
149.156, 121.506
59.3172, 89.1168
Particle 19 new velocities: 17.4757, 219.127
72.0667, 107.891
32.9471, 31.948
Particle 20 new velocities: 8.82087, 15.839
0.149468, -3.98453
-14.3142, -6.71224
-- ITERATION 5 --
-------------
Particle: 1:
Relays Coordinates:
109.538, 326.904
169.597, 214.238
90.2939, 97.5129
Evaluation Time: 1.53038 seconds
Resulting Fitness: 0.533333
New local best!
-------------
Particle: 2:
Relays Coordinates:
89.1328, 243.803
167.216, 154.373
62.5082, 61.3421
Evaluation Time: 1.52854 seconds
Resulting Fitness: 0.486111
-------------
Particle: 3:
Relays Coordinates:
116.183, 236.5
148.72, 273.821
29.0599, 142.653
Evaluation Time: 1.50589 seconds
Resulting Fitness: 0.477778
-------------
Particle: 4:
Relays Coordinates:
70.8876, 228.478
140.745, 96.3201
52.0022, 80.5958
Evaluation Time: 1.36701 seconds
Resulting Fitness: 0.402778
-------------
Particle: 5:
Relays Coordinates:
61.853, 126.634
170.232, 143.68
119.202, 139.679
Evaluation Time: 1.27162 seconds
Resulting Fitness: 0.372222
-------------
Particle: 6:
Relays Coordinates:
81.2751, 269.497
118.477, 122.405
58.4772, 60.1513
Evaluation Time: 1.50965 seconds
Resulting Fitness: 0.441667
-------------
Particle: 7:
Relays Coordinates:
95.4357, 303.465
142.699, 165.183
71.7899, 131.395
Evaluation Time: 1.46931 seconds
Resulting Fitness: 0.486111
New local best!
-------------
Particle: 8:
Relays Coordinates:
98.8821, 264.376
167.876, 136.912
88.5279, 65.4335
Evaluation Time: 1.48376 seconds
Resulting Fitness: 0.497222
-------------
Particle: 9:
Relays Coordinates:
114.076, 276.899
78.2641, 127.395
200.293, 173.318
Evaluation Time: 1.47264 seconds
Resulting Fitness: 0.513889
New local best!
-------------
Particle: 10:
Relays Coordinates:
99.3184, 252.792
183.795, 139.858
87.0353, 46.1532
Evaluation Time: 1.5637 seconds
Resulting Fitness: 0.516667
New local best!
-------------
Particle: 11:
Relays Coordinates:
78.5515, 251.605
105.995, 163.836
121.777, 23.3797
Evaluation Time: 1.46338 seconds
Resulting Fitness: 0.425
-------------
Particle: 12:
Relays Coordinates:
37.0264, 256.231
146.44, 147.795
61.4366, 63.5744
Evaluation Time: 1.39376 seconds
Resulting Fitness: 0.422222
-------------
Particle: 13:
Relays Coordinates:
143.764, 256.305
158.396, 180.932
107.25, 95.8198
Evaluation Time: 1.55617 seconds
Resulting Fitness: 0.519444
New local best!
-------------
Particle: 14:
Relays Coordinates:
82.6915, 208.137
160.007, 143.711
45.8358, 54.1369
Evaluation Time: 1.43771 seconds
Resulting Fitness: 0.436111
-------------
Particle: 15:
Relays Coordinates:
70.7766, 254.939
132.45, 125.928
57.2756, 93.982
Evaluation Time: 1.42989 seconds
Resulting Fitness: 0.45
-------------
Particle: 16:
Relays Coordinates:
45.5891, 193.71
161.913, 107.477
67.0901, 135.163
Evaluation Time: 1.31219 seconds
Resulting Fitness: 0.347222
-------------
Particle: 17:
Relays Coordinates:
37.9338, 150.631
93.2985, 105.487
45.6513, 171.81
Evaluation Time: 1.17686 seconds
Resulting Fitness: 0.283333
-------------
Particle: 18:
Relays Coordinates:
151.678, 292.199
199.645, 175.832
76.4167, 127.514
Evaluation Time: 1.53326 seconds
Resulting Fitness: 0.522222
New local best!
-------------
Particle: 19:
Relays Coordinates:
33.9281, 221.653
126.568, 115.773
65.0173, 34.8117
Evaluation Time: 1.35452 seconds
Resulting Fitness: 0.363889
-------------
Particle: 20:
Relays Coordinates:
105.673, 271.891
165.609, 143.562
56.8714, 51.7344
Evaluation Time: 1.56593 seconds
Resulting Fitness: 0.505556
Current global best fitness: 0.533333
Current global best relays: 111.707, 299.185
174.198, 160.815
75.4527, 66.9464
Particle 1 new velocities: 60.1022, 171.444
77.0668, 91.1073
37.4856, 37.2884
Particle 2 new velocities: 37.0857, 101.914
69.3733, 81.6809
29.9388, 20.4155
Particle 3 new velocities: 52.8761, 28.4917
74.2405, 32.7855
55.9348, -40.3315
Particle 4 new velocities: 103.143, 289.925
150.545, 159.479
115.237, 5.7699
Particle 5 new velocities: 121.796, 114.138
242.169, 197.229
104.663, 140.459
Particle 6 new velocities: 87.2456, 190.122
109.52, 53.7538
38.6177, 42.9344
Particle 7 new velocities: 20.2104, 97.8814
94.8594, 0.540989
-5.46728, -2.96663
Particle 8 new velocities: 77.388, 163.423
97.2604, 86.1039
28.9397, 38.0298
Particle 9 new velocities: 71.4352, 171.007
72.9523, 65.9593
84.1573, 20.8953
Particle 10 new velocities: 55.424, 110.969
70.3984, 70.2215
21.5306, 47.9793
Particle 11 new velocities: 91.0246, 51.2792
107.385, 89.6032
51.3355, 27.5341
Particle 12 new velocities: 88.7629, 156.031
115.697, 85.4579
78.1934, 49.9733
Particle 13 new velocities: 79.9558, 118.719
54.7286, 68.1333
35.6703, 38.2526
Particle 14 new velocities: 68.894, 274.76
106.715, 106.849
65.155, 20.5836
Particle 15 new velocities: 91.1848, 258.021
134.07, 137.088
51.3842, 72.3523
Particle 16 new velocities: 89.075, 57.8097
327.198, 250.619
125.962, 304.05
Particle 17 new velocities: 122.808, 294.216
188.676, 218.566
118.399, 183.615
Particle 18 new velocities: 74.5459, 128.452
117.709, 80.2823
46.4727, 26.2502
Particle 19 new velocities: 134.261, 213.488
143.167, 159.189
39.0473, 41.5049
Particle 20 new velocities: 12.1185, 26.5587
11.9027, 20.7739
16.401, 13.7566
-- ITERATION 6 --
-------------
Particle: 1:
Relays Coordinates:
123.667, 363.296
179.818, 222.597
93.1513, 98.2702
Evaluation Time: 1.58132 seconds
Resulting Fitness: 0.563889
New local best!
New global best!
-------------
Particle: 2:
Relays Coordinates:
92.0133, 252.028
172.473, 172.083
67.3938, 59.6013
Evaluation Time: 1.48543 seconds
Resulting Fitness: 0.5
New local best!
-------------
Particle: 3:
Relays Coordinates:
136.938, 214.643
180.598, 248.351
68.8457, 82.8802
Evaluation Time: 1.52508 seconds
Resulting Fitness: 0.513889
New local best!
-------------
Particle: 4:
Relays Coordinates:
92.4872, 265.721
154.803, 135.942
88.8776, 45.8983
Evaluation Time: 1.5521 seconds
Resulting Fitness: 0.488889
-------------
Particle: 5:
Relays Coordinates:
87.8388, 115.16
197.25, 163.056
107.074, 133.989
Evaluation Time: 1.29218 seconds
Resulting Fitness: 0.402778
-------------
Particle: 6:
Relays Coordinates:
89.5588, 244.26
121.167, 93.618
51.6002, 54.7839
Evaluation Time: 1.42467 seconds
Resulting Fitness: 0.413889
-------------
Particle: 7:
Relays Coordinates:
61.4591, 213.292
126.248, 88.0725
35.2466, 68.2523
Evaluation Time: 1.32904 seconds
Resulting Fitness: 0.358333
-------------
Particle: 8:
Relays Coordinates:
115.651, 280.679
173.956, 146.321
77.0705, 67.8823
Evaluation Time: 1.50154 seconds
Resulting Fitness: 0.513889
-------------
Particle: 9:
Relays Coordinates:
109.543, 264.484
89.2918, 114.174
167.965, 114.681
Evaluation Time: 1.40609 seconds
Resulting Fitness: 0.480556
-------------
Particle: 10:
Relays Coordinates:
125.341, 294.647
205.897, 170.165
87.9384, 76.2473
Evaluation Time: 1.55682 seconds
Resulting Fitness: 0.513889
-------------
Particle: 11:
Relays Coordinates:
123.621, 220.802
155.554, 184.757
126.199, 37.1162
Evaluation Time: 1.49794 seconds
Resulting Fitness: 0.477778
New local best!
-------------
Particle: 12:
Relays Coordinates:
82.5304, 270.485
171.988, 153.038
91.6112, 74.4986
Evaluation Time: 1.46601 seconds
Resulting Fitness: 0.505556
New local best!
-------------
Particle: 13:
Relays Coordinates:
163.092, 273.392
155.368, 181.568
104.189, 97.7388
Evaluation Time: 1.60748 seconds
Resulting Fitness: 0.525
New local best!
-------------
Particle: 14:
Relays Coordinates:
89.5098, 285.146
157.497, 147.953
65.539, 44.1218
Evaluation Time: 1.5422 seconds
Resulting Fitness: 0.477778
-------------
Particle: 15:
Relays Coordinates:
95.6365, 295.245
157.377, 155.308
64.1625, 98.2187
Evaluation Time: 1.54129 seconds
Resulting Fitness: 0.494444
-------------
Particle: 16:
Relays Coordinates:
64.4094, 120.301
233.94, 171.276
92.3362, 210.074
Evaluation Time: 1.57084 seconds
Resulting Fitness: 0.472222
-------------
Particle: 17:
Relays Coordinates:
62.2747, 172.343
109.243, 125.545
63.5563, 137.699
Evaluation Time: 1.22232 seconds
Resulting Fitness: 0.297222
-------------
Particle: 18:
Relays Coordinates:
148.426, 275.99
208.216, 168.037
80.6277, 100.885
Evaluation Time: 1.56581 seconds
Resulting Fitness: 0.533333
New local best!
-------------
Particle: 19:
Relays Coordinates:
99.3138, 256.946
159.276, 162.363
61.4491, 45.0642
Evaluation Time: 1.53148 seconds
Resulting Fitness: 0.486111
New local best!
-------------
Particle: 20:
Relays Coordinates:
117.792, 298.45
177.511, 164.336
73.2724, 65.491
Evaluation Time: 1.47377 seconds
Resulting Fitness: 0.533333
New local best!
Current global best fitness: 0.563889
Current global best relays: 123.667, 363.296
179.818, 222.597
93.1513, 98.2702
Particle 1 new velocities: 48.0817, 137.155
61.6534, 72.8858
29.9885, 29.8308
Particle 2 new velocities: 48.4217, 204.744
62.664, 125.838
26.775, 60.0918
Particle 3 new velocities: 34.549, 40.9724
58.5027, 7.15975
63.3528, -29.4304
Particle 4 new velocities: 136.687, -16.1466
151.435, 163.995
109.408, 147.055
Particle 5 new velocities: 101.223, 296.385
205.557, 122.737
126.443, 138.119
Particle 6 new velocities: 98.7169, 299.331
213.963, 196.452
85.6439, 86.802
Particle 7 new velocities: 96.5845, 296.128
156.807, 213.051
35.8192, 68.8084
Particle 8 new velocities: 64.6154, 170.448
85.7909, 76.7908
39.0883, 64.556
Particle 9 new velocities: 79.0068, 230.482
81.7437, 122.082
16.6903, 101.266
Particle 10 new velocities: 17.4883, 134
34.1479, 50.0332
17.1607, 5.36137
Particle 11 new velocities: 72.8614, 151.011
113.388, 72.8427
25.0107, 61.6924
Particle 12 new velocities: 107.366, 169.916
93.7917, 135.066
63.9925, 45.0627
Particle 13 new velocities: 53.8714, 150.552
62.6202, 98.4753
26.1332, 30.726
Particle 14 new velocities: 79.3261, 242.778
89.6856, 124.79
30.9165, 20.8902
Particle 15 new velocities: 102.93, 64.7181
139.76, 193.285
61.2767, 60.4145
Particle 16 new velocities: 114.163, 368.126
210.921, 237.031
138.333, 207.992
Particle 17 new velocities: 123.577, 573.694
141.775, 285.918
125.435, 144.213
Particle 18 new velocities: 43.8348, 105.078
67.5573, 79.3033
48.8226, 20.5479
Particle 19 new velocities: 126.398, 217.288
125.611, 151.953
66.8745, 43.3088
Particle 20 new velocities: 16.2917, 102.094
9.69826, 60.5085
21.8168, 35.4371
-- ITERATION 7 --
-------------
Particle: 1:
Relays Coordinates:
112.685, 328.05
158.429, 193.866
80.792, 84.047
Evaluation Time: 1.50342 seconds
Resulting Fitness: 0.525
-------------
Particle: 2:
Relays Coordinates:
92.1394, 299.688
154.274, 195.466
61.7841, 78.5306
Evaluation Time: 1.54648 seconds
Resulting Fitness: 0.505556
New local best!
-------------
Particle: 3:
Relays Coordinates:
125.014, 186.344
174.305, 186.267
96.3727, 38.9649
Evaluation Time: 1.47938 seconds
Resulting Fitness: 0.45
-------------
Particle: 4:
Relays Coordinates:
121.793, 132.634
162.748, 159.399
105.377, 102.544
Evaluation Time: 1.28524 seconds
Resulting Fitness: 0.394444
-------------
Particle: 5:
Relays Coordinates:
81.3849, 177.157
173.395, 123.024
100.521, 117.133
Evaluation Time: 1.32652 seconds
Resulting Fitness: 0.352778
-------------
Particle: 6:
Relays Coordinates:
111.175, 295.245
197.891, 171.284
81.0413, 83.6051
Evaluation Time: 1.54978 seconds
Resulting Fitness: 0.522222
New local best!
-------------
Particle: 7:
Relays Coordinates:
83.9909, 265.721
150.427, 160.029
37.7673, 72.8396
Evaluation Time: 1.48011 seconds
Resulting Fitness: 0.483333
-------------
Particle: 8:
Relays Coordinates:
106.445, 266.386
153.378, 131.745
68.5906, 78.2035
Evaluation Time: 1.50968 seconds
Resulting Fitness: 0.488889
-------------
Particle: 9:
Relays Coordinates:
100.203, 263.045
90.8952, 125.556
98.1336, 114.763
Evaluation Time: 1.48422 seconds
Resulting Fitness: 0.452778
-------------
Particle: 10:
Relays Coordinates:
93.7105, 281.235
157.493, 144.472
68.9555, 53.5435
Evaluation Time: 1.5502 seconds
Resulting Fitness: 0.5
-------------
Particle: 11:
Relays Coordinates:
143.236, 271.052
196.059, 187.79
110.232, 72.0314
Evaluation Time: 1.55087 seconds
Resulting Fitness: 0.522222
New local best!
-------------
Particle: 12:
Relays Coordinates:
138.435, 321.052
193.753, 210.027
113.435, 87.1602
Evaluation Time: 1.55033 seconds
Resulting Fitness: 0.519444
New local best!
-------------
Particle: 13:
Relays Coordinates:
175.74, 343.395
176.57, 226.835
105.561, 104.056
Evaluation Time: 1.71788 seconds
Resulting Fitness: 0.605556
New local best!
New global best!
-------------
Particle: 14:
Relays Coordinates:
99.6959, 295.245
145.959, 161.052
56.956, 38.3889
Evaluation Time: 1.51337 seconds
Resulting Fitness: 0.494444
New local best!
-------------
Particle: 15:
Relays Coordinates:
130.279, 236.172
194.952, 228.712
82.3007, 104.079
Evaluation Time: 1.47035 seconds
Resulting Fitness: 0.516667
-------------
Particle: 16:
Relays Coordinates:
56.0378, 153.274
139.602, 128.131
72.3863, 131.194
Evaluation Time: 1.22363 seconds
Resulting Fitness: 0.325
-------------
Particle: 17:
Relays Coordinates:
80.0031, 215.234
108.055, 177.121
81.3546, 121.354
Evaluation Time: 1.31174 seconds
Resulting Fitness: 0.394444
-------------
Particle: 18:
Relays Coordinates:
140.158, 277.798
201.039, 180.311
94.3693, 88.5244
Evaluation Time: 1.53245 seconds
Resulting Fitness: 0.533333
-------------
Particle: 19:
Relays Coordinates:
119.952, 252.027
151.4, 167.04
68.1964, 46.965
Evaluation Time: 1.55969 seconds
Resulting Fitness: 0.502778
New local best!
-------------
Particle: 20:
Relays Coordinates:
108.608, 324.44
151.64, 182.124
77.0222, 81.7518
Evaluation Time: 1.53618 seconds
Resulting Fitness: 0.538889
New local best!
Current global best fitness: 0.605556
Current global best relays: 175.74, 343.395
176.57, 226.835
105.561, 104.056
Particle 1 new velocities: 122.736, 63.1742
66.2068, 125.074
50.2433, 55.735
Particle 2 new velocities: 62.9849, 203.173
62.59, 128.691
45.4548, 77.7748
Particle 3 new velocities: 80.8812, 185.037
47.3825, 58.312
18.6889, 89.5304
Particle 4 new velocities: 170.221, 306.196
137.566, 168.738
87.3761, 124.003
Particle 5 new velocities: 196.218, 361.683
185.813, 142.632
230.053, 211.861
Particle 6 new velocities: 121.667, 39.6343
144.583, 190.483
83.7051, 91.9251
Particle 7 new velocities: 140.125, 51.2647
121.392, 193.374
131.285, 110.343
Particle 8 new velocities: 57.4801, 251.231
106.013, 93.1772
58.2851, 69.5409
Particle 9 new velocities: 106.824, 295.36
118.544, 144.756
145.036, 94.559
Particle 10 new velocities: 53.5337, 166.516
39.8464, 122.707
64.9871, 19.8703
Particle 11 new velocities: 68.5191, 201.339
71.3147, 91.2156
17.9972, 52.2336
Particle 12 new velocities: 114.545, 157.898
54.2687, 114.145
47.6083, 37.6504
Particle 13 new velocities: 43.0971, 120.442
50.0961, 78.7803
20.9066, 24.5808
Particle 14 new velocities: 128.01, 3.59626
85.5356, 137.802
80.1615, 59.0406
Particle 15 new velocities: 37.4783, 189.96
96.4048, 131.28
56.5967, 64.6336
Particle 16 new velocities: 223.034, 399.819
311.293, 277.935
164.439, 323.743
Particle 17 new velocities: 92.1507, 195.69
84.9695, 219.998
124.39, 276.442
Particle 18 new velocities: 76.4005, 102.985
38.5264, 75.7335
34.9575, 41.3608
Particle 19 new velocities: 124.405, 228.41
103.105, 123.358
76.7806, 41.883
Particle 20 new velocities: 52.12, 97.5593
19.7941, 68.8573
50.0118, 50.2389
-- ITERATION 8 --
-------------
Particle: 1:
Relays Coordinates:
171.622, 285.202
163.76, 232.507
95.5247, 101.901
Evaluation Time: 1.54594 seconds
Resulting Fitness: 0.525
-------------
Particle: 2:
Relays Coordinates:
113.086, 364.5
158.094, 236.311
78.1772, 113.947
Evaluation Time: 1.602 seconds
Resulting Fitness: 0.547222
New local best!
-------------
Particle: 3:
Relays Coordinates:
166.775, 300.819
179.567, 198.109
93.1999, 104.081
Evaluation Time: 1.58961 seconds
Resulting Fitness: 0.538889
New local best!
-------------
Particle: 4:
Relays Coordinates:
139.669, 209.891
143.639, 156.947
92.1933, 108.356
Evaluation Time: 1.39157 seconds
Resulting Fitness: 0.472222
-------------
Particle: 5:
Relays Coordinates:
87.1146, 156.905
112.723, 83.3656
103.738, 103.242
Evaluation Time: 1.17178 seconds
Resulting Fitness: 0.277778
-------------
Particle: 6:
Relays Coordinates:
137.491, 197.743
202.228, 213.62
97.2811, 103.649
Evaluation Time: 1.4363 seconds
Resulting Fitness: 0.472222
-------------
Particle: 7:
Relays Coordinates:
132.338, 187.177
160.507, 208.681
99.8239, 108.167
Evaluation Time: 1.3558 seconds
Resulting Fitness: 0.438889
-------------
Particle: 8:
Relays Coordinates:
87.1168, 265.721
137.851, 119.533
67.427, 78.5174
Evaluation Time: 1.45668 seconds
Resulting Fitness: 0.458333
-------------
Particle: 9:
Relays Coordinates:
99.0203, 239.148
100.174, 129.289
116.307, 100.118
Evaluation Time: 1.44171 seconds
Resulting Fitness: 0.436111
-------------
Particle: 10:
Relays Coordinates:
107.341, 326.411
143.861, 194.774
97.6442, 53.5186
Evaluation Time: 1.53062 seconds
Resulting Fitness: 0.527778
New local best!
-------------
Particle: 11:
Relays Coordinates:
154.369, 344.373
194.915, 203.395
93.4791, 90.5892
Evaluation Time: 1.67065 seconds
Resulting Fitness: 0.547222
New local best!
-------------
Particle: 12:
Relays Coordinates:
165.98, 314.239
162.727, 212.69
105.661, 81.8882
Evaluation Time: 1.54105 seconds
Resulting Fitness: 0.552778
New local best!
-------------
Particle: 13:
Relays Coordinates:
159.533, 338.137
165.24, 222.794
92.1948, 93.7765
Evaluation Time: 1.59723 seconds
Resulting Fitness: 0.563889
-------------
Particle: 14:
Relays Coordinates:
149.398, 196.07
151.884, 196.078
89.9628, 63.9235
Evaluation Time: 1.39893 seconds
Resulting Fitness: 0.447222
-------------
Particle: 15:
Relays Coordinates:
99.0593, 251.626
172.043, 212.571
82.0175, 99.6232
Evaluation Time: 1.43645 seconds
Resulting Fitness: 0.519444
-------------
Particle: 16:
Relays Coordinates:
78.8181, 141.215
127.346, 114.685
66.8864, 128.488
Evaluation Time: 1.14954 seconds
Resulting Fitness: 0.297222
-------------
Particle: 17:
Relays Coordinates:
60.0263, 143.28
67.3035, 138.467
71.7386, 138.703
Evaluation Time: 1.11846 seconds
Resulting Fitness: 0.263889
-------------
Particle: 18:
Relays Coordinates:
175.412, 308.435
194.048, 207.396
104.755, 105.207
Evaluation Time: 1.57741 seconds
Resulting Fitness: 0.541667
New local best!
-------------
Particle: 19:
Relays Coordinates:
160.323, 315.215
166.981, 190.53
95.1194, 58.2932
Evaluation Time: 1.55801 seconds
Resulting Fitness: 0.530556
New local best!
-------------
Particle: 20:
Relays Coordinates:
130.189, 341.82
138.861, 203.295
102.898, 106.912
Evaluation Time: 1.54682 seconds
Resulting Fitness: 0.513889
Current global best fitness: 0.605556
Current global best relays: 175.74, 343.395
176.57, 226.835
105.561, 104.056
Particle 1 new velocities: 28.8985, 131.977
62.6738, 89.9752
47.4774, 40.0238
Particle 2 new velocities: 60.0717, -4.7265
53.9792, 95.5357
37.0601, 53.3472
Particle 3 new velocities: 68.833, 202.746
34.4856, 52.732
16.934, 71.6189
Particle 4 new velocities: 109.485, 378.86
184.559, 115.262
90.8977, 96.6418
Particle 5 new velocities: 160.757, -9.95849
210.779, 221.351
323.962, 230.213
Particle 6 new velocities: 120.95, 292.409
84.2876, 137.787
70.3559, 48.8586
Particle 7 new velocities: 104.762, 310.945
107.077, 143.021
60.9539, 116.832
Particle 8 new velocities: 185.439, 97.1355
118.9, 90.525
86.8805, 55.1572
Particle 9 new velocities: 155.311, 102.375
135.729, 214.616
240.613, 104.262
Particle 10 new velocities: 74.6748, 148.134
58.6076, 116.563
61.7935, 62.84
Particle 11 new velocities: 61.2949, 160.03
43.1089, 83.1148
19.7862, 54.1492
Particle 12 new velocities: 98.658, 137.897
54.1447, 100.355
38.0112, 43.0591
Particle 13 new velocities: 38.5344, 106.008
71.3137, 69.557
30.7725, 29.6697
Particle 14 new velocities: 64.9468, 138.295
86.6884, 130.054
57.6227, 69.7464
Particle 15 new velocities: 53.162, 323.11
87.627, 112.087
61.4293, 91.7098
Particle 16 new velocities: 217.251, 184.531
329.505, 372.642
278.36, 339.758
Particle 17 new velocities: 190.508, 597.98
121.996, 223.001
102.691, 359.253
Particle 18 new velocities: 61.2969, 95.7763
26.4555, 65.7018
28.5541, 32.3927
Particle 19 new velocities: 114.651, 212.436
90.5792, 145.123
69.1816, 81.8899
Particle 20 new velocities: 44.9493, 54.5686
55.4997, 49.6592
32.5192, 3.52251
-- ITERATION 9 --
-------------
Particle: 1:
Relays Coordinates:
146.179, 304.124
165.07, 235.09
104.249, 103.463
Evaluation Time: 1.49513 seconds
Resulting Fitness: 0.525
-------------
Particle: 2:
Relays Coordinates:
126.232, 262.275
154.601, 241.916
84.008, 121.957
Evaluation Time: 1.45064 seconds
Resulting Fitness: 0.505556
-------------
Particle: 3:
Relays Coordinates:
139.124, 295.245
126.396, 148.119
65.033, 103.749
Evaluation Time: 1.49883 seconds
Resulting Fitness: 0.511111
-------------
Particle: 4:
Relays Coordinates:
132.411, 265.721
174.418, 144.663
97.302, 108.944
Evaluation Time: 1.52062 seconds
Resulting Fitness: 0.530556
New local best!
-------------
Particle: 5:
Relays Coordinates:
131.729, 78.0936
171.922, 161.939
227.297, 177.211
Evaluation Time: 1.39528 seconds
Resulting Fitness: 0.355556
-------------
Particle: 6:
Relays Coordinates:
169.563, 321.589
187.983, 230.558
109.987, 100.06
Evaluation Time: 1.68834 seconds
Resulting Fitness: 0.544444
New local best!
-------------
Particle: 7:
Relays Coordinates:
126.005, 264.722
142.205, 186.909
85.4439, 119.574
Evaluation Time: 1.49104 seconds
Resulting Fitness: 0.505556
New local best!
-------------
Particle: 8:
Relays Coordinates:
198.693, 264.522
187.172, 153.132
112.49, 97.4488
Evaluation Time: 1.61471 seconds
Resulting Fitness: 0.497222
-------------
Particle: 9:
Relays Coordinates:
88.6799, 119.082
82.2544, 119.912
124.45, 71.2629
Evaluation Time: 1.21167 seconds
Resulting Fitness: 0.261111
-------------
Particle: 10:
Relays Coordinates:
132.69, 345.944
147.599, 226.965
116.23, 84.8254
Evaluation Time: 1.7267 seconds
Resulting Fitness: 0.538889
New local best!
-------------
Particle: 11:
Relays Coordinates:
141.497, 328.05
156.168, 187.979
74.3134, 94.9629
Evaluation Time: 1.64115 seconds
Resulting Fitness: 0.527778
-------------
Particle: 12:
Relays Coordinates:
192.921, 329.607
158.1, 228.209
104.737, 91.0866
Evaluation Time: 1.66631 seconds
Resulting Fitness: 0.591667
New local best!
-------------
Particle: 13:
Relays Coordinates:
144.391, 323.782
172.447, 213.124
89.6432, 89.9923
Evaluation Time: 1.53684 seconds
Resulting Fitness: 0.538889
-------------
Particle: 14:
Relays Coordinates:
156.257, 243.752
173.919, 237.75
107.59, 97.4454
Evaluation Time: 1.55302 seconds
Resulting Fitness: 0.513889
New local best!
-------------
Particle: 15:
Relays Coordinates:
89.8852, 295.245
153.333, 191.708
84.7039, 112.98
Evaluation Time: 1.55463 seconds
Resulting Fitness: 0.511111
-------------
Particle: 16:
Relays Coordinates:
103.233, 113.581
159.294, 169.92
120.38, 163.267
Evaluation Time: 1.38502 seconds
Resulting Fitness: 0.383333
-------------
Particle: 17:
Relays Coordinates:
87.356, 174.339
66.0048, 126.036
60.8198, 173.626
Evaluation Time: 1.23079 seconds
Resulting Fitness: 0.308333
-------------
Particle: 18:
Relays Coordinates:
172.561, 294.67
160.747, 199.088
97.1821, 100.31
Evaluation Time: 1.5143 seconds
Resulting Fitness: 0.536111
-------------
Particle: 19:
Relays Coordinates:
180.411, 328.05
168.985, 220.222
107.798, 91.9741
Evaluation Time: 1.56988 seconds
Resulting Fitness: 0.577778
New local best!
-------------
Particle: 20:
Relays Coordinates:
141.862, 321.074
157.432, 204.893
109.688, 89.4523
Evaluation Time: 1.63071 seconds
Resulting Fitness: 0.527778
Current global best fitness: 0.605556
Current global best relays: 175.74, 343.395
176.57, 226.835
105.561, 104.056
Particle 1 new velocities: 40.3493, 146.501
60.343, 52.7747
23.7249, 28.1865
Particle 2 new velocities: 101.363, 74.758
47.6543, 56.6267
40.3671, 30.1334
Particle 3 new velocities: 123.045, 5.50017
74.8951, 146.037
44.1939, 57.7233
Particle 4 new velocities: 90.1417, 83.7563
147.692, 165.641
79.1308, 77.0847
Particle 5 new velocities: 86.5697, 182.159
189.015, 212.717
217.849, 191.624
Particle 6 new velocities: 101.2, 237.33
53.0723, 107.371
50.9235, 40.1714
Particle 7 new velocities: 127.457, 252.558
94.3857, 124.817
63.3407, 82.4548
Particle 8 new velocities: 94.0272, 222.298
82.3112, 109.365
40.2251, 30.1617
Particle 9 new velocities: 172.883, 274.567
110.763, 189.432
295.534, 143.042
Particle 10 new velocities: 82.867, 116.714
74.3176, 93.0935
38.5503, 61.8443
Particle 11 new velocities: 103.376, 16.7472
92.2688, 107.171
43.0615, 39.2005
Particle 12 new velocities: 62.7546, 118.129
58.9948, 79.4189
31.3122, 46.255
Particle 13 new velocities: 70.5842, 134.403
62.6032, 92.9716
44.8025, 54.9412
Particle 14 new velocities: 76.4842, 215.751
72.5583, 103.556
43.503, 63.0114
Particle 15 new velocities: 78.1842, 84.6751
81.4177, 116.687
58.5581, 90.3116
Particle 16 new velocities: 100.243, 453.703
341.798, 353.828
223.984, 288.426
Particle 17 new velocities: 211.968, 143.158
104.268, 265.958
101.059, 260.494
Particle 18 new velocities: 53.6873, 112.333
82.4779, 70.7293
30.193, 31.0167
Particle 19 new velocities: 89.9245, 0.00832548
73.1347, 124.019
54.7149, 75.3083
Particle 20 new velocities: 18.1158, 60.3234
36.8741, 40.3473
-11.1735, 3.12824
-- ITERATION 10 --
-------------
Particle: 1:
Relays Coordinates:
151.088, 365.006
182.585, 233.17
103.658, 106.636
Evaluation Time: 1.78428 seconds
Resulting Fitness: 0.575
New local best!
-------------
Particle: 2:
Relays Coordinates:
165.916, 245.697
147.444, 217.638
90.6695, 110.874
Evaluation Time: 1.52803 seconds
Resulting Fitness: 0.497222
-------------
Particle: 3:
Relays Coordinates:
191.121, 219.243
146.741, 214.44
79.6263, 117.713
Evaluation Time: 1.51228 seconds
Resulting Fitness: 0.508333
-------------
Particle: 4:
Relays Coordinates:
131.415, 206.363
190.203, 183.231
104.182, 109.848
Evaluation Time: 1.50494 seconds
Resulting Fitness: 0.472222
-------------
Particle: 5:
Relays Coordinates:
93.9705, 112.03
155.372, 161.277
191.621, 158.771
Evaluation Time: 1.26358 seconds
Resulting Fitness: 0.391667
-------------
Particle: 6:
Relays Coordinates:
177.648, 328.05
158.156, 221.715
105.573, 92.0059
Evaluation Time: 1.67776 seconds
Resulting Fitness: 0.569444
New local best!
-------------
Particle: 7:
Relays Coordinates:
149.666, 295.245
139.705, 184.071
87.8558, 119.296
Evaluation Time: 1.57864 seconds
Resulting Fitness: 0.516667
New local best!
-------------
Particle: 8:
Relays Coordinates:
192.054, 319.403
176.808, 172.224
100.196, 83.7252
Evaluation Time: 1.64219 seconds
Resulting Fitness: 0.544444
New local best!
-------------
Particle: 9:
Relays Coordinates:
101.335, 152.508
74.779, 119.846
162.71, 83.0261
Evaluation Time: 1.17993 seconds
Resulting Fitness: 0.3
-------------
Particle: 10:
Relays Coordinates:
141.427, 303.55
145.6, 209.99
101.551, 96.23
Evaluation Time: 1.55108 seconds
Resulting Fitness: 0.519444
-------------
Particle: 11:
Relays Coordinates:
178.513, 251.357
181.11, 215.164
85.5663, 97.8051
Evaluation Time: 1.47987 seconds
Resulting Fitness: 0.505556
-------------
Particle: 12:
Relays Coordinates:
186.387, 326.4
158.262, 224.261
99.1797, 100.122
Evaluation Time: 1.63496 seconds
Resulting Fitness: 0.561111
-------------
Particle: 13:
Relays Coordinates:
156.717, 334.017
171.352, 223.144
98.0108, 105.656
Evaluation Time: 1.63708 seconds
Resulting Fitness: 0.561111
-------------
Particle: 14:
Relays Coordinates:
152.702, 301.479
161.714, 223.931
99.132, 105.276
Evaluation Time: 1.53602 seconds
Resulting Fitness: 0.533333
New local best!
-------------
Particle: 15:
Relays Coordinates:
99.2433, 224.339
138.618, 182.104
84.5948, 120.042
Evaluation Time: 1.41277 seconds
Resulting Fitness: 0.475
-------------
Particle: 16:
Relays Coordinates:
57.4675, 141.215
141.215, 141.215
97.2586, 127.572
Evaluation Time: 1.27555 seconds
Resulting Fitness: 0.327778
-------------
Particle: 17:
Relays Coordinates:
104.368, 110.704
59.3706, 136.68
56.4438, 151.368
Evaluation Time: 1.15498 seconds
Resulting Fitness: 0.286111
-------------
Particle: 18:
Relays Coordinates:
183.261, 329.672
197.012, 218.552
103.174, 106.375
Evaluation Time: 1.69686 seconds
Resulting Fitness: 0.552778
New local best!
-------------
Particle: 19:
Relays Coordinates:
177.367, 215.239
158.855, 225.856
106.625, 109.754
Evaluation Time: 1.48886 seconds
Resulting Fitness: 0.483333
-------------
Particle: 20:
Relays Coordinates:
129.582, 308.932
157.388, 198.645
79.7964, 74.9902
Evaluation Time: 1.69255 seconds
Resulting Fitness: 0.522222
Current global best fitness: 0.605556
Current global best relays: 175.74, 343.395
176.57, 226.835
105.561, 104.056
Particle 1 new velocities: 39.4717, 93.849
42.0605, 36.7616
21.2234, 22.105
Particle 2 new velocities: 89.5532, 254.421
58.3575, 78.3631
43.1622, 22.1998
Particle 3 new velocities: 76.5952, 103.99
114.059, 97.5444
68.0317, 38.4198
Particle 4 new velocities: 118.714, 169.79
78.2147, 140.527
56.5516, 58.7695
Particle 5 new velocities: 149.753, 204.041
164.699, 194.177
224.189, 215.25
Particle 6 new velocities: 78.5584, 5.99865
50.0643, 88.2882
40.729, 35.9992
Particle 7 new velocities: 106.692, 43.5815
93.5295, 101.916
51.9396, 56.8228
Particle 8 new velocities: 59.7544, 206.237
65.6206, 92.0255
38.2239, 33.4886
Particle 9 new velocities: 247.855, 412.573
216.109, 252.371
224.636, 206.353
Particle 10 new velocities: 76.5272, 146.595
71.4384, 114.456
38.8234, 45.4139
Particle 11 new velocities: 40.9895, 83.0136
69.3143, 73.2627
58.1971, 32.4578
Particle 12 new velocities: 44.6334, 103.953
63.166, 71.4067
34.0239, 37.3075
Particle 13 new velocities: 82.0948, 109.175
58.4744, 78.8485
40.6221, 42.8629
Particle 14 new velocities: 88.1631, 211.695
70.2787, 84.2026
42.769, 49.495
Particle 15 new velocities: 91.8492, 219.478
129.552, 162.933
57.991, 79.7117
Particle 16 new velocities: 72.612, 113.453
60.9475, 63.2494
217.306, 337.286
Particle 17 new velocities: 127.199, 193.494
148.663, 283.299
132.79, 311.634
Particle 18 new velocities: 39.3598, 91.773
60.0031, 61.3719
24.8347, 23.3467
Particle 19 new velocities: 74.4967, 148.328
78.1375, 96.2749
43.8972, 38.1478
Particle 20 new velocities: 9.86484, 109.245
40.7118, 47.1087
6.87973, 26.914
-- ITERATION 11 --
-------------
Particle: 1:
Relays Coordinates:
138.918, 334.505
163.766, 196.78
91.0389, 93.8524
Evaluation Time: 1.56256 seconds
Resulting Fitness: 0.55
-------------
Particle: 2:
Relays Coordinates:
186.237, 364.5
150.029, 215.785
97.5633, 97.0108
Evaluation Time: 1.65911 seconds
Resulting Fitness: 0.616667
New local best!
New global best!
-------------
Particle: 3:
Relays Coordinates:
175.649, 212.073
171.111, 204.693
96.8784, 102.439
Evaluation Time: 1.43627 seconds
Resulting Fitness: 0.472222
-------------
Particle: 4:
Relays Coordinates:
164.11, 246.794
176.109, 212.418
105.457, 110.63
Evaluation Time: 1.55772 seconds
Resulting Fitness: 0.516667
-------------
Particle: 5:
Relays Coordinates:
94.4235, 122.452
124.002, 137.71
161.093, 144.904
Evaluation Time: 1.24314 seconds
Resulting Fitness: 0.361111
-------------
Particle: 6:
Relays Coordinates:
186.774, 243.521
151.793, 225.992
106.654, 93.3157
Evaluation Time: 1.53006 seconds
Resulting Fitness: 0.513889
-------------
Particle: 7:
Relays Coordinates:
168.197, 222.304
153.025, 187.636
91.7198, 115.551
Evaluation Time: 1.4541 seconds
Resulting Fitness: 0.488889
-------------
Particle: 8:
Relays Coordinates:
165.211, 328.05
159.057, 173.374
90.8176, 76.904
Evaluation Time: 1.72506 seconds
Resulting Fitness: 0.55
New local best!
-------------
Particle: 9:
Relays Coordinates:
109.579, 156.905
91.2838, 116.806
121.553, 90.8104
Evaluation Time: 1.22554 seconds
Resulting Fitness: 0.297222
-------------
Particle: 10:
Relays Coordinates:
158.888, 328.156
158.221, 236.521
102.333, 103.258
Evaluation Time: 1.55598 seconds
Resulting Fitness: 0.55
New local best!
-------------
Particle: 11:
Relays Coordinates:
160.017, 243.756
182.559, 210.263
104.804, 94.9616
Evaluation Time: 1.47074 seconds
Resulting Fitness: 0.511111
-------------
Particle: 12:
Relays Coordinates:
168.414, 313.727
161.421, 215.542
97.1054, 100.186
Evaluation Time: 1.53245 seconds
Resulting Fitness: 0.563889
-------------
Particle: 13:
Relays Coordinates:
174.094, 323.087
167.543, 220.152
101.063, 108.271
Evaluation Time: 1.55834 seconds
Resulting Fitness: 0.569444
-------------
Particle: 14:
Relays Coordinates:
175.59, 364.5
169.122, 224.629
103.446, 112.828
Evaluation Time: 1.68612 seconds
Resulting Fitness: 0.583333
New local best!
-------------
Particle: 15:
Relays Coordinates:
112.838, 262.069
158.352, 203.741
84.1955, 117.952
Evaluation Time: 1.49053 seconds
Resulting Fitness: 0.508333
-------------
Particle: 16:
Relays Coordinates:
69.1296, 135.341
107.437, 108.661
167.172, 247.044
Evaluation Time: 1.41279 seconds
Resulting Fitness: 0.494444
-------------
Particle: 17:
Relays Coordinates:
89.7139, 117.853
80.5966, 162.708
73.3129, 179.377
Evaluation Time: 1.18273 seconds
Resulting Fitness: 0.311111
-------------
Particle: 18:
Relays Coordinates:
162.291, 307.234
187.364, 204.065
93.3182, 94.567
Evaluation Time: 1.50461 seconds
Resulting Fitness: 0.541667
-------------
Particle: 19:
Relays Coordinates:
183.609, 265.04
172.768, 234.834
109.73, 107.82
Evaluation Time: 1.51217 seconds
Resulting Fitness: 0.486111
-------------
Particle: 20:
Relays Coordinates:
112.952, 338.724
160.461, 199.06
70.2077, 82.5425
Evaluation Time: 1.52527 seconds
Resulting Fitness: 0.538889
Current global best fitness: 0.616667
Current global best relays: 186.237, 364.5
150.029, 215.785
97.5633, 97.0108
Particle 1 new velocities: 67.2537, 137.634
43.1314, 61.8489
39.6824, 35.5582
Particle 2 new velocities: 71.6425, 0
46.686, 62.6905
34.5297, 17.7598
Particle 3 new velocities: 56.6861, 266.437
78.19, 84.129
54.8295, 28.348
Particle 4 new velocities: 55.4376, 229.684
48.4446, 94.5586
31.7491, 36.4179
Particle 5 new velocities: 196.342, 320.075
221.988, 174.045
257.471, 145.823
Particle 6 new velocities: 58.2791, 266.442
49.9229, 56.1242
28.5466, 30.4215
Particle 7 new velocities: 64.4601, 293.231
62.8152, 98.227
41.517, 47.0813
Particle 8 new velocities: 65.2546, 9.02369
50.7743, 126.37
31.6188, 44.3958
Particle 9 new velocities: 257.9, 180.666
242.882, 233.549
214.076, 207.795
Particle 10 new velocities: 73.9169, 118.505
47.0554, 89.3897
26.2702, 35.2314
Particle 11 new velocities: 54.0882, 105.176
46.6812, 50.8702
21.1092, 26.1774
Particle 12 new velocities: 75.1401, 152.359
36.1591, 61.7198
32.8891, 16.6536
Particle 13 new velocities: 82.7936, 105.702
33.2111, 63.0615
34.0547, 29.7664
Particle 14 new velocities: 72.8217, 0
33.3311, 61.5938
32.2175, 29.287
Particle 15 new velocities: 129.914, 240.469
108.97, 136.423
44.0363, 73.4857
Particle 16 new velocities: 183.428, 302.406
195.187, 144.992
126.663, 76.4988
Particle 17 new velocities: 129.102, 614.573
139.166, 275.189
116.301, 271.96
Particle 18 new velocities: 78.0741, 127.883
15.0131, 76.6192
28.3894, 32.6553
Particle 19 new velocities: 58.2227, 231.899
40.3437, 32.7791
24.6639, 2.1496
Particle 20 new velocities: 59.7394, 69.1235
18.3458, 44.0955
37.4665, 28.993
-- ITERATION 12 --
-------------
Particle: 1:
Relays Coordinates:
135.269, 309.77
135.746, 169.687
85.7662, 84.9063
Evaluation Time: 1.4922 seconds
Resulting Fitness: 0.513889
-------------
Particle: 2:
Relays Coordinates:
208.883, 295.245
159.34, 225.565
106.995, 92.9642
Evaluation Time: 1.56649 seconds
Resulting Fitness: 0.577778
-------------
Particle: 3:
Relays Coordinates:
169.372, 348.834
181.74, 210.551
110.595, 95.3437
Evaluation Time: 1.62238 seconds
Resulting Fitness: 0.594444
New local best!
-------------
Particle: 4:
Relays Coordinates:
160.05, 347.352
163.699, 223.786
100.023, 107.198
Evaluation Time: 1.60216 seconds
Resulting Fitness: 0.586111
New local best!
-------------
Particle: 5:
Relays Coordinates:
91.2452, 138.87
108.575, 97.832
131.35, 91.2332
Evaluation Time: 1.1242 seconds
Resulting Fitness: 0.297222
-------------
Particle: 6:
Relays Coordinates:
160.78, 328.05
132.346, 185.097
88.7053, 81.1839
Evaluation Time: 1.60415 seconds
Resulting Fitness: 0.541667
-------------
Particle: 7:
Relays Coordinates:
152.646, 328.05
141.613, 187.554
87.4167, 106.703
Evaluation Time: 1.573 seconds
Resulting Fitness: 0.544444
New local best!
-------------
Particle: 8:
Relays Coordinates:
168.01, 245.727
152.967, 218.514
89.2561, 88.4275
Evaluation Time: 1.4235 seconds
Resulting Fitness: 0.516667
-------------
Particle: 9:
Relays Coordinates:
115.319, 105.933
104.865, 109.945
105.324, 93.7055
Evaluation Time: 1.11621 seconds
Resulting Fitness: 0.258333
-------------
Particle: 10:
Relays Coordinates:
169.715, 325.616
149.646, 237.589
93.7519, 100.959
Evaluation Time: 1.53853 seconds
Resulting Fitness: 0.541667
-------------
Particle: 11:
Relays Coordinates:
173.425, 282.635
185.685, 211.518
101.989, 98.1226
Evaluation Time: 1.52455 seconds
Resulting Fitness: 0.525
-------------
Particle: 12:
Relays Coordinates:
177.551, 339.777
144.036, 202.124
94.766, 85.1762
Evaluation Time: 1.63282 seconds
Resulting Fitness: 0.580556
-------------
Particle: 13:
Relays Coordinates:
187.271, 312.587
146.35, 206.463
98.5011, 100.629
Evaluation Time: 1.60977 seconds
Resulting Fitness: 0.555556
-------------
Particle: 14:
Relays Coordinates:
181.092, 265.721
147.589, 208.657
98.8986, 103.602
Evaluation Time: 1.57802 seconds
Resulting Fitness: 0.525
-------------
Particle: 15:
Relays Coordinates:
159.27, 328.05
175.39, 223.181
84.1329, 125.603
Evaluation Time: 1.65399 seconds
Resulting Fitness: 0.544444
New local best!
-------------
Particle: 16:
Relays Coordinates:
97.846, 169.592
117.243, 98.2704
113.838, 125.347
Evaluation Time: 1.27015 seconds
Resulting Fitness: 0.311111
-------------
Particle: 17:
Relays Coordinates:
68.6668, 156.905
68.9637, 137.417
59.503, 141.634
Evaluation Time: 1.1811 seconds
Resulting Fitness: 0.275
-------------
Particle: 18:
Relays Coordinates:
194.695, 352.445
163.926, 227.354
98.5832, 103.05
Evaluation Time: 1.75211 seconds
Resulting Fitness: 0.627778
New local best!
New global best!
-------------
Particle: 19:
Relays Coordinates:
158.665, 326.042
139.822, 175.581
88.1761, 72.1513
Evaluation Time: 1.68741 seconds
Resulting Fitness: 0.55
-------------
Particle: 20:
Relays Coordinates:
155.422, 367.063
160.926, 218.84
96.9067, 100.382
Evaluation Time: 1.75639 seconds
Resulting Fitness: 0.608333
New local best!
Current global best fitness: 0.627778
Current global best relays: 194.695, 352.445
163.926, 227.354
98.5832, 103.05
Particle 1 new velocities: 81.3286, 211.156
45.2513, 79.6418
53.1367, 54.7929
Particle 2 new velocities: 16.4799, 94.3055
30.8486, 36.2915
5.92728, 30.5168
Particle 3 new velocities: 60.7921, 217.241
60.1583, 84.9244
42.4137, 31.1444
Particle 4 new velocities: 88.0075, 186.736
38.9526, 80.0405
24.8529, 26.4537
Particle 5 new velocities: 154.66, 413.567
213.659, 285.407
377.935, 265.772
Particle 6 new velocities: 90.9409, 16.3858
102.584, 94.516
39.221, 50.0686
Particle 7 new velocities: 94.4626, 31.3177
71.9968, 85.7379
44.0324, 33.5756
Particle 8 new velocities: 70.889, 50.7943
57.9308, 25.7257
29.514, 41.1191
Particle 9 new velocities: 286.723, 348.318
212.158, 315.685
213.646, 285.088
Particle 10 new velocities: 44.6702, 119.087
52.1082, 70.6206
36.4793, 29.6406
Particle 11 new velocities: 30.613, 134.043
34.3359, 54.2189
10.6825, 21.9914
Particle 12 new velocities: 94.8297, 134.777
63.706, 85.0886
30.636, 27.9063
Particle 13 new velocities: 65.6439, 139.595
92.3356, 59.5934
29.3427, 24.877
Particle 14 new velocities: 56.0674, 158.879
72.8876, 51.1281
32.8202, 35.119
Particle 15 new velocities: 145.93, 6.62836
77.505, 112.307
44.0905, 52.2427
Particle 16 new velocities: 201.158, 403.562
247.828, 322.293
122.974, 114.015
Particle 17 new velocities: 157.214, 379.13
163.152, 307.711
148.038, 283.529
Particle 18 new velocities: 62.4593, 102.306
12.0105, 61.2953
22.7115, 26.1243
Particle 19 new velocities: 96.3159, 199.824
81.2405, 75.6731
49.3598, 43.3745
Particle 20 new velocities: 55.9129, 53.339
16.0166, 37.4513
30.7263, 23.3466
-- ITERATION 13 --
-------------
Particle: 1:
Relays Coordinates:
127.899, 295.245
106.877, 147.226
82.0208, 82.491
Evaluation Time: 1.58933 seconds
Resulting Fitness: 0.494444
-------------
Particle: 2:
Relays Coordinates:
202.826, 350.595
171.169, 235.671
101.63, 111.133
Evaluation Time: 1.80183 seconds
Resulting Fitness: 0.613889
-------------
Particle: 3:
Relays Coordinates:
167.79, 364.5
176.344, 215.402
111.543, 92.2099
Evaluation Time: 1.7837 seconds
Resulting Fitness: 0.619444
New local best!
-------------
Particle: 4:
Relays Coordinates:
180.834, 364.5
147.733, 221.489
91.0348, 97.4321
Evaluation Time: 1.69612 seconds
Resulting Fitness: 0.625
New local best!
-------------
Particle: 5:
Relays Coordinates:
69.4509, 141.215
91.0085, 108.238
141.215, 100.829
Evaluation Time: 1.2025 seconds
Resulting Fitness: 0.3
-------------
Particle: 6:
Relays Coordinates:
203.894, 278.993
190.293, 226.486
103.62, 106.315
Evaluation Time: 1.52071 seconds
Resulting Fitness: 0.536111
-------------
Particle: 7:
Relays Coordinates:
180.142, 261.979
155.721, 199.23
95.8264, 102.263
Evaluation Time: 1.47075 seconds
Resulting Fitness: 0.511111
-------------
Particle: 8:
Relays Coordinates:
193.508, 240.182
170.827, 197.834
96.2038, 104.933
Evaluation Time: 1.48433 seconds
Resulting Fitness: 0.497222
-------------
Particle: 9:
Relays Coordinates:
113.549, 128.294
89.5367, 120.211
90.0866, 106.982
Evaluation Time: 1.12475 seconds
Resulting Fitness: 0.280556
-------------
Particle: 10:
Relays Coordinates:
156.287, 324.189
147.079, 224.685
94.9385, 95.2072
Evaluation Time: 1.59695 seconds
Resulting Fitness: 0.538889
-------------
Particle: 11:
Relays Coordinates:
165.271, 337.509
178.217, 215.247
91.2642, 97.2924
Evaluation Time: 1.62705 seconds
Resulting Fitness: 0.586111
New local best!
-------------
Particle: 12:
Relays Coordinates:
198.566, 345.95
151.444, 209.378
91.418, 82.4371
Evaluation Time: 1.67014 seconds
Resulting Fitness: 0.616667
New local best!
-------------
Particle: 13:
Relays Coordinates:
204.861, 366.268
193.335, 215.506
103.554, 101.66
Evaluation Time: 1.70743 seconds
Resulting Fitness: 0.583333
-------------
Particle: 14:
Relays Coordinates:
192.099, 343.925
178.586, 210.426
106.692, 112.364
Evaluation Time: 1.68891 seconds
Resulting Fitness: 0.533333
-------------
Particle: 15:
Relays Coordinates:
200.241, 219.582
165.924, 220.114
84.1273, 116.684
Evaluation Time: 1.4759 seconds
Resulting Fitness: 0.5
-------------
Particle: 16:
Relays Coordinates:
128.712, 215.234
157.151, 181.039
101.94, 103.038
Evaluation Time: 1.37636 seconds
Resulting Fitness: 0.488889
-------------
Particle: 17:
Relays Coordinates:
70.8838, 156.905
72.8403, 139.686
65.1286, 133.421
Evaluation Time: 1.15208 seconds
Resulting Fitness: 0.280556
-------------
Particle: 18:
Relays Coordinates:
208.295, 368.348
142.508, 233.806
98.2487, 104.631
Evaluation Time: 1.6606 seconds
Resulting Fitness: 0.597222
-------------
Particle: 19:
Relays Coordinates:
150.564, 295.245
130.535, 148.363
81.2136, 68.2169
Evaluation Time: 1.55037 seconds
Resulting Fitness: 0.505556
-------------
Particle: 20:
Relays Coordinates:
171.182, 340.525
143.324, 207.596
103.383, 100.22
Evaluation Time: 1.75246 seconds
Resulting Fitness: 0.583333
Current global best fitness: 0.627778
Current global best relays: 194.695, 352.445
163.926, 227.354
98.5832, 103.05
Particle 1 new velocities: 152.239, 71.5996
117.473, 295.793
70.1681, 82.4395
Particle 2 new velocities: 0.5324, 87.0102
1.48421, 2.43246
-1.83701, -4.19984
Particle 3 new velocities: 54.9069, -1.41249
43.6341, 71.8555
19.0595, 33.1245
Particle 4 new velocities: 71.1573, -7.37973
41.7019, 65.6575
24.5518, 26.3953
Particle 5 new velocities: 187.47, 61.8791
259.971, 303.773
52.2848, 389.629
Particle 6 new velocities: 27.2061, 66.744
23.3644, 68.6344
32.4701, 23.5882
Particle 7 new velocities: 64.2176, 127.064
53.1832, 78.1992
26.1707, 28.1475
Particle 8 new velocities: 51.8171, 199.306
34.2814, 21.8305
20.354, -12.8785
Particle 9 new velocities: 244.011, 590.081
236.371, 298.251
281.099, 325.53
Particle 10 new velocities: 67.2893, 129.904
65.24, 70.1955
43.5779, 40.2872
Particle 11 new velocities: 44.588, 111.343
26.865, 57.0744
14.0277, 17.9722
Particle 12 new velocities: 74.0831, 113.486
52.929, 85.4245
27.4085, 22.658
Particle 13 new velocities: 36.7115, 74.817
45.4926, 64.6053
21.8745, 22.5152
Particle 14 new velocities: 36.2803, 158.48
40.9833, 72.6501
17.3127, 20.3679
Particle 15 new velocities: 89.1471, 177.462
61.8178, 93.2462
47.4712, 44.126
Particle 16 new velocities: 3.75158, 110.968
313.784, 249.545
112.62, 311.43
Particle 17 new velocities: 198.349, 201.84
154.947, 354.138
164.618, 228.556
Particle 18 new velocities: 23.2681, 57.0269
41.1021, 38.9775
18.3976, 17.5279
Particle 19 new velocities: 131.168, 57
111.628, 100.26
102.844, 75.7153
Particle 20 new velocities: 44.6849, 64.2793
52.8847, 56.9501
9.06783, 20.045
-- ITERATION 14 --
-------------
Particle: 1:
Relays Coordinates:
165.419, 216.618
132.476, 261.598
89.866, 97.3898
Evaluation Time: 1.54989 seconds
Resulting Fitness: 0.527778
-------------
Particle: 2:
Relays Coordinates:
148.248, 319.015
125.864, 173.577
72.7494, 77.9542
Evaluation Time: 1.59808 seconds
Resulting Fitness: 0.505556
-------------
Particle: 3:
Relays Coordinates:
180.384, 294.101
178.182, 232.678
105.788, 101.521
Evaluation Time: 1.69444 seconds
Resulting Fitness: 0.536111
-------------
Particle: 4:
Relays Coordinates:
204.113, 289.267
153.443, 232.589
93.6252, 100.3
Evaluation Time: 1.55443 seconds
Resulting Fitness: 0.575
-------------
Particle: 5:
Relays Coordinates:
110.596, 87.4253
151.085, 177.357
83.2952, 211.126
Evaluation Time: 1.36189 seconds
Resulting Fitness: 0.463889
-------------
Particle: 6:
Relays Coordinates:
187.191, 280.047
173.062, 239.048
110.233, 105.221
Evaluation Time: 1.6212 seconds
Resulting Fitness: 0.522222
-------------
Particle: 7:
Relays Coordinates:
197.932, 315.125
169.213, 224.718
98.8176, 105.633
Evaluation Time: 1.63372 seconds
Resulting Fitness: 0.583333
New local best!
-------------
Particle: 8:
Relays Coordinates:
160.958, 288.348
134.572, 144.122
76.4736, 60.3968
Evaluation Time: 1.61972 seconds
Resulting Fitness: 0.525
-------------
Particle: 9:
Relays Coordinates:
100.985, 141.215
92.0461, 118.186
104.834, 122.154
Evaluation Time: 1.21656 seconds
Resulting Fitness: 0.283333
-------------
Particle: 10:
Relays Coordinates:
162.987, 331.034
154.781, 214.968
100.978, 98.7754
Evaluation Time: 1.5728 seconds
Resulting Fitness: 0.555556
New local best!
-------------
Particle: 11:
Relays Coordinates:
169.986, 363.57
166.116, 220.58
85.2864, 93.3643
Evaluation Time: 1.69727 seconds
Resulting Fitness: 0.605556
New local best!
-------------
Particle: 12:
Relays Coordinates:
198.761, 334.929
148.988, 214.911
86.6246, 76.6143
Evaluation Time: 1.66109 seconds
Resulting Fitness: 0.588889
-------------
Particle: 13:
Relays Coordinates:
176.106, 321.551
174.106, 204.201
91.437, 90.5236
Evaluation Time: 1.59125 seconds
Resulting Fitness: 0.572222
-------------
Particle: 14:
Relays Coordinates:
149.84, 328.05
144.059, 185.726
81.3596, 87.0853
Evaluation Time: 1.56605 seconds
Resulting Fitness: 0.536111
-------------
Particle: 15:
Relays Coordinates:
210.964, 289.445
166.024, 228.44
95.9354, 117.231
Evaluation Time: 1.59163 seconds
Resulting Fitness: 0.561111
New local best!
-------------
Particle: 16:
Relays Coordinates:
57.0211, 140.419
202.722, 185.352
92.3609, 178.415
Evaluation Time: 1.45718 seconds
Resulting Fitness: 0.441667
-------------
Particle: 17:
Relays Coordinates:
93.8756, 125.087
79.4244, 172.186
80.1076, 126.213
Evaluation Time: 1.18776 seconds
Resulting Fitness: 0.291667
-------------
Particle: 18:
Relays Coordinates:
208.407, 382.838
165.249, 245.505
104.982, 109.943
Evaluation Time: 1.67867 seconds
Resulting Fitness: 0.602778
-------------
Particle: 19:
Relays Coordinates:
184.845, 231.108
158.883, 163.122
120.76, 94.4339
Evaluation Time: 1.51118 seconds
Resulting Fitness: 0.444444
-------------
Particle: 20:
Relays Coordinates:
194.28, 364.324
176.588, 238.091
101.206, 108.239
Evaluation Time: 1.77759 seconds
Resulting Fitness: 0.602778
Current global best fitness: 0.627778
Current global best relays: 194.695, 352.445
163.926, 227.354
98.5832, 103.05
Particle 1 new velocities: 136.664, 242.491
170.867, 178.904
70.103, 86.0204
Particle 2 new velocities: 62.7176, 119.738
67.1623, 68.1302
37.2222, 41.218
Particle 3 new velocities: 48.9566, 184.238
19.8218, 29.076
16.9689, 20.3231
Particle 4 new velocities: 18.3237, 155.185
37.4471, 42.3195
24.6869, 22.567
Particle 5 new velocities: 211.848, 152.813
315.487, 206.213
295.488, 309.375
Particle 6 new velocities: 24.1486, 149.631
5.43248, 24.2331
5.85647, 8.11945
Particle 7 new velocities: 49.3668, 139.94
37.5412, 64.5526
20.8266, 19.3193
Particle 8 new velocities: 82.8466, 194.662
66.958, 112.397
21.2191, 1.53562
Particle 9 new velocities: 288.868, 248.738
264.065, 255.03
349.024, 333.754
Particle 10 new velocities: 87.3252, 106.296
62.7666, 65.79
33.044, 37.023
Particle 11 new velocities: 40.4759, 76.4613
20.6208, 50.0806
17.2642, 14.5075
Particle 12 new velocities: 57.2219, 115.618
50.5379, 67.3311
29.4292, 56.7639
Particle 13 new velocities: 32.9142, 91.8347
26.7407, 74.347
49.9877, 41.9279
Particle 14 new velocities: 85.1363, 51.1659
72.4023, 104.713
58.3904, 41.0651
Particle 15 new velocities: 53.2968, 158.327
48.8964, 74.4619
39.7841, 29.5773
Particle 16 new velocities: 107.345, 258.747
285.349, 150.342
112.994, 210.765
Particle 17 new velocities: 230.655, 572.492
178.751, 288.314
132.701, 286.887
Particle 18 new velocities: -4.00129, 7.49641
30.2461, -8.56817
0.763372, 7.75037
Particle 19 new velocities: 109.1, 217.796
95.9255, 165.151
49.3938, 64.8376
Particle 20 new velocities: -22.5838, 53.3115
12.9839, 12.5847
0.38529, 0.977676
-- ITERATION 15 --
-------------
Particle: 1:
Relays Coordinates:
144.485, 219.59
145.088, 210.691
76.5127, 87.7245
Evaluation Time: 1.50846 seconds
Resulting Fitness: 0.491667
-------------
Particle: 2:
Relays Coordinates:
153.794, 319.851
140.716, 176.205
80.1692, 86.8765
Evaluation Time: 1.58421 seconds
Resulting Fitness: 0.527778
-------------
Particle: 3:
Relays Coordinates:
150.471, 313.838
129.91, 171.737
80.541, 79.9418
Evaluation Time: 1.59672 seconds
Resulting Fitness: 0.511111
-------------
Particle: 4:
Relays Coordinates:
180.174, 360.006
154.621, 222.676
95.8328, 99.5225
Evaluation Time: 1.60508 seconds
Resulting Fitness: 0.619444
-------------
Particle: 5:
Relays Coordinates:
112.429, 83.7658
162.684, 133.743
132.073, 174.339
Evaluation Time: 1.29231 seconds
Resulting Fitness: 0.377778
-------------
Particle: 6:
Relays Coordinates:
190.205, 386.71
160.645, 236.953
104.481, 102.007
Evaluation Time: 1.63262 seconds
Resulting Fitness: 0.619444
New local best!
-------------
Particle: 7:
Relays Coordinates:
200.312, 368.603
167.471, 234.309
96.9118, 101.211
Evaluation Time: 1.64594 seconds
Resulting Fitness: 0.591667
New local best!
-------------
Particle: 8:
Relays Coordinates:
159.96, 316.903
132.224, 168.302
64.0961, 40.6339
Evaluation Time: 1.55096 seconds
Resulting Fitness: 0.522222
-------------
Particle: 9:
Relays Coordinates:
110.106, 110.134
100.576, 105.407
128.183, 128.762
Evaluation Time: 1.14725 seconds
Resulting Fitness: 0.288889
-------------
Particle: 10:
Relays Coordinates:
202.753, 354.237
176.213, 227.414
108.558, 109.997
Evaluation Time: 1.68242 seconds
Resulting Fitness: 0.588889
New local best!
-------------
Particle: 11:
Relays Coordinates:
170.474, 356.426
151.257, 219.235
83.066, 87.3761
Evaluation Time: 1.63602 seconds
Resulting Fitness: 0.602778
-------------
Particle: 12:
Relays Coordinates:
207.346, 364.943
161.616, 228.616
94.0035, 108.036
Evaluation Time: 1.69399 seconds
Resulting Fitness: 0.630556
New local best!
New global best!
-------------
Particle: 13:
Relays Coordinates:
152.376, 301.358
146.417, 203.061
103.099, 96.5572
Evaluation Time: 1.49501 seconds
Resulting Fitness: 0.530556
-------------
Particle: 14:
Relays Coordinates:
190.331, 307.165
175.334, 235.255
113.198, 103.802
Evaluation Time: 1.58504 seconds
Resulting Fitness: 0.536111
-------------
Particle: 15:
Relays Coordinates:
192.646, 326.426
156.677, 220.815
98.9394, 107.023
Evaluation Time: 1.6085 seconds
Resulting Fitness: 0.577778
New local best!
-------------
Particle: 16:
Relays Coordinates:
57.3111, 139.18
170.18, 117.049
71.6029, 135.699
Evaluation Time: 1.22199 seconds
Resulting Fitness: 0.333333
-------------
Particle: 17:
Relays Coordinates:
101.841, 156.905
81.0181, 144.51
66.7815, 129.635
Evaluation Time: 1.16472 seconds
Resulting Fitness: 0.294444
-------------
Particle: 18:
Relays Coordinates:
183.965, 351.301
175.946, 213.243
95.1705, 105.924
Evaluation Time: 1.67683 seconds
Resulting Fitness: 0.622222
-------------
Particle: 19:
Relays Coordinates:
192.857, 294.526
167.18, 215.38
111.638, 104.498
Evaluation Time: 1.65494 seconds
Resulting Fitness: 0.525
-------------
Particle: 20:
Relays Coordinates:
154.526, 375.872
170.614, 225.609
91.4317, 98.2946
Evaluation Time: 1.63969 seconds
Resulting Fitness: 0.586111
Current global best fitness: 0.630556
Current global best relays: 207.346, 364.943
161.616, 228.616
94.0035, 108.036
Particle 1 new velocities: 178.186, 523.678
213.003, 174.677
82.1918, 110.53
Particle 2 new velocities: 105.161, 187.209
67.2944, 156.427
42.2835, 43.9802
Particle 3 new velocities: 101.388, 222.266
55.473, 141.556
79.2045, 45.4784
Particle 4 new velocities: 50.6255, 130.602
32.8273, 39.3864
15.8427, 17.6479
Particle 5 new velocities: 167.443, 165.205
262.552, 268.844
419.705, -51.4434
Particle 6 new velocities: 26.1199, 112.612
4.69109, 17.4284
-7.1471, 11.5817
Particle 7 new velocities: 47.6652, 108.683
25.2124, 47.8603
16.5825, 23.446
Particle 8 new velocities: 99.8725, 213.467
87.9758, 165.332
38.1732, 48.1148
Particle 9 new velocities: 314.096, 519.386
212.808, 315.836
311.538, 267.131
Particle 10 new velocities: 71.9856, 86.0003
45.1176, 53.1048
16.466, 29.0268
Particle 11 new velocities: 74.903, 64.9767
42.4647, 44.0881
20.9481, 20.2478
Particle 12 new velocities: 45.7775, 92.4941
40.4303, 53.8649
23.5433, 45.4111
Particle 13 new velocities: 74.1688, 165.857
75.1213, 119.039
34.5436, 38.3032
Particle 14 new velocities: 72.2111, 143.608
51.9572, 65.5453
43.9191, 47.0984
Particle 15 new velocities: 54.214, 165.032
43.6628, 67.8136
29.4142, 24.3465
Particle 16 new velocities: 240.309, 420.975
259.296, 275.772
162.849, 282.338
Particle 17 new velocities: 271.428, 105.317
142.378, 281.158
117.781, 371.809
Particle 18 new velocities: 21.1233, 16.288
5.59543, 15.9151
4.33459, 5.19379
Particle 19 new velocities: 81.5183, 183.964
73.4908, 138.025
25.3532, 47.9613
Particle 20 new velocities: 30.8237, 35.7614
5.02825, 6.66706
4.86954, 7.07991
-- ITERATION 16 --
-------------
Particle: 1:
Relays Coordinates:
171.481, 265.721
190.304, 204.8
84.3421, 105.361
Evaluation Time: 1.55086 seconds
Resulting Fitness: 0.516667
-------------
Particle: 2:
Relays Coordinates:
169.9, 328.05
136.476, 218.24
80.3413, 85.8551
Evaluation Time: 1.60999 seconds
Resulting Fitness: 0.544444
-------------
Particle: 3:
Relays Coordinates:
183.605, 364.5
135.145, 228.391
116.454, 91.4313
Evaluation Time: 1.66223 seconds
Resulting Fitness: 0.597222
-------------
Particle: 4:
Relays Coordinates:
151.427, 321.888
122.985, 171.939
73.2703, 76.8755
Evaluation Time: 1.63298 seconds
Resulting Fitness: 0.508333
-------------
Particle: 5:
Relays Coordinates:
108.428, 96.4563
164.745, 155.97
193.71, 47.6124
Evaluation Time: 1.32608 seconds
Resulting Fitness: 0.4
-------------
Particle: 6:
Relays Coordinates:
127.738, 294.844
97.6295, 150.21
57.4745, 67.0728
Evaluation Time: 1.48462 seconds
Resulting Fitness: 0.494444
-------------
Particle: 7:
Relays Coordinates:
180.775, 347.941
140.466, 205.701
82.7373, 90.8751
Evaluation Time: 1.65925 seconds
Resulting Fitness: 0.588889
-------------
Particle: 8:
Relays Coordinates:
138.086, 265.721
117.023, 177.307
54.3501, 47.1647
Evaluation Time: 1.525 seconds
Resulting Fitness: 0.5
-------------
Particle: 9:
Relays Coordinates:
119.807, 141.215
88.5091, 118.972
124.19, 111.812
Evaluation Time: 1.16908 seconds
Resulting Fitness: 0.286111
-------------
Particle: 10:
Relays Coordinates:
222.538, 356.592
179.278, 227.22
101.27, 112.609
Evaluation Time: 1.72133 seconds
Resulting Fitness: 0.616667
New local best!
-------------
Particle: 11:
Relays Coordinates:
198.755, 341.336
156.915, 213.292
84.2514, 87.1754
Evaluation Time: 1.62508 seconds
Resulting Fitness: 0.611111
New local best!
-------------
Particle: 12:
Relays Coordinates:
184.527, 333.471
147.292, 205.929
85.6917, 111.863
Evaluation Time: 1.68922 seconds
Resulting Fitness: 0.583333
-------------
Particle: 13:
Relays Coordinates:
165.151, 340.6
161.501, 234.811
100.341, 98.3132
Evaluation Time: 1.66188 seconds
Resulting Fitness: 0.577778
-------------
Particle: 14:
Relays Coordinates:
172.254, 295.752
149.126, 197.355
103.084, 99.0056
Evaluation Time: 1.5422 seconds
Resulting Fitness: 0.544444
-------------
Particle: 15:
Relays Coordinates:
179.961, 358.273
146.048, 210.41
93.5698, 95.7684
Evaluation Time: 1.70488 seconds
Resulting Fitness: 0.608333
New local best!
-------------
Particle: 16:
Relays Coordinates:
93.3962, 156.905
134.774, 123.272
73.5736, 131.184
Evaluation Time: 1.19301 seconds
Resulting Fitness: 0.305556
-------------
Particle: 17:
Relays Coordinates:
117.136, 82.2883
70.104, 133.579
57.9175, 156.905
Evaluation Time: 1.13234 seconds
Resulting Fitness: 0.277778
-------------
Particle: 18:
Relays Coordinates:
205.088, 367.589
181.541, 229.158
99.5051, 111.118
Evaluation Time: 1.75571 seconds
Resulting Fitness: 0.619444
-------------
Particle: 19:
Relays Coordinates:
180.018, 313.937
157.904, 231.869
89.8799, 100.029
Evaluation Time: 1.61228 seconds
Resulting Fitness: 0.558333
-------------
Particle: 20:
Relays Coordinates:
150.134, 333.423
142.271, 188.143
78.004, 85.3534
Evaluation Time: 1.57262 seconds
Resulting Fitness: 0.536111
Current global best fitness: 0.630556
Current global best relays: 207.346, 364.943
161.616, 228.616
94.0035, 108.036
Particle 1 new velocities: 184.105, 109.124
129.267, 172.27
86.865, 92.5011
Particle 2 new velocities: 141.928, 85.3233
89.7431, 123.552
67.727, 74.5331
Particle 3 new velocities: 72.0632, 0.186922
143.963, 96.9396
47.1183, 41.3512
Particle 4 new velocities: 74.8684, 166.111
79.1388, 58.9417
38.7743, 33.975
Particle 5 new velocities: 117.429, 449.02
281.207, 250.019
5.58847, 54.9697
Particle 6 new velocities: 113.043, 228.179
117.717, 145.59
96.3279, 74.7113
Particle 7 new velocities: 102.616, 108.906
38.965, 77.6326
22.9565, 32.3311
Particle 8 new velocities: 99.9322, 119.55
173.688, 146.842
54.056, 106.618
Particle 9 new velocities: 257.785, 412.317
158.288, 335.312
353.998, 213.858
Particle 10 new velocities: 52.9552, 78.5691
33.4429, 43.029
5.2888, 20.3478
Particle 11 new velocities: 68.749, 58.1372
35.2579, 37.7706
20.8451, 17.9336
Particle 12 new velocities: 81.4712, 127.94
47.8999, 61.7267
38.0788, 33.0728
Particle 13 new velocities: 65.6435, 152.429
72.5231, 80.4817
26.9695, 48.9138
Particle 14 new velocities: 97.2348, 169.928
53.14, 120.47
29.7705, 43.6518
Particle 15 new velocities: 61.8007, 136.11
51.2921, 74.0744
24.0233, 31.7125
Particle 16 new velocities: 260.351, 136.475
365.117, 327.061
188.853, 334.375
Particle 17 new velocities: 289.775, 515.377
209.711, 249.695
133.823, 29.8701
Particle 18 new velocities: 3.24316, 5.84634
-32.5901, 9.32135
1.1235, -7.97565
Particle 19 new velocities: 95.6175, 189.318
71.9289, 103.859
28.5668, 33.8619
Particle 20 new velocities: 31.4452, 95.0762
35.8869, 20.4212
37.9642, 42.7412
-- ITERATION 17 --
-------------
Particle: 1:
Relays Coordinates:
209.97, 221.342
188.704, 222.656
101.096, 116.835
Evaluation Time: 1.44378 seconds
Resulting Fitness: 0.472222
-------------
Particle: 2:
Relays Coordinates:
204.591, 271.214
148.422, 224.249
97.1476, 105.231
Evaluation Time: 1.58245 seconds
Resulting Fitness: 0.558333
-------------
Particle: 3:
Relays Coordinates:
167.744, 239.271
183.123, 213.449
107.32, 87.1186
Evaluation Time: 1.46949 seconds
Resulting Fitness: 0.511111
-------------
Particle: 4:
Relays Coordinates:
133.625, 288.158
119.352, 136.333
66.1612, 65.4561
Evaluation Time: 1.51078 seconds
Resulting Fitness: 0.5
-------------
Particle: 5:
Relays Coordinates:
87.5019, 193.71
172.771, 157.288
77.2124, 39.7424
Evaluation Time: 1.41413 seconds
Resulting Fitness: 0.436111
-------------
Particle: 6:
Relays Coordinates:
175.529, 364.5
156.988, 215.638
112.122, 103.361
Evaluation Time: 1.66931 seconds
Resulting Fitness: 0.572222
-------------
Particle: 7:
Relays Coordinates:
206.592, 333.042
130.805, 206.551
77.0508, 89.8173
Evaluation Time: 1.64822 seconds
Resulting Fitness: 0.602778
New local best!
-------------
Particle: 8:
Relays Coordinates:
140.547, 227.498
171.662, 191.407
64.0128, 90.8073
Evaluation Time: 1.48657 seconds
Resulting Fitness: 0.494444
-------------
Particle: 9:
Relays Coordinates:
106.643, 141.215
69.7027, 128.303
135.054, 91.9788
Evaluation Time: 1.16051 seconds
Resulting Fitness: 0.297222
-------------
Particle: 10:
Relays Coordinates:
223.15, 352.481
172.304, 218.902
86.3123, 107.695
Evaluation Time: 1.75934 seconds
Resulting Fitness: 0.638889
New local best!
New global best!
-------------
Particle: 11:
Relays Coordinates:
240.754, 359.526
172.955, 225.956
94.5869, 94.5981
Evaluation Time: 1.84131 seconds
Resulting Fitness: 0.636111
New local best!
-------------
Particle: 12:
Relays Coordinates:
193.913, 336.369
142.295, 195.121
90.2287, 105.658
Evaluation Time: 1.64173 seconds
Resulting Fitness: 0.588889
-------------
Particle: 13:
Relays Coordinates:
168.249, 359.418
170.604, 229.848
92.8095, 107.329
Evaluation Time: 1.67601 seconds
Resulting Fitness: 0.6
-------------
Particle: 14:
Relays Coordinates:
196.457, 339.481
147.452, 231.694
96.8511, 103.997
Evaluation Time: 1.70118 seconds
Resulting Fitness: 0.6
New local best!
-------------
Particle: 15:
Relays Coordinates:
158.62, 324.365
129.475, 186.65
77.1528, 83.6402
Evaluation Time: 1.59043 seconds
Resulting Fitness: 0.527778
-------------
Particle: 16:
Relays Coordinates:
111.01, 92.0658
156.871, 141.319
82.3524, 146.097
Evaluation Time: 1.28398 seconds
Resulting Fitness: 0.361111
-------------
Particle: 17:
Relays Coordinates:
216.249, 265.721
148.705, 203.688
101.899, 99.2601
Evaluation Time: 1.5628 seconds
Resulting Fitness: 0.530556
New local best!
-------------
Particle: 18:
Relays Coordinates:
208.332, 373.435
148.951, 238.48
100.629, 103.142
Evaluation Time: 1.7011 seconds
Resulting Fitness: 0.619444
-------------
Particle: 19:
Relays Coordinates:
180.844, 328.05
150.793, 220.271
77.7128, 87.8455
Evaluation Time: 1.65733 seconds
Resulting Fitness: 0.572222
-------------
Particle: 20:
Relays Coordinates:
119.134, 281.138
116.889, 136.839
76.0868, 84.0429
Evaluation Time: 1.52558 seconds
Resulting Fitness: 0.488889
Current global best fitness: 0.638889
Current global best relays: 223.15, 352.481
172.304, 218.902
86.3123, 107.695
Particle 1 new velocities: 82.5249, 118.218
97.9173, 143.635
59.463, 61.9437
Particle 2 new velocities: 106.688, 145.223
86.6033, 90.6197
45.3548, 61.1877
Particle 3 new velocities: 67.3433, 244.062
106.915, 85.1943
26.2602, 40.4381
Particle 4 new velocities: 151.765, 261.365
139.832, 165.989
66.9058, 67.6029
Particle 5 new velocities: 237.55, 69.047
239.412, 246.758
321.867, 388.245
Particle 6 new velocities: 164.184, 1.8627
101.05, 137.084
38.5458, 60.8186
Particle 7 new velocities: 88.2976, 108.775
67.801, 68.3339
20.4505, 26.7335
Particle 8 new velocities: 164.113, 256.131
133.371, 91.4447
112.302, 73.779
Particle 9 new velocities: 232.787, 259.552
263.646, 334.177
253.064, 233.818
Particle 10 new velocities: 42.3641, 62.8553
26.7544, 34.4232
4.23104, 16.2782
Particle 11 new velocities: 45.3229, 42.8743
27.5941, 25.3949
7.3107, 17.8484
Particle 12 new velocities: 84.696, 132.327
82.9975, 76.5067
31.3458, 27.3689
Particle 13 new velocities: 73.6957, 106.728
63.7226, 51.3079
20.4027, 36.0985
Particle 14 new velocities: 95.6638, 140.908
50.056, 82.7261
15.8741, 38.471
Particle 15 new velocities: 89.1791, 162.972
96.3764, 117.145
53.3514, 42.2073
Particle 16 new velocities: 226.336, 338.768
404.511, 335.738
160.335, 403.261
Particle 17 new velocities: 237.287, 47.0853
193.247, 202.288
106.292, 32.8528
Particle 18 new velocities: 16.6796, -15.8697
12.4568, -22.556
-8.32556, -3.09618
Particle 19 new velocities: 82.6447, 5.17574
95.355, 81.5568
59.0007, 44.1541
Particle 20 new velocities: 150.047, 213.744
109.39, 215.24
45.6116, 41.4935
-- ITERATION 18 --
-------------
Particle: 1:
Relays Coordinates:
172.715, 200.507
169.247, 216.291
94.8085, 105.567
Evaluation Time: 1.48108 seconds
Resulting Fitness: 0.480556
-------------
Particle: 2:
Relays Coordinates:
204.23, 273.225
154.2, 206.586
93.4958, 109.187
Evaluation Time: 1.57127 seconds
Resulting Fitness: 0.55
-------------
Particle: 3:
Relays Coordinates:
154.241, 317.115
190.293, 195.94
87.642, 83.69
Evaluation Time: 1.53705 seconds
Resulting Fitness: 0.519444
-------------
Particle: 4:
Relays Coordinates:
208.049, 364.5
188.945, 220.393
97.0058, 97
Evaluation Time: 1.70327 seconds
Resulting Fitness: 0.6
-------------
Particle: 5:
Relays Coordinates:
113.339, 91.6178
143.719, 140.882
139.15, 149.23
Evaluation Time: 1.2347 seconds
Resulting Fitness: 0.341667
-------------
Particle: 6:
Relays Coordinates:
222.886, 240.371
169.298, 231.421
98.8531, 107.718
Evaluation Time: 1.5105 seconds
Resulting Fitness: 0.525
-------------
Particle: 7:
Relays Coordinates:
214.975, 322.084
144.784, 200.391
71.0785, 84.9655
Evaluation Time: 1.66632 seconds
Resulting Fitness: 0.602778
-------------
Particle: 8:
Relays Coordinates:
179.899, 285.578
180.119, 167.021
104.112, 97.1866
Evaluation Time: 1.55909 seconds
Resulting Fitness: 0.530556
-------------
Particle: 9:
Relays Coordinates:
95.8653, 113.188
94.1475, 130.618
109.616, 92.0146
Evaluation Time: 1.11814 seconds
Resulting Fitness: 0.272222
-------------
Particle: 10:
Relays Coordinates:
215.066, 336.422
161.237, 205.193
73.3401, 100.418
Evaluation Time: 1.71014 seconds
Resulting Fitness: 0.602778
-------------
Particle: 11:
Relays Coordinates:
231.722, 325.944
162.445, 203.595
82.537, 91.0816
Evaluation Time: 1.63873 seconds
Resulting Fitness: 0.594444
-------------
Particle: 12:
Relays Coordinates:
203.106, 341.679
164.238, 198.016
88.6278, 96.9768
Evaluation Time: 1.70273 seconds
Resulting Fitness: 0.619444
-------------
Particle: 13:
Relays Coordinates:
195.975, 377.578
189.804, 227.737
91.7019, 116.176
Evaluation Time: 1.69208 seconds
Resulting Fitness: 0.611111
New local best!
-------------
Particle: 14:
Relays Coordinates:
212.956, 350.203
143.983, 229.213
82.1767, 103.859
Evaluation Time: 1.65699 seconds
Resulting Fitness: 0.616667
New local best!
-------------
Particle: 15:
Relays Coordinates:
180.646, 355.269
164.645, 221.467
95.1376, 91.7429
Evaluation Time: 1.65714 seconds
Resulting Fitness: 0.608333
-------------
Particle: 16:
Relays Coordinates:
95.2764, 121.68
141.215, 134.735
68.5421, 141.215
Evaluation Time: 1.23396 seconds
Resulting Fitness: 0.305556
-------------
Particle: 17:
Relays Coordinates:
216.925, 149.614
163.555, 194.177
99.5769, 63.1892
Evaluation Time: 1.50557 seconds
Resulting Fitness: 0.430556
-------------
Particle: 18:
Relays Coordinates:
202.51, 321.809
145.267, 194.331
83.0727, 90.0416
Evaluation Time: 1.65315 seconds
Resulting Fitness: 0.586111
-------------
Particle: 19:
Relays Coordinates:
192.083, 242.922
179.442, 220.033
99.6642, 96.2277
Evaluation Time: 1.51154 seconds
Resulting Fitness: 0.494444
-------------
Particle: 20:
Relays Coordinates:
158.949, 292.223
133.616, 207.899
71.8616, 74.1279
Evaluation Time: 1.52483 seconds
Resulting Fitness: 0.505556
Current global best fitness: 0.638889
Current global best relays: 223.15, 352.481
172.304, 218.902
86.3123, 107.695
Particle 1 new velocities: 121.745, 284.663
83.251, 122.657
48.105, 52.7203
Particle 2 new velocities: 86.0312, 267.78
77.4951, 92.7236
37.9447, 43.6358
Particle 3 new velocities: 140.83, 252.215
51.095, 119.104
32.2733, 55.3328
Particle 4 new velocities: 122.5, -15.5112
52.4746, 132.539
40.4734, 55.833
Particle 5 new velocities: 219.842, 240.901
311.18, 232.521
431.297, 355.345
Particle 6 new velocities: 86.0713, 192.884
68.6468, 96.2855
19.5807, 47.8996
Particle 7 new velocities: 63.923, 112.633
44.9479, 69.4269
36.5881, 23.0574
Particle 8 new velocities: 173.114, 281.568
77.6455, 109.092
68.3198, 29.8765
Particle 9 new velocities: 359.038, 547.295
203.951, 271.9
301.634, 261.987
Particle 10 new velocities: 46.7481, 71.8418
29.7822, 54.997
15.9805, 34.6769
Particle 11 new velocities: 36.8125, 44.627
35.6367, 27.5316
11.6398, 29.329
Particle 12 new velocities: 90.6449, 130.808
71.1878, 102.939
25.2446, 46.4947
Particle 13 new velocities: 89.1411, 67.294
39.8295, 35.6169
12.0527, 20.7973
Particle 14 new velocities: 86.8722, 113.603
63.7076, 54.9395
14.2796, 31.9506
Particle 15 new velocities: 91.102, 130.002
77.8411, 88.9747
39.2985, 56.6739
Particle 16 new velocities: 171.726, 386.005
169.494, 299.221
215.152, 17.6913
Particle 17 new velocities: 189.369, 123.019
145.407, 181.233
77.8614, 100.674
Particle 18 new velocities: 18.8283, 39.9925
62.1392, 41.8426
12.7591, 12.5401
Particle 19 new velocities: 102.556, 185.439
61.8561, 65.2094
53.9455, 34.697
Particle 20 new velocities: 167.126, 287.358
151.13, 183.574
78.788, 100.389
-- ITERATION 19 --
-------------
Particle: 1:
Relays Coordinates:
193.195, 318.32
165.664, 222.384
93.7655, 103.852
Evaluation Time: 1.59883 seconds
Resulting Fitness: 0.561111
-------------
Particle: 2:
Relays Coordinates:
211.6, 364.5
168.906, 218.196
95.8202, 111.408
Evaluation Time: 1.66789 seconds
Resulting Fitness: 0.633333
New local best!
-------------
Particle: 3:
Relays Coordinates:
193.596, 328.05
158.375, 206.701
78.6764, 91.2128
Evaluation Time: 1.62963 seconds
Resulting Fitness: 0.561111
-------------
Particle: 4:
Relays Coordinates:
216.873, 228.972
158.395, 231.558
90.2001, 100.274
Evaluation Time: 1.54669 seconds
Resulting Fitness: 0.533333
-------------
Particle: 5:
Relays Coordinates:
104.556, 104.348
142.752, 117.178
156.905, 156.905
Evaluation Time: 1.26978 seconds
Resulting Fitness: 0.380556
-------------
Particle: 6:
Relays Coordinates:
225.23, 315.843
173.462, 238.898
86.3383, 113.445
Evaluation Time: 1.65221 seconds
Resulting Fitness: 0.594444
-------------
Particle: 7:
Relays Coordinates:
225.907, 352.121
153.683, 218.552
87.2099, 87.4986
Evaluation Time: 1.70878 seconds
Resulting Fitness: 0.65
New local best!
New global best!
-------------
Particle: 8:
Relays Coordinates:
208.451, 295.245
152.207, 163.042
101.819, 75.0295
Evaluation Time: 1.61125 seconds
Resulting Fitness: 0.566667
New local best!
-------------
Particle: 9:
Relays Coordinates:
128.478, 141.215
84.1917, 113.683
116.149, 99.9807
Evaluation Time: 1.17769 seconds
Resulting Fitness: 0.308333
-------------
Particle: 10:
Relays Coordinates:
235.633, 367.438
171.918, 234.171
80.3885, 121.586
Evaluation Time: 1.69805 seconds
Resulting Fitness: 0.644444
New local best!
-------------
Particle: 11:
Relays Coordinates:
241.681, 333.514
178.273, 208.014
84.7592, 108.37
Evaluation Time: 1.66909 seconds
Resulting Fitness: 0.602778
-------------
Particle: 12:
Relays Coordinates:
214.144, 344.443
171.625, 219.397
83.013, 104.591
Evaluation Time: 1.64612 seconds
Resulting Fitness: 0.602778
-------------
Particle: 13:
Relays Coordinates:
230.944, 360.346
186.003, 213.316
84.0412, 110.948
Evaluation Time: 1.682 seconds
Resulting Fitness: 0.613889
New local best!
-------------
Particle: 14:
Relays Coordinates:
218.575, 338.115
151.406, 207.147
70.3166, 99.0055
Evaluation Time: 1.65635 seconds
Resulting Fitness: 0.625
New local best!
-------------
Particle: 15:
Relays Coordinates:
198.104, 353.762
176.773, 226.312
98.0039, 108.196
Evaluation Time: 1.64259 seconds
Resulting Fitness: 0.608333
-------------
Particle: 16:
Relays Coordinates:
114.936, 215.234
133.75, 186.804
122.121, 68.4038
Evaluation Time: 1.46483 seconds
Resulting Fitness: 0.463889
-------------
Particle: 17:
Relays Coordinates:
239.913, 160.987
182.439, 221.676
104.776, 96.7593
Evaluation Time: 1.5272 seconds
Resulting Fitness: 0.5
-------------
Particle: 18:
Relays Coordinates:
179.284, 293.059
167.999, 191.301
77.6238, 83.0912
Evaluation Time: 1.56745 seconds
Resulting Fitness: 0.552778
-------------
Particle: 19:
Relays Coordinates:
214.792, 312.275
175.906, 207.941
111.981, 95.4441
Evaluation Time: 1.60439 seconds
Resulting Fitness: 0.575
-------------
Particle: 20:
Relays Coordinates:
192.544, 295.245
168.14, 231.161
88.9571, 103.05
Evaluation Time: 1.58898 seconds
Resulting Fitness: 0.563889
Current global best fitness: 0.65
Current global best relays: 225.907, 352.121
153.683, 218.552
87.2099, 87.4986
Particle 1 new velocities: 100.134, 309.941
82.7657, 101.405
44.9547, 26.7922
Particle 2 new velocities: 81.5867, -11.6535
48.702, 74.2354
26.9093, 26.4276
Particle 3 new velocities: 111.623, 47.5474
70.2451, 123.913
77.4825, 44.1933
Particle 4 new velocities: 63.0427, 153.396
31.0217, 100.128
32.7274, 28.6873
Particle 5 new velocities: 292.013, 286.058
356.268, 246.517
146.902, -20.0932
Particle 6 new velocities: 46.0155, 204.262
23.2426, 51.4942
18.7625, 5.05534
Particle 7 new velocities: 51.1384, 90.1066
35.9583, 55.5415
29.2705, 18.4459
Particle 8 new velocities: 141.737, 2.05276
63.7815, 89.6092
48.9798, 37.8746
Particle 9 new velocities: 407.888, 302.927
239.771, 344.75
357.538, 267.979
Particle 10 new velocities: 35.3324, 48.8881
9.66432, 34.0043
16.2612, -7.66852
Particle 11 new velocities: 9.34318, 66.4203
1.88415, 53.4668
14.2918, -5.09733
Particle 12 new velocities: 72.8381, 114.572
38.4492, 97.2213
29.9543, 39.3345
Particle 13 new velocities: 71.281, 44.0074
5.65909, 31.0525
13.6035, 2.33474
Particle 14 new velocities: 71.3733, 97.9998
52.101, 46.9524
23.9897, 20.5644
Particle 15 new velocities: 88.0475, 106.259
43.9116, 38.7558
27.358, 19.0311
Particle 16 new velocities: 179.994, 64.6852
287.706, 213.854
176.096, 300.714
Particle 17 new velocities: 121.53, 200.943
67.011, 125.396
56.7215, 79.423
Particle 18 new velocities: 27.334, 142.656
28.2844, 119.814
15.0451, 37.3966
Particle 19 new velocities: 90.337, 210.036
37.5954, 66.8054
31.8129, 22.7898
Particle 20 new velocities: 78.7893, 23.2194
117.166, 123.386
72.73, 68.2363
-- ITERATION 20 --
-------------
Particle: 1:
Relays Coordinates:
192.453, 328.05
162.995, 212.438
91.0143, 85.716
Evaluation Time: 1.60974 seconds
Resulting Fitness: 0.577778
New local best!
-------------
Particle: 2:
Relays Coordinates:
237.481, 285.806
176.262, 236.87
99.4109, 111.647
Evaluation Time: 1.58153 seconds
Resulting Fitness: 0.563889
-------------
Particle: 3:
Relays Coordinates:
222.504, 273.81
166.664, 241.017
113.84, 98.711
Evaluation Time: 1.58467 seconds
Resulting Fitness: 0.558333
-------------
Particle: 4:
Relays Coordinates:
183.653, 250.871
124.276, 217.62
80.6528, 84.6113
Evaluation Time: 1.51635 seconds
Resulting Fitness: 0.513889
-------------
Particle: 5:
Relays Coordinates:
170.71, 168.057
214.812, 156.559
130.779, 58.8931
Evaluation Time: 1.32761 seconds
Resulting Fitness: 0.352778
-------------
Particle: 6:
Relays Coordinates:
177.964, 328.05
129.058, 190.526
68.9566, 77.7482
Evaluation Time: 1.6112 seconds
Resulting Fitness: 0.55
-------------
Particle: 7:
Relays Coordinates:
224.407, 358.204
153.609, 222.016
94.3492, 85.815
Evaluation Time: 1.69724 seconds
Resulting Fitness: 0.641667
-------------
Particle: 8:
Relays Coordinates:
283.652, 240.811
174.951, 204.647
122.147, 91.4523
Evaluation Time: 1.52382 seconds
Resulting Fitness: 0.461111
-------------
Particle: 9:
Relays Coordinates:
127.093, 112.895
82.347, 116.528
120.405, 93.5303
Evaluation Time: 1.11369 seconds
Resulting Fitness: 0.291667
-------------
Particle: 10:
Relays Coordinates:
219.482, 337.224
147.081, 217.222
78.2863, 92.2729
Evaluation Time: 1.66207 seconds
Resulting Fitness: 0.627778
-------------
Particle: 11:
Relays Coordinates:
203.33, 323.947
145.928, 211.799
80.2313, 83.6505
Evaluation Time: 1.6606 seconds
Resulting Fitness: 0.591667
-------------
Particle: 12:
Relays Coordinates:
209.21, 334.622
153.144, 230.815
82.3532, 104.922
Evaluation Time: 1.66155 seconds
Resulting Fitness: 0.625
-------------
Particle: 13:
Relays Coordinates:
220.322, 294.774
139.722, 178.145
71.183, 82.5833
Evaluation Time: 1.64379 seconds
Resulting Fitness: 0.591667
-------------
Particle: 14:
Relays Coordinates:
211.372, 317.928
148.357, 185.238
68.7493, 87.1664
Evaluation Time: 1.65124 seconds
Resulting Fitness: 0.586111
-------------
Particle: 15:
Relays Coordinates:
208.604, 335.356
160.879, 193.234
91.3888, 92.7484
Evaluation Time: 1.67496 seconds
Resulting Fitness: 0.6
-------------
Particle: 16:
Relays Coordinates:
102.836, 97.6017
146.953, 139.701
103.982, 128.703
Evaluation Time: 1.23768 seconds
Resulting Fitness: 0.338889
-------------
Particle: 17:
Relays Coordinates:
213.428, 213.716
147.297, 204.943
95.3624, 104.034
Evaluation Time: 1.49152 seconds
Resulting Fitness: 0.5
-------------
Particle: 18:
Relays Coordinates:
135.562, 285.872
128.782, 204.122
60.8001, 79.0521
Evaluation Time: 1.48298 seconds
Resulting Fitness: 0.497222
-------------
Particle: 19:
Relays Coordinates:
180.176, 295.245
126.071, 162.235
84.9092, 69.816
Evaluation Time: 1.60563 seconds
Resulting Fitness: 0.536111
-------------
Particle: 20:
Relays Coordinates:
178.022, 208.945
187.189, 232.618
106.083, 112.381
Evaluation Time: 1.50093 seconds
Resulting Fitness: 0.463889
Final Evaluation Time: 623.511 seconds
Final global best fitness: 0.65
Final global best relays:
225.907, 352.121
153.683, 218.552
87.2099, 87.4986
