PSO EXECUTION
============================
Seed: 8787617
Particles: 20
Relays: 3
Iterations: 20
Backend: Surrogate
Network Configuration: 1
Area: 500 x 500
Sink: 0, 0
Simulated Relay range: 155
w: 0.8
c1: 1.7
c2: 1.3

Relay Nodes Positions: 
PARTICLE 1: 
136.306, 108.887
253.663, 179.051
22.4129, 112.741
PARTICLE 2: 
65.8173, 277.811
197.529, 251.172
69.8339, 133.422
PARTICLE 3: 
58.8808, 92.1991
101.115, 101.86
143.937, 72.2438
PARTICLE 4: 
108.738, 157.854
275.527, 37.4896
143.603, 55.8776
PARTICLE 5: 
139.932, 53.8937
243.598, 133.129
175.625, 78.8037
PARTICLE 6: 
256.049, 73.5308
106.262, 21.0247
171.772, 59.8049
PARTICLE 7: 
170.448, 45.1111
138.629, 67.2767
11.3803, 48.7663
PARTICLE 8: 
147.481, 4.71034
132.481, 158.163
231.901, 227.042
PARTICLE 9: 
160.224, 20.8171
87.2568, 120.731
82.9204, 106.063
PARTICLE 10: 
10.2953, 31.1795
244.075, 97.7773
125.224, 37.3075
PARTICLE 11: 
35.9766, 62.7202
23.0829, 169.869
16.8037, 270.894
PARTICLE 12: 
74.4224, 84.3612
159.701, 80.4229
143.151, 223.217
PARTICLE 13: 
0.234301, 68.6432
107.801, 213.565
79.5882, 72.6137
PARTICLE 14: 
29.7339, 49.001
51.1753, 201.463
52.7089, 254.115
PARTICLE 15: 
215.968, 111.39
14.6081, 7.76915
98.6302, 37.2168
PARTICLE 16: 
211.326, 101.665
99.712, 191.134
92.5209, 60.0698
PARTICLE 17: 
45.8361, 146.687
260.855, 37.8405
127.38, 27.668
PARTICLE 18: 
81.884, 218.488
103.877, 102.133
45.8969, 352.72
PARTICLE 19: 
82.1256, 95.5931
113.353, 245.629
201.341, 228.538
PARTICLE 20: 
111.404, 166.927
149.568, 154.41
85.2131, 59.5804
Nodes Positions: 
240.106, 489.678
183.39, 173.039
316.919, 379.195
366.947, 156.51
482.569, 120.783
305.967, 362.38
461.283, 93.2903
108.636, 291.958
328.655, 409.736
126.486, 435.918
363.939, 218.514
250.136, 1.41476
40.7656, 263.887
267.483, 39.66
203.159, 368.309
352.876, 128.806
41.897, 396.747
426.027, 205.064
98.2365, 318.33
448.774, 308.302
23.2698, 342.811
455.681, 136.128
27.5929, 10.5723
176.51, 267.175
344.377, 388.418
215.818, 212.321
245.601, 256.768
88.154, 109.016
53.2187, 280.886
280.84, 453.27
71.8489, 60.8636
169.829, 196.599
496.705, 49.4101
263.903, 356.448
313.13, 87.3684
0.205253, 245.373
143.258, 337.292
397.859, 187.433
62.5358, 52.4291
485.278, 423.143
404.609, 308.508
232.37, 67.3434
339.868, 164.161
123.126, 466.938
434.991, 148.544
136.335, 177.265
415.893, 18.6639
102.726, 27.7662
76.5231, 105.138
380.659, 237.637
473.279, 448.521
16.1543, 493.219
291.988, 229.45
155.308, 328.095
161.402, 481.531
422.536, 432.576
219.107, 81.2439
383.918, 290.569
192.978, 461.311
286.06, 404.507
All particles start with velocity zero
-- ITERATION 0 --
-------------
Particle: 1:
Relays Coordinates:
136.306, 108.887
253.663, 179.051
22.4129, 112.741
Evaluation Time: 0.0693072 seconds
Resulting Fitness: 0.426588
New local best!
New global best!
-------------
Particle: 2:
Relays Coordinates:
65.8173, 277.811
197.529, 251.172
69.8339, 133.422
Evaluation Time: 0.0572895 seconds
Resulting Fitness: 0.429914
New local best!
New global best!
-------------
Particle: 3:
Relays Coordinates:
58.8808, 92.1991
101.115, 101.86
143.937, 72.2438
Evaluation Time: 0.0543282 seconds
Resulting Fitness: 0.250628
New local best!
-------------
Particle: 4:
Relays Coordinates:
108.738, 157.854
275.527, 37.4896
143.603, 55.8776
Evaluation Time: 0.0587727 seconds
Resulting Fitness: 0.406195
New local best!
-------------
Particle: 5:
Relays Coordinates:
139.932, 53.8937
243.598, 133.129
175.625, 78.8037
Evaluation Time: 0.0659114 seconds
Resulting Fitness: 0.391495
New local best!
-------------
Particle: 6:
Relays Coordinates:
256.049, 73.5308
106.262, 21.0247
171.772, 59.8049
Evaluation Time: 0.0707105 seconds
Resulting Fitness: 0.336412
New local best!
-------------
Particle: 7:
Relays Coordinates:
170.448, 45.1111
138.629, 67.2767
11.3803, 48.7663
Evaluation Time: 0.0678761 seconds
Resulting Fitness: 0.266076
New local best!
-------------
Particle: 8:
Relays Coordinates:
147.481, 4.71034
132.481, 158.163
231.901, 227.042
Evaluation Time: 0.0513134 seconds
Resulting Fitness: 0.45902
New local best!
New global best!
-------------
Particle: 9:
Relays Coordinates:
160.224, 20.8171
87.2568, 120.731
82.9204, 106.063
Evaluation Time: 0.0519721 seconds
Resulting Fitness: 0.251
New local best!
-------------
Particle: 10:
Relays Coordinates:
10.2953, 31.1795
244.075, 97.7773
125.224, 37.3075
Evaluation Time: 0.0688596 seconds
Resulting Fitness: 0.346755
New local best!
-------------
Particle: 11:
Relays Coordinates:
35.9766, 62.7202
23.0829, 169.869
16.8037, 270.894
Evaluation Time: 0.0622155 seconds
Resulting Fitness: 0.319472
New local best!
-------------
Particle: 12:
Relays Coordinates:
74.4224, 84.3612
159.701, 80.4229
143.151, 223.217
Evaluation Time: 0.0511317 seconds
Resulting Fitness: 0.416744
New local best!
-------------
Particle: 13:
Relays Coordinates:
0.234301, 68.6432
107.801, 213.565
79.5882, 72.6137
Evaluation Time: 0.0505371 seconds
Resulting Fitness: 0.36135
New local best!
-------------
Particle: 14:
Relays Coordinates:
29.7339, 49.001
51.1753, 201.463
52.7089, 254.115
Evaluation Time: 0.0611295 seconds
Resulting Fitness: 0.35073
New local best!
-------------
Particle: 15:
Relays Coordinates:
215.968, 111.39
14.6081, 7.76915
98.6302, 37.2168
Evaluation Time: 0.0623319 seconds
Resulting Fitness: 0.344656
New local best!
-------------
Particle: 16:
Relays Coordinates:
211.326, 101.665
99.712, 191.134
92.5209, 60.0698
Evaluation Time: 0.0503157 seconds
Resulting Fitness: 0.424384
New local best!
-------------
Particle: 17:
Relays Coordinates:
45.8361, 146.687
260.855, 37.8405
127.38, 27.668
Evaluation Time: 0.051036 seconds
Resulting Fitness: 0.342949
New local best!
-------------
Particle: 18:
Relays Coordinates:
81.884, 218.488
103.877, 102.133
45.8969, 352.72
Evaluation Time: 0.0551172 seconds
Resulting Fitness: 0.445969
New local best!
-------------
Particle: 19:
Relays Coordinates:
82.1256, 95.5931
113.353, 245.629
201.341, 228.538
Evaluation Time: 0.0646606 seconds
Resulting Fitness: 0.432845
New local best!
-------------
Particle: 20:
Relays Coordinates:
111.404, 166.927
149.568, 154.41
85.2131, 59.5804
Evaluation Time: 0.062673 seconds
Resulting Fitness: 0.33323
New local best!
Current global best fitness: 0.45902
Current global best relays: 147.481, 4.71034
132.481, 158.163
231.901, 227.042
Particle 1 new velocities: 12.0261, -1.05247
-2.12319, -6.87046
270.132, 67.7039
Particle 2 new velocities: 73.5349, -192.634
-8.62519, -66.8448
5.60723, 115.915
Particle 3 new velocities: 44.6017, -37.7286
27.3265, 71.8071
23.9697, 197.834
Particle 4 new velocities: 49.4324, -48.7967
-158.746, 141.42
108.996, 23.337
Particle 5 new velocities: 9.22015, -46.0731
-129.659, 9.15865
60.0948, 18.2677
Particle 6 new velocities: -82.5998, -28.037
8.17609, 28.6368
76.3985, 173.583
Particle 7 new velocities: -9.58853, -36.1343
-1.63278, 36.0577
171.825, 77.1918
Particle 8 new velocities: 0, 0
0, 0
0, 0
Particle 9 new velocities: -8.55814, -20.1487
22.6789, 38.7946
83.4183, 57.2953
Particle 10 new velocities: 43.7079, -29.7525
-12.0312, 44.7625
22.499, 111.749
Particle 11 new velocities: 97.1384, -3.47319
51.3366, -13.119
230.699, -24.5992
Particle 12 new velocities: 16.1402, -58.0206
-25.0043, 84.6678
110.619, 0.886085
Particle 13 new velocities: 49.9376, -0.223948
10.5338, -56.7529
73.2662, 180.816
Particle 14 new velocities: 143.825, -39.5595
30.2987, -20.9087
49.4012, -18.2596
Particle 15 new velocities: -43.2613, -45.2321
46.2837, 184.733
44.5147, 67.8651
Particle 16 new velocities: -65.2886, -36.5024
10.8421, -18.8017
146.901, 71.1021
Particle 17 new velocities: 27.44, -101.099
-17.1208, 68.9642
69.6919, 197.707
Particle 18 new velocities: 10.4407, -27.6128
21.61, 64.167
238.186, -151.395
Particle 19 new velocities: 27.1328, -48.8129
8.34086, -46.1496
28.4145, -0.218193
Particle 20 new velocities: 35.7785, -118.779
-6.52597, 2.75518
57.2416, 18.4543
-- ITERATION 1 --
-------------
Particle: 1:
Relays Coordinates:
120.149, 87.346
203.747, 139.467
236.961, 146.16
Evaluation Time: 0.0645942 seconds
Resulting Fitness: 0.390205
-------------
Particle: 2:
Relays Coordinates:
125.417, 76.6595
170.013, 165.894
67.897, 224.403
Evaluation Time: 0.0583471 seconds
Resulting Fitness: 0.433736
New local best!
-------------
Particle: 3:
Relays Coordinates:
103.482, 54.4705
128.442, 173.667
167.907, 270.078
Evaluation Time: 0.0653546 seconds
Resulting Fitness: 0.43542
New local best!
-------------
Particle: 4:
Relays Coordinates:
115.306, 79.5024
85.1334, 130.425
184.145, 57.7474
Evaluation Time: 0.0521223 seconds
Resulting Fitness: 0.299428
-------------
Particle: 5:
Relays Coordinates:
149.152, 7.82066
113.939, 142.288
235.72, 97.0714
Evaluation Time: 0.0511616 seconds
Resulting Fitness: 0.391797
New local best!
-------------
Particle: 6:
Relays Coordinates:
126.444, 33.165
83.4255, 36.2033
180.916, 170.139
Evaluation Time: 0.0622649 seconds
Resulting Fitness: 0.339793
New local best!
-------------
Particle: 7:
Relays Coordinates:
144.773, 8.07917
123.297, 93.0009
164.884, 113.362
Evaluation Time: 0.0513602 seconds
Resulting Fitness: 0.274436
New local best!
-------------
Particle: 8:
Relays Coordinates:
147.481, 4.71034
132.481, 158.163
231.901, 227.042
Evaluation Time: 0.0539512 seconds
Resulting Fitness: 0.45902
-------------
Particle: 9:
Relays Coordinates:
136.499, 0.601583
98.9421, 143.573
149.705, 147.023
Evaluation Time: 0.0636305 seconds
Resulting Fitness: 0.357929
New local best!
-------------
Particle: 10:
Relays Coordinates:
43.7426, 1.15584
187.956, 115.457
119.656, 120.735
Evaluation Time: 0.0517016 seconds
Resulting Fitness: 0.290785
-------------
Particle: 11:
Relays Coordinates:
97.0408, 43.1911
54.2518, 114.271
180.429, 179.549
Evaluation Time: 0.0510438 seconds
Resulting Fitness: 0.329628
New local best!
-------------
Particle: 12:
Relays Coordinates:
90.5626, 26.3406
134.697, 165.091
253.77, 224.103
Evaluation Time: 0.0647681 seconds
Resulting Fitness: 0.502617
New local best!
New global best!
-------------
Particle: 13:
Relays Coordinates:
50.1719, 68.4192
118.335, 156.812
152.854, 253.43
Evaluation Time: 0.0545514 seconds
Resulting Fitness: 0.419717
New local best!
-------------
Particle: 14:
Relays Coordinates:
126.525, 6.8828
59.3946, 131.624
74.4383, 171.938
Evaluation Time: 0.0545304 seconds
Resulting Fitness: 0.353896
New local best!
-------------
Particle: 15:
Relays Coordinates:
139.892, 53.5879
49.3224, 155.927
115.947, 85.1164
Evaluation Time: 0.064424 seconds
Resulting Fitness: 0.318315
-------------
Particle: 16:
Relays Coordinates:
131.434, 58.6464
99.4987, 155.099
215.479, 118.055
Evaluation Time: 0.0656655 seconds
Resulting Fitness: 0.416208
-------------
Particle: 17:
Relays Coordinates:
59.3536, 36.9262
197.424, 86.5118
159.628, 182.553
Evaluation Time: 0.0674455 seconds
Resulting Fitness: 0.40399
New local best!
-------------
Particle: 18:
Relays Coordinates:
67.3047, 139.148
91.4804, 121.233
207.096, 146.766
Evaluation Time: 0.0535357 seconds
Resulting Fitness: 0.389638
-------------
Particle: 19:
Relays Coordinates:
109.258, 46.7802
121.694, 199.48
229.756, 228.32
Evaluation Time: 0.0584689 seconds
Resulting Fitness: 0.472078
New local best!
-------------
Particle: 20:
Relays Coordinates:
147.183, 48.1486
143.042, 157.165
142.455, 78.0347
Evaluation Time: 0.0535223 seconds
Resulting Fitness: 0.32988
Current global best fitness: 0.502617
Current global best relays: 90.5626, 26.3406
134.697, 165.091
253.77, 224.103
Particle 1 new velocities: 22.8752, -51.5749
12.6663, 59.8959
161.416, 32.8602
Particle 2 new velocities: 57.3546, -192.521
-15.0948, -53.8594
91.4081, 92.3877
Particle 3 new velocities: 23.7098, -39.5671
27.6173, 49.8545
57.8941, 99.583
Particle 4 new velocities: 30.7008, -41.2507
213.39, 1.98634
83.6345, 61.7317
Particle 5 new velocities: -27.256, -34.8714
-91.7192, 9.87263
68.3364, 18.3235
Particle 6 new velocities: -71.707, -23.1812
21.5666, 33.7938
77.8767, 142.973
Particle 7 new velocities: -46.5022, -25.3641
-0.341879, 90.361
247.252, 132.495
Particle 8 new velocities: -23.6203, 9.79255
1.09544, 6.8488
25.9922, -2.64845
Particle 9 new velocities: -48.6187, -11.5945
35.5804, 57.6412
153.02, 138.622
Particle 10 new velocities: 73.7295, 11.3222
5.36096, 63.5123
140.711, 105.672
Particle 11 new velocities: 73.4312, -20.646
76.8876, 2.9062
188.047, 36.2033
Particle 12 new velocities: 12.9122, -46.4165
-20.0035, 67.7342
88.4954, 0.708868
Particle 13 new velocities: 61.1474, -14.1055
9.1658, -39.1439
158.674, 120.146
Particle 14 new velocities: 97.8449, -30.5986
47.2872, 4.6852
177.931, 37.8208
Particle 15 new velocities: -29.5226, -12.1113
94.9719, 115.292
115.268, 57.6963
Particle 16 new velocities: -5.7398, 12.6471
17.9396, 38.7119
144.787, -24.1542
Particle 17 new velocities: 25.6435, -91.735
-28.7728, 95.792
141.374, 180.313
Particle 18 new velocities: 29.9596, -32.3724
64.3345, 96.5808
-10.2009, 60.415
Particle 19 new velocities: 13.0944, -59.1073
18.5178, -74.4969
40.5448, -4.07621
Particle 20 new velocities: -21.1028, -111.309
-8.67492, 8.32848
119.393, 113.853
-- ITERATION 2 --
-------------
Particle: 1:
Relays Coordinates:
115.85, 28.9746
175.295, 161.484
322.686, 145.007
Evaluation Time: 0.0611467 seconds
Resulting Fitness: 0.503643
New local best!
New global best!
-------------
Particle: 2:
Relays Coordinates:
133.24, 0
112.936, 81.6733
116.133, 230.941
Evaluation Time: 0.058171 seconds
Resulting Fitness: 0.410619
-------------
Particle: 3:
Relays Coordinates:
92.7232, 10.8646
113.767, 162.947
164.609, 269.483
Evaluation Time: 0.0506307 seconds
Resulting Fitness: 0.421113
-------------
Particle: 4:
Relays Coordinates:
146.007, 38.2518
298.524, 132.411
267.779, 119.479
Evaluation Time: 0.051581 seconds
Resulting Fitness: 0.445649
New local best!
-------------
Particle: 5:
Relays Coordinates:
79.9759, 0
14.5782, 99.8326
199.491, 75.7106
Evaluation Time: 0.0506874 seconds
Resulting Fitness: 0.297053
-------------
Particle: 6:
Relays Coordinates:
29.0896, 5.30577
55.7971, 37.1993
137.533, 166.401
Evaluation Time: 0.0575744 seconds
Resulting Fitness: 0.327669
-------------
Particle: 7:
Relays Coordinates:
47.0027, 0
58.8089, 87.7015
197.123, 117.593
Evaluation Time: 0.0567812 seconds
Resulting Fitness: 0.322999
New local best!
-------------
Particle: 8:
Relays Coordinates:
123.86, 14.5029
133.577, 165.012
257.894, 224.393
Evaluation Time: 0.0515348 seconds
Resulting Fitness: 0.524097
New local best!
New global best!
-------------
Particle: 9:
Relays Coordinates:
64.0648, 0
98.0669, 146.685
220.686, 208.235
Evaluation Time: 0.0607266 seconds
Resulting Fitness: 0.3987
New local best!
-------------
Particle: 10:
Relays Coordinates:
95.1524, 10.1072
156.587, 144.965
210.897, 183.39
Evaluation Time: 0.0601224 seconds
Resulting Fitness: 0.343037
-------------
Particle: 11:
Relays Coordinates:
100.662, 13.3126
77.4365, 69.1918
217.582, 127.399
Evaluation Time: 0.0743436 seconds
Resulting Fitness: 0.363092
New local best!
-------------
Particle: 12:
Relays Coordinates:
67.8898, 0
75.2505, 152.756
224.56, 147.499
Evaluation Time: 0.0638859 seconds
Resulting Fitness: 0.425676
-------------
Particle: 13:
Relays Coordinates:
53.2437, 25.9781
60.9831, 56.2803
149.003, 178.68
Evaluation Time: 0.0511126 seconds
Resulting Fitness: 0.353648
-------------
Particle: 14:
Relays Coordinates:
181.739, 0
86.4122, 110.41
204.419, 169.905
Evaluation Time: 0.0624359 seconds
Resulting Fitness: 0.353448
-------------
Particle: 15:
Relays Coordinates:
99.3325, 37.3289
129.865, 244.097
208.094, 128.531
Evaluation Time: 0.0640481 seconds
Resulting Fitness: 0.500119
New local best!
-------------
Particle: 16:
Relays Coordinates:
82.4677, 46.7757
77.0513, 127.159
236.371, 61.6082
Evaluation Time: 0.0546553 seconds
Resulting Fitness: 0.333817
-------------
Particle: 17:
Relays Coordinates:
55.7666, 0
110.652, 119.61
197.488, 238.077
Evaluation Time: 0.0555736 seconds
Resulting Fitness: 0.388911
-------------
Particle: 18:
Relays Coordinates:
97.2642, 106.775
155.815, 217.813
196.895, 207.181
Evaluation Time: 0.0603844 seconds
Resulting Fitness: 0.392717
-------------
Particle: 19:
Relays Coordinates:
110.118, 0
126.191, 112.485
243.27, 201.819
Evaluation Time: 0.0598535 seconds
Resulting Fitness: 0.400942
-------------
Particle: 20:
Relays Coordinates:
113.472, 0
120.93, 148.944
235.663, 172.699
Evaluation Time: 0.0621083 seconds
Resulting Fitness: 0.435123
New local best!
Current global best fitness: 0.524097
Current global best relays: 123.86, 14.5029
133.577, 165.012
257.894, 224.393
Particle 1 new velocities: 25.6246, -50.1249
-4.22283, 48.6763
105.782, 77.0573
Particle 2 new velocities: 26.4892, 128.408
82.8148, 27.2779
182.28, 60.4642
Particle 3 new velocities: 31.1628, 4.88054
36.6936, 40.9792
64.6562, 61.9314
Particle 4 new velocities: 3.50956, -54.4629
160.19, 39.5324
61.7545, 128.198
Particle 5 new velocities: 17.3294, 11.61
-16.6013, 102.344
94.851, 152.275
Particle 6 new velocities: 30.8797, 9.3558
71.6183, 54.1323
143.712, 166.125
Particle 7 new velocities: -28.253, 0.372672
7.1317, 158.754
236.17, 182.822
Particle 8 new velocities: -18.8963, 7.83404
0.876355, 5.47904
20.7938, -2.11876
Particle 9 new velocities: -26.9733, 10.6771
67.6243, 58.8627
170.172, 131.049
Particle 10 new velocities: 53.4895, 37.8585
38.6615, 15.3212
17.987, -59.647
Particle 11 new velocities: 61.2886, -15.2217
103.442, 99.1159
154.708, 30.6984
Particle 12 new velocities: 33.8419, 23.4563
111.454, 69.639
133.822, 49.335
Particle 13 new velocities: 140.197, 29.3031
69.3552, 137.396
242.469, 196.084
Particle 14 new velocities: 0.642853, 9.14059
29.1402, 94.4158
-1.14003, 49.7889
Particle 15 new velocities: 3.23334, -28.5118
80.461, -1.56662
107.4, 158.115
Particle 16 new velocities: 63.6095, 83.9616
71.5369, 68.2287
55.7636, 110.936
Particle 17 new velocities: 37.7612, 20.672
80.0411, 113.674
122.645, 103.647
Particle 18 new velocities: 11.3387, -52.5305
26.3424, -39.2339
-51.384, 102.588
Particle 19 new velocities: 25.3523, 29.6871
15.3238, 84.7608
31.2063, 30.2418
Particle 20 new velocities: -10.9491, 7.22016
8.74089, 23.1183
120.29, 148.753
-- ITERATION 3 --
-------------
Particle: 1:
Relays Coordinates:
83.5391, 0
101.017, 124.097
253.006, 131.127
Evaluation Time: 0.0629464 seconds
Resulting Fitness: 0.383307
-------------
Particle: 2:
Relays Coordinates:
116.443, 93.6094
142.702, 79.4254
217.543, 212.434
Evaluation Time: 0.0639811 seconds
Resulting Fitness: 0.395214
-------------
Particle: 3:
Relays Coordinates:
100.348, 12.7535
121.873, 165.18
185.705, 268.446
Evaluation Time: 0.0580909 seconds
Resulting Fitness: 0.430247
-------------
Particle: 4:
Relays Coordinates:
71.5132, 0
219.401, 82.2401
157.615, 118.463
Evaluation Time: 0.0618264 seconds
Resulting Fitness: 0.337267
-------------
Particle: 5:
Relays Coordinates:
46.5408, 5.55303
0, 96.7004
140.783, 109.045
Evaluation Time: 0.0607783 seconds
Resulting Fitness: 0.26554
-------------
Particle: 6:
Relays Coordinates:
31.8701, 7.79176
67.7138, 48.5374
149.465, 176.718
Evaluation Time: 0.0513327 seconds
Resulting Fitness: 0.330706
-------------
Particle: 7:
Relays Coordinates:
7.26403, 0.144381
25.5467, 95.482
167.867, 116.387
Evaluation Time: 0.0537537 seconds
Resulting Fitness: 0.288573
-------------
Particle: 8:
Relays Coordinates:
104.964, 22.3369
134.453, 170.491
278.687, 222.275
Evaluation Time: 0.0641975 seconds
Resulting Fitness: 0.510938
-------------
Particle: 9:
Relays Coordinates:
21.9022, 6.30475
97.839, 121.374
230.798, 200.344
Evaluation Time: 0.0597892 seconds
Resulting Fitness: 0.383075
-------------
Particle: 10:
Relays Coordinates:
133.778, 43.1691
175.723, 144.258
205.996, 111.369
Evaluation Time: 0.0637537 seconds
Resulting Fitness: 0.363835
New local best!
-------------
Particle: 11:
Relays Coordinates:
118.062, 0
131.861, 122.696
271.399, 115.253
Evaluation Time: 0.0589221 seconds
Resulting Fitness: 0.39942
New local best!
-------------
Particle: 12:
Relays Coordinates:
66.7462, 15.3897
122.497, 145.914
235.135, 129.143
Evaluation Time: 0.062311 seconds
Resulting Fitness: 0.409626
-------------
Particle: 13:
Relays Coordinates:
92.5219, 26.4408
62.3404, 92.635
187.24, 179.248
Evaluation Time: 0.055237 seconds
Resulting Fitness: 0.303167
-------------
Particle: 14:
Relays Coordinates:
132.957, 6.66349
84.2377, 149.318
148.19, 160.157
Evaluation Time: 0.0617629 seconds
Resulting Fitness: 0.359641
New local best!
-------------
Particle: 15:
Relays Coordinates:
60.5641, 5.2064
124.195, 143.212
186.296, 169.262
Evaluation Time: 0.0754261 seconds
Resulting Fitness: 0.332603
-------------
Particle: 16:
Relays Coordinates:
106.49, 95.3075
108.321, 142.438
212.966, 125.785
Evaluation Time: 0.0651278 seconds
Resulting Fitness: 0.412103
-------------
Particle: 17:
Relays Coordinates:
61.3636, 13.5629
125.114, 153.058
210.039, 224.205
Evaluation Time: 0.0590073 seconds
Resulting Fitness: 0.429478
New local best!
-------------
Particle: 18:
Relays Coordinates:
108.603, 54.2449
182.157, 178.579
145.511, 309.769
Evaluation Time: 0.0530998 seconds
Resulting Fitness: 0.467906
New local best!
-------------
Particle: 19:
Relays Coordinates:
121.923, 26.7184
127.363, 177.521
247.029, 208.855
Evaluation Time: 0.0512866 seconds
Resulting Fitness: 0.499057
New local best!
-------------
Particle: 20:
Relays Coordinates:
54.4848, 3.83709
68.9125, 91.441
189.168, 170.833
Evaluation Time: 0.0642552 seconds
Resulting Fitness: 0.32934
Current global best fitness: 0.524097
Current global best relays: 123.86, 14.5029
133.577, 165.012
257.894, 224.393
Particle 1 new velocities: 78.1723, 46.3898
72.356, 128.07
128.343, 185.302
Particle 2 new velocities: 27.1868, -1.91248
99.5023, 136.185
-44.5338, 79.7221
Particle 3 new velocities: 29.5686, 21.4164
34.2905, 45.8916
42.2031, 26.7462
Particle 4 new velocities: 121.043, 9.19554
202.869, 123.678
263.593, 225.13
Particle 5 new velocities: 234.959, 13.4149
312.128, 147.294
237.244, 131.234
Particle 6 new velocities: 163.418, 19.3676
109.358, 124.633
248.824, 157.615
Particle 7 new velocities: 136.766, 11.7327
110.346, 178.277
261.503, 182.836
Particle 8 new velocities: 28.3789, -11.5774
-0.500823, -4.71462
-20.4376, 2.23066
Particle 9 new velocities: 137.896, 2.28434
88.8116, 96.4928
128.5, 128.906
Particle 10 new velocities: 34.5321, 24.5008
1.03981, 26.5759
43.1949, 12.6332
Particle 11 new velocities: 49.8682, 11.4872
84.4919, 109.309
122.748, 77.0053
Particle 12 new velocities: 80.5173, 36.4131
93.2111, 85.7703
158.223, 101.464
Particle 13 new velocities: 137.57, 73.7984
78.078, 146.443
167.578, 287.973
Particle 14 new velocities: 0.361956, 11.615
48.5898, 81.9297
62.3309, 56.4727
Particle 15 new velocities: 95.7567, 14.6568
74.4578, 124.705
155.514, 121.251
Particle 16 new velocities: 133.588, 46.8015
71.0101, 120.236
-135.378, 81.958
Particle 17 new velocities: 49.5393, 16.8535
70.0703, 102.638
128.858, 83.0785
Particle 18 new velocities: 23.2398, -75.3746
-27.1127, -33.4926
28.185, 19.644
Particle 19 new velocities: 21.832, 18.7376
18.0147, 51.7181
29.3311, 43.4742
Particle 20 new velocities: 102.709, 7.70547
119.186, 112.528
170.694, 156.886
-- ITERATION 4 --
-------------
Particle: 1:
Relays Coordinates:
106.099, 30.4363
113.75, 165.447
250.203, 207.609
Evaluation Time: 0.0666817 seconds
Resulting Fitness: 0.487116
-------------
Particle: 2:
Relays Coordinates:
129.267, 82.5272
217.984, 194.05
155.709, 262.941
Evaluation Time: 0.0667541 seconds
Resulting Fitness: 0.498822
New local best!
-------------
Particle: 3:
Relays Coordinates:
105.232, 27.6777
126.493, 170.968
184.605, 239.105
Evaluation Time: 0.0668703 seconds
Resulting Fitness: 0.441099
New local best!
-------------
Particle: 4:
Relays Coordinates:
92.0992, 4.3982
201.97, 98.4899
201.462, 164.339
Evaluation Time: 0.0529638 seconds
Resulting Fitness: 0.351809
-------------
Particle: 5:
Relays Coordinates:
149.6, 10.0803
165.877, 129.669
200.899, 127.694
Evaluation Time: 0.050123 seconds
Resulting Fitness: 0.347974
-------------
Particle: 6:
Relays Coordinates:
103.784, 14.4336
94.103, 92.03
211.667, 177.678
Evaluation Time: 0.0543057 seconds
Resulting Fitness: 0.367559
New local best!
-------------
Particle: 7:
Relays Coordinates:
68.8891, 5.68075
64.997, 130.938
205.366, 143.117
Evaluation Time: 0.0512879 seconds
Resulting Fitness: 0.389877
New local best!
-------------
Particle: 8:
Relays Coordinates:
120.009, 9.68358
120.557, 149.199
232.425, 202.055
Evaluation Time: 0.066193 seconds
Resulting Fitness: 0.438701
-------------
Particle: 9:
Relays Coordinates:
116.493, 6.26144
136.068, 158.825
261.928, 240.023
Evaluation Time: 0.0678143 seconds
Resulting Fitness: 0.522585
New local best!
-------------
Particle: 10:
Relays Coordinates:
136.331, 54.8127
143.178, 138.375
201.844, 100.442
Evaluation Time: 0.0663226 seconds
Resulting Fitness: 0.301817
-------------
Particle: 11:
Relays Coordinates:
110.179, 7.53678
141.949, 152.219
258.6, 126.141
Evaluation Time: 0.0629073 seconds
Resulting Fitness: 0.414966
New local best!
-------------
Particle: 12:
Relays Coordinates:
107.355, 37.7643
157.251, 168.898
286.758, 168.113
Evaluation Time: 0.065704 seconds
Resulting Fitness: 0.472865
-------------
Particle: 13:
Relays Coordinates:
110.052, 47.9441
67.1617, 114.35
169.708, 223.471
Evaluation Time: 0.0565457 seconds
Resulting Fitness: 0.412715
-------------
Particle: 14:
Relays Coordinates:
87.4703, 11.9925
87.1481, 151.722
138.123, 142.131
Evaluation Time: 0.0676255 seconds
Resulting Fitness: 0.328955
-------------
Particle: 15:
Relays Coordinates:
92.3059, 11.729
117.303, 158.202
201.835, 171.545
Evaluation Time: 0.0636012 seconds
Resulting Fitness: 0.392842
-------------
Particle: 16:
Relays Coordinates:
157.515, 93.2377
117.659, 172.34
50.9056, 136.3
Evaluation Time: 0.061427 seconds
Resulting Fitness: 0.359184
-------------
Particle: 17:
Relays Coordinates:
65.4871, 17.9606
115.254, 150.986
200.115, 181.448
Evaluation Time: 0.0651152 seconds
Resulting Fitness: 0.383224
-------------
Particle: 18:
Relays Coordinates:
106.793, 0
125.586, 117.52
140.694, 266.824
Evaluation Time: 0.0512918 seconds
Resulting Fitness: 0.429029
-------------
Particle: 19:
Relays Coordinates:
116.441, 36.8193
117.756, 185.684
223.852, 204.386
Evaluation Time: 0.0641663 seconds
Resulting Fitness: 0.45887
-------------
Particle: 20:
Relays Coordinates:
114.594, 8.41452
137.124, 148.694
262.339, 238.907
Evaluation Time: 0.0543043 seconds
Resulting Fitness: 0.483975
New local best!
Current global best fitness: 0.524097
Current global best relays: 123.86, 14.5029
133.577, 165.012
257.894, 224.393
Particle 1 new velocities: 89.7696, 34.7878
133.256, 97.5019
178.144, 59.0063
Particle 2 new velocities: 17.3539, -47.9947
58.7461, 77.0648
-9.0229, 53.3648
Particle 3 new velocities: 47.2859, 12.1334
34.6242, 30.8541
116.644, 3.86055
Particle 4 new velocities: 106.928, 15.9418
161.827, 146.113
256.17, 212.415
Particle 5 new velocities: 185.081, 11.3591
143.478, 143.044
254.319, 127.547
Particle 6 new velocities: 155.154, 15.5018
90.0289, 167.874
247.082, 160.79
Particle 7 new velocities: 168.855, 11.9744
116.533, 153.251
250.431, 185.57
Particle 8 new velocities: 30.613, -1.51627
36.2302, 37.7618
25.9379, 34.7621
Particle 9 new velocities: 118.888, 7.285
70.6716, 77.3277
100.596, 92.1934
Particle 10 new velocities: 20.039, 4.7199
40.1348, 30.7402
48.9753, 77.3434
Particle 11 new velocities: 50.9704, 9.25776
64.3573, 93.4628
97.8545, 177.478
Particle 12 new velocities: 74.3675, 1.62504
51.9923, 67.9691
81.2871, 160.019
Particle 13 new velocities: 61.4024, 70.5766
120.73, 192.053
135.417, 232.102
Particle 14 new velocities: 65.1088, 8.73691
59.5968, 77.1426
135.567, 177.398
Particle 15 new velocities: 115.377, 39.9272
70.4823, 142.759
137.413, 73.7533
Particle 16 new velocities: 173.664, 37.9747
69.6271, 101.807
19.7869, 93.213
Particle 17 new velocities: 53.2905, 6.3871
60.4904, 95.2788
128.487, 173.663
Particle 18 new velocities: 37.2791, 65.1513
57.037, 4.88411
41.7714, 54.3381
Particle 19 new velocities: 21.4396, -22.4202
41.7182, 17.7104
58.1154, 52.8607
Particle 20 new velocities: 92.9918, 10.4631
92.5887, 97.8998
133.623, 110.143
-- ITERATION 5 --
-------------
Particle: 1:
Relays Coordinates:
142.788, 47.5484
180.067, 191.69
312.265, 194.362
Evaluation Time: 0.0731941 seconds
Resulting Fitness: 0.508
New local best!
-------------
Particle: 2:
Relays Coordinates:
77.9202, 18.352
147.066, 144.081
77.9549, 168.098
Evaluation Time: 0.066948 seconds
Resulting Fitness: 0.330744
-------------
Particle: 3:
Relays Coordinates:
137.266, 35.8299
145.005, 181.64
271.124, 218.669
Evaluation Time: 0.0774552 seconds
Resulting Fitness: 0.530168
New local best!
New global best!
-------------
Particle: 4:
Relays Coordinates:
105.771, 10.8095
193.337, 129.992
243.205, 200.223
Evaluation Time: 0.0664216 seconds
Resulting Fitness: 0.421604
-------------
Particle: 5:
Relays Coordinates:
144.069, 9.22895
133.167, 117.394
195.956, 109.873
Evaluation Time: 0.0738218 seconds
Resulting Fitness: 0.292482
-------------
Particle: 6:
Relays Coordinates:
137.611, 15.9089
97.8552, 138.124
243.798, 179.876
Evaluation Time: 0.0673702 seconds
Resulting Fitness: 0.44874
New local best!
-------------
Particle: 7:
Relays Coordinates:
126.347, 9.3827
96.4725, 151.03
242.229, 174.678
Evaluation Time: 0.0694287 seconds
Resulting Fitness: 0.451027
New local best!
-------------
Particle: 8:
Relays Coordinates:
122.003, 6.61552
126.998, 151.438
209.274, 191.822
Evaluation Time: 0.047943 seconds
Resulting Fitness: 0.418962
-------------
Particle: 9:
Relays Coordinates:
154.433, 8.88782
135.642, 154.94
237.852, 217.967
Evaluation Time: 0.0479142 seconds
Resulting Fitness: 0.447075
-------------
Particle: 10:
Relays Coordinates:
140.733, 53.5793
164.982, 152.204
225.738, 160.006
Evaluation Time: 0.0512262 seconds
Resulting Fitness: 0.38342
New local best!
-------------
Particle: 11:
Relays Coordinates:
105.73, 11.0189
135.358, 161.191
233.87, 199.204
Evaluation Time: 0.050378 seconds
Resulting Fitness: 0.428637
New local best!
-------------
Particle: 12:
Relays Coordinates:
132.476, 28.7148
152.539, 172.676
268.305, 239.208
Evaluation Time: 0.0650896 seconds
Resulting Fitness: 0.533902
New local best!
New global best!
-------------
Particle: 13:
Relays Coordinates:
124.99, 86.4016
136.973, 223.368
222.436, 332.112
Evaluation Time: 0.0509742 seconds
Resulting Fitness: 0.563082
New local best!
New global best!
-------------
Particle: 14:
Relays Coordinates:
111.23, 15.1117
106.977, 166.842
199.52, 232.936
Evaluation Time: 0.0648449 seconds
Resulting Fitness: 0.441213
New local best!
-------------
Particle: 15:
Relays Coordinates:
136.261, 33.8916
123.206, 197.461
222.581, 160.94
Evaluation Time: 0.0571119 seconds
Resulting Fitness: 0.471941
-------------
Particle: 16:
Relays Coordinates:
195.558, 77.4796
110.591, 161.881
41.7432, 135.525
Evaluation Time: 0.051411 seconds
Resulting Fitness: 0.359481
-------------
Particle: 17:
Relays Coordinates:
77.93, 15.9745
115.306, 161.574
215.596, 232.988
Evaluation Time: 0.0567458 seconds
Resulting Fitness: 0.443276
New local best!
-------------
Particle: 18:
Relays Coordinates:
105.028, 47.4953
133.132, 89.2329
133.017, 234.127
Evaluation Time: 0.053994 seconds
Resulting Fitness: 0.405892
-------------
Particle: 19:
Relays Coordinates:
111.684, 11.6633
129.174, 164.749
228.393, 208.37
Evaluation Time: 0.0537806 seconds
Resulting Fitness: 0.437693
-------------
Particle: 20:
Relays Coordinates:
136.197, 12.3856
150.714, 161.79
259.791, 229.012
Evaluation Time: 0.0504572 seconds
Resulting Fitness: 0.4895
New local best!
Current global best fitness: 0.563082
Current global best relays: 124.99, 86.4016
136.973, 223.368
222.436, 332.112
Particle 1 new velocities: 58.8941, 69.9594
87.0196, 105.737
94.9612, 131.515
Particle 2 new velocities: 44.5272, 60.8606
60.0821, 149.607
196.808, 281.252
Particle 3 new velocities: 27.0983, 65.6879
18.3931, 38.3367
89.0122, 149.169
Particle 4 new velocities: 138.837, 101.969
249.83, 229.478
213.468, 96.5588
Particle 5 new velocities: 125.599, 101.94
84.1506, 159.182
257.732, 355.558
Particle 6 new velocities: 121.127, 97.2005
93.625, 231.961
178.681, 309.249
Particle 7 new velocities: 134.316, 93.3582
139.03, 169.507
186.212, 338.471
Particle 8 new velocities: 27.091, 74.0579
43.1033, 80.9927
88.3758, 58.7829
Particle 9 new velocities: 63.3874, 81.5173
58.4198, 152.335
85.7173, 147.499
Particle 10 new velocities: -3.42555, 21.4619
-3.09613, 53.9183
37.3815, 218.264
Particle 11 new velocities: 65.3477, 89.8908
52.71, 143.647
67.1395, 180.547
Particle 12 new velocities: 51.083, 37.5683
22.0389, 72.764
8.81455, 237.301
Particle 13 new velocities: 49.1219, 56.4613
96.5844, 153.643
108.333, 185.682
Particle 14 new velocities: 61.3617, 42.6227
53.6294, 74.3151
123.993, 269.425
Particle 15 new velocities: 59.6061, 97.4814
77.483, 203.065
99.23, 197.491
Particle 16 new velocities: 71.5606, 72.8856
74.8348, 140.242
178.393, 32.0083
Particle 17 new velocities: 50.1798, 80.2575
53.8671, 123.967
108.83, 140.508
Particle 18 new velocities: 42.0002, 97.7301
116.248, 189.564
56.9575, 161.928
Particle 19 new velocities: 25.7342, -12.266
35.2303, 54.7784
61.5626, 94.3926
Particle 20 new velocities: 63.7336, 42.7995
65.9354, 117.795
99.8255, 215.847
-- ITERATION 6 --
-------------
Particle: 1:
Relays Coordinates:
132.324, 77.0969
175.236, 195.142
267.181, 213.808
Evaluation Time: 0.0621248 seconds
Resulting Fitness: 0.516368
New local best!
-------------
Particle: 2:
Relays Coordinates:
80.3377, 51.9713
135.91, 192.689
180.272, 294.819
Evaluation Time: 0.101832 seconds
Resulting Fitness: 0.434766
-------------
Particle: 3:
Relays Coordinates:
97.0556, 59.9452
96.485, 129.894
212.657, 217.205
Evaluation Time: 0.061791 seconds
Resulting Fitness: 0.384857
-------------
Particle: 4:
Relays Coordinates:
129.995, 59.9349
235.517, 191.037
242.695, 157.722
Evaluation Time: 0.0617827 seconds
Resulting Fitness: 0.395032
-------------
Particle: 5:
Relays Coordinates:
128.981, 53.1717
103.942, 132.286
216.997, 222.614
Evaluation Time: 0.0711706 seconds
Resulting Fitness: 0.438903
New local best!
-------------
Particle: 6:
Relays Coordinates:
137.504, 60.111
101.76, 196.678
224.523, 259.941
Evaluation Time: 0.0510517 seconds
Resulting Fitness: 0.499359
New local best!
-------------
Particle: 7:
Relays Coordinates:
138.527, 54.6007
125.156, 170.346
227.691, 265.721
Evaluation Time: 0.0476337 seconds
Resulting Fitness: 0.497883
New local best!
-------------
Particle: 8:
Relays Coordinates:
134.185, 72.6061
153.091, 209.188
267.885, 225.544
Evaluation Time: 0.0498607 seconds
Resulting Fitness: 0.540296
New local best!
-------------
Particle: 9:
Relays Coordinates:
142.912, 59.3148
127.324, 201.603
212.294, 239.782
Evaluation Time: 0.0605785 seconds
Resulting Fitness: 0.463498
-------------
Particle: 10:
Relays Coordinates:
100.097, 54.705
118.015, 150.263
191.814, 275.759
Evaluation Time: 0.0606184 seconds
Resulting Fitness: 0.433317
New local best!
-------------
Particle: 11:
Relays Coordinates:
124.716, 73.5632
137.101, 222.228
219.436, 276.839
Evaluation Time: 0.0622161 seconds
Resulting Fitness: 0.501115
New local best!
-------------
Particle: 12:
Relays Coordinates:
108.39, 39.1395
103.086, 144.93
163.636, 281.374
Evaluation Time: 0.0555737 seconds
Resulting Fitness: 0.442671
-------------
Particle: 13:
Relays Coordinates:
102.812, 84.3591
137.914, 222.621
195.316, 295.245
Evaluation Time: 0.0847278 seconds
Resulting Fitness: 0.482428
-------------
Particle: 14:
Relays Coordinates:
82.5502, 27.6142
76.8176, 115.345
154.735, 239.148
Evaluation Time: 0.0514729 seconds
Resulting Fitness: 0.38041
-------------
Particle: 15:
Relays Coordinates:
115.657, 77.5744
118.505, 236.507
190.026, 211.65
Evaluation Time: 0.0649954 seconds
Resulting Fitness: 0.419913
-------------
Particle: 16:
Relays Coordinates:
141.958, 79.9102
98.5426, 160.561
116.989, 89.0342
Evaluation Time: 0.0486953 seconds
Resulting Fitness: 0.342832
-------------
Particle: 17:
Relays Coordinates:
93.392, 70.1532
123.327, 208.16
236.507, 272.278
Evaluation Time: 0.0547101 seconds
Resulting Fitness: 0.523499
New local best!
-------------
Particle: 18:
Relays Coordinates:
107.184, 105.869
181.798, 203.243
138.492, 288.724
Evaluation Time: 0.0533159 seconds
Resulting Fitness: 0.469016
New local best!
-------------
Particle: 19:
Relays Coordinates:
90.1599, 0
107.866, 144.032
190.24, 198.643
Evaluation Time: 0.0642723 seconds
Resulting Fitness: 0.382766
-------------
Particle: 20:
Relays Coordinates:
131.175, 36.2069
142.144, 183.436
235.944, 291.872
Evaluation Time: 0.062436 seconds
Resulting Fitness: 0.548562
New local best!
Current global best fitness: 0.563082
Current global best relays: 124.99, 86.4016
136.973, 223.368
222.436, 332.112
Particle 1 new velocities: 40.8637, 61.6859
40.949, 108.722
25.9188, 177.886
Particle 2 new velocities: 114.023, 83.8926
146.388, 127.043
159.012, 231.725
Particle 3 new velocities: 56.4448, 84.2038
66.1864, 100.783
94.4903, 200.178
Particle 4 new velocities: 124.319, 50.1137
150.545, 189.529
181.842, 92.4389
Particle 5 new velocities: 96.5782, 112.072
80.744, 178.409
207.376, 361.481
Particle 6 new velocities: 90.9842, 84.5193
90.0434, 187.133
141.484, 300.448
Particle 7 new velocities: 98.7286, 100.616
124.861, 152.948
144.013, 76.3272
Particle 8 new velocities: 12.3448, 76.7992
17.476, 81.9267
57.6449, 49.5584
Particle 9 new velocities: -6.49719, 25.6838
66.2222, 70.5826
94.48, 188.284
Particle 10 new velocities: 24.4607, 36.272
14.8391, 130.31
66.6445, 244.654
Particle 11 new velocities: 52.4224, 76.4287
42.0575, 115.049
56.0283, 190.798
Particle 12 new velocities: 79.1921, 44.9107
55.8295, 174.001
179.056, 186.181
Particle 13 new velocities: 50.6695, 45.3606
76.737, 123.868
90.967, 64.3266
Particle 14 new velocities: 118.347, 22.1813
93.6807, 149.1
225.833, 54.3439
Particle 15 new velocities: 36.1984, 30.2903
91.6223, 162.185
120.33, 154.16
Particle 16 new velocities: 102.114, 80.8824
74.8061, 143.545
163.381, 100.961
Particle 17 new velocities: 67.6485, 78.3173
46.2101, 114.969
77.6695, 131.43
Particle 18 new velocities: 42.6335, 71.3992
46.456, 167.51
60.8432, 162.152
Particle 19 new velocities: 99.8509, 70.176
42.9547, 108.759
158.533, 96.9412
Particle 20 new velocities: 49.4428, 74.9617
49.2158, 132.273
68.8791, 196.026
-- ITERATION 7 --
-------------
Particle: 1:
Relays Coordinates:
113.628, 91.0554
141.839, 199.365
192.303, 256.99
Evaluation Time: 0.0578423 seconds
Resulting Fitness: 0.433992
-------------
Particle: 2:
Relays Coordinates:
114.768, 80.2263
166.694, 188.798
200.344, 295.245
Evaluation Time: 0.0502947 seconds
Resulting Fitness: 0.472881
-------------
Particle: 3:
Relays Coordinates:
100.712, 94.5762
106.729, 151.347
201.519, 273.845
Evaluation Time: 0.0517171 seconds
Resulting Fitness: 0.441249
-------------
Particle: 4:
Relays Coordinates:
135.153, 58.4843
205.169, 202.249
225.616, 132.946
Evaluation Time: 0.0711039 seconds
Resulting Fitness: 0.430944
-------------
Particle: 5:
Relays Coordinates:
107.884, 79.0357
88.3349, 148.604
202.977, 239.148
Evaluation Time: 0.0476318 seconds
Resulting Fitness: 0.426811
-------------
Particle: 6:
Relays Coordinates:
121.428, 76.8625
101.932, 203.973
194.511, 265.721
Evaluation Time: 0.0514982 seconds
Resulting Fitness: 0.461296
-------------
Particle: 7:
Relays Coordinates:
126.087, 82.4885
132.869, 171.812
197.539, 181.778
Evaluation Time: 0.0678986 seconds
Resulting Fitness: 0.392035
-------------
Particle: 8:
Relays Coordinates:
106.82, 108.916
124.343, 212.222
237.311, 200.55
Evaluation Time: 0.0584801 seconds
Resulting Fitness: 0.482396
-------------
Particle: 9:
Relays Coordinates:
99.4466, 61.964
141.095, 198.423
223.638, 312.061
Evaluation Time: 0.0514401 seconds
Resulting Fitness: 0.506252
-------------
Particle: 10:
Relays Coordinates:
73.5501, 53.721
78.4487, 165.676
152.617, 295.245
Evaluation Time: 0.0740938 seconds
Resulting Fitness: 0.43122
-------------
Particle: 11:
Relays Coordinates:
116.22, 98.4097
117.546, 221.287
180.732, 306.816
Evaluation Time: 0.0525945 seconds
Resulting Fitness: 0.479554
-------------
Particle: 12:
Relays Coordinates:
110.765, 49.6308
93.8382, 188.325
202.356, 276.086
Evaluation Time: 0.0653423 seconds
Resulting Fitness: 0.463071
-------------
Particle: 13:
Relays Coordinates:
100.699, 85.1091
140.832, 227.332
187.83, 235.915
Evaluation Time: 0.0687174 seconds
Resulting Fitness: 0.433371
-------------
Particle: 14:
Relays Coordinates:
131.809, 32.6708
111.864, 173.502
249.691, 192.56
Evaluation Time: 0.0673749 seconds
Resulting Fitness: 0.497033
New local best!
-------------
Particle: 15:
Relays Coordinates:
72.6321, 51.5914
100.503, 190.693
148.442, 174.966
Evaluation Time: 0.0636668 seconds
Resulting Fitness: 0.362582
-------------
Particle: 16:
Relays Coordinates:
116.739, 76.9066
82.9122, 145.453
134.101, 90.874
Evaluation Time: 0.0741977 seconds
Resulting Fitness: 0.319437
-------------
Particle: 17:
Relays Coordinates:
105.659, 97.4115
111.233, 212.005
206.131, 264.873
Evaluation Time: 0.050761 seconds
Resulting Fitness: 0.449218
-------------
Particle: 18:
Relays Coordinates:
98.2951, 116.306
149.758, 243.251
130.784, 295.82
Evaluation Time: 0.0703087 seconds
Resulting Fitness: 0.46704
-------------
Particle: 19:
Relays Coordinates:
138.518, 51.1583
109.948, 184.285
254.255, 215.481
Evaluation Time: 0.0612932 seconds
Resulting Fitness: 0.526353
New local best!
-------------
Particle: 20:
Relays Coordinates:
131.67, 81.0419
139.501, 230.152
222.216, 355.678
Evaluation Time: 0.0530945 seconds
Resulting Fitness: 0.56865
New local best!
New global best!
Current global best fitness: 0.56865
Current global best relays: 131.67, 81.0419
139.501, 230.152
222.216, 355.678
Particle 1 new velocities: 57.6719, 40.3477
36.2174, 117.301
35.1969, 136.754
Particle 2 new velocities: 132.394, 71.2366
87.0862, 124.544
114.233, -29.4273
Particle 3 new velocities: 90.9364, -21.6227
77.1574, 160.864
157.901, 146.285
Particle 4 new velocities: 113.058, 45.8074
187.974, 94.303
161.886, 265.141
Particle 5 new velocities: 112.759, 59.7726
132.694, 141.419
167.036, 33.9081
Particle 6 new velocities: 93.0751, 64.5706
85.558, 142.897
191.364, 51.6597
Particle 7 new velocities: 81.0122, 47.4754
89.7412, 127.746
194.209, 318.301
Particle 8 new velocities: 31.3806, -20.8181
39.8712, 65.2995
79.0316, 258.423
Particle 9 new velocities: 38.1564, -54.9273
43.4282, 29.4583
78.8303, 108.625
Particle 10 new velocities: 45.4758, 35.3389
108.984, 119.716
119.105, 41.7525
Particle 11 new velocities: 69.0981, 19.3324
66.4524, 100.299
126.034, 161.117
Particle 12 new velocities: 87.9551, 26.1213
116.543, 154.856
211.397, 169.055
Particle 13 new velocities: 46.8547, 33.0502
60.1018, 96.9849
134.598, 71.3158
Particle 14 new velocities: 94.6427, 63.7761
109.74, 176.074
168.853, 251.454
Particle 15 new velocities: 122.554, 14.273
109.769, 194.036
114.14, 252.666
Particle 16 new velocities: 155.323, 87.3506
81.3871, 169.818
185.792, 225.688
Particle 17 new velocities: 46.3692, 15.1827
66.1773, 95.9332
85.0579, 152.635
Particle 18 new velocities: 80.6789, 15.3037
76.4073, 65.7135
60.5471, 197.797
Particle 19 new velocities: 74.4678, 68.1912
67.8907, 128.812
109.289, 142.915
Particle 20 new velocities: 39.5542, 59.9694
39.3726, 105.819
55.1033, 156.821
-- ITERATION 8 --
-------------
Particle: 1:
Relays Coordinates:
112.39, 86.2135
116.823, 207.764
149.263, 258.336
Evaluation Time: 0.050302 seconds
Resulting Fitness: 0.424263
-------------
Particle: 2:
Relays Coordinates:
131.352, 80.4936
134.869, 166.523
167.179, 141.266
Evaluation Time: 0.0547295 seconds
Resulting Fitness: 0.352689
-------------
Particle: 3:
Relays Coordinates:
113.166, 43.0783
108.583, 184.357
212.234, 248.083
Evaluation Time: 0.0607291 seconds
Resulting Fitness: 0.460874
-------------
Particle: 4:
Relays Coordinates:
131.91, 55.4249
208.932, 157.6
205.935, 211.56
Evaluation Time: 0.053059 seconds
Resulting Fitness: 0.420543
-------------
Particle: 5:
Relays Coordinates:
130.288, 81.9649
130.515, 171.256
218.489, 161.237
Evaluation Time: 0.0609563 seconds
Resulting Fitness: 0.428689
-------------
Particle: 6:
Relays Coordinates:
126.662, 83.5148
110.711, 204.823
227.856, 187.41
Evaluation Time: 0.0639431 seconds
Resulting Fitness: 0.496105
-------------
Particle: 7:
Relays Coordinates:
122.29, 76.7424
131.449, 176.886
231.323, 295.245
Evaluation Time: 0.050191 seconds
Resulting Fitness: 0.506417
New local best!
-------------
Particle: 8:
Relays Coordinates:
81.6062, 52.0212
96.967, 163.874
186.797, 271.019
Evaluation Time: 0.0503926 seconds
Resulting Fitness: 0.420743
-------------
Particle: 9:
Relays Coordinates:
90.2813, 4.61675
121.066, 149.513
198.449, 276.012
Evaluation Time: 0.060697 seconds
Resulting Fitness: 0.431007
-------------
Particle: 10:
Relays Coordinates:
86.7699, 64.9247
136.638, 208.051
198.086, 245.671
Evaluation Time: 0.0537975 seconds
Resulting Fitness: 0.434059
New local best!
-------------
Particle: 11:
Relays Coordinates:
121.587, 77.2506
120.721, 210.992
201.269, 307.011
Evaluation Time: 0.063197 seconds
Resulting Fitness: 0.500682
-------------
Particle: 12:
Relays Coordinates:
105.608, 40.2578
111.805, 182.381
219.885, 236.566
Evaluation Time: 0.0607466 seconds
Resulting Fitness: 0.469023
-------------
Particle: 13:
Relays Coordinates:
96.8099, 77.5243
131.833, 212.784
211.545, 201.574
Evaluation Time: 0.0638928 seconds
Resulting Fitness: 0.423223
-------------
Particle: 14:
Relays Coordinates:
133.717, 56.9509
130.855, 206.422
247.146, 262.186
Evaluation Time: 0.0492615 seconds
Resulting Fitness: 0.542711
New local best!
-------------
Particle: 15:
Relays Coordinates:
93.3569, 31.5027
100.572, 184.015
125.593, 204.535
Evaluation Time: 0.0498554 seconds
Resulting Fitness: 0.375007
-------------
Particle: 16:
Relays Coordinates:
130.126, 78.5637
78.5838, 150.793
153.004, 151.411
Evaluation Time: 0.0555699 seconds
Resulting Fitness: 0.358007
-------------
Particle: 17:
Relays Coordinates:
110.828, 82.0812
129.332, 224.487
212.277, 304.363
Evaluation Time: 0.0546701 seconds
Resulting Fitness: 0.483272
-------------
Particle: 18:
Relays Coordinates:
117.425, 86.349
148.387, 202.711
125.532, 323.862
Evaluation Time: 0.0461582 seconds
Resulting Fitness: 0.488009
New local best!
-------------
Particle: 19:
Relays Coordinates:
125.766, 70.4747
105.012, 184.881
214.669, 211.629
Evaluation Time: 0.0569559 seconds
Resulting Fitness: 0.455871
-------------
Particle: 20:
Relays Coordinates:
112.34, 92.5175
117.359, 220.43
181.949, 328.05
Evaluation Time: 0.056325 seconds
Resulting Fitness: 0.503011
Current global best fitness: 0.56865
Current global best relays: 131.67, 81.0419
139.501, 230.152
222.216, 355.678
Particle 1 new velocities: 73.7149, 19.2456
117.574, 92.0012
272.564, 69.4204
Particle 2 new velocities: 104.179, 59.0568
154.054, 183.014
78.609, 305.815
Particle 3 new velocities: 106.623, -6.59294
99.1955, 175.554
199.578, 216.423
Particle 4 new velocities: 93.462, 35.866
125.269, 111.357
229.277, 266.982
Particle 5 new velocities: 89.6969, 15.5001
93.4931, 131.543
135.488, 217.86
Particle 6 new velocities: 94.6671, 47.4872
94.8308, 126.843
140.752, 264.862
Particle 7 new velocities: 71.8597, 38.5689
76.983, 134.136
153.795, 40.9319
Particle 8 new velocities: 131.928, 34.1796
166.962, 156.078
151.962, 187.974
Particle 9 new velocities: 57.7905, -37.3428
47.0165, 81.7655
82.9531, 84.4917
Particle 10 new velocities: 81.2773, 41.2679
87.5384, 111.601
100.522, 114.462
Particle 11 new velocities: 60.4705, 14.3724
87.0607, 98.6097
122.896, 154.141
Particle 12 new velocities: 83.7684, 45.6518
139.04, 142.449
189.577, 248.861
Particle 13 new velocities: 120.748, 35.1612
55.1008, 97.327
128.897, 199.879
Particle 14 new velocities: 73.3423, 72.6759
91.908, 142.064
103.865, 300.999
Particle 15 new velocities: 112.328, 42.941
162.948, 284.506
263.694, 191.961
Particle 16 new velocities: 193.668, 79.7654
88.9178, 218.918
110.221, 190.625
Particle 17 new velocities: 44.2889, 7.81335
64.2607, 79.2221
100.846, 120.833
Particle 18 new velocities: 72.1906, 7.78795
52.0819, 75.3636
110.444, 173.164
Particle 19 new velocities: 76.7445, 61.882
66.7489, 159.573
144.144, 199.874
Particle 20 new velocities: 61.0548, 39.5503
58.2699, 96.0965
154.149, 20.7624
-- ITERATION 9 --
-------------
Particle: 1:
Relays Coordinates:
122.103, 69.1917
153.788, 196.676
276.76, 215.041
Evaluation Time: 0.0545935 seconds
Resulting Fitness: 0.542673
New local best!
-------------
Particle: 2:
Relays Coordinates:
125.171, 74.1628
153.546, 185.758
130.622, 237.597
Evaluation Time: 0.0653797 seconds
Resulting Fitness: 0.43732
-------------
Particle: 3:
Relays Coordinates:
105.124, 17.4508
99.3798, 172.145
196.969, 222.172
Evaluation Time: 0.0628831 seconds
Resulting Fitness: 0.429265
-------------
Particle: 4:
Relays Coordinates:
133.08, 53.9064
197.343, 158.816
256.988, 282.574
Evaluation Time: 0.0506911 seconds
Resulting Fitness: 0.562116
New local best!
-------------
Particle: 5:
Relays Coordinates:
129.899, 57.5521
132.275, 178.8
209.02, 223.853
Evaluation Time: 0.0506803 seconds
Resulting Fitness: 0.464243
New local best!
-------------
Particle: 6:
Relays Coordinates:
130.692, 77.3554
121.371, 195.846
217.659, 267.062
Evaluation Time: 0.059085 seconds
Resulting Fitness: 0.487147
-------------
Particle: 7:
Relays Coordinates:
127.382, 75.6557
136.752, 204.062
252.676, 220.566
Evaluation Time: 0.0539311 seconds
Resulting Fitness: 0.53961
New local best!
-------------
Particle: 8:
Relays Coordinates:
126.09, 50.9007
155.848, 188.928
200.034, 271.03
Evaluation Time: 0.0505874 seconds
Resulting Fitness: 0.464947
-------------
Particle: 9:
Relays Coordinates:
97.1499, 0
110.279, 151.742
184.628, 236.526
Evaluation Time: 0.0524717 seconds
Resulting Fitness: 0.427569
-------------
Particle: 10:
Relays Coordinates:
110.256, 69.6729
147.082, 209.723
195.916, 236.284
Evaluation Time: 0.0525945 seconds
Resulting Fitness: 0.425649
-------------
Particle: 11:
Relays Coordinates:
119.448, 60.1138
136.326, 203.13
212.684, 302.562
Evaluation Time: 0.0638778 seconds
Resulting Fitness: 0.502157
New local best!
-------------
Particle: 12:
Relays Coordinates:
111.825, 50.7287
148.121, 191.809
241.783, 286.64
Evaluation Time: 0.0454465 seconds
Resulting Fitness: 0.541925
New local best!
-------------
Particle: 13:
Relays Coordinates:
128.466, 66.5397
110.382, 183.118
201.028, 237.054
Evaluation Time: 0.0482669 seconds
Resulting Fitness: 0.458318
-------------
Particle: 14:
Relays Coordinates:
122.267, 76.5433
131.539, 205.777
207.268, 295.245
Evaluation Time: 0.0476311 seconds
Resulting Fitness: 0.501033
-------------
Particle: 15:
Relays Coordinates:
79.6865, 28.841
102.093, 181.515
150.818, 153.611
Evaluation Time: 0.05352 seconds
Resulting Fitness: 0.351552
-------------
Particle: 16:
Relays Coordinates:
125.444, 61.3399
64.8936, 143.234
101.979, 132.512
Evaluation Time: 0.0532186 seconds
Resulting Fitness: 0.324358
-------------
Particle: 17:
Relays Coordinates:
101.772, 58.9798
127.016, 199.264
205.44, 278.971
Evaluation Time: 0.0452108 seconds
Resulting Fitness: 0.481281
-------------
Particle: 18:
Relays Coordinates:
124.407, 61.7633
131.528, 182.445
154.824, 326.099
Evaluation Time: 0.0630456 seconds
Resulting Fitness: 0.514417
New local best!
-------------
Particle: 19:
Relays Coordinates:
119.58, 78.1553
101.423, 203.397
211.876, 242.988
Evaluation Time: 0.0499807 seconds
Resulting Fitness: 0.43388
-------------
Particle: 20:
Relays Coordinates:
113.765, 86.6497
115.23, 207.673
220.514, 228.856
Evaluation Time: 0.0551867 seconds
Resulting Fitness: 0.464495
Current global best fitness: 0.56865
Current global best relays: 131.67, 81.0419
139.501, 230.152
222.216, 355.678
Particle 1 new velocities: 60.2194, 26.1685
82.3326, 92.9919
150.901, 165.91
Particle 2 new velocities: 92.6147, 65.0329
121.611, 179.069
106.884, 358.592
Particle 3 new velocities: 114.749, 59.4626
165.109, 208.992
185.361, 173.901
Particle 4 new velocities: 73.1294, 50.0102
47.2481, 137.199
148.48, 260.575
Particle 5 new velocities: 73.189, 34.0068
79.5048, 154.889
117.906, 258.638
Particle 6 new velocities: 85.3106, 40.5494
80.4084, 126.9
120.786, 271.863
Particle 7 new velocities: 57.567, 32.2129
64.6453, 111.878
93.0831, 182.359
Particle 8 new velocities: 113.749, 61.5301
114.119, 154.327
200.198, 138.86
Particle 9 new velocities: 110.993, 51.6255
99.7015, 107.005
102.134, 201.959
Particle 10 new velocities: 69.7049, 39.5515
55.1347, 107.827
110.19, 135.327
Particle 11 new velocities: 55.1061, 23.5651
71.1636, 102.432
102.471, 131.123
Particle 12 new velocities: 68.8438, 64.3387
102.704, 161.577
135.078, 243.277
Particle 13 new velocities: 94.1001, 69.8902
67.1497, 148.613
164.295, 207.428
Particle 14 new velocities: 87.9862, 61.7251
77.9768, 137.455
112.998, -16.4494
Particle 15 new velocities: 181.167, 107.199
144.296, 309.152
297.996, 293.556
Particle 16 new velocities: 228.52, 146.376
154.444, 212.788
185.548, 110.534
Particle 17 new velocities: 51.4249, 32.7106
55.3719, 108.424
107.395, 161.447
Particle 18 new velocities: 58.7121, 11.9156
46.0582, 64.0162
100.445, 175.484
Particle 19 new velocities: 83.0074, 7.78571
104.033, 151.988
142.214, 133.018
Particle 20 new velocities: 87.355, 22.5601
86.889, 104.052
124.409, 188.528
-- ITERATION 10 --
-------------
Particle: 1:
Relays Coordinates:
132.913, 69.5176
172.132, 211.168
311.765, 277.713
Evaluation Time: 0.0500064 seconds
Resulting Fitness: 0.568432
New local best!
-------------
Particle: 2:
Relays Coordinates:
128.6, 82.1937
162.477, 215.427
140.245, 295.245
Evaluation Time: 0.0661179 seconds
Resulting Fitness: 0.500233
New local best!
-------------
Particle: 3:
Relays Coordinates:
105.165, 36.7874
126.504, 182.297
182.867, 189.44
Evaluation Time: 0.063367 seconds
Resulting Fitness: 0.39324
-------------
Particle: 4:
Relays Coordinates:
121.764, 61.3617
144.429, 174.794
239.425, 295.245
Evaluation Time: 0.0580905 seconds
Resulting Fitness: 0.547346
-------------
Particle: 5:
Relays Coordinates:
119.921, 54.0646
125.054, 197.04
193.046, 284.906
Evaluation Time: 0.0519972 seconds
Resulting Fitness: 0.47841
New local best!
-------------
Particle: 6:
Relays Coordinates:
127.548, 69.6216
119.148, 190.578
199.848, 295.245
Evaluation Time: 0.054728 seconds
Resulting Fitness: 0.49996
New local best!
-------------
Particle: 7:
Relays Coordinates:
121.345, 70.7726
132.137, 207.288
226.853, 264.359
Evaluation Time: 0.0553928 seconds
Resulting Fitness: 0.501035
-------------
Particle: 8:
Relays Coordinates:
127.46, 59.7504
143.471, 182.42
212.7, 217.833
Evaluation Time: 0.0517563 seconds
Resulting Fitness: 0.441127
-------------
Particle: 9:
Relays Coordinates:
136.563, 33.8715
137.768, 169.764
188.144, 287.69
Evaluation Time: 0.0503035 seconds
Resulting Fitness: 0.462113
-------------
Particle: 10:
Relays Coordinates:
131.191, 79.6247
147.416, 231.494
223.152, 270.904
Evaluation Time: 0.0623838 seconds
Resulting Fitness: 0.498216
New local best!
-------------
Particle: 11:
Relays Coordinates:
114.525, 54.9018
136.134, 200.479
206.773, 284.54
Evaluation Time: 0.04714 seconds
Resulting Fitness: 0.489267
-------------
Particle: 12:
Relays Coordinates:
106.683, 67.9462
148.11, 208.671
222.533, 295.245
Evaluation Time: 0.0501829 seconds
Resulting Fitness: 0.472544
-------------
Particle: 13:
Relays Coordinates:
131.423, 80.5605
104.831, 195.884
215.719, 262.462
Evaluation Time: 0.0491802 seconds
Resulting Fitness: 0.464718
-------------
Particle: 14:
Relays Coordinates:
124.152, 81.6461
123.717, 202.675
189.114, 164.626
Evaluation Time: 0.0515205 seconds
Resulting Fitness: 0.431439
-------------
Particle: 15:
Relays Coordinates:
112.289, 58.5607
106.063, 211.216
193.2, 192.491
Evaluation Time: 0.0459655 seconds
Resulting Fitness: 0.426577
-------------
Particle: 16:
Relays Coordinates:
137.133, 80.4733
84.9758, 137.93
111.394, 94.1609
Evaluation Time: 0.0496808 seconds
Resulting Fitness: 0.301425
-------------
Particle: 17:
Relays Coordinates:
100.513, 60.1581
119.665, 201.874
205.251, 288.958
Evaluation Time: 0.063639 seconds
Resulting Fitness: 0.481342
-------------
Particle: 18:
Relays Coordinates:
97.3168, 39.156
94.3763, 130.98
135.661, 265.721
Evaluation Time: 0.0629693 seconds
Resulting Fitness: 0.413632
-------------
Particle: 19:
Relays Coordinates:
107.663, 45.6726
109.188, 188.866
188.178, 199.825
Evaluation Time: 0.0620409 seconds
Resulting Fitness: 0.420425
-------------
Particle: 20:
Relays Coordinates:
131.954, 71.6525
132.61, 204.523
226.304, 273.846
Evaluation Time: 0.0619731 seconds
Resulting Fitness: 0.504988
Current global best fitness: 0.56865
Current global best relays: 131.67, 81.0419
139.501, 230.152
222.216, 355.678
Particle 1 new velocities: 47.9141, 27.979
57.3936, 76.1779
114.055, 157.514
Particle 2 new velocities: 77.5514, 50.8727
73.067, 153.909
178.821, 65.25
Particle 3 new velocities: 115.938, 65.5483
145.096, 221.31
315.469, 373.523
Particle 4 new velocities: 74.9699, 38.2365
90.5028, 132.811
123.56, 4.04741
Particle 5 new velocities: 71.2752, 31.253
82.3273, 166.578
125.139, 294.028
Particle 6 new velocities: 72.1353, 34.9
74.5031, 144.858
107.219, 30.4715
Particle 7 new velocities: 52.5841, 33.3904
65.7668, 93.81
98.6678, 188.736
Particle 8 new velocities: 102.144, 88.057
107.194, 205.101
176.499, 177.858
Particle 9 new velocities: 76.7497, 47.377
79.8141, 129.401
121.96, 157.468
Particle 10 new velocities: 56.0737, 32.3109
34.7255, 85.0623
87.6684, 109.298
Particle 11 new velocities: 59.0493, 53.5658
59.1272, 108.597
89.3481, 171.816
Particle 12 new velocities: 81.6499, 35.3343
72.6272, 143.211
121.574, 40.2773
Particle 13 new velocities: 65.0758, 64.295
87.0758, 189.864
135.008, 294.78
Particle 14 new velocities: 84.1303, 33.3221
81.3097, 140.712
115.864, 162.423
Particle 15 new velocities: 144.324, 69.4797
177.609, 284.725
270.811, 233.29
Particle 16 new velocities: 273.084, 122.139
162.547, 365.318
125.042, 367.204
Particle 17 new velocities: 49.1457, 57.101
52.9071, 103.249
153.424, 119.536
Particle 18 new velocities: 104.211, 95.7304
127.731, 103.854
112.206, 182.646
Particle 19 new velocities: 109.869, 31.3698
87.8761, 125.365
181.18, 310.777
Particle 20 new velocities: 69.6188, 21.5391
75.5078, 120.54
98.8223, 274.076
-- ITERATION 11 --
-------------
Particle: 1:
Relays Coordinates:
106.777, 57.5708
135.532, 169.675
251.443, 256.997
Evaluation Time: 0.0525675 seconds
Resulting Fitness: 0.488524
-------------
Particle: 2:
Relays Coordinates:
121.73, 78.5744
139.087, 218.089
188.405, 212.869
Evaluation Time: 0.0518679 seconds
Resulting Fitness: 0.422389
-------------
Particle: 3:
Relays Coordinates:
105.752, 48.9469
129.905, 193.044
238.353, 239.148
Evaluation Time: 0.0504555 seconds
Resulting Fitness: 0.488032
-------------
Particle: 4:
Relays Coordinates:
129.077, 65.3464
154.138, 201.82
238.155, 196.366
Evaluation Time: 0.0554109 seconds
Resulting Fitness: 0.498215
-------------
Particle: 5:
Relays Coordinates:
101.61, 45.3413
110.211, 193.242
169.096, 265.721
Evaluation Time: 0.0541933 seconds
Resulting Fitness: 0.433537
-------------
Particle: 6:
Relays Coordinates:
131.012, 68.5766
127.055, 220.08
201.467, 213.703
Evaluation Time: 0.0503545 seconds
Resulting Fitness: 0.438344
-------------
Particle: 7:
Relays Coordinates:
126.794, 75.9348
144.272, 219.5
237.304, 330.306
Evaluation Time: 0.054112 seconds
Resulting Fitness: 0.563815
New local best!
-------------
Particle: 8:
Relays Coordinates:
122.021, 78.5509
133.214, 205.945
206.836, 210.286
Evaluation Time: 0.0583327 seconds
Resulting Fitness: 0.431935
-------------
Particle: 9:
Relays Coordinates:
139.954, 53.3071
142.756, 196.282
203.459, 292.068
Evaluation Time: 0.0636753 seconds
Resulting Fitness: 0.489653
-------------
Particle: 10:
Relays Coordinates:
122.865, 73.4409
119.503, 207.693
203.929, 249.451
Evaluation Time: 0.0814441 seconds
Resulting Fitness: 0.461647
-------------
Particle: 11:
Relays Coordinates:
126.536, 79.0728
142.345, 225.317
215.872, 332.684
Evaluation Time: 0.0569203 seconds
Resulting Fitness: 0.563218
New local best!
-------------
Particle: 12:
Relays Coordinates:
111.209, 60.9861
130.343, 207.782
203.191, 198.123
Evaluation Time: 0.0704493 seconds
Resulting Fitness: 0.421208
-------------
Particle: 13:
Relays Coordinates:
116.03, 85.5357
113.319, 227.78
207.101, 295.245
Evaluation Time: 0.0675474 seconds
Resulting Fitness: 0.491083
-------------
Particle: 14:
Relays Coordinates:
122.989, 67.8876
121.066, 202.767
180.086, 193.119
Evaluation Time: 0.0721158 seconds
Resulting Fitness: 0.426124
-------------
Particle: 15:
Relays Coordinates:
99.4173, 49.6055
109.9, 192.138
179.767, 164.956
Evaluation Time: 0.0677874 seconds
Resulting Fitness: 0.395358
-------------
Particle: 16:
Relays Coordinates:
128.73, 63.582
77.6753, 156.905
74.1962, 144.781
Evaluation Time: 0.0669178 seconds
Resulting Fitness: 0.344728
-------------
Particle: 17:
Relays Coordinates:
98.1909, 76.9336
113.225, 200.191
235.327, 268.013
Evaluation Time: 0.065583 seconds
Resulting Fitness: 0.508202
-------------
Particle: 18:
Relays Coordinates:
119, 79.649
131.152, 138.667
146.363, 264.756
Evaluation Time: 0.0675199 seconds
Resulting Fitness: 0.441529
-------------
Particle: 19:
Relays Coordinates:
128.451, 45.4928
116.364, 185.55
218.102, 295.245
Evaluation Time: 0.0567903 seconds
Resulting Fitness: 0.500182
-------------
Particle: 20:
Relays Coordinates:
132.252, 61.1431
136.546, 213.274
213.316, 328.05
Evaluation Time: 0.0670564 seconds
Resulting Fitness: 0.56243
Current global best fitness: 0.56865
Current global best relays: 131.67, 81.0419
139.501, 230.152
222.216, 355.678
Particle 1 new velocities: 108.375, 42.1831
48.8456, 149.541
142.638, 209.635
Particle 2 new velocities: 71.1491, 41.761
61.4196, 129.605
157.442, 342.034
Particle 3 new velocities: 108.505, 42.1955
127.496, 192.028
242.134, -1.66856
Particle 4 new velocities: 63.7725, 30.6251
80.5578, 123.841
98.4161, 208.921
Particle 5 new velocities: 119.058, 47.0031
99.2065, 158.219
123.207, 30.3819
Particle 6 new velocities: 55.7756, 41.1939
64.9265, 101.14
103.495, 315.888
Particle 7 new velocities: 46.2526, 33.2873
48.5453, 79.4443
70.213, 160.767
Particle 8 new velocities: 92.4489, 65.4043
104.792, 176.135
215.366, 310.483
Particle 9 new velocities: 53.9432, 46.2189
59.1465, 97.3032
176.279, 92.1036
Particle 10 new velocities: 57.4841, 39.4788
66.2489, 128.186
119.79, 212.085
Particle 11 new velocities: 50.594, 43.9272
44.0233, 91.9908
76.2044, 144.964
Particle 12 new velocities: 88.7867, 40.0523
73.9443, 107.551
143.113, 155.061
Particle 13 new velocities: 66.326, 50.4998
116.027, 151.382
143.227, 68.3317
Particle 14 new velocities: 88.5713, 18.2962
81.8208, 142.372
220.428, 203.985
Particle 15 new velocities: 115.575, 84.97
182.049, 290.205
296.194, 375.353
Particle 16 new velocities: 314.885, 138.676
193.713, 120.481
113.463, 459.197
Particle 17 new velocities: 41.8803, 38.4296
76.7898, 112.871
115.859, 209.598
Particle 18 new velocities: 95.6402, 49.7247
108.826, 130.722
105.468, 219.077
Particle 19 new velocities: 97.7413, 55.3969
72.8247, 142.53
176.232, -70.5198
Particle 20 new velocities: 55.0247, 51.7389
67.1116, 114.756
85.1802, 15.4669
-- ITERATION 12 --
-------------
Particle: 1:
Relays Coordinates:
127.045, 58.9037
108.873, 188.494
232.7, 275.542
Evaluation Time: 0.0794563 seconds
Resulting Fitness: 0.506242
-------------
Particle: 2:
Relays Coordinates:
126.548, 78.9521
131.552, 228.122
226.91, 328.05
Evaluation Time: 0.0654409 seconds
Resulting Fitness: 0.564977
New local best!
-------------
Particle: 3:
Relays Coordinates:
102.479, 43.5931
123.114, 184.179
229.815, 113.586
Evaluation Time: 0.0690045 seconds
Resulting Fitness: 0.46032
-------------
Particle: 4:
Relays Coordinates:
126.529, 62.9669
153.984, 213.666
220.824, 265.909
Evaluation Time: 0.0534995 seconds
Resulting Fitness: 0.473843
-------------
Particle: 5:
Relays Coordinates:
130.302, 54.5284
123.659, 207.534
172.602, 174.845
Evaluation Time: 0.0618124 seconds
Resulting Fitness: 0.424163
-------------
Particle: 6:
Relays Coordinates:
122.551, 72.0204
125.959, 210.752
200.086, 328.05
Evaluation Time: 0.0530753 seconds
Resulting Fitness: 0.550577
New local best!
-------------
Particle: 7:
Relays Coordinates:
113.536, 71.6607
126.507, 196.138
201.762, 322.193
Evaluation Time: 0.0616655 seconds
Resulting Fitness: 0.502236
-------------
Particle: 8:
Relays Coordinates:
126.642, 85.0041
140.54, 225.614
249.306, 295.245
Evaluation Time: 0.0514644 seconds
Resulting Fitness: 0.564019
New local best!
-------------
Particle: 9:
Relays Coordinates:
127.216, 65.299
132.468, 192.621
249.146, 252.055
Evaluation Time: 0.0553111 seconds
Resulting Fitness: 0.529505
New local best!
-------------
Particle: 10:
Relays Coordinates:
118.327, 74.0866
121.872, 220.37
212.392, 302.814
Evaluation Time: 0.0496101 seconds
Resulting Fitness: 0.483003
-------------
Particle: 11:
Relays Coordinates:
116.215, 80.7003
122.276, 208.186
191.632, 313.385
Evaluation Time: 0.0487269 seconds
Resulting Fitness: 0.500921
-------------
Particle: 12:
Relays Coordinates:
131.217, 66.2913
134.033, 206.89
227.21, 231.724
Evaluation Time: 0.0646666 seconds
Resulting Fitness: 0.485307
-------------
Particle: 13:
Relays Coordinates:
107.68, 80.3276
135.427, 223.891
206.866, 214.688
Evaluation Time: 0.0534314 seconds
Resulting Fitness: 0.425801
-------------
Particle: 14:
Relays Coordinates:
124.924, 50.8906
119.803, 203.801
236.5, 234.486
Evaluation Time: 0.0709978 seconds
Resulting Fitness: 0.504231
-------------
Particle: 15:
Relays Coordinates:
92.547, 57.9303
125.675, 207.633
204.886, 215.234
Evaluation Time: 0.0500322 seconds
Resulting Fitness: 0.426541
-------------
Particle: 16:
Relays Coordinates:
171.866, 78.3588
105.141, 107.465
72.703, 193.71
Evaluation Time: 0.0645919 seconds
Resulting Fitness: 0.372473
-------------
Particle: 17:
Relays Coordinates:
91.9008, 75.6898
124.668, 205.4
230.413, 313.361
Evaluation Time: 0.0600798 seconds
Resulting Fitness: 0.519357
-------------
Particle: 18:
Relays Coordinates:
126.743, 76.3939
141.705, 159.072
148.703, 285.698
Evaluation Time: 0.0632844 seconds
Resulting Fitness: 0.442757
-------------
Particle: 19:
Relays Coordinates:
133.564, 59.5743
111.714, 193.728
232.851, 132.698
Evaluation Time: 0.057658 seconds
Resulting Fitness: 0.47669
-------------
Particle: 20:
Relays Coordinates:
122.872, 74.0618
133.62, 215.22
195.843, 225.381
Evaluation Time: 0.0607382 seconds
Resulting Fitness: 0.457697
Current global best fitness: 0.56865
Current global best relays: 131.67, 81.0419
139.501, 230.152
222.216, 355.678
Particle 1 new velocities: 94.2864, 61.3237
155.961, 192.772
223.311, 182.618
Particle 2 new velocities: 58.0809, 35.5778
55.6034, 103.832
120.291, 14.6218
Particle 3 new velocities: 157.306, 61.6918
135.896, 168.324
259.58, 305.699
Particle 4 new velocities: 65.3816, 40.4032
47.839, 45.7374
123.989, 221.695
Particle 5 new velocities: 87.9462, 39.9587
90.5764, 129.026
101.3, 343.692
Particle 6 new velocities: 45.0222, 41.1914
64.2751, 95.3373
84.7692, 10.0819
Particle 7 new velocities: 77.3056, 37.782
73.0275, 121.038
105.122, 141.835
Particle 8 new velocities: 79.8433, 49.4762
82.928, 145.059
137.185, 42.3002
Particle 9 new velocities: 48.7754, 36.992
53.0788, 93.5332
135.107, 87.7053
Particle 10 new velocities: 58.2793, 37.6666
78.678, 119.484
105.311, 132.7
Particle 11 new velocities: 64.1929, 34.3473
51.6967, 96.4301
119.065, 174.352
Particle 12 new velocities: 57.9708, 31.1905
86.4766, 101.986
131.394, 216.196
Particle 13 new velocities: 85.8046, 50.812
98.5734, 124.919
139.176, 316.134
Particle 14 new velocities: 82.4626, 51.2775
97.606, 145.449
178.843, 306.506
Particle 15 new velocities: 139.646, 55.6807
160.224, 275.369
258.921, -33.6725
Particle 16 new velocities: 211.791, 117.26
177.669, 216.256
297.281, 70.1364
Particle 17 new velocities: 75.7477, 25.295
67.5476, 93.8055
96.2366, 163.722
Particle 18 new velocities: 75.6671, 26.4646
77.4975, 149.459
118.845, 298.004
Particle 19 new velocities: 77.6141, 54.2501
89.9366, 154.203
143.266, 245.379
Particle 20 new velocities: 56.0393, 49.8422
58.1518, 115.562
100.598, 86.6665
-- ITERATION 13 --
-------------
Particle: 1:
Relays Coordinates:
117.624, 63.8937
140.744, 202.62
242.343, 243.485
Evaluation Time: 0.0532465 seconds
Resulting Fitness: 0.508203
-------------
Particle: 2:
Relays Coordinates:
121.135, 75.143
122.793, 217.795
227.798, 224.827
Evaluation Time: 0.0528173 seconds
Resulting Fitness: 0.473099
-------------
Particle: 3:
Relays Coordinates:
138.061, 55.9527
137.649, 187.334
260.084, 222.825
Evaluation Time: 0.0624207 seconds
Resulting Fitness: 0.538297
New local best!
-------------
Particle: 4:
Relays Coordinates:
101.989, 54.9351
107.257, 137.858
183.248, 259.133
Evaluation Time: 0.0562902 seconds
Resulting Fitness: 0.419394
-------------
Particle: 5:
Relays Coordinates:
128.874, 55.7937
126.504, 198.735
161.737, 295.245
Evaluation Time: 0.0561719 seconds
Resulting Fitness: 0.485663
New local best!
-------------
Particle: 6:
Relays Coordinates:
122.161, 82.5314
138.681, 223.139
207.659, 246.498
Evaluation Time: 0.0618739 seconds
Resulting Fitness: 0.435264
-------------
Particle: 7:
Relays Coordinates:
125.211, 71.8053
130.915, 208.099
201.347, 304.449
Evaluation Time: 0.0480062 seconds
Resulting Fitness: 0.501182
-------------
Particle: 8:
Relays Coordinates:
121.928, 79.4093
131.956, 218.879
228.219, 199.317
Evaluation Time: 0.0639289 seconds
Resulting Fitness: 0.466635
-------------
Particle: 9:
Relays Coordinates:
128.298, 74.5701
135.264, 208.607
280.121, 247.685
Evaluation Time: 0.0597135 seconds
Resulting Fitness: 0.555686
New local best!
-------------
Particle: 10:
Relays Coordinates:
115.871, 73.3213
131.581, 222.978
208.445, 285.741
Evaluation Time: 0.0580758 seconds
Resulting Fitness: 0.482234
-------------
Particle: 11:
Relays Coordinates:
118.366, 75.4827
114.144, 199.858
203.848, 320.004
Evaluation Time: 0.0666482 seconds
Resulting Fitness: 0.501099
-------------
Particle: 12:
Relays Coordinates:
124.126, 63.9578
144.676, 202.654
235.28, 293.88
Evaluation Time: 0.0664369 seconds
Resulting Fitness: 0.547939
New local best!
-------------
Particle: 13:
Relays Coordinates:
126.945, 86.0407
153.528, 228.854
227.038, 328.05
Evaluation Time: 0.052611 seconds
Resulting Fitness: 0.565036
New local best!
-------------
Particle: 14:
Relays Coordinates:
122.46, 60.3293
128.378, 206.229
245.256, 295.245
Evaluation Time: 0.0532112 seconds
Resulting Fitness: 0.562035
New local best!
-------------
Particle: 15:
Relays Coordinates:
99.9514, 48.9058
123.07, 207.916
199.654, 78.1561
Evaluation Time: 0.0665759 seconds
Resulting Fitness: 0.423429
-------------
Particle: 16:
Relays Coordinates:
133.773, 68.2081
98.61, 112.874
129.005, 91.9976
Evaluation Time: 0.0725572 seconds
Resulting Fitness: 0.268175
-------------
Particle: 17:
Relays Coordinates:
109.994, 66.2561
126.113, 196.309
214.315, 313.014
Evaluation Time: 0.0812144 seconds
Resulting Fitness: 0.50347
-------------
Particle: 18:
Relays Coordinates:
132.801, 67.4855
143.819, 202.427
175.539, 328.05
Evaluation Time: 0.0617589 seconds
Resulting Fitness: 0.514298
-------------
Particle: 19:
Relays Coordinates:
124.699, 67.2122
119.073, 205.45
222.093, 223.25
Evaluation Time: 0.0509729 seconds
Resulting Fitness: 0.483925
-------------
Particle: 20:
Relays Coordinates:
117.384, 81.2934
125.822, 217.026
194.495, 204.735
Evaluation Time: 0.0520323 seconds
Resulting Fitness: 0.393648
Current global best fitness: 0.56865
Current global best relays: 131.67, 81.0419
139.501, 230.152
222.216, 355.678
Particle 1 new velocities: 87.9307, 61.8936
129.323, 172.087
274.829, 234.372
Particle 2 new velocities: 58.691, 32.8848
50.9869, 103.83
91.813, 257.806
Particle 3 new velocities: 121.092, 69.1107
109.166, 136.885
184.785, 407.078
Particle 4 new velocities: 89.2194, 44.9319
188.992, 142.542
125.325, 259.2
Particle 5 new velocities: 72.1808, 37.0557
73.7225, 137.389
145.38, 42.4136
Particle 6 new velocities: 41.3918, 24.4546
45.4688, 71.2515
76.45, 156.437
Particle 7 new velocities: 69.9293, 36.9143
76.6662, 130.982
149.439, 127.747
Particle 8 new velocities: 75.9497, 42.93
73.446, 129.347
125.816, 131.749
Particle 9 new velocities: 42.5565, 36.0388
45.3381, 93.26
72.1761, 96.3287
Particle 10 new velocities: 70.0846, 40.1108
77.7755, 96.3795
87.2059, 107.297
Particle 11 new velocities: 52.1509, 35.9473
102.026, 100.897
103.927, 163.217
Particle 12 new velocities: 55.0184, 30.8113
63.9487, 96.3478
91.6369, 217.012
Particle 13 new velocities: 74.745, 39.19
77.527, 100.05
109.506, 35.8891
Particle 14 new velocities: 69.9183, 65.2839
78.2862, 143.288
143.013, 53.0255
Particle 15 new velocities: 122.934, 81.9511
151.623, 273.495
216.768, 53.1827
Particle 16 new velocities: 200.888, 136.548
143.267, 440.223
294.563, 72.2913
Particle 17 new velocities: 57.4571, 32.5533
59.0294, 123.901
88.6075, 78.7244
Particle 18 new velocities: 46.6459, 27.9657
45.983, 149.283
81.8683, 15.2862
Particle 19 new velocities: 83.9565, 40.9999
77.713, 121.749
167.446, 350.203
Particle 20 new velocities: 61.0471, 39.4377
48.3513, 116.307
140.552, 406.173
-- ITERATION 14 --
-------------
Particle: 1:
Relays Coordinates:
121.378, 74.2762
159.472, 221.261
295.245, 282.17
Evaluation Time: 0.0535086 seconds
Resulting Fitness: 0.568964
New local best!
New global best!
-------------
Particle: 2:
Relays Coordinates:
117.984, 70.8771
114.017, 211.018
209.697, 316.656
Evaluation Time: 0.0574384 seconds
Resulting Fitness: 0.517716
-------------
Particle: 3:
Relays Coordinates:
137.724, 66.4638
131.167, 172.303
236.422, 265.721
Evaluation Time: 0.0548619 seconds
Resulting Fitness: 0.539074
New local best!
-------------
Particle: 4:
Relays Coordinates:
125.452, 65.5228
194.369, 183.97
202.455, 328.05
Evaluation Time: 0.038547 seconds
Resulting Fitness: 0.519471
-------------
Particle: 5:
Relays Coordinates:
118.721, 54.8266
118.232, 198.478
181.349, 199.384
Evaluation Time: 0.0575786 seconds
Resulting Fitness: 0.427345
-------------
Particle: 6:
Relays Coordinates:
119.23, 77.9928
134.245, 214.611
207.116, 293.739
Evaluation Time: 0.0480816 seconds
Resulting Fitness: 0.483384
-------------
Particle: 7:
Relays Coordinates:
128.032, 71.3309
136.194, 222.471
230.15, 283.563
Evaluation Time: 0.0531646 seconds
Resulting Fitness: 0.508348
-------------
Particle: 8:
Relays Coordinates:
129.827, 80.2668
134.764, 228.471
232.283, 217.212
Evaluation Time: 0.0507729 seconds
Resulting Fitness: 0.502276
-------------
Particle: 9:
Relays Coordinates:
124.553, 80.634
131.659, 220.061
256.825, 250.786
Evaluation Time: 0.053389 seconds
Resulting Fitness: 0.540779
-------------
Particle: 10:
Relays Coordinates:
122.006, 74.4228
137.359, 209.531
193.977, 257.872
Evaluation Time: 0.0619512 seconds
Resulting Fitness: 0.46189
-------------
Particle: 11:
Relays Coordinates:
124.306, 81.2325
157.588, 219.251
224.368, 352.268
Evaluation Time: 0.050628 seconds
Resulting Fitness: 0.569002
New local best!
New global best!
-------------
Particle: 12:
Relays Coordinates:
117.537, 62.178
136.879, 196.175
214.49, 328.05
Evaluation Time: 0.0487751 seconds
Resulting Fitness: 0.560091
New local best!
-------------
Particle: 13:
Relays Coordinates:
119.096, 73.9474
136.435, 194.214
198.725, 214.902
Evaluation Time: 0.0485475 seconds
Resulting Fitness: 0.431816
-------------
Particle: 14:
Relays Coordinates:
126.219, 82.4148
135.592, 229.318
254.743, 228.5
Evaluation Time: 0.0556629 seconds
Resulting Fitness: 0.539728
-------------
Particle: 15:
Relays Coordinates:
95.9448, 56.3296
118.246, 207.232
179.256, 56.537
Evaluation Time: 0.0519445 seconds
Resulting Fitness: 0.418094
-------------
Particle: 16:
Relays Coordinates:
129.655, 79.3266
93.708, 193.71
164.099, 63.6489
Evaluation Time: 0.0495475 seconds
Resulting Fitness: 0.369447
-------------
Particle: 17:
Relays Coordinates:
109.865, 64.8289
121.472, 210.09
198.747, 257.019
Evaluation Time: 0.0522624 seconds
Resulting Fitness: 0.434394
-------------
Particle: 18:
Relays Coordinates:
105.962, 56.363
112.076, 207.682
151.996, 202.737
Evaluation Time: 0.0530665 seconds
Resulting Fitness: 0.393716
-------------
Particle: 19:
Relays Coordinates:
123.209, 63.8981
116.2, 193.207
230.019, 295.245
Evaluation Time: 0.0528978 seconds
Resulting Fitness: 0.510965
-------------
Particle: 20:
Relays Coordinates:
117.069, 79.2117
114.275, 218.7
219.825, 328.05
Evaluation Time: 0.0497252 seconds
Resulting Fitness: 0.55368
Current global best fitness: 0.569002
Current global best relays: 124.306, 81.2325
157.588, 219.251
224.368, 352.268
Particle 1 new velocities: 70.5523, 55.9243
103.453, 136.645
-71.0427, 259.115
Particle 2 new velocities: 61.5232, 36.1805
110.831, 98.9897
100.788, 257.744
Particle 3 new velocities: 92.7885, 71.8562
112.55, 155.479
137.109, 97.962
Particle 4 new velocities: 71.0015, 21.9399
147.575, 116.019
156.486, -56.8311
Particle 5 new velocities: 70.4711, 43.5125
88.1789, 117.717
145.839, 238.624
Particle 6 new velocities: 41.7922, 14.8289
34.4609, 54.7587
60.015, 172.809
Particle 7 new velocities: 51.9977, 41.6876
65.6835, 101.841
120.074, 196.51
Particle 8 new velocities: 58.2388, 38.6895
90.0657, 88.2302
95.1022, 315.359
Particle 9 new velocities: 38.5829, 26.9257
45.0372, 67.3271
53.908, 150.043
Particle 10 new velocities: 61.0799, 45.4946
64.0441, 96.3635
136.326, 160.864
Particle 11 new velocities: 41.7208, 28.7578
81.6211, 80.7177
83.142, 130.574
Particle 12 new velocities: 52.7736, 41.7806
67.6219, 83.1022
75.2055, 13.1462
Particle 13 new velocities: 61.7561, 43.866
77.0705, 95.0208
121.836, 111.512
Particle 14 new velocities: 51.3985, 38.3182
52.3962, 99.2983
68.3621, 188.673
Particle 15 new velocities: 136.126, 35.552
132.939, 253.001
263.343, 197.159
Particle 16 new velocities: 263.454, 115.971
136.571, 27.5652
221.32, 333.769
Particle 17 new velocities: 57.0375, 34.7505
60.4087, 105.483
114.857, 116.904
Particle 18 new velocities: 60.1734, 35.2354
65.2173, 122.017
157.012, 159.958
Particle 19 new velocities: 71.5818, 31.6296
89.4555, 98.8134
161.33, -31.7269
Particle 20 new velocities: 65.9764, 35.479
107.72, 106.274
116.608, 40.5172
-- ITERATION 15 --
-------------
Particle: 1:
Relays Coordinates:
113.333, 76.8821
155.254, 211.34
132.389, 295.245
Evaluation Time: 0.0565348 seconds
Resulting Fitness: 0.469608
-------------
Particle: 2:
Relays Coordinates:
130.861, 78.0449
163.914, 225.996
226.344, 364.5
Evaluation Time: 0.0538574 seconds
Resulting Fitness: 0.569655
New local best!
New global best!
-------------
Particle: 3:
Relays Coordinates:
122.504, 73.5089
129.521, 174.197
198.51, 193.276
Evaluation Time: 0.0648382 seconds
Resulting Fitness: 0.427219
-------------
Particle: 4:
Relays Coordinates:
116.004, 51.6458
201.915, 177.141
211.951, 160.152
Evaluation Time: 0.0519364 seconds
Resulting Fitness: 0.384137
-------------
Particle: 5:
Relays Coordinates:
124.129, 64.5203
135.426, 207.456
214.668, 287.377
Evaluation Time: 0.0630807 seconds
Resulting Fitness: 0.501192
New local best!
-------------
Particle: 6:
Relays Coordinates:
105.647, 60.9004
110.688, 176.733
175.264, 306.102
Evaluation Time: 0.0477745 seconds
Resulting Fitness: 0.470666
-------------
Particle: 7:
Relays Coordinates:
118.117, 74.1515
132.452, 212.781
229.782, 314.976
Evaluation Time: 0.0521557 seconds
Resulting Fitness: 0.519492
-------------
Particle: 8:
Relays Coordinates:
123.39, 78.0472
147.511, 207.788
214.797, 328.05
Evaluation Time: 0.0522846 seconds
Resulting Fitness: 0.561105
-------------
Particle: 9:
Relays Coordinates:
118.926, 78.411
128.811, 209.506
226.524, 292.205
Evaluation Time: 0.0704358 seconds
Resulting Fitness: 0.483508
-------------
Particle: 10:
Relays Coordinates:
120.122, 78.6778
132.14, 200.697
216.711, 274.733
Evaluation Time: 0.0540338 seconds
Resulting Fitness: 0.479413
-------------
Particle: 11:
Relays Coordinates:
121.034, 80.183
174.383, 218.677
224.175, 351.992
Evaluation Time: 0.0603681 seconds
Resulting Fitness: 0.563508
-------------
Particle: 12:
Relays Coordinates:
124.156, 75.7858
149.081, 203.593
211.188, 248.732
Evaluation Time: 0.064972 seconds
Resulting Fitness: 0.462477
-------------
Particle: 13:
Relays Coordinates:
118.657, 77.2974
140.081, 189.767
210.321, 214.161
Evaluation Time: 0.0577139 seconds
Resulting Fitness: 0.394635
-------------
Particle: 14:
Relays Coordinates:
116.535, 79.213
123.339, 215.605
211.989, 273.707
Evaluation Time: 0.052147 seconds
Resulting Fitness: 0.468451
-------------
Particle: 15:
Relays Coordinates:
123.332, 48.8296
133.49, 244.586
235.215, 134.824
Evaluation Time: 0.0618987 seconds
Resulting Fitness: 0.505512
New local best!
-------------
Particle: 16:
Relays Coordinates:
188.023, 93.4102
110.142, 105.835
184.345, 190.084
Evaluation Time: 0.0690907 seconds
Resulting Fitness: 0.365132
-------------
Particle: 17:
Relays Coordinates:
109.505, 65.3341
119.332, 207.047
205.756, 245.331
Evaluation Time: 0.0546574 seconds
Resulting Fitness: 0.435036
-------------
Particle: 18:
Relays Coordinates:
98.1012, 54.0879
104.69, 194.684
182.466, 214.167
Evaluation Time: 0.0658 seconds
Resulting Fitness: 0.39448
-------------
Particle: 19:
Relays Coordinates:
127.802, 62.6758
134.931, 191.595
256.764, 172.894
Evaluation Time: 0.0554367 seconds
Resulting Fitness: 0.516821
-------------
Particle: 20:
Relays Coordinates:
120.096, 75.2486
145.651, 213.216
220.733, 241.817
Evaluation Time: 0.0469003 seconds
Resulting Fitness: 0.487391
Current global best fitness: 0.569655
Current global best relays: 130.861, 78.0449
163.914, 225.996
226.344, 364.5
Particle 1 new velocities: 83.0495, 45.7052
90.3801, 119.082
244.551, 53.7819
Particle 2 new velocities: 49.2185, 28.9444
88.6648, 79.1918
80.6304, 0
Particle 3 new velocities: 103.267, 53.6583
134.908, 153.63
190.253, 335.044
Particle 4 new velocities: 75.7441, 50.5393
79.2961, 130.244
208.715, 105.654
Particle 5 new velocities: 59.2458, 36.3355
85.9869, 111.586
118.996, 289.024
Particle 6 new velocities: 65.8278, 14.4884
63.9953, 145.686
150.602, 185.884
Particle 7 new velocities: 61.4384, 39.0675
84.2943, 95.0842
97.3097, 167.095
Particle 8 new velocities: 50.8852, 40.6086
80.7035, 115.229
139.923, -5.67116
Particle 9 new velocities: 45.7363, 15.7804
48.945, 54.0112
129.237, 153.812
Particle 10 new velocities: 69.9008, 36.9973
92.4609, 109.948
118.497, 230.25
Particle 11 new velocities: 38.7795, 20.8739
39.0587, 70.1637
67.1172, 111.756
Particle 12 new velocities: 40.8503, 23.4652
47.8063, 67.3428
73.1711, 166.404
Particle 13 new velocities: 59.0674, 43.8498
85.5666, 151.178
120.637, 242.148
Particle 14 new velocities: 59.301, 3.05899
74.8016, 76.1497
92.3382, 228.674
Particle 15 new velocities: 118.658, 34.9445
136.908, 198.978
210.565, 341.58
Particle 16 new velocities: 143.558, 78.8315
100.814, 279.85
215.685, 372.06
Particle 17 new velocities: 46.666, 38.673
91.4763, 94.6766
136.942, 160.633
Particle 18 new velocities: 105.735, 40.9513
80.3811, 99.3639
103.763, 362.262
Particle 19 new velocities: 73.0731, 12.1761
65.8405, 89.0268
96.5582, 177.46
Particle 20 new velocities: 68.1924, 34.4202
86.5451, 96.2507
100.349, 218.906
-- ITERATION 16 --
-------------
Particle: 1:
Relays Coordinates:
128.847, 80.4295
161.161, 216.79
247.311, 228.997
Evaluation Time: 0.0505903 seconds
Resulting Fitness: 0.524172
-------------
Particle: 2:
Relays Coordinates:
131.278, 77.9952
184.13, 222.482
223.784, 265.721
Evaluation Time: 0.0587697 seconds
Resulting Fitness: 0.486525
-------------
Particle: 3:
Relays Coordinates:
133.315, 75.091
156.143, 193.579
229.561, 295.245
Evaluation Time: 0.0518295 seconds
Resulting Fitness: 0.501982
-------------
Particle: 4:
Relays Coordinates:
125.806, 67.0437
184.503, 201.675
275.999, 174.395
Evaluation Time: 0.0608282 seconds
Resulting Fitness: 0.489028
-------------
Particle: 5:
Relays Coordinates:
120.312, 66.1715
145.269, 209.324
218.917, 328.05
Evaluation Time: 0.0439565 seconds
Resulting Fitness: 0.564447
New local best!
-------------
Particle: 6:
Relays Coordinates:
101.254, 44.5163
103.149, 190.385
192.421, 290.513
Evaluation Time: 0.0441024 seconds
Resulting Fitness: 0.463804
-------------
Particle: 7:
Relays Coordinates:
130.896, 82.5366
158.008, 224.434
238.45, 351.43
Evaluation Time: 0.0466199 seconds
Resulting Fitness: 0.566426
New local best!
-------------
Particle: 8:
Relays Coordinates:
127.047, 86.5001
166.368, 235.479
258.591, 235.014
Evaluation Time: 0.0673589 seconds
Resulting Fitness: 0.53805
-------------
Particle: 9:
Relays Coordinates:
97.2314, 55.6191
104.963, 155.604
210.073, 263.368
Evaluation Time: 0.0583556 seconds
Resulting Fitness: 0.443193
-------------
Particle: 10:
Relays Coordinates:
124.674, 75.8944
147.361, 203.814
219.93, 328.05
Evaluation Time: 0.0689113 seconds
Resulting Fitness: 0.562491
New local best!
-------------
Particle: 11:
Relays Coordinates:
116.504, 73.6705
155.599, 210.565
212.352, 338.072
Evaluation Time: 0.0571592 seconds
Resulting Fitness: 0.545074
-------------
Particle: 12:
Relays Coordinates:
120.29, 72.354
143.531, 197.512
207.298, 302.634
Evaluation Time: 0.0695854 seconds
Resulting Fitness: 0.482694
-------------
Particle: 13:
Relays Coordinates:
116.605, 79.4847
148.048, 223.694
217.141, 299.384
Evaluation Time: 0.0630717 seconds
Resulting Fitness: 0.48395
-------------
Particle: 14:
Relays Coordinates:
115.366, 53.9786
130, 191.42
199.669, 328.05
Evaluation Time: 0.0538455 seconds
Resulting Fitness: 0.543222
-------------
Particle: 15:
Relays Coordinates:
93.7517, 32.4558
104.758, 171.846
172.704, 184.569
Evaluation Time: 0.0635391 seconds
Resulting Fitness: 0.384129
-------------
Particle: 16:
Relays Coordinates:
128.461, 66.73
81.7284, 149.423
154.98, 193.71
Evaluation Time: 0.0540236 seconds
Resulting Fitness: 0.414953
-------------
Particle: 17:
Relays Coordinates:
113.848, 75.8212
153.679, 219.957
249.827, 295.948
Evaluation Time: 0.0490939 seconds
Resulting Fitness: 0.544614
New local best!
-------------
Particle: 18:
Relays Coordinates:
133.737, 62.3552
121.425, 192.925
187.795, 328.05
Evaluation Time: 0.0593096 seconds
Resulting Fitness: 0.541579
New local best!
-------------
Particle: 19:
Relays Coordinates:
131.794, 49.1103
131.726, 184.116
231.815, 229.867
Evaluation Time: 0.0652384 seconds
Resulting Fitness: 0.500426
-------------
Particle: 20:
Relays Coordinates:
123.536, 71.9537
152.344, 203.041
210.662, 302.28
Evaluation Time: 0.0905656 seconds
Resulting Fitness: 0.492287
Current global best fitness: 0.569655
Current global best relays: 130.861, 78.0449
163.914, 225.996
226.344, 364.5
Particle 1 new velocities: 57.8127, 35.6413
74.7134, 111.353
195.799, 46.1396
Particle 2 new velocities: 38.949, 23.2351
54.0648, 65.4374
67.701, 99.4623
Particle 3 new velocities: 82.732, 43.1786
90.8468, 133.324
159.377, -37.4521
Particle 4 new velocities: 64.3109, 45.1703
50.5185, 106.823
114.345, 396.873
Particle 5 new velocities: 48.6237, 35.375
68.8078, 109.082
99.1657, 36.7064
Particle 6 new velocities: 80.8782, 57.9609
78.8506, 154.247
147.04, 284.893
Particle 7 new velocities: 49.1449, 31.2321
69.3662, 77.2484
70.1993, 150.14
Particle 8 new velocities: 42.2015, 29.179
30.5126, 76.0093
62.0016, 160.39
Particle 9 new velocities: 70.4995, 42.3892
99.4636, 97.5735
154.892, 213.259
Particle 10 new velocities: 59.5019, 30.8147
85.8797, 94.5157
96.9649, 12.0992
Particle 11 new velocities: 58.8108, 25.4412
34.1967, 65.2894
76.4067, 128.402
Particle 12 new velocities: 38.8072, 7.14322
39.0122, 88.2868
85.3851, 221.349
Particle 13 new velocities: 60.4696, 40.6268
79.3317, 128.701
114.965, 249.192
Particle 14 new velocities: 56.1995, 27.7088
87.1943, 75.8674
135.263, 38.7313
Particle 15 new velocities: 103.582, 59.9112
143.824, 251.362
268.579, 250.532
Particle 16 new velocities: 251.911, 118.79
150.561, 318.121
233.502, -74.5408
Particle 17 new velocities: 44.9136, 32.1191
82.3546, 79.7635
97.6511, 161.267
Particle 18 new velocities: 82.2215, 51.1698
75.5186, 98.9956
129.614, 39.592
Particle 19 new velocities: 64.0321, 24.442
22.2615, 76.8074
108.121, 298.602
Particle 20 new velocities: 59.5161, 29.3389
67.0985, 103.272
105.038, 203.226
-- ITERATION 17 --
-------------
Particle: 1:
Relays Coordinates:
122.467, 76.1541
154.757, 215.294
290.724, 180.517
Evaluation Time: 0.0986074 seconds
Resulting Fitness: 0.540242
-------------
Particle: 2:
Relays Coordinates:
124.095, 73.7969
173.644, 209.893
212.493, 266.218
Evaluation Time: 0.0678019 seconds
Resulting Fitness: 0.464182
-------------
Particle: 3:
Relays Coordinates:
127.574, 69.837
145.845, 193.033
229.664, 152.224
Evaluation Time: 0.0540753 seconds
Resulting Fitness: 0.476076
-------------
Particle: 4:
Relays Coordinates:
112.262, 66.2612
138.778, 182.165
230.494, 295.245
Evaluation Time: 0.053403 seconds
Resulting Fitness: 0.482044
-------------
Particle: 5:
Relays Coordinates:
110.839, 66.6246
140.456, 208.906
208.694, 239.317
Evaluation Time: 0.0600374 seconds
Resulting Fitness: 0.434363
-------------
Particle: 6:
Relays Coordinates:
107.547, 60.5118
107.469, 203.502
200.448, 295.245
Evaluation Time: 0.059467 seconds
Resulting Fitness: 0.481166
-------------
Particle: 7:
Relays Coordinates:
118.125, 74.6437
149.18, 197.934
202.505, 328.05
Evaluation Time: 0.0541987 seconds
Resulting Fitness: 0.505887
-------------
Particle: 8:
Relays Coordinates:
123.382, 84.3301
143.526, 227.075
233.712, 288.25
Evaluation Time: 0.0546966 seconds
Resulting Fitness: 0.501001
-------------
Particle: 9:
Relays Coordinates:
89.1391, 52.0856
108.641, 134.549
193.957, 253.299
Evaluation Time: 0.0513355 seconds
Resulting Fitness: 0.418476
-------------
Particle: 10:
Relays Coordinates:
120.838, 70.0118
153.029, 195.734
207.915, 223.172
Evaluation Time: 0.0594389 seconds
Resulting Fitness: 0.459641
-------------
Particle: 11:
Relays Coordinates:
115.024, 65.0272
124.525, 180.988
189.455, 306.054
Evaluation Time: 0.0598 seconds
Resulting Fitness: 0.500977
-------------
Particle: 12:
Relays Coordinates:
93.9451, 46.9423
107.79, 168.761
172.826, 295.245
Evaluation Time: 0.055013 seconds
Resulting Fitness: 0.458
-------------
Particle: 13:
Relays Coordinates:
104.561, 70.9247
134.265, 208.085
196.105, 295.245
Evaluation Time: 0.0530183 seconds
Resulting Fitness: 0.483202
-------------
Particle: 14:
Relays Coordinates:
138.968, 66.1668
175.927, 216.503
271.295, 297.093
Evaluation Time: 0.0497829 seconds
Resulting Fitness: 0.568314
New local best!
-------------
Particle: 15:
Relays Coordinates:
84.9457, 39.761
107.006, 182.177
189.958, 187.297
Evaluation Time: 0.0470653 seconds
Resulting Fitness: 0.384763
-------------
Particle: 16:
Relays Coordinates:
132.627, 64.6867
80.9944, 163.022
135.455, 41.5518
Evaluation Time: 0.0607405 seconds
Resulting Fitness: 0.343525
-------------
Particle: 17:
Relays Coordinates:
115.737, 78.6884
172.069, 218.496
253.311, 333.309
Evaluation Time: 0.0481769 seconds
Resulting Fitness: 0.547247
New local best!
-------------
Particle: 18:
Relays Coordinates:
127.521, 67.0354
116.293, 172.376
187.427, 217.089
Evaluation Time: 0.0500188 seconds
Resulting Fitness: 0.42779
-------------
Particle: 19:
Relays Coordinates:
93.6631, 35.1798
73.6517, 124.799
162.59, 239.148
Evaluation Time: 0.0534164 seconds
Resulting Fitness: 0.411778
-------------
Particle: 20:
Relays Coordinates:
120.1, 66.4581
143.976, 200.972
207.13, 328.05
Evaluation Time: 0.0662229 seconds
Resulting Fitness: 0.561542
Current global best fitness: 0.569655
Current global best relays: 130.861, 78.0449
163.914, 225.996
226.344, 364.5
Particle 1 new velocities: 49.1186, 28.0364
69.0219, 105.485
136.391, 140.304
Particle 2 new velocities: 43.1656, 19.8069
24.6215, 63.5399
66.6236, 214.89
Particle 3 new velocities: 72.1808, 38.6268
59.6705, 120.85
134.635, 187.471
Particle 4 new velocities: 109.973, 32.5595
142.124, 122.102
92.4429, 16.9613
Particle 5 new velocities: 68.2283, 42.3588
83.1753, 101.232
107.127, 237.062
Particle 6 new velocities: 79.281, 61.1797
118.347, 157.41
148.692, 113.842
Particle 7 new velocities: 53.9444, 27.5096
81.1891, 124.393
84.7975, 77.8293
Particle 8 new velocities: 43.5808, 22.6945
37.9127, 58.1324
46.5714, 197.285
Particle 9 new velocities: 114.763, 75.856
141.882, 267.466
273.292, 250.429
Particle 10 new velocities: 58.2015, 37.6175
81.2949, 95.512
83.7349, 178.134
Particle 11 new velocities: 67.9889, 32.3698
101.541, 162.871
107.765, 167.838
Particle 12 new velocities: 67.6812, 33.0136
142.385, 81.7567
101.037, 12.3101
Particle 13 new velocities: 90.047, 58.4681
105.906, 124.146
135.162, 81.0283
Particle 14 new velocities: 38.6102, 35.362
64.9411, 68.6589
60.4197, 106.19
Particle 15 new velocities: 141.52, 91.5512
178.603, 269.049
310.711, 274.357
Particle 16 new velocities: 319.16, 108.115
214.579, 318.328
202.931, 50.1911
Particle 17 new velocities: 41.946, 25.0723
62.4947, 70.2279
57.4987, 155.217
Particle 18 new velocities: 72.2364, 45.177
80.4664, 145.851
119.466, 219.375
Particle 19 new velocities: 124.22, 41.796
183.066, 149.025
241.287, -16.5051
Particle 20 new velocities: 64.5636, 40.341
51.8428, 115.254
111.23, 49.2883
-- ITERATION 18 --
-------------
Particle: 1:
Relays Coordinates:
112.577, 68.3593
146.821, 210.464
280.23, 210.49
Evaluation Time: 0.0518058 seconds
Resulting Fitness: 0.521866
-------------
Particle: 2:
Relays Coordinates:
109.74, 61.4135
130.082, 179.399
183.128, 315.655
Evaluation Time: 0.0690137 seconds
Resulting Fitness: 0.501859
-------------
Particle: 3:
Relays Coordinates:
131.059, 71.1631
134.839, 205.938
239.017, 222.874
Evaluation Time: 0.0542083 seconds
Resulting Fitness: 0.519941
-------------
Particle: 4:
Relays Coordinates:
131.227, 58.3526
165.869, 179.666
190.691, 184.355
Evaluation Time: 0.0664372 seconds
Resulting Fitness: 0.35423
-------------
Particle: 5:
Relays Coordinates:
130.54, 79.4489
163.027, 226.091
230.234, 347.28
Evaluation Time: 0.0649018 seconds
Resulting Fitness: 0.567394
New local best!
-------------
Particle: 6:
Relays Coordinates:
110.32, 71.8576
133.342, 213.115
206.164, 241.562
Evaluation Time: 0.0482251 seconds
Resulting Fitness: 0.435185
-------------
Particle: 7:
Relays Coordinates:
112.895, 67.0228
151.145, 211.478
188.499, 266.297
Evaluation Time: 0.0508223 seconds
Resulting Fitness: 0.424552
-------------
Particle: 8:
Relays Coordinates:
109.544, 70.2189
119.042, 187.124
183.894, 318.559
Evaluation Time: 0.0623617 seconds
Resulting Fitness: 0.500206
-------------
Particle: 9:
Relays Coordinates:
108.362, 67.9934
133.138, 213.647
248.316, 265.721
Evaluation Time: 0.0752193 seconds
Resulting Fitness: 0.526124
-------------
Particle: 10:
Relays Coordinates:
130.52, 78.4618
170.822, 212.318
212.613, 292.552
Evaluation Time: 0.0829574 seconds
Resulting Fitness: 0.491301
-------------
Particle: 11:
Relays Coordinates:
108.067, 57.5119
133.49, 203.045
175.505, 279.828
Evaluation Time: 0.0628425 seconds
Resulting Fitness: 0.435304
-------------
Particle: 12:
Relays Coordinates:
117.826, 58.2878
182.378, 182.628
199.647, 224.208
Evaluation Time: 0.0579255 seconds
Resulting Fitness: 0.393994
-------------
Particle: 13:
Relays Coordinates:
127.682, 84.8946
157.576, 217.977
217.344, 246.873
Evaluation Time: 0.0511838 seconds
Resulting Fitness: 0.486594
-------------
Particle: 14:
Relays Coordinates:
129.455, 74.0145
175.593, 207.883
241.82, 293.993
Evaluation Time: 0.0603305 seconds
Resulting Fitness: 0.557819
-------------
Particle: 15:
Relays Coordinates:
97.4861, 56.5256
122.945, 194.238
215.234, 198.727
Evaluation Time: 0.0476884 seconds
Resulting Fitness: 0.431859
-------------
Particle: 16:
Relays Coordinates:
194.48, 74.3854
127.235, 207.205
145.664, 39.4923
Evaluation Time: 0.0706237 seconds
Resulting Fitness: 0.422021
-------------
Particle: 17:
Relays Coordinates:
103.456, 68.0774
153.897, 189.432
203.922, 320.522
Evaluation Time: 0.0614092 seconds
Resulting Fitness: 0.492999
-------------
Particle: 18:
Relays Coordinates:
131.061, 73.6225
129.094, 208.789
201.352, 286.364
Evaluation Time: 0.0824808 seconds
Resulting Fitness: 0.499642
-------------
Particle: 19:
Relays Coordinates:
142.953, 50.5038
168.432, 179.656
264.984, 146.076
Evaluation Time: 0.0788312 seconds
Resulting Fitness: 0.461556
-------------
Particle: 20:
Relays Coordinates:
121.158, 70.0709
128.477, 207.476
208.876, 247.572
Evaluation Time: 0.0577594 seconds
Resulting Fitness: 0.464303
Current global best fitness: 0.569655
Current global best relays: 130.861, 78.0449
163.914, 225.996
226.344, 364.5
Particle 1 new velocities: 67.2768, 37.9574
77.9164, 94.6684
86.7659, 316.823
Particle 2 new velocities: 82.7301, 45.197
56.1911, 158.308
99.7767, 225.528
Particle 3 new velocities: 65.8119, 31.1859
63.488, 98.3241
101.707, 350.548
Particle 4 new velocities: 89.7659, 29.7682
160.695, 123.667
141.396, 224.201
Particle 5 new velocities: 54.9049, 33.0285
66.5756, 80.9176
85.3751, 195.88
Particle 6 new velocities: 75.7271, 50.9271
91.0823, 125.251
136.655, 330.461
Particle 7 new velocities: 50.5089, 50.4646
67.5211, 128.482
82.7115, 160.804
Particle 8 new velocities: 64.759, 29.8023
114.462, 72.4189
71.9122, 190.297
Particle 9 new velocities: 97.1904, 81.5515
127.75, 213.982
212.793, 54.6518
Particle 10 new velocities: 46.2471, 27.1534
59.1621, 79.9722
78.5747, 253.9
Particle 11 new velocities: 82.4509, 38.5178
106.954, 154.403
163.916, 333.354
Particle 12 new velocities: 54.204, 34.1307
72.7141, 86.0598
93.4748, 210.745
Particle 13 new velocities: 74.6463, 47.3258
87.7818, 113.537
125.059, 222.049
Particle 14 new velocities: 35.5203, 18.6783
40.1726, 75.9568
74.1943, 115.704
Particle 15 new velocities: 137.24, 94.1728
174.76, 319.386
39.3913, 368.114
Particle 16 new velocities: 208.09, 131.846
178.364, 257.349
148.277, 295.006
Particle 17 new velocities: 77.8281, 33.6246
57.1282, 123.673
82.5263, 164.443
Particle 18 new velocities: 59.9456, 24.0238
64.1095, 105.668
100.807, 232.399
Particle 19 new velocities: 96.5252, 34.8663
53.4835, 153.575
150.057, 166.502
Particle 20 new velocities: 60.5528, 48.8029
68.2194, 120.582
115.704, 129.445
-- ITERATION 19 --
-------------
Particle: 1:
Relays Coordinates:
106.202, 62.779
132.705, 180.177
216.707, 295.245
Evaluation Time: 0.0528191 seconds
Resulting Fitness: 0.479429
-------------
Particle: 2:
Relays Coordinates:
126.28, 69.9471
122.214, 221.57
185.614, 328.05
Evaluation Time: 0.0541873 seconds
Resulting Fitness: 0.537936
-------------
Particle: 3:
Relays Coordinates:
116.25, 60.4361
117.11, 179.664
201.194, 295.245
Evaluation Time: 0.048891 seconds
Resulting Fitness: 0.488993
-------------
Particle: 4:
Relays Coordinates:
130.494, 52.0344
192.833, 179.115
196.094, 241.248
Evaluation Time: 0.0537453 seconds
Resulting Fitness: 0.44171
-------------
Particle: 5:
Relays Coordinates:
121.67, 73.7964
150.642, 201.428
207.071, 328.05
Evaluation Time: 0.0532445 seconds
Resulting Fitness: 0.561478
-------------
Particle: 6:
Relays Coordinates:
122.066, 80.559
147.245, 222.002
224.923, 328.05
Evaluation Time: 0.0656211 seconds
Resulting Fitness: 0.553737
New local best!
-------------
Particle: 7:
Relays Coordinates:
107.209, 77.0834
143.467, 223.048
177.941, 280.221
Evaluation Time: 0.0478946 seconds
Resulting Fitness: 0.435637
-------------
Particle: 8:
Relays Coordinates:
102.924, 59.0615
137.882, 153.258
151.051, 295.245
Evaluation Time: 0.0773192 seconds
Resulting Fitness: 0.44529
-------------
Particle: 9:
Relays Coordinates:
109.239, 79.4743
138.647, 227.26
245.052, 170.259
Evaluation Time: 0.0767718 seconds
Resulting Fitness: 0.479341
-------------
Particle: 10:
Relays Coordinates:
115.977, 69.2941
150.893, 191.772
191.048, 328.05
Evaluation Time: 0.075148 seconds
Resulting Fitness: 0.492233
-------------
Particle: 11:
Relays Coordinates:
101.249, 51.0341
127.782, 189.963
180.382, 265.721
Evaluation Time: 0.0539729 seconds
Resulting Fitness: 0.433857
-------------
Particle: 12:
Relays Coordinates:
125.41, 67.3731
185.962, 195.873
213.686, 317.081
Evaluation Time: 0.0525234 seconds
Resulting Fitness: 0.519118
-------------
Particle: 13:
Relays Coordinates:
119.473, 78.0749
144.881, 195.756
202.186, 276.894
Evaluation Time: 0.0526897 seconds
Resulting Fitness: 0.436398
-------------
Particle: 14:
Relays Coordinates:
120.267, 67.573
157.293, 206.919
230.375, 298.669
Evaluation Time: 0.0542234 seconds
Resulting Fitness: 0.516241
-------------
Particle: 15:
Relays Coordinates:
101.042, 64.8707
128.152, 215.234
109.608, 215.234
Evaluation Time: 0.0498548 seconds
Resulting Fitness: 0.37674
-------------
Particle: 16:
Relays Coordinates:
126.331, 64.7176
95.9, 145.782
92.2417, 104.969
Evaluation Time: 0.050539 seconds
Resulting Fitness: 0.341674
-------------
Particle: 17:
Relays Coordinates:
118.941, 66.7267
138.454, 205.428
187.939, 318.185
Evaluation Time: 0.0479295 seconds
Resulting Fitness: 0.514374
-------------
Particle: 18:
Relays Coordinates:
125.319, 64.0658
126.761, 206.316
198.247, 328.05
Evaluation Time: 0.0448325 seconds
Resulting Fitness: 0.543346
New local best!
-------------
Particle: 19:
Relays Coordinates:
141.41, 50.4102
131.039, 196.769
245.077, 184.574
Evaluation Time: 0.0395435 seconds
Resulting Fitness: 0.503473
-------------
Particle: 20:
Relays Coordinates:
119.221, 77.9931
129.052, 215.239
212.957, 247.361
Evaluation Time: 0.0525834 seconds
Resulting Fitness: 0.447719
Current global best fitness: 0.569655
Current global best relays: 130.861, 78.0449
163.914, 225.996
226.344, 364.5
Particle 1 new velocities: 96.6955, 44.2959
125.862, 160.399
85.2712, 65.1127
Particle 2 new velocities: 69.2088, 39.9991
145.592, 136.652
171.535, 49.8005
Particle 3 new velocities: 63.379, 33.0505
61.352, 126.59
116.992, 48.8661
Particle 4 new velocities: 73.0384, 34.9544
123.849, 137.027
167.7, 314.842
Particle 5 new velocities: 58.5625, 33.0481
72.6191, 95.6684
93.9127, 48.1991
Particle 6 new velocities: 64.1931, 38.6601
74.4192, 104.924
110.75, 3.49402
Particle 7 new velocities: 85.8089, 43.4962
91.9206, 103.927
116.619, 337.697
Particle 8 new velocities: 86.5219, 35.3876
96.7039, 116.936
139.756, 66.8616
Particle 9 new velocities: 121.389, 60.1691
105.101, 154.437
184.518, 105.178
Particle 10 new velocities: 56.4079, 31.6147
60.8502, 86.2626
98.7422, 13.1888
Particle 11 new velocities: 135.116, 48.7461
179.283, 182.604
181.637, 120.678
Particle 12 new velocities: 36.0776, 25.1897
-21.2768, 97.178
91.6728, 213.219
Particle 13 new velocities: 81.2014, 45.4475
88.7558, 137.822
143.768, 234.616
Particle 14 new velocities: 46.2894, 15.6214
57.4829, 83.8749
94.5382, 139.42
Particle 15 new velocities: 144.953, 61.453
149.493, 27.901
183.931, 115.844
Particle 16 new velocities: 195.123, 132.358
173.193, 290.046
251.148, 202.851
Particle 17 new velocities: 70.0375, 47.1186
106.467, 115.047
104.784, 167.541
Particle 18 new velocities: 49.5323, 31.3579
86.1613, 103.33
85.5301, 19.8932
Particle 19 new velocities: 70.3585, 30.0288
63.8499, 134.403
118.97, 266.512
Particle 20 new velocities: 53.7842, 39.6187
79.7546, 119.113
117.626, 431.735
Simulation of the best surrogate solution results: 0.519444
Final Evaluation Time: 26.0308 seconds
Final global best fitness: 0.569655
Final global best relays:
130.861, 78.0449
163.914, 225.996
226.344, 364.5
